{"features":[{"geometry":{"coordinates":[[[135.3267736551218,35.43526697724542],[135.3268402900506,35.43539913170229],[135.32686513198988,35.4354844513709],[135.3268772232644,35.43556672537058],[135.3269031125168,35.43564664253987],[135.32694122409828,35.435712376889676],[135.32702497752024,35.43585219832096],[135.32712312342335,35.43600958682795],[135.32714312193067,35.4360416885354],[135.32710911804344,35.436064664709704],[135.3271019188311,35.43606949208381],[135.3270379293156,35.436082566133166],[135.32698712367306,35.43608634821451],[135.32693144083356,35.43608062949911],[135.32688747737257,35.43605631736033],[135.32685004560602,35.43602798537471],[135.3267995416872,35.43599552424811],[135.32672470005954,35.43593624630779],[135.3266642391765,35.43590913793089],[135.32662343580884,35.435902149968555],[135.32658406174102,35.435908690784004],[135.32653963256604,35.435927101712494],[135.32645808309823,35.435985597603114],[135.3264087066087,35.43601614962246],[135.32636761439008,35.436030612995786],[135.32631674200377,35.43604240776164],[135.32626765602384,35.43603807762953],[135.3262397355499,35.43604603432369],[135.32622315887122,35.43606595263454],[135.32621393413834,35.436077258645604],[135.32626661079152,35.436122558889956],[135.3264804970405,35.4363372999911],[135.32674837718477,35.43653457543725],[135.32680490233966,35.43657939212847],[135.3268009552892,35.436673817546186],[135.32681271950113,35.4368774255355],[135.32681491410216,35.436915458311574],[135.32649902716113,35.437397381382844],[135.3263395336402,35.43772540236691],[135.32622057729964,35.438198756957824],[135.32569541503014,35.44079741853321],[135.32541396508836,35.44203925108627],[135.32541149061308,35.44205451141978],[135.32598754805542,35.44203229157928],[135.32808020339684,35.44197531536986],[135.32808064605703,35.441707326401094],[135.3280822657456,35.440733043905155],[135.32808388903342,35.439762276684974],[135.3283591424288,35.43976191527917],[135.32835882062807,35.43948240222137],[135.32836110521916,35.43858275794988],[135.32835277323312,35.438033054364155],[135.32834930073895,35.43773504525016],[135.32827571684672,35.43773734487628],[135.3282072915368,35.437739483247285],[135.32819407158354,35.43696954331499],[135.32802512917468,35.43696798123778],[135.3280123789127,35.43643465816886],[135.3280355917003,35.43586656134465],[135.3279667830338,35.43482889329466],[135.32783555626406,35.434862115015704],[135.32763060034858,35.434918548180285],[135.32742739807753,35.43497908054834],[135.32722607182538,35.43504367566617],[135.3270267428377,35.43511229463334],[135.32682953115807,35.43518489612616],[135.32674724403253,35.43521719910108],[135.3267736551218,35.43526697724542]]],"type":"Polygon"},"id":"urf_021d2102-a2f2-439e-895f-fa627bf71528","properties":{"building_coverage_rate":60.0,"floor_area_rate":200.0,"geometry_semantics":"source_geometry_clipped_to_public_area_for_display","name":null,"object_id":"urf_021d2102-a2f2-439e-895f-fa627bf71528","object_type":"planning","planning_label":"第1種住居地域","planning_type":"UseDistrict"},"type":"Feature"},{"geometry":{"coordinates":[[[135.32632808885097,35.439683239060244],[135.3263274222162,35.43966410068835],[135.32627113821493,35.43966044518557],[135.32627106596792,35.4396966129527],[135.3260957634827,35.43967816121724],[135.3260906729792,35.43970309672827],[135.32611976009557,35.439741658182065],[135.32628753341098,35.43973880864854],[135.32632253209187,35.43970240760733],[135.32632728609119,35.43970027080339],[135.32632808885097,35.439683239060244]]],"type":"Polygon"},"id":"urf_0ac986e3-77a5-42dd-b6ea-a99fc8a6516c","properties":{"building_coverage_rate":null,"floor_area_rate":null,"geometry_semantics":"source_geometry_clipped_to_public_area_for_display","name":"折原ポンプ場","object_id":"urf_0ac986e3-77a5-42dd-b6ea-a99fc8a6516c","object_type":"planning","planning_label":"汚物処理場","planning_type":"TreatmentFacility"},"type":"Feature"},{"geometry":{"coordinates":[[[135.3282699625399,35.43700881537271],[135.3286354116006,35.437048255562125],[135.32860402686552,35.436835353486465],[135.32825690756098,35.43690977034556],[135.3282699625399,35.43700881537271]]],"type":"Polygon"},"id":"urf_0c131e5a-005a-4a89-969b-3ddd2b120d75","properties":{"building_coverage_rate":null,"floor_area_rate":null,"geometry_semantics":"source_geometry_clipped_to_public_area_for_display","name":"西舞鶴駅真倉線","object_id":"urf_0c131e5a-005a-4a89-969b-3ddd2b120d75","object_type":"planning","planning_label":"道路","planning_type":"TrafficFacility"},"type":"Feature"},{"geometry":{"coordinates":[[[135.32830935074566,35.437040402799134],[135.32831123087155,35.43709251348089],[135.32834930223618,35.43773486498235],[135.3283527732331,35.4380330543656],[135.32836110521913,35.43858275795134],[135.32835934106373,35.4396584370955],[135.32835907256253,35.43984989031493],[135.32835575959604,35.441883717285684],[135.3283556809793,35.44189318141416],[135.32835541296748,35.44205804364393],[135.3283547815443,35.4424655482559],[135.32861698020758,35.44242013446849],[135.328597116223,35.4424113706886],[135.3285978005452,35.442023877155464],[135.32859809297338,35.44185468839854],[135.3286012150843,35.43995056096902],[135.32860147184022,35.439773719175975],[135.32860342805319,35.43858166293078],[135.328595103325,35.43803088674154],[135.32859155130689,35.43772908234444],[135.32855531457352,35.43711757759219],[135.3286354116006,35.437048255562125],[135.3282699625399,35.43700881537271],[135.32830935074566,35.437040402799134]]],"type":"Polygon"},"id":"urf_104a9df3-3867-4f9f-bdf9-fd821f03ccb2","properties":{"building_coverage_rate":null,"floor_area_rate":null,"geometry_semantics":"source_geometry_clipped_to_public_area_for_display","name":"西舞鶴駅真倉線","object_id":"urf_104a9df3-3867-4f9f-bdf9-fd821f03ccb2","object_type":"planning","planning_label":"道路","planning_type":"TrafficFacility"},"type":"Feature"},{"geometry":{"coordinates":[[[135.3297976164505,35.444807284344606],[135.32977429321286,35.444470306582886],[135.3297668294906,35.44430766395817],[135.32976143663203,35.444067955224526],[135.32972362873903,35.442646834775026],[135.32972325138027,35.44262592049706],[135.32972221692748,35.442583396823196],[135.3296004238408,35.44258756054279],[135.32964025543447,35.44406989644558],[135.32964575135284,35.44431041700312],[135.32965330920794,35.44447496208302],[135.32967672273188,35.444814274958354],[135.3296931875568,35.44497270399044],[135.3296967174003,35.445006642775695],[135.3298139390376,35.4449642973947],[135.3297976164505,35.444807284344606]]],"type":"Polygon"},"id":"urf_16f1a6de-f1b0-40d4-97fb-866311e95b92","properties":{"building_coverage_rate":null,"floor_area_rate":null,"geometry_semantics":"source_geometry_clipped_to_public_area_for_display","name":"三の丸通線","object_id":"urf_16f1a6de-f1b0-40d4-97fb-866311e95b92","object_type":"planning","planning_label":"道路","planning_type":"TrafficFacility"},"type":"Feature"},{"geometry":{"coordinates":[[[135.33210854119196,35.44646637120957],[135.33218074978964,35.446545473446655],[135.33219321296417,35.44655462476099],[135.33243118237843,35.44639567430702],[135.33286294631927,35.44634463870093],[135.3331381575174,35.4463289877457],[135.33314436327456,35.44557667086742],[135.33317173426298,35.445089520616804],[135.33315463362507,35.444946610877544],[135.3331715660108,35.4448815449192],[135.3332176615068,35.44467484111989],[135.3332353303796,35.444522513942],[135.33324552224687,35.44430182030461],[135.33324789987222,35.444026820208926],[135.33324731511948,35.44373311781304],[135.33324751922984,35.44367903618171],[135.333249236724,35.443359882071235],[135.33324878758302,35.44278390226653],[135.33324941258792,35.44274812093957],[135.33325432542742,35.44251306603056],[135.33325547651998,35.44245358127191],[135.33326282731377,35.442056380393545],[135.3332641681393,35.44196057021826],[135.3332681547188,35.44178836353232],[135.33327584366396,35.44140095357302],[135.33328813510255,35.440657025368495],[135.33329087531922,35.440631892013755],[135.3333176545535,35.439467987596615],[135.3333187040309,35.43942085052989],[135.33332093797625,35.43933366917699],[135.3333259687911,35.43913733703608],[135.33333201994466,35.438901183568376],[135.33333350098275,35.43868143332365],[135.33333301712472,35.438646637654145],[135.33333839219617,35.43838211016245],[135.33333987782726,35.438308745267044],[135.33334601280004,35.43800546149095],[135.33294839753785,35.43805933195696],[135.33292365900215,35.438067397987425],[135.33211236659085,35.438172431967125],[135.33198151709317,35.43818585980246],[135.33082665145207,35.43833540408039],[135.3308055236861,35.43833303437608],[135.33007713793546,35.43842796713386],[135.32968767412441,35.438481060582006],[135.32959086664988,35.43849341281315],[135.329294200233,35.43852637849342],[135.32909860138017,35.438551162097],[135.32905294642003,35.438557938508865],[135.3286166612233,35.438609605652886],[135.32853740850797,35.43862187423934],[135.32852013515438,35.44122723812636],[135.32851352849408,35.44222289826352],[135.3285132011735,35.44227231061478],[135.32851255912152,35.44236889780404],[135.32851432903877,35.44246894307164],[135.3285162575444,35.44257383328993],[135.32851649127878,35.44258680569806],[135.3285208830377,35.442834971848626],[135.32852156355105,35.44287345855251],[135.32852583061953,35.44299920054325],[135.32859331883614,35.44498783262098],[135.3285972356029,35.44510325174041],[135.3286725496046,35.44645691424792],[135.32991127495023,35.44637793899852],[135.32995887313828,35.44665651441665],[135.3313794563779,35.446534360841696],[135.33184005675753,35.44650900666946],[135.33210854119196,35.44646637120957]]],"type":"Polygon"},"id":"urf_1cc165f5-d703-4c2d-89ca-1cc661a059a9","properties":{"building_coverage_rate":null,"floor_area_rate":null,"geometry_semantics":"source_geometry_clipped_to_public_area_for_display","name":"西地区","object_id":"urf_1cc165f5-d703-4c2d-89ca-1cc661a059a9","object_type":"planning","planning_label":"都市計画区域","planning_type":"UrbanFunctionAttractionArea"},"type":"Feature"},{"geometry":{"coordinates":[[[135.33397792350348,35.44780818570872],[135.33381073239082,35.44818481803898],[135.33335182308454,35.448198239331624],[135.33332161895385,35.4481474146122],[135.33327593703444,35.44815680717076],[135.333202592282,35.44816118845154],[135.33313356626024,35.448615922494135],[135.33325009472372,35.44858642156519],[135.33345508168003,35.44852997932478],[135.33365831383063,35.44846943727057],[135.3338596687291,35.448404831879564],[135.3340590250609,35.448336202076945],[135.33425626271648,35.44826358921252],[135.33445126286378,35.44818703703586],[135.33464390801987,35.448106591669855],[135.33474739263048,35.448060724669915],[135.33397792350348,35.44780818570872]]],"type":"Polygon"},"id":"urf_1fff5e18-affa-4fd1-93f0-b609213f37f8","properties":{"building_coverage_rate":null,"floor_area_rate":null,"geometry_semantics":"source_geometry_clipped_to_public_area_for_display","name":"伊佐津川運動公園","object_id":"urf_1fff5e18-affa-4fd1-93f0-b609213f37f8","object_type":"planning","planning_label":"公園","planning_type":"OpenSpaceForPublicUse"},"type":"Feature"},{"geometry":{"coordinates":[[[135.3220401390752,35.44015184562759],[135.32209452118582,35.44028672807483],[135.3221083326758,35.44032096819264],[135.32209768558664,35.440355972369254],[135.32206790115575,35.44045333521273],[135.32206430525616,35.44048810856167],[135.32206744093392,35.44050822709966],[135.32208684408732,35.44053240308117],[135.32214227201683,35.44056885089494],[135.32221911411852,35.44058667906293],[135.32232561960694,35.44058727691307],[135.3224331090729,35.44056246107643],[135.32252321510782,35.440548454385606],[135.32260482889717,35.44054891231311],[135.32269746331028,35.44057494126362],[135.32278041669846,35.44061272401226],[135.3228191030747,35.44062284724652],[135.32291222505535,35.4406301299163],[135.3229582040309,35.44063750871695],[135.32300902839,35.440658165059425],[135.3230436960816,35.44068783480157],[135.32308891463123,35.44072026784959],[135.32314458977837,35.440740410499146],[135.32323457367733,35.440767325566824],[135.32330759600416,35.44078098525186],[135.32338901627804,35.44080459820001],[135.3235003118197,35.44085146301649],[135.32356452307835,35.44087823342772],[135.32362441100034,35.44090831471717],[135.3236671441716,35.44093505488731],[135.32371051423823,35.44099100355108],[135.32375824282298,35.4410921270894],[135.32378990887307,35.441177846079995],[135.32379269356198,35.44121364674217],[135.32377272269454,35.441230931658055],[135.32374237209714,35.441238153036],[135.32369053864417,35.44123272478954],[135.323606521402,35.4412298203824],[135.3235480025886,35.441233548768764],[135.32352161792878,35.44128018292416],[135.3234957842076,35.44141894191186],[135.32348364029326,35.44152758113643],[135.32348114721938,35.44160175131464],[135.32348893584384,35.44169770252964],[135.32351552312252,35.4417190250834],[135.32360674386612,35.4417299021184],[135.32369699220794,35.44173852017016],[135.32376534875104,35.441743860685385],[135.32378207605336,35.44175882725937],[135.32379741575343,35.441847519512386],[135.3238052394474,35.441939324521805],[135.3238106466408,35.44200398424892],[135.3238277928787,35.44203471841994],[135.32384839944044,35.442059982521215],[135.32386076268705,35.44208312726454],[135.32388562792855,35.442259036961076],[135.32389895255065,35.44231211312848],[135.32392358925685,35.442342808106226],[135.32395705536584,35.4423582289424],[135.32398553104397,35.44236451781916],[135.32401911623936,35.44236569739216],[135.32405899257483,35.44237853105485],[135.32410158952666,35.44242167554852],[135.3241789361849,35.44243211392784],[135.32420386413682,35.44245433744216],[135.32423841114672,35.44251176887958],[135.32425966826756,35.442538298493],[135.32435881354823,35.44255003056541],[135.32441185663612,35.442568986100675],[135.3244479828211,35.44262200050521],[135.3244387289283,35.442701270769746],[135.32440392219522,35.44275398741135],[135.32435600797191,35.442833041325024],[135.32430803791186,35.44291876516811],[135.32429631640713,35.44301650003621],[135.32429749936043,35.44301993192674],[135.32431009839672,35.443054435415306],[135.32432115242054,35.44308929081044],[135.32432372882613,35.443097327571834],[135.3244000276359,35.44322006372829],[135.3244166851085,35.443282983599005],[135.32440748608025,35.44335567403559],[135.3245843326046,35.443348821443635],[135.32480312494937,35.443331287389725],[135.3249707629561,35.44331915468827],[135.32546167106634,35.443276080942205],[135.32542664351564,35.44300150307505],[135.32535235112942,35.4424190173514],[135.3254139640328,35.442039255743666],[135.32547387552293,35.44177490718671],[135.32569541447066,35.44079742100189],[135.32622057729964,35.438198756957824],[135.32633953091258,35.437725407976686],[135.32648326026975,35.43742980648928],[135.326499026611,35.43739738251414],[135.32681491410213,35.436915458311546],[135.3268009552892,35.4366738175462],[135.32680490233966,35.436579392128486],[135.3267483771848,35.436534575437285],[135.3264804970405,35.436337299991116],[135.32626661079152,35.43612255888998],[135.3262204735962,35.436082883743374],[135.32621393424336,35.43607725873594],[135.3261851025136,35.4361126124359],[135.32614390956806,35.436139153768586],[135.32610133094272,35.436146938484065],[135.3259366908315,35.436144766534575],[135.32586308922927,35.43613498118381],[135.3258305694933,35.436111994498134],[135.32580774157367,35.43608906192063],[135.32579333870768,35.43605959625158],[135.32578810425167,35.4359872757109],[135.3258034092257,35.435921740129125],[135.32581199311724,35.435882938238564],[135.3258072828062,35.43585343655143],[135.32578293488456,35.435827881456355],[135.32574542546195,35.43580892313103],[135.3256873643102,35.43579787237303],[135.32559565596327,35.43579340307979],[135.32552189911868,35.435802275385896],[135.32550918631568,35.4358058656057],[135.32534201293825,35.43590334147018],[135.32516902556188,35.43600953971833],[135.32499927434222,35.43611918014526],[135.32483286152248,35.43623219672126],[135.32466988733663,35.43634852138312],[135.32451044994906,35.436468084075095],[135.32435464539535,35.43659081279107],[135.3242025675245,35.43671663361789],[135.32405430794253,35.43684547077985],[135.32390995595696,35.43697724668434],[135.32376959852346,35.43711188196849],[135.323633320193,35.437249295547],[135.32350120306137,35.437389404660884],[135.3233733267193,35.437532124927394],[135.3232497682047,35.43767737039068],[135.32314971291075,35.4378013693404],[135.32314872953543,35.43780754481221],[135.32314303334647,35.4378432979638],[135.32310619043471,35.437863102221804],[135.3230982646271,35.43786735129042],[135.32301589976862,35.4379750855305],[135.32300594655865,35.43798884421822],[135.32298840988616,35.43810590661444],[135.3229637122364,35.43830632683108],[135.32295104230917,35.43845146028233],[135.32293764662106,35.438578030092586],[135.32291970223613,35.43865589947263],[135.32289296265665,35.43873182661167],[135.3228591298583,35.43877355138224],[135.32277438608145,35.4388445560959],[135.3226762460184,35.438923778361044],[135.3226368759307,35.43896907755255],[135.32258547899184,35.43905766598176],[135.32256790113578,35.439091729935676],[135.322534813535,35.43911020300058],[135.32248832682689,35.43912409393237],[135.3224374616379,35.43914787553473],[135.32241127643655,35.43917071395933],[135.32239225171512,35.43919341228715],[135.32236733074,35.43922310834012],[135.32232538453573,35.439234050113754],[135.32229182771542,35.4392427854952],[135.32226705885796,35.43924800498765],[135.3222666984662,35.43924878208101],[135.32219494717478,35.43941573527147],[135.32212822375897,35.439584079179895],[135.32206656843837,35.43975371241081],[135.3220100183808,35.43992453279152],[135.32197717384713,35.440034356861446],[135.3220401390752,35.44015184562759]]],"type":"Polygon"},"id":"urf_277427cb-044e-46eb-807b-a3f118943e26","properties":{"building_coverage_rate":60.0,"floor_area_rate":200.0,"geometry_semantics":"source_geometry_clipped_to_public_area_for_display","name":null,"object_id":"urf_277427cb-044e-46eb-807b-a3f118943e26","object_type":"planning","planning_label":"第1種中高層住居専用地域","planning_type":"UseDistrict"},"type":"Feature"},{"geometry":{"coordinates":[[[135.33309648479965,35.44153335218716],[135.33145763803225,35.44151547033372],[135.33145778024655,35.44172756118814],[135.33149736172405,35.441696231796456],[135.3321766869027,35.44170358783592],[135.33240305372792,35.44171511555759],[135.333092181117,35.44172261078612],[135.3332151347319,35.44182586779344],[135.3332227708566,35.44143282386621],[135.33309648479965,35.44153335218716]]],"type":"Polygon"},"id":"urf_2812b9e5-0718-4a35-9d9d-24986d37021e","properties":{"building_coverage_rate":null,"floor_area_rate":null,"geometry_semantics":"source_geometry_clipped_to_public_area_for_display","name":"西舞鶴駅東口線","object_id":"urf_2812b9e5-0718-4a35-9d9d-24986d37021e","object_type":"planning","planning_label":"道路","planning_type":"TrafficFacility"},"type":"Feature"},{"geometry":{"coordinates":[[[135.32872104834672,35.44523919691934],[135.32895131599696,35.445231769642525],[135.32963180580367,35.445209815506274],[135.32964073066591,35.44520950450804],[135.32973081082216,35.44526553008116],[135.3296967174003,35.445006642775695],[135.32962146943265,35.445074820504395],[135.3289448035147,35.44509671471884],[135.32871258590907,35.4451042212819],[135.3286605844675,35.44506562319036],[135.32867138681715,35.44527695930073],[135.32872104834672,35.44523919691934]]],"type":"Polygon"},"id":"urf_2d75308e-cab8-4a7c-8e78-912d67766520","properties":{"building_coverage_rate":null,"floor_area_rate":null,"geometry_semantics":"source_geometry_clipped_to_public_area_for_display","name":"小倉西舞鶴線","object_id":"urf_2d75308e-cab8-4a7c-8e78-912d67766520","object_type":"planning","planning_label":"道路","planning_type":"TrafficFacility"},"type":"Feature"},{"geometry":{"coordinates":[[[135.32837858613522,35.44511994072868],[135.32631812545384,35.44519656222842],[135.32615394859758,35.4452026768052],[135.32574306720684,35.44521778855306],[135.3255486823128,35.445227068724115],[135.32555114523254,35.44526325512572],[135.3253650156806,35.44527192310608],[135.3242595684768,35.445324375969854],[135.3242282732156,35.44528629749953],[135.3241213899292,35.44546980736165],[135.32420005879882,35.44542652149461],[135.32538236927908,35.44537036134809],[135.32559802111498,35.44536020872299],[135.32575152318833,35.445352944610356],[135.3261641697908,35.445337581288065],[135.32633506819568,35.44533122477552],[135.32836203342862,35.44525613831859],[135.32843017249687,35.44530131629063],[135.32841842445842,35.44508455756796],[135.32837858613522,35.44511994072868]]],"type":"Polygon"},"id":"urf_3320d1aa-70ad-4cdf-87fb-9d08825b3f28","properties":{"building_coverage_rate":null,"floor_area_rate":null,"geometry_semantics":"source_geometry_clipped_to_public_area_for_display","name":"愛宕通線","object_id":"urf_3320d1aa-70ad-4cdf-87fb-9d08825b3f28","object_type":"planning","planning_label":"道路","planning_type":"TrafficFacility"},"type":"Feature"},{"geometry":{"coordinates":[[[135.33048407585724,35.441420166366655],[135.33047194993267,35.441356973311485],[135.33034266470892,35.440683460687396],[135.3296392639566,35.44067955723694],[135.32965766405596,35.44147202401191],[135.33048407585724,35.441420166366655]]],"type":"Polygon"},"id":"urf_346c5011-ea7d-4a05-a6a9-be73204189bb","properties":{"building_coverage_rate":null,"floor_area_rate":null,"geometry_semantics":"source_geometry_clipped_to_public_area_for_display","name":null,"object_id":"urf_346c5011-ea7d-4a05-a6a9-be73204189bb","object_type":"planning","planning_label":"準防火地域","planning_type":"FirePreventionDistrict"},"type":"Feature"},{"geometry":{"coordinates":[[[135.33700748342682,35.44471569776469],[135.33649288530574,35.44470161240282],[135.33649947555065,35.44500320773537],[135.3364778414868,35.44504887930997],[135.33645127496735,35.44513184120229],[135.33644829858508,35.44541395002746],[135.33774576143188,35.44545775164595],[135.33776850682995,35.44585034523635],[135.33783616576923,35.44577079435361],[135.33795531734208,35.44562309668315],[135.33807000312132,35.445473050537245],[135.33818015403946,35.445320746310884],[135.33828570376198,35.44516627575896],[135.3383865887276,35.44500973194098],[135.33848274818627,35.44485120916485],[135.3385341340201,35.44476100390811],[135.33700748342682,35.44471569776469]]],"type":"Polygon"},"id":"urf_35228b0f-e746-43cc-97d0-506d7d0ec21e","properties":{"building_coverage_rate":60.0,"floor_area_rate":200.0,"geometry_semantics":"source_geometry_clipped_to_public_area_for_display","name":null,"object_id":"urf_35228b0f-e746-43cc-97d0-506d7d0ec21e","object_type":"planning","planning_label":"準住居地域","planning_type":"UseDistrict"},"type":"Feature"},{"geometry":{"coordinates":[[[135.330507004179,35.44808686847593],[135.3302700316411,35.44638701732518],[135.3301403970444,35.445435930018974],[135.3299271775001,35.445442381533304],[135.32964172525254,35.445434946866406],[135.32895949203348,35.44545703557899],[135.32902664834694,35.44644485989546],[135.32883034982257,35.446453458659676],[135.32861397401453,35.446462936977774],[135.32864762763637,35.44692165945596],[135.3286649290939,35.44706668960054],[135.32874655120725,35.4481825911003],[135.32892882703644,35.44816652318278],[135.32915740201716,35.44814637660518],[135.32923278723464,35.44885477641968],[135.3294046371206,35.44887484823485],[135.32961943423643,35.44889554858261],[135.3298347875902,35.44891192886141],[135.33005056742675,35.44892397920146],[135.33026664373406,35.44893169234176],[135.33048288632105,35.44893506363463],[135.33050427155104,35.44893496748435],[135.330507004179,35.44808686847593]]],"type":"Polygon"},"id":"urf_4134a845-bd89-462c-8afb-7f1820992082","properties":{"building_coverage_rate":60.0,"floor_area_rate":200.0,"geometry_semantics":"source_geometry_clipped_to_public_area_for_display","name":null,"object_id":"urf_4134a845-bd89-462c-8afb-7f1820992082","object_type":"planning","planning_label":"第1種住居地域","planning_type":"UseDistrict"},"type":"Feature"},{"geometry":{"coordinates":[[[135.33545525122366,35.43580137011478],[135.3354661692238,35.435893461975404],[135.33548135854628,35.43604344648465],[135.3355390564861,35.4361793238361],[135.3356300762171,35.43638840599324],[135.33577656655527,35.43679148359281],[135.3358949807715,35.43708624898136],[135.3359686474172,35.4373029873547],[135.33601015070533,35.43747978856547],[135.33604041108032,35.43767240138076],[135.33605917612175,35.43778814367537],[135.33609492490177,35.438008549407485],[135.33615217053296,35.438321907291666],[135.3361566375007,35.43839494429742],[135.33627410995052,35.43837413708469],[135.3364944323063,35.43834270877171],[135.33656363116242,35.438325692232304],[135.33676628543932,35.43825947190347],[135.33694364774593,35.438188244843396],[135.33706061545928,35.438121463286656],[135.3370874960872,35.438100581487035],[135.33717523231172,35.43803240441767],[135.3372329009062,35.43797079560942],[135.33736493145187,35.437757990394445],[135.33744053245087,35.437658531444875],[135.33755323505721,35.43754755796148],[135.33765808721947,35.43747127085229],[135.33765513325253,35.43746787854175],[135.33752534739295,35.4373263170903],[135.33739135607118,35.43718740480204],[135.3372532400071,35.43705122533891],[135.33711108240354,35.436917860716584],[135.33696496889613,35.436787391255045],[135.3368149875016,35.43665989553024],[135.33666122856502,35.43653545032681],[135.33650378470503,35.4364141305918],[135.33634275075826,35.43629600938962],[135.33617822372227,35.436181157858066],[135.33601030269693,35.43606964516544],[135.33583908882483,35.43596153846899],[135.33566468523048,35.43585690287446],[135.33548719695798,35.435755801396866],[135.3354447727419,35.435732879481264],[135.33545525122366,35.43580137011478]]],"type":"Polygon"},"id":"urf_46862bdb-a4e2-4c7c-8adc-49f923b8a544","properties":{"building_coverage_rate":60.0,"floor_area_rate":200.0,"geometry_semantics":"source_geometry_clipped_to_public_area_for_display","name":null,"object_id":"urf_46862bdb-a4e2-4c7c-8adc-49f923b8a544","object_type":"planning","planning_label":"第1種住居地域","planning_type":"UseDistrict"},"type":"Feature"},{"geometry":{"coordinates":[[[135.32964172525254,35.445434946866406],[135.3299271775001,35.445442381533304],[135.3301403970444,35.445435930018974],[135.33098357881002,35.445410454057715],[135.3311711092058,35.44540419187611],[135.3312470130794,35.4454030799971],[135.3330376249363,35.445351844386416],[135.33333499283745,35.44531688149361],[135.3355826916852,35.445324107424355],[135.33558364340183,35.44526191694809],[135.33558615275655,35.445104016738824],[135.3355653463395,35.44496716179465],[135.33556225552456,35.44479372689743],[135.33553550576397,35.44473805422307],[135.33360868450183,35.44473187796563],[135.33335512318192,35.444731109088195],[135.3332238565851,35.44472037879225],[135.33305131123655,35.444706274483],[135.3311453633175,35.444760197578866],[135.33095353715456,35.444766625214754],[135.33007619715738,35.444792957076196],[135.32985868691944,35.44480297219025],[135.32963461525623,35.44484974509101],[135.3296105919465,35.44484966577934],[135.3289454198164,35.44487118215128],[135.32895250954763,35.44516627249853],[135.32895949203348,35.44545703557899],[135.32964172525254,35.445434946866406]]],"type":"Polygon"},"id":"urf_49e03896-9856-436c-bc69-b21813709413","properties":{"building_coverage_rate":60.0,"floor_area_rate":200.0,"geometry_semantics":"source_geometry_clipped_to_public_area_for_display","name":null,"object_id":"urf_49e03896-9856-436c-bc69-b21813709413","object_type":"planning","planning_label":"準住居地域","planning_type":"UseDistrict"},"type":"Feature"},{"geometry":{"coordinates":[[[135.32887678457632,35.44810740941282],[135.3288281836056,35.447651055750015],[135.32881642604798,35.44748702819492],[135.3287938386326,35.44712951190279],[135.3287789251863,35.44692238051007],[135.32877212707177,35.44679787024955],[135.32875394861156,35.446499752758335],[135.32874845079832,35.446409682685406],[135.32867138681712,35.44527695930075],[135.3286605844675,35.44506562319036],[135.32862779865323,35.44281652553615],[135.32871158479023,35.44272676257753],[135.3295249309217,35.442512867020184],[135.3296004238408,35.44258756054279],[135.32972221692748,35.442583396823196],[135.3297191437885,35.44245706786834],[135.3297022513182,35.44193440383431],[135.32952009155557,35.44194483097378],[135.32948357159248,35.44216074477015],[135.3294768045797,35.44217981659768],[135.3294687906039,35.442189867626894],[135.32930529503804,35.44223411899107],[135.32922911275259,35.44225586988642],[135.32861698020758,35.44242013446849],[135.3283547815443,35.4424655482559],[135.3282418362649,35.442590122551834],[135.328329775722,35.44266470583678],[135.32821572991614,35.44313512717932],[135.3283906811397,35.44317070477612],[135.32841842445842,35.44508455756796],[135.32843017249687,35.44530131629063],[135.3285034204812,35.44637850218302],[135.32851211645908,35.44651450668542],[135.3285300397512,35.44680743080197],[135.32853626711383,35.44692104013678],[135.32855184923932,35.447140425117176],[135.32857445198124,35.44749596749712],[135.32857614644877,35.44753068029767],[135.3285968172717,35.44776208199149],[135.3286349820095,35.44812067643306],[135.32870476057295,35.44877620102186],[135.3287648752505,35.4487869644735],[135.32895230165144,35.448816598584145],[135.32887678457632,35.44810740941282]]],"type":"Polygon"},"id":"urf_507a1834-5be3-441e-b50b-5ddafbdebd46","properties":{"building_coverage_rate":null,"floor_area_rate":null,"geometry_semantics":"source_geometry_clipped_to_public_area_for_display","name":"第一埠頭西舞鶴駅線","object_id":"urf_507a1834-5be3-441e-b50b-5ddafbdebd46","object_type":"planning","planning_label":"道路","planning_type":"TrafficFacility"},"type":"Feature"},{"geometry":{"coordinates":[[[135.33660932781376,35.43649706144315],[135.33659392206673,35.43649175054779],[135.33657248669581,35.4364843612696],[135.33655179377743,35.43647722755467],[135.33652311188416,35.43646734036305],[135.33650732504557,35.43646189756262],[135.3364921620296,35.43645667091582],[135.33647519042933,35.43645212659464],[135.33645132490346,35.436445737101046],[135.33642931886087,35.43643984547324],[135.33640388948976,35.436433037243894],[135.33638006903453,35.436426659702],[135.33636753733498,35.43642330436217],[135.33629096884147,35.436396385376575],[135.3362141291789,35.436383723916634],[135.33616652944738,35.436378035865815],[135.3361226115948,35.436374640440825],[135.33609374549323,35.43634091671836],[135.33603633487337,35.43634645915289],[135.33596002031476,35.43635382656752],[135.33592338747715,35.43635736225022],[135.33588005172194,35.436361546108955],[135.3358046861955,35.436368821295254],[135.3357086916628,35.43637808768259],[135.33558600562225,35.4363899302139],[135.3355557945777,35.436392846714256],[135.33551674235682,35.436397805772636],[135.3355367771818,35.43649293048582],[135.33555567594064,35.43654750629316],[135.33550848845675,35.43654981556684],[135.3354128236244,35.43655485061172],[135.33530931161874,35.43656051842304],[135.33521543818452,35.436566022881195],[135.3350703498168,35.43657284970524],[135.33486535738015,35.43658356487082],[135.33486644077624,35.4365924495147],[135.33462862085526,35.43660385778191],[135.33462656832904,35.43658559335625],[135.33462033794459,35.4365664225467],[135.33461069842556,35.436549297128906],[135.3346032604238,35.436540359435526],[135.3345975638535,35.436535289280926],[135.33458047481446,35.436522674817894],[135.3345710084089,35.43651663742823],[135.33456221512498,35.43651178456634],[135.33454647511596,35.43650521683552],[135.33453910272112,35.43650303089881],[135.33452367379778,35.43650015155812],[135.33449800088982,35.43649873008571],[135.33448109448864,35.436500061093675],[135.33447472239098,35.43650079215111],[135.3344649430084,35.43650334325935],[135.33443834213097,35.43651296768088],[135.33426335662296,35.43658331181833],[135.33406378810938,35.436585375158224],[135.3338534431991,35.43659202086375],[135.3336630130774,35.43660115577339],[135.33365701169845,35.43664244229401],[135.3333593099575,35.43665766395665],[135.33324409406998,35.4366634042425],[135.3333045661188,35.43690801072904],[135.33337134850728,35.436817970219515],[135.33347844255354,35.43680002891026],[135.33366649149175,35.43679121466737],[135.33366663547326,35.43680849507562],[135.3339248230937,35.436794163390466],[135.33408212993925,35.43678023028357],[135.33427631764465,35.43676289477154],[135.3343913487974,35.43679358124463],[135.33443197132033,35.43680394579608],[135.3344657778209,35.436811433390325],[135.33450205614318,35.43681701464215],[135.33453595199032,35.43682033829513],[135.33455949505216,35.436820936772264],[135.33457852642533,35.43681836453498],[135.3345924744062,35.43681383530897],[135.33460314769727,35.43680839566036],[135.33461502108915,35.43680033057036],[135.3346243229506,35.43679156625297],[135.33462894072792,35.43678585887037],[135.33463326929714,35.4367791583667],[135.33463910916117,35.436766814486035],[135.33463999101846,35.436762709014715],[135.33464031533904,35.43675809569354],[135.33463668654935,35.4367011620352],[135.33533168247567,35.43666486911765],[135.33556253215633,35.436651933818204],[135.33558640944725,35.436650991358],[135.33559268072005,35.436764150415215],[135.33594401345024,35.436811382471944],[135.33598575750818,35.43679785866525],[135.33599741495246,35.4367865661817],[135.33602159367723,35.43679023168872],[135.33603197936498,35.43679257742635],[135.33605416453614,35.43679758675096],[135.3360668435109,35.43680044897235],[135.3360897617858,35.436807389490106],[135.33612049919475,35.436819797551905],[135.33613958647598,35.43682704600274],[135.3361710721514,35.43683900296467],[135.33619616703683,35.43685195507063],[135.33623261884713,35.436870769139226],[135.3362514973269,35.43688051327054],[135.33628448672786,35.43689928124797],[135.33631769324163,35.436918437105426],[135.33633439945194,35.43692795204874],[135.33634826422073,35.43693529795489],[135.33637147670916,35.43694759788934],[135.33638669606097,35.43695523066668],[135.33639849711486,35.436961062609974],[135.33642419442145,35.43697376108394],[135.3364406882706,35.4369819110448],[135.33645567599717,35.4369893171934],[135.3364828223997,35.43700273210988],[135.33652052703852,35.437021363684984],[135.3365831386733,35.43705156711742],[135.336610223007,35.43706463192563],[135.3368254400742,35.43712612971364],[135.33690220346838,35.43718133477595],[135.33706479460088,35.43700210788053],[135.3371103738075,35.43691722798975],[135.33696496889613,35.436787391255045],[135.3368149875016,35.43665989553024],[135.33666122856502,35.43653545032681],[135.33661300747957,35.43649829321044],[135.33660932781376,35.43649706144315]]],"type":"Polygon"},"id":"urf_508e3384-5613-4b6e-89e0-c9aa9b0c2392","properties":{"building_coverage_rate":null,"floor_area_rate":null,"geometry_semantics":"source_geometry_clipped_to_public_area_for_display","name":"伊佐津境谷線","object_id":"urf_508e3384-5613-4b6e-89e0-c9aa9b0c2392","object_type":"planning","planning_label":"道路","planning_type":"TrafficFacility"},"type":"Feature"},{"geometry":{"coordinates":[[[135.32887332130016,35.441921902721006],[135.3288738312709,35.44165079530677],[135.32887482872374,35.44103431501128],[135.32887535036144,35.44071269387121],[135.32887657404046,35.43995082994375],[135.32887683400944,35.439773528457025],[135.32887047003166,35.43802943408689],[135.3288668494131,35.43772250041393],[135.32883041957712,35.437107470232014],[135.32882171062624,35.436935896703936],[135.32878948026945,35.4369376194651],[135.32819407158354,35.43696954331499],[135.3282041907197,35.437558548441196],[135.32820705433792,35.43772560956886],[135.3282072915368,35.437739483247256],[135.32827571684672,35.43773734487628],[135.32834930073895,35.43773504525013],[135.32835277323312,35.43803305436414],[135.32836110521916,35.43858275794988],[135.32835882062807,35.43948240222136],[135.3283591424288,35.43976191527917],[135.32808388903342,35.439762276684974],[135.3280822657456,35.44073304390515],[135.32808064605706,35.44170732640113],[135.32808020339684,35.44197531536986],[135.32887332130016,35.441921902721006]]],"type":"Polygon"},"id":"urf_546f0eb4-bf53-4feb-975a-338d389f9a15","properties":{"building_coverage_rate":80.0,"floor_area_rate":300.0,"geometry_semantics":"source_geometry_clipped_to_public_area_for_display","name":null,"object_id":"urf_546f0eb4-bf53-4feb-975a-338d389f9a15","object_type":"planning","planning_label":"近隣商業地域","planning_type":"UseDistrict"},"type":"Feature"},{"geometry":{"coordinates":[[[135.32780385534235,35.43691519016271],[135.32760302015842,35.4369092043987],[135.32748113269858,35.436904649586985],[135.32736311947892,35.43689777262684],[135.3270777847212,35.436879876607975],[135.32668877941984,35.43685219867151],[135.32531402361428,35.436792361215204],[135.32531017567092,35.43693014387682],[135.32541328319195,35.436933487249746],[135.32541362194902,35.43692720646961],[135.32545164567475,35.43689776324657],[135.32668310797195,35.43695131970879],[135.32706793085575,35.436978703939296],[135.3273541462922,35.43699669502807],[135.32747414134192,35.437003673175255],[135.32759812152224,35.43700823964912],[135.3278024915477,35.4370143352408],[135.3282699625399,35.43700881537271],[135.32825690756098,35.43690977034556],[135.32780385534235,35.43691519016271]]],"type":"Polygon"},"id":"urf_58351e93-5222-4a22-819a-df39a7909dc3","properties":{"building_coverage_rate":null,"floor_area_rate":null,"geometry_semantics":"source_geometry_clipped_to_public_area_for_display","name":"引土伊佐津線","object_id":"urf_58351e93-5222-4a22-819a-df39a7909dc3","object_type":"planning","planning_label":"道路","planning_type":"TrafficFacility"},"type":"Feature"},{"geometry":{"coordinates":[[[135.33191478347604,35.4465085062127],[135.33203851356714,35.44651847513656],[135.33209232326857,35.44652517269023],[135.33204477586403,35.44648047126304],[135.33203034576002,35.44646714103822],[135.3319340496434,35.446321854501896],[135.33190972571737,35.446292785382866],[135.3318971534209,35.44616129361356],[135.33188504916723,35.44614644388471],[135.33178546428866,35.44614724481407],[135.3317727782229,35.446029543618536],[135.33176830702982,35.445997438513444],[135.33174093551102,35.44597727622076],[135.33174080337903,35.44593995807469],[135.33168365044162,35.4459113381588],[135.3316650387514,35.44588419352322],[135.33165706802598,35.44587567636179],[135.33158070821494,35.44587858874547],[135.33151080396564,35.44568693642161],[135.33152184940803,35.4456699613697],[135.33152677041684,35.44566097474886],[135.33148375899037,35.445586011615816],[135.33123962402263,35.44517778248129],[135.33116283844237,35.445178979610866],[135.33071672435415,35.445192290603615],[135.33071619381235,35.44525637626919],[135.33073862539956,35.445447414357226],[135.3302485944686,35.445469755419204],[135.3301174396177,35.445478681608314],[135.33013888654116,35.445749838599625],[135.33015259728055,35.446049346334256],[135.3301593543846,35.44627211647939],[135.33007469347,35.44627975919938],[135.3299689057789,35.44628467058773],[135.32997045640062,35.44629693805233],[135.3299990105192,35.446426896202055],[135.33003256264288,35.446671529444195],[135.33035619556156,35.44664475103904],[135.33038760656274,35.44664267179789],[135.33056703894076,35.44663031735134],[135.3313361159375,35.4465522738293],[135.33141601083256,35.44654820937873],[135.33185956326724,35.44652586780019],[135.33191478347604,35.4465085062127]]],"type":"Polygon"},"id":"urf_5fc8a485-6468-467f-b400-39b837a51b08","properties":{"building_coverage_rate":null,"floor_area_rate":null,"geometry_semantics":"source_geometry_clipped_to_public_area_for_display","name":"舞鶴公園","object_id":"urf_5fc8a485-6468-467f-b400-39b837a51b08","object_type":"planning","planning_label":"公園","planning_type":"OpenSpaceForPublicUse"},"type":"Feature"},{"geometry":{"coordinates":[[[135.3368068297098,35.44519700014636],[135.33682872927804,35.44493470858273],[135.3368002754284,35.44492552398625],[135.33645315146268,35.44488844991753],[135.33642242412802,35.44512148545146],[135.3364178995538,35.445155799616145],[135.3368068297098,35.44519700014636]]],"type":"Polygon"},"id":"urf_60f4873c-7bf4-4667-922a-99c7d2724650","properties":{"building_coverage_rate":null,"floor_area_rate":null,"geometry_semantics":"source_geometry_clipped_to_public_area_for_display","name":"上安真倉線","object_id":"urf_60f4873c-7bf4-4667-922a-99c7d2724650","object_type":"planning","planning_label":"道路","planning_type":"TrafficFacility"},"type":"Feature"},{"geometry":{"coordinates":[[[[135.33904397412851,35.43988700645454],[135.3389949258574,35.439891163752684],[135.33897125846298,35.43989834919848],[135.33895672104782,35.43990276276924],[135.33894904889866,35.43990949106716],[135.33893996912684,35.4399174538157],[135.33891953805704,35.439951044852315],[135.3388548683603,35.44010104228357],[135.33876165895182,35.44022690645131],[135.338682847131,35.44034176233144],[135.33866827458013,35.44037278039974],[135.33867358535858,35.440423737915125],[135.33873649887218,35.44047509205548],[135.33888833803832,35.44053523490892],[135.33892797198035,35.44055095580017],[135.3389629291945,35.44057287065069],[135.33919042955387,35.44071499395749],[135.33927815350407,35.44078353444417],[135.33926723469582,35.440714273270444],[135.33923430863743,35.44053935781455],[135.33919614723996,35.440365156299],[135.33915277352332,35.44019177365176],[135.33910421364644,35.44001931430686],[135.33906392581804,35.439890739415134],[135.33904397412851,35.43988700645454]]],[[[135.3365219710839,35.44697722491537],[135.33652152020673,35.446965053713434],[135.3364800743933,35.44562368817392],[135.33644829858508,35.44541395002603],[135.33645127496735,35.44513184120083],[135.3364778414868,35.4450488793085],[135.33649947555062,35.44500320773393],[135.33649288530572,35.44470161240137],[135.33647359416835,35.44381893998323],[135.3364560834073,35.4426348081452],[135.33641722861825,35.440991409845886],[135.33641343075905,35.44097876986231],[135.33636918458066,35.44083150998857],[135.33635979161,35.44033868762189],[135.33629128721134,35.43974619831222],[135.3362664018509,35.43931457606545],[135.33626112012558,35.43924685278473],[135.33623590586893,35.43903111114903],[135.33622936870165,35.439008991201355],[135.33615904785302,35.43850383622957],[135.3361566375007,35.438394944295986],[135.33615217053293,35.438321907290224],[135.3360949249018,35.43800854940603],[135.33609187666468,35.437989755832774],[135.33605917612172,35.43778814367393],[135.33604041108032,35.43767240137936],[135.33602431271564,35.43756993244921],[135.33601015070533,35.43747978856404],[135.33597427714187,35.43732696963863],[135.33596864741716,35.43730298735327],[135.33589498077154,35.43708624897991],[135.33577656655524,35.4367914835914],[135.3356300762171,35.436388405991806],[135.33553905648608,35.43617932383463],[135.33548135854625,35.43604344648321],[135.3354661692238,35.435893461973976],[135.33545525122366,35.43580137011334],[135.33544477274214,35.435732879481385],[135.335306730908,35.43565829492268],[135.33512339577325,35.435564442173046],[135.33493730197316,35.435474299668535],[135.33474856158733,35.43538792169514],[135.33455728828807,35.43530536027153],[135.33454218840555,35.43529922532329],[135.334599205308,35.43561828880281],[135.33460201048132,35.43563618971485],[135.33462998128994,35.43581468166766],[135.3346292478751,35.43590382494804],[135.33470851195378,35.43627102767174],[135.33477716094345,35.4365215321836],[135.33485310019012,35.43685121870823],[135.3349207135791,35.43710722489739],[135.33492955430953,35.43715721050781],[135.33493229068858,35.43719611135364],[135.33493783769242,35.437274968434124],[135.33502782678693,35.4376106813669],[135.33506342517842,35.43778205104716],[135.33509518258955,35.43787136421922],[135.33513042287873,35.43796383639455],[135.33514964029945,35.438014263717776],[135.33516399224837,35.43806240169503],[135.33517332845148,35.438093716315805],[135.33519198849476,35.438137523261986],[135.3351958042036,35.438146481142454],[135.33520291776705,35.43827261550299],[135.33522168247106,35.438495451834605],[135.33523894920617,35.438593699056625],[135.33526298252872,35.43872498334784],[135.33529833936822,35.43889905576727],[135.33530194655648,35.4389426036564],[135.33530844738888,35.438995911480426],[135.33533735750902,35.43923205402702],[135.3353455092963,35.43931231342349],[135.33534692774134,35.43939434754189],[135.33534284022156,35.4395030324338],[135.3353432648181,35.43984131666378],[135.3353464140039,35.439868613502014],[135.33535190159947,35.43991617940832],[135.33535980565722,35.44007475315094],[135.33536381521156,35.440155193915444],[135.33536865814398,35.44020921371018],[135.3353611414355,35.44031968248679],[135.33535198513593,35.440510356740305],[135.3353587994606,35.44070282523223],[135.3353726342977,35.44109364128215],[135.33537339791457,35.44113206263221],[135.335376091645,35.44155877638362],[135.33538010114643,35.44164719754611],[135.3353881275547,35.441824481587645],[135.33539058405492,35.44198123740803],[135.33540041682852,35.442473440150266],[135.33541194199427,35.44290850420149],[135.33542696556503,35.44325432308],[135.33542741833998,35.44327026210239],[135.33542278618984,35.44343982363644],[135.33544223405835,35.44386249208295],[135.33544047350384,35.44437148679962],[135.33543471962795,35.44450999835148],[135.3354550423356,35.4445703138725],[135.33551432331032,35.44469387782877],[135.33553550576394,35.44473805422161],[135.3355622555246,35.444793726895966],[135.3355653463395,35.4449671617932],[135.33557333596397,35.44501971388674],[135.33558615275663,35.44510401673738],[135.3355836434019,35.44526191694667],[135.3355826916852,35.445324107422884],[135.3355812441052,35.44541982677128],[135.3355840008007,35.44545968325391],[135.33558988367406,35.445548051567954],[135.33559901742763,35.44561614754719],[135.33561512635893,35.445922518517236],[135.33562249764273,35.446218484449545],[135.33561735918659,35.44630759433409],[135.33560875318952,35.44645807860235],[135.3356126102806,35.446565094463395],[135.3356247594044,35.44677562616282],[135.33564412301587,35.446939325435864],[135.33564549325052,35.44696024515275],[135.33565166959983,35.447188510303825],[135.33566371771286,35.447438161612254],[135.33566802398107,35.44755470585343],[135.33566927530927,35.447588571575324],[135.3357439327402,35.447545037120676],[135.3359169314047,35.447438824040184],[135.33608669208894,35.44732916856505],[135.33625311252683,35.44721613676122],[135.33641609246607,35.447099796728594],[135.33652357614878,35.44701918590215],[135.3365219710839,35.44697722491537]]],[[[135.32552189911868,35.43580227538445],[135.32559565596327,35.435793403078364],[135.3256873643102,35.43579787237156],[135.32574542546195,35.4358089231296],[135.32578293488453,35.43582788145493],[135.32580728280624,35.435853436550026],[135.32581199311724,35.43588293823711],[135.3258034092257,35.43592174012773],[135.32578810425164,35.43598727570947],[135.32579333870768,35.43605959625014],[135.32580774157364,35.43608906191919],[135.3258305694933,35.436111994496684],[135.32586308922927,35.43613498118236],[135.3259366908315,35.43614476653313],[135.32610133094272,35.43614693848261],[135.32614390956803,35.436139153767115],[135.32615693204335,35.4361307631641],[135.32618510251362,35.43611261243447],[135.32621393413834,35.43607725864417],[135.3262231588712,35.43606595263313],[135.3262397355499,35.436046034322196],[135.32626454418917,35.436038964429926],[135.32631674200377,35.436042407760205],[135.32634872335188,35.43603499288558],[135.3263676143901,35.43603061299439],[135.32640870660867,35.43601614962102],[135.32645808309823,35.435985597601686],[135.32653963256604,35.43592710171104],[135.3265633265409,35.43591728320912],[135.326584061741,35.435908690782526],[135.32661469858928,35.43590360139426],[135.3266642391765,35.435909137929436],[135.32671573095007,35.435932224899375],[135.3267433432498,35.435951012565205],[135.3267995416872,35.43599552424671],[135.32683744695686,35.436019887662574],[135.326850045606,35.43602798537323],[135.32688747737254,35.436056317358876],[135.32691569940215,35.436071924366445],[135.32693144083356,35.43608062949765],[135.32698712367306,35.43608634821304],[135.32702774452503,35.43608332431118],[135.3271019188311,35.43606949208234],[135.32714312193062,35.43604168853393],[135.32712312342338,35.43600958682656],[135.32709745891162,35.43596843081729],[135.32702497752024,35.43585219831951],[135.32694122409828,35.435712376888176],[135.3269031125168,35.435646642538416],[135.3268772232644,35.43556672536908],[135.32686959626616,35.43551482815807],[135.32686513198988,35.43548445136947],[135.3268402900506,35.43539913170085],[135.32679643075147,35.435312147314626],[135.3267736551218,35.43526697724392],[135.32674724403319,35.43521719910083],[135.326634555556,35.43526143642245],[135.32644193345536,35.43534186942792],[135.32625178086366,35.43542614670393],[135.3260642123022,35.43551421749653],[135.32587934073743,35.43560602876713],[135.32569727751246,35.43570152522434],[135.3255181322804,35.43580064935728],[135.32550781965023,35.43580666248628],[135.32552189911868,35.43580227538445]]],[[[135.32310619043471,35.43786310222037],[135.3231298132451,35.43785040419515],[135.32314303334647,35.43784329796237],[135.32314872953543,35.43780754481077],[135.3231497129105,35.43780136934077],[135.32313060195634,35.43782505357362],[135.32309826463003,35.4378673512866],[135.32310619043471,35.43786310222037]]],[[[135.3222918277154,35.43924278549375],[135.32232538453576,35.43923405011233],[135.32236733074,35.439223108338645],[135.32239225171512,35.43919341228569],[135.32240778873987,35.43917487511768],[135.3224374616379,35.43914787553333],[135.32248832682686,35.439124093930914],[135.322534813535,35.43911020299913],[135.32256314525398,35.43909438518108],[135.3225704655241,35.43908676043336],[135.32258547899187,35.439057665980314],[135.3226241334191,35.43899104072966],[135.3226368759307,35.438969077551086],[135.3226762460184,35.438923778359616],[135.32277438608142,35.438844556094466],[135.3227827865517,35.43883751755661],[135.3228591298583,35.43877355138078],[135.32289156561785,35.43873354952889],[135.32290428122698,35.43869968751276],[135.3229197022361,35.4386558994712],[135.32293764662106,35.43857803009117],[135.3229510423091,35.438451460280874],[135.32296371223637,35.4383063268296],[135.32298840988616,35.438105906612996],[135.3230059465584,35.437988844218594],[135.3229057307488,35.43812737590048],[135.3228001612748,35.43828183296205],[135.3226992549556,35.43843836368825],[135.3226030725927,35.43859687380264],[135.32251167214335,35.438757267836095],[135.32242510868588,35.43891944918429],[135.32234343438608,35.439083320165814],[135.3222670588587,35.439248004986034],[135.3222918277154,35.43924278549375]]],[[[135.32371721784259,35.44625226390758],[135.3237278504133,35.4461531709746],[135.32375254536984,35.44615069528414],[135.3237548350165,35.44612187490736],[135.3237564235599,35.446102414642134],[135.32375795207236,35.44608375256589],[135.3238015063774,35.446078498066136],[135.32385851301026,35.44607160625789],[135.3239020673028,35.44606635172164],[135.32390974419118,35.44603088009182],[135.32391325888736,35.44601450435399],[135.32393324103222,35.44592140309477],[135.32394066391106,35.445887105004715],[135.3238973402402,35.44588081993874],[135.32384363808404,35.445874570032835],[135.32377535940208,35.445846334768945],[135.32372877814547,35.44579208080469],[135.32372145923,35.44575841809529],[135.32374814762014,35.44567838613529],[135.32384437686463,35.44538981758129],[135.3238311679692,35.445385073428454],[135.32383705182116,35.445343715709484],[135.32385936799903,35.445304259224564],[135.32389519041297,35.445240922701814],[135.3239086062122,35.445207416352],[135.3239278158006,35.445159439792405],[135.32390859445653,35.445152842170295],[135.32391450802092,35.44511954608022],[135.32392026948835,35.4450871063381],[135.32393660055055,35.444688514537205],[135.32399340038413,35.44457318469795],[135.32401994843616,35.44448076094599],[135.32404248368317,35.444314950864076],[135.32404740971583,35.4442791032576],[135.32408145409082,35.44428006017443],[135.32412679829636,35.444281314666824],[135.32430466148668,35.444286213024995],[135.32434871128,35.444287451077514],[135.32435023735493,35.44427069789825],[135.3243519857512,35.444251504076234],[135.32436143118088,35.44414934870492],[135.32436470488653,35.44411349183675],[135.32440517218603,35.44411107723151],[135.32451976327258,35.44410425493544],[135.32455894122472,35.44410190416228],[135.32456458713824,35.444065565810234],[135.32456816817788,35.44391380134129],[135.32464684666087,35.443896844721756],[135.32464917135684,35.44384930957725],[135.32465879581662,35.44365182451458],[135.3246467981091,35.44341343975779],[135.3249140331416,35.44338773247619],[135.32497453480013,35.44338191229701],[135.3249707629561,35.44331915468681],[135.3249395386276,35.443321414547874],[135.3248031249494,35.44333128738829],[135.32475103185365,35.44333546217411],[135.32458433260464,35.443348821442214],[135.32440748608028,35.44335567403414],[135.32441668510847,35.44328298359756],[135.32440002763585,35.443220063726805],[135.32432372882613,35.44309732757038],[135.3243200294852,35.443085749982814],[135.3243100983967,35.443054435413835],[135.3242974993604,35.44301993192526],[135.32430803791183,35.442918765166674],[135.3243341463951,35.442872108613244],[135.32435600797191,35.44283304132356],[135.32438605061031,35.44278347384675],[135.32440392219522,35.442753987409894],[135.3244387289283,35.44270127076832],[135.3244479828211,35.442622000503775],[135.3244383119158,35.442607808664626],[135.32441185663612,35.442568986099204],[135.3243588135482,35.442550030563964],[135.32425966826756,35.44253829849151],[135.32423841114672,35.44251176887813],[135.3242038641368,35.442454337440694],[135.32419248995194,35.44244419724574],[135.32417893618492,35.44243211392645],[135.32410158952663,35.44242167554708],[135.32405899257483,35.44237853105345],[135.32401911623936,35.442365697390706],[135.32398553104395,35.442364517817744],[135.32395705536584,35.44235822894094],[135.32392358925682,35.442342808104804],[135.32389895255062,35.44231211312707],[135.32388562792858,35.44225903695962],[135.32386076268702,35.4420831272631],[135.32384839944044,35.442059982519794],[135.32382779287866,35.44203471841847],[135.32381064664077,35.4420039842475],[135.3238052394474,35.441939324520355],[135.3237974157534,35.441847519510915],[135.32379284828755,35.44182111100658],[135.3237820760534,35.441758827257985],[135.32376534875104,35.44174386068393],[135.32375431102923,35.441742998338675],[135.32369699220797,35.44173852016877],[135.32360674386612,35.44172990211696],[135.32355622404276,35.4417238782121],[135.3235155231225,35.44171902508197],[135.32348893584384,35.4416977025282],[135.32348114721938,35.441601751313186],[135.32348364029323,35.44152758113501],[135.32349525691734,35.44142365904275],[135.32352161792878,35.441280182922746],[135.3235376711642,35.441251809281056],[135.3235480025886,35.441233548767286],[135.323606521402,35.441229820380926],[135.32369053864414,35.441232724788144],[135.3237423720971,35.44123815303452],[135.32376245389148,35.44123337493447],[135.32378273577876,35.44122226526831],[135.32379269356198,35.4412136467407],[135.32378990887307,35.44117784607855],[135.32375824282298,35.44109212708797],[135.32371051423817,35.44099100354967],[135.32366714417157,35.44093505488592],[135.32362441100037,35.44090831471572],[135.32356452307835,35.440878233426275],[135.32350031181966,35.440851463015036],[135.32338901627804,35.440804598198596],[135.32330759600416,35.44078098525047],[135.3232345736773,35.44076732556533],[135.3231660508632,35.44074682972657],[135.3231445897784,35.44074041049772],[135.32312587526116,35.44073363979734],[135.32308891463128,35.44072026784817],[135.3230436960816,35.44068783480013],[135.32300902838998,35.440658165058],[135.3229957023239,35.44065274900093],[135.3229582040309,35.44063750871554],[135.32291222505535,35.44063012991487],[135.32281910307466,35.44062284724512],[135.32278041669846,35.44061272401083],[135.32269746331028,35.440574941262206],[135.32260482889714,35.4405489123117],[135.3225232151078,35.440548454384164],[135.322433109073,35.44056246107501],[135.32232561960694,35.440587276911614],[135.3222191141185,35.44058667906152],[135.32214227201683,35.440568850893484],[135.3220868440873,35.44053240307973],[135.3220749903326,35.44051763351586],[135.3220674409339,35.44050822709825],[135.32206430525616,35.440488108560196],[135.32206790115575,35.440453335211295],[135.32209768558664,35.44035597236782],[135.32210833267578,35.44032096819122],[135.3220945211858,35.44028672807346],[135.32204013907517,35.440151845626175],[135.3219771738474,35.44003435686056],[135.32195860767973,35.44009643743362],[135.32191236733374,35.44026932279505],[135.32187132522768,35.44044308474235],[135.32183550611597,35.44061761861341],[135.32180493160752,35.44079281928054],[135.3217796201525,35.44096858121369],[135.32175958703144,35.44114479854411],[135.32174484434563,35.44132136512805],[135.32173540101002,35.441498174610686],[135.3217312627476,35.44167512049022],[135.32173243208587,35.441852096182],[135.32173890835534,35.44202899508271],[135.32175068768973,35.44220571063462],[135.3217677630283,35.44238213638974],[135.32179012412004,35.442558166073965],[135.32181775752963,35.44273369365109],[135.32185064664557,35.44290861338666],[135.32188877169006,35.443082819911716],[135.32193210973085,35.443256208286236],[135.32198063469497,35.44342867406238],[135.32203431738435,35.44360011334743],[135.32209312549332,35.443770422866315],[135.32215702362802,35.44393950002392],[135.32222597332765,35.444107242966886],[135.32229993308752,35.44427355064492],[135.32237885838407,35.444438322871775],[135.32246270170154,35.44460146038552],[135.32255141256056,35.44476286490845],[135.3226449375485,35.44492243920622],[135.32274322035158,35.44508008714653],[135.3228462017888,35.44523571375699],[135.3229538198474,35.44538922528237],[135.32306600972035,35.44554052924112],[135.3231827038451,35.44568953448108],[135.32330383194454,35.44583615123446],[135.32342932106903,35.445980291171885],[135.32355909564046,35.44612186745567],[135.32369131240733,35.44625896455364],[135.32371721784259,35.44625226390758]]]],"type":"MultiPolygon"},"id":"urf_70522677-fde4-412f-b2d3-9e4f417f7c32","properties":{"building_coverage_rate":null,"floor_area_rate":null,"geometry_semantics":"source_geometry_clipped_to_public_area_for_display","name":null,"object_id":"urf_70522677-fde4-412f-b2d3-9e4f417f7c32","object_type":"planning","planning_label":"市街化調整区域","planning_type":"AreaClassification"},"type":"Feature"},{"geometry":{"coordinates":[[[[135.32666022870134,35.44802075667953],[135.32714136965146,35.44798322843321],[135.32740904414794,35.44795712858378],[135.32810703717774,35.44787176901437],[135.32849773209182,35.44782183364277],[135.32859759883712,35.448757013776934],[135.32870476178184,35.44877620123832],[135.32859681727157,35.44776208199001],[135.32857614644877,35.44753068029621],[135.32857445198124,35.44749596749566],[135.32855184923935,35.447140425115705],[135.32853626711383,35.446921040135315],[135.3285300397512,35.44680743080049],[135.32851209764877,35.44651411898311],[135.3285034204812,35.446378502181545],[135.32843017249687,35.445301316289175],[135.32841842445842,35.44508455756648],[135.3283906811397,35.44317070477468],[135.32828126773856,35.44314847180324],[135.328297345133,35.44508730924539],[135.32830919603515,35.44530623187839],[135.32838242765072,35.44638386843674],[135.328391106862,35.44651921484119],[135.32840905152122,35.44681216613356],[135.32841499319548,35.446920365565454],[135.32846135523025,35.447492093454386],[135.32804607153318,35.44754513685264],[135.32735525877447,35.447629724847964],[135.32647771366055,35.44771516917604],[135.32630955250352,35.44773613457854],[135.32616351742783,35.44774568550295],[135.32616535935165,35.44784187369323],[135.32632307726948,35.44783157671393],[135.32649344462715,35.44781026304755],[135.3273708798604,35.447724908138404],[135.32806379952913,35.447640061370166],[135.3284687073777,35.44758831227909],[135.32848081249395,35.447723677708346],[135.32808868467183,35.44777377631688],[135.32739289764987,35.44785888667462],[135.3264940738875,35.44794627672565],[135.3263219685519,35.447964615131866],[135.32617604246312,35.447974256815634],[135.3261772247316,35.44798786207284],[135.326303501012,35.4480456560184],[135.32666022870134,35.44802075667953]]],[[[135.32893948383466,35.44764446337889],[135.32892783449623,35.44748196879173],[135.32890524658876,35.44712445251473],[135.32889072631184,35.44692300205465],[135.3288836388089,35.446793523551],[135.32886696497442,35.44651977891757],[135.32885751976627,35.44637045679254],[135.32878289713227,35.44527253155005],[135.328772188174,35.44506317901806],[135.32873854470262,35.44275647797125],[135.3286813549296,35.442759224703906],[135.32862779865314,35.442816525534695],[135.32866058446754,35.44506562318887],[135.32867138681706,35.445276959299264],[135.32874611434457,35.44637533587815],[135.3287554514441,35.44652438699359],[135.32877212707177,35.44679787024807],[135.3287789251863,35.44692238050859],[135.3287938386326,35.4471295119013],[135.32881642604798,35.44748702819344],[135.3288281836056,35.44765105574855],[135.32895230058875,35.44881659841612],[135.32897722886716,35.448820539818996],[135.3290660680336,35.44883274365826],[135.32893948383466,35.44764446337889]]]],"type":"MultiPolygon"},"id":"urf_70e55a73-d054-44de-bbea-b560d619388a","properties":{"building_coverage_rate":null,"floor_area_rate":null,"geometry_semantics":"source_geometry_clipped_to_public_area_for_display","name":null,"object_id":"urf_70e55a73-d054-44de-bbea-b560d619388a","object_type":"planning","planning_label":"防火地域","planning_type":"FirePreventionDistrict"},"type":"Feature"},{"geometry":{"coordinates":[[[135.33023387806023,35.44811555897502],[135.33020708271513,35.44794472378043],[135.33006787686423,35.446929521983265],[135.32999901051915,35.44642689620351],[135.32997045640056,35.44629693805382],[135.32986137284644,35.44542110411153],[135.32985421931494,35.44532732017637],[135.3298527017196,35.44528449587898],[135.32973081082216,35.44526553008116],[135.32973156644863,35.44528732079539],[135.32973312463037,35.44533188499582],[135.3297405786456,35.44542926713873],[135.32985411090218,35.446341001065434],[135.32987756896534,35.44643058488803],[135.32994583185263,35.446928844672314],[135.33008669926025,35.447957369299765],[135.33005138311034,35.447991966838295],[135.3300734287078,35.44809655084784],[135.3301126019106,35.448128226607466],[135.33010761107133,35.44889130358582],[135.33010737086474,35.44892600691572],[135.3302284825457,35.44893033015399],[135.33023387806023,35.44811555897502]]],"type":"Polygon"},"id":"urf_7862b2f6-3e04-4b17-b3ec-ffc80f44aa5d","properties":{"building_coverage_rate":null,"floor_area_rate":null,"geometry_semantics":"source_geometry_clipped_to_public_area_for_display","name":"三の丸通線","object_id":"urf_7862b2f6-3e04-4b17-b3ec-ffc80f44aa5d","object_type":"planning","planning_label":"道路","planning_type":"TrafficFacility"},"type":"Feature"},{"geometry":{"coordinates":[[[135.3260182347038,35.44762535970968],[135.32591780842827,35.446906493297945],[135.32591666368282,35.44689846456782],[135.32591379214998,35.44687558937691],[135.32585132907437,35.446378306286626],[135.32559505900326,35.444338055806085],[135.3255294334134,35.44381561051448],[135.32551427569268,35.44369493380444],[135.32546167106634,35.443276080942205],[135.3249707629561,35.44331915468827],[135.32497453480013,35.44338191229847],[135.32464679810911,35.44341343975923],[135.32465879581665,35.443651824515975],[135.32464917135684,35.44384930957866],[135.3246468466609,35.44389684472323],[135.32456816817788,35.44391380134275],[135.32456458713824,35.44406556581171],[135.3245637352063,35.44410161651221],[135.3245197632726,35.444104254936896],[135.32440517218606,35.44411107723296],[135.32436470488653,35.444113491838245],[135.32436143118088,35.444149348706354],[135.3243519857512,35.444251504077684],[135.32434871128,35.44428745107894],[135.32430466148665,35.444286213026416],[135.32409145949984,35.44428034140536],[135.32404740971586,35.44427910325905],[135.3240424836832,35.44431495086554],[135.3240199484362,35.444480760947414],[135.32399340038415,35.444573184699394],[135.32393660055055,35.444688514538655],[135.32392026948838,35.44508710633959],[135.3239085944565,35.44515284217173],[135.3239278158006,35.44515943979384],[135.323895190413,35.445240922703256],[135.3238370518212,35.445343715710926],[135.32382296158605,35.445382125995835],[135.32384437686466,35.445389817582736],[135.32372145923003,35.44575841809673],[135.32372877814547,35.44579208080612],[135.32377535940208,35.445846334770415],[135.3238436380841,35.44587457003428],[135.3238973402402,35.445880819940214],[135.3239409178921,35.44588593146323],[135.32393324103222,35.445921403096236],[135.32390974419116,35.44603088009326],[135.32390206730284,35.44606635172311],[135.32385851301026,35.446071606259316],[135.3238015063774,35.446078498067585],[135.32375795207236,35.44608375256737],[135.3237550076926,35.446119701388874],[135.32375254536987,35.4461506952856],[135.3237278504133,35.44615317097606],[135.32371721784259,35.44625226390902],[135.32369131240844,35.446258964554794],[135.32369307749767,35.44626079479215],[135.3238311859436,35.446396989483134],[135.32397333779375,35.446530369476214],[135.32411944742637,35.44666085441442],[135.32426942683404,35.44678836568449],[135.32442318567652,35.446912826464384],[135.3245806313354,35.447034161769494],[135.3247416689696,35.44715229849789],[135.32490620157284,35.4472671654744],[135.32507413003174,35.4473786934935],[135.3252453531858,35.44748681536102],[135.3254197678882,35.44759146593468],[135.32559726906806,35.44769258216334],[135.32577774979362,35.44779010312505],[135.32596110133673,35.44788397006373],[135.32605784398956,35.44793083421766],[135.3260182347038,35.44762535970968]]],"type":"Polygon"},"id":"urf_7a30872d-ea63-4e50-a541-09c2a4d269d2","properties":{"building_coverage_rate":80.0,"floor_area_rate":300.0,"geometry_semantics":"source_geometry_clipped_to_public_area_for_display","name":null,"object_id":"urf_7a30872d-ea63-4e50-a541-09c2a4d269d2","object_type":"planning","planning_label":"近隣商業地域","planning_type":"UseDistrict"},"type":"Feature"},{"geometry":{"coordinates":[[[135.33706479460088,35.43700210788053],[135.33690220346838,35.43718133477595],[135.3368907771294,35.437189065652575],[135.33675225109124,35.437418545525816],[135.33671096831537,35.43744079937155],[135.3365834052505,35.43766028968282],[135.336546556979,35.43772398032062],[135.33638568761813,35.43802355060659],[135.3362754497742,35.4382683331914],[135.33628635495285,35.43832147499032],[135.33627764961213,35.43833901682581],[135.33623714952702,35.438384865036554],[135.33623574478446,35.438393102312034],[135.33623603175494,35.43840403232033],[135.33622857468472,35.438413208920636],[135.3362087936651,35.43845540682678],[135.33620472443656,35.438475333978886],[135.33621571754009,35.43854204846775],[135.33622156001255,35.43856667586592],[135.33621909192732,35.438691437857436],[135.3362161876182,35.43888718627166],[135.33622835227024,35.4389689820112],[135.3362294279997,35.438976138637194],[135.33624474781942,35.43907811847619],[135.33624740210874,35.43910202345864],[135.3362465152779,35.43911023022902],[135.33625145728823,35.43915653916989],[135.3362574282743,35.43921248149319],[135.33626770503957,35.43929979235535],[135.33627821096462,35.439392465931554],[135.33629258069533,35.439521245111976],[135.33630370580698,35.43962195525681],[135.33631342063458,35.43972956588465],[135.33632299335915,35.43984415968312],[135.33632980716965,35.43993886991942],[135.33633279294938,35.43998036640429],[135.3363333762515,35.43998847489141],[135.33634107314884,35.44005544165167],[135.3363448655706,35.44008843797389],[135.336345622895,35.440100036690204],[135.33635193545132,35.44019677679615],[135.33635279845987,35.44027078639198],[135.33635350211154,35.4403311985754],[135.33635463907865,35.440428730492],[135.33635550188893,35.44050276442146],[135.33635646261848,35.44058526652623],[135.3363572933572,35.440668307846636],[135.33635719151727,35.44076365249134],[135.33635435044815,35.44091964367764],[135.3363523632358,35.441096138013854],[135.33635161743254,35.44123276627922],[135.33635264986108,35.441321427951024],[135.33635389297055,35.441428035607466],[135.33635494507436,35.44151617908666],[135.336356672218,35.4416339999597],[135.3363588170875,35.44174333385696],[135.33636061074412,35.44181856271895],[135.33636341169978,35.441898555542494],[135.33636717898173,35.4419913912401],[135.33637062542633,35.442069100788785],[135.33637477247626,35.4421563310384],[135.3363790538737,35.44223967434016],[135.33638492411436,35.44234603880035],[135.3363890630113,35.44242433444668],[135.33639362680404,35.4425138033241],[135.33639774509103,35.44259447761666],[135.33640208247644,35.4426794590409],[135.33640585749436,35.44275391367277],[135.3364091922037,35.44282229503832],[135.336417744487,35.44302517137153],[135.33642313945103,35.44318059753023],[135.33642521857976,35.44325044395548],[135.3364284060753,35.4433731358068],[135.33643039565118,35.44346650975361],[135.33643169275604,35.443540110663115],[135.33643338442192,35.443664951307326],[135.3364353774423,35.443836014949866],[135.33643730247027,35.4440011371695],[135.33643898275125,35.44414534945795],[135.33644449061444,35.44414530671785],[135.3364486924545,35.44450583697956],[135.336450774693,35.44468455386711],[135.33645256986196,35.44483852518957],[135.33645315146268,35.44488844991753],[135.3368002754284,35.44492552398625],[135.3367257534379,35.444838817577434],[135.33672373831334,35.44466594385715],[135.33672163733462,35.444485678284124],[135.3367195352498,35.444305413601086],[135.33671743427675,35.444125148017484],[135.33671533220507,35.44394488242247],[135.33671323123025,35.44376461772964],[135.3367111291642,35.44358435212406],[135.3367090281951,35.44340408742062],[135.33670692613472,35.44322382180448],[135.33670640144246,35.44317875585481],[135.33670041894663,35.44304359057162],[135.3366906082066,35.442863386252846],[135.33668189796097,35.44268317265084],[135.3366720873003,35.44250296741938],[135.33666337712174,35.44232275380614],[135.33665356543165,35.442142548557406],[135.33664485642157,35.44196233493906],[135.33664281806676,35.44178747705531],[135.33663941361905,35.441495447475106],[135.33663855172793,35.441421538856204],[135.33663645090584,35.441241273188254],[135.33663214702085,35.44106102515628],[135.33662784204714,35.44088077711293],[135.33662353818752,35.44070052907034],[135.33662143738403,35.44052026428263],[135.3366193354894,35.44033999858222],[135.336617234699,35.44015973288254],[135.33661733583884,35.439979450431615],[135.3366152350418,35.43979918562269],[135.33661313315358,35.439618919901115],[135.33661103236219,35.43943865508161],[135.3366093735136,35.43929635284243],[135.33660893892102,35.439258434465195],[135.33661167678355,35.439079640244756],[135.33662499641233,35.438903355934876],[135.33664821047716,35.438730383596756],[135.33667949862937,35.43860498851161],[135.3366821304177,35.438598082111575],[135.33668272008293,35.43859454199398],[135.33668329579965,35.438591091037225],[135.3366839259796,35.43858731137301],[135.33668496623147,35.43858107317179],[135.3366810589241,35.43858033420072],[135.33669240654834,35.438562655419375],[135.33670081677903,35.4385547648995],[135.3368130665534,35.43844543017448],[135.33691112513492,35.438447868871435],[135.33692063219036,35.43843153564749],[135.33692442160122,35.438425025900415],[135.33699930141515,35.43829639435915],[135.33709547846232,35.43814997902899],[135.33717247669694,35.437989387659925],[135.33721829671234,35.437867244174676],[135.33723709837284,35.43781625308438],[135.3372761014552,35.43767261550397],[135.33728140071025,35.43763265629765],[135.33743234068973,35.43732709374505],[135.33746909276806,35.43726799653337],[135.33739135607118,35.43718740480204],[135.3372532400071,35.43705122533891],[135.33711108240354,35.436917860716584],[135.3371103738075,35.43691722798975],[135.33706479460088,35.43700210788053]]],"type":"Polygon"},"id":"urf_7c1e00c7-b3b1-4f97-9cc0-cab0339d609e","properties":{"building_coverage_rate":null,"floor_area_rate":null,"geometry_semantics":"source_geometry_clipped_to_public_area_for_display","name":"上安真倉線","object_id":"urf_7c1e00c7-b3b1-4f97-9cc0-cab0339d609e","object_type":"planning","planning_label":"道路","planning_type":"TrafficFacility"},"type":"Feature"},{"geometry":{"coordinates":[[[135.32877884458676,35.44649826868235],[135.329320018407,35.44646493239356],[135.32987756896534,35.44643058488803],[135.32985411090218,35.446341001065434],[135.3292882688609,35.446377709104844],[135.32874845079832,35.446409682685406],[135.32875394861156,35.446499752758335],[135.32877884458676,35.44649826868235]]],"type":"Polygon"},"id":"urf_817159dd-d0d9-4589-95b7-cf965ac127a7","properties":{"building_coverage_rate":null,"floor_area_rate":null,"geometry_semantics":"source_geometry_clipped_to_public_area_for_display","name":"八幡通線","object_id":"urf_817159dd-d0d9-4589-95b7-cf965ac127a7","object_type":"planning","planning_label":"道路","planning_type":"TrafficFacility"},"type":"Feature"},{"geometry":{"coordinates":[[[135.32641343582566,35.44743929282912],[135.32640978594046,35.44743934818102],[135.32632977633,35.44743060898602],[135.32616539774773,35.447430513676984],[135.32614053193313,35.44743045420694],[135.32616428851014,35.44755380630978],[135.32616917884238,35.44781156246444],[135.32616943590114,35.44782512615621],[135.32616972217195,35.44784020704398],[135.32627326777444,35.44783482317393],[135.32630386898686,35.44783282881564],[135.3263458877287,35.44779462277345],[135.32636348112683,35.447793767277865],[135.32635814007776,35.44773793986448],[135.32634989896235,35.44765180518311],[135.32634428432942,35.447593119748255],[135.32633522184162,35.44753060311065],[135.32633428367726,35.44751337689089],[135.32642121058186,35.44749705918269],[135.32641343582566,35.44743929282912]]],"type":"Polygon"},"id":"urf_834e4dec-3601-44fe-99bf-34a9b5923c94","properties":{"building_coverage_rate":null,"floor_area_rate":null,"geometry_semantics":"source_geometry_clipped_to_public_area_for_display","name":"大手ポンプ場","object_id":"urf_834e4dec-3601-44fe-99bf-34a9b5923c94","object_type":"planning","planning_label":"汚物処理場","planning_type":"TreatmentFacility"},"type":"Feature"},{"geometry":{"coordinates":[[[135.33115573780296,35.44498542151638],[135.33096413221895,35.444991751235435],[135.32991644152426,35.44502329425403],[135.3298993637631,35.445023812409104],[135.3298139390376,35.4449642973947],[135.3298527017196,35.44528449587898],[135.32992651255745,35.44521694100286],[135.33097288452373,35.44518532750664],[135.33116283844234,35.445178979612365],[135.33123962402263,35.445177782482766],[135.3330132413855,35.445127047980556],[135.33305467209996,35.44512538395122],[135.33310391482888,35.445098073530204],[135.3333158011992,35.44509152791116],[135.33562474775712,35.445098910951224],[135.3362188879226,35.44511442890827],[135.33626614007184,35.44511477883489],[135.33639058780236,35.44511523129179],[135.3364178995538,35.445155799616145],[135.33642242412802,35.44512148545146],[135.33645315146268,35.44488844991753],[135.33640909364468,35.44488879366297],[135.33638819717942,35.444981615435545],[135.33630668241105,35.44497980264627],[135.33626923263085,35.44497959676533],[135.33621999792516,35.444979235940075],[135.335625847812,35.444963708924895],[135.33334092876942,35.444956368468596],[135.33304239928677,35.44493201370015],[135.33115573780296,35.44498542151638]]],"type":"Polygon"},"id":"urf_85f3f622-eeb0-4074-b4a5-731b785b17e0","properties":{"building_coverage_rate":null,"floor_area_rate":null,"geometry_semantics":"source_geometry_clipped_to_public_area_for_display","name":"小倉西舞鶴線","object_id":"urf_85f3f622-eeb0-4074-b4a5-731b785b17e0","object_type":"planning","planning_label":"道路","planning_type":"TrafficFacility"},"type":"Feature"},{"geometry":{"coordinates":[[[135.33774576143188,35.44545775164595],[135.33644829858508,35.44541395002746],[135.3364800743933,35.4456236881754],[135.33652152020673,35.44696505371487],[135.33652197108395,35.44697722491681],[135.33652357614878,35.44701918590215],[135.33657553372842,35.44698021855995],[135.336731340269,35.44685747429869],[135.33688341823392,35.44673163789542],[135.33703167601706,35.44660278516337],[135.3371760243151,35.44647099373265],[135.33731637618143,35.44633634300354],[135.3374526470783,35.44619891409856],[135.33758475492795,35.4460587898136],[135.337712620162,35.44591605456798],[135.33776850682995,35.44585034523635],[135.33774576143188,35.44545775164595]]],"type":"Polygon"},"id":"urf_860e7704-e364-43eb-93cd-72ee55fc4c98","properties":{"building_coverage_rate":60.0,"floor_area_rate":200.0,"geometry_semantics":"source_geometry_clipped_to_public_area_for_display","name":null,"object_id":"urf_860e7704-e364-43eb-93cd-72ee55fc4c98","object_type":"planning","planning_label":"第1種住居地域","planning_type":"UseDistrict"},"type":"Feature"},{"geometry":{"coordinates":[[[135.32883041957712,35.437107470232014],[135.3288668494131,35.43772250041393],[135.32887047003166,35.43802943408689],[135.32887683400944,35.439773528457025],[135.32887657404046,35.43995082994375],[135.32887535036144,35.44071269387121],[135.32887482872374,35.44103431501128],[135.3288738312709,35.44165079530677],[135.32966372982358,35.44161591009786],[135.32966493172057,35.44147093762908],[135.3296481826576,35.44105325889659],[135.32964177791277,35.44066861032341],[135.33013313244717,35.44069572901196],[135.33033708378446,35.440706982988615],[135.33047194993267,35.441356973311436],[135.3304842619871,35.44142110319118],[135.33052602269842,35.44163876743264],[135.33068705293104,35.442481565031315],[135.33074119103037,35.44276495483005],[135.3300018144323,35.44275105588479],[135.33001347647607,35.44318736494798],[135.3300286133884,35.4437573148802],[135.33003673910017,35.444063443964545],[135.33004214778822,35.444301340990535],[135.33004932562082,35.44445867284589],[135.33007576841777,35.444787537361854],[135.33007619715738,35.444792957076196],[135.33095353715456,35.444766625214754],[135.3311453633175,35.444760197578866],[135.33305131123655,35.444706274483],[135.3332238565851,35.44472037879225],[135.33335512318192,35.444731109088195],[135.33360868450183,35.44473187796563],[135.33363144491602,35.444388034258154],[135.33363535172356,35.44406104155992],[135.3336314185498,35.44345440424791],[135.33365702943945,35.441747534125355],[135.33365709949484,35.44174437965552],[135.33366166350697,35.44154475650937],[135.33367380614638,35.44084517544612],[135.33368794414932,35.44020950469339],[135.33369740816107,35.43978412891013],[135.3337336224814,35.4379782627062],[135.33373975424624,35.4376604760946],[135.33373705761417,35.43758672766113],[135.33372950436873,35.43750087382517],[135.33371930735694,35.43742843608283],[135.33370947961293,35.43736465370351],[135.3336878829408,35.43725881069848],[135.33360697022766,35.43697317392351],[135.33358135287284,35.43688613870409],[135.33348114068735,35.4365100761989],[135.33345854261682,35.43643225177643],[135.33307764451584,35.43644717569355],[135.33286557899396,35.43645548675791],[135.33103743238888,35.43655706285701],[135.33091537576175,35.43649311811036],[135.3301667740606,35.43653079185072],[135.3298031714716,35.43654915454274],[135.329464217549,35.43656624686189],[135.32951236552074,35.436898982211225],[135.32882171062624,35.436935896703936],[135.32883041957712,35.437107470232014]]],"type":"Polygon"},"id":"urf_892c218e-f205-4713-9095-cfa7aee8d788","properties":{"building_coverage_rate":60.0,"floor_area_rate":200.0,"geometry_semantics":"source_geometry_clipped_to_public_area_for_display","name":null,"object_id":"urf_892c218e-f205-4713-9095-cfa7aee8d788","object_type":"planning","planning_label":"第2種住居地域","planning_type":"UseDistrict"},"type":"Feature"},{"geometry":{"coordinates":[[[135.33675531975925,35.44674181370136],[135.33675452803686,35.446737751307474],[135.33675370819688,35.446732416902044],[135.33675308915704,35.44672838610403],[135.3367524701095,35.446724356207284],[135.33675185217112,35.44672032541525],[135.33675123423276,35.44671629462322],[135.33675038319,35.44671073560097],[135.33674989494034,35.446707546064815],[135.33674897285297,35.44670151657885],[135.3367485630997,35.44669882909586],[135.33674815223753,35.44669614250808],[135.33674744351373,35.44669149647132],[135.3367469953329,35.44668855864229],[135.33674642801262,35.446684836402625],[135.33674585759692,35.44668108868182],[135.33674524536437,35.44667706738566],[135.3367447834192,35.446674028300244],[135.33674437580623,35.44667134849076],[135.33674365154022,35.446666582934775],[135.33674247983134,35.44665885679374],[135.3367324530069,35.446465770799364],[135.3367255169726,35.44626810447959],[135.33672204833343,35.446155721212264],[135.33671865774443,35.44603825635107],[135.33674366020338,35.446037454467174],[135.33674417310618,35.446016425219305],[135.33674623902013,35.44593432380724],[135.33679831257726,35.44593419253484],[135.3367975140643,35.44588033747776],[135.3367976736793,35.44585631548574],[135.33679582723832,35.445800760964836],[135.3367920342742,35.44568681380492],[135.336787652283,35.445572295533076],[135.3367841296712,35.445457486324976],[135.33677793873187,35.44545793726157],[135.33676984908087,35.44527856363646],[135.3367681855557,35.445241667929366],[135.3368068297098,35.44519700014636],[135.3364178995538,35.445155799616145],[135.33641891790072,35.4452186724654],[135.33641921189533,35.44523680278109],[135.33641950478864,35.44525493309059],[135.33645805335252,35.445254548246346],[135.33645148436278,35.44534481221141],[135.33645445873276,35.44548046119143],[135.33645552718684,35.44552501992798],[135.33645914929653,35.44566093296492],[135.3364617509633,35.445748451224425],[135.33646852171276,35.44594980063317],[135.33646875187057,35.44595450533608],[135.3364689736835,35.44595901889908],[135.3364691965979,35.44596353246813],[135.33646942061384,35.445968046043205],[135.3364696446298,35.4459725596183],[135.33646986864576,35.4459770731934],[135.33647009376324,35.44598158677454],[135.33647031998217,35.445986100361715],[135.33647054620866,35.44599061304756],[135.3364707724276,35.445995126634756],[135.3364709997481,35.445999640228],[135.33647122706859,35.44600415382118],[135.33647145549804,35.44600866651915],[135.33647163383486,35.4460121693882],[135.3364719145525,35.44601769282845],[135.33647218395373,35.44602298455],[135.33647241086834,35.44602741341061],[135.3364726064351,35.44603123276122],[135.33647283816168,35.44603574637861],[135.33647306989573,35.446040259094694],[135.33647330273126,35.4460447718168],[135.33647353666083,35.44604928544633],[135.33647377059788,35.44605379817449],[135.33647400452753,35.446058311804016],[135.33647423956606,35.446062824538245],[135.33647455376902,35.446068831305965],[135.33647478020043,35.4460725138153],[135.33647501553904,35.44607631896232],[135.33647524591035,35.44608005828073],[135.33647549282438,35.44608406359922],[135.33647580002565,35.446089044549964],[135.33647604306648,35.4460929849473],[135.336476301593,35.44609718593063],[135.33647654670378,35.44610114256438],[135.3364764667752,35.446104975724346],[135.33647778611046,35.44612957191392],[135.3364785693971,35.446144054298266],[135.33647936131086,35.44615855926468],[135.33648016725473,35.44617323376898],[135.33648090303035,35.44618652606113],[135.33648156530347,35.4461984397285],[135.3364823002525,35.44621156435806],[135.33648305222542,35.44622489640022],[135.33648404729024,35.44624243114349],[135.33648484397727,35.446256354741195],[135.3364859277378,35.446275161828986],[135.33648617478437,35.44627941953651],[135.3364864518045,35.446284185791065],[135.33648673562521,35.44628906295355],[135.33648697696543,35.44629321066045],[135.33648781272072,35.446307474295644],[135.336488574707,35.44632039175456],[135.33648940585866,35.44633441108854],[135.33649021641764,35.446347986826886],[135.33649082884824,35.4463581893873],[135.33649163080457,35.44637147122611],[135.33649243025553,35.44638465570131],[135.33649337906604,35.44640017649121],[135.3364940135705,35.4464105080712],[135.33649492465472,35.44642525706635],[135.33649579752404,35.44643929375569],[135.3364966885411,35.44645353515959],[135.3364976308212,35.44646850967283],[135.33649834945487,35.446479864789346],[135.33649901264113,35.44649059403849],[135.33651004938048,35.44669521185978],[135.33651585370717,35.446752883852334],[135.3365176279053,35.44677051211313],[135.33651816094354,35.44677589361879],[135.33653282186296,35.447012251770865],[135.33657553372842,35.44698021855995],[135.336731340269,35.44685747429869],[135.33676860767918,35.446826637559525],[135.33675531975925,35.44674181370136]]],"type":"Polygon"},"id":"urf_9243552d-92d1-4032-b8e2-7ac85b4d3952","properties":{"building_coverage_rate":null,"floor_area_rate":null,"geometry_semantics":"source_geometry_clipped_to_public_area_for_display","name":"上安真倉線","object_id":"urf_9243552d-92d1-4032-b8e2-7ac85b4d3952","object_type":"planning","planning_label":"道路","planning_type":"TrafficFacility"},"type":"Feature"},{"geometry":{"coordinates":[[[135.3283111787043,35.435864218778285],[135.32828782560082,35.436436181840236],[135.3282984500923,35.43688088662826],[135.32825690756098,35.436909770344094],[135.32860402686552,35.43683535348501],[135.32853857242267,35.436786044131864],[135.32853012267998,35.436436087328715],[135.3285324952686,35.436336046450094],[135.32855701125604,35.436208825666135],[135.32856526196292,35.43617020199943],[135.32857493018784,35.43613329885171],[135.32859329974903,35.43609635394973],[135.32860894301513,35.436069399292926],[135.328654557415,35.43601430769531],[135.32864931623087,35.435902686704694],[135.32855225634756,35.4358529312026],[135.32854588866806,35.43574302559226],[135.32849199679555,35.434711651559475],[135.32845970674964,35.43471773812854],[135.32825023432844,35.43476167974793],[135.3282382617309,35.434764449229775],[135.3283111787043,35.435864218778285]]],"type":"Polygon"},"id":"urf_9981f73c-d5d7-47d2-bfe2-0b1ee302b5fd","properties":{"building_coverage_rate":null,"floor_area_rate":null,"geometry_semantics":"source_geometry_clipped_to_public_area_for_display","name":"西舞鶴駅真倉線","object_id":"urf_9981f73c-d5d7-47d2-bfe2-0b1ee302b5fd","object_type":"planning","planning_label":"道路","planning_type":"TrafficFacility"},"type":"Feature"},{"geometry":{"coordinates":[[[135.3280355917003,35.43586656134465],[135.3280123789127,35.43643465816886],[135.32802512917468,35.43696798123776],[135.32819407158354,35.43696954331499],[135.32878948026945,35.4369376194651],[135.32882171062624,35.436935896703936],[135.32951236552074,35.436898982211225],[135.329464217549,35.43656624686189],[135.3293994996474,35.43613453717145],[135.3292705652432,35.43537291416638],[135.32911568769717,35.43460873859431],[135.3290951417622,35.4346113272062],[135.32888228770815,35.434642539214664],[135.32867043351035,35.43467801664381],[135.32845970674964,35.43471773812854],[135.32825023432844,35.43476167974793],[135.3280421423943,35.4348098150396],[135.3279667830338,35.43482889329466],[135.3280355917003,35.43586656134465]]],"type":"Polygon"},"id":"urf_9a7ea932-4da9-4b0e-b7ac-1aa7a3e6fb08","properties":{"building_coverage_rate":60.0,"floor_area_rate":200.0,"geometry_semantics":"source_geometry_clipped_to_public_area_for_display","name":null,"object_id":"urf_9a7ea932-4da9-4b0e-b7ac-1aa7a3e6fb08","object_type":"planning","planning_label":"準住居地域","planning_type":"UseDistrict"},"type":"Feature"},{"geometry":{"coordinates":[[[[135.3327991465192,35.44858832589191],[135.3328497460008,35.4481686585533],[135.3332523190842,35.44814752766007],[135.3333419429333,35.448139369296904],[135.3334219393621,35.44816324707314],[135.33380881954614,35.448188358946744],[135.33396357121515,35.447828126326854],[135.3337360038691,35.44749237504198],[135.33323842418446,35.447533714783454],[135.33290798891738,35.44755686677778],[135.33141384614035,35.44769031735658],[135.3309581240299,35.44773287101242],[135.3306092986209,35.44774185315926],[135.3304568113901,35.44774578490851],[135.33034523195334,35.44693105174154],[135.33027168946873,35.44639432775402],[135.330243345435,35.446265551647784],[135.3301400440515,35.4454359911575],[135.33098357881002,35.445410454057715],[135.33117110920583,35.44540419187611],[135.3312470130794,35.445403079997135],[135.33303762493637,35.445351844386444],[135.33333499283745,35.445316881493646],[135.3355826916852,35.445324107424355],[135.33558364340183,35.44526191694809],[135.33558615275655,35.445104016738796],[135.3355653463395,35.44496716179468],[135.3355622555246,35.44479372689746],[135.33553550576397,35.4447380542231],[135.33360868450183,35.44473187796564],[135.33335512318192,35.44473110908819],[135.33305131123657,35.44470627448302],[135.3311453633175,35.444760197578866],[135.33095353715456,35.444766625214754],[135.33007619715738,35.444792957076196],[135.33004932562082,35.44445867284589],[135.33004214778822,35.44430134099056],[135.33003673910017,35.444063443964545],[135.33001347647607,35.44318736494796],[135.33027174656198,35.44316428017954],[135.33080889314903,35.44311569030295],[135.33074119103037,35.442764954830075],[135.33052602269845,35.441638767432686],[135.33048407585724,35.441420166366655],[135.32965766405596,35.44147202401191],[135.32951057826122,35.44149280451189],[135.32950955210808,35.44161655028149],[135.3288738312709,35.44165079530677],[135.32887657404046,35.439950829943754],[135.32887683400944,35.43977352845707],[135.32887047003166,35.43802943408691],[135.32886684941312,35.437722500413955],[135.32883041957712,35.43710747023205],[135.32882171062624,35.436935896703936],[135.32881375942856,35.43677919127114],[135.32880547191007,35.43643608593131],[135.32880779478535,35.43634199393036],[135.32882782182364,35.43585184928017],[135.32876530387787,35.43466212955641],[135.32867043351035,35.43467801664381],[135.32845970674964,35.43471773812854],[135.32825023432844,35.43476167974793],[135.3280421423943,35.4348098150396],[135.3279667830338,35.43482889329465],[135.3280355917003,35.435866561344675],[135.32801237891272,35.43643465816883],[135.32802512917468,35.43696798123778],[135.32700494748022,35.43692372878737],[135.32700666200046,35.436969168292514],[135.32702024143958,35.43715059420409],[135.32702962895502,35.43725340474056],[135.3270412024578,35.43738471131332],[135.32704977690415,35.437493908152284],[135.32705009031656,35.43754889455412],[135.3270508122756,35.43766067066218],[135.3270503996186,35.437802907350154],[135.3270521333835,35.4379651577917],[135.32705383244675,35.43814481383189],[135.3270559364312,35.4383684598418],[135.32705739380646,35.43857848227256],[135.3270678108856,35.43884877633856],[135.327070880452,35.438943159713105],[135.3270739759607,35.439140310426176],[135.32707254029484,35.439312827999174],[135.32706664726712,35.439559045207154],[135.3270696281245,35.43975673609396],[135.32808389427626,35.43976164574287],[135.32808064605703,35.441707326401094],[135.32613789631205,35.44175773003078],[135.32596944517994,35.44176210790637],[135.32545275577482,35.44177545621766],[135.3253908058959,35.442045156626804],[135.3253480505776,35.442377349242356],[135.32534795523418,35.442481179473454],[135.32535665394724,35.442587141047326],[135.3254120167226,35.44300271033222],[135.32490112010566,35.44304556395243],[135.3243583847126,35.443089048482726],[135.32431009839672,35.443054435415306],[135.32432372882616,35.44309732757184],[135.3244000276359,35.44322006372829],[135.32441668510853,35.443282983599026],[135.32440748608028,35.44335567403559],[135.3245843326046,35.443348821443635],[135.32480312494937,35.44333128738974],[135.3249707629561,35.44331915468829],[135.32497453480013,35.44338191229849],[135.32464679810911,35.44341343975923],[135.32465879581665,35.44365182451598],[135.3246468466609,35.44389684472323],[135.32456816817788,35.44391380134277],[135.3245637352063,35.444101616512235],[135.32436470488656,35.44411349183824],[135.3243614311809,35.444149348706354],[135.32434871128004,35.44428745107896],[135.32404740971586,35.44427910325909],[135.3240199484362,35.44448076094742],[135.32399340038415,35.44457318469942],[135.32393660055058,35.444688514538655],[135.32392026948838,35.44508710633961],[135.3239085944565,35.44515284217173],[135.32392781580063,35.44515943979386],[135.32389519041297,35.445240922703285],[135.3238370518212,35.44534371571094],[135.32382296158605,35.445382125995835],[135.32384437686466,35.445389817582736],[135.32372145923003,35.44575841809673],[135.3237287781455,35.44579208080612],[135.32377535940208,35.445846334770465],[135.3238436380841,35.44587457003428],[135.3239409178921,35.44588593146328],[135.32390206730284,35.44606635172311],[135.32375795207238,35.44608375256738],[135.32375254536987,35.4461506952856],[135.32372785041332,35.44615317097606],[135.32371721784259,35.44625226390902],[135.32369131240844,35.44625896455481],[135.32369307749767,35.44626079479215],[135.3238311859436,35.446396989483134],[135.32397333779375,35.446530369476214],[135.32411944742637,35.44666085441442],[135.32426942683404,35.44678836568449],[135.32442318567652,35.446912826464384],[135.3245806313354,35.447034161769494],[135.3247416689696,35.44715229849789],[135.32490620157284,35.4472671654744],[135.32507413003174,35.4473786934935],[135.3252453531858,35.44748681536102],[135.3254197678882,35.44759146593468],[135.32559726906806,35.44769258216334],[135.32574748633164,35.44777375060005],[135.32581642589128,35.44777124897984],[135.32592862471338,35.447763943297936],[135.32593853662732,35.447856661142424],[135.32591122530317,35.44785843604571],[135.32596110133673,35.44788397006373],[135.32614721323856,35.44797412642462],[135.3261772247316,35.44798786207284],[135.32617604246312,35.447974256815634],[135.3263219685519,35.447964615131866],[135.3264940738875,35.44794627672565],[135.32739289764987,35.44785888667462],[135.32808868467183,35.44777377631688],[135.32848081249395,35.447723677708346],[135.3284687073777,35.44758831227909],[135.32806379952913,35.447640061370166],[135.3273708798604,35.447724908138404],[135.32649344462715,35.44781026304755],[135.32632307726948,35.44783157671393],[135.32616535935165,35.44784187369323],[135.32616351742783,35.44774568550295],[135.32630955250352,35.44773613457854],[135.32647771366055,35.44771516917604],[135.32735525877447,35.447629724847964],[135.32804607153318,35.44754513685264],[135.32846135523025,35.447492093454386],[135.32841499319548,35.446920365565454],[135.32840905152122,35.44681216613356],[135.328391106862,35.44651921484119],[135.32838242765072,35.44638386843674],[135.32830919603515,35.44530623187839],[135.328297345133,35.44508730924539],[135.32828126773856,35.44314847180324],[135.3283906811397,35.44317070477468],[135.32841842445842,35.44508455756648],[135.32843017249687,35.445301316289175],[135.3285034204812,35.446378502181545],[135.32851209764877,35.44651411898311],[135.3285300397512,35.44680743080049],[135.32853626711383,35.446921040135315],[135.32855184923935,35.447140425115705],[135.32857445198124,35.44749596749566],[135.32857614644877,35.44753068029621],[135.32859681727157,35.44776208199001],[135.32870476178184,35.44877620123832],[135.3287648752505,35.4487869644735],[135.32895230058875,35.44881659841612],[135.3288281836056,35.44765105574855],[135.32881642604798,35.44748702819344],[135.3287938386326,35.4471295119013],[135.3287789251863,35.44692238050859],[135.32877212707177,35.44679787024807],[135.3287554514441,35.44652438699359],[135.32874611434457,35.44637533587815],[135.32867138681706,35.445276959299264],[135.32866058446754,35.44506562318887],[135.32862779865314,35.442816525534695],[135.3286813549296,35.442759224703906],[135.32873854470262,35.44275647797125],[135.328772188174,35.44506317901806],[135.32878289713227,35.44527253155005],[135.32885751976627,35.44637045679254],[135.32886696497442,35.44651977891757],[135.3288836388089,35.446793523551],[135.32889072631184,35.44692300205465],[135.32890524658876,35.44712445251473],[135.32892783449623,35.44748196879173],[135.32893948383466,35.44764446337889],[135.3290660680336,35.44883274365826],[135.32919052566214,35.44884984029093],[135.3294046371206,35.44887484823485],[135.32961943423643,35.44889554858261],[135.3298347875902,35.44891192886141],[135.33005056742675,35.44892397920146],[135.33026664373406,35.44893169234176],[135.33048288632105,35.44893506363463],[135.3306991648965,35.44893409104838],[135.3309153491474,35.44892877516863],[135.33113130881765,35.448919119197946],[135.33134691378643,35.44890512895389],[135.33156203414697,35.44888681286546],[135.33177654028455,35.448864181968126],[135.33199030295484,35.4488372498971],[135.33220319336183,35.44880603287914],[135.33241508323545,35.44877054972271],[135.33262584490893,35.44873082180673],[135.33276989329858,35.44870060443304],[135.3327991465192,35.44858832589191]]],[[[135.32849773209182,35.44782183364277],[135.32810703717774,35.44787176901437],[135.32740904414794,35.44795712858378],[135.32714136965146,35.44798322843321],[135.32666022870134,35.44802075667953],[135.326303501012,35.4480456560184],[135.32633597337582,35.44806051788835],[135.32652726802868,35.44814309240377],[135.3267209819491,35.44822180021924],[135.3269169984303,35.44829659391265],[135.3271151993773,35.448367428420084],[135.3273154653779,35.44843426106285],[135.32751767577471,35.448497051573376],[135.32772170873807,35.44855576211938],[135.3279274413392,35.44861035732669],[135.3281347496245,35.44866080430066],[135.32834350869035,35.448707072645874],[135.32855359275817,35.4487491344846],[135.32859759883712,35.448757013776934],[135.32849773209182,35.44782183364277]]]],"type":"MultiPolygon"},"id":"urf_9caceb86-7cf7-45ed-b63d-8ade39dd2eec","properties":{"building_coverage_rate":null,"floor_area_rate":null,"geometry_semantics":"source_geometry_clipped_to_public_area_for_display","name":null,"object_id":"urf_9caceb86-7cf7-45ed-b63d-8ade39dd2eec","object_type":"planning","planning_label":"準防火地域","planning_type":"FirePreventionDistrict"},"type":"Feature"},{"geometry":{"coordinates":[[[135.3354552512237,35.43580137011478],[135.3354661692238,35.435893461975425],[135.33548135854625,35.43604344648465],[135.33553905648608,35.43617932383608],[135.33563007621711,35.43638840599325],[135.33577656655524,35.43679148359281],[135.33589498077154,35.43708624898136],[135.33596864741716,35.43730298735471],[135.33597427714187,35.437326969640054],[135.33601015070536,35.43747978856548],[135.33602431271564,35.43756993245062],[135.33604041108035,35.437672401380766],[135.33605917612175,35.43778814367537],[135.33609187666468,35.4379897558342],[135.3360949249018,35.43800854940746],[135.33615217053296,35.43832190729168],[135.3361566375007,35.438394944297436],[135.33615904785302,35.43850383623101],[135.33622936870168,35.43900899120279],[135.33623590586893,35.439031111150456],[135.33626112012558,35.439246852786134],[135.3362664018509,35.439314576066884],[135.33629128721134,35.439746198313685],[135.33635979161,35.44033868762332],[135.3363691845808,35.440831509990055],[135.33641343075905,35.44097876986372],[135.33641722861825,35.44099140984732],[135.33645608340734,35.44263480814666],[135.33647359416835,35.44381893998469],[135.33649288530572,35.4447016124028],[135.33649947555062,35.44500320773539],[135.3364778414868,35.44504887930997],[135.33645127496737,35.44513184120229],[135.33644829858508,35.44541395002746],[135.33648007439336,35.4456236881754],[135.33652152020673,35.446965053714884],[135.33652197108395,35.446977224916786],[135.33652357614878,35.44701918590215],[135.33657553372842,35.44698021855995],[135.336731340269,35.44685747429869],[135.33688341823392,35.44673163789542],[135.33703167601706,35.44660278516337],[135.3371760243151,35.44647099373265],[135.33731637618143,35.44633634300354],[135.3374526470783,35.44619891409856],[135.33758475492795,35.4460587898136],[135.337712620162,35.44591605456798],[135.33783616576923,35.44577079435361],[135.33795531734208,35.44562309668315],[135.33807000312132,35.445473050537245],[135.33818015403946,35.445320746310884],[135.33828570376198,35.44516627575896],[135.3383865887276,35.44500973194098],[135.33848274818627,35.44485120916485],[135.3385741242358,35.444690802930246],[135.3386606618568,35.444528609870886],[135.33874230894557,35.44436472769638],[135.33881901634555,35.444199255133356],[135.33889073787682,35.44403229186588],[135.33895743036393,35.44386393847551],[135.33901905366181,35.44369429638056],[135.3390755706798,35.44352346777513],[135.339126947404,35.44335155556737],[135.33917315291774,35.44317866331761],[135.33921415941995,35.44300489517589],[135.3392499422421,35.44283035581925],[135.33928047986274,35.44265515038858],[135.33930575392043,35.442479384425425],[135.33932574922483,35.44230316380822],[135.3393404537657,35.44212659468867],[135.33934985872,35.441949783427674],[135.33935395845728,35.44177283653132],[135.33935275054273,35.44159586058675],[135.33934623573884,35.441418962197815],[135.3393344180047,35.44124224792106],[135.33931730449362,35.4410658242014],[135.33929490554848,35.44088979730804],[135.33927815350432,35.44078353444585],[135.33919042955384,35.440714993958935],[135.3389629291945,35.44057287065217],[135.33892797198035,35.44055095580161],[135.33888833803832,35.44053523491034],[135.33873649887218,35.44047509205694],[135.33867358535855,35.440423737916554],[135.33866827458013,35.44037278040116],[135.338682847131,35.44034176233288],[135.33876165895182,35.44022690645276],[135.3388548683603,35.44010104228502],[135.338919538057,35.43995104485373],[135.3389399691268,35.43991745381714],[135.33894904889866,35.43990949106865],[135.3389567210478,35.439902762770686],[135.33897125846298,35.43989834919997],[135.3389949258574,35.43989116375413],[135.33904397412851,35.43988700645597],[135.33906392581852,35.439890739416654],[135.33905049689147,35.43984788214154],[135.33899165564617,35.4396775804137],[135.33892772538417,35.43950851169969],[135.33885874464374,35.43934077783255],[135.33878475500433,35.439174479840666],[135.33870580106145,35.439009717887004],[135.3386219303999,35.4388465912087],[135.33853319356493,35.4386851980574],[135.33843964403172,35.438525635639984],[135.3383413381732,35.43836800006018],[135.3382383352259,35.43821238626062],[135.3381306972544,35.43805888796564],[135.33801848911375,35.437907597624914],[135.33790177841044,35.437758606357804],[135.33778063546154,35.43761200389843],[135.33765513325253,35.43746787854175],[135.33752534739295,35.4373263170903],[135.33739135607118,35.43718740480204],[135.3372532400071,35.43705122533891],[135.33711108240354,35.436917860716584],[135.33696496889613,35.436787391255045],[135.3368149875016,35.43665989553024],[135.33666122856502,35.43653545032681],[135.33650378470503,35.4364141305918],[135.33634275075826,35.43629600938962],[135.33617822372227,35.436181157858066],[135.33601030269693,35.43606964516544],[135.33583908882483,35.43596153846899],[135.33566468523048,35.43585690287446],[135.33548719695798,35.435755801396866],[135.3354447727419,35.43573287948128],[135.3354552512237,35.43580137011478]]],"type":"Polygon"},"id":"urf_a52cb245-6617-4d11-9a17-def80b9f2b75","properties":{"building_coverage_rate":null,"floor_area_rate":null,"geometry_semantics":"source_geometry_clipped_to_public_area_for_display","name":null,"object_id":"urf_a52cb245-6617-4d11-9a17-def80b9f2b75","object_type":"planning","planning_label":"市街化区域","planning_type":"AreaClassification"},"type":"Feature"},{"geometry":{"coordinates":[[[135.33934623573884,35.441418962197815],[135.3393344180047,35.44124224792106],[135.33931730449362,35.4410658242014],[135.33929490554848,35.44088979730804],[135.33926723469582,35.440714273270444],[135.33923430863743,35.44053935781455],[135.33919614723996,35.440365156299],[135.33915277352332,35.44019177365176],[135.33910421364644,35.44001931430686],[135.33905049689147,35.43984788214154],[135.33899165564617,35.4396775804137],[135.33892772538417,35.43950851169969],[135.33885874464374,35.43934077783255],[135.33878475500433,35.439174479840666],[135.33870580106145,35.439009717887004],[135.3386219303999,35.4388465912087],[135.33853319356493,35.4386851980574],[135.33843964403172,35.438525635639984],[135.3383413381732,35.43836800006018],[135.3382383352259,35.43821238626062],[135.3381306972544,35.43805888796564],[135.33801848911375,35.437907597624914],[135.33790177841044,35.437758606357804],[135.33778063546154,35.43761200389843],[135.33765513325253,35.43746787854175],[135.33752534739295,35.4373263170903],[135.33739135607118,35.43718740480204],[135.3372532400071,35.43705122533891],[135.33711108240354,35.436917860716584],[135.33696496889613,35.436787391255045],[135.3368149875016,35.43665989553024],[135.33666122856502,35.43653545032681],[135.33650378470503,35.4364141305918],[135.33634275075826,35.43629600938962],[135.33617822372227,35.436181157858066],[135.33601030269693,35.43606964516544],[135.33583908882483,35.43596153846899],[135.33566468523048,35.43585690287446],[135.33548719695798,35.435755801396866],[135.335306730908,35.43565829492268],[135.33512339577325,35.435564442173046],[135.33493730197316,35.435474299668535],[135.33474856158733,35.43538792169514],[135.33455728828807,35.43530536027153],[135.3343635972719,35.43522666511779],[135.3341676051905,35.43515188362551],[135.33396943008,35.43508106082926],[135.3337691912904,35.43501423937946],[135.33356700941349,35.43495145951676],[135.33336300621033,35.43489275904779],[135.33315730453788,35.43483817332241],[135.33295002827523,35.43478773521247],[135.332741302249,35.434741475092],[135.33253125215805,35.434699420818916],[135.332320004498,35.43466159771837],[135.33210768648516,35.43462802856729],[135.33189442597975,35.434598733580934],[135.33168035140918,35.43457373040055],[135.33146559169063,35.43455303408281],[135.33125027615355,35.43453665709077],[135.3310345344619,35.43452460928635],[135.33081849653593,35.43451689792439],[135.33060229247408,35.43451352764834],[135.33038605247492,35.43451450048741],[135.3301699067584,35.43451981585537],[135.32995398548792,35.434529470550885],[135.32973841869165,35.4345434587595],[135.3295233361845,35.434561772057066],[135.32930886749,35.43458439941486],[135.3290951417622,35.4346113272062],[135.32888228770815,35.434642539214664],[135.32867043351035,35.43467801664381],[135.32845970674964,35.43471773812854],[135.32825023432844,35.43476167974793],[135.3280421423943,35.4348098150396],[135.32783555626406,35.434862115015704],[135.32763060034858,35.434918548180285],[135.32742739807753,35.43497908054834],[135.32722607182538,35.43504367566617],[135.3270267428377,35.43511229463334],[135.32682953115807,35.43518489612616],[135.326634555556,35.43526143642245],[135.32644193345536,35.43534186942792],[135.32625178086366,35.43542614670393],[135.3260642123022,35.43551421749653],[135.32587934073743,35.43560602876713],[135.32569727751246,35.43570152522434],[135.3255181322804,35.43580064935728],[135.32534201293825,35.43590334147018],[135.32516902556188,35.43600953971833],[135.32499927434222,35.43611918014526],[135.32483286152248,35.43623219672126],[135.32466988733663,35.43634852138312],[135.32451044994906,35.436468084075095],[135.32435464539535,35.43659081279107],[135.3242025675245,35.43671663361789],[135.32405430794253,35.43684547077985],[135.32390995595696,35.43697724668434],[135.32376959852346,35.43711188196849],[135.323633320193,35.437249295547],[135.32350120306137,35.437389404660884],[135.3233733267193,35.437532124927394],[135.3232497682047,35.43767737039068],[135.32313060195634,35.43782505357362],[135.32301589976862,35.4379750855305],[135.3229057307488,35.43812737590048],[135.3228001612748,35.43828183296205],[135.3226992549556,35.43843836368825],[135.3226030725927,35.43859687380264],[135.32251167214335,35.438757267836095],[135.32242510868588,35.43891944918429],[135.32234343438608,35.439083320165814],[135.3222666984662,35.43924878208101],[135.32219494717478,35.43941573527147],[135.32212822375897,35.439584079179895],[135.32206656843837,35.43975371241081],[135.3220100183808,35.43992453279152],[135.32195860767973,35.44009643743362],[135.32191236733374,35.44026932279505],[135.32187132522768,35.44044308474235],[135.32183550611597,35.44061761861341],[135.32180493160752,35.44079281928054],[135.3217796201525,35.44096858121369],[135.32175958703144,35.44114479854411],[135.32174484434563,35.44132136512805],[135.32173540101002,35.441498174610686],[135.3217312627476,35.44167512049022],[135.32173243208587,35.441852096182],[135.32173890835534,35.44202899508271],[135.32175068768973,35.44220571063462],[135.3217677630283,35.44238213638974],[135.32179012412004,35.442558166073965],[135.32181775752963,35.44273369365109],[135.32185064664557,35.44290861338666],[135.32188877169006,35.443082819911716],[135.32193210973085,35.443256208286236],[135.32198063469497,35.44342867406238],[135.32203431738435,35.44360011334743],[135.32209312549332,35.443770422866315],[135.32215702362802,35.44393950002392],[135.32222597332765,35.444107242966886],[135.32229993308752,35.44427355064492],[135.32237885838407,35.444438322871775],[135.32246270170154,35.44460146038552],[135.32255141256056,35.44476286490845],[135.3226449375485,35.44492243920622],[135.32274322035158,35.44508008714653],[135.3228462017888,35.44523571375699],[135.3229538198474,35.44538922528237],[135.32306600972035,35.44554052924112],[135.3231827038451,35.44568953448108],[135.32330383194454,35.44583615123446],[135.32342932106903,35.445980291171885],[135.32355909564046,35.44612186745567],[135.32369307749767,35.44626079479215],[135.3238311859436,35.446396989483134],[135.32397333779375,35.446530369476214],[135.32411944742637,35.44666085441442],[135.32426942683404,35.44678836568449],[135.32442318567652,35.446912826464384],[135.3245806313354,35.447034161769494],[135.3247416689696,35.44715229849789],[135.32490620157284,35.4472671654744],[135.32507413003174,35.4473786934935],[135.3252453531858,35.44748681536102],[135.3254197678882,35.44759146593468],[135.32559726906806,35.44769258216334],[135.32577774979362,35.44779010312505],[135.32596110133673,35.44788397006373],[135.32614721323856,35.44797412642462],[135.32633597337582,35.44806051788835],[135.32652726802868,35.44814309240377],[135.3267209819491,35.44822180021924],[135.3269169984303,35.44829659391265],[135.3271151993773,35.448367428420084],[135.3273154653779,35.44843426106285],[135.32751767577471,35.448497051573376],[135.32772170873807,35.44855576211938],[135.3279274413392,35.44861035732669],[135.3281347496245,35.44866080430066],[135.32834350869035,35.448707072645874],[135.32855359275817,35.4487491344846],[135.3287648752505,35.4487869644735],[135.32897722886716,35.448820539818996],[135.32919052566214,35.44884984029093],[135.3294046371206,35.44887484823485],[135.32961943423643,35.44889554858261],[135.3298347875902,35.44891192886141],[135.33005056742675,35.44892397920146],[135.33026664373406,35.44893169234176],[135.33048288632105,35.44893506363463],[135.3306991648965,35.44893409104838],[135.3309153491474,35.44892877516863],[135.33113130881765,35.448919119197946],[135.33134691378643,35.44890512895389],[135.33156203414697,35.44888681286546],[135.33177654028455,35.448864181968126],[135.33199030295484,35.4488372498971],[135.33220319336183,35.44880603287914],[135.33241508323545,35.44877054972271],[135.33262584490893,35.44873082180673],[135.33283535139574,35.448686873067615],[135.33304347646626,35.44863872998489],[135.33325009472372,35.44858642156519],[135.33345508168003,35.44852997932478],[135.33365831383063,35.44846943727057],[135.3338596687291,35.448404831879564],[135.3340590250609,35.448336202076945],[135.33425626271648,35.44826358921252],[135.33445126286378,35.44818703703586],[135.33464390801987,35.448106591669855],[135.3348340821217,35.44802230158297],[135.33502167059598,35.44793421755997],[135.33520656042847,35.44784239267134],[135.335388640232,35.447746882241276],[135.3355678003135,35.44764774381433],[135.3357439327402,35.447545037120676],[135.3359169314047,35.447438824040184],[135.33608669208894,35.44732916856505],[135.33625311252683,35.44721613676122],[135.33641609246607,35.447099796728594],[135.33657553372842,35.44698021855995],[135.336731340269,35.44685747429869],[135.33688341823392,35.44673163789542],[135.33703167601706,35.44660278516337],[135.3371760243151,35.44647099373265],[135.33731637618143,35.44633634300354],[135.3374526470783,35.44619891409856],[135.33758475492795,35.4460587898136],[135.337712620162,35.44591605456798],[135.33783616576923,35.44577079435361],[135.33795531734208,35.44562309668315],[135.33807000312132,35.445473050537245],[135.33818015403946,35.445320746310884],[135.33828570376198,35.44516627575896],[135.3383865887276,35.44500973194098],[135.33848274818627,35.44485120916485],[135.3385741242358,35.444690802930246],[135.3386606618568,35.444528609870886],[135.33874230894557,35.44436472769638],[135.33881901634555,35.444199255133356],[135.33889073787682,35.44403229186588],[135.33895743036393,35.44386393847551],[135.33901905366181,35.44369429638056],[135.3390755706798,35.44352346777513],[135.339126947404,35.44335155556737],[135.33917315291774,35.44317866331761],[135.33921415941995,35.44300489517589],[135.3392499422421,35.44283035581925],[135.33928047986274,35.44265515038858],[135.33930575392043,35.442479384425425],[135.33932574922483,35.44230316380822],[135.3393404537657,35.44212659468867],[135.33934985872,35.441949783427674],[135.33935395845728,35.44177283653132],[135.33935275054273,35.44159586058675],[135.33934623573884,35.441418962197815]]],"type":"Polygon"},"id":"urf_a950572a-0bee-480b-9ade-d0191fbfb27d","properties":{"building_coverage_rate":null,"floor_area_rate":null,"geometry_semantics":"source_geometry_clipped_to_public_area_for_display","name":"舞鶴都市計画区域","object_id":"urf_a950572a-0bee-480b-9ade-d0191fbfb27d","object_type":"planning","planning_label":"都市計画区域","planning_type":"UrbanPlanningArea"},"type":"Feature"},{"geometry":{"coordinates":[[[135.32593853662732,35.447856661142424],[135.32592862471338,35.447763943297936],[135.32581642589128,35.44777124897984],[135.32574748633164,35.44777375060005],[135.32577774979362,35.44779010312505],[135.32591122530317,35.44785843604571],[135.32593853662732,35.447856661142424]]],"type":"Polygon"},"id":"urf_a9648ee0-aa81-47de-916c-542ef651b8d3","properties":{"building_coverage_rate":null,"floor_area_rate":null,"geometry_semantics":"source_geometry_clipped_to_public_area_for_display","name":null,"object_id":"urf_a9648ee0-aa81-47de-916c-542ef651b8d3","object_type":"planning","planning_label":"防火地域","planning_type":"FirePreventionDistrict"},"type":"Feature"},{"geometry":{"coordinates":[[[135.33047194993267,35.441356973311436],[135.32968393226272,35.44146824882063],[135.3296955610811,35.44177947229412],[135.32971842001038,35.44242479418602],[135.3297237381349,35.44264692551959],[135.32972889719403,35.442888246494554],[135.32973622943484,35.443121205638384],[135.32973822661012,35.44319917769798],[135.33001347647607,35.44318736494798],[135.33027174656198,35.44316428017954],[135.33080889314903,35.44311569030295],[135.33074119103037,35.44276495483005],[135.33052602269842,35.44163876743264],[135.33047194993267,35.441356973311436]]],"type":"Polygon"},"id":"urf_b6bad2a4-14e0-4a07-89da-c05c7c0f519f","properties":{"building_coverage_rate":null,"floor_area_rate":null,"geometry_semantics":"source_geometry_clipped_to_public_area_for_display","name":"西舞鶴駅前地区地区計画","object_id":"urf_b6bad2a4-14e0-4a07-89da-c05c7c0f519f","object_type":"planning","planning_label":"地区計画","planning_type":"DistrictPlan"},"type":"Feature"},{"geometry":{"coordinates":[[[135.3292705652432,35.43537291416638],[135.3293994996474,35.43613453717145],[135.329464217549,35.43656624686189],[135.3298031714716,35.43654915454274],[135.3301667740606,35.43653079185072],[135.33091537576175,35.43649311811036],[135.33103743238888,35.43655706285701],[135.33286557899396,35.43645548675791],[135.33307764451584,35.43644717569355],[135.33345854261682,35.43643225177643],[135.33348114068735,35.4365100761989],[135.33358135287284,35.43688613870409],[135.33360697022766,35.43697317392351],[135.3336878829408,35.43725881069848],[135.33370947961293,35.43736465370351],[135.33371930735694,35.43742843608283],[135.33372950436873,35.43750087382517],[135.33373705761417,35.43758672766113],[135.33373975424624,35.4376604760946],[135.3337336224814,35.4379782627062],[135.33369740816107,35.43978412891013],[135.33368794414932,35.44020950469339],[135.33367380614638,35.44084517544612],[135.33366166350697,35.44154475650937],[135.33365709949484,35.44174437965552],[135.33365702943945,35.441747534125355],[135.3336314185498,35.44345440424791],[135.33363535172356,35.44406104155992],[135.33363144491602,35.444388034258154],[135.33360868450183,35.44473187796563],[135.33470812802912,35.44473539964454],[135.33553550576397,35.44473805422307],[135.33551432331035,35.44469387783027],[135.33545504233555,35.444570313873946],[135.33543471962795,35.444509998352935],[135.3354404735038,35.44437148680109],[135.33544223405832,35.44386249208436],[135.33542278618987,35.44343982363789],[135.33542741833995,35.443270262103844],[135.33542696556503,35.44325432308144],[135.33541194199427,35.44290850420297],[135.3354004168285,35.44247344015174],[135.3353905840549,35.44198123740949],[135.33538812755467,35.4418244815891],[135.3353801011464,35.441647197547546],[135.335376091645,35.44155877638508],[135.33537339791457,35.44113206263365],[135.3353726342977,35.441093641283594],[135.3353587994606,35.44070282523373],[135.33535198513593,35.44051035674171],[135.33536114143547,35.44031968248823],[135.33536865814395,35.44020921371165],[135.33536381521154,35.440155193916894],[135.33535190159938,35.43991617940975],[135.33534326481808,35.43984131666522],[135.33534284022159,35.43950303243524],[135.33534692774134,35.439394347543335],[135.33534550929627,35.439312313424956],[135.33533735750905,35.43923205402849],[135.33530844738888,35.43899591148187],[135.33530194655646,35.438942603657836],[135.33529833936822,35.438899055768715],[135.33526298252875,35.43872498334927],[135.33523894920617,35.43859369905806],[135.33522168247106,35.438495451836054],[135.33520291776705,35.438272615504445],[135.3351958042036,35.438146481143896],[135.3351733284515,35.43809371631725],[135.33514964029942,35.438014263719225],[135.33509518258953,35.43787136422065],[135.3350634251784,35.437782051048615],[135.33502782678696,35.43761068136836],[135.33493783769237,35.43727496843558],[135.3349295543095,35.43715721050928],[135.33492071357907,35.437107224898845],[135.33485310019014,35.43685121870968],[135.33477716094345,35.43652153218502],[135.33470851195378,35.43627102767316],[135.33462924787509,35.43590382494948],[135.3346299812899,35.43581468166911],[135.334599205308,35.435618288804264],[135.33454218840527,35.43529922532318],[135.3343635972719,35.43522666511779],[135.3341676051905,35.43515188362551],[135.33396943008,35.43508106082926],[135.3337691912904,35.43501423937946],[135.33356700941349,35.43495145951676],[135.33336300621033,35.43489275904779],[135.33315730453788,35.43483817332241],[135.33295002827523,35.43478773521247],[135.332741302249,35.434741475092],[135.33253125215805,35.434699420818916],[135.332320004498,35.43466159771837],[135.33210768648516,35.43462802856729],[135.33189442597975,35.434598733580934],[135.33168035140918,35.43457373040055],[135.33146559169063,35.43455303408281],[135.33125027615355,35.43453665709077],[135.3310345344619,35.43452460928635],[135.33081849653593,35.43451689792439],[135.33060229247408,35.43451352764834],[135.33038605247492,35.43451450048741],[135.3301699067584,35.43451981585537],[135.32995398548792,35.434529470550885],[135.32973841869165,35.4345434587595],[135.3295233361845,35.434561772057066],[135.32930886749,35.43458439941486],[135.32911568769717,35.43460873859431],[135.3292705652432,35.43537291416638]]],"type":"Polygon"},"id":"urf_b77cb466-63b3-4c3e-b2fb-67cb05ed1666","properties":{"building_coverage_rate":60.0,"floor_area_rate":200.0,"geometry_semantics":"source_geometry_clipped_to_public_area_for_display","name":null,"object_id":"urf_b77cb466-63b3-4c3e-b2fb-67cb05ed1666","object_type":"planning","planning_label":"第1種住居地域","planning_type":"UseDistrict"},"type":"Feature"},{"geometry":{"coordinates":[[[135.3263219685519,35.447964615133344],[135.32649407388743,35.447946276727116],[135.32739289764987,35.44785888667608],[135.32808868467183,35.44777377631837],[135.32852657572062,35.447717793812224],[135.3285968172717,35.44776208199149],[135.32857614644877,35.44753068029767],[135.32851943243472,35.44758183402841],[135.32806379952913,35.44764006137166],[135.3273708798604,35.44772490813988],[135.32649344462715,35.447810263049035],[135.32632307726945,35.44783157671541],[135.32593921271564,35.4478566048264],[135.3259112090445,35.44785842772209],[135.32596110133673,35.44788397006373],[135.32614721323856,35.44797412642462],[135.32615106324226,35.44797588849346],[135.3263219685519,35.447964615133344]]],"type":"Polygon"},"id":"urf_b9dc0b4b-6f4c-40b4-bfb3-0e2c5a9a7e3c","properties":{"building_coverage_rate":null,"floor_area_rate":null,"geometry_semantics":"source_geometry_clipped_to_public_area_for_display","name":"追手紺屋町線","object_id":"urf_b9dc0b4b-6f4c-40b4-bfb3-0e2c5a9a7e3c","object_type":"planning","planning_label":"道路","planning_type":"TrafficFacility"},"type":"Feature"},{"geometry":{"coordinates":[[[135.33446074738762,35.447688800644],[135.3344026368248,35.44766919059989],[135.33434486193605,35.447648951408],[135.3342875313137,35.44762827295886],[135.33423031539922,35.44760704526931],[135.3341732148619,35.447585187218316],[135.33411666881753,35.447562881505355],[135.33406045770946,35.447540036781604],[135.3340044721312,35.44751656230516],[135.33394882141673,35.44749255783214],[135.33389361363703,35.44746827634756],[135.3338386321324,35.44744327497704],[135.3337840949749,35.447417825340196],[135.3337297826087,35.44739183608741],[135.333676026152,35.4473652279217],[135.33364383041354,35.44740902887762],[135.33369791652012,35.44743573802952],[135.33375277816808,35.44746191060525],[135.33380808267938,35.44748781518391],[135.33386361346794,35.44751299987653],[135.33391936830452,35.44753773508638],[135.33397578934742,35.44756183396135],[135.33403232272758,35.447585672027586],[135.33408919253125,35.44760879081381],[135.3341463972723,35.44763137058855],[135.33420404784226,35.4476533218243],[135.3342620326798,35.44767481516871],[135.33432013207778,35.447695777298854],[135.33437856566744,35.44771629055035],[135.33443744434032,35.44773626539535],[135.33503383124935,35.447928178029244],[135.3351009880368,35.447894824891186],[135.33446074738762,35.447688800644]]],"type":"Polygon"},"id":"urf_be97297c-721b-4f95-9ca6-d7f9c89c5b7f","properties":{"building_coverage_rate":null,"floor_area_rate":null,"geometry_semantics":"source_geometry_clipped_to_public_area_for_display","name":"西日本旅客鉄道 舞鶴線 小浜線","object_id":"urf_be97297c-721b-4f95-9ca6-d7f9c89c5b7f","object_type":"planning","planning_label":"都市高速鉄道","planning_type":"TrafficFacility"},"type":"Feature"},{"geometry":{"coordinates":[[[135.33288541681333,35.44848067868398],[135.3328940806522,35.44813729773349],[135.33283903920753,35.44774348103158],[135.33267175690727,35.447177329991305],[135.33243653901962,35.446720508664164],[135.33219321370302,35.44655462509954],[135.33243118237843,35.44639567430702],[135.33286294631927,35.44634463870093],[135.3331381575174,35.4463289877457],[135.33314436327456,35.44557667086742],[135.33317173426298,35.445089520616804],[135.33315463362507,35.444946610877544],[135.3331715660108,35.4448815449192],[135.3332176615068,35.44467484111989],[135.3332353303796,35.444522513942],[135.33324552224687,35.44430182030461],[135.33324789987222,35.444026820208926],[135.33324731511948,35.44373311781304],[135.33324751922984,35.44367903618171],[135.333249236724,35.443359882071235],[135.33324878758302,35.44278390226653],[135.33324941258792,35.44274812093957],[135.33325432542742,35.44251306603056],[135.33325547651998,35.44245358127191],[135.33326282731377,35.442056380393545],[135.3332641681393,35.44196057021826],[135.3332681547188,35.44178836353232],[135.33327584366396,35.44140095357302],[135.33328813510255,35.440657025368495],[135.33329087531922,35.440631892013755],[135.3333176545535,35.439467987596615],[135.3333187040309,35.43942085052989],[135.33333201994466,35.438901183568376],[135.33333350098275,35.43868143332365],[135.33333301712472,35.438646637654145],[135.33333839219617,35.43838211016245],[135.33333987782726,35.438308745267044],[135.33334601280004,35.43800546149095],[135.33294839753785,35.43805933195696],[135.33292365900215,35.438067397987425],[135.33211236659085,35.438172431967125],[135.33198151709317,35.43818585980246],[135.33082665145207,35.43833540408039],[135.3308055236861,35.43833303437608],[135.33007713793546,35.43842796713386],[135.32968767412441,35.438481060582006],[135.32959086664988,35.43849341281315],[135.329294200233,35.43852637849342],[135.32909860138017,35.438551162097],[135.32905294642003,35.438557938508865],[135.3286166612233,35.438609605652886],[135.32853740850797,35.43862187423934],[135.32852013515438,35.44122723812636],[135.32851352849408,35.44222289826352],[135.3285132011735,35.44227231061478],[135.32851255912152,35.44236889780404],[135.3285143290525,35.442468942885526],[135.32729661804098,35.4428131067797],[135.32666839968255,35.44297440226666],[135.32602651703905,35.44314861652091],[135.32589107561316,35.443174571914604],[135.3255829824197,35.443214825705844],[135.3250300156282,35.4432632508454],[135.3250865124253,35.44403628108142],[135.32441930030313,35.44408406325616],[135.32430420398387,35.4450985228695],[135.32425932431775,35.44522461323771],[135.32422720419524,35.4453017049373],[135.32409064864316,35.44552989268118],[135.3239662988255,35.44597136094087],[135.32395210858232,35.44620452727766],[135.32397473112565,35.44653161381059],[135.32411944742637,35.44666085441442],[135.32426942683404,35.44678836568449],[135.32442318567652,35.446912826464384],[135.3245806313354,35.447034161769494],[135.3247416689696,35.44715229849789],[135.32490620157284,35.4472671654744],[135.32507413003174,35.4473786934935],[135.3252453531858,35.44748681536102],[135.3254197678882,35.44759146593468],[135.32559726906806,35.44769258216334],[135.32577774979362,35.44779010312505],[135.32596110133673,35.44788397006373],[135.32614721323856,35.44797412642462],[135.32633597337582,35.44806051788835],[135.32652726802868,35.44814309240377],[135.3267209819491,35.44822180021924],[135.3269169984303,35.44829659391265],[135.3271151993773,35.448367428420084],[135.3273154653779,35.44843426106285],[135.32751767577471,35.448497051573376],[135.32772170873807,35.44855576211938],[135.3279274413392,35.44861035732669],[135.3281347496245,35.44866080430066],[135.32834350869035,35.448707072645874],[135.32855359275817,35.4487491344846],[135.3287648752505,35.4487869644735],[135.32897722886716,35.448820539818996],[135.32919052566214,35.44884984029093],[135.3294046371206,35.44887484823485],[135.32961943423643,35.44889554858261],[135.3298347875902,35.44891192886141],[135.33005056742675,35.44892397920146],[135.33026664373406,35.44893169234176],[135.33048288632105,35.44893506363463],[135.3306991648965,35.44893409104838],[135.3309153491474,35.44892877516863],[135.33113130881765,35.448919119197946],[135.33134691378643,35.44890512895389],[135.33156203414697,35.44888681286546],[135.33177654028455,35.448864181968126],[135.33199030295484,35.4488372498971],[135.33220319336183,35.44880603287914],[135.33241508323545,35.44877054972271],[135.33262584490893,35.44873082180673],[135.33283535139574,35.448686873067615],[135.33286436731586,35.44868016118701],[135.33288541681333,35.44848067868398]]],"type":"Polygon"},"id":"urf_c707fc17-21f6-4996-afea-1b5642eac520","properties":{"building_coverage_rate":null,"floor_area_rate":null,"geometry_semantics":"source_geometry_clipped_to_public_area_for_display","name":"西地区","object_id":"urf_c707fc17-21f6-4996-afea-1b5642eac520","object_type":"planning","planning_label":"都市計画区域","planning_type":"ResidenceAttractionArea"},"type":"Feature"},{"geometry":{"coordinates":[[[135.33829471262735,35.44476228561432],[135.33828018805661,35.44382911674095],[135.33647359416835,35.44381893998469],[135.33649947555065,35.44500320773537],[135.3364778414868,35.44504887930997],[135.33645127496735,35.44513184120229],[135.33644829858508,35.44541395002746],[135.33774576143188,35.44545775164595],[135.3379131467106,35.44546334791781],[135.33807074842986,35.44547202001124],[135.33818015403946,35.445320746310884],[135.33828570376198,35.44516627575896],[135.3383865887276,35.44500973194098],[135.33848274818627,35.44485120916485],[135.3385299410713,35.44476836442816],[135.33829471262735,35.44476228561432]]],"type":"Polygon"},"id":"urf_cc58501a-a6d1-420e-a7f5-272444b0f5df","properties":{"building_coverage_rate":null,"floor_area_rate":null,"geometry_semantics":"source_geometry_clipped_to_public_area_for_display","name":null,"object_id":"urf_cc58501a-a6d1-420e-a7f5-272444b0f5df","object_type":"planning","planning_label":"準防火地域","planning_type":"FirePreventionDistrict"},"type":"Feature"},{"geometry":{"coordinates":[[[135.33919042955384,35.44071499395892],[135.33896292919454,35.44057287065217],[135.33892797198035,35.44055095580159],[135.3388883380383,35.44053523491032],[135.3387364988722,35.44047509205692],[135.33867358535858,35.44042373791658],[135.33866827458013,35.44037278040115],[135.33868284713103,35.44034176233289],[135.33876165895182,35.44022690645276],[135.3388548683603,35.44010104228502],[135.338919538057,35.43995104485373],[135.33893996912684,35.43991745381714],[135.33895672104782,35.43990276277067],[135.33899492585743,35.43989116375413],[135.33904397412854,35.43988700645597],[135.33906392581852,35.43989073941665],[135.33905049689147,35.43984788214154],[135.33899165564617,35.4396775804137],[135.33892772538417,35.43950851169969],[135.33885874464374,35.43934077783255],[135.33878475500433,35.439174479840666],[135.33870580106145,35.439009717887004],[135.3386219303999,35.4388465912087],[135.33853319356493,35.4386851980574],[135.33843964403172,35.438525635639984],[135.3383413381732,35.43836800006018],[135.3382383352259,35.43821238626062],[135.3381306972544,35.43805888796564],[135.33801848911375,35.437907597624914],[135.33790177841044,35.437758606357804],[135.33778063546154,35.43761200389843],[135.33765808721947,35.43747127085229],[135.33755323505721,35.43754755796148],[135.33744053245087,35.437658531444875],[135.33736493145187,35.437757990394445],[135.3372329009062,35.43797079560942],[135.33717523231172,35.43803240441767],[135.3370874960872,35.438100581487035],[135.33706061545928,35.438121463286656],[135.33694364774593,35.438188244843396],[135.33676628543932,35.43825947190347],[135.33656363116242,35.438325692232304],[135.3364944323063,35.43834270877171],[135.33627410995052,35.43837413708469],[135.3361566375007,35.43839494429742],[135.33615904785302,35.43850383623101],[135.33622936870168,35.43900899120278],[135.33623590586893,35.43903111115044],[135.33626112012558,35.43924685278614],[135.3362664018509,35.439314576066906],[135.33629128721134,35.439746198313685],[135.33635979161,35.44033868762332],[135.33636918458066,35.44083150999002],[135.33641722861827,35.440991409847264],[135.3364560834073,35.44263480814666],[135.33647359416835,35.44381893998469],[135.33828018805661,35.44382911674095],[135.3382824214237,35.44377695667105],[135.33899192522708,35.44376897804271],[135.33901905366181,35.44369429638056],[135.3390755706798,35.44352346777513],[135.339126947404,35.44335155556737],[135.33917315291774,35.44317866331761],[135.33921415941995,35.44300489517589],[135.3392499422421,35.44283035581925],[135.33928047986274,35.44265515038858],[135.33930575392043,35.442479384425425],[135.33932574922483,35.44230316380822],[135.3393404537657,35.44212659468867],[135.33934985872,35.441949783427674],[135.33935395845728,35.44177283653132],[135.33935275054273,35.44159586058675],[135.33934623573884,35.441418962197815],[135.3393344180047,35.44124224792106],[135.33931730449362,35.4410658242014],[135.33929490554848,35.44088979730804],[135.33927815350432,35.440783534445806],[135.33919042955384,35.44071499395892]]],"type":"Polygon"},"id":"urf_ce4ff290-ebfa-405d-a76c-6a97c580f353","properties":{"building_coverage_rate":60.0,"floor_area_rate":200.0,"geometry_semantics":"source_geometry_clipped_to_public_area_for_display","name":null,"object_id":"urf_ce4ff290-ebfa-405d-a76c-6a97c580f353","object_type":"planning","planning_label":"工業地域","planning_type":"UseDistrict"},"type":"Feature"},{"geometry":{"coordinates":[[[135.3286354116006,35.437048255562125],[135.32865766793807,35.437047297648306],[135.32900727509917,35.43703147467059],[135.32901437182906,35.4370389956293],[135.32905943666452,35.437036902448426],[135.32906611209282,35.43702882705091],[135.32985246854744,35.43699326263766],[135.32990064702435,35.437014162805184],[135.32998697117836,35.43700400548596],[135.3300130030956,35.43698603203943],[135.33107988130988,35.43693776496034],[135.33107861357342,35.43691792739826],[135.33294230689572,35.43682213572278],[135.33312623371597,35.43691652653144],[135.33314134927818,35.436969431367466],[135.33324474035427,35.437331179603305],[135.333262526806,35.43741817164398],[135.33327089985295,35.43747266172621],[135.33328526744378,35.43753348561219],[135.33329690030843,35.43760539048349],[135.33329917590055,35.437663362306964],[135.33329310124378,35.43797267615381],[135.33326548672852,35.43945437848005],[135.33325688370638,35.439777739921006],[135.33324644024137,35.44022944879919],[135.33323326030677,35.440840679136635],[135.3332227708566,35.44143282386621],[135.3332151347319,35.44182586779344],[135.33319083181235,35.44345314346302],[135.3331947578886,35.44406024043983],[135.333190937765,35.444376507085856],[135.33317573063394,35.444605645841385],[135.33315441285453,35.444759656276034],[135.33312837391153,35.44487173513961],[135.33304239928677,35.44493201370015],[135.33334092876942,35.444956368468596],[135.33328800886358,35.44490867229073],[135.33331782066963,35.4447798484265],[135.3333405335505,35.44461691291911],[135.33335612780806,35.444380844611096],[135.3333599807306,35.444060521895224],[135.33335605192707,35.44345360517946],[135.3333816908481,35.44174404015263],[135.3333863271662,35.44154107327188],[135.33339847211207,35.440841501275436],[135.33341163675462,35.44023197445177],[135.33342207922323,35.439780274562786],[135.33343068240265,35.43945681395486],[135.33345829827644,35.437974579763534],[135.33346439904676,35.43766202105183],[135.33346206074683,35.43759828000039],[135.33345529986133,35.437521895099025],[135.33344593440526,35.43745550122661],[135.33343694182562,35.43739732105779],[135.33341767495335,35.43730283934633],[135.33333901209997,35.43702496675866],[135.3333045661188,35.43690801072904],[135.33324409406998,35.4366634042425],[135.3329566928648,35.43667772266185],[135.33288146664327,35.43668046190517],[135.33240545706414,35.436705242139894],[135.33207438134139,35.436731264019706],[135.33096537130274,35.43678696825838],[135.33084254724812,35.43672255947866],[135.3301149998396,35.43675918677694],[135.3300686497731,35.436743606015334],[135.33000998100997,35.43675256477519],[135.32998134401143,35.4367659266869],[135.32907307880748,35.436811730408266],[135.3290643248303,35.436804831215476],[135.32900459869222,35.43680846542079],[135.32899628974172,35.43681563034917],[135.3286440246306,35.436833322422636],[135.32860402686552,35.436835353486465],[135.3286354116006,35.437048255562125]]],"type":"Polygon"},"id":"urf_d093d099-970e-4fd6-9316-cbed80c07711","properties":{"building_coverage_rate":null,"floor_area_rate":null,"geometry_semantics":"source_geometry_clipped_to_public_area_for_display","name":"引土伊佐津線","object_id":"urf_d093d099-970e-4fd6-9316-cbed80c07711","object_type":"planning","planning_label":"道路","planning_type":"TrafficFacility"},"type":"Feature"},{"geometry":{"coordinates":[[[135.33792797615533,35.445238361851736],[135.3380121977764,35.44529894622316],[135.33801395416714,35.44532927852268],[135.33802565629668,35.44553107062818],[135.33807000312132,35.445473050537245],[135.33818015403946,35.445320746310884],[135.33822528325393,35.4452547004179],[135.33792797615533,35.445238361851736]]],"type":"Polygon"},"id":"urf_dc7359ca-281a-4a66-9ca1-fda9f8f7d9c3","properties":{"building_coverage_rate":null,"floor_area_rate":null,"geometry_semantics":"source_geometry_clipped_to_public_area_for_display","name":"上安久倉谷線","object_id":"urf_dc7359ca-281a-4a66-9ca1-fda9f8f7d9c3","object_type":"planning","planning_label":"道路","planning_type":"TrafficFacility"},"type":"Feature"},{"geometry":{"coordinates":[[[135.33566802398107,35.44755470585343],[135.33566371771283,35.44743816161231],[135.33565166959983,35.44718851030383],[135.3356454932505,35.44696024515273],[135.33564412301587,35.446939325435864],[135.3356247594043,35.44677562616277],[135.33561289165328,35.44656997037405],[135.33560875318952,35.44645807860234],[135.33561735918659,35.44630759433406],[135.33562249764273,35.446218484449545],[135.3356151263589,35.445922518517236],[135.33559901742763,35.44561614754719],[135.33558988367406,35.445548051567954],[135.3355840008007,35.44545968325391],[135.33558124410519,35.445419826771236],[135.3355826916852,35.44532410742291],[135.3355836434018,35.44526191694661],[135.33558615275658,35.44510401673738],[135.33557333596397,35.44501971388673],[135.33556534633948,35.44496716179323],[135.3355622555246,35.444793726896016],[135.33553550576394,35.44473805422162],[135.33551432331032,35.44469387782883],[135.33545504233555,35.4445703138725],[135.33543471962795,35.44450999835152],[135.3354404735038,35.444371486799646],[135.33544223405832,35.44386249208295],[135.33542278618984,35.44343982363644],[135.33542741833998,35.44327026210239],[135.335426965565,35.44325432308],[135.33541194199424,35.44290850420154],[135.33540041682852,35.44247344015028],[135.33539058405492,35.44198123740806],[135.3353881275547,35.441824481587645],[135.3353801011464,35.44164719754612],[135.33537609164497,35.441558776383644],[135.33537339791457,35.44113206263221],[135.33537263429767,35.44109364128215],[135.3353587994606,35.44070282523228],[135.33535198513587,35.440510356740276],[135.33536114143547,35.44031968248679],[135.33536865814395,35.44020921371018],[135.33536381521154,35.440155193915444],[135.33535980565722,35.44007475315094],[135.3353519015994,35.439916179408314],[135.3353464140039,35.439868613502014],[135.33534326481808,35.43984131666378],[135.33534284022156,35.439503032433834],[135.33534692774134,35.43939434754192],[135.33534550929627,35.439312313423535],[135.33533735750902,35.439232054027066],[135.33530844738885,35.438995911480404],[135.33530194655646,35.4389426036564],[135.33529833936822,35.43889905576727],[135.33526298252872,35.43872498334785],[135.33523894920617,35.43859369905663],[135.33522168247106,35.438495451834626],[135.33520291776705,35.438272615503],[135.3351958042036,35.43814648114251],[135.33519198849476,35.43813752326197],[135.33517332845148,35.43809371631584],[135.33516399224837,35.43806240169503],[135.33514964029942,35.43801426371779],[135.33513042287873,35.43796383639455],[135.33509518258953,35.43787136421923],[135.33506342517842,35.43778205104722],[135.33502782678693,35.43761068136691],[135.33493783769237,35.437274968434124],[135.33493229068858,35.43719611135365],[135.3349295543095,35.4371572105078],[135.33492071357907,35.43710722489741],[135.33485310019012,35.43685121870823],[135.33477716094345,35.436521532183576],[135.33470851195378,35.436271027671744],[135.33462924787509,35.43590382494808],[135.3346299812899,35.43581468166768],[135.33460201048132,35.43563618971485],[135.334599205308,35.43561828880283],[135.33454218840555,35.43529922532329],[135.3343635972719,35.43522666511779],[135.3341676051905,35.43515188362551],[135.33396943008,35.43508106082926],[135.3337691912904,35.43501423937946],[135.33356700941349,35.43495145951676],[135.33336300621033,35.43489275904779],[135.33315730453788,35.43483817332241],[135.33295002827523,35.43478773521247],[135.332741302249,35.434741475092],[135.33253125215805,35.434699420818916],[135.332320004498,35.43466159771837],[135.33210768648516,35.43462802856729],[135.33189442597975,35.434598733580934],[135.33168035140918,35.43457373040055],[135.33146559169063,35.43455303408281],[135.33125027615355,35.43453665709077],[135.3310345344619,35.43452460928635],[135.33081849653593,35.43451689792439],[135.33060229247408,35.43451352764834],[135.33038605247492,35.43451450048741],[135.3301699067584,35.43451981585537],[135.32995398548792,35.434529470550885],[135.32973841869165,35.4345434587595],[135.3295233361845,35.434561772057066],[135.32930886749,35.43458439941486],[135.3290951417622,35.4346113272062],[135.32888228770815,35.434642539214664],[135.32867043351035,35.43467801664381],[135.32845970674964,35.43471773812854],[135.32825023432844,35.43476167974793],[135.3280421423943,35.4348098150396],[135.32783555626406,35.434862115015704],[135.32763060034858,35.434918548180285],[135.32742739807753,35.43497908054834],[135.32722607182538,35.43504367566617],[135.3270267428377,35.43511229463334],[135.32682953115807,35.43518489612616],[135.32674724403319,35.43521719910083],[135.3267736551218,35.43526697724392],[135.32679643075147,35.43531214731465],[135.3268402900506,35.43539913170085],[135.3268651319899,35.43548445136943],[135.32686959626616,35.43551482815807],[135.32687722326446,35.43556672536912],[135.3269009041952,35.43563982570786],[135.32694122409828,35.435712376888176],[135.32702497752032,35.435852198319495],[135.32709745891162,35.43596843081729],[135.32712312342338,35.43600958682647],[135.32714312193065,35.43604168853396],[135.32710911804344,35.4360646647083],[135.3270379293156,35.43608256613171],[135.32698712367306,35.43608634821305],[135.3269354471793,35.43608104095664],[135.32691569940215,35.436071924366445],[135.32688747737254,35.436056317358926],[135.32685536006255,35.4360320078705],[135.32683744695686,35.436019887662574],[135.3267995416872,35.43599552424669],[135.3267433432498,35.435951012565205],[135.32672470005954,35.43593624630627],[135.32666423917647,35.435909137929436],[135.3266234358088,35.43590214996708],[135.326584061741,35.43590869078257],[135.3265633265409,35.43591728320912],[135.32653963256604,35.43592710171109],[135.32645808309823,35.435985597601686],[135.32640870660867,35.43601614962102],[135.3263676143901,35.43603061299439],[135.32634872335188,35.43603499288558],[135.32631674200377,35.43604240776018],[135.32626765602384,35.43603807762808],[135.3262397355499,35.43604603432225],[135.3262231588712,35.43606595263316],[135.32621393413834,35.43607725864417],[135.3261851025136,35.43611261243447],[135.32615693204335,35.436130763164115],[135.32614390956806,35.43613915376711],[135.32610133094272,35.43614693848267],[135.32593669083147,35.43614476653313],[135.32586308922927,35.43613498118244],[135.32583056949326,35.43611199449667],[135.32580774157364,35.43608906191921],[135.32579333870768,35.43605959625016],[135.32578810425164,35.43598727570947],[135.3258034092257,35.4359217401277],[135.32581199311724,35.43588293823713],[135.3258072828062,35.43585343655003],[135.32578293488453,35.43582788145493],[135.32574542546195,35.4358089231296],[135.32568736431023,35.43579787237162],[135.32559565596327,35.43579340307837],[135.32552189911868,35.43580227538451],[135.32550918632037,35.43580586560296],[135.32534201293825,35.43590334147018],[135.32516902556188,35.43600953971833],[135.32499927434222,35.43611918014526],[135.32483286152248,35.43623219672126],[135.32466988733663,35.43634852138312],[135.32451044994906,35.436468084075095],[135.32435464539535,35.43659081279107],[135.3242025675245,35.43671663361789],[135.32405430794253,35.43684547077985],[135.32390995595696,35.43697724668434],[135.32376959852346,35.43711188196849],[135.323633320193,35.437249295547],[135.32350120306137,35.437389404660884],[135.3233733267193,35.437532124927394],[135.3232497682047,35.43767737039068],[135.3231497129105,35.43780136934076],[135.32314872953543,35.43780754481077],[135.3231430333465,35.43784329796237],[135.3231298132451,35.43785040419515],[135.32310619043474,35.43786310222037],[135.32309826463003,35.4378673512866],[135.32301589976862,35.4379750855305],[135.3230059465584,35.437988844218594],[135.32298840988616,35.438105906613025],[135.32296371223637,35.43830632682962],[135.3229510423091,35.438451460280895],[135.32293764662106,35.43857803009117],[135.32291970223613,35.438655899471165],[135.32290428122698,35.43869968751276],[135.32289296265665,35.43873182661025],[135.32285912985836,35.43877355138086],[135.3227827865517,35.43883751755661],[135.32277438608142,35.438844556094466],[135.32267624601843,35.43892377835961],[135.3226368759307,35.438969077551135],[135.3226241334191,35.4389910407297],[135.32258547899187,35.439057665980336],[135.3225704655241,35.43908676043336],[135.32256314525398,35.43909438518108],[135.322534813535,35.43911020299915],[135.32249495674776,35.43912211281167],[135.32243746163792,35.43914787553333],[135.32241127643655,35.43917071395789],[135.32239225171512,35.43919341228575],[135.32236733073998,35.43922310833868],[135.32232538453573,35.43923405011233],[135.3222918277154,35.43924278549378],[135.3222670588587,35.43924800498605],[135.3222666984662,35.43924878208101],[135.32219494717478,35.43941573527147],[135.32212822375897,35.439584079179895],[135.32206656843837,35.43975371241081],[135.3220100183808,35.43992453279152],[135.3219771738474,35.440034356860544],[135.32204013907517,35.440151845626175],[135.3220945211858,35.44028672807346],[135.32210833267578,35.440320968191166],[135.32209768558664,35.44035597236786],[135.32206790115575,35.44045333521131],[135.3220643052562,35.44048810856022],[135.32206688800156,35.44050467947945],[135.3220749903326,35.440517633515896],[135.32208684408732,35.44053240307969],[135.32214227201683,35.440568850893484],[135.3222191141185,35.44058667906149],[135.32232561960697,35.440587276911614],[135.32243310907293,35.44056246107499],[135.3225232151078,35.44054845438417],[135.32260482889717,35.44054891231167],[135.32269746331028,35.440574941262206],[135.3227804166985,35.44061272401083],[135.32281910307466,35.440622847245095],[135.32291222505538,35.440630129914844],[135.32295820403093,35.4406375087155],[135.3229957023239,35.440652749000954],[135.32300902838998,35.440658165058],[135.32304369608167,35.44068783480013],[135.32308891463128,35.44072026784817],[135.32312587526116,35.44073363979734],[135.32314458977837,35.44074041049762],[135.3231660508632,35.44074682972657],[135.32323457367733,35.44076732556533],[135.32330759600416,35.44078098525043],[135.32338901627804,35.440804598198596],[135.32350031181966,35.440851463015036],[135.32356452307835,35.44087823342628],[135.32362441100034,35.440908314715706],[135.3236671441716,35.440935054885905],[135.3237105142382,35.44099100354968],[135.32375824282298,35.44109212708798],[135.3237899088731,35.44117784607855],[135.32379269356198,35.4412136467407],[135.32378273577876,35.44122226526831],[135.32377272269454,35.441230931656605],[135.32374237209714,35.44123815303454],[135.32369053864429,35.441232724788144],[135.32360652140198,35.441229820381],[135.32354975596124,35.44123343705577],[135.3235376711642,35.441251809281056],[135.3235216179288,35.441280182922746],[135.3234957842076,35.44141894191045],[135.32348364029326,35.441527581134956],[135.3234811472194,35.441601751313186],[135.32348893584384,35.441697702528195],[135.3235155231225,35.44171902508192],[135.32355622404276,35.4417238782121],[135.32360674386615,35.441729902116954],[135.32369699220794,35.44173852016871],[135.32375431102923,35.4417429983387],[135.32376534875107,35.44174386068393],[135.3237820760534,35.441758827257964],[135.32379284828755,35.4418211110066],[135.3237974157534,35.441847519510915],[135.3238052394474,35.441939324520355],[135.32381064664077,35.44200398424749],[135.3238277928787,35.44203471841849],[135.32384839944046,35.44205998251972],[135.32386076268702,35.44208312726308],[135.32388562792858,35.44225903695962],[135.32389895255062,35.442312113127045],[135.32392358925685,35.442342808104755],[135.32395705536584,35.44235822894094],[135.32398553104397,35.44236451781769],[135.32401911623936,35.442365697390706],[135.32405899257486,35.44237853105345],[135.32410158952666,35.44242167554708],[135.32417893618492,35.44243211392643],[135.32419248995194,35.44244419724577],[135.32420386413688,35.44245433744075],[135.32423841114672,35.44251176887813],[135.32425966826756,35.44253829849149],[135.3243588135482,35.44255003056393],[135.32441185663617,35.4425689860992],[135.3244383119158,35.44260780866463],[135.32444798282114,35.44262200050374],[135.3244387289283,35.44270127076832],[135.32440392219522,35.44275398740991],[135.32438605061031,35.44278347384675],[135.32435600797194,35.44283304132354],[135.3243341463951,35.442872108613244],[135.32430803791183,35.44291876516668],[135.32429631640713,35.44301650003476],[135.32431009839672,35.443054435413856],[135.3243200294852,35.443085749982814],[135.32432372882616,35.44309732757038],[135.3244000276359,35.44322006372682],[135.3244159529034,35.44328021785899],[135.32440748608028,35.44335567403414],[135.3245843326046,35.44334882144218],[135.32475103185365,35.44333546217411],[135.32480312494937,35.44333128738827],[135.3249395386276,35.443321414547874],[135.32497076295613,35.44331915468681],[135.32497453480013,35.44338191229702],[135.3249140331416,35.44338773247622],[135.32464679810911,35.44341343975779],[135.32465879581662,35.443651824514525],[135.32464917135684,35.44384930957721],[135.3246468466609,35.443896844721756],[135.32456816817788,35.44391380134129],[135.32456458713827,35.44406556581027],[135.32456373520634,35.44410161651075],[135.32451976327258,35.444104254935446],[135.32440517218603,35.44411107723151],[135.32436470488656,35.444113491836745],[135.32436143118088,35.44414934870488],[135.32435198575124,35.44425150407624],[135.32435023735493,35.44427069789825],[135.32434871128004,35.44428745107751],[135.32430466148665,35.44428621302499],[135.32412679829636,35.44428131466683],[135.32409145949984,35.4442803414039],[135.32404740971586,35.44427910325762],[135.32404248368317,35.4443149508641],[135.3240199484362,35.444480760946],[135.32399340038415,35.44457318469795],[135.32393660055058,35.444688514537205],[135.32392026948838,35.44508710633817],[135.32391450802092,35.44511954608023],[135.32390859445653,35.445152842170295],[135.3239278158006,35.445159439792405],[135.3239086062122,35.445207416352],[135.323895190413,35.44524092270179],[135.32385936799903,35.445304259224564],[135.32383705182116,35.445343715709484],[135.3238229615861,35.44538212599441],[135.32384437686466,35.44538981758129],[135.32374814762014,35.44567838613529],[135.32372145923,35.44575841809529],[135.32372877814547,35.44579208080469],[135.3237753594021,35.44584633476896],[135.323834628539,35.44587084432159],[135.3238973402402,35.44588081993874],[135.32394091789212,35.44588593146177],[135.32393324103228,35.44592140309477],[135.32391325888736,35.44601450435399],[135.32390974419118,35.44603088009185],[135.32390206730284,35.446066351721626],[135.32385851301026,35.44607160625789],[135.3238015063774,35.446078498066164],[135.32375795207236,35.446083752565926],[135.3237564235599,35.446102414642155],[135.3237550076926,35.44611970138746],[135.32375254536987,35.446150695284125],[135.32372785041332,35.4461531709746],[135.32371721784259,35.446252263907574],[135.32369131240733,35.446258964553635],[135.32369307749767,35.44626079479215],[135.3238311859436,35.446396989483134],[135.32397333779375,35.446530369476214],[135.32411944742637,35.44666085441442],[135.32426942683404,35.44678836568449],[135.32442318567652,35.446912826464384],[135.3245806313354,35.447034161769494],[135.3247416689696,35.44715229849789],[135.32490620157284,35.4472671654744],[135.32507413003174,35.4473786934935],[135.3252453531858,35.44748681536102],[135.3254197678882,35.44759146593468],[135.32559726906806,35.44769258216334],[135.32577774979362,35.44779010312505],[135.32596110133673,35.44788397006373],[135.32614721323856,35.44797412642462],[135.32633597337582,35.44806051788835],[135.32652726802868,35.44814309240377],[135.3267209819491,35.44822180021924],[135.3269169984303,35.44829659391265],[135.3271151993773,35.448367428420084],[135.3273154653779,35.44843426106285],[135.32751767577471,35.448497051573376],[135.32772170873807,35.44855576211938],[135.3279274413392,35.44861035732669],[135.3281347496245,35.44866080430066],[135.32834350869035,35.448707072645874],[135.32855359275817,35.4487491344846],[135.3287648752505,35.4487869644735],[135.32897722886716,35.448820539818996],[135.32919052566214,35.44884984029093],[135.3294046371206,35.44887484823485],[135.32961943423643,35.44889554858261],[135.3298347875902,35.44891192886141],[135.33005056742675,35.44892397920146],[135.33026664373406,35.44893169234176],[135.33048288632105,35.44893506363463],[135.3306991648965,35.44893409104838],[135.3309153491474,35.44892877516863],[135.33113130881765,35.448919119197946],[135.33134691378643,35.44890512895389],[135.33156203414697,35.44888681286546],[135.33177654028455,35.448864181968126],[135.33199030295484,35.4488372498971],[135.33220319336183,35.44880603287914],[135.33241508323545,35.44877054972271],[135.33262584490893,35.44873082180673],[135.33283535139574,35.448686873067615],[135.33304347646626,35.44863872998489],[135.33325009472372,35.44858642156519],[135.33345508168003,35.44852997932478],[135.33365831383063,35.44846943727057],[135.3338596687291,35.448404831879564],[135.3340590250609,35.448336202076945],[135.33425626271648,35.44826358921252],[135.33445126286378,35.44818703703586],[135.33464390801987,35.448106591669855],[135.3348340821217,35.44802230158297],[135.33502167059598,35.44793421755997],[135.33520656042847,35.44784239267134],[135.335388640232,35.447746882241276],[135.3355678003135,35.44764774381433],[135.33566927530924,35.447588571575324],[135.33566802398107,35.44755470585343]]],"type":"Polygon"},"id":"urf_dfac3d55-feef-4276-9f50-dfd1e355215d","properties":{"building_coverage_rate":null,"floor_area_rate":null,"geometry_semantics":"source_geometry_clipped_to_public_area_for_display","name":null,"object_id":"urf_dfac3d55-feef-4276-9f50-dfd1e355215d","object_type":"planning","planning_label":"市街化区域","planning_type":"AreaClassification"},"type":"Feature"},{"geometry":{"coordinates":[[[135.33566371771283,35.44743816161374],[135.33565166959983,35.44718851030529],[135.3356454932505,35.44696024515417],[135.3356441230159,35.44693932543732],[135.33562475940428,35.44677562616422],[135.3356126102806,35.44656509446482],[135.33560875318952,35.4464580786038],[135.33561735918659,35.44630759433548],[135.33562249764273,35.446218484450974],[135.33561512635893,35.44592251851867],[135.33559901742763,35.445616147548655],[135.33558988367406,35.44554805156942],[135.3355840008007,35.44545968325533],[135.33558124410519,35.445419826772714],[135.3355826916852,35.445324107424355],[135.33333499283745,35.44531688149361],[135.3330376249363,35.445351844386416],[135.3312470130794,35.4454030799971],[135.3311711092058,35.44540419187611],[135.33098357881002,35.445410454057715],[135.3301403970444,35.445435930018974],[135.3302700316411,35.44638701732518],[135.330507004179,35.44808686847593],[135.33050427155104,35.44893496748435],[135.3306991648965,35.44893409104838],[135.3309153491474,35.44892877516863],[135.33113130881765,35.448919119197946],[135.33134691378643,35.44890512895389],[135.33156203414697,35.44888681286546],[135.33177654028455,35.448864181968126],[135.33199030295484,35.4488372498971],[135.33220319336183,35.44880603287914],[135.33241508323545,35.44877054972271],[135.33262584490893,35.44873082180673],[135.33283535139574,35.448686873067615],[135.33304347646626,35.44863872998489],[135.33325009472372,35.44858642156519],[135.33345508168003,35.44852997932478],[135.33365831383063,35.44846943727057],[135.3338596687291,35.448404831879564],[135.3340590250609,35.448336202076945],[135.33425626271648,35.44826358921252],[135.33445126286378,35.44818703703586],[135.33464390801987,35.448106591669855],[135.3348340821217,35.44802230158297],[135.33502167059598,35.44793421755997],[135.33520656042847,35.44784239267134],[135.335388640232,35.447746882241276],[135.3355678003135,35.44764774381433],[135.3356692753092,35.44758857157537],[135.33566371771283,35.44743816161374]]],"type":"Polygon"},"id":"urf_e5124669-8314-4b12-97c5-a3b303e7d3fa","properties":{"building_coverage_rate":60.0,"floor_area_rate":200.0,"geometry_semantics":"source_geometry_clipped_to_public_area_for_display","name":null,"object_id":"urf_e5124669-8314-4b12-97c5-a3b303e7d3fa","object_type":"planning","planning_label":"第2種中高層住居専用地域","planning_type":"UseDistrict"},"type":"Feature"},{"geometry":{"coordinates":[[[135.3382824214237,35.44377695667105],[135.33828018805661,35.44382911674095],[135.33647359416835,35.44381893998469],[135.33649288530574,35.44470161240282],[135.33700748342682,35.44471569776469],[135.3385341340201,35.44476100390811],[135.3385741242358,35.444690802930246],[135.3386606618568,35.444528609870886],[135.33874230894557,35.44436472769638],[135.33881901634555,35.444199255133356],[135.33889073787682,35.44403229186588],[135.33895743036393,35.44386393847551],[135.33899192522708,35.44376897804271],[135.3382824214237,35.44377695667105]]],"type":"Polygon"},"id":"urf_e9d7509f-0941-4384-b7ce-1503a3302893","properties":{"building_coverage_rate":60.0,"floor_area_rate":200.0,"geometry_semantics":"source_geometry_clipped_to_public_area_for_display","name":null,"object_id":"urf_e9d7509f-0941-4384-b7ce-1503a3302893","object_type":"planning","planning_label":"第1種住居地域","planning_type":"UseDistrict"},"type":"Feature"},{"geometry":{"coordinates":[[[135.32969671740034,35.445006642775716],[135.32973081082216,35.44526553008116],[135.3298527017196,35.44528449587898],[135.3298139390376,35.4449642973947],[135.32969671740034,35.445006642775716]]],"type":"Polygon"},"id":"urf_f48b5445-1c1c-4dbc-9f3c-c3e39c996ea8","properties":{"building_coverage_rate":null,"floor_area_rate":null,"geometry_semantics":"source_geometry_clipped_to_public_area_for_display","name":"三の丸通線","object_id":"urf_f48b5445-1c1c-4dbc-9f3c-c3e39c996ea8","object_type":"planning","planning_label":"道路","planning_type":"TrafficFacility"},"type":"Feature"},{"geometry":{"coordinates":[[[135.33823339879214,35.44498612458608],[135.33682872927804,35.444934708581286],[135.3368068297098,35.44519700014491],[135.3368814936726,35.44520306196669],[135.33792797615533,35.44523836185025],[135.3382252832549,35.44525470041649],[135.33828570376198,35.44516627575896],[135.3383865887276,35.44500973194098],[135.33839831982496,35.44499039278835],[135.33823339879214,35.44498612458608]]],"type":"Polygon"},"id":"urf_f7059fea-d4ab-46ca-878b-65ae84763f02","properties":{"building_coverage_rate":null,"floor_area_rate":null,"geometry_semantics":"source_geometry_clipped_to_public_area_for_display","name":"小倉西舞鶴線","object_id":"urf_f7059fea-d4ab-46ca-878b-65ae84763f02","object_type":"planning","planning_label":"道路","planning_type":"TrafficFacility"},"type":"Feature"},{"geometry":{"coordinates":[[[135.33267494140244,35.43495346835942],[135.33268093011102,35.43505391613663],[135.332681535135,35.4350620139491],[135.33268629155873,35.43510691586251],[135.33269045998654,35.43514032182261],[135.33269595986613,35.435203242092584],[135.33270475675974,35.43528304556105],[135.3327163583451,35.43536264819474],[135.33272966835753,35.435442098017916],[135.33274467608595,35.43552135891526],[135.33276138190726,35.435600385818915],[135.33277977503593,35.43567915162688],[135.33279983374752,35.43575762016282],[135.3328215693574,35.435835755433],[135.33283483743364,35.43588159223505],[135.3329107123959,35.43616329871327],[135.33303246018679,35.43658400022747],[135.3329566928648,35.43667772266185],[135.3333593099575,35.43665766395665],[135.33322202620258,35.43657414043004],[135.333092898716,35.43612798820243],[135.33307221473018,35.4360611892435],[135.33300631160296,35.43584834993593],[135.33299466058804,35.435808083651416],[135.3329930434344,35.43580251315147],[135.33296413327568,35.43569686395688],[135.3329383668289,35.43559064621934],[135.3329157765275,35.43548393223113],[135.33289639435822,35.43537684836505],[135.33288441056663,35.435299497107295],[135.3328740912928,35.43522197476654],[135.33286543616026,35.43514432641051],[135.33285845602862,35.435066570127304],[135.3328576199128,35.435055775887186],[135.33285452562484,35.435011644836734],[135.33285388477492,35.435001212230766],[135.33285103048863,35.434948014537504],[135.33284252235683,35.434763908639084],[135.332741302249,35.434741475092],[135.3326644340076,35.43472608529591],[135.33267494140244,35.43495346835942]]],"type":"Polygon"},"id":"urf_fb1c1b52-a159-4744-889f-939c532bbbca","properties":{"building_coverage_rate":null,"floor_area_rate":null,"geometry_semantics":"source_geometry_clipped_to_public_area_for_display","name":"伊佐津七日市線","object_id":"urf_fb1c1b52-a159-4744-889f-939c532bbbca","object_type":"planning","planning_label":"道路","planning_type":"TrafficFacility"},"type":"Feature"},{"geometry":{"coordinates":[[[135.32915740201716,35.44814637660518],[135.32892882703644,35.44816652318278],[135.32874655120725,35.4481825911003],[135.3286649290939,35.44706668960054],[135.32864762763637,35.44692165945596],[135.32861397401453,35.446462936977774],[135.32883034982257,35.446453458659676],[135.32902664834694,35.44644485989546],[135.32895949203348,35.44545703557899],[135.32895250954763,35.44516627249853],[135.3289454198164,35.44487118215128],[135.3296105919465,35.44484966577934],[135.32963461525623,35.44484974509101],[135.32985868691944,35.44480297219025],[135.33007619715738,35.444792957076196],[135.33007576841777,35.444787537361854],[135.33004932562082,35.44445867284589],[135.33004214778822,35.444301340990535],[135.33003673910017,35.444063443964545],[135.3300286133884,35.4437573148802],[135.33001347647607,35.44318736494798],[135.3300018144323,35.44275105588479],[135.33074119103037,35.44276495483005],[135.33068705293104,35.442481565031315],[135.33052602269842,35.44163876743264],[135.3304842619871,35.44142110319118],[135.33047194993267,35.441356973311436],[135.33033708378446,35.440706982988615],[135.33013313244717,35.44069572901196],[135.32964177791277,35.44066861032341],[135.32964233841764,35.44070197378606],[135.3296481826576,35.44105325889659],[135.32966493172057,35.44147093762908],[135.32966372982358,35.44161591009786],[135.3288738312709,35.44165079530677],[135.32887332130016,35.441921902721006],[135.32808020339684,35.44197531536986],[135.32598754805542,35.44203229157928],[135.32541149061308,35.44205451141978],[135.32535235112942,35.4424190173514],[135.32542664351564,35.44300150307505],[135.32546167106634,35.443276080942205],[135.32551427569268,35.44369493380444],[135.32552943888302,35.44381561505197],[135.32559505900326,35.444338055806085],[135.32585132907437,35.446378306286626],[135.32591379214998,35.44687558937691],[135.32591666368282,35.44689846456782],[135.32591780842827,35.446906493297945],[135.3260182347038,35.44762535970968],[135.32605784398956,35.44793083421766],[135.32614721323856,35.44797412642462],[135.32633597337582,35.44806051788835],[135.32652726802868,35.44814309240377],[135.3267209819491,35.44822180021924],[135.3269169984303,35.44829659391265],[135.3271151993773,35.448367428420084],[135.3273154653779,35.44843426106285],[135.32751767577471,35.448497051573376],[135.32772170873807,35.44855576211938],[135.3279274413392,35.44861035732669],[135.3281347496245,35.44866080430066],[135.32834350869035,35.448707072645874],[135.32855359275817,35.4487491344846],[135.3287648752505,35.4487869644735],[135.32897722886716,35.448820539818996],[135.32919052566214,35.44884984029093],[135.32923278723464,35.44885477641968],[135.32915740201716,35.44814637660518]]],"type":"Polygon"},"id":"urf_fd426077-4a56-4883-8b1a-b0add9ca170f","properties":{"building_coverage_rate":80.0,"floor_area_rate":400.0,"geometry_semantics":"source_geometry_clipped_to_public_area_for_display","name":null,"object_id":"urf_fd426077-4a56-4883-8b1a-b0add9ca170f","object_type":"planning","planning_label":"商業地域","planning_type":"UseDistrict"},"type":"Feature"}],"type":"FeatureCollection"}
