{"type":"FeatureCollection","features":[{"type":"Feature","properties":{"city_code":"26202","city_name":"舞鶴市","prefecture_code":"26","prefecture_name":"京都府","source_year":2025},"geometry":{"type":"MultiPolygon","coordinates":[[[[135.3162017174,35.4562483253],[135.3161970483,35.4563044695],[135.3154971008,35.4581586042],[135.3155250513,35.4581633526],[135.3159000704,35.4571728021],[135.3162550509,35.4562336581],[135.3141072939,35.4556681363],[135.3125604332,35.4552846318],[135.3125534943,35.4553091901],[135.3141070481,35.4556981366],[135.3162017174,35.4562483253]]],[[[135.3336035248,35.470369442],[135.3332368052,35.4701526305],[135.332959582,35.4700216573],[135.3326096592,35.469878577],[135.3323055218,35.4697817475],[135.3313648344,35.4695528291],[135.3295130441,35.4703518289],[135.3312006329,35.472971136],[135.3312103343,35.4729665774],[135.331662358,35.4736617842],[135.3317211639,35.4736358832],[135.3315561315,35.4733810912],[135.3323068714,35.4730540914],[135.3323849129,35.4731758295],[135.3324414366,35.4731560178],[135.3332166126,35.4743732174],[135.3336795565,35.4741773248],[135.3343013074,35.474661577],[135.3360036947,35.4732220451],[135.3357533819,35.4730261627],[135.3356282199,35.4728830814],[135.3347104119,35.471447964],[135.3344042512,35.4710495762],[135.3339339142,35.4706115493],[135.3336035248,35.470369442]]],[[[135.3189808775,35.4721422722],[135.3189904359,35.4721597129],[135.3192940165,35.4721068035],[135.3194946908,35.4726907761],[135.3195216291,35.472684713],[135.3193107215,35.472085443],[135.3189808775,35.4721422722]]],[[[135.3361681679,35.472318163],[135.336143966,35.4723246037],[135.3362028255,35.4724716843],[135.3362270018,35.4724651353],[135.3361681679,35.472318163]]],[[[135.3218768049,35.4781844971],[135.3217950295,35.4781732994],[135.3214660535,35.4781917493],[135.3214046913,35.4782421376],[135.3214018512,35.4782634168],[135.3214290756,35.4782896054],[135.3214200742,35.4784291914],[135.3214594649,35.4784770833],[135.3215324731,35.4785231911],[135.3218753797,35.4786554708],[135.322022473,35.4786600831],[135.3221353798,35.4786369921],[135.3221750295,35.4786148569],[135.3222215525,35.4785593263],[135.3222236678,35.4784657766],[135.3221188559,35.4783211643],[135.3219998029,35.4782338574],[135.3218768049,35.4781844971]]],[[[135.3442112711,35.4882752441],[135.3441664988,35.488439136],[135.34406755,35.4886424961],[135.3438969393,35.488857352],[135.3436030221,35.4891284151],[135.343503049,35.4892638022],[135.3434415567,35.4893870452],[135.3434189118,35.4894856313],[135.3434140214,35.4898291093],[135.3433706879,35.4900772987],[135.3433881331,35.490222442],[135.3436289498,35.4906162983],[135.3437660056,35.4907841634],[135.343849664,35.4908509374],[135.3439595338,35.49089355],[135.3440380808,35.4908990184],[135.3442348654,35.4908526853],[135.3442743067,35.4908377484],[135.3443089115,35.4907987119],[135.3443205583,35.4907077483],[135.3442473938,35.4904897754],[135.3442055782,35.4902508561],[135.3442017513,35.4901255506],[135.3442918295,35.489928442],[135.3443575883,35.4897305775],[135.3444729187,35.4897801635],[135.3445251892,35.489708775],[135.3444890795,35.4896908289],[135.3444640221,35.4897211631],[135.3443785214,35.489679244],[135.3444881714,35.489557964],[135.3445422451,35.489521018],[135.3448221151,35.4894232175],[135.3451018302,35.4893554152],[135.3452505851,35.4893443251],[135.3453227766,35.4893718565],[135.3453798583,35.4894133521],[135.3454826076,35.4896001358],[135.3456346435,35.489743658],[135.3457318554,35.4897970818],[135.3458336721,35.4898254964],[135.3459485875,35.4898313519],[135.3460698323,35.4897870184],[135.3461168358,35.4897402174],[135.3461254226,35.4895509639],[135.3462021411,35.4892768288],[135.3461664731,35.4890820183],[135.3461790274,35.4888656854],[135.3461320241,35.4887371632],[135.3459636982,35.488497018],[135.3457855775,35.4883224418],[135.3456041391,35.4882040179],[135.345228912,35.4880896577],[135.3449975882,35.4880494689],[135.3445013882,35.4880941898],[135.3443183928,35.4880575775],[135.3442614666,35.4880633254],[135.3442259661,35.4881201088],[135.3442112711,35.4882752441]]],[[[135.3538121677,35.4914391351],[135.3537702494,35.4914859636],[135.353816422,35.4915136039],[135.3538583294,35.4914668826],[135.3538121677,35.4914391351]]],[[[135.3541961107,35.4917321629],[135.3542341911,35.4916865765],[135.3541858135,35.4916595493],[135.3541768633,35.4916702431],[135.3541477187,35.4917051355],[135.3541961107,35.4917321629]]],[[[135.3714556327,35.3933682886],[135.3710972924,35.3932327383],[135.3709506263,35.3932021799],[135.3707859048,35.3931085674],[135.3706536878,35.3929763424],[135.3705275782,35.3927638462],[135.3704631296,35.3927155137],[135.3703564628,35.3926799538],[135.3694736871,35.3925730086],[135.3690931298,35.3926310728],[135.368963959,35.3926374597],[135.3688475788,35.3926213423],[135.3687250743,35.3925763426],[135.3684247894,35.3923538461],[135.3681709109,35.3923544052],[135.3680256325,35.3924316215],[135.3678934018,35.3925285673],[135.3677061905,35.3926380087],[135.3672186798,35.3927930085],[135.3667442447,35.3928057922],[135.3662159046,35.3927996755],[135.3654736866,35.3928641269],[135.3653122989,35.3929057925],[135.3651381222,35.3929766213],[135.365021741,35.3930477392],[135.3647442445,35.393270235],[135.3646472922,35.3933719011],[135.36455868,35.3935082887],[135.3643486795,35.3936469013],[135.3642389648,35.3937535676],[135.3641259036,35.3938049552],[135.3639614557,35.3938371806],[135.363493401,35.3938630093],[135.3632995232,35.3939277391],[135.3630511826,35.394037181],[135.3627609106,35.394272739],[135.3623542438,35.3945660727],[135.3621461903,35.3946082891],[135.3617814555,35.394608289],[135.3616425714,35.3946307932],[135.3614650739,35.394718009],[135.3612292373,35.3948599553],[135.3609903533,35.3948952354],[135.3608797953,35.3949852354],[135.3607536871,35.3951530093],[135.3607311827,35.3953846762],[135.3608281217,35.395929955],[135.3607917406,35.3960838472],[135.3607175776,35.3962546767],[135.3606011833,35.3963935688],[135.3601556315,35.3966999558],[135.3597731292,35.3967452353],[135.3594342436,35.3967130095],[135.3592792379,35.3967677396],[135.3590534005,35.3968130094],[135.358872571,35.3968096764],[135.35870785,35.3967644065],[135.3586014558,35.3966807934],[135.358482013,35.3965291276],[135.3581317401,35.3962624603],[135.3576314556,35.3960463433],[135.3573506258,35.3958916231],[135.3571439582,35.3957980097],[135.3561609108,35.3952057934],[135.3558606247,35.3949416223],[135.355498121,35.3944852357],[135.3553625695,35.3943466223],[135.3552367343,35.3942432899],[135.3549850734,35.3941046765],[135.3548461888,35.3940563438],[135.3545942425,35.3940305152],[135.3544328548,35.3940691277],[135.3542811823,35.3941432898],[135.3540584063,35.3943496768],[135.3538456313,35.3946207938],[135.3538178488,35.3946369018],[135.3537775771,35.3946369018],[135.3536736855,35.3946110736],[135.3535436864,35.3945494067],[135.3534789633,35.3944496769],[135.3534014547,35.3942241277],[135.3533497948,35.3941563438],[135.353298121,35.3941177399],[135.3530172906,35.3940919021],[135.352633128,35.3941046774],[135.3523747874,35.3940499562],[135.3521295211,35.3939110737],[135.352010067,35.3938627402],[135.3518778481,35.3938274614],[135.3515659029,35.3937805148],[135.3510172901,35.3933741284],[135.35086563,35.3932871825],[135.3504817396,35.3929194075],[135.3503975758,35.3927732903],[135.3503814544,35.3927032904],[135.3503847873,35.3926485693],[135.3509172899,35.3918752359],[135.3508467327,35.3917721824],[135.3504045156,35.3914624608],[135.3501520114,35.3912602357],[135.3500875765,35.3911407939],[135.3500520107,35.3909666232],[135.3501036849,35.3907474608],[135.3502133993,35.390621623],[135.3503878482,35.3902421819],[135.3504361876,35.3900260742],[135.3504103503,35.3893521821],[135.3504456299,35.3892057939],[135.3504586778,35.388996074],[135.3504231264,35.3888219016],[135.3503422966,35.3885930099],[135.3502714535,35.3884541275],[135.3499700659,35.388129407],[135.3496053444,35.3878263434],[135.3489975748,35.3874735688],[135.3488672894,35.3873599559],[135.3483311806,35.386959956],[135.3481347859,35.3869052354],[135.3479053442,35.3867632901],[135.3475050712,35.3865794066],[135.3474050708,35.3865794073],[135.3468595199,35.3869344074],[135.3466917375,35.3871019018],[135.3463645144,35.3875424606],[135.3463064596,35.387603848],[135.3462417385,35.3876424606],[135.3454781194,35.387714677],[135.3452784048,35.3877532906],[135.3451684052,35.3878146771],[135.3450942407,35.3878919024],[135.3448264591,35.3881080106],[135.3445284051,35.3882669019],[135.3442314529,35.3883860739],[135.3440409073,35.3885349561],[135.3439695203,35.3886388483],[135.3437442413,35.3890602362],[135.3435875745,35.3892641281],[135.3434972892,35.3893085694],[135.3433872891,35.3893352362],[135.3433542413,35.3893280103],[135.3427256289,35.3890094072],[135.3425706232,35.3889741286],[135.3423031252,35.3890127406],[135.342222296,35.3891030107],[135.3421125672,35.3895319022],[135.3421028526,35.3897307946],[135.3421350706,35.3898566237],[135.3421092349,35.3900405156],[135.3420736843,35.3901371824],[135.3419672888,35.3902469022],[135.3416539556,35.3904177403],[135.3415120103,35.3904596775],[135.3413367319,35.3905841287],[135.3412659011,35.3909869025],[135.3410720096,35.3913255162],[135.3408267322,35.3916771826],[135.340654786,35.3921182913],[135.3404447858,35.3924763447],[135.340338405,35.3926055161],[135.3399172895,35.3929782909],[135.3396525681,35.3931363452],[135.3395075751,35.3931941288],[135.3393042409,35.3933005164],[135.3391106232,35.3933877408],[135.3389425682,35.3934232909],[135.3388070173,35.3934005163],[135.3386489624,35.3933005165],[135.3386031256,35.3930757948],[135.3385353434,35.3929566243],[135.3385161867,35.3928210749],[135.3385161863,35.3924794082],[135.3384484052,35.3923760752],[135.3383450706,35.3922696783],[135.3382445135,35.3918646778],[135.3382186763,35.3916455161],[135.338063397,35.3913763452],[135.3378375749,35.3911924625],[135.3376470161,35.3910924618],[135.3372970162,35.3910235704],[135.3370059,35.3910052369],[135.3368056285,35.3910182914],[135.3365250698,35.3910794078],[135.336350907,35.3911021831],[135.336081737,35.391185795],[135.3358267309,35.3911857949],[135.3355747847,35.3911632916],[135.3354328521,35.3911277414],[135.3347872883,35.3908924623],[135.334532295,35.3907794084],[135.3342439547,35.3906277411],[135.3341275734,35.3906082911],[135.3338859001,35.3906180118],[135.3334984043,35.390585795],[135.3332917366,35.3905052372],[135.3332209067,35.3904535705],[135.3331981173,35.3904180117],[135.3332042403,35.3901352373],[135.3331784034,35.3899577416],[135.3330170157,35.3896580111],[135.3327942395,35.3894196788],[135.3324972873,35.3890260757],[135.3321281175,35.3886788497],[135.3320345124,35.3885369033],[135.3318633962,35.3883755168],[135.3316889603,35.3881852373],[135.3315825667,35.388027183],[135.3314253422,35.3878738492],[135.3313278452,35.3876469034],[135.3310314508,35.3875835702],[135.3307639539,35.3875546782],[135.3304636826,35.3873999575],[135.3303842388,35.3873794089],[135.3302117365,35.3873966248],[135.3299503481,35.3874835707],[135.3298503477,35.3875030117],[135.3297114507,35.3875127415],[135.3296147836,35.3874932912],[135.3295017362,35.3873707952],[135.329440348,35.3872063455],[135.3293639539,35.3869980119],[135.329354239,35.386791625],[135.3292961847,35.386694958],[135.329186457,35.3866207958],[135.3290733961,35.386585238],[135.3285795182,35.3865144083],[135.328321451,35.3864919037],[135.3280375727,35.3864110753],[135.3278372864,35.3863724622],[135.3273731233,35.3863113459],[135.3271439535,35.3863369035],[135.3270147838,35.386382184],[135.3266039535,35.3866963459],[135.3265725657,35.3867013459],[135.326485626,35.3865432919],[135.326438402,35.3864949581],[135.3263181168,35.3864269037],[135.3262497908,35.3864241294],[135.3261620071,35.3864396784],[135.3260756261,35.3864788498],[135.3258664563,35.3866249583],[135.3258206201,35.3866724629],[135.3257095175,35.3868782921],[135.3255956266,35.3869369042],[135.3255272863,35.386949958],[135.3254070149,35.3869466247],[135.3253053411,35.3868644086],[135.3251828504,35.3867966246],[135.3250858986,35.3867835708],[135.3249600626,35.3868224633],[135.3248017354,35.38692885],[135.3243692319,35.3872738496],[135.3237978438,35.3875255169],[135.3234186739,35.38762885],[135.323186184,35.3876127424],[135.3229795168,35.387567463],[135.3221500622,35.387286904],[135.3219467287,35.387248292],[135.3218014502,35.3871966252],[135.3216070136,35.3870955175],[135.3211614494,35.3867277425],[135.3210097896,35.386537463],[135.3208800616,35.3864355171],[135.3206928502,35.3863838503],[135.3204539524,35.3862710764],[135.3202150676,35.3861224635],[135.320160347,35.3859871843],[135.3200795165,35.3858549581],[135.3199892316,35.385796904],[135.3197089582,35.3857577425],[135.3196195166,35.3857166256],[135.3195636807,35.3856707961],[135.3192850676,35.3853107968],[135.3192542372,35.3852966253],[135.3191031226,35.3854702388],[135.3187989582,35.3856835718],[135.3186764554,35.3857513465],[135.3184053407,35.3858319046],[135.3181614493,35.3860516252],[135.3180033947,35.3862288506],[135.3179064549,35.3862644096],[135.3177933939,35.3862580122],[135.3175900614,35.3861449584],[135.3173672848,35.3859516252],[135.3171931221,35.3858502383],[135.3169703457,35.3856774634],[135.3168025647,35.3855871847],[135.3165428486,35.3853982923],[135.3163011755,35.3851919045],[135.3161556248,35.385095239],[135.3160170131,35.384949959],[135.3156878425,35.3848016255],[135.3149633942,35.3846485717],[135.3147214487,35.3844549583],[135.3143728484,35.3841227427],[135.314232849,35.3840185717],[135.313435625,35.3838188505],[135.3126495156,35.3836638506],[135.3122200604,35.3835219049],[135.3120586724,35.3834346802],[135.3118231217,35.3833896797],[135.3115195148,35.3833863473],[135.3113517327,35.3833991311],[135.3111128481,35.3833702388],[135.3107067266,35.3830569052],[135.3105970117,35.3829891307],[135.3105131215,35.3829505176],[135.3103870122,35.3829246796],[135.3101547813,35.3829246798],[135.3099742362,35.3829344097],[135.309722291,35.3829699592],[135.3095417324,35.3830116257],[135.3092511747,35.3831049593],[135.3091186716,35.3831599592],[135.3090122903,35.3832244099],[135.3086756239,35.3835194106],[135.3085400596,35.3837194106],[135.3084753392,35.3838613469],[135.3083528475,35.3839969051],[135.3079814479,35.3842127437],[135.3075928476,35.3845821856],[135.3074895154,35.3847016266],[135.307282848,35.3848821855],[135.3069539507,35.3851046807],[135.306797012,35.3851888512],[135.3067389568,35.3851921859],[135.3066033931,35.3851341315],[135.3065031203,35.3850566265],[135.3064258954,35.3849699594],[135.3062645092,35.3849182934],[135.3061450662,35.3849182934],[135.3058220049,35.3850019051],[135.3057350657,35.3850082931],[135.3055928478,35.3849985727],[135.3052039502,35.3849085726],[135.3049297877,35.3848891318],[135.3047006175,35.3849213477],[135.3044809028,35.3849857974],[135.3043164538,35.3850535729],[135.303942291,35.3852535726],[135.303816181,35.3853535731],[135.303696726,35.3854891313],[135.3034642351,35.3858588518],[135.303231733,35.3861652399],[135.3031606172,35.3863394108],[135.3030153385,35.3865588518],[135.3029017326,35.3867757982],[135.3028403441,35.3869949604],[135.3027047804,35.3871563478],[135.3025756236,35.3872335728],[135.3022981139,35.3873013481],[135.301857012,35.3873730144],[135.301414781,35.3874180138],[135.3012667269,35.387450519],[135.3009309024,35.3875599606],[135.3008503445,35.387598852],[135.3006320048,35.3877716275],[135.3001670111,35.3879585736],[135.299782847,35.3880780141],[135.2995603439,35.3881652402],[135.2994697875,35.3882488521],[135.2993633923,35.3884360783],[135.2992956239,35.3885230141],[135.299158671,35.3887757987],[135.2989070113,35.3890241326],[135.2986520039,35.3891852404],[135.2982389562,35.3892919068],[135.298111447,35.389374133],[135.2979306174,35.3894482945],[135.2978272835,35.3894741327],[135.2975078409,35.3894224655],[135.2974625622,35.3894257988],[135.2971817325,35.3895999604],[135.2970267266,35.3897191331],[135.29696229,35.3898644116],[135.2969581131,35.3900274655],[135.296912847,35.3901888525],[135.2965997872,35.3907657991],[135.2964320049,35.3910255202],[135.2964545085,35.3914452406],[135.2964353386,35.3917130148],[135.2963964537,35.391851628],[135.2962445086,35.3921852408],[135.2961606177,35.3923302413],[135.2959045087,35.392629412],[135.2958922906,35.3928252413],[135.2957661817,35.3931346817],[135.2957275694,35.393357187],[135.2956758954,35.3934830149],[135.2957406179,35.3938560792],[135.2957567264,35.3941594123],[135.2958011742,35.3944130149],[135.2959406182,35.3947382956],[135.296095624,35.3950124658],[135.2961345087,35.3951521873],[135.2961570115,35.395361628],[135.2961022907,35.395542187],[135.2960150665,35.3957066281],[135.2959439512,35.3957969072],[135.2957825629,35.3959421876],[135.2957083998,35.3960485747],[135.2955106178,35.3966855204],[135.2954039512,35.3968241336],[135.2953361824,35.3968627451],[135.2952556243,35.3968821878],[135.2950942363,35.3968627451],[135.2949706185,35.3968110797],[135.2947931212,35.3967080151],[135.2945800602,35.3967496827],[135.2943250654,35.3968496829],[135.2940700599,35.396849683],[135.2939283993,35.3968110795],[135.2938089568,35.3967594121],[135.2936700597,35.3966432958],[135.2935425624,35.3964785745],[135.293284236,35.3959688533],[135.2932228478,35.39590108],[135.2931131207,35.3958688532],[135.2929581135,35.3958946822],[135.2922092301,35.3963430153],[135.2921414474,35.396368854],[135.2920347806,35.3963688536],[135.2916328476,35.3964466284],[135.2909486715,35.3964466292],[135.2907778413,35.3964788535],[135.2906292293,35.3965627459],[135.2904892294,35.3967477456],[135.2903083999,35.3970410797],[135.2902342356,35.397108854],[135.2898789566,35.3972669081],[135.2892528477,35.3976605213],[135.2886120043,35.3979652421],[135.2884858957,35.3980813503],[135.2882567262,35.398423296],[135.2881450658,35.3985108004],[135.2880933928,35.3985324673],[135.2876567258,35.3985330164],[135.28753395,35.398500521],[135.2873225618,35.3984071879],[135.2869478417,35.3983877464],[135.2863572828,35.3982716293],[135.2860422896,35.3982419086],[135.2859439501,35.3982524677],[135.285493678,35.3984469087],[135.2850386706,35.3987113509],[135.2848836775,35.3987663504],[135.2841833918,35.398943576],[135.283963678,35.3989791344],[135.2834678405,35.3989594139],[135.283174235,35.3989271887],[135.2826867261,35.3988271888],[135.2825125623,35.398765801],[135.2819897863,35.3986658006],[135.2818670102,35.3986208008],[135.2817820036,35.398557747],[135.2816978409,35.3984580169],[135.2814720035,35.3980708011],[135.2814042347,35.3979838545],[135.2811911734,35.3978644136],[135.2808661808,35.3978019086],[135.2806628466,35.3977438553],[135.2804950645,35.3976566299],[135.2803497858,35.397543855],[135.2801139489,35.3974305223],[135.2800397866,35.3974116297],[135.2795533915,35.3974082972],[135.2793425614,35.3974566296],[135.2788211735,35.3974696844],[135.2785822888,35.3974277468],[135.2782506156,35.3972344138],[135.27805618,35.3970535759],[135.2779753368,35.3970052433],[135.277801173,35.3969535756],[135.2776525607,35.3969824681],[135.2774881124,35.397053576],[135.2770792274,35.3973421888],[135.2766042335,35.3975741349],[135.2761433903,35.3978227469],[135.2759645068,35.3978838554],[135.2757742342,35.3979321894],[135.2752770093,35.3979580176],[135.2748478397,35.3979227477],[135.2743117309,35.3978355222],[135.2740953367,35.3977888551],[135.2740081111,35.3977502435],[135.2738725602,35.3976180178],[135.273704506,35.3973438556],[135.2736600579,35.3972263517],[135.2731325606,35.3969038558],[135.2730356217,35.3969005223],[135.272901445,35.3969363518],[135.272717281,35.3971105221],[135.272546451,35.3971782975],[135.2724689544,35.3971944146],[135.2721428454,35.3971524689],[135.2718103426,35.3970363517],[135.2715511726,35.3968846842],[135.2714125603,35.3968202434],[135.2712478389,35.3967202438],[135.270831445,35.3963849639],[135.2706992275,35.3963494144],[135.2705670089,35.3964108012],[135.2705120016,35.3964944147],[135.2705411718,35.3970008017],[135.2705217303,35.3970816309],[135.2704958931,35.3971071897],[135.2704636756,35.3971232977],[135.2701592271,35.3971352436],[135.2698331177,35.3971838562],[135.2697170092,35.3972352439],[135.2696586686,35.3972902437],[135.2695717305,35.3974644147],[135.2695717295,35.3976708014],[135.2695361789,35.3979541358],[135.2695133905,35.3980541362],[135.2694714455,35.3981282976],[135.2694361794,35.3981541363],[135.2693553365,35.3981735771],[135.2690209001,35.3982080177],[135.2688239476,35.3982469097],[135.2684495118,35.398411352],[135.2683042331,35.3984982981],[135.2680653356,35.3988080178],[135.2678975672,35.3989758026],[135.2676881111,35.3991177484],[135.2668531174,35.3995305235],[135.2665917303,35.3996371901],[135.2663172808,35.3996630185],[135.265845893,35.3995241366],[135.2657136762,35.3995144155],[135.2654845054,35.3995402442],[135.2652497847,35.399530523],[135.2651497844,35.3994949642],[135.2649786689,35.3993885777],[135.2648464502,35.3993435771],[135.2647078391,35.3993402447],[135.2643881102,35.3994205237],[135.264197839,35.3994141368],[135.2640525598,35.3993624693],[135.263748954,35.3991402447],[135.2635100566,35.3990563528],[135.2632956203,35.3990174698],[135.2622367234,35.3990238565],[135.2621003414,35.399038019],[135.2619697843,35.3990732986],[135.2618106144,35.3991463526],[135.2616508988,35.3992510824],[135.2614958924,35.3993863528],[135.2612861779,35.3994994162],[135.2610420016,35.3995299644],[135.2608981098,35.3995271911],[135.2607595108,35.3995055236],[135.2606631175,35.3994638564],[135.260448396,35.3992327491],[135.2603000562,35.3991069109],[135.2600997839,35.3989746855],[135.2599867224,35.3989199645],[135.2598222869,35.3988910825],[135.2595058916,35.3988910832],[135.2591958917,35.3989232991],[135.258952287,35.3989813534],[135.2588553346,35.3989813526],[135.2587620014,35.3989296855],[135.2585392255,35.3987652453],[135.2583231165,35.398674965],[135.2581389525,35.3986619105],[135.2577870082,35.398581353],[135.2569703406,35.398503857],[135.2564261775,35.3985008033],[135.2559742315,35.3984619108],[135.2555145043,35.398466083],[135.255094776,35.3986271913],[135.2548495108,35.3987980196],[135.2547236745,35.3989466323],[135.2545783955,35.399056083],[135.2545395104,35.3990721915],[135.2544039466,35.3990721913],[135.2542908987,35.3990399656],[135.2539842311,35.3988852452],[135.2537028433,35.3987030193],[135.2536158912,35.3986094163],[135.2534122862,35.3983063533],[135.2532864489,35.3982160838],[135.2524781089,35.3975308034],[135.2521356187,35.3972716326],[135.2518158909,35.3970846868],[135.2515364486,35.396948299],[135.2513414428,35.3967749659],[135.2512275644,35.3966646863],[135.2511145041,35.3964935788],[135.2511050602,35.3963808033],[135.2511656181,35.3960952455],[135.251152842,35.3959599652],[135.2510753332,35.3957405246],[135.2509525578,35.3956308035],[135.2508686665,35.39558247],[135.250729782,35.3955374703],[135.2505878366,35.3955180194],[135.2505233872,35.3955213531],[135.2503522854,35.3955794162],[135.2498083938,35.3958166322],[135.2497017278,35.3959263538],[135.2493789516,35.3961619115],[135.2489839449,35.3963655246],[135.2487675639,35.3964430201],[135.2484803396,35.3965977498],[135.2482867209,35.396671912],[135.248157564,35.3967041378],[135.2480639457,35.3967105246],[135.2476992239,35.396681633],[135.2474764483,35.3966913542],[135.2472795088,35.3966685786],[135.2472075638,35.3966460841],[135.2470358899,35.3966652458],[135.2467608966,35.3967677499],[135.2466542306,35.3967855245],[135.2457028418,35.3963883001],[135.2453558903,35.3962927502],[135.2448653323,35.395875246],[135.2445350594,35.3956658039],[135.2443067206,35.3956213542],[135.2439508963,35.3956277504],[135.2433286661,35.3960527504],[135.2431636731,35.3960846869],[135.2427633867,35.3961988586],[135.2421792235,35.396439687],[135.2418675638,35.3967744171],[135.2417050596,35.3968663546],[135.2410953322,35.3969219126],[135.2408858891,35.3968902469],[135.2406833859,35.3968305254],[135.2404681075,35.3967269122],[135.2396542291,35.3962521923],[135.2391078352,35.3960208043],[135.2389875634,35.3959733007],[135.2389439443,35.3959699666],[135.2387203374,35.3960588587],[135.2382889504,35.3964144177],[135.2377086651,35.396975247],[135.2374561755,35.3971469128],[135.2373031138,35.3972819127],[135.237023114,35.3974624718],[135.2366200533,35.3979474716],[135.2364550589,35.3980221932],[135.2362353315,35.3980419128],[135.2352706104,35.398051634],[135.2351417259,35.3980766337],[135.2349586652,35.3981466336],[135.2345422841,35.3983780213],[135.23435895,35.3983999674],[135.2342058883,35.398372472],[135.2341208962,35.3983288594],[135.2338342283,35.3980310854],[135.2336203371,35.3979046881],[135.2333275624,35.3978380214],[135.2331981067,35.3977991395],[135.2331078346,35.3977508055],[135.2327933855,35.397431085],[135.2326181062,35.3972105261],[135.2324650588,35.3971202469],[135.2320250585,35.3969999672],[135.2314281062,35.3969363554],[135.2307581063,35.3967063553],[135.2300650582,35.3964974719],[135.2291642281,35.3962813557],[135.2284889493,35.3965427512],[135.2273697801,35.3967846884],[135.2268808947,35.3968291393],[135.2259981051,35.396981356],[135.2257695068,35.3970830215],[135.2251600515,35.3975396892],[135.2248489482,35.3977935808],[135.2245414391,35.398114419],[135.2243064454,35.3985458058],[135.2239764453,35.3989135811],[135.2236208945,35.3991927526],[135.2233670037,35.3993449682],[135.2230178337,35.3997194195],[135.222840052,35.3999858064],[135.2225583918,35.4005435809],[135.2224411663,35.4008388606],[135.2223170038,35.4010438604],[135.2219803362,35.4014624739],[135.2218597798,35.4017227523],[135.2218542278,35.4024919144],[135.2218914404,35.4027541402],[135.2217517254,35.4034202486],[135.221796174,35.4036421948],[135.2218025546,35.4038071949],[135.2217836706,35.4039402485],[135.2216561736,35.4043063568],[135.2215658876,35.4044141405],[135.2214086646,35.4046744199],[135.2213475626,35.4048138607],[135.2213133847,35.4049283029],[135.2212372759,35.4057277532],[135.2212006104,35.4058155281],[135.2210586642,35.4059716359],[135.2208972758,35.4061085818],[135.2207725553,35.4061771948],[135.2204475617,35.4062196901],[135.220269507,35.4062780232],[135.2200983917,35.4063710871],[135.2197970039,35.4064871951],[135.219533671,35.4066377531],[135.2194603375,35.406695807],[135.2194250584,35.4067710872],[135.2194292223,35.4070838614],[135.2193933852,35.4071769151],[135.2192395068,35.4073158074],[135.2187011667,35.407583023],[135.2186545015,35.4076535826],[135.2186389491,35.4077510876],[135.2187197801,35.4081694205],[135.2187461742,35.4085005284],[135.218739222,35.4087416363],[135.2184895078,35.4096160876],[135.2184358885,35.4097458077],[135.2183692229,35.4098596908],[135.2182097806,35.4100660873],[135.2178433859,35.4103635824],[135.2174250579,35.4107446902],[135.2170667195,35.4110999696],[135.2167619973,35.411315808],[135.2165383919,35.411396637],[135.2159303373,35.4115313582],[135.2155783925,35.4116619162],[135.2153306099,35.4118333039],[135.2148036711,35.4125308083],[135.2146256168,35.4126830237],[135.2144542278,35.4127149701],[135.213847834,35.4127655293],[135.2133653306,35.4125958082],[135.2131936708,35.4125883037],[135.2130542284,35.4126008078],[135.2128000518,35.4126513587],[135.2125589485,35.4127846916],[135.2124000516,35.4127974756],[135.2123014405,35.4127899702],[135.2121533851,35.412733024],[135.2117522829,35.4124166369],[135.2115642283,35.4124324753],[135.2110581057,35.4126921967],[135.2108961742,35.4127424754],[135.210544773,35.4127905293],[135.2102086637,35.4127888627],[135.2100245009,35.4128421965],[135.2099203365,35.4128999707],[135.209590052,35.4132041422],[135.2093742275,35.4134388622],[135.2091075612,35.4136230248],[135.2085967189,35.4137646921],[135.2082989485,35.4137630244],[135.2076250576,35.4138091429],[135.2075489486,35.4139233049],[135.2075806092,35.4141135837],[135.20756144,35.414291089],[135.2074156158,35.4145194215],[135.2072375616,35.4147349706],[135.2071389488,35.4149713591],[135.2069561741,35.4151735841],[135.2067858882,35.4152388626],[135.2065964457,35.4152680246],[135.2062564452,35.4151460886],[135.2059803368,35.4149452509],[135.2055072752,35.414549692],[135.2053061735,35.4144419174],[135.2044595063,35.4142260893],[135.2039008941,35.4142324759],[135.2036089482,35.4142958095],[135.2035008946,35.4144291434],[135.2035072751,35.4147124766],[135.2035770031,35.4156196925],[135.2035447721,35.4166449714],[135.2035575616,35.416886089],[135.2037545003,35.4175966388],[135.2039639423,35.4181041431],[135.2042133849,35.4185619172],[135.2048192225,35.4194816385],[135.2050183921,35.4198421975],[135.2051606099,35.4199685844],[135.2053792217,35.4201285843],[135.2053531133,35.4203130255],[135.2051361746,35.4205849718],[135.205141167,35.4209099718],[135.2050342286,35.4214099713],[135.2049564461,35.421735252],[135.2047617251,35.4223788636],[135.2047422838,35.4225438634],[135.2045917255,35.4230338635],[135.2046158881,35.4231844227],[135.2046208959,35.4234388635],[135.2046936714,35.4237349717],[135.2047908955,35.4239435851],[135.2048442286,35.4241233058],[135.2048297803,35.4243077559],[135.2047811678,35.4244660898],[135.2047131134,35.424568026],[135.2045867197,35.4246649718],[135.2043486641,35.4247719181],[135.2039892232,35.4249074768],[135.2037903376,35.4249121977],[135.2035522833,35.4249658104],[135.203032283,35.4252616392],[135.2026808958,35.4254913604],[135.2025303373,35.4255933057],[135.2019861745,35.4260399724],[135.2018597801,35.4261708099],[135.2010847733,35.4266783067],[135.2009097802,35.4268577567],[135.2008319977,35.4269694233],[135.2006086646,35.4271246934],[135.200497005,35.4271588646],[135.2001717258,35.4271588648],[135.20001144,35.4271783067],[135.1997100526,35.4273285854],[135.1996470039,35.4273383062],[135.1993117257,35.4272996939],[135.1990250588,35.4272363609],[135.1988042286,35.4271783063],[135.1986292224,35.4271005313],[135.1982211673,35.4269744235],[135.1979053312,35.4269599726],[135.1977256161,35.4270180265],[135.1973858882,35.4270471991],[135.1971867189,35.427018027],[135.1970747734,35.4269696934],[135.1969389486,35.4269355319],[135.1967686641,35.4269308109],[135.1966067189,35.4269510909],[135.1963200517,35.4270285859],[135.1961306096,35.4270869188],[135.1959945013,35.427184145],[135.1956495064,35.4273005323],[135.1955572761,35.4273588646],[135.1955086644,35.4274363614],[135.195397004,35.427751919],[135.1953872765,35.427955532],[135.1954164463,35.4283244243],[135.1955319976,35.4285905317],[135.1955825555,35.4287805324],[135.1956383923,35.4292388651],[135.1956272764,35.4294960909],[135.195560052,35.4295296945],[135.1954200522,35.4295352535],[135.1951964465,35.4295185859],[135.1948214401,35.4295463615],[135.1944803373,35.4296080276],[135.194182283,35.429700811],[135.1938500524,35.4298608111],[135.1937272764,35.4299835859],[135.1932461744,35.4305519195],[135.1930186644,35.4305949734],[135.192883671,35.4305641453],[135.1924839433,35.4305335867],[135.1922317249,35.4305274785],[135.1920892218,35.4305524785],[135.1919186643,35.4306163618],[135.1914817248,35.4308452538],[135.1912792219,35.4309302534],[135.1911833847,35.4309249739],[135.1909914395,35.430850533],[135.1908528394,35.430728028],[135.1906450574,35.4306216409],[135.1904731129,35.4305727575],[135.1898336707,35.4304608117],[135.1895228395,35.4303808114],[135.1893895062,35.4304285863],[135.1892403366,35.4305138658],[135.1889739421,35.4307002542],[135.1888300517,35.4307533082],[135.1887019962,35.4307374787],[135.1885208941,35.4306630283],[135.1883342279,35.4305616412],[135.1878014397,35.4305724789],[135.1875136702,35.4305935867],[135.1873142275,35.4306266411],[135.1871172754,35.4306905329],[135.1867228393,35.4308930281],[135.186600336,35.4309780278],[135.1863872755,35.4311749742],[135.1862167188,35.4314785875],[135.1861581057,35.431510533],[135.1860464449,35.4315422003],[135.1857053299,35.4315794249],[135.185270894,35.4316496954],[135.184785887,35.4315805328],[135.1845995062,35.4315324793],[135.1844714388,35.4314846949],[135.1843756157,35.4314155329],[135.1841303366,35.4310216416],[135.183736173,35.4304627582],[135.1835703364,35.4302999747],[135.1832131122,35.4300335872],[135.1830745001,35.4299805336],[135.1828081043,35.429820812],[135.1822272751,35.4297888667],[135.1819875609,35.4298952544],[135.1817317238,35.4300974796],[135.1816122818,35.4302105332],[135.1815003356,35.430354425],[135.1813564448,35.4304555335],[135.1811700506,35.4305246952],[135.1809995059,35.4306099745],[135.180621165,35.4307213628],[135.1802111658,35.43073748],[135.1797261729,35.4305085874],[135.1796122809,35.4304277585],[135.1794258863,35.4303319202],[135.1792978324,35.4302310924],[135.1790314381,35.430098029],[135.1788822808,35.4300552548],[135.1780670018,35.4300549747],[135.1779314384,35.430016642],[135.1773753295,35.4296716422],[135.1771250561,35.4294833091],[135.17694756,35.4293813631],[135.1768517226,35.4293602548],[135.1767078323,35.4293760927],[135.1764044988,35.4294666417],[135.1763033833,35.4294772012],[135.1761756134,35.4294505338],[135.1758083902,35.4291846955],[135.1756539407,35.4291260926],[135.1755261717,35.4290994255],[135.1752758854,35.4289719208],[135.1751642257,35.4288546955],[135.1750097776,35.4287377591],[135.1747647709,35.4284346963],[135.174498947,35.4281952551],[135.1743339401,35.4281952546],[135.1742219947,35.4282324804],[135.1740731101,35.4283494256],[135.1738600499,35.4284613633],[135.1736470014,35.428615534],[135.1732106073,35.4288388667],[135.1728572731,35.428966642],[135.1726975596,35.4289719215],[135.1725058855,35.428945255],[135.1721706068,35.4288549751],[135.1719842257,35.4288388668],[135.1718722805,35.4288813635],[135.1716806078,35.4290196967],[135.1712708922,35.4291741471],[135.1710633819,35.4292058133],[135.1708161706,35.4291788674],[135.1703425526,35.4290460933],[135.170156171,35.4290141477],[135.1700550555,35.4290194262],[135.1699006068,35.4290724805],[135.1696928368,35.4292322014],[135.1695492195,35.4293758137],[135.1694372733,35.4295299754],[135.1688889463,35.4303649755],[135.1688292196,35.4305277598],[135.1688186612,35.4306180295],[135.1688506076,35.4307669218],[135.1690367163,35.4310591477],[135.1690581035,35.431139148],[135.1690686617,35.431325256],[135.1690422804,35.4317985891],[135.1689783891,35.4321444272],[135.1688983893,35.4322719218],[135.1688870017,35.4324305346],[135.1689295046,35.4325688677],[135.1690253279,35.4326591476],[135.1692278319,35.4327974811],[135.1693875596,35.4329358139],[135.1697228378,35.4331113637],[135.1698825522,35.4331696967],[135.1700956133,35.4332974804],[135.1701700498,35.4333716426],[135.1702603343,35.433589697],[135.1702814373,35.4337385883],[135.1702708923,35.4338769215],[135.1703772734,35.4341694266],[135.1705106076,35.4343663635],[135.1707947709,35.4346402556],[135.1708319948,35.4347255346],[135.170805329,35.435060535],[135.170831995,35.4352199762],[135.1710664443,35.4355019217],[135.1710770016,35.4356402555],[135.1710450566,35.4357255346],[135.1709597779,35.435814427],[135.1708853288,35.435926094],[135.1708214376,35.4360272017],[135.170784226,35.436133589],[135.1708000503,35.4362877602],[135.1708958862,35.4364474808],[135.1709758858,35.4366602558],[135.1710289473,35.4368994266],[135.1710289473,35.4370802564],[135.1709758867,35.437266643],[135.1708906084,35.4373783095],[135.170768104,35.4374794266],[135.170528662,35.437553868],[135.1703208932,35.4376388681],[135.1702144995,35.43771331],[135.1701239409,35.4378196973],[135.1700761725,35.4380272022],[135.1700650565,35.4383980298],[135.1700278318,35.4384991482],[135.1698786619,35.438674697],[135.1696178321,35.4389033106],[135.1695114384,35.4390469226],[135.1694581046,35.4391799767],[135.1694100502,35.4392224813],[135.169308947,35.4392649761],[135.1691014379,35.4393288683],[135.1686970018,35.4393608143],[135.1685214385,35.4394299768],[135.1683370024,35.4396822024],[135.1682039415,35.4400596972],[135.168108104,35.440256643],[135.1679964442,35.4403096975],[135.167474771,35.4403999762],[135.1672458862,35.4405169223],[135.1671072743,35.4406977603],[135.1670381041,35.4408894277],[135.1668089471,35.4417060943],[135.1667825534,35.4418496979],[135.1669739418,35.4427483107],[135.1670964449,35.4429610947],[135.1674483909,35.4433905356],[135.1675708942,35.4434649768],[135.1679542264,35.4435980304],[135.1681406091,35.4437255353],[135.1682631117,35.4438372027],[135.1684542271,35.4440499766],[135.168502282,35.4440713646],[135.1686886634,35.4441033112],[135.1688322816,35.4440819224],[135.1691197787,35.4441138686],[135.1693328386,35.4441669223],[135.1695989486,35.4442680305],[135.1697800512,35.4443052563],[135.1699131124,35.4443052563],[135.1701578331,35.4442041485],[135.1703389477,35.4441616432],[135.170413384,35.4441777602],[135.1706583917,35.4442733102],[135.1711203362,35.4445696976],[135.1712000512,35.4446708141],[135.1712108947,35.4447399763],[135.171194772,35.4449046976],[135.1711575615,35.4450483108],[135.1710883919,35.4452080302],[135.1709711661,35.4453674819],[135.170965887,35.4454952562],[135.1711150573,35.445963031],[135.1711947723,35.4461544276],[135.1713008946,35.4463405358],[135.1716789485,35.4467608144],[135.1719564461,35.4473760944],[135.1721161743,35.4478708148],[135.1724833852,35.4484930311],[135.1725633853,35.4486683111],[135.1726036709,35.4488113651],[135.1725717254,35.4488966435],[135.172465331,35.4490774819],[135.17234284,35.4491677604],[135.172145888,35.449242203],[135.171688106,35.4494922025],[135.1713419968,35.4496572027],[135.1712461743,35.4497263645],[135.1712036705,35.4497955363],[135.1710492224,35.4499124821],[135.1708895068,35.4500613652],[135.1704478343,35.450561365],[135.1701339432,35.4507633114],[135.1699261745,35.4508588691],[135.1695428398,35.4509069233],[135.1694150575,35.450906923],[135.1692233849,35.4510452568],[135.1689853306,35.4511652571],[135.1687883916,35.4512130316],[135.1686658876,35.4512663651],[135.1684478343,35.4513088693],[135.1683519967,35.4513194285],[135.1679419966,35.4512502576],[135.1678197795,35.4512663655],[135.1676389484,35.4513302575],[135.1672181062,35.4514258158],[135.1668189484,35.4514738693],[135.1659708949,35.4515002571],[135.165514773,35.4516969235],[135.1652536711,35.4518299774],[135.1649292214,35.4520533115],[135.1644036707,35.4527855371],[135.1639033842,35.4533172037],[135.163631725,35.4535246985],[135.1635306099,35.453652204],[135.1634561732,35.4537160958],[135.1631314398,35.4538649775],[135.162934228,35.4539074828],[135.162726718,35.4539183122],[135.1621572755,35.4538383123],[135.161907003,35.453939429],[135.1617367182,35.4539874832],[135.1614600518,35.4540138702],[135.1610019964,35.45393415],[135.1605733837,35.4537508161],[135.1603444999,35.453686924],[135.1600889483,35.4536602583],[135.1597272748,35.4536496993],[135.1596153302,35.4536708162],[135.1594289476,35.4537613667],[135.1593278331,35.4538996995],[135.1592639426,35.4542824835],[135.159290609,35.4545060964],[135.1594661735,35.4550374836],[135.159481996,35.455218312],[135.1594342274,35.4553674831],[135.1599931123,35.4554491504],[135.1603786638,35.4555630325],[135.1605586632,35.455647483],[135.1606395063,35.4557758167],[135.1607092214,35.4559555378],[135.1607872756,35.4565972042],[135.160827834,35.4567549786],[135.1609342276,35.4569788704],[135.1609967184,35.4570705373],[135.1610919966,35.4571952583],[135.1612058876,35.4572574838],[135.1615950574,35.4574263665],[135.161840895,35.457477762],[135.1620650577,35.4574960964],[135.1628792223,35.45741415],[135.1634006097,35.457355258],[135.163705616,35.4572930324],[135.1639808951,35.4572710961],[135.1642197805,35.4572122042],[135.1644361744,35.4571316448],[135.1646525553,35.4569372045],[135.1648400521,35.456812762],[135.1649208947,35.456665816],[135.1651336717,35.4565338701],[135.1655481065,35.4562858157],[135.1657758879,35.4562124832],[135.165937562,35.4561830321],[135.166352555,35.4561722043],[135.1667636712,35.4562196987],[135.1671492226,35.4563299781],[135.1674061743,35.4563849778],[135.1683856162,35.4565102575],[135.1685178349,35.4565102579],[135.1688739442,35.4563488693],[135.1691567197,35.4561910952],[135.1692486642,35.4561580319],[135.1693770049,35.4561433114],[135.1698508962,35.456187483],[135.1703795079,35.4562719236],[135.1708967197,35.4564155363],[135.1711172774,35.4564266444],[135.1716606106,35.4563274822],[135.1720572767,35.4563533112],[135.1725308964,35.4564266442],[135.1729125558,35.4565183112],[135.1731697816,35.4565955365],[135.1734856167,35.4567238694],[135.1738050595,35.4567533111],[135.1741967201,35.456824428],[135.1744647744,35.4569233107],[135.1746556174,35.4570958148],[135.1747878354,35.4572535904],[135.1748686655,35.4574113652],[135.1752578357,35.4580091493],[135.1754708964,35.458302761],[135.1756047743,35.4584302573],[135.1757736732,35.458529428],[135.1759131144,35.4585772028],[135.1763906115,35.4585991491],[135.1765156184,35.4586505358],[135.1766770063,35.4586760955],[135.1768203388,35.4587422028],[135.1769856177,35.4588266438],[135.1771545028,35.4589952571],[135.1772536726,35.4591274824],[135.1775217274,35.4593841494],[135.1778742297,35.4595458147],[135.1780536731,35.4595877608],[135.1786078365,35.4596427609],[135.1786517275,35.4597491487],[135.1787400548,35.4598555359],[135.1788942301,35.4600024822],[135.1791072784,35.460149149],[135.179566177,35.4602260952],[135.1806495094,35.4602774823],[135.1808542304,35.4603238684],[135.1810856186,35.4603972032],[135.1814158908,35.460580536],[135.1820619996,35.4612116435],[135.1822089515,35.4613144279],[135.1823483949,35.461387761],[135.1827633878,35.4615419231],[135.1831417279,35.4616080311],[135.1833061775,35.4616585897],[135.1834308977,35.4617355356],[135.183518952,35.4618016441],[135.1835925582,35.4620072029],[135.1837722868,35.4622308146],[135.1839633881,35.4623224821],[135.1841322859,35.462381365],[135.1843306132,35.4624180303],[135.1848003399,35.4624291484],[135.1849472789,35.4624802562],[135.1851161775,35.4626308148],[135.185446723,35.4630491484],[135.1856617288,35.4633602565],[135.1857608983,35.4635622024],[135.1858672799,35.4638444274],[135.1859186682,35.4640499764],[135.1859261779,35.4642405361],[135.1858006134,35.4652349768],[135.1857600562,35.4653780307],[135.185561729,35.4658441489],[135.1854811716,35.466354149],[135.1855397838,35.4665555356],[135.1856278384,35.4666841492],[135.1857492267,35.466812482],[135.1857461779,35.467031644],[135.1857903417,35.4675488691],[135.1858525591,35.4678644281],[135.1859925593,35.4683194277],[135.186124777,35.4688622028],[135.1861725594,35.4691669234],[135.1861467238,35.4693319232],[135.1859814441,35.4695519227],[135.1859558926,35.4696838692],[135.1859667234,35.4698894284],[135.1861028442,35.4700213647],[135.1863747777,35.4702299769],[135.1868961788,35.4705858152],[135.1875756213,35.4711324822],[135.1877811722,35.4712646983],[135.1881225602,35.4714041492],[135.1883611724,35.4714408149],[135.188779227,35.4715644277],[135.18911339,35.4716891492],[135.1893153366,35.4717955358],[135.189572288,35.4719055363],[135.1900056219,35.4721733113],[135.190468398,35.4725294275],[135.1906409008,35.4726980309],[135.1907953366,35.472877761],[135.1909039481,35.4729433106],[135.1910067246,35.4729874819],[135.1913847791,35.473093869],[135.1919395128,35.4732994282],[135.1922992277,35.473460815],[135.192449786,35.4735635894],[135.1927620034,35.4736883109],[135.1929567253,35.4737066438],[135.1934892281,35.4736222024],[135.1936397862,35.4736808143],[135.193778398,35.4737963645],[135.1939872817,35.4740860947],[135.1942075682,35.474552203],[135.1942995137,35.4747024819],[135.1943911732,35.4749558146],[135.1946117317,35.4753885893],[135.1946564528,35.475509149],[135.1948620032,35.4758096981],[135.1951339493,35.4760885897],[135.1954128471,35.4762866442],[135.195850059,35.4767049769],[135.1960556227,35.4767344279],[135.1962356223,35.4768077611],[135.1964264533,35.4768444279],[135.196995895,35.4770022026],[135.1975931198,35.4772513648],[135.1977142346,35.4773210945],[135.1979347804,35.4774972024],[135.1980192296,35.4775852564],[135.1980814469,35.4777577609],[135.1981328469,35.4779666433],[135.1981183997,35.4781319223],[135.1982136786,35.4786638689],[135.1982503439,35.4787849767],[135.1983500598,35.4789572029],[135.1984895146,35.4790894277],[135.1986328474,35.4792655354],[135.1988714473,35.4794783104],[135.1990036781,35.4796466434],[135.1991578416,35.4797569229],[135.1996720051,35.4799916434],[135.1998850659,35.480134698],[135.2000172833,35.4802522023],[135.2001164535,35.4803916432],[135.2002220047,35.4805046981],[135.200464509,35.4808569229],[135.2005856243,35.4809449764],[135.2007286724,35.4810074814],[135.2009453391,35.4810696977],[135.2011103445,35.4811358143],[135.2014850657,35.4816605355],[135.2015731213,35.48191359],[135.2018095153,35.4824010949],[135.2019492307,35.4829146973],[135.2019381146,35.4831163645],[135.2018317331,35.4836152567],[135.2018642365,35.4839483108],[135.2018570119,35.4840327604],[135.2018128486,35.4841283112],[135.2017320053,35.4842163651],[135.2016072844,35.4842969231],[135.20135368,35.4844363648],[135.2009684006,35.4845869231],[135.2008070126,35.4846858148],[135.2007039514,35.4847738687],[135.2006636797,35.4848252569],[135.200641733,35.4848949769],[135.2006011751,35.4853313646],[135.200523122,35.4854774818],[135.2005011755,35.4856499772],[135.2005267271,35.4857930311],[135.200611175,35.4859288694],[135.2007617333,35.4860644281],[135.2010664552,35.4863360951],[135.2012500606,35.486471644],[135.2016209043,35.4866808153],[135.2018336799,35.4868496979],[135.2019567281,35.4870030311],[135.2020117341,35.4871130306],[135.2020411756,35.487281644],[135.2019492313,35.4878574824],[135.2016658976,35.4886385904],[135.2016436796,35.4887927609],[135.2015775711,35.4889505359],[135.2011922919,35.4895558153],[135.2010381151,35.4898713653],[135.2010195164,35.4899585905],[135.201070904,35.4900280317],[135.2013425642,35.4901858152],[135.2016067287,35.4902738697],[135.2019117344,35.4904096979],[135.2031931223,35.4907252576],[135.2033253409,35.4907327612],[135.2039197892,35.4908291491],[135.2045992314,35.4908510949],[135.2049553407,35.4909210952],[135.2053628501,35.491027203],[135.2055353412,35.4911116437],[135.2056420071,35.4911958148],[135.2058145112,35.4912766442],[135.2060972863,35.4914491492],[135.2061928501,35.4915444283],[135.2072197903,35.4923458151],[135.2074033952,35.4924522033],[135.2076092319,35.4925294282],[135.2082481165,35.4928338692],[135.2086761841,35.4929541487],[135.2090067292,35.4930716439],[135.2094656268,35.4931888687],[135.2096272867,35.4931963645],[135.209796185,35.4931816435],[135.2101414503,35.4931191488],[135.2105270147,35.4930863645],[135.2111036817,35.4931191488],[135.2116247843,35.493196095],[135.2123625659,35.4931816438],[135.2127847841,35.4931410946],[135.2130675736,35.4930935892],[135.2135414511,35.4929466437],[135.213761736,35.492855256],[135.2140736817,35.4927783101],[135.2144364576,35.492721922],[135.2149984037,35.4927477603],[135.2152809059,35.4927916433],[135.2155086752,35.4928688685],[135.2157436825,35.4929055354],[135.216309233,35.4930302562],[135.2165075736,35.4930449765],[135.2170731242,35.493048589],[135.2174656281,35.4930233099],[135.2181228518,35.4929169216],[135.2182953425,35.4928655352],[135.2184567312,35.4928619224],[135.2186661861,35.4928910944],[135.2188167308,35.4929683099],[135.219316186,35.493316643],[135.2194775739,35.4934560937],[135.2195400634,35.4936688676],[135.2195575742,35.4939752555],[135.2195509068,35.4942599758],[135.219654513,35.4946994268],[135.219732295,35.4949322018],[135.2202050702,35.495429697],[135.2202778458,35.4955458143],[135.2203067312,35.495661922],[135.220321452,35.4958796967],[135.2202245137,35.4960199763],[135.2200503494,35.4966972026],[135.2198078469,35.4978085894],[135.2197933976,35.4980649759],[135.219832296,35.4982680307],[135.2199145137,35.4985244275],[135.2200886772,35.4987905352],[135.2203936839,35.4991291481],[135.2209659012,35.4999594274],[135.2212031258,35.5004624812],[135.2212225683,35.50060776],[135.2212903499,35.5007477605],[135.2214064594,35.5008396971],[135.2215420101,35.5008785889],[135.2218664596,35.5008396975],[135.2220795203,35.5008544271],[135.2226847861,35.5009558143],[135.2229653439,35.5010477606],[135.2232511799,35.5011880302],[135.2232945142,35.5012508139],[135.2234764591,35.501424148],[135.2235442418,35.501535535],[135.2236697935,35.501632202],[135.2237520105,35.5017627602],[135.22377646,35.5018983099],[135.2237570173,35.5020772026],[135.2236553442,35.5023141481],[135.2235778473,35.502449697],[135.2235681194,35.5026333105],[135.2235786776,35.5031672021],[135.2236775753,35.5034510945],[135.2237667329,35.5035988685],[135.2239036851,35.5036966434],[135.2240089627,35.5037505357],[135.2241497941,35.5037908143],[135.2245064601,35.5038499759],[135.2249347869,35.5038713643],[135.225233957,35.5039452559],[135.2254822967,35.5039841483],[135.2255964596,35.5040233103],[135.2257181197,35.5040822026],[135.225969794,35.5043060939],[135.2261695208,35.5045127599],[135.2263786781,35.5047819222],[135.2265514545,35.5048802564],[135.2271095214,35.5051352561],[135.2274989636,35.5052419219],[135.2279175763,35.5054433099],[135.2282475772,35.5057477603],[135.2283578492,35.5058749758],[135.228412855,35.5061163643],[135.2284322977,35.5063988684],[135.2284914553,35.5065049758],[135.2285659028,35.5065716432],[135.2286995217,35.5068427602],[135.2287509103,35.5070046974],[135.2287625694,35.5072166428],[135.2287861892,35.507333589],[135.2289159027,35.5075710939],[135.2292967337,35.5079008144],[135.2295097956,35.5081660941],[135.2296745165,35.5082080304],[135.2300284068,35.5081646974],[135.2304064612,35.5081924807],[135.2307206257,35.5082513637],[135.2308150731,35.5082908141],[135.2311686788,35.5082985891],[135.2312747881,35.5083299759],[135.231405347,35.5084008137],[135.2315745164,35.5085577601],[135.2319997958,35.5092113637],[135.232148965,35.5093760942],[135.2323336872,35.5095016428],[135.2324003531,35.5095922023],[135.2324750737,35.509713868],[135.2324789644,35.5099572017],[135.2325236872,35.5101241479],[135.232610068,35.5102538684],[135.232867578,35.5104113641],[135.2329200676,35.5104316434],[135.2330078498,35.5104405347],[135.2332428562,35.5104305353],[135.2334589652,35.5104030297],[135.233592571,35.510359697],[135.2337300682,35.5103402562],[135.2338006265,35.5103674805],[135.2338556324,35.510426364],[135.2338556315,35.5106463643],[135.2338753475,35.5107680295],[135.2339067347,35.5108346969],[135.2340767346,35.511071922],[135.2341592387,35.5111505352],[135.2342220133,35.5111858141],[135.2343517415,35.5111858137],[135.2344981216,35.5111369221],[135.2347145172,35.5110116425],[135.2348861899,35.5108641477],[135.2350078499,35.5106913638],[135.2350747891,35.5105138676],[135.2350825708,35.5103330297],[135.2351425707,35.510100814],[135.2353153472,35.5099427597],[135.2355000678,35.5098288677],[135.2356961901,35.5097527602],[135.23582619,35.5096835886],[135.23601868,35.5096285884],[135.2362781226,35.5096444269],[135.2365964622,35.5096324805],[135.2368847888,35.5096483093],[135.2371400686,35.5096796962],[135.2371911831,35.5096796967],[135.2372589659,35.5096563634],[135.2373128566,35.5096088674],[135.2374347893,35.5094441473],[135.2375250746,35.5093577591],[135.237682299,35.5092441479],[135.2378553477,35.5091969215],[135.2380570206,35.5091846965],[135.23812785,35.5091494261],[135.2381984087,35.5090905344],[135.2383556327,35.5088313633],[135.2384425708,35.5087433092],[135.2385564625,35.5087002557],[135.2390436874,35.5086096964],[135.2393384086,35.5086058134],[135.2396253474,35.5085588671],[135.23974702,35.508503867],[135.2402236874,35.5081530293],[135.2403731289,35.5079922012],[135.2406322993,35.5078074805],[135.2407581225,35.5077369208],[135.2410647897,35.5076308129],[135.2412217418,35.5075527588],[135.2414797964,35.5074605344],[135.2417425715,35.507333867],[135.2420689653,35.5073338665],[135.2421725711,35.5073666423],[135.2424225716,35.5074960929],[135.2429378512,35.5075902553],[135.2430950745,35.5075863627],[135.2433228564,35.5076374798],[135.2435272925,35.5076491466],[135.2440711835,35.5076138663],[135.2444839595,35.5076060927],[135.2446645185,35.5076177585],[135.2447967355,35.507655813],[135.2448411839,35.5076766416],[135.2449950748,35.5078230286],[135.2450578509,35.5079169208],[135.2451170215,35.5079719205],[135.2454125723,35.5081010929],[135.2455867363,35.508214147],[135.245678681,35.5083174793],[135.2459906269,35.5087827591],[135.2461122998,35.5089241471],[135.2463128578,35.5090652544],[135.2464267368,35.5091085881],[135.2470761913,35.5096594256],[135.247206737,35.509749696],[135.2477261919,35.5097199742],[135.2480661914,35.5097452547],[135.2482664641,35.509808867],[135.2484950759,35.5099358128],[135.2486731304,35.510075534],[135.2488111847,35.5101402541],[135.2490997983,35.5101838666],[135.2496428578,35.5101935877],[135.2501903555,35.5101394258],[135.2508828576,35.5101649744],[135.2512147917,35.510263866],[135.2517167371,35.5103844257],[135.252164791,35.5105685873],[135.2523445196,35.5106888664],[135.2525575801,35.5107535874],[135.2527131316,35.5107569199],[135.2529325729,35.5106996953],[135.2536547913,35.5105949743],[135.2538453494,35.5105983083],[135.2541725734,35.5104966407],[135.2544750768,35.5103338659],[135.254605349,35.5102227583],[135.2550125735,35.509392758],[135.2551406285,35.5093174792],[135.2553120152,35.5090777581],[135.2554559065,35.5089180279],[135.255696464,35.5085633079],[135.2557775805,35.5085408116],[135.255846737,35.5084791462],[135.2561272941,35.5080980274],[135.2562120159,35.5079260919],[135.2563397986,35.5077605331],[135.2564339616,35.5077269199],[135.2565906286,35.507617479],[135.2570486828,35.5075219195],[135.2581831317,35.5074808115],[135.2584228587,35.5074010915],[135.2588772948,35.5071533078],[135.2598131318,35.5068383077],[135.2602825734,35.5065833068],[135.2603467372,35.5065238653],[135.2604325743,35.5062952534],[135.2604770229,35.5057483074],[135.260454792,35.5056669195],[135.2605597989,35.5047577572],[135.2605978522,35.5047066401],[135.2606200708,35.5045674779],[135.2607123019,35.5043610913],[135.260887022,35.5041863606],[135.2611956342,35.5039688647],[135.2613161927,35.5039402533],[135.2619489675,35.5037058108],[135.2623223015,35.5035019184],[135.2625378529,35.5032688645],[135.2628911857,35.5027719185],[135.2630542464,35.5025960903],[135.2631267378,35.5024846933],[135.2632228589,35.5022358106],[135.263359799,35.5019946936],[135.2635911854,35.5017958109],[135.2639345197,35.5015558104],[135.2640534039,35.5014099722],[135.2641042466,35.5012135853],[135.2641156349,35.5009441447],[135.2641697979,35.5007258106],[135.2645147914,35.5003355314],[135.2647464643,35.5001255315],[135.2650770224,35.4998510903],[135.2655339618,35.4995074772],[135.2656814586,35.4992927562],[135.2658078519,35.4987533062],[135.2657953496,35.4983777561],[135.2657728578,35.498304423],[135.2658156342,35.4982099723],[135.2659314588,35.4981069179],[135.2660131316,35.4980427556],[135.2665417437,35.4978908102],[135.2683717434,35.4975094227],[135.2684789677,35.4974452513],[135.2688009139,35.497166639],[135.269019526,35.4970166389],[135.2691353497,35.4969652519],[135.2694323021,35.4969046923],[135.2701159067,35.4968096927],[135.2707167377,35.4965438633],[135.2713392411,35.4962908098],[135.2717053502,35.4961113597],[135.2718425734,35.4959091431],[135.2719545201,35.4956938635],[135.2720975807,35.4955380251],[135.2723323013,35.4953916378],[135.272704792,35.4951163591],[135.2728334034,35.4949638634],[135.2730023019,35.494687755],[135.2732478531,35.4941755301],[135.2734281243,35.4938496921],[135.2735009139,35.4937766376],[135.273771459,35.4936866378],[135.2739472946,35.4935752511],[135.2739945194,35.4935066376],[135.2740117437,35.4934166379],[135.2739986822,35.4933352507],[135.2737128581,35.4924380249],[135.2736764642,35.4921705297],[135.2739867376,35.492181089],[135.274282015,35.4921430244],[135.274545634,35.4920649704],[135.275682302,35.4916119167],[135.276051459,35.4914191428],[135.2763131314,35.4913127546],[135.2768753499,35.4912949708],[135.2772014593,35.4913077548],[135.2773806287,35.4912733047],[135.2778011858,35.4911188622],[135.2790378531,35.4908535831],[135.2795564645,35.4907885834],[135.2799189675,35.4907630245],[135.2805217443,35.4907744207],[135.2811975814,35.490743304],[135.281391744,35.4907071957],[135.281683404,35.4906133044],[135.282591186,35.4902471961],[135.2835095258,35.489912754],[135.2839034047,35.4897916368],[135.284045907,35.489805529],[135.2841645205,35.4898930236],[135.2844323029,35.4905860874],[135.2846864653,35.4910688614],[135.2849089688,35.4917416369],[135.2849539625,35.491976916],[135.284895908,35.4922994209],[135.2847409147,35.4926494209],[135.2845047927,35.492992475],[135.2844275815,35.4932069163],[135.2844189686,35.4935541423],[135.2844834052,35.4938202503],[135.2846900724,35.4943838618],[135.2852139628,35.4956041424],[135.2856309159,35.4968283043],[135.2858625761,35.4974544216],[135.2859934057,35.497667196],[135.2861298006,35.4981502503],[135.2862581272,35.4985113581],[135.2866239638,35.4991958086],[135.2867484132,35.4993716376],[135.2869417459,35.4994916376],[135.2870300733,35.4995277541],[135.2874436925,35.4994916376],[135.2875639638,35.4994966375],[135.2876634062,35.4995308082],[135.2877225762,35.4995988626],[135.2877356369,35.4998002503],[135.2876842496,35.5006177538],[135.2876498021,35.503168583],[135.2876845225,35.5031685834],[135.2876856379,35.5036671968],[135.2876475842,35.5038038622],[135.2876925766,35.5041316373],[135.2877017469,35.5045880245],[135.2876881276,35.5049544217],[135.2876675836,35.5050949709],[135.2876695287,35.5056405299],[135.2876559102,35.5057863587],[135.2876559103,35.5059883046],[135.2876786859,35.5061152509],[135.2876950802,35.5071816376],[135.2876878559,35.5079638632],[135.2876742506,35.5080252512],[135.2877267409,35.5085533045],[135.2877245231,35.5088391426],[135.2877609169,35.5089480245],[135.2877972984,35.5094544217],[135.2878723061,35.5098571967],[135.2878947952,35.5104388631],[135.2878723052,35.510511638],[135.2880906325,35.5116902507],[135.2882450811,35.511929143],[135.2883564695,35.5126133051],[135.2884450811,35.5129377547],[135.2884867416,35.5131613592],[135.2884859114,35.5135535846],[135.2884020207,35.5137102516],[135.2881611899,35.5143716381],[135.2880786871,35.514541638],[135.2880520208,35.5146974761],[135.2880406328,35.5151285847],[135.2881150815,35.5156221973],[135.2882134088,35.515836917],[135.2884903606,35.5161185843],[135.2886580005,35.5162551883],[135.2896656913,35.5159132782],[135.2899945251,35.5159278361],[135.2904299459,35.5160224221],[135.2905282209,35.5160299444],[135.2908871314,35.5160108635],[135.2913133564,35.5159116924],[135.2917555752,35.5158963586],[135.2919841617,35.5158681427],[135.2920394662,35.5158471966],[135.2924022421,35.5158147819],[135.2930486877,35.5159084491],[135.2931423854,35.5158964763],[135.2933709707,35.5159051969],[135.2935947455,35.5158574755],[135.2938209711,35.5158342782],[135.2942804915,35.5158684218],[135.2946963018,35.5157246644],[135.2947559126,35.5156777818],[135.2948629418,35.5156273861],[135.2951067435,35.515573116],[135.2952628646,35.5155856379],[135.2955040195,35.5156557187],[135.2957412435,35.5156716376],[135.2959414647,35.5157070514],[135.29613411,35.5156781698],[135.2962241625,35.515629025],[135.2964336954,35.515572197],[135.2966832418,35.5155509439],[135.2968612169,35.5154338086],[135.296957715,35.5153929979],[135.2972406858,35.5151695565],[135.2973625273,35.5151046642],[135.2974527489,35.5150739165],[135.2976835783,35.5150504755],[135.2982034742,35.5151199164],[135.2983640583,35.5151873585],[135.2984335009,35.5152020248],[135.2988519701,35.5152286102],[135.2989340847,35.5151948352],[135.2989953556,35.5151462503],[135.2990281048,35.5150956103],[135.2992125278,35.5149450517],[135.2992595313,35.5148774485],[135.2993771322,35.5147646638],[135.2995241102,35.5146872772],[135.2996414643,35.5146426915],[135.2998314389,35.5146286639],[135.2999889732,35.514643115],[135.3004052515,35.5147195292],[135.3010568077,35.514504529],[135.3013536695,35.5144445829],[135.3014651349,35.5144042231],[135.3015516328,35.5143469431],[135.3016504922,35.5142364751],[135.3018210763,35.5141046909],[135.3019329952,35.5139865293],[135.3021199727,35.5138845831],[135.3023472483,35.5138028081],[135.3024026316,35.5137581416],[135.3028714127,35.5136670239],[135.3030925538,35.5136420509],[135.3032287148,35.5136022765],[135.303670946,35.5135756372],[135.3039815298,35.5134825284],[135.3041686635,35.5134748619],[135.3044005569,35.5134828614],[135.3048491957,35.5136293845],[135.3049691039,35.5137115823],[135.3050755241,35.5137076633],[135.3051453821,35.5136609427],[135.3052121137,35.5136431148],[135.3052497537,35.5135743845],[135.3053284695,35.5135109159],[135.3053532808,35.5134339155],[135.3054269118,35.5133566364],[135.3054995318,35.5133122499],[135.3055776899,35.5132334743],[135.3057605573,35.5131342768],[135.3059297537,35.5131018346],[135.3062365749,35.5131088077],[135.3066433842,35.5131993841],[135.306767587,35.5132565285],[135.3068429428,35.5132621147],[135.306961802,35.5132338617],[135.306978469,35.5132185556],[135.3070165236,35.5131396091],[135.3071640592,35.5129568617],[135.3073096628,35.5128327537],[135.3074093645,35.5127622221],[135.3076718539,35.5126720499],[135.3079288329,35.5126471142],[135.3081792733,35.5126882221],[135.3085401031,35.5126114205],[135.3085978339,35.5125924476],[135.3088112703,35.512462717],[135.308974967,35.5123872218],[135.3092995844,35.5122756635],[135.3094652269,35.5122578884],[135.3100180022,35.5122541144],[135.310583385,35.5122870869],[135.3106660051,35.5123067529],[135.3107271592,35.5123348611],[135.3108336057,35.5124322491],[135.3110570296,35.5125785278],[135.3110775876,35.5126463034],[135.3111878598,35.5127138071],[135.3112086897,35.5127532495],[135.31118786,35.5128376904],[135.3112999995,35.512947087],[135.311366771,35.5131109147],[135.3114330218,35.5131515014],[135.3114314397,35.5132471951],[135.311468275,35.5133381685],[135.311535227,35.5133785284],[135.3115098309,35.5134449149],[135.3115048385,35.5135247798],[135.3115942538,35.5135704743],[135.3115942539,35.5136715825],[135.3116700524,35.5137205821],[135.3118207519,35.5137585551],[135.3119382494,35.5138592763],[135.3120494423,35.5138674739],[135.3120437739,35.5139593035],[135.3120736066,35.5139999688],[135.3121759663,35.514024384],[135.3121845012,35.5141173573],[135.3122498828,35.5141766358],[135.3123223873,35.51419405],[135.3123203896,35.5142460228],[135.3123720882,35.5142912763],[135.3124389107,35.5143083029],[135.312457354,35.514390636],[135.3125547732,35.5145548342],[135.3126457467,35.5145873568],[135.3127007266,35.5146656093],[135.3126996628,35.5147249688],[135.3127928666,35.5148495011],[135.3128810249,35.514829753],[135.3129322184,35.5149366899],[135.3129848386,35.5149808884],[135.3130815562,35.5149901681],[135.3131426986,35.5150366902],[135.3132450841,35.5150599418],[135.3132778086,35.5151157529],[135.3134943589,35.515162249],[135.3136254732,35.5152241949],[135.3137493655,35.5152128069],[135.3138526982,35.5153144741],[135.3139010253,35.5153314199],[135.3139884182,35.5153328607],[135.314013438,35.5153751954],[135.3140388079,35.5153819693],[135.3141699097,35.5153875281],[135.3141904678,35.515460861],[135.3143007531,35.5155850233],[135.3143418554,35.5156750231],[135.3144521406,35.5157258611],[135.3144382493,35.5158158611],[135.3145210252,35.5159400228],[135.3145427766,35.5160639422],[135.3145624142,35.5161030869],[135.3146382499,35.5161594743],[135.3146038007,35.516255303],[135.3146520886,35.516455168],[135.3147484712,35.516573501],[135.3147335808,35.5166348885],[135.3146768354,35.5166765548],[135.3146647218,35.5167273299],[135.3147151893,35.5168466901],[135.3147764729,35.5169100868],[135.3148684184,35.5169690227],[135.3148850853,35.5170378607],[135.3150225294,35.5171891412],[135.3150924142,35.5173143028],[135.315126616,35.5173477803],[135.3152063555,35.5173755546],[135.315230533,35.5174497173],[135.3153889764,35.5176036359],[135.315448587,35.5176128068],[135.3155251632,35.5176672761],[135.3155476406,35.5177364202],[135.3156428934,35.517903249],[135.3157162013,35.5179562493],[135.3158044766,35.5179816362],[135.3158286655,35.518055834],[135.315917809,35.518205528],[135.3159228287,35.5182451683],[135.3159816997,35.5183090869],[135.3160770568,35.5183491683],[135.3160389126,35.518417717],[135.3160410522,35.5184749421],[135.3161867464,35.5186887802],[135.3162972255,35.518751303],[135.3163111171,35.5187738071],[135.316300637,35.5188236902],[135.3163498586,35.5189156634],[135.3164131665,35.5189339965],[135.3164072257,35.5189721414],[135.3164308052,35.5190414736],[135.3165452808,35.5191063029],[135.3165316617,35.5192079694],[135.3165608049,35.519302888],[135.3165946961,35.5193206361],[135.3166670446,35.5194058969],[135.3167247743,35.5195239958],[135.3167261364,35.5195728608],[135.3167990809,35.5196543031],[135.3168048396,35.519704636],[135.3168710001,35.5198316629],[135.3168415062,35.5198519688],[135.3169741906,35.5199370871],[135.3169784713,35.5199798339],[135.3170118045,35.5199893032],[135.3170310269,35.5200238337],[135.3170681982,35.5200472221],[135.317067499,35.5201423844],[135.3171259417,35.5201925821],[135.3171965255,35.5202956357],[135.3172201701,35.5204573843],[135.3171984713,35.5205338882],[135.3172100279,35.5206008339],[135.3172611944,35.5207159695],[135.3172643854,35.5207447171],[135.3172338669,35.5207957532],[135.3172920246,35.5209296635],[135.317259561,35.5209896898],[135.3172911182,35.5210395549],[135.3172448915,35.521145276],[135.3172362541,35.5212690868],[135.3171835819,35.5212763575],[135.3171627002,35.5212946364],[135.317207252,35.5213730233],[135.3172845028,35.5214169961],[135.3173093012,35.5214695009],[135.3172571614,35.5216742758],[135.3171673554,35.5217466905],[135.3172043333,35.5217823302],[135.3171672263,35.5218020234],[135.3171517267,35.521836753],[135.3171901969,35.5219408074],[135.3171602227,35.5220044469],[135.3171658904,35.5220243029],[135.3170911423,35.5221425818],[135.3171170063,35.5221988073],[135.3171133353,35.5223460873],[135.3171399755,35.5224042759],[135.3171243595,35.5225018072],[135.3171659161,35.5225153847],[135.3171890289,35.5225077529],[135.3172080308,35.5225418341],[135.3171755007,35.5225705823],[135.3171824155,35.522613087],[135.317115916,35.5226147801],[135.3170859423,35.5226385013],[135.3171323365,35.5226419963],[135.317206863,35.5226936362],[135.3171919736,35.52271905],[135.3172764221,35.522775141],[135.3172844122,35.5228189155],[135.3173351114,35.5228481411],[135.3174210527,35.5229334468],[135.3177923375,35.5231341139],[135.3178577846,35.5232061415],[135.3180626092,35.5232363303],[135.3181939976,35.5232791682],[135.3182448663,35.523433141],[135.3182947757,35.5235019961],[135.3183911687,35.5235629419],[135.3184641666,35.5237067802],[135.3186083035,35.5237794206],[135.318597201,35.5238543568],[135.3187084986,35.5238881417],[135.3187587179,35.5239225009],[135.3188702748,35.5239517171],[135.3189335301,35.5240317531],[135.3190074212,35.5240586635],[135.3190243349,35.5241043568],[135.3191185881,35.5241728616],[135.3191855274,35.5242616634],[135.3193111693,35.5243198883],[135.3195697821,35.5243673032],[135.3197484728,35.5244616899],[135.3198766955,35.524566447],[135.3201788618,35.5246784742],[135.3202211957,35.5247446898],[135.3202342181,35.5248208338],[135.3200880321,35.5248734739],[135.3200394701,35.5249573841],[135.320068006,35.5249986359],[135.320122753,35.5250306089],[135.3201235567,35.5251046091],[135.3201616105,35.5251411408],[135.3202235564,35.5251588883],[135.3202606389,35.5251542218],[135.3203345559,35.5251095822],[135.3203500548,35.5251149958],[135.3204013904,35.5251862223],[135.3204836087,35.5252152492],[135.3205258661,35.5252934742],[135.3205664746,35.52531369],[135.3206340882,35.525312717],[135.3208208846,35.5252451951],[135.3209739456,35.5252280231],[135.3211577195,35.5252573571],[135.321297137,35.5253967803],[135.3213307284,35.5254021144],[135.3215303398,35.5253453574],[135.3215656711,35.5253916903],[135.3215072789,35.52545105],[135.3215196917,35.5254687804],[135.3215644131,35.5254625547],[135.3215669419,35.5254896093],[135.3216248925,35.5255069694],[135.3217153857,35.5254585283],[135.3216986153,35.5254080499],[135.3216374998,35.5253982219],[135.3216180057,35.5253710872],[135.3216280827,35.5253138075],[135.3216540237,35.5252937797],[135.3218026362,35.5252706361],[135.3221706894,35.5252451951],[135.3224910534,35.5253034473],[135.322643531,35.5253971408],[135.3226605867,35.5256117529],[135.3227537766,35.5256606629],[135.3227811437,35.5256601144],[135.3228038945,35.5256952218],[135.3228293418,35.5256979687],[135.3229186153,35.5256357171],[135.3230725065,35.5256817533],[135.3231592505,35.5256433836],[135.3232277847,35.5257024738],[135.3233141673,35.525736303],[135.3233122861,35.5258031682],[135.3233327013,35.5258395279],[135.3233809762,35.5258441136],[135.3234556707,35.5258224471],[135.3234690301,35.5257689687],[135.3234559426,35.5256580226],[135.3235515085,35.5255596093],[135.3236376176,35.5255471953],[135.3236591079,35.5255083836],[135.3238288101,35.5254417167],[135.3238810543,35.5254677168],[135.3239891079,35.525588555],[135.3240256974,35.5256434735],[135.324036696,35.525697249],[135.3240843092,35.5256864469],[135.3241076944,35.5257122491],[135.3241370336,35.5256995275],[135.3241258661,35.5256618073],[135.3241646984,35.5256333567],[135.3241632204,35.5256134199],[135.3240052565,35.5254760503],[135.3240162815,35.525462249],[135.3240643614,35.5254615278],[135.3240834397,35.5254368343],[135.3240824798,35.525353276],[135.3240211703,35.5252762218],[135.3241176936,35.5251902488],[135.324216255,35.5251410226],[135.3243036738,35.5250374198],[135.3243794709,35.525016023],[135.3244145037,35.5249822492],[135.3244068116,35.5248869145],[135.3244198346,35.5248457171],[135.3243235827,35.5247932489],[135.3244065535,35.5247586628],[135.324413336,35.5247391409],[135.3243722476,35.5246808604],[135.3244201982,35.5246703837],[135.3246215854,35.5246915275],[135.3246862287,35.5246744199],[135.3246290565,35.5246427166],[135.3244283043,35.524610942],[135.3243950874,35.5245895006],[135.3243762288,35.5245376353],[135.3244836352,35.524522114],[135.3246942575,35.5245320494],[135.3247467223,35.5245071948],[135.3246345564,35.5244460863],[135.3246572529,35.5244082484],[135.3247062289,35.5244051136],[135.3248955279,35.5244480863],[135.3249840628,35.5243949419],[135.3249888625,35.5243750493],[135.324956812,35.5243172757],[135.3249611195,35.524265834],[135.3249048021,35.5241950223],[135.3249021426,35.5241309151],[135.3248748935,35.5240954467],[135.3248488103,35.524087447],[135.3247548023,35.5241083564],[135.3245595366,35.5241081951],[135.3245405607,35.5240851948],[135.3245788363,35.5240151677],[135.3247328309,35.5239527796],[135.3247867739,35.5238989684],[135.324886358,35.5238679957],[135.3249345565,35.5238296894],[135.3248947245,35.5237672761],[135.3247888098,35.5237350224],[135.3247530248,35.523700861],[135.3247938026,35.523677996],[135.324778369,35.5235740865],[135.3248245041,35.5235287163],[135.324841274,35.5234846626],[135.3248380579,35.5234102758],[135.3247993931,35.5233800499],[135.324803194,35.523307222],[135.3249239459,35.5231323299],[135.3249896925,35.5230890496],[135.3249555543,35.5230446894],[135.3250324162,35.5229652757],[135.3250711694,35.522880501],[135.3252541412,35.5227958878],[135.3252691467,35.5227416891],[135.3252158924,35.5226888608],[135.3252028306,35.5226424463],[135.3252601978,35.5225467797],[135.325347305,35.5224922759],[135.3254317801,35.5224893294],[135.325441975,35.5224705549],[135.3254261381,35.5223719415],[135.325479368,35.5223378067],[135.3256156712,35.5222932216],[135.3255458916,35.5220563024],[135.3257013913,35.5219465812],[135.3258841152,35.5217593025],[135.3259837766,35.5216271941],[135.3262290302,35.5214639687],[135.3264221689,35.5213895004],[135.3264978107,35.5213751402],[135.3265974741,35.5214283289],[135.3267386404,35.5212786891],[135.3267998599,35.5212621669],[135.3268890297,35.5212763565],[135.3270216109,35.5211907526],[135.3270136349,35.5211423024],[135.3269458399,35.5210752215],[135.3267959172,35.5211385817],[135.3268175911,35.5210929146],[135.3269396658,35.5209828871],[135.3269536351,35.5208006357],[135.3269166955,35.520723635],[135.3268613128,35.5207406081],[135.3268029984,35.5207005545],[135.3267888878,35.5206485538],[135.326857668,35.5206494731],[135.3268839716,35.5206292479],[135.3268822463,35.5206094188],[135.3267944773,35.5205329412],[135.3268003656,35.520462473],[135.3268289521,35.5203774733],[135.327001222,35.5204113023],[135.3271241668,35.5204112752],[135.3271821691,35.5203969145],[135.3272063576,35.5203652209],[135.3271349188,35.5201008329],[135.3271099769,35.5200648064],[135.3270357489,35.5200136349],[135.3268681347,35.5199366353],[135.3268800543,35.5198559413],[135.3268272265,35.5197791945],[135.3268287578,35.5197300861],[135.3267707287,35.5195888872],[135.3267170321,35.5195208869],[135.3266685621,35.5193340226],[135.326675553,35.5191411672],[135.3267146712,35.5189854457],[135.3267105346,35.5187967791],[135.3266773302,35.5186627521],[135.3267131417,35.518377113],[135.3267650354,35.518196419],[135.3268498591,35.5180469684],[135.3270550607,35.5178448602],[135.3272758134,35.5176839412],[135.3273375509,35.517615689],[135.3275774997,35.5174644996],[135.3279037766,35.5172104191],[135.3279766692,35.5171805543],[135.3280943607,35.517159941],[135.3281703395,35.5171866619],[135.3283633351,35.5171377157],[135.3284379148,35.5171051396],[135.3285330899,35.517101716],[135.328663609,35.517012221],[135.3287317799,35.5169951128],[135.3288758394,35.5170243014],[135.3290097176,35.517073086],[135.3291585232,35.5171823555],[135.3292055013,35.5171951396],[135.3292818967,35.5171714183],[135.3293195354,35.5171771936],[135.3293616111,35.5171565264],[135.3294088098,35.5170502479],[135.3294471103,35.5170049404],[135.3296917018,35.5169580852],[135.3300390293,35.5169509947],[135.330169147,35.5169751396],[135.3302217275,35.5170033824],[135.330560924,35.5170494453],[135.3306425834,35.5170257155],[135.3307346715,35.5170480487],[135.3307898858,35.5170114996],[135.3308957743,35.5170052203],[135.330980418,35.5169704721],[135.3310035305,35.5169340856],[135.3310588101,35.5169146349],[135.3310998084,35.5168789135],[135.3312953073,35.5168338325],[135.3313056194,35.5168164995],[135.3312829465,35.5167951121],[135.3313491082,35.5167270482],[135.3314430248,35.5166623289],[135.3314399508,35.5166212749],[135.3313869676,35.5166036883],[135.3313968122,35.5165860858],[135.3315061379,35.5165228599],[135.3315764746,35.5164175263],[135.3315961636,35.5163702203],[135.3315674738,35.5163074183],[135.3316814689,35.5162663018],[135.331717643,35.5161604995],[135.3318262804,35.5160213825],[135.3318289782,35.5160022206],[135.3317990043,35.5159738325],[135.3317916367,35.5158499408],[135.3318182513,35.5158313558],[135.3318754244,35.5158246345],[135.3318928303,35.5157992202],[135.3318380573,35.5157430215],[135.3318306642,35.5157046883],[135.331862779,35.5156762745],[135.3319180057,35.5155713825],[135.3319394452,35.515482274],[135.3319333355,35.5154098596],[135.331982831,35.5153702207],[135.3319825316,35.5153395533],[135.3320190301,35.515300021],[135.3320336085,35.515253661],[135.3320146456,35.5152177785],[135.3320620254,35.5150985264],[135.3320587834,35.5150262199],[135.3321088096,35.5149356345],[135.3321423894,35.5149121124],[135.3321162023,35.5148943013],[135.3321401981,35.5148043821],[135.3321313903,35.5146453287],[135.3321843603,35.5145437781],[135.3321648925,35.5144723552],[135.3321563321,35.5142026339],[135.3322588091,35.5137422199],[135.3322314684,35.5135430482],[135.3321690291,35.5133731661],[135.332168835,35.5132785259],[135.3322040889,35.513106805],[135.3323275251,35.5128977513],[135.3323578363,35.5127260211],[135.3324451903,35.5125739131],[135.332462674,35.5124624185],[135.3325350352,35.5124286341],[135.3324932196,35.5123528863],[135.332469081,35.51208622],[135.3324227783,35.511952715],[135.3324508327,35.5118282197],[135.3323693411,35.5116167779],[135.3323148658,35.5115250479],[135.3323293921,35.511488472],[135.3323170845,35.5114432197],[135.3321673043,35.5111845264],[135.3317657222,35.5106781658],[135.3316391068,35.5104564449],[135.3315881986,35.510269301],[135.3315845034,35.5099034988],[135.3316949444,35.5096396339],[135.3316676797,35.509613589],[135.3316713904,35.509594166],[135.331749587,35.5095109666],[135.3319044115,35.5092107505],[135.3319920244,35.5091079396],[135.3323214674,35.5088222194],[135.3326001973,35.5086452196],[135.3328071622,35.5085718854],[135.3328472004,35.5085023546],[135.3329778364,35.5083680478],[135.3331551636,35.5080794173],[135.3331778357,35.5079789398],[135.3332373944,35.5078961656],[135.3332343858,35.5077917775],[135.3332645549,35.5076496879],[135.3333392497,35.5074837144],[135.3333505595,35.507315048],[135.3333881988,35.5072161928],[135.3333106886,35.5071898859],[135.333443115,35.5069861112],[135.3335513117,35.5068734986],[135.3340300014,35.5064927778],[135.3343581993,35.5061978581],[135.3346167733,35.5058669392],[135.3346918045,35.505723777],[135.3347493668,35.5055209931],[135.3347790812,35.5051398045],[135.334876552,35.50465502],[135.3348754231,35.5045003544],[135.3347731142,35.5041378039],[135.3347284975,35.5040691378],[135.334670754,35.504025912],[135.3345842556,35.5039974985],[135.3341479395,35.5039959665],[135.3339451897,35.5039600838],[135.3341409746,35.5023034175],[135.3340918563,35.5022998041],[135.3340383283,35.5027486603],[135.3340027515,35.502745858],[135.3338854744,35.5038131657],[135.3338464998,35.5038317145],[135.3332776411,35.5036008857],[135.3331006881,35.5035093813],[135.3331507527,35.5030565522],[135.3330642547,35.5030517502],[135.333072141,35.5029364984],[135.3331343331,35.5027464711],[135.3331445025,35.5027293272],[135.3331856694,35.5027370199],[135.3332540612,35.5024939391],[135.3332552541,35.5023997499],[135.3332759676,35.502399858],[135.3332767197,35.5023496599],[135.3332574465,35.5023494714],[135.333259638,35.5020825789],[135.3333140224,35.5018785522],[135.3332009478,35.501848354],[135.3332061101,35.5018265791],[135.3340890026,35.5018976869],[135.3340939965,35.5018641111],[135.3332842545,35.5018016606],[135.3332725557,35.5017744707],[135.3332284968,35.5017435795],[135.3332619214,35.5016626329],[135.3332967722,35.5016593272],[135.3332847998,35.5015205254],[135.3332461097,35.5014784984],[135.333001557,35.5007027775],[135.3330943853,35.5006738038],[135.333015474,35.5004986867],[135.3329838921,35.5003323808],[135.3329997809,35.5003294976],[135.3329947476,35.5002998036],[135.3329779779,35.5002753809],[135.3328893907,35.5002816605],[135.3328328672,35.4999857767],[135.332913334,35.4999733275],[135.3329053057,35.4999455251],[135.3328375495,35.4999535252],[135.3326913887,35.4996074977],[135.3327585608,35.4995753267],[135.3326289762,35.4993700844],[135.3325841901,35.4993887773],[135.3325675494,35.4993586603],[135.3326156169,35.4993211648],[135.332494164,35.4991315521],[135.3324816085,35.4990642461],[135.3324891442,35.4990066058],[135.3325043847,35.4990009123],[135.3326920238,35.4984894441],[135.3327221665,35.497739912],[135.3327415054,35.4977054979],[135.332724669,35.4976462996],[135.3327591054,35.4976302463],[135.3327443582,35.4976142995],[135.3326977432,35.4976253],[135.3326844102,35.4976130837],[135.3325913106,35.497356111],[135.3325208042,35.497271525],[135.3323775885,35.497181606],[135.3323291049,35.4971657502],[135.3323136061,35.497200966],[135.332268885,35.4971842458],[135.3323046427,35.4970870839],[135.3322885865,35.4970822998],[135.3322800001,35.4971064173],[135.3322581061,35.4971008852],[135.3322275488,35.4971688577],[135.3321598827,35.497143606],[135.3321713625,35.497128804],[135.3320792481,35.4970565515],[135.3320362005,35.4969714979],[135.3320319197,35.4969036868],[135.3320619975,35.4967968578],[135.3321926328,35.495995885],[135.3322487164,35.4959976331],[135.3322502976,35.4959651922],[135.3321739691,35.495960993],[135.3321944756,35.495788138],[135.3321916344,35.4956233537],[135.3320946041,35.4951756332],[135.3320090535,35.4950706059],[135.3320245004,35.4950437501],[135.3318363041,35.4949411919],[135.3317426328,35.4948457768],[135.3317815818,35.4948156061],[135.3317510251,35.4947937137],[135.331711531,35.4948244979],[135.33159856,35.4947294165],[135.3315381966,35.4946474171],[135.331369585,35.4942836595],[135.3312110503,35.4938883533],[135.3311164716,35.4934780465],[135.3310306101,35.493331912],[135.3308185858,35.4931038581],[135.3306951353,35.4929314704],[135.3304400772,35.4924274441],[135.3302971594,35.4922652183],[135.3301221135,35.4921086594],[135.3292041372,35.4915364978],[135.3285961985,35.4910978573],[135.3280075223,35.4906107141],[135.3278265226,35.4905206325],[135.3276813865,35.4904798035],[135.3274467693,35.4904507498],[135.3271037992,35.4904493542],[135.3271064705,35.4904737135],[135.3268824362,35.4904683266],[135.3262947199,35.490409327],[135.3260080012,35.4903656331],[135.3257298811,35.4903043269],[135.325147249,35.4902580838],[135.3251789476,35.4900240844],[135.3247940191,35.4899934438],[135.3247586367,35.4902174983],[135.3244893379,35.4901858849],[135.3244468594,35.4902156604],[135.3243690508,35.4902018852],[135.3243226316,35.4901497139],[135.3243263793,35.4900718584],[135.324351529,35.4900723544],[135.324402021,35.4899352731],[135.3244558608,35.4899425251],[135.3245305823,35.489784552],[135.3245502701,35.4897094168],[135.3245374172,35.4896026061],[135.3245071063,35.4895497138],[135.324432916,35.4894866327],[135.3239679757,35.4892441112],[135.3239292718,35.4891910473],[135.3239031626,35.4891113272],[135.3238759385,35.489112606],[135.3238733567,35.4890924169],[135.3238945252,35.4890916062],[135.3238860034,35.4888444171],[135.3239049663,35.4886452192],[135.3238892725,35.4886261113],[135.3239152247,35.4885939116],[135.3240435525,35.488522777],[135.3240747454,35.4885230473],[135.3241578582,35.4886139122],[135.3240880784,35.4887326063],[135.3241331367,35.4887498849],[135.3242509966,35.4885450204],[135.3242065219,35.4885264976],[135.324184382,35.4884996062],[135.3242336298,35.4884461381],[135.3242225789,35.4884387769],[135.3243725789,35.4882011107],[135.3244115285,35.4881021923],[135.324459687,35.4881166866],[135.3244675473,35.4880974438],[135.3244546016,35.4880919657],[135.3245029936,35.4879473812],[135.3242040185,35.4876798847],[135.3241740584,35.4876657501],[135.3241542133,35.487677831],[135.3240734352,35.4876646601],[135.3240599458,35.4877093813],[135.324031139,35.4877033537],[135.3240368594,35.4876901382],[135.3240050814,35.4876818577],[135.3240606597,35.4875839925],[135.3240303349,35.4875744708],[135.3239903352,35.4876778036],[135.3239602192,35.4876695251],[135.3238981035,35.4877961654],[135.3236477152,35.4876895792],[135.3236516317,35.4876437137],[135.3236320206,35.4876281109],[135.3236129159,35.4875547144],[135.3236558606,35.4874287772],[135.3237312174,35.4873387766],[135.3238777409,35.487213327],[135.3239039406,35.4871770472],[135.3239107243,35.4870791105],[135.3238301414,35.487040354],[135.3237347965,35.4870537766],[135.323583409,35.48711775],[135.323493889,35.4871864705],[135.3234382994,35.4872054439],[135.3233668074,35.4872028851],[135.3232633309,35.4871605791],[135.3229363011,35.4866252194],[135.3229437972,35.4865985788],[135.3229689984,35.4866035786],[135.3230387532,35.4863045251],[135.3230171576,35.4862761916],[135.3231894394,35.485982047],[135.3238211643,35.48530875],[135.3240304903,35.4851322453],[135.3241909186,35.485045993],[135.3243450554,35.4850119654],[135.324558636,35.4850121651],[135.3245583894,35.4850274169],[135.3247501019,35.4849643809],[135.3247803602,35.4849207494],[135.3247923843,35.4848526867],[135.3249437971,35.4845769659],[135.3249428256,35.4844958578],[135.3249094656,35.4844262459],[135.3247400232,35.4842726058],[135.3240168586,35.4839196325],[135.3239140836,35.4838341646],[135.3238330193,35.4837241918],[135.3236558604,35.4832842184],[135.3235416964,35.4830857136],[135.3234727993,35.4829050467],[135.3238651075,35.4825503265],[135.3239705812,35.4825490191],[135.3242704382,35.4825092188],[135.3243763778,35.4825179388],[135.3244880521,35.4825548842],[135.324645159,35.4826638302],[135.3247820852,35.4827369115],[135.3249196083,35.482790299],[135.325068194,35.4828263804],[135.3253363527,35.4828484432],[135.3254526044,35.4828230197],[135.3255248611,35.4827750194],[135.3255813329,35.4826646589],[135.325598779,35.4825812994],[135.3255771962,35.4824472182],[135.3255347707,35.4823423262],[135.3254817481,35.4822894162],[135.3254033048,35.4822497497],[135.3251334729,35.48218947],[135.3250011902,35.4821282457],[135.3249139404,35.4820458302],[135.3248121376,35.4818701105],[135.3247741857,35.4817440834],[135.3247748356,35.4816806055],[135.3248564693,35.4815003533],[135.3248541096,35.481268046],[135.3249280005,35.4810352721],[135.3249223316,35.4809758574],[135.3248934989,35.4809199655],[135.324809971,35.4808251371],[135.3247593622,35.4808041104],[135.3247271056,35.480812137],[135.3246590761,35.4808937766],[135.3246192709,35.4810307495],[135.3246259106,35.4812358572],[135.3244572217,35.4815638306],[135.3244243296,35.4816871375],[135.3244251075,35.4818318847],[135.3243353797,35.4818727765],[135.3228408007,35.4816280462],[135.3227395814,35.4813719384],[135.3228349134,35.4813189386],[135.3228353274,35.4810314977],[135.3229020847,35.4809299116],[135.3228644722,35.4808832722],[135.322848856,35.4808234438],[135.3227878311,35.4807822453],[135.3227134725,35.4807930196],[135.3225841352,35.4808654975],[135.3224470011,35.4809912725],[135.3222527466,35.4810772452],[135.3221504119,35.4811653537],[135.3221247436,35.4812416593],[135.3218823579,35.481277246],[135.3216776105,35.4812768308],[135.3215207745,35.4812130192],[135.3213169358,35.4810387132],[135.3211463265,35.4808032188],[135.3210581939,35.480760633],[135.3209744063,35.4807636868],[135.3207151844,35.4808472994],[135.320412604,35.4808967141],[135.3202644718,35.4808995791],[135.3201496853,35.4808541374],[135.319868076,35.480913831],[135.3197457684,35.4810146326],[135.3196839134,35.4810331381],[135.3195525511,35.4810600834],[135.3193963269,35.481043047],[135.3189440564,35.4808725789],[135.3190147174,35.4807539927],[135.3187020841,35.4806487496],[135.3187091018,35.4806258851],[135.3184038618,35.4805220467],[135.3184129142,35.4805048851],[135.3181574932,35.4804109389],[135.318143861,35.4804351379],[135.3180514618,35.4803992726],[135.3180298535,35.4804276332],[135.3179845757,35.4804134168],[135.3180030835,35.4803868306],[135.3178220196,35.4803232459],[135.3178127726,35.4803475246],[135.3177668572,35.4803692732],[135.3177353796,35.4803516869],[135.3177597761,35.4802944978],[135.3174926032,35.480157606],[135.3174694901,35.4801781917],[135.3174523054,35.4801667498],[135.3173794897,35.4800574439],[135.3173545746,35.4799032731],[135.3173793607,35.4798011922],[135.3174380765,35.479800714],[135.3174508516,35.4797114441],[135.3174384661,35.479665327],[135.3173873887,35.4796733272],[135.3173199047,35.4796096595],[135.3167866112,35.4796034172],[135.3167543803,35.4789061923],[135.3167170518,35.4788500836],[135.3166745231,35.4788206867],[135.3166640554,35.4787318847],[135.3165835501,35.4786869123],[135.3164203842,35.4784742456],[135.3163815782,35.4784116601],[135.3163792961,35.4783573804],[135.3168179338,35.4780892724],[135.3169947432,35.4779275514],[135.3170195552,35.4778610833],[135.3170155204,35.4775420842],[135.3169718894,35.4774385245],[135.3168762737,35.4773428038],[135.3164481662,35.4771208041],[135.3164196587,35.4770906059],[135.3163718503,35.4769436867],[135.3163443791,35.4769048582],[135.316592214,35.4764909116],[135.3167153523,35.4762134435],[135.3168098525,35.4761265517],[135.3169671032,35.4760747136],[135.317133017,35.4760788038],[135.3173635236,35.4761353535],[135.3176670514,35.4762320837],[135.3176964938,35.476177219],[135.3177919155,35.4761896864],[135.3180488291,35.4761201375],[135.3180860526,35.4761237767],[135.3182045748,35.4761804167],[135.3183808259,35.4761857137],[135.31844377,35.4762111375],[135.3184899699,35.4762454706],[135.3185422133,35.4763349925],[135.3185482965,35.4764234704],[135.3185064152,35.4764893809],[135.3183523569,35.4766213808],[135.3183341597,35.4766889655],[135.3183863506,35.4768616053],[135.3185688023,35.4769706329],[135.3186543275,35.4770882187],[135.3186774153,35.47714702],[135.3186946392,35.4772722182],[135.3185916561,35.4774353267],[135.3185880509,35.4774970465],[135.318630852,35.4775717495],[135.3186231344,35.4776249658],[135.3186518509,35.4776548032],[135.3186513576,35.4777139112],[135.3187419418,35.4778711918],[135.3189537698,35.4781152186],[135.3190950544,35.4781658577],[135.3192963265,35.4781966594],[135.3194486084,35.4781593808],[135.3199710736,35.4782077493],[135.3202673892,35.4781202729],[135.3203657167,35.4780220461],[135.3205517477,35.4778913802],[135.3206711126,35.4778364432],[135.3209443285,35.4777519115],[135.3210670519,35.4776638033],[135.3211515016,35.4775813531],[135.3211843278,35.4774893264],[135.3212436019,35.4771761647],[135.3212803593,35.4770780189],[135.3213786079,35.4769258035],[135.3214464421,35.476865686],[135.3218083229,35.4766421106],[135.3218917993,35.4765563264],[135.3219553531,35.4763764973],[135.3219737446,35.4762594165],[135.3219360535,35.4760756049],[135.3219299436,35.4759394701],[135.3219672204,35.4758046318],[135.3219314624,35.4757570191],[135.3218636665,35.4757093264],[135.3217324727,35.4756908301],[135.3215950292,35.4756951099],[135.3215266369,35.4757158033],[135.3213382712,35.4757324969],[135.3211265716,35.4758522726],[135.3210393614,35.4758580195],[135.3209455725,35.4758337765],[135.3207620446,35.4756817767],[135.3207893351,35.4755186594],[135.3207473888,35.4753441916],[135.320644406,35.4751790196],[135.3205323832,35.4750954699],[135.3203736923,35.4750472448],[135.3203739387,35.4750150831],[135.3203349901,35.4749700462],[135.3202087119,35.4748902179],[135.3201904632,35.4748452993],[135.3200939652,35.4747652719],[135.3200490482,35.4747478033],[135.3200060267,35.4747002186],[135.319958193,35.4746094701],[135.3199551576,35.4745651916],[135.3199782188,35.474521326],[135.319953407,35.4743934702],[135.3199217466,35.4743577765],[135.3198712151,35.4743397129],[135.3199636667,35.4741180459],[135.3198125241,35.4740199386],[135.319667635,35.4738374971],[135.3195151316,35.4737303535],[135.3194908257,35.4735833805],[135.3195496063,35.473408046],[135.3196347949,35.473274416],[135.319756,35.4731297765],[135.3198211368,35.473089046],[135.3198349631,35.4730052179],[135.3198228619,35.4729634968],[135.3198005278,35.4729210835],[135.3197629658,35.4728932994],[135.319639411,35.4728430189],[135.3195004363,35.4728215243],[135.3193714616,35.4728410465],[135.3191498016,35.4729023531],[135.3190825249,35.4729486859],[135.3190016031,35.4730552991],[135.3188079728,35.473530137],[135.318712382,35.4735904434],[135.3184550797,35.4736284703],[135.3182855207,35.473641046],[135.3180912662,35.4736360834],[135.3178473879,35.4735625785],[135.316459074,35.4732148033],[135.3162123301,35.4731011105],[135.3158377769,35.4728308303],[135.3158332773,35.4727912188],[135.3157502671,35.4726753804],[135.3155367139,35.4721453268],[135.3158927971,35.4720728843],[135.3158807209,35.4720413532],[135.3155198011,35.4721103537],[135.3153262982,35.4717217493],[135.3152055454,35.4714349655],[135.315314353,35.4713651912],[135.3154773879,35.4713193261],[135.3155651831,35.4712792456],[135.3156081922,35.4713155511],[135.3156454681,35.4713135244],[135.3157274393,35.4712368308],[135.3157799691,35.4712116862],[135.3158498252,35.471186218],[135.3160305269,35.4711612995],[135.3161728226,35.4711170195],[135.317132239,35.4711026321],[135.3173874662,35.471085776],[135.3175274663,35.4710632183],[135.3179472185,35.4708874699],[135.3185281006,35.4707873797],[135.3187876605,35.4707130189],[135.3189450278,35.4711422449],[135.3189692168,35.4711362718],[135.3188168559,35.4707261636],[135.3189327712,35.4705046324],[135.3189086065,35.470065164],[135.3189155459,35.4699333264],[135.3189515765,35.4697904965],[135.3189973874,35.4696899651],[135.3195153261,35.4695616586],[135.319560851,35.4696894699],[135.3195383609,35.4696949921],[135.3195529912,35.4697335781],[135.3195792689,35.4697276049],[135.3196404624,35.4698942451],[135.3196184905,35.4699002452],[135.3196346385,35.4699432447],[135.3196571554,35.4699386052],[135.3197151569,35.4701034425],[135.3196905529,35.4701094161],[135.3197051565,35.4701524971],[135.3197314348,35.470147776],[135.3198203318,35.4703850828],[135.3197902927,35.47039138],[135.3198091654,35.4704418836],[135.3198369991,35.470435911],[135.3199238209,35.4706679646],[135.3198975436,35.4706752989],[135.3199158847,35.4707244428],[135.3199400728,35.4707171103],[135.3200220836,35.4709482181],[135.3199974659,35.4709542178],[135.3200141335,35.4710016316],[135.3200388802,35.4709956317],[135.3201266885,35.4712323796],[135.3201041598,35.4712383803],[135.3201188027,35.4712784157],[135.3201413314,35.4712724159],[135.3201743798,35.4713658843],[135.3201514095,35.4713708027],[135.3201602676,35.4714028571],[135.3199745742,35.471447776],[135.3199598778,35.4714139653],[135.3198960525,35.4714289382],[135.3199086589,35.4714627128],[135.3191509682,35.4716393528],[135.319031162,35.4713158035],[135.3190086332,35.4713218031],[135.3191274659,35.4716431908],[135.3188300473,35.471683965],[135.3188332119,35.4716997759],[135.3191483611,35.4716598842],[135.3202151828,35.4714107128],[135.3195363497,35.469537164],[135.319323043,35.4695907761],[135.3193083608,35.4695539106],[135.3192316285,35.4695732181],[135.3192441072,35.4696100459],[135.3190879977,35.4696442453],[135.3191962993,35.4695024432],[135.3193305525,35.4692607132],[135.3193873486,35.4691241369],[135.3193866097,35.469015416],[135.3193416933,35.4688941909],[135.3189163244,35.4683112178],[135.3188671941,35.4681828568],[135.3188100983,35.4677777127],[135.3186087752,35.4673622178],[135.3184519145,35.4672157489],[135.3182787109,35.4671228296],[135.3175403578,35.4669447758],[135.3173632373,35.4668066855],[135.3173454671,35.4667601638],[135.317376933,35.4660188569],[135.3170887098,35.4648070187],[135.31705002,35.4646933255],[135.3169699034,35.4645630829],[135.3166332366,35.4641429382],[135.3174730806,35.4639386584],[135.3173819134,35.463673046],[135.3173222772,35.4636874968],[135.3173917446,35.4638887125],[135.3165828593,35.4640823531],[135.3165148314,35.4639846861],[135.3164050272,35.4637684696],[135.3165140801,35.4637446588],[135.3164440536,35.463545326],[135.3167562981,35.463467326],[135.3168327175,35.4636666858],[135.3178986324,35.4634125775],[135.3162159977,35.4588205232],[135.3153269064,35.4585981634],[135.3148068805,35.4599289643],[135.3140725737,35.4597589374],[135.3120258041,35.4592447759],[135.3110587089,35.4581074971],[135.3109220027,35.4580743707],[135.3120518601,35.4551519289],[135.3123215739,35.4552201636],[135.3133813535,35.4524362441],[135.3146698235,35.452769045],[135.3144954908,35.45324291],[135.3145535458,35.4532564964],[135.3147345964,35.452781658],[135.3154653752,35.4529699642],[135.3152047652,35.45365391],[135.3152786558,35.4536722712],[135.3155406024,35.4529848292],[135.3159634685,35.4530945774],[135.3167206787,35.4511584955],[135.3184933249,35.4516053513],[135.3177563223,35.4535533253],[135.3193329627,35.4539494686],[135.3200793825,35.4520159637],[135.3203901877,35.4521035221],[135.3204244418,35.4521554689],[135.3203306548,35.4524083248],[135.3203905509,35.4524267745],[135.3204844024,35.4521660813],[135.3205509656,35.4521483246],[135.3207560234,35.4521960811],[135.3207966081,35.4522583248],[135.3206997075,35.4525008822],[135.3207532994,35.4525192971],[135.3208597464,35.452266522],[135.3209200185,35.4522383782],[135.3211313291,35.4522912972],[135.3211656869,35.4523431623],[135.3210750763,35.4525987111],[135.3211286043,35.4526145223],[135.3212192931,35.4523615762],[135.3212985529,35.4523284146],[135.3217361279,35.4524452435],[135.3216958299,35.4533618286],[135.3216379053,35.4535038283],[135.3215859327,35.4534879368],[135.3204692927,35.4564129636],[135.3210786835,35.4580042706],[135.3222982429,35.4576904147],[135.3228011095,35.4561468014],[135.323599073,35.4566185496],[135.3245306805,35.4571126845],[135.3252190466,35.4562394139],[135.3259255444,35.4565956035],[135.3256597094,35.4571224411],[135.324789527,35.4590048826],[135.3255125231,35.4592372436],[135.3267572969,35.4594323242],[135.3263151303,35.4611894417],[135.3264379061,35.4612104954],[135.326749995,35.4599331621],[135.3271624074,35.4599921623],[135.3275184651,35.4599574683],[135.3272389442,35.4615214415],[135.3269886071,35.463812082],[135.3255063501,35.4637101633],[135.3256212137,35.462645802],[135.3261407212,35.4621031902],[135.3261903842,35.4618818288],[135.3261499946,35.4618746581],[135.326100527,35.4620871086],[135.3255799433,35.4626306039],[135.3254566354,35.4637929913],[135.326994133,35.4639006305],[135.3267160526,35.4640977474],[135.3264405275,35.4643715766],[135.3263299043,35.4645964963],[135.3263054432,35.4648622437],[135.3263352742,35.4648906307],[135.326505157,35.4649074422],[135.3267446642,35.4649607116],[135.3269143797,35.4650083516],[135.3270225248,35.4650706039],[135.3273521871,35.4651885226],[135.3275101644,35.465216631],[135.3279468561,35.4652349366],[135.3281201386,35.4652262439],[135.328456545,35.4650899366],[135.3285214354,35.4650498291],[135.3288100997,35.4650631625],[135.3296085817,35.4651693519],[135.3296702677,35.4651826032],[135.3295674407,35.4654521624],[135.3298412143,35.4655214687],[135.3299237691,35.465303802],[135.3299937437,35.4653030178],[135.3300912149,35.465347631],[135.3301347168,35.465390964],[135.3301828237,35.4654893782],[135.3301603852,35.4656976572],[135.3301025253,35.4658459635],[135.3300923306,35.4659174146],[135.3301445492,35.4659322978],[135.330167713,35.4659561355],[135.3301742105,35.4659961083],[135.330202551,35.466019496],[135.3302252229,35.4662099093],[135.3302019924,35.4664986848],[135.3302249123,35.4665528823],[135.3302903592,35.4666337481],[135.3303537699,35.4666257116],[135.3303624092,35.4666589368],[135.3303044713,35.4666704145],[135.330362577,35.4668791359],[135.3304640561,35.4677046578],[135.3306264937,35.4680326573],[135.3304552747,35.4681500819],[135.3304709955,35.4681687114],[135.330558855,35.4681099905],[135.3306646001,35.4681776309],[135.3307696332,35.4682826846],[135.3308581931,35.4684579638],[135.3309682968,35.468628018],[135.3311085176,35.4687380447],[135.3317896849,35.4690571361],[135.3320153276,35.4690983246],[135.3335297766,35.4691988019],[135.333796158,35.4692301084],[135.333971437,35.4692845224],[135.3342972202,35.4695024958],[135.3342087518,35.4695039638],[135.334193577,35.4695236303],[135.3342024098,35.4695377479],[135.3344051586,35.4696418014],[135.3344032138,35.4699045494],[135.3347570787,35.4699636571],[135.3347454451,35.4700117115],[135.3348144072,35.470041109],[135.3348343804,35.4701160447],[135.3350011637,35.4701091352],[135.3350788563,35.4701208288],[135.3353872725,35.470240415],[135.3355136685,35.4703604685],[135.3355530445,35.4704208824],[135.3355960797,35.4705472165],[135.3356446398,35.471128604],[135.3356899974,35.4713760175],[135.3364709447,35.47252319],[135.336592578,35.4725361895],[135.3366660029,35.472641442],[135.3367829153,35.4727064415],[135.3369616573,35.4727570817],[135.3371793371,35.4729260176],[135.3373259378,35.4730151627],[135.3375564175,35.4731010814],[135.3377471319,35.4731286035],[135.3378566647,35.4731287745],[135.3380659117,35.4731021624],[135.3383111907,35.4730201358],[135.3384079355,35.4730083785],[135.3389507497,35.4730201891],[135.3395002956,35.4730566572],[135.3396569106,35.4730736211],[135.3396057444,35.4732281266],[135.3396602061,35.4732384687],[135.3396773263,35.4731849725],[135.3402090507,35.4733030079],[135.3402450557,35.473194378],[135.3411670017,35.4734521893],[135.3423195319,35.4739612698],[135.3430110757,35.4743240438],[135.34394341,35.4748945489],[135.3440801413,35.4749527111],[135.3442749151,35.4750103782],[135.3444177414,35.475049828],[135.3446921905,35.4750549357],[135.3450183644,35.474958909],[135.3451534355,35.4749486297],[135.3454527491,35.4749744141],[135.3455878327,35.4750420167],[135.3456399467,35.4750443779],[135.345699805,35.4749998279],[135.3469710506,35.4751822965],[135.3469990777,35.4751778547],[135.3471799466,35.4750628278],[135.3472426319,35.4751327465],[135.3471040855,35.4752204137],[135.3471387153,35.4752554945],[135.3473649154,35.4751351348],[135.3473922173,35.4751526567],[135.3473894408,35.4751827469],[135.3474251866,35.475176828],[135.3474505311,35.4752040804],[135.3474297137,35.4752314682],[135.3474537993,35.4752650442],[135.3475131636,35.4752684407],[135.3475248367,35.4752960808],[135.3474888837,35.4753280441],[135.3474776897,35.4754029895],[135.3474812186,35.4754306027],[135.3475141114,35.475459495],[135.3474272747,35.4755060164],[135.3475867184,35.4757110436],[135.3476456936,35.4759537471],[135.3477455766,35.4761668278],[135.3477666665,35.4762832157],[135.3477507518,35.4765899633],[135.3476743309,35.4768011076],[135.3475036708,35.4770152433],[135.3473361083,35.4771454137],[135.3465729694,35.4775168825],[135.3461517244,35.4776787473],[135.3459649418,35.4777737469],[135.3459229956,35.4778085762],[135.3457313878,35.4781867476],[135.3456620482,35.4791832975],[135.3461193644,35.4801637747],[135.3461666404,35.4802191081],[135.3467191953,35.480460162],[135.3472088071,35.4806389362],[135.3476176907,35.4807548009],[135.3480258367,35.4808450816],[135.3480624377,35.4808677112],[135.3481069654,35.4809629629],[135.3481812449,35.4810033783],[135.3483414665,35.4810302971],[135.3486596115,35.4810327475],[135.3490216987,35.4811334955],[135.3489607776,35.481129108],[135.3489563304,35.4811481888],[135.3489366409,35.4811452973],[135.3489255515,35.481191747],[135.348944604,35.4811951894],[135.3489358107,35.4812302166],[135.3490180806,35.4812382158],[135.3490154991,35.4812721894],[135.3490624767,35.4812824409],[135.3489787548,35.4816737113],[135.3467066414,35.4824764688],[135.3464833854,35.482365495],[135.3462541375,35.4823809091],[135.3457656678,35.4821312975],[135.3455392735,35.4820806579],[135.3450904926,35.4817454419],[135.3449811671,35.4817040177],[135.3446212187,35.481897658],[135.3439996888,35.4815190445],[135.3436799088,35.4812294953],[135.3436231909,35.4810106845],[135.3435186633,35.4808822169],[135.3431984429,35.48079755],[135.343121724,35.4805950173],[135.3429587154,35.4804900175],[135.3422229956,35.4802913245],[135.3421980793,35.480209244],[135.3416068343,35.4801074149],[135.3415792474,35.4800164149],[135.3409386373,35.4797357475],[135.3408661074,35.4797371361],[135.3408261595,35.4797582978],[135.3408055761,35.4797822442],[135.3407948887,35.4798489638],[135.340861996,35.4799571627],[135.3408631642,35.4800982165],[135.3412250833,35.4805544147],[135.3412739679,35.4806797745],[135.3413019453,35.4808590445],[135.3412674185,35.4811719908],[135.3411374707,35.4812435768],[135.3416415812,35.481939856],[135.3419377427,35.4825406038],[135.3420085209,35.4826178831],[135.3422536708,35.4830994957],[135.3423424762,35.4831955226],[135.3426321916,35.4832776577],[135.3441229959,35.4835801898],[135.3448613621,35.4835276578],[135.3451386385,35.4834726579],[135.345267808,35.4834863243],[135.345590247,35.4835554146],[135.3463341121,35.4838683517],[135.3465437739,35.484147469],[135.3467813108,35.4842238555],[135.3469390278,35.4842238015],[135.3474243849,35.4845193781],[135.3475986382,35.4845476304],[135.347871726,35.4848591081],[135.348230663,35.4850783516],[135.3485976143,35.4854110447],[135.3488273287,35.4857596032],[135.3491536975,35.4859469639],[135.3494036714,35.4861758018],[135.3495606877,35.4863977744],[135.3491887555,35.4874894147],[135.3491444106,35.4875215225],[135.3490988345,35.4875991624],[135.3490356172,35.487797577],[135.3489368103,35.487968018],[135.3488024385,35.4881778827],[135.3485091706,35.4885744418],[135.3483904159,35.4888128289],[135.3481390804,35.4891726577],[135.3480873289,35.4892880182],[135.3480978609,35.4894595232],[135.3481258123,35.4895747752],[135.3482908317,35.4898849369],[135.3483468107,35.4900648827],[135.3485255259,35.4903816034],[135.348609832,35.4904784956],[135.3486711169,35.4905207478],[135.3488485869,35.4905441627],[135.3490711688,35.490524082],[135.3492022194,35.4904930449],[135.3492773948,35.4904524691],[135.3493050598,35.4903984416],[135.349341117,35.4901767115],[135.3494015067,35.490028018],[135.3494169666,35.489845577],[135.3494999753,35.4896519634],[135.3495845806,35.4895728284],[135.3498394435,35.4895000173],[135.3502160841,35.4898242981],[135.3503104428,35.4899297117],[135.3503593667,35.4900129094],[135.3503771354,35.49021555],[135.3503039188,35.4908373785],[135.3502261625,35.4909791085],[135.3497887827,35.49152155],[135.3497429981,35.4915669907],[135.3495162801,35.4917181093],[135.349462025,35.4917753249],[135.3492956961,35.4920363794],[135.3491080043,35.4922282437],[135.3489512732,35.4923379101],[135.348672894,35.4924870177],[135.3484751114,35.4926416311],[135.3482917271,35.4928315505],[135.3482064217,35.4928988024],[135.3480630495,35.4929775233],[135.3480260323,35.4929905772],[135.3478605853,35.4929912984],[135.3476179783,35.4930628293],[135.3473778098,35.4930919909],[135.3473299755,35.4931305772],[135.3472921681,35.4940033518],[135.3473903651,35.4943981631],[135.3474024784,35.494430298],[135.3474519215,35.4944627483],[135.3474973947,35.4944680455],[135.3475596132,35.4944463793],[135.3478612463,35.4942314154],[135.3481517008,35.4939558292],[135.3485546447,35.49375319],[135.3486728933,35.4936728835],[135.3488103909,35.4935416581],[135.3489483676,35.4933680819],[135.3491841394,35.4929402983],[135.3493803384,35.4927213248],[135.3497856695,35.4924395773],[135.3502874211,35.4919968292],[135.3503849436,35.4919568021],[135.3507260583,35.4916974962],[135.3510124154,35.491570415],[135.3514512204,35.4914842434],[135.3518866432,35.4914342974],[135.3520960846,35.4913762167],[135.3534945288,35.4922101086],[135.3543818053,35.4922742433],[135.354601857,35.4920176308],[135.3531191457,35.4911482434],[135.3530970324,35.4910885499],[135.3531035558,35.4910462163],[135.3531726094,35.4909551891],[135.3530657218,35.4908855766],[135.3530763064,35.4908568829],[135.3531597175,35.4907743786],[135.353260495,35.4908374954],[135.3533045807,35.4907717478],[135.3528641402,35.4905006847],[135.3528232183,35.4904479904],[135.352846422,35.4903871895],[135.3539364218,35.4891757109],[135.3539651641,35.489192909],[135.3540257736,35.489123828],[135.353999029,35.4891068281],[135.3545932453,35.4884491083],[135.3547050603,35.4884293242],[135.3559204434,35.4885704138],[135.3559946705,35.488602882],[135.3559853067,35.4887399359],[135.3575069414,35.4889279633],[135.3575243082,35.4888248547],[135.3575513907,35.4887979628],[135.357603219,35.4887812973],[135.3590540881,35.4889141082],[135.3593745299,35.4888523508],[135.359556033,35.4887841079],[135.3593855797,35.4884435488],[135.3596992767,35.4883306571],[135.3598570842,35.4886511074],[135.3599530247,35.4886029353],[135.3599542562,35.4885725761],[135.359580106,35.4878484945],[135.3604395869,35.4875608274],[135.3606088098,35.4875271075],[135.3606894441,35.4875174402],[135.360716812,35.4875709353],[135.3607860854,35.4876300805],[135.3610238674,35.4877489622],[135.3614825311,35.4876984131],[135.3618317277,35.4876368004],[135.3620343865,35.4876213776],[135.3622511439,35.4876281885],[135.3628562283,35.4877050162],[135.3627779411,35.4880044135],[135.3628118322,35.4880098277],[135.3628840889,35.4877374671],[135.3629402236,35.4877464942],[135.3629160594,35.4878392965],[135.3629562802,35.4878471616],[135.3629870068,35.4877248277],[135.363402831,35.4878641341],[135.3633685626,35.4879192964],[135.3636887838,35.4880093236],[135.3639830897,35.4881319354],[135.3643439983,35.4883854941],[135.3643172525,35.4884096834],[135.3644323378,35.4884893499],[135.3644162554,35.4885039622],[135.364534504,35.4885897728],[135.3645013129,35.4886173507],[135.3646047499,35.4886934403],[135.3646795356,35.4886304669],[135.3651964747,35.4889880428],[135.3656200031,35.4893413506],[135.3656097571,35.4897060159],[135.3659797187,35.49000108],[135.3666178893,35.490180467],[135.3666960082,35.4901845754],[135.3668911964,35.4902408544],[135.3669153083,35.4902295478],[135.3669362291,35.4901750157],[135.3670684479,35.4901391339],[135.3671313139,35.490091575],[135.3679096662,35.4902836021],[135.3679698096,35.4902892425],[135.368077306,35.490253377],[135.3681492261,35.4901495755],[135.3685627535,35.4889654134],[135.3686297186,35.4889528001],[135.3687490308,35.4888900427],[135.3692073581,35.4890087097],[135.3691922212,35.4890416284],[135.3692727279,35.4890628811],[135.3692878637,35.4890299615],[135.3697293943,35.4891407094],[135.3698282525,35.4892541609],[135.369804258,35.4894755206],[135.3700040634,35.489675134],[135.3701182532,35.4897312418],[135.3707757235,35.4900192422],[135.3713867228,35.4902082955],[135.3714624811,35.4902165204],[135.3716335324,35.4902026286],[135.3717155031,35.490176215],[135.371883973,35.4900702683],[135.3720412754,35.4899095475],[135.3721895635,35.4898200159],[135.3722613917,35.489723043],[135.3723612496,35.4896656828],[135.3724821176,35.4894161876],[135.3726081357,35.4894507457],[135.3727293433,35.4891453492],[135.3726032857,35.4891116825],[135.3727396147,35.4887867459],[135.3729522874,35.4885932417],[135.3735867492,35.4889759075],[135.374080419,35.4893166015],[135.3737887589,35.4897484668],[135.373469861,35.4900785203],[135.3732437012,35.4904225745],[135.3732187858,35.4905925207],[135.3733803934,35.49112671],[135.3735200305,35.491268323],[135.3737718076,35.4913634666],[135.3747370089,35.4916685477],[135.3749442192,35.4917098265],[135.3763385909,35.4912792417],[135.3784737789,35.4906645205],[135.3786854535,35.4907119345],[135.3788989165,35.4907169067],[135.3791096161,35.4906617447],[135.3793021189,35.4905839615],[135.3795116646,35.4904611873],[135.3796439219,35.4903501058],[135.3797437284,35.4901967446],[135.3797634166,35.4900162141],[135.3793092528,35.4890076547],[135.3790589157,35.4887987719],[135.3788150622,35.4882513758],[135.3786763343,35.4878462136],[135.3798478124,35.487079015],[135.3800069695,35.4872338802],[135.3820659183,35.4858658793],[135.382247061,35.485697078],[135.3826011724,35.4852770417],[135.382671121,35.4850932404],[135.3826326378,35.4847802669],[135.3826921703,35.4847332407],[135.3811097841,35.4831017445],[135.3806098874,35.4834171051],[135.3807284228,35.4835411058],[135.380582637,35.4839251593],[135.3796743628,35.4841202405],[135.3791833635,35.4836376275],[135.3797944796,35.4832320147],[135.3797640906,35.4832002136],[135.379912222,35.4830964928],[135.379755387,35.4829432672],[135.3793420917,35.4832049062],[135.3792770862,35.4831447984],[135.3792466446,35.4831645732],[135.3792269432,35.4831445467],[135.3792391479,35.4831358526],[135.3789610293,35.4828717718],[135.3789883698,35.4828582944],[135.3788866448,35.4827424928],[135.3783285249,35.483106466],[135.3781079164,35.4831610412],[135.3780838952,35.4831609066],[135.3780401473,35.4831203216],[135.3780262038,35.4831278259],[135.3779380836,35.4830353214],[135.3779535838,35.483025295],[135.3777046074,35.48275452],[135.3775150883,35.4824950148],[135.3774517545,35.4818757986],[135.3774569167,35.481765412],[135.3772718066,35.4817743757],[135.377178474,35.4809612943],[135.3764206655,35.4810123482],[135.3763346074,35.4811254923],[135.37578903,35.4811629607],[135.3757763847,35.4810591595],[135.375674724,35.4810659069],[135.3756798603,35.4811709609],[135.3752853867,35.4811933488],[135.3752741921,35.4810907088],[135.3751725322,35.4810974928],[135.3751778112,35.4812001057],[135.3749056713,35.4812206821],[135.374891559,35.4811204661],[135.3746120527,35.4811372944],[135.3746126753,35.4812435735],[135.3735515849,35.4813113489],[135.3735403661,35.4812087086],[135.3732086412,35.4812265741],[135.373215282,35.4813352948],[135.3726726748,35.4813752136],[135.3716135563,35.4770519876],[135.371725579,35.4770305735],[135.3717529727,35.4769635467],[135.3718530499,35.4768742951],[135.373221391,35.4769711864],[135.3735111691,35.4769047447],[135.3832440638,35.4781712936],[135.383479083,35.4769476804],[135.3834504704,35.4769426803],[135.3834605355,35.4769247978],[135.3837399127,35.4769345995],[135.3841849974,35.4768913478],[135.3847433885,35.4768005455],[135.3848232465,35.4767761582],[135.3849177474,35.4767212128],[135.3849762823,35.4766768781],[135.385049589,35.4765881046],[135.3851154255,35.4764498241],[135.3851709506,35.4762489051],[135.3852371379,35.4758923747],[135.385401976,35.4754743476],[135.3860798344,35.4751759326],[135.3869973318,35.4765505989],[135.3870486166,35.4765330129],[135.3871104451,35.4766306801],[135.386671638,35.4768073741],[135.3866498872,35.4767824917],[135.3853215088,35.4773611858],[135.3853537781,35.4774329057],[135.385329343,35.4774456801],[135.3853267487,35.4774675723],[135.3853413665,35.4774725999],[135.3853280075,35.4775500402],[135.3853121178,35.4775499592],[135.3852680068,35.4778450401],[135.3853895376,35.4780792125],[135.385534219,35.4780368513],[135.3856045309,35.4781807071],[135.3856055027,35.4781962123],[135.3853666457,35.4782908241],[135.3853543363,35.4783156261],[135.3853209777,35.4784714914],[135.3854228324,35.4786559054],[135.3862345572,35.4793807704],[135.3874277482,35.4799663478],[135.3874543111,35.4799943202],[135.3881220541,35.4803207703],[135.3881887205,35.4803379597],[135.3886383968,35.4805788515],[135.3887087862,35.4805970402],[135.3888173328,35.4805940773],[135.3894545845,35.4805282668],[135.3894711207,35.480513464],[135.3895360616,35.4805247074],[135.3895503028,35.4804889864],[135.3895351408,35.480482518],[135.3895384488,35.4804407077],[135.3896081369,35.4802745726],[135.3900921712,35.480386905],[135.3899592276,35.4807704106],[135.38959186,35.4806904912],[135.3895595376,35.4807867705],[135.3897674766,35.4823027709],[135.3918706928,35.4828421585],[135.3925438704,35.4808465454],[135.3929326777,35.4809310399],[135.3937351931,35.4785314641],[135.3940819251,35.4775838506],[135.3947247518,35.4777395178],[135.3947415367,35.4776942659],[135.3954744807,35.4778676525],[135.3954919512,35.4778280764],[135.3958479177,35.4779109043],[135.3960918608,35.478077626],[135.396684118,35.4784240127],[135.3973833389,35.4786133737],[135.3974113936,35.4785622114],[135.3979653892,35.4788234902],[135.3982285914,35.4788890123],[135.3981473083,35.4795359588],[135.396964585,35.4821998782],[135.3968178917,35.4826294637],[135.3964254538,35.4834842663],[135.3962994999,35.4836318239],[135.3961968675,35.4836789856],[135.3949181124,35.4844659858],[135.3948928087,35.4847104101],[135.3952208358,35.4851567076],[135.3958280619,35.4875471584],[135.3958436127,35.4875443473],[135.3960406429,35.4877836534],[135.3961278671,35.4880863205],[135.3960637813,35.4881504641],[135.3960493716,35.4884721042],[135.3961496705,35.4896494371],[135.3961974259,35.4898521315],[135.3962965051,35.4900432664],[135.3965083728,35.4903207708],[135.3970809804,35.4911842936],[135.3975134447,35.4921757073],[135.3976706181,35.4923234373],[135.3990888404,35.4930535725],[135.4003054561,35.4934785993],[135.4004276996,35.49359377],[135.4005282571,35.4937403741],[135.4006139517,35.4939386535],[135.4006599167,35.4941163742],[135.4008152348,35.4941002122],[135.4008933418,35.4942512934],[135.4004596972,35.4946586534],[135.3979419285,35.4963908244],[135.3996306953,35.4980247081],[135.3995752355,35.4988613753],[135.3999339,35.4992167713],[135.3997023437,35.4993592133],[135.4005470647,35.5001835725],[135.4005675576,35.5001697083],[135.4006494513,35.5002454653],[135.4006961179,35.5002395731],[135.4007242633,35.5002642125],[135.4007087903,35.5003298519],[135.4008719815,35.500484879],[135.3994905926,35.5013292132],[135.3994193996,35.5013288516],[135.3991550674,35.501063681],[135.3992018119,35.5010331857],[135.3992657035,35.5010955189],[135.3993018119,35.5010729064],[135.3991395677,35.5009084921],[135.3991056509,35.5009332942],[135.3991683365,35.5009993208],[135.399121591,35.5010280142],[135.398332564,35.500232294],[135.3983537317,35.5002181586],[135.3982902036,35.5001615189],[135.3982713963,35.5001736812],[135.3980345102,35.4999366005],[135.3965824467,35.4998106538],[135.3966123435,35.4995421048],[135.3967387248,35.4994748518],[135.3967452351,35.4993859062],[135.3962005929,35.499341546],[135.3961902554,35.4994291051],[135.396287699,35.4995168519],[135.3962497626,35.4997828521],[135.3959410338,35.4997533487],[135.395941085,35.4997441593],[135.3957993734,35.4997416542],[135.3958587898,35.4992524919],[135.3960954566,35.4992675463],[135.3961135886,35.4991272133],[135.3960992561,35.4991137984],[135.3955820577,35.4990713756],[135.3955501773,35.499222906],[135.395783588,35.4992426544],[135.3957163127,35.4997343751],[135.3943121738,35.4996126],[135.3942913182,35.4996128523],[135.3942907345,35.4996343752],[135.3942026156,35.4996674922],[135.3939291783,35.4996359064],[135.3940994507,35.4997133755],[135.394120086,35.4997362941],[135.3941209549,35.4997711864],[135.3940848727,35.4997598254],[135.3933185049,35.5013503214],[135.3914240682,35.5050996285],[135.3908467275,35.5062891604],[135.391330346,35.5064634119],[135.3911822005,35.5065900151],[135.3910217859,35.5069282411],[135.3906782315,35.5071567093],[135.3905893475,35.5073347456],[135.3906035371,35.5075277993],[135.3905506961,35.5076933766],[135.3909481407,35.5079943764],[135.3908442237,35.5081647455],[135.3908842238,35.5083140422],[135.3909671694,35.5084400153],[135.3909604241,35.5085017456],[135.3909873634,35.5086399615],[135.3910574276,35.5087534394],[135.3912439519,35.5088658807],[135.3914974543,35.5089617091],[135.3917004243,35.5089890422],[135.3921793486,35.5089819881],[135.3925976747,35.5089564397],[135.3930141987,35.5089072413],[135.3933304762,35.5088312413],[135.3934315654,35.5087885744],[135.3935458722,35.5087170151],[135.3936641211,35.5085892681],[135.3939650033,35.5085111871],[135.394184952,35.5086838265],[135.3942369485,35.5087907994],[135.3942944196,35.5088450789],[135.39430704,35.5088987718],[135.394287817,35.5090350795],[135.3941872856,35.5092397993],[135.3940493743,35.5093444935],[135.3937653921,35.5094592412],[135.3936327339,35.5095396015],[135.393537922,35.509629628],[135.3934694257,35.5097373493],[135.3933919037,35.5099580791],[135.3933892575,35.5100904931],[135.3934329273,35.5103254395],[135.3935533946,35.5105329887],[135.3936506722,35.5107739616],[135.3937997903,35.5110139339],[135.3939143934,35.5111550422],[135.3940637328,35.5112623221],[135.3942258989,35.5113062415],[135.3945711258,35.5112971607],[135.3946327079,35.5113064664],[135.3947685305,35.5115953221],[135.3947660674,35.511630907],[135.3947988424,35.5116702951],[135.3949277009,35.5120993497],[135.3949598925,35.5122598803],[135.394986041,35.5122884122],[135.3951538748,35.5123716283],[135.3952892579,35.5123858259],[135.3953665596,35.5124240795],[135.3954517875,35.5124984126],[135.395515172,35.5126297991],[135.3956135643,35.5127275475],[135.3956578958,35.512752106],[135.3957058477,35.5127550422],[135.3957604776,35.5127309885],[135.3958037336,35.5126960423],[135.3958010355,35.5126163494],[135.3958276247,35.5125989075],[135.395865341,35.5126111875],[135.3959180905,35.5128546279],[135.3959124232,35.5129353759],[135.3960369491,35.5130723765],[135.3960896993,35.5132295746],[135.3961713463,35.5133983495],[135.3962313727,35.5136408536],[135.3963425135,35.5137993227],[135.3964383119,35.5139920791],[135.39648429,35.5140342143],[135.396534032,35.51422188],[135.3967237589,35.5145656015],[135.3968068972,35.5147676551],[135.3968396739,35.514778376],[135.3969735124,35.5147651603],[135.3971670403,35.5146719342],[135.3973320335,35.5146622143],[135.3974004516,35.5146980795],[135.3973806724,35.5147166284],[135.3971833182,35.5147189883],[135.39698682,35.5148119345],[135.3968571443,35.5148449077],[135.3968253414,35.5149259613],[135.3967447841,35.5155249611],[135.3967075342,35.515656745],[135.3966624875,35.5157406284],[135.3963500622,35.5159733224],[135.3961947059,35.5160191606],[135.3959612822,35.5159931878],[135.3958668452,35.5160026283],[135.3956870405,35.5161325206],[135.3955277277,35.51620735],[135.3954333178,35.5162703223],[135.3953603085,35.5163322418],[135.3953190111,35.5163990154],[135.3952909311,35.5167322149],[135.3952614769,35.516778656],[135.3951040971,35.5168749618],[135.3950245117,35.5169024937],[135.3947974037,35.5169318266],[135.3944965867,35.5170846287],[135.3942761455,35.5171662686],[135.3941036425,35.5172042419],[135.3939657822,35.5171945481],[135.3937285702,35.5171161881],[135.3933623717,35.5170638806],[135.3932074558,35.5171094395],[135.392620504,35.5171501881],[135.3925414769,35.5171924398],[135.3921093099,35.5172652422],[135.3918880906,35.5173280431],[135.391761177,35.5173329891],[135.3914817608,35.5172809079],[135.3911516444,35.5171654132],[135.3901912815,35.5165623235],[135.3901458732,35.5165468543],[135.3894202312,35.5165312691],[135.3892287646,35.5164987731],[135.3891284023,35.5164571611],[135.3889025133,35.5164278002],[135.3888345891,35.5163857104],[135.3887948483,35.5161462153],[135.3886410872,35.5157027459],[135.3885634462,35.5155445208],[135.3884414497,35.5150477098],[135.3883813721,35.5149139082],[135.3883199181,35.5148319351],[135.3884489842,35.5148091338],[135.388371345,35.5145938539],[135.3883208658,35.5146046831],[135.3883837328,35.5147910431],[135.3882959491,35.5148101615],[135.388288569,35.5147822688],[135.3882634204,35.5146055753],[135.3882021237,35.5144349081],[135.3882400354,35.5141313227],[135.3878694769,35.5133614671],[135.3878225383,35.5133901614],[135.3878031998,35.5133508541],[135.3877383368,35.5133542422],[135.3876227069,35.5133977102],[135.3873948734,35.5135213234],[135.3872354318,35.5135424135],[135.3868019813,35.5135351614],[135.3865102301,35.5134982421],[135.3864579215,35.5134881609],[135.3863497635,35.5134359626],[135.3862682318,35.5133535213],[135.3861756516,35.5133656561],[135.3859485948,35.5129816024],[135.385685482,35.5127465484],[135.3857338344,35.5126913498],[135.3855579207,35.5123716295],[135.3854470131,35.5123722426],[135.3853477912,35.5122859356],[135.3847987635,35.5117652688],[135.3846870127,35.5116457464],[135.3846560134,35.5115762695],[135.3846116426,35.5113366293],[135.3846335102,35.5108091341],[135.3844344574,35.5103606021],[135.3843303976,35.5099685213],[135.3843522528,35.5094151068],[135.384401124,35.5093398809],[135.3844202804,35.5092692419],[135.3844148461,35.5092167457],[135.3843810849,35.5091632153],[135.3843394238,35.509148413],[135.3843163119,35.509215602],[135.3843026807,35.5092096834],[135.3843147298,35.5091462958],[135.3842683358,35.5091279349],[135.3840766494,35.5091566831],[135.3838755596,35.5090989621],[135.383796065,35.5090575477],[135.3835718367,35.5088868543],[135.3835286726,35.5087507101],[135.3838387241,35.5083501881],[135.3841231214,35.5081077457],[135.3841528097,35.5079744667],[135.3842923426,35.5077606557],[135.3844901122,35.5076025748],[135.3845609549,35.5075786016],[135.3846164803,35.5075119889],[135.3845988414,35.5073539076],[135.3845481395,35.5072651342],[135.3844236145,35.5072302419],[135.3841988935,35.5071062423],[135.3841270642,35.5069861605],[135.3841461687,35.5069683232],[135.3837923691,35.5066730162],[135.3837674792,35.5066263769],[135.3837613955,35.5065977729],[135.384026065,35.506124296],[135.3842620052,35.5059006825],[135.3843361426,35.5056607724],[135.3843091519,35.5054155203],[135.3842491127,35.50529408],[135.3841321993,35.5051599887],[135.3837748718,35.5048933229],[135.3837165059,35.5047824397],[135.3837110067,35.5046825476],[135.3837359477,35.5046035211],[135.3838671414,35.5044424933],[135.3838865056,35.5043910161],[135.3838757015,35.504306323],[135.383831279,35.5041905481],[135.383689814,35.5040201873],[135.3835986712,35.5039751069],[135.3830357274,35.503900575],[135.3826817582,35.5038171064],[135.3825294758,35.5037513231],[135.382140474,35.5035182958],[135.3818642875,35.5033858265],[135.3806238332,35.5028700157],[135.3804786974,35.502778935],[135.3800430289,35.502397494],[135.3799320946,35.5024034941],[135.3798027573,35.5024502419],[135.3794644818,35.5027910428],[135.3790809797,35.5031062693],[135.3787332242,35.503547242],[135.3787620038,35.50356208],[135.3786581133,35.5037825483],[135.3785663615,35.5039580163],[135.3784471407,35.5041373232],[135.3783100589,35.5043051076],[135.377926531,35.5046777463],[135.3777475034,35.504724215],[135.3776530941,35.5047319351],[135.3771346114,35.5047521617],[135.376858723,35.5047201883],[135.3765967002,35.5047339625],[135.3763479446,35.5047865758],[135.3762067003,35.5048480436],[135.3758480355,35.5051002968],[135.3756643649,35.5051872158],[135.3755585925,35.5052236295],[135.3751269718,35.5053018816],[135.3749720557,35.5053479627],[135.3742450396,35.5056941883],[135.3736921463,35.5058875489],[135.3731495396,35.5059047469],[135.3727799544,35.5061569359],[135.3725941959,35.5062421348],[135.3724298374,35.5062707469],[135.3722020949,35.5062430813],[135.372018955,35.5061763237],[135.3720380614,35.5061282696],[135.3719756742,35.5060589902],[135.3718239234,35.5059798819],[135.3716279181,35.5058124681],[135.371583391,35.505753468],[135.3716070099,35.505737468],[135.3716639497,35.5057981346],[135.3716938709,35.5057809902],[135.371552678,35.5055939359],[135.3715165819,35.5056116033],[135.3715170357,35.5056262161],[135.3715900842,35.5057169898],[135.3715609532,35.5057336028],[135.3714750897,35.5056179627],[135.3714509276,35.5056238824],[135.3714273597,35.5055887743],[135.3714655832,35.5055654681],[135.3714067508,35.505491243],[135.3713789813,35.5055038817],[135.3713476464,35.5054793775],[135.3713724443,35.5054374141],[135.3712761148,35.5053796033],[135.3712571658,35.5054047468],[135.370944338,35.5052643783],[135.3709014457,35.5053219358],[135.3708556738,35.5052967108],[135.3708936386,35.5052476303],[135.3708246097,35.5052086841],[135.3708029236,35.505231549],[135.3707660891,35.5052063778],[135.370824455,35.5051304407],[135.3707404206,35.505033909],[135.3706980087,35.5050588552],[135.3706477882,35.5050538006],[135.3705888654,35.5050318547],[135.3705651678,35.5050052431],[135.3704264517,35.5051102431],[135.3704821203,35.5051665219],[135.3704556218,35.5051836838],[135.3704559458,35.5052118014],[135.3704303686,35.5052127469],[135.3704228083,35.5051642159],[135.3703662065,35.5051721347],[135.3703707837,35.5051924406],[135.3703396696,35.5051960442],[135.3703371666,35.5051791888],[135.3701660631,35.5051972157],[135.3701662065,35.5052759898],[135.3700917833,35.5052792158],[135.3700886436,35.5052150166],[135.3699686441,35.5052218012],[135.3699191495,35.5052089089],[135.3697366727,35.5051153777],[135.3697829502,35.505060747],[135.3697010049,35.5050086572],[135.3697175937,35.5049604407],[135.3695653113,35.5049116844],[135.3694906161,35.504987549],[135.3693618344,35.5049201891],[135.3691784241,35.5048771349],[135.3688615616,35.5048689634],[135.3684651676,35.5048839359],[135.368243028,35.504956495],[135.368101511,35.5050404142],[135.3676753105,35.5055195227],[135.3675313676,35.5056321627],[135.3673962057,35.5056878552],[135.3670461406,35.5057828282],[135.3669364516,35.5056971624],[135.3667147787,35.5056966308],[135.366415674,35.5057990814],[135.3664134814,35.5057446302],[135.3660923661,35.5057021081],[135.3660232491,35.5056711088],[135.3655359197,35.5055869639],[135.365359006,35.5054856305],[135.3652464252,35.5054508551],[135.3654327034,35.5045839908],[135.3652277875,35.5044422975],[135.3644627028,35.5042275224],[135.3642208096,35.5041755227],[135.3640071128,35.5041562705],[135.3639430007,35.504109415],[135.3636805885,35.5041035225],[135.3635765028,35.504107018],[135.363537035,35.5041224145],[135.363460446,35.5041734954],[135.3631666984,35.5044649641],[135.3630753096,35.5045332705],[135.3628716395,35.5043320815],[135.3628327809,35.5043553247],[135.3630330527,35.5045536845],[135.3629680345,35.5045666041],[135.3624677866,35.5048875498],[135.3624266201,35.5048798553],[135.3623764253,35.504911937],[135.3620761661,35.5046321901],[135.3625034163,35.5043532973],[135.3624789161,35.5043305495],[135.3617406674,35.5048045497],[135.3616505372,35.5048013786],[135.3615445189,35.50490128],[135.3613902901,35.504930559],[135.3611542194,35.5050185683],[135.3610958424,35.5050229634],[135.3610037534,35.5050571897],[135.3609561399,35.5049724962],[135.3607058941,35.5050707476],[135.3607185648,35.5051012976],[135.3609228713,35.5050262171],[135.3609538964,35.5050736849],[135.3605779433,35.5052198825],[135.3605154782,35.5052599368],[135.3603864507,35.5053900448],[135.3602360094,35.5054564153],[135.3600081365,35.5054979907],[135.3599234161,35.5054939636],[135.3597655297,35.5054437122],[135.3595411455,35.5053096578],[135.3593757503,35.5052611093],[135.3590013148,35.5053949638],[135.3588945839,35.5053840182],[135.3585823399,35.5052819367],[135.3584358414,35.5052002986],[135.3583602766,35.5051222167],[135.3583651142,35.5050277751],[135.3584778126,35.5047294688],[135.3584953354,35.5044825767],[135.358393221,35.5043049369],[135.358087332,35.5041646577],[135.358061418,35.5042036577],[135.3578962306,35.5040947753],[135.3577437014,35.503936496],[135.357665283,35.5037758294],[135.3575294983,35.5033431633],[135.3574080845,35.5031435767],[135.3572200557,35.5029435504],[135.357178396,35.5029164691],[135.3571000297,35.5029716576],[135.3567947772,35.5027537121],[135.3564932857,35.5026035497],[135.355742793,35.5023741994],[135.3555897841,35.5023482536],[135.3553366967,35.5023804959],[135.3550768913,35.5023743256],[135.3549863844,35.5023892716],[135.3549385639,35.5024141635],[135.3548652828,35.5025210179],[135.3547037003,35.5029075235],[135.3545353608,35.5031243432],[135.3543859309,35.5032447035],[135.353978331,35.503461748],[135.3538648157,35.5035422715],[135.3536441031,35.5036370096],[135.3534709504,35.5036786675],[135.3532543227,35.5036996316],[135.353007695,35.5037015236],[135.352826865,35.5036546041],[135.3527250872,35.5036430459],[135.3526122221,35.5036709375],[135.3525555809,35.5037101906],[135.3525071376,35.5037158022],[135.3522637773,35.5038195507],[135.3520521432,35.5039587122],[135.3519363587,35.5040162176],[135.3519039462,35.504046803],[135.3518734798,35.5041739106],[135.3517246465,35.5043965151],[135.3516600035,35.5044629464],[135.3515058275,35.504576236],[135.3512767991,35.5046716137],[135.3510791092,35.5046983797],[135.350913117,35.5047808571],[135.3509007293,35.5047723256],[135.3507863206,35.504822317],[135.350508435,35.5048933617],[135.3502989915,35.5049147486],[135.350116281,35.5049121366],[135.3497334794,35.5048381637],[135.3494902751,35.5047315508],[135.3492811442,35.504695353],[135.3491928953,35.5047160828],[135.3491080066,35.5047699654],[135.3489598859,35.5049578303],[135.3488585897,35.505053632],[135.3487851139,35.5051000188],[135.3485993931,35.505141299],[135.3484009758,35.5051396857],[135.3481045045,35.505065524],[135.3477107547,35.5049003263],[135.3475585635,35.5047989113],[135.3475171109,35.5047191097],[135.3473683302,35.5046055244],[135.3472897833,35.5044885512],[135.3472949451,35.5044245785],[135.3472644126,35.5043404164],[135.3471373566,35.5043240459],[135.3468029469,35.5042219114],[135.346734698,35.5042118033],[135.3463914689,35.5042191375],[135.3461551386,35.5042736595],[135.3459371624,35.5042676051],[135.3458623903,35.5042590828],[135.3455966962,35.5041812185],[135.3453986929,35.5041563262],[135.3450189776,35.5041667134],[135.3449060335,35.5042013531],[135.3446798601,35.504225632],[135.3445617012,35.5042116326],[135.3445028683,35.5042349381],[135.3444473047,35.5042341107],[135.3443403396,35.5041039111],[135.3442176933,35.5040317489],[135.3441468117,35.5040319117],[135.344095645,35.5039930464],[135.3440646717,35.5040067763],[135.3440821949,35.5040618575],[135.3439931154,35.5041031918],[135.3439579409,35.5041024435],[135.3439262023,35.5040644166],[135.3438963837,35.5040814707],[135.343879912,35.5041157138],[135.3438427009,35.5041116598],[135.3437855535,35.5040879113],[135.3437886146,35.5040636592],[135.3437619748,35.5040471372],[135.3436625318,35.5040496321],[135.3435953072,35.5041001104],[135.3435799508,35.5041047131],[135.3435504957,35.5040811378],[135.3435083301,35.5041012723],[135.3435070588,35.5041340837],[135.3435453071,35.5041632188],[135.3435549188,35.5042429386],[135.3436398081,35.5042940832],[135.3436613652,35.5043261914],[135.34371475,35.5043365781],[135.3438080319,35.504389443],[135.3439036734,35.5045017495],[135.3439713129,35.5046412722],[135.3439796137,35.5046772995],[135.3439165527,35.5046786593],[135.3438808333,35.5047207496],[135.3439131676,35.5047435519],[135.3439970848,35.5047659117],[135.3439926753,35.5048346593],[135.3439378627,35.5048786055],[135.343881806,35.5049525787],[135.3438806131,35.5049791647],[135.34398881,35.5050806057],[135.3440700026,35.5050865519],[135.3442816633,35.5051392722],[135.3445207288,35.5051304704],[135.3447770594,35.5053413532],[135.3449240244,35.5054875248],[135.3449674485,35.5055581646],[135.3450245818,35.5058109384],[135.3450388359,35.5060626862],[135.3450204178,35.5062158305],[135.3449446977,35.5063754168],[135.345046696,35.506479164],[135.3451271107,35.5065277495],[135.3453041151,35.5065196865],[135.3453627795,35.5065454436],[135.3452776176,35.5065264978],[135.3451230897,35.5065355787],[135.3449293931,35.5063996592],[135.3448242184,35.5065240192],[135.3446989523,35.5066100469],[135.3446767476,35.5066158844],[135.3446293929,35.5065821915],[135.3446033361,35.5065872725],[135.3442915338,35.5067166323],[135.3442349966,35.5067567131],[135.3441323382,35.5067861647],[135.3438689136,35.5067809654],[135.3436983691,35.5067989658],[135.3435490041,35.5068506864],[135.3433888362,35.5069331102],[135.3432178631,35.5069594165],[135.3431372793,35.5069869115],[135.3430602747,35.5071010466],[135.3430092508,35.507137993],[135.3427858142,35.5071255249],[135.3425165786,35.5071559658],[135.3424671627,35.5071469387],[135.3423622209,35.5071727771],[135.3423094192,35.5072007141],[135.3422515335,35.5072003805],[135.3422125063,35.5072308308],[135.3421943088,35.5072720201],[135.342196384,35.5073254706],[135.3421328692,35.5073442461],[135.3421100804,35.5074064981],[135.3421725062,35.5074566595],[135.3422433356,35.5074500194],[135.3422791082,35.5074838575],[135.3422933104,35.5075134172],[135.3422849191,35.5076487495],[135.3423027268,35.5076841644],[135.3426440236,35.5079671645],[135.3427417281,35.5080176332],[135.3427841919,35.5080953804],[135.3428716368,35.508089831],[135.3429936352,35.5081222186],[135.3433492775,35.5084200838],[135.3434462812,35.5086501919],[135.3435548667,35.5087994976],[135.343813609,35.5090525791],[135.3440641157,35.5092247499],[135.344231002,35.509283084],[135.3444845567,35.5093095249],[135.3445529731,35.5092995244],[135.3448508849,35.5091701643],[135.3449425069,35.5091853534],[135.345008811,35.5092196052],[135.3450554765,35.5092016598],[135.3458607556,35.5098846596],[135.3458790304,35.5098714435],[135.3452017807,35.5093063],[135.346023777,35.5086624703],[135.3464163334,35.5089762187],[135.3466106659,35.5088146591],[135.346821366,35.5089746058],[135.3471294461,35.5092358038],[135.3472944783,35.5094288572],[135.3473707295,35.5096092723],[135.3474082793,35.5098024705],[135.3473928964,35.5099628308],[135.3473551404,35.5100629382],[135.3470693692,35.5106522454],[135.3470575924,35.5106628305],[135.3470287195,35.5106469929],[135.3469927278,35.5106606325],[135.3469742844,35.5106468849],[135.346805452,35.5107763804],[135.3467537774,35.5107694439],[135.3467467748,35.5108037494],[135.3469037521,35.5108329928],[135.3469640637,35.5109000195],[135.3469604712,35.5109213537],[135.3464346467,35.5121150837],[135.3459490056,35.5128651923],[135.3457292522,35.512722579],[135.3453683055,35.5130879385],[135.3453858407,35.5131701384],[135.3446688626,35.513353633],[135.3447068912,35.5134624709],[135.34454623,35.5136167143],[135.3443153086,35.5130946605],[135.3446347248,35.512888525],[135.3446196151,35.5128743814],[135.344275944,35.5130973273],[135.3444080845,35.5133995519],[135.3443707563,35.5134219663],[135.3443488893,35.5133987767],[135.3442651664,35.5134598849],[135.3442171378,35.5134141114],[135.3439099521,35.5136512998],[135.3439551925,35.5136981651],[135.3436375534,35.513932417],[135.3439645054,35.5153445791],[135.3441316383,35.5153168043],[135.3440690697,35.5153487686],[135.3439384222,35.5155385795],[135.3439589797,35.5157019127],[135.3440003667,35.5157358042],[135.3441106402,35.5157469121],[135.344138136,35.5157863545],[135.3442692519,35.515837192],[135.344351755,35.5158371925],[135.3444070345,35.5158146872],[135.3445300821,35.5158169125],[135.3446250885,35.5157521924],[135.3446895372,35.5157299658],[135.3447309251,35.5156905255],[135.3448481368,35.5157469123],[135.3450617558,35.5157638582],[135.3450962042,35.5158821923],[135.3451995375,35.5159555251],[135.3453031438,35.5159780198],[135.345365088,35.5160569119],[135.3455714702,35.5161413542],[135.345636191,35.5161380385],[135.3456525332,35.5161160199],[135.3461919502,35.5161761922],[135.3470065032,35.5163193272],[135.3470864505,35.5163172461],[135.3472700048,35.5162518854],[135.3474824176,35.5162414168],[135.3475973331,35.5162509656],[135.3478246086,35.5163104172],[135.3479950893,35.5163891376],[135.348077528,35.5164619386],[135.3483940646,35.516841966],[135.349154,35.5174022996],[135.3493146481,35.5175535251],[135.349390303,35.5176572463],[135.3495231706,35.5178741114],[135.3496920283,35.5184146602],[135.3497662576,35.5188616874],[135.3497418601,35.519167047],[135.3497535332,35.5191925252],[135.3496751669,35.5193146873],[135.3496242206,35.5193039656],[135.3495936371,35.5194033813],[135.3495416133,35.5194032188],[135.3493493958,35.5195601917],[135.3493054279,35.5195570467],[135.349163442,35.5195920843],[135.3491008357,35.5196613274],[135.3490933909,35.5197610841],[135.3492576699,35.5199807139],[135.3493053623,35.5200967143],[135.349323338,35.5201767769],[135.3492677227,35.5203462729],[135.3493863864,35.5203816331],[135.3494280348,35.5204200473],[135.3494261402,35.5204366333],[135.3493057774,35.5203846064],[135.3492935593,35.5204784171],[135.3491508099,35.5204618314],[135.3491269188,35.5206629935],[135.3491627033,35.5206685795],[135.3491628071,35.5206962731],[135.3492013671,35.520700714],[135.3491170352,35.5210832459],[135.3490150385,35.5210708856],[135.3489560103,35.5212371378],[135.3488707316,35.5213797143],[135.3487894736,35.5214468041],[135.348646815,35.5215144447],[135.3486399151,35.5214665524],[135.3484759201,35.5214734177],[135.3484835851,35.5215229393],[135.348269176,35.521530966],[135.348260032,35.5213529127],[135.3481635859,35.5213636605],[135.3481658429,35.5215343818],[135.3477949991,35.5214861383],[135.3478039228,35.5214337147],[135.3475964257,35.5214061922],[135.3476018998,35.5213684712],[135.3469711469,35.521284831],[135.3468520024,35.5207619931],[135.3464729748,35.5208129664],[135.3465471397,35.5211306338],[135.3456879167,35.5212667773],[135.3457196941,35.5213839394],[135.345533611,35.5213806872],[135.3455307569,35.5212871927],[135.3447548041,35.5212945257],[135.3449419771,35.5210416336],[135.3453018992,35.5206706873],[135.3454342203,35.5206256064],[135.3454130925,35.5205840203],[135.3458354272,35.5204400208],[135.3457929749,35.5203568585],[135.3449551415,35.5206420202],[135.3449610556,35.5206630472],[135.3449430267,35.5206683549],[135.3449321448,35.5206527146],[135.3448646092,35.5206733544],[135.3448686687,35.5206889666],[135.3448447782,35.5206975793],[135.344836283,35.5206840206],[135.3447584495,35.5207106337],[135.3447651673,35.5207255529],[135.3447403944,35.5207348855],[135.3447328066,35.520719967],[135.3446525337,35.5207458313],[135.3446625598,35.5207625792],[135.3446360105,35.5207736878],[135.344624026,35.5207548046],[135.3445512501,35.5207812468],[135.3445633379,35.5208012464],[135.3445374763,35.5208102197],[135.3445315098,35.5207989129],[135.3444785255,35.5208168318],[135.3444698113,35.5208055254],[135.3441986952,35.5209003006],[135.3442037789,35.5209100848],[135.3421679813,35.5216226883],[135.3421718601,35.5216325533],[135.3420822879,35.5216640483],[135.3420893704,35.5216754452],[135.3420547517,35.5216867147],[135.34204767,35.5216763012],[135.3415706921,35.5218407154],[135.3415792788,35.5218561118],[135.3415365809,35.5218716339],[135.3415261134,35.5218563552],[135.3413115099,35.5219314453],[135.3413180076,35.5219451664],[135.3412847255,35.5219570477],[135.3412777871,35.5219444987],[135.3410575277,35.5220207149],[135.3410654526,35.5220359941],[135.3410300572,35.5220487779],[135.3410209257,35.52203394],[135.3408045318,35.5221087508],[135.3408139737,35.5221278323],[135.3407819251,35.5221378318],[135.3407676186,35.5221199938],[135.3405551932,35.5221948322],[135.3405637523,35.5222129128],[135.3405288117,35.522225607],[135.3405172547,35.5222094181],[135.3403809518,35.5222552469],[135.3403910296,35.5222762203],[135.3403626119,35.5222858052],[135.340350563,35.5222633013],[135.340303442,35.5222814181],[135.340313611,35.5223033817],[135.340270926,35.5223190215],[135.3402576695,35.5222974989],[135.3398174753,35.5224497512],[135.3392875531,35.5226423554],[135.3392965807,35.5226569134],[135.3392585007,35.5226733821],[135.3392493947,35.522657751],[135.3390417298,35.5227293552],[135.3390520533,35.5227481667],[135.3390073979,35.5227634995],[135.3389969441,35.522745778],[135.3387800047,35.5228204992],[135.33878911,35.522837139],[135.3387509774,35.5228515259],[135.3387433111,35.5228327154],[135.3386393691,35.52286858],[135.3387400051,35.5230739136],[135.3402792532,35.5225537782],[135.3402674494,35.5225297514],[135.3404080849,35.5224808322],[135.3435393443,35.521418355],[135.3435485914,35.5214346067],[135.3447032222,35.5210346337],[135.344755427,35.5211263277],[135.3446055818,35.5213280475],[135.3442721454,35.5214679398],[135.3440405636,35.5216899399],[135.3438083057,35.5221036072],[135.3424087859,35.5220930848],[135.3421913146,35.5220299672],[135.3419882018,35.5220921386],[135.3418224179,35.5221748864],[135.3413420537,35.5228473823],[135.3407452834,35.5234902474],[135.3405688121,35.5236184454],[135.3402093435,35.5236744452],[135.3402029224,35.5234891665],[135.3396244802,35.5235065532],[135.3396415868,35.5237453285],[135.3391081753,35.5236374183],[135.3383706146,35.5243105532],[135.338428954,35.5243512746],[135.3383371387,35.5244944458],[135.338332729,35.5246414459],[135.3385369444,35.5249507157],[135.3385331703,35.5254012205],[135.3384303026,35.5254632208],[135.3383431956,35.5254876075],[135.3382659709,35.5254951123],[135.3381027294,35.5254695531],[135.3378391746,35.5251021129],[135.3376732866,35.5251774729],[135.3380674762,35.5257397516],[135.3380477866,35.5258145533],[135.3373543886,35.5261445269],[135.3374404714,35.5262703559],[135.3380715356,35.5259829677],[135.3381650633,35.5260057783],[135.3382192786,35.5260639945],[135.3381509785,35.5261650218],[135.3379262306,35.5263711128],[135.3377960617,35.5265529141],[135.3376272811,35.5266433831],[135.3375966462,35.526680887],[135.3375949994,35.5267191936],[135.3376763601,35.5268147517],[135.3377204464,35.5269236077],[135.337717619,35.527122779],[135.3378050889,35.5274407155],[135.3378295646,35.5277758054],[135.3377238057,35.5281925804],[135.337303974,35.5289493015],[135.337119979,35.5294553291],[135.3370892528,35.5296792483],[135.337034337,35.5299051943],[135.3370468921,35.5301626887],[135.3369922884,35.5302462209],[135.3370019252,35.5303741673],[135.3369358939,35.5306278063],[135.3369255049,35.530762968],[135.3368461669,35.530903779],[135.3368365811,35.530968527],[135.3366527291,35.5314184727],[135.3366375542,35.5314797792],[135.3366502775,35.5315818063],[135.3366378911,35.5316505005],[135.336488086,35.5319395539],[135.3363366465,35.5321204459],[135.3362842592,35.5324558331],[135.3363089546,35.5325906352],[135.3363623404,35.5326963835],[135.3364006925,35.5328447795],[135.3363963608,35.5329941134],[135.3363651414,35.5334783294],[135.3363090586,35.5336339684],[135.3363089803,35.5337112212],[135.3362713942,35.5338173566],[135.3362615367,35.5339699952],[135.3362929762,35.534180914],[135.3363255305,35.5342318603],[135.3363252326,35.5343349687],[135.3363692278,35.5344017169],[135.3363986701,35.5345377168],[135.3364847533,35.5346768335],[135.3365183329,35.5348809145],[135.3365797863,35.5350001402],[135.3366132227,35.5351569685],[135.3366253113,35.5358203561],[135.3365922498,35.5360706625],[135.3366190597,35.5364588604],[135.3366019262,35.5365718877],[135.3365130019,35.5367610493],[135.336518891,35.5368511407],[135.3365890858,35.5370588338],[135.3365324197,35.537256114],[135.3365148966,35.5376056361],[135.3365186443,35.5376974463],[135.336580421,35.5379095819],[135.336597529,35.5380533568],[135.3365503049,35.5380306627],[135.3364963368,35.5380628071],[135.3365402781,35.5381117167],[135.3366002017,35.5381186354],[135.3366141445,35.5382347171],[135.3366910312,35.5383901943],[135.3367320559,35.5385515008],[135.3367794745,35.5386328609],[135.3367966732,35.5387529418],[135.3369266992,35.5390354198],[135.336928788,35.5391013298],[135.3368847021,35.5391927526],[135.336885532,35.5392271139],[135.3369239761,35.5392848068],[135.3369601102,35.5394495277],[135.3369631973,35.5395440871],[135.3369414725,35.5396368875],[135.3368830026,35.5397190498],[135.3368819011,35.5397742222],[135.3369164528,35.5398509144],[135.3370008629,35.5399531679],[135.3369477887,35.5400758072],[135.3369495918,35.5401667801],[135.3369055842,35.5402065546],[135.3367319528,35.5402934737],[135.336722588,35.5403705816],[135.3367943383,35.5405317532],[135.3368607331,35.5405386362],[135.3369594751,35.5404798066],[135.337053755,35.5403601412],[135.3370806428,35.5403495546],[135.3371329511,35.5403572487],[135.337175429,35.540383969],[135.337288425,35.5405080872],[135.3373983729,35.5407374734],[135.3374286186,35.5409347528],[135.3374036389,35.541008996],[135.3373513949,35.5410587171],[135.3371935093,35.5411489962],[135.3370575559,35.5411979146],[135.337040785,35.5412512756],[135.337157257,35.5412920225],[135.3371148714,35.5413357801],[135.3370796182,35.5414141951],[135.3371259471,35.5414585548],[135.3371975298,35.5414413841],[135.3372500331,35.5413804199],[135.3372729255,35.541296663],[135.3373503055,35.5413615544],[135.3373231981,35.5413903567],[135.3373463112,35.5414229421],[135.3373719527,35.5414287527],[135.3374446113,35.5413628343],[135.3375125098,35.5413953566],[135.3375274262,35.54141969],[135.3375121993,35.5414199687],[135.3374955582,35.5414581135],[135.3375531199,35.54150405],[135.3375463368,35.5415328342],[135.3376285928,35.5415628609],[135.3378785936,35.5418857528],[135.3379043133,35.5419894203],[135.3378638326,35.5420413298],[135.3378706941,35.5420663301],[135.3379072312,35.5420719687],[135.3379099547,35.542085717],[135.3378561421,35.5421334197],[135.3378861685,35.5421815277],[135.3379824199,35.5421735012],[135.3380278154,35.5422745275],[135.3380211747,35.5423008877],[135.3379386195,35.5423503571],[135.3379358443,35.5424059692],[135.3379871416,35.5424446628],[135.3381042219,35.5424740503],[135.3381475954,35.542459861],[135.3381893722,35.5424876632],[135.3382923938,35.5426335552],[135.3383514731,35.5427567166],[135.33830823,35.5427877795],[135.3383077238,35.5428472494],[135.3383990863,35.5428688608],[135.3383988398,35.5428481143],[135.3384253904,35.5428881953],[135.3384037302,35.5428823032],[135.3383986969,35.5429168072],[135.3384171151,35.5429591682],[135.3384499553,35.5429612485],[135.3384863114,35.5429242492],[135.3385262077,35.5429463299],[135.3384995012,35.5429421408],[135.3385364794,35.5430076093],[135.3385904489,35.5430156355],[135.3385921478,35.542995555],[135.3386448715,35.5430363032],[135.3389565052,35.54337533],[135.3390126409,35.5435090229],[135.3390246507,35.5437281413],[135.3390546767,35.5438595277],[135.3390445607,35.5439090496],[135.3389994752,35.5439054737],[135.3389823161,35.5439937169],[135.3390087237,35.5439888067],[135.3390049755,35.5440288072],[135.3391189182,35.5441741137],[135.3391275043,35.5442009685],[135.339075456,35.5442299418],[135.3390891776,35.5442626359],[135.3391125885,35.5442743027],[135.3390794501,35.5443067526],[135.3390792552,35.5443298338],[135.3391243141,35.5443466363],[135.3391023168,35.5443836631],[135.3391426792,35.5444081953],[135.3391066491,35.5444336355],[135.3391321215,35.5444740503],[135.3391680629,35.544487501],[135.3391940024,35.5446052759],[135.3392078154,35.5449410229],[135.3391428997,35.5451231951],[135.3391843662,35.5453655283],[135.3391706696,35.5455270874],[135.3392264273,35.5457886901],[135.3391659474,35.5459432217],[135.3390622003,35.5463955008],[135.3389402804,35.5467220235],[135.3389072581,35.5467951412],[135.3389003059,35.5467690227],[135.3388404489,35.5467792487],[135.338849282,35.5468445556],[135.3388877246,35.5468527805],[135.3388381402,35.5470749962],[135.3387451705,35.5471545283],[135.3388260914,35.5471573029],[135.3388264803,35.5471906631],[135.3387707334,35.5472386628],[135.3387770638,35.5472724206],[135.3387140676,35.5472239418],[135.338697064,35.5472524203],[135.3387326148,35.547272888],[135.338697284,35.5473314746],[135.3387848721,35.5473313032],[135.3388042231,35.5473624201],[135.3386438078,35.5474650233],[135.3386834185,35.5475294201],[135.3387197228,35.5475398074],[135.3387541203,35.5475274742],[135.338793977,35.5475621955],[135.3387919802,35.5476198886],[135.3388195411,35.5476359967],[135.3388287629,35.547665249],[135.3387870895,35.5476763571],[135.3387218367,35.5476306629],[135.3386953655,35.5476603577],[135.3387169725,35.5476867169],[135.3388472583,35.5477116629],[135.3388755065,35.5477368886],[135.338858452,35.5477714204],[135.3387558191,35.5477535278],[135.3386827575,35.5477720506],[135.3387884257,35.5477833573],[135.3388284259,35.5478020872],[135.3388262598,35.5478786631],[135.3388531993,35.5478741408],[135.3388624462,35.5478222761],[135.3388995673,35.5478266899],[135.3389329778,35.5479077532],[135.3389106696,35.5479535008],[135.3389580375,35.5479597177],[135.339030203,35.5480231138],[135.3390450409,35.5480834203],[135.3391302549,35.5481687804],[135.3391402798,35.548264023],[135.3390830298,35.548303996],[135.3391075048,35.5483339692],[135.3392035621,35.5483624472],[135.3392085294,35.5483886899],[135.339184068,35.5484110875],[135.3392087245,35.5484302497],[135.3392359224,35.5484101142],[135.3392933413,35.5484300869],[135.3393185941,35.5484570871],[135.3393848986,35.5484395013],[135.3394123948,35.5484640872],[135.3394091522,35.5485627806],[135.3394485296,35.5485766899],[135.3394810077,35.5486108342],[135.3394596709,35.5486950876],[135.3394915128,35.5487279963],[135.3395329526,35.5487443569],[135.3396263122,35.5487371146],[135.3397117854,35.5487642489],[135.3398227063,35.5488254474],[135.3398847288,35.5488851684],[135.3399190614,35.5489353032],[135.3398962087,35.5489679962],[135.3399128105,35.5489853033],[135.3400032904,35.5489828069],[135.340030695,35.549028834],[135.3400217332,35.5491011679],[135.3400705662,35.5491157805],[135.3401067277,35.5491457173],[135.3401216419,35.549264141],[135.3402457026,35.5493998616],[135.3401576222,35.5494768075],[135.340184924,35.5495071412],[135.3401817075,35.5495506635],[135.3402152616,35.5495472497],[135.3402646512,35.5495790499],[135.3403111246,35.5495874202],[135.3403313187,35.5496263032],[135.3403068169,35.5496678882],[135.3403183352,35.549689942],[135.3402898656,35.5497581139],[135.3403167799,35.5497689964],[135.3403483744,35.5497399693],[135.3403567535,35.5496964744],[135.3403912013,35.5496799694],[135.3404208649,35.5497063842],[135.3404136798,35.5497772765],[135.3404594245,35.5498755825],[135.3403908902,35.5499471416],[135.3404176998,35.5499729693],[135.3404867532,35.5499989694],[135.3404915136,35.5500374741],[135.3405183748,35.5500572763],[135.3406555857,35.550068114],[135.34068237,35.5500979967],[135.3406402809,35.5501609689],[135.3407147295,35.5502421417],[135.3406925632,35.5502692491],[135.3407025379,35.5502883037],[135.3407477903,35.5502862219],[135.3407767532,35.5503167529],[135.3407793091,35.5503560505],[135.340824652,35.5503414474],[135.3408715911,35.5503600875],[135.3408944183,35.5504280873],[135.3409313451,35.550456942],[135.3410017854,35.5504749966],[135.3410116427,35.5505263304],[135.3411799176,35.5505961409],[135.3412176732,35.5505801955],[135.3413075319,35.5506492763],[135.3413363122,35.5506516095],[135.3413219291,35.5507259689],[135.3413737058,35.5507185008],[135.3414796713,35.5507612764],[135.3414992566,35.5508488075],[135.3415362348,35.5508734474],[135.3415830963,35.5508486361],[135.3416240946,35.5508778878],[135.3416368173,35.550928609],[135.3416226414,35.5509744204],[135.3416455341,35.5510214203],[135.3417960924,35.5510364741],[135.3418915398,35.5510036362],[135.3419599565,35.5510272758],[135.3419799829,35.5510726367],[135.3419613967,35.5511184205],[135.3419267019,35.5511555281],[135.3418829007,35.551170807],[135.3419118638,35.551187636],[135.3419521493,35.5511729688],[135.3420329267,35.5511948884],[135.3420613714,35.551250195],[135.3421564287,35.551211942],[135.3422078432,35.5512235825],[135.3423513709,35.5512999148],[135.3423796981,35.5514097536],[135.3424218116,35.551493636],[135.3424089202,35.5515579156],[135.3424302808,35.5516041949],[135.3424174803,35.5516458614],[135.3423859747,35.5516677804],[135.3423987245,35.5517125552],[135.3424673375,35.5517926089],[135.3424872334,35.5518550869],[135.3425629008,35.5518703568],[135.3427335632,35.5518383033],[135.3429039,35.5518327536],[135.3429660924,35.5518497805],[135.3429605406,35.5519068882],[135.3429930964,35.5519464474],[135.3431973373,35.5518961954],[135.3432723966,35.5518608072],[135.3432916432,35.5517848344],[135.3433383755,35.5517778879],[135.3433687643,35.5518120234],[135.3434163392,35.5517920872],[135.3434429533,35.5517475277],[135.3435000353,35.5517014205],[135.3435571172,35.5516647805],[135.3436072851,35.5516567529],[135.3436325387,35.5516962758],[135.3436871175,35.5518875817],[135.3437594512,35.5519315009],[135.3438344847,35.5518211414],[135.3438457808,35.5517718068],[135.343830865,35.5517210874],[135.343807143,35.551680384],[135.343696364,35.5515787174],[135.343638453,35.5515530872],[135.3436348992,35.5515135823],[135.3436086729,35.551485141],[135.3435660141,35.5514830231],[135.3435354824,35.5515056634],[135.3435111253,35.5514517171],[135.343562512,35.5514126898],[135.3436471686,35.5514018069],[135.3437250419,35.5514177172],[135.3439052356,35.5515443572],[135.3439365593,35.5515403841],[135.3438953921,35.5513961947],[135.343901981,35.5513056634],[135.3439963137,35.5514116363],[135.3441178695,35.5513550496],[135.3441430308,35.5512714472],[135.3440875324,35.5511930874],[135.3440852364,35.5510283843],[135.3439988684,35.5509894466],[135.3439815656,35.5509601408],[135.3441392833,35.5507416093],[135.344130839,35.5507093844],[135.3441536409,35.5506850866],[135.3442140046,35.5506967533],[135.3442318383,35.5506599148],[135.3441975578,35.550656195],[135.3441617079,35.5506714197],[135.3441224863,35.5506539956],[135.3441212804,35.5506101679],[135.3441500092,35.5505769689],[135.3442137322,35.5505558881],[135.3442958201,35.5505914736],[135.3442393996,35.5505315816],[135.3443142629,35.5504256358],[135.3441936795,35.5503892758],[135.3441509826,35.5502957533],[135.3441733162,35.5502338613],[135.3441612543,35.5501981139],[135.3442257815,35.55015869],[135.3442217858,35.5501056902],[135.344087532,35.5501079146],[135.3440283752,35.5500465816],[135.3440480378,35.5499606896],[135.3441194771,35.5498441945],[135.3441206958,35.549803168],[135.3441674796,35.5497873032],[135.3441721228,35.5497587532],[135.3441269734,35.5497495822],[135.3441236152,35.5497285548],[135.3441367802,35.5496830232],[135.3441807347,35.5496646093],[135.3441733423,35.5495808343],[135.3442464288,35.549518663],[135.3442829786,35.5494175548],[135.3442510861,35.5493125544],[135.3442335884,35.5493072223],[135.3441988675,35.5493591409],[135.3441575968,35.549347195],[135.3441656245,35.5492433834],[135.3442194764,35.5491857172],[135.3442156507,35.5491680502],[135.3441449771,35.549123303],[135.3441773626,35.5489664736],[135.3442185684,35.5489055008],[135.3442304497,35.5488405548],[135.3442778943,35.5488235281],[135.3443008124,35.5487848874],[135.3442190359,35.54880705],[135.3441900873,35.5487573297],[135.3441409296,35.5487257802],[135.3440472587,35.54843233],[135.3440290617,35.5483231677],[135.3440346772,35.5482319685],[135.344121903,35.54809669],[135.3441019802,35.5479965545],[135.3441185292,35.5479338873],[135.3441388416,35.547940942],[135.3441775963,35.5478939146],[135.3441804498,35.5478566358],[135.3441404242,35.5478435816],[135.3441391526,35.5477528335],[135.34418678,35.5476590866],[135.3441925375,35.5474698333],[135.3442641461,35.5472486626],[135.344233952,35.5472043294],[135.3442180111,35.5472103567],[135.3442177904,35.5471591674],[135.3442661694,35.5470535273],[135.3443015398,35.547015168],[135.344369231,35.5469922491],[135.3443257541,35.5468589683],[135.344400981,35.5467233565],[135.3442754565,35.5463450862],[135.344229697,35.5461258065],[135.3441608123,35.5459452483],[135.3441014485,35.5456116086],[135.3440457029,35.5455216899],[135.3438427841,35.544952474],[135.3438553137,35.5447683836],[135.3439182048,35.5445767162],[135.3440190348,35.5444758602],[135.3442556506,35.5442962488],[135.3445383742,35.5441265277],[135.3453226148,35.5437723019],[135.3460047028,35.5434255545],[135.3466505011,35.5431696354],[135.3471275569,35.543012329],[135.3475315138,35.5429345536],[135.3482079202,35.5429411942],[135.3484506191,35.5429901938],[135.3497237828,35.5433533556],[135.3502417854,35.5434496347],[135.3505045361,35.5435555266],[135.3506265847,35.543584752],[135.3507735625,35.5436714461],[135.3509839783,35.5437554186],[135.3514047304,35.5439862753],[135.3519153399,35.5443055811],[135.3524832004,35.5447718332],[135.3526267803,35.5449098057],[135.3528248735,35.5451159135],[135.3535863393,35.5460187789],[135.3538141982,35.5462504724],[135.3543136419,35.5466290213],[135.3548141984,35.5471607157],[135.3554597643,35.547763941],[135.3555224485,35.5478677519],[135.3560073381,35.5482631664],[135.3562764821,35.5485496078],[135.3564747834,35.5486872207],[135.356516508,35.5487386351],[135.3565529287,35.5488586345],[135.3566166251,35.5489343283],[135.3568570923,35.5490552206],[135.3569772861,35.5491694455],[135.3573917873,35.549471716],[135.3576043166,35.549540995],[135.3578623201,35.5495818593],[135.3579544858,35.5496407518],[135.3581096476,35.5496856614],[135.3583377541,35.5498210854],[135.3589625661,35.5500866073],[135.3590498677,35.5501043823],[135.3590505043,35.5500938324],[135.3591445641,35.5501244454],[135.3595910364,35.5501550215],[135.3600087004,35.5502382743],[135.3601077022,35.5502463821],[135.36023171,35.5502828327],[135.3603975597,35.5502723282],[135.360622877,35.5503168864],[135.3607947323,35.5504138056],[135.3610580397,35.550596634],[135.3610812303,35.5506546341],[135.3610368984,35.5507240852],[135.3610226177,35.5507842203],[135.3610731237,35.5508014185],[135.3610708932,35.5507882475],[135.3611420596,35.5507668321],[135.3612113728,35.5507964723],[135.36136206,35.5508122477],[135.3615116196,35.5509599672],[135.3615679883,35.5509302472],[135.3615727357,35.5508809673],[135.3616808672,35.5508009137],[135.3617621508,35.5507996882],[135.3618193111,35.550878832],[135.3618180403,35.5510141394],[135.3618426447,35.551110247],[135.3618955619,35.5511124451],[135.3618864832,35.551102994],[135.3619643429,35.5510421397],[135.3620169763,35.5510169399],[135.3620847848,35.5510078325],[135.3622433698,35.5510935266],[135.3623432025,35.5511780851],[135.3624548751,35.5512245537],[135.362590698,35.5512327514],[135.3627082861,35.5512032473],[135.3628817102,35.5511138597],[135.3630093117,35.5511004183],[135.363051788,35.5511277515],[135.3630333964,35.5511239407],[135.3630469242,35.5511560217],[135.3629820346,35.5512177781],[135.3632465093,35.5512624455],[135.3633015423,35.5512890481],[135.3633585321,35.5513496617],[135.363433786,35.5513875534],[135.3636064315,35.5513997157],[135.3638345129,35.5513877781],[135.3639448756,35.5514053017],[135.3640214778,35.551447634],[135.3640812047,35.5514624449],[135.3641458222,35.5514364719],[135.3643055631,35.5514296345],[135.3644048756,35.5514518595],[135.3644751735,35.5515322206],[135.364561128,35.5515628326],[135.364669234,35.5517346073],[135.3647450447,35.5517179672],[135.3648417369,35.5517221659],[135.3651735658,35.5516863279],[135.3653692082,35.5516892471],[135.3654208941,35.5516688858],[135.3654382348,35.5516192203],[135.3654994803,35.5515903012],[135.3655732285,35.5516244448],[135.3656221261,35.5516063014],[135.3656222948,35.5515840483],[135.3656592076,35.5515892739],[135.3656852646,35.5515308317],[135.3657917106,35.5514998318],[135.3659158745,35.5515621388],[135.3659496491,35.551558445],[135.3659675609,35.5514939134],[135.365993151,35.5514968593],[135.3660200638,35.5514798594],[135.3662552644,35.5514630846],[135.3662992863,35.5514889943],[135.3663417627,35.5514850847],[135.366354655,35.5513921929],[135.3663815679,35.5513743276],[135.3664992338,35.5513520483],[135.366653566,35.5514033279],[135.3667967047,35.5514078591],[135.3670613997,35.551478751],[135.3671784037,35.5515383005],[135.3673676525,35.5515954717],[135.3673965885,35.5516184184],[135.3674435396,35.551623085],[135.3674711788,35.551645859],[135.3674693511,35.5516825263],[135.3676028139,35.5517203548],[135.3677058494,35.5517903009],[135.3677882097,35.5518221925],[135.3679024503,35.5519360211],[135.3679691169,35.5520429128],[135.3680514005,35.5520861657],[135.3681137348,35.5521539935],[135.368119117,35.552199715],[135.3680527617,35.5522098322],[135.3680506224,35.5522546066],[135.368157172,35.5522417508],[135.3681780414,35.5522533013],[135.3682876527,35.552367994],[135.3683070683,35.5524252473],[135.3684102847,35.5524704988],[135.3684989871,35.5525812743],[135.3685630082,35.5527138591],[135.3686398955,35.5527114449],[135.3686818674,35.5528317511],[135.3687530081,35.5528166875],[135.3687917368,35.5527883276],[135.3688284039,35.5528541386],[135.3688229826,35.552952085],[135.3687503107,35.5530211932],[135.368786238,35.5531108858],[135.3688567058,35.5530978324],[135.368868092,35.5529808856],[135.368949598,35.55298422],[135.3690243963,35.5529388857],[135.3691732031,35.5529511388],[135.3696277034,35.5531532466],[135.3697319064,35.5532147152],[135.3697745399,35.5532758051],[135.3698372369,35.5532837782],[135.3698784564,35.553371526],[135.3698571463,35.5534189125],[135.3699078986,35.5534734449],[135.3699277041,35.5534792198],[135.3699721265,35.5534566337],[135.3699986762,35.5534739129],[135.3700603752,35.5534694715],[135.370074592,35.5534419394],[135.3700978725,35.5534401655],[135.370213813,35.5534940477],[135.3702065883,35.5535159124],[135.3702402333,35.5535284451],[135.3703011287,35.5534878317],[135.3705986767,35.5536739938],[135.3706078462,35.5536863814],[135.3705298183,35.5536916609],[135.3705308171,35.5537192472],[135.3705942275,35.5537900845],[135.3705772362,35.5538765259],[135.3706635146,35.5538608317],[135.370716706,35.5539000478],[135.37078323,35.5540241661],[135.3710442667,35.5542709666],[135.3710796759,35.5543557776],[135.3711360956,35.5544312464],[135.371142841,35.5544578856],[135.3711288203,35.554474021],[135.3708789882,35.5545716875],[135.3708542672,35.5546171662],[135.3708629833,35.5546876071],[135.3709325681,35.5547165528],[135.3709699867,35.554698634],[135.3710205446,35.5546266067],[135.3711049294,35.5545547504],[135.371135097,35.5545586881],[135.3711335412,35.554618634],[135.3711624261,35.554634994],[135.371189455,35.5546036879],[135.3712013745,35.5545628322],[135.3711865372,35.5545276067],[135.3712065112,35.5545105802],[135.3713194287,35.5544997144],[135.3713507908,35.5545094451],[135.3714583144,35.5545965258],[135.3714694025,35.5546623009],[135.3716283786,35.5547144988],[135.3717045145,35.5547957505],[135.3717286253,35.5548443817],[135.3717670165,35.55484458],[135.3718410636,35.5548934452],[135.3718583138,35.5549173277],[135.3717764329,35.5549787506],[135.3717851754,35.5550434986],[135.3719735148,35.5550682742],[135.3720470432,35.5550429671],[135.3723549291,35.5552509937],[135.3725307396,35.5553266335],[135.3726226462,35.5554327508],[135.3726288207,35.5554650476],[135.372747899,35.5555102193],[135.3727782098,35.5555993281],[135.3728068482,35.555618661],[135.3729091569,35.5556401113],[135.3729503499,35.5556909124],[135.3731588983,35.5557644717],[135.3732912066,35.5558985528],[135.3733169521,35.5560226065],[135.3734422965,35.5560878044],[135.3734810128,35.5561856342],[135.373512841,35.5562071657],[135.3735090661,35.556281778],[135.373546822,35.5563613004],[135.3737867843,35.5565265797],[135.3739557599,35.5566120204],[135.3739779254,35.5566409668],[135.3741202607,35.5567210212],[135.3741541778,35.5567552736],[135.374282764,35.5568161653],[135.3744239044,35.5569241656],[135.3746187039,35.5571204983],[135.3746566282,35.5571818045],[135.3746698965,35.5572620847],[135.3749820105,35.5574660847],[135.3750788468,35.5574980202],[135.3751295467,35.5575311119],[135.3751336197,35.5575898854],[135.3751698445,35.5575962196],[135.3752845152,35.5575313543],[135.3753570437,35.5575256071],[135.3755643453,35.557632247],[135.3755896769,35.5576672469],[135.3755606502,35.5576976603],[135.3755839308,35.5577274451],[135.3756918684,35.5577043817],[135.3757238136,35.5576656069],[135.3758008181,35.5576805258],[135.3759217387,35.5577754174],[135.3761027897,35.5578260209],[135.3762727905,35.5579089399],[135.3762621796,35.5580422737],[135.3762818692,35.5581191654],[135.376216629,35.5581397505],[135.3761843462,35.5581796874],[135.3761927124,35.5581954173],[135.3762236464,35.5582017147],[135.3763721538,35.5581560479],[135.3764092875,35.5582470208],[135.3762383412,35.5583701654],[135.3762035945,35.5584406605],[135.3762156564,35.5584665797],[135.3761817912,35.558509418],[135.3761908958,35.5585696606],[135.3762697033,35.558591886],[135.3762725427,35.558782085],[135.3763051499,35.5588310206],[135.3763013245,35.5589130204],[135.3763278737,35.5589306335],[135.376480701,35.5589104445],[135.3765106246,35.5588905798],[135.3765141263,35.5588521931],[135.3764795995,35.5587673819],[135.3764892886,35.5587561658],[135.3765404288,35.5587764443],[135.3765670443,35.5587722463],[135.3766303517,35.5587306607],[135.376656927,35.5587438861],[135.3766815192,35.5588757777],[135.3767224017,35.5589657775],[135.3767731272,35.5590384984],[135.376805008,35.5590499393],[135.3768404548,35.5590196607],[135.3768491848,35.5589874177],[135.3768495477,35.5588574443],[135.3769392617,35.5588635794],[135.3769677568,35.5589722736],[135.3770260968,35.5590188047],[135.377037433,35.5590799664],[135.377076785,35.5590949667],[135.3770929067,35.5590819665],[135.3770987304,35.5590113272],[135.3770582628,35.5588680847],[135.3770760711,35.558832832],[135.3770990933,35.5588238588],[135.3771967595,35.558887994],[135.3772897947,35.5588701929],[135.3774443198,35.5588980204],[135.3775826211,35.5589440843],[135.3776112337,35.558968634],[135.3776567071,35.5590229664],[135.3777378489,35.5592990205],[135.3778514806,35.559511526],[135.3778526217,35.5596327773],[135.3778440748,35.5596406608],[135.3777996509,35.5595784982],[135.37778362,35.5595827502],[135.3777446181,35.5596645522],[135.3777645413,35.5598426067],[135.3778164869,35.5598846877],[135.377906396,35.5598528852],[135.3781109354,35.5600397142],[135.3781182111,35.5600686065],[135.3780756565,35.5601773548],[135.3780704812,35.560446021],[135.3781011818,35.560471526],[135.3782921027,35.5604898855],[135.3783558779,35.5605146335],[135.3783760195,35.5605374717],[135.3782470442,35.5606536065],[135.3782063182,35.5606699935],[135.3781430624,35.5608458856],[135.3781438795,35.5608851923],[135.3781775374,35.5609411654],[135.3782306512,35.5609772193],[135.3782626221,35.5609791112],[135.3782955137,35.5608772193],[135.3783092104,35.5608868589],[135.3783244898,35.5609829393],[135.3784022063,35.5610164177],[135.3784073172,35.5610382464],[135.378350404,35.5610807781],[135.3783545162,35.56110694],[135.3784128804,35.5611473547],[135.3784395478,35.5611518044],[135.3784705983,35.5611310481],[135.3785052026,35.5610780473],[135.3786032972,35.5610899129],[135.3785688221,35.5611263274],[135.3785640361,35.5611995798],[135.3786387695,35.5613368853],[135.3786683163,35.561365886],[135.3786950731,35.5613599126],[135.3787190159,35.5613016063],[135.3787436208,35.5612851658],[135.378768316,35.5612730209],[135.3788044635,35.5612959127],[135.3788340744,35.5614591389],[135.3789015711,35.5614324446],[135.3789355919,35.561438751],[135.3789394573,35.5614980848],[135.3789796003,35.5615541658],[135.3790134907,35.5615831113],[135.3790880944,35.5615922199],[135.379192765,35.5617235526],[135.3792341006,35.5618973815],[135.3792680955,35.5619219666],[135.3793614032,35.5619414714],[135.3793765384,35.5619644451],[135.3793600935,35.5620244991],[135.3793791846,35.5620394448],[135.3794308709,35.5620145796],[135.3794619088,35.562026085],[135.3794952676,35.5620035529],[135.379510158,35.5620184986],[135.3795508449,35.5620204179],[135.3795566817,35.5619635794],[135.3795856306,35.5619593009],[135.3796094312,35.5619339938],[135.3796275642,35.561942021],[135.3796197948,35.5619769669],[135.3796538795,35.5620060844],[135.379732181,35.5619933273],[135.3797903775,35.5619445794],[135.3797726485,35.5618796876],[135.3797973168,35.5618710478],[135.3798433221,35.5618870846],[135.3798788743,35.5618687776],[135.3798684327,35.5618188852],[135.3799160196,35.5617718043],[135.3800463452,35.5618233002],[135.3800395739,35.5618591652],[135.3800554633,35.5618863548],[135.3801193544,35.5619392469],[135.3802252027,35.5619608859],[135.3802799235,35.5619576338],[135.3803127647,35.5620060206],[135.3803437119,35.5620131383],[135.3804178232,35.5620021655],[135.3804706249,35.5619630478],[135.3804846582,35.5618018589],[135.3805391589,35.5618170206],[135.3805512084,35.5617856066],[135.3805225441,35.5617539122],[135.3804690423,35.5617386871],[135.3804523759,35.5616817149],[135.3804867343,35.561674859],[135.380559263,35.5617111117],[135.3805829067,35.5617077142],[135.3806037633,35.5616351653],[135.380625372,35.5616204172],[135.3806518703,35.5616458855],[135.3806862155,35.5616443277],[135.3807031542,35.5616759663],[135.380721403,35.5616699397],[135.3807291195,35.5616436602],[135.3807026871,35.5615963006],[135.3807846195,35.5615248857],[135.3808164606,35.5615609121],[135.3808582645,35.5615611385],[135.3808929331,35.5615130841],[135.3809422982,35.5615072191],[135.3809875117,35.5614812195],[135.3810189002,35.5614296337],[135.3810723236,35.5614553276],[135.3811302366,35.5614381382],[135.3811943726,35.5614603546],[135.381202207,35.5614183007],[135.3811713252,35.5614032731],[135.3811929334,35.5613770847],[135.3812560201,35.5613931654],[135.3813107933,35.5613698314],[135.3812727915,35.561436246],[135.3812994831,35.5614486336],[135.3813370709,35.5614373817],[135.3813416753,35.5614006338],[135.3813652033,35.5614104173],[135.3814112599,35.5614009936],[135.381545787,35.5613229128],[135.3815694048,35.5613230204],[135.3815831018,35.5613476062],[135.3816335688,35.5613417501],[135.3816662146,35.5612708858],[135.3816525962,35.5612340472],[135.3816066565,35.5612119127],[135.3815941271,35.5611750472],[135.381621066,35.5611454716],[135.3816213254,35.5611129938],[135.3815747098,35.5610461657],[135.3816019351,35.5609929396],[135.38171807,35.5609391924],[135.3817622336,35.5609034442],[135.3817700928,35.5608562462],[135.3818077584,35.5608362459],[135.3819053719,35.5608235791],[135.3820193539,35.5609056601],[135.3821303523,35.5609605791],[135.3821946577,35.5609599937],[135.3822067345,35.5609241927],[135.3822293543,35.5609111657],[135.3822483425,35.5609489124],[135.3822879009,35.5609560845],[135.3823384855,35.5609187501],[135.382337732,35.5608879932],[135.3823819349,35.5608505522],[135.3823492368,35.5607829665],[135.3823602101,35.5607479395],[135.3824087704,35.5607009662],[135.3824526874,35.5607011921],[135.3825408977,35.5607900839],[135.3826154888,35.5609884984],[135.3826655407,35.5610229122],[135.3826578229,35.5610526063],[135.3826685757,35.5610596876],[135.382757706,35.5610278044],[135.3827982901,35.5610463813],[135.3828485756,35.5610474716],[135.3828793807,35.5610861927],[135.3829182639,35.5610505252],[135.3829986787,35.5610351654],[135.3830429071,35.5609950842],[135.3830379528,35.5609503543],[135.3830800675,35.5609102731],[135.3831284334,35.5608886334],[135.3831680187,35.5608931652],[135.3832122593,35.560846138],[135.3832486791,35.5608454446],[135.3832913772,35.5608718848],[135.3832675648,35.5608971925],[135.3832921298,35.5609192189],[135.3833329076,35.5609106598],[135.3833641532,35.5608757769],[135.3834221551,35.5608647145],[135.3834138803,35.5608225789],[135.3834387699,35.5607981925],[135.3835029337,35.5608038315],[135.3835418707,35.5607602193],[135.3835859048,35.5607428578],[135.3835681473,35.5606831926],[135.3835719091,35.5606105521],[135.3835969026,35.5605730206],[135.3836215711,35.5605643808],[135.383664204,35.560457714],[135.3836733481,35.5603727775],[135.3836993151,35.5603509933],[135.3838886533,35.5603879123],[135.3839567082,35.5604469394],[135.3840704564,35.5604317502],[135.3840906777,35.5604414981],[135.3840978758,35.5604792195],[135.384078433,35.5605114714],[135.3841010658,35.5606264444],[135.3840972394,35.5607078847],[135.3841398984,35.5607404709],[135.3841492372,35.5607737775],[135.3842831281,35.5607779659],[135.3843434529,35.5607344708],[135.3844428438,35.5607648309],[135.3845517149,35.5608240471],[135.3845793549,35.5608601647],[135.3845694572,35.5608846333],[135.3844144642,35.5609705523],[135.3844108969,35.5610195787],[135.3844610926,35.5610452465],[135.3844882902,35.5611259663],[135.3845256319,35.5611472464],[135.38462637,35.5611424443],[135.3846677972,35.561194381],[135.3847254882,35.5612227144],[135.384840898,35.5611181113],[135.384928679,35.5609898585],[135.3850514299,35.5609098848],[135.3850464354,35.5608564169],[135.385027265,35.5608387504],[135.3849351776,35.5608330473],[135.3848892635,35.5608091917],[135.384876592,35.5607924715],[135.3849221034,35.5607269656],[135.384858264,35.5606635519],[135.3849477065,35.5605939661],[135.3850316229,35.5605549123],[135.3850435691,35.5605348852],[135.3850029595,35.5605232189],[135.3850008712,35.5605066329],[135.3850429857,35.5604691649],[135.3850420128,35.5604516868],[135.3850014291,35.5604364981],[135.3849788483,35.5604452191],[135.3849119356,35.5605132189],[135.3848863967,35.5604902731],[135.384880287,35.5604542726],[135.3848845946,35.5604368044],[135.3849566569,35.5604074438],[135.3849987701,35.5603646604],[135.3849936216,35.5603313537],[135.3849551518,35.5603276601],[135.3849380701,35.5603100836],[135.3849695999,35.5602568039],[135.3849517146,35.5602146059],[135.3850424533,35.5601205246],[135.3850979274,35.5601497497],[135.385125787,35.5601402192],[135.3851389639,35.5601069392],[135.3851304303,35.5600955519],[135.3851015716,35.5600918849],[135.3850843476,35.5601066598],[135.3850779274,35.5600978846],[135.3851127137,35.5600358853],[135.3851139328,35.5600183805],[135.3850852038,35.559993714],[135.385020897,35.5599960198],[135.3849992118,35.5600317766],[135.3849422339,35.5600542997],[135.3849263191,35.5600314174],[135.3849577063,35.5599938848],[135.3850588222,35.5599427501],[135.3850665917,35.5599051375],[135.3850464353,35.5598734713],[135.3850583814,35.5598534443],[135.3852273692,35.5597517136],[135.3852481472,35.5596888307],[135.3852643212,35.5596809657],[135.3853158265,35.5596689661],[135.3853629855,35.5596753268],[135.3854076296,35.5597219931],[135.3854359817,35.5597948848],[135.3855223501,35.5598513805],[135.3855469802,35.5598488848],[135.3855545948,35.5598348577],[135.3855292116,35.5597909387],[135.3855807026,35.5597789389],[135.3856205477,35.559751111],[135.3856006773,35.5596932191],[135.3856675643,35.5596295787],[135.3856590943,35.5596111376],[135.3856003133,35.5595950839],[135.3855826479,35.5595266598],[135.3855108972,35.5595166332],[135.3855025709,35.5594972996],[135.3855647359,35.5594880835],[135.385580313,35.5594109927],[135.3855429333,35.5593976332],[135.3854817144,35.5594113808],[135.3854797049,35.5593973271],[135.3855015199,35.5593440842],[135.3855043212,35.5592661108],[135.3856155401,35.5591483273],[135.3857952418,35.5590467766],[135.3858542038,35.5590366057],[135.3859613252,35.5590511379],[135.3859828437,35.5590319392],[135.3859929589,35.5589662725],[135.3860404298,35.5589315517],[135.3860961509,35.5589283264],[135.3861042955,35.5589756864],[135.3861257357,35.5589845515],[135.3862427137,35.5589483539],[135.3862919873,35.5589555516],[135.3863043477,35.5588802462],[135.3862871754,35.5588758574],[135.3862333483,35.5589175784],[135.3862056574,35.5588920196],[135.3862187049,35.558872885],[135.3863896786,35.5587852458],[135.3863785754,35.5586931644],[135.3864379279,35.5586338848],[135.3865021037,35.5586526598],[135.3865504299,35.5586353541],[135.3865921029,35.5586557497],[135.3866092369,35.5586488035],[135.3865927392,35.5585690471],[135.3866573698,35.5585272728],[135.3867365651,35.5585425519],[135.3867958779,35.5584885783],[135.3868247627,35.5584913536],[135.3868142692,35.55860866],[135.3868704824,35.5586711379],[135.3869444252,35.5586688846],[135.3869904049,35.5586849113],[135.3870268761,35.558675444],[135.3871274088,35.5586996594],[135.3872090681,35.55866502],[135.3872888748,35.5586023268],[135.3872860724,35.5585506593],[135.3872136476,35.5584968308],[135.3871194311,35.558485831],[135.3871120641,35.5584673803],[135.387135853,35.5584464975],[135.3871242044,35.5584227493],[135.387078121,35.5584208033],[135.387083738,35.5583954167],[135.3871322073,35.5583579659],[135.3871696009,35.5583722183],[135.3872188746,35.5583628303],[135.3872385368,35.558314714],[135.3872072909,35.5582033266],[135.3871764613,35.5581663803],[135.3871740106,35.5581266326],[135.3871358527,35.5580541377],[135.3873469807,35.5578635787],[135.3873919353,35.5577856598],[135.3875528431,35.5577003808],[135.3876641275,35.5576755516],[135.3879774087,35.5576461377],[135.3880514032,35.5576619115],[135.3881453461,35.5576369659],[135.3882463962,35.5576354974],[135.3883053206,35.5576482453],[135.388358576,35.557693137],[135.3883422339,35.5578682722],[135.3883645424,35.5578964163],[135.3884543478,35.5579222995],[135.3884812346,35.5579118844],[135.3885534527,35.5578422185],[135.388628654,35.5578180834],[135.3886556837,35.5577866597],[135.3886347108,35.55773311],[135.388675683,35.5576973539],[135.3886416495,35.5576612994],[135.3886514556,35.5576315245],[135.388733375,35.5575802722],[135.3887270454,35.5575557498],[135.3887685118,35.5574551648],[135.3887249574,35.5574094436],[135.3886854636,35.5573960833],[135.3887157095,35.5572183803],[135.3889368244,35.557023272],[135.3889884332,35.5569937134],[135.3889983425,35.5569657138],[135.3890803526,35.5568872727],[135.3891061765,35.5568699115],[135.3891704305,35.5568772722],[135.3891976555,35.5569562722],[135.3892571234,35.5570231102],[135.3892524539,35.557073019],[135.3892652423,35.5570906597],[135.3893229592,35.5571005787],[135.3894276297,35.5570012456],[135.3894409363,35.5569460462],[135.3893521031,35.5567923799],[135.3893534522,35.5567599382],[135.3893717667,35.5567451646],[135.3893889268,35.5567346865],[135.3894915976,35.5567693802],[135.3895643991,35.5567671375],[135.3896139843,35.5567306053],[135.3896350483,35.5566749926],[135.3896673695,35.5566585781],[135.3898722985,35.5566186866],[135.3900160463,35.5565548846],[135.390140846,35.5565507494],[135.3903970192,35.5566478574],[135.3907669552,35.5567504161],[135.3912394054,35.556911245],[135.391373103,35.5569381644],[135.3915011572,35.5569830835],[135.3917427662,35.557110019],[135.3921538414,35.5574346055],[135.3925111315,35.5576075781],[135.3928630381,35.5577185242],[135.3931841285,35.5577954973],[135.3936307686,35.5578531644],[135.3938629082,35.5579349921],[135.3940982653,35.5580551636],[135.3943978765,35.5581558299],[135.3950937638,35.5583206593],[135.3956162684,35.5583814156],[135.3960283172,35.5584766861],[135.396137824,35.5585108567],[135.3964731039,35.5586656861],[135.3968003145,35.5589234968],[135.3973757371,35.5592435506],[135.3976329345,35.559424578],[135.3983445179,35.5598630187],[135.3979055421,35.5602754971],[135.3978766322,35.5602607487],[135.3976177601,35.5605090459],[135.3976720658,35.5605480826],[135.3982871246,35.5599766047],[135.3984105755,35.5600494153],[135.3989124043,35.5604728572],[135.399025127,35.560577992],[135.3992393826,35.5608264968],[135.399397851,35.5610229647],[135.3994787072,35.5611550455],[135.3998712364,35.5619626587],[135.3981295764,35.5625767491],[135.3981501866,35.5626113529],[135.3997709384,35.5620436318],[135.3998807042,35.5623345242],[135.3999157117,35.562479551],[135.399871678,35.5632051908],[135.3993484618,35.5631909647],[135.3989220662,35.5638761367],[135.398018021,35.5642762453],[135.3980128451,35.5642892181],[135.397479511,35.5638282723],[135.3976548163,35.5626925237],[135.3975810678,35.5626836859],[135.397405763,35.5638376593],[135.3980579951,35.5644064427],[135.3979625982,35.5644761644],[135.3978543231,35.5646023531],[135.3978290969,35.5647427764],[135.3977773197,35.5647326865],[135.3977494338,35.5647433529],[135.3976922618,35.5648071639],[135.3976262179,35.5649380829],[135.3976184096,35.5650070836],[135.3975253744,35.565027326],[135.3975155946,35.5650490191],[135.3975287339,35.565064857],[135.3975902125,35.5650759654],[135.3976218466,35.5651944972],[135.3975289931,35.5651920466],[135.397495102,35.5652076323],[135.3974948813,35.5652382995],[135.3975284616,35.5652621644],[135.397506516,35.5652896322],[135.3974355941,35.5652577496],[135.3972931041,35.5652698305],[135.3971691875,35.5653934976],[135.3971075664,35.5654000462],[135.3970890961,35.5654492455],[135.3971351795,35.565571803],[135.3970852969,35.5656337492],[135.3970851538,35.5656544702],[135.3971055421,35.5656683803],[135.3972659315,35.5656701638],[135.3973232084,35.565596443],[135.3973357116,35.5655462179],[135.3974034283,35.5655189653],[135.397529901,35.5655422183],[135.3976173721,35.5656294702],[135.3977018202,35.5656230462],[135.3977973456,35.5659204429],[135.3978455686,35.5659314975],[135.3979168266,35.5659200193],[135.3979467106,35.5659487493],[135.3979928842,35.5659584434],[135.3979212633,35.5659743266],[135.3978315738,35.5660192186],[135.3978266586,35.566042884],[135.3978840389,35.5661122184],[135.397883883,35.566133938],[135.3978096806,35.5662154166],[135.3978102652,35.5662854706],[135.3978331307,35.5662963806],[135.3978584615,35.5663024706],[135.3980389032,35.5662354163],[135.3980540129,35.566295524],[135.3980742717,35.5663133534],[135.3981165153,35.5663145784],[135.3982712104,35.566120992],[135.3983057116,35.5660205782],[135.3982675671,35.565957299],[135.3982859066,35.5659228571],[135.3984599007,35.5658921909],[135.3985536242,35.5659429379],[135.3985653491,35.5659952995],[135.3985382927,35.5660602455],[135.3985195764,35.5663067488],[135.3985459581,35.5666412185],[135.398565102,35.5666669924],[135.398697683,35.5666834431],[135.3987461267,35.5666659114],[135.3989162436,35.5666647758],[135.3989980466,35.566700686],[135.3990162438,35.5666889922],[135.3990323006,35.5666358029],[135.3990674366,35.5666132454],[135.3990927944,35.5666133799],[135.3991467631,35.5666571104],[135.3992240127,35.5666505512],[135.3992410431,35.5666309654],[135.3992304591,35.5665864975],[135.3993053226,35.5665790196],[135.3993359315,35.5665249113],[135.3993482149,35.5663316325],[135.3993185394,35.5662692719],[135.3993273458,35.5662141643],[135.3994004595,35.5664374435],[135.3994280213,35.5664701105],[135.3995169571,35.5665139114],[135.3995495506,35.5665062182],[135.3995790966,35.566436326],[135.3995438832,35.5663059112],[135.3994758288,35.5662001098],[135.3994478516,35.5660746859],[135.3993425468,35.5659656324],[135.3993479561,35.565876884],[135.3992975151,35.5658490462],[135.3993076057,35.5657840191],[135.3992343234,35.565746164],[135.3991933511,35.56575083],[135.3991669044,35.5657767488],[135.3991319379,35.5657308569],[135.3989922101,35.565696632],[135.3989213277,35.5656597757],[135.3989613281,35.5656372452],[135.3991195118,35.5656232719],[135.3991523008,35.565588911],[135.3991221057,35.5654398572],[135.3990968532,35.5654219653],[135.399089071,35.5653242177],[135.3990663482,35.565310299],[135.3989998241,35.5653277488],[135.3989712367,35.5652822455],[135.398962106,35.565208218],[135.3990323528,35.5651651103],[135.3990780978,35.5650233802],[135.3990444665,35.5650064434],[135.399003105,35.5650353534],[135.3989745452,35.5650021369],[135.3989495119,35.564955659],[135.3989870482,35.5649409924],[135.398993351,35.5649094704],[135.3989463986,35.5648846324],[135.3989477611,35.5648668839],[135.3990157118,35.5648079917],[135.3990354395,35.5647518569],[135.3991139084,35.5647473797],[135.3991684359,35.564713137],[135.3992516259,35.5647273264],[135.3992715482,35.5646436052],[135.3992547642,35.564632605],[135.3992141039,35.5646403263],[135.3992659067,35.5645883265],[135.3993404325,35.5644585242],[135.3993128453,35.5644464967],[135.3992874364,35.564453299],[135.3991420412,35.5645413534],[135.3991252443,35.5645313527],[135.3990864894,35.5645489383],[135.3990384101,35.5645181367],[135.399047242,35.5644708568],[135.3989746609,35.564456713],[135.3994782406,35.5641632177],[135.3995387335,35.5641835241],[135.3995847644,35.5641826591],[135.3997317942,35.5641107487],[135.399774402,35.5641354701],[135.3998327934,35.5641174701],[135.3998636889,35.5640852718],[135.3998600697,35.564069551],[135.3997841819,35.5640388032],[135.3996623008,35.5640349649],[135.3997263983,35.56399011],[135.3998079562,35.5639988032],[135.3998523784,35.563974443],[135.3998641296,35.5640122447],[135.3999154654,35.5640091643],[135.3999538442,35.5639781912],[135.399888578,35.563916299],[135.4001109,35.5638480826],[135.4001892915,35.5637967131],[135.4002474366,35.5636755242],[135.4003097712,35.563676632],[135.4003882922,35.5636482715],[135.4004682153,35.5635846588],[135.4005067367,35.5635331368],[135.4005989922,35.5635598029],[135.4006263993,35.5635246044],[135.4006215736,35.5634901642],[135.4006498236,35.5634755239],[135.4006887082,35.5635266322],[135.4007568529,35.5635441908],[135.4008920146,35.5634659914],[135.4009129877,35.5634948567],[135.401011159,35.5635282446],[135.4010241555,35.5635439111],[135.4010115739,35.5636045777],[135.4010997717,35.5636394699],[135.4011760744,35.5636456051],[135.4012384874,35.5636336591],[135.4013294341,35.5635692173],[135.4014354661,35.5633570187],[135.4014084102,35.5633462446],[135.4013762182,35.5633584426],[135.4013144014,35.5634237484],[135.4012733511,35.5633948836],[135.4012544925,35.563366019],[135.4012226245,35.5632007489],[135.4011645967,35.5631692714],[135.4011618213,35.5631304156],[135.4011074112,35.5630889381],[135.401103429,35.563059713],[135.4011440388,35.5629671633],[135.401180096,35.562926046],[135.4011551533,35.5628984428],[135.4010186301,35.5628772178],[135.4009789668,35.5628425775],[135.4010044663,35.5628118024],[135.4011176831,35.5628484964],[135.4011470741,35.5628434153],[135.4011494337,35.5628073793],[135.4010761267,35.5627846584],[135.4010677607,35.5627692178],[135.4010997719,35.5627058299],[135.4011457642,35.5627352449],[135.4011519634,35.5627644964],[135.4011812111,35.5627766047],[135.4012107049,35.5627716314],[135.4012234288,35.5627493261],[135.4012153488,35.5627098293],[135.4011674632,35.5626528833],[135.401133935,35.5626354969],[135.4010602122,35.5626557757],[135.4010268786,35.5626147761],[135.4010490703,35.5624619106],[135.4010184099,35.5623449646],[135.4010629873,35.562281632],[135.4011284619,35.5622459105],[135.4012442981,35.5622155507],[135.4012820411,35.5622277489],[135.4013263474,35.5622021635],[135.4013161529,35.5621626318],[135.4012320671,35.5621536584],[135.4012239347,35.5621192721],[135.4012347908,35.5620831908],[135.4012664635,35.5620541364],[135.4013127416,35.562059605],[135.4013674621,35.5620426586],[135.4013780727,35.5620254969],[135.401376127,35.5620066314],[135.4013049074,35.5619719372],[135.4012843497,35.5619151369],[135.4013120668,35.5618075775],[135.4013160485,35.561706191],[135.4014062698,35.5615572714],[135.4014551541,35.5615256857],[135.4015664892,35.5615085777],[135.4016381883,35.5614790188],[135.4018712104,35.5613509109],[135.40225077,35.5612359644],[135.4026479034,35.5612491368],[135.4027799264,35.5612806855],[135.4028386813,35.5613599377],[135.4028461527,35.5614849917],[135.4028733771,35.5615457124],[135.4029167631,35.5615850451],[135.403235323,35.5616921903],[135.4033698234,35.5617178024],[135.4035838176,35.5617216582],[135.4038686034,35.5617876041],[135.4039727161,35.5618497755],[135.4040615741,35.5619286316],[135.4041407052,35.5620126585],[135.4041901874,35.5620960187],[135.4042502127,35.5621374423],[135.4042844676,35.5622041096],[135.4045259075,35.5622695775],[135.4046084103,35.5623136853],[135.4046223271,35.5623441367],[135.4045947127,35.562421523],[135.4045942335,35.562484523],[135.4046229097,35.5625335236],[135.4047696815,35.5626874963],[135.4047984616,35.5627478294],[135.4049554908,35.5629367483],[135.4050851018,35.5630549911],[135.40510793,35.5631772444],[135.4051369568,35.5632199369],[135.4052865164,35.5633111637],[135.4053673201,35.5634074693],[135.4054988773,35.5635071899],[135.4055694338,35.5636464422],[135.4056176837,35.5636839916],[135.4057483197,35.5637412445],[135.4057928467,35.5637901364],[135.4058884883,35.5639267124],[135.4059077091,35.5640118022],[135.405940408,35.564051631],[135.4060421586,35.5641220825],[135.4061467633,35.5642370822],[135.4061491237,35.564303964],[135.406263158,35.5644293524],[135.4063410691,35.5645732447],[135.4066747659,35.5648293524],[135.4068601231,35.5649322981],[135.4070397074,35.5651113795],[135.4072067115,35.565202604],[135.4072571785,35.5652097125],[135.4072969578,35.5652333249],[135.4073449865,35.5653032444],[135.4074563231,35.5653584149],[135.4075462704,35.5654426856],[135.4076345724,35.5654678298],[135.4076863225,35.5655244154],[135.407747438,35.5655566314],[135.4078185792,35.5656768564],[135.4078388519,35.5657857481],[135.4078707057,35.5658030181],[135.4079191632,35.5657708291],[135.4079485793,35.5657759104],[135.4080420158,35.5658516312],[135.4080938448,35.5659268025],[135.4080861795,35.5660095235],[135.4081023283,35.5660516041],[135.4081857916,35.566192712],[135.4082709916,35.5662764964],[135.408352042,35.5663242172],[135.4083927171,35.5664061903],[135.4084300446,35.5664283526],[135.4084496817,35.5664587486],[135.4084342735,35.566575829],[135.4084898502,35.5666245235],[135.4084893576,35.5666904962],[135.4085095518,35.566721964],[135.4086236249,35.5668076042],[135.4086507968,35.5668666855],[135.4086864394,35.5668937483],[135.4087712125,35.5669156853],[135.408895492,35.5671034153],[135.4089357388,35.5671229102],[135.4090593188,35.5671034154],[135.4093328213,35.5671599099],[135.4094503559,35.567168964],[135.4097944293,35.5672742979],[135.4098730413,35.5673411365],[135.4100117443,35.5673980448],[135.4101435475,35.5675385775],[135.410187322,35.5675568291],[135.4102718749,35.56756319],[135.4103200971,35.5675921905],[135.4103415506,35.567736325],[135.4103198761,35.5678048297],[135.4103333782,35.5678442713],[135.4104067129,35.5678753524],[135.4104279317,35.5679023252],[135.4104262193,35.5679692177],[135.4104923283,35.5680862715],[135.4105210184,35.568085496],[135.4105652725,35.5680392169],[135.4106078793,35.5680496044],[135.4106355444,35.568067658],[135.4106377365,35.5681137478],[135.4107100454,35.5681537482],[135.41080382,35.5681704421],[135.4109392416,35.5682952176],[135.4110786582,35.5683781094],[135.4111433789,35.5684580186],[135.4112235213,35.5686308292],[135.4111872699,35.5687449643],[135.4112210704,35.5688735499],[135.4111185163,35.5689441898],[135.4111066343,35.5689715236],[135.4112211869,35.5690121906],[135.4112599023,35.5690999103],[135.4113007715,35.5691099375],[135.4113675174,35.5690646585],[135.41144596,35.5690626042],[135.4115366353,35.5691413788],[135.4115560508,35.5691718562],[135.4115069851,35.5693332987],[135.4115227437,35.5693969369],[135.41161705,35.5694298565],[135.411717737,35.5693745502],[135.4117478023,35.5693809912],[135.411765831,35.5694042445],[135.411887608,35.5694543249],[135.4120849624,35.5696034697],[135.4121194875,35.5696199646],[135.4122535218,35.5696223254],[135.4122994618,35.5696458021],[135.412582134,35.5698691898],[135.412656181,35.5699729372],[135.4126628861,35.5700381364],[135.4126978284,35.5700874423],[135.4127810708,35.5701224696],[135.4128921606,35.5701402981],[135.4131562204,35.5702355231],[135.4131982178,35.5702419371],[135.4132349625,35.5702237126],[135.4133551823,35.5700945234],[135.4134301237,35.570101469],[135.4134592426,35.5700906851],[135.4134909669,35.5700362172],[135.4135255454,35.5700126045],[135.4136114866,35.57001491],[135.4136841587,35.5700942175],[135.4137134053,35.5700934692],[135.4137976085,35.5699215235],[135.4137415515,35.5698641092],[135.4137146632,35.5697989101],[135.4137662981,35.5697241634],[135.4138785801,35.5697429099],[135.4139354037,35.5697239914],[135.4139834055,35.5699487478],[135.4140291903,35.5699659099],[135.4140581525,35.5700023787],[135.4140827447,35.5699150821],[135.4141568548,35.5698279911],[135.4141743526,35.5697262173],[135.4142293204,35.5697203524],[135.4142265965,35.5696718561],[135.4142765708,35.5695829639],[135.414340967,35.5695723521],[135.4143542739,35.5696549907],[135.4144065967,35.5696934694],[135.414444184,35.5696979641],[135.4145181527,35.56967419],[135.4145077115,35.5696241897],[135.4145609418,35.5695866041],[135.4145204618,35.5695104154],[135.414572718,35.5694709907],[135.4145780229,35.5694072173],[135.4146062199,35.5693841898],[135.414696492,35.569396163],[135.4147988796,35.5694386578],[135.414860241,35.5694812435],[135.4150288274,35.5694953786],[135.4150826014,35.5694422981],[135.4150741328,35.5693646307],[135.4150910194,35.5692866582],[135.4150803186,35.5691953792],[135.4150292946,35.5691277116],[135.4150321866,35.5691089906],[135.4151109019,35.5690688017],[135.4152687759,35.5690275771],[135.4152971542,35.5689736305],[135.4155312396,35.5687939366],[135.4155829388,35.5687727481],[135.4156883469,35.568764604],[135.4157375178,35.5687075231],[135.4157738205,35.5686892173],[135.4158122127,35.5686902173],[135.4158940408,35.5687252166],[135.4161005136,35.5686559908],[135.4163031856,35.5686402978],[135.4164006041,35.568609937],[135.4165612138,35.5686108289],[135.4168617975,35.568511415],[135.4170433278,35.5684717113],[135.4173756369,35.5685019094],[135.4178828224,35.5686167473],[135.4179797097,35.5686106305],[135.4180791001,35.5686281625],[135.4182041582,35.5685891895],[135.4182473488,35.5685954416],[135.4183494883,35.5685669094],[135.4184467397,35.5685616846],[135.4185785414,35.5685204145],[135.4187464927,35.5684964412],[135.4188323817,35.5684581088],[135.4189399038,35.5684486038],[135.4192721348,35.5683646571],[135.4193282436,35.5683416034],[135.4193988014,35.5682554952],[135.4195057666,35.5682469903],[135.4195638463,35.5682082432],[135.4196107075,35.5681968555],[135.419844496,35.5681655223],[135.4198963507,35.568117351],[135.4199441593,35.5680960445],[135.4201623559,35.5680685224],[135.420428685,35.5679887741],[135.4206524081,35.5679611082],[135.420872382,35.5678991627],[135.4210734965,35.5678695496],[135.4211780494,35.5678249901],[135.4213516812,35.5677807468],[135.4214988281,35.5677084409],[135.4216797358,35.5676636299],[135.422040851,35.5674726299],[135.4225084126,35.5674236842],[135.4226412404,35.5673618552],[135.4228069864,35.5672466303],[135.4228860262,35.5671660806],[135.4229690739,35.5671384409],[135.4230021609,35.567105801],[135.423456934,35.5670853243],[135.4235082705,35.5671439094],[135.4235263508,35.5671423509],[135.4235349891,35.5671247469],[135.4235091912,35.5670609631],[135.4235407728,35.5670266843],[135.4236170252,35.5670086573],[135.4237360518,35.5670079896],[135.4238554042,35.5670872428],[135.4239117978,35.5671008553],[135.4238930688,35.5672491347],[135.423905209,35.5672646026],[135.4240028497,35.5672608282],[135.4241323036,35.5671789628],[135.4241487757,35.5671295759],[135.4241248848,35.5671071077],[135.4241419934,35.5670754412],[135.424130462,35.5670647742],[135.4240864927,35.5670742702],[135.4240824982,35.5670486566],[135.4241285812,35.567038081],[135.4241486068,35.5670141081],[135.4242414611,35.5670002162],[135.4243332124,35.5669622432],[135.4243616028,35.5669571616],[135.4243984909,35.566979882],[135.4245137444,35.5669712157],[135.4245337179,35.5669526571],[135.424527635,35.56691099],[135.4246086853,35.5668981347],[135.4247277123,35.5668526299],[135.4248516549,35.5667994138],[135.4249322653,35.5667406564],[135.4251535488,35.5667265759],[135.4253939645,35.5667866836],[135.4255367919,35.5667586835],[135.4257519673,35.566753216],[135.425854522,35.5667257736],[135.4261686593,35.5666881613],[135.4262982444,35.5665869894],[135.4263756372,35.5665490439],[135.4263967922,35.5665211343],[135.4265344315,35.5664812156],[135.4267945221,35.5665168003],[135.427067907,35.5667157739],[135.4273543798,35.5670435218],[135.4275153003,35.5672818009],[135.427721656,35.5676933503],[135.4278377383,35.5679857735],[135.427833602,35.5680699359],[135.4277474148,35.5681839085],[135.4274664031,35.5682943509],[135.4273199305,35.5683816293],[135.4273199044,35.5684167738],[135.4273953529,35.5684508544],[135.4274641853,35.568435044],[135.4275045743,35.5683856566],[135.4275784139,35.5683503237],[135.427627999,35.5683436023],[135.4277034329,35.5683775754],[135.4277906318,35.5685283511],[135.4278611888,35.5687846834],[135.4278586598,35.5690777109],[135.4278289967,35.5693234676],[135.4277758849,35.5695628007],[135.4276427976,35.5698634135],[135.4275229919,35.5700474406],[135.4273708517,35.5702351079],[135.4272316556,35.5703704405],[135.4270287766,35.5705100168],[135.4269026291,35.5705777467],[135.4267739133,35.5706194136],[135.4263228493,35.5699780813],[135.4252306841,35.570247441],[135.424476079,35.5691834683],[135.4244092179,35.5692120814],[135.4251617731,35.5702744412],[135.425275768,35.5706090167],[135.4251917724,35.5706427738],[135.4251831087,35.5706838549],[135.4252416814,35.5708833243],[135.4253237444,35.5710434407],[135.4253457163,35.571195801],[135.4252828877,35.571387495],[135.4253037189,35.571467711],[135.425253524,35.5715278548],[135.4252505795,35.5715568821],[135.4252739653,35.5715701356],[135.4253777645,35.5715730813],[135.4254807743,35.571655855],[135.4254897365,35.5717129628],[135.4254469868,35.5717962163],[135.4254529138,35.5719270438],[135.4254949637,35.5720325219],[135.4254784142,35.5721699899],[135.4255144056,35.5722746306],[135.4255185815,35.5723880442],[135.4255323832,35.5724164951],[135.4256034585,35.5724404678],[135.4256183494,35.5724746035],[135.425601163,35.5725637477],[135.4254712154,35.572713747],[135.4254841345,35.5727934954],[135.4254379086,35.5728532975],[135.4254341343,35.5729640808],[135.4254503856,35.5730047111],[135.4255769352,35.5729895492],[135.4256000226,35.5730004684],[135.4256615783,35.5731555221],[135.4256919682,35.5731673785],[135.4257423829,35.5731359092],[135.4257984404,35.5731491623],[135.4258017467,35.5731646574],[135.4256785181,35.5732111355],[135.4256602436,35.5732364681],[135.4256603202,35.5733622164],[135.425742603,35.573489684],[135.4257352097,35.5735362434],[135.4256855468,35.5735685491],[135.425584886,35.573576108],[135.4255832397,35.5736679365],[135.4255557686,35.5737287475],[135.4254585178,35.5737817471],[135.4253774669,35.5738068553],[135.4253847957,35.5739090176],[135.4253617208,35.5739267476],[135.4252753276,35.5739459901],[135.42523272,35.5740096033],[135.4252340169,35.5741335492],[135.4252727988,35.5742206301],[135.4251853791,35.5743801088],[135.4251836538,35.5744509638],[135.4251971044,35.5744841083],[135.4252236025,35.574483135],[135.4252757944,35.5744176846],[135.425413654,35.5743643513],[135.4254722149,35.5746768553],[135.4254702435,35.574875522],[135.4255025777,35.5749195766],[135.4255864422,35.5749652162],[135.4256707096,35.5749830178],[135.4257586087,35.5749577474],[135.4258973509,35.5750114955],[135.4260613848,35.5749703511],[135.4261507482,35.5749702438],[135.4262534599,35.5750144682],[135.4264855471,35.5750059902],[135.4265969358,35.5750775492],[135.4266454709,35.5750476841],[135.4267531359,35.5750486576],[135.4270441609,35.5750983512],[135.4270653796,35.5751246847],[135.4270994642,35.5752964682],[135.4272259119,35.5754022431],[135.4272489333,35.5755634414],[135.4273548862,35.5757746839],[135.4276116831,35.5757676028],[135.4276520456,35.5757840174],[135.4276478829,35.5757979635],[135.4277520462,35.575945801],[135.4278103856,35.5759599636],[135.4279184411,35.5759527472],[135.4279839921,35.5760346839],[135.4282276108,35.5761213511],[135.4282309439,35.5762360811],[135.4282631615,35.5763424679],[135.4282153803,35.5764177475],[135.4282170535,35.5765119093],[135.4282831619,35.576578855],[135.4282731617,35.5766621891],[135.4284109445,35.5767885759],[135.4284620461,35.5768149634],[135.4285603858,35.5768327468],[135.4286506591,35.5769210812],[135.4287026044,35.5769285762],[135.4288167681,35.577076909],[135.4288764955,35.577284414],[135.4288409447,35.5773374681],[135.4288367679,35.5774019091],[135.4288637205,35.5775082969],[135.4287859373,35.5776266301],[135.42882372,35.5778280172],[135.4287339919,35.5780985762],[135.4286331625,35.578213017],[135.4284584413,35.5783216307],[135.4283551077,35.5783663517],[135.4283359371,35.5783269096],[135.428177053,35.5783105226],[135.4281012166,35.5782149634],[135.4280762231,35.5782063512],[135.4280020461,35.5782177477],[135.4278787131,35.5781496847],[135.4277262236,35.5781774686],[135.4276817736,35.5782005229],[135.4276548221,35.5782627474],[135.4276767685,35.5784246849],[135.4277267683,35.5784613513],[135.4277251072,35.5784832972],[135.4276689981,35.5785249636],[135.4276545503,35.5785946847],[135.4275376115,35.5786499631],[135.4273631621,35.5787632978],[135.4273234341,35.5788238553],[135.4272364947,35.5788360813],[135.4271603866,35.57890691],[135.4270489982,35.5789624685],[135.4270067679,35.5790046846],[135.4269084415,35.5790019096],[135.4267381551,35.5790958017],[135.426670659,35.5791705226],[135.4265070533,35.5792013519],[135.4264434345,35.5792469101],[135.4262917736,35.5792682981],[135.426169556,35.5793349633],[135.4261717741,35.5793680181],[135.4262167684,35.579389136],[135.4263303861,35.5794046847],[135.4263670533,35.5794310819],[135.4264403858,35.5794391358],[135.4263853805,35.5795046851],[135.4263628892,35.5795774684],[135.4263273248,35.5796224687],[135.4263392711,35.5796430174],[135.4263189979,35.5796566308],[135.4262848223,35.5796619097],[135.4261806587,35.5796310818],[135.4260698288,35.579663018],[135.4260659376,35.5797002442],[135.42618538,35.5798310819],[135.426284822,35.5798844144],[135.4262448218,35.5801277478],[135.4262578833,35.5802688558],[135.4262201009,35.5803235767],[135.4262231619,35.5803605232],[135.4263148218,35.5804563517],[135.4263231626,35.580516631],[135.4263526044,35.5805308019],[135.4264792714,35.5805210821],[135.4266126039,35.5803505224],[135.4266420465,35.5802588559],[135.4267120465,35.5802130179],[135.4267387133,35.5801274683],[135.4268331621,35.5800769097],[135.4269962238,35.5801394146],[135.4272306598,35.5801141357],[135.4272742771,35.5801141357],[135.4273195565,35.5801388555],[135.4274537208,35.58012719],[135.4276028897,35.5800927476],[135.4276042774,35.5800644142],[135.4277367681,35.5800596846],[135.4279756659,35.5799844146],[135.4281684414,35.5798258017],[135.4282895567,35.5797469094],[135.4283409449,35.5796760817],[135.4284506595,35.5796596841],[135.4285170531,35.5796019091],[135.4287212169,35.5795313512],[135.4289153808,35.5795080171],[135.4290564957,35.5795571893],[135.4291645507,35.5796230173],[135.4291967687,35.5797099639],[135.4291578839,35.579744963],[135.4291509447,35.5798696846],[135.4290445505,35.5799321894],[135.4290364958,35.5799932976],[135.4289976116,35.5800382974],[135.4290034348,35.5801058017],[135.4291378841,35.5801780175],[135.429196224,35.5801902432],[135.4293726042,35.5800696842],[135.4294634349,35.5799535766],[135.4294831626,35.580082468],[135.4294459377,35.5802010819],[135.4294851078,35.5803116304],[135.4294592718,35.5803524683],[135.4294795571,35.5805321898],[135.429515381,35.5806055229],[135.4295512168,35.5806202433],[135.4296417745,35.5806091352],[135.4296701012,35.5805996841],[135.4297251073,35.5805205226],[135.429727326,35.5804738555],[135.429786769,35.5804505226],[135.4298114899,35.5804027478],[135.4298667691,35.5802432978],[135.4298701018,35.5801421895],[135.4299028896,35.5800702438],[135.4298992714,35.5798202436],[135.4298448231,35.5796185762],[135.4299134351,35.5796180173],[135.430046224,35.5794760815],[135.4300670534,35.5794352432],[135.4300648225,35.579321081],[135.4301495563,35.579216351],[135.4302812163,35.5791752434],[135.4303751074,35.5790921893],[135.4305262234,35.5790585764],[135.4306345501,35.5789649632],[135.4306456659,35.5789885767],[135.4306837205,35.5790063512],[135.4307303862,35.5790171889],[135.4308062236,35.5790077473],[135.430826496,35.5790235765],[135.4308373261,35.5791424682],[135.4307873254,35.5791844145],[135.4307889984,35.579206351],[135.4308912163,35.5792935764],[135.4309387138,35.5792963515],[135.4309839931,35.5792669092],[135.4310209448,35.5791824682],[135.4311392716,35.5791188552],[135.4311667691,35.5791374685],[135.4312045506,35.5792010809],[135.4312503867,35.5792269088],[135.4312728902,35.5792830173],[135.431259557,35.5793105219],[135.4311756657,35.5793613511],[135.4311420469,35.5794024681],[135.4311195566,35.5794396842],[135.4311264957,35.5794841357],[135.4311573256,35.5795660817],[135.4312178841,35.5795830176],[135.4313006603,35.5796585763],[135.4313928901,35.5796432969],[135.4314020473,35.5796096846],[135.431482605,35.5795532971],[135.4316101015,35.5795294143],[135.4316662232,35.5794896842],[135.4317242779,35.5795327469],[135.4317434344,35.5795677474],[135.4316012167,35.5796544145],[135.431498442,35.5796632969],[135.4314164961,35.5796919093],[135.4313387142,35.579768297],[135.4312884417,35.579783576],[135.4312214901,35.579936909],[135.4312170541,35.5799919096],[135.4312353811,35.5800096847],[135.4311781559,35.5800574686],[135.4311739927,35.5800913514],[135.4312373254,35.5802069096],[135.4313209453,35.5802332971],[135.4314189992,35.5802266307],[135.4314612173,35.5801874687],[135.4314826045,35.5801113513],[135.4315162238,35.5801110817],[135.4317214899,35.5800094139],[135.4317814895,35.5799099635],[135.4318151076,35.5799321894],[135.4318559373,35.5799180175],[135.431963993,35.5797116302],[135.4319806595,35.5796344143],[135.4321017745,35.5796558012],[135.4323006603,35.5797880176],[135.4323259382,35.5798202436],[135.4322609449,35.579884135],[135.4322495567,35.5799196838],[135.4322251085,35.5801813516],[135.4321945506,35.5802510812],[135.4322101023,35.5803391356],[135.4321634347,35.5803821889],[135.432141775,35.5804277476],[135.4321392724,35.5805571892],[135.4321592725,35.5805974684],[135.4322784422,35.5806444144],[135.43233289,35.5807060813],[135.4325701023,35.5807180174],[135.4326770546,35.5806808011],[135.4327001022,35.5806477472],[135.4327170544,35.5805524681],[135.4326770542,35.5804427468],[135.4326581563,35.5804113514],[135.4326209454,35.5803919094],[135.4326239928,35.5802766301],[135.4327273259,35.5803016301],[135.4329039928,35.5803135763],[135.4329614906,35.5802458012],[135.432990102,35.5802752431],[135.4330659385,35.580281081],[135.4332014906,35.5803482975],[135.433307612,35.5803485765],[135.4333273256,35.5803346844],[135.4333270544,35.5803999632],[135.4334564964,35.580554135],[135.4335987138,35.5805982973],[135.4336112174,35.580648576],[135.4337501023,35.5807360812],[135.4338606602,35.5807416301],[135.4338323334,35.5807894141],[135.4338339932,35.5809285758],[135.4338756658,35.5809882972],[135.4339151081,35.5810099631],[135.4339526056,35.5810163515],[135.4339923334,35.5809610811],[135.4340234357,35.5809455225],[135.4341706602,35.580965522],[135.4342442785,35.5809277467],[135.4342876119,35.5809232972],[135.4343909451,35.5809494145],[135.4345567697,35.5808877472],[135.4345906601,35.5809758008],[135.4346331637,35.5810027475],[135.4345848234,35.5810291347],[135.434531217,35.5812452433],[135.4345117752,35.5812582968],[135.4345134353,35.5813024682],[135.4344470545,35.5813252427],[135.4344426057,35.5814208007],[135.4344767691,35.5814513508],[135.4344976125,35.5815616305],[135.4345801026,35.5815758013],[135.4346687143,35.5815044145],[135.4346853815,35.5814724678],[135.4346748236,35.5813946839],[135.4347462244,35.5813088548],[135.4347803869,35.581424963],[135.4348395569,35.5814860813],[135.4349028899,35.5814977473],[135.434904551,35.5815966302],[135.4349512174,35.5816346841],[135.4350139939,35.5816421894],[135.435007884,35.5816669088],[135.4349051082,35.5817155221],[135.434890388,35.581877747],[135.4349828906,35.581916909],[135.4349512171,35.5819966303],[135.4349795579,35.5820555218],[135.4350681561,35.5821130174],[135.435123994,35.5821005219],[135.4351773265,35.5820405223],[135.4352406606,35.582043297],[135.4353514909,35.5819369089],[135.435425109,35.5819974682],[135.4355226058,35.5820377474],[135.4355801028,35.5820402431],[135.4355767693,35.5821221892],[135.435611776,35.582239135],[135.435547613,35.582408855],[135.4355484428,35.582462468],[135.4356076128,35.5825149634],[135.4355917759,35.5825758013],[135.4356701032,35.5826805217],[135.4357528911,35.582747747],[135.4358203882,35.5827591354],[135.4358381571,35.5828121895],[135.4358212176,35.5829366303],[135.4357887146,35.5829924678],[135.4356928913,35.5830921888],[135.4356287151,35.5831294142],[135.4355192725,35.5831724678],[135.435449273,35.5831805218],[135.4353917755,35.5831841356],[135.435156225,35.5831519094],[135.4351520475,35.5831135761],[135.4348120476,35.583033297],[135.4347539938,35.5830319088],[135.4346787149,35.5830741348],[135.4345128901,35.5830727476],[135.4343467696,35.583248017],[135.4343439937,35.5833874679],[135.4343039938,35.5834419096],[135.4343306607,35.5835758011],[135.4342712174,35.5836410816],[135.4342403879,35.5838094142],[135.4342753818,35.583845801],[135.4342623342,35.5839382972],[135.4343089998,35.5840469089],[135.4342509458,35.5840424685],[135.4342253818,35.5840608014],[135.4341295579,35.5841924684],[135.4341403878,35.5842274681],[135.4341639937,35.5842374688],[135.4341523342,35.5843677471],[135.4341920479,35.5844105224],[135.433991776,35.5845832973],[135.434005109,35.5846577474],[135.433985382,35.5847721894],[135.434013164,35.5848060817],[135.4342431638,35.5848766302],[135.4342784434,35.5848796847],[135.4343456671,35.5848510815],[135.434394279,35.5848560815],[135.4345264964,35.5849377478],[135.434594279,35.5849338555],[135.4346451085,35.5850216307],[135.4345801031,35.5850435761],[135.4344426056,35.5853196847],[135.4344692727,35.5855158014],[135.4347403884,35.5856396841],[135.4347323337,35.5856944146],[135.4347014915,35.5857210812],[135.434697055,35.585769684],[135.4348278848,35.5858680171],[135.4349114911,35.5858816305],[135.4348801033,35.5859221892],[135.4347892726,35.5859746847],[135.4347162253,35.5860974686],[135.4347239935,35.5861202431],[135.4347598315,35.5861360815],[135.4347595583,35.5861558013],[135.4349037216,35.5861794145],[135.4349873276,35.5861346847],[135.4351214908,35.5859791355],[135.4352081567,35.5860699637],[135.435320103,35.5860952435],[135.4352901036,35.5861180176],[135.4352881568,35.5861463512],[135.4353576131,35.5862116304],[135.435390388,35.5862738551],[135.435357613,35.5863130176],[135.4353592735,35.5863677477],[135.435417885,35.5864099631],[135.4353970549,35.5864932974],[135.4353187156,35.586603855],[135.4353126065,35.5866846848],[135.435242334,35.5867266308],[135.4352464967,35.5868335765],[135.4352137226,35.5868596844],[135.4352101035,35.5869999632],[135.4351751088,35.5871477477],[135.4351956671,35.5871869095],[135.4352570555,35.5872088553],[135.4352251091,35.5872460819],[135.4352159392,35.5873105221],[135.435229,35.5873777473],[135.4353190003,35.5874174688],[135.435289558,35.5874585767],[135.4352895587,35.5875144149],[135.4353528916,35.5875780176],[135.4353139946,35.5876082972],[135.4353051098,35.5877138558],[135.4352439946,35.5877288558],[135.4351620485,35.5878174687],[135.4351576129,35.5880610815],[135.4351812189,35.5881105224],[135.4352456669,35.5881421894],[135.4352159393,35.5882069092],[135.4352292732,35.5883344148],[135.4352523344,35.588364964],[135.435200389,35.5884449634],[135.435183994,35.5885030178],[135.4352064972,35.5885699636],[135.4351623341,35.5885777473],[135.4351201038,35.5887263514],[135.4350745523,35.5887316308],[135.4349753823,35.5888352437],[135.4349784436,35.5889208018],[135.4347509468,35.5890949635],[135.4347478857,35.5891527478],[135.434657328,35.5891266304],[135.434544825,35.5891727477],[135.4345178858,35.5892021899],[135.4345159397,35.5892727473],[135.4344684433,35.5892741361],[135.4343417762,35.5893149633],[135.4343245521,35.5893480178],[135.434211777,35.5893527479],[135.4341195581,35.5893832978],[135.434098715,35.589318577],[135.4339012185,35.5893566312],[135.4338334361,35.5893894147],[135.4337564977,35.5894841354],[135.433708157,35.5894977479],[135.4337073279,35.589597469],[135.4337531647,35.5896716311],[135.4337531645,35.5897166311],[135.433688158,35.5897466307],[135.433702607,35.5898710815],[135.4337273277,35.5899041356],[135.4338014917,35.589902748],[135.4338509463,35.589878298],[135.4339120483,35.5899758015],[135.4338923345,35.5900199636],[135.4338981577,35.5900944144],[135.4339409461,35.5901746851],[135.4339051099,35.5902066309],[135.433948157,35.5904008018],[135.4340223347,35.5904321898],[135.4340420488,35.5904941363],[135.4341120484,35.5905166306],[135.4341370561,35.5905955224],[135.4340845528,35.5906802437],[135.4340784438,35.5907471896],[135.4341103889,35.5908110818],[135.4341392734,35.5908341357],[135.434242049,35.5908349634],[135.4342895584,35.5908977479],[135.4343395585,35.5909169096],[135.4345131648,35.5909194152],[135.4345834362,35.5908849637],[135.4346117772,35.590885523],[135.4346698315,35.5909102441],[135.4348292737,35.5909169094],[135.4348845529,35.5909394145],[135.4349601036,35.5909316311],[135.4349948243,35.5909732975],[135.4351701037,35.5910332977],[135.4352687159,35.5910352435],[135.4352937223,35.591021631],[135.4353328918,35.5910577477],[135.4355192734,35.5910858016],[135.4356351097,35.5910821896],[135.4356639949,35.5910352436],[135.435733723,35.5910602442],[135.4359123343,35.5908885768],[135.4358778864,35.5908380181],[135.4359056682,35.590798577],[135.4359912184,35.5907455225],[135.4359620483,35.590684136],[135.435989559,35.5905574688],[135.4359651093,35.5905180177],[135.4359673278,35.5904924688],[135.4359992737,35.5904644143],[135.4359673274,35.5903663516],[135.435897886,35.5902882977],[135.4358581578,35.5902660814],[135.4358942795,35.5901966303],[135.4358778854,35.5901108016],[135.4359803886,35.5901341356],[135.4361342798,35.5901219093],[135.4362573283,35.5901335763],[135.4363056681,35.5901060816],[135.4363884437,35.5901502438],[135.4367176134,35.5901566303],[135.4367467708,35.5901455228],[135.4367678857,35.5901108015],[135.4369192734,35.5901108013],[135.4370042799,35.5900735761],[135.4370659403,35.5900827471],[135.4371237231,35.5900955226],[135.4370892739,35.5901458016],[135.4370951094,35.5902405224],[135.4371426072,35.5902796844],[135.4371981576,35.5902994143],[135.437269274,35.5903608017],[135.4373528921,35.5903605224],[135.4374037231,35.5903338555],[135.4374162257,35.5902499637],[135.4374753834,35.5902044142],[135.4374756676,35.5901644144],[135.4374481574,35.5901158012],[135.4374809471,35.5900496846],[135.437487328,35.5899874683],[135.4376484436,35.5900299636],[135.4376767712,35.5901569097],[135.4376453828,35.5902041357],[135.4376795587,35.5903655226],[135.4377403896,35.5904152439],[135.4379128918,35.5904885765],[135.4379820492,35.5904716305],[135.4380301035,35.5904321898],[135.4381198321,35.5904321899],[135.438230389,35.5903982972],[135.4383201036,35.5904941354],[135.4383890015,35.5904885768],[135.4384509474,35.5904602433],[135.4384648249,35.5903532972],[135.4385995591,35.5902835764],[135.4386362257,35.5902232976],[135.4387614923,35.590227747],[135.4387431653,35.5904094142],[135.4388164979,35.5905008014],[135.4388581587,35.5905280176],[135.4389256683,35.5905349633],[135.4389248249,35.5906316305],[135.4389614919,35.5906858015],[135.4390167711,35.5907082974],[135.4391203889,35.5907027477],[135.4392037232,35.5907302433],[135.4392759405,35.5907291353],[135.4393153832,35.5906971895],[135.4393767716,35.5906902433],[135.4394634376,35.5905560816],[135.4394342804,35.5905094145],[135.4395023349,35.5904763514],[135.4395437231,35.5903971889],[135.4395270564,35.5902994145],[135.4395817775,35.5902455226],[135.4395412193,35.5901335766],[135.4395617767,35.5900263513],[135.4394601045,35.589932747],[135.4396031656,35.589923297],[135.4396948249,35.5900249634],[135.4397551097,35.5900546843],[135.4397573281,35.590103576],[135.4398203892,35.5901713512],[135.4398731649,35.5903341354],[135.4398390013,35.5903385763],[135.4398056678,35.5903713512],[135.4397587158,35.590471909],[135.4397042799,35.5905421891],[135.4397478858,35.5906444145],[135.4396909469,35.5906716308],[135.4396723355,35.590707189],[135.4396723356,35.5908044145],[135.4396295597,35.590874135],[135.439635668,35.5909546847],[135.43966511,35.5909785764],[135.4396145534,35.5910316304],[135.4396145529,35.5910932977],[135.4396514925,35.5911535765],[135.4396928922,35.5911705228],[135.4396445535,35.5912099638],[135.4396309478,35.5912999637],[135.4396723353,35.5914071895],[135.4397153836,35.5914680177],[135.4397951105,35.5914641356],[135.4399006624,35.591436909],[135.4399406628,35.5914074686],[135.4399487159,35.5913519095],[135.4400376145,35.5913113516],[135.4400581586,35.5912494147],[135.4401484444,35.5912471895],[135.4401962269,35.5912999632],[135.4403687168,35.5913621891],[135.4404787165,35.5913158015],[135.440513724,35.5913396845],[135.4406742809,35.5912827474],[135.4407809473,35.5911835759],[135.4407659403,35.5911410814],[135.4408378863,35.5911196841],[135.440864825,35.5910424687],[135.4408484447,35.5909860813],[135.44074956,35.5909463515],[135.440748158,35.590832189],[135.4407964986,35.5908210813],[135.4408931657,35.5909169093],[135.4409620494,35.5909280174],[135.4410967712,35.590810522],[135.4411148255,35.5907813517],[135.4411126077,35.5907382973],[135.4411828926,35.5907138553],[135.4412103893,35.5906744144],[135.4411990018,35.5905744139],[135.4412312192,35.590420801],[135.4411759405,35.5903813513],[135.4412173282,35.5903477471],[135.4412278868,35.5902946846],[135.4411301042,35.5901310811],[135.4410517776,35.5900713509],[135.4411001044,35.5899869091],[135.4410942805,35.5899085764],[135.441107056,35.5898855217],[135.4411898322,35.5899024683],[135.4412837235,35.5899763509],[135.4412920491,35.5900213508],[135.4414451104,35.5902574679],[135.4414037231,35.5902913515],[135.4414367719,35.5904049631],[135.441425111,35.5905385761],[135.4414587165,35.5905785761],[135.4414864981,35.5906013509],[135.4416106622,35.5906180175],[135.4416806628,35.5905094137],[135.4418259409,35.5905366302],[135.4418159401,35.590593017],[135.4418659402,35.5907082969],[135.4418201047,35.5907755226],[135.4418381587,35.5908210813],[135.4420639956,35.590841081],[135.4420509481,35.5909324683],[135.4420678861,35.5909841349],[135.4419876141,35.590987468],[135.4419767714,35.5909988553],[135.4420223358,35.5911427475],[135.4420501042,35.5911574684],[135.4420998326,35.5911513511],[135.4421220501,35.5911944142],[135.4422728924,35.5912719092],[135.4423437232,35.5912632972],[135.4423142805,35.591322747],[135.4423281591,35.5914294137],[135.4423539956,35.5914585764],[135.4423623356,35.5915596839],[135.442403724,35.5917055217],[135.4424445538,35.5917560811],[135.4425062265,35.5917494141],[135.442576772,35.5918008013],[135.4426645539,35.5917655219],[135.4427831661,35.5917508012],[135.4428176146,35.5917113515],[135.4427976147,35.5916563511],[135.442845384,35.5916041355],[135.4428384451,35.591547747],[135.4427831663,35.5914294145],[135.4426659408,35.5913169095],[135.4426520498,35.5912832971],[135.4426659409,35.5912549627],[135.4427073284,35.591254963],[135.442810948,35.5913560811],[135.4428659407,35.5914349629],[135.4429556692,35.5914294142],[135.443031493,35.5913899627],[135.4431695604,35.5913619092],[135.4432037235,35.5912896841],[135.4432317773,35.5912660806],[135.4432867713,35.5912660814],[135.443376499,35.5911930169],[135.443452336,35.5911141348],[135.4434662267,35.5910296836],[135.4435628927,35.5909619087],[135.4436595596,35.5910069089],[135.4437284445,35.5910069087],[135.4437559411,35.5910296843],[135.443880105,35.5909958006],[135.4438870567,35.5909224682],[135.4439628932,35.5908491346],[135.4439934375,35.5907613512],[135.4440148257,35.5907366297],[135.4440837233,35.590708576],[135.4442078867,35.5906971892],[135.444345941,35.5907252428],[135.444663438,35.590860522],[135.4447806627,35.5909394138],[135.4448839961,35.5910410805],[135.4450290019,35.5913224679],[135.4450390018,35.5913941351],[135.4450176151,35.5914349625],[135.4450173287,35.5915496841],[135.4449817781,35.5916402426],[135.4450195599,35.591701909],[135.4449201048,35.591764684],[135.4449217777,35.5919932967],[135.4449548265,35.5920485759],[135.4449534378,35.5921180165],[135.4449978868,35.5922013511],[135.4449862277,35.5922571888],[135.4450303905,35.5922935759],[135.4451009477,35.5923182973],[135.4451495604,35.5922799631],[135.4452417787,35.5922685761],[135.4453176152,35.5923080167],[135.445407329,35.5923024679],[135.4454948267,35.5922724682],[135.4456034382,35.5922685763],[135.4456626086,35.5922066295],[135.4458076157,35.592203855],[135.4458337242,35.5922896837],[135.4459248263,35.5923249632],[135.4460095602,35.5923249633],[135.4460698332,35.5922958006],[135.4462006633,35.5923024681],[135.4462837241,35.5923574675],[135.4463245547,35.592495801],[135.4463906629,35.5925380167],[135.4463948263,35.5925971892],[135.4463234383,35.5926805221],[135.446312608,35.592743855],[135.4463623363,35.5928171891],[135.4463142818,35.5929571893],[135.4462576154,35.5929838548],[135.4462242813,35.5929824676],[135.4461773289,35.592944963],[135.446089833,35.5929582969],[135.4460717782,35.5929910807],[135.4459578878,35.593065243],[135.4458931662,35.5930382973],[135.4458598336,35.5930477472],[135.4457795598,35.5931046837],[135.4457542817,35.5931516299],[135.4457934379,35.5932638549],[135.4458412209,35.5932758006],[135.4458923364,35.5933335764],[135.4459595608,35.5933382968],[135.4459595608,35.5934094141],[135.4460498334,35.5934741347],[135.446052894,35.5935288548],[135.4461592753,35.5935758013],[135.4462567725,35.593640801],[135.446375112,35.5936094136],[135.4464195609,35.5934908008],[135.446525941,35.5935208012],[135.446538718,35.5936080171],[135.4465562271,35.5936269091],[135.4467376161,35.5936682973],[135.4468173293,35.5936177466],[135.446939002,35.5936377467],[135.4470267731,35.5935766299],[135.447145942,35.5935646836],[135.4472287174,35.5935308013],[135.4472287177,35.5934630173],[135.447302894,35.5934166295],[135.4473106633,35.5933746837],[135.4472687171,35.5933508006],[135.4471820502,35.5933677473],[135.4470414935,35.5933360809],[135.4468976159,35.5933391352],[135.4468698339,35.5932996836],[135.4469112206,35.5932658008],[135.4470287177,35.5932658009],[135.4470837242,35.5932885759],[135.4471509485,35.5932910809],[135.447320663,35.5932649633],[135.4473664997,35.5932152429],[135.4473031665,35.5931663505],[135.4473939962,35.5931416296],[135.4474128938,35.5931019089],[135.4475292753,35.5930077471],[135.4475328936,35.592937747],[135.447579561,35.5929321885],[135.4476906633,35.5928210809],[135.4476478876,35.5927460809],[135.4476562278,35.5927252425],[135.4477542813,35.5927277469],[135.4478417782,35.5926544138],[135.4478848265,35.5926638546],[135.4480364999,35.5926469086],[135.4482848264,35.592646909],[135.448450391,35.5926808004],[135.4484734383,35.5927202426],[135.448622894,35.5927838548],[135.448691779,35.5928291348],[135.4487590027,35.5928030168],[135.4487692756,35.592863855],[135.448881494,35.592915522],[135.4489056702,35.5929121884],[135.448900664,35.5929805219],[135.4489348272,35.5930327467],[135.4489892752,35.5930591346],[135.4491201053,35.5931652427],[135.4491937247,35.5931758007],[135.4492139969,35.5932271886],[135.4493914934,35.593333297],[135.4493737245,35.5933830166],[135.4492639968,35.5934932965],[135.4492559424,35.593541081],[135.4492814944,35.5935996833],[135.4493965001,35.5935916295],[135.4495465004,35.5934669087],[135.4496209487,35.593502468],[135.449628446,35.5935594139],[135.449660949,35.593618576],[135.4496284461,35.5936988543],[135.4495201064,35.5937527464],[135.4495273294,35.5939216297],[135.4496070584,35.5939569085],[135.4497106637,35.5938996839],[135.4498173303,35.5938816297],[135.4497239966,35.593983576],[135.4497312212,35.594081351],[135.4497542823,35.5941224677],[135.4497917792,35.5941405212],[135.4499145554,35.5941110805],[135.4499470582,35.5941246836],[135.4499401064,35.5942521887],[135.4497639974,35.5942349627],[135.4497090031,35.5943246838],[135.4497003907,35.5943977466],[135.4498148269,35.5944035754],[135.4498648266,35.5944230164],[135.4498776165,35.5944435756],[135.4498567734,35.594493576],[135.449782894,35.5945466296],[135.4498303916,35.5946127466],[135.4498303915,35.5946846842],[135.4498848269,35.5947894133],[135.4499348276,35.5948124679],[135.4499731674,35.594801081],[135.4500014944,35.5947785759],[135.4500062281,35.5947491344],[135.4500687185,35.5947188549],[135.4501214944,35.5946638543],[135.450183997,35.5947544136],[135.4501853848,35.594788855],[135.4501839975,35.5948216298],[135.4501342821,35.5948549628],[135.4501381606,35.5950080171],[135.4501156701,35.5950791346],[135.4501203917,35.595115522],[135.4501781603,35.5951591352],[135.4501214939,35.5952030168],[135.450142894,35.5952385762],[135.450153167,35.5953430172],[135.4501476166,35.5954921886],[135.4500931672,35.5955032966],[135.449993439,35.5956232971],[135.450020391,35.5958032968],[135.4500506638,35.59582663],[135.4499656699,35.5959344138],[135.4499345554,35.5960663506],[135.4499487178,35.5961044135],[135.4499912217,35.5961385757],[135.449976228,35.5962452431],[135.4499953851,35.5963899627],[135.4500348276,35.5964110807],[135.4500378882,35.5964382971],[135.450015112,35.5965180168],[135.4500909497,35.5965966298],[135.4500665003,35.5966532965],[135.4499623372,35.5966491346],[135.4498739968,35.5966994136],[135.4498556699,35.5967469088],[135.4499242822,35.5968194137],[135.4499565008,35.5968905221],[135.4500087182,35.5969199631],[135.4501462282,35.5969232965],[135.4502226099,35.5969974681],[135.450078161,35.5970835759],[135.4500006649,35.5970805218],[135.4499720513,35.5970941353],[135.4498306642,35.5972199631],[135.4498014944,35.5972846836],[135.4498295616,35.5973130165],[135.4497692764,35.5973363509],[135.4497478881,35.5973599629],[135.44972567,35.5974599632],[135.44976567,35.5975138549],[135.4497092763,35.597555522],[135.4497048277,35.5976146839],[135.4497326092,35.5977824684],[135.4497762289,35.5978410809],[135.4497412215,35.5978632967],[135.4497356707,35.597890801],[135.4497773301,35.597999135],[135.4498195616,35.5980427469],[135.4498567736,35.5980480167],[135.4498556709,35.5981019091],[135.4498953861,35.5981763508],[135.4499917794,35.5983013512],[135.4500439972,35.5982974684],[135.4500367735,35.5983619087],[135.4500665002,35.5983955222],[135.4501442824,35.598433576],[135.4501273305,35.5984991347],[135.4501476162,35.5985630173],[135.450179835,35.5985866297],[135.4502706648,35.598613017],[135.4504170584,35.5986082972],[135.4504590042,35.5985908009],[135.4504914944,35.5986102429],[135.4504914947,35.5986382972],[135.4504314949,35.5986838547],[135.450409004,35.5987474682],[135.4504117794,35.5988427467],[135.4503759429,35.5988799631],[135.4503414948,35.5989699629],[135.4503890034,35.5990224681],[135.4504531678,35.5990169091],[135.4505531678,35.5990469093],[135.4506245558,35.5990427468],[135.4507823376,35.5991163508],[135.4507862287,35.5991785757],[135.45086178,35.5992330167],[135.4508001065,35.5993169093],[135.4508595619,35.5994144138],[135.450965386,35.5993955219],[135.4510151124,35.599317468],[135.4510670594,35.5992888553],[135.4510639975,35.5991838551],[135.4511867741,35.5991560806],[135.4512156707,35.5991977474],[135.4511584472,35.5992774681],[135.451166229,35.5993416298],[135.4512278891,35.5993535761],[135.4512323378,35.599388017],[135.4512106647,35.5994235756],[135.4512517805,35.5994708009],[135.4513176169,35.5995005223],[135.4513717799,35.599479684],[135.4514884475,35.5994680169],[135.451524556,35.5994138547],[135.451580107,35.5993996838],[135.4517028953,35.5993224677],[135.4516976171,35.5992835757],[135.4517226104,35.5992535755],[135.451852895,35.5992249629],[135.4518923382,35.5991677466],[135.4519317799,35.5991580172],[135.4520520523,35.5991852429],[135.4520137257,35.599228576],[135.4520278894,35.5994002425],[135.4520065014,35.5994808008],[135.4520956715,35.5995069088],[135.4522667743,35.5994208008],[135.4522909496,35.5993605215],[135.4523331678,35.5993671888],[135.4524139985,35.5993063513],[135.4525009504,35.5992246837],[135.4524873315,35.5991741352],[135.4526192768,35.5991427467],[135.4527839985,35.5990471887],[135.452804556,35.5990105215],[135.4527687196,35.5989558006],[135.4528403917,35.5989541349],[135.4529006653,35.5988874682],[135.453006229,35.5988299631],[135.4530320525,35.5987746839],[135.4530239977,35.5987452428],[135.4531092774,35.5987369091],[135.4531373311,35.598715243],[135.4532978895,35.5985494135],[135.4532565007,35.598484135],[135.4533723376,35.5984116296],[135.4534845557,35.5984335759],[135.4535076166,35.5985716299],[135.4536195621,35.5986241349],[135.4536790045,35.5986299631],[135.4537834397,35.5985805213],[135.4538253858,35.5985380171],[135.4537956706,35.5984285758],[135.4538367736,35.5983766295],[135.4537698355,35.598267189],[135.4537787188,35.5982213504],[135.4537567746,35.5981802431],[135.4538178887,35.5981066293],[135.4538492774,35.5981149623],[135.4540231677,35.5982852422],[135.45416261,35.5982719089],[135.4541714948,35.5983574677],[135.4541953859,35.5983708008],[135.4543345564,35.5983799625],[135.4543973309,35.5984205218],[135.4544576175,35.5984330164],[135.4545698351,35.5983563507],[135.4546076172,35.5983608005],[135.454703998,35.5984049622],[135.4546406655,35.5984419085],[135.4545820522,35.5985302426],[135.4545720527,35.5985810807],[135.4545914952,35.5986019083],[135.4545314957,35.5986371886],[135.4544565008,35.5987244138],[135.4544303926,35.5988235753],[135.4543931684,35.5988235753],[135.4543392776,35.5988477467],[135.454295943,35.5989205219],[135.4541762288,35.5990432963],[135.4541481608,35.599055243],[135.4541287192,35.5990924681],[135.4541812226,35.5991491345],[135.4542967737,35.5992224678],[135.4543676177,35.5992355213],[135.4545828949,35.5991038546],[135.4545892771,35.5990544136],[135.4546581614,35.5990013506],[135.4547120519,35.5988944134],[135.4548137267,35.5988241347],[135.4548551138,35.5988430163],[135.454830665,35.5989566299],[135.454757617,35.5990430167],[135.4547320522,35.5991338548],[135.4546978895,35.599133017],[135.454645671,35.5992544135],[135.4545651129,35.5993508002],[135.4545676169,35.599412468],[135.45459178,35.599434414],[135.4545359438,35.5994752431],[135.4545212227,35.5995049622],[135.4545537266,35.5997205217],[135.4546248282,35.5997496837],[135.4546259429,35.5998199624],[135.4547953861,35.5999235755],[135.4548259437,35.5999644133],[135.4550190049,35.5999530171],[135.4550453867,35.5999882971],[135.4550492772,35.600029135],[135.4550148286,35.6001374673],[135.4550367749,35.6001613511],[135.4552126106,35.6001016299],[135.4552251131,35.600011351],[135.4552612224,35.5999494134],[135.455221223,35.5998888542],[135.4552331689,35.599859684],[135.4553367749,35.5998508006],[135.455434556,35.5998071889],[135.4555190047,35.5998066294],[135.4556073316,35.5997871884],[135.4556670594,35.5998708007],[135.455765386,35.5998885755],[135.4558967747,35.5998841346],[135.4559201081,35.5999227465],[135.4559823381,35.5999274676],[135.4559948287,35.5999374679],[135.455964829,35.5999941342],[135.4559737264,35.6001008002],[135.455940951,35.6001621889],[135.4559448281,35.6002230164],[135.4558565011,35.6003552426],[135.4558437266,35.6004408008],[135.4559237265,35.600538017],[135.456021223,35.6005624678],[135.4560681616,35.6005627464],[135.4561031689,35.6005463507],[135.4561598361,35.6004616297],[135.4562528952,35.6004116297],[135.4562739982,35.6003744136],[135.4562623384,35.6003391345],[135.456332611,35.6003363508],[135.4563920522,35.6003158009],[135.4564673312,35.6002527461],[135.4565634405,35.6002363501],[135.456598162,35.6002110808],[135.4567567745,35.6002230162],[135.4567442833,35.6002805214],[135.4567695626,35.6003271885],[135.4568187195,35.6003694139],[135.4568301073,35.6004755215],[135.4568453868,35.6004852422],[135.4569095626,35.6004766295],[135.4569028961,35.6005402425],[135.4570648289,35.6007113502],[135.4571526111,35.6007224675],[135.4571492775,35.6008449623],[135.4571990051,35.6008849629],[135.4572584476,35.6009049625],[135.4572565014,35.6009785759],[135.4572976183,35.6010221882],[135.4573351135,35.6011169082],[135.4573381616,35.601138855],[135.4572556718,35.6011341343],[135.4572284481,35.6011499624],[135.4571756716,35.6013141347],[135.4571931694,35.6013596832],[135.4572790052,35.6013760808],[135.4572892782,35.6014066295],[135.4573834404,35.6014574672],[135.4573801075,35.6015055213],[135.4573467751,35.6015271889],[135.4572617808,35.6015308001],[135.4572534413,35.601588855],[135.4571656725,35.6016555217],[135.4571537273,35.6017246832],[135.4570881615,35.6017458008],[135.4570659444,35.601823297],[135.4570895634,35.6018469085],[135.4572156719,35.6019024674],[135.457302896,35.6018849626],[135.4574551137,35.6017952423],[135.4574337275,35.6017552424],[135.4574434406,35.6017430166],[135.4575170604,35.6017160807],[135.4575790045,35.6016477463],[135.4576206665,35.6016530166],[135.4576812234,35.6016896838],[135.4577259438,35.60174663],[135.4577856716,35.6017766295],[135.4578542841,35.6017185754],[135.4579703931,35.6016763502],[135.4580042842,35.6016266298],[135.4580239989,35.6016210804],[135.4580484485,35.6016294135],[135.4580559439,35.6017030162],[135.4581176176,35.6017505218],[135.4581831696,35.6017749624],[135.4582656716,35.6017655219],[135.4582884479,35.6018505217],[135.4583214965,35.6018699623],[135.4583951138,35.6018658008],[135.4585331687,35.6018305214],[135.458589836,35.6017516293],[135.4586231692,35.6017710801],[135.4588565019,35.6017063506],[135.4588998365,35.6016266297],[135.4590384485,35.6016288546],[135.4590709508,35.6017299621],[135.4591248288,35.6017374672],[135.4592156719,35.6017766294],[135.4593014958,35.6018549623],[135.4593537271,35.6018632964],[135.4594303935,35.6018444132],[135.4595020537,35.6018074674],[135.4595270601,35.6017438545],[135.4596265026,35.6017185753],[135.459712053,35.6017508007],[135.4598248293,35.6017482966],[135.4598909518,35.601811908],[135.459853169,35.601882188],[135.459847332,35.6019877466],[135.4598170602,35.6020469085],[135.4598245576,35.6021091339],[135.4598490052,35.6021444132],[135.4598862299,35.6021624678],[135.4599720531,35.6021574676],[135.4600098363,35.6020802425],[135.460055114,35.6020655214],[135.4601581621,35.6019896829],[135.4602595639,35.6020021885],[135.46028872,35.6020769084],[135.4603820531,35.6021074673],[135.4603167754,35.6022105217],[135.4602662306,35.6022374671],[135.4602673324,35.6023291342],[135.4602262306,35.6023821887],[135.4602306659,35.6024410807],[135.4602537274,35.602483296],[135.4604828963,35.6025363503],[135.4605339999,35.6024738545],[135.4606390054,35.6024591346],[135.4607092788,35.6023610807],[135.4607856727,35.6023385755],[135.4608223394,35.6023077459],[135.460968448,35.6024116291],[135.4609759442,35.6024855209],[135.4610198364,35.6025282962],[135.460979563,35.6025832962],[135.4609487205,35.6026863507],[135.4609437275,35.60285108],[135.4610187201,35.6028774669],[135.4610692784,35.60287635],[135.4611406666,35.6028069085],[135.4612506662,35.6028096835],[135.4612676182,35.6029680166],[135.4612606664,35.602986908],[135.4611812239,35.6029910804],[135.4611045572,35.6030591345],[135.4610153878,35.6031013507],[135.4610023395,35.6032424677],[135.4610262307,35.6032591345],[135.4610837274,35.6032627466],[135.461159279,35.6033380163],[135.4612276189,35.6033385751],[135.4612459444,35.603354413],[135.4612465025,35.6034916293],[135.4612881623,35.6035377467],[135.4613323401,35.6035432965],[135.4613648296,35.6035274677],[135.4614514965,35.6034810802],[135.4615137276,35.6034266289],[135.4615117813,35.603346629],[135.4615578905,35.6032602421],[135.4615278909,35.6032060799],[135.4615795639,35.6031560801],[135.4615642849,35.6030644137],[135.4615259447,35.6030260801],[135.4615831696,35.6029358003],[135.461595388,35.6029221883],[135.461708721,35.6029399622],[135.4617990055,35.6029116289],[135.4617942848,35.6029635754],[135.4618376191,35.6030291345],[135.4619437281,35.6030685755],[135.4619556728,35.6031924673],[135.4619865024,35.6032244134],[135.4620287208,35.6032421885],[135.4620698364,35.6032913498],[135.462160394,35.6032799623],[135.4622026121,35.6033299623],[135.462280394,35.6033602421],[135.4622873334,35.6035310801],[135.4622387213,35.6035521887],[135.4622356724,35.6035755215],[135.4622920544,35.6036482965],[135.4622965027,35.6037171883],[135.4623490064,35.6037363504],[135.4624265026,35.6037358002],[135.4624626122,35.6037910801],[135.4624817818,35.6037932964],[135.4627401091,35.6037266293],[135.4627626122,35.6036627458],[135.4627281634,35.6036327461],[135.4628067758,35.6035652423],[135.4628114968,35.6035035753],[135.4628781634,35.6034435753],[135.462885673,35.6033196829],[135.4627795641,35.6032538542],[135.4628134413,35.6031713504],[135.4627781626,35.6029577459],[135.4627087203,35.6029185755],[135.462705945,35.602904134],[135.4627470613,35.6028566294],[135.4627592787,35.6027724669],[135.4628228963,35.6027185755],[135.4628573333,35.6026652425],[135.4629281629,35.6025324672],[135.4629351147,35.6024746834],[135.4630728967,35.602447746],[135.4631781631,35.6023058002],[135.463155673,35.6022244135],[135.4632376192,35.6021213498],[135.4632081628,35.6020713503],[135.4632492793,35.6020324671],[135.4632992783,35.6019232958],[135.4632453883,35.6018519079],[135.4633181627,35.6018316294],[135.4633339996,35.6017971882],[135.4633620538,35.6016346833],[135.4633406671,35.6015427465],[135.4632259445,35.6014921878],[135.463270109,35.601433296],[135.4632701084,35.601390242],[135.4632206664,35.6012674669],[135.4633001083,35.6011599618],[135.4632606661,35.6010802419],[135.4633151151,35.6010402418],[135.4633512235,35.6009030156],[135.463412897,35.6008866293],[135.4634570601,35.6008444128],[135.463465115,35.6007457999],[135.4634862311,35.600712746],[135.4635837274,35.600785242],[135.4636565028,35.6007899619],[135.4636687211,35.6008460797],[135.4637751146,35.6008296831],[135.4638009521,35.6008096831],[135.4638076188,35.6007288535],[135.4638803935,35.6007485748],[135.4639331695,35.6007385745],[135.4640287207,35.6006291341],[135.4640353873,35.6006010797],[135.4640334412,35.6005766285],[135.4639448297,35.6004994133],[135.4639539996,35.6004221876],[135.4639923398,35.6003855209],[135.4639867755,35.6003071877],[135.4639931691,35.6002952414],[135.4640259447,35.6003146829],[135.4640648295,35.6003163503],[135.4642220535,35.6002238539],[135.4642501082,35.6001894129],[135.4642742846,35.6000877456],[135.4641662306,35.600008854],[135.4640837276,35.6000302418],[135.4640295634,35.6000616291],[135.4639614968,35.6000310799],[135.463934558,35.599993016],[135.4639431691,35.5999355206],[135.4639126111,35.5998799621],[135.463970109,35.5998241336],[135.4639314968,35.5997832956],[135.4638339998,35.5997363502],[135.4637520531,35.5996607995],[135.4637209517,35.5996566293],[135.4636539994,35.5996946829],[135.4635812237,35.599692467],[135.4635309514,35.5997102418],[135.4634553877,35.5996488537],[135.463361781,35.5996457995],[135.4634109517,35.599597467],[135.4634101088,35.5995438542],[135.4633462302,35.5995063503],[135.4632484482,35.599416908],[135.4632056727,35.5994110803],[135.4631456728,35.5994530161],[135.4631253876,35.5994519081],[135.4631095635,35.5994169077],[135.4630609518,35.599402188],[135.4629473323,35.5994699615],[135.4628276178,35.5994613499],[135.4627798361,35.5995007999],[135.4626526108,35.5994480162],[135.4625728962,35.5994619078],[135.4624898364,35.5993671882],[135.4623959438,35.5993541339],[135.4623939989,35.5993021882],[135.4623559442,35.5992519076],[135.4624092782,35.5992044125],[135.462397618,35.5991646831],[135.4623451147,35.5991241341],[135.4623359442,35.5990035753],[135.4623139997,35.5989913495],[135.4621217817,35.5989921881],[135.4620709507,35.5990344131],[135.4620203927,35.5990505211],[135.462017332,35.5989516289],[135.4619703936,35.5989094127],[135.4619170597,35.5988080164],[135.4618517811,35.5987902419],[135.4618484478,35.5987177459],[135.4617426112,35.5986602417],[135.4616442843,35.5986677463],[135.4615720529,35.5986382958],[135.4615126113,35.5986530164],[135.4614476182,35.5986382959],[135.4614395634,35.598597188],[135.4613742844,35.5985371876],[135.4614426114,35.598457188],[135.4614659444,35.5983032957],[135.4614317815,35.5982127463],[135.4614662296,35.5981771879],[135.4614984478,35.597996908],[135.4615356717,35.5979721883],[135.461543727,35.5979421879],[135.4615517815,35.5977699619],[135.4614890045,35.59769108],[135.461499563,35.5975780159],[135.4615078901,35.5975632958],[135.4615701076,35.5975582963],[135.4615990055,35.5975405205],[135.4616937272,35.5974108001],[135.461708162,35.5973663494],[135.4616895629,35.5973080161],[135.4617284475,35.5971907997],[135.4617034413,35.5971116287],[135.4617501074,35.5970835746],[135.4617476174,35.5970507995],[135.4616956716,35.5969224664],[135.461670666,35.5969055207],[135.4615573314,35.5968919075],[135.4614814957,35.5968524671],[135.4613665013,35.5968210795],[135.4613906653,35.5967508003],[135.4613706655,35.5966849621],[135.4613042839,35.5966360797],[135.4613020523,35.5965827455],[135.4611609507,35.596467188],[135.4611203928,35.5964513498],[135.4611684481,35.5964046825],[135.4611609512,35.5963113498],[135.4611851142,35.5962757996],[135.4611984477,35.596203854],[135.4613862297,35.596202467],[135.4614467752,35.5961071877],[135.4613395629,35.5960055206],[135.4612026111,35.5960269081],[135.4610917809,35.5959566284],[135.4609942841,35.5959474671],[135.4610251136,35.5959019081],[135.4610234408,35.5958594127],[135.4609431689,35.5957710798],[135.4608445567,35.5957788538],[135.4608248282,35.595741629],[135.4609487199,35.5956313496],[135.4609851137,35.5955610801],[135.4610409507,35.5955816287],[135.4612845561,35.5955121874],[135.4613012228,35.5954921874],[135.4613073314,35.5954196832],[135.4613826106,35.5954388538],[135.4615762291,35.5952849615],[135.4616028953,35.5952057996],[135.4616556718,35.5951794124],[135.46168706,35.5951055203],[135.4617692776,35.5950296828],[135.4617826107,35.594992467],[135.4617259438,35.5948852418],[135.4617326105,35.5947944124],[135.4617126107,35.5947716283],[135.4617381613,35.5947271876],[135.4617637265,35.5947227454],[135.4618562297,35.5947577459],[135.4619328958,35.5947638534],[135.4620414957,35.5948260795],[135.4621048283,35.5948838535],[135.4621745572,35.5948941338],[135.4622337271,35.5948824664],[135.4623065012,35.5947974664],[135.4623098352,35.5947632958],[135.4621978892,35.5946555204],[135.4623259436,35.5945857992],[135.4623703925,35.5945774669],[135.4623881617,35.5945174661],[135.4622717806,35.5943455204],[135.4621856711,35.5943099619],[135.46220872,35.5942738539],[135.4622087195,35.5942155207],[135.4621673321,35.5941913496],[135.4621562298,35.5941163492],[135.4621076179,35.5940302414],[135.462074557,35.5939991335],[135.4620087199,35.5939957993],[135.462008719,35.5939255202],[135.462077331,35.5939399618],[135.4621214955,35.5939338538],[135.4622220527,35.5939591336],[135.4623090041,35.5939369079],[135.4623151137,35.5938152418],[135.4622467748,35.5937599613],[135.4622498351,35.5937416285],[135.4624987199,35.5936949615],[135.462524556,35.5936780156],[135.462541495,35.5936346828],[135.4626078896,35.5936296824],[135.4626503926,35.5935882952],[135.4626612224,35.5935432957],[135.4627514958,35.5934563497],[135.4627690042,35.5933860793],[135.4628295623,35.5933882953],[135.4628470592,35.5933682952],[135.462933441,35.593226349],[135.462913169,35.5931646823],[135.4629698353,35.5930977457],[135.4629659434,35.5930160793],[135.4630317806,35.5930052416],[135.46307095,35.5929105206],[135.4631245565,35.5928466285],[135.4631206654,35.5928057998],[135.46308706,35.592779412],[135.4631451134,35.5927196825],[135.463127889,35.5925932956],[135.4630973318,35.5925627453],[135.4629678893,35.5925005202],[135.4629056719,35.5924474667],[135.4628703918,35.5924335743],[135.4628348285,35.5924521878],[135.4628101074,35.5924463494],[135.4627278891,35.5923877452],[135.4626459437,35.592380799],[135.4625673314,35.5924282951],[135.4625542837,35.5923666281],[135.4625062298,35.5923419073],[135.462272895,35.5923799617],[135.4622026105,35.5924202414],[135.4621606653,35.592496907],[135.4621487192,35.5924791336],[135.4620956714,35.5924724665],[135.4619912219,35.5925757996],[135.4619484468,35.5925980158],[135.4618939982,35.5926827451],[135.4619037263,35.5927244121],[135.4618284473,35.5927360795],[135.4617637259,35.5927785741],[135.4617223378,35.5928149616],[135.4617017807,35.5928932955],[135.4616645558,35.5928844129],[135.4615739986,35.5929274662],[135.4615403919,35.5930057995],[135.4614517798,35.5930671872],[135.4614365014,35.5931416281],[135.4614637264,35.5931499613],[135.4613851136,35.5931974666],[135.4613331683,35.5933682959],[135.4611014951,35.5933485748],[135.4610951137,35.5932796823],[135.4610301071,35.5932541333],[135.4609695623,35.5932499614],[135.4608623385,35.5932610798],[135.4607717805,35.5933174665],[135.4607390038,35.5933227452],[135.4606953861,35.5932960794],[135.4605859436,35.5933344126],[135.4604948281,35.5934177459],[135.4604901071,35.5934846822],[135.4604490041,35.5934935751],[135.4604037263,35.5935363498],[135.460359277,35.5936299619],[135.4603578896,35.5936646829],[135.46039178,35.5937282957],[135.4603437267,35.5937569073],[135.4603165013,35.5938405211],[135.4603351138,35.5940488538],[135.4603881611,35.5940999621],[135.4603462295,35.5941271877],[135.4603048285,35.5942463494],[135.4602045558,35.5943649616],[135.4601959437,35.5944385751],[135.4601378898,35.5944477461],[135.460074283,35.5945163494],[135.4600662298,35.5945716287],[135.4600870591,35.5945927456],[135.4600265018,35.5946213497],[135.4599953867,35.5946599621],[135.4599720525,35.5947449615],[135.4599103924,35.5948130155],[135.4599103922,35.5948910797],[135.459750392,35.5949271881],[135.4596839984,35.5949952414],[135.4596001069,35.5949394129],[135.4595206651,35.5949394127],[135.4594545559,35.594958575],[135.4593901076,35.5949002421],[135.459288447,35.5948996833],[135.4591145559,35.5949241342],[135.4590865008,35.5950219081],[135.4589923383,35.5950255208],[135.4589723379,35.595069683],[135.4589690046,35.595289683],[135.4589956718,35.5953135745],[135.4589937261,35.5953344127],[135.4589403919,35.5953757995],[135.4588403919,35.5953419079],[135.4587467741,35.5953363496],[135.458708447,35.5952682961],[135.4586306649,35.5952694132],[135.4585170593,35.5953405214],[135.4584167739,35.595378854],[135.4584176167,35.595438854],[135.4583459432,35.5954741343],[135.4583292773,35.5955857997],[135.4582570592,35.5956052422],[135.4582412221,35.5956302418],[135.4582401075,35.5957116288],[135.4578392771,35.5957180161],[135.4577356711,35.595706629],[135.4576045566,35.595667188],[135.4574873316,35.5956052418],[135.4574970591,35.5954988544],[135.4574476167,35.5954685747],[135.4574728948,35.5954202424],[135.4574170594,35.5953549625],[135.4573767744,35.5952277463],[135.4573078894,35.5951994134],[135.4573639982,35.595141908],[135.4573673315,35.595083296],[135.4573342833,35.5950560799],[135.4573926103,35.5950088537],[135.4573717799,35.5949632956],[135.457278447,35.5948752422],[135.4571976175,35.5948738542],[135.4571190041,35.5949113496],[135.4570784474,35.5948777459],[135.4569953859,35.5948480158],[135.4569420524,35.5948480161],[135.456886501,35.5948713502],[135.4567362291,35.5947324674],[135.4567526101,35.5946735753],[135.4567278885,35.5946230159],[135.456659562,35.5946246828],[135.4566251133,35.5945738541],[135.4564734399,35.5944555214],[135.4564092774,35.5944769082],[135.4564139984,35.5944116287],[135.4563662287,35.5943699618],[135.4562734396,35.5943427464],[135.4562403919,35.5942669082],[135.4561756709,35.5942488537],[135.4561490034,35.5941060805],[135.4560792772,35.5940744134],[135.4561220519,35.5940235753],[135.4561353857,35.5939707997],[135.4561098353,35.5939094128],[135.4562031673,35.5937596834],[135.4561790041,35.5937366291],[135.4562234398,35.5937141339],[135.4563117799,35.5936249623],[135.456295386,35.5935657998],[135.4563048281,35.5935396828],[135.4563976169,35.5934752422],[135.4564514949,35.5934058002],[135.4565048281,35.59344635],[135.4566087192,35.5934560801],[135.4566570593,35.5934180159],[135.4567206644,35.5934660798],[135.4568198348,35.5934360803],[135.4569892764,35.5932860804],[135.4569987187,35.5932335748],[135.4569728946,35.5931855207],[135.4570745556,35.5931502421],[135.4571139973,35.5930224673],[135.4571201064,35.5929752422],[135.4571026095,35.5929463501],[135.4571565012,35.5928946828],[135.4571409495,35.5926899617],[135.4571026099,35.592644413],[135.4571431681,35.5926016291],[135.4571048274,35.5924746829],[135.4570184472,35.5924324665],[135.4571012218,35.5923930159],[135.4571423378,35.5922935752],[135.4571139972,35.5922338542],[135.457145386,35.5921644133],[135.4571078884,35.5920482955],[135.4571220513,35.5919985747],[135.4570895621,35.5919457999],[135.4569839973,35.5919366288],[135.4568970588,35.5919671875],[135.4567503911,35.5919907995],[135.4567417794,35.5920541335],[135.4565492765,35.5920380162],[135.4564665006,35.5920660803],[135.4564251124,35.5919877456],[135.4563295618,35.5919363501],[135.4562595618,35.5919366292],[135.4562387185,35.5919199616],[135.4562526092,35.5918691337],[135.456228446,35.5918213502],[135.456154556,35.5917635751],[135.4560984462,35.5917413501],[135.4560351128,35.591754683],[135.4560126091,35.5917141342],[135.455955112,35.5916935749],[135.455921494,35.5916944128],[135.4557890033,35.5917694127],[135.4556584469,35.5917946826],[135.4556626094,35.591871629],[135.455600664,35.5918482957],[135.4554937254,35.5918521879],[135.4554384464,35.5918974673],[135.4553970586,35.5918580156],[135.4552473305,35.5917713499],[135.4552101062,35.5917646827],[135.4551626094,35.5917846831],[135.4551142818,35.5917227458],[135.4550659428,35.5916944126],[135.4550037249,35.5916774667],[135.454886773,35.5916774669],[135.4548678496,35.5916192149],[135.454774931,35.5916008897],[135.4546582509,35.5916353503],[135.4546065001,35.5917069077],[135.4544927133,35.5916684937],[135.4543773307,35.5917158],[135.4542748267,35.5917210803],[135.4542037253,35.5917563499],[135.4541965,35.591850242],[135.4541348277,35.5918746828],[135.4539648274,35.5918544133],[135.4537209487,35.5917791343],[135.4532917787,35.591589683],[135.4531176158,35.5915888541],[135.4530517791,35.5915480161],[135.4529642815,35.5915585752],[135.4528378875,35.5914971886],[135.4527687183,35.5915085753],[135.4527273298,35.5914632962],[135.4526570581,35.5914271881],[135.4525756697,35.591418296],[135.4525481597,35.5914296834],[135.4524173303,35.5913394133],[135.4523206642,35.5913280161],[135.4523014935,35.5912849624],[135.4521137252,35.5911985751],[135.4518928935,35.5909674669],[135.4517687174,35.5907702426],[135.4516995612,35.5905391344],[135.4516995611,35.5903588546],[135.4517478876,35.5902574672],[135.4518239966,35.5901899626],[135.451891779,35.5902169083],[135.4520442814,35.5902235751],[135.4521351115,35.5901799623],[135.4522281596,35.590218296],[135.4523884453,35.5901727462],[135.4524778882,35.5901438543],[135.4525401055,35.590070521],[135.4526328943,35.5900699617],[135.4527334383,35.5900082958],[135.4528359414,35.589972188],[135.4528437251,35.5899166294],[135.4529109483,35.5898924668],[135.452954282,35.5898346827],[135.4530459422,35.5896802421],[135.4530492759,35.5896349623],[135.4530298338,35.5896082962],[135.4530712209,35.5895632965],[135.4531745544,35.5894955206],[135.4532151118,35.5894160801],[135.4532851115,35.5893432964],[135.4533126084,35.5893038536],[135.4533039971,35.5892041335],[135.453388446,35.589185521],[135.4534728932,35.5889974667],[135.4534973292,35.5889074673],[135.4534506639,35.5888644126],[135.4534712211,35.5888021876],[135.4534617791,35.588654683],[135.4533581602,35.5885544131],[135.4534162278,35.5885485751],[135.453471221,35.5885149617],[135.4535334386,35.5885713497],[135.4535914939,35.5885952415],[135.453597058,35.5886482963],[135.4536701058,35.5886869078],[135.4538439967,35.5887252417],[135.4538870578,35.5887527457],[135.4539473302,35.5887516288],[135.4539876153,35.5887163496],[135.4541445551,35.588694134],[135.4542353853,35.5886341336],[135.4542239973,35.588578854],[135.454242337,35.5885577458],[135.4543162284,35.5885727457],[135.4543612212,35.5885655212],[135.4545681602,35.5884213495],[135.4546234383,35.5883513494],[135.4545942815,35.5883110802],[135.4546662281,35.5882860799],[135.4547264995,35.5882266285],[135.4547442821,35.5881252415],[135.4547995603,35.5880405209],[135.454751494,35.58799135],[135.4548787182,35.5879571874],[135.4549162283,35.5879105209],[135.4549753852,35.58790635],[135.4550176154,35.5878724664],[135.4550170579,35.5876588539],[135.4549370577,35.5876044125],[135.4549326086,35.5875335751],[135.4548856693,35.587488296],[135.4549781596,35.5874408],[135.4549892756,35.5872921878],[135.4550176162,35.5872319077],[135.4549892756,35.5871513501],[135.4550506634,35.587126629],[135.4550703903,35.5869891335],[135.4550117782,35.5869385746],[135.4550651115,35.5869032954],[135.4550790029,35.5866871874],[135.4550106641,35.5866263494],[135.4551478879,35.5865988533],[135.4551867722,35.5865730154],[135.4552653332,35.5865819344],[135.4553023367,35.5865703496],[135.4553465252,35.5865178],[135.4554120508,35.5864930154],[135.4555006112,35.5865060158],[135.4555748918,35.5864878804],[135.4556380824,35.5864389617],[135.4556702223,35.586353773],[135.4557998334,35.5862666285],[135.4557731668,35.5861471871],[135.4557448267,35.5860880156],[135.4557098336,35.5860782958],[135.4557231661,35.5860160793],[135.455699561,35.5858341333],[135.455721221,35.5858016284],[135.4556876151,35.5857946821],[135.4556617785,35.5857577453],[135.4557284454,35.5856649615],[135.4557695608,35.5855674663],[135.4558831667,35.5855082957],[135.4559417783,35.5853755203],[135.4559873293,35.5853510797],[135.4560153843,35.5852941332],[135.4560273297,35.5852413495],[135.4560153843,35.5852305206],[135.4560170578,35.5851041331],[135.4560323362,35.5850669077],[135.4560681598,35.5850505202],[135.4560762273,35.5850282954],[135.4560848263,35.5848732953],[135.4561137244,35.5847830153],[135.4561098336,35.5847502409],[135.4560839962,35.5847507995],[135.4560295607,35.5846855206],[135.4560384453,35.5845966286],[135.4559973291,35.5845282956],[135.4559890025,35.5844469073],[135.455641778,35.5843224662],[135.4555890027,35.5843369076],[135.4555345541,35.5843838531],[135.4554573298,35.5843671875],[135.4552801057,35.5843988533],[135.4551759411,35.5843621879],[135.4550134386,35.5843805209],[135.4550076157,35.5843624662],[135.4548981588,35.5843452417],[135.4547267719,35.5842938535],[135.4547323363,35.5842094128],[135.4547173291,35.5841880157],[135.4546639967,35.584167745],[135.4545717784,35.5841680155],[135.4544773293,35.5841924669],[135.454315111,35.5843071876],[135.454267329,35.5843763491],[135.4540631666,35.5844902414],[135.4540139962,35.5844974668],[135.4539242814,35.5845610795],[135.453915669,35.5846144125],[135.4537895605,35.5845946824],[135.4537276153,35.5845605209],[135.4536945539,35.5845266282],[135.4536914936,35.5844802413],[135.4537303907,35.5844324664],[135.4537690026,35.5843249615],[135.4537539956,35.5842299618],[135.4537587173,35.5840655205],[135.4537153845,35.5839294124],[135.4537417777,35.583842746],[135.4537234381,35.583768296],[135.453605384,35.5834441336],[135.453548717,35.5834057991],[135.4533998327,35.5831805208],[135.4533345544,35.583145521],[135.4533426076,35.5830969077],[135.4533103896,35.5830810794],[135.453188717,35.5829466285],[135.4530812195,35.5828877453],[135.4530226084,35.5828141337],[135.4529342811,35.5827527451],[135.4528862266,35.5826869079],[135.4527539954,35.5826199611],[135.4526948259,35.582537188],[135.4526095593,35.5824838532],[135.4525187166,35.5824619077],[135.4523942806,35.5823319079],[135.4521231658,35.5822427452],[135.4520739962,35.5822427452],[135.4519414926,35.582319962],[135.451895111,35.5823227454],[135.4518062264,35.5823674666],[135.4517390019,35.5822541332],[135.451581493,35.5821357991],[135.45155122,35.5821316287],[135.4514820491,35.5821444127],[135.4514384451,35.5821335744],[135.4513481583,35.582140242],[135.4510718297,35.582307656],[135.4510505842,35.5823016012],[135.451012218,35.5822472684],[135.4509918816,35.5821560424],[135.4510309733,35.5821192686],[135.4511666678,35.5820935746],[135.451222855,35.5820228806],[135.4513338914,35.5818576289],[135.4513493916,35.5817030157],[135.4513762521,35.5816623229],[135.4514335285,35.5816316556],[135.4514879643,35.5815101332],[135.4514591964,35.58142735],[135.4514190798,35.5813708262],[135.4512911677,35.5813432956],[135.451267576,35.5813210153],[135.4513009079,35.5812893495],[135.4512738259,35.5812313499],[135.4512284963,35.5812595476],[135.4511786907,35.581219107],[135.4511757205,35.5810879346],[135.4512041127,35.5810035205],[135.4511629443,35.5809707096],[135.4511705589,35.5809394666],[135.4511539691,35.5809282149],[135.4511130486,35.5809399349],[135.4510596373,35.5809265208],[135.4510281318,35.5809350151],[135.4510152147,35.5809180159],[135.4510352797,35.5808754939],[135.4509939954,35.5808588802],[135.4509470304,35.5808733767],[135.4509287165,35.5809039345],[135.4507674192,35.5809004938],[135.4508239438,35.5808317097],[135.4508745538,35.5808027457],[135.4508350595,35.58077171],[135.4507573023,35.5807980426],[135.4507163305,35.5808526558],[135.4506528927,35.580884827],[135.4506851365,35.5808464123],[135.4506041127,35.5808682952],[135.4506107134,35.5808411065],[135.4506742148,35.5807984933],[135.4507068872,35.5807478804],[135.4506891968,35.5807087721],[135.4505739433,35.5806676012],[135.4505261869,35.5806774663],[135.4504932171,35.5807071605],[135.4504983528,35.5808133494],[135.4504427764,35.5809539077],[135.450350519,35.5809551068],[135.4502360573,35.5808510152],[135.4502436063,35.5808087725],[135.4502066934,35.580769773],[135.4499794162,35.5806871609],[135.4497448255,35.5805254664],[135.4495463045,35.5804509079],[135.4495230477,35.5802828803],[135.4495836971,35.5802584668],[135.4496125811,35.580229296],[135.4495378086,35.580225962],[135.4494640476,35.5802487994],[135.4493311417,35.5800473762],[135.4491978336,35.5799368807],[135.4491891045,35.579875377],[135.4491998062,35.579858746],[135.4492980553,35.5798186286],[135.4493413884,35.5797758266],[135.4493660826,35.5796356018],[135.4494292735,35.5795246555],[135.4494912966,35.5794764666],[135.4495225814,35.5794034125],[135.4495377433,35.5792994668],[135.4494457194,35.5791689612],[135.4493661349,35.5791271336],[135.4492973802,35.5791611609],[135.4492246047,35.5790914398],[135.4493624132,35.5788310153],[135.449536524,35.5783005472],[135.4494590523,35.5782856011],[135.449305525,35.5788094939],[135.4492203244,35.5789720793],[135.4486835017,35.5790618267],[135.4483615307,35.5792228803],[135.448213308,35.5791329614],[135.4480771853,35.5789841334],[135.4479332428,35.5786386286],[135.4479352788,35.5786151066],[135.4479932424,35.5785776018],[135.447986083,35.5785605204],[135.4478956933,35.5785492954],[135.4478741632,35.5785321608],[135.4478551098,35.5782732955],[135.4478816073,35.5782066287],[135.4480128917,35.5781444123],[135.4482313355,35.5780020795],[135.4482631651,35.5779930159],[135.4483051099,35.5780082689],[135.4483313352,35.5779644939],[135.4484448244,35.5778871336],[135.4484795587,35.5778766554],[135.4485257201,35.5778845472],[135.4486189744,35.5779313766],[135.4487925287,35.5781258809],[135.4488217767,35.5781072688],[135.4487096883,35.5779916553],[135.4488787812,35.5778545201],[135.4489651613,35.5777591873],[135.449273217,35.5777735741],[135.4494753046,35.5777340156],[135.4495794416,35.5776731067],[135.4497919981,35.5775037093],[135.4499194942,35.577460241],[135.4499896371,35.5772393495],[135.4500320483,35.5771996013],[135.4500387156,35.5771447453],[135.4501103622,35.5771058804],[135.450093217,35.5770502686],[135.4501595197,35.576966745],[135.450160221,35.5769324122],[135.4501134102,35.5768872147],[135.4501355119,35.5768649524],[135.4501395197,35.5763287451],[135.4500788063,35.576331988],[135.4500782875,35.5766348356],[135.4496452788,35.5766282687],[135.4496435013,35.5766936012],[135.4496386375,35.5766328534],[135.4493170555,35.5766243495],[135.4490755243,35.5767243764],[135.4490423607,35.5767079343],[135.4490686635,35.5766644938],[135.4489969648,35.576432412],[135.4489759146,35.5762861337],[135.4489774961,35.5762159888],[135.4490098561,35.5761164664],[135.4490642402,35.5760520792],[135.4491589366,35.5759988802],[135.4492019459,35.5760187096],[135.4492453562,35.576009466],[135.449364824,35.5760446011],[135.4495169642,35.5760609069],[135.4495443055,35.5760015474],[135.4496095199,35.5759336823],[135.4495993257,35.575907322],[135.449628807,35.5758728537],[135.4496133319,35.5758154395],[135.4494937735,35.5758067992],[135.4494780803,35.575794988],[135.4494761349,35.5757556819],[135.4493516339,35.5757492687],[135.4493424121,35.5757083763],[135.4493465239,35.5756879339],[135.4494216597,35.5756224119],[135.4494526329,35.5755471066],[135.4494459398,35.5755250789],[135.4493746948,35.575537187],[135.4493647728,35.575521547],[135.4493632426,35.5753248529],[135.4494186637,35.5753059879],[135.4495271849,35.5753111058],[135.4495079379,35.5752865744],[135.449554163,35.5752549616],[135.4495866921,35.5751450794],[135.4495571328,35.5750951877],[135.4495723601,35.5749909069],[135.4495629171,35.5749337996],[135.4496216333,35.5749288262],[135.4496284697,35.5749171603],[135.4495896883,35.5748582145],[135.4495280283,35.5748882146],[135.4495115299,35.5748196285],[135.4493986895,35.5748614931],[135.4493779633,35.5748574125],[135.449364474,35.5748310425],[135.4494128536,35.5747589615],[135.4494032158,35.5747011602],[135.4493712445,35.574678907],[135.4493104141,35.5747044121],[135.4492829438,35.5746535473],[135.4493195839,35.5745870148],[135.4493526581,35.5745915745],[135.4493719969,35.574569133],[135.4494103884,35.5744423759],[135.4494152524,35.5743937455],[135.4493721391,35.5742916825],[135.4493766401,35.5742632142],[135.4494265488,35.5742401065],[135.449449104,35.5742827454],[135.4495309463,35.5743034929],[135.4495882744,35.5742926822],[135.4495959388,35.5742657724],[135.4496328537,35.5742577096],[135.4495704922,35.5741808261],[135.4495071594,35.5741646555],[135.4494856928,35.5741759337],[135.4494541635,35.5741399069],[135.4494378592,35.574201655],[135.4493682738,35.5741490791],[135.4493465233,35.5741663763],[135.44933533,35.5742544661],[135.4492986108,35.574202655],[135.4493247727,35.5741662679],[135.4493228916,35.5741212952],[135.4492973011,35.5740069615],[135.4492613351,35.5739597455],[135.4492812705,35.5739305473],[135.4492749155,35.573908961],[135.4492344096,35.5738464125],[135.4491607775,35.57380452],[135.4492131898,35.5737046285],[135.4492675483,35.573646466],[135.449298105,35.5735664662],[135.4493398824,35.5735234929],[135.4496222167,35.5733467455],[135.4496799732,35.5733377088],[135.4497590522,35.5733721598],[135.4498752784,35.5734461604],[135.4499095194,35.5734892951],[135.4500393647,35.5733947988],[135.4500155506,35.5733445738],[135.4500486115,35.5733345472],[135.4500459147,35.5733066824],[135.4500774962,35.5733029343],[135.4501043308,35.5733496551],[135.450134383,35.5733412408],[135.4500856408,35.5732751334],[135.4500308293,35.5732723487],[135.44998153,35.573221106],[135.4500105574,35.5732018535],[135.4501384437,35.5732344393],[135.4501740467,35.5732193756],[135.4501529954,35.5731996279],[135.4500769385,35.573176295],[135.4500824382,35.5731630789],[135.4500409987,35.5731408801],[135.4500680805,35.5731139615],[135.4500156018,35.5730917447],[135.4500020221,35.5730477723],[135.4499254736,35.5729483764],[135.4498693896,35.5729064661],[135.4497581964,35.5729047094],[135.4497254077,35.5729362682],[135.4496683258,35.572944934],[135.4496573536,35.5729993224],[135.4496315302,35.573019042],[135.4495682742,35.5730237089],[135.4495091299,35.572990015],[135.4494664448,35.5729397991],[135.4494282745,35.5728099071],[135.449441141,35.5726915198],[135.4494768606,35.5726294124],[135.4495432682,35.5725813758],[135.4496039424,35.5725021597],[135.4496285462,35.5724846006],[135.4496676646,35.5724915467],[135.4496821912,35.5724649342],[135.4496702455,35.5724387452],[135.4496245258,35.5724259073],[135.4496202461,35.5723586551],[135.4495343564,35.5723186007],[135.4495113613,35.5722764934],[135.4495122425,35.5722454117],[135.4495942793,35.5721090424],[135.449616497,35.5720367454],[135.4496375737,35.5720172142],[135.4496829689,35.5720440787],[135.4497121391,35.5720395472],[135.4496949414,35.5719714933],[135.4497400766,35.5719037447],[135.4497911014,35.5718661064],[135.449807029,35.5718294931],[135.4499035005,35.5717395201],[135.4499223075,35.5717012948],[135.4500127234,35.571707934],[135.4500210241,35.5716375736],[135.4500630469,35.5716251596],[135.4500628528,35.5715555735],[135.4500069898,35.5714641869],[135.4500670547,35.5713945197],[135.4501272492,35.5714145199],[135.4501365751,35.5714061058],[135.4500969901,35.571339493],[135.4501246944,35.5712401058],[135.4500784945,35.5711544393],[135.4501309977,35.5710592142],[135.4502376904,35.5709766814],[135.4503514392,35.5709148259],[135.4504684168,35.57087788],[135.4506045261,35.5708811054],[135.4508511018,35.5707652141],[135.4509371591,35.570764547],[135.4511226059,35.5708152141],[135.4511225535,35.5708419874],[135.4511668601,35.5708771868],[135.4511792733,35.5708381056],[135.4512140464,35.5708193486],[135.4511727227,35.5707811053],[135.4512249153,35.5707459333],[135.4512305183,35.5707154121],[135.4511639423,35.5706424384],[135.4511147198,35.5706298798],[135.4511333322,35.5705849607],[135.4511076134,35.5705733214],[135.4511077681,35.5705495195],[135.4509756017,35.5705140416],[135.4509143054,35.5705115198],[135.450898002,35.5704930422],[135.4509028531,35.5704424115],[135.4509757448,35.5703017721],[135.4509516851,35.5702702946],[135.4509618017,35.5702284114],[135.4510074961,35.5702381867],[135.4510218281,35.5702251054],[135.4510373525,35.5701628794],[135.4510092467,35.5701112676],[135.4510782476,35.5700096543],[135.4511696095,35.5699894116],[135.4513647455,35.5699777717],[135.4514955241,35.5700048798],[135.4515269375,35.5699925738],[135.451575278,35.5698418261],[135.451514137,35.5696867719],[135.4515321913,35.5696100415],[135.4515221647,35.5695427713],[135.4515608293,35.5694532676],[135.4516246034,35.569403709],[135.4516367182,35.569375826],[135.4516206609,35.569351853],[135.4515253042,35.5693108528],[135.4515379364,35.5692677443],[135.4515194924,35.5692538793],[135.4514628908,35.5692409069],[135.4514155233,35.569277106],[135.4513159652,35.5692363489],[135.4513211013,35.5691119879],[135.4511281053,35.5691197715],[135.451165135,35.5690786544],[135.4511746677,35.5690398522],[135.4511900769,35.568719295],[135.4512386882,35.5686757086],[135.4513956022,35.5687016549],[135.4515202194,35.5686942944],[135.4516745521,35.5686629066],[135.4517794411,35.5685399871],[135.4517950575,35.5684501865],[135.4518446935,35.5684493215],[135.4518593894,35.5684284116],[135.4518918792,35.5684204388],[135.4519011411,35.5683923481],[135.4519282737,35.5683898791],[135.451861659,35.5683235739],[135.4518116843,35.5683077718],[135.4517749667,35.5682403487],[135.4517051604,35.5682187714],[135.4516582216,35.5681772677],[135.4518395836,35.5677257715],[135.451952243,35.5677042946],[135.4521285461,35.5676203757],[135.452284629,35.5675944114],[135.4524095574,35.5674426276],[135.4526404911,35.5673366001],[135.4527943571,35.5673089873],[135.4529049151,35.5673073212],[135.4533428903,35.5673552944],[135.4535370286,35.5673919601],[135.4535612435,35.567416041],[135.4538819711,35.5675756812],[135.4542278335,35.5677860142],[135.4543406611,35.5678188789],[135.4542461861,35.5681673755],[135.454069908,35.5682781596],[135.4539690003,35.5686504384],[135.4542659913,35.568696852],[135.4543926062,35.5682481859],[135.4551965751,35.5684647078],[135.4552843307,35.5682777985],[135.4554025545,35.5683158253],[135.4554139945,35.5682899327],[135.4558239421,35.5683881319],[135.4557756414,35.5685799871],[135.4557370288,35.568580825],[135.4557049408,35.5693774925],[135.4549435277,35.5698640417],[135.454893268,35.5698524653],[135.4548593643,35.5700736816],[135.4534267436,35.5702295198],[135.4532287155,35.5702931593],[135.453256796,35.5703483751],[135.4534432164,35.5702881054],[135.4548128537,35.5701287986],[135.4548238257,35.5702204387],[135.4548897138,35.5702305734],[135.4549448245,35.570206014],[135.4549730735,35.5701717083],[135.4549598561,35.5700895459],[135.4549797789,35.5699509873],[135.4549328018,35.5699292402],[135.455829325,35.5693389334],[135.456248157,35.5690367983],[135.4562626064,35.5690674111],[135.456223021,35.5691795457],[135.4563160823,35.5692374651],[135.4564322698,35.5692661048],[135.4565057977,35.5693560411],[135.4565719451,35.5693804926],[135.4567034103,35.5693864113],[135.456813048,35.5694236004],[135.4569203239,35.5694810407],[135.456958715,35.5695300781],[135.4570163805,35.5697148521],[135.4570816592,35.5697523477],[135.457194163,35.5697577443],[135.4572851092,35.5699148795],[135.4572411923,35.5700121322],[135.4571889106,35.570042987],[135.4572083001,35.570064546],[135.4572540468,35.5700517712],[135.4573172248,35.5699946272],[135.4573105571,35.570116465],[135.4571396632,35.570312546],[135.4570337738,35.5703916542],[135.4570068863,35.5704515728],[135.4570206356,35.5705085188],[135.4571228534,35.5706140786],[135.4571861087,35.5704753749],[135.4573581317,35.5703905187],[135.4572823871,35.5704799602],[135.4572434626,35.5705772939],[135.4571423865,35.5706761866],[135.4570531903,35.5708170141],[135.4570574446,35.5708719334],[135.4570323613,35.570960879],[135.4570758363,35.5710580781],[135.4571109724,35.5710646271],[135.4571915814,35.5710074922],[135.4573494418,35.5706630411],[135.457335837,35.5706366543],[135.4574001682,35.5705697085],[135.4573958888,35.570549411],[135.4575102203,35.570363879],[135.4575749942,35.5703277711],[135.4576412445,35.5703223752],[135.4577850192,35.5702356002],[135.4579125024,35.5701795735],[135.4579468869,35.5701825188],[135.4578731123,35.5703445193],[135.457873308,35.5704279875],[135.4579500255,35.5705363209],[135.4579878592,35.5705562401],[135.4580183528,35.570528879],[135.4580347982,35.57046196],[135.4581695195,35.5703630781],[135.458330104,35.5701407084],[135.4584113617,35.570069041],[135.4585089105,35.5700121589],[135.4585622442,35.5699260413],[135.4586321657,35.5696979333],[135.4585505185,35.5695204652],[135.4585373794,35.5694535187],[135.4585737486,35.5693316268],[135.4586175229,35.5693184109],[135.4588747985,35.5693479603],[135.4589204663,35.5693817712],[135.4590035795,35.5694927439],[135.4590999995,35.5695424106],[135.459108547,35.5696645727],[135.4591648633,35.5697246812],[135.4592422173,35.5698679873],[135.4592845533,35.569890708],[135.4592999998,35.5699882132],[135.4593387418,35.5700824915],[135.4593128274,35.5702264106],[135.4592486114,35.5703306812],[135.4592393254,35.5703945462],[135.4592459404,35.5704641593],[135.4592781319,35.5705314652],[135.4593572499,35.5706128519],[135.459389611,35.5706061592],[135.459416861,35.5705726538],[135.4594506877,35.5704831051],[135.4595335543,35.5705109866],[135.4595912447,35.5704817711],[135.4596319462,35.5705164646],[135.4596140465,35.5706020141],[135.459637691,35.5706279868],[135.4596711935,35.5706182399],[135.4597298324,35.570660213],[135.4597346954,35.5706906273],[135.4597185215,35.5707143475],[135.4596684699,35.5707440408],[135.4597177435,35.5707510138],[135.4597899745,35.5708033478],[135.459894112,35.570823852],[135.4599394685,35.5708189056],[135.4600231907,35.570773132],[135.4600837736,35.5706730776],[135.4601391311,35.5706419604],[135.4602468608,35.5705374379],[135.4602967969,35.5704077706],[135.4603341903,35.5703633208],[135.4603937228,35.5703215733],[135.4604620225,35.5703163752],[135.460572944,35.5703754646],[135.4606914402,35.5704915457],[135.4607924136,35.5705520407],[135.4608094162,35.5705835729],[135.4607320756,35.5706482937],[135.4606861866,35.5707475191],[135.4607124643,35.5707592671],[135.4608139947,35.5707388247],[135.4608583925,35.5706691585],[135.4609248639,35.570610852],[135.4609735542,35.5706027978],[135.461016576,35.5706181314],[135.4610469647,35.5706960407],[135.4610002729,35.5707631593],[135.4610260307,35.5708393478],[135.4609844753,35.5708852394],[135.4609994941,35.5708991859],[135.4610627506,35.5708927977],[135.4610740216,35.5709062668],[135.4610613363,35.5710693744],[135.4610971599,35.5711574917],[135.4611264721,35.571178906],[135.461263658,35.5711689595],[135.4615597806,35.5710551859],[135.4616883271,35.570970132],[135.4617611932,35.5709452125],[135.4618063298,35.570910465],[135.4617635287,35.5708411321],[135.4618554094,35.5707300404],[135.461849741,35.5706866535],[135.4618182233,35.5706509058],[135.4618171607,35.5706075458],[135.4618716597,35.5705433479],[135.4620065501,35.570516348],[135.4621461354,35.5705120133],[135.4624945018,35.5705507975],[135.4628411935,35.5706587078],[135.4629996109,35.5706931314],[135.4630695599,35.5707271589],[135.4631881326,35.5708772125],[135.4631574714,35.5710094917],[135.46312506,35.571073519],[135.4631371602,35.5711271317],[135.4631587166,35.571157879],[135.4632175234,35.5711892401],[135.4632545016,35.5712534916],[135.4633318033,35.5712731045],[135.4633894165,35.5712545186],[135.463393165,35.5712868244],[135.4634264075,35.5712812937],[135.4634640475,35.5713100141],[135.4634988851,35.5713147706],[135.4635877175,35.5712618243],[135.4636035542,35.5711872393],[135.4635724398,35.571156546],[135.4634815314,35.5711907705],[135.4634706369,35.571120933],[135.4634291316,35.5711058783],[135.463450584,35.5710638786],[135.46344205,35.571022573],[135.4633729186,35.5709646538],[135.4633706103,35.5708929058],[135.4633514148,35.5708590133],[135.463368859,35.5708426805],[135.4635569394,35.5708814646],[135.463558613,35.570848041],[135.4634874713,35.5707732663],[135.463486357,35.570743159],[135.4635545539,35.5707224649],[135.4636209475,35.5707141044],[135.4636831658,35.5707334913],[135.4637771866,35.5707930407],[135.4638069914,35.5707912669],[135.4638319986,35.570748213],[135.4637980039,35.5706850403],[135.4639040863,35.570656852],[135.4640700003,35.5706598512],[135.4643307141,35.5707391584],[135.4642825553,35.5708299869],[135.4641722707,35.5709391852],[135.4641788079,35.5709561853],[135.4642985479,35.5709987072],[135.4646398331,35.5710387075],[135.4647139693,35.5710217438],[135.4647741123,35.5709730409],[135.4647968352,35.5709737971],[135.4647888852,35.5710370131],[135.4648544109,35.5710914911],[135.4648533854,35.5711267439],[135.4649121663,35.5711304102],[135.4649618043,35.5711649865],[135.4650925821,35.5712084642],[135.4652011042,35.5711136802],[135.4651890542,35.5710677431],[135.4652038918,35.5710459866],[135.4651834381,35.5710168788],[135.4651885477,35.5709276536],[135.465154437,35.5708970402],[135.4647596112,35.5708481585],[135.4647798324,35.5707768513],[135.4648203631,35.5707344106],[135.4650106366,35.5706252666],[135.4651941649,35.5706324103],[135.4652890278,35.5707028518],[135.4653278611,35.5707003208],[135.465386227,35.5705835721],[135.465426642,35.5705631315],[135.4655230747,35.5705749867],[135.4655592486,35.5705975994],[135.46554969,35.5706881588],[135.4655225034,35.5706812663],[135.4655192484,35.5707211855],[135.4655877701,35.5707867434],[135.4656320753,35.5707903741],[135.4656147483,35.5708442933],[135.4656444756,35.5708875991],[135.4656546055,35.5709401041],[135.4657276144,35.5709416806],[135.4657830744,35.5709142668],[135.4657596113,35.5707441579],[135.4657778083,35.5706432665],[135.4657677442,35.5705465998],[135.4657780299,35.5705287973],[135.4658218302,35.5705611047],[135.4658466676,35.5705426265],[135.465815747,35.5704294642],[135.465783464,35.5704058782],[135.4657383535,35.5703224912],[135.4656874194,35.5702031856],[135.4656664992,35.5700942932],[135.4656376663,35.5700519053],[135.465559275,35.570028653],[135.46551742,35.5700003472],[135.4654223875,35.5699885721],[135.4653006362,35.5698494105],[135.4652719989,35.5697767975],[135.4651699746,35.5696396801],[135.4652499744,35.5693392666],[135.4652818298,35.569294797],[135.4653644103,35.5692516259],[135.465398197,35.5692131851],[135.4653916868,35.5691462661],[135.465326278,35.5690927975],[135.4653390537,35.569062851],[135.4654585859,35.5689898243],[135.4656052145,35.5689242124],[135.4656522447,35.5688853201],[135.4656966935,35.5687988786],[135.4657154994,35.5687075724],[135.4658016861,35.5685692388],[135.4658413882,35.5684431311],[135.4659283014,35.5683935718],[135.4661227244,35.5683405181],[135.4662608308,35.5683436534],[135.4662842151,35.5683788241],[135.466362608,35.5683681852],[135.4664069133,35.568310878],[135.4663520756,35.5681778508],[135.4663556422,35.5681529048],[135.4664964982,35.5680061578],[135.4665774457,35.5679622395],[135.4665975497,35.5679212392],[135.4667117252,35.5679118237],[135.4668393003,35.5679536801],[135.4668912457,35.5679227068],[135.4669378863,35.5679246257],[135.466982504,35.5679041851],[135.4670567976,35.5679282386],[135.4670405843,35.56796032],[135.4670658636,35.5679775723],[135.4671252145,35.567976131],[135.4671209991,35.5679293202],[135.4671794689,35.5679139857],[135.4671951362,35.5678963744],[135.46719528,35.5678393198],[135.4672577692,35.5678325724],[135.4672510513,35.5677633197],[135.4673237239,35.5676869319],[135.467306914,35.5676421584],[135.4673341908,35.567571959],[135.4673581061,35.567557932],[135.4673998329,35.5675723472],[135.4674216082,35.5675647971],[135.4674016346,35.5675309856],[135.4674274973,35.5675230767],[135.4674583014,35.5674547966],[135.4673743326,35.5673744636],[135.4673729185,35.5673551039],[135.4674084182,35.5673587698],[135.4674181978,35.5673454636],[135.4674077695,35.5673212661],[135.4673317779,35.5672861309],[135.4672985224,35.5672220773],[135.4672996636,35.5671826796],[135.4674080033,35.567064374],[135.4674172259,35.56699104],[135.4674461879,35.5669775445],[135.4675768874,35.567037545],[135.4676790269,35.5670062658],[135.4676688592,35.5669438241],[135.4677792743,35.5669286258],[135.4678138264,35.5669094096],[135.4678871863,35.5668254637],[135.4678933855,35.5667538235],[135.4679125555,35.5667247973],[135.4679419461,35.5667200397],[135.4679288851,35.5666583469],[135.4678614402,35.5665613198],[135.4679730225,35.5665572116],[135.4680658379,35.5665348236],[135.4681140469,35.5665358511],[135.4682088336,35.5665655721],[135.4682758378,35.5665426798],[135.468319638,35.566507374],[135.4683548905,35.5664503741],[135.4684926983,35.5663801579],[135.4685488852,35.5663254099],[135.4686070306,35.5662044365],[135.4685878865,35.5660459586],[135.4685146691,35.565944158],[135.4684103893,35.5658759859],[135.4682609089,35.5658755178],[135.4681170822,35.565836491],[135.4680603633,35.5658582389],[135.4679867977,35.565852131],[135.4679709479,35.5659189586],[135.4679236586,35.565944239],[135.4678570566,35.5659412391],[135.4678212194,35.5659216256],[135.4678302735,35.5658678507],[135.4678167199,35.565832986],[135.4675064718,35.5656069047],[135.4674317767,35.5655074369],[135.4673719717,35.5653910772],[135.4672418032,35.5652415991],[135.4668972503,35.5649655987],[135.4664176655,35.56483504],[135.4663805836,35.5648375718],[135.4663552144,35.5648560126],[135.46630419,35.5648465179],[135.4662463808,35.5648813201],[135.4662050204,35.564879437],[135.4661857976,35.5648668236],[135.4661939946,35.5648266531],[135.4660883531,35.5648067967],[135.4660625288,35.5648239861],[135.4660706614,35.5648778505],[135.4658465505,35.5648523196],[135.4656444748,35.5649006528],[135.465426135,35.5646559589],[135.4654085467,35.5646127068],[135.4651703242,35.5644533469],[135.4650824124,35.5643366802],[135.4650534104,35.5642020769],[135.4652128538,35.5639974642],[135.4650963557,35.5638799315],[135.4650571338,35.5637721313],[135.4650704407,35.5637321846],[135.4651720752,35.5636070773],[135.4653620751,35.5635351582],[135.4654143061,35.5635968781],[135.4654170556,35.5636655716],[135.465440662,35.5637148779],[135.4654991956,35.5637557968],[135.4656576397,35.5637839857],[135.4657767711,35.5637501847],[135.4658056935,35.5637134366],[135.4657703887,35.5636144911],[135.4658017764,35.5635702933],[135.4658136582,35.5634933467],[135.4657723864,35.5634472928],[135.4657367711,35.5634413743],[135.4657194942,35.5634042385],[135.4656839687,35.563419518],[135.4656513359,35.563486599],[135.4657094941,35.5635463467],[135.4656138522,35.5635979322],[135.4655687158,35.5635021042],[135.4654980023,35.5634357964],[135.4655699342,35.5633142654],[135.4655737484,35.5632726261],[135.4655528913,35.5632410765],[135.465556498,35.5630648778],[135.4654474703,35.5629390129],[135.4654543571,35.5628974909],[135.4655242141,35.5628589585],[135.4657712708,35.5628331852],[135.4659049942,35.5627977064],[135.4660375222,35.5626724909],[135.4661672248,35.5624790764],[135.4661888584,35.5623280131],[135.4660959658,35.5622760394],[135.4660873018,35.5622517693],[135.4661073532,35.5622048774],[135.4660898823,35.5621479313],[135.4660322434,35.5620870124],[135.4659783264,35.5620666801],[135.465926252,35.5620048773],[135.4658588324,35.5619563468],[135.4659009729,35.5619217431],[135.4659768344,35.5619106253],[135.4660322438,35.561938104],[135.4660256026,35.562009013],[135.4660660561,35.5620137063],[135.4660753303,35.5620287967],[135.4661733842,35.5620622925],[135.4662447728,35.5620616261],[135.4663807521,35.5618852922],[135.4663185212,35.5618346253],[135.4665346689,35.5617640125],[135.4667050839,35.5618642929],[135.4667772759,35.5620069315],[135.4667810767,35.5620677967],[135.4668010242,35.5621013197],[135.4668929959,35.562141131],[135.4668751874,35.5621645719],[135.4668806617,35.5622377699],[135.4668966671,35.562255239],[135.4669343575,35.5622597422],[135.4669932163,35.5622470127],[135.4670104931,35.5622202389],[135.4669863812,35.5621662389],[135.4671028532,35.5621847696],[135.4672523089,35.562236266],[135.4673510244,35.5622039047],[135.4674526978,35.5620961038],[135.4675011031,35.5621154097],[135.46760227,35.5620961308],[135.4676347724,35.5620521032],[135.4676978079,35.5620111039],[135.4677123866,35.5619257069],[135.4677843319,35.56192241],[135.4678450202,35.5618863469],[135.467880856,35.5618878779],[135.4679599085,35.5619271573],[135.4679524124,35.5619442386],[135.4679663558,35.5619547696],[135.4680378341,35.5619069587],[135.4681247473,35.5618886792],[135.4681253831,35.5619949588],[135.4681964459,35.5621240764],[135.4681589106,35.5621779042],[135.4681604926,35.5622207969],[135.4681851617,35.5622455178],[135.4682493648,35.5622655448],[135.4683472761,35.5622533465],[135.4682574707,35.5620881841],[135.4681877433,35.5620060396],[135.4681664463,35.5619225719],[135.4681895588,35.5618830124],[135.4682780025,35.5619179315],[135.4683572499,35.5619629857],[135.468431725,35.5620451573],[135.4684063037,35.5620666792],[135.4686499994,35.5622664909],[135.4684332691,35.5625443468],[135.4684251884,35.5625804636],[135.4684916862,35.5625996793],[135.4685343062,35.5625792113],[135.4685118285,35.5625065712],[135.468556109,35.5624352655],[135.468640558,35.5623418233],[135.4686800264,35.5623634365],[135.4687241381,35.5623153198],[135.4687610249,35.5623408237],[135.4689165503,35.5623791035],[135.4692781316,35.5625125446],[135.4692954741,35.5625622111],[135.4692914137,35.5626403192],[135.4692788592,35.5626891303],[135.4692466416,35.5627260396],[135.4692252143,35.5628585441],[135.4692644358,35.5629854369],[135.4692398061,35.5630577063],[135.4692497153,35.5631263465],[135.4692373281,35.5632001301],[135.4692500516,35.5632254094],[135.4693151884,35.5632510392],[135.4693991316,35.5632525714],[135.4694883534,35.5632745178],[135.4695316078,35.563336904],[135.4694738527,35.5633968502],[135.4695070559,35.5634002385],[135.469508327,35.5634544367],[135.4695283533,35.5634619855],[135.4695991314,35.5634014639],[135.469631946,35.5634124365],[135.4696342407,35.5634475715],[135.4696872503,35.5635081302],[135.4697217515,35.5634960124],[135.469730636,35.5634687425],[135.4697635544,35.5634457065],[135.4697990798,35.5634638236],[135.4698601688,35.5635686258],[135.4699256688,35.5636386795],[135.469998055,35.5636684908],[135.4700794679,35.5636846255],[135.4701063299,35.5636751844],[135.4701409994,35.56360549],[135.4701928018,35.5636769048],[135.4702826078,35.5637273466],[135.4703367454,35.5637297423],[135.4704105188,35.5637051848],[135.4704481973,35.5637126524],[135.4704601304,35.563728012],[135.4704442153,35.5637466258],[135.4704704416,35.5637677422],[135.4704479643,35.5638151307],[135.4705223094,35.5639163195],[135.4707000009,35.563940184],[135.4707884187,35.5639968235],[135.4708856685,35.5640897064],[135.4710855256,35.5641448778],[135.471208742,35.5641281037],[135.4713074451,35.5640639854],[135.4714007135,35.5640882926],[135.4714426336,35.5640739588],[135.4714980032,35.5640907066],[135.471556836,35.5640549852],[135.4716131397,35.5640454096],[135.4717009997,35.5640879854],[135.471796836,35.5640599047],[135.4718608563,35.5640205444],[135.4719375758,35.5640612649],[135.4720088858,35.564055346],[135.4721246307,35.5639663461],[135.4721900264,35.5638882919],[135.4722424131,35.5637716253],[135.472290053,35.5637244367],[135.4722827771,35.5636723729],[135.4723238917,35.5636295716],[135.4723469393,35.5636785983],[135.4723782499,35.5636663188],[135.4724095207,35.5636038776],[135.472443918,35.5635949314],[135.4724772763,35.563651436],[135.4725236973,35.5636420764],[135.4725621406,35.5635626521],[135.4726188077,35.5635699316],[135.4726458632,35.5636159309],[135.4727613362,35.5636362654],[135.4728197803,35.5636046789],[135.4728302216,35.5635448776],[135.4727707522,35.5634458501],[135.4728115831,35.563442598],[135.4728283015,35.56348349],[135.4729066416,35.5634969043],[135.4729653318,35.5634807693],[135.4729976668,35.5634459309],[135.4730371086,35.5634848499],[135.4730704418,35.5634835714],[135.4731680032,35.5634283729],[135.4732188077,35.5633684631],[135.473213114,35.5633280764],[135.4732437501,35.5633151303],[135.4732659663,35.5632385977],[135.4732357212,35.5631749311],[135.4731600262,35.5631132112],[135.4731835545,35.5630908769],[135.4731731914,35.5630727058],[135.4731154094,35.5630340763],[135.4730368359,35.5630412107],[135.4730312454,35.5631018498],[135.4729476147,35.563123184],[135.472903944,35.5631687966],[135.4728587162,35.5631669854],[135.4728523097,35.5631355714],[135.4727661877,35.5631460123],[135.4727129181,35.5631623727],[135.472681245,35.5632305442],[135.4725964078,35.563233958],[135.472639807,35.5631085986],[135.4726335807,35.5630163461],[135.4725886123,35.5629774902],[135.4725759926,35.5628466524],[135.4725789378,35.5627347061],[135.4726110776,35.5627301568],[135.4726244755,35.5627053464],[135.4725924399,35.5626604899],[135.472610195,35.5626463195],[135.4725821403,35.562615823],[135.4726159662,35.5625701035],[135.4725536325,35.5625541568],[135.4725463817,35.5625011034],[135.4724633081,35.5623999848],[135.47247978,35.5622452922],[135.4725255769,35.5621557957],[135.4725213889,35.5621419042],[135.472493333,35.5621469851],[135.4724458897,35.5621828498],[135.4724324643,35.5621733193],[135.472444994,35.5619963464],[135.4724130743,35.5619522114],[135.4723594682,35.5619185438],[135.4724113889,35.5618569311],[135.4723906625,35.5618363728],[135.4723111675,35.5618164903],[135.4722844754,35.5617828233],[135.4723078607,35.5617157965],[135.4723339431,35.5617076793],[135.472363826,35.5617245982],[135.4724317774,35.5617247063],[135.4724669399,35.5616614897],[135.472452698,35.5616304362],[135.4724196896,35.5616182917],[135.4723753828,35.5616452383],[135.4723318815,35.5616351301],[135.4722663038,35.5616912648],[135.472231414,35.5616968773],[135.4721899354,35.5616809315],[135.4721132687,35.5616267692],[135.4720288067,35.5615194095],[135.4720065503,35.5614464095],[135.4719855247,35.5614420764],[135.4719487816,35.5614757965],[135.4719146955,35.5614597965],[135.4719428927,35.5614494631],[135.4719281064,35.5614148503],[135.4718363047,35.5614203189],[135.4717876406,35.5613724363],[135.471662918,35.5613322923],[135.4715694162,35.5612428499],[135.471619741,35.5611874357],[135.4715626331,35.5611494357],[135.4715343056,35.5611465173],[135.4715083537,35.5611845173],[135.4714822179,35.5611827965],[135.4714334637,35.5610652108],[135.4713928282,35.5610188767],[135.4713389111,35.5610169313],[135.4710583275,35.5608252378],[135.4710831128,35.5607633462],[135.4710743578,35.560701184],[135.4710879118,35.5606853729],[135.4712560835,35.5606105985],[135.4714430483,35.5604627695],[135.4714689754,35.5603961028],[135.4714757195,35.5602887693],[135.4715087159,35.5602695442],[135.4716306621,35.5602465437],[135.4717646686,35.5601836793],[135.4718268875,35.5602341568],[135.4718867716,35.560251265],[135.4718828019,35.5602855171],[135.4719391052,35.5602771033],[135.4719954991,35.5602920391],[135.4720868866,35.5602331295],[135.472102503,35.5602049037],[135.4721443838,35.5601945436],[135.4721185224,35.5601520386],[135.4721881969,35.560075211],[135.4721466024,35.5600388773],[135.4721480035,35.5599983188],[135.4721943066,35.5599332653],[135.4721425031,35.5598595709],[135.4722671602,35.5597727686],[135.4723317246,35.559685184],[135.4723716604,35.5596672384],[135.4723804674,35.5596505978],[135.4723514395,35.5596209849],[135.4723239689,35.5595384094],[135.4723653311,35.5594733189],[135.4724154479,35.5594352378],[135.4724250202,35.5593847962],[135.472448885,35.5593781295],[135.4724491048,35.5593455979],[135.4724255771,35.5593178227],[135.4724306885,35.5591922921],[135.4723813881,35.5591758498],[135.4723703886,35.5591552376],[135.472395357,35.5590798232],[135.4723868874,35.5590096517],[135.4724400519,35.5589101027],[135.4724190267,35.5588847685],[135.472448638,35.5588300114],[135.4725477429,35.558701904],[135.4726040475,35.5586966519],[135.4726255767,35.5586098497],[135.4726499354,35.5585774354],[135.4727428284,35.5585261026],[135.4727689754,35.5584907684],[135.4729016599,35.55839185],[135.4729611925,35.558363076],[135.4730426592,35.5583864361],[135.4731325811,35.5583691567],[135.4731886383,35.5583993183],[135.4732321395,35.5583744627],[135.4733011028,35.5582889303],[135.473294501,35.5582697057],[135.4732013882,35.558236039],[135.4731678336,35.5582077685],[135.4731551621,35.5581537413],[135.4733815306,35.5578967414],[135.473465915,35.5578642106],[135.4735021924,35.5578335437],[135.4734276399,35.5577291026],[135.4734579638,35.5576625439],[135.4734312971,35.5576227686],[135.4734548902,35.5575605702],[135.4734233082,35.5574455976],[135.4733979381,35.5573969846],[135.4733321144,35.5573574898],[135.4733079115,35.5572481569],[135.4732796372,35.5572206243],[135.4732206353,35.5572019847],[135.473246524,35.5571026785],[135.4733205184,35.5570400757],[135.4736405837,35.5568961838],[135.4740763038,35.5568581569],[135.474321466,35.5568824626],[135.4746707521,35.5569757417],[135.4750112447,35.557043768],[135.4752326976,35.5570709577],[135.4757154992,35.5572569302],[135.4760207779,35.5574867683],[135.4762740859,35.5576334352],[135.4766814144,35.5578091563],[135.4767700525,35.5578647954],[135.4769043064,35.5579997951],[135.4770035284,35.5580748497],[135.4770967197,35.5582642648],[135.4771965249,35.5584060382],[135.4772320231,35.5584267417],[135.47731467,35.5584039301],[135.4775859661,35.5584286247],[135.477733243,35.5583954619],[135.4777465505,35.5583645167],[135.4777258896,35.5583397411],[135.4777481322,35.5582759307],[135.4776431133,35.5582250752],[135.4776339956,35.5581861025],[135.4777155519,35.558110822],[135.4778026339,35.5580706516],[135.477876357,35.5580625701],[135.477963528,35.5580938765],[135.4780872768,35.5581643457],[135.4782174712,35.5582089036],[135.478316668,35.5583073181],[135.4784730487,35.5583299035],[135.4784711425,35.5583685698],[135.4784360318,35.5584090755],[135.4783656941,35.5584365165],[135.478346357,35.5584767416],[135.4783501958,35.558497489],[135.4784023879,35.5585117682],[135.4783843586,35.5585532374],[135.4784870304,35.5585229572],[135.4786672766,35.5584343182],[135.4785882234,35.5584984086],[135.4786246058,35.5585350754],[135.4787184446,35.5584733726],[135.4787775754,35.5584037678],[135.4787773544,35.5583690755],[135.4787422708,35.5583187054],[135.4787274457,35.5582573448],[135.4787399749,35.5582127952],[135.4787625818,35.5581973721],[135.4788358632,35.5581929305],[135.4791723617,35.5583021831],[135.4793328929,35.5583327049],[135.4795775755,35.5584295976],[135.4797239703,35.5584414894],[135.4798038525,35.5584905157],[135.4799445019,35.5584902103],[135.4800408311,35.5585204622],[135.4802871865,35.5585464079],[135.4803076673,35.5585725433],[135.4802951367,35.5586512643],[135.4803814923,35.558666795],[135.4804324649,35.5587355969],[135.4805541908,35.5587620748],[135.4807503898,35.5587345427],[135.4807987165,35.5587463723],[135.4808813367,35.5587849303],[135.4808579126,35.5588922097],[135.4809158638,35.558972489],[135.4809751112,35.5590034891],[135.4811566031,35.5590322914],[135.4812428933,35.5590270751],[135.4813621409,35.5589743184],[135.481494281,35.5588923178],[135.4815987166,35.5588619299],[135.4817010776,35.5588111023],[135.4817474459,35.5588060754],[135.4817872768,35.5588345427],[135.4818371875,35.5588438494],[135.4819062788,35.5588051292],[135.4819626604,35.5588179836],[135.482008354,35.5587801561],[135.482038471,35.5588139836],[135.4822157211,35.5587346241],[135.4822973032,35.5586532095],[135.4827150851,35.5585262912],[135.482823529,35.5584228221],[135.482903698,35.5584273177],[135.4830572265,35.5585165699],[135.4831118817,35.558524291],[135.4832601704,35.558398822],[135.4833993659,35.5582463717],[135.4837534383,35.5579188761],[135.4838316092,35.5578930744],[135.4839826995,35.5578092638],[135.4842323106,35.5577957403],[135.4842556433,35.5578049296],[135.4842988085,35.557866408],[135.4843562278,35.557873075],[135.4845327253,35.5577703442],[135.4845864474,35.5577690379],[135.4846224146,35.5577868488],[135.4846501311,35.557832038],[135.4846049438,35.5580005964],[135.4846203254,35.5580739298],[135.484651609,35.558117957],[135.4846281072,35.5582207949],[135.4846684198,35.5582840745],[135.4847407141,35.5583085422],[135.4847780303,35.5583083177],[135.4848627258,35.5582584079],[135.484963334,35.5581011019],[135.4851286398,35.5580635156],[135.4851830753,35.5579624079],[135.4851655781,35.5579229564],[135.4852314152,35.5578385152],[135.4853416874,35.5578668484],[135.4853347482,35.5580471288],[135.4853691969,35.5581146232],[135.4853347481,35.5581765694],[135.4853625309,35.5583401827],[135.4854047485,35.5583612902],[135.4854178616,35.5584714342],[135.4855483541,35.5585310107],[135.4856455784,35.5585312903],[135.4857112207,35.5584830374],[135.485771299,35.5585087044],[135.4858469142,35.5584937674],[135.4859221938,35.5584591825],[135.4860878099,35.5584176238],[135.4862363312,35.5583073178],[135.4862652549,35.5582478482],[135.4863458645,35.5582457048],[135.4865327,35.5580809561],[135.4865287434,35.5580022363],[135.4865987439,35.5579642096],[135.4866075249,35.5579399025],[135.4854555784,35.5574568485],[135.4846266937,35.557137678],[135.4837805855,35.5568435153],[135.4826766944,35.5566276775],[135.4822075234,35.5565976776],[135.4815419731,35.5565143452],[135.4813080815,35.5564457412],[135.4810850211,35.5562835158],[135.4807122448,35.5559004619],[135.4805441906,35.5557682368],[135.4804183535,35.5557190751],[135.4801005847,35.5556651829],[135.4779161346,35.5553704622],[135.477362776,35.5552574081],[135.477218885,35.5551837951],[135.4764838913,35.5546090753],[135.474995279,35.5539957416],[135.4743294416,35.5537799034],[135.4741305575,35.5537201834],[135.4739866663,35.5537104626],[135.4732486109,35.5537251834],[135.4727027756,35.553813516],[135.4724327753,35.5538135167],[135.4723186118,35.5537937952],[135.4714047204,35.5533032371],[135.4706716587,35.5529932379],[135.4697780536,35.5526893456],[135.468480829,35.5523062919],[135.4668527746,35.5519174093],[135.4666116582,35.5518187957],[135.4663058351,35.5515399036],[135.4661797133,35.5514662921],[135.4656566646,35.551293796],[135.4654286104,35.5511907419],[135.4650025008,35.5509212923],[135.4641194137,35.549978796],[135.4638971831,35.5497974089],[135.4635374684,35.5495721302],[135.4621255222,35.5490401841],[135.4610755223,35.5487068505],[135.4607574677,35.5485890759],[135.4604924606,35.5484604635],[135.4603785831,35.5478076793],[135.4601566379,35.5468912923],[135.4599938489,35.5463837965],[135.4599819172,35.5462710121],[135.4600119171,35.5460407422],[135.4600657949,35.5458151844],[135.4600477392,35.5452454625],[135.459951631,35.5447110118],[135.4599638489,35.5445612916],[135.4602638487,35.5441249042],[135.460318025,35.5439726792],[135.4602999703,35.5438699034],[135.4596460791,35.5434287956],[135.4592977396,35.5430946252],[135.4588657941,35.5425701842],[135.4583308002,35.5418629575],[135.4581077386,35.5415324362],[135.4571957936,35.5407241032],[135.4566552481,35.5402960393],[135.4561694113,35.5400802106],[135.4560913579,35.5400215979],[135.4560313576,35.5399527062],[135.4558927457,35.5396815975],[135.4556230166,35.5390149311],[135.4555149636,35.5388777058],[135.4553349627,35.5387552112],[135.4548599297,35.5383665982],[135.4544160518,35.5379599308],[135.4541693855,35.5375991027],[135.4541154942,35.5373393731],[135.4541454935,35.5369374356],[135.4543854939,35.5355929845],[135.4545471541,35.5341574354],[135.4545232629,35.5340496511],[135.4544632629,35.5339271561],[135.4540852085,35.533481319],[135.4538510456,35.5331318761],[135.453731045,35.5325241022],[135.4536468815,35.5322524351],[135.4535688268,35.5320904891],[135.4531607724,35.5317229846],[135.4528235477,35.5314952103],[135.4520499287,35.5311374356],[135.4519357651,35.531039373],[135.4518757657,35.5309168767],[135.4516596565,35.5297741024],[135.4514790981,35.5290218766],[135.4514552075,35.5287521567],[135.4514610438,35.5281915971],[135.4514429889,35.5280543725],[135.4513829892,35.5279318768],[135.4512988264,35.5278827058],[135.450067996,35.5273660385],[135.4498699277,35.5272532648],[135.4498460503,35.5272041028],[135.4498341051,35.526939372],[135.4494499273,35.5260510383],[135.4494135461,35.5258968766],[135.449395492,35.5257449303],[135.4494854914,35.525396876],[135.4494193832,35.5246363183],[135.4494313283,35.5242838226],[135.4493471521,35.5237332646],[135.4493532611,35.5235615973],[135.449413261,35.5232871561],[135.4496654667,35.5225554889],[135.4497193572,35.5222499301],[135.4497915742,35.5215443718],[135.4498035195,35.5212385432],[135.4499340783,35.5207996508],[135.4518124308,35.5209521562],[135.4519807697,35.5209224346],[135.4521732608,35.5208585428],[135.452251328,35.5207849299],[135.4524207704,35.5204641013],[135.4527396555,35.519776318],[135.4529865942,35.5191407672],[135.4530827156,35.5189491013],[135.4531549343,35.5188704883],[135.4532332612,35.5188360373],[135.4534513276,35.5188002095],[135.4535293834,35.518770767],[135.4538485394,35.5183079832],[135.4541013281,35.5181163172],[135.4543357639,35.5179885423],[135.454456879,35.5179538217],[135.4550165937,35.5179196501],[135.4552090971,35.5178902089],[135.4559368793,35.517565767],[135.456208825,35.5173679831],[135.4566418734,35.5169304877],[135.4571182669,35.5166591007],[135.4574682677,35.5164210371],[135.4578474375,35.516111596],[135.4581182674,35.5158021547],[135.4582565941,35.5156743704],[135.4586171518,35.5155071545],[135.4591657648,35.5151765956],[135.4594485388,35.5149113167],[135.459768539,35.5144579823],[135.4598346609,35.5144038204],[135.4600513282,35.5143399287],[135.4604482678,35.5142957666],[135.4606588252,35.5142368743],[135.4612254909,35.5139163163],[135.4614902129,35.513729649],[135.461724661,35.5135968741],[135.4622974378,35.5134140363],[135.46364605,35.5131679824],[135.4639407703,35.5130649283],[135.4640913286,35.5129665946],[135.4642429881,35.5127782624],[135.4645502137,35.512034928],[135.4647007709,35.511828541],[135.4650674373,35.5115977031],[135.4656157651,35.5112229814],[135.466338267,35.5105485404],[135.4665013286,35.5101974322],[135.4666638183,35.5094896488],[135.4667179952,35.5093660353],[135.4667779954,35.509316874],[135.4669765949,35.5092727022],[135.467812717,35.5092382614],[135.4697896553,35.5094149276],[135.4699941052,35.5093952068],[135.4700843768,35.5093607648],[135.470559384,35.5089385405],[135.4713607714,35.5083277022],[135.4715113286,35.5082885404],[135.4718963229,35.5082735399],[135.4722585404,35.5082835403],[135.4725652075,35.5083621527],[135.4726916007,35.5083621527],[135.4728538191,35.5083227022],[135.4730402136,35.5082343686],[135.4737393838,35.5077571525],[135.4744021591,35.5071313146],[135.475384105,35.5064213144],[135.4756068801,35.5062102067],[135.4762324323,35.5054963143],[135.4759499277,35.5052896472],[135.4753116008,35.5049393687],[135.4750465946,35.5047179803],[135.4748179952,35.5044229803],[135.4745652068,35.5038815934],[135.4743485399,35.5032771527],[135.4740974379,35.5028732605],[135.4739468793,35.5027057648],[135.4737316007,35.5025118725],[135.473289383,35.5021529803],[135.4732085397,35.5020296476],[135.4732085395,35.5018140982],[135.4731710437,35.5017568722],[135.4728316003,35.5014882601],[135.4726377086,35.5013077016],[135.4725838185,35.5011799261],[135.4726810432,35.5006577011],[135.4728424313,35.5001513143],[135.473079927,35.4996607644],[135.4734518731,35.4985968725],[135.4739210432,35.4974768718],[135.4741793823,35.4969835385],[135.4743196551,35.4964488177],[135.4744113277,35.4958340978],[135.474449927,35.4953877007],[135.4745568783,35.4949424305],[135.4747290961,35.4945418718],[135.4750738173,35.4940132597],[135.4750846608,35.493916314],[135.4750468788,35.4936813138],[135.475062987,35.4933199257],[135.4751168787,35.4931263131],[135.4753113273,35.4928249253],[135.4756454902,35.4923849251],[135.4759577081,35.4920852053],[135.4759954897,35.4919663131],[135.4759577084,35.4918607633],[135.4758013271,35.4915776999],[135.4756774361,35.4914057636],[135.4756182655,35.4912738173],[135.4756196536,35.4909660336],[135.4756546596,35.4908193677],[135.4757907695,35.4905960335],[135.4761490958,35.4901888174],[135.4762627145,35.4900099253],[135.4763065927,35.4898346461],[135.476311042,35.4896846465],[135.47621466,35.4894510327],[135.4761141027,35.489315205],[135.4759302115,35.4891860334],[135.4758382659,35.4890929795],[135.4757727151,35.4889929795],[135.4755057621,35.4882729794],[135.4753999257,35.4881721507],[135.4752379938,35.4880863131],[135.475041327,35.4880504839],[135.4747877071,35.4880327001],[135.4745082651,35.4880754839],[135.4744252045,35.4881327001],[135.4743552044,35.4882221509],[135.4741849326,35.4885154843],[135.4739524293,35.4888352057],[135.4737513268,35.4890457629],[135.4733668779,35.4895071513],[135.4730510419,35.489791033],[135.4728368774,35.4899268715],[135.4727104836,35.4899624306],[135.472469926,35.4899554841],[135.4721668511,35.4898910336],[135.4716726887,35.4896871512],[135.4713668509,35.4894904846],[135.4712268507,35.489426034],[135.4711043483,35.4893832599],[135.4706751777,35.4893035387],[135.4705879539,35.489264098],[135.4704435176,35.4891427007],[135.4703737898,35.4890282591],[135.4703254636,35.4886090972],[135.470246566,35.4882682596],[135.4701285121,35.4879571517],[135.4698701845,35.4875446461],[135.4692926876,35.4867740978],[135.4692490684,35.4866132596],[135.4692885119,35.4862760335],[135.4694240751,35.4858327004],[135.4695421292,35.4851768715],[135.4695943474,35.4847907632],[135.4695726871,35.4847299252],[135.4695376801,35.4847049254],[135.4691651773,35.4846899252],[135.4690996266,35.4846721517],[135.4689074086,35.484571871],[135.468579626,35.4844827004],[135.4684440747,35.4844182598],[135.4683035176,35.4843093676],[135.4680804561,35.4841699259],[135.4677087959,35.4841163139],[135.467108511,35.4840624306],[135.4669771233,35.4840338171],[135.4669076805,35.4839799255],[135.4668332323,35.4837977009],[135.4668201841,35.4835277008],[135.4667240749,35.4829054846],[135.4665749043,35.4824749251],[135.4663871224,35.4820493677],[135.4662601833,35.4818813139],[135.4657524019,35.4813227],[135.4652543459,35.4809579798],[135.4647112854,35.4804702058],[135.4642865637,35.4801652056],[135.4632151764,35.4794877004],[135.462821843,35.4791410337],[135.4624887951,35.4788110332],[135.4624101831,35.4786929796],[135.4623271221,35.4784785387],[135.4622351755,35.4781424309],[135.4621607399,35.4780088171],[135.4618021278,35.4775690972],[135.4616312843,35.4773315925],[135.4614037878,35.4769310339],[135.4613426853,35.4767810332],[135.4612768479,35.4765393671],[135.4611851754,35.4761210331],[135.4611021272,35.4759890973],[135.4606685095,35.4756124301],[135.4604582102,35.4752468718],[135.4603576532,35.4749035381],[135.460151816,35.4745515921],[135.4596840342,35.4738460335],[135.4592643189,35.4734563136],[135.4590104279,35.4731718717],[135.4589623733,35.4729752056],[135.459023489,35.4726788177],[135.4591332035,35.4723621509],[135.4591943187,35.4720760333],[135.4592204269,35.471679097],[135.4593743181,35.4712557635],[135.4596582091,35.4708696462],[135.4597065361,35.4707624303],[135.4597021002,35.4706660329],[135.4595659783,35.4702777004],[135.4594040329,35.4698988167],[135.4592904275,35.4697376998],[135.4590632034,35.469480484],[135.4585726452,35.4690177001],[135.4584370942,35.4688604844],[135.4583670935,35.4686960334],[135.4583409847,35.4685349251],[135.4583543175,35.4683046464],[135.4583893112,35.4681829787],[135.4584548754,35.4680757631],[135.4586120993,35.4679365924],[135.4589104271,35.4677424303],[135.4597234875,35.4674313131],[135.4598465354,35.4673368708],[135.4599821001,35.4671438172],[135.4600826446,35.4668613132],[135.4601965353,35.4660015919],[135.4603057055,35.4656582589],[135.4605973655,35.4652138167],[135.4609168203,35.4647796457],[135.4612184812,35.4642471508],[135.461459597,35.4640349243],[135.4620218151,35.463622978],[135.4621484813,35.4634307628],[135.4622993112,35.4631446454],[135.462401814,35.4628979782],[135.4627762634,35.462250483],[135.4628729291,35.4621618701],[135.4630959775,35.462097699],[135.4632529291,35.4620779778],[135.4639601548,35.4620626988],[135.4647018145,35.4619640959],[135.4651190389,35.4617752037],[135.4652879233,35.4616321502],[135.4658082089,35.461122429],[135.4659529299,35.4608904832],[135.4660854337,35.4607971497],[135.4662423724,35.4607526984],[135.4665740332,35.4607082575],[135.4668093117,35.4606490957],[135.4669601551,35.4605602041],[135.4671240329,35.4604302033],[135.4679562643,35.4595521496],[135.4684515676,35.4590568694],[135.4687774044,35.4587610318],[135.4691707373,35.458462977],[135.4694601803,35.4581618692],[135.4695929554,35.4579349232],[135.4696954591,35.4576143651],[135.469942955,35.4566210311],[135.4700090642,35.4564979775],[135.4707040712,35.4558693649],[135.4707643438,35.4556918691],[135.4707401803,35.4553760313],[135.4705168459,35.4548313109],[135.4703296226,35.4544907608],[135.4698921256,35.4542957611],[135.4696534877,35.4541568692],[135.4693754327,35.4539471488],[135.4692773654,35.4538268693],[135.4690976512,35.4535360306],[135.4686432019,35.452946869],[135.468604032,35.4528426983],[135.4686137586,35.4526529771],[135.4685976514,35.4526129772],[135.4684206975,35.4524035355],[135.4681432022,35.4521552026],[135.467992929,35.452155203],[135.4672084802,35.4523793651],[135.4670051469,35.4523793653],[135.4668351463,35.4523552027],[135.4665901541,35.4522485358],[135.4664793107,35.4521149228],[135.4662665344,35.4517685359],[135.4661945894,35.4515763111],[135.4658451469,35.451242428],[135.4657306969,35.4510702034],[135.4657079224,35.4509793647],[135.4657437579,35.4507763114],[135.4658351462,35.4506002031],[135.465904031,35.4503876979],[135.4659757038,35.4500299228],[135.4659562624,35.449832428],[135.4658709832,35.4495663109],[135.4657206973,35.4491471486],[135.4656326435,35.4489735363],[135.4655543156,35.4488932566],[135.4653934856,35.4487988149],[135.4652040307,35.4487213114],[135.4649195953,35.4485657613],[135.4646551454,35.4483493649],[135.4645570921,35.4482504816],[135.4643970912,35.4480340945],[135.4641873638,35.4477952031],[135.4638773638,35.4474960307],[135.4637337575,35.4474079766],[135.4634845884,35.4473054817],[135.4633573632,35.4472226983],[135.4631906965,35.4470652031],[135.4631120969,35.446671031],[135.4631054318,35.4461793648],[135.4630170913,35.4457235363],[135.4630204247,35.4454510308],[135.462994315,35.4452988152],[135.4628145883,35.4451065902],[135.4625976494,35.4450471486],[135.4623984792,35.44504159],[135.4620784787,35.445089644],[135.4617748725,35.4450015903],[135.4613729273,35.4449454824],[135.4598923702,35.4448357612],[135.4593751442,35.4448679768],[135.4588820972,35.4449482573],[135.4588429269,35.4449240956],[135.4588265329,35.4448813114],[135.4588459745,35.44466659],[135.4589634847,35.4442338147],[135.4590909819,35.4439652027],[135.4591398658,35.4437326979],[135.4591398651,35.4436043655],[135.4591073627,35.4434763112],[135.4590190352,35.4432735362],[135.4588359743,35.4425182569],[135.4588229265,35.442164365],[135.4583454306,35.4413671488],[135.4581495928,35.4410918694],[135.4579598644,35.440735203],[135.4578618104,35.4406071488],[135.4573701503,35.4406421488],[135.4568837561,35.4407299228],[135.4562434834,35.4407404825],[135.4560215392,35.4406871487],[135.4555498646,35.4405368695],[135.4549228997,35.4402138149],[135.454409008,35.4400152034],[135.4539651175,35.4397935359],[135.4537431721,35.4397215905],[135.4536581777,35.4396654826],[135.4530106694,35.4389671493],[135.4525070635,35.4386880043],[135.4517134439,35.4381271763],[135.4516045595,35.4379732842],[135.4514315117,35.4376635631],[135.4512323412,35.4374977344],[135.4502740018,35.4370613383],[135.4492278928,35.436446068],[135.4486792546,35.4359921763],[135.448384805,35.4358041229],[135.4483325872,35.4357241226],[135.4483225866,35.4356357889],[135.4483784243,35.4354682845],[135.4486820289,35.4350649502],[135.4486953628,35.4349902304],[135.4486559203,35.4349074555],[135.4485875942,35.4348246713],[135.4484403692,35.4347285637],[135.4480678663,35.4345352304],[135.4478262063,35.4343616174],[135.4474789805,35.4342541224],[135.4472959196,35.4341605094],[135.4472145333,35.434069671],[135.4471425868,35.4339094017],[135.4470442593,35.4334727348],[135.4469756475,35.4333657882],[135.446789538,35.4332535638],[135.4464725862,35.4331949502],[135.4458809266,35.4328838422],[135.4457798113,35.4327716178],[135.4453053622,35.432107176],[135.4450798108,35.4315599501],[135.444975362,35.4314557888],[135.4449067506,35.4314368966],[135.4448414715,35.4314477341],[135.444585919,35.4316430045],[135.4442625856,35.431789672],[135.4440895383,35.4318218962],[135.443955647,35.4318030049],[135.4434906407,35.4316477345],[135.4430300831,35.4315596721],[135.4426709258,35.4315407883],[135.4421078644,35.4316557887],[135.4417028704,35.4316477351],[135.4412978645,35.4315621764],[135.440877034,35.431394123],[135.44054898,35.4311602311],[135.4402811974,35.4308744017],[135.4399806407,35.4307488427],[135.4391237012,35.4305771771],[135.4389603668,35.4305105101],[135.4387711971,35.4303796715],[135.4386667492,35.4303288431],[135.4384598102,35.4302935639],[135.4379175922,35.4302641228],[135.4375845306,35.4302694019],[135.4374278636,35.4302402313],[135.4373231428,35.4301999513],[135.4370442577,35.4299716179],[135.4367534145,35.4296777346],[135.4366262036,35.4296110689],[135.4363878638,35.4295577353],[135.4362378636,35.4294882847],[135.4360870339,35.4293402312],[135.4359603668,35.4292502311],[135.4358192515,35.4292082853],[135.4351420267,35.4290944018],[135.4347292515,35.4289121768],[135.43454536,35.4288905099],[135.4343339723,35.4289310696],[135.4339398099,35.4291380055],[135.4335959175,35.4294027354],[135.4334550874,35.4295630053],[135.433277305,35.4296785646],[135.4330806393,35.4297527357],[135.4319925848,35.4298071777],[135.4314875911,35.4299518972],[135.4312962028,35.4300468972],[135.4310028695,35.4302513398],[135.4308717539,35.4304113396],[135.4308137007,35.4305207901],[135.4307934145,35.4307318976],[135.4305028691,35.4320338442],[135.4303084216,35.4323782854],[135.4300003664,35.4330680055],[135.4298598093,35.4331760699],[135.4288639726,35.4336344027],[135.4286423127,35.4337207902],[135.4277309242,35.4337635649],[135.427678693,35.4337327366],[135.4276403668,35.4335896732],[135.4275764756,35.4334399525],[135.427413142,35.4332894033],[135.4272039725,35.4331968981],[135.4271314696,35.4331991241],[135.4265914695,35.4333155116],[135.4263678632,35.4333060702],[135.4259895362,35.433239124],[135.4257400808,35.4331202321],[135.4257400811,35.4330821779],[135.4257923119,35.4329507903],[135.4260420254,35.4326135653],[135.4260536998,35.4325185652],[135.4259867474,35.4322763407],[135.4258528685,35.4320971785],[135.4256498093,35.4318741246],[135.4255859172,35.4317624571],[135.425539251,35.4315332863],[135.4254950872,35.4309791243],[135.4249434137,35.4304407906],[135.4247120255,35.4301021784],[135.4245725832,35.4295891244],[135.4245250861,35.4295502318],[135.4241142562,35.4294271781],[135.4237209235,35.4292582858],[135.423533699,35.429078286],[135.4234603649,35.4289582866],[135.4233762021,35.4286913405],[135.4232509225,35.4284830059],[135.4228209224,35.4279238444],[135.422119535,35.427418844],[135.4217892495,35.427061898],[135.4216025829,35.4269810701],[135.4212273034,35.4268810705],[135.4203656433,35.4264521779],[135.4202467464,35.4263457906],[135.4199164731,35.425965232],[135.4197589764,35.4259260705],[135.4192934117,35.4260252323],[135.4189559147,35.4260341245],[135.4187359153,35.425998006],[135.4177184186,35.4256824573],[135.4174103643,35.4256344037],[135.416158419,35.425240233],[135.4157328671,35.4250394037],[135.4151223092,35.4247960705],[135.4147553574,35.4247332863],[135.4146309213,35.4247302323],[135.4145025811,35.4247632871],[135.4143889757,35.4248318985],[135.4143045279,35.4249310705],[135.4142347989,35.4250568987],[135.4142236979,35.4255118986],[135.4141503633,35.4260788446],[135.4140842541,35.426506341],[135.4140256427,35.4265694039],[135.4139009216,35.4265963407],[135.4134350849,35.4265752325],[135.4132884188,35.4265813409],[135.4129892488,35.426651071],[135.4124942545,35.4268491248],[135.4122375884,35.4268668989],[135.4120617509,35.4268610708],[135.4119370308,35.4268160707],[135.4117498067,35.4268041249],[135.4114039698,35.4268494041],[135.4108867457,35.4270474584],[135.4107034108,35.4270863415],[135.4102073018,35.4271382871],[135.4099945274,35.4272402337],[135.4096536974,35.4275730077],[135.4093770304,35.4277207914],[135.4090542539,35.4278616208],[135.4087609216,35.4279427373],[135.4086803627,35.4279216207],[135.4086362002,35.4278705127],[135.408493139,35.4276068997],[135.4083275878,35.4272385669],[135.4081625808,35.426830512],[135.4080342533,35.4263146741],[135.4078906359,35.4259135662],[135.4076964716,35.4254966205],[135.4076192471,35.4253530075],[135.4073625802,35.4252118995],[135.4073259131,35.4251610711],[135.4071464713,35.4234968995],[135.4071684169,35.4231938448],[135.4072345261,35.4230321788],[135.4073000776,35.422963287],[135.4075347981,35.4228163414],[135.4075714655,35.4227441249],[135.4075714649,35.4226452329],[135.4074173013,35.4218844042],[135.4073439678,35.4217732873],[135.4069286888,35.4214205122],[135.4068259131,35.4212974583],[135.406457029,35.4206649534],[135.4061236963,35.4202710709],[135.4055978584,35.419845791],[135.4056600772,35.4197894039],[135.4056398042,35.4194132872],[135.4054517499,35.4190899533],[135.4053120211,35.4188018988],[135.4052550826,35.4185268993],[135.4052070282,35.4181294042],[135.4051634089,35.4175057907],[135.4051634093,35.4168549526],[135.4051856406,35.4166694035],[135.4053125792,35.4164946739],[135.4054306343,35.4163896738],[135.4057978587,35.4162807906],[135.4058895314,35.4162196736],[135.4062395311,35.4158657906],[135.4062525789,35.4158091246],[135.4062261983,35.4156938452],[135.4061036949,35.4155846733],[135.4058064703,35.4153749529],[135.4056098045,35.415169674],[135.40535647,35.4148202331],[135.4050189724,35.4141060708],[135.4049314636,35.4138705114],[135.404742864,35.4134527369],[135.4045417487,35.4131863404],[135.4041875858,35.4127846741],[135.4038550815,35.4125557905],[135.4030728638,35.4120971791],[135.4030334081,35.412009674],[135.4030289726,35.4118655116],[135.4030728634,35.4117302325],[135.4031120206,35.4114638445],[135.4031875853,35.4113307905],[135.4034145243,35.4110513404],[135.4035500753,35.4109291243],[135.4037425787,35.4108241247],[135.4042978567,35.4106713405],[135.4048486871,35.4103568988],[135.4054364692,35.410071619],[135.4055020205,35.40997107],[135.405545911,35.409827178],[135.4055370274,35.4097266195],[135.4054845247,35.4095780066],[135.405405911,35.4094255116],[135.4054014628,35.4093177359],[135.4054759114,35.4090121783],[135.4056245239,35.4087544036],[135.4057511898,35.408601619],[135.4060136945,35.4083830064],[135.4061142507,35.408306619],[135.4064156387,35.4082499523],[135.4064811899,35.4081888442],[135.4064900747,35.4080882857],[135.4063675854,35.4079049517],[135.4061495302,35.4074485653],[135.4061450809,35.4073441238],[135.4060534082,35.407134403],[135.4060139656,35.4069902325],[135.4060314625,35.4068538444],[135.4061934077,35.406508844],[135.4062370265,35.4061332858],[135.4062806325,35.4059760703],[135.4064256391,35.405778006],[135.4066484154,35.405646898],[135.4068011893,35.4055027362],[135.4069236933,35.4054460702],[135.4073347957,35.4050007895],[135.4076064691,35.4045485652],[135.408250075,35.4038607897],[135.4083856384,35.403690511],[135.408416197,35.4035421779],[135.4084028625,35.4032410693],[135.408337299,35.4030924565],[135.4081272991,35.4027632856],[135.408009245,35.4026366187],[135.4079786871,35.4024968974],[135.4077247951,35.4021630055],[135.407554251,35.4019010694],[135.407523693,35.4017918973],[135.4075323058,35.4017218973],[135.4075586866,35.4016827356],[135.4077598022,35.4016216183],[135.4083370261,35.4015299516],[135.4088134075,35.4013771778],[135.409111748,35.4012349511],[135.4092953537,35.401116897],[135.4094398024,35.4009902313],[135.4095664686,35.4008288431],[135.4097417475,35.4003463395],[135.4097461964,35.4000668971],[135.4096806326,35.3999488433],[135.4095536937,35.3998049511],[135.4093745233,35.3996999511],[135.4092170258,35.3995777355],[135.4091250803,35.3993532857],[135.4090856381,35.3989996725],[135.4089545228,35.3987332853],[135.4088250801,35.3981674562],[135.4088731349,35.397669402],[135.4088425765,35.3975863391],[135.4086589711,35.397416339],[135.4084314615,35.3971063392],[135.4082870256,35.3965705103],[135.408256468,35.3964002306],[135.4082825771,35.3961555098],[135.4082695283,35.3959241227],[135.4081995288,35.3956882849],[135.4080945228,35.3954702313],[135.4080947948,35.3952618969],[135.408142862,35.3949560687],[135.408125352,35.3944363391],[135.4080642497,35.3944013386],[135.407946196,35.394405789],[135.4078153528,35.3944582851],[135.4073867409,35.3947113387],[135.4071900734,35.3947638429],[135.407023964,35.3947638434],[135.4066128609,35.394667735],[135.4062570249,35.3945582848],[135.4060875829,35.3944513392],[135.4059895287,35.3944068968],[135.4056598008,35.3943891229],[135.4053836918,35.3944157895],[135.4048398013,35.3945227348],[135.404688413,35.394593843],[135.4039845223,35.3948607891],[135.403690358,35.3948785642],[135.4033784125,35.3948249511],[135.4032447941,35.3947538432],[135.4030575824,35.3945494023],[135.4027631343,35.3939402312],[135.402540358,35.39373551],[135.4024689699,35.3936374561],[135.4022372964,35.3935216187],[135.4021036911,35.393432735],[135.4020500722,35.3933794024],[135.4020323031,35.3932280057],[135.4020856364,35.3929874565],[135.4020500723,35.3928271776],[135.4019431332,35.3926224562],[135.4017292428,35.3922932852],[135.4013014604,35.3916966186],[135.4011770241,35.3915988437],[135.4010700728,35.3913227351],[135.4007906302,35.3908944027],[135.4007836909,35.3908194025],[135.4008839628,35.3903968976],[135.4008767386,35.3902644021],[135.400826739,35.3901285638],[135.4007547935,35.3900532854],[135.4005197997,35.389965231],[135.4003584117,35.3899257889],[135.4002367389,35.389857735],[135.4001220168,35.3897180056],[135.3998961942,35.3895749516],[135.3995664662,35.389417456],[135.3995234044,35.3893530055],[135.3994589689,35.3889124563],[135.3994339631,35.3888480054],[135.3993406292,35.3887730056],[135.3991578539,35.3887155105],[135.3987492415,35.3886832853],[135.3983981256,35.3885794026],[135.3981347926,35.388354672],[135.3975900716,35.3880074567],[135.3973025741,35.3876905105],[135.3972056351,35.3876152315],[135.396997853,35.3875507893],[135.3968509145,35.3874613392],[135.3966859066,35.387282177],[135.3965103566,35.3871213397],[135.3958881244,35.3863421774],[135.3955584108,35.3860521778],[135.3954400705,35.3859949517],[135.3947984106,35.3859127351],[135.3945756349,35.3858180059],[135.3944753497,35.3857321778],[135.394360629,35.3855388439],[135.3942745193,35.3852274564],[135.3942528584,35.3849821771],[135.394195634,35.3847244027],[135.3939947918,35.3842160697],[135.3939197985,35.3841124563],[135.3934275805,35.3839457898],[135.3929259065,35.3838455107],[135.3926606283,35.3837594026],[135.3922447911,35.3835555107],[135.3920800704,35.3833907895],[135.3919689674,35.3832044024],[135.3918456342,35.3829916183],[135.3917667372,35.3827194023],[135.3917059057,35.3826335649],[135.3915123009,35.3825796725],[135.3909603552,35.3825582857],[135.3907523011,35.3825116187],[135.3904670222,35.3823885648],[135.3902161912,35.3822560698],[135.3900334024,35.3822024567],[135.3896823011,35.3821560698],[135.3892272933,35.3821524571],[135.388972858,35.3821021778],[135.3883959056,35.3818874568],[135.3878884088,35.3815630059],[135.3876731307,35.3814377356],[135.3873686814,35.3812874568],[135.3868400691,35.3809818978],[135.3865461912,35.3808744033],[135.3857817416,35.3807666188],[135.3855203543,35.3806771779],[135.3851367358,35.3803657903],[135.3849000683,35.3802260703],[135.3846600687,35.3801185651],[135.3843592387,35.3800613397],[135.3839900691,35.3800363399],[135.3839220134,35.3800971781],[135.3838717417,35.3802332864],[135.3838395241,35.3804874574],[135.3837964629,35.3805841238],[135.3837247894,35.3806916189],[135.3834667355,35.3808705111],[135.383270627,35.3808916188],[135.3827403536,35.3808307905],[135.3826470201,35.3808307905],[135.3824822995,35.3809705112],[135.3824534021,35.3812494034],[135.3824034012,35.3814105109],[135.3821345174,35.381858006],[135.3820234016,35.3819727367],[135.3819336875,35.3821338446],[135.381826191,35.3822591245],[135.3816936873,35.3823702326],[135.3813384084,35.3825310706],[135.3811700691,35.382588565],[135.3810267361,35.3826707902],[135.3810014569,35.3827782868],[135.3810050744,35.3828460708],[135.381055348,35.3829818987],[135.3813742448,35.3834510705],[135.3814172932,35.3838621784],[135.3814209114,35.3843168986],[135.3814675784,35.3845244034],[135.3815428572,35.3847394037],[135.3816217424,35.3848610708],[135.3818439603,35.385117458],[135.3822778513,35.385561341],[135.3824031302,35.3857632863],[135.3824139607,35.3858599527],[135.3823564631,35.3859994035],[135.382073402,35.3864005118],[135.3820231306,35.3865544037],[135.3819981228,35.3867191245],[135.3819292394,35.3868860708],[135.3818684095,35.3872116196],[135.3818039608,35.3872832864],[135.3817036878,35.3873296739],[135.3814167366,35.3875302328],[135.3812017418,35.3876518986],[135.3809328568,35.3879027369],[135.380602014,35.3883710708],[135.3804050754,35.3887649527],[135.3803475797,35.3889474577],[135.3802292393,35.3891335663],[135.3801181232,35.3892696743],[135.3794936883,35.3896805124],[135.379318123,35.3898846741],[135.3792609127,35.3900352336],[135.3792609121,35.3900996745],[135.3793467363,35.3902391255],[135.3793503542,35.3902832873],[135.3793036888,35.3904407913],[135.3793000699,35.3905555125],[135.3793106271,35.3910007915],[135.3793395245,35.3913624582],[135.3792606281,35.3915771795],[135.3783926632,35.3926717915],[135.3782781233,35.3929655129],[135.3782531308,35.3932699539],[135.3782100694,35.3933594041],[135.3780431305,35.39352218],[135.3779642452,35.3936618996],[135.3779139605,35.3938302335],[135.3778386823,35.3939663418],[135.3777131302,35.3940844046],[135.377562858,35.3941810715],[135.3773906275,35.394259954],[135.3771828576,35.3942882875],[135.3768459057,35.3942846749],[135.3765950759,35.3943096745],[135.3764911844,35.3943491261],[135.3764336882,35.3944457917],[135.3763836881,35.394696342],[135.3762920149,35.3947680075],[135.3761417426,35.394789405],[135.3759481233,35.3947680082],[135.3756184101,35.3946749542],[135.3751595249,35.3945710716],[135.3749264636,35.3944602344],[135.3747186815,35.394248846],[135.3746003545,35.3940699543],[135.3744303548,35.3937032881],[135.3742725724,35.3935455133],[135.3738892388,35.393452459],[135.373469797,35.3933702341],[135.372373402,35.3932555135],[135.3720817424,35.3932780084],[135.3718170205,35.3933455133],[135.3715911836,35.3933746753],[135.3714556327,35.3933682886]]],[[[135.3404372244,35.4942365777],[135.3403674193,35.494238911],[135.340220196,35.4942770457],[135.3401438658,35.4942579652],[135.3400128665,35.4941161909],[135.3395575239,35.4938083802],[135.3394832822,35.4937775243],[135.3393811934,35.4937533528],[135.3391372244,35.4937333529],[135.3387330483,35.4936399107],[135.3386111674,35.4936248296],[135.3384608305,35.4935428028],[135.3383803636,35.4935170193],[135.3383025292,35.4935348842],[135.3382987165,35.4935810193],[135.3383651106,35.4936562989],[135.3383591445,35.4937423264],[135.3383830221,35.4938103529],[135.338456551,35.4938228301],[135.3385054483,35.4939092719],[135.3385025293,35.493944416],[135.3384765501,35.4939642725],[135.3384797155,35.4939957489],[135.3385645275,35.4940297489],[135.3387163305,35.4941741645],[135.3387674456,35.4942452994],[135.3388324782,35.4945128303],[135.3386918557,35.4946714975],[135.3386575501,35.4947420832],[135.3387581974,35.4949969114],[135.3389214413,35.4952505511],[135.3392125823,35.4955402991],[135.3394200787,35.4957071369],[135.3395309477,35.4958194158],[135.3396244763,35.4960015513],[135.3396299489,35.4960844974],[135.3395332183,35.4962823806],[135.3394290544,35.4963765246],[135.3393129445,35.4963822184],[135.3392435033,35.4964218576],[135.3392176659,35.4964556864],[135.3392013375,35.4964990462],[135.3392120238,35.4966054702],[135.3391788601,35.4966583799],[135.3391997551,35.4968385783],[135.3392500012,35.4970163532],[135.3392451107,35.4971144704],[135.3391874204,35.4972137759],[135.3390273031,35.4973844161],[135.338955721,35.4974995781],[135.3389233079,35.4975676322],[135.3389249692,35.4976199385],[135.3388973027,35.4977007137],[135.3389146444,35.4979373262],[135.3390460845,35.4981876591],[135.3391711428,35.4983270466],[135.3393640618,35.4984978572],[135.3394504421,35.4985575517],[135.3395865251,35.4986174974],[135.3399596909,35.4987310464],[135.3401684451,35.4987575242],[135.3403504944,35.4987517494],[135.3404754496,35.4987296321],[135.3406953581,35.4986444972],[135.340894605,35.498530019],[135.3410042817,35.49840883],[135.3411101964,35.498205803],[135.3411780305,35.4979988569],[135.3412533865,35.4978944433],[135.341567395,35.4976679109],[135.3418078356,35.4975964967],[135.3423996388,35.4975246324],[135.3427673561,35.4975367125],[135.3434454496,35.4976333529],[135.3436828682,35.4976888031],[135.344157304,35.4978436314],[135.3442746451,35.4978636588],[135.3445099764,35.4978652179],[135.3445276668,35.4978852182],[135.3445584983,35.497888911],[135.3445957214,35.497878659],[135.3446109228,35.4978548568],[135.3446866954,35.4978201912],[135.3449318049,35.4976591909],[135.3453194182,35.4975150828],[135.3454208319,35.4975139105],[135.346078977,35.4976641365],[135.3461788612,35.4976750455],[135.3463342821,35.4976611095],[135.3466625828,35.4975461635],[135.3469739712,35.4973398026],[135.3474986143,35.4972049101],[135.3476470317,35.4971448839],[135.3478047489,35.4970486588],[135.3478458394,35.4970002983],[135.3478617535,35.4968846317],[135.3477726997,35.4967051362],[135.3477386662,35.4965678568],[135.3477717015,35.4963111366],[135.3477015577,35.4960453792],[135.3476463316,35.4959756852],[135.3474980568,35.4958988024],[135.3472233092,35.4958806588],[135.3470667468,35.495816523],[135.3469986922,35.4957677488],[135.3468182763,35.4955756047],[135.3465134779,35.4954310828],[135.3462128938,35.4953121903],[135.346125618,35.4952564429],[135.3457946705,35.4949249375],[135.3456077441,35.4947844694],[135.3456204682,35.4947523529],[135.3453393402,35.4946275235],[135.345052478,35.4945531361],[135.3446973949,35.4945074155],[135.3446976413,35.4944769375],[135.3431391975,35.4944439378],[135.3431233348,35.494360938],[135.3429639443,35.4943770188],[135.3429378875,35.4942719643],[135.3428467718,35.4942833528],[135.3428776417,35.4944295509],[135.3427824389,35.4944409378],[135.3427530886,35.4942838296],[135.3424581726,35.4943202718],[135.3424721677,35.4944140826],[135.3424359668,35.4944347127],[135.3421995597,35.4945406856],[135.3418991066,35.494580326],[135.3417273287,35.4945996862],[135.3415018305,35.4945984431],[135.3415020889,35.4945679923],[135.3413201961,35.4945602175],[135.3411695864,35.4945119916],[135.3411799103,35.4944724702],[135.3411598319,35.494409803],[135.3409929448,35.4943310186],[135.3408710785,35.4942981908],[135.340687251,35.4942684162],[135.3405404422,35.4942693256],[135.3404372244,35.4942365777]]],[[[135.3674101477,35.4966572695],[135.3674632471,35.496927243],[135.3675104191,35.4971378817],[135.3675541168,35.4972602426],[135.3676117818,35.4973543777],[135.3675712235,35.4973820169],[135.3675635328,35.497408936],[135.367668332,35.4977319897],[135.367677113,35.4978243236],[135.3676641422,35.4979858814],[135.3674919242,35.4982614405],[135.3674747777,35.4984221615],[135.3674902253,35.4984770438],[135.3675187597,35.4985084677],[135.3675673977,35.4985330437],[135.3676460094,35.4985456298],[135.3678976963,35.4985531078],[135.3679953618,35.4984370438],[135.3681558943,35.4984196839],[135.3682531698,35.4983532161],[135.368343831,35.4981625213],[135.3684364245,35.4977410802],[135.368591146,35.4975201349],[135.3686655036,35.4973699897],[135.3687221967,35.4973242158],[135.3687634419,35.4972061884],[135.3687727543,35.4969750165],[135.368729344,35.4968192154],[135.3687257245,35.4967314137],[135.368670835,35.4966622429],[135.3685806406,35.4962687739],[135.3686434421,35.4962595488],[135.3686290057,35.4962021616],[135.3685694209,35.4962104941],[135.3685449462,35.4960834406],[135.3685301476,35.4960764406],[135.3685827281,35.4960036831],[135.3685117554,35.4959763775],[135.3684635329,35.4960395752],[135.3684412233,35.4960308006],[135.3684262048,35.4960489353],[135.3680838951,35.4960994403],[135.3680023911,35.4960761886],[135.3677896935,35.4960994134],[135.3676257499,35.496135044],[135.3675243888,35.4961867108],[135.3674683313,35.4962924402],[135.3674144144,35.4965182159],[135.3674101477,35.4966572695]]],[[[135.3729957513,35.4987986291],[135.373088761,35.4989588544],[135.3732782805,35.4991237101],[135.373448333,35.4992120165],[135.3735977489,35.4992619086],[135.3736873986,35.4992569621],[135.3737784759,35.4991973235],[135.3740009526,35.4989362689],[135.3740389163,35.4988295755],[135.3740169701,35.4987009084],[135.3739403431,35.4986217463],[135.3739401099,35.4985360165],[135.3739165298,35.4985085751],[135.3738565032,35.4984864673],[135.3738112504,35.4984245482],[135.3737085914,35.4983865214],[135.3735850639,35.4983250432],[135.3732608099,35.4983216566],[135.3731028339,35.498395016],[135.3729879429,35.4985715486],[135.372980109,35.4987276019],[135.3729957513,35.4987986291]]],[[[135.3472522878,35.5170878045],[135.347172949,35.5170710205],[135.3468335073,35.5183938586],[135.3469128332,35.5184106328],[135.3472522878,35.5170878045]]],[[[135.3463918087,35.5202889393],[135.3461660354,35.5185731112],[135.346084804,35.5185819397],[135.3463082025,35.5202796068],[135.346206088,35.5204863006],[135.3462795382,35.5205162468],[135.3463918087,35.5202889393]]],[[[135.3169939704,35.52003778],[135.3169856698,35.5200007802],[135.3169474982,35.5200037171],[135.3169647743,35.5200341137],[135.3169939704,35.52003778]]],[[[135.3268007294,35.5215944197],[135.3268443094,35.5215884461],[135.3268682777,35.5215178336],[135.3269310275,35.5214762482],[135.3269253077,35.5214492751],[135.3269507294,35.5214276081],[135.32691309,35.5214086351],[135.3267564491,35.5214307523],[135.3266532459,35.5214828336],[135.3266471364,35.521539752],[135.3266878891,35.5216109142],[135.3267530251,35.5216396891],[135.3268007294,35.5215944197]]],[[[135.317830612,35.5232364471],[135.3178521683,35.5232300872],[135.3178558651,35.5232119959],[135.3177984725,35.5232182496],[135.3178066174,35.5232342491],[135.317830612,35.5232364471]]],[[[135.3889295511,35.5800230209],[135.3889456606,35.5800685803],[135.3890237159,35.5800938592],[135.3889842725,35.580131085],[135.3890028848,35.5802469135],[135.3890437153,35.580317751],[135.3891178788,35.5803541393],[135.3891873205,35.5804546884],[135.3894098252,35.5805024725],[135.3895014852,35.5804952472],[135.3895214849,35.5804860851],[135.3895423277,35.5804305265],[135.3896425998,35.5804152468],[135.3898003819,35.5802621935],[135.3898314848,35.5801824724],[135.3899056608,35.5801580214],[135.3900742723,35.5800410854],[135.3900878783,35.5800085796],[135.3900745458,35.5799552475],[135.3901400966,35.5799369127],[135.3902117703,35.5798802474],[135.3903306552,35.5798227509],[135.3903939874,35.5796669133],[135.3903628847,35.5795941389],[135.3904248179,35.5795688586],[135.3904745461,35.5795144176],[135.3905178791,35.5794085797],[135.3905539873,35.579366085],[135.390561212,35.5792671925],[135.3906206548,35.5792569128],[135.3906517702,35.5792205258],[135.3906739877,35.5790096877],[135.3906195515,35.5789433005],[135.3906134296,35.5788791389],[135.3906703817,35.5788121927],[135.3906689941,35.5787535803],[135.3905451029,35.5786552472],[135.3905067635,35.5785733008],[135.3904125997,35.5784710852],[135.390361485,35.5784466339],[135.3902353755,35.5784413548],[135.3901684368,35.5784627509],[135.3901214845,35.5783999673],[135.3900681508,35.5783808047],[135.3899109398,35.5783616338],[135.3896976067,35.5783774716],[135.389623158,35.5784341388],[135.3895317691,35.5784613553],[135.3895045457,35.5785280207],[135.3894548177,35.5785271929],[135.3893509399,35.578586085],[135.3893459329,35.5786388592],[135.3892581506,35.5786791393],[135.3892112117,35.5787660848],[135.3891998244,35.5787919126],[135.389214817,35.5788869128],[135.3891937153,35.5789021932],[135.3890948178,35.5789180212],[135.3890078787,35.5791594183],[135.3890067639,35.5792149668],[135.388928436,35.5793996878],[135.3889320413,35.5794869128],[135.3889531576,35.5795163549],[135.3889234294,35.5795435798],[135.3889112111,35.5796902474],[135.3889531574,35.579750247],[135.3889481501,35.5797716337],[135.3889048178,35.5797969129],[135.3889234292,35.579828301],[135.3889295511,35.5800230209]]],[[[135.3889920415,35.5808435801],[135.3890934294,35.5808369128],[135.3891298245,35.5807716343],[135.3890862185,35.5807541395],[135.3889873213,35.580767751],[135.3889637161,35.5808099669],[135.3889920415,35.5808435801]]],[[[135.3893792666,35.5808810852],[135.3894123276,35.5809044179],[135.3894687092,35.5809205262],[135.3895017694,35.5808919129],[135.389492328,35.5808580213],[135.3894123274,35.5808041396],[135.3893745459,35.5808455266],[135.3893792666,35.5808810852]]],[[[135.3896000972,35.5811194182],[135.3896353759,35.5811233015],[135.3896623278,35.5811038593],[135.3896884363,35.5810616343],[135.3896731578,35.5810308049],[135.389635376,35.5810308056],[135.3895881508,35.5810569135],[135.3895787083,35.5810855266],[135.3896000972,35.5811194182]]],[[[135.3892781506,35.5811869135],[135.3893312117,35.5812013555],[135.3893537154,35.5811927515],[135.3893606545,35.5811677511],[135.3893453762,35.5811369135],[135.3892700966,35.5811294185],[135.3892584373,35.5811610849],[135.3892781506,35.5811869135]]],[[[135.3891806546,35.5812396887],[135.3891042731,35.5812619134],[135.3890876066,35.5812966344],[135.389148994,35.581339967],[135.3892384372,35.5813580213],[135.3892900967,35.5813399672],[135.3892817703,35.5813110857],[135.3892100966,35.5812474725],[135.3891806546,35.5812396887]]],[[[135.3898087092,35.5814469129],[135.3898156613,35.5814091392],[135.3898039884,35.5813746884],[135.3897745456,35.5813649677],[135.389745103,35.581377472],[135.3897073213,35.581437193],[135.3897745464,35.5814688596],[135.3898087092,35.5814469129]]],[[[135.389455661,35.5816941395],[135.3894364911,35.5816669129],[135.3894151026,35.5816685803],[135.3893976065,35.5816913549],[135.3894012122,35.5817410855],[135.389444818,35.5817469129],[135.389455661,35.5816941395]]],[[[135.3901695672,35.504216628],[135.3901883748,35.5041615468],[135.390441033,35.5042193493],[135.3904470127,35.5042037991],[135.3912030959,35.5043773217],[135.3912081792,35.5043626549],[135.3901479205,35.5041192685],[135.3895982574,35.5057253494],[135.3904285682,35.5059135204],[135.390432058,35.5059031874],[135.38965006,35.5057128263],[135.3896748071,35.5056458806],[135.3896567797,35.5056414663],[135.3901456763,35.5042127089],[135.3901695672,35.504216628]]],[[[135.4012223269,35.5623394156],[135.4011939865,35.5623324694],[135.401141484,35.5624060825],[135.4011625988,35.5624191366],[135.4012092655,35.562408578],[135.4012225984,35.5623613527],[135.4012223269,35.5623394156]]],[[[135.4012073201,35.5625452445],[135.4011948165,35.5625219108],[135.4011595506,35.5625149645],[135.4011345451,35.5625546855],[135.4011584353,35.5626005236],[135.4011906541,35.5625913526],[135.4012073201,35.5625452445]]],[[[135.3934137149,35.5732891384],[135.3934909392,35.5732883002],[135.3935351019,35.5732119121],[135.3935059325,35.5731683003],[135.3934503814,35.573167471],[135.3934162179,35.5732119124],[135.3934137149,35.5732891384]]],[[[135.3952403821,35.5755135792],[135.3951987088,35.5755124715],[135.395192042,35.5755471922],[135.3952139881,35.5755813543],[135.3952673211,35.5755902462],[135.3952673211,35.5755360846],[135.3952403821,35.5755135792]]],[[[135.3932259324,35.575306912],[135.393225932,35.5754730203],[135.3932295515,35.5754941388],[135.3932612111,35.5755169126],[135.3932445452,35.5755319123],[135.3932576064,35.5756999666],[135.3933148175,35.5757363545],[135.3932814851,35.5757735792],[135.3932778782,35.5758991383],[135.3932517699,35.5759658048],[135.3932445452,35.5760749668],[135.3932148181,35.5760899665],[135.3931848172,35.5762033008],[135.3931312114,35.5762908047],[135.3931312116,35.5763571925],[135.3930576063,35.5763602462],[135.3929406545,35.5764419128],[135.3928981502,35.5765580207],[135.3928612114,35.5766002469],[135.3928520415,35.5766635797],[135.3927412115,35.5766396876],[135.3926298246,35.5767338587],[135.3925412113,35.5767866336],[135.3925062191,35.5768333006],[135.3924378784,35.5768813544],[135.3923881502,35.576950805],[135.3922845461,35.5770358048],[135.3922809394,35.5771066335],[135.3921978783,35.5771246874],[135.3921423273,35.5772591388],[135.3920981505,35.5773027506],[135.3920648173,35.5774891383],[135.3920851026,35.5775616333],[135.3920298246,35.5775960843],[135.3920464906,35.5779099671],[135.392063158,35.577956634],[135.3921331578,35.5780355253],[135.3921664905,35.578052193],[135.3921628842,35.5780988586],[135.3921887087,35.5781833003],[135.3922014843,35.578211913],[135.3922420414,35.5782330212],[135.3923539875,35.5782335801],[135.3924059326,35.5782049666],[135.3924314852,35.5781016333],[135.3924076069,35.5780288589],[135.3924389933,35.5779774713],[135.3924425996,35.5779199667],[135.3925020418,35.5778835796],[135.3925837162,35.5778835792],[135.3926803813,35.5778577508],[135.3927603821,35.5778805258],[135.3928995523,35.5778805256],[135.3929456613,35.5778683009],[135.3930051031,35.5779033003],[135.3932628851,35.5778699665],[135.3933239881,35.5778819126],[135.3934559333,35.5778071922],[135.3935170488,35.5777463543],[135.3935281512,35.5776691384],[135.3935614843,35.5776510848],[135.3936078789,35.5775871929],[135.3936392667,35.5774902461],[135.3936653763,35.5774749667],[135.3937117697,35.5773735795],[135.393726491,35.5773024714],[135.3937709401,35.5773008047],[135.39397177,35.5771321928],[135.3939717697,35.5770883005],[135.3940684373,35.5770641385],[135.3941720415,35.5770049668],[135.3944284365,35.5769080202],[135.3944581512,35.5768685794],[135.3945045461,35.5768638585],[135.3946767639,35.576780804],[135.3947045456,35.5767444173],[135.3947603818,35.5767533003],[135.3950053762,35.576621084],[135.3950276072,35.5765799659],[135.3950942732,35.5765830199],[135.3952614849,35.576466084],[135.3953131584,35.5763905252],[135.3952853753,35.5763480205],[135.3953262183,35.5763080206],[135.3953281511,35.5761427504],[135.3952834294,35.5760649666],[135.3952853755,35.5760105255],[135.3952128847,35.5758085791],[135.3951906544,35.5757860838],[135.3951256612,35.5757633],[135.3951073205,35.5756949661],[135.3949162187,35.5755163539],[135.3948420414,35.5755058041],[135.3948420413,35.5754846877],[135.3947289932,35.57531302],[135.3946414845,35.5752805251],[135.3946489934,35.5751985795],[135.3945562186,35.5750863543],[135.3945081508,35.5749877498],[135.3944562187,35.5749455256],[135.3944745456,35.5748241381],[135.3944337161,35.5747052467],[135.3944264901,35.5745980202],[135.3943151021,35.5745188583],[135.3943353758,35.5744596868],[135.3943151026,35.5744219121],[135.3942984363,35.5742521921],[135.3942425994,35.574197192],[135.3942187086,35.5739277502],[135.3941628849,35.5738746871],[135.3941814845,35.5738094176],[135.3941723271,35.5737821926],[135.3941328844,35.5737358045],[135.3940792658,35.5736174715],[135.394025375,35.5736008038],[135.3940289929,35.5735266327],[135.3938400961,35.5734041385],[135.3936973201,35.5734494175],[135.3936631574,35.5735063538],[135.3936039872,35.5735108046],[135.3935576066,35.5735352463],[135.3935076068,35.573577471],[135.3934909396,35.5736427501],[135.3933553757,35.5736594176],[135.3932276062,35.573785246],[135.393222041,35.57387775],[135.3931867632,35.5739974711],[135.3931200964,35.5740746877],[135.3930195515,35.5741452465],[135.3930159321,35.5741905258],[135.3929639872,35.5742041381],[135.3928806545,35.5743163547],[135.3928806549,35.5743755253],[135.3928453753,35.5744010844],[135.3928881501,35.5745377504],[135.3929048175,35.5745683007],[135.3930012118,35.5745819128],[135.3930087086,35.5746591386],[135.3930570485,35.5747149668],[135.3930289932,35.5747846873],[135.3930606545,35.5748730206],[135.3931478788,35.5749971928],[135.39312566,35.5750260844],[135.3931720414,35.5751358047],[135.3931870486,35.5752705253],[135.3932259324,35.575306912]]],[[[135.3956484367,35.576241912],[135.395682885,35.5763505251],[135.3956762193,35.5764308038],[135.3957139882,35.5764796871],[135.3958628845,35.5765088581],[135.3959412117,35.5764849659],[135.3959492668,35.5763527499],[135.395888994,35.5762594173],[135.3957853761,35.5762408039],[135.3957214853,35.5761844174],[135.3956884368,35.5761769119],[135.3956484371,35.576214687],[135.3956484367,35.576241912]]],[[[135.3954042726,35.5764091386],[135.395441485,35.5764805254],[135.3954600965,35.5765696869],[135.395487607,35.576598858],[135.3955409396,35.5765946871],[135.3955753758,35.5765652461],[135.395578151,35.5764535793],[135.3955423284,35.576376354],[135.3954934299,35.5763210846],[135.3954562191,35.5762994174],[135.3954323274,35.5763058046],[135.3954109399,35.576324417],[135.3954042726,35.5764091386]]],[[[135.3956325999,35.5766688581],[135.3956212117,35.5766413543],[135.3955884369,35.5766369121],[135.395557607,35.5766655256],[135.3955562192,35.5767069123],[135.3956225998,35.5766927502],[135.3956325999,35.5766688581]]],[[[135.3950823284,35.5767433004],[135.3951309394,35.5767405257],[135.395169267,35.5767130206],[135.3951539875,35.5766802467],[135.3951195524,35.5766635797],[135.3950545454,35.576669966],[135.3950425996,35.5766902464],[135.3950492667,35.5767313545],[135.3950823284,35.5767433004]]],[[[135.3958670493,35.5766733],[135.3958423281,35.5766321925],[135.3958142731,35.576634966],[135.3957920416,35.5766588581],[135.3957987094,35.5767666333],[135.3958276065,35.5768099665],[135.3958737162,35.5767991387],[135.3958670493,35.5766733]]],[[[135.3960781508,35.5766966334],[135.3960212122,35.5766796871],[135.3960167637,35.5767885793],[135.3960314846,35.5768274715],[135.3961023286,35.5768319124],[135.3961156612,35.5767844174],[135.3960781508,35.5766966334]]],[[[135.3949531577,35.5770466332],[135.3949498249,35.57699802],[135.3949295523,35.576968858],[135.3948817698,35.5769563541],[135.39483343,35.5769746878],[135.3948237155,35.5770094175],[135.3948492675,35.5770488582],[135.3949120421,35.5770669123],[135.3949531577,35.5770466332]]],[[[135.3957717702,35.5770327507],[135.3956948178,35.5769916329],[135.3956470487,35.5770155249],[135.3956742731,35.5770638586],[135.3957070492,35.5770732999],[135.3957703823,35.5770633003],[135.3957717702,35.5770327507]]],[[[135.3937276068,35.5779630206],[135.3937006553,35.5778974716],[135.3936234302,35.5779096879],[135.3936139876,35.577960805],[135.3936392664,35.5779858045],[135.3937081507,35.5779905254],[135.3937276068,35.5779630206]]],[[[135.3920317698,35.5783830206],[135.3920464909,35.5783496874],[135.392026219,35.5782894177],[135.3919762184,35.5782594176],[135.3919042724,35.5782321929],[135.3918764903,35.5782924716],[135.3918951028,35.5783360846],[135.3919595521,35.5783813548],[135.3920076067,35.5783891389],[135.3920317698,35.5783830206]]],[[[135.3902342728,35.580048301],[135.3902876068,35.5800533011],[135.3903667636,35.5800119131],[135.3903853757,35.5799713554],[135.3903706553,35.5799460849],[135.3903098247,35.5799460846],[135.3902034296,35.5799855258],[135.3902109402,35.5800310848],[135.3902342728,35.580048301]]],[[[135.4494310775,35.5800850423],[135.4493811425,35.5800964663],[135.4494032694,35.5801148535],[135.4494247469,35.5801073765],[135.4494310775,35.5800850423]]],[[[135.3903531581,35.5802327512],[135.3903778788,35.5802469133],[135.3904917697,35.5802205257],[135.3905376066,35.5801688592],[135.3905214844,35.5801213548],[135.390499267,35.5801094183],[135.3904276064,35.5801144182],[135.3903495519,35.580192193],[135.3903531581,35.5802327512]]],[[[135.3898176072,35.5807249676],[135.3898409402,35.5807433015],[135.3899117701,35.5807524718],[135.3899351023,35.5807469131],[135.3899998245,35.5806810855],[135.3900445453,35.5806016342],[135.3900217694,35.5805527512],[135.3899412123,35.580552751],[135.3898281512,35.5806424726],[135.3898176072,35.5807249676]]],[[[135.4226509448,35.5844432988],[135.4227364957,35.5844505239],[135.4227720463,35.5844741361],[135.4230242772,35.5844291367],[135.4231039925,35.5843596855],[135.4231428895,35.5843727486],[135.4231712169,35.5843602443],[135.4231973251,35.5843416315],[135.4232109441,35.5840613521],[135.4231231626,35.5839744156],[135.4231412167,35.5839699645],[135.4231512167,35.5839152441],[135.4231289982,35.583836631],[135.4230881554,35.5837269099],[135.4230476113,35.5836952444],[135.4230009448,35.583605523],[135.4229512163,35.583561352],[135.4226614895,35.583519685],[135.4225776112,35.5835269106],[135.4225106587,35.5835635777],[135.4224389977,35.5835552445],[135.4223014894,35.5836946858],[135.4221720462,35.5838799642],[135.4221695565,35.5840027488],[135.4221895561,35.5840391366],[135.4222309438,35.5840458023],[135.4221851076,35.5841008024],[135.4221873249,35.5841377485],[135.4222353801,35.58419719],[135.4222370533,35.5842571906],[135.4223187137,35.5843141368],[135.4224581557,35.5843299643],[135.4225164948,35.5843991365],[135.42264455,35.5844182984],[135.4226509448,35.5844432988]]],[[[135.4221570666,35.6791846927],[135.4221017872,35.6792635846],[135.4221087264,35.6793369181],[135.4221295693,35.6793649719],[135.422053447,35.679381918],[135.4220051204,35.6794383057],[135.4219981684,35.6795113598],[135.4219567812,35.6795002519],[135.4218806724,35.6795846925],[135.4218531751,35.6795960897],[135.4218323448,35.6796580256],[135.4218048351,35.6796691443],[135.421804835,35.6797480256],[135.4217426179,35.6797594229],[135.4216459509,35.6798383059],[135.42162512,35.6798833062],[135.4215976245,35.679894423],[135.4215837331,35.6799508101],[135.4215562359,35.6799563601],[135.4215423459,35.6799846934],[135.4214042905,35.6800805311],[135.4213834475,35.680187477],[135.4213629022,35.6802155313],[135.4213076241,35.6802155315],[135.4213490118,35.680424144],[135.42140429,35.680469144],[135.4214870669,35.6805027559],[135.4214595696,35.6805310905],[135.4214595694,35.6806044231],[135.4215009577,35.6806944233],[135.4215631757,35.6807508101],[135.4216184542,35.6807733058],[135.4215906725,35.6808071977],[135.421625121,35.6808971978],[135.4215906727,35.6809646927],[135.421597624,35.6810324775],[135.421632059,35.6810830261],[135.4216737336,35.6811113603],[135.4216320597,35.681257756],[135.4215837335,35.6812971979],[135.4215837338,35.6813366395],[135.4216045633,35.6813535851],[135.4216390117,35.6814491439],[135.421639012,35.6815169178],[135.421666782,35.68159581],[135.4216873385,35.6816124775],[135.4216459505,35.681663026],[135.4217356789,35.6817699721],[135.4218187263,35.68182081],[135.4218876251,35.6818208101],[135.4219015024,35.6818094232],[135.4219223462,35.6818319184],[135.4219842909,35.6819785854],[135.4219981684,35.6820685849],[135.4221084542,35.6821249723],[135.422087625,35.6821474774],[135.422094564,35.6822038645],[135.4221084551,35.6822599721],[135.4221637335,35.6823163605],[135.4221637342,35.6823841443],[135.4222190122,35.6824235853],[135.4223226175,35.6824630265],[135.422343176,35.6825810902],[135.4224401148,35.6826374773],[135.4224401146,35.682699423],[135.4225020601,35.6827783059],[135.4225712294,35.6828008101],[135.4226195697,35.6829135854],[135.4226748361,35.6829530261],[135.4227715033,35.6829866388],[135.4228545642,35.6830544234],[135.4229787266,35.6830824775],[135.423006509,35.6831108105],[135.4230823457,35.6831444232],[135.423165121,35.6831669184],[135.4231859513,35.683150252],[135.4232134483,35.6832627559],[135.423344836,35.6833077564],[135.4234345643,35.6834149717],[135.4235520605,35.6834205315],[135.4235726186,35.6834091439],[135.4236004004,35.6834769184],[135.4236762374,35.6835274771],[135.4236970667,35.6836513601],[135.4237867821,35.6837246931],[135.4237937337,35.6837641445],[135.4239042916,35.6838769178],[135.4239456797,35.6839105309],[135.4240423464,35.6839499717],[135.4240423463,35.6840233061],[135.4240770672,35.684062756],[135.4241459509,35.6840852517],[135.4241323464,35.6841527559],[135.4241667821,35.6842766391],[135.4242012305,35.6843049721],[135.4242151217,35.6843444234],[135.4242840066,35.6843838645],[135.424394291,35.6843894232],[135.4244081698,35.6843610905],[135.4244495701,35.6843669183],[135.4245395707,35.6844399717],[135.424670673,35.684468306],[135.4247467823,35.6845188645],[135.4248917889,35.6845188641],[135.424898728,35.6845527558],[135.4249540063,35.6845974766],[135.4249953945,35.6846088637],[135.4249953949,35.6847327561],[135.4250437345,35.6847666391],[135.4250642913,35.6848341444],[135.4251195703,35.6848680263],[135.4251612303,35.6848735847],[135.4251612302,35.6849299717],[135.4252578974,35.6850030258],[135.4252992859,35.6850088641],[135.4252715031,35.6850369178],[135.4252853947,35.6852116391],[135.4252645643,35.6852452522],[135.4252853944,35.6853016387],[135.4253337344,35.685352477],[135.4252509591,35.6854310903],[135.4252578972,35.6855777561],[135.4252370679,35.6856396934],[135.4252645645,35.6856846933],[135.4252715035,35.6857746935],[135.4253820607,35.6858874771],[135.4253820606,35.6859494229],[135.4254581697,35.686028306],[135.4254651212,35.6861127557],[135.4254926182,35.6861635855],[135.4255753951,35.6862141437],[135.4255409588,35.686253585],[135.4255687278,35.686343864],[135.4256101158,35.6863833065],[135.425596238,35.6864169177],[135.4256170676,35.686552198],[135.4255478976,35.6866255314],[135.4255340066,35.6867380265],[135.4254581697,35.6867269186],[135.4254234491,35.6867549726],[135.4253406738,35.6867774773],[135.4253062381,35.6868224772],[135.4251887283,35.6867663602],[135.4251404006,35.6867663602],[135.4250990132,35.6867999724],[135.4250437342,35.68676636],[135.4249192858,35.6867324776],[135.4248504002,35.6867605314],[135.4248087274,35.6867269181],[135.4247190125,35.6867324771],[135.4246845646,35.6867605312],[135.4246915034,35.6868338645],[135.4246431763,35.6868902523],[135.4246292858,35.6869352519],[135.4246498438,35.6870027563],[135.4246984553,35.6870252521],[135.4246776256,35.6870421981],[135.4246776259,35.6871380258],[135.424712061,35.6871944233],[135.4247673402,35.6872280259],[135.424732904,35.6872730265],[135.4247467832,35.6873744233],[135.4247051222,35.6874419179],[135.4247051213,35.6875263606],[135.4247467824,35.6875658101],[135.4247120603,35.6875941442],[135.4246984558,35.6876333062],[135.4247259516,35.687689693],[135.4247259522,35.68774609],[135.424684565,35.6878249727],[135.4247259517,35.6879208107],[135.4246706734,35.6879544231],[135.4246845647,35.68805581],[135.4247329038,35.6881121982],[135.4246776264,35.6881571984],[135.4246776261,35.6882024771],[135.4246984563,35.6882585851],[135.4248087274,35.6882699725],[135.4248156797,35.6883319181],[135.4249123465,35.6884052527],[135.4249884556,35.6884052521],[135.4250298442,35.6884896933],[135.4250781695,35.6885066397],[135.4251678983,35.6884952523],[135.4252231767,35.6884388642],[135.4253198442,35.6884108104],[135.4253267828,35.6883713605],[135.4253890128,35.688269972],[135.4254029043,35.6881855316],[135.4253751217,35.6881235849],[135.4253959515,35.6880841445],[135.4253890132,35.6879094232],[135.4253267827,35.6878588647],[135.4253406741,35.6877685854],[135.4253062384,35.6876841442],[135.4252645648,35.687644693],[135.4252853946,35.6876166394],[135.4252301162,35.6874644231],[135.4252301164,35.6874194229],[135.4252509592,35.6874080265],[135.4253267824,35.6874249725],[135.4254029039,35.6874194229],[135.4254651221,35.6873969183],[135.4254856798,35.6874305315],[135.4256790132,35.6874419179],[135.42572734,35.6874080257],[135.4257620611,35.6874533061],[135.4258309591,35.6874699718],[135.4258795712,35.6874533059],[135.4259209592,35.6873910897],[135.425934565,35.6872619181],[135.4260037352,35.6871774772],[135.4260037348,35.6871155315],[135.4259762375,35.687093026],[135.4260176256,35.6870646927],[135.4260798435,35.6870871978],[135.4262387278,35.6870421978],[135.4263076258,35.6870646932],[135.4263420614,35.6870591445],[135.4263629039,35.68703109],[135.4263837345,35.6870310901],[135.426383735,35.6869746931],[135.4264181698,35.6869238638],[135.4264181704,35.6868677562],[135.4264456798,35.686878864],[135.4264731765,35.6868449724],[135.4265284558,35.6868338642],[135.4265629037,35.6867719176],[135.4265837354,35.686783026],[135.4266665096,35.6867774767],[135.4267426193,35.686693026],[135.4267287275,35.6866480263],[135.4267978979,35.6865916387],[135.4267770684,35.6865860899],[135.426777068,35.6864902523],[135.4267562383,35.6864788636],[135.4268115035,35.6863719176],[135.4267701159,35.68632136],[135.426811504,35.6862760899],[135.4268115038,35.6861971978],[135.4267495713,35.6861746934],[135.4267287283,35.6861410899],[135.4266804005,35.6861127563],[135.4267009587,35.6860791444],[135.4266526189,35.6859833064],[135.4266045652,35.6859549723],[135.4266462377,35.6859324773],[135.4266667831,35.6858594229],[135.4266942918,35.6858369181],[135.4266462375,35.6857635847],[135.426707898,35.6857241439],[135.4266667828,35.6856171977],[135.4267012305,35.6855888635],[135.4267012312,35.6855608097],[135.4267495704,35.6854988643],[135.4267562374,35.6854649717],[135.4267151217,35.6853919184],[135.4267978981,35.6852846932],[135.4267773395,35.6852058095],[135.4268876256,35.685042477],[135.4268598437,35.684963585],[135.4269565093,35.6848566386],[135.4269981702,35.6848452518],[135.4269842914,35.6847666388],[135.4270809585,35.6846991437],[135.4270809584,35.6846427558],[135.4271845646,35.6846260896],[135.4272123463,35.6845866387],[135.4272123472,35.684524693],[135.4271501151,35.6844458094],[135.4271292858,35.6843724768],[135.4270809588,35.6843330261],[135.4271362372,35.6842710901],[135.4271087274,35.6841527562],[135.4270534481,35.6841188635],[135.4270878975,35.6840963601],[135.4270740064,35.6840738637],[135.4271017887,35.6840738634],[135.4271292856,35.6840513594],[135.4271845649,35.6839783061],[135.4271706739,35.683966918],[135.4271570672,35.6838599722],[135.4271915034,35.6838541438],[135.4271223471,35.6838260899],[135.4271501152,35.6837810902],[135.427157067,35.6836966391],[135.4271915041,35.6836796925],[135.4272329039,35.6835783056],[135.4273090121,35.6834994231],[135.4272951219,35.6834149719],[135.4273504006,35.6833924765],[135.4274953941,35.683228864],[135.4274745645,35.6831444223],[135.4274540061,35.6831219177],[135.4275162377,35.683088026],[135.4276059516,35.6828852516],[135.427571504,35.6828233061],[135.4276334485,35.6827613601],[135.4276748362,35.6826599721],[135.4276612307,35.6825755304],[135.4276956792,35.682553026],[135.4276956797,35.6824177557],[135.4276748369,35.6823727555],[135.4277301154,35.6822994224],[135.4277095704,35.6822769179],[135.4276681689,35.6821135845],[135.4275920603,35.6820294226],[135.4276198435,35.6820013593],[135.4276265093,35.6819560897],[135.4276473395,35.6819449713],[135.4276059509,35.6818774765],[135.4276542919,35.6818321977],[135.4276334488,35.681770252],[135.4277095707,35.6817027552],[135.4276887277,35.6816802519],[135.4277026183,35.6815788639],[135.4276473394,35.6814716388],[135.4276817884,35.6814435847],[135.4276956796,35.6813985847],[135.427668169,35.6813308097],[135.4275990121,35.68124636],[135.4275990124,35.6811733059],[135.4275370668,35.6810266381],[135.4274748363,35.6809930253],[135.4275095703,35.6809760899],[135.427433448,35.6809646926],[135.4274612298,35.6809027555],[135.4274473388,35.6808183052],[135.4273920601,35.6806830253],[135.4274059511,35.6806774768],[135.4273092849,35.6806494229],[135.4273092852,35.6805760893],[135.4272540062,35.6805027551],[135.4272056796,35.6804802517],[135.4272056794,35.6804183051],[135.4271709586,35.6803338638],[135.4270537343,35.6802944224],[135.4270329027,35.6802155302],[135.4269637346,35.6801591438],[135.4269637343,35.6800860896],[135.4268740065,35.6799902511],[135.4268534479,35.6799002519],[135.4267842909,35.6798324767],[135.4268187267,35.6797649713],[135.4267565087,35.6796185848],[135.426715121,35.6795677558],[135.4266737343,35.6795677552],[135.4267703997,35.6794946926],[135.4267498435,35.6793480259],[135.4266737336,35.6793144223],[135.4266667816,35.6793310896],[135.4265840061,35.6790891432],[135.4263006732,35.6787119174],[135.4261417881,35.6785485841],[135.4255823457,35.6780583053],[135.4253823461,35.6779288633],[135.4241253936,35.6772416386],[135.4237731754,35.6769713596],[135.4236970666,35.6768810894],[135.4236003995,35.6767008094],[135.4234898418,35.6764080256],[135.4234484541,35.6764249712],[135.4233862363,35.6765769171],[135.4231651206,35.6769544229],[135.4230892842,35.6771458099],[135.4229717872,35.6772924764],[135.4228753934,35.6774952516],[135.4228478961,35.6776021975],[135.4228201142,35.6776246929],[135.4227856781,35.6777655308],[135.4227787263,35.6779008093],[135.4227373387,35.6780246926],[135.4227512292,35.6780641441],[135.4227234475,35.6782385849],[135.4226820597,35.6782949719],[135.4226234468,35.6784394227],[135.4224748354,35.6786105312],[135.4224609577,35.6786780259],[135.4224817868,35.6787794231],[135.4224403988,35.6788302522],[135.4224403996,35.6789258096],[135.4224540054,35.678931639],[135.4222676246,35.6791846933],[135.4222467811,35.679173585],[135.4221570666,35.6791846927]]],[[[135.4324951247,35.6974735853],[135.4325642942,35.6974341444],[135.4326056826,35.6973721983],[135.4326195728,35.6973158101],[135.4325987305,35.6972763605],[135.4325573417,35.6971919184],[135.4324745667,35.6971919185],[135.4324123487,35.6972594233],[135.43242624,35.6974341444],[135.4324537376,35.697462198],[135.4324951247,35.6974735853]]],[[[135.4378890179,35.7090483065],[135.4378820659,35.7091044238],[135.4378406783,35.7091102525],[135.4378062425,35.7091663604],[135.4378062422,35.7092452523],[135.4377301202,35.7093071992],[135.4376817932,35.7094030271],[135.4376887323,35.7094988644],[135.4377026234,35.7095099727],[135.4376612359,35.7095269185],[135.4376612358,35.7096002527],[135.437688732,35.7096902524],[135.4376265148,35.7097241447],[135.4376473444,35.7097296943],[135.4375990171,35.7097580269],[135.4375851268,35.7097466401],[135.4375712353,35.7097860906],[135.437529848,35.7098199728],[135.4374679023,35.7098310908],[135.4374470722,35.7098819191],[135.4374745692,35.7100110908],[135.4373709631,35.7101013611],[135.4373642962,35.7101519193],[135.4373090172,35.7101744236],[135.4372606786,35.7102421993],[135.437219017,35.710247757],[135.4372190176,35.7103210911],[135.4372812352,35.7103321992],[135.437295127,35.7103546943],[135.4372742969,35.7103999728],[135.437191508,35.7104224783],[135.4371153997,35.710506919],[135.4369842966,35.710523865],[135.4369151261,35.7105519188],[135.436852909,35.7106252529],[135.4368806784,35.7106646936],[135.4368462426,35.7106983071],[135.4367909634,35.7106983071],[135.4367562422,35.7107377573],[135.4367356845,35.7108055321],[135.436714842,35.7108221988],[135.4367426237,35.7108449726],[135.4367287328,35.7108616403],[135.4366251262,35.7108899726],[135.4365906789,35.710929424],[135.4365973441,35.7109858114],[135.4366734538,35.7109858108],[135.4367426232,35.7109463614],[135.4368806783,35.7109124784],[135.4369081746,35.7109180268],[135.43687374,35.7109519189],[135.4368667877,35.7109858106],[135.436763182,35.711064424],[135.4367770725,35.7111885865],[135.4369429081,35.7111827573],[135.4370534533,35.7112560912],[135.437101794,35.7112671993],[135.4371223512,35.7113124776],[135.4371776303,35.7113630271],[135.4372467873,35.7113685856],[135.4372398489,35.7114983066],[135.4372259571,35.7114927569],[135.4372053996,35.7115152532],[135.4371706788,35.7116052532],[135.4371915084,35.7116616401],[135.4370879024,35.7117405323],[135.4370601207,35.7117516405],[135.4370256845,35.7117349729],[135.4369290173,35.7117799732],[135.4368806789,35.7117799733],[135.4368529089,35.7118194245],[135.4369151271,35.7119544238],[135.4369842972,35.7120166397],[135.4370117942,35.7120166403],[135.4370326236,35.7120560908],[135.4370117936,35.7120841454],[135.4370117938,35.7121405322],[135.4370395761,35.7122135862],[135.4371292906,35.7122588652],[135.4370948417,35.7123374779],[135.4370948413,35.712388307],[135.4370809633,35.7123713606],[135.4371087325,35.7124671989],[135.4370809633,35.7124896939],[135.4370601209,35.7125402534],[135.4370809637,35.7126191454],[135.4370601203,35.7126471989],[135.4369981745,35.7126641448],[135.4369429089,35.712709145],[135.4369220656,35.7127541449],[135.4368876307,35.7127596939],[135.4368667876,35.7127821987],[135.4368667874,35.7128274782],[135.4368184605,35.712900532],[135.4367770732,35.7129174785],[135.4367562432,35.7129458115],[135.4368045703,35.7129963611],[135.4369151271,35.7129683073],[135.4369634541,35.7129288649],[135.437005127,35.7129399734],[135.4370740114,35.7129230275],[135.4371570733,35.7128894242],[135.4372259573,35.7128385864],[135.4372673452,35.7128499729],[135.4374192907,35.7127880275],[135.4374470728,35.7127485862],[135.4375990179,35.7127316397],[135.4376748421,35.7126644241],[135.4378751265,35.7125855322],[135.4378887329,35.71255164],[135.4379165144,35.7125460912],[135.437957903,35.712489694],[135.4379440117,35.7124388649],[135.4379787333,35.7124221988],[135.4379853998,35.7123996943],[135.4380062426,35.7123996943],[135.438047631,35.7123433069],[135.4380615086,35.7122699727],[135.4380406786,35.7122305322],[135.4380823514,35.7122135858],[135.4381306789,35.7121121991],[135.4381306784,35.712022199],[135.4382065148,35.7119713607],[135.4382204063,35.7119377573],[135.4382065148,35.711920811],[135.4382273447,35.7118813613],[135.4381790179,35.7118419187],[135.4382342964,35.7118249726],[135.4382204059,35.7118138653],[135.4382826242,35.7117855324],[135.4383170725,35.7117066399],[135.4383031813,35.7116841449],[135.4383170726,35.7116785862],[135.4383101207,35.7116335861],[135.438379291,35.7115883068],[135.4383654002,35.7115321985],[135.4382962425,35.7114533066],[135.4383170725,35.7114024782],[135.4383170728,35.7113405318],[135.4382617938,35.7112671993],[135.4383170731,35.7112221985],[135.438330964,35.7111716397],[135.4382962429,35.7110813613],[135.438324012,35.7110702528],[135.4383445697,35.7110308109],[135.4383309641,35.7108899731],[135.4383653992,35.7108280269],[135.4383653996,35.7107885855],[135.4383445693,35.7107602525],[135.4384206785,35.7107377565],[135.4384481744,35.7106983073],[135.4384345697,35.7106138645],[135.4383998487,35.7105633069],[135.4384276303,35.7105574777],[135.4384829086,35.7104674776],[135.4384690177,35.7104110909],[135.4385587331,35.7103660911],[135.4385726236,35.7103377569],[135.4386554002,35.7102758108],[135.438690121,35.710213865],[135.438690121,35.7101519186],[135.4387315085,35.7101069186],[135.4387520655,35.7100508106],[135.4387106781,35.7099944236],[135.4386348413,35.7099324777],[135.4386623519,35.7099044234],[135.438648461,35.7097521984],[135.4386901208,35.7097521989],[135.4387454,35.7097130269],[135.4387659568,35.7096791445],[135.4387520653,35.7096677569],[135.4387729081,35.7095552525],[135.4388006785,35.7095438645],[135.4388073444,35.709487478],[135.438828175,35.7094708109],[135.4388281745,35.7094538645],[135.4388212358,35.7094649729],[135.4386762425,35.7093749726],[135.4386762423,35.7092846939],[135.4386417938,35.7091946935],[135.4387659564,35.7091721988],[135.4388212357,35.7091383069],[135.4388212359,35.7090649728],[135.438869575,35.7090594241],[135.4388834533,35.7090255312],[135.4388904058,35.7089299723],[135.4388695754,35.7088791443],[135.4387729081,35.7088341451],[135.4387453998,35.7087835861],[135.4386279023,35.7087213602],[135.4385173445,35.7087496933],[135.4384140119,35.7087158106],[135.4383173445,35.7087441451],[135.4382759566,35.7087835854],[135.4382067873,35.7088002531],[135.4380892901,35.7088510907],[135.4380687321,35.7088849731],[135.4379926233,35.7088849729],[135.4379237393,35.7089185854],[135.4378753999,35.7090255315],[135.4378890179,35.7090483065]]],[[[135.4381790179,35.7137510912],[135.4381926246,35.7136949734],[135.4383101215,35.7136046943],[135.4383379033,35.7135991454],[135.4383379028,35.7135316404],[135.4383170726,35.7135088651],[135.4382617939,35.7135033072],[135.4382065155,35.7134074778],[135.4381373447,35.7133738652],[135.4381373445,35.7132441452],[135.4381926243,35.7131427567],[135.4381926243,35.7130921989],[135.438296243,35.7129344239],[135.438317073,35.7128160914],[135.4384137404,35.7127766396],[135.4384415089,35.7126869187],[135.4385104059,35.7126755316],[135.4385448415,35.712647478],[135.4385656845,35.7125796944],[135.4385034534,35.7125516397],[135.4384690183,35.7124841452],[135.4384137399,35.7124616401],[135.4383031819,35.7125235861],[135.4381512357,35.7125516399],[135.4381167875,35.712613586],[135.4380406791,35.7126024784],[135.4380062433,35.7126305317],[135.4379853997,35.7126249731],[135.437950964,35.7126980274],[135.4378681749,35.712720253],[135.4378267879,35.7127430271],[135.437812909,35.712782199],[135.4377023519,35.7128330272],[135.4376612364,35.7128780272],[135.4376473451,35.7129288653],[135.43754374,35.7129399734],[135.4374953997,35.7129624778],[135.437440121,35.7130527568],[135.4373987324,35.7130752531],[135.4372881752,35.7132160909],[135.4373020664,35.713238586],[135.437225957,35.7132555325],[135.4371915094,35.7132894245],[135.4371915089,35.7133174783],[135.4371431818,35.713356919],[135.4371431815,35.713401919],[135.4370601208,35.7134302531],[135.4370326234,35.7134638648],[135.4370117934,35.7135652534],[135.437025685,35.7135821989],[135.4370117942,35.7135935865],[135.4370465148,35.7136216404],[135.4369981747,35.7136724778],[135.4369981751,35.7137230274],[135.4370256852,35.7137905323],[135.437011794,35.7138133076],[135.4369565153,35.7138413614],[135.4369220662,35.7139146938],[135.4369290183,35.7139821989],[135.4368598492,35.7140102535],[135.4368392908,35.714038586],[135.4368462434,35.7141174779],[135.4369081751,35.7141905321],[135.4368945696,35.7142188655],[135.4369015091,35.714274973],[135.436942909,35.7143033069],[135.4369773453,35.7142974785],[135.437053454,35.7142188652],[135.4371570731,35.7143427568],[135.4371431821,35.7143933073],[135.4371915094,35.7144441452],[135.4373020662,35.7144496944],[135.4373292909,35.7144721996],[135.4374329091,35.7144552536],[135.4375020664,35.7144046946],[135.4377231823,35.7143877576],[135.4377367879,35.7143596945],[135.4377920657,35.7143708113],[135.4379165151,35.7142749731],[135.4379095757,35.7142469194],[135.4379648423,35.7142413611],[135.4380406787,35.7141905319],[135.438068461,35.7141510913],[135.4380545707,35.7141285864],[135.4381373447,35.7140946944],[135.4381790184,35.7140552528],[135.4381926237,35.7140271995],[135.4381373456,35.7139766397],[135.43805457,35.7139427571],[135.4380545696,35.7139258108],[135.4380890185,35.7139146939],[135.4381098495,35.7138863607],[135.4381373455,35.7137680269],[135.4381790179,35.7137510912]]],[[[135.4866783546,35.5579699027],[135.4866372516,35.5580407401],[135.4866250212,35.5581185158],[135.4865739181,35.5582065693],[135.4865583544,35.5582943441],[135.4865702994,35.5583182365],[135.4866380828,35.5583468482],[135.4866955788,35.5583387949],[135.4867478101,35.5583026773],[135.4867764085,35.5582007405],[135.4868453066,35.5581418483],[135.486868913,35.5580515693],[135.4866783546,35.5579699027]]],[[[135.4773351107,35.5584668493],[135.4773040862,35.5585221567],[135.477309416,35.558552102],[135.4773855256,35.5585696509],[135.4774840217,35.5585694352],[135.4775183275,35.558551741],[135.4775413887,35.5584823456],[135.4774800007,35.5584576514],[135.4773351107,35.5584668493]]],[[[135.4717597408,35.5611861571],[135.4717206617,35.5611877057],[135.4716952527,35.5612117423],[135.471728249,35.561245346],[135.4717597408,35.5611861571]]],[[[135.4717857717,35.5613008498],[135.4718043837,35.5613404901],[135.4718433858,35.561346985],[135.4718435539,35.5613245441],[135.4718295197,35.5613076251],[135.4717857717,35.5613008498]]],[[[135.466585214,35.5621403736],[135.4665918803,35.5620494641],[135.4665377163,35.5619525175],[135.4664928012,35.5619394363],[135.4664980287,35.5621307064],[135.4665211032,35.5621459588],[135.466585214,35.5621403736]]],[[[135.4727545539,35.5636795712],[135.4727678345,35.5636558501],[135.4727294427,35.5636562113],[135.4727148903,35.56367149],[135.4727252796,35.5636827963],[135.4727545539,35.5636795712]]],[[[135.4713736584,35.5640920391],[135.4713258374,35.5641045442],[135.4713120501,35.5641339587],[135.4713729702,35.5641677697],[135.4713828921,35.5641507691],[135.4713736584,35.5640920391]]],[[[135.4792344768,35.5658724089],[135.4791461372,35.5658757419],[135.4790914156,35.5659351838],[135.4791336336,35.5659618496],[135.4792383543,35.5659082374],[135.4792344768,35.5658724089]]],[[[135.4789608576,35.5660918495],[135.4790205853,35.5660704629],[135.4790455788,35.5660374092],[135.4790228042,35.5660107418],[135.4789397424,35.5660285168],[135.478918913,35.5660524088],[135.4789308574,35.5660818498],[135.4789608576,35.5660918495]]],[[[135.4803328043,35.5664501834],[135.4802778099,35.5664251837],[135.4800541925,35.5664526787],[135.4800055784,35.5664176786],[135.4799264085,35.5663968497],[135.4799275248,35.5663751836],[135.4799947485,35.5663135165],[135.4799519735,35.5662418501],[135.4797880833,35.5662287959],[135.4797005862,35.5662440762],[135.4795930764,35.5661496247],[135.4795422458,35.5661246246],[135.4795766947,35.5660596245],[135.4795750216,35.5659882381],[135.4794839187,35.5659468502],[135.4793716876,35.5659390761],[135.4793472516,35.5659512915],[135.4793000278,35.5660215707],[135.4792541922,35.5659971302],[135.4790247486,35.5661401835],[135.4789936337,35.5661674085],[135.4790000282,35.5662135172],[135.4788950214,35.5662393457],[135.4788400279,35.5662935169],[135.4788125307,35.5663654632],[135.4787358648,35.5664149039],[135.4784497428,35.5663987955],[135.4784330758,35.566447679],[135.4783769671,35.5664396249],[135.4780964083,35.5665149043],[135.4780283551,35.566577679],[135.4780383541,35.566612409],[135.478011144,35.5666199043],[135.4779433604,35.5666043459],[135.4778266944,35.5666432381],[135.4778002996,35.5666962923],[135.4777819739,35.5667026785],[135.4776278094,35.5667310115],[135.4775666947,35.5667512918],[135.4775372515,35.5667785174],[135.4775053067,35.5667596249],[135.4772919741,35.5667951843],[135.4772241922,35.5668646254],[135.4770047481,35.5668746253],[135.4769147489,35.566924346],[135.4766933607,35.5669457421],[135.4766266945,35.5670021303],[135.4765891981,35.5670012924],[135.4765575249,35.5669579582],[135.4765153062,35.5669360121],[135.4763725303,35.5669329583],[135.4762219738,35.56714685],[135.4762128032,35.567192409],[135.4762430757,35.5672560118],[135.4762422458,35.5672935172],[135.4761822451,35.5673118501],[135.4761539181,35.5673532381],[135.4761444765,35.5675121305],[135.476197525,35.567569904],[135.4762511438,35.567592958],[135.4763678099,35.5675365708],[135.4764133609,35.567577958],[135.4765272511,35.567620463],[135.4765828036,35.5676824089],[135.4767522455,35.5677315709],[135.4767258651,35.5677854633],[135.47668947,35.5679574087],[135.4768780831,35.5680946254],[135.4770325309,35.5680771301],[135.4772794696,35.5681246255],[135.477358913,35.5680929585],[135.4774747488,35.5680871302],[135.4775275245,35.5680624089],[135.4776333612,35.5680621302],[135.477736409,35.5680382377],[135.4777533607,35.5679918497],[135.4778150218,35.5679810118],[135.4779394699,35.5678735172],[135.4779536334,35.5677996251],[135.4779730761,35.5677799042],[135.478068355,35.5677457417],[135.4782228036,35.5677210122],[135.4783014156,35.5676576792],[135.4783641916,35.5676754628],[135.47846864,35.5678049044],[135.4786003001,35.5678204629],[135.4786733605,35.5679143462],[135.4788525304,35.5679999044],[135.4789569675,35.5679668498],[135.4790528042,35.5680015713],[135.4792122456,35.567969076],[135.4792700278,35.5679418498],[135.4793319743,35.5678546253],[135.4794083552,35.5678415706],[135.4795941924,35.5676746249],[135.4796116883,35.5675754624],[135.4796847495,35.5675729583],[135.4797050221,35.5675604626],[135.4797258653,35.5675301842],[135.4798355786,35.5674707422],[135.4798608576,35.5674112919],[135.4799866951,35.5674665709],[135.4801158651,35.5674799041],[135.4801661373,35.5675271295],[135.4802666953,35.5675824091],[135.4803691979,35.5675882376],[135.4804397435,35.5676182375],[135.4804197437,35.5677132376],[135.4805080827,35.5677726792],[135.4806772524,35.5677107416],[135.4806983554,35.567628517],[135.4807178103,35.5676085172],[135.4807878101,35.5675860121],[135.4808289135,35.5675190762],[135.4808544768,35.5674340755],[135.4809503002,35.5674190755],[135.4810183547,35.5672990761],[135.4811080836,35.5671910114],[135.4811044774,35.5671210121],[135.4812050223,35.5669993461],[135.4812000281,35.5669101838],[135.4812580827,35.5667593457],[135.4812386406,35.5666860117],[135.4812816881,35.5666271296],[135.4812878099,35.566565463],[135.4810816885,35.5663676783],[135.4810480828,35.5663576789],[135.4808789128,35.5663693454],[135.4806850224,35.5664651839],[135.4806353065,35.5664326788],[135.4803514165,35.5664362914],[135.4803328043,35.5664501834]]],[[[135.4674033338,35.5675912934],[135.4674293007,35.5676189857],[135.4674712193,35.5676017698],[135.4674714408,35.5675699594],[135.4674033338,35.5675912934]]],[[[135.4668339963,35.5699847073],[135.4668411041,35.5699957436],[135.4668940868,35.5699775989],[135.4668602989,35.569945347],[135.4668339963,35.5699847073]]],[[[135.4660277181,35.5703262935],[135.4659644362,35.5704496802],[135.4661702216,35.5705470406],[135.4662412717,35.5705275186],[135.4662576671,35.5705357973],[135.4662580035,35.5706188246],[135.4663128284,35.5707504915],[135.4662670567,35.5707839867],[135.4662835548,35.5708064103],[135.4664722191,35.5708734911],[135.4666861094,35.5708757977],[135.4668121673,35.5708489589],[135.4668728545,35.570815158],[135.4668950598,35.5707609862],[135.4669361619,35.5707363747],[135.4669849167,35.5706375453],[135.4667164727,35.5704426534],[135.4668325822,35.5703170401],[135.4668150211,35.5702182663],[135.4668359153,35.5700305994],[135.4667390532,35.5700464913],[135.4667248647,35.5700717698],[135.4666481978,35.5700725989],[135.466568613,35.5701622933],[135.4665303243,35.5701619318],[135.4664402734,35.5702821581],[135.4663758382,35.5702699594],[135.4662881324,35.5703148248],[135.4661050845,35.5703386263],[135.4660713624,35.5703653199],[135.4660437235,35.5703238514],[135.4660277181,35.5703262935]]],[[[135.4501486637,35.5734792947],[135.4501692476,35.5734721866],[135.4501151875,35.5734217452],[135.4500873535,35.5734258529],[135.4500791042,35.5734549341],[135.4501213356,35.5734586277],[135.4501486637,35.5734792947]]],[[[135.4500069117,35.5734624386],[135.4499672491,35.5735022679],[135.449938028,35.5735822676],[135.4499956027,35.5735985739],[135.450037885,35.5735641603],[135.4500485462,35.5735031057],[135.4500760827,35.5734932955],[135.4500384174,35.5734530152],[135.4500069117,35.5734624386]]],[[[135.4495063557,35.5791463496],[135.4494612193,35.5791480156],[135.449451855,35.5791606019],[135.4495064455,35.5792275475],[135.4495239174,35.5792247727],[135.4495063557,35.5791463496]]],[[[135.4495729176,35.580028296],[135.449579806,35.5800058806],[135.449503969,35.5800252689],[135.4495019202,35.5800526559],[135.449535889,35.5800529075],[135.4495729176,35.580028296]]],[[[135.4494243837,35.580029854],[135.4493821136,35.5800484122],[135.4494328541,35.5800517997],[135.4494243837,35.580029854]]],[[[135.449580947,35.5801616287],[135.4496555506,35.5801397992],[135.4496477426,35.5801226284],[135.4495884963,35.5801382419],[135.449580947,35.5801616287]]],[[[135.4502910257,35.5807973764],[135.4502742157,35.5808498534],[135.4503090017,35.5808317998],[135.4502910257,35.5807973764]]],[[[135.4575090033,35.5863202413],[135.4574778874,35.5864016286],[135.4574801061,35.5864841332],[135.4575373299,35.5864930151],[135.4575242816,35.5865399611],[135.4576981596,35.5866185744],[135.4578112214,35.5865949615],[135.4578467728,35.5866455207],[135.457915385,35.5866832949],[135.4579456699,35.5867257993],[135.4580376155,35.5867494123],[135.4580362278,35.5868238531],[135.4580703913,35.5868496823],[135.4581187178,35.5868610793],[135.4584012207,35.5868519076],[135.4584637248,35.5867932955],[135.4585526096,35.5868305204],[135.4586017792,35.586832745],[135.458789834,35.5867324663],[135.4587764998,35.5866444126],[135.4588726093,35.5866266283],[135.4589859418,35.5864930155],[135.458834282,35.586372745],[135.4587106635,35.5863241332],[135.4586670584,35.5862460794],[135.4586003913,35.586224412],[135.4584847746,35.5860707088],[135.4583601061,35.5859513495],[135.4583001061,35.5859241333],[135.4582062278,35.5859130156],[135.4581334387,35.5858507992],[135.4580790033,35.585851628],[135.4579009492,35.5859024661],[135.457827616,35.5859682952],[135.4577751115,35.5859635747],[135.4576923367,35.5859860792],[135.4575081595,35.5861541334],[135.4575339967,35.586199961],[135.4574981594,35.5862280154],[135.4575090033,35.5863202413]]],[[[135.463959277,35.5918132953],[135.4640648286,35.5916882954],[135.4640687189,35.5916110795],[135.4640998359,35.5916107988],[135.4641220525,35.591582745],[135.4641084479,35.5915152411],[135.4640459431,35.5913971871],[135.464011495,35.5913916284],[135.4639803926,35.5913582952],[135.4639059435,35.5913619076],[135.4638503925,35.59148052],[135.4638028951,35.5914766284],[135.4637562297,35.5915046824],[135.4636967742,35.5915802413],[135.4636742834,35.5916374658],[135.4636323385,35.5916844119],[135.4636420527,35.5917327452],[135.4637423389,35.591793853],[135.463788719,35.5918455205],[135.463847331,35.591833574],[135.4638837259,35.5918071868],[135.4639312224,35.5918213495],[135.463959277,35.5918132953]]],[[[135.4815126133,35.5942724645],[135.4814892794,35.5943144105],[135.4815262315,35.594403014],[135.48156762,35.5944157977],[135.4816178925,35.5944044106],[135.4816137289,35.5943227436],[135.4815490064,35.5942663475],[135.4815126133,35.5942724645]]],[[[135.4748437283,35.5953746813],[135.4749759456,35.5954071867],[135.4750301094,35.5953916279],[135.4751887212,35.5954988528],[135.4751956736,35.5955438526],[135.475287333,35.5955666273],[135.47549234,35.5956899604],[135.4755612244,35.595673573],[135.475616503,35.5957294111],[135.4757309519,35.5957244116],[135.4758292792,35.595688852],[135.4759040003,35.5956816271],[135.4759792798,35.5956427447],[135.4760117828,35.5955880141],[135.4761267768,35.59554524],[135.4761495641,35.5955194111],[135.4762512249,35.5955494117],[135.4762190063,35.5956160787],[135.476285674,35.5957071862],[135.4763153886,35.5957160784],[135.4763845589,35.5957044115],[135.47646483,35.5958149602],[135.4765270616,35.595831348],[135.4764998375,35.5958577445],[135.476508164,35.5958969065],[135.4765895643,35.5960035734],[135.4766081639,35.5961032945],[135.4766731708,35.5961324649],[135.4765878918,35.5961777446],[135.4765848302,35.5962582942],[135.4766031711,35.5963269061],[135.4766720545,35.5963663482],[135.4766031705,35.5964171866],[135.4765753882,35.5965860787],[135.4765823401,35.5966424654],[135.4766609524,35.5967160784],[135.4766598375,35.5967427443],[135.4766092795,35.5967696813],[135.4766101097,35.5968082943],[135.4767273341,35.5969919063],[135.4767709529,35.5970149608],[135.4768356737,35.5970057981],[135.4768378916,35.5971182945],[135.4768790062,35.597178014],[135.4769262314,35.5972107982],[135.4769695653,35.5972941324],[135.476860668,35.5973807981],[135.4768234432,35.5975541327],[135.476847062,35.5975844113],[135.4768928976,35.597600798],[135.4768514978,35.5976513485],[135.4768665036,35.5978899609],[135.4768584503,35.5979105195],[135.4768298376,35.5979163489],[135.476765946,35.5979716276],[135.4766726125,35.5979727447],[135.4765823404,35.5980121861],[135.4764876193,35.5979521868],[135.4763356742,35.5980444112],[135.4762851153,35.5981052406],[135.4762892793,35.5981538525],[135.4763237288,35.5981816275],[135.4762306682,35.5982246818],[135.4761890071,35.5983277448],[135.4761067765,35.5984205198],[135.476110395,35.5984882944],[135.4760287223,35.5985044119],[135.4759853893,35.5985752408],[135.4760223407,35.5986810783],[135.4759901097,35.5987802405],[135.4759945588,35.5988369066],[135.4759331707,35.5988485738],[135.4759165036,35.5988694114],[135.4759201101,35.598947466],[135.4759376195,35.599018015],[135.4759820546,35.5990827447],[135.4760890068,35.5991185732],[135.4762026126,35.5990716279],[135.4762442864,35.5990882951],[135.4764976197,35.5990977443],[135.4765490073,35.5990710787],[135.4765753888,35.5990374658],[135.4766306684,35.5990657989],[135.4766887222,35.5990646818],[135.4766859455,35.5991277442],[135.4766306684,35.5992910788],[135.4766859463,35.5993419066],[135.4766376197,35.5993982947],[135.4766420548,35.5994510785],[135.4766898377,35.5995646813],[135.4766928977,35.5996405198],[135.4767484499,35.5996746815],[135.476741225,35.5997488528],[135.476866232,35.5998155193],[135.4769776201,35.5998966278],[135.4770095647,35.5998971865],[135.4770651162,35.5998663482],[135.4770956746,35.599892187],[135.477168722,35.5998788527],[135.4772756743,35.5998341327],[135.4773014984,35.5998088522],[135.4773031717,35.599770799],[135.477373443,35.5997480142],[135.4774006679,35.5997055199],[135.4774109532,35.5996088527],[135.4774401102,35.5995996815],[135.4775181646,35.5996230148],[135.4774801101,35.5996902409],[135.4775306687,35.5998571869],[135.4774806677,35.5998774655],[135.477463443,35.5999116276],[135.4774709538,35.6000494114],[135.4775062323,35.6000780144],[135.4774731716,35.6001299604],[135.4775470625,35.6003463487],[135.4776017834,35.6003682945],[135.4776209537,35.6004369062],[135.4777178918,35.6004849603],[135.4778087225,35.600552187],[135.4778551165,35.6005496812],[135.4779065044,35.6005069066],[135.4779909538,35.6005124653],[135.4780942867,35.6004716273],[135.4780570619,35.6005394115],[135.4780551168,35.600612745],[135.4780862328,35.6006663482],[135.4780476207,35.6006749604],[135.4780195652,35.6007071864],[135.4779809532,35.6007963487],[135.4779290073,35.600864682],[135.4779624456,35.6009420419],[135.477962055,35.6011116279],[135.4779895653,35.601173574],[135.4780170622,35.6011905199],[135.4779851163,35.601244133],[135.4779778925,35.6013191328],[135.4780034432,35.6014382949],[135.4779440016,35.6014844121],[135.4779467777,35.6015416278],[135.4779687226,35.6015846814],[135.4779712253,35.6018421871],[135.4779273347,35.6018657985],[135.477828164,35.6018677449],[135.4776584506,35.6020019068],[135.4776817841,35.6020824653],[135.4776256743,35.6020838527],[135.4774659465,35.6022091332],[135.4774314988,35.60229552],[135.4773556744,35.6023010789],[135.477320396,35.6023344118],[135.4772359462,35.6025441327],[135.4773106685,35.6026082947],[135.4772278923,35.6026716274],[135.4773156741,35.6029449606],[135.4773751162,35.6029899607],[135.4774526136,35.6029930153],[135.4774717841,35.6030163493],[135.4774723416,35.603075241],[135.4775756744,35.6031852408],[135.4775565043,35.603246907],[135.4776170631,35.6033769067],[135.477596233,35.6034446815],[135.477665947,35.6034846819],[135.4777362326,35.6034871868],[135.4777914992,35.6034455198],[135.477928451,35.603448015],[135.4779520559,35.6034330148],[135.4779895655,35.6034782946],[135.4780901104,35.6035046815],[135.478169008,35.6035010787],[135.4781787225,35.6035874659],[135.4783345602,35.6037038532],[135.4784103954,35.6037094122],[135.4784312256,35.6037602405],[135.4784726138,35.6037827448],[135.4786365054,35.6037891326],[135.4786790083,35.6037563489],[135.4787178926,35.6037563485],[135.4787623423,35.6037771867],[135.4788865048,35.6037771865],[135.4789140018,35.6037602406],[135.4789320561,35.6037694117],[135.4789645605,35.603851907],[135.4788848324,35.6039052407],[135.478882899,35.6039469063],[135.4787962333,35.6039794118],[135.4787692808,35.6040071872],[135.478600954,35.6042124656],[135.4786109538,35.6042641331],[135.4785245604,35.6042852408],[135.4784051165,35.6044238532],[135.4783653896,35.6045169065],[135.4783990074,35.604606349],[135.4782967778,35.6046382946],[135.4782978935,35.6048952407],[135.4783551173,35.6049716281],[135.4783223425,35.60501552],[135.4783223418,35.605083295],[135.4783484507,35.6051238526],[135.4782978927,35.6051699606],[135.4782584511,35.6053055201],[135.4781567777,35.6053357985],[135.4781345597,35.6053660785],[135.478017063,35.6053999605],[135.4780448316,35.6056196819],[135.4781209539,35.6056324658],[135.478124002,35.6056807988],[135.4780426136,35.6057499609],[135.4780998396,35.6059127449],[135.4782703959,35.6059338527],[135.4784284512,35.6057957988],[135.4784309543,35.6057169072],[135.4784720566,35.6056999608],[135.4785298392,35.6056057986],[135.478522056,35.6055469072],[135.4785695661,35.6055449612],[135.4787298393,35.605395241],[135.4787417845,35.6053413492],[135.4788245606,35.6053357988],[135.4789248318,35.605192187],[135.4789195659,35.6051574659],[135.4789465056,35.6051138533],[135.4790148324,35.6051238529],[135.4791206697,35.605019133],[135.4791476209,35.6049805203],[135.4791456752,35.6049496823],[135.4792270631,35.604938574],[135.4792712259,35.6049024657],[135.4794173346,35.6047541328],[135.4794178931,35.6046707989],[135.4794806691,35.6046560785],[135.479589839,35.6045555198],[135.4795898386,35.6045005199],[135.479672899,35.6044877447],[135.4797178931,35.6044235739],[135.4798440017,35.6043213484],[135.4798520556,35.6042413486],[135.4799426145,35.60423552],[135.4800076213,35.6041957986],[135.4800601112,35.604138295],[135.4801337299,35.6041485736],[135.4802798393,35.6039788528],[135.4802798394,35.6039080149],[135.4803617838,35.603889682],[135.4804103962,35.6038457983],[135.4804828987,35.6037294112],[135.48051373,35.6037105198],[135.480525117,35.6036235739],[135.4805453902,35.6035994117],[135.48060373,35.6035880147],[135.4806337299,35.6035652402],[135.4806792811,35.6034757987],[135.4807503964,35.603451349],[135.4808698395,35.6032655195],[135.4808392813,35.6032021864],[135.4809187228,35.6030532948],[135.4808912265,35.6030094112],[135.4809678931,35.6029635731],[135.4810126146,35.6028599602],[135.4810712266,35.6027924655],[135.4810748316,35.6027371864],[135.4810531717,35.6026963484],[135.4811120564,35.6026696816],[135.4811406694,35.6025691324],[135.481187335,35.6025149608],[135.4812578933,35.6024721862],[135.4812801106,35.6024257981],[135.4812795662,35.6023738524],[135.4812428987,35.6023338521],[135.4813078929,35.6023071863],[135.48133373,35.602251078],[135.4813412255,35.6021471866],[135.4813734435,35.6020944112],[135.4813734443,35.6020232947],[135.4813217836,35.6019966271],[135.4813998388,35.6019577443],[135.4814090084,35.60188996],[135.481406778,35.6016249606],[135.4813701112,35.6016007984],[135.4813728987,35.6015791324],[135.481429281,35.601534411],[135.4814312256,35.6014841328],[135.4813803958,35.601396627],[135.4813145596,35.6013763485],[135.4812595656,35.601387744],[135.4812262327,35.6013735733],[135.4812148317,35.6013180142],[135.481111499,35.6012224655],[135.4811212257,35.6011588525],[135.4810740017,35.6009874651],[135.481041499,35.6009452401],[135.4810014991,35.6009466272],[135.4810323421,35.6008327446],[135.480982056,35.6006644114],[135.4809420562,35.6006182944],[135.4809948313,35.6005935735],[135.4810190073,35.6005591325],[135.481070954,35.6003799607],[135.4810734441,35.6003349605],[135.4810473345,35.6002960782],[135.4810801112,35.600277186],[135.4811012258,35.6002244115],[135.481078451,35.6000919063],[135.4810526134,35.600057744],[135.4809628981,35.6000577443],[135.4808870622,35.6001421863],[135.4808520552,35.6001374655],[135.48082539,35.6000016274],[135.4807628984,35.5999563482],[135.4807678925,35.5999394113],[135.4808178927,35.5999257979],[135.4808578929,35.5998930142],[135.4808726137,35.5996960783],[135.4808828986,35.5996694113],[135.4809420552,35.599663014],[135.4810223413,35.5994791319],[135.4810862326,35.5994121863],[135.481056778,35.5993724649],[135.4810595655,35.5993374649],[135.4811048316,35.5992941326],[135.4811340016,35.5991763479],[135.4811345596,35.5991257986],[135.4811095652,35.5990877441],[135.4810334437,35.5990835729],[135.4809634437,35.599176906],[135.4808595652,35.5991894112],[135.4808512258,35.5991216273],[135.4808876208,35.5989121862],[135.4809826137,35.59894496],[135.4810217833,35.5989357986],[135.4810962325,35.5989680142],[135.4811501103,35.5989641324],[135.4811678922,35.5989346809],[135.4811695653,35.5988007982],[135.4811078929,35.5987574651],[135.4811090077,35.5986769062],[135.4810609533,35.5986085735],[135.481143444,35.5985835731],[135.4811759468,35.5984060778],[135.4810751168,35.5983499605],[135.4809351168,35.5983446813],[135.4808801108,35.5983221859],[135.4809270624,35.5982363485],[135.4809790074,35.5981844107],[135.4809856745,35.5981385731],[135.4809709533,35.5981141321],[135.4810195659,35.5980877438],[135.4810398387,35.5980546813],[135.4810859466,35.5978755193],[135.4810517832,35.5978052401],[135.4810856747,35.5977627439],[135.4810851167,35.5976616273],[135.4810414983,35.5976177437],[135.4810895651,35.5975785733],[135.4811198388,35.59748496],[135.4811826131,35.5973946811],[135.4811437292,35.5972952401],[135.4811620549,35.597268852],[135.4811581648,35.5972296815],[135.4810576206,35.5970630138],[135.4810042863,35.5970316273],[135.480930668,35.597043294],[135.4808648312,35.5969705193],[135.4808662327,35.5969474647],[135.4809020554,35.5969124654],[135.480902341,35.5968663479],[135.4809778928,35.5968177441],[135.4810540015,35.596652744],[135.4810559461,35.596621627],[135.4810267774,35.5965694111],[135.481112055,35.5965105194],[135.4811251164,35.59647524],[135.4811076203,35.5963252403],[135.4810445595,35.5962857978],[135.4810445594,35.5962649599],[135.4810820557,35.5962469064],[135.4810981644,35.5961563481],[135.4810856747,35.5961057976],[135.4811631714,35.5960557978],[135.4812012252,35.5959869056],[135.4813045594,35.5959282943],[135.4813145596,35.5958910782],[135.4812712249,35.595846627],[135.4812151161,35.5958449596],[135.481188164,35.5957863481],[135.4810237292,35.5956224646],[135.4810956736,35.5955607978],[135.4811017834,35.595464132],[135.4811367768,35.5953671859],[135.4811303949,35.595325798],[135.481083443,35.595292465],[135.4810981645,35.595143573],[135.4810720555,35.5951180139],[135.4811151164,35.5950724645],[135.4811962325,35.5949149599],[135.4811970617,35.5948324645],[135.4812726125,35.5948030137],[135.4813776196,35.5946413474],[135.4813653888,35.5945749601],[135.4813767772,35.5945599597],[135.4814256743,35.5945496809],[135.4814503946,35.5945196805],[135.4814503945,35.5944849596],[135.4813837293,35.5943944111],[135.481341225,35.5943696811],[135.4813248313,35.5943127438],[135.481265674,35.5942457975],[135.4812053894,35.5942471857],[135.4811540013,35.5941646809],[135.4809973339,35.59418024],[135.4809490065,35.5942082935],[135.4808595646,35.5941221859],[135.4809306673,35.5941007979],[135.4809531706,35.5940219058],[135.4809826131,35.593991906],[135.4809795645,35.5939463474],[135.4808770622,35.5938224647],[135.4808317826,35.593823573],[135.4807834424,35.5938532939],[135.4806720544,35.5938516269],[135.4806565032,35.5938302397],[135.4806701098,35.59376024],[135.4805914975,35.5936144106],[135.4805476201,35.5935735732],[135.4806065032,35.5935071858],[135.4806251152,35.593446627],[135.4806192801,35.5933771863],[135.4805931704,35.5933446811],[135.4806028976,35.5933324652],[135.4806834426,35.5933457975],[135.4807951155,35.5933213476],[135.4808134425,35.593168852],[135.4806795647,35.5930763478],[135.4804765038,35.5929855192],[135.4804040001,35.5930021858],[135.4802801093,35.5929724651],[135.4802895643,35.5929149595],[135.4802020547,35.5928952396],[135.4801073332,35.5929230143],[135.4799498372,35.5929252399],[135.4798690066,35.5929646813],[135.4798181634,35.5929246806],[135.479704,35.5929341318],[135.4796384492,35.5930021855],[135.4795737287,35.5930391318],[135.479548164,35.5930819061],[135.4795212242,35.5930699601],[135.479410667,35.5930869061],[135.4793417823,35.5931319062],[135.4792828972,35.5931088515],[135.479151783,35.5931160782],[135.4790492798,35.5931363479],[135.4790148306,35.5931621855],[135.4788928974,35.5931607976],[135.478813171,35.5931996806],[135.4787665031,35.5931960779],[135.478720667,35.5931416269],[135.4785712246,35.5931296808],[135.4785173336,35.5931635727],[135.4784928973,35.593206348],[135.4783334428,35.5932735727],[135.4783134422,35.5932524652],[135.4782698373,35.5932530138],[135.4780931702,35.5932896811],[135.4780101095,35.5933346812],[135.4779965037,35.5933855192],[135.4779067768,35.5933799602],[135.4778584495,35.5934024655],[135.4778153884,35.5935055194],[135.477699837,35.5935432937],[135.477672054,35.5935996813],[135.4775365037,35.5937121863],[135.477538449,35.5937546809],[135.4773684489,35.5938246809],[135.4772581637,35.5938194109],[135.4771412238,35.5938980144],[135.4770859449,35.5939038525],[135.47700317,35.5939488522],[135.4769492798,35.5940377443],[135.4768653885,35.59405024],[135.4767517825,35.594136348],[135.4766140008,35.5941527442],[135.4766514977,35.5940221864],[135.4765887214,35.5939574656],[135.4765534428,35.5939574656],[135.4764512245,35.5940052406],[135.4764205895,35.5940694925],[135.4763340005,35.5940727443],[135.4761890066,35.5941574652],[135.4760856728,35.594191078],[135.4760648298,35.5942080143],[135.4760517825,35.5942977443],[135.4759781637,35.5942907982],[135.4759337287,35.594326348],[135.4758678913,35.5944371865],[135.4757756734,35.5945374652],[135.4757820541,35.594596906],[135.4757159454,35.5946252406],[135.4756498372,35.594691906],[135.4755956729,35.5946702402],[135.475444,35.5947266271],[135.475406231,35.5947263483],[135.4753678913,35.5946863488],[135.4752214968,35.5946877441],[135.475189279,35.5947163485],[135.4751656733,35.5947138526],[135.4751265028,35.5946660787],[135.4750692793,35.5946574656],[135.4748334426,35.5946891328],[135.4747962307,35.5947199607],[135.4747895637,35.5947619068],[135.4746826122,35.5947619066],[135.4745623404,35.5948627444],[135.4745203944,35.5948757982],[135.4744817825,35.5949102407],[135.4744837278,35.5949844114],[135.474437061,35.5950196814],[135.4744373336,35.5950980146],[135.4744923404,35.5952507982],[135.4746437286,35.5952846819],[135.4746926125,35.5953580143],[135.4747284491,35.5953721869],[135.4748437283,35.5953746813]]]]},"id":"26202"}]}
