{"type":"FeatureCollection","features":[{"type":"Feature","properties":{"mesh_code":"533501791","area_label":"薬師口バス停周辺","area_label_basis":"最寄りの実在公共交通名称（行政地名ではない）","rank":null,"population":1,"elderly_population":null,"elderly_ratio":null,"centroid_lat":35.39375,"centroid_lon":135.240625,"city_area_fraction":0.00013137984273234806,"disclosure_status":"suppressed_source","primary_eligible":false,"nearest_station_name":"四所駅","nearest_station_distance_m":7370.03639696137,"nearest_bus_stop_name":"薬師口","nearest_bus_stop_distance_m":3676.79365084442,"nearest_public_transport_type":"bus_stop","nearest_public_transport_name":"薬師口","nearest_public_transport_distance_m":3676.79365084442,"nearest_medical_name":"ライフ・ステージ舞夢診療所","nearest_medical_distance_m":3726.256510174137,"nearest_medical_access_class":"likely_public","nearest_hospital_name":"舞鶴赤十字病院","nearest_hospital_distance_m":10436.296851428373,"elderly_population_percentile":null,"transport_distance_percentile":null,"medical_distance_percentile":null,"exploratory_score_c":null,"pareto_frontier":null},"geometry":{"type":"Polygon","coordinates":[[[135.2375,35.391666666666666],[135.24375,35.391666666666666],[135.24375,35.395833333333336],[135.2375,35.395833333333336],[135.2375,35.391666666666666]]]},"id":"533501791"},{"type":"Feature","properties":{"mesh_code":"533501883","area_label":"由良川橋バス停周辺","area_label_basis":"最寄りの実在公共交通名称（行政地名ではない）","rank":null,"population":4,"elderly_population":null,"elderly_ratio":null,"centroid_lat":35.40625,"centroid_lon":135.228125,"city_area_fraction":1.0,"disclosure_status":"suppressed_source","primary_eligible":false,"nearest_station_name":"四所駅","nearest_station_distance_m":7190.637510074996,"nearest_bus_stop_name":"由良川橋","nearest_bus_stop_distance_m":2386.078571372837,"nearest_public_transport_type":"bus_stop","nearest_public_transport_name":"由良川橋","nearest_public_transport_distance_m":2386.078571372837,"nearest_medical_name":"ライフ・ステージ舞夢診療所","nearest_medical_distance_m":1962.2862500137915,"nearest_medical_access_class":"likely_public","nearest_hospital_name":"舞鶴赤十字病院","nearest_hospital_distance_m":10784.953589676905,"elderly_population_percentile":null,"transport_distance_percentile":null,"medical_distance_percentile":null,"exploratory_score_c":null,"pareto_frontier":null},"geometry":{"type":"Polygon","coordinates":[[[135.225,35.404166666666676],[135.23125,35.404166666666676],[135.23125,35.408333333333346],[135.225,35.408333333333346],[135.225,35.404166666666676]]]},"id":"533501883"},{"type":"Feature","properties":{"mesh_code":"533501891","area_label":"薬師口バス停周辺","area_label_basis":"最寄りの実在公共交通名称（行政地名ではない）","rank":null,"population":5,"elderly_population":null,"elderly_ratio":null,"centroid_lat":35.40208333333334,"centroid_lon":135.240625,"city_area_fraction":1.0,"disclosure_status":"suppressed_source","primary_eligible":false,"nearest_station_name":"四所駅","nearest_station_distance_m":6665.374445934972,"nearest_bus_stop_name":"薬師口","nearest_bus_stop_distance_m":2753.1724361914376,"nearest_public_transport_type":"bus_stop","nearest_public_transport_name":"薬師口","nearest_public_transport_distance_m":2753.1724361914376,"nearest_medical_name":"ライフ・ステージ舞夢診療所","nearest_medical_distance_m":2981.9723947060334,"nearest_medical_access_class":"likely_public","nearest_hospital_name":"舞鶴赤十字病院","nearest_hospital_distance_m":9964.667080275827,"elderly_population_percentile":null,"transport_distance_percentile":null,"medical_distance_percentile":null,"exploratory_score_c":null,"pareto_frontier":null},"geometry":{"type":"Polygon","coordinates":[[[135.2375,35.4],[135.24375,35.4],[135.24375,35.404166666666676],[135.2375,35.404166666666676],[135.2375,35.4]]]},"id":"533501891"},{"type":"Feature","properties":{"mesh_code":"533501963","area_label":"地頭バス停周辺","area_label_basis":"最寄りの実在公共交通名称（行政地名ではない）","rank":null,"population":31,"elderly_population":null,"elderly_ratio":null,"centroid_lat":35.41458333333334,"centroid_lon":135.203125,"city_area_fraction":0.2291842650801626,"disclosure_status":"aggregation_destination","primary_eligible":false,"nearest_station_name":"四所駅","nearest_station_distance_m":8675.82815082577,"nearest_bus_stop_name":"地頭","nearest_bus_stop_distance_m":1667.6222089754272,"nearest_public_transport_type":"bus_stop","nearest_public_transport_name":"地頭","nearest_public_transport_distance_m":1667.6222089754272,"nearest_medical_name":"ライフ・ステージ舞夢診療所","nearest_medical_distance_m":1668.175838516086,"nearest_medical_access_class":"likely_public","nearest_hospital_name":"舞鶴赤十字病院","nearest_hospital_distance_m":12623.879034619742,"elderly_population_percentile":null,"transport_distance_percentile":null,"medical_distance_percentile":null,"exploratory_score_c":null,"pareto_frontier":null},"geometry":{"type":"Polygon","coordinates":[[[135.2,35.4125],[135.20625,35.4125],[135.20625,35.41666666666668],[135.2,35.41666666666668],[135.2,35.4125]]]},"id":"533501963"},{"type":"Feature","properties":{"mesh_code":"533501964","area_label":"地頭バス停周辺","area_label_basis":"最寄りの実在公共交通名称（行政地名ではない）","rank":null,"population":2,"elderly_population":null,"elderly_ratio":null,"centroid_lat":35.41458333333334,"centroid_lon":135.209375,"city_area_fraction":0.756350748277713,"disclosure_status":"suppressed_source","primary_eligible":false,"nearest_station_name":"四所駅","nearest_station_distance_m":8159.702187232033,"nearest_bus_stop_name":"地頭","nearest_bus_stop_distance_m":1344.4584339117032,"nearest_public_transport_type":"bus_stop","nearest_public_transport_name":"地頭","nearest_public_transport_distance_m":1344.4584339117032,"nearest_medical_name":"ライフ・ステージ舞夢診療所","nearest_medical_distance_m":1214.9661736875491,"nearest_medical_access_class":"likely_public","nearest_hospital_name":"舞鶴赤十字病院","nearest_hospital_distance_m":12077.637592814575,"elderly_population_percentile":null,"transport_distance_percentile":null,"medical_distance_percentile":null,"exploratory_score_c":null,"pareto_frontier":null},"geometry":{"type":"Polygon","coordinates":[[[135.20625,35.4125],[135.2125,35.4125],[135.2125,35.41666666666668],[135.20625,35.41666666666668],[135.20625,35.4125]]]},"id":"533501964"},{"type":"Feature","properties":{"mesh_code":"533501981","area_label":"由良川橋バス停周辺","area_label_basis":"最寄りの実在公共交通名称（行政地名ではない）","rank":null,"population":20,"elderly_population":null,"elderly_ratio":null,"centroid_lat":35.41041666666668,"centroid_lon":135.228125,"city_area_fraction":1.0,"disclosure_status":"aggregation_destination","primary_eligible":false,"nearest_station_name":"四所駅","nearest_station_distance_m":6915.777519198917,"nearest_bus_stop_name":"由良川橋","nearest_bus_stop_distance_m":1955.4403068421625,"nearest_public_transport_type":"bus_stop","nearest_public_transport_name":"由良川橋","nearest_public_transport_distance_m":1955.4403068421625,"nearest_medical_name":"ライフ・ステージ舞夢診療所","nearest_medical_distance_m":1556.5201635136941,"nearest_medical_access_class":"likely_public","nearest_hospital_name":"舞鶴赤十字病院","nearest_hospital_distance_m":10609.980777499548,"elderly_population_percentile":null,"transport_distance_percentile":null,"medical_distance_percentile":null,"exploratory_score_c":null,"pareto_frontier":null},"geometry":{"type":"Polygon","coordinates":[[[135.225,35.40833333333334],[135.23125,35.40833333333334],[135.23125,35.4125],[135.225,35.4125],[135.225,35.40833333333334]]]},"id":"533501981"},{"type":"Feature","properties":{"mesh_code":"533501982","area_label":"薬師口バス停周辺","area_label_basis":"最寄りの実在公共交通名称（行政地名ではない）","rank":null,"population":17,"elderly_population":null,"elderly_ratio":null,"centroid_lat":35.41041666666668,"centroid_lon":135.234375,"city_area_fraction":1.0,"disclosure_status":"aggregation_destination","primary_eligible":false,"nearest_station_name":"四所駅","nearest_station_distance_m":6458.724574456352,"nearest_bus_stop_name":"薬師口","nearest_bus_stop_distance_m":1957.7188003391302,"nearest_public_transport_type":"bus_stop","nearest_public_transport_name":"薬師口","nearest_public_transport_distance_m":1957.7188003391302,"nearest_medical_name":"ライフ・ステージ舞夢診療所","nearest_medical_distance_m":1921.8740702255423,"nearest_medical_access_class":"likely_public","nearest_hospital_name":"舞鶴赤十字病院","nearest_hospital_distance_m":10082.406067384556,"elderly_population_percentile":null,"transport_distance_percentile":null,"medical_distance_percentile":null,"exploratory_score_c":null,"pareto_frontier":null},"geometry":{"type":"Polygon","coordinates":[[[135.23125,35.40833333333334],[135.2375,35.40833333333334],[135.2375,35.4125],[135.23125,35.4125],[135.23125,35.40833333333334]]]},"id":"533501982"},{"type":"Feature","properties":{"mesh_code":"533501983","area_label":"由良川橋バス停周辺","area_label_basis":"最寄りの実在公共交通名称（行政地名ではない）","rank":null,"population":8,"elderly_population":null,"elderly_ratio":null,"centroid_lat":35.41458333333334,"centroid_lon":135.228125,"city_area_fraction":1.0,"disclosure_status":"suppressed_source","primary_eligible":false,"nearest_station_name":"四所駅","nearest_station_distance_m":6661.686105710835,"nearest_bus_stop_name":"由良川橋","nearest_bus_stop_distance_m":1543.2112490700067,"nearest_public_transport_type":"bus_stop","nearest_public_transport_name":"由良川橋","nearest_public_transport_distance_m":1543.2112490700067,"nearest_medical_name":"ライフ・ステージ舞夢診療所","nearest_medical_distance_m":1192.6111574403774,"nearest_medical_access_class":"likely_public","nearest_hospital_name":"舞鶴赤十字病院","nearest_hospital_distance_m":10452.536984701715,"elderly_population_percentile":null,"transport_distance_percentile":null,"medical_distance_percentile":null,"exploratory_score_c":null,"pareto_frontier":null},"geometry":{"type":"Polygon","coordinates":[[[135.225,35.4125],[135.23125,35.4125],[135.23125,35.41666666666668],[135.225,35.41666666666668],[135.225,35.4125]]]},"id":"533501983"},{"type":"Feature","properties":{"mesh_code":"533502544","area_label":"真倉バス停周辺","area_label_basis":"最寄りの実在公共交通名称（行政地名ではない）","rank":null,"population":9,"elderly_population":null,"elderly_ratio":null,"centroid_lat":35.38125,"centroid_lon":135.309375,"city_area_fraction":0.023732441336712522,"disclosure_status":"aggregation_destination","primary_eligible":false,"nearest_station_name":"真倉駅","nearest_station_distance_m":3228.1492105999223,"nearest_bus_stop_name":"真倉","nearest_bus_stop_distance_m":1609.112707600893,"nearest_public_transport_type":"bus_stop","nearest_public_transport_name":"真倉","nearest_public_transport_distance_m":1609.112707600893,"nearest_medical_name":"特別養護老人ﾎｰﾑｸﾞﾚｲｽｳﾞｨﾙまいづる診療所","nearest_medical_distance_m":4613.7420532171445,"nearest_medical_access_class":"likely_public","nearest_hospital_name":"舞鶴赤十字病院","nearest_hospital_distance_m":7486.545656255215,"elderly_population_percentile":null,"transport_distance_percentile":null,"medical_distance_percentile":null,"exploratory_score_c":null,"pareto_frontier":null},"geometry":{"type":"Polygon","coordinates":[[[135.30625,35.37916666666667],[135.3125,35.37916666666667],[135.3125,35.38333333333334],[135.30625,35.38333333333334],[135.30625,35.37916666666667]]]},"id":"533502544"},{"type":"Feature","properties":{"mesh_code":"533502653","area_label":"真倉バス停周辺","area_label_basis":"最寄りの実在公共交通名称（行政地名ではない）","rank":null,"population":9,"elderly_population":null,"elderly_ratio":null,"centroid_lat":35.389583333333334,"centroid_lon":135.315625,"city_area_fraction":1.0,"disclosure_status":"suppressed_source","primary_eligible":false,"nearest_station_name":"真倉駅","nearest_station_distance_m":2146.790584923304,"nearest_bus_stop_name":"真倉","nearest_bus_stop_distance_m":525.6842383939857,"nearest_public_transport_type":"bus_stop","nearest_public_transport_name":"真倉","nearest_public_transport_distance_m":525.6842383939857,"nearest_medical_name":"特別養護老人ﾎｰﾑｸﾞﾚｲｽｳﾞｨﾙまいづる診療所","nearest_medical_distance_m":3552.963857466917,"nearest_medical_access_class":"likely_public","nearest_hospital_name":"舞鶴赤十字病院","nearest_hospital_distance_m":6428.619474285313,"elderly_population_percentile":null,"transport_distance_percentile":null,"medical_distance_percentile":null,"exploratory_score_c":null,"pareto_frontier":null},"geometry":{"type":"Polygon","coordinates":[[[135.3125,35.3875],[135.31875,35.3875],[135.31875,35.39166666666667],[135.3125,35.39166666666667],[135.3125,35.3875]]]},"id":"533502653"},{"type":"Feature","properties":{"mesh_code":"533502751","area_label":"真倉バス停周辺","area_label_basis":"最寄りの実在公共交通名称（行政地名ではない）","rank":null,"population":42,"elderly_population":null,"elderly_ratio":null,"centroid_lat":35.39375,"centroid_lon":135.315625,"city_area_fraction":0.9999999999999998,"disclosure_status":"aggregation_destination","primary_eligible":false,"nearest_station_name":"真倉駅","nearest_station_distance_m":1742.3602532186392,"nearest_bus_stop_name":"真倉","nearest_bus_stop_distance_m":318.4770136854252,"nearest_public_transport_type":"bus_stop","nearest_public_transport_name":"真倉","nearest_public_transport_distance_m":318.4770136854252,"nearest_medical_name":"特別養護老人ﾎｰﾑｸﾞﾚｲｽｳﾞｨﾙまいづる診療所","nearest_medical_distance_m":3245.121461255482,"nearest_medical_access_class":"likely_public","nearest_hospital_name":"舞鶴赤十字病院","nearest_hospital_distance_m":5989.913747454286,"elderly_population_percentile":null,"transport_distance_percentile":null,"medical_distance_percentile":null,"exploratory_score_c":null,"pareto_frontier":null},"geometry":{"type":"Polygon","coordinates":[[[135.3125,35.391666666666666],[135.31875,35.391666666666666],[135.31875,35.395833333333336],[135.3125,35.395833333333336],[135.3125,35.391666666666666]]]},"id":"533502751"},{"type":"Feature","properties":{"mesh_code":"533502752","area_label":"真倉バス停周辺","area_label_basis":"最寄りの実在公共交通名称（行政地名ではない）","rank":117,"population":44,"elderly_population":19.0,"elderly_ratio":0.4318181818181818,"centroid_lat":35.39375,"centroid_lon":135.321875,"city_area_fraction":1.0000000000000002,"disclosure_status":"unaffected","primary_eligible":true,"nearest_station_name":"真倉駅","nearest_station_distance_m":1515.3552737971743,"nearest_bus_stop_name":"真倉","nearest_bus_stop_distance_m":255.53663248442385,"nearest_public_transport_type":"bus_stop","nearest_public_transport_name":"真倉","nearest_public_transport_distance_m":255.53663248442385,"nearest_medical_name":"特別養護老人ﾎｰﾑｸﾞﾚｲｽｳﾞｨﾙまいづる診療所","nearest_medical_distance_m":2824.9608918122685,"nearest_medical_access_class":"likely_public","nearest_hospital_name":"市立舞鶴市民病院","nearest_hospital_distance_m":5826.066596082572,"elderly_population_percentile":0.3986013986013986,"transport_distance_percentile":0.2587412587412587,"medical_distance_percentile":0.8251748251748252,"exploratory_score_c":0.0851040983076779,"pareto_frontier":false},"geometry":{"type":"Polygon","coordinates":[[[135.31875,35.391666666666666],[135.325,35.391666666666666],[135.325,35.395833333333336],[135.31875,35.395833333333336],[135.31875,35.391666666666666]]]},"id":"533502752"},{"type":"Feature","properties":{"mesh_code":"533502754","area_label":"真倉バス停周辺","area_label_basis":"最寄りの実在公共交通名称（行政地名ではない）","rank":null,"population":20,"elderly_population":5.0,"elderly_ratio":0.25,"centroid_lat":35.397916666666674,"centroid_lon":135.321875,"city_area_fraction":1.0,"disclosure_status":"unaffected","primary_eligible":false,"nearest_station_name":"真倉駅","nearest_station_distance_m":1072.7599897578314,"nearest_bus_stop_name":"真倉","nearest_bus_stop_distance_m":563.6928077576123,"nearest_public_transport_type":"bus_stop","nearest_public_transport_name":"真倉","nearest_public_transport_distance_m":563.6928077576123,"nearest_medical_name":"特別養護老人ﾎｰﾑｸﾞﾚｲｽｳﾞｨﾙまいづる診療所","nearest_medical_distance_m":2512.9982753768727,"nearest_medical_access_class":"likely_public","nearest_hospital_name":"市立舞鶴市民病院","nearest_hospital_distance_m":5381.416475160004,"elderly_population_percentile":0.0646853146853146,"transport_distance_percentile":0.5454545454545454,"medical_distance_percentile":0.7657342657342657,"exploratory_score_c":0.0270173246969178,"pareto_frontier":false},"geometry":{"type":"Polygon","coordinates":[[[135.31875,35.395833333333336],[135.325,35.395833333333336],[135.325,35.4],[135.31875,35.4],[135.31875,35.395833333333336]]]},"id":"533502754"},{"type":"Feature","properties":{"mesh_code":"533502852","area_label":"真倉駅前バス停周辺","area_label_basis":"最寄りの実在公共交通名称（行政地名ではない）","rank":44,"population":57,"elderly_population":29.0,"elderly_ratio":0.5087719298245614,"centroid_lat":35.40208333333334,"centroid_lon":135.321875,"city_area_fraction":1.0,"disclosure_status":"unaffected","primary_eligible":true,"nearest_station_name":"真倉駅","nearest_station_distance_m":657.7923801420189,"nearest_bus_stop_name":"真倉駅前","nearest_bus_stop_distance_m":543.5481918283396,"nearest_public_transport_type":"bus_stop","nearest_public_transport_name":"真倉駅前","nearest_public_transport_distance_m":543.5481918283396,"nearest_medical_name":"特別養護老人ﾎｰﾑｸﾞﾚｲｽｳﾞｨﾙまいづる診療所","nearest_medical_distance_m":2253.2819758396276,"nearest_medical_access_class":"likely_public","nearest_hospital_name":"舞鶴赤十字病院","nearest_hospital_distance_m":4936.289436700401,"elderly_population_percentile":0.5332167832167832,"transport_distance_percentile":0.5244755244755245,"medical_distance_percentile":0.7342657342657343,"exploratory_score_c":0.2053441326144148,"pareto_frontier":false},"geometry":{"type":"Polygon","coordinates":[[[135.31875,35.4],[135.325,35.4],[135.325,35.404166666666676],[135.31875,35.404166666666676],[135.31875,35.4]]]},"id":"533502852"},{"type":"Feature","properties":{"mesh_code":"533502854","area_label":"真倉駅前バス停周辺","area_label_basis":"最寄りの実在公共交通名称（行政地名ではない）","rank":87,"population":45,"elderly_population":25.0,"elderly_ratio":0.5555555555555556,"centroid_lat":35.40625,"centroid_lon":135.321875,"city_area_fraction":1.0,"disclosure_status":"unaffected","primary_eligible":true,"nearest_station_name":"真倉駅","nearest_station_distance_m":376.7398903575668,"nearest_bus_stop_name":"真倉駅前","nearest_bus_stop_distance_m":320.60100605264955,"nearest_public_transport_type":"bus_stop","nearest_public_transport_name":"真倉駅前","nearest_public_transport_distance_m":320.60100605264955,"nearest_medical_name":"特別養護老人ﾎｰﾑｸﾞﾚｲｽｳﾞｨﾙまいづる診療所","nearest_medical_distance_m":2065.6144151335866,"nearest_medical_access_class":"likely_public","nearest_hospital_name":"舞鶴赤十字病院","nearest_hospital_distance_m":4494.558648964165,"elderly_population_percentile":0.4842657342657342,"transport_distance_percentile":0.3496503496503496,"medical_distance_percentile":0.7132867132867133,"exploratory_score_c":0.1207763335495743,"pareto_frontier":false},"geometry":{"type":"Polygon","coordinates":[[[135.31875,35.404166666666676],[135.325,35.404166666666676],[135.325,35.408333333333346],[135.31875,35.408333333333346],[135.31875,35.404166666666676]]]},"id":"533502854"},{"type":"Feature","properties":{"mesh_code":"533502863","area_label":"真倉駅周辺","area_label_basis":"最寄りの実在公共交通名称（行政地名ではない）","rank":null,"population":11,"elderly_population":7.0,"elderly_ratio":0.6363636363636364,"centroid_lat":35.40625,"centroid_lon":135.328125,"city_area_fraction":1.0,"disclosure_status":"unaffected","primary_eligible":false,"nearest_station_name":"真倉駅","nearest_station_distance_m":216.93730570746249,"nearest_bus_stop_name":"真倉駅前","nearest_bus_stop_distance_m":248.93524375323082,"nearest_public_transport_type":"station","nearest_public_transport_name":"真倉駅","nearest_public_transport_distance_m":216.93730570746249,"nearest_medical_name":"特別養護老人ﾎｰﾑｸﾞﾚｲｽｳﾞｨﾙまいづる診療所","nearest_medical_distance_m":1536.633409137068,"nearest_medical_access_class":"likely_public","nearest_hospital_name":"市立舞鶴市民病院","nearest_hospital_distance_m":4342.722856179072,"elderly_population_percentile":0.1206293706293706,"transport_distance_percentile":0.2237762237762237,"medical_distance_percentile":0.6293706293706294,"exploratory_score_c":0.0169892213512928,"pareto_frontier":false},"geometry":{"type":"Polygon","coordinates":[[[135.325,35.404166666666676],[135.33125,35.404166666666676],[135.33125,35.408333333333346],[135.325,35.408333333333346],[135.325,35.404166666666676]]]},"id":"533502863"},{"type":"Feature","properties":{"mesh_code":"533502872","area_label":"真倉駅周辺","area_label_basis":"最寄りの実在公共交通名称（行政地名ではない）","rank":null,"population":18,"elderly_population":6.0,"elderly_ratio":0.3333333333333333,"centroid_lat":35.40208333333334,"centroid_lon":135.346875,"city_area_fraction":1.0,"disclosure_status":"unaffected","primary_eligible":false,"nearest_station_name":"真倉駅","nearest_station_distance_m":1980.038162577306,"nearest_bus_stop_name":"真倉駅前","nearest_bus_stop_distance_m":1999.8953525826378,"nearest_public_transport_type":"station","nearest_public_transport_name":"真倉駅","nearest_public_transport_distance_m":1980.038162577306,"nearest_medical_name":"特別養護老人ﾎｰﾑｸﾞﾚｲｽｳﾞｨﾙまいづる診療所","nearest_medical_distance_m":1149.7541394308905,"nearest_medical_access_class":"likely_public","nearest_hospital_name":"市立舞鶴市民病院","nearest_hospital_distance_m":4754.598052156729,"elderly_population_percentile":0.0909090909090909,"transport_distance_percentile":0.8741258741258742,"medical_distance_percentile":0.513986013986014,"exploratory_score_c":0.040844406705818,"pareto_frontier":false},"geometry":{"type":"Polygon","coordinates":[[[135.34375,35.4],[135.35,35.4],[135.35,35.404166666666676],[135.34375,35.404166666666676],[135.34375,35.4]]]},"id":"533502872"},{"type":"Feature","properties":{"mesh_code":"533502873","area_label":"真倉駅周辺","area_label_basis":"最寄りの実在公共交通名称（行政地名ではない）","rank":83,"population":50,"elderly_population":26.0,"elderly_ratio":0.52,"centroid_lat":35.40625,"centroid_lon":135.340625,"city_area_fraction":1.0,"disclosure_status":"unaffected","primary_eligible":true,"nearest_station_name":"真倉駅","nearest_station_distance_m":1338.2467363954568,"nearest_bus_stop_name":"真倉駅前","nearest_bus_stop_distance_m":1383.453575167155,"nearest_public_transport_type":"station","nearest_public_transport_name":"真倉駅","nearest_public_transport_distance_m":1338.2467363954568,"nearest_medical_name":"特別養護老人ﾎｰﾑｸﾞﾚｲｽｳﾞｨﾙまいづる診療所","nearest_medical_distance_m":695.4633931093729,"nearest_medical_access_class":"likely_public","nearest_hospital_name":"市立舞鶴市民病院","nearest_hospital_distance_m":4237.994830445716,"elderly_population_percentile":0.5,"transport_distance_percentile":0.7832167832167832,"medical_distance_percentile":0.3146853146853147,"exploratory_score_c":0.1232334099466966,"pareto_frontier":false},"geometry":{"type":"Polygon","coordinates":[[[135.3375,35.404166666666676],[135.34375,35.404166666666676],[135.34375,35.408333333333346],[135.3375,35.408333333333346],[135.3375,35.404166666666676]]]},"id":"533502873"},{"type":"Feature","properties":{"mesh_code":"533502874","area_label":"真倉駅周辺","area_label_basis":"最寄りの実在公共交通名称（行政地名ではない）","rank":54,"population":95,"elderly_population":47.0,"elderly_ratio":0.49473684210526314,"centroid_lat":35.40625,"centroid_lon":135.346875,"city_area_fraction":1.0,"disclosure_status":"unaffected","primary_eligible":true,"nearest_station_name":"真倉駅","nearest_station_distance_m":1905.1547830477728,"nearest_bus_stop_name":"真倉駅前","nearest_bus_stop_distance_m":1951.08478037989,"nearest_public_transport_type":"station","nearest_public_transport_name":"真倉駅","nearest_public_transport_distance_m":1905.1547830477728,"nearest_medical_name":"特別養護老人ﾎｰﾑｸﾞﾚｲｽｳﾞｨﾙまいづる診療所","nearest_medical_distance_m":715.2718565604349,"nearest_medical_access_class":"likely_public","nearest_hospital_name":"市立舞鶴市民病院","nearest_hospital_distance_m":4298.560614955461,"elderly_population_percentile":0.6083916083916084,"transport_distance_percentile":0.8636363636363636,"medical_distance_percentile":0.3321678321678322,"exploratory_score_c":0.174530650531922,"pareto_frontier":false},"geometry":{"type":"Polygon","coordinates":[[[135.34375,35.404166666666676],[135.35,35.404166666666676],[135.35,35.408333333333346],[135.34375,35.408333333333346],[135.34375,35.404166666666676]]]},"id":"533502874"},{"type":"Feature","properties":{"mesh_code":"533502883","area_label":"真倉駅周辺","area_label_basis":"最寄りの実在公共交通名称（行政地名ではない）","rank":60,"population":54,"elderly_population":17.0,"elderly_ratio":0.3148148148148148,"centroid_lat":35.40625,"centroid_lon":135.353125,"city_area_fraction":1.0,"disclosure_status":"unaffected","primary_eligible":true,"nearest_station_name":"真倉駅","nearest_station_distance_m":2472.417667749318,"nearest_bus_stop_name":"真倉駅前","nearest_bus_stop_distance_m":2518.7400364061305,"nearest_public_transport_type":"station","nearest_public_transport_name":"真倉駅","nearest_public_transport_distance_m":2472.417667749318,"nearest_medical_name":"特別養護老人ﾎｰﾑｸﾞﾚｲｽｳﾞｨﾙまいづる診療所","nearest_medical_distance_m":1088.1376157078691,"nearest_medical_access_class":"likely_public","nearest_hospital_name":"市立舞鶴市民病院","nearest_hospital_distance_m":4431.576887808186,"elderly_population_percentile":0.3811188811188811,"transport_distance_percentile":0.916083916083916,"medical_distance_percentile":0.479020979020979,"exploratory_score_c":0.1672438886850349,"pareto_frontier":false},"geometry":{"type":"Polygon","coordinates":[[[135.35,35.404166666666676],[135.35625,35.404166666666676],[135.35625,35.408333333333346],[135.35,35.408333333333346],[135.35,35.404166666666676]]]},"id":"533502883"},{"type":"Feature","properties":{"mesh_code":"533502903","area_label":"加佐分室前バス停周辺","area_label_basis":"最寄りの実在公共交通名称（行政地名ではない）","rank":14,"population":48,"elderly_population":24.0,"elderly_ratio":0.5,"centroid_lat":35.41458333333334,"centroid_lon":135.253125,"city_area_fraction":1.0,"disclosure_status":"unaffected","primary_eligible":true,"nearest_station_name":"四所駅","nearest_station_distance_m":4877.8018045406625,"nearest_bus_stop_name":"加佐分室前","nearest_bus_stop_distance_m":1649.5360847941731,"nearest_public_transport_type":"bus_stop","nearest_public_transport_name":"加佐分室前","nearest_public_transport_distance_m":1649.5360847941731,"nearest_medical_name":"ライフ・ステージ舞夢診療所","nearest_medical_distance_m":3220.4937181374457,"nearest_medical_access_class":"likely_public","nearest_hospital_name":"舞鶴赤十字病院","nearest_hospital_distance_m":8334.014605519125,"elderly_population_percentile":0.465034965034965,"transport_distance_percentile":0.8286713286713286,"medical_distance_percentile":0.8636363636363636,"exploratory_score_c":0.3328118956694926,"pareto_frontier":false},"geometry":{"type":"Polygon","coordinates":[[[135.25,35.4125],[135.25625,35.4125],[135.25625,35.41666666666668],[135.25,35.41666666666668],[135.25,35.4125]]]},"id":"533502903"},{"type":"Feature","properties":{"mesh_code":"533502904","area_label":"加佐分室前バス停周辺","area_label_basis":"最寄りの実在公共交通名称（行政地名ではない）","rank":null,"population":14,"elderly_population":5.0,"elderly_ratio":0.35714285714285715,"centroid_lat":35.41458333333334,"centroid_lon":135.259375,"city_area_fraction":1.0000000000000002,"disclosure_status":"unaffected","primary_eligible":false,"nearest_station_name":"四所駅","nearest_station_distance_m":4500.788726869699,"nearest_bus_stop_name":"加佐分室前","nearest_bus_stop_distance_m":1900.832433862319,"nearest_public_transport_type":"bus_stop","nearest_public_transport_name":"加佐分室前","nearest_public_transport_distance_m":1900.832433862319,"nearest_medical_name":"ライフ・ステージ舞夢診療所","nearest_medical_distance_m":3770.9121506546408,"nearest_medical_access_class":"likely_public","nearest_hospital_name":"舞鶴赤十字病院","nearest_hospital_distance_m":7817.693463768712,"elderly_population_percentile":0.0646853146853146,"transport_distance_percentile":0.8601398601398601,"medical_distance_percentile":0.9055944055944056,"exploratory_score_c":0.0503858396481507,"pareto_frontier":false},"geometry":{"type":"Polygon","coordinates":[[[135.25625,35.4125],[135.2625,35.4125],[135.2625,35.41666666666668],[135.25625,35.41666666666668],[135.25625,35.4125]]]},"id":"533502904"},{"type":"Feature","properties":{"mesh_code":"533502943","area_label":"真倉駅前バス停周辺","area_label_basis":"最寄りの実在公共交通名称（行政地名ではない）","rank":10,"population":39,"elderly_population":29.0,"elderly_ratio":0.7435897435897436,"centroid_lat":35.41458333333334,"centroid_lon":135.303125,"city_area_fraction":1.0,"disclosure_status":"unaffected","primary_eligible":true,"nearest_station_name":"真倉駅","nearest_station_distance_m":2234.7022517557107,"nearest_bus_stop_name":"真倉駅前","nearest_bus_stop_distance_m":2233.571331621769,"nearest_public_transport_type":"bus_stop","nearest_public_transport_name":"真倉駅前","nearest_public_transport_distance_m":2233.571331621769,"nearest_medical_name":"医療法人荒木クリニック","nearest_medical_distance_m":2565.255555909651,"nearest_medical_access_class":"likely_public","nearest_hospital_name":"舞鶴赤十字病院","nearest_hospital_distance_m":4558.184329896581,"elderly_population_percentile":0.5332167832167832,"transport_distance_percentile":0.8986013986013986,"medical_distance_percentile":0.7797202797202797,"exploratory_score_c":0.3736024629925309,"pareto_frontier":false},"geometry":{"type":"Polygon","coordinates":[[[135.3,35.4125],[135.30625,35.4125],[135.30625,35.41666666666668],[135.3,35.41666666666668],[135.3,35.4125]]]},"id":"533502943"},{"type":"Feature","properties":{"mesh_code":"533502961","area_label":"真倉駅周辺","area_label_basis":"最寄りの実在公共交通名称（行政地名ではない）","rank":null,"population":2,"elderly_population":null,"elderly_ratio":null,"centroid_lat":35.41041666666668,"centroid_lon":135.328125,"city_area_fraction":1.0,"disclosure_status":"suppressed_source","primary_eligible":false,"nearest_station_name":"真倉駅","nearest_station_distance_m":428.5730742110611,"nearest_bus_stop_name":"真倉駅前","nearest_bus_stop_distance_m":544.6809262631665,"nearest_public_transport_type":"station","nearest_public_transport_name":"真倉駅","nearest_public_transport_distance_m":428.5730742110611,"nearest_medical_name":"特別養護老人ﾎｰﾑｸﾞﾚｲｽｳﾞｨﾙまいづる診療所","nearest_medical_distance_m":1406.4809588570154,"nearest_medical_access_class":"likely_public","nearest_hospital_name":"市立舞鶴市民病院","nearest_hospital_distance_m":3893.326971202966,"elderly_population_percentile":null,"transport_distance_percentile":null,"medical_distance_percentile":null,"exploratory_score_c":null,"pareto_frontier":null},"geometry":{"type":"Polygon","coordinates":[[[135.325,35.40833333333334],[135.33125,35.40833333333334],[135.33125,35.4125],[135.325,35.4125],[135.325,35.40833333333334]]]},"id":"533502961"},{"type":"Feature","properties":{"mesh_code":"533502964","area_label":"京田バス停周辺","area_label_basis":"最寄りの実在公共交通名称（行政地名ではない）","rank":null,"population":15,"elderly_population":null,"elderly_ratio":null,"centroid_lat":35.41458333333334,"centroid_lon":135.334375,"city_area_fraction":1.0,"disclosure_status":"aggregation_destination","primary_eligible":false,"nearest_station_name":"真倉駅","nearest_station_distance_m":1138.9710988875574,"nearest_bus_stop_name":"京田","nearest_bus_stop_distance_m":1002.852789846176,"nearest_public_transport_type":"bus_stop","nearest_public_transport_name":"京田","nearest_public_transport_distance_m":1002.852789846176,"nearest_medical_name":"特別養護老人ﾎｰﾑｸﾞﾚｲｽｳﾞｨﾙまいづる診療所","nearest_medical_distance_m":872.6969253910595,"nearest_medical_access_class":"likely_public","nearest_hospital_name":"市立舞鶴市民病院","nearest_hospital_distance_m":3333.5807549092533,"elderly_population_percentile":null,"transport_distance_percentile":null,"medical_distance_percentile":null,"exploratory_score_c":null,"pareto_frontier":null},"geometry":{"type":"Polygon","coordinates":[[[135.33125,35.4125],[135.3375,35.4125],[135.3375,35.41666666666668],[135.33125,35.41666666666668],[135.33125,35.4125]]]},"id":"533502964"},{"type":"Feature","properties":{"mesh_code":"533502971","area_label":"真倉駅周辺","area_label_basis":"最寄りの実在公共交通名称（行政地名ではない）","rank":147,"population":44,"elderly_population":22.0,"elderly_ratio":0.5,"centroid_lat":35.41041666666668,"centroid_lon":135.340625,"city_area_fraction":1.0,"disclosure_status":"unaffected","primary_eligible":true,"nearest_station_name":"真倉駅","nearest_station_distance_m":1388.3182008333997,"nearest_bus_stop_name":"真倉駅前","nearest_bus_stop_distance_m":1465.7955631722048,"nearest_public_transport_type":"station","nearest_public_transport_name":"真倉駅","nearest_public_transport_distance_m":1388.3182008333997,"nearest_medical_name":"特別養護老人ﾎｰﾑｸﾞﾚｲｽｳﾞｨﾙまいづる診療所","nearest_medical_distance_m":317.3532268932559,"nearest_medical_access_class":"likely_public","nearest_hospital_name":"市立舞鶴市民病院","nearest_hospital_distance_m":3776.1628400024974,"elderly_population_percentile":0.4335664335664335,"transport_distance_percentile":0.7937062937062938,"medical_distance_percentile":0.1363636363636363,"exploratory_score_c":0.0469260555083822,"pareto_frontier":false},"geometry":{"type":"Polygon","coordinates":[[[135.3375,35.40833333333334],[135.34375,35.40833333333334],[135.34375,35.4125],[135.3375,35.4125],[135.3375,35.40833333333334]]]},"id":"533502971"},{"type":"Feature","properties":{"mesh_code":"533502973","area_label":"京田バス停周辺","area_label_basis":"最寄りの実在公共交通名称（行政地名ではない）","rank":126,"population":95,"elderly_population":48.0,"elderly_ratio":0.5052631578947369,"centroid_lat":35.41458333333334,"centroid_lon":135.340625,"city_area_fraction":1.0,"disclosure_status":"unaffected","primary_eligible":true,"nearest_station_name":"真倉駅","nearest_station_distance_m":1578.390477089467,"nearest_bus_stop_name":"京田","nearest_bus_stop_distance_m":1353.016714919805,"nearest_public_transport_type":"bus_stop","nearest_public_transport_name":"京田","nearest_public_transport_distance_m":1353.016714919805,"nearest_medical_name":"特別養護老人ﾎｰﾑｸﾞﾚｲｽｳﾞｨﾙまいづる診療所","nearest_medical_distance_m":380.9480538792145,"nearest_medical_access_class":"likely_public","nearest_hospital_name":"市立舞鶴市民病院","nearest_hospital_distance_m":3314.4492767864895,"elderly_population_percentile":0.6153846153846154,"transport_distance_percentile":0.7867132867132867,"medical_distance_percentile":0.1573426573426573,"exploratory_score_c":0.0761744979066119,"pareto_frontier":false},"geometry":{"type":"Polygon","coordinates":[[[135.3375,35.4125],[135.34375,35.4125],[135.34375,35.41666666666668],[135.3375,35.41666666666668],[135.3375,35.4125]]]},"id":"533502973"},{"type":"Feature","properties":{"mesh_code":"533502981","area_label":"真倉駅周辺","area_label_basis":"最寄りの実在公共交通名称（行政地名ではない）","rank":55,"population":60,"elderly_population":23.0,"elderly_ratio":0.38333333333333336,"centroid_lat":35.41041666666668,"centroid_lon":135.353125,"city_area_fraction":0.9999999999999998,"disclosure_status":"unaffected","primary_eligible":true,"nearest_station_name":"真倉駅","nearest_station_distance_m":2499.8299038483315,"nearest_bus_stop_name":"京田","nearest_bus_stop_distance_m":2541.513980692251,"nearest_public_transport_type":"station","nearest_public_transport_name":"真倉駅","nearest_public_transport_distance_m":2499.8299038483315,"nearest_medical_name":"特別養護老人ﾎｰﾑｸﾞﾚｲｽｳﾞｨﾙまいづる診療所","nearest_medical_distance_m":895.0149706943404,"nearest_medical_access_class":"likely_public","nearest_hospital_name":"市立舞鶴市民病院","nearest_hospital_distance_m":3992.1922656300385,"elderly_population_percentile":0.4493006993006993,"transport_distance_percentile":0.9230769230769232,"medical_distance_percentile":0.4160839160839161,"exploratory_score_c":0.1725662718131787,"pareto_frontier":false},"geometry":{"type":"Polygon","coordinates":[[[135.35,35.40833333333334],[135.35625,35.40833333333334],[135.35625,35.4125],[135.35,35.4125],[135.35,35.40833333333334]]]},"id":"533502981"},{"type":"Feature","properties":{"mesh_code":"533502982","area_label":"京田バス停周辺","area_label_basis":"最寄りの実在公共交通名称（行政地名ではない）","rank":4,"population":134,"elderly_population":101.0,"elderly_ratio":0.753731343283582,"centroid_lat":35.41041666666668,"centroid_lon":135.359375,"city_area_fraction":1.0,"disclosure_status":"unaffected","primary_eligible":true,"nearest_station_name":"真倉駅","nearest_station_distance_m":3062.1471550244173,"nearest_bus_stop_name":"京田","nearest_bus_stop_distance_m":3036.0128312650872,"nearest_public_transport_type":"bus_stop","nearest_public_transport_name":"京田","nearest_public_transport_distance_m":3036.0128312650872,"nearest_medical_name":"特別養護老人ﾎｰﾑｸﾞﾚｲｽｳﾞｨﾙまいづる診療所","nearest_medical_distance_m":1455.2998050380395,"nearest_medical_access_class":"likely_public","nearest_hospital_name":"市立舞鶴市民病院","nearest_hospital_distance_m":4212.242291392144,"elderly_population_percentile":0.7307692307692307,"transport_distance_percentile":0.944055944055944,"medical_distance_percentile":0.6083916083916084,"exploratory_score_c":0.4197214834654318,"pareto_frontier":true},"geometry":{"type":"Polygon","coordinates":[[[135.35625,35.40833333333334],[135.3625,35.40833333333334],[135.3625,35.4125],[135.35625,35.4125],[135.35625,35.40833333333334]]]},"id":"533502982"},{"type":"Feature","properties":{"mesh_code":"533502984","area_label":"京田バス停周辺","area_label_basis":"最寄りの実在公共交通名称（行政地名ではない）","rank":17,"population":64,"elderly_population":31.0,"elderly_ratio":0.484375,"centroid_lat":35.41458333333334,"centroid_lon":135.359375,"city_area_fraction":0.9999999999999998,"disclosure_status":"unaffected","primary_eligible":true,"nearest_station_name":"真倉駅","nearest_station_distance_m":3152.8161066387884,"nearest_bus_stop_name":"京田","nearest_bus_stop_distance_m":2858.5795221621497,"nearest_public_transport_type":"bus_stop","nearest_public_transport_name":"京田","nearest_public_transport_distance_m":2858.5795221621497,"nearest_medical_name":"特別養護老人ﾎｰﾑｸﾞﾚｲｽｳﾞｨﾙまいづる診療所","nearest_medical_distance_m":1470.442764048323,"nearest_medical_access_class":"likely_public","nearest_hospital_name":"市立舞鶴市民病院","nearest_hospital_distance_m":3803.811525179407,"elderly_population_percentile":0.548951048951049,"transport_distance_percentile":0.93006993006993,"medical_distance_percentile":0.6153846153846154,"exploratory_score_c":0.314192531513672,"pareto_frontier":true},"geometry":{"type":"Polygon","coordinates":[[[135.35625,35.4125],[135.3625,35.4125],[135.3625,35.41666666666668],[135.35625,35.41666666666668],[135.35625,35.4125]]]},"id":"533502984"},{"type":"Feature","properties":{"mesh_code":"533502993","area_label":"京田バス停周辺","area_label_basis":"最寄りの実在公共交通名称（行政地名ではない）","rank":null,"population":12,"elderly_population":4.0,"elderly_ratio":0.3333333333333333,"centroid_lat":35.41458333333334,"centroid_lon":135.365625,"city_area_fraction":1.0000000000000002,"disclosure_status":"unaffected","primary_eligible":false,"nearest_station_name":"真倉駅","nearest_station_distance_m":3702.990419823615,"nearest_bus_stop_name":"京田","nearest_bus_stop_distance_m":3402.0208968242764,"nearest_public_transport_type":"bus_stop","nearest_public_transport_name":"京田","nearest_public_transport_distance_m":3402.0208968242764,"nearest_medical_name":"特別養護老人ﾎｰﾑｸﾞﾚｲｽｳﾞｨﾙまいづる診療所","nearest_medical_distance_m":2030.6145497251766,"nearest_medical_access_class":"likely_public","nearest_hospital_name":"市立舞鶴市民病院","nearest_hospital_distance_m":4113.202588202231,"elderly_population_percentile":0.0437062937062937,"transport_distance_percentile":0.9615384615384616,"medical_distance_percentile":0.7027972027972028,"exploratory_score_c":0.0295352509244386,"pareto_frontier":false},"geometry":{"type":"Polygon","coordinates":[[[135.3625,35.4125],[135.36875,35.4125],[135.36875,35.41666666666668],[135.3625,35.41666666666668],[135.3625,35.4125]]]},"id":"533502993"},{"type":"Feature","properties":{"mesh_code":"533503811","area_label":"常口バス停周辺","area_label_basis":"最寄りの実在公共交通名称（行政地名ではない）","rank":null,"population":2,"elderly_population":null,"elderly_ratio":null,"centroid_lat":35.40208333333334,"centroid_lon":135.390625,"city_area_fraction":1.0,"disclosure_status":"suppressed_source","primary_eligible":false,"nearest_station_name":"真倉駅","nearest_station_distance_m":5902.516135869853,"nearest_bus_stop_name":"常口","nearest_bus_stop_distance_m":5536.079827751386,"nearest_public_transport_type":"bus_stop","nearest_public_transport_name":"常口","nearest_public_transport_distance_m":5536.079827751386,"nearest_medical_name":"特別養護老人ﾎｰﾑｸﾞﾚｲｽｳﾞｨﾙまいづる診療所","nearest_medical_distance_m":4423.1183913647155,"nearest_medical_access_class":"likely_public","nearest_hospital_name":"市立舞鶴市民病院","nearest_hospital_distance_m":6653.174378474342,"elderly_population_percentile":null,"transport_distance_percentile":null,"medical_distance_percentile":null,"exploratory_score_c":null,"pareto_frontier":null},"geometry":{"type":"Polygon","coordinates":[[[135.3875,35.4],[135.39375,35.4],[135.39375,35.404166666666676],[135.3875,35.404166666666676],[135.3875,35.4]]]},"id":"533503811"},{"type":"Feature","properties":{"mesh_code":"533503813","area_label":"常口バス停周辺","area_label_basis":"最寄りの実在公共交通名称（行政地名ではない）","rank":null,"population":34,"elderly_population":null,"elderly_ratio":null,"centroid_lat":35.40625,"centroid_lon":135.390625,"city_area_fraction":0.9999999999999998,"disclosure_status":"aggregation_destination","primary_eligible":false,"nearest_station_name":"真倉駅","nearest_station_distance_m":5877.684140461522,"nearest_bus_stop_name":"常口","nearest_bus_stop_distance_m":5084.725830965503,"nearest_public_transport_type":"bus_stop","nearest_public_transport_name":"常口","nearest_public_transport_distance_m":5084.725830965503,"nearest_medical_name":"特別養護老人ﾎｰﾑｸﾞﾚｲｽｳﾞｨﾙまいづる診療所","nearest_medical_distance_m":4330.441241348876,"nearest_medical_access_class":"likely_public","nearest_hospital_name":"京都府立舞鶴こども療育センター","nearest_hospital_distance_m":6293.837509214465,"elderly_population_percentile":null,"transport_distance_percentile":null,"medical_distance_percentile":null,"exploratory_score_c":null,"pareto_frontier":null},"geometry":{"type":"Polygon","coordinates":[[[135.3875,35.404166666666676],[135.39375,35.404166666666676],[135.39375,35.408333333333346],[135.3875,35.408333333333346],[135.3875,35.404166666666676]]]},"id":"533503813"},{"type":"Feature","properties":{"mesh_code":"533511061","area_label":"地頭バス停周辺","area_label_basis":"最寄りの実在公共交通名称（行政地名ではない）","rank":null,"population":20,"elderly_population":null,"elderly_ratio":null,"centroid_lat":35.41875,"centroid_lon":135.203125,"city_area_fraction":0.2967732393953833,"disclosure_status":"aggregation_destination","primary_eligible":false,"nearest_station_name":"四所駅","nearest_station_distance_m":8499.75574028407,"nearest_bus_stop_name":"地頭","nearest_bus_stop_distance_m":1367.6334949417558,"nearest_public_transport_type":"bus_stop","nearest_public_transport_name":"地頭","nearest_public_transport_distance_m":1367.6334949417558,"nearest_medical_name":"ライフ・ステージ舞夢診療所","nearest_medical_distance_m":1486.500652137352,"nearest_medical_access_class":"likely_public","nearest_hospital_name":"舞鶴赤十字病院","nearest_hospital_distance_m":12508.83439171364,"elderly_population_percentile":null,"transport_distance_percentile":null,"medical_distance_percentile":null,"exploratory_score_c":null,"pareto_frontier":null},"geometry":{"type":"Polygon","coordinates":[[[135.2,35.41666666666667],[135.20625,35.41666666666667],[135.20625,35.42083333333334],[135.2,35.42083333333334],[135.2,35.41666666666667]]]},"id":"533511061"},{"type":"Feature","properties":{"mesh_code":"533511062","area_label":"地頭バス停周辺","area_label_basis":"最寄りの実在公共交通名称（行政地名ではない）","rank":null,"population":23,"elderly_population":null,"elderly_ratio":null,"centroid_lat":35.41875,"centroid_lon":135.209375,"city_area_fraction":1.0,"disclosure_status":"aggregation_destination","primary_eligible":false,"nearest_station_name":"四所駅","nearest_station_distance_m":7972.267165840957,"nearest_bus_stop_name":"地頭","nearest_bus_stop_distance_m":947.1415210279922,"nearest_public_transport_type":"bus_stop","nearest_public_transport_name":"地頭","nearest_public_transport_distance_m":947.1415210279922,"nearest_medical_name":"ライフ・ステージ舞夢診療所","nearest_medical_distance_m":950.3074338092649,"nearest_medical_access_class":"likely_public","nearest_hospital_name":"舞鶴赤十字病院","nearest_hospital_distance_m":11957.36774622003,"elderly_population_percentile":null,"transport_distance_percentile":null,"medical_distance_percentile":null,"exploratory_score_c":null,"pareto_frontier":null},"geometry":{"type":"Polygon","coordinates":[[[135.20625,35.41666666666667],[135.2125,35.41666666666667],[135.2125,35.42083333333334],[135.20625,35.42083333333334],[135.20625,35.41666666666667]]]},"id":"533511062"},{"type":"Feature","properties":{"mesh_code":"533511063","area_label":"地頭バス停周辺","area_label_basis":"最寄りの実在公共交通名称（行政地名ではない）","rank":null,"population":8,"elderly_population":null,"elderly_ratio":null,"centroid_lat":35.42291666666668,"centroid_lon":135.203125,"city_area_fraction":0.2385405127164825,"disclosure_status":"suppressed_source","primary_eligible":false,"nearest_station_name":"四所駅","nearest_station_distance_m":8345.602235087505,"nearest_bus_stop_name":"地頭","nearest_bus_stop_distance_m":1177.8204563071738,"nearest_public_transport_type":"bus_stop","nearest_public_transport_name":"地頭","nearest_public_transport_distance_m":1177.8204563071738,"nearest_medical_name":"ライフ・ステージ舞夢診療所","nearest_medical_distance_m":1436.6418700852419,"nearest_medical_access_class":"likely_public","nearest_hospital_name":"舞鶴赤十字病院","nearest_hospital_distance_m":12409.952705160023,"elderly_population_percentile":null,"transport_distance_percentile":null,"medical_distance_percentile":null,"exploratory_score_c":null,"pareto_frontier":null},"geometry":{"type":"Polygon","coordinates":[[[135.2,35.42083333333334],[135.20625,35.42083333333334],[135.20625,35.425],[135.2,35.425],[135.2,35.42083333333334]]]},"id":"533511063"},{"type":"Feature","properties":{"mesh_code":"533511064","area_label":"地頭バス停周辺","area_label_basis":"最寄りの実在公共交通名称（行政地名ではない）","rank":null,"population":13,"elderly_population":7.0,"elderly_ratio":0.5384615384615384,"centroid_lat":35.42291666666668,"centroid_lon":135.209375,"city_area_fraction":1.0,"disclosure_status":"unaffected","primary_eligible":false,"nearest_station_name":"四所駅","nearest_station_distance_m":7807.734808349865,"nearest_bus_stop_name":"地頭","nearest_bus_stop_distance_m":643.4029232042492,"nearest_public_transport_type":"bus_stop","nearest_public_transport_name":"地頭","nearest_public_transport_distance_m":643.4029232042492,"nearest_medical_name":"ライフ・ステージ舞夢診療所","nearest_medical_distance_m":870.2915165649769,"nearest_medical_access_class":"likely_public","nearest_hospital_name":"舞鶴赤十字病院","nearest_hospital_distance_m":11853.916188330213,"elderly_population_percentile":0.1206293706293706,"transport_distance_percentile":0.6188811188811189,"medical_distance_percentile":0.4090909090909091,"exploratory_score_c":0.030540779944785,"pareto_frontier":false},"geometry":{"type":"Polygon","coordinates":[[[135.20625,35.42083333333334],[135.2125,35.42083333333334],[135.2125,35.425],[135.20625,35.425],[135.20625,35.42083333333334]]]},"id":"533511064"},{"type":"Feature","properties":{"mesh_code":"533511071","area_label":"地頭バス停周辺","area_label_basis":"最寄りの実在公共交通名称（行政地名ではない）","rank":null,"population":2,"elderly_population":null,"elderly_ratio":null,"centroid_lat":35.41875,"centroid_lon":135.215625,"city_area_fraction":1.0000000000000002,"disclosure_status":"suppressed_source","primary_eligible":false,"nearest_station_name":"四所駅","nearest_station_distance_m":7450.663649647536,"nearest_bus_stop_name":"地頭","nearest_bus_stop_distance_m":753.6829535125564,"nearest_public_transport_type":"bus_stop","nearest_public_transport_name":"地頭","nearest_public_transport_distance_m":753.6829535125564,"nearest_medical_name":"ライフ・ステージ舞夢診療所","nearest_medical_distance_m":490.73009804151866,"nearest_medical_access_class":"likely_public","nearest_hospital_name":"舞鶴赤十字病院","nearest_hospital_distance_m":11407.476192582582,"elderly_population_percentile":null,"transport_distance_percentile":null,"medical_distance_percentile":null,"exploratory_score_c":null,"pareto_frontier":null},"geometry":{"type":"Polygon","coordinates":[[[135.2125,35.41666666666667],[135.21875,35.41666666666667],[135.21875,35.42083333333334],[135.2125,35.42083333333334],[135.2125,35.41666666666667]]]},"id":"533511071"},{"type":"Feature","properties":{"mesh_code":"533511072","area_label":"由良川橋バス停周辺","area_label_basis":"最寄りの実在公共交通名称（行政地名ではない）","rank":null,"population":3,"elderly_population":null,"elderly_ratio":null,"centroid_lat":35.41875,"centroid_lon":135.221875,"city_area_fraction":1.0000000000000002,"disclosure_status":"suppressed_source","primary_eligible":false,"nearest_station_name":"四所駅","nearest_station_distance_m":6936.272835627767,"nearest_bus_stop_name":"由良川橋","nearest_bus_stop_distance_m":893.3256511698372,"nearest_public_transport_type":"bus_stop","nearest_public_transport_name":"由良川橋","nearest_public_transport_distance_m":893.3256511698372,"nearest_medical_name":"ライフ・ステージ舞夢診療所","nearest_medical_distance_m":472.0992311327451,"nearest_medical_access_class":"likely_public","nearest_hospital_name":"舞鶴赤十字病院","nearest_hospital_distance_m":10859.398917724015,"elderly_population_percentile":null,"transport_distance_percentile":null,"medical_distance_percentile":null,"exploratory_score_c":null,"pareto_frontier":null},"geometry":{"type":"Polygon","coordinates":[[[135.21875,35.41666666666667],[135.225,35.41666666666667],[135.225,35.42083333333334],[135.21875,35.42083333333334],[135.21875,35.41666666666667]]]},"id":"533511072"},{"type":"Feature","properties":{"mesh_code":"533511073","area_label":"地頭バス停周辺","area_label_basis":"最寄りの実在公共交通名称（行政地名ではない）","rank":null,"population":12,"elderly_population":4.0,"elderly_ratio":0.3333333333333333,"centroid_lat":35.42291666666668,"centroid_lon":135.215625,"city_area_fraction":1.0,"disclosure_status":"unaffected","primary_eligible":false,"nearest_station_name":"四所駅","nearest_station_distance_m":7274.37177724848,"nearest_bus_stop_name":"地頭","nearest_bus_stop_distance_m":291.45442578936553,"nearest_public_transport_type":"bus_stop","nearest_public_transport_name":"地頭","nearest_public_transport_distance_m":291.45442578936553,"nearest_medical_name":"ライフ・ステージ舞夢診療所","nearest_medical_distance_m":308.5018373549555,"nearest_medical_access_class":"likely_public","nearest_hospital_name":"舞鶴赤十字病院","nearest_hospital_distance_m":11299.020433179736,"elderly_population_percentile":0.0437062937062937,"transport_distance_percentile":0.3216783216783216,"medical_distance_percentile":0.1293706293706293,"exploratory_score_c":0.0018188691840215,"pareto_frontier":false},"geometry":{"type":"Polygon","coordinates":[[[135.2125,35.42083333333334],[135.21875,35.42083333333334],[135.21875,35.425],[135.2125,35.425],[135.2125,35.42083333333334]]]},"id":"533511073"},{"type":"Feature","properties":{"mesh_code":"533511074","area_label":"由良川橋バス停周辺","area_label_basis":"最寄りの実在公共交通名称（行政地名ではない）","rank":null,"population":95,"elderly_population":null,"elderly_ratio":null,"centroid_lat":35.42291666666668,"centroid_lon":135.221875,"city_area_fraction":1.0,"disclosure_status":"aggregation_destination","primary_eligible":false,"nearest_station_name":"四所駅","nearest_station_distance_m":6746.581389918541,"nearest_bus_stop_name":"由良川橋","nearest_bus_stop_distance_m":458.88218857499686,"nearest_public_transport_type":"bus_stop","nearest_public_transport_name":"由良川橋","nearest_public_transport_distance_m":458.88218857499686,"nearest_medical_name":"ライフ・ステージ舞夢診療所","nearest_medical_distance_m":277.91384781740135,"nearest_medical_access_class":"likely_public","nearest_hospital_name":"舞鶴赤十字病院","nearest_hospital_distance_m":10745.442076058816,"elderly_population_percentile":null,"transport_distance_percentile":null,"medical_distance_percentile":null,"exploratory_score_c":null,"pareto_frontier":null},"geometry":{"type":"Polygon","coordinates":[[[135.21875,35.42083333333334],[135.225,35.42083333333334],[135.225,35.425],[135.21875,35.425],[135.21875,35.42083333333334]]]},"id":"533511074"},{"type":"Feature","properties":{"mesh_code":"533511084","area_label":"岡田由里バス停周辺","area_label_basis":"最寄りの実在公共交通名称（行政地名ではない）","rank":64,"population":34,"elderly_population":20.0,"elderly_ratio":0.5882352941176471,"centroid_lat":35.42291666666668,"centroid_lon":135.234375,"city_area_fraction":1.0,"disclosure_status":"unaffected","primary_eligible":true,"nearest_station_name":"四所駅","nearest_station_distance_m":5713.881817286034,"nearest_bus_stop_name":"岡田由里","nearest_bus_stop_distance_m":785.9365165930571,"nearest_public_transport_type":"bus_stop","nearest_public_transport_name":"岡田由里","nearest_public_transport_distance_m":785.9365165930571,"nearest_medical_name":"ライフ・ステージ舞夢診療所","nearest_medical_distance_m":1405.077894611365,"nearest_medical_access_class":"likely_public","nearest_hospital_name":"舞鶴赤十字病院","nearest_hospital_distance_m":9643.144177186401,"elderly_population_percentile":0.4108391608391608,"transport_distance_percentile":0.6608391608391608,"medical_distance_percentile":0.5944055944055944,"exploratory_score_c":0.1613802904513941,"pareto_frontier":false},"geometry":{"type":"Polygon","coordinates":[[[135.23125,35.42083333333334],[135.2375,35.42083333333334],[135.2375,35.425],[135.23125,35.425],[135.23125,35.42083333333334]]]},"id":"533511084"},{"type":"Feature","properties":{"mesh_code":"533511091","area_label":"薬師口バス停周辺","area_label_basis":"最寄りの実在公共交通名称（行政地名ではない）","rank":null,"population":4,"elderly_population":null,"elderly_ratio":null,"centroid_lat":35.41875,"centroid_lon":135.240625,"city_area_fraction":1.0,"disclosure_status":"suppressed_source","primary_eligible":false,"nearest_station_name":"四所駅","nearest_station_distance_m":5456.667426848621,"nearest_bus_stop_name":"薬師口","nearest_bus_stop_distance_m":911.4547119829189,"nearest_public_transport_type":"bus_stop","nearest_public_transport_name":"薬師口","nearest_public_transport_distance_m":911.4547119829189,"nearest_medical_name":"ライフ・ステージ舞夢診療所","nearest_medical_distance_m":2008.7365743882535,"nearest_medical_access_class":"likely_public","nearest_hospital_name":"舞鶴赤十字病院","nearest_hospital_distance_m":9229.279128076952,"elderly_population_percentile":null,"transport_distance_percentile":null,"medical_distance_percentile":null,"exploratory_score_c":null,"pareto_frontier":null},"geometry":{"type":"Polygon","coordinates":[[[135.2375,35.41666666666667],[135.24375,35.41666666666667],[135.24375,35.42083333333334],[135.2375,35.42083333333334],[135.2375,35.41666666666667]]]},"id":"533511091"},{"type":"Feature","properties":{"mesh_code":"533511093","area_label":"薬師口バス停周辺","area_label_basis":"最寄りの実在公共交通名称（行政地名ではない）","rank":null,"population":21,"elderly_population":null,"elderly_ratio":null,"centroid_lat":35.42291666666668,"centroid_lon":135.240625,"city_area_fraction":1.0,"disclosure_status":"aggregation_destination","primary_eligible":false,"nearest_station_name":"四所駅","nearest_station_distance_m":5213.506579769184,"nearest_bus_stop_name":"薬師口","nearest_bus_stop_distance_m":460.3146557945977,"nearest_public_transport_type":"bus_stop","nearest_public_transport_name":"薬師口","nearest_public_transport_distance_m":460.3146557945977,"nearest_medical_name":"ライフ・ステージ舞夢診療所","nearest_medical_distance_m":1972.1017134112785,"nearest_medical_access_class":"likely_public","nearest_hospital_name":"舞鶴赤十字病院","nearest_hospital_distance_m":9095.013320332087,"elderly_population_percentile":null,"transport_distance_percentile":null,"medical_distance_percentile":null,"exploratory_score_c":null,"pareto_frontier":null},"geometry":{"type":"Polygon","coordinates":[[[135.2375,35.42083333333334],[135.24375,35.42083333333334],[135.24375,35.425],[135.2375,35.425],[135.2375,35.42083333333334]]]},"id":"533511093"},{"type":"Feature","properties":{"mesh_code":"533511094","area_label":"薬師口バス停周辺","area_label_basis":"最寄りの実在公共交通名称（行政地名ではない）","rank":null,"population":17,"elderly_population":5.0,"elderly_ratio":0.29411764705882354,"centroid_lat":35.42291666666668,"centroid_lon":135.246875,"city_area_fraction":1.0,"disclosure_status":"unaffected","primary_eligible":false,"nearest_station_name":"四所駅","nearest_station_distance_m":4728.314963780272,"nearest_bus_stop_name":"薬師口","nearest_bus_stop_distance_m":611.6870369213183,"nearest_public_transport_type":"bus_stop","nearest_public_transport_name":"薬師口","nearest_public_transport_distance_m":611.6870369213183,"nearest_medical_name":"ライフ・ステージ舞夢診療所","nearest_medical_distance_m":2539.3730615552768,"nearest_medical_access_class":"likely_public","nearest_hospital_name":"舞鶴赤十字病院","nearest_hospital_distance_m":8549.41086451209,"elderly_population_percentile":0.0646853146853146,"transport_distance_percentile":0.5909090909090909,"medical_distance_percentile":0.7692307692307693,"exploratory_score_c":0.0294024157660521,"pareto_frontier":false},"geometry":{"type":"Polygon","coordinates":[[[135.24375,35.42083333333334],[135.25,35.42083333333334],[135.25,35.425],[135.24375,35.425],[135.24375,35.42083333333334]]]},"id":"533511094"},{"type":"Feature","properties":{"mesh_code":"533511162","area_label":"地頭バス停周辺","area_label_basis":"最寄りの実在公共交通名称（行政地名ではない）","rank":null,"population":2,"elderly_population":null,"elderly_ratio":null,"centroid_lat":35.42708333333334,"centroid_lon":135.209375,"city_area_fraction":1.0,"disclosure_status":"suppressed_source","primary_eligible":false,"nearest_station_name":"四所駅","nearest_station_distance_m":7667.579662735967,"nearest_bus_stop_name":"地頭","nearest_bus_stop_distance_m":598.531653865407,"nearest_public_transport_type":"bus_stop","nearest_public_transport_name":"地頭","nearest_public_transport_distance_m":598.531653865407,"nearest_medical_name":"ライフ・ステージ舞夢診療所","nearest_medical_distance_m":1019.3689206296535,"nearest_medical_access_class":"likely_public","nearest_hospital_name":"舞鶴赤十字病院","nearest_hospital_distance_m":11767.726519873779,"elderly_population_percentile":null,"transport_distance_percentile":null,"medical_distance_percentile":null,"exploratory_score_c":null,"pareto_frontier":null},"geometry":{"type":"Polygon","coordinates":[[[135.20625,35.425],[135.2125,35.425],[135.2125,35.429166666666674],[135.20625,35.429166666666674],[135.20625,35.425]]]},"id":"533511162"},{"type":"Feature","properties":{"mesh_code":"533511164","area_label":"地頭バス停周辺","area_label_basis":"最寄りの実在公共交通名称（行政地名ではない）","rank":null,"population":25,"elderly_population":null,"elderly_ratio":null,"centroid_lat":35.43125,"centroid_lon":135.209375,"city_area_fraction":1.0,"disclosure_status":"aggregation_destination","primary_eligible":false,"nearest_station_name":"四所駅","nearest_station_distance_m":7553.158927388714,"nearest_bus_stop_name":"地頭","nearest_bus_stop_distance_m":854.3397428128432,"nearest_public_transport_type":"bus_stop","nearest_public_transport_name":"地頭","nearest_public_transport_distance_m":854.3397428128432,"nearest_medical_name":"ライフ・ステージ舞夢診療所","nearest_medical_distance_m":1322.1959440345186,"nearest_medical_access_class":"likely_public","nearest_hospital_name":"舞鶴赤十字病院","nearest_hospital_distance_m":11699.18029763002,"elderly_population_percentile":null,"transport_distance_percentile":null,"medical_distance_percentile":null,"exploratory_score_c":null,"pareto_frontier":null},"geometry":{"type":"Polygon","coordinates":[[[135.20625,35.429166666666674],[135.2125,35.429166666666674],[135.2125,35.433333333333344],[135.20625,35.433333333333344],[135.20625,35.429166666666674]]]},"id":"533511164"},{"type":"Feature","properties":{"mesh_code":"533511171","area_label":"地頭バス停周辺","area_label_basis":"最寄りの実在公共交通名称（行政地名ではない）","rank":188,"population":44,"elderly_population":22.0,"elderly_ratio":0.5,"centroid_lat":35.42708333333334,"centroid_lon":135.215625,"city_area_fraction":1.0,"disclosure_status":"unaffected","primary_eligible":true,"nearest_station_name":"四所駅","nearest_station_distance_m":7123.759981558609,"nearest_bus_stop_name":"地頭","nearest_bus_stop_distance_m":170.98392573420148,"nearest_public_transport_type":"bus_stop","nearest_public_transport_name":"地頭","nearest_public_transport_distance_m":170.98392573420148,"nearest_medical_name":"ライフ・ステージ舞夢診療所","nearest_medical_distance_m":613.9323104201528,"nearest_medical_access_class":"likely_public","nearest_hospital_name":"舞鶴赤十字病院","nearest_hospital_distance_m":11208.594243695501,"elderly_population_percentile":0.4335664335664335,"transport_distance_percentile":0.1573426573426573,"medical_distance_percentile":0.2447552447552447,"exploratory_score_c":0.0166968343896311,"pareto_frontier":false},"geometry":{"type":"Polygon","coordinates":[[[135.2125,35.425],[135.21875,35.425],[135.21875,35.429166666666674],[135.2125,35.429166666666674],[135.2125,35.425]]]},"id":"533511171"},{"type":"Feature","properties":{"mesh_code":"533511172","area_label":"地頭下バス停周辺","area_label_basis":"最寄りの実在公共交通名称（行政地名ではない）","rank":null,"population":20,"elderly_population":7.0,"elderly_ratio":0.35,"centroid_lat":35.42708333333334,"centroid_lon":135.221875,"city_area_fraction":1.0,"disclosure_status":"unaffected","primary_eligible":false,"nearest_station_name":"四所駅","nearest_station_distance_m":6583.936152024254,"nearest_bus_stop_name":"地頭下","nearest_bus_stop_distance_m":130.23302690053833,"nearest_public_transport_type":"bus_stop","nearest_public_transport_name":"地頭下","nearest_public_transport_distance_m":130.23302690053833,"nearest_medical_name":"ライフ・ステージ舞夢診療所","nearest_medical_distance_m":599.1462670068604,"nearest_medical_access_class":"likely_public","nearest_hospital_name":"舞鶴赤十字病院","nearest_hospital_distance_m":10650.346384565908,"elderly_population_percentile":0.1206293706293706,"transport_distance_percentile":0.0804195804195804,"medical_distance_percentile":0.2377622377622377,"exploratory_score_c":0.0023065227598456,"pareto_frontier":false},"geometry":{"type":"Polygon","coordinates":[[[135.21875,35.425],[135.225,35.425],[135.225,35.429166666666674],[135.21875,35.429166666666674],[135.21875,35.425]]]},"id":"533511172"},{"type":"Feature","properties":{"mesh_code":"533511173","area_label":"由良川橋バス停周辺","area_label_basis":"最寄りの実在公共交通名称（行政地名ではない）","rank":null,"population":20,"elderly_population":8.0,"elderly_ratio":0.4,"centroid_lat":35.43125,"centroid_lon":135.215625,"city_area_fraction":1.0,"disclosure_status":"unaffected","primary_eligible":false,"nearest_station_name":"四所駅","nearest_station_distance_m":7000.486001854369,"nearest_bus_stop_name":"由良川橋","nearest_bus_stop_distance_m":627.2799012599788,"nearest_public_transport_type":"bus_stop","nearest_public_transport_name":"由良川橋","nearest_public_transport_distance_m":627.2799012599788,"nearest_medical_name":"ライフ・ステージ舞夢診療所","nearest_medical_distance_m":1042.130222984292,"nearest_medical_access_class":"likely_public","nearest_hospital_name":"舞鶴赤十字病院","nearest_hospital_distance_m":11136.636856518935,"elderly_population_percentile":0.1573426573426573,"transport_distance_percentile":0.6048951048951049,"medical_distance_percentile":0.4685314685314685,"exploratory_score_c":0.0445928588502797,"pareto_frontier":false},"geometry":{"type":"Polygon","coordinates":[[[135.2125,35.429166666666674],[135.21875,35.429166666666674],[135.21875,35.433333333333344],[135.2125,35.433333333333344],[135.2125,35.429166666666674]]]},"id":"533511173"},{"type":"Feature","properties":{"mesh_code":"533511181","area_label":"岡田由里バス停周辺","area_label_basis":"最寄りの実在公共交通名称（行政地名ではない）","rank":null,"population":4,"elderly_population":null,"elderly_ratio":null,"centroid_lat":35.42708333333334,"centroid_lon":135.228125,"city_area_fraction":0.9999999999999998,"disclosure_status":"suppressed_source","primary_eligible":false,"nearest_station_name":"四所駅","nearest_station_distance_m":6049.177867769614,"nearest_bus_stop_name":"岡田由里","nearest_bus_stop_distance_m":402.9454274965124,"nearest_public_transport_type":"bus_stop","nearest_public_transport_name":"岡田由里","nearest_public_transport_distance_m":402.9454274965124,"nearest_medical_name":"ライフ・ステージ舞夢診療所","nearest_medical_distance_m":992.623383424479,"nearest_medical_access_class":"likely_public","nearest_hospital_name":"舞鶴赤十字病院","nearest_hospital_distance_m":10093.12959672192,"elderly_population_percentile":null,"transport_distance_percentile":null,"medical_distance_percentile":null,"exploratory_score_c":null,"pareto_frontier":null},"geometry":{"type":"Polygon","coordinates":[[[135.225,35.425],[135.23125,35.425],[135.23125,35.429166666666674],[135.225,35.429166666666674],[135.225,35.425]]]},"id":"533511181"},{"type":"Feature","properties":{"mesh_code":"533511183","area_label":"岡田由里バス停周辺","area_label_basis":"最寄りの実在公共交通名称（行政地名ではない）","rank":null,"population":29,"elderly_population":null,"elderly_ratio":null,"centroid_lat":35.43125,"centroid_lon":135.228125,"city_area_fraction":1.0,"disclosure_status":"aggregation_destination","primary_eligible":false,"nearest_station_name":"四所駅","nearest_station_distance_m":5903.569552802834,"nearest_bus_stop_name":"岡田由里","nearest_bus_stop_distance_m":349.2788681152102,"nearest_public_transport_type":"bus_stop","nearest_public_transport_name":"岡田由里","nearest_public_transport_distance_m":349.2788681152102,"nearest_medical_name":"ライフ・ステージ舞夢診療所","nearest_medical_distance_m":1301.6877356916157,"nearest_medical_access_class":"likely_public","nearest_hospital_name":"舞鶴赤十字病院","nearest_hospital_distance_m":10013.220648745493,"elderly_population_percentile":null,"transport_distance_percentile":null,"medical_distance_percentile":null,"exploratory_score_c":null,"pareto_frontier":null},"geometry":{"type":"Polygon","coordinates":[[[135.225,35.429166666666674],[135.23125,35.429166666666674],[135.23125,35.433333333333344],[135.225,35.433333333333344],[135.225,35.429166666666674]]]},"id":"533511183"},{"type":"Feature","properties":{"mesh_code":"533511184","area_label":"岡田由里バス停周辺","area_label_basis":"最寄りの実在公共交通名称（行政地名ではない）","rank":null,"population":17,"elderly_population":10.0,"elderly_ratio":0.5882352941176471,"centroid_lat":35.43125,"centroid_lon":135.234375,"city_area_fraction":1.0,"disclosure_status":"unaffected","primary_eligible":false,"nearest_station_name":"四所駅","nearest_station_distance_m":5361.0506726190515,"nearest_bus_stop_name":"岡田由里","nearest_bus_stop_distance_m":331.02655075035744,"nearest_public_transport_type":"bus_stop","nearest_public_transport_name":"岡田由里","nearest_public_transport_distance_m":331.02655075035744,"nearest_medical_name":"ライフ・ステージ舞夢診療所","nearest_medical_distance_m":1721.891232640755,"nearest_medical_access_class":"likely_public","nearest_hospital_name":"舞鶴赤十字病院","nearest_hospital_distance_m":9452.546233593986,"elderly_population_percentile":0.2272727272727272,"transport_distance_percentile":0.3566433566433566,"medical_distance_percentile":0.6713286713286714,"exploratory_score_c":0.0544147524439959,"pareto_frontier":false},"geometry":{"type":"Polygon","coordinates":[[[135.23125,35.429166666666674],[135.2375,35.429166666666674],[135.2375,35.433333333333344],[135.23125,35.433333333333344],[135.23125,35.429166666666674]]]},"id":"533511184"},{"type":"Feature","properties":{"mesh_code":"533511191","area_label":"薬師口バス停周辺","area_label_basis":"最寄りの実在公共交通名称（行政地名ではない）","rank":null,"population":23,"elderly_population":9.0,"elderly_ratio":0.391304347826087,"centroid_lat":35.42708333333334,"centroid_lon":135.240625,"city_area_fraction":1.0,"disclosure_status":"unaffected","primary_eligible":false,"nearest_station_name":"四所駅","nearest_station_distance_m":5001.3454544149745,"nearest_bus_stop_name":"薬師口","nearest_bus_stop_distance_m":142.85679209386706,"nearest_public_transport_type":"bus_stop","nearest_public_transport_name":"薬師口","nearest_public_transport_distance_m":142.85679209386706,"nearest_medical_name":"ライフ・ステージ舞夢診療所","nearest_medical_distance_m":2042.2360682862554,"nearest_medical_access_class":"likely_public","nearest_hospital_name":"舞鶴赤十字病院","nearest_hospital_distance_m":8982.556007984518,"elderly_population_percentile":0.1923076923076923,"transport_distance_percentile":0.1118881118881118,"medical_distance_percentile":0.7062937062937062,"exploratory_score_c":0.0151972825453191,"pareto_frontier":false},"geometry":{"type":"Polygon","coordinates":[[[135.2375,35.425],[135.24375,35.425],[135.24375,35.429166666666674],[135.2375,35.429166666666674],[135.2375,35.425]]]},"id":"533511191"},{"type":"Feature","properties":{"mesh_code":"533511192","area_label":"加佐分室前バス停周辺","area_label_basis":"最寄りの実在公共交通名称（行政地名ではない）","rank":144,"population":23,"elderly_population":15.0,"elderly_ratio":0.6521739130434783,"centroid_lat":35.42708333333334,"centroid_lon":135.246875,"city_area_fraction":1.0,"disclosure_status":"unaffected","primary_eligible":true,"nearest_station_name":"四所駅","nearest_station_distance_m":4493.330436187461,"nearest_bus_stop_name":"加佐分室前","nearest_bus_stop_distance_m":195.70112494981336,"nearest_public_transport_type":"bus_stop","nearest_public_transport_name":"加佐分室前","nearest_public_transport_distance_m":195.70112494981336,"nearest_medical_name":"ライフ・ステージ舞夢診療所","nearest_medical_distance_m":2594.190906286011,"nearest_medical_access_class":"likely_public","nearest_hospital_name":"舞鶴赤十字病院","nearest_hospital_distance_m":8429.707529445195,"elderly_population_percentile":0.3339160839160839,"transport_distance_percentile":0.1923076923076923,"medical_distance_percentile":0.7867132867132867,"exploratory_score_c":0.05051850382001,"pareto_frontier":false},"geometry":{"type":"Polygon","coordinates":[[[135.24375,35.425],[135.25,35.425],[135.25,35.429166666666674],[135.24375,35.429166666666674],[135.24375,35.425]]]},"id":"533511192"},{"type":"Feature","properties":{"mesh_code":"533511193","area_label":"薬師口バス停周辺","area_label_basis":"最寄りの実在公共交通名称（行政地名ではない）","rank":null,"population":6,"elderly_population":null,"elderly_ratio":null,"centroid_lat":35.43125,"centroid_lon":135.240625,"city_area_fraction":1.0000000000000002,"disclosure_status":"suppressed_source","primary_eligible":false,"nearest_station_name":"四所駅","nearest_station_distance_m":4824.275777488379,"nearest_bus_stop_name":"薬師口","nearest_bus_stop_distance_m":506.2667407264672,"nearest_public_transport_type":"bus_stop","nearest_public_transport_name":"薬師口","nearest_public_transport_distance_m":506.2667407264672,"nearest_medical_name":"ライフ・ステージ舞夢診療所","nearest_medical_distance_m":2208.9935435807033,"nearest_medical_access_class":"likely_public","nearest_hospital_name":"舞鶴赤十字病院","nearest_hospital_distance_m":8892.734648100482,"elderly_population_percentile":null,"transport_distance_percentile":null,"medical_distance_percentile":null,"exploratory_score_c":null,"pareto_frontier":null},"geometry":{"type":"Polygon","coordinates":[[[135.2375,35.429166666666674],[135.24375,35.429166666666674],[135.24375,35.433333333333344],[135.2375,35.433333333333344],[135.2375,35.429166666666674]]]},"id":"533511193"},{"type":"Feature","properties":{"mesh_code":"533511194","area_label":"加佐分室前バス停周辺","area_label_basis":"最寄りの実在公共交通名称（行政地名ではない）","rank":null,"population":23,"elderly_population":null,"elderly_ratio":null,"centroid_lat":35.43125,"centroid_lon":135.246875,"city_area_fraction":1.0000000000000002,"disclosure_status":"aggregation_destination","primary_eligible":false,"nearest_station_name":"四所駅","nearest_station_distance_m":4295.398580047399,"nearest_bus_stop_name":"加佐分室前","nearest_bus_stop_distance_m":285.4155198553282,"nearest_public_transport_type":"bus_stop","nearest_public_transport_name":"加佐分室前","nearest_public_transport_distance_m":285.4155198553282,"nearest_medical_name":"ライフ・ステージ舞夢診療所","nearest_medical_distance_m":2727.3830448372523,"nearest_medical_access_class":"likely_public","nearest_hospital_name":"舞鶴赤十字病院","nearest_hospital_distance_m":8333.959654298818,"elderly_population_percentile":null,"transport_distance_percentile":null,"medical_distance_percentile":null,"exploratory_score_c":null,"pareto_frontier":null},"geometry":{"type":"Polygon","coordinates":[[[135.24375,35.429166666666674],[135.25,35.429166666666674],[135.25,35.433333333333344],[135.24375,35.433333333333344],[135.24375,35.429166666666674]]]},"id":"533511194"},{"type":"Feature","properties":{"mesh_code":"533511243","area_label":"地頭バス停周辺","area_label_basis":"最寄りの実在公共交通名称（行政地名ではない）","rank":null,"population":2,"elderly_population":null,"elderly_ratio":null,"centroid_lat":35.439583333333346,"centroid_lon":135.178125,"city_area_fraction":0.9999999999999998,"disclosure_status":"suppressed_source","primary_eligible":false,"nearest_station_name":"四所駅","nearest_station_distance_m":10233.370149578028,"nearest_bus_stop_name":"地頭","nearest_bus_stop_distance_m":3749.969730229553,"nearest_public_transport_type":"bus_stop","nearest_public_transport_name":"地頭","nearest_public_transport_distance_m":3749.969730229553,"nearest_medical_name":"ライフ・ステージ舞夢診療所","nearest_medical_distance_m":4173.915129374509,"nearest_medical_access_class":"likely_public","nearest_hospital_name":"舞鶴赤十字病院","nearest_hospital_distance_m":14450.60166213474,"elderly_population_percentile":null,"transport_distance_percentile":null,"medical_distance_percentile":null,"exploratory_score_c":null,"pareto_frontier":null},"geometry":{"type":"Polygon","coordinates":[[[135.175,35.4375],[135.18125,35.4375],[135.18125,35.44166666666668],[135.175,35.44166666666668],[135.175,35.4375]]]},"id":"533511243"},{"type":"Feature","properties":{"mesh_code":"533511244","area_label":"地頭バス停周辺","area_label_basis":"最寄りの実在公共交通名称（行政地名ではない）","rank":null,"population":5,"elderly_population":null,"elderly_ratio":null,"centroid_lat":35.439583333333346,"centroid_lon":135.184375,"city_area_fraction":0.9999999999999998,"disclosure_status":"suppressed_source","primary_eligible":false,"nearest_station_name":"四所駅","nearest_station_distance_m":9667.437885312924,"nearest_bus_stop_name":"地頭","nearest_bus_stop_distance_m":3242.314054240367,"nearest_public_transport_type":"bus_stop","nearest_public_transport_name":"地頭","nearest_public_transport_distance_m":3242.314054240367,"nearest_medical_name":"ライフ・ステージ舞夢診療所","nearest_medical_distance_m":3679.486004951403,"nearest_medical_access_class":"likely_public","nearest_hospital_name":"舞鶴赤十字病院","nearest_hospital_distance_m":13883.625755012914,"elderly_population_percentile":null,"transport_distance_percentile":null,"medical_distance_percentile":null,"exploratory_score_c":null,"pareto_frontier":null},"geometry":{"type":"Polygon","coordinates":[[[135.18125,35.4375],[135.1875,35.4375],[135.1875,35.44166666666668],[135.18125,35.44166666666668],[135.18125,35.4375]]]},"id":"533511244"},{"type":"Feature","properties":{"mesh_code":"533511253","area_label":"地頭バス停周辺","area_label_basis":"最寄りの実在公共交通名称（行政地名ではない）","rank":null,"population":30,"elderly_population":null,"elderly_ratio":null,"centroid_lat":35.439583333333346,"centroid_lon":135.190625,"city_area_fraction":0.9999999999999998,"disclosure_status":"aggregation_destination","primary_eligible":false,"nearest_station_name":"四所駅","nearest_station_distance_m":9101.694178466774,"nearest_bus_stop_name":"地頭","nearest_bus_stop_distance_m":2758.0926600503835,"nearest_public_transport_type":"bus_stop","nearest_public_transport_name":"地頭","nearest_public_transport_distance_m":2758.0926600503835,"nearest_medical_name":"ライフ・ステージ舞夢診療所","nearest_medical_distance_m":3209.3365052071895,"nearest_medical_access_class":"likely_public","nearest_hospital_name":"舞鶴赤十字病院","nearest_hospital_distance_m":13316.690506255845,"elderly_population_percentile":null,"transport_distance_percentile":null,"medical_distance_percentile":null,"exploratory_score_c":null,"pareto_frontier":null},"geometry":{"type":"Polygon","coordinates":[[[135.1875,35.4375],[135.19375,35.4375],[135.19375,35.44166666666668],[135.1875,35.44166666666668],[135.1875,35.4375]]]},"id":"533511253"},{"type":"Feature","properties":{"mesh_code":"533511254","area_label":"地頭バス停周辺","area_label_basis":"最寄りの実在公共交通名称（行政地名ではない）","rank":null,"population":9,"elderly_population":5.0,"elderly_ratio":0.5555555555555556,"centroid_lat":35.439583333333346,"centroid_lon":135.196875,"city_area_fraction":1.0,"disclosure_status":"unaffected","primary_eligible":false,"nearest_station_name":"四所駅","nearest_station_distance_m":8536.176400479979,"nearest_bus_stop_name":"地頭","nearest_bus_stop_distance_m":2312.0759196849526,"nearest_public_transport_type":"bus_stop","nearest_public_transport_name":"地頭","nearest_public_transport_distance_m":2312.0759196849526,"nearest_medical_name":"ライフ・ステージ舞夢診療所","nearest_medical_distance_m":2775.830709955055,"nearest_medical_access_class":"likely_public","nearest_hospital_name":"舞鶴赤十字病院","nearest_hospital_distance_m":12749.80125912945,"elderly_population_percentile":0.0646853146853146,"transport_distance_percentile":0.9055944055944056,"medical_distance_percentile":0.8111888111888111,"exploratory_score_c":0.0475183528389064,"pareto_frontier":false},"geometry":{"type":"Polygon","coordinates":[[[135.19375,35.4375],[135.2,35.4375],[135.2,35.44166666666668],[135.19375,35.44166666666668],[135.19375,35.4375]]]},"id":"533511254"},{"type":"Feature","properties":{"mesh_code":"533511261","area_label":"地頭バス停周辺","area_label_basis":"最寄りの実在公共交通名称（行政地名ではない）","rank":null,"population":19,"elderly_population":10.0,"elderly_ratio":0.5263157894736842,"centroid_lat":35.43541666666667,"centroid_lon":135.203125,"city_area_fraction":0.9999999999999998,"disclosure_status":"unaffected","primary_eligible":false,"nearest_station_name":"四所駅","nearest_station_distance_m":8026.3955417308425,"nearest_bus_stop_name":"地頭","nearest_bus_stop_distance_m":1581.796888256714,"nearest_public_transport_type":"bus_stop","nearest_public_transport_name":"地頭","nearest_public_transport_distance_m":1581.796888256714,"nearest_medical_name":"ライフ・ステージ舞夢診療所","nearest_medical_distance_m":2047.1952386267328,"nearest_medical_access_class":"likely_public","nearest_hospital_name":"舞鶴赤十字病院","nearest_hospital_distance_m":12213.89102292993,"elderly_population_percentile":0.2272727272727272,"transport_distance_percentile":0.8181818181818182,"medical_distance_percentile":0.7097902097902098,"exploratory_score_c":0.1319857828122291,"pareto_frontier":false},"geometry":{"type":"Polygon","coordinates":[[[135.2,35.43333333333334],[135.20625,35.43333333333334],[135.20625,35.4375],[135.2,35.4375],[135.2,35.43333333333334]]]},"id":"533511261"},{"type":"Feature","properties":{"mesh_code":"533511262","area_label":"地頭バス停周辺","area_label_basis":"最寄りの実在公共交通名称（行政地名ではない）","rank":null,"population":30,"elderly_population":null,"elderly_ratio":null,"centroid_lat":35.43541666666667,"centroid_lon":135.209375,"city_area_fraction":0.9999999999999998,"disclosure_status":"aggregation_destination","primary_eligible":false,"nearest_station_name":"四所駅","nearest_station_distance_m":7465.655993264023,"nearest_bus_stop_name":"地頭","nearest_bus_stop_distance_m":1236.5019070282542,"nearest_public_transport_type":"bus_stop","nearest_public_transport_name":"地頭","nearest_public_transport_distance_m":1236.5019070282542,"nearest_medical_name":"ライフ・ステージ舞夢診療所","nearest_medical_distance_m":1698.4332651414772,"nearest_medical_access_class":"likely_public","nearest_hospital_name":"舞鶴赤十字病院","nearest_hospital_distance_m":11648.589032502416,"elderly_population_percentile":null,"transport_distance_percentile":null,"medical_distance_percentile":null,"exploratory_score_c":null,"pareto_frontier":null},"geometry":{"type":"Polygon","coordinates":[[[135.20625,35.43333333333334],[135.2125,35.43333333333334],[135.2125,35.4375],[135.20625,35.4375],[135.20625,35.43333333333334]]]},"id":"533511262"},{"type":"Feature","properties":{"mesh_code":"533511263","area_label":"地頭バス停周辺","area_label_basis":"最寄りの実在公共交通名称（行政地名ではない）","rank":71,"population":21,"elderly_population":10.0,"elderly_ratio":0.47619047619047616,"centroid_lat":35.439583333333346,"centroid_lon":135.203125,"city_area_fraction":1.0,"disclosure_status":"unaffected","primary_eligible":true,"nearest_station_name":"四所駅","nearest_station_distance_m":7970.932512263063,"nearest_bus_stop_name":"地頭","nearest_bus_stop_distance_m":1930.9216064883913,"nearest_public_transport_type":"bus_stop","nearest_public_transport_name":"地頭","nearest_public_transport_distance_m":1930.9216064883913,"nearest_medical_name":"ライフ・ステージ舞夢診療所","nearest_medical_distance_m":2398.9166830922186,"nearest_medical_access_class":"likely_public","nearest_hospital_name":"舞鶴赤十字病院","nearest_hospital_distance_m":12182.964351636125,"elderly_population_percentile":0.2272727272727272,"transport_distance_percentile":0.8671328671328671,"medical_distance_percentile":0.7517482517482518,"exploratory_score_c":0.148151276568314,"pareto_frontier":false},"geometry":{"type":"Polygon","coordinates":[[[135.2,35.4375],[135.20625,35.4375],[135.20625,35.44166666666668],[135.2,35.44166666666668],[135.2,35.4375]]]},"id":"533511263"},{"type":"Feature","properties":{"mesh_code":"533511264","area_label":"地頭バス停周辺","area_label_basis":"最寄りの実在公共交通名称（行政地名ではない）","rank":null,"population":6,"elderly_population":null,"elderly_ratio":null,"centroid_lat":35.439583333333346,"centroid_lon":135.209375,"city_area_fraction":1.0,"disclosure_status":"suppressed_source","primary_eligible":false,"nearest_station_name":"四所駅","nearest_station_distance_m":7406.025090751076,"nearest_bus_stop_name":"地頭","nearest_bus_stop_distance_m":1659.9285311818876,"nearest_public_transport_type":"bus_stop","nearest_public_transport_name":"地頭","nearest_public_transport_distance_m":1659.9285311818876,"nearest_medical_name":"ライフ・ステージ舞夢診療所","nearest_medical_distance_m":2109.1548543600134,"nearest_medical_access_class":"likely_public","nearest_hospital_name":"舞鶴赤十字病院","nearest_hospital_distance_m":11616.18735902969,"elderly_population_percentile":null,"transport_distance_percentile":null,"medical_distance_percentile":null,"exploratory_score_c":null,"pareto_frontier":null},"geometry":{"type":"Polygon","coordinates":[[[135.20625,35.4375],[135.2125,35.4375],[135.2125,35.44166666666668],[135.20625,35.44166666666668],[135.20625,35.4375]]]},"id":"533511264"},{"type":"Feature","properties":{"mesh_code":"533511272","area_label":"地頭下バス停周辺","area_label_basis":"最寄りの実在公共交通名称（行政地名ではない）","rank":null,"population":23,"elderly_population":7.0,"elderly_ratio":0.30434782608695654,"centroid_lat":35.43541666666667,"centroid_lon":135.221875,"city_area_fraction":1.0,"disclosure_status":"unaffected","primary_eligible":false,"nearest_station_name":"四所駅","nearest_station_distance_m":6347.759760874325,"nearest_bus_stop_name":"地頭下","nearest_bus_stop_distance_m":806.8708836687651,"nearest_public_transport_type":"bus_stop","nearest_public_transport_name":"地頭下","nearest_public_transport_distance_m":806.8708836687651,"nearest_medical_name":"ライフ・ステージ舞夢診療所","nearest_medical_distance_m":1484.7913006113865,"nearest_medical_access_class":"likely_public","nearest_hospital_name":"舞鶴赤十字病院","nearest_hospital_distance_m":10518.683542398552,"elderly_population_percentile":0.1206293706293706,"transport_distance_percentile":0.6713286713286714,"medical_distance_percentile":0.6223776223776224,"exploratory_score_c":0.0504013566755021,"pareto_frontier":false},"geometry":{"type":"Polygon","coordinates":[[[135.21875,35.43333333333334],[135.225,35.43333333333334],[135.225,35.4375],[135.21875,35.4375],[135.21875,35.43333333333334]]]},"id":"533511272"},{"type":"Feature","properties":{"mesh_code":"533511273","area_label":"地頭下バス停周辺","area_label_basis":"最寄りの実在公共交通名称（行政地名ではない）","rank":null,"population":9,"elderly_population":null,"elderly_ratio":null,"centroid_lat":35.439583333333346,"centroid_lon":135.215625,"city_area_fraction":1.0,"disclosure_status":"suppressed_source","primary_eligible":false,"nearest_station_name":"四所駅","nearest_station_distance_m":6841.537338095886,"nearest_bus_stop_name":"地頭下","nearest_bus_stop_distance_m":1410.8034183320033,"nearest_public_transport_type":"bus_stop","nearest_public_transport_name":"地頭下","nearest_public_transport_distance_m":1410.8034183320033,"nearest_medical_name":"ライフ・ステージ舞夢診療所","nearest_medical_distance_m":1945.8759003645996,"nearest_medical_access_class":"likely_public","nearest_hospital_name":"舞鶴赤十字病院","nearest_hospital_distance_m":11049.479410718348,"elderly_population_percentile":null,"transport_distance_percentile":null,"medical_distance_percentile":null,"exploratory_score_c":null,"pareto_frontier":null},"geometry":{"type":"Polygon","coordinates":[[[135.2125,35.4375],[135.21875,35.4375],[135.21875,35.44166666666668],[135.2125,35.44166666666668],[135.2125,35.4375]]]},"id":"533511273"},{"type":"Feature","properties":{"mesh_code":"533511274","area_label":"地頭下バス停周辺","area_label_basis":"最寄りの実在公共交通名称（行政地名ではない）","rank":null,"population":19,"elderly_population":null,"elderly_ratio":null,"centroid_lat":35.439583333333346,"centroid_lon":135.221875,"city_area_fraction":1.0,"disclosure_status":"aggregation_destination","primary_eligible":false,"nearest_station_name":"四所駅","nearest_station_distance_m":6277.58231037343,"nearest_bus_stop_name":"地頭下","nearest_bus_stop_distance_m":1268.5250201706908,"nearest_public_transport_type":"bus_stop","nearest_public_transport_name":"地頭下","nearest_public_transport_distance_m":1268.5250201706908,"nearest_medical_name":"ライフ・ステージ舞夢診療所","nearest_medical_distance_m":1941.261388306484,"nearest_medical_access_class":"likely_public","nearest_hospital_name":"舞鶴赤十字病院","nearest_hospital_distance_m":10482.851609894773,"elderly_population_percentile":null,"transport_distance_percentile":null,"medical_distance_percentile":null,"exploratory_score_c":null,"pareto_frontier":null},"geometry":{"type":"Polygon","coordinates":[[[135.21875,35.4375],[135.225,35.4375],[135.225,35.44166666666668],[135.21875,35.44166666666668],[135.21875,35.4375]]]},"id":"533511274"},{"type":"Feature","properties":{"mesh_code":"533511281","area_label":"岡田由里バス停周辺","area_label_basis":"最寄りの実在公共交通名称（行政地名ではない）","rank":null,"population":35,"elderly_population":null,"elderly_ratio":null,"centroid_lat":35.43541666666667,"centroid_lon":135.228125,"city_area_fraction":1.0,"disclosure_status":"aggregation_destination","primary_eligible":false,"nearest_station_name":"四所駅","nearest_station_distance_m":5791.294382795231,"nearest_bus_stop_name":"岡田由里","nearest_bus_stop_distance_m":713.4480659302634,"nearest_public_transport_type":"bus_stop","nearest_public_transport_name":"岡田由里","nearest_public_transport_distance_m":713.4480659302634,"nearest_medical_name":"ライフ・ステージ舞夢診療所","nearest_medical_distance_m":1682.5171005792317,"nearest_medical_access_class":"likely_public","nearest_hospital_name":"舞鶴赤十字病院","nearest_hospital_distance_m":9954.159131141,"elderly_population_percentile":null,"transport_distance_percentile":null,"medical_distance_percentile":null,"exploratory_score_c":null,"pareto_frontier":null},"geometry":{"type":"Polygon","coordinates":[[[135.225,35.43333333333334],[135.23125,35.43333333333334],[135.23125,35.4375],[135.225,35.4375],[135.225,35.43333333333334]]]},"id":"533511281"},{"type":"Feature","properties":{"mesh_code":"533511283","area_label":"岡田由里バス停周辺","area_label_basis":"最寄りの実在公共交通名称（行政地名ではない）","rank":null,"population":6,"elderly_population":null,"elderly_ratio":null,"centroid_lat":35.439583333333346,"centroid_lon":135.228125,"city_area_fraction":1.0,"disclosure_status":"suppressed_source","primary_eligible":false,"nearest_station_name":"四所駅","nearest_station_distance_m":5714.3175659754725,"nearest_bus_stop_name":"岡田由里","nearest_bus_stop_distance_m":1150.3926030948444,"nearest_public_transport_type":"bus_stop","nearest_public_transport_name":"岡田由里","nearest_public_transport_distance_m":1150.3926030948444,"nearest_medical_name":"ライフ・ステージ舞夢診療所","nearest_medical_distance_m":2096.358880842984,"nearest_medical_access_class":"likely_public","nearest_hospital_name":"舞鶴赤十字病院","nearest_hospital_distance_m":9916.317596662924,"elderly_population_percentile":null,"transport_distance_percentile":null,"medical_distance_percentile":null,"exploratory_score_c":null,"pareto_frontier":null},"geometry":{"type":"Polygon","coordinates":[[[135.225,35.4375],[135.23125,35.4375],[135.23125,35.44166666666668],[135.225,35.44166666666668],[135.225,35.4375]]]},"id":"533511283"},{"type":"Feature","properties":{"mesh_code":"533511292","area_label":"間口バス停周辺","area_label_basis":"最寄りの実在公共交通名称（行政地名ではない）","rank":null,"population":79,"elderly_population":null,"elderly_ratio":null,"centroid_lat":35.43541666666667,"centroid_lon":135.246875,"city_area_fraction":1.0,"disclosure_status":"aggregation_destination","primary_eligible":false,"nearest_station_name":"四所駅","nearest_station_distance_m":4139.837549193709,"nearest_bus_stop_name":"間口","nearest_bus_stop_distance_m":577.1383399624077,"nearest_public_transport_type":"bus_stop","nearest_public_transport_name":"間口","nearest_public_transport_distance_m":577.1383399624077,"nearest_medical_name":"市立舞鶴市民病院加佐診療所","nearest_medical_distance_m":2476.91009014652,"nearest_medical_access_class":"likely_public","nearest_hospital_name":"舞鶴赤十字病院","nearest_hospital_distance_m":8263.00008905817,"elderly_population_percentile":null,"transport_distance_percentile":null,"medical_distance_percentile":null,"exploratory_score_c":null,"pareto_frontier":null},"geometry":{"type":"Polygon","coordinates":[[[135.24375,35.43333333333334],[135.25,35.43333333333334],[135.25,35.4375],[135.24375,35.4375],[135.24375,35.43333333333334]]]},"id":"533511292"},{"type":"Feature","properties":{"mesh_code":"533511293","area_label":"間口バス停周辺","area_label_basis":"最寄りの実在公共交通名称（行政地名ではない）","rank":null,"population":6,"elderly_population":null,"elderly_ratio":null,"centroid_lat":35.439583333333346,"centroid_lon":135.240625,"city_area_fraction":1.0,"disclosure_status":"suppressed_source","primary_eligible":false,"nearest_station_name":"四所駅","nearest_station_distance_m":4590.874199490419,"nearest_bus_stop_name":"間口","nearest_bus_stop_distance_m":1287.5042058706229,"nearest_public_transport_type":"bus_stop","nearest_public_transport_name":"間口","nearest_public_transport_distance_m":1287.5042058706229,"nearest_medical_name":"市立舞鶴市民病院加佐診療所","nearest_medical_distance_m":2553.0534194765632,"nearest_medical_access_class":"likely_public","nearest_hospital_name":"舞鶴赤十字病院","nearest_hospital_distance_m":8783.60307866276,"elderly_population_percentile":null,"transport_distance_percentile":null,"medical_distance_percentile":null,"exploratory_score_c":null,"pareto_frontier":null},"geometry":{"type":"Polygon","coordinates":[[[135.2375,35.4375],[135.24375,35.4375],[135.24375,35.44166666666668],[135.2375,35.44166666666668],[135.2375,35.4375]]]},"id":"533511293"},{"type":"Feature","properties":{"mesh_code":"533511344","area_label":"地頭バス停周辺","area_label_basis":"最寄りの実在公共交通名称（行政地名ではない）","rank":null,"population":15,"elderly_population":11.0,"elderly_ratio":0.7333333333333333,"centroid_lat":35.44791666666667,"centroid_lon":135.184375,"city_area_fraction":1.0,"disclosure_status":"unaffected","primary_eligible":false,"nearest_station_name":"東雲駅","nearest_station_distance_m":9611.590249078637,"nearest_bus_stop_name":"地頭","nearest_bus_stop_distance_m":3774.496877966582,"nearest_public_transport_type":"bus_stop","nearest_public_transport_name":"地頭","nearest_public_transport_distance_m":3774.496877966582,"nearest_medical_name":"ライフ・ステージ舞夢診療所","nearest_medical_distance_m":4236.457797781582,"nearest_medical_access_class":"likely_public","nearest_hospital_name":"舞鶴赤十字病院","nearest_hospital_distance_m":13875.28731303902,"elderly_population_percentile":0.2587412587412587,"transport_distance_percentile":0.9790209790209792,"medical_distance_percentile":0.9230769230769232,"exploratory_score_c":0.2338274957962962,"pareto_frontier":true},"geometry":{"type":"Polygon","coordinates":[[[135.18125,35.44583333333334],[135.1875,35.44583333333334],[135.1875,35.45],[135.18125,35.45],[135.18125,35.44583333333334]]]},"id":"533511344"},{"type":"Feature","properties":{"mesh_code":"533511351","area_label":"地頭バス停周辺","area_label_basis":"最寄りの実在公共交通名称（行政地名ではない）","rank":null,"population":2,"elderly_population":null,"elderly_ratio":null,"centroid_lat":35.44375,"centroid_lon":135.190625,"city_area_fraction":1.0,"disclosure_status":"suppressed_source","primary_eligible":false,"nearest_station_name":"四所駅","nearest_station_distance_m":9076.340709616728,"nearest_bus_stop_name":"地頭","nearest_bus_stop_distance_m":3043.1302892385424,"nearest_public_transport_type":"bus_stop","nearest_public_transport_name":"地頭","nearest_public_transport_distance_m":3043.1302892385424,"nearest_medical_name":"ライフ・ステージ舞夢診療所","nearest_medical_distance_m":3505.8223062576053,"nearest_medical_access_class":"likely_public","nearest_hospital_name":"舞鶴赤十字病院","nearest_hospital_distance_m":13304.345858052668,"elderly_population_percentile":null,"transport_distance_percentile":null,"medical_distance_percentile":null,"exploratory_score_c":null,"pareto_frontier":null},"geometry":{"type":"Polygon","coordinates":[[[135.1875,35.44166666666667],[135.19375,35.44166666666667],[135.19375,35.44583333333334],[135.1875,35.44583333333334],[135.1875,35.44166666666667]]]},"id":"533511351"},{"type":"Feature","properties":{"mesh_code":"533511362","area_label":"地頭下バス停周辺","area_label_basis":"最寄りの実在公共交通名称（行政地名ではない）","rank":null,"population":16,"elderly_population":null,"elderly_ratio":null,"centroid_lat":35.44375,"centroid_lon":135.209375,"city_area_fraction":1.0,"disclosure_status":"aggregation_destination","primary_eligible":false,"nearest_station_name":"四所駅","nearest_station_distance_m":7374.9423974708125,"nearest_bus_stop_name":"地頭下","nearest_bus_stop_distance_m":2097.8856158454732,"nearest_public_transport_type":"bus_stop","nearest_public_transport_name":"地頭下","nearest_public_transport_distance_m":2097.8856158454732,"nearest_medical_name":"ライフ・ステージ舞夢診療所","nearest_medical_distance_m":2537.6719494922904,"nearest_medical_access_class":"likely_public","nearest_hospital_name":"舞鶴赤十字病院","nearest_hospital_distance_m":11602.127712228086,"elderly_population_percentile":null,"transport_distance_percentile":null,"medical_distance_percentile":null,"exploratory_score_c":null,"pareto_frontier":null},"geometry":{"type":"Polygon","coordinates":[[[135.20625,35.44166666666667],[135.2125,35.44166666666667],[135.2125,35.44583333333334],[135.20625,35.44583333333334],[135.20625,35.44166666666667]]]},"id":"533511362"},{"type":"Feature","properties":{"mesh_code":"533511363","area_label":"地頭バス停周辺","area_label_basis":"最寄りの実在公共交通名称（行政地名ではない）","rank":null,"population":2,"elderly_population":null,"elderly_ratio":null,"centroid_lat":35.44791666666667,"centroid_lon":135.203125,"city_area_fraction":1.0,"disclosure_status":"suppressed_source","primary_eligible":false,"nearest_station_name":"四所駅","nearest_station_distance_m":7939.986464171617,"nearest_bus_stop_name":"地頭","nearest_bus_stop_distance_m":2731.917335159385,"nearest_public_transport_type":"bus_stop","nearest_public_transport_name":"地頭","nearest_public_transport_distance_m":2731.917335159385,"nearest_medical_name":"ライフ・ステージ舞夢診療所","nearest_medical_distance_m":3188.1887421715646,"nearest_medical_access_class":"likely_public","nearest_hospital_name":"舞鶴赤十字病院","nearest_hospital_distance_m":12173.648772340157,"elderly_population_percentile":null,"transport_distance_percentile":null,"medical_distance_percentile":null,"exploratory_score_c":null,"pareto_frontier":null},"geometry":{"type":"Polygon","coordinates":[[[135.2,35.44583333333334],[135.20625,35.44583333333334],[135.20625,35.45],[135.2,35.45],[135.2,35.44583333333334]]]},"id":"533511363"},{"type":"Feature","properties":{"mesh_code":"533511371","area_label":"地頭下バス停周辺","area_label_basis":"最寄りの実在公共交通名称（行政地名ではない）","rank":74,"population":25,"elderly_population":10.0,"elderly_ratio":0.4,"centroid_lat":35.44375,"centroid_lon":135.215625,"city_area_fraction":1.0,"disclosure_status":"unaffected","primary_eligible":true,"nearest_station_name":"四所駅","nearest_station_distance_m":6807.908328158145,"nearest_bus_stop_name":"地頭下","nearest_bus_stop_distance_m":1837.3480065527974,"nearest_public_transport_type":"bus_stop","nearest_public_transport_name":"地頭下","nearest_public_transport_distance_m":1837.3480065527974,"nearest_medical_name":"ライフ・ステージ舞夢診療所","nearest_medical_distance_m":2403.6867254935673,"nearest_medical_access_class":"likely_public","nearest_hospital_name":"舞鶴赤十字病院","nearest_hospital_distance_m":11034.727736781933,"elderly_population_percentile":0.2272727272727272,"transport_distance_percentile":0.8461538461538461,"medical_distance_percentile":0.7552447552447552,"exploratory_score_c":0.1452393760086067,"pareto_frontier":false},"geometry":{"type":"Polygon","coordinates":[[[135.2125,35.44166666666667],[135.21875,35.44166666666667],[135.21875,35.44583333333334],[135.2125,35.44583333333334],[135.2125,35.44166666666667]]]},"id":"533511371"},{"type":"Feature","properties":{"mesh_code":"533511372","area_label":"地頭下バス停周辺","area_label_basis":"最寄りの実在公共交通名称（行政地名ではない）","rank":null,"population":8,"elderly_population":null,"elderly_ratio":null,"centroid_lat":35.44375,"centroid_lon":135.221875,"city_area_fraction":1.0,"disclosure_status":"suppressed_source","primary_eligible":false,"nearest_station_name":"四所駅","nearest_station_distance_m":6240.945766622256,"nearest_bus_stop_name":"地頭下","nearest_bus_stop_distance_m":1730.5072697420615,"nearest_public_transport_type":"bus_stop","nearest_public_transport_name":"地頭下","nearest_public_transport_distance_m":1730.5072697420615,"nearest_medical_name":"ライフ・ステージ舞夢診療所","nearest_medical_distance_m":2399.952412485338,"nearest_medical_access_class":"likely_public","nearest_hospital_name":"舞鶴赤十字病院","nearest_hospital_distance_m":10467.33146247715,"elderly_population_percentile":null,"transport_distance_percentile":null,"medical_distance_percentile":null,"exploratory_score_c":null,"pareto_frontier":null},"geometry":{"type":"Polygon","coordinates":[[[135.21875,35.44166666666667],[135.225,35.44166666666667],[135.225,35.44583333333334],[135.21875,35.44583333333334],[135.21875,35.44166666666667]]]},"id":"533511372"},{"type":"Feature","properties":{"mesh_code":"533511373","area_label":"地頭下バス停周辺","area_label_basis":"最寄りの実在公共交通名称（行政地名ではない）","rank":null,"population":30,"elderly_population":null,"elderly_ratio":null,"centroid_lat":35.44791666666667,"centroid_lon":135.215625,"city_area_fraction":1.0,"disclosure_status":"aggregation_destination","primary_eligible":false,"nearest_station_name":"四所駅","nearest_station_distance_m":6805.584357026497,"nearest_bus_stop_name":"地頭下","nearest_bus_stop_distance_m":2277.8751039433982,"nearest_public_transport_type":"bus_stop","nearest_public_transport_name":"地頭下","nearest_public_transport_distance_m":2277.8751039433982,"nearest_medical_name":"ライフ・ステージ舞夢診療所","nearest_medical_distance_m":2862.930887043367,"nearest_medical_access_class":"likely_public","nearest_hospital_name":"舞鶴赤十字病院","nearest_hospital_distance_m":11039.330328431908,"elderly_population_percentile":null,"transport_distance_percentile":null,"medical_distance_percentile":null,"exploratory_score_c":null,"pareto_frontier":null},"geometry":{"type":"Polygon","coordinates":[[[135.2125,35.44583333333334],[135.21875,35.44583333333334],[135.21875,35.45],[135.2125,35.45],[135.2125,35.44583333333334]]]},"id":"533511373"},{"type":"Feature","properties":{"mesh_code":"533511384","area_label":"岡田由里バス停周辺","area_label_basis":"最寄りの実在公共交通名称（行政地名ではない）","rank":null,"population":10,"elderly_population":6.0,"elderly_ratio":0.6,"centroid_lat":35.44791666666667,"centroid_lon":135.234375,"city_area_fraction":1.0,"disclosure_status":"unaffected","primary_eligible":false,"nearest_station_name":"四所駅","nearest_station_distance_m":5104.333786564338,"nearest_bus_stop_name":"岡田由里","nearest_bus_stop_distance_m":2054.7325371306697,"nearest_public_transport_type":"bus_stop","nearest_public_transport_name":"岡田由里","nearest_public_transport_distance_m":2054.7325371306697,"nearest_medical_name":"市立舞鶴市民病院加佐診療所","nearest_medical_distance_m":2684.320972794819,"nearest_medical_access_class":"likely_public","nearest_hospital_name":"舞鶴赤十字病院","nearest_hospital_distance_m":9338.08957383472,"elderly_population_percentile":0.0909090909090909,"transport_distance_percentile":0.8846153846153846,"medical_distance_percentile":0.7937062937062938,"exploratory_score_c":0.0638295271162404,"pareto_frontier":false},"geometry":{"type":"Polygon","coordinates":[[[135.23125,35.44583333333334],[135.2375,35.44583333333334],[135.2375,35.45],[135.23125,35.45],[135.23125,35.44583333333334]]]},"id":"533511384"},{"type":"Feature","properties":{"mesh_code":"533511391","area_label":"志高下境バス停周辺","area_label_basis":"最寄りの実在公共交通名称（行政地名ではない）","rank":null,"population":29,"elderly_population":null,"elderly_ratio":null,"centroid_lat":35.44375,"centroid_lon":135.240625,"city_area_fraction":1.0,"disclosure_status":"aggregation_destination","primary_eligible":false,"nearest_station_name":"四所駅","nearest_station_distance_m":4540.752843831273,"nearest_bus_stop_name":"志高下境","nearest_bus_stop_distance_m":1483.8310498167168,"nearest_public_transport_type":"bus_stop","nearest_public_transport_name":"志高下境","nearest_public_transport_distance_m":1483.8310498167168,"nearest_medical_name":"市立舞鶴市民病院加佐診療所","nearest_medical_distance_m":2307.4419858537967,"nearest_medical_access_class":"likely_public","nearest_hospital_name":"舞鶴赤十字病院","nearest_hospital_distance_m":8765.17091896238,"elderly_population_percentile":null,"transport_distance_percentile":null,"medical_distance_percentile":null,"exploratory_score_c":null,"pareto_frontier":null},"geometry":{"type":"Polygon","coordinates":[[[135.2375,35.44166666666667],[135.24375,35.44166666666667],[135.24375,35.44583333333334],[135.2375,35.44583333333334],[135.2375,35.44166666666667]]]},"id":"533511391"},{"type":"Feature","properties":{"mesh_code":"533511392","area_label":"志高下境バス停周辺","area_label_basis":"最寄りの実在公共交通名称（行政地名ではない）","rank":null,"population":3,"elderly_population":null,"elderly_ratio":null,"centroid_lat":35.44375,"centroid_lon":135.246875,"city_area_fraction":1.0000000000000002,"disclosure_status":"suppressed_source","primary_eligible":false,"nearest_station_name":"四所駅","nearest_station_distance_m":3974.4177753187737,"nearest_bus_stop_name":"志高下境","nearest_bus_stop_distance_m":988.7712165741464,"nearest_public_transport_type":"bus_stop","nearest_public_transport_name":"志高下境","nearest_public_transport_distance_m":988.7712165741464,"nearest_medical_name":"市立舞鶴市民病院加佐診療所","nearest_medical_distance_m":1822.1765814664652,"nearest_medical_access_class":"likely_public","nearest_hospital_name":"舞鶴赤十字病院","nearest_hospital_distance_m":8197.796367765988,"elderly_population_percentile":null,"transport_distance_percentile":null,"medical_distance_percentile":null,"exploratory_score_c":null,"pareto_frontier":null},"geometry":{"type":"Polygon","coordinates":[[[135.24375,35.44166666666667],[135.25,35.44166666666667],[135.25,35.44583333333334],[135.24375,35.44583333333334],[135.24375,35.44166666666667]]]},"id":"533511392"},{"type":"Feature","properties":{"mesh_code":"533511394","area_label":"小津田バス停周辺","area_label_basis":"最寄りの実在公共交通名称（行政地名ではない）","rank":null,"population":2,"elderly_population":null,"elderly_ratio":null,"centroid_lat":35.44791666666667,"centroid_lon":135.246875,"city_area_fraction":1.0000000000000002,"disclosure_status":"suppressed_source","primary_eligible":false,"nearest_station_name":"四所駅","nearest_station_distance_m":3970.633974278894,"nearest_bus_stop_name":"小津田","nearest_bus_stop_distance_m":1195.8647649201343,"nearest_public_transport_type":"bus_stop","nearest_public_transport_name":"小津田","nearest_public_transport_distance_m":1195.8647649201343,"nearest_medical_name":"市立舞鶴市民病院加佐診療所","nearest_medical_distance_m":1598.1295361215102,"nearest_medical_access_class":"likely_public","nearest_hospital_name":"舞鶴赤十字病院","nearest_hospital_distance_m":8204.16204795312,"elderly_population_percentile":null,"transport_distance_percentile":null,"medical_distance_percentile":null,"exploratory_score_c":null,"pareto_frontier":null},"geometry":{"type":"Polygon","coordinates":[[[135.24375,35.44583333333334],[135.25,35.44583333333334],[135.25,35.45],[135.24375,35.45],[135.24375,35.44583333333334]]]},"id":"533511394"},{"type":"Feature","properties":{"mesh_code":"533511432","area_label":"地頭バス停周辺","area_label_basis":"最寄りの実在公共交通名称（行政地名ではない）","rank":null,"population":4,"elderly_population":null,"elderly_ratio":null,"centroid_lat":35.452083333333334,"centroid_lon":135.171875,"city_area_fraction":0.934659945607051,"disclosure_status":"suppressed_source","primary_eligible":false,"nearest_station_name":"東雲駅","nearest_station_distance_m":10574.292627617504,"nearest_bus_stop_name":"地頭","nearest_bus_stop_distance_m":4949.478126964947,"nearest_public_transport_type":"bus_stop","nearest_public_transport_name":"地頭","nearest_public_transport_distance_m":4949.478126964947,"nearest_medical_name":"ライフ・ステージ舞夢診療所","nearest_medical_distance_m":5403.880853453517,"nearest_medical_access_class":"likely_public","nearest_hospital_name":"舞鶴赤十字病院","nearest_hospital_distance_m":15027.226085159351,"elderly_population_percentile":null,"transport_distance_percentile":null,"medical_distance_percentile":null,"exploratory_score_c":null,"pareto_frontier":null},"geometry":{"type":"Polygon","coordinates":[[[135.16875,35.45],[135.175,35.45],[135.175,35.45416666666667],[135.16875,35.45416666666667],[135.16875,35.45]]]},"id":"533511432"},{"type":"Feature","properties":{"mesh_code":"533511441","area_label":"地頭バス停周辺","area_label_basis":"最寄りの実在公共交通名称（行政地名ではない）","rank":null,"population":8,"elderly_population":null,"elderly_ratio":null,"centroid_lat":35.452083333333334,"centroid_lon":135.178125,"city_area_fraction":1.0,"disclosure_status":"aggregation_destination","primary_eligible":false,"nearest_station_name":"東雲駅","nearest_station_distance_m":10024.586558735858,"nearest_bus_stop_name":"地頭","nearest_bus_stop_distance_m":4506.013075588714,"nearest_public_transport_type":"bus_stop","nearest_public_transport_name":"地頭","nearest_public_transport_distance_m":4506.013075588714,"nearest_medical_name":"ライフ・ステージ舞夢診療所","nearest_medical_distance_m":4967.443469588285,"nearest_medical_access_class":"likely_public","nearest_hospital_name":"舞鶴赤十字病院","nearest_hospital_distance_m":14460.680291674844,"elderly_population_percentile":null,"transport_distance_percentile":null,"medical_distance_percentile":null,"exploratory_score_c":null,"pareto_frontier":null},"geometry":{"type":"Polygon","coordinates":[[[135.175,35.45],[135.18125,35.45],[135.18125,35.45416666666667],[135.175,35.45416666666667],[135.175,35.45]]]},"id":"533511441"},{"type":"Feature","properties":{"mesh_code":"533511442","area_label":"地頭バス停周辺","area_label_basis":"最寄りの実在公共交通名称（行政地名ではない）","rank":null,"population":9,"elderly_population":7.0,"elderly_ratio":0.7777777777777778,"centroid_lat":35.452083333333334,"centroid_lon":135.184375,"city_area_fraction":1.0000000000000002,"disclosure_status":"unaffected","primary_eligible":false,"nearest_station_name":"東雲駅","nearest_station_distance_m":9476.954652666882,"nearest_bus_stop_name":"地頭","nearest_bus_stop_distance_m":4093.290077869674,"nearest_public_transport_type":"bus_stop","nearest_public_transport_name":"地頭","nearest_public_transport_distance_m":4093.290077869674,"nearest_medical_name":"ライフ・ステージ舞夢診療所","nearest_medical_distance_m":4559.949257756713,"nearest_medical_access_class":"likely_public","nearest_hospital_name":"舞鶴赤十字病院","nearest_hospital_distance_m":13894.205047258298,"elderly_population_percentile":0.1206293706293706,"transport_distance_percentile":0.986013986013986,"medical_distance_percentile":0.93006993006993,"exploratory_score_c":0.1106246069447204,"pareto_frontier":false},"geometry":{"type":"Polygon","coordinates":[[[135.18125,35.45],[135.1875,35.45],[135.1875,35.45416666666667],[135.18125,35.45416666666667],[135.18125,35.45]]]},"id":"533511442"},{"type":"Feature","properties":{"mesh_code":"533511461","area_label":"地頭バス停周辺","area_label_basis":"最寄りの実在公共交通名称（行政地名ではない）","rank":null,"population":4,"elderly_population":null,"elderly_ratio":null,"centroid_lat":35.452083333333334,"centroid_lon":135.203125,"city_area_fraction":1.0,"disclosure_status":"suppressed_source","primary_eligible":false,"nearest_station_name":"東雲駅","nearest_station_distance_m":7850.836059827029,"nearest_bus_stop_name":"地頭","nearest_bus_stop_distance_m":3157.8333242188755,"nearest_public_transport_type":"bus_stop","nearest_public_transport_name":"地頭","nearest_public_transport_distance_m":3157.8333242188755,"nearest_medical_name":"ライフ・ステージ舞夢診療所","nearest_medical_distance_m":3607.0074172437644,"nearest_medical_access_class":"likely_public","nearest_hospital_name":"舞鶴赤十字病院","nearest_hospital_distance_m":12195.300068272714,"elderly_population_percentile":null,"transport_distance_percentile":null,"medical_distance_percentile":null,"exploratory_score_c":null,"pareto_frontier":null},"geometry":{"type":"Polygon","coordinates":[[[135.2,35.45],[135.20625,35.45],[135.20625,35.45416666666667],[135.2,35.45416666666667],[135.2,35.45]]]},"id":"533511461"},{"type":"Feature","properties":{"mesh_code":"533511463","area_label":"地頭下バス停周辺","area_label_basis":"最寄りの実在公共交通名称（行政地名ではない）","rank":null,"population":1,"elderly_population":null,"elderly_ratio":null,"centroid_lat":35.45625,"centroid_lon":135.203125,"city_area_fraction":1.0,"disclosure_status":"suppressed_source","primary_eligible":false,"nearest_station_name":"東雲駅","nearest_station_distance_m":7713.2658845442775,"nearest_bus_stop_name":"地頭下","nearest_bus_stop_distance_m":3576.429256524479,"nearest_public_transport_type":"bus_stop","nearest_public_transport_name":"地頭下","nearest_public_transport_distance_m":3576.429256524479,"nearest_medical_name":"ライフ・ステージ舞夢診療所","nearest_medical_distance_m":4035.324856638588,"nearest_medical_access_class":"likely_public","nearest_hospital_name":"舞鶴赤十字病院","nearest_hospital_distance_m":12234.391789209574,"elderly_population_percentile":null,"transport_distance_percentile":null,"medical_distance_percentile":null,"exploratory_score_c":null,"pareto_frontier":null},"geometry":{"type":"Polygon","coordinates":[[[135.2,35.45416666666667],[135.20625,35.45416666666667],[135.20625,35.45833333333334],[135.2,35.45833333333334],[135.2,35.45416666666667]]]},"id":"533511463"},{"type":"Feature","properties":{"mesh_code":"533511471","area_label":"地頭下バス停周辺","area_label_basis":"最寄りの実在公共交通名称（行政地名ではない）","rank":null,"population":24,"elderly_population":null,"elderly_ratio":null,"centroid_lat":35.452083333333334,"centroid_lon":135.215625,"city_area_fraction":1.0000000000000002,"disclosure_status":"aggregation_destination","primary_eligible":false,"nearest_station_name":"東雲駅","nearest_station_distance_m":6787.430165134827,"nearest_bus_stop_name":"地頭下","nearest_bus_stop_distance_m":2725.613516178805,"nearest_public_transport_type":"bus_stop","nearest_public_transport_name":"地頭下","nearest_public_transport_distance_m":2725.613516178805,"nearest_medical_name":"ライフ・ステージ舞夢診療所","nearest_medical_distance_m":3323.014304378472,"nearest_medical_access_class":"likely_public","nearest_hospital_name":"舞鶴赤十字病院","nearest_hospital_distance_m":11063.263069848237,"elderly_population_percentile":null,"transport_distance_percentile":null,"medical_distance_percentile":null,"exploratory_score_c":null,"pareto_frontier":null},"geometry":{"type":"Polygon","coordinates":[[[135.2125,35.45],[135.21875,35.45],[135.21875,35.45416666666667],[135.2125,35.45416666666667],[135.2125,35.45]]]},"id":"533511471"},{"type":"Feature","properties":{"mesh_code":"533511472","area_label":"岡田由里バス停周辺","area_label_basis":"最寄りの実在公共交通名称（行政地名ではない）","rank":null,"population":2,"elderly_population":null,"elderly_ratio":null,"centroid_lat":35.452083333333334,"centroid_lon":135.221875,"city_area_fraction":0.9999999999999998,"disclosure_status":"suppressed_source","primary_eligible":false,"nearest_station_name":"東雲駅","nearest_station_distance_m":6265.099837463644,"nearest_bus_stop_name":"岡田由里","nearest_bus_stop_distance_m":2643.353184970055,"nearest_public_transport_type":"bus_stop","nearest_public_transport_name":"岡田由里","nearest_public_transport_distance_m":2643.353184970055,"nearest_medical_name":"ライフ・ステージ舞夢診療所","nearest_medical_distance_m":3320.3136003311724,"nearest_medical_access_class":"likely_public","nearest_hospital_name":"舞鶴赤十字病院","nearest_hospital_distance_m":10497.46915129276,"elderly_population_percentile":null,"transport_distance_percentile":null,"medical_distance_percentile":null,"exploratory_score_c":null,"pareto_frontier":null},"geometry":{"type":"Polygon","coordinates":[[[135.21875,35.45],[135.225,35.45],[135.225,35.45416666666667],[135.21875,35.45416666666667],[135.21875,35.45]]]},"id":"533511472"},{"type":"Feature","properties":{"mesh_code":"533511473","area_label":"地頭下バス停周辺","area_label_basis":"最寄りの実在公共交通名称（行政地名ではない）","rank":null,"population":5,"elderly_population":null,"elderly_ratio":null,"centroid_lat":35.45625,"centroid_lon":135.215625,"city_area_fraction":1.0,"disclosure_status":"suppressed_source","primary_eligible":false,"nearest_station_name":"東雲駅","nearest_station_distance_m":6627.884949251067,"nearest_bus_stop_name":"地頭下","nearest_bus_stop_distance_m":3177.5164400758094,"nearest_public_transport_type":"bus_stop","nearest_public_transport_name":"地頭下","nearest_public_transport_distance_m":3177.5164400758094,"nearest_medical_name":"ライフ・ステージ舞夢診療所","nearest_medical_distance_m":3783.630949526249,"nearest_medical_access_class":"likely_public","nearest_hospital_name":"舞鶴赤十字病院","nearest_hospital_distance_m":11106.401039988335,"elderly_population_percentile":null,"transport_distance_percentile":null,"medical_distance_percentile":null,"exploratory_score_c":null,"pareto_frontier":null},"geometry":{"type":"Polygon","coordinates":[[[135.2125,35.45416666666667],[135.21875,35.45416666666667],[135.21875,35.45833333333334],[135.2125,35.45833333333334],[135.2125,35.45416666666667]]]},"id":"533511473"},{"type":"Feature","properties":{"mesh_code":"533511474","area_label":"岡田由里バス停周辺","area_label_basis":"最寄りの実在公共交通名称（行政地名ではない）","rank":null,"population":8,"elderly_population":null,"elderly_ratio":null,"centroid_lat":35.45625,"centroid_lon":135.221875,"city_area_fraction":1.0,"disclosure_status":"suppressed_source","primary_eligible":false,"nearest_station_name":"東雲駅","nearest_station_distance_m":6091.919259502402,"nearest_bus_stop_name":"岡田由里","nearest_bus_stop_distance_m":3084.02639685205,"nearest_public_transport_type":"bus_stop","nearest_public_transport_name":"岡田由里","nearest_public_transport_distance_m":3084.02639685205,"nearest_medical_name":"市立舞鶴市民病院加佐診療所","nearest_medical_distance_m":3765.7446576609746,"nearest_medical_access_class":"likely_public","nearest_hospital_name":"舞鶴赤十字病院","nearest_hospital_distance_m":10542.952191245373,"elderly_population_percentile":null,"transport_distance_percentile":null,"medical_distance_percentile":null,"exploratory_score_c":null,"pareto_frontier":null},"geometry":{"type":"Polygon","coordinates":[[[135.21875,35.45416666666667],[135.225,35.45416666666667],[135.225,35.45833333333334],[135.21875,35.45833333333334],[135.21875,35.45416666666667]]]},"id":"533511474"},{"type":"Feature","properties":{"mesh_code":"533511483","area_label":"岡田由里バス停周辺","area_label_basis":"最寄りの実在公共交通名称（行政地名ではない）","rank":null,"population":15,"elderly_population":9.0,"elderly_ratio":0.6,"centroid_lat":35.45625,"centroid_lon":135.228125,"city_area_fraction":0.9999999999999998,"disclosure_status":"unaffected","primary_eligible":false,"nearest_station_name":"東雲駅","nearest_station_distance_m":5562.168388223953,"nearest_bus_stop_name":"岡田由里","nearest_bus_stop_distance_m":2975.7060576562035,"nearest_public_transport_type":"bus_stop","nearest_public_transport_name":"岡田由里","nearest_public_transport_distance_m":2975.7060576562035,"nearest_medical_name":"市立舞鶴市民病院加佐診療所","nearest_medical_distance_m":3200.911583991589,"nearest_medical_access_class":"likely_public","nearest_hospital_name":"舞鶴赤十字病院","nearest_hospital_distance_m":9979.949857462347,"elderly_population_percentile":0.1923076923076923,"transport_distance_percentile":0.9405594405594404,"medical_distance_percentile":0.8601398601398601,"exploratory_score_c":0.1555793587800042,"pareto_frontier":false},"geometry":{"type":"Polygon","coordinates":[[[135.225,35.45416666666667],[135.23125,35.45416666666667],[135.23125,35.45833333333334],[135.225,35.45833333333334],[135.225,35.45416666666667]]]},"id":"533511483"},{"type":"Feature","properties":{"mesh_code":"533511561","area_label":"地頭下バス停周辺","area_label_basis":"最寄りの実在公共交通名称（行政地名ではない）","rank":null,"population":8,"elderly_population":null,"elderly_ratio":null,"centroid_lat":35.460416666666674,"centroid_lon":135.203125,"city_area_fraction":1.0,"disclosure_status":"suppressed_source","primary_eligible":false,"nearest_station_name":"東雲駅","nearest_station_distance_m":7601.36146472129,"nearest_bus_stop_name":"地頭下","nearest_bus_stop_distance_m":3985.692374620137,"nearest_public_transport_type":"bus_stop","nearest_public_transport_name":"地頭下","nearest_public_transport_distance_m":3985.692374620137,"nearest_medical_name":"ライフ・ステージ舞夢診療所","nearest_medical_distance_m":4470.411715454417,"nearest_medical_access_class":"likely_public","nearest_hospital_name":"舞鶴赤十字病院","nearest_hospital_distance_m":12290.757560092623,"elderly_population_percentile":null,"transport_distance_percentile":null,"medical_distance_percentile":null,"exploratory_score_c":null,"pareto_frontier":null},"geometry":{"type":"Polygon","coordinates":[[[135.2,35.458333333333336],[135.20625,35.458333333333336],[135.20625,35.4625],[135.2,35.4625],[135.2,35.458333333333336]]]},"id":"533511561"},{"type":"Feature","properties":{"mesh_code":"533511571","area_label":"地頭下バス停周辺","area_label_basis":"最寄りの実在公共交通名称（行政地名ではない）","rank":null,"population":1,"elderly_population":null,"elderly_ratio":null,"centroid_lat":35.460416666666674,"centroid_lon":135.215625,"city_area_fraction":0.9999999999999998,"disclosure_status":"suppressed_source","primary_eligible":false,"nearest_station_name":"東雲駅","nearest_station_distance_m":6497.375664305755,"nearest_bus_stop_name":"地頭下","nearest_bus_stop_distance_m":3632.0298635651097,"nearest_public_transport_type":"bus_stop","nearest_public_transport_name":"地頭下","nearest_public_transport_distance_m":3632.0298635651097,"nearest_medical_name":"ライフ・ステージ舞夢診療所","nearest_medical_distance_m":4244.607334942985,"nearest_medical_access_class":"likely_public","nearest_hospital_name":"舞鶴赤十字病院","nearest_hospital_distance_m":11168.521742123681,"elderly_population_percentile":null,"transport_distance_percentile":null,"medical_distance_percentile":null,"exploratory_score_c":null,"pareto_frontier":null},"geometry":{"type":"Polygon","coordinates":[[[135.2125,35.458333333333336],[135.21875,35.458333333333336],[135.21875,35.4625],[135.2125,35.4625],[135.2125,35.458333333333336]]]},"id":"533511571"},{"type":"Feature","properties":{"mesh_code":"533511581","area_label":"大川バス停周辺","area_label_basis":"最寄りの実在公共交通名称（行政地名ではない）","rank":null,"population":4,"elderly_population":null,"elderly_ratio":null,"centroid_lat":35.460416666666674,"centroid_lon":135.228125,"city_area_fraction":1.0,"disclosure_status":"suppressed_source","primary_eligible":false,"nearest_station_name":"東雲駅","nearest_station_distance_m":5406.0542076491265,"nearest_bus_stop_name":"大川","nearest_bus_stop_distance_m":3342.1768447048025,"nearest_public_transport_type":"bus_stop","nearest_public_transport_name":"大川","nearest_public_transport_distance_m":3342.1768447048025,"nearest_medical_name":"市立舞鶴市民病院加佐診療所","nearest_medical_distance_m":3280.4360567029075,"nearest_medical_access_class":"likely_public","nearest_hospital_name":"舞鶴赤十字病院","nearest_hospital_distance_m":10049.097229232857,"elderly_population_percentile":null,"transport_distance_percentile":null,"medical_distance_percentile":null,"exploratory_score_c":null,"pareto_frontier":null},"geometry":{"type":"Polygon","coordinates":[[[135.225,35.458333333333336],[135.23125,35.458333333333336],[135.23125,35.4625],[135.225,35.4625],[135.225,35.458333333333336]]]},"id":"533511581"},{"type":"Feature","properties":{"mesh_code":"533511582","area_label":"大川バス停周辺","area_label_basis":"最寄りの実在公共交通名称（行政地名ではない）","rank":null,"population":2,"elderly_population":null,"elderly_ratio":null,"centroid_lat":35.460416666666674,"centroid_lon":135.234375,"city_area_fraction":0.9999999999999998,"disclosure_status":"suppressed_source","primary_eligible":false,"nearest_station_name":"東雲駅","nearest_station_distance_m":4867.808488464429,"nearest_bus_stop_name":"大川","nearest_bus_stop_distance_m":2839.2760248981904,"nearest_public_transport_type":"bus_stop","nearest_public_transport_name":"大川","nearest_public_transport_distance_m":2839.2760248981904,"nearest_medical_name":"市立舞鶴市民病院加佐診療所","nearest_medical_distance_m":2733.1696872504804,"nearest_medical_access_class":"likely_public","nearest_hospital_name":"舞鶴赤十字病院","nearest_hospital_distance_m":9490.749923203348,"elderly_population_percentile":null,"transport_distance_percentile":null,"medical_distance_percentile":null,"exploratory_score_c":null,"pareto_frontier":null},"geometry":{"type":"Polygon","coordinates":[[[135.23125,35.458333333333336],[135.2375,35.458333333333336],[135.2375,35.4625],[135.23125,35.4625],[135.23125,35.458333333333336]]]},"id":"533511582"},{"type":"Feature","properties":{"mesh_code":"533511584","area_label":"大川バス停周辺","area_label_basis":"最寄りの実在公共交通名称（行政地名ではない）","rank":null,"population":4,"elderly_population":null,"elderly_ratio":null,"centroid_lat":35.46458333333334,"centroid_lon":135.234375,"city_area_fraction":0.9999999999999998,"disclosure_status":"aggregation_destination","primary_eligible":false,"nearest_station_name":"東雲駅","nearest_station_distance_m":4734.018580797964,"nearest_bus_stop_name":"大川","nearest_bus_stop_distance_m":3097.117654033351,"nearest_public_transport_type":"bus_stop","nearest_public_transport_name":"大川","nearest_public_transport_distance_m":3097.117654033351,"nearest_medical_name":"市立舞鶴市民病院加佐診療所","nearest_medical_distance_m":2900.550837748159,"nearest_medical_access_class":"likely_public","nearest_hospital_name":"舞鶴赤十字病院","nearest_hospital_distance_m":9585.782736924712,"elderly_population_percentile":null,"transport_distance_percentile":null,"medical_distance_percentile":null,"exploratory_score_c":null,"pareto_frontier":null},"geometry":{"type":"Polygon","coordinates":[[[135.23125,35.4625],[135.2375,35.4625],[135.2375,35.466666666666676],[135.23125,35.466666666666676],[135.23125,35.4625]]]},"id":"533511584"},{"type":"Feature","properties":{"mesh_code":"533511591","area_label":"大川バス停周辺","area_label_basis":"最寄りの実在公共交通名称（行政地名ではない）","rank":null,"population":9,"elderly_population":null,"elderly_ratio":null,"centroid_lat":35.460416666666674,"centroid_lon":135.240625,"city_area_fraction":1.0000000000000002,"disclosure_status":"suppressed_source","primary_eligible":false,"nearest_station_name":"東雲駅","nearest_station_distance_m":4336.966149790867,"nearest_bus_stop_name":"大川","nearest_bus_stop_distance_m":2365.718805995138,"nearest_public_transport_type":"bus_stop","nearest_public_transport_name":"大川","nearest_public_transport_distance_m":2365.718805995138,"nearest_medical_name":"市立舞鶴市民病院加佐診療所","nearest_medical_distance_m":2196.115144208045,"nearest_medical_access_class":"likely_public","nearest_hospital_name":"舞鶴赤十字病院","nearest_hospital_distance_m":8933.540027755018,"elderly_population_percentile":null,"transport_distance_percentile":null,"medical_distance_percentile":null,"exploratory_score_c":null,"pareto_frontier":null},"geometry":{"type":"Polygon","coordinates":[[[135.2375,35.458333333333336],[135.24375,35.458333333333336],[135.24375,35.4625],[135.2375,35.4625],[135.2375,35.458333333333336]]]},"id":"533511591"},{"type":"Feature","properties":{"mesh_code":"533511593","area_label":"八田・由良川学園前バス停周辺","area_label_basis":"最寄りの実在公共交通名称（行政地名ではない）","rank":null,"population":8,"elderly_population":null,"elderly_ratio":null,"centroid_lat":35.46458333333334,"centroid_lon":135.240625,"city_area_fraction":1.0,"disclosure_status":"aggregation_destination","primary_eligible":false,"nearest_station_name":"東雲駅","nearest_station_distance_m":4186.275322777629,"nearest_bus_stop_name":"八田・由良川学園前","nearest_bus_stop_distance_m":2601.448404499021,"nearest_public_transport_type":"bus_stop","nearest_public_transport_name":"八田・由良川学園前","nearest_public_transport_distance_m":2601.448404499021,"nearest_medical_name":"市立舞鶴市民病院加佐診療所","nearest_medical_distance_m":2401.257164612735,"nearest_medical_access_class":"likely_public","nearest_hospital_name":"舞鶴赤十字病院","nearest_hospital_distance_m":9034.465215123704,"elderly_population_percentile":null,"transport_distance_percentile":null,"medical_distance_percentile":null,"exploratory_score_c":null,"pareto_frontier":null},"geometry":{"type":"Polygon","coordinates":[[[135.2375,35.4625],[135.24375,35.4625],[135.24375,35.466666666666676],[135.2375,35.466666666666676],[135.2375,35.4625]]]},"id":"533511593"},{"type":"Feature","properties":{"mesh_code":"533511682","area_label":"八田・由良川学園前バス停周辺","area_label_basis":"最寄りの実在公共交通名称（行政地名ではない）","rank":null,"population":8,"elderly_population":null,"elderly_ratio":null,"centroid_lat":35.46875,"centroid_lon":135.234375,"city_area_fraction":1.0,"disclosure_status":"suppressed_source","primary_eligible":false,"nearest_station_name":"東雲駅","nearest_station_distance_m":4642.5947410360395,"nearest_bus_stop_name":"八田・由良川学園前","nearest_bus_stop_distance_m":3328.296416566407,"nearest_public_transport_type":"bus_stop","nearest_public_transport_name":"八田・由良川学園前","nearest_public_transport_distance_m":3328.296416566407,"nearest_medical_name":"市立舞鶴市民病院加佐診療所","nearest_medical_distance_m":3127.868015058031,"nearest_medical_access_class":"likely_public","nearest_hospital_name":"舞鶴赤十字病院","nearest_hospital_distance_m":9701.933182164908,"elderly_population_percentile":null,"transport_distance_percentile":null,"medical_distance_percentile":null,"exploratory_score_c":null,"pareto_frontier":null},"geometry":{"type":"Polygon","coordinates":[[[135.23125,35.46666666666667],[135.2375,35.46666666666667],[135.2375,35.47083333333334],[135.23125,35.47083333333334],[135.23125,35.46666666666667]]]},"id":"533511682"},{"type":"Feature","properties":{"mesh_code":"533511684","area_label":"八田・由良川学園前バス停周辺","area_label_basis":"最寄りの実在公共交通名称（行政地名ではない）","rank":null,"population":4,"elderly_population":null,"elderly_ratio":null,"centroid_lat":35.47291666666668,"centroid_lon":135.234375,"city_area_fraction":1.0,"disclosure_status":"aggregation_destination","primary_eligible":false,"nearest_station_name":"東雲駅","nearest_station_distance_m":4596.065967537846,"nearest_bus_stop_name":"八田・由良川学園前","nearest_bus_stop_distance_m":3602.868472006755,"nearest_public_transport_type":"bus_stop","nearest_public_transport_name":"八田・由良川学園前","nearest_public_transport_distance_m":3602.868472006755,"nearest_medical_name":"市立舞鶴市民病院加佐診療所","nearest_medical_distance_m":3403.1319237155317,"nearest_medical_access_class":"likely_public","nearest_hospital_name":"舞鶴赤十字病院","nearest_hospital_distance_m":9838.453402806146,"elderly_population_percentile":null,"transport_distance_percentile":null,"medical_distance_percentile":null,"exploratory_score_c":null,"pareto_frontier":null},"geometry":{"type":"Polygon","coordinates":[[[135.23125,35.47083333333334],[135.2375,35.47083333333334],[135.2375,35.475],[135.23125,35.475],[135.23125,35.47083333333334]]]},"id":"533511684"},{"type":"Feature","properties":{"mesh_code":"533511691","area_label":"八田・由良川学園前バス停周辺","area_label_basis":"最寄りの実在公共交通名称（行政地名ではない）","rank":null,"population":9,"elderly_population":null,"elderly_ratio":null,"centroid_lat":35.46875,"centroid_lon":135.240625,"city_area_fraction":1.0,"disclosure_status":"suppressed_source","primary_eligible":false,"nearest_station_name":"東雲駅","nearest_station_distance_m":4082.634927013072,"nearest_bus_stop_name":"八田・由良川学園前","nearest_bus_stop_distance_m":2871.131728031004,"nearest_public_transport_type":"bus_stop","nearest_public_transport_name":"八田・由良川学園前","nearest_public_transport_distance_m":2871.131728031004,"nearest_medical_name":"市立舞鶴市民病院加佐診療所","nearest_medical_distance_m":2671.4292709310207,"nearest_medical_access_class":"likely_public","nearest_hospital_name":"舞鶴赤十字病院","nearest_hospital_distance_m":9157.639754723963,"elderly_population_percentile":null,"transport_distance_percentile":null,"medical_distance_percentile":null,"exploratory_score_c":null,"pareto_frontier":null},"geometry":{"type":"Polygon","coordinates":[[[135.2375,35.46666666666667],[135.24375,35.46666666666667],[135.24375,35.47083333333334],[135.2375,35.47083333333334],[135.2375,35.46666666666667]]]},"id":"533511691"},{"type":"Feature","properties":{"mesh_code":"533511692","area_label":"八田・由良川学園前バス停周辺","area_label_basis":"最寄りの実在公共交通名称（行政地名ではない）","rank":null,"population":5,"elderly_population":null,"elderly_ratio":null,"centroid_lat":35.46875,"centroid_lon":135.246875,"city_area_fraction":1.0,"disclosure_status":"aggregation_destination","primary_eligible":false,"nearest_station_name":"東雲駅","nearest_station_distance_m":3525.002154864391,"nearest_bus_stop_name":"八田・由良川学園前","nearest_bus_stop_distance_m":2460.2697477364313,"nearest_public_transport_type":"bus_stop","nearest_public_transport_name":"八田・由良川学園前","nearest_public_transport_distance_m":2460.2697477364313,"nearest_medical_name":"市立舞鶴市民病院加佐診療所","nearest_medical_distance_m":2265.654758163076,"nearest_medical_access_class":"likely_public","nearest_hospital_name":"舞鶴赤十字病院","nearest_hospital_distance_m":8616.320579635427,"elderly_population_percentile":null,"transport_distance_percentile":null,"medical_distance_percentile":null,"exploratory_score_c":null,"pareto_frontier":null},"geometry":{"type":"Polygon","coordinates":[[[135.24375,35.46666666666667],[135.25,35.46666666666667],[135.25,35.47083333333334],[135.24375,35.47083333333334],[135.24375,35.46666666666667]]]},"id":"533511692"},{"type":"Feature","properties":{"mesh_code":"533511693","area_label":"八田・由良川学園前バス停周辺","area_label_basis":"最寄りの実在公共交通名称（行政地名ではない）","rank":null,"population":2,"elderly_population":null,"elderly_ratio":null,"centroid_lat":35.47291666666668,"centroid_lon":135.240625,"city_area_fraction":1.0,"disclosure_status":"suppressed_source","primary_eligible":false,"nearest_station_name":"東雲駅","nearest_station_distance_m":4029.6770182209175,"nearest_bus_stop_name":"八田・由良川学園前","nearest_bus_stop_distance_m":3185.380034611888,"nearest_public_transport_type":"bus_stop","nearest_public_transport_name":"八田・由良川学園前","nearest_public_transport_distance_m":3185.380034611888,"nearest_medical_name":"市立舞鶴市民病院加佐診療所","nearest_medical_distance_m":2989.0496387302255,"nearest_medical_access_class":"likely_public","nearest_hospital_name":"舞鶴赤十字病院","nearest_hospital_distance_m":9302.17989339361,"elderly_population_percentile":null,"transport_distance_percentile":null,"medical_distance_percentile":null,"exploratory_score_c":null,"pareto_frontier":null},"geometry":{"type":"Polygon","coordinates":[[[135.2375,35.47083333333334],[135.24375,35.47083333333334],[135.24375,35.475],[135.2375,35.475],[135.2375,35.47083333333334]]]},"id":"533511693"},{"type":"Feature","properties":{"mesh_code":"533511771","area_label":"八田・由良川学園前バス停周辺","area_label_basis":"最寄りの実在公共交通名称（行政地名ではない）","rank":null,"population":14,"elderly_population":null,"elderly_ratio":null,"centroid_lat":35.47708333333334,"centroid_lon":135.215625,"city_area_fraction":1.0,"disclosure_status":"suppressed_source","primary_eligible":false,"nearest_station_name":"東雲駅","nearest_station_distance_m":6295.859295973075,"nearest_bus_stop_name":"八田・由良川学園前","nearest_bus_stop_distance_m":5260.65802708208,"nearest_public_transport_type":"bus_stop","nearest_public_transport_name":"八田・由良川学園前","nearest_public_transport_distance_m":5260.65802708208,"nearest_medical_name":"市立舞鶴市民病院加佐診療所","nearest_medical_distance_m":5060.475578991517,"nearest_medical_access_class":"likely_public","nearest_hospital_name":"舞鶴赤十字病院","nearest_hospital_distance_m":11599.33731753763,"elderly_population_percentile":null,"transport_distance_percentile":null,"medical_distance_percentile":null,"exploratory_score_c":null,"pareto_frontier":null},"geometry":{"type":"Polygon","coordinates":[[[135.2125,35.475],[135.21875,35.475],[135.21875,35.47916666666667],[135.2125,35.47916666666667],[135.2125,35.475]]]},"id":"533511771"},{"type":"Feature","properties":{"mesh_code":"533511773","area_label":"八田・由良川学園前バス停周辺","area_label_basis":"最寄りの実在公共交通名称（行政地名ではない）","rank":null,"population":17,"elderly_population":null,"elderly_ratio":null,"centroid_lat":35.48125,"centroid_lon":135.215625,"city_area_fraction":1.0,"disclosure_status":"aggregation_destination","primary_eligible":false,"nearest_station_name":"東雲駅","nearest_station_distance_m":6329.438673534684,"nearest_bus_stop_name":"八田・由良川学園前","nearest_bus_stop_distance_m":5516.499844408389,"nearest_public_transport_type":"bus_stop","nearest_public_transport_name":"八田・由良川学園前","nearest_public_transport_distance_m":5516.499844408389,"nearest_medical_name":"市立舞鶴市民病院加佐診療所","nearest_medical_distance_m":5316.044947125019,"nearest_medical_access_class":"likely_public","nearest_hospital_name":"舞鶴赤十字病院","nearest_hospital_distance_m":11750.117910439987,"elderly_population_percentile":null,"transport_distance_percentile":null,"medical_distance_percentile":null,"exploratory_score_c":null,"pareto_frontier":null},"geometry":{"type":"Polygon","coordinates":[[[135.2125,35.47916666666667],[135.21875,35.47916666666667],[135.21875,35.48333333333334],[135.2125,35.48333333333334],[135.2125,35.47916666666667]]]},"id":"533511773"},{"type":"Feature","properties":{"mesh_code":"533511782","area_label":"八田・由良川学園前バス停周辺","area_label_basis":"最寄りの実在公共交通名称（行政地名ではない）","rank":null,"population":6,"elderly_population":null,"elderly_ratio":null,"centroid_lat":35.47708333333334,"centroid_lon":135.234375,"city_area_fraction":1.0,"disclosure_status":"suppressed_source","primary_eligible":false,"nearest_station_name":"東雲駅","nearest_station_distance_m":4595.796138637363,"nearest_bus_stop_name":"八田・由良川学園前","nearest_bus_stop_distance_m":3912.9466723540027,"nearest_public_transport_type":"bus_stop","nearest_public_transport_name":"八田・由良川学園前","nearest_public_transport_distance_m":3912.9466723540027,"nearest_medical_name":"市立舞鶴市民病院加佐診療所","nearest_medical_distance_m":3715.7020538942734,"nearest_medical_access_class":"likely_public","nearest_hospital_name":"舞鶴赤十字病院","nearest_hospital_distance_m":9994.508753459288,"elderly_population_percentile":null,"transport_distance_percentile":null,"medical_distance_percentile":null,"exploratory_score_c":null,"pareto_frontier":null},"geometry":{"type":"Polygon","coordinates":[[[135.23125,35.475],[135.2375,35.475],[135.2375,35.47916666666667],[135.23125,35.47916666666667],[135.23125,35.475]]]},"id":"533511782"},{"type":"Feature","properties":{"mesh_code":"533511784","area_label":"八田・由良川学園前バス停周辺","area_label_basis":"最寄りの実在公共交通名称（行政地名ではない）","rank":null,"population":14,"elderly_population":null,"elderly_ratio":null,"centroid_lat":35.48125,"centroid_lon":135.234375,"city_area_fraction":1.0,"disclosure_status":"aggregation_destination","primary_eligible":false,"nearest_station_name":"東雲駅","nearest_station_distance_m":4641.793416191954,"nearest_bus_stop_name":"八田・由良川学園前","nearest_bus_stop_distance_m":4250.7680739025045,"nearest_public_transport_type":"bus_stop","nearest_public_transport_name":"八田・由良川学園前","nearest_public_transport_distance_m":4250.7680739025045,"nearest_medical_name":"市立舞鶴市民病院加佐診療所","nearest_medical_distance_m":4056.9648492662923,"nearest_medical_access_class":"likely_public","nearest_hospital_name":"舞鶴赤十字病院","nearest_hospital_distance_m":10169.199965684826,"elderly_population_percentile":null,"transport_distance_percentile":null,"medical_distance_percentile":null,"exploratory_score_c":null,"pareto_frontier":null},"geometry":{"type":"Polygon","coordinates":[[[135.23125,35.47916666666667],[135.2375,35.47916666666667],[135.2375,35.48333333333334],[135.23125,35.48333333333334],[135.23125,35.47916666666667]]]},"id":"533511784"},{"type":"Feature","properties":{"mesh_code":"533511791","area_label":"八田・由良川学園前バス停周辺","area_label_basis":"最寄りの実在公共交通名称（行政地名ではない）","rank":null,"population":10,"elderly_population":5.0,"elderly_ratio":0.5,"centroid_lat":35.47708333333334,"centroid_lon":135.240625,"city_area_fraction":1.0,"disclosure_status":"unaffected","primary_eligible":false,"nearest_station_name":"東雲駅","nearest_station_distance_m":4029.4005421545307,"nearest_bus_stop_name":"八田・由良川学園前","nearest_bus_stop_distance_m":3532.3194046077488,"nearest_public_transport_type":"bus_stop","nearest_public_transport_name":"八田・由良川学園前","nearest_public_transport_distance_m":3532.3194046077488,"nearest_medical_name":"市立舞鶴市民病院加佐診療所","nearest_medical_distance_m":3340.611774737912,"nearest_medical_access_class":"likely_public","nearest_hospital_name":"舞鶴赤十字病院","nearest_hospital_distance_m":9467.107122987443,"elderly_population_percentile":0.0646853146853146,"transport_distance_percentile":0.9685314685314684,"medical_distance_percentile":0.8741258741258742,"exploratory_score_c":0.0547637786928216,"pareto_frontier":false},"geometry":{"type":"Polygon","coordinates":[[[135.2375,35.475],[135.24375,35.475],[135.24375,35.47916666666667],[135.2375,35.47916666666667],[135.2375,35.475]]]},"id":"533511791"},{"type":"Feature","properties":{"mesh_code":"533511891","area_label":"東雲駅周辺","area_label_basis":"最寄りの実在公共交通名称（行政地名ではない）","rank":null,"population":9,"elderly_population":4.0,"elderly_ratio":0.4444444444444444,"centroid_lat":35.48541666666668,"centroid_lon":135.240625,"city_area_fraction":0.9999999999999998,"disclosure_status":"unaffected","primary_eligible":false,"nearest_station_name":"東雲駅","nearest_station_distance_m":4184.945013321586,"nearest_bus_stop_name":"八田・由良川学園前","nearest_bus_stop_distance_m":4291.935490476733,"nearest_public_transport_type":"station","nearest_public_transport_name":"東雲駅","nearest_public_transport_distance_m":4184.945013321586,"nearest_medical_name":"市立舞鶴市民病院加佐診療所","nearest_medical_distance_m":4110.034890484252,"nearest_medical_access_class":"likely_public","nearest_hospital_name":"舞鶴赤十字病院","nearest_hospital_distance_m":9853.902712466352,"elderly_population_percentile":0.0437062937062937,"transport_distance_percentile":0.9895104895104896,"medical_distance_percentile":0.9195804195804196,"exploratory_score_c":0.0397698632483952,"pareto_frontier":false},"geometry":{"type":"Polygon","coordinates":[[[135.2375,35.48333333333334],[135.24375,35.48333333333334],[135.24375,35.4875],[135.2375,35.4875],[135.2375,35.48333333333334]]]},"id":"533511891"},{"type":"Feature","properties":{"mesh_code":"533511893","area_label":"東雲駅周辺","area_label_basis":"最寄りの実在公共交通名称（行政地名ではない）","rank":null,"population":9,"elderly_population":0.0,"elderly_ratio":0.0,"centroid_lat":35.48958333333334,"centroid_lon":135.240625,"city_area_fraction":1.0,"disclosure_status":"unaffected","primary_eligible":false,"nearest_station_name":"東雲駅","nearest_station_distance_m":4335.169051014765,"nearest_bus_stop_name":"八田・由良川学園前","nearest_bus_stop_distance_m":4693.986310195198,"nearest_public_transport_type":"station","nearest_public_transport_name":"東雲駅","nearest_public_transport_distance_m":4335.169051014765,"nearest_medical_name":"市立舞鶴市民病院加佐診療所","nearest_medical_distance_m":4516.615884114996,"nearest_medical_access_class":"likely_public","nearest_hospital_name":"舞鶴赤十字病院","nearest_hospital_distance_m":10073.585027474492,"elderly_population_percentile":0.0139860139860139,"transport_distance_percentile":0.993006993006993,"medical_distance_percentile":0.9265734265734266,"exploratory_score_c":0.0128684460436624,"pareto_frontier":false},"geometry":{"type":"Polygon","coordinates":[[[135.2375,35.4875],[135.24375,35.4875],[135.24375,35.49166666666668],[135.2375,35.49166666666668],[135.2375,35.4875]]]},"id":"533511893"},{"type":"Feature","properties":{"mesh_code":"533511991","area_label":"東雲駅周辺","area_label_basis":"最寄りの実在公共交通名称（行政地名ではない）","rank":null,"population":8,"elderly_population":7.0,"elderly_ratio":0.875,"centroid_lat":35.49375,"centroid_lon":135.240625,"city_area_fraction":1.0,"disclosure_status":"unaffected","primary_eligible":false,"nearest_station_name":"東雲駅","nearest_station_distance_m":4527.803340363579,"nearest_bus_stop_name":"八田・由良川学園前","nearest_bus_stop_distance_m":5106.240698406247,"nearest_public_transport_type":"station","nearest_public_transport_name":"東雲駅","nearest_public_transport_distance_m":4527.803340363579,"nearest_medical_name":"市立舞鶴市民病院加佐診療所","nearest_medical_distance_m":4933.015375971266,"nearest_medical_access_class":"likely_public","nearest_hospital_name":"舞鶴赤十字病院","nearest_hospital_distance_m":10309.326703570116,"elderly_population_percentile":0.1206293706293706,"transport_distance_percentile":1.0,"medical_distance_percentile":0.9405594405594404,"exploratory_score_c":0.1134590933541982,"pareto_frontier":true},"geometry":{"type":"Polygon","coordinates":[[[135.2375,35.491666666666674],[135.24375,35.491666666666674],[135.24375,35.495833333333344],[135.2375,35.495833333333344],[135.2375,35.491666666666674]]]},"id":"533511991"},{"type":"Feature","properties":{"mesh_code":"533512001","area_label":"加佐分室前バス停周辺","area_label_basis":"最寄りの実在公共交通名称（行政地名ではない）","rank":11,"population":53,"elderly_population":31.0,"elderly_ratio":0.5849056603773585,"centroid_lat":35.41875,"centroid_lon":135.253125,"city_area_fraction":1.0,"disclosure_status":"unaffected","primary_eligible":true,"nearest_station_name":"四所駅","nearest_station_distance_m":4557.573708249108,"nearest_bus_stop_name":"加佐分室前","nearest_bus_stop_distance_m":1217.369181155044,"nearest_public_transport_type":"bus_stop","nearest_public_transport_name":"加佐分室前","nearest_public_transport_distance_m":1217.369181155044,"nearest_medical_name":"ライフ・ステージ舞夢診療所","nearest_medical_distance_m":3130.1864356931937,"nearest_medical_access_class":"likely_public","nearest_hospital_name":"舞鶴赤十字病院","nearest_hospital_distance_m":8158.986891921594,"elderly_population_percentile":0.548951048951049,"transport_distance_percentile":0.7517482517482518,"medical_distance_percentile":0.8566433566433567,"exploratory_score_c":0.3535135765012532,"pareto_frontier":false},"geometry":{"type":"Polygon","coordinates":[[[135.25,35.41666666666667],[135.25625,35.41666666666667],[135.25625,35.42083333333334],[135.25,35.42083333333334],[135.25,35.41666666666667]]]},"id":"533512001"},{"type":"Feature","properties":{"mesh_code":"533512002","area_label":"志高バス停周辺","area_label_basis":"最寄りの実在公共交通名称（行政地名ではない）","rank":null,"population":17,"elderly_population":11.0,"elderly_ratio":0.6470588235294118,"centroid_lat":35.41875,"centroid_lon":135.259375,"city_area_fraction":1.0,"disclosure_status":"unaffected","primary_eligible":false,"nearest_station_name":"四所駅","nearest_station_distance_m":4151.603513028003,"nearest_bus_stop_name":"志高","nearest_bus_stop_distance_m":1526.416639991043,"nearest_public_transport_type":"bus_stop","nearest_public_transport_name":"志高","nearest_public_transport_distance_m":1526.416639991043,"nearest_medical_name":"ライフ・ステージ舞夢診療所","nearest_medical_distance_m":3694.058498730569,"nearest_medical_access_class":"likely_public","nearest_hospital_name":"舞鶴赤十字病院","nearest_hospital_distance_m":7630.860426593622,"elderly_population_percentile":0.2587412587412587,"transport_distance_percentile":0.8076923076923077,"medical_distance_percentile":0.8951048951048951,"exploratory_score_c":0.187061996637037,"pareto_frontier":false},"geometry":{"type":"Polygon","coordinates":[[[135.25625,35.41666666666667],[135.2625,35.41666666666667],[135.2625,35.42083333333334],[135.25625,35.42083333333334],[135.25625,35.41666666666667]]]},"id":"533512002"},{"type":"Feature","properties":{"mesh_code":"533512003","area_label":"加佐分室前バス停周辺","area_label_basis":"最寄りの実在公共交通名称（行政地名ではない）","rank":25,"population":52,"elderly_population":24.0,"elderly_ratio":0.46153846153846156,"centroid_lat":35.42291666666668,"centroid_lon":135.253125,"city_area_fraction":1.0000000000000002,"disclosure_status":"unaffected","primary_eligible":true,"nearest_station_name":"四所駅","nearest_station_distance_m":4263.4936572638335,"nearest_bus_stop_name":"加佐分室前","nearest_bus_stop_distance_m":818.768927498345,"nearest_public_transport_type":"bus_stop","nearest_public_transport_name":"加佐分室前","nearest_public_transport_distance_m":818.768927498345,"nearest_medical_name":"ライフ・ステージ舞夢診療所","nearest_medical_distance_m":3106.7560536488486,"nearest_medical_access_class":"likely_public","nearest_hospital_name":"舞鶴赤十字病院","nearest_hospital_distance_m":8006.8535785301765,"elderly_population_percentile":0.465034965034965,"transport_distance_percentile":0.6748251748251748,"medical_distance_percentile":0.8496503496503497,"exploratory_score_c":0.2666349800133848,"pareto_frontier":false},"geometry":{"type":"Polygon","coordinates":[[[135.25,35.42083333333334],[135.25625,35.42083333333334],[135.25625,35.425],[135.25,35.425],[135.25,35.42083333333334]]]},"id":"533512003"},{"type":"Feature","properties":{"mesh_code":"533512004","area_label":"志高バス停周辺","area_label_basis":"最寄りの実在公共交通名称（行政地名ではない）","rank":13,"population":56,"elderly_population":27.0,"elderly_ratio":0.48214285714285715,"centroid_lat":35.42291666666668,"centroid_lon":135.259375,"city_area_fraction":1.0,"disclosure_status":"unaffected","primary_eligible":true,"nearest_station_name":"四所駅","nearest_station_distance_m":3826.473089823269,"nearest_bus_stop_name":"志高","nearest_bus_stop_distance_m":1148.135748530928,"nearest_public_transport_type":"bus_stop","nearest_public_transport_name":"志高","nearest_public_transport_distance_m":1148.135748530928,"nearest_medical_name":"市立舞鶴市民病院加佐診療所","nearest_medical_distance_m":3389.0565632567414,"nearest_medical_access_class":"likely_public","nearest_hospital_name":"舞鶴赤十字病院","nearest_hospital_distance_m":7468.005069286602,"elderly_population_percentile":0.5157342657342657,"transport_distance_percentile":0.7342657342657343,"medical_distance_percentile":0.8811188811188811,"exploratory_score_c":0.3336673840121442,"pareto_frontier":false},"geometry":{"type":"Polygon","coordinates":[[[135.25625,35.42083333333334],[135.2625,35.42083333333334],[135.2625,35.425],[135.25625,35.425],[135.25625,35.42083333333334]]]},"id":"533512004"},{"type":"Feature","properties":{"mesh_code":"533512032","area_label":"真倉駅周辺","area_label_basis":"最寄りの実在公共交通名称（行政地名ではない）","rank":null,"population":11,"elderly_population":8.0,"elderly_ratio":0.7272727272727273,"centroid_lat":35.41875,"centroid_lon":135.296875,"city_area_fraction":1.0,"disclosure_status":"unaffected","primary_eligible":false,"nearest_station_name":"真倉駅","nearest_station_distance_m":2942.3830965359766,"nearest_bus_stop_name":"真倉駅前","nearest_bus_stop_distance_m":2949.0093483331784,"nearest_public_transport_type":"station","nearest_public_transport_name":"真倉駅","nearest_public_transport_distance_m":2942.3830965359766,"nearest_medical_name":"医療法人荒木クリニック","nearest_medical_distance_m":2891.6954853236666,"nearest_medical_access_class":"likely_public","nearest_hospital_name":"舞鶴赤十字病院","nearest_hospital_distance_m":4660.780269469015,"elderly_population_percentile":0.1573426573426573,"transport_distance_percentile":0.9370629370629372,"medical_distance_percentile":0.8356643356643356,"exploratory_score_c":0.1232103267655128,"pareto_frontier":false},"geometry":{"type":"Polygon","coordinates":[[[135.29375,35.41666666666667],[135.3,35.41666666666667],[135.3,35.42083333333334],[135.29375,35.42083333333334],[135.29375,35.41666666666667]]]},"id":"533512032"},{"type":"Feature","properties":{"mesh_code":"533512034","area_label":"上福井バス停周辺","area_label_basis":"最寄りの実在公共交通名称（行政地名ではない）","rank":28,"population":25,"elderly_population":15.0,"elderly_ratio":0.6,"centroid_lat":35.42291666666668,"centroid_lon":135.296875,"city_area_fraction":0.9999999999999998,"disclosure_status":"unaffected","primary_eligible":true,"nearest_station_name":"四所駅","nearest_station_distance_m":2637.2434969205806,"nearest_bus_stop_name":"上福井","nearest_bus_stop_distance_m":2496.3193110236407,"nearest_public_transport_type":"bus_stop","nearest_public_transport_name":"上福井","nearest_public_transport_distance_m":2496.3193110236407,"nearest_medical_name":"医療法人荒木クリニック","nearest_medical_distance_m":2786.5105091351825,"nearest_medical_access_class":"likely_public","nearest_hospital_name":"舞鶴赤十字病院","nearest_hospital_distance_m":4389.286390767658,"elderly_population_percentile":0.3339160839160839,"transport_distance_percentile":0.9195804195804196,"medical_distance_percentile":0.8146853146853147,"exploratory_score_c":0.2501594663100115,"pareto_frontier":false},"geometry":{"type":"Polygon","coordinates":[[[135.29375,35.42083333333334],[135.3,35.42083333333334],[135.3,35.425],[135.29375,35.425],[135.29375,35.42083333333334]]]},"id":"533512034"},{"type":"Feature","properties":{"mesh_code":"533512041","area_label":"京田バス停周辺","area_label_basis":"最寄りの実在公共交通名称（行政地名ではない）","rank":69,"population":28,"elderly_population":10.0,"elderly_ratio":0.35714285714285715,"centroid_lat":35.41875,"centroid_lon":135.303125,"city_area_fraction":1.0,"disclosure_status":"unaffected","primary_eligible":true,"nearest_station_name":"真倉駅","nearest_station_distance_m":2446.431350418368,"nearest_bus_stop_name":"京田","nearest_bus_stop_distance_m":2434.673237196632,"nearest_public_transport_type":"bus_stop","nearest_public_transport_name":"京田","nearest_public_transport_distance_m":2434.673237196632,"nearest_medical_name":"医療法人荒木クリニック","nearest_medical_distance_m":2357.127628005175,"nearest_medical_access_class":"likely_public","nearest_hospital_name":"舞鶴赤十字病院","nearest_hospital_distance_m":4229.992849293778,"elderly_population_percentile":0.2272727272727272,"transport_distance_percentile":0.9125874125874126,"medical_distance_percentile":0.7482517482517482,"exploratory_score_c":0.1551920742956979,"pareto_frontier":false},"geometry":{"type":"Polygon","coordinates":[[[135.3,35.41666666666667],[135.30625,35.41666666666667],[135.30625,35.42083333333334],[135.3,35.42083333333334],[135.3,35.41666666666667]]]},"id":"533512041"},{"type":"Feature","properties":{"mesh_code":"533512053","area_label":"城南中学校前バス停周辺","area_label_basis":"最寄りの実在公共交通名称（行政地名ではない）","rank":39,"population":70,"elderly_population":40.0,"elderly_ratio":0.5714285714285714,"centroid_lat":35.42291666666668,"centroid_lon":135.315625,"city_area_fraction":1.0,"disclosure_status":"unaffected","primary_eligible":true,"nearest_station_name":"真倉駅","nearest_station_distance_m":1997.9550135535924,"nearest_bus_stop_name":"城南中学校前","nearest_bus_stop_distance_m":1251.4077371948351,"nearest_public_transport_type":"bus_stop","nearest_public_transport_name":"城南中学校前","nearest_public_transport_distance_m":1251.4077371948351,"nearest_medical_name":"医療法人荒木クリニック","nearest_medical_distance_m":1131.4845508086535,"nearest_medical_access_class":"likely_public","nearest_hospital_name":"舞鶴赤十字病院","nearest_hospital_distance_m":3115.8692152044437,"elderly_population_percentile":0.5874125874125874,"transport_distance_percentile":0.7552447552447552,"medical_distance_percentile":0.5034965034965035,"exploratory_score_c":0.2233713276796068,"pareto_frontier":false},"geometry":{"type":"Polygon","coordinates":[[[135.3125,35.42083333333334],[135.31875,35.42083333333334],[135.31875,35.425],[135.3125,35.425],[135.3125,35.42083333333334]]]},"id":"533512053"},{"type":"Feature","properties":{"mesh_code":"533512054","area_label":"京田バス停周辺","area_label_basis":"最寄りの実在公共交通名称（行政地名ではない）","rank":null,"population":13,"elderly_population":8.0,"elderly_ratio":0.6153846153846154,"centroid_lat":35.42291666666668,"centroid_lon":135.321875,"city_area_fraction":0.9999999999999998,"disclosure_status":"unaffected","primary_eligible":false,"nearest_station_name":"真倉駅","nearest_station_distance_m":1803.488886206553,"nearest_bus_stop_name":"京田","nearest_bus_stop_distance_m":692.7104880952567,"nearest_public_transport_type":"bus_stop","nearest_public_transport_name":"京田","nearest_public_transport_distance_m":692.7104880952567,"nearest_medical_name":"医療法人荒木クリニック","nearest_medical_distance_m":638.1885099746444,"nearest_medical_access_class":"likely_public","nearest_hospital_name":"舞鶴赤十字病院","nearest_hospital_distance_m":2794.836509477954,"elderly_population_percentile":0.1573426573426573,"transport_distance_percentile":0.6433566433566433,"medical_distance_percentile":0.2657342657342657,"exploratory_score_c":0.0268996004728803,"pareto_frontier":false},"geometry":{"type":"Polygon","coordinates":[[[135.31875,35.42083333333334],[135.325,35.42083333333334],[135.325,35.425],[135.31875,35.425],[135.31875,35.42083333333334]]]},"id":"533512054"},{"type":"Feature","properties":{"mesh_code":"533512061","area_label":"京田バス停周辺","area_label_basis":"最寄りの実在公共交通名称（行政地名ではない）","rank":93,"population":100,"elderly_population":40.0,"elderly_ratio":0.4,"centroid_lat":35.41875,"centroid_lon":135.328125,"city_area_fraction":0.9999999999999998,"disclosure_status":"unaffected","primary_eligible":true,"nearest_station_name":"真倉駅","nearest_station_distance_m":1318.7122668578675,"nearest_bus_stop_name":"京田","nearest_bus_stop_distance_m":454.92031393021045,"nearest_public_transport_type":"bus_stop","nearest_public_transport_name":"京田","nearest_public_transport_distance_m":454.92031393021045,"nearest_medical_name":"医療法人荒木クリニック","nearest_medical_distance_m":880.5804798111204,"nearest_medical_access_class":"likely_public","nearest_hospital_name":"舞鶴赤十字病院","nearest_hospital_distance_m":3002.3410446128587,"elderly_population_percentile":0.5874125874125874,"transport_distance_percentile":0.4685314685314685,"medical_distance_percentile":0.4125874125874126,"exploratory_score_c":0.1135528367177836,"pareto_frontier":false},"geometry":{"type":"Polygon","coordinates":[[[135.325,35.41666666666667],[135.33125,35.41666666666667],[135.33125,35.42083333333334],[135.325,35.42083333333334],[135.325,35.41666666666667]]]},"id":"533512061"},{"type":"Feature","properties":{"mesh_code":"533512062","area_label":"京田バス停周辺","area_label_basis":"最寄りの実在公共交通名称（行政地名ではない）","rank":119,"population":49,"elderly_population":13.0,"elderly_ratio":0.2653061224489796,"centroid_lat":35.41875,"centroid_lon":135.334375,"city_area_fraction":0.9999999999999998,"disclosure_status":"unaffected","primary_eligible":true,"nearest_station_name":"真倉駅","nearest_station_distance_m":1512.8031593858786,"nearest_bus_stop_name":"京田","nearest_bus_stop_distance_m":622.5335504488768,"nearest_public_transport_type":"bus_stop","nearest_public_transport_name":"京田","nearest_public_transport_distance_m":622.5335504488768,"nearest_medical_name":"医療法人荒木クリニック","nearest_medical_distance_m":1091.3071733529719,"nearest_medical_access_class":"likely_public","nearest_hospital_name":"市立舞鶴市民病院","nearest_hospital_distance_m":2875.1145026548115,"elderly_population_percentile":0.2884615384615384,"transport_distance_percentile":0.5979020979020979,"medical_distance_percentile":0.4825174825174825,"exploratory_score_c":0.0832206389629735,"pareto_frontier":false},"geometry":{"type":"Polygon","coordinates":[[[135.33125,35.41666666666667],[135.3375,35.41666666666667],[135.3375,35.42083333333334],[135.33125,35.42083333333334],[135.33125,35.41666666666667]]]},"id":"533512062"},{"type":"Feature","properties":{"mesh_code":"533512063","area_label":"京田バス停周辺","area_label_basis":"最寄りの実在公共交通名称（行政地名ではない）","rank":193,"population":272,"elderly_population":65.0,"elderly_ratio":0.23897058823529413,"centroid_lat":35.42291666666668,"centroid_lon":135.328125,"city_area_fraction":1.0,"disclosure_status":"unaffected","primary_eligible":true,"nearest_station_name":"真倉駅","nearest_station_distance_m":1776.9968713288952,"nearest_bus_stop_name":"京田","nearest_bus_stop_distance_m":127.13268442538889,"nearest_public_transport_type":"bus_stop","nearest_public_transport_name":"京田","nearest_public_transport_distance_m":127.13268442538889,"nearest_medical_name":"医療法人荒木クリニック","nearest_medical_distance_m":422.5556570871397,"nearest_medical_access_class":"likely_public","nearest_hospital_name":"舞鶴赤十字病院","nearest_hospital_distance_m":2560.7965947676917,"elderly_population_percentile":0.6468531468531469,"transport_distance_percentile":0.0769230769230769,"medical_distance_percentile":0.1783216783216783,"exploratory_score_c":0.0088729183672701,"pareto_frontier":false},"geometry":{"type":"Polygon","coordinates":[[[135.325,35.42083333333334],[135.33125,35.42083333333334],[135.33125,35.425],[135.325,35.425],[135.325,35.42083333333334]]]},"id":"533512063"},{"type":"Feature","properties":{"mesh_code":"533512064","area_label":"京田バス停周辺","area_label_basis":"最寄りの実在公共交通名称（行政地名ではない）","rank":97,"population":295,"elderly_population":83.0,"elderly_ratio":0.28135593220338984,"centroid_lat":35.42291666666668,"centroid_lon":135.334375,"city_area_fraction":1.0,"disclosure_status":"unaffected","primary_eligible":true,"nearest_station_name":"真倉駅","nearest_station_distance_m":1925.4245590789722,"nearest_bus_stop_name":"京田","nearest_bus_stop_distance_m":443.5641006456482,"nearest_public_transport_type":"bus_stop","nearest_public_transport_name":"京田","nearest_public_transport_distance_m":443.5641006456482,"nearest_medical_name":"医療法人荒木クリニック","nearest_medical_distance_m":770.7540193434103,"nearest_medical_access_class":"likely_public","nearest_hospital_name":"市立舞鶴市民病院","nearest_hospital_distance_m":2418.0924051772645,"elderly_population_percentile":0.6940559440559441,"transport_distance_percentile":0.451048951048951,"medical_distance_percentile":0.3461538461538461,"exploratory_score_c":0.108364571146981,"pareto_frontier":false},"geometry":{"type":"Polygon","coordinates":[[[135.33125,35.42083333333334],[135.3375,35.42083333333334],[135.3375,35.425],[135.33125,35.425],[135.33125,35.42083333333334]]]},"id":"533512064"},{"type":"Feature","properties":{"mesh_code":"533512071","area_label":"京田バス停周辺","area_label_basis":"最寄りの実在公共交通名称（行政地名ではない）","rank":63,"population":117,"elderly_population":60.0,"elderly_ratio":0.5128205128205128,"centroid_lat":35.41875,"centroid_lon":135.340625,"city_area_fraction":1.0,"disclosure_status":"unaffected","primary_eligible":true,"nearest_station_name":"真倉駅","nearest_station_distance_m":1866.1651647344731,"nearest_bus_stop_name":"京田","nearest_bus_stop_distance_m":1101.1115210581902,"nearest_public_transport_type":"bus_stop","nearest_public_transport_name":"京田","nearest_public_transport_distance_m":1101.1115210581902,"nearest_medical_name":"特別養護老人ﾎｰﾑｸﾞﾚｲｽｳﾞｨﾙまいづる診療所","nearest_medical_distance_m":785.4268005220027,"nearest_medical_access_class":"likely_public","nearest_hospital_name":"市立舞鶴市民病院","nearest_hospital_distance_m":2852.911794231826,"elderly_population_percentile":0.6328671328671329,"transport_distance_percentile":0.7202797202797203,"medical_distance_percentile":0.3566433566433566,"exploratory_score_c":0.1625727932393295,"pareto_frontier":false},"geometry":{"type":"Polygon","coordinates":[[[135.3375,35.41666666666667],[135.34375,35.41666666666667],[135.34375,35.42083333333334],[135.3375,35.42083333333334],[135.3375,35.41666666666667]]]},"id":"533512071"},{"type":"Feature","properties":{"mesh_code":"533512072","area_label":"京田バス停周辺","area_label_basis":"最寄りの実在公共交通名称（行政地名ではない）","rank":null,"population":9,"elderly_population":8.0,"elderly_ratio":0.8888888888888888,"centroid_lat":35.41875,"centroid_lon":135.346875,"city_area_fraction":1.0,"disclosure_status":"unaffected","primary_eligible":false,"nearest_station_name":"真倉駅","nearest_station_distance_m":2306.728742129011,"nearest_bus_stop_name":"京田","nearest_bus_stop_distance_m":1637.5733724192894,"nearest_public_transport_type":"bus_stop","nearest_public_transport_name":"京田","nearest_public_transport_distance_m":1637.5733724192894,"nearest_medical_name":"特別養護老人ﾎｰﾑｸﾞﾚｲｽｳﾞｨﾙまいづる診療所","nearest_medical_distance_m":803.0163947830671,"nearest_medical_access_class":"likely_public","nearest_hospital_name":"市立舞鶴市民病院","nearest_hospital_distance_m":2942.1178135437235,"elderly_population_percentile":0.1573426573426573,"transport_distance_percentile":0.8216783216783217,"medical_distance_percentile":0.3671328671328671,"exploratory_score_c":0.0474647913092335,"pareto_frontier":false},"geometry":{"type":"Polygon","coordinates":[[[135.34375,35.41666666666667],[135.35,35.41666666666667],[135.35,35.42083333333334],[135.34375,35.42083333333334],[135.34375,35.41666666666667]]]},"id":"533512072"},{"type":"Feature","properties":{"mesh_code":"533512073","area_label":"京田バス停周辺","area_label_basis":"最寄りの実在公共交通名称（行政地名ではない）","rank":20,"population":250,"elderly_population":109.0,"elderly_ratio":0.436,"centroid_lat":35.42291666666668,"centroid_lon":135.340625,"city_area_fraction":1.0,"disclosure_status":"unaffected","primary_eligible":true,"nearest_station_name":"真倉駅","nearest_station_distance_m":2213.8645123201804,"nearest_bus_stop_name":"京田","nearest_bus_stop_distance_m":1010.7449506974776,"nearest_public_transport_type":"bus_stop","nearest_public_transport_name":"京田","nearest_public_transport_distance_m":1010.7449506974776,"nearest_medical_name":"特別養護老人ﾎｰﾑｸﾞﾚｲｽｳﾞｨﾙまいづる診療所","nearest_medical_distance_m":1231.2739210946563,"nearest_medical_access_class":"likely_public","nearest_hospital_name":"市立舞鶴市民病院","nearest_hospital_distance_m":2391.6525179084383,"elderly_population_percentile":0.756993006993007,"transport_distance_percentile":0.7097902097902098,"medical_distance_percentile":0.5384615384615384,"exploratory_score_c":0.2893187366694628,"pareto_frontier":true},"geometry":{"type":"Polygon","coordinates":[[[135.3375,35.42083333333334],[135.34375,35.42083333333334],[135.34375,35.425],[135.3375,35.425],[135.3375,35.42083333333334]]]},"id":"533512073"},{"type":"Feature","properties":{"mesh_code":"533512074","area_label":"京田バス停周辺","area_label_basis":"最寄りの実在公共交通名称（行政地名ではない）","rank":84,"population":29,"elderly_population":12.0,"elderly_ratio":0.41379310344827586,"centroid_lat":35.42291666666668,"centroid_lon":135.346875,"city_area_fraction":1.0,"disclosure_status":"unaffected","primary_eligible":true,"nearest_station_name":"西舞鶴駅","nearest_station_distance_m":2559.8837861997163,"nearest_bus_stop_name":"京田","nearest_bus_stop_distance_m":1578.2046218790076,"nearest_public_transport_type":"bus_stop","nearest_public_transport_name":"京田","nearest_public_transport_distance_m":1578.2046218790076,"nearest_medical_name":"特別養護老人ﾎｰﾑｸﾞﾚｲｽｳﾞｨﾙまいづる診療所","nearest_medical_distance_m":1242.5672424470945,"nearest_medical_access_class":"likely_public","nearest_hospital_name":"市立舞鶴市民病院","nearest_hospital_distance_m":2497.384368899256,"elderly_population_percentile":0.2779720279720279,"transport_distance_percentile":0.8146853146853147,"medical_distance_percentile":0.541958041958042,"exploratory_score_c":0.1227316713556872,"pareto_frontier":false},"geometry":{"type":"Polygon","coordinates":[[[135.34375,35.42083333333334],[135.35,35.42083333333334],[135.35,35.425],[135.34375,35.425],[135.34375,35.42083333333334]]]},"id":"533512074"},{"type":"Feature","properties":{"mesh_code":"533512083","area_label":"京田バス停周辺","area_label_basis":"最寄りの実在公共交通名称（行政地名ではない）","rank":null,"population":11,"elderly_population":6.0,"elderly_ratio":0.5454545454545454,"centroid_lat":35.42291666666668,"centroid_lon":135.353125,"city_area_fraction":1.0000000000000002,"disclosure_status":"unaffected","primary_eligible":false,"nearest_station_name":"西舞鶴駅","nearest_station_distance_m":2925.4501905359216,"nearest_bus_stop_name":"京田","nearest_bus_stop_distance_m":2145.7215396778242,"nearest_public_transport_type":"bus_stop","nearest_public_transport_name":"京田","nearest_public_transport_distance_m":2145.7215396778242,"nearest_medical_name":"特別養護老人ﾎｰﾑｸﾞﾚｲｽｳﾞｨﾙまいづる診療所","nearest_medical_distance_m":1488.7120883379291,"nearest_medical_access_class":"likely_public","nearest_hospital_name":"市立舞鶴市民病院","nearest_hospital_distance_m":2719.9172837823126,"elderly_population_percentile":0.0909090909090909,"transport_distance_percentile":0.8951048951048951,"medical_distance_percentile":0.6258741258741258,"exploratory_score_c":0.0509293630717661,"pareto_frontier":false},"geometry":{"type":"Polygon","coordinates":[[[135.35,35.42083333333334],[135.35625,35.42083333333334],[135.35625,35.425],[135.35,35.425],[135.35,35.42083333333334]]]},"id":"533512083"},{"type":"Feature","properties":{"mesh_code":"533512094","area_label":"福来西バス停周辺","area_label_basis":"最寄りの実在公共交通名称（行政地名ではない）","rank":null,"population":11,"elderly_population":6.0,"elderly_ratio":0.5454545454545454,"centroid_lat":35.42291666666668,"centroid_lon":135.371875,"city_area_fraction":1.0,"disclosure_status":"unaffected","primary_eligible":false,"nearest_station_name":"西舞鶴駅","nearest_station_distance_m":4294.030220001371,"nearest_bus_stop_name":"福来西","nearest_bus_stop_distance_m":3351.8751486971496,"nearest_public_transport_type":"bus_stop","nearest_public_transport_name":"福来西","nearest_public_transport_distance_m":3351.8751486971496,"nearest_medical_name":"特別養護老人ﾎｰﾑｸﾞﾚｲｽｳﾞｨﾙまいづる診療所","nearest_medical_distance_m":2845.9152325743353,"nearest_medical_access_class":"likely_public","nearest_hospital_name":"市立舞鶴市民病院","nearest_hospital_distance_m":3839.995416784284,"elderly_population_percentile":0.0909090909090909,"transport_distance_percentile":0.958041958041958,"medical_distance_percentile":0.8286713286713286,"exploratory_score_c":0.0721729002085009,"pareto_frontier":false},"geometry":{"type":"Polygon","coordinates":[[[135.36875,35.42083333333334],[135.375,35.42083333333334],[135.375,35.425],[135.36875,35.425],[135.36875,35.42083333333334]]]},"id":"533512094"},{"type":"Feature","properties":{"mesh_code":"533512101","area_label":"志高バス停周辺","area_label_basis":"最寄りの実在公共交通名称（行政地名ではない）","rank":null,"population":4,"elderly_population":null,"elderly_ratio":null,"centroid_lat":35.42708333333334,"centroid_lon":135.253125,"city_area_fraction":1.0,"disclosure_status":"suppressed_source","primary_eligible":false,"nearest_station_name":"四所駅","nearest_station_distance_m":4001.3312161683366,"nearest_bus_stop_name":"志高","nearest_bus_stop_distance_m":443.4377342565257,"nearest_public_transport_type":"bus_stop","nearest_public_transport_name":"志高","nearest_public_transport_distance_m":443.4377342565257,"nearest_medical_name":"市立舞鶴市民病院加佐診療所","nearest_medical_distance_m":3049.4229092211895,"nearest_medical_access_class":"likely_public","nearest_hospital_name":"舞鶴赤十字病院","nearest_hospital_distance_m":7878.941026589162,"elderly_population_percentile":null,"transport_distance_percentile":null,"medical_distance_percentile":null,"exploratory_score_c":null,"pareto_frontier":null},"geometry":{"type":"Polygon","coordinates":[[[135.25,35.425],[135.25625,35.425],[135.25625,35.429166666666674],[135.25,35.429166666666674],[135.25,35.425]]]},"id":"533512101"},{"type":"Feature","properties":{"mesh_code":"533512102","area_label":"志高バス停周辺","area_label_basis":"最寄りの実在公共交通名称（行政地名ではない）","rank":null,"population":60,"elderly_population":null,"elderly_ratio":null,"centroid_lat":35.42708333333334,"centroid_lon":135.259375,"city_area_fraction":1.0,"disclosure_status":"aggregation_destination","primary_eligible":false,"nearest_station_name":"四所駅","nearest_station_distance_m":3532.0466837501044,"nearest_bus_stop_name":"志高","nearest_bus_stop_distance_m":856.656379336186,"nearest_public_transport_type":"bus_stop","nearest_public_transport_name":"志高","nearest_public_transport_distance_m":856.656379336186,"nearest_medical_name":"市立舞鶴市民病院加佐診療所","nearest_medical_distance_m":2929.6108048964643,"nearest_medical_access_class":"likely_public","nearest_hospital_name":"舞鶴赤十字病院","nearest_hospital_distance_m":7330.725650767944,"elderly_population_percentile":null,"transport_distance_percentile":null,"medical_distance_percentile":null,"exploratory_score_c":null,"pareto_frontier":null},"geometry":{"type":"Polygon","coordinates":[[[135.25625,35.425],[135.2625,35.425],[135.2625,35.429166666666674],[135.25625,35.429166666666674],[135.25625,35.425]]]},"id":"533512102"},{"type":"Feature","properties":{"mesh_code":"533512103","area_label":"志高バス停周辺","area_label_basis":"最寄りの実在公共交通名称（行政地名ではない）","rank":115,"population":84,"elderly_population":36.0,"elderly_ratio":0.42857142857142855,"centroid_lat":35.43125,"centroid_lon":135.253125,"city_area_fraction":1.0,"disclosure_status":"unaffected","primary_eligible":true,"nearest_station_name":"四所駅","nearest_station_distance_m":3777.7372847959814,"nearest_bus_stop_name":"志高","nearest_bus_stop_distance_m":199.2144568214852,"nearest_public_transport_type":"bus_stop","nearest_public_transport_name":"志高","nearest_public_transport_distance_m":199.2144568214852,"nearest_medical_name":"市立舞鶴市民病院加佐診療所","nearest_medical_distance_m":2612.131494473556,"nearest_medical_access_class":"likely_public","nearest_hospital_name":"舞鶴赤十字病院","nearest_hospital_distance_m":7776.4445859917805,"elderly_population_percentile":0.5786713286713286,"transport_distance_percentile":0.1958041958041958,"medical_distance_percentile":0.7902097902097902,"exploratory_score_c":0.0895357271219171,"pareto_frontier":false},"geometry":{"type":"Polygon","coordinates":[[[135.25,35.429166666666674],[135.25625,35.429166666666674],[135.25625,35.433333333333344],[135.25,35.433333333333344],[135.25,35.429166666666674]]]},"id":"533512103"},{"type":"Feature","properties":{"mesh_code":"533512132","area_label":"上福井バス停周辺","area_label_basis":"最寄りの実在公共交通名称（行政地名ではない）","rank":3,"population":91,"elderly_population":43.0,"elderly_ratio":0.4725274725274725,"centroid_lat":35.42708333333334,"centroid_lon":135.296875,"city_area_fraction":1.0,"disclosure_status":"unaffected","primary_eligible":true,"nearest_station_name":"四所駅","nearest_station_distance_m":2188.3597823318564,"nearest_bus_stop_name":"上福井","nearest_bus_stop_distance_m":2034.4406233132956,"nearest_public_transport_type":"bus_stop","nearest_public_transport_name":"上福井","nearest_public_transport_distance_m":2034.4406233132956,"nearest_medical_name":"医療法人荒木クリニック","nearest_medical_distance_m":2755.8571381536417,"nearest_medical_access_class":"likely_public","nearest_hospital_name":"舞鶴赤十字病院","nearest_hospital_distance_m":4151.64607693823,"elderly_population_percentile":0.6013986013986014,"transport_distance_percentile":0.8811188811188811,"medical_distance_percentile":0.8076923076923077,"exploratory_score_c":0.4279991122379503,"pareto_frontier":false},"geometry":{"type":"Polygon","coordinates":[[[135.29375,35.425],[135.3,35.425],[135.3,35.429166666666674],[135.29375,35.429166666666674],[135.29375,35.425]]]},"id":"533512132"},{"type":"Feature","properties":{"mesh_code":"533512134","area_label":"上福井バス停周辺","area_label_basis":"最寄りの実在公共交通名称（行政地名ではない）","rank":6,"population":87,"elderly_population":49.0,"elderly_ratio":0.5632183908045977,"centroid_lat":35.43125,"centroid_lon":135.296875,"city_area_fraction":1.0,"disclosure_status":"unaffected","primary_eligible":true,"nearest_station_name":"四所駅","nearest_station_distance_m":1746.4693729778996,"nearest_bus_stop_name":"上福井","nearest_bus_stop_distance_m":1572.7868203833443,"nearest_public_transport_type":"bus_stop","nearest_public_transport_name":"上福井","nearest_public_transport_distance_m":1572.7868203833443,"nearest_medical_name":"医療法人荒木クリニック","nearest_medical_distance_m":2802.1825252561243,"nearest_medical_access_class":"likely_public","nearest_hospital_name":"舞鶴赤十字病院","nearest_hospital_distance_m":3953.9681313852543,"elderly_population_percentile":0.6223776223776224,"transport_distance_percentile":0.8111888111888111,"medical_distance_percentile":0.8216783216783217,"exploratory_score_c":0.4148372533134624,"pareto_frontier":false},"geometry":{"type":"Polygon","coordinates":[[[135.29375,35.429166666666674],[135.3,35.429166666666674],[135.3,35.433333333333344],[135.29375,35.433333333333344],[135.29375,35.429166666666674]]]},"id":"533512134"},{"type":"Feature","properties":{"mesh_code":"533512142","area_label":"城南中学校前バス停周辺","area_label_basis":"最寄りの実在公共交通名称（行政地名ではない）","rank":77,"population":22,"elderly_population":11.0,"elderly_ratio":0.5,"centroid_lat":35.42708333333334,"centroid_lon":135.309375,"city_area_fraction":1.0,"disclosure_status":"unaffected","primary_eligible":true,"nearest_station_name":"西舞鶴駅","nearest_station_distance_m":2516.42140292316,"nearest_bus_stop_name":"城南中学校前","nearest_bus_stop_distance_m":1719.1288542671962,"nearest_public_transport_type":"bus_stop","nearest_public_transport_name":"城南中学校前","nearest_public_transport_distance_m":1719.1288542671962,"nearest_medical_name":"医療法人荒木クリニック","nearest_medical_distance_m":1621.0604461399944,"nearest_medical_access_class":"likely_public","nearest_hospital_name":"舞鶴赤十字病院","nearest_hospital_distance_m":3197.0244710916936,"elderly_population_percentile":0.2587412587412587,"transport_distance_percentile":0.8426573426573427,"medical_distance_percentile":0.6538461538461539,"exploratory_score_c":0.142558221767474,"pareto_frontier":false},"geometry":{"type":"Polygon","coordinates":[[[135.30625,35.425],[135.3125,35.425],[135.3125,35.429166666666674],[135.30625,35.429166666666674],[135.30625,35.425]]]},"id":"533512142"},{"type":"Feature","properties":{"mesh_code":"533512143","area_label":"上福井バス停周辺","area_label_basis":"最寄りの実在公共交通名称（行政地名ではない）","rank":12,"population":89,"elderly_population":31.0,"elderly_ratio":0.34831460674157305,"centroid_lat":35.43125,"centroid_lon":135.303125,"city_area_fraction":1.0,"disclosure_status":"unaffected","primary_eligible":true,"nearest_station_name":"四所駅","nearest_station_distance_m":2005.802273279405,"nearest_bus_stop_name":"上福井","nearest_bus_stop_distance_m":1702.881241399832,"nearest_public_transport_type":"bus_stop","nearest_public_transport_name":"上福井","nearest_public_transport_distance_m":1702.881241399832,"nearest_medical_name":"医療法人荒木クリニック","nearest_medical_distance_m":2246.5103452882036,"nearest_medical_access_class":"likely_public","nearest_hospital_name":"舞鶴赤十字病院","nearest_hospital_distance_m":3435.7572547641807,"elderly_population_percentile":0.548951048951049,"transport_distance_percentile":0.8356643356643356,"medical_distance_percentile":0.7307692307692307,"exploratory_score_c":0.3352322099632481,"pareto_frontier":false},"geometry":{"type":"Polygon","coordinates":[[[135.3,35.429166666666674],[135.30625,35.429166666666674],[135.30625,35.433333333333344],[135.3,35.433333333333344],[135.3,35.429166666666674]]]},"id":"533512143"},{"type":"Feature","properties":{"mesh_code":"533512144","area_label":"中筋小学校口バス停周辺","area_label_basis":"最寄りの実在公共交通名称（行政地名ではない）","rank":5,"population":238,"elderly_population":105.0,"elderly_ratio":0.4411764705882353,"centroid_lat":35.43125,"centroid_lon":135.309375,"city_area_fraction":1.0,"disclosure_status":"unaffected","primary_eligible":true,"nearest_station_name":"西舞鶴駅","nearest_station_distance_m":2245.92173377601,"nearest_bus_stop_name":"中筋小学校口","nearest_bus_stop_distance_m":1705.6630165732704,"nearest_public_transport_type":"bus_stop","nearest_public_transport_name":"中筋小学校口","nearest_public_transport_distance_m":1705.6630165732704,"nearest_medical_name":"医療法人荒木クリニック","nearest_medical_distance_m":1698.696764706336,"nearest_medical_access_class":"likely_public","nearest_hospital_name":"舞鶴赤十字病院","nearest_hospital_distance_m":2935.8181980973845,"elderly_population_percentile":0.7482517482517482,"transport_distance_percentile":0.8391608391608392,"medical_distance_percentile":0.6608391608391608,"exploratory_score_c":0.4149432649603807,"pareto_frontier":true},"geometry":{"type":"Polygon","coordinates":[[[135.30625,35.429166666666674],[135.3125,35.429166666666674],[135.3125,35.433333333333344],[135.30625,35.433333333333344],[135.30625,35.429166666666674]]]},"id":"533512144"},{"type":"Feature","properties":{"mesh_code":"533512151","area_label":"城南中学校前バス停周辺","area_label_basis":"最寄りの実在公共交通名称（行政地名ではない）","rank":32,"population":142,"elderly_population":83.0,"elderly_ratio":0.5845070422535211,"centroid_lat":35.42708333333334,"centroid_lon":135.315625,"city_area_fraction":1.0,"disclosure_status":"unaffected","primary_eligible":true,"nearest_station_name":"西舞鶴駅","nearest_station_distance_m":2114.9497131740277,"nearest_bus_stop_name":"城南中学校前","nearest_bus_stop_distance_m":1151.7006435533108,"nearest_public_transport_type":"bus_stop","nearest_public_transport_name":"城南中学校前","nearest_public_transport_distance_m":1151.7006435533108,"nearest_medical_name":"医療法人荒木クリニック","nearest_medical_distance_m":1053.8972644632004,"nearest_medical_access_class":"likely_public","nearest_hospital_name":"舞鶴赤十字病院","nearest_hospital_distance_m":2771.1854271627026,"elderly_population_percentile":0.6940559440559441,"transport_distance_percentile":0.7377622377622378,"medical_distance_percentile":0.472027972027972,"exploratory_score_c":0.2417011047781501,"pareto_frontier":false},"geometry":{"type":"Polygon","coordinates":[[[135.3125,35.425],[135.31875,35.425],[135.31875,35.429166666666674],[135.3125,35.429166666666674],[135.3125,35.425]]]},"id":"533512151"},{"type":"Feature","properties":{"mesh_code":"533512152","area_label":"城南中学校前バス停周辺","area_label_basis":"最寄りの実在公共交通名称（行政地名ではない）","rank":106,"population":1065,"elderly_population":205.0,"elderly_ratio":0.19248826291079812,"centroid_lat":35.42708333333334,"centroid_lon":135.321875,"city_area_fraction":1.0,"disclosure_status":"unaffected","primary_eligible":true,"nearest_station_name":"西舞鶴駅","nearest_station_distance_m":1804.9205219293126,"nearest_bus_stop_name":"城南中学校前","nearest_bus_stop_distance_m":584.490635976334,"nearest_public_transport_type":"bus_stop","nearest_public_transport_name":"城南中学校前","nearest_public_transport_distance_m":584.490635976334,"nearest_medical_name":"医療法人荒木クリニック","nearest_medical_distance_m":487.6185352077382,"nearest_medical_access_class":"likely_public","nearest_hospital_name":"舞鶴赤十字病院","nearest_hospital_distance_m":2404.586929520218,"elderly_population_percentile":0.8601398601398601,"transport_distance_percentile":0.5734265734265734,"medical_distance_percentile":0.1993006993006993,"exploratory_score_c":0.0983004965106779,"pareto_frontier":true},"geometry":{"type":"Polygon","coordinates":[[[135.31875,35.425],[135.325,35.425],[135.325,35.429166666666674],[135.31875,35.429166666666674],[135.31875,35.425]]]},"id":"533512152"},{"type":"Feature","properties":{"mesh_code":"533512153","area_label":"中筋小学校口バス停周辺","area_label_basis":"最寄りの実在公共交通名称（行政地名ではない）","rank":58,"population":68,"elderly_population":23.0,"elderly_ratio":0.3382352941176471,"centroid_lat":35.43125,"centroid_lon":135.315625,"city_area_fraction":0.9999999999999998,"disclosure_status":"unaffected","primary_eligible":true,"nearest_station_name":"西舞鶴駅","nearest_station_distance_m":1784.6279574061039,"nearest_bus_stop_name":"中筋小学校口","nearest_bus_stop_distance_m":1138.2890663259252,"nearest_public_transport_type":"bus_stop","nearest_public_transport_name":"中筋小学校口","nearest_public_transport_distance_m":1138.2890663259252,"nearest_medical_name":"医療法人荒木クリニック","nearest_medical_distance_m":1169.8337894180893,"nearest_medical_access_class":"likely_public","nearest_hospital_name":"舞鶴赤十字病院","nearest_hospital_distance_m":2465.2918702506468,"elderly_population_percentile":0.4493006993006993,"transport_distance_percentile":0.7272727272727273,"medical_distance_percentile":0.5174825174825175,"exploratory_score_c":0.1690947323496592,"pareto_frontier":false},"geometry":{"type":"Polygon","coordinates":[[[135.3125,35.429166666666674],[135.31875,35.429166666666674],[135.31875,35.433333333333344],[135.3125,35.433333333333344],[135.3125,35.429166666666674]]]},"id":"533512153"},{"type":"Feature","properties":{"mesh_code":"533512154","area_label":"中筋小学校口バス停周辺","area_label_basis":"最寄りの実在公共交通名称（行政地名ではない）","rank":75,"population":554,"elderly_population":143.0,"elderly_ratio":0.2581227436823105,"centroid_lat":35.43125,"centroid_lon":135.321875,"city_area_fraction":1.0,"disclosure_status":"unaffected","primary_eligible":true,"nearest_station_name":"西舞鶴駅","nearest_station_distance_m":1403.4551863785769,"nearest_bus_stop_name":"中筋小学校口","nearest_bus_stop_distance_m":571.1879544577747,"nearest_public_transport_type":"bus_stop","nearest_public_transport_name":"中筋小学校口","nearest_public_transport_distance_m":571.1879544577747,"nearest_medical_name":"医療法人荒木クリニック","nearest_medical_distance_m":704.0086845540078,"nearest_medical_access_class":"likely_public","nearest_hospital_name":"舞鶴赤十字病院","nearest_hospital_distance_m":2044.586206790982,"elderly_population_percentile":0.8059440559440559,"transport_distance_percentile":0.5629370629370629,"medical_distance_percentile":0.3181818181818182,"exploratory_score_c":0.1443577481005961,"pareto_frontier":false},"geometry":{"type":"Polygon","coordinates":[[[135.31875,35.429166666666674],[135.325,35.429166666666674],[135.325,35.433333333333344],[135.31875,35.433333333333344],[135.31875,35.429166666666674]]]},"id":"533512154"},{"type":"Feature","properties":{"mesh_code":"533512161","area_label":"城南中学校前バス停周辺","area_label_basis":"最寄りの実在公共交通名称（行政地名ではない）","rank":217,"population":887,"elderly_population":214.0,"elderly_ratio":0.24126268320180383,"centroid_lat":35.42708333333334,"centroid_lon":135.328125,"city_area_fraction":1.0000000000000002,"disclosure_status":"unaffected","primary_eligible":true,"nearest_station_name":"西舞鶴駅","nearest_station_distance_m":1639.0705917033554,"nearest_bus_stop_name":"城南中学校前","nearest_bus_stop_distance_m":32.359472213734264,"nearest_public_transport_type":"bus_stop","nearest_public_transport_name":"城南中学校前","nearest_public_transport_distance_m":32.359472213734264,"nearest_medical_name":"医療法人荒木クリニック","nearest_medical_distance_m":95.14447060254072,"nearest_medical_access_class":"likely_public","nearest_hospital_name":"舞鶴赤十字病院","nearest_hospital_distance_m":2128.067827789402,"elderly_population_percentile":0.8758741258741258,"transport_distance_percentile":0.0104895104895104,"medical_distance_percentile":0.0244755244755244,"exploratory_score_c":0.000224868656699,"pareto_frontier":false},"geometry":{"type":"Polygon","coordinates":[[[135.325,35.425],[135.33125,35.425],[135.33125,35.429166666666674],[135.325,35.429166666666674],[135.325,35.425]]]},"id":"533512161"},{"type":"Feature","properties":{"mesh_code":"533512162","area_label":"城南中学校前バス停周辺","area_label_basis":"最寄りの実在公共交通名称（行政地名ではない）","rank":85,"population":686,"elderly_population":143.0,"elderly_ratio":0.20845481049562684,"centroid_lat":35.42708333333334,"centroid_lon":135.334375,"city_area_fraction":1.0,"disclosure_status":"unaffected","primary_eligible":true,"nearest_station_name":"西舞鶴駅","nearest_station_distance_m":1661.160309319742,"nearest_bus_stop_name":"城南中学校前","nearest_bus_stop_distance_m":551.9657691035717,"nearest_public_transport_type":"bus_stop","nearest_public_transport_name":"城南中学校前","nearest_public_transport_distance_m":551.9657691035717,"nearest_medical_name":"医療法人荒木クリニック","nearest_medical_distance_m":651.567103141086,"nearest_medical_access_class":"likely_public","nearest_hospital_name":"市立舞鶴市民病院","nearest_hospital_distance_m":1963.5233534723002,"elderly_population_percentile":0.8059440559440559,"transport_distance_percentile":0.534965034965035,"medical_distance_percentile":0.2832167832167832,"exploratory_score_c":0.1221094513828877,"pareto_frontier":false},"geometry":{"type":"Polygon","coordinates":[[[135.33125,35.425],[135.3375,35.425],[135.3375,35.429166666666674],[135.33125,35.429166666666674],[135.33125,35.425]]]},"id":"533512162"},{"type":"Feature","properties":{"mesh_code":"533512163","area_label":"中筋小学校口バス停周辺","area_label_basis":"最寄りの実在公共交通名称（行政地名ではない）","rank":213,"population":683,"elderly_population":181.0,"elderly_ratio":0.26500732064421667,"centroid_lat":35.43125,"centroid_lon":135.328125,"city_area_fraction":0.9999999999999998,"disclosure_status":"unaffected","primary_eligible":true,"nearest_station_name":"西舞鶴駅","nearest_station_distance_m":1182.5951546235008,"nearest_bus_stop_name":"中筋小学校口","nearest_bus_stop_distance_m":30.75212570229139,"nearest_public_transport_type":"bus_stop","nearest_public_transport_name":"中筋小学校口","nearest_public_transport_distance_m":30.75212570229139,"nearest_medical_name":"医療法人荒木クリニック","nearest_medical_distance_m":516.6434191856881,"nearest_medical_access_class":"likely_public","nearest_hospital_name":"舞鶴赤十字病院","nearest_hospital_distance_m":1710.8574073079822,"elderly_population_percentile":0.8461538461538461,"transport_distance_percentile":0.0069930069930069,"medical_distance_percentile":0.2167832167832167,"exploratory_score_c":0.0012827409277113,"pareto_frontier":false},"geometry":{"type":"Polygon","coordinates":[[[135.325,35.429166666666674],[135.33125,35.429166666666674],[135.33125,35.433333333333344],[135.325,35.433333333333344],[135.325,35.429166666666674]]]},"id":"533512163"},{"type":"Feature","properties":{"mesh_code":"533512164","area_label":"中筋小学校口バス停周辺","area_label_basis":"最寄りの実在公共交通名称（行政地名ではない）","rank":50,"population":1401,"elderly_population":225.0,"elderly_ratio":0.16059957173447537,"centroid_lat":35.43125,"centroid_lon":135.334375,"city_area_fraction":1.0,"disclosure_status":"unaffected","primary_eligible":true,"nearest_station_name":"西舞鶴駅","nearest_station_distance_m":1213.0250644485502,"nearest_bus_stop_name":"中筋小学校口","nearest_bus_stop_distance_m":565.4824337511279,"nearest_public_transport_type":"bus_stop","nearest_public_transport_name":"中筋小学校口","nearest_public_transport_distance_m":565.4824337511279,"nearest_medical_name":"井上耳鼻いんこう科","nearest_medical_distance_m":808.8707244193123,"nearest_medical_access_class":"likely_public","nearest_hospital_name":"市立舞鶴市民病院","nearest_hospital_distance_m":1513.61934537887,"elderly_population_percentile":0.8951048951048951,"transport_distance_percentile":0.5524475524475524,"medical_distance_percentile":0.3706293706293706,"exploratory_score_c":0.183275670976781,"pareto_frontier":true},"geometry":{"type":"Polygon","coordinates":[[[135.33125,35.429166666666674],[135.3375,35.429166666666674],[135.3375,35.433333333333344],[135.33125,35.433333333333344],[135.33125,35.429166666666674]]]},"id":"533512164"},{"type":"Feature","properties":{"mesh_code":"533512171","area_label":"城南中学校前バス停周辺","area_label_basis":"最寄りの実在公共交通名称（行政地名ではない）","rank":null,"population":231,"elderly_population":null,"elderly_ratio":null,"centroid_lat":35.42708333333334,"centroid_lon":135.340625,"city_area_fraction":1.0,"disclosure_status":"aggregation_destination","primary_eligible":false,"nearest_station_name":"西舞鶴駅","nearest_station_distance_m":1864.5213745262151,"nearest_bus_stop_name":"城南中学校前","nearest_bus_stop_distance_m":1119.1447127554827,"nearest_public_transport_type":"bus_stop","nearest_public_transport_name":"城南中学校前","nearest_public_transport_distance_m":1119.1447127554827,"nearest_medical_name":"医療法人荒木クリニック","nearest_medical_distance_m":1218.2905463038608,"nearest_medical_access_class":"likely_public","nearest_hospital_name":"市立舞鶴市民病院","nearest_hospital_distance_m":1930.8710653597984,"elderly_population_percentile":null,"transport_distance_percentile":null,"medical_distance_percentile":null,"exploratory_score_c":null,"pareto_frontier":null},"geometry":{"type":"Polygon","coordinates":[[[135.3375,35.425],[135.34375,35.425],[135.34375,35.429166666666674],[135.3375,35.429166666666674],[135.3375,35.425]]]},"id":"533512171"},{"type":"Feature","properties":{"mesh_code":"533512172","area_label":"京田バス停周辺","area_label_basis":"最寄りの実在公共交通名称（行政地名ではない）","rank":null,"population":4,"elderly_population":null,"elderly_ratio":null,"centroid_lat":35.42708333333334,"centroid_lon":135.346875,"city_area_fraction":1.0,"disclosure_status":"suppressed_source","primary_eligible":false,"nearest_station_name":"西舞鶴駅","nearest_station_distance_m":2199.4340022947636,"nearest_bus_stop_name":"京田","nearest_bus_stop_distance_m":1651.4175868311381,"nearest_public_transport_type":"bus_stop","nearest_public_transport_name":"京田","nearest_public_transport_distance_m":1651.4175868311381,"nearest_medical_name":"特別養護老人ﾎｰﾑｸﾞﾚｲｽｳﾞｨﾙまいづる診療所","nearest_medical_distance_m":1694.2485852591476,"nearest_medical_access_class":"likely_public","nearest_hospital_name":"市立舞鶴市民病院","nearest_hospital_distance_m":2060.379826140504,"elderly_population_percentile":null,"transport_distance_percentile":null,"medical_distance_percentile":null,"exploratory_score_c":null,"pareto_frontier":null},"geometry":{"type":"Polygon","coordinates":[[[135.34375,35.425],[135.35,35.425],[135.35,35.429166666666674],[135.34375,35.429166666666674],[135.34375,35.425]]]},"id":"533512172"},{"type":"Feature","properties":{"mesh_code":"533512173","area_label":"中筋小学校口バス停周辺","area_label_basis":"最寄りの実在公共交通名称（行政地名ではない）","rank":49,"population":78,"elderly_population":26.0,"elderly_ratio":0.3333333333333333,"centroid_lat":35.43125,"centroid_lon":135.340625,"city_area_fraction":1.0,"disclosure_status":"unaffected","primary_eligible":true,"nearest_station_name":"西舞鶴駅","nearest_station_distance_m":1479.3175256479688,"nearest_bus_stop_name":"中筋小学校口","nearest_bus_stop_distance_m":1132.5758732814022,"nearest_public_transport_type":"bus_stop","nearest_public_transport_name":"中筋小学校口","nearest_public_transport_distance_m":1132.5758732814022,"nearest_medical_name":"井上耳鼻いんこう科","nearest_medical_distance_m":1139.5024287983188,"nearest_medical_access_class":"likely_public","nearest_hospital_name":"市立舞鶴市民病院","nearest_hospital_distance_m":1471.0168251996597,"elderly_population_percentile":0.5,"transport_distance_percentile":0.7237762237762237,"medical_distance_percentile":0.5104895104895105,"exploratory_score_c":0.1847400850897354,"pareto_frontier":false},"geometry":{"type":"Polygon","coordinates":[[[135.3375,35.429166666666674],[135.34375,35.429166666666674],[135.34375,35.433333333333344],[135.3375,35.433333333333344],[135.3375,35.429166666666674]]]},"id":"533512173"},{"type":"Feature","properties":{"mesh_code":"533512174","area_label":"倉谷バス停周辺","area_label_basis":"最寄りの実在公共交通名称（行政地名ではない）","rank":null,"population":1,"elderly_population":null,"elderly_ratio":null,"centroid_lat":35.43125,"centroid_lon":135.346875,"city_area_fraction":1.0,"disclosure_status":"suppressed_source","primary_eligible":false,"nearest_station_name":"西舞鶴駅","nearest_station_distance_m":1883.9801701532904,"nearest_bus_stop_name":"倉谷","nearest_bus_stop_distance_m":1606.841240042014,"nearest_public_transport_type":"bus_stop","nearest_public_transport_name":"倉谷","nearest_public_transport_distance_m":1606.841240042014,"nearest_medical_name":"医療法人秀仁会さくら眼科米田クリニック","nearest_medical_distance_m":1604.138521624263,"nearest_medical_access_class":"likely_public","nearest_hospital_name":"市立舞鶴市民病院","nearest_hospital_distance_m":1637.304838802224,"elderly_population_percentile":null,"transport_distance_percentile":null,"medical_distance_percentile":null,"exploratory_score_c":null,"pareto_frontier":null},"geometry":{"type":"Polygon","coordinates":[[[135.34375,35.429166666666674],[135.35,35.429166666666674],[135.35,35.433333333333344],[135.34375,35.433333333333344],[135.34375,35.429166666666674]]]},"id":"533512174"},{"type":"Feature","properties":{"mesh_code":"533512201","area_label":"間口バス停周辺","area_label_basis":"最寄りの実在公共交通名称（行政地名ではない）","rank":null,"population":33,"elderly_population":null,"elderly_ratio":null,"centroid_lat":35.43541666666667,"centroid_lon":135.253125,"city_area_fraction":1.0,"disclosure_status":"aggregation_destination","primary_eligible":false,"nearest_station_name":"四所駅","nearest_station_distance_m":3599.9057652782767,"nearest_bus_stop_name":"間口","nearest_bus_stop_distance_m":181.22962877378492,"nearest_public_transport_type":"bus_stop","nearest_public_transport_name":"間口","nearest_public_transport_distance_m":181.22962877378492,"nearest_medical_name":"市立舞鶴市民病院加佐診療所","nearest_medical_distance_m":2185.1448722441305,"nearest_medical_access_class":"likely_public","nearest_hospital_name":"舞鶴赤十字病院","nearest_hospital_distance_m":7700.379289539221,"elderly_population_percentile":null,"transport_distance_percentile":null,"medical_distance_percentile":null,"exploratory_score_c":null,"pareto_frontier":null},"geometry":{"type":"Polygon","coordinates":[[[135.25,35.43333333333334],[135.25625,35.43333333333334],[135.25625,35.4375],[135.25,35.4375],[135.25,35.43333333333334]]]},"id":"533512201"},{"type":"Feature","properties":{"mesh_code":"533512202","area_label":"志高下境バス停周辺","area_label_basis":"最寄りの実在公共交通名称（行政地名ではない）","rank":null,"population":9,"elderly_population":null,"elderly_ratio":null,"centroid_lat":35.43541666666667,"centroid_lon":135.259375,"city_area_fraction":1.0,"disclosure_status":"suppressed_source","primary_eligible":false,"nearest_station_name":"四所駅","nearest_station_distance_m":3069.9170842831536,"nearest_bus_stop_name":"志高下境","nearest_bus_stop_distance_m":478.35200086508274,"nearest_public_transport_type":"bus_stop","nearest_public_transport_name":"志高下境","nearest_public_transport_distance_m":478.35200086508274,"nearest_medical_name":"市立舞鶴市民病院加佐診療所","nearest_medical_distance_m":2014.5906724953381,"nearest_medical_access_class":"likely_public","nearest_hospital_name":"舞鶴赤十字病院","nearest_hospital_distance_m":7138.5243397448585,"elderly_population_percentile":null,"transport_distance_percentile":null,"medical_distance_percentile":null,"exploratory_score_c":null,"pareto_frontier":null},"geometry":{"type":"Polygon","coordinates":[[[135.25625,35.43333333333334],[135.2625,35.43333333333334],[135.2625,35.4375],[135.25625,35.4375],[135.25625,35.43333333333334]]]},"id":"533512202"},{"type":"Feature","properties":{"mesh_code":"533512203","area_label":"志高下境バス停周辺","area_label_basis":"最寄りの実在公共交通名称（行政地名ではない）","rank":136,"population":33,"elderly_population":15.0,"elderly_ratio":0.45454545454545453,"centroid_lat":35.439583333333346,"centroid_lon":135.253125,"city_area_fraction":1.0000000000000002,"disclosure_status":"unaffected","primary_eligible":true,"nearest_station_name":"四所駅","nearest_station_distance_m":3474.869775748574,"nearest_bus_stop_name":"志高下境","nearest_bus_stop_distance_m":259.9121098844036,"nearest_public_transport_type":"bus_stop","nearest_public_transport_name":"志高下境","nearest_public_transport_distance_m":259.9121098844036,"nearest_medical_name":"市立舞鶴市民病院加佐診療所","nearest_medical_distance_m":1775.9117272795556,"nearest_medical_access_class":"likely_public","nearest_hospital_name":"舞鶴赤十字病院","nearest_hospital_distance_m":7651.533505840895,"elderly_population_percentile":0.3339160839160839,"transport_distance_percentile":0.2727272727272727,"medical_distance_percentile":0.6748251748251748,"exploratory_score_c":0.0614549944651661,"pareto_frontier":false},"geometry":{"type":"Polygon","coordinates":[[[135.25,35.4375],[135.25625,35.4375],[135.25625,35.44166666666668],[135.25,35.44166666666668],[135.25,35.4375]]]},"id":"533512203"},{"type":"Feature","properties":{"mesh_code":"533512211","area_label":"志高下境バス停周辺","area_label_basis":"最寄りの実在公共交通名称（行政地名ではない）","rank":null,"population":11,"elderly_population":null,"elderly_ratio":null,"centroid_lat":35.43541666666667,"centroid_lon":135.265625,"city_area_fraction":1.0,"disclosure_status":"suppressed_source","primary_eligible":false,"nearest_station_name":"四所駅","nearest_station_distance_m":2556.063624414663,"nearest_bus_stop_name":"志高下境","nearest_bus_stop_distance_m":967.8792267911019,"nearest_public_transport_type":"bus_stop","nearest_public_transport_name":"志高下境","nearest_public_transport_distance_m":967.8792267911019,"nearest_medical_name":"市立舞鶴市民病院加佐診療所","nearest_medical_distance_m":1996.5555747209983,"nearest_medical_access_class":"likely_public","nearest_hospital_name":"舞鶴赤十字病院","nearest_hospital_distance_m":6577.631355867383,"elderly_population_percentile":null,"transport_distance_percentile":null,"medical_distance_percentile":null,"exploratory_score_c":null,"pareto_frontier":null},"geometry":{"type":"Polygon","coordinates":[[[135.2625,35.43333333333334],[135.26875,35.43333333333334],[135.26875,35.4375],[135.2625,35.4375],[135.2625,35.43333333333334]]]},"id":"533512211"},{"type":"Feature","properties":{"mesh_code":"533512212","area_label":"小津田バス停周辺","area_label_basis":"最寄りの実在公共交通名称（行政地名ではない）","rank":null,"population":39,"elderly_population":null,"elderly_ratio":null,"centroid_lat":35.43541666666667,"centroid_lon":135.271875,"city_area_fraction":1.0000000000000002,"disclosure_status":"aggregation_destination","primary_eligible":false,"nearest_station_name":"四所駅","nearest_station_distance_m":2070.393861520928,"nearest_bus_stop_name":"小津田","nearest_bus_stop_distance_m":1464.0608256697294,"nearest_public_transport_type":"bus_stop","nearest_public_transport_name":"小津田","nearest_public_transport_distance_m":1464.0608256697294,"nearest_medical_name":"市立舞鶴市民病院加佐診療所","nearest_medical_distance_m":2134.907974493158,"nearest_medical_access_class":"likely_public","nearest_hospital_name":"舞鶴赤十字病院","nearest_hospital_distance_m":6017.969165550857,"elderly_population_percentile":null,"transport_distance_percentile":null,"medical_distance_percentile":null,"exploratory_score_c":null,"pareto_frontier":null},"geometry":{"type":"Polygon","coordinates":[[[135.26875,35.43333333333334],[135.275,35.43333333333334],[135.275,35.4375],[135.26875,35.4375],[135.26875,35.43333333333334]]]},"id":"533512212"},{"type":"Feature","properties":{"mesh_code":"533512213","area_label":"小津田バス停周辺","area_label_basis":"最寄りの実在公共交通名称（行政地名ではない）","rank":null,"population":6,"elderly_population":null,"elderly_ratio":null,"centroid_lat":35.439583333333346,"centroid_lon":135.265625,"city_area_fraction":0.9999999999999998,"disclosure_status":"suppressed_source","primary_eligible":false,"nearest_station_name":"四所駅","nearest_station_distance_m":2376.8029907380082,"nearest_bus_stop_name":"小津田","nearest_bus_stop_distance_m":746.097013363295,"nearest_public_transport_type":"bus_stop","nearest_public_transport_name":"小津田","nearest_public_transport_distance_m":746.097013363295,"nearest_medical_name":"市立舞鶴市民病院加佐診療所","nearest_medical_distance_m":1537.9473971466975,"nearest_medical_access_class":"likely_public","nearest_hospital_name":"舞鶴赤十字病院","nearest_hospital_distance_m":6520.443654566823,"elderly_population_percentile":null,"transport_distance_percentile":null,"medical_distance_percentile":null,"exploratory_score_c":null,"pareto_frontier":null},"geometry":{"type":"Polygon","coordinates":[[[135.2625,35.4375],[135.26875,35.4375],[135.26875,35.44166666666668],[135.2625,35.44166666666668],[135.2625,35.4375]]]},"id":"533512213"},{"type":"Feature","properties":{"mesh_code":"533512221","area_label":"ふじつ温泉前バス停周辺","area_label_basis":"最寄りの実在公共交通名称（行政地名ではない）","rank":null,"population":3,"elderly_population":null,"elderly_ratio":null,"centroid_lat":35.43541666666667,"centroid_lon":135.278125,"city_area_fraction":1.0,"disclosure_status":"suppressed_source","primary_eligible":false,"nearest_station_name":"四所駅","nearest_station_distance_m":1638.168969097538,"nearest_bus_stop_name":"ふじつ温泉前","nearest_bus_stop_distance_m":1521.5100675915173,"nearest_public_transport_type":"bus_stop","nearest_public_transport_name":"ふじつ温泉前","nearest_public_transport_distance_m":1521.5100675915173,"nearest_medical_name":"市立舞鶴市民病院加佐診療所","nearest_medical_distance_m":2402.7832770622886,"nearest_medical_access_class":"likely_public","nearest_hospital_name":"舞鶴赤十字病院","nearest_hospital_distance_m":5459.9160981839495,"elderly_population_percentile":null,"transport_distance_percentile":null,"medical_distance_percentile":null,"exploratory_score_c":null,"pareto_frontier":null},"geometry":{"type":"Polygon","coordinates":[[[135.275,35.43333333333334],[135.28125,35.43333333333334],[135.28125,35.4375],[135.275,35.4375],[135.275,35.43333333333334]]]},"id":"533512221"},{"type":"Feature","properties":{"mesh_code":"533512234","area_label":"上福井バス停周辺","area_label_basis":"最寄りの実在公共交通名称（行政地名ではない）","rank":48,"population":67,"elderly_population":20.0,"elderly_ratio":0.29850746268656714,"centroid_lat":35.439583333333346,"centroid_lon":135.296875,"city_area_fraction":1.0000000000000002,"disclosure_status":"unaffected","primary_eligible":true,"nearest_station_name":"四所駅","nearest_station_distance_m":924.5250857193789,"nearest_bus_stop_name":"上福井","nearest_bus_stop_distance_m":652.0697222473042,"nearest_public_transport_type":"bus_stop","nearest_public_transport_name":"上福井","nearest_public_transport_distance_m":652.0697222473042,"nearest_medical_name":"国土交通省共済組合第八管区 海上保安本部支部診療所","nearest_medical_distance_m":2238.009491792024,"nearest_medical_access_class":"likely_public","nearest_hospital_name":"舞鶴赤十字病院","nearest_hospital_distance_m":3702.8868871237273,"elderly_population_percentile":0.4108391608391608,"transport_distance_percentile":0.6328671328671329,"medical_distance_percentile":0.7272727272727273,"exploratory_score_c":0.1890957103925953,"pareto_frontier":false},"geometry":{"type":"Polygon","coordinates":[[[135.29375,35.4375],[135.3,35.4375],[135.3,35.44166666666668],[135.29375,35.44166666666668],[135.29375,35.4375]]]},"id":"533512234"},{"type":"Feature","properties":{"mesh_code":"533512252","area_label":"西高前バス停周辺","area_label_basis":"最寄りの実在公共交通名称（行政地名ではない）","rank":51,"population":309,"elderly_population":156.0,"elderly_ratio":0.5048543689320388,"centroid_lat":35.43541666666667,"centroid_lon":135.321875,"city_area_fraction":0.9999999999999998,"disclosure_status":"unaffected","primary_eligible":true,"nearest_station_name":"西舞鶴駅","nearest_station_distance_m":1053.0923908133034,"nearest_bus_stop_name":"西高前","nearest_bus_stop_distance_m":696.2413471410347,"nearest_public_transport_type":"bus_stop","nearest_public_transport_name":"西高前","nearest_public_transport_distance_m":696.2413471410347,"nearest_medical_name":"藤井内科医院","nearest_medical_distance_m":758.7913678813773,"nearest_medical_access_class":"likely_public","nearest_hospital_name":"舞鶴赤十字病院","nearest_hospital_distance_m":1733.7806554139274,"elderly_population_percentile":0.8251748251748252,"transport_distance_percentile":0.6468531468531469,"medical_distance_percentile":0.3391608391608391,"exploratory_score_c":0.18103284069835,"pareto_frontier":true},"geometry":{"type":"Polygon","coordinates":[[[135.31875,35.43333333333334],[135.325,35.43333333333334],[135.325,35.4375],[135.31875,35.4375],[135.31875,35.43333333333334]]]},"id":"533512252"},{"type":"Feature","properties":{"mesh_code":"533512254","area_label":"西高前バス停周辺","area_label_basis":"最寄りの実在公共交通名称（行政地名ではない）","rank":86,"population":485,"elderly_population":163.0,"elderly_ratio":0.33608247422680415,"centroid_lat":35.439583333333346,"centroid_lon":135.321875,"city_area_fraction":1.0000000000000002,"disclosure_status":"unaffected","primary_eligible":true,"nearest_station_name":"西舞鶴駅","nearest_station_distance_m":822.0038570681836,"nearest_bus_stop_name":"西高前","nearest_bus_stop_distance_m":607.6107067474304,"nearest_public_transport_type":"bus_stop","nearest_public_transport_name":"西高前","nearest_public_transport_distance_m":607.6107067474304,"nearest_medical_name":"藤井内科医院","nearest_medical_distance_m":621.9713886276198,"nearest_medical_access_class":"likely_public","nearest_hospital_name":"舞鶴赤十字病院","nearest_hospital_distance_m":1503.0059860818562,"elderly_population_percentile":0.8286713286713286,"transport_distance_percentile":0.583916083916084,"medical_distance_percentile":0.2517482517482518,"exploratory_score_c":0.1218145637432644,"pareto_frontier":true},"geometry":{"type":"Polygon","coordinates":[[[135.31875,35.4375],[135.325,35.4375],[135.325,35.44166666666668],[135.31875,35.44166666666668],[135.31875,35.4375]]]},"id":"533512254"},{"type":"Feature","properties":{"mesh_code":"533512261","area_label":"西高前バス停周辺","area_label_basis":"最寄りの実在公共交通名称（行政地名ではない）","rank":134,"population":1230,"elderly_population":292.0,"elderly_ratio":0.23739837398373984,"centroid_lat":35.43541666666667,"centroid_lon":135.328125,"city_area_fraction":1.0,"disclosure_status":"unaffected","primary_eligible":true,"nearest_station_name":"西舞鶴駅","nearest_station_distance_m":733.4020624728137,"nearest_bus_stop_name":"西高前","nearest_bus_stop_distance_m":357.43647138685685,"nearest_public_transport_type":"bus_stop","nearest_public_transport_name":"西高前","nearest_public_transport_distance_m":357.43647138685685,"nearest_medical_name":"井上耳鼻いんこう科","nearest_medical_distance_m":409.3611939412069,"nearest_medical_access_class":"likely_public","nearest_hospital_name":"舞鶴赤十字病院","nearest_hospital_distance_m":1323.918896879486,"elderly_population_percentile":0.9335664335664337,"transport_distance_percentile":0.3881118881118881,"medical_distance_percentile":0.1713286713286713,"exploratory_score_c":0.0620772144379655,"pareto_frontier":false},"geometry":{"type":"Polygon","coordinates":[[[135.325,35.43333333333334],[135.33125,35.43333333333334],[135.33125,35.4375],[135.325,35.4375],[135.325,35.43333333333334]]]},"id":"533512261"},{"type":"Feature","properties":{"mesh_code":"533512262","area_label":"西高前バス停周辺","area_label_basis":"最寄りの実在公共交通名称（行政地名ではない）","rank":109,"population":1129,"elderly_population":221.0,"elderly_ratio":0.19574844995571303,"centroid_lat":35.43541666666667,"centroid_lon":135.334375,"city_area_fraction":1.0,"disclosure_status":"unaffected","primary_eligible":true,"nearest_station_name":"西舞鶴駅","nearest_station_distance_m":781.5203565161822,"nearest_bus_stop_name":"西高前","nearest_bus_stop_distance_m":644.0610364271614,"nearest_public_transport_type":"bus_stop","nearest_public_transport_name":"西高前","nearest_public_transport_distance_m":644.0610364271614,"nearest_medical_name":"井上耳鼻いんこう科","nearest_medical_distance_m":409.4994473361805,"nearest_medical_access_class":"likely_public","nearest_hospital_name":"舞鶴赤十字病院","nearest_hospital_distance_m":1069.3567415351195,"elderly_population_percentile":0.8881118881118881,"transport_distance_percentile":0.6223776223776224,"medical_distance_percentile":0.1748251748251748,"exploratory_score_c":0.0966330358965695,"pareto_frontier":true},"geometry":{"type":"Polygon","coordinates":[[[135.33125,35.43333333333334],[135.3375,35.43333333333334],[135.3375,35.4375],[135.33125,35.4375],[135.33125,35.43333333333334]]]},"id":"533512262"},{"type":"Feature","properties":{"mesh_code":"533512263","area_label":"西高前バス停周辺","area_label_basis":"最寄りの実在公共交通名称（行政地名ではない）","rank":216,"population":1100,"elderly_population":335.0,"elderly_ratio":0.30454545454545456,"centroid_lat":35.439583333333346,"centroid_lon":135.328125,"city_area_fraction":1.0,"disclosure_status":"unaffected","primary_eligible":true,"nearest_station_name":"西舞鶴駅","nearest_station_distance_m":323.4117213154296,"nearest_bus_stop_name":"西高前","nearest_bus_stop_distance_m":110.53543204709044,"nearest_public_transport_type":"bus_stop","nearest_public_transport_name":"西高前","nearest_public_transport_distance_m":110.53543204709044,"nearest_medical_name":"藤井内科医院","nearest_medical_distance_m":60.2365368364778,"nearest_medical_access_class":"likely_public","nearest_hospital_name":"舞鶴赤十字病院","nearest_hospital_distance_m":1002.9247689632836,"elderly_population_percentile":0.9667832167832168,"transport_distance_percentile":0.0664335664335664,"medical_distance_percentile":0.0069930069930069,"exploratory_score_c":0.0004491388605526,"pareto_frontier":false},"geometry":{"type":"Polygon","coordinates":[[[135.325,35.4375],[135.33125,35.4375],[135.33125,35.44166666666668],[135.325,35.44166666666668],[135.325,35.4375]]]},"id":"533512263"},{"type":"Feature","properties":{"mesh_code":"533512264","area_label":"西舞鶴駅周辺","area_label_basis":"最寄りの実在公共交通名称（行政地名ではない）","rank":183,"population":631,"elderly_population":170.0,"elderly_ratio":0.2694136291600634,"centroid_lat":35.439583333333346,"centroid_lon":135.334375,"city_area_fraction":1.0,"disclosure_status":"unaffected","primary_eligible":true,"nearest_station_name":"西舞鶴駅","nearest_station_distance_m":421.29234001675223,"nearest_bus_stop_name":"西舞鶴駅前","nearest_bus_stop_distance_m":526.1617445352632,"nearest_public_transport_type":"station","nearest_public_transport_name":"西舞鶴駅","nearest_public_transport_distance_m":421.29234001675223,"nearest_medical_name":"医療法人秀仁会さくら眼科米田クリニック","nearest_medical_distance_m":140.69695611481558,"nearest_medical_access_class":"likely_public","nearest_hospital_name":"舞鶴赤十字病院","nearest_hospital_distance_m":629.8037096088486,"elderly_population_percentile":0.8356643356643356,"transport_distance_percentile":0.4370629370629371,"medical_distance_percentile":0.0524475524475524,"exploratory_score_c":0.0191558343851854,"pareto_frontier":false},"geometry":{"type":"Polygon","coordinates":[[[135.33125,35.4375],[135.3375,35.4375],[135.3375,35.44166666666668],[135.33125,35.44166666666668],[135.33125,35.4375]]]},"id":"533512264"},{"type":"Feature","properties":{"mesh_code":"533512271","area_label":"倉谷西バス停周辺","area_label_basis":"最寄りの実在公共交通名称（行政地名ではない）","rank":null,"population":14,"elderly_population":null,"elderly_ratio":null,"centroid_lat":35.43541666666667,"centroid_lon":135.340625,"city_area_fraction":1.0,"disclosure_status":"aggregation_destination","primary_eligible":false,"nearest_station_name":"西舞鶴駅","nearest_station_distance_m":1152.2536139401345,"nearest_bus_stop_name":"倉谷西","nearest_bus_stop_distance_m":1084.9004481432544,"nearest_public_transport_type":"bus_stop","nearest_public_transport_name":"倉谷西","nearest_public_transport_distance_m":1084.9004481432544,"nearest_medical_name":"医療法人秀仁会さくら眼科米田クリニック","nearest_medical_distance_m":872.2326791770478,"nearest_medical_access_class":"likely_public","nearest_hospital_name":"市立舞鶴市民病院","nearest_hospital_distance_m":1013.3533114719345,"elderly_population_percentile":null,"transport_distance_percentile":null,"medical_distance_percentile":null,"exploratory_score_c":null,"pareto_frontier":null},"geometry":{"type":"Polygon","coordinates":[[[135.3375,35.43333333333334],[135.34375,35.43333333333334],[135.34375,35.4375],[135.3375,35.4375],[135.3375,35.43333333333334]]]},"id":"533512271"},{"type":"Feature","properties":{"mesh_code":"533512273","area_label":"倉谷西バス停周辺","area_label_basis":"最寄りの実在公共交通名称（行政地名ではない）","rank":null,"population":3,"elderly_population":null,"elderly_ratio":null,"centroid_lat":35.439583333333346,"centroid_lon":135.340625,"city_area_fraction":1.0,"disclosure_status":"suppressed_source","primary_eligible":false,"nearest_station_name":"西舞鶴駅","nearest_station_distance_m":945.708720535029,"nearest_bus_stop_name":"倉谷西","nearest_bus_stop_distance_m":623.9283848366438,"nearest_public_transport_type":"bus_stop","nearest_public_transport_name":"倉谷西","nearest_public_transport_distance_m":623.9283848366438,"nearest_medical_name":"市立舞鶴市民病院","nearest_medical_distance_m":563.2470623045403,"nearest_medical_access_class":"likely_public","nearest_hospital_name":"市立舞鶴市民病院","nearest_hospital_distance_m":563.2470623045403,"elderly_population_percentile":null,"transport_distance_percentile":null,"medical_distance_percentile":null,"exploratory_score_c":null,"pareto_frontier":null},"geometry":{"type":"Polygon","coordinates":[[[135.3375,35.4375],[135.34375,35.4375],[135.34375,35.44166666666668],[135.3375,35.44166666666668],[135.3375,35.4375]]]},"id":"533512273"},{"type":"Feature","properties":{"mesh_code":"533512274","area_label":"福来西バス停周辺","area_label_basis":"最寄りの実在公共交通名称（行政地名ではない）","rank":null,"population":6,"elderly_population":null,"elderly_ratio":null,"centroid_lat":35.439583333333346,"centroid_lon":135.346875,"city_area_fraction":1.0000000000000002,"disclosure_status":"suppressed_source","primary_eligible":false,"nearest_station_name":"西舞鶴駅","nearest_station_distance_m":1501.7412442282994,"nearest_bus_stop_name":"福来西","nearest_bus_stop_distance_m":712.346158230271,"nearest_public_transport_type":"bus_stop","nearest_public_transport_name":"福来西","nearest_public_transport_distance_m":712.346158230271,"nearest_medical_name":"京都府中丹東保健所","nearest_medical_distance_m":867.8987291428579,"nearest_medical_access_class":"likely_public","nearest_hospital_name":"市立舞鶴市民病院","nearest_hospital_distance_m":913.2755158577164,"elderly_population_percentile":null,"transport_distance_percentile":null,"medical_distance_percentile":null,"exploratory_score_c":null,"pareto_frontier":null},"geometry":{"type":"Polygon","coordinates":[[[135.34375,35.4375],[135.35,35.4375],[135.35,35.44166666666668],[135.34375,35.44166666666668],[135.34375,35.4375]]]},"id":"533512274"},{"type":"Feature","properties":{"mesh_code":"533512301","area_label":"小津田バス停周辺","area_label_basis":"最寄りの実在公共交通名称（行政地名ではない）","rank":null,"population":8,"elderly_population":null,"elderly_ratio":null,"centroid_lat":35.44375,"centroid_lon":135.253125,"city_area_fraction":1.0000000000000002,"disclosure_status":"suppressed_source","primary_eligible":false,"nearest_station_name":"四所駅","nearest_station_distance_m":3408.444687925222,"nearest_bus_stop_name":"小津田","nearest_bus_stop_distance_m":479.7675550362654,"nearest_public_transport_type":"bus_stop","nearest_public_transport_name":"小津田","nearest_public_transport_distance_m":479.7675550362654,"nearest_medical_name":"市立舞鶴市民病院加佐診療所","nearest_medical_distance_m":1400.0874524876842,"nearest_medical_access_class":"likely_public","nearest_hospital_name":"舞鶴赤十字病院","nearest_hospital_distance_m":7630.430043123948,"elderly_population_percentile":null,"transport_distance_percentile":null,"medical_distance_percentile":null,"exploratory_score_c":null,"pareto_frontier":null},"geometry":{"type":"Polygon","coordinates":[[[135.25,35.44166666666667],[135.25625,35.44166666666667],[135.25625,35.44583333333334],[135.25,35.44583333333334],[135.25,35.44166666666667]]]},"id":"533512301"},{"type":"Feature","properties":{"mesh_code":"533512302","area_label":"小津田バス停周辺","area_label_basis":"最寄りの実在公共交通名称（行政地名ではない）","rank":null,"population":18,"elderly_population":null,"elderly_ratio":null,"centroid_lat":35.44375,"centroid_lon":135.259375,"city_area_fraction":1.0,"disclosure_status":"aggregation_destination","primary_eligible":false,"nearest_station_name":"四所駅","nearest_station_distance_m":2843.0494450652886,"nearest_bus_stop_name":"小津田","nearest_bus_stop_distance_m":203.2215081672769,"nearest_public_transport_type":"bus_stop","nearest_public_transport_name":"小津田","nearest_public_transport_distance_m":203.2215081672769,"nearest_medical_name":"市立舞鶴市民病院加佐診療所","nearest_medical_distance_m":1115.364880082738,"nearest_medical_access_class":"likely_public","nearest_hospital_name":"舞鶴赤十字病院","nearest_hospital_distance_m":7063.073794847038,"elderly_population_percentile":null,"transport_distance_percentile":null,"medical_distance_percentile":null,"exploratory_score_c":null,"pareto_frontier":null},"geometry":{"type":"Polygon","coordinates":[[[135.25625,35.44166666666667],[135.2625,35.44166666666667],[135.2625,35.44583333333334],[135.25625,35.44583333333334],[135.25625,35.44166666666667]]]},"id":"533512302"},{"type":"Feature","properties":{"mesh_code":"533512304","area_label":"大川バス停周辺","area_label_basis":"最寄りの実在公共交通名称（行政地名ではない）","rank":null,"population":19,"elderly_population":15.0,"elderly_ratio":0.7894736842105263,"centroid_lat":35.44791666666667,"centroid_lon":135.259375,"city_area_fraction":1.0,"disclosure_status":"unaffected","primary_eligible":false,"nearest_station_name":"四所駅","nearest_station_distance_m":2837.8275598623322,"nearest_bus_stop_name":"大川","nearest_bus_stop_distance_m":190.3170540213378,"nearest_public_transport_type":"bus_stop","nearest_public_transport_name":"大川","nearest_public_transport_distance_m":190.3170540213378,"nearest_medical_name":"市立舞鶴市民病院加佐診療所","nearest_medical_distance_m":691.2581325036692,"nearest_medical_access_class":"likely_public","nearest_hospital_name":"舞鶴赤十字病院","nearest_hospital_distance_m":7070.524266886964,"elderly_population_percentile":0.3339160839160839,"transport_distance_percentile":0.1783216783216783,"medical_distance_percentile":0.3111888111888112,"exploratory_score_c":0.0185295748556788,"pareto_frontier":false},"geometry":{"type":"Polygon","coordinates":[[[135.25625,35.44583333333334],[135.2625,35.44583333333334],[135.2625,35.45],[135.25625,35.45],[135.25625,35.44583333333334]]]},"id":"533512304"},{"type":"Feature","properties":{"mesh_code":"533512311","area_label":"大川バス停周辺","area_label_basis":"最寄りの実在公共交通名称（行政地名ではない）","rank":66,"population":82,"elderly_population":44.0,"elderly_ratio":0.5365853658536586,"centroid_lat":35.44375,"centroid_lon":135.265625,"city_area_fraction":1.0,"disclosure_status":"unaffected","primary_eligible":true,"nearest_station_name":"四所駅","nearest_station_distance_m":2278.6618188056377,"nearest_bus_stop_name":"大川","nearest_bus_stop_distance_m":570.188667034912,"nearest_public_transport_type":"bus_stop","nearest_public_transport_name":"大川","nearest_public_transport_distance_m":570.188667034912,"nearest_medical_name":"市立舞鶴市民病院加佐診療所","nearest_medical_distance_m":1082.454382934751,"nearest_medical_access_class":"likely_public","nearest_hospital_name":"舞鶴赤十字病院","nearest_hospital_distance_m":6495.730120321468,"elderly_population_percentile":0.6048951048951049,"transport_distance_percentile":0.5594405594405595,"medical_distance_percentile":0.4755244755244755,"exploratory_score_c":0.1609188405608768,"pareto_frontier":false},"geometry":{"type":"Polygon","coordinates":[[[135.2625,35.44166666666667],[135.26875,35.44166666666667],[135.26875,35.44583333333334],[135.2625,35.44583333333334],[135.2625,35.44166666666667]]]},"id":"533512311"},{"type":"Feature","properties":{"mesh_code":"533512313","area_label":"大川バス停周辺","area_label_basis":"最寄りの実在公共交通名称（行政地名ではない）","rank":null,"population":11,"elderly_population":null,"elderly_ratio":null,"centroid_lat":35.44791666666667,"centroid_lon":135.265625,"city_area_fraction":1.0000000000000002,"disclosure_status":"suppressed_source","primary_eligible":false,"nearest_station_name":"四所駅","nearest_station_distance_m":2272.1760087095663,"nearest_bus_stop_name":"大川","nearest_bus_stop_distance_m":382.8020613678551,"nearest_public_transport_type":"bus_stop","nearest_public_transport_name":"大川","nearest_public_transport_distance_m":382.8020613678551,"nearest_medical_name":"市立舞鶴市民病院加佐診療所","nearest_medical_distance_m":636.7973982871582,"nearest_medical_access_class":"likely_public","nearest_hospital_name":"舞鶴赤十字病院","nearest_hospital_distance_m":6503.861019752138,"elderly_population_percentile":null,"transport_distance_percentile":null,"medical_distance_percentile":null,"exploratory_score_c":null,"pareto_frontier":null},"geometry":{"type":"Polygon","coordinates":[[[135.2625,35.44583333333334],[135.26875,35.44583333333334],[135.26875,35.45],[135.2625,35.45],[135.2625,35.44583333333334]]]},"id":"533512313"},{"type":"Feature","properties":{"mesh_code":"533512314","area_label":"藤津バス停周辺","area_label_basis":"最寄りの実在公共交通名称（行政地名ではない）","rank":null,"population":3,"elderly_population":null,"elderly_ratio":null,"centroid_lat":35.44791666666667,"centroid_lon":135.271875,"city_area_fraction":1.0,"disclosure_status":"aggregation_destination","primary_eligible":false,"nearest_station_name":"四所駅","nearest_station_distance_m":1707.6890643679394,"nearest_bus_stop_name":"藤津","nearest_bus_stop_distance_m":332.20487130941075,"nearest_public_transport_type":"bus_stop","nearest_public_transport_name":"藤津","nearest_public_transport_distance_m":332.20487130941075,"nearest_medical_name":"市立舞鶴市民病院加佐診療所","nearest_medical_distance_m":988.4451327023775,"nearest_medical_access_class":"likely_public","nearest_hospital_name":"舞鶴赤十字病院","nearest_hospital_distance_m":5937.340942444693,"elderly_population_percentile":null,"transport_distance_percentile":null,"medical_distance_percentile":null,"exploratory_score_c":null,"pareto_frontier":null},"geometry":{"type":"Polygon","coordinates":[[[135.26875,35.44583333333334],[135.275,35.44583333333334],[135.275,35.45],[135.26875,35.45],[135.26875,35.44583333333334]]]},"id":"533512314"},{"type":"Feature","properties":{"mesh_code":"533512323","area_label":"ふじつ温泉前バス停周辺","area_label_basis":"最寄りの実在公共交通名称（行政地名ではない）","rank":null,"population":8,"elderly_population":null,"elderly_ratio":null,"centroid_lat":35.44791666666667,"centroid_lon":135.278125,"city_area_fraction":1.0000000000000002,"disclosure_status":"suppressed_source","primary_eligible":false,"nearest_station_name":"四所駅","nearest_station_distance_m":1146.0880576665422,"nearest_bus_stop_name":"ふじつ温泉前","nearest_bus_stop_distance_m":183.47455680235393,"nearest_public_transport_type":"bus_stop","nearest_public_transport_name":"ふじつ温泉前","nearest_public_transport_distance_m":183.47455680235393,"nearest_medical_name":"市立舞鶴市民病院加佐診療所","nearest_medical_distance_m":1480.6669366176218,"nearest_medical_access_class":"likely_public","nearest_hospital_name":"舞鶴赤十字病院","nearest_hospital_distance_m":5371.009169210251,"elderly_population_percentile":null,"transport_distance_percentile":null,"medical_distance_percentile":null,"exploratory_score_c":null,"pareto_frontier":null},"geometry":{"type":"Polygon","coordinates":[[[135.275,35.44583333333334],[135.28125,35.44583333333334],[135.28125,35.45],[135.275,35.45],[135.275,35.44583333333334]]]},"id":"533512323"},{"type":"Feature","properties":{"mesh_code":"533512324","area_label":"一盃水バス停周辺","area_label_basis":"最寄りの実在公共交通名称（行政地名ではない）","rank":null,"population":61,"elderly_population":null,"elderly_ratio":null,"centroid_lat":35.44791666666667,"centroid_lon":135.284375,"city_area_fraction":1.0,"disclosure_status":"aggregation_destination","primary_eligible":false,"nearest_station_name":"四所駅","nearest_station_distance_m":595.5919047333258,"nearest_bus_stop_name":"一盃水","nearest_bus_stop_distance_m":134.40112427731233,"nearest_public_transport_type":"bus_stop","nearest_public_transport_name":"一盃水","nearest_public_transport_distance_m":134.40112427731233,"nearest_medical_name":"市立舞鶴市民病院加佐診療所","nearest_medical_distance_m":2012.8491112178988,"nearest_medical_access_class":"likely_public","nearest_hospital_name":"舞鶴赤十字病院","nearest_hospital_distance_m":4804.932096137274,"elderly_population_percentile":null,"transport_distance_percentile":null,"medical_distance_percentile":null,"exploratory_score_c":null,"pareto_frontier":null},"geometry":{"type":"Polygon","coordinates":[[[135.28125,35.44583333333334],[135.2875,35.44583333333334],[135.2875,35.45],[135.28125,35.45],[135.28125,35.44583333333334]]]},"id":"533512324"},{"type":"Feature","properties":{"mesh_code":"533512331","area_label":"四所駅周辺","area_label_basis":"最寄りの実在公共交通名称（行政地名ではない）","rank":127,"population":48,"elderly_population":15.0,"elderly_ratio":0.3125,"centroid_lat":35.44375,"centroid_lon":135.290625,"city_area_fraction":1.0,"disclosure_status":"unaffected","primary_eligible":true,"nearest_station_name":"四所駅","nearest_station_distance_m":262.84504692420705,"nearest_bus_stop_name":"四所","nearest_bus_stop_distance_m":424.7759308884387,"nearest_public_transport_type":"station","nearest_public_transport_name":"四所駅","nearest_public_transport_distance_m":262.84504692420705,"nearest_medical_name":"国土交通省共済組合第八管区 海上保安本部支部診療所","nearest_medical_distance_m":2556.3479828136865,"nearest_medical_access_class":"likely_public","nearest_hospital_name":"舞鶴赤十字病院","nearest_hospital_distance_m":4226.5781092246025,"elderly_population_percentile":0.3339160839160839,"transport_distance_percentile":0.2797202797202797,"medical_distance_percentile":0.7762237762237763,"exploratory_score_c":0.0725017073004749,"pareto_frontier":false},"geometry":{"type":"Polygon","coordinates":[[[135.2875,35.44166666666667],[135.29375,35.44166666666667],[135.29375,35.44583333333334],[135.2875,35.44583333333334],[135.2875,35.44166666666667]]]},"id":"533512331"},{"type":"Feature","properties":{"mesh_code":"533512332","area_label":"上福井バス停周辺","area_label_basis":"最寄りの実在公共交通名称（行政地名ではない）","rank":100,"population":258,"elderly_population":89.0,"elderly_ratio":0.3449612403100775,"centroid_lat":35.44375,"centroid_lon":135.296875,"city_area_fraction":1.0,"disclosure_status":"unaffected","primary_eligible":true,"nearest_station_name":"四所駅","nearest_station_distance_m":630.9540579958947,"nearest_bus_stop_name":"上福井","nearest_bus_stop_distance_m":204.99631716078486,"nearest_public_transport_type":"bus_stop","nearest_public_transport_name":"上福井","nearest_public_transport_distance_m":204.99631716078486,"nearest_medical_name":"国土交通省共済組合第八管区 海上保安本部支部診療所","nearest_medical_distance_m":2022.0015190659756,"nearest_medical_access_class":"likely_public","nearest_hospital_name":"舞鶴赤十字病院","nearest_hospital_distance_m":3659.3963351516686,"elderly_population_percentile":0.7097902097902098,"transport_distance_percentile":0.2097902097902098,"medical_distance_percentile":0.6993006993006993,"exploratory_score_c":0.1041307951181294,"pareto_frontier":true},"geometry":{"type":"Polygon","coordinates":[[[135.29375,35.44166666666667],[135.3,35.44166666666667],[135.3,35.44583333333334],[135.29375,35.44583333333334],[135.29375,35.44166666666667]]]},"id":"533512332"},{"type":"Feature","properties":{"mesh_code":"533512333","area_label":"四所バス停周辺","area_label_basis":"最寄りの実在公共交通名称（行政地名ではない）","rank":205,"population":25,"elderly_population":15.0,"elderly_ratio":0.6,"centroid_lat":35.44791666666667,"centroid_lon":135.290625,"city_area_fraction":1.0,"disclosure_status":"unaffected","primary_eligible":true,"nearest_station_name":"四所駅","nearest_station_distance_m":199.58912266529856,"nearest_bus_stop_name":"四所","nearest_bus_stop_distance_m":38.756812919052834,"nearest_public_transport_type":"bus_stop","nearest_public_transport_name":"四所","nearest_public_transport_distance_m":38.756812919052834,"nearest_medical_name":"国土交通省共済組合第八管区 海上保安本部支部診療所","nearest_medical_distance_m":2458.0409166478476,"nearest_medical_access_class":"likely_public","nearest_hospital_name":"舞鶴赤十字病院","nearest_hospital_distance_m":4239.21154701216,"elderly_population_percentile":0.3339160839160839,"transport_distance_percentile":0.0139860139860139,"medical_distance_percentile":0.7622377622377622,"exploratory_score_c":0.0035597685115998,"pareto_frontier":false},"geometry":{"type":"Polygon","coordinates":[[[135.2875,35.44583333333334],[135.29375,35.44583333333334],[135.29375,35.45],[135.2875,35.45],[135.2875,35.44583333333334]]]},"id":"533512333"},{"type":"Feature","properties":{"mesh_code":"533512334","area_label":"上福井バス停周辺","area_label_basis":"最寄りの実在公共交通名称（行政地名ではない）","rank":90,"population":92,"elderly_population":30.0,"elderly_ratio":0.32608695652173914,"centroid_lat":35.44791666666667,"centroid_lon":135.296875,"city_area_fraction":1.0,"disclosure_status":"unaffected","primary_eligible":true,"nearest_station_name":"四所駅","nearest_station_distance_m":607.3173722566062,"nearest_bus_stop_name":"上福井","nearest_bus_stop_distance_m":293.6439376364264,"nearest_public_transport_type":"bus_stop","nearest_public_transport_name":"上福井","nearest_public_transport_distance_m":293.6439376364264,"nearest_medical_name":"国土交通省共済組合第八管区 海上保安本部支部診療所","nearest_medical_distance_m":1896.2243582860187,"nearest_medical_access_class":"likely_public","nearest_hospital_name":"舞鶴赤十字病院","nearest_hospital_distance_m":3674.0119766134353,"elderly_population_percentile":0.5384615384615384,"transport_distance_percentile":0.3251748251748251,"medical_distance_percentile":0.6818181818181818,"exploratory_score_c":0.1193823658858623,"pareto_frontier":false},"geometry":{"type":"Polygon","coordinates":[[[135.29375,35.44583333333334],[135.3,35.44583333333334],[135.3,35.45],[135.29375,35.45],[135.29375,35.44583333333334]]]},"id":"533512334"},{"type":"Feature","properties":{"mesh_code":"533512343","area_label":"福井小学校口バス停周辺","area_label_basis":"最寄りの実在公共交通名称（行政地名ではない）","rank":82,"population":233,"elderly_population":85.0,"elderly_ratio":0.3648068669527897,"centroid_lat":35.44791666666667,"centroid_lon":135.303125,"city_area_fraction":1.0,"disclosure_status":"unaffected","primary_eligible":true,"nearest_station_name":"四所駅","nearest_station_distance_m":1158.3279782246557,"nearest_bus_stop_name":"福井小学校口","nearest_bus_stop_distance_m":288.79290171976805,"nearest_public_transport_type":"bus_stop","nearest_public_transport_name":"福井小学校口","nearest_public_transport_distance_m":288.79290171976805,"nearest_medical_name":"国土交通省共済組合第八管区 海上保安本部支部診療所","nearest_medical_distance_m":1339.1137757869292,"nearest_medical_access_class":"likely_public","nearest_hospital_name":"舞鶴赤十字病院","nearest_hospital_distance_m":3109.617193706766,"elderly_population_percentile":0.7062937062937062,"transport_distance_percentile":0.3146853146853147,"medical_distance_percentile":0.5664335664335665,"exploratory_score_c":0.1258956701765641,"pareto_frontier":false},"geometry":{"type":"Polygon","coordinates":[[[135.3,35.44583333333334],[135.30625,35.44583333333334],[135.30625,35.45],[135.3,35.45],[135.3,35.44583333333334]]]},"id":"533512343"},{"type":"Feature","properties":{"mesh_code":"533512344","area_label":"福井小学校口バス停周辺","area_label_basis":"最寄りの実在公共交通名称（行政地名ではない）","rank":118,"population":421,"elderly_population":131.0,"elderly_ratio":0.31116389548693585,"centroid_lat":35.44791666666667,"centroid_lon":135.309375,"city_area_fraction":0.9999999999999998,"disclosure_status":"unaffected","primary_eligible":true,"nearest_station_name":"四所駅","nearest_station_distance_m":1720.0296651729052,"nearest_bus_stop_name":"福井小学校口","nearest_bus_stop_distance_m":278.6765336226648,"nearest_public_transport_type":"bus_stop","nearest_public_transport_name":"福井小学校口","nearest_public_transport_distance_m":278.6765336226648,"nearest_medical_name":"国土交通省共済組合第八管区 海上保安本部支部診療所","nearest_medical_distance_m":796.6430113411278,"nearest_medical_access_class":"likely_public","nearest_hospital_name":"舞鶴赤十字病院","nearest_hospital_distance_m":2546.5620099407265,"elderly_population_percentile":0.791958041958042,"transport_distance_percentile":0.2972027972027972,"medical_distance_percentile":0.3601398601398601,"exploratory_score_c":0.0847668915025509,"pareto_frontier":false},"geometry":{"type":"Polygon","coordinates":[[[135.30625,35.44583333333334],[135.3125,35.44583333333334],[135.3125,35.45],[135.30625,35.45],[135.30625,35.44583333333334]]]},"id":"533512344"},{"type":"Feature","properties":{"mesh_code":"533512352","area_label":"千日前バス停周辺","area_label_basis":"最寄りの実在公共交通名称（行政地名ではない）","rank":116,"population":259,"elderly_population":77.0,"elderly_ratio":0.2972972972972973,"centroid_lat":35.44375,"centroid_lon":135.321875,"city_area_fraction":1.0,"disclosure_status":"unaffected","primary_eligible":true,"nearest_station_name":"西舞鶴駅","nearest_station_distance_m":818.3810926888868,"nearest_bus_stop_name":"千日前","nearest_bus_stop_distance_m":624.0944360921821,"nearest_public_transport_type":"bus_stop","nearest_public_transport_name":"千日前","nearest_public_transport_distance_m":624.0944360921821,"nearest_medical_name":"いいだクリニック","nearest_medical_distance_m":497.137808133289,"nearest_medical_access_class":"likely_public","nearest_hospital_name":"舞鶴赤十字病院","nearest_hospital_distance_m":1392.6336692395405,"elderly_population_percentile":0.6713286713286714,"transport_distance_percentile":0.6013986013986014,"medical_distance_percentile":0.2132867132867132,"exploratory_score_c":0.0861115509264563,"pareto_frontier":false},"geometry":{"type":"Polygon","coordinates":[[[135.31875,35.44166666666667],[135.325,35.44166666666667],[135.325,35.44583333333334],[135.31875,35.44583333333334],[135.31875,35.44166666666667]]]},"id":"533512352"},{"type":"Feature","properties":{"mesh_code":"533512353","area_label":"舞鶴港とれとれセンター前バス停周辺","area_label_basis":"最寄りの実在公共交通名称（行政地名ではない）","rank":177,"population":193,"elderly_population":81.0,"elderly_ratio":0.41968911917098445,"centroid_lat":35.44791666666667,"centroid_lon":135.315625,"city_area_fraction":0.9999999999999998,"disclosure_status":"unaffected","primary_eligible":true,"nearest_station_name":"西舞鶴駅","nearest_station_distance_m":1518.5965718350146,"nearest_bus_stop_name":"舞鶴港とれとれセンター前","nearest_bus_stop_distance_m":215.25422245420427,"nearest_public_transport_type":"bus_stop","nearest_public_transport_name":"舞鶴港とれとれセンター前","nearest_public_transport_distance_m":215.25422245420427,"nearest_medical_name":"国土交通省共済組合第八管区 海上保安本部支部診療所","nearest_medical_distance_m":346.27772205016925,"nearest_medical_access_class":"likely_public","nearest_hospital_name":"舞鶴赤十字病院","nearest_hospital_distance_m":1985.9857069385878,"elderly_population_percentile":0.6853146853146853,"transport_distance_percentile":0.2202797202797203,"medical_distance_percentile":0.1468531468531468,"exploratory_score_c":0.0221690872089424,"pareto_frontier":false},"geometry":{"type":"Polygon","coordinates":[[[135.3125,35.44583333333334],[135.31875,35.44583333333334],[135.31875,35.45],[135.3125,35.45],[135.3125,35.44583333333334]]]},"id":"533512353"},{"type":"Feature","properties":{"mesh_code":"533512354","area_label":"西町バス停周辺","area_label_basis":"最寄りの実在公共交通名称（行政地名ではない）","rank":166,"population":474,"elderly_population":180.0,"elderly_ratio":0.379746835443038,"centroid_lat":35.44791666666667,"centroid_lon":135.321875,"city_area_fraction":0.9999999999999998,"disclosure_status":"unaffected","primary_eligible":true,"nearest_station_name":"西舞鶴駅","nearest_station_distance_m":1044.5938347098272,"nearest_bus_stop_name":"西町","nearest_bus_stop_distance_m":341.63578259485473,"nearest_public_transport_type":"bus_stop","nearest_public_transport_name":"西町","nearest_public_transport_distance_m":341.63578259485473,"nearest_medical_name":"いいだクリニック","nearest_medical_distance_m":221.69863616936814,"nearest_medical_access_class":"likely_public","nearest_hospital_name":"舞鶴赤十字病院","nearest_hospital_distance_m":1430.804273483836,"elderly_population_percentile":0.8426573426573427,"transport_distance_percentile":0.3776223776223776,"medical_distance_percentile":0.0979020979020979,"exploratory_score_c":0.0311530613256859,"pareto_frontier":false},"geometry":{"type":"Polygon","coordinates":[[[135.31875,35.44583333333334],[135.325,35.44583333333334],[135.325,35.45],[135.31875,35.45],[135.31875,35.44583333333334]]]},"id":"533512354"},{"type":"Feature","properties":{"mesh_code":"533512361","area_label":"千日前バス停周辺","area_label_basis":"最寄りの実在公共交通名称（行政地名ではない）","rank":215,"population":1223,"elderly_population":429.0,"elderly_ratio":0.3507767784137367,"centroid_lat":35.44375,"centroid_lon":135.328125,"city_area_fraction":0.9999999999999998,"disclosure_status":"unaffected","primary_eligible":true,"nearest_station_name":"西舞鶴駅","nearest_station_distance_m":314.13667236801246,"nearest_bus_stop_name":"千日前","nearest_bus_stop_distance_m":163.80467894627742,"nearest_public_transport_type":"bus_stop","nearest_public_transport_name":"千日前","nearest_public_transport_distance_m":163.80467894627742,"nearest_medical_name":"医療法人鶴洋会河﨑内科医院","nearest_medical_distance_m":20.09678804020568,"nearest_medical_access_class":"likely_public","nearest_hospital_name":"舞鶴赤十字病院","nearest_hospital_distance_m":828.447034310559,"elderly_population_percentile":0.9965034965034965,"transport_distance_percentile":0.1433566433566433,"medical_distance_percentile":0.0034965034965034,"exploratory_score_c":0.0004994943928388,"pareto_frontier":true},"geometry":{"type":"Polygon","coordinates":[[[135.325,35.44166666666667],[135.33125,35.44166666666667],[135.33125,35.44583333333334],[135.325,35.44583333333334],[135.325,35.44166666666667]]]},"id":"533512361"},{"type":"Feature","properties":{"mesh_code":"533512362","area_label":"東田辺バス停周辺","area_label_basis":"最寄りの実在公共交通名称（行政地名ではない）","rank":211,"population":1074,"elderly_population":320.0,"elderly_ratio":0.297951582867784,"centroid_lat":35.44375,"centroid_lon":135.334375,"city_area_fraction":0.9999999999999998,"disclosure_status":"unaffected","primary_eligible":true,"nearest_station_name":"西舞鶴駅","nearest_station_distance_m":414.21032320177375,"nearest_bus_stop_name":"東田辺","nearest_bus_stop_distance_m":147.8574957551451,"nearest_public_transport_type":"bus_stop","nearest_public_transport_name":"東田辺","nearest_public_transport_distance_m":147.8574957551451,"nearest_medical_name":"医療法人虹樹会 おおえ乳腺クリニック","nearest_medical_distance_m":94.64209602778459,"nearest_medical_access_class":"likely_public","nearest_hospital_name":"舞鶴赤十字病院","nearest_hospital_distance_m":277.76028286943534,"elderly_population_percentile":0.944055944055944,"transport_distance_percentile":0.1188811188811188,"medical_distance_percentile":0.0209790209790209,"exploratory_score_c":0.0023544844807498,"pareto_frontier":false},"geometry":{"type":"Polygon","coordinates":[[[135.33125,35.44166666666667],[135.3375,35.44166666666667],[135.3375,35.44583333333334],[135.33125,35.44583333333334],[135.33125,35.44166666666667]]]},"id":"533512362"},{"type":"Feature","properties":{"mesh_code":"533512363","area_label":"本町バス停周辺","area_label_basis":"最寄りの実在公共交通名称（行政地名ではない）","rank":212,"population":895,"elderly_population":334.0,"elderly_ratio":0.37318435754189944,"centroid_lat":35.44791666666667,"centroid_lon":135.328125,"city_area_fraction":1.0,"disclosure_status":"unaffected","primary_eligible":true,"nearest_station_name":"西舞鶴駅","nearest_station_distance_m":721.2070355173856,"nearest_bus_stop_name":"本町","nearest_bus_stop_distance_m":62.73342482680828,"nearest_public_transport_type":"bus_stop","nearest_public_transport_name":"本町","nearest_public_transport_distance_m":62.73342482680828,"nearest_medical_name":"医療法人たなか内科クリニック","nearest_medical_distance_m":176.1061818370378,"nearest_medical_access_class":"likely_public","nearest_hospital_name":"舞鶴赤十字病院","nearest_hospital_distance_m":891.1572899389696,"elderly_population_percentile":0.9615384615384616,"transport_distance_percentile":0.0279720279720279,"medical_distance_percentile":0.0734265734265734,"exploratory_score_c":0.0019748943901714,"pareto_frontier":false},"geometry":{"type":"Polygon","coordinates":[[[135.325,35.44583333333334],[135.33125,35.44583333333334],[135.33125,35.45],[135.325,35.45],[135.325,35.44583333333334]]]},"id":"533512363"},{"type":"Feature","properties":{"mesh_code":"533512364","area_label":"東田辺バス停周辺","area_label_basis":"最寄りの実在公共交通名称（行政地名ではない）","rank":151,"population":701,"elderly_population":206.0,"elderly_ratio":0.29386590584878747,"centroid_lat":35.44791666666667,"centroid_lon":135.334375,"city_area_fraction":1.0000000000000002,"disclosure_status":"unaffected","primary_eligible":true,"nearest_station_name":"西舞鶴駅","nearest_station_distance_m":770.0803961454227,"nearest_bus_stop_name":"東田辺","nearest_bus_stop_distance_m":325.3254761812133,"nearest_public_transport_type":"bus_stop","nearest_public_transport_name":"東田辺","nearest_public_transport_distance_m":325.3254761812133,"nearest_medical_name":"医療法人社団鳥井医院","nearest_medical_distance_m":323.06385966569076,"nearest_medical_access_class":"likely_public","nearest_hospital_name":"舞鶴赤十字病院","nearest_hospital_distance_m":430.13824241851995,"elderly_population_percentile":0.8636363636363636,"transport_distance_percentile":0.3531468531468531,"medical_distance_percentile":0.1398601398601398,"exploratory_score_c":0.0426560089624298,"pareto_frontier":false},"geometry":{"type":"Polygon","coordinates":[[[135.33125,35.44583333333334],[135.3375,35.44583333333334],[135.3375,35.45],[135.33125,35.45],[135.33125,35.44583333333334]]]},"id":"533512364"},{"type":"Feature","properties":{"mesh_code":"533512371","area_label":"倉谷西バス停周辺","area_label_basis":"最寄りの実在公共交通名称（行政地名ではない）","rank":195,"population":561,"elderly_population":256.0,"elderly_ratio":0.4563279857397504,"centroid_lat":35.44375,"centroid_lon":135.340625,"city_area_fraction":1.0,"disclosure_status":"unaffected","primary_eligible":true,"nearest_station_name":"西舞鶴駅","nearest_station_distance_m":942.5555697690411,"nearest_bus_stop_name":"倉谷西","nearest_bus_stop_distance_m":170.096794129985,"nearest_public_transport_type":"bus_stop","nearest_public_transport_name":"倉谷西","nearest_public_transport_distance_m":170.096794129985,"nearest_medical_name":"京都府中丹東保健所","nearest_medical_distance_m":142.86127321770732,"nearest_medical_access_class":"likely_public","nearest_hospital_name":"市立舞鶴市民病院","nearest_hospital_distance_m":187.0249679752372,"elderly_population_percentile":0.9090909090909092,"transport_distance_percentile":0.1538461538461538,"medical_distance_percentile":0.0559440559440559,"exploratory_score_c":0.0078243434886791,"pareto_frontier":false},"geometry":{"type":"Polygon","coordinates":[[[135.3375,35.44166666666667],[135.34375,35.44166666666667],[135.34375,35.44583333333334],[135.3375,35.44583333333334],[135.3375,35.44166666666667]]]},"id":"533512371"},{"type":"Feature","properties":{"mesh_code":"533512372","area_label":"福来西バス停周辺","area_label_basis":"最寄りの実在公共交通名称（行政地名ではない）","rank":133,"population":603,"elderly_population":127.0,"elderly_ratio":0.21061359867330018,"centroid_lat":35.44375,"centroid_lon":135.346875,"city_area_fraction":1.0000000000000002,"disclosure_status":"unaffected","primary_eligible":true,"nearest_station_name":"西舞鶴駅","nearest_station_distance_m":1499.7341957925405,"nearest_bus_stop_name":"福来西","nearest_bus_stop_distance_m":262.7081776272447,"nearest_public_transport_type":"bus_stop","nearest_public_transport_name":"福来西","nearest_public_transport_distance_m":262.7081776272447,"nearest_medical_name":"京都府中丹東保健所","nearest_medical_distance_m":653.2793652516577,"nearest_medical_access_class":"likely_public","nearest_hospital_name":"市立舞鶴市民病院","nearest_hospital_distance_m":742.8168379917063,"elderly_population_percentile":0.7762237762237763,"transport_distance_percentile":0.2762237762237762,"medical_distance_percentile":0.2902097902097902,"exploratory_score_c":0.0622243055980647,"pareto_frontier":false},"geometry":{"type":"Polygon","coordinates":[[[135.34375,35.44166666666667],[135.35,35.44166666666667],[135.35,35.44583333333334],[135.34375,35.44583333333334],[135.34375,35.44166666666667]]]},"id":"533512372"},{"type":"Feature","properties":{"mesh_code":"533512373","area_label":"倉谷西バス停周辺","area_label_basis":"最寄りの実在公共交通名称（行政地名ではない）","rank":170,"population":1059,"elderly_population":329.0,"elderly_ratio":0.31067044381491976,"centroid_lat":35.44791666666667,"centroid_lon":135.340625,"city_area_fraction":1.0,"disclosure_status":"unaffected","primary_eligible":true,"nearest_station_name":"西舞鶴駅","nearest_station_distance_m":1144.476878558464,"nearest_bus_stop_name":"倉谷西","nearest_bus_stop_distance_m":309.7559248791224,"nearest_public_transport_type":"bus_stop","nearest_public_transport_name":"倉谷西","nearest_public_transport_distance_m":309.7559248791224,"nearest_medical_name":"医療法人社団ながうちこころのクリニック","nearest_medical_distance_m":206.12923173719253,"nearest_medical_access_class":"likely_public","nearest_hospital_name":"市立舞鶴市民病院","nearest_hospital_distance_m":424.3572444719309,"elderly_population_percentile":0.9493006993006992,"transport_distance_percentile":0.3321678321678322,"medical_distance_percentile":0.0839160839160839,"exploratory_score_c":0.0264610200303877,"pareto_frontier":false},"geometry":{"type":"Polygon","coordinates":[[[135.3375,35.44583333333334],[135.34375,35.44583333333334],[135.34375,35.45],[135.3375,35.45],[135.3375,35.44583333333334]]]},"id":"533512373"},{"type":"Feature","properties":{"mesh_code":"533512374","area_label":"福来西バス停周辺","area_label_basis":"最寄りの実在公共交通名称（行政地名ではない）","rank":150,"population":740,"elderly_population":237.0,"elderly_ratio":0.3202702702702703,"centroid_lat":35.44791666666667,"centroid_lon":135.346875,"city_area_fraction":1.0,"disclosure_status":"unaffected","primary_eligible":true,"nearest_station_name":"西舞鶴駅","nearest_station_distance_m":1634.1812915716803,"nearest_bus_stop_name":"福来西","nearest_bus_stop_distance_m":240.75460785975258,"nearest_public_transport_type":"bus_stop","nearest_public_transport_name":"福来西","nearest_public_transport_distance_m":240.75460785975258,"nearest_medical_name":"公益社団法人京都保健会まいづる協立診療所","nearest_medical_distance_m":468.4086440630451,"nearest_medical_access_class":"likely_public","nearest_hospital_name":"市立舞鶴市民病院","nearest_hospital_distance_m":834.7759159523462,"elderly_population_percentile":0.902097902097902,"transport_distance_percentile":0.2517482517482518,"medical_distance_percentile":0.1888111888111888,"exploratory_score_c":0.0428793173670673,"pareto_frontier":false},"geometry":{"type":"Polygon","coordinates":[[[135.34375,35.44583333333334],[135.35,35.44583333333334],[135.35,35.45],[135.34375,35.45],[135.34375,35.44583333333334]]]},"id":"533512374"},{"type":"Feature","properties":{"mesh_code":"533512381","area_label":"福来東バス停周辺","area_label_basis":"最寄りの実在公共交通名称（行政地名ではない）","rank":73,"population":262,"elderly_population":78.0,"elderly_ratio":0.29770992366412213,"centroid_lat":35.44375,"centroid_lon":135.353125,"city_area_fraction":1.0,"disclosure_status":"unaffected","primary_eligible":true,"nearest_station_name":"西舞鶴駅","nearest_station_distance_m":2062.5090438069783,"nearest_bus_stop_name":"福来東","nearest_bus_stop_distance_m":510.15636743177885,"nearest_public_transport_type":"bus_stop","nearest_public_transport_name":"福来東","nearest_public_transport_distance_m":510.15636743177885,"nearest_medical_name":"白鳥産婦人科","nearest_medical_distance_m":933.3061333666161,"nearest_medical_access_class":"likely_public","nearest_hospital_name":"市立舞鶴市民病院","nearest_hospital_distance_m":1308.6267071079465,"elderly_population_percentile":0.6783216783216783,"transport_distance_percentile":0.4965034965034965,"medical_distance_percentile":0.4335664335664335,"exploratory_score_c":0.1460204424652564,"pareto_frontier":false},"geometry":{"type":"Polygon","coordinates":[[[135.35,35.44166666666667],[135.35625,35.44166666666667],[135.35625,35.44583333333334],[135.35,35.44583333333334],[135.35,35.44166666666667]]]},"id":"533512381"},{"type":"Feature","properties":{"mesh_code":"533512383","area_label":"福来東バス停周辺","area_label_basis":"最寄りの実在公共交通名称（行政地名ではない）","rank":164,"population":386,"elderly_population":98.0,"elderly_ratio":0.2538860103626943,"centroid_lat":35.44791666666667,"centroid_lon":135.353125,"city_area_fraction":1.0,"disclosure_status":"unaffected","primary_eligible":true,"nearest_station_name":"西舞鶴駅","nearest_station_distance_m":2162.217777516156,"nearest_bus_stop_name":"福来東","nearest_bus_stop_distance_m":207.85693497164772,"nearest_public_transport_type":"bus_stop","nearest_public_transport_name":"福来東","nearest_public_transport_distance_m":207.85693497164772,"nearest_medical_name":"白鳥産婦人科","nearest_medical_distance_m":496.79992595009793,"nearest_medical_access_class":"likely_public","nearest_hospital_name":"市立舞鶴市民病院","nearest_hospital_distance_m":1362.9078798006374,"elderly_population_percentile":0.7237762237762237,"transport_distance_percentile":0.2167832167832167,"medical_distance_percentile":0.2097902097902098,"exploratory_score_c":0.0329166163681298,"pareto_frontier":false},"geometry":{"type":"Polygon","coordinates":[[[135.35,35.44583333333334],[135.35625,35.44583333333334],[135.35625,35.45],[135.35,35.45],[135.35,35.44583333333334]]]},"id":"533512383"},{"type":"Feature","properties":{"mesh_code":"533512384","area_label":"昭和台バス停周辺","area_label_basis":"最寄りの実在公共交通名称（行政地名ではない）","rank":162,"population":22,"elderly_population":15.0,"elderly_ratio":0.6818181818181818,"centroid_lat":35.44791666666667,"centroid_lon":135.359375,"city_area_fraction":1.0000000000000002,"disclosure_status":"unaffected","primary_eligible":true,"nearest_station_name":"西舞鶴駅","nearest_station_distance_m":2706.2404569662804,"nearest_bus_stop_name":"昭和台","nearest_bus_stop_distance_m":532.8445937659077,"nearest_public_transport_type":"bus_stop","nearest_public_transport_name":"昭和台","nearest_public_transport_distance_m":532.8445937659077,"nearest_medical_name":"特別養護老人ホーム真愛の家寿荘医務室","nearest_medical_distance_m":491.6798802331391,"nearest_medical_access_class":"uncertain_access","nearest_hospital_name":"市立舞鶴市民病院","nearest_hospital_distance_m":1913.655836060714,"elderly_population_percentile":0.3339160839160839,"transport_distance_percentile":0.513986013986014,"medical_distance_percentile":0.2027972027972027,"exploratory_score_c":0.0348057182682347,"pareto_frontier":false},"geometry":{"type":"Polygon","coordinates":[[[135.35625,35.44583333333334],[135.3625,35.44583333333334],[135.3625,35.45],[135.35625,35.45],[135.35625,35.44583333333334]]]},"id":"533512384"},{"type":"Feature","properties":{"mesh_code":"533512393","area_label":"清道バス停周辺","area_label_basis":"最寄りの実在公共交通名称（行政地名ではない）","rank":79,"population":38,"elderly_population":24.0,"elderly_ratio":0.631578947368421,"centroid_lat":35.44791666666667,"centroid_lon":135.365625,"city_area_fraction":1.0000000000000002,"disclosure_status":"unaffected","primary_eligible":true,"nearest_station_name":"西舞鶴駅","nearest_station_distance_m":3258.2513724949486,"nearest_bus_stop_name":"清道","nearest_bus_stop_distance_m":851.2360842247131,"nearest_public_transport_type":"bus_stop","nearest_public_transport_name":"清道","nearest_public_transport_distance_m":851.2360842247131,"nearest_medical_name":"特別養護老人ホーム真愛の家寿荘医務室","nearest_medical_distance_m":920.4604969936344,"nearest_medical_access_class":"uncertain_access","nearest_hospital_name":"市立舞鶴市民病院","nearest_hospital_distance_m":2471.948941405898,"elderly_population_percentile":0.465034965034965,"transport_distance_percentile":0.6818181818181818,"medical_distance_percentile":0.4265734265734265,"exploratory_score_c":0.1352533353486945,"pareto_frontier":false},"geometry":{"type":"Polygon","coordinates":[[[135.3625,35.44583333333334],[135.36875,35.44583333333334],[135.36875,35.45],[135.3625,35.45],[135.3625,35.44583333333334]]]},"id":"533512393"},{"type":"Feature","properties":{"mesh_code":"533512402","area_label":"八田・由良川学園前バス停周辺","area_label_basis":"最寄りの実在公共交通名称（行政地名ではない）","rank":null,"population":2,"elderly_population":null,"elderly_ratio":null,"centroid_lat":35.452083333333334,"centroid_lon":135.259375,"city_area_fraction":1.0,"disclosure_status":"suppressed_source","primary_eligible":false,"nearest_station_name":"四所駅","nearest_station_distance_m":2907.0566796062353,"nearest_bus_stop_name":"八田・由良川学園前","nearest_bus_stop_distance_m":512.7832689820307,"nearest_public_transport_type":"bus_stop","nearest_public_transport_name":"八田・由良川学園前","nearest_public_transport_distance_m":512.7832689820307,"nearest_medical_name":"市立舞鶴市民病院加佐診療所","nearest_medical_distance_m":372.8487835910826,"nearest_medical_access_class":"likely_public","nearest_hospital_name":"舞鶴赤十字病院","nearest_hospital_distance_m":7108.093320234495,"elderly_population_percentile":null,"transport_distance_percentile":null,"medical_distance_percentile":null,"exploratory_score_c":null,"pareto_frontier":null},"geometry":{"type":"Polygon","coordinates":[[[135.25625,35.45],[135.2625,35.45],[135.2625,35.45416666666667],[135.25625,35.45416666666667],[135.25625,35.45]]]},"id":"533512402"},{"type":"Feature","properties":{"mesh_code":"533512403","area_label":"八田・由良川学園前バス停周辺","area_label_basis":"最寄りの実在公共交通名称（行政地名ではない）","rank":null,"population":2,"elderly_population":null,"elderly_ratio":null,"centroid_lat":35.45625,"centroid_lon":135.253125,"city_area_fraction":1.0000000000000002,"disclosure_status":"suppressed_source","primary_eligible":false,"nearest_station_name":"東雲駅","nearest_station_distance_m":3560.727756603112,"nearest_bus_stop_name":"八田・由良川学園前","nearest_bus_stop_distance_m":1166.24738837078,"nearest_public_transport_type":"bus_stop","nearest_public_transport_name":"八田・由良川学園前","nearest_public_transport_distance_m":1166.24738837078,"nearest_medical_name":"市立舞鶴市民病院加佐診療所","nearest_medical_distance_m":971.4264084451764,"nearest_medical_access_class":"likely_public","nearest_hospital_name":"舞鶴赤十字病院","nearest_hospital_distance_m":7734.352434132677,"elderly_population_percentile":null,"transport_distance_percentile":null,"medical_distance_percentile":null,"exploratory_score_c":null,"pareto_frontier":null},"geometry":{"type":"Polygon","coordinates":[[[135.25,35.45416666666667],[135.25625,35.45416666666667],[135.25625,35.45833333333334],[135.25,35.45833333333334],[135.25,35.45416666666667]]]},"id":"533512403"},{"type":"Feature","properties":{"mesh_code":"533512411","area_label":"八田・由良川学園前バス停周辺","area_label_basis":"最寄りの実在公共交通名称（行政地名ではない）","rank":null,"population":6,"elderly_population":null,"elderly_ratio":null,"centroid_lat":35.452083333333334,"centroid_lon":135.265625,"city_area_fraction":1.0000000000000002,"disclosure_status":"suppressed_source","primary_eligible":false,"nearest_station_name":"四所駅","nearest_station_distance_m":2358.1021450427265,"nearest_bus_stop_name":"八田・由良川学園前","nearest_bus_stop_distance_m":59.02059157078995,"nearest_public_transport_type":"bus_stop","nearest_public_transport_name":"八田・由良川学園前","nearest_public_transport_distance_m":59.02059157078995,"nearest_medical_name":"市立舞鶴市民病院加佐診療所","nearest_medical_distance_m":258.2506180495684,"nearest_medical_access_class":"likely_public","nearest_hospital_name":"舞鶴赤十字病院","nearest_hospital_distance_m":6544.714007242102,"elderly_population_percentile":null,"transport_distance_percentile":null,"medical_distance_percentile":null,"exploratory_score_c":null,"pareto_frontier":null},"geometry":{"type":"Polygon","coordinates":[[[135.2625,35.45],[135.26875,35.45],[135.26875,35.45416666666667],[135.2625,35.45416666666667],[135.2625,35.45]]]},"id":"533512411"},{"type":"Feature","properties":{"mesh_code":"533512412","area_label":"藤津バス停周辺","area_label_basis":"最寄りの実在公共交通名称（行政地名ではない）","rank":160,"population":47,"elderly_population":16.0,"elderly_ratio":0.3404255319148936,"centroid_lat":35.452083333333334,"centroid_lon":135.271875,"city_area_fraction":0.9999999999999998,"disclosure_status":"unaffected","primary_eligible":true,"nearest_station_name":"四所駅","nearest_station_distance_m":1820.4887516863573,"nearest_bus_stop_name":"藤津","nearest_bus_stop_distance_m":258.71527462164283,"nearest_public_transport_type":"bus_stop","nearest_public_transport_name":"藤津","nearest_public_transport_distance_m":258.71527462164283,"nearest_medical_name":"市立舞鶴市民病院加佐診療所","nearest_medical_distance_m":798.8598678338445,"nearest_medical_access_class":"likely_public","nearest_hospital_name":"舞鶴赤十字病院","nearest_hospital_distance_m":5982.094414180859,"elderly_population_percentile":0.3636363636363636,"transport_distance_percentile":0.2692307692307692,"medical_distance_percentile":0.3636363636363636,"exploratory_score_c":0.0356007628734901,"pareto_frontier":false},"geometry":{"type":"Polygon","coordinates":[[[135.26875,35.45],[135.275,35.45],[135.275,35.45416666666667],[135.26875,35.45416666666667],[135.26875,35.45]]]},"id":"533512412"},{"type":"Feature","properties":{"mesh_code":"533512413","area_label":"八田・由良川学園前バス停周辺","area_label_basis":"最寄りの実在公共交通名称（行政地名ではない）","rank":null,"population":21,"elderly_population":null,"elderly_ratio":null,"centroid_lat":35.45625,"centroid_lon":135.265625,"city_area_fraction":1.0000000000000002,"disclosure_status":"aggregation_destination","primary_eligible":false,"nearest_station_name":"四所駅","nearest_station_distance_m":2527.0311236136677,"nearest_bus_stop_name":"八田・由良川学園前","nearest_bus_stop_distance_m":444.3527252907149,"nearest_public_transport_type":"bus_stop","nearest_public_transport_name":"八田・由良川学園前","nearest_public_transport_distance_m":444.3527252907149,"nearest_medical_name":"市立舞鶴市民病院加佐診療所","nearest_medical_distance_m":394.02504528965056,"nearest_medical_access_class":"likely_public","nearest_hospital_name":"舞鶴赤十字病院","nearest_hospital_distance_m":6617.6831665437485,"elderly_population_percentile":null,"transport_distance_percentile":null,"medical_distance_percentile":null,"exploratory_score_c":null,"pareto_frontier":null},"geometry":{"type":"Polygon","coordinates":[[[135.2625,35.45416666666667],[135.26875,35.45416666666667],[135.26875,35.45833333333334],[135.2625,35.45833333333334],[135.2625,35.45416666666667]]]},"id":"533512413"},{"type":"Feature","properties":{"mesh_code":"533512414","area_label":"藤津バス停周辺","area_label_basis":"最寄りの実在公共交通名称（行政地名ではない）","rank":111,"population":35,"elderly_population":16.0,"elderly_ratio":0.45714285714285713,"centroid_lat":35.45625,"centroid_lon":135.271875,"city_area_fraction":1.0,"disclosure_status":"unaffected","primary_eligible":true,"nearest_station_name":"四所駅","nearest_station_distance_m":2034.5847060842348,"nearest_bus_stop_name":"藤津","nearest_bus_stop_distance_m":671.480745059388,"nearest_public_transport_type":"bus_stop","nearest_public_transport_name":"藤津","nearest_public_transport_distance_m":671.480745059388,"nearest_medical_name":"市立舞鶴市民病院加佐診療所","nearest_medical_distance_m":852.4728125906612,"nearest_medical_access_class":"likely_public","nearest_hospital_name":"舞鶴赤十字病院","nearest_hospital_distance_m":6061.869770806468,"elderly_population_percentile":0.3636363636363636,"transport_distance_percentile":0.6398601398601399,"medical_distance_percentile":0.3951048951048951,"exploratory_score_c":0.0919315903422705,"pareto_frontier":false},"geometry":{"type":"Polygon","coordinates":[[[135.26875,35.45416666666667],[135.275,35.45416666666667],[135.275,35.45833333333334],[135.26875,35.45833333333334],[135.26875,35.45416666666667]]]},"id":"533512414"},{"type":"Feature","properties":{"mesh_code":"533512421","area_label":"ふじつ温泉前バス停周辺","area_label_basis":"最寄りの実在公共交通名称（行政地名ではない）","rank":null,"population":15,"elderly_population":11.0,"elderly_ratio":0.7333333333333333,"centroid_lat":35.452083333333334,"centroid_lon":135.278125,"city_area_fraction":0.9999999999999998,"disclosure_status":"unaffected","primary_eligible":false,"nearest_station_name":"四所駅","nearest_station_distance_m":1308.2726943446082,"nearest_bus_stop_name":"ふじつ温泉前","nearest_bus_stop_distance_m":357.7337022253057,"nearest_public_transport_type":"bus_stop","nearest_public_transport_name":"ふじつ温泉前","nearest_public_transport_distance_m":357.7337022253057,"nearest_medical_name":"市立舞鶴市民病院加佐診療所","nearest_medical_distance_m":1361.4204146986117,"nearest_medical_access_class":"likely_public","nearest_hospital_name":"舞鶴赤十字病院","nearest_hospital_distance_m":5420.470944441453,"elderly_population_percentile":0.2587412587412587,"transport_distance_percentile":0.3916083916083916,"medical_distance_percentile":0.5734265734265734,"exploratory_score_c":0.0581025898645342,"pareto_frontier":false},"geometry":{"type":"Polygon","coordinates":[[[135.275,35.45],[135.28125,35.45],[135.28125,35.45416666666667],[135.275,35.45416666666667],[135.275,35.45]]]},"id":"533512421"},{"type":"Feature","properties":{"mesh_code":"533512423","area_label":"ふじつ温泉前バス停周辺","area_label_basis":"最寄りの実在公共交通名称（行政地名ではない）","rank":104,"population":20,"elderly_population":11.0,"elderly_ratio":0.55,"centroid_lat":35.45625,"centroid_lon":135.278125,"city_area_fraction":1.0,"disclosure_status":"unaffected","primary_eligible":true,"nearest_station_name":"四所駅","nearest_station_distance_m":1592.800973678931,"nearest_bus_stop_name":"ふじつ温泉前","nearest_bus_stop_distance_m":806.0162920130529,"nearest_public_transport_type":"bus_stop","nearest_public_transport_name":"ふじつ温泉前","nearest_public_transport_distance_m":806.0162920130529,"nearest_medical_name":"市立舞鶴市民病院加佐診療所","nearest_medical_distance_m":1393.5334994045315,"nearest_medical_access_class":"likely_public","nearest_hospital_name":"舞鶴赤十字病院","nearest_hospital_distance_m":5508.415932814024,"elderly_population_percentile":0.2587412587412587,"transport_distance_percentile":0.6678321678321678,"medical_distance_percentile":0.583916083916084,"exploratory_score_c":0.1008982093264943,"pareto_frontier":false},"geometry":{"type":"Polygon","coordinates":[[[135.275,35.45416666666667],[135.28125,35.45416666666667],[135.28125,35.45833333333334],[135.275,35.45833333333334],[135.275,35.45416666666667]]]},"id":"533512423"},{"type":"Feature","properties":{"mesh_code":"533512424","area_label":"一盃水バス停周辺","area_label_basis":"最寄りの実在公共交通名称（行政地名ではない）","rank":null,"population":40,"elderly_population":null,"elderly_ratio":null,"centroid_lat":35.45625,"centroid_lon":135.284375,"city_area_fraction":0.9999999999999998,"disclosure_status":"aggregation_destination","primary_eligible":false,"nearest_station_name":"四所駅","nearest_station_distance_m":1256.3138792149864,"nearest_bus_stop_name":"一盃水","nearest_bus_stop_distance_m":897.6215705423307,"nearest_public_transport_type":"bus_stop","nearest_public_transport_name":"一盃水","nearest_public_transport_distance_m":897.6215705423307,"nearest_medical_name":"市立舞鶴市民病院加佐診療所","nearest_medical_distance_m":1949.5976809709955,"nearest_medical_access_class":"likely_public","nearest_hospital_name":"舞鶴赤十字病院","nearest_hospital_distance_m":4958.111697286109,"elderly_population_percentile":null,"transport_distance_percentile":null,"medical_distance_percentile":null,"exploratory_score_c":null,"pareto_frontier":null},"geometry":{"type":"Polygon","coordinates":[[[135.28125,35.45416666666667],[135.2875,35.45416666666667],[135.2875,35.45833333333334],[135.28125,35.45833333333334],[135.28125,35.45416666666667]]]},"id":"533512424"},{"type":"Feature","properties":{"mesh_code":"533512433","area_label":"四所バス停周辺","area_label_basis":"最寄りの実在公共交通名称（行政地名ではない）","rank":null,"population":4,"elderly_population":null,"elderly_ratio":null,"centroid_lat":35.45625,"centroid_lon":135.290625,"city_area_fraction":1.0,"disclosure_status":"suppressed_source","primary_eligible":false,"nearest_station_name":"四所駅","nearest_station_distance_m":1124.0382666688413,"nearest_bus_stop_name":"四所","nearest_bus_stop_distance_m":962.1675308325667,"nearest_public_transport_type":"bus_stop","nearest_public_transport_name":"四所","nearest_public_transport_distance_m":962.1675308325667,"nearest_medical_name":"市立舞鶴市民病院加佐診療所","nearest_medical_distance_m":2510.7159642567103,"nearest_medical_access_class":"likely_public","nearest_hospital_name":"舞鶴赤十字病院","nearest_hospital_distance_m":4412.135523261059,"elderly_population_percentile":null,"transport_distance_percentile":null,"medical_distance_percentile":null,"exploratory_score_c":null,"pareto_frontier":null},"geometry":{"type":"Polygon","coordinates":[[[135.2875,35.45416666666667],[135.29375,35.45416666666667],[135.29375,35.45833333333334],[135.2875,35.45833333333334],[135.2875,35.45416666666667]]]},"id":"533512433"},{"type":"Feature","properties":{"mesh_code":"533512441","area_label":"福井小学校口バス停周辺","area_label_basis":"最寄りの実在公共交通名称（行政地名ではない）","rank":52,"population":98,"elderly_population":41.0,"elderly_ratio":0.41836734693877553,"centroid_lat":35.452083333333334,"centroid_lon":135.303125,"city_area_fraction":1.0,"disclosure_status":"unaffected","primary_eligible":true,"nearest_station_name":"四所駅","nearest_station_distance_m":1319.007363427869,"nearest_bus_stop_name":"福井小学校口","nearest_bus_stop_distance_m":548.9209169499675,"nearest_public_transport_type":"bus_stop","nearest_public_transport_name":"福井小学校口","nearest_public_transport_distance_m":548.9209169499675,"nearest_medical_name":"国土交通省共済組合第八管区 海上保安本部支部診療所","nearest_medical_distance_m":1314.484403856397,"nearest_medical_access_class":"likely_public","nearest_hospital_name":"舞鶴赤十字病院","nearest_hospital_distance_m":3194.4438571595933,"elderly_population_percentile":0.5961538461538461,"transport_distance_percentile":0.5314685314685315,"medical_distance_percentile":0.5629370629370629,"exploratory_score_c":0.1783592953576815,"pareto_frontier":false},"geometry":{"type":"Polygon","coordinates":[[[135.3,35.45],[135.30625,35.45],[135.30625,35.45416666666667],[135.3,35.45416666666667],[135.3,35.45]]]},"id":"533512441"},{"type":"Feature","properties":{"mesh_code":"533512442","area_label":"下福井バス停周辺","area_label_basis":"最寄りの実在公共交通名称（行政地名ではない）","rank":null,"population":20,"elderly_population":8.0,"elderly_ratio":0.4,"centroid_lat":35.452083333333334,"centroid_lon":135.309375,"city_area_fraction":1.0,"disclosure_status":"unaffected","primary_eligible":false,"nearest_station_name":"四所駅","nearest_station_distance_m":1832.0685232620058,"nearest_bus_stop_name":"下福井","nearest_bus_stop_distance_m":437.822141726399,"nearest_public_transport_type":"bus_stop","nearest_public_transport_name":"下福井","nearest_public_transport_distance_m":437.822141726399,"nearest_medical_name":"国土交通省共済組合第八管区 海上保安本部支部診療所","nearest_medical_distance_m":754.5484830119393,"nearest_medical_access_class":"likely_public","nearest_hospital_name":"舞鶴赤十字病院","nearest_hospital_distance_m":2649.508301005481,"elderly_population_percentile":0.1573426573426573,"transport_distance_percentile":0.444055944055944,"medical_distance_percentile":0.3356643356643357,"exploratory_score_c":0.0234525120827629,"pareto_frontier":false},"geometry":{"type":"Polygon","coordinates":[[[135.30625,35.45],[135.3125,35.45],[135.3125,35.45416666666667],[135.30625,35.45416666666667],[135.30625,35.45]]]},"id":"533512442"},{"type":"Feature","properties":{"mesh_code":"533512443","area_label":"福井小学校口バス停周辺","area_label_basis":"最寄りの実在公共交通名称（行政地名ではない）","rank":70,"population":50,"elderly_population":16.0,"elderly_ratio":0.32,"centroid_lat":35.45625,"centroid_lon":135.303125,"city_area_fraction":1.0000000000000002,"disclosure_status":"unaffected","primary_eligible":true,"nearest_station_name":"四所駅","nearest_station_distance_m":1601.6283894395317,"nearest_bus_stop_name":"福井小学校口","nearest_bus_stop_distance_m":972.9348813705788,"nearest_public_transport_type":"bus_stop","nearest_public_transport_name":"福井小学校口","nearest_public_transport_distance_m":972.9348813705788,"nearest_medical_name":"国土交通省共済組合第八管区 海上保安本部支部診療所","nearest_medical_distance_m":1445.6442154317745,"nearest_medical_access_class":"likely_public","nearest_hospital_name":"舞鶴赤十字病院","nearest_hospital_distance_m":3341.6459492929016,"elderly_population_percentile":0.3636363636363636,"transport_distance_percentile":0.7062937062937062,"medical_distance_percentile":0.6013986013986014,"exploratory_score_c":0.1544596535060616,"pareto_frontier":false},"geometry":{"type":"Polygon","coordinates":[[[135.3,35.45416666666667],[135.30625,35.45416666666667],[135.30625,35.45833333333334],[135.3,35.45833333333334],[135.3,35.45416666666667]]]},"id":"533512443"},{"type":"Feature","properties":{"mesh_code":"533512444","area_label":"下福井バス停周辺","area_label_basis":"最寄りの実在公共交通名称（行政地名ではない）","rank":103,"population":152,"elderly_population":15.0,"elderly_ratio":0.09868421052631579,"centroid_lat":35.45625,"centroid_lon":135.309375,"city_area_fraction":0.8719415924528341,"disclosure_status":"unaffected","primary_eligible":true,"nearest_station_name":"四所駅","nearest_station_distance_m":2044.9508716554496,"nearest_bus_stop_name":"下福井","nearest_bus_stop_distance_m":835.6845590971143,"nearest_public_transport_type":"bus_stop","nearest_public_transport_name":"下福井","nearest_public_transport_distance_m":835.6845590971143,"nearest_medical_name":"国土交通省共済組合第八管区 海上保安本部支部診療所","nearest_medical_distance_m":965.1014324802917,"nearest_medical_access_class":"likely_public","nearest_hospital_name":"舞鶴赤十字病院","nearest_hospital_distance_m":2825.275857891291,"elderly_population_percentile":0.3339160839160839,"transport_distance_percentile":0.6783216783216783,"medical_distance_percentile":0.451048951048951,"exploratory_score_c":0.1021637233615814,"pareto_frontier":false},"geometry":{"type":"Polygon","coordinates":[[[135.30625,35.45416666666667],[135.3125,35.45416666666667],[135.3125,35.45833333333334],[135.30625,35.45833333333334],[135.30625,35.45416666666667]]]},"id":"533512444"},{"type":"Feature","properties":{"mesh_code":"533512452","area_label":"西町バス停周辺","area_label_basis":"最寄りの実在公共交通名称（行政地名ではない）","rank":null,"population":562,"elderly_population":null,"elderly_ratio":null,"centroid_lat":35.452083333333334,"centroid_lon":135.321875,"city_area_fraction":0.8472857819487496,"disclosure_status":"aggregation_destination","primary_eligible":false,"nearest_station_name":"西舞鶴駅","nearest_station_distance_m":1392.8306506698846,"nearest_bus_stop_name":"西町","nearest_bus_stop_distance_m":121.09426040085351,"nearest_public_transport_type":"bus_stop","nearest_public_transport_name":"西町","nearest_public_transport_distance_m":121.09426040085351,"nearest_medical_name":"隅山医院","nearest_medical_distance_m":249.87888910755058,"nearest_medical_access_class":"likely_public","nearest_hospital_name":"舞鶴赤十字病院","nearest_hospital_distance_m":1606.9676013058859,"elderly_population_percentile":null,"transport_distance_percentile":null,"medical_distance_percentile":null,"exploratory_score_c":null,"pareto_frontier":null},"geometry":{"type":"Polygon","coordinates":[[[135.31875,35.45],[135.325,35.45],[135.325,35.45416666666667],[135.31875,35.45416666666667],[135.31875,35.45]]]},"id":"533512452"},{"type":"Feature","properties":{"mesh_code":"533512454","area_label":"吉原小学校前バス停周辺","area_label_basis":"最寄りの実在公共交通名称（行政地名ではない）","rank":null,"population":3,"elderly_population":null,"elderly_ratio":null,"centroid_lat":35.45625,"centroid_lon":135.321875,"city_area_fraction":0.47188950799251944,"disclosure_status":"suppressed_source","primary_eligible":false,"nearest_station_name":"西舞鶴駅","nearest_station_distance_m":1793.3631308850624,"nearest_bus_stop_name":"吉原小学校前","nearest_bus_stop_distance_m":565.2411571105656,"nearest_public_transport_type":"bus_stop","nearest_public_transport_name":"吉原小学校前","nearest_public_transport_distance_m":565.2411571105656,"nearest_medical_name":"隅山医院","nearest_medical_distance_m":506.6724672026504,"nearest_medical_access_class":"likely_public","nearest_hospital_name":"舞鶴赤十字病院","nearest_hospital_distance_m":1882.7802381425129,"elderly_population_percentile":null,"transport_distance_percentile":null,"medical_distance_percentile":null,"exploratory_score_c":null,"pareto_frontier":null},"geometry":{"type":"Polygon","coordinates":[[[135.31875,35.45416666666667],[135.325,35.45416666666667],[135.325,35.45833333333334],[135.31875,35.45833333333334],[135.31875,35.45416666666667]]]},"id":"533512454"},{"type":"Feature","properties":{"mesh_code":"533512461","area_label":"平野屋バス停周辺","area_label_basis":"最寄りの実在公共交通名称（行政地名ではない）","rank":190,"population":1026,"elderly_population":385.0,"elderly_ratio":0.37524366471734893,"centroid_lat":35.452083333333334,"centroid_lon":135.328125,"city_area_fraction":1.0,"disclosure_status":"unaffected","primary_eligible":true,"nearest_station_name":"西舞鶴駅","nearest_station_distance_m":1170.0295891623346,"nearest_bus_stop_name":"平野屋","nearest_bus_stop_distance_m":140.20193080394685,"nearest_public_transport_type":"bus_stop","nearest_public_transport_name":"平野屋","nearest_public_transport_distance_m":140.20193080394685,"nearest_medical_name":"医療法人泰山会あいおい橋四方クリニック","nearest_medical_distance_m":251.2269619320982,"nearest_medical_access_class":"likely_public","nearest_hospital_name":"舞鶴赤十字病院","nearest_hospital_distance_m":1152.982850280299,"elderly_population_percentile":0.9825174825174824,"transport_distance_percentile":0.1083916083916083,"medical_distance_percentile":0.1118881118881118,"exploratory_score_c":0.0119157091136161,"pareto_frontier":false},"geometry":{"type":"Polygon","coordinates":[[[135.325,35.45],[135.33125,35.45],[135.33125,35.45416666666667],[135.325,35.45416666666667],[135.325,35.45]]]},"id":"533512461"},{"type":"Feature","properties":{"mesh_code":"533512462","area_label":"税務署前バス停周辺","area_label_basis":"最寄りの実在公共交通名称（行政地名ではない）","rank":null,"population":378,"elderly_population":null,"elderly_ratio":null,"centroid_lat":35.452083333333334,"centroid_lon":135.334375,"city_area_fraction":1.0,"disclosure_status":"aggregation_destination","primary_eligible":false,"nearest_station_name":"西舞鶴駅","nearest_station_distance_m":1200.7701655462536,"nearest_bus_stop_name":"税務署前","nearest_bus_stop_distance_m":262.40244243818023,"nearest_public_transport_type":"bus_stop","nearest_public_transport_name":"税務署前","nearest_public_transport_distance_m":262.40244243818023,"nearest_medical_name":"医療法人泰山会あいおい橋四方クリニック","nearest_medical_distance_m":345.74765256898536,"nearest_medical_access_class":"likely_public","nearest_hospital_name":"舞鶴赤十字病院","nearest_hospital_distance_m":848.6801469733758,"elderly_population_percentile":null,"transport_distance_percentile":null,"medical_distance_percentile":null,"exploratory_score_c":null,"pareto_frontier":null},"geometry":{"type":"Polygon","coordinates":[[[135.33125,35.45],[135.3375,35.45],[135.3375,35.45416666666667],[135.33125,35.45416666666667],[135.33125,35.45]]]},"id":"533512462"},{"type":"Feature","properties":{"mesh_code":"533512463","area_label":"吉原小学校前バス停周辺","area_label_basis":"最寄りの実在公共交通名称（行政地名ではない）","rank":214,"population":566,"elderly_population":274.0,"elderly_ratio":0.4840989399293286,"centroid_lat":35.45625,"centroid_lon":135.328125,"city_area_fraction":0.959644340465238,"disclosure_status":"unaffected","primary_eligible":true,"nearest_station_name":"西舞鶴駅","nearest_station_distance_m":1626.3983779768207,"nearest_bus_stop_name":"吉原小学校前","nearest_bus_stop_distance_m":18.258176453928733,"nearest_public_transport_type":"bus_stop","nearest_public_transport_name":"吉原小学校前","nearest_public_transport_distance_m":18.258176453928733,"nearest_medical_name":"隅山医院","nearest_medical_distance_m":544.1271258511263,"nearest_medical_access_class":"likely_public","nearest_hospital_name":"舞鶴赤十字病院","nearest_hospital_distance_m":1513.9186841445037,"elderly_population_percentile":0.9195804195804196,"transport_distance_percentile":0.0034965034965034,"medical_distance_percentile":0.2272727272727272,"exploratory_score_c":0.0007307536709952,"pareto_frontier":false},"geometry":{"type":"Polygon","coordinates":[[[135.325,35.45416666666667],[135.33125,35.45416666666667],[135.33125,35.45833333333334],[135.325,35.45833333333334],[135.325,35.45416666666667]]]},"id":"533512463"},{"type":"Feature","properties":{"mesh_code":"533512464","area_label":"東吉原バス停周辺","area_label_basis":"最寄りの実在公共交通名称（行政地名ではない）","rank":null,"population":4,"elderly_population":null,"elderly_ratio":null,"centroid_lat":35.45625,"centroid_lon":135.334375,"city_area_fraction":1.0,"disclosure_status":"suppressed_source","primary_eligible":false,"nearest_station_name":"西舞鶴駅","nearest_station_distance_m":1648.6499308234545,"nearest_bus_stop_name":"東吉原","nearest_bus_stop_distance_m":562.5479905310835,"nearest_public_transport_type":"bus_stop","nearest_public_transport_name":"東吉原","nearest_public_transport_distance_m":562.5479905310835,"nearest_medical_name":"医療法人泰山会あいおい橋四方クリニック","nearest_medical_distance_m":646.413338570445,"nearest_medical_access_class":"likely_public","nearest_hospital_name":"舞鶴赤十字病院","nearest_hospital_distance_m":1297.2543730180798,"elderly_population_percentile":null,"transport_distance_percentile":null,"medical_distance_percentile":null,"exploratory_score_c":null,"pareto_frontier":null},"geometry":{"type":"Polygon","coordinates":[[[135.33125,35.45416666666667],[135.3375,35.45416666666667],[135.3375,35.45833333333334],[135.33125,35.45833333333334],[135.33125,35.45416666666667]]]},"id":"533512464"},{"type":"Feature","properties":{"mesh_code":"533512471","area_label":"倉谷口バス停周辺","area_label_basis":"最寄りの実在公共交通名称（行政地名ではない）","rank":179,"population":448,"elderly_population":75.0,"elderly_ratio":0.16741071428571427,"centroid_lat":35.452083333333334,"centroid_lon":135.340625,"city_area_fraction":0.9999999999999998,"disclosure_status":"unaffected","primary_eligible":true,"nearest_station_name":"西舞鶴駅","nearest_station_distance_m":1469.2225274669827,"nearest_bus_stop_name":"倉谷口","nearest_bus_stop_distance_m":250.53001573661703,"nearest_public_transport_type":"bus_stop","nearest_public_transport_name":"倉谷口","nearest_public_transport_distance_m":250.53001573661703,"nearest_medical_name":"公益社団法人京都保健会まいづる協立診療所","nearest_medical_distance_m":299.64104827144797,"nearest_medical_access_class":"likely_public","nearest_hospital_name":"市立舞鶴市民病院","nearest_hospital_distance_m":867.4965883737568,"elderly_population_percentile":0.6678321678321678,"transport_distance_percentile":0.2552447552447552,"medical_distance_percentile":0.1258741258741259,"exploratory_score_c":0.0214565863497351,"pareto_frontier":false},"geometry":{"type":"Polygon","coordinates":[[[135.3375,35.45],[135.34375,35.45],[135.34375,35.45416666666667],[135.3375,35.45416666666667],[135.3375,35.45]]]},"id":"533512471"},{"type":"Feature","properties":{"mesh_code":"533512472","area_label":"上安バス停周辺","area_label_basis":"最寄りの実在公共交通名称（行政地名ではない）","rank":210,"population":226,"elderly_population":101.0,"elderly_ratio":0.4469026548672566,"centroid_lat":35.452083333333334,"centroid_lon":135.346875,"city_area_fraction":0.9999999999999998,"disclosure_status":"unaffected","primary_eligible":true,"nearest_station_name":"西舞鶴駅","nearest_station_distance_m":1875.9704562038926,"nearest_bus_stop_name":"上安","nearest_bus_stop_distance_m":59.59801626920296,"nearest_public_transport_type":"bus_stop","nearest_public_transport_name":"上安","nearest_public_transport_distance_m":59.59801626920296,"nearest_medical_name":"特別養護老人ホーム安寿苑","nearest_medical_distance_m":437.2520816462997,"nearest_medical_access_class":"likely_public","nearest_hospital_name":"市立舞鶴市民病院","nearest_hospital_distance_m":1126.629918776181,"elderly_population_percentile":0.7307692307692307,"transport_distance_percentile":0.0209790209790209,"medical_distance_percentile":0.1853146853146853,"exploratory_score_c":0.0028410266441466,"pareto_frontier":false},"geometry":{"type":"Polygon","coordinates":[[[135.34375,35.45],[135.35,35.45],[135.35,35.45416666666667],[135.34375,35.45416666666667],[135.34375,35.45]]]},"id":"533512472"},{"type":"Feature","properties":{"mesh_code":"533512473","area_label":"倉谷口バス停周辺","area_label_basis":"最寄りの実在公共交通名称（行政地名ではない）","rank":139,"population":157,"elderly_population":48.0,"elderly_ratio":0.3057324840764331,"centroid_lat":35.45625,"centroid_lon":135.340625,"city_area_fraction":1.0000000000000002,"disclosure_status":"unaffected","primary_eligible":true,"nearest_station_name":"西舞鶴駅","nearest_station_distance_m":1853.3144395697248,"nearest_bus_stop_name":"倉谷口","nearest_bus_stop_distance_m":643.229235982327,"nearest_public_transport_type":"bus_stop","nearest_public_transport_name":"倉谷口","nearest_public_transport_distance_m":643.229235982327,"nearest_medical_name":"特別養護老人ホーム安寿苑","nearest_medical_distance_m":379.0427431498539,"nearest_medical_access_class":"likely_public","nearest_hospital_name":"舞鶴赤十字病院","nearest_hospital_distance_m":1310.578941545666,"elderly_population_percentile":0.6153846153846154,"transport_distance_percentile":0.6153846153846154,"medical_distance_percentile":0.1538461538461538,"exploratory_score_c":0.058261265361857,"pareto_frontier":false},"geometry":{"type":"Polygon","coordinates":[[[135.3375,35.45416666666667],[135.34375,35.45416666666667],[135.34375,35.45833333333334],[135.3375,35.45833333333334],[135.3375,35.45416666666667]]]},"id":"533512473"},{"type":"Feature","properties":{"mesh_code":"533512474","area_label":"五老トンネル西口バス停周辺","area_label_basis":"最寄りの実在公共交通名称（行政地名ではない）","rank":171,"population":100,"elderly_population":83.0,"elderly_ratio":0.83,"centroid_lat":35.45625,"centroid_lon":135.346875,"city_area_fraction":1.0,"disclosure_status":"unaffected","primary_eligible":true,"nearest_station_name":"西舞鶴駅","nearest_station_distance_m":2189.8295631022843,"nearest_bus_stop_name":"五老トンネル西口","nearest_bus_stop_distance_m":407.3977676720435,"nearest_public_transport_type":"bus_stop","nearest_public_transport_name":"五老トンネル西口","nearest_public_transport_distance_m":407.3977676720435,"nearest_medical_name":"特別養護老人ホーム安寿苑","nearest_medical_distance_m":207.4698632698153,"nearest_medical_access_class":"likely_public","nearest_hospital_name":"市立舞鶴市民病院","nearest_hospital_distance_m":1506.3565872079039,"elderly_population_percentile":0.6940559440559441,"transport_distance_percentile":0.4265734265734265,"medical_distance_percentile":0.0874125874125874,"exploratory_score_c":0.025879879570769,"pareto_frontier":false},"geometry":{"type":"Polygon","coordinates":[[[135.34375,35.45416666666667],[135.35,35.45416666666667],[135.35,35.45833333333334],[135.34375,35.45833333333334],[135.34375,35.45416666666667]]]},"id":"533512474"},{"type":"Feature","properties":{"mesh_code":"533512481","area_label":"昭和台バス停周辺","area_label_basis":"最寄りの実在公共交通名称（行政地名ではない）","rank":187,"population":393,"elderly_population":135.0,"elderly_ratio":0.3435114503816794,"centroid_lat":35.452083333333334,"centroid_lon":135.353125,"city_area_fraction":1.0000000000000002,"disclosure_status":"unaffected","primary_eligible":true,"nearest_station_name":"西舞鶴駅","nearest_station_distance_m":2350.2762261195558,"nearest_bus_stop_name":"昭和台","nearest_bus_stop_distance_m":203.81836879734527,"nearest_public_transport_type":"bus_stop","nearest_public_transport_name":"昭和台","nearest_public_transport_distance_m":203.81836879734527,"nearest_medical_name":"白鳥産婦人科","nearest_medical_distance_m":223.44648207730202,"nearest_medical_access_class":"likely_public","nearest_hospital_name":"市立舞鶴市民病院","nearest_hospital_distance_m":1558.814206185773,"elderly_population_percentile":0.7972027972027972,"transport_distance_percentile":0.2027972027972027,"medical_distance_percentile":0.1083916083916083,"exploratory_score_c":0.0175237252355937,"pareto_frontier":false},"geometry":{"type":"Polygon","coordinates":[[[135.35,35.45],[135.35625,35.45],[135.35625,35.45416666666667],[135.35,35.45416666666667],[135.35,35.45]]]},"id":"533512481"},{"type":"Feature","properties":{"mesh_code":"533512482","area_label":"天台バス停周辺","area_label_basis":"最寄りの実在公共交通名称（行政地名ではない）","rank":181,"population":1398,"elderly_population":314.0,"elderly_ratio":0.2246065808297568,"centroid_lat":35.452083333333334,"centroid_lon":135.359375,"city_area_fraction":0.9999999999999998,"disclosure_status":"unaffected","primary_eligible":true,"nearest_station_name":"西舞鶴駅","nearest_station_distance_m":2858.7082413722364,"nearest_bus_stop_name":"天台","nearest_bus_stop_distance_m":193.63335969534182,"nearest_public_transport_type":"bus_stop","nearest_public_transport_name":"天台","nearest_public_transport_distance_m":193.63335969534182,"nearest_medical_name":"特別養護老人ホーム真愛の家寿荘医務室","nearest_medical_distance_m":252.8965954960703,"nearest_medical_access_class":"uncertain_access","nearest_hospital_name":"市立舞鶴市民病院","nearest_hospital_distance_m":2057.758248357542,"elderly_population_percentile":0.9370629370629372,"transport_distance_percentile":0.1888111888111888,"medical_distance_percentile":0.1153846153846153,"exploratory_score_c":0.020414765438972,"pareto_frontier":false},"geometry":{"type":"Polygon","coordinates":[[[135.35625,35.45],[135.3625,35.45],[135.3625,35.45416666666667],[135.35625,35.45416666666667],[135.35625,35.45]]]},"id":"533512482"},{"type":"Feature","properties":{"mesh_code":"533512483","area_label":"五老トンネル西口バス停周辺","area_label_basis":"最寄りの実在公共交通名称（行政地名ではない）","rank":null,"population":2,"elderly_population":null,"elderly_ratio":null,"centroid_lat":35.45625,"centroid_lon":135.353125,"city_area_fraction":1.0000000000000002,"disclosure_status":"suppressed_source","primary_eligible":false,"nearest_station_name":"西舞鶴駅","nearest_station_distance_m":2607.6392200178143,"nearest_bus_stop_name":"五老トンネル西口","nearest_bus_stop_distance_m":208.56834420848477,"nearest_public_transport_type":"bus_stop","nearest_public_transport_name":"五老トンネル西口","nearest_public_transport_distance_m":208.56834420848477,"nearest_medical_name":"白鳥産婦人科","nearest_medical_distance_m":529.5429268805332,"nearest_medical_access_class":"likely_public","nearest_hospital_name":"市立舞鶴市民病院","nearest_hospital_distance_m":1851.9331147047312,"elderly_population_percentile":null,"transport_distance_percentile":null,"medical_distance_percentile":null,"exploratory_score_c":null,"pareto_frontier":null},"geometry":{"type":"Polygon","coordinates":[[[135.35,35.45416666666667],[135.35625,35.45416666666667],[135.35625,35.45833333333334],[135.35,35.45833333333334],[135.35,35.45416666666667]]]},"id":"533512483"},{"type":"Feature","properties":{"mesh_code":"533512484","area_label":"清道バス停周辺","area_label_basis":"最寄りの実在公共交通名称（行政地名ではない）","rank":null,"population":330,"elderly_population":null,"elderly_ratio":null,"centroid_lat":35.45625,"centroid_lon":135.359375,"city_area_fraction":1.0,"disclosure_status":"aggregation_destination","primary_eligible":false,"nearest_station_name":"西舞鶴駅","nearest_station_distance_m":3073.7695401055003,"nearest_bus_stop_name":"清道","nearest_bus_stop_distance_m":241.7589850713765,"nearest_public_transport_type":"bus_stop","nearest_public_transport_name":"清道","nearest_public_transport_distance_m":241.7589850713765,"nearest_medical_name":"特別養護老人ホーム真愛の家寿荘医務室","nearest_medical_distance_m":559.9402594330834,"nearest_medical_access_class":"uncertain_access","nearest_hospital_name":"市立舞鶴市民病院","nearest_hospital_distance_m":2287.800186037408,"elderly_population_percentile":null,"transport_distance_percentile":null,"medical_distance_percentile":null,"exploratory_score_c":null,"pareto_frontier":null},"geometry":{"type":"Polygon","coordinates":[[[135.35625,35.45416666666667],[135.3625,35.45416666666667],[135.3625,35.45833333333334],[135.35625,35.45833333333334],[135.35625,35.45416666666667]]]},"id":"533512484"},{"type":"Feature","properties":{"mesh_code":"533512491","area_label":"清道バス停周辺","area_label_basis":"最寄りの実在公共交通名称（行政地名ではない）","rank":null,"population":18,"elderly_population":0.0,"elderly_ratio":0.0,"centroid_lat":35.452083333333334,"centroid_lon":135.365625,"city_area_fraction":1.0,"disclosure_status":"unaffected","primary_eligible":false,"nearest_station_name":"東舞鶴駅","nearest_station_distance_m":3220.4400352668426,"nearest_bus_stop_name":"清道","nearest_bus_stop_distance_m":543.8605211760222,"nearest_public_transport_type":"bus_stop","nearest_public_transport_name":"清道","nearest_public_transport_distance_m":543.8605211760222,"nearest_medical_name":"特別養護老人ホーム真愛の家寿荘医務室","nearest_medical_distance_m":818.1833785911913,"nearest_medical_access_class":"uncertain_access","nearest_hospital_name":"市立舞鶴市民病院","nearest_hospital_distance_m":2585.0909540647112,"elderly_population_percentile":0.0139860139860139,"transport_distance_percentile":0.527972027972028,"medical_distance_percentile":0.3776223776223776,"exploratory_score_c":0.0027884482870056,"pareto_frontier":false},"geometry":{"type":"Polygon","coordinates":[[[135.3625,35.45],[135.36875,35.45],[135.36875,35.45416666666667],[135.3625,35.45416666666667],[135.3625,35.45]]]},"id":"533512491"},{"type":"Feature","properties":{"mesh_code":"533512502","area_label":"八田・由良川学園前バス停周辺","area_label_basis":"最寄りの実在公共交通名称（行政地名ではない）","rank":null,"population":93,"elderly_population":null,"elderly_ratio":null,"centroid_lat":35.460416666666674,"centroid_lon":135.259375,"city_area_fraction":1.0,"disclosure_status":"aggregation_destination","primary_eligible":false,"nearest_station_name":"東雲駅","nearest_station_distance_m":2830.525646501612,"nearest_bus_stop_name":"八田・由良川学園前","nearest_bus_stop_distance_m":1038.380109271552,"nearest_public_transport_type":"bus_stop","nearest_public_transport_name":"八田・由良川学園前","nearest_public_transport_distance_m":1038.380109271552,"nearest_medical_name":"市立舞鶴市民病院加佐診療所","nearest_medical_distance_m":862.273048972413,"nearest_medical_access_class":"likely_public","nearest_hospital_name":"舞鶴赤十字病院","nearest_hospital_distance_m":7271.346122871288,"elderly_population_percentile":null,"transport_distance_percentile":null,"medical_distance_percentile":null,"exploratory_score_c":null,"pareto_frontier":null},"geometry":{"type":"Polygon","coordinates":[[[135.25625,35.458333333333336],[135.2625,35.458333333333336],[135.2625,35.4625],[135.25625,35.4625],[135.25625,35.458333333333336]]]},"id":"533512502"},{"type":"Feature","properties":{"mesh_code":"533512511","area_label":"八田・由良川学園前バス停周辺","area_label_basis":"最寄りの実在公共交通名称（行政地名ではない）","rank":null,"population":24,"elderly_population":9.0,"elderly_ratio":0.375,"centroid_lat":35.460416666666674,"centroid_lon":135.265625,"city_area_fraction":0.9999999999999998,"disclosure_status":"unaffected","primary_eligible":false,"nearest_station_name":"東雲駅","nearest_station_distance_m":2387.4435549701134,"nearest_bus_stop_name":"八田・由良川学園前","nearest_bus_stop_distance_m":904.8734685343136,"nearest_public_transport_type":"bus_stop","nearest_public_transport_name":"八田・由良川学園前","nearest_public_transport_distance_m":904.8734685343136,"nearest_medical_name":"市立舞鶴市民病院加佐診療所","nearest_medical_distance_m":819.2672761127379,"nearest_medical_access_class":"likely_public","nearest_hospital_name":"舞鶴赤十字病院","nearest_hospital_distance_m":6721.7227116614295,"elderly_population_percentile":0.1923076923076923,"transport_distance_percentile":0.6923076923076923,"medical_distance_percentile":0.3811188811188811,"exploratory_score_c":0.0507406794389042,"pareto_frontier":false},"geometry":{"type":"Polygon","coordinates":[[[135.2625,35.458333333333336],[135.26875,35.458333333333336],[135.26875,35.4625],[135.2625,35.4625],[135.2625,35.458333333333336]]]},"id":"533512511"},{"type":"Feature","properties":{"mesh_code":"533512512","area_label":"八田・由良川学園前バス停周辺","area_label_basis":"最寄りの実在公共交通名称（行政地名ではない）","rank":null,"population":19,"elderly_population":10.0,"elderly_ratio":0.5263157894736842,"centroid_lat":35.460416666666674,"centroid_lon":135.271875,"city_area_fraction":1.0,"disclosure_status":"unaffected","primary_eligible":false,"nearest_station_name":"東雲駅","nearest_station_distance_m":2007.8514100005373,"nearest_bus_stop_name":"八田・由良川学園前","nearest_bus_stop_distance_m":1096.8624585091352,"nearest_public_transport_type":"bus_stop","nearest_public_transport_name":"八田・由良川学園前","nearest_public_transport_distance_m":1096.8624585091352,"nearest_medical_name":"市立舞鶴市民病院加佐診療所","nearest_medical_distance_m":1114.7300494931792,"nearest_medical_access_class":"likely_public","nearest_hospital_name":"舞鶴赤十字病院","nearest_hospital_distance_m":6175.3099485598905,"elderly_population_percentile":0.2272727272727272,"transport_distance_percentile":0.7167832167832168,"medical_distance_percentile":0.493006993006993,"exploratory_score_c":0.0803134405327666,"pareto_frontier":false},"geometry":{"type":"Polygon","coordinates":[[[135.26875,35.458333333333336],[135.275,35.458333333333336],[135.275,35.4625],[135.26875,35.4625],[135.26875,35.458333333333336]]]},"id":"533512512"},{"type":"Feature","properties":{"mesh_code":"533512513","area_label":"八田・由良川学園前バス停周辺","area_label_basis":"最寄りの実在公共交通名称（行政地名ではない）","rank":40,"population":65,"elderly_population":27.0,"elderly_ratio":0.4153846153846154,"centroid_lat":35.46458333333334,"centroid_lon":135.265625,"city_area_fraction":1.0000000000000002,"disclosure_status":"unaffected","primary_eligible":true,"nearest_station_name":"東雲駅","nearest_station_distance_m":2101.4741009065183,"nearest_bus_stop_name":"八田・由良川学園前","nearest_bus_stop_distance_m":1366.5739125686553,"nearest_public_transport_type":"bus_stop","nearest_public_transport_name":"八田・由良川学園前","nearest_public_transport_distance_m":1366.5739125686553,"nearest_medical_name":"市立舞鶴市民病院加佐診療所","nearest_medical_distance_m":1270.6390759872465,"nearest_medical_access_class":"likely_public","nearest_hospital_name":"舞鶴赤十字病院","nearest_hospital_distance_m":6855.418256788643,"elderly_population_percentile":0.5157342657342657,"transport_distance_percentile":0.7902097902097902,"medical_distance_percentile":0.5454545454545454,"exploratory_score_c":0.2222935995981132,"pareto_frontier":false},"geometry":{"type":"Polygon","coordinates":[[[135.2625,35.4625],[135.26875,35.4625],[135.26875,35.466666666666676],[135.2625,35.466666666666676],[135.2625,35.4625]]]},"id":"533512513"},{"type":"Feature","properties":{"mesh_code":"533512514","area_label":"八田・由良川学園前バス停周辺","area_label_basis":"最寄りの実在公共交通名称（行政地名ではない）","rank":33,"population":71,"elderly_population":24.0,"elderly_ratio":0.3380281690140845,"centroid_lat":35.46458333333334,"centroid_lon":135.271875,"city_area_fraction":1.0,"disclosure_status":"unaffected","primary_eligible":true,"nearest_station_name":"東雲駅","nearest_station_distance_m":1657.6673946623553,"nearest_bus_stop_name":"八田・由良川学園前","nearest_bus_stop_distance_m":1500.6047860624283,"nearest_public_transport_type":"bus_stop","nearest_public_transport_name":"八田・由良川学園前","nearest_public_transport_distance_m":1500.6047860624283,"nearest_medical_name":"市立舞鶴市民病院加佐診療所","nearest_medical_distance_m":1478.4848762071501,"nearest_medical_access_class":"likely_public","nearest_hospital_name":"舞鶴赤十字病院","nearest_hospital_distance_m":6320.602660171639,"elderly_population_percentile":0.465034965034965,"transport_distance_percentile":0.8041958041958042,"medical_distance_percentile":0.6188811188811189,"exploratory_score_c":0.2314486457354079,"pareto_frontier":false},"geometry":{"type":"Polygon","coordinates":[[[135.26875,35.4625],[135.275,35.4625],[135.275,35.466666666666676],[135.26875,35.466666666666676],[135.26875,35.4625]]]},"id":"533512514"},{"type":"Feature","properties":{"mesh_code":"533512521","area_label":"ふじつ温泉前バス停周辺","area_label_basis":"最寄りの実在公共交通名称（行政地名ではない）","rank":31,"population":48,"elderly_population":26.0,"elderly_ratio":0.5416666666666666,"centroid_lat":35.460416666666674,"centroid_lon":135.278125,"city_area_fraction":0.9999999999999998,"disclosure_status":"unaffected","primary_eligible":true,"nearest_station_name":"東雲駅","nearest_station_distance_m":1733.9594306688039,"nearest_bus_stop_name":"ふじつ温泉前","nearest_bus_stop_distance_m":1264.4091017436722,"nearest_public_transport_type":"bus_stop","nearest_public_transport_name":"ふじつ温泉前","nearest_public_transport_distance_m":1264.4091017436722,"nearest_medical_name":"市立舞鶴市民病院加佐診療所","nearest_medical_distance_m":1567.7326500634208,"nearest_medical_access_class":"likely_public","nearest_hospital_name":"舞鶴赤十字病院","nearest_hospital_distance_m":5633.0420612400785,"elderly_population_percentile":0.5,"transport_distance_percentile":0.7587412587412588,"medical_distance_percentile":0.6398601398601399,"exploratory_score_c":0.2427441439679202,"pareto_frontier":false},"geometry":{"type":"Polygon","coordinates":[[[135.275,35.458333333333336],[135.28125,35.458333333333336],[135.28125,35.4625],[135.275,35.4625],[135.275,35.458333333333336]]]},"id":"533512521"},{"type":"Feature","properties":{"mesh_code":"533512522","area_label":"ふじつ温泉前バス停周辺","area_label_basis":"最寄りの実在公共交通名称（行政地名ではない）","rank":null,"population":9,"elderly_population":7.0,"elderly_ratio":0.7777777777777778,"centroid_lat":35.460416666666674,"centroid_lon":135.284375,"city_area_fraction":0.9999999999999998,"disclosure_status":"unaffected","primary_eligible":false,"nearest_station_name":"東雲駅","nearest_station_distance_m":1620.2867079771252,"nearest_bus_stop_name":"ふじつ温泉前","nearest_bus_stop_distance_m":1331.4358444545169,"nearest_public_transport_type":"bus_stop","nearest_public_transport_name":"ふじつ温泉前","nearest_public_transport_distance_m":1331.4358444545169,"nearest_medical_name":"市立舞鶴市民病院加佐診療所","nearest_medical_distance_m":2077.6633111531432,"nearest_medical_access_class":"likely_public","nearest_hospital_name":"舞鶴赤十字病院","nearest_hospital_distance_m":5096.242156677637,"elderly_population_percentile":0.1206293706293706,"transport_distance_percentile":0.7797202797202797,"medical_distance_percentile":0.7167832167832168,"exploratory_score_c":0.0674185984439542,"pareto_frontier":false},"geometry":{"type":"Polygon","coordinates":[[[135.28125,35.458333333333336],[135.2875,35.458333333333336],[135.2875,35.4625],[135.28125,35.4625],[135.28125,35.458333333333336]]]},"id":"533512522"},{"type":"Feature","properties":{"mesh_code":"533512523","area_label":"東雲駅周辺","area_label_basis":"最寄りの実在公共交通名称（行政地名ではない）","rank":89,"population":24,"elderly_population":10.0,"elderly_ratio":0.4166666666666667,"centroid_lat":35.46458333333334,"centroid_lon":135.278125,"city_area_fraction":1.0,"disclosure_status":"unaffected","primary_eligible":true,"nearest_station_name":"東雲駅","nearest_station_distance_m":1312.6550385413923,"nearest_bus_stop_name":"ふじつ温泉前","nearest_bus_stop_distance_m":1724.87061029312,"nearest_public_transport_type":"station","nearest_public_transport_name":"東雲駅","nearest_public_transport_distance_m":1312.6550385413923,"nearest_medical_name":"市立舞鶴市民病院加佐診療所","nearest_medical_distance_m":1844.1845269997152,"nearest_medical_access_class":"likely_public","nearest_hospital_name":"舞鶴赤十字病院","nearest_hospital_distance_m":5791.982084226043,"elderly_population_percentile":0.2272727272727272,"transport_distance_percentile":0.7762237762237763,"medical_distance_percentile":0.6783216783216783,"exploratory_score_c":0.1196657760548415,"pareto_frontier":false},"geometry":{"type":"Polygon","coordinates":[[[135.275,35.4625],[135.28125,35.4625],[135.28125,35.466666666666676],[135.275,35.466666666666676],[135.275,35.4625]]]},"id":"533512523"},{"type":"Feature","properties":{"mesh_code":"533512524","area_label":"東雲駅周辺","area_label_basis":"最寄りの実在公共交通名称（行政地名ではない）","rank":null,"population":20,"elderly_population":5.0,"elderly_ratio":0.25,"centroid_lat":35.46458333333334,"centroid_lon":135.284375,"city_area_fraction":1.0,"disclosure_status":"unaffected","primary_eligible":false,"nearest_station_name":"東雲駅","nearest_station_distance_m":1158.3599586735502,"nearest_bus_stop_name":"ふじつ温泉前","nearest_bus_stop_distance_m":1774.5871139782469,"nearest_public_transport_type":"station","nearest_public_transport_name":"東雲駅","nearest_public_transport_distance_m":1158.3599586735502,"nearest_medical_name":"市立舞鶴市民病院加佐診療所","nearest_medical_distance_m":2293.429530492388,"nearest_medical_access_class":"likely_public","nearest_hospital_name":"舞鶴赤十字病院","nearest_hospital_distance_m":5271.420406563412,"elderly_population_percentile":0.0646853146853146,"transport_distance_percentile":0.7412587412587412,"medical_distance_percentile":0.7412587412587412,"exploratory_score_c":0.0355422854811578,"pareto_frontier":false},"geometry":{"type":"Polygon","coordinates":[[[135.28125,35.4625],[135.2875,35.4625],[135.2875,35.466666666666676],[135.28125,35.466666666666676],[135.28125,35.4625]]]},"id":"533512524"},{"type":"Feature","properties":{"mesh_code":"533512531","area_label":"一盃水バス停周辺","area_label_basis":"最寄りの実在公共交通名称（行政地名ではない）","rank":null,"population":50,"elderly_population":null,"elderly_ratio":null,"centroid_lat":35.460416666666674,"centroid_lon":135.290625,"city_area_fraction":0.9999999999999998,"disclosure_status":"aggregation_destination","primary_eligible":false,"nearest_station_name":"四所駅","nearest_station_distance_m":1586.298109654042,"nearest_bus_stop_name":"一盃水","nearest_bus_stop_distance_m":1419.7455921109902,"nearest_public_transport_type":"bus_stop","nearest_public_transport_name":"一盃水","nearest_public_transport_distance_m":1419.7455921109902,"nearest_medical_name":"市立舞鶴市民病院加佐診療所","nearest_medical_distance_m":2611.3825546451953,"nearest_medical_access_class":"likely_public","nearest_hospital_name":"舞鶴赤十字病院","nearest_hospital_distance_m":4566.838615954901,"elderly_population_percentile":null,"transport_distance_percentile":null,"medical_distance_percentile":null,"exploratory_score_c":null,"pareto_frontier":null},"geometry":{"type":"Polygon","coordinates":[[[135.2875,35.458333333333336],[135.29375,35.458333333333336],[135.29375,35.4625],[135.2875,35.4625],[135.2875,35.458333333333336]]]},"id":"533512531"},{"type":"Feature","properties":{"mesh_code":"533512533","area_label":"東雲駅周辺","area_label_basis":"最寄りの実在公共交通名称（行政地名ではない）","rank":null,"population":6,"elderly_population":null,"elderly_ratio":null,"centroid_lat":35.46458333333334,"centroid_lon":135.290625,"city_area_fraction":0.9999999999999998,"disclosure_status":"suppressed_source","primary_eligible":false,"nearest_station_name":"東雲駅","nearest_station_distance_m":1266.5161114332584,"nearest_bus_stop_name":"一盃水","nearest_bus_stop_distance_m":1864.924765242536,"nearest_public_transport_type":"station","nearest_public_transport_name":"東雲駅","nearest_public_transport_distance_m":1266.5161114332584,"nearest_medical_name":"市立舞鶴市民病院加佐診療所","nearest_medical_distance_m":2786.0945965079372,"nearest_medical_access_class":"likely_public","nearest_hospital_name":"舞鶴赤十字病院","nearest_hospital_distance_m":4761.561311191294,"elderly_population_percentile":null,"transport_distance_percentile":null,"medical_distance_percentile":null,"exploratory_score_c":null,"pareto_frontier":null},"geometry":{"type":"Polygon","coordinates":[[[135.2875,35.4625],[135.29375,35.4625],[135.29375,35.466666666666676],[135.2875,35.466666666666676],[135.2875,35.4625]]]},"id":"533512533"},{"type":"Feature","properties":{"mesh_code":"533512542","area_label":"下福井バス停周辺","area_label_basis":"最寄りの実在公共交通名称（行政地名ではない）","rank":22,"population":173,"elderly_population":69.0,"elderly_ratio":0.3988439306358382,"centroid_lat":35.460416666666674,"centroid_lon":135.309375,"city_area_fraction":0.9687555895764107,"disclosure_status":"unaffected","primary_eligible":true,"nearest_station_name":"四所駅","nearest_station_distance_m":2331.212111760532,"nearest_bus_stop_name":"下福井","nearest_bus_stop_distance_m":1277.6636645903181,"nearest_public_transport_type":"bus_stop","nearest_public_transport_name":"下福井","nearest_public_transport_distance_m":1277.6636645903181,"nearest_medical_name":"国土交通省共済組合第八管区 海上保安本部支部診療所","nearest_medical_distance_m":1311.820511022164,"nearest_medical_access_class":"likely_public","nearest_hospital_name":"舞鶴赤十字病院","nearest_hospital_distance_m":3061.347294762786,"elderly_population_percentile":0.6608391608391608,"transport_distance_percentile":0.7692307692307693,"medical_distance_percentile":0.5594405594405595,"exploratory_score_c":0.2843847921846846,"pareto_frontier":false},"geometry":{"type":"Polygon","coordinates":[[[135.30625,35.458333333333336],[135.3125,35.458333333333336],[135.3125,35.4625],[135.30625,35.4625],[135.30625,35.458333333333336]]]},"id":"533512542"},{"type":"Feature","properties":{"mesh_code":"533512551","area_label":"合同庁舎前バス停周辺","area_label_basis":"最寄りの実在公共交通名称（行政地名ではない）","rank":101,"population":37,"elderly_population":13.0,"elderly_ratio":0.35135135135135137,"centroid_lat":35.460416666666674,"centroid_lon":135.315625,"city_area_fraction":0.5416383385772581,"disclosure_status":"unaffected","primary_eligible":true,"nearest_station_name":"西舞鶴駅","nearest_station_distance_m":2476.7870558923432,"nearest_bus_stop_name":"合同庁舎前","nearest_bus_stop_distance_m":1143.3089616982988,"nearest_public_transport_type":"bus_stop","nearest_public_transport_name":"合同庁舎前","nearest_public_transport_distance_m":1143.3089616982988,"nearest_medical_name":"国土交通省共済組合第八管区 海上保安本部支部診療所","nearest_medical_distance_m":1098.280423972322,"nearest_medical_access_class":"likely_public","nearest_hospital_name":"舞鶴赤十字病院","nearest_hospital_distance_m":2613.6944879449634,"elderly_population_percentile":0.2884615384615384,"transport_distance_percentile":0.7307692307692307,"medical_distance_percentile":0.4895104895104895,"exploratory_score_c":0.1031882318864567,"pareto_frontier":false},"geometry":{"type":"Polygon","coordinates":[[[135.3125,35.458333333333336],[135.31875,35.458333333333336],[135.31875,35.4625],[135.3125,35.4625],[135.3125,35.458333333333336]]]},"id":"533512551"},{"type":"Feature","properties":{"mesh_code":"533512553","area_label":"二尾バス停周辺","area_label_basis":"最寄りの実在公共交通名称（行政地名ではない）","rank":null,"population":21,"elderly_population":9.0,"elderly_ratio":0.42857142857142855,"centroid_lat":35.46458333333334,"centroid_lon":135.315625,"city_area_fraction":0.7578554303836922,"disclosure_status":"unaffected","primary_eligible":false,"nearest_station_name":"西舞鶴駅","nearest_station_distance_m":2874.9498018506692,"nearest_bus_stop_name":"二尾","nearest_bus_stop_distance_m":1306.4595930769244,"nearest_public_transport_type":"bus_stop","nearest_public_transport_name":"二尾","nearest_public_transport_distance_m":1306.4595930769244,"nearest_medical_name":"国土交通省共済組合第八管区 海上保安本部支部診療所","nearest_medical_distance_m":1556.6224480496833,"nearest_medical_access_class":"likely_public","nearest_hospital_name":"舞鶴赤十字病院","nearest_hospital_distance_m":2940.844594240611,"elderly_population_percentile":0.1923076923076923,"transport_distance_percentile":0.7727272727272727,"medical_distance_percentile":0.6328671328671329,"exploratory_score_c":0.0940449410729131,"pareto_frontier":false},"geometry":{"type":"Polygon","coordinates":[[[135.3125,35.4625],[135.31875,35.4625],[135.31875,35.466666666666676],[135.3125,35.466666666666676],[135.3125,35.4625]]]},"id":"533512553"},{"type":"Feature","properties":{"mesh_code":"533512561","area_label":"東吉原バス停周辺","area_label_basis":"最寄りの実在公共交通名称（行政地名ではない）","rank":95,"population":246,"elderly_population":104.0,"elderly_ratio":0.42276422764227645,"centroid_lat":35.460416666666674,"centroid_lon":135.328125,"city_area_fraction":0.7378082637062175,"disclosure_status":"unaffected","primary_eligible":true,"nearest_station_name":"西舞鶴駅","nearest_station_distance_m":2085.365148329868,"nearest_bus_stop_name":"東吉原","nearest_bus_stop_distance_m":311.8748319816084,"nearest_public_transport_type":"bus_stop","nearest_public_transport_name":"東吉原","nearest_public_transport_distance_m":311.8748319816084,"nearest_medical_name":"隅山医院","nearest_medical_distance_m":957.9785692244318,"nearest_medical_access_class":"likely_public","nearest_hospital_name":"舞鶴赤十字病院","nearest_hospital_distance_m":1918.828596719226,"elderly_population_percentile":0.743006993006993,"transport_distance_percentile":0.3356643356643357,"medical_distance_percentile":0.4475524475524475,"exploratory_score_c":0.1116200050133249,"pareto_frontier":false},"geometry":{"type":"Polygon","coordinates":[[[135.325,35.458333333333336],[135.33125,35.458333333333336],[135.33125,35.4625],[135.325,35.4625],[135.325,35.458333333333336]]]},"id":"533512561"},{"type":"Feature","properties":{"mesh_code":"533512563","area_label":"二尾バス停周辺","area_label_basis":"最寄りの実在公共交通名称（行政地名ではない）","rank":152,"population":67,"elderly_population":22.0,"elderly_ratio":0.3283582089552239,"centroid_lat":35.46458333333334,"centroid_lon":135.328125,"city_area_fraction":0.5238145485621385,"disclosure_status":"unaffected","primary_eligible":true,"nearest_station_name":"西舞鶴駅","nearest_station_distance_m":2545.525186326431,"nearest_bus_stop_name":"二尾","nearest_bus_stop_distance_m":184.38741202237432,"nearest_public_transport_type":"bus_stop","nearest_public_transport_name":"二尾","nearest_public_transport_distance_m":184.38741202237432,"nearest_medical_name":"隅山医院","nearest_medical_distance_m":1402.4071112461568,"nearest_medical_access_class":"likely_public","nearest_hospital_name":"舞鶴赤十字病院","nearest_hospital_distance_m":2345.0438243158856,"elderly_population_percentile":0.4335664335664335,"transport_distance_percentile":0.1643356643356643,"medical_distance_percentile":0.5909090909090909,"exploratory_score_c":0.0421025255735999,"pareto_frontier":false},"geometry":{"type":"Polygon","coordinates":[[[135.325,35.4625],[135.33125,35.4625],[135.33125,35.466666666666676],[135.325,35.466666666666676],[135.325,35.4625]]]},"id":"533512563"},{"type":"Feature","properties":{"mesh_code":"533512564","area_label":"二尾バス停周辺","area_label_basis":"最寄りの実在公共交通名称（行政地名ではない）","rank":null,"population":22,"elderly_population":6.0,"elderly_ratio":0.2727272727272727,"centroid_lat":35.46458333333334,"centroid_lon":135.334375,"city_area_fraction":0.9999999999999998,"disclosure_status":"unaffected","primary_eligible":false,"nearest_station_name":"西舞鶴駅","nearest_station_distance_m":2559.7973778109017,"nearest_bus_stop_name":"二尾","nearest_bus_stop_distance_m":403.7292201976042,"nearest_public_transport_type":"bus_stop","nearest_public_transport_name":"二尾","nearest_public_transport_distance_m":403.7292201976042,"nearest_medical_name":"特別養護老人ホーム安寿苑","nearest_medical_distance_m":1368.8613717361702,"nearest_medical_access_class":"likely_public","nearest_hospital_name":"舞鶴赤十字病院","nearest_hospital_distance_m":2211.3818668289646,"elderly_population_percentile":0.0909090909090909,"transport_distance_percentile":0.4230769230769231,"medical_distance_percentile":0.5769230769230769,"exploratory_score_c":0.022189349112426,"pareto_frontier":false},"geometry":{"type":"Polygon","coordinates":[[[135.33125,35.4625],[135.3375,35.4625],[135.3375,35.466666666666676],[135.33125,35.466666666666676],[135.33125,35.4625]]]},"id":"533512564"},{"type":"Feature","properties":{"mesh_code":"533512581","area_label":"五老トンネル西口バス停周辺","area_label_basis":"最寄りの実在公共交通名称（行政地名ではない）","rank":91,"population":127,"elderly_population":68.0,"elderly_ratio":0.5354330708661418,"centroid_lat":35.460416666666674,"centroid_lon":135.353125,"city_area_fraction":0.9999999999999998,"disclosure_status":"unaffected","primary_eligible":true,"nearest_station_name":"西舞鶴駅","nearest_station_distance_m":2916.014143756674,"nearest_bus_stop_name":"五老トンネル西口","nearest_bus_stop_distance_m":391.564166873634,"nearest_public_transport_type":"bus_stop","nearest_public_transport_name":"五老トンネル西口","nearest_public_transport_distance_m":391.564166873634,"nearest_medical_name":"特別養護老人ホーム安寿苑","nearest_medical_distance_m":930.2425990980211,"nearest_medical_access_class":"likely_public","nearest_hospital_name":"市立舞鶴市民病院","nearest_hospital_distance_m":2203.8108733932945,"elderly_population_percentile":0.6573426573426573,"transport_distance_percentile":0.4160839160839161,"medical_distance_percentile":0.43006993006993,"exploratory_score_c":0.1176283005956828,"pareto_frontier":false},"geometry":{"type":"Polygon","coordinates":[[[135.35,35.458333333333336],[135.35625,35.458333333333336],[135.35625,35.4625],[135.35,35.4625],[135.35,35.458333333333336]]]},"id":"533512581"},{"type":"Feature","properties":{"mesh_code":"533512582","area_label":"五老ヶ岳公園口バス停周辺","area_label_basis":"最寄りの実在公共交通名称（行政地名ではない）","rank":169,"population":34,"elderly_population":21.0,"elderly_ratio":0.6176470588235294,"centroid_lat":35.460416666666674,"centroid_lon":135.359375,"city_area_fraction":1.0,"disclosure_status":"unaffected","primary_eligible":true,"nearest_station_name":"西舞鶴駅","nearest_station_distance_m":3339.3528446742393,"nearest_bus_stop_name":"五老ヶ岳公園口","nearest_bus_stop_distance_m":156.38218560847886,"nearest_public_transport_type":"bus_stop","nearest_public_transport_name":"五老ヶ岳公園口","nearest_public_transport_distance_m":156.38218560847886,"nearest_medical_name":"特別養護老人ホーム真愛の家寿荘医務室","nearest_medical_distance_m":995.2282171336259,"nearest_medical_access_class":"uncertain_access","nearest_hospital_name":"市立舞鶴市民病院","nearest_hospital_distance_m":2580.903250355295,"elderly_population_percentile":0.4195804195804196,"transport_distance_percentile":0.1398601398601398,"medical_distance_percentile":0.4545454545454545,"exploratory_score_c":0.0266738982568607,"pareto_frontier":false},"geometry":{"type":"Polygon","coordinates":[[[135.35625,35.458333333333336],[135.3625,35.458333333333336],[135.3625,35.4625],[135.35625,35.4625],[135.35625,35.458333333333336]]]},"id":"533512582"},{"type":"Feature","properties":{"mesh_code":"533512584","area_label":"五老ヶ岳公園口バス停周辺","area_label_basis":"最寄りの実在公共交通名称（行政地名ではない）","rank":159,"population":47,"elderly_population":12.0,"elderly_ratio":0.2553191489361702,"centroid_lat":35.46458333333334,"centroid_lon":135.359375,"city_area_fraction":1.0000000000000002,"disclosure_status":"unaffected","primary_eligible":true,"nearest_station_name":"東舞鶴駅","nearest_station_distance_m":3246.816887485821,"nearest_bus_stop_name":"五老ヶ岳公園口","nearest_bus_stop_distance_m":339.39266214500185,"nearest_public_transport_type":"bus_stop","nearest_public_transport_name":"五老ヶ岳公園口","nearest_public_transport_distance_m":339.39266214500185,"nearest_medical_name":"医療法人社団外松医院","nearest_medical_distance_m":771.5003850409812,"nearest_medical_access_class":"likely_public","nearest_hospital_name":"市立舞鶴市民病院","nearest_hospital_distance_m":2918.1270670256436,"elderly_population_percentile":0.2779720279720279,"transport_distance_percentile":0.3706293706293706,"medical_distance_percentile":0.3496503496503496,"exploratory_score_c":0.0360225866363085,"pareto_frontier":false},"geometry":{"type":"Polygon","coordinates":[[[135.35625,35.4625],[135.3625,35.4625],[135.3625,35.466666666666676],[135.35625,35.466666666666676],[135.35625,35.4625]]]},"id":"533512584"},{"type":"Feature","properties":{"mesh_code":"533512593","area_label":"道芝口バス停周辺","area_label_basis":"最寄りの実在公共交通名称（行政地名ではない）","rank":145,"population":62,"elderly_population":28.0,"elderly_ratio":0.45161290322580644,"centroid_lat":35.46458333333334,"centroid_lon":135.365625,"city_area_fraction":1.0,"disclosure_status":"unaffected","primary_eligible":true,"nearest_station_name":"東舞鶴駅","nearest_station_distance_m":2686.0152100114988,"nearest_bus_stop_name":"道芝口","nearest_bus_stop_distance_m":387.84480067289763,"nearest_public_transport_type":"bus_stop","nearest_public_transport_name":"道芝口","nearest_public_transport_distance_m":387.84480067289763,"nearest_medical_name":"医療法人社団外松医院","nearest_medical_distance_m":580.3246239794789,"nearest_medical_access_class":"likely_public","nearest_hospital_name":"国家公務員共済組合連合会 舞鶴共済病院","nearest_hospital_distance_m":2395.796760567063,"elderly_population_percentile":0.5262237762237763,"transport_distance_percentile":0.4125874125874126,"medical_distance_percentile":0.2307692307692307,"exploratory_score_c":0.0501030706786489,"pareto_frontier":false},"geometry":{"type":"Polygon","coordinates":[[[135.3625,35.4625],[135.36875,35.4625],[135.36875,35.466666666666676],[135.3625,35.466666666666676],[135.3625,35.4625]]]},"id":"533512593"},{"type":"Feature","properties":{"mesh_code":"533512594","area_label":"舞鶴市リサイクルプラザ前バス停周辺","area_label_basis":"最寄りの実在公共交通名称（行政地名ではない）","rank":122,"population":33,"elderly_population":14.0,"elderly_ratio":0.42424242424242425,"centroid_lat":35.46458333333334,"centroid_lon":135.371875,"city_area_fraction":1.0,"disclosure_status":"unaffected","primary_eligible":true,"nearest_station_name":"東舞鶴駅","nearest_station_distance_m":2128.6393402209324,"nearest_bus_stop_name":"舞鶴市リサイクルプラザ前","nearest_bus_stop_distance_m":725.6273654718804,"nearest_public_transport_type":"bus_stop","nearest_public_transport_name":"舞鶴市リサイクルプラザ前","nearest_public_transport_distance_m":725.6273654718804,"nearest_medical_name":"医療法人社団外松医院","nearest_medical_distance_m":849.6460459260143,"nearest_medical_access_class":"likely_public","nearest_hospital_name":"国家公務員共済組合連合会 舞鶴共済病院","nearest_hospital_distance_m":1848.8753782194372,"elderly_population_percentile":0.3024475524475524,"transport_distance_percentile":0.6538461538461539,"medical_distance_percentile":0.3916083916083916,"exploratory_score_c":0.0774421920199219,"pareto_frontier":false},"geometry":{"type":"Polygon","coordinates":[[[135.36875,35.4625],[135.375,35.4625],[135.375,35.466666666666676],[135.36875,35.466666666666676],[135.36875,35.4625]]]},"id":"533512594"},{"type":"Feature","properties":{"mesh_code":"533512621","area_label":"東雲駅周辺","area_label_basis":"最寄りの実在公共交通名称（行政地名ではない）","rank":null,"population":2,"elderly_population":null,"elderly_ratio":null,"centroid_lat":35.46875,"centroid_lon":135.278125,"city_area_fraction":0.9999999999999998,"disclosure_status":"suppressed_source","primary_eligible":false,"nearest_station_name":"東雲駅","nearest_station_distance_m":931.0693004494667,"nearest_bus_stop_name":"藤津","nearest_bus_stop_distance_m":2166.8000715549447,"nearest_public_transport_type":"station","nearest_public_transport_name":"東雲駅","nearest_public_transport_distance_m":931.0693004494667,"nearest_medical_name":"市立舞鶴市民病院加佐診療所","nearest_medical_distance_m":2184.405918415392,"nearest_medical_access_class":"likely_public","nearest_hospital_name":"舞鶴赤十字病院","nearest_hospital_distance_m":5982.501798564369,"elderly_population_percentile":null,"transport_distance_percentile":null,"medical_distance_percentile":null,"exploratory_score_c":null,"pareto_frontier":null},"geometry":{"type":"Polygon","coordinates":[[[135.275,35.46666666666667],[135.28125,35.46666666666667],[135.28125,35.47083333333334],[135.275,35.47083333333334],[135.275,35.46666666666667]]]},"id":"533512621"},{"type":"Feature","properties":{"mesh_code":"533512622","area_label":"東雲駅周辺","area_label_basis":"最寄りの実在公共交通名称（行政地名ではない）","rank":null,"population":29,"elderly_population":null,"elderly_ratio":null,"centroid_lat":35.46875,"centroid_lon":135.284375,"city_area_fraction":0.9999999999999998,"disclosure_status":"aggregation_destination","primary_eligible":false,"nearest_station_name":"東雲駅","nearest_station_distance_m":696.8823666010505,"nearest_bus_stop_name":"ふじつ温泉前","nearest_bus_stop_distance_m":2225.528715579238,"nearest_public_transport_type":"station","nearest_public_transport_name":"東雲駅","nearest_public_transport_distance_m":696.8823666010505,"nearest_medical_name":"市立舞鶴市民病院加佐診療所","nearest_medical_distance_m":2574.9435970537434,"nearest_medical_access_class":"likely_public","nearest_hospital_name":"舞鶴赤十字病院","nearest_hospital_distance_m":5480.094837922566,"elderly_population_percentile":null,"transport_distance_percentile":null,"medical_distance_percentile":null,"exploratory_score_c":null,"pareto_frontier":null},"geometry":{"type":"Polygon","coordinates":[[[135.28125,35.46666666666667],[135.2875,35.46666666666667],[135.2875,35.47083333333334],[135.28125,35.47083333333334],[135.28125,35.46666666666667]]]},"id":"533512622"},{"type":"Feature","properties":{"mesh_code":"533512623","area_label":"東雲駅周辺","area_label_basis":"最寄りの実在公共交通名称（行政地名ではない）","rank":null,"population":7,"elderly_population":null,"elderly_ratio":null,"centroid_lat":35.47291666666668,"centroid_lon":135.278125,"city_area_fraction":1.0000000000000002,"disclosure_status":"suppressed_source","primary_eligible":false,"nearest_station_name":"東雲駅","nearest_station_distance_m":661.8886334919114,"nearest_bus_stop_name":"八田・由良川学園前","nearest_bus_stop_distance_m":2580.5564646412668,"nearest_public_transport_type":"station","nearest_public_transport_name":"東雲駅","nearest_public_transport_distance_m":661.8886334919114,"nearest_medical_name":"市立舞鶴市民病院加佐診療所","nearest_medical_distance_m":2563.127870839859,"nearest_medical_access_class":"likely_public","nearest_hospital_name":"舞鶴赤十字病院","nearest_hospital_distance_m":6201.691516135454,"elderly_population_percentile":null,"transport_distance_percentile":null,"medical_distance_percentile":null,"exploratory_score_c":null,"pareto_frontier":null},"geometry":{"type":"Polygon","coordinates":[[[135.275,35.47083333333334],[135.28125,35.47083333333334],[135.28125,35.475],[135.275,35.475],[135.275,35.47083333333334]]]},"id":"533512623"},{"type":"Feature","properties":{"mesh_code":"533512624","area_label":"東雲駅周辺","area_label_basis":"最寄りの実在公共交通名称（行政地名ではない）","rank":null,"population":1,"elderly_population":null,"elderly_ratio":null,"centroid_lat":35.47291666666668,"centroid_lon":135.284375,"city_area_fraction":1.0,"disclosure_status":"suppressed_source","primary_eligible":false,"nearest_station_name":"東雲駅","nearest_station_distance_m":238.4776992817227,"nearest_bus_stop_name":"ふじつ温泉前","nearest_bus_stop_distance_m":2680.3317339904984,"nearest_public_transport_type":"station","nearest_public_transport_name":"東雲駅","nearest_public_transport_distance_m":238.4776992817227,"nearest_medical_name":"市立舞鶴市民病院加佐診療所","nearest_medical_distance_m":2903.1417920061667,"nearest_medical_access_class":"likely_public","nearest_hospital_name":"舞鶴赤十字病院","nearest_hospital_distance_m":5718.599827702553,"elderly_population_percentile":null,"transport_distance_percentile":null,"medical_distance_percentile":null,"exploratory_score_c":null,"pareto_frontier":null},"geometry":{"type":"Polygon","coordinates":[[[135.28125,35.47083333333334],[135.2875,35.47083333333334],[135.2875,35.475],[135.28125,35.475],[135.28125,35.47083333333334]]]},"id":"533512624"},{"type":"Feature","properties":{"mesh_code":"533512631","area_label":"東雲駅周辺","area_label_basis":"最寄りの実在公共交通名称（行政地名ではない）","rank":null,"population":13,"elderly_population":8.0,"elderly_ratio":0.6153846153846154,"centroid_lat":35.46875,"centroid_lon":135.290625,"city_area_fraction":1.0,"disclosure_status":"unaffected","primary_eligible":false,"nearest_station_name":"東雲駅","nearest_station_distance_m":864.8106990787932,"nearest_bus_stop_name":"一盃水","nearest_bus_stop_distance_m":2316.8062326778495,"nearest_public_transport_type":"station","nearest_public_transport_name":"東雲駅","nearest_public_transport_distance_m":864.8106990787932,"nearest_medical_name":"市立舞鶴市民病院加佐診療所","nearest_medical_distance_m":3022.0371101503065,"nearest_medical_access_class":"likely_public","nearest_hospital_name":"舞鶴赤十字病院","nearest_hospital_distance_m":4991.622410003726,"elderly_population_percentile":0.1573426573426573,"transport_distance_percentile":0.6888111888111889,"medical_distance_percentile":0.8461538461538461,"exploratory_score_c":0.09170563164646,"pareto_frontier":false},"geometry":{"type":"Polygon","coordinates":[[[135.2875,35.46666666666667],[135.29375,35.46666666666667],[135.29375,35.47083333333334],[135.2875,35.47083333333334],[135.2875,35.46666666666667]]]},"id":"533512631"},{"type":"Feature","properties":{"mesh_code":"533512633","area_label":"東雲駅周辺","area_label_basis":"最寄りの実在公共交通名称（行政地名ではない）","rank":24,"population":74,"elderly_population":34.0,"elderly_ratio":0.4594594594594595,"centroid_lat":35.47291666666668,"centroid_lon":135.290625,"city_area_fraction":1.0,"disclosure_status":"unaffected","primary_eligible":true,"nearest_station_name":"東雲駅","nearest_station_distance_m":564.8990913221178,"nearest_bus_stop_name":"一盃水","nearest_bus_stop_distance_m":2772.114471977421,"nearest_public_transport_type":"station","nearest_public_transport_name":"東雲駅","nearest_public_transport_distance_m":564.8990913221178,"nearest_medical_name":"市立舞鶴市民病院加佐診療所","nearest_medical_distance_m":3306.1269349601184,"nearest_medical_access_class":"likely_public","nearest_hospital_name":"舞鶴赤十字病院","nearest_hospital_distance_m":5252.380442804056,"elderly_population_percentile":0.5681818181818182,"transport_distance_percentile":0.548951048951049,"medical_distance_percentile":0.8671328671328671,"exploratory_score_c":0.2704622142002943,"pareto_frontier":false},"geometry":{"type":"Polygon","coordinates":[[[135.2875,35.47083333333334],[135.29375,35.47083333333334],[135.29375,35.475],[135.2875,35.475],[135.2875,35.47083333333334]]]},"id":"533512633"},{"type":"Feature","properties":{"mesh_code":"533512644","area_label":"二尾バス停周辺","area_label_basis":"最寄りの実在公共交通名称（行政地名ではない）","rank":null,"population":13,"elderly_population":8.0,"elderly_ratio":0.6153846153846154,"centroid_lat":35.47291666666668,"centroid_lon":135.309375,"city_area_fraction":1.0,"disclosure_status":"unaffected","primary_eligible":false,"nearest_station_name":"東雲駅","nearest_station_distance_m":2228.5864738882033,"nearest_bus_stop_name":"二尾","nearest_bus_stop_distance_m":2120.2270518007467,"nearest_public_transport_type":"bus_stop","nearest_public_transport_name":"二尾","nearest_public_transport_distance_m":2120.2270518007467,"nearest_medical_name":"国土交通省共済組合第八管区 海上保安本部支部診療所","nearest_medical_distance_m":2579.435634079029,"nearest_medical_access_class":"likely_public","nearest_hospital_name":"舞鶴赤十字病院","nearest_hospital_distance_m":4013.1149648945866,"elderly_population_percentile":0.1573426573426573,"transport_distance_percentile":0.8881118881118881,"medical_distance_percentile":0.7832167832167832,"exploratory_score_c":0.109445056386227,"pareto_frontier":false},"geometry":{"type":"Polygon","coordinates":[[[135.30625,35.47083333333334],[135.3125,35.47083333333334],[135.3125,35.475],[135.30625,35.475],[135.30625,35.47083333333334]]]},"id":"533512644"},{"type":"Feature","properties":{"mesh_code":"533512651","area_label":"二尾バス停周辺","area_label_basis":"最寄りの実在公共交通名称（行政地名ではない）","rank":null,"population":1,"elderly_population":null,"elderly_ratio":null,"centroid_lat":35.46875,"centroid_lon":135.315625,"city_area_fraction":0.9755449414698503,"disclosure_status":"suppressed_source","primary_eligible":false,"nearest_station_name":"東雲駅","nearest_station_distance_m":2869.119761500274,"nearest_bus_stop_name":"二尾","nearest_bus_stop_distance_m":1409.462503547122,"nearest_public_transport_type":"bus_stop","nearest_public_transport_name":"二尾","nearest_public_transport_distance_m":1409.462503547122,"nearest_medical_name":"隅山医院","nearest_medical_distance_m":2002.0285892133995,"nearest_medical_access_class":"likely_public","nearest_hospital_name":"舞鶴赤十字病院","nearest_hospital_distance_m":3300.4712588566326,"elderly_population_percentile":null,"transport_distance_percentile":null,"medical_distance_percentile":null,"exploratory_score_c":null,"pareto_frontier":null},"geometry":{"type":"Polygon","coordinates":[[[135.3125,35.46666666666667],[135.31875,35.46666666666667],[135.31875,35.47083333333334],[135.3125,35.47083333333334],[135.3125,35.46666666666667]]]},"id":"533512651"},{"type":"Feature","properties":{"mesh_code":"533512653","area_label":"二尾バス停周辺","area_label_basis":"最寄りの実在公共交通名称（行政地名ではない）","rank":null,"population":7,"elderly_population":null,"elderly_ratio":null,"centroid_lat":35.47291666666668,"centroid_lon":135.315625,"city_area_fraction":0.7158606250070791,"disclosure_status":"aggregation_destination","primary_eligible":false,"nearest_station_name":"東雲駅","nearest_station_distance_m":2793.327239598382,"nearest_bus_stop_name":"二尾","nearest_bus_stop_distance_m":1641.2519423627311,"nearest_public_transport_type":"bus_stop","nearest_public_transport_name":"二尾","nearest_public_transport_distance_m":1641.2519423627311,"nearest_medical_name":"隅山医院","nearest_medical_distance_m":2431.4329771533185,"nearest_medical_access_class":"likely_public","nearest_hospital_name":"舞鶴赤十字病院","nearest_hospital_distance_m":3683.0735216964376,"elderly_population_percentile":null,"transport_distance_percentile":null,"medical_distance_percentile":null,"exploratory_score_c":null,"pareto_frontier":null},"geometry":{"type":"Polygon","coordinates":[[[135.3125,35.47083333333334],[135.31875,35.47083333333334],[135.31875,35.475],[135.3125,35.475],[135.3125,35.47083333333334]]]},"id":"533512653"},{"type":"Feature","properties":{"mesh_code":"533512654","area_label":"二尾バス停周辺","area_label_basis":"最寄りの実在公共交通名称（行政地名ではない）","rank":null,"population":5,"elderly_population":null,"elderly_ratio":null,"centroid_lat":35.47291666666668,"centroid_lon":135.321875,"city_area_fraction":0.08587203142181299,"disclosure_status":"suppressed_source","primary_eligible":false,"nearest_station_name":"東雲駅","nearest_station_distance_m":3358.900451763522,"nearest_bus_stop_name":"二尾","nearest_bus_stop_distance_m":1239.1937714402866,"nearest_public_transport_type":"bus_stop","nearest_public_transport_name":"二尾","nearest_public_transport_distance_m":1239.1937714402866,"nearest_medical_name":"隅山医院","nearest_medical_distance_m":2303.8169057675887,"nearest_medical_access_class":"likely_public","nearest_hospital_name":"舞鶴赤十字病院","nearest_hospital_distance_m":3415.943612068622,"elderly_population_percentile":null,"transport_distance_percentile":null,"medical_distance_percentile":null,"exploratory_score_c":null,"pareto_frontier":null},"geometry":{"type":"Polygon","coordinates":[[[135.31875,35.47083333333334],[135.325,35.47083333333334],[135.325,35.475],[135.31875,35.475],[135.31875,35.47083333333334]]]},"id":"533512654"},{"type":"Feature","properties":{"mesh_code":"533512661","area_label":"二尾バス停周辺","area_label_basis":"最寄りの実在公共交通名称（行政地名ではない）","rank":null,"population":10,"elderly_population":null,"elderly_ratio":null,"centroid_lat":35.46875,"centroid_lon":135.328125,"city_area_fraction":0.10923965469238112,"disclosure_status":"aggregation_destination","primary_eligible":false,"nearest_station_name":"西舞鶴駅","nearest_station_distance_m":3006.3307505625057,"nearest_bus_stop_name":"二尾","nearest_bus_stop_distance_m":560.2074651924175,"nearest_public_transport_type":"bus_stop","nearest_public_transport_name":"二尾","nearest_public_transport_distance_m":560.2074651924175,"nearest_medical_name":"隅山医院","nearest_medical_distance_m":1855.570938983065,"nearest_medical_access_class":"likely_public","nearest_hospital_name":"舞鶴赤十字病院","nearest_hospital_distance_m":2782.7922535044454,"elderly_population_percentile":null,"transport_distance_percentile":null,"medical_distance_percentile":null,"exploratory_score_c":null,"pareto_frontier":null},"geometry":{"type":"Polygon","coordinates":[[[135.325,35.46666666666667],[135.33125,35.46666666666667],[135.33125,35.47083333333334],[135.325,35.47083333333334],[135.325,35.46666666666667]]]},"id":"533512661"},{"type":"Feature","properties":{"mesh_code":"533512662","area_label":"二尾バス停周辺","area_label_basis":"最寄りの実在公共交通名称（行政地名ではない）","rank":null,"population":11,"elderly_population":null,"elderly_ratio":null,"centroid_lat":35.46875,"centroid_lon":135.334375,"city_area_fraction":0.857041640117197,"disclosure_status":"suppressed_source","primary_eligible":false,"nearest_station_name":"西舞鶴駅","nearest_station_distance_m":3018.4238924200386,"nearest_bus_stop_name":"二尾","nearest_bus_stop_distance_m":665.4502823753319,"nearest_public_transport_type":"bus_stop","nearest_public_transport_name":"二尾","nearest_public_transport_distance_m":665.4502823753319,"nearest_medical_name":"特別養護老人ホーム安寿苑","nearest_medical_distance_m":1734.2748288305595,"nearest_medical_access_class":"likely_public","nearest_hospital_name":"舞鶴赤十字病院","nearest_hospital_distance_m":2671.1311197524897,"elderly_population_percentile":null,"transport_distance_percentile":null,"medical_distance_percentile":null,"exploratory_score_c":null,"pareto_frontier":null},"geometry":{"type":"Polygon","coordinates":[[[135.33125,35.46666666666667],[135.3375,35.46666666666667],[135.3375,35.47083333333334],[135.33125,35.47083333333334],[135.33125,35.46666666666667]]]},"id":"533512662"},{"type":"Feature","properties":{"mesh_code":"533512673","area_label":"藤の森バス停周辺","area_label_basis":"最寄りの実在公共交通名称（行政地名ではない）","rank":null,"population":135,"elderly_population":null,"elderly_ratio":null,"centroid_lat":35.47291666666668,"centroid_lon":135.340625,"city_area_fraction":0.6473417058754173,"disclosure_status":"suppressed_source","primary_eligible":false,"nearest_station_name":"西舞鶴駅","nearest_station_distance_m":3579.5462013486135,"nearest_bus_stop_name":"藤の森","nearest_bus_stop_distance_m":456.1306049771821,"nearest_public_transport_type":"bus_stop","nearest_public_transport_name":"藤の森","nearest_public_transport_distance_m":456.1306049771821,"nearest_medical_name":"特別養護老人ホーム安寿苑","nearest_medical_distance_m":1955.7070296509148,"nearest_medical_access_class":"likely_public","nearest_hospital_name":"舞鶴赤十字病院","nearest_hospital_distance_m":3137.1615786991842,"elderly_population_percentile":null,"transport_distance_percentile":null,"medical_distance_percentile":null,"exploratory_score_c":null,"pareto_frontier":null},"geometry":{"type":"Polygon","coordinates":[[[135.3375,35.47083333333334],[135.34375,35.47083333333334],[135.34375,35.475],[135.3375,35.475],[135.3375,35.47083333333334]]]},"id":"533512673"},{"type":"Feature","properties":{"mesh_code":"533512674","area_label":"藤の森バス停周辺","area_label_basis":"最寄りの実在公共交通名称（行政地名ではない）","rank":null,"population":85,"elderly_population":null,"elderly_ratio":null,"centroid_lat":35.47291666666668,"centroid_lon":135.346875,"city_area_fraction":0.9974133274163374,"disclosure_status":"aggregation_destination","primary_eligible":false,"nearest_station_name":"西舞鶴駅","nearest_station_distance_m":3764.763156942099,"nearest_bus_stop_name":"藤の森","nearest_bus_stop_distance_m":264.8904039302848,"nearest_public_transport_type":"bus_stop","nearest_public_transport_name":"藤の森","nearest_public_transport_distance_m":264.8904039302848,"nearest_medical_name":"医療法人社団外松医院","nearest_medical_distance_m":1682.0101241945777,"nearest_medical_access_class":"likely_public","nearest_hospital_name":"舞鶴赤十字病院","nearest_hospital_distance_m":3243.4875953458845,"elderly_population_percentile":null,"transport_distance_percentile":null,"medical_distance_percentile":null,"exploratory_score_c":null,"pareto_frontier":null},"geometry":{"type":"Polygon","coordinates":[[[135.34375,35.47083333333334],[135.35,35.47083333333334],[135.35,35.475],[135.34375,35.475],[135.34375,35.47083333333334]]]},"id":"533512674"},{"type":"Feature","properties":{"mesh_code":"533512682","area_label":"道芝口バス停周辺","area_label_basis":"最寄りの実在公共交通名称（行政地名ではない）","rank":137,"population":61,"elderly_population":34.0,"elderly_ratio":0.5573770491803278,"centroid_lat":35.46875,"centroid_lon":135.359375,"city_area_fraction":1.0,"disclosure_status":"unaffected","primary_eligible":true,"nearest_station_name":"東舞鶴駅","nearest_station_distance_m":3216.2396004037705,"nearest_bus_stop_name":"道芝口","nearest_bus_stop_distance_m":473.85612468306607,"nearest_public_transport_type":"bus_stop","nearest_public_transport_name":"道芝口","nearest_public_transport_distance_m":473.85612468306607,"nearest_medical_name":"医療法人社団外松医院","nearest_medical_distance_m":524.2617694726932,"nearest_medical_access_class":"likely_public","nearest_hospital_name":"国家公務員共済組合連合会 舞鶴共済病院","nearest_hospital_distance_m":2898.6505043257257,"elderly_population_percentile":0.5681818181818182,"transport_distance_percentile":0.4825174825174825,"medical_distance_percentile":0.2202797202797203,"exploratory_score_c":0.0603913727721737,"pareto_frontier":false},"geometry":{"type":"Polygon","coordinates":[[[135.35625,35.46666666666667],[135.3625,35.46666666666667],[135.3625,35.47083333333334],[135.35625,35.47083333333334],[135.35625,35.46666666666667]]]},"id":"533512682"},{"type":"Feature","properties":{"mesh_code":"533512683","area_label":"和田バス停周辺","area_label_basis":"最寄りの実在公共交通名称（行政地名ではない）","rank":131,"population":49,"elderly_population":10.0,"elderly_ratio":0.20408163265306123,"centroid_lat":35.47291666666668,"centroid_lon":135.353125,"city_area_fraction":1.0,"disclosure_status":"unaffected","primary_eligible":true,"nearest_station_name":"東舞鶴駅","nearest_station_distance_m":3813.692114224284,"nearest_bus_stop_name":"和田","nearest_bus_stop_distance_m":601.7824126283984,"nearest_public_transport_type":"bus_stop","nearest_public_transport_name":"和田","nearest_public_transport_distance_m":601.7824126283984,"nearest_medical_name":"医療法人社団外松医院","nearest_medical_distance_m":1133.0317676139662,"nearest_medical_access_class":"likely_public","nearest_hospital_name":"市立舞鶴市民病院","nearest_hospital_distance_m":3420.876923385919,"elderly_population_percentile":0.2272727272727272,"transport_distance_percentile":0.5804195804195804,"medical_distance_percentile":0.506993006993007,"exploratory_score_c":0.0668792428169414,"pareto_frontier":false},"geometry":{"type":"Polygon","coordinates":[[[135.35,35.47083333333334],[135.35625,35.47083333333334],[135.35625,35.475],[135.35,35.475],[135.35,35.47083333333334]]]},"id":"533512683"},{"type":"Feature","properties":{"mesh_code":"533512684","area_label":"上四丁目バス停周辺","area_label_basis":"最寄りの実在公共交通名称（行政地名ではない）","rank":129,"population":62,"elderly_population":24.0,"elderly_ratio":0.3870967741935484,"centroid_lat":35.47291666666668,"centroid_lon":135.359375,"city_area_fraction":1.0,"disclosure_status":"unaffected","primary_eligible":true,"nearest_station_name":"東舞鶴駅","nearest_station_distance_m":3251.7600573512073,"nearest_bus_stop_name":"上四丁目","nearest_bus_stop_distance_m":644.1455499838265,"nearest_public_transport_type":"bus_stop","nearest_public_transport_name":"上四丁目","nearest_public_transport_distance_m":644.1455499838265,"nearest_medical_name":"医療法人社団外松医院","nearest_medical_distance_m":617.947061143473,"nearest_medical_access_class":"likely_public","nearest_hospital_name":"国家公務員共済組合連合会 舞鶴共済病院","nearest_hospital_distance_m":2920.0707377007375,"elderly_population_percentile":0.465034965034965,"transport_distance_percentile":0.6258741258741258,"medical_distance_percentile":0.2482517482517482,"exploratory_score_c":0.0722545035286489,"pareto_frontier":false},"geometry":{"type":"Polygon","coordinates":[[[135.35625,35.47083333333334],[135.3625,35.47083333333334],[135.3625,35.475],[135.35625,35.475],[135.35625,35.47083333333334]]]},"id":"533512684"},{"type":"Feature","properties":{"mesh_code":"533512691","area_label":"道芝口バス停周辺","area_label_basis":"最寄りの実在公共交通名称（行政地名ではない）","rank":204,"population":686,"elderly_population":243.0,"elderly_ratio":0.35422740524781343,"centroid_lat":35.46875,"centroid_lon":135.365625,"city_area_fraction":1.0,"disclosure_status":"unaffected","primary_eligible":true,"nearest_station_name":"東舞鶴駅","nearest_station_distance_m":2649.0048604824865,"nearest_bus_stop_name":"道芝口","nearest_bus_stop_distance_m":134.41291403715854,"nearest_public_transport_type":"bus_stop","nearest_public_transport_name":"道芝口","nearest_public_transport_distance_m":134.41291403715854,"nearest_medical_name":"医療法人社団外松医院","nearest_medical_distance_m":128.17104742033453,"nearest_medical_access_class":"likely_public","nearest_hospital_name":"国家公務員共済組合連合会 舞鶴共済病院","nearest_hospital_distance_m":2331.7942682723324,"elderly_population_percentile":0.9055944055944056,"transport_distance_percentile":0.0944055944055944,"medical_distance_percentile":0.0419580419580419,"exploratory_score_c":0.0035871263559659,"pareto_frontier":false},"geometry":{"type":"Polygon","coordinates":[[[135.3625,35.46666666666667],[135.36875,35.46666666666667],[135.36875,35.47083333333334],[135.3625,35.47083333333334],[135.3625,35.46666666666667]]]},"id":"533512691"},{"type":"Feature","properties":{"mesh_code":"533512692","area_label":"上四丁目バス停周辺","area_label_basis":"最寄りの実在公共交通名称（行政地名ではない）","rank":125,"population":77,"elderly_population":24.0,"elderly_ratio":0.3116883116883117,"centroid_lat":35.46875,"centroid_lon":135.371875,"city_area_fraction":1.0,"disclosure_status":"unaffected","primary_eligible":true,"nearest_station_name":"東舞鶴駅","nearest_station_distance_m":2081.7764196903317,"nearest_bus_stop_name":"上四丁目","nearest_bus_stop_distance_m":664.3777972596554,"nearest_public_transport_type":"bus_stop","nearest_public_transport_name":"上四丁目","nearest_public_transport_distance_m":664.3777972596554,"nearest_medical_name":"医療法人社団外松医院","nearest_medical_distance_m":633.6639040263276,"nearest_medical_access_class":"likely_public","nearest_hospital_name":"国家公務員共済組合連合会 舞鶴共済病院","nearest_hospital_distance_m":1765.1862628512838,"elderly_population_percentile":0.465034965034965,"transport_distance_percentile":0.6363636363636364,"medical_distance_percentile":0.2587412587412587,"exploratory_score_c":0.0765696477711735,"pareto_frontier":false},"geometry":{"type":"Polygon","coordinates":[[[135.36875,35.46666666666667],[135.375,35.46666666666667],[135.375,35.47083333333334],[135.36875,35.47083333333334],[135.36875,35.46666666666667]]]},"id":"533512692"},{"type":"Feature","properties":{"mesh_code":"533512693","area_label":"上四丁目バス停周辺","area_label_basis":"最寄りの実在公共交通名称（行政地名ではない）","rank":206,"population":781,"elderly_population":284.0,"elderly_ratio":0.36363636363636365,"centroid_lat":35.47291666666668,"centroid_lon":135.365625,"city_area_fraction":0.9999999999999998,"disclosure_status":"unaffected","primary_eligible":true,"nearest_station_name":"東舞鶴駅","nearest_station_distance_m":2692.052098750701,"nearest_bus_stop_name":"上四丁目","nearest_bus_stop_distance_m":78.05816029913835,"nearest_public_transport_type":"bus_stop","nearest_public_transport_name":"上四丁目","nearest_public_transport_distance_m":78.05816029913835,"nearest_medical_name":"医療法人社団大橋医院","nearest_medical_distance_m":210.1190682329488,"nearest_medical_access_class":"likely_public","nearest_hospital_name":"国家公務員共済組合連合会 舞鶴共済病院","nearest_hospital_distance_m":2358.4010963866112,"elderly_population_percentile":0.9230769230769232,"transport_distance_percentile":0.0419580419580419,"medical_distance_percentile":0.0909090909090909,"exploratory_score_c":0.0035209545699056,"pareto_frontier":false},"geometry":{"type":"Polygon","coordinates":[[[135.3625,35.47083333333334],[135.36875,35.47083333333334],[135.36875,35.475],[135.3625,35.475],[135.3625,35.47083333333334]]]},"id":"533512693"},{"type":"Feature","properties":{"mesh_code":"533512694","area_label":"造船所前バス停周辺","area_label_basis":"最寄りの実在公共交通名称（行政地名ではない）","rank":null,"population":731,"elderly_population":0.0,"elderly_ratio":0.0,"centroid_lat":35.47291666666668,"centroid_lon":135.371875,"city_area_fraction":1.0,"disclosure_status":"unaffected","primary_eligible":false,"nearest_station_name":"東舞鶴駅","nearest_station_distance_m":2136.316704874189,"nearest_bus_stop_name":"造船所前","nearest_bus_stop_distance_m":457.8957066188121,"nearest_public_transport_type":"bus_stop","nearest_public_transport_name":"造船所前","nearest_public_transport_distance_m":457.8957066188121,"nearest_medical_name":"海上自衛隊舞鶴衛生隊第一医務室","nearest_medical_distance_m":210.52011017642198,"nearest_medical_access_class":"uncertain_access","nearest_hospital_name":"国家公務員共済組合連合会 舞鶴共済病院","nearest_hospital_distance_m":1800.2203813165704,"elderly_population_percentile":0.0139860139860139,"transport_distance_percentile":0.472027972027972,"medical_distance_percentile":0.0944055944055944,"exploratory_score_c":0.0006232458919631,"pareto_frontier":false},"geometry":{"type":"Polygon","coordinates":[[[135.36875,35.47083333333334],[135.375,35.47083333333334],[135.375,35.475],[135.36875,35.475],[135.36875,35.47083333333334]]]},"id":"533512694"},{"type":"Feature","properties":{"mesh_code":"533512703","area_label":"東雲駅周辺","area_label_basis":"最寄りの実在公共交通名称（行政地名ではない）","rank":null,"population":2,"elderly_population":null,"elderly_ratio":null,"centroid_lat":35.48125,"centroid_lon":135.253125,"city_area_fraction":0.9999999999999998,"disclosure_status":"suppressed_source","primary_eligible":false,"nearest_station_name":"東雲駅","nearest_station_distance_m":2970.0860170426927,"nearest_bus_stop_name":"八田・由良川学園前","nearest_bus_stop_distance_m":3390.960617022334,"nearest_public_transport_type":"station","nearest_public_transport_name":"東雲駅","nearest_public_transport_distance_m":2970.0860170426927,"nearest_medical_name":"市立舞鶴市民病院加佐診療所","nearest_medical_distance_m":3232.621907502752,"nearest_medical_access_class":"likely_public","nearest_hospital_name":"舞鶴赤十字病院","nearest_hospital_distance_m":8634.402729367699,"elderly_population_percentile":null,"transport_distance_percentile":null,"medical_distance_percentile":null,"exploratory_score_c":null,"pareto_frontier":null},"geometry":{"type":"Polygon","coordinates":[[[135.25,35.47916666666667],[135.25625,35.47916666666667],[135.25625,35.48333333333334],[135.25,35.48333333333334],[135.25,35.47916666666667]]]},"id":"533512703"},{"type":"Feature","properties":{"mesh_code":"533512712","area_label":"東雲駅周辺","area_label_basis":"最寄りの実在公共交通名称（行政地名ではない）","rank":29,"population":32,"elderly_population":20.0,"elderly_ratio":0.625,"centroid_lat":35.47708333333334,"centroid_lon":135.271875,"city_area_fraction":1.0,"disclosure_status":"unaffected","primary_eligible":true,"nearest_station_name":"東雲駅","nearest_station_distance_m":1208.8514596024083,"nearest_bus_stop_name":"八田・由良川学園前","nearest_bus_stop_distance_m":2821.7429424328757,"nearest_public_transport_type":"station","nearest_public_transport_name":"東雲駅","nearest_public_transport_distance_m":1208.8514596024083,"nearest_medical_name":"市立舞鶴市民病院加佐診療所","nearest_medical_distance_m":2753.1976350321047,"nearest_medical_access_class":"likely_public","nearest_hospital_name":"舞鶴赤十字病院","nearest_hospital_distance_m":6925.3869910021795,"elderly_population_percentile":0.4108391608391608,"transport_distance_percentile":0.7482517482517482,"medical_distance_percentile":0.8041958041958042,"exploratory_score_c":0.2472187331471404,"pareto_frontier":false},"geometry":{"type":"Polygon","coordinates":[[[135.26875,35.475],[135.275,35.475],[135.275,35.47916666666667],[135.26875,35.47916666666667],[135.26875,35.475]]]},"id":"533512712"},{"type":"Feature","properties":{"mesh_code":"533512714","area_label":"東雲駅周辺","area_label_basis":"最寄りの実在公共交通名称（行政地名ではない）","rank":null,"population":19,"elderly_population":null,"elderly_ratio":null,"centroid_lat":35.48125,"centroid_lon":135.271875,"city_area_fraction":0.9999999999999998,"disclosure_status":"aggregation_destination","primary_eligible":false,"nearest_station_name":"東雲駅","nearest_station_distance_m":1373.7678057379428,"nearest_bus_stop_name":"八田・由良川学園前","nearest_bus_stop_distance_m":3274.213549487114,"nearest_public_transport_type":"station","nearest_public_transport_name":"東雲駅","nearest_public_transport_distance_m":1373.7678057379428,"nearest_medical_name":"市立舞鶴市民病院加佐診療所","nearest_medical_distance_m":3198.894417852039,"nearest_medical_access_class":"likely_public","nearest_hospital_name":"舞鶴赤十字病院","nearest_hospital_distance_m":7175.3792610557275,"elderly_population_percentile":null,"transport_distance_percentile":null,"medical_distance_percentile":null,"exploratory_score_c":null,"pareto_frontier":null},"geometry":{"type":"Polygon","coordinates":[[[135.26875,35.47916666666667],[135.275,35.47916666666667],[135.275,35.48333333333334],[135.26875,35.48333333333334],[135.26875,35.47916666666667]]]},"id":"533512714"},{"type":"Feature","properties":{"mesh_code":"533512721","area_label":"東雲駅周辺","area_label_basis":"最寄りの実在公共交通名称（行政地名ではない）","rank":null,"population":49,"elderly_population":null,"elderly_ratio":null,"centroid_lat":35.47708333333334,"centroid_lon":135.278125,"city_area_fraction":1.0,"disclosure_status":"aggregation_destination","primary_eligible":false,"nearest_station_name":"東雲駅","nearest_station_distance_m":660.8204694408067,"nearest_bus_stop_name":"八田・由良川学園前","nearest_bus_stop_distance_m":2998.345024463132,"nearest_public_transport_type":"station","nearest_public_transport_name":"東雲駅","nearest_public_transport_distance_m":660.8204694408067,"nearest_medical_name":"市立舞鶴市民病院加佐診療所","nearest_medical_distance_m":2965.63707272812,"nearest_medical_access_class":"likely_public","nearest_hospital_name":"舞鶴赤十字病院","nearest_hospital_distance_m":6446.627569404828,"elderly_population_percentile":null,"transport_distance_percentile":null,"medical_distance_percentile":null,"exploratory_score_c":null,"pareto_frontier":null},"geometry":{"type":"Polygon","coordinates":[[[135.275,35.475],[135.28125,35.475],[135.28125,35.47916666666667],[135.275,35.47916666666667],[135.275,35.475]]]},"id":"533512721"},{"type":"Feature","properties":{"mesh_code":"533512722","area_label":"東雲駅周辺","area_label_basis":"最寄りの実在公共交通名称（行政地名ではない）","rank":null,"population":35,"elderly_population":null,"elderly_ratio":null,"centroid_lat":35.47708333333334,"centroid_lon":135.284375,"city_area_fraction":1.0,"disclosure_status":"aggregation_destination","primary_eligible":false,"nearest_station_name":"東雲駅","nearest_station_distance_m":235.53856243024518,"nearest_bus_stop_name":"ふじつ温泉前","nearest_bus_stop_distance_m":3137.3174411065597,"nearest_public_transport_type":"station","nearest_public_transport_name":"東雲駅","nearest_public_transport_distance_m":235.53856243024518,"nearest_medical_name":"市立舞鶴市民病院加佐診療所","nearest_medical_distance_m":3263.971982231512,"nearest_medical_access_class":"likely_public","nearest_hospital_name":"舞鶴赤十字病院","nearest_hospital_distance_m":5983.36925597249,"elderly_population_percentile":null,"transport_distance_percentile":null,"medical_distance_percentile":null,"exploratory_score_c":null,"pareto_frontier":null},"geometry":{"type":"Polygon","coordinates":[[[135.28125,35.475],[135.2875,35.475],[135.2875,35.47916666666667],[135.28125,35.47916666666667],[135.28125,35.475]]]},"id":"533512722"},{"type":"Feature","properties":{"mesh_code":"533512723","area_label":"東雲駅周辺","area_label_basis":"最寄りの実在公共交通名称（行政地名ではない）","rank":null,"population":2,"elderly_population":null,"elderly_ratio":null,"centroid_lat":35.48125,"centroid_lon":135.278125,"city_area_fraction":1.0,"disclosure_status":"suppressed_source","primary_eligible":false,"nearest_station_name":"東雲駅","nearest_station_distance_m":928.790779057549,"nearest_bus_stop_name":"八田・由良川学園前","nearest_bus_stop_distance_m":3427.5732584167313,"nearest_public_transport_type":"station","nearest_public_transport_name":"東雲駅","nearest_public_transport_distance_m":928.790779057549,"nearest_medical_name":"市立舞鶴市民病院加佐診療所","nearest_medical_distance_m":3383.454801083008,"nearest_medical_access_class":"likely_public","nearest_hospital_name":"舞鶴赤十字病院","nearest_hospital_distance_m":6714.493035365776,"elderly_population_percentile":null,"transport_distance_percentile":null,"medical_distance_percentile":null,"exploratory_score_c":null,"pareto_frontier":null},"geometry":{"type":"Polygon","coordinates":[[[135.275,35.47916666666667],[135.28125,35.47916666666667],[135.28125,35.48333333333334],[135.275,35.48333333333334],[135.275,35.47916666666667]]]},"id":"533512723"},{"type":"Feature","properties":{"mesh_code":"533512724","area_label":"東雲駅周辺","area_label_basis":"最寄りの実在公共交通名称（行政地名ではない）","rank":null,"population":5,"elderly_population":null,"elderly_ratio":null,"centroid_lat":35.48125,"centroid_lon":135.284375,"city_area_fraction":1.0000000000000002,"disclosure_status":"suppressed_source","primary_eligible":false,"nearest_station_name":"東雲駅","nearest_station_distance_m":693.8777391982013,"nearest_bus_stop_name":"ふじつ温泉前","nearest_bus_stop_distance_m":3595.6538362474744,"nearest_public_transport_type":"station","nearest_public_transport_name":"東雲駅","nearest_public_transport_distance_m":693.8777391982013,"nearest_medical_name":"市立舞鶴市民病院加佐診療所","nearest_medical_distance_m":3647.7634129679714,"nearest_medical_access_class":"likely_public","nearest_hospital_name":"舞鶴赤十字病院","nearest_hospital_distance_m":6271.077363956084,"elderly_population_percentile":null,"transport_distance_percentile":null,"medical_distance_percentile":null,"exploratory_score_c":null,"pareto_frontier":null},"geometry":{"type":"Polygon","coordinates":[[[135.28125,35.47916666666667],[135.2875,35.47916666666667],[135.2875,35.48333333333334],[135.28125,35.48333333333334],[135.28125,35.47916666666667]]]},"id":"533512724"},{"type":"Feature","properties":{"mesh_code":"533512753","area_label":"二尾バス停周辺","area_label_basis":"最寄りの実在公共交通名称（行政地名ではない）","rank":1,"population":91,"elderly_population":56.0,"elderly_ratio":0.6153846153846154,"centroid_lat":35.48125,"centroid_lon":135.315625,"city_area_fraction":0.9252786886166328,"disclosure_status":"unaffected","primary_eligible":true,"nearest_station_name":"東雲駅","nearest_station_distance_m":2868.182441818349,"nearest_bus_stop_name":"二尾","nearest_bus_stop_distance_m":2321.6556089062638,"nearest_public_transport_type":"bus_stop","nearest_public_transport_name":"二尾","nearest_public_transport_distance_m":2321.6556089062638,"nearest_medical_name":"隅山医院","nearest_medical_distance_m":3316.8502371714594,"nearest_medical_access_class":"likely_public","nearest_hospital_name":"舞鶴赤十字病院","nearest_hospital_distance_m":4493.440047277211,"elderly_population_percentile":0.6293706293706294,"transport_distance_percentile":0.9090909090909092,"medical_distance_percentile":0.8706293706293706,"exploratory_score_c":0.4981350499468745,"pareto_frontier":true},"geometry":{"type":"Polygon","coordinates":[[[135.3125,35.47916666666667],[135.31875,35.47916666666667],[135.31875,35.48333333333334],[135.3125,35.48333333333334],[135.3125,35.47916666666667]]]},"id":"533512753"},{"type":"Feature","properties":{"mesh_code":"533512772","area_label":"和田バス停周辺","area_label_basis":"最寄りの実在公共交通名称（行政地名ではない）","rank":158,"population":241,"elderly_population":71.0,"elderly_ratio":0.2946058091286307,"centroid_lat":35.47708333333334,"centroid_lon":135.346875,"city_area_fraction":0.5144291185899807,"disclosure_status":"unaffected","primary_eligible":true,"nearest_station_name":"西舞鶴駅","nearest_station_distance_m":4193.614398921234,"nearest_bus_stop_name":"和田","nearest_bus_stop_distance_m":135.7276983751817,"nearest_public_transport_type":"bus_stop","nearest_public_transport_name":"和田","nearest_public_transport_distance_m":135.7276983751817,"nearest_medical_name":"国土交通省共済組合海上保安学校診療所","nearest_medical_distance_m":1351.7426610518594,"nearest_medical_access_class":"likely_public","nearest_hospital_name":"舞鶴赤十字病院","nearest_hospital_distance_m":3690.481417209815,"elderly_population_percentile":0.6643356643356644,"transport_distance_percentile":0.0979020979020979,"medical_distance_percentile":0.5699300699300699,"exploratory_score_c":0.037068169250672,"pareto_frontier":false},"geometry":{"type":"Polygon","coordinates":[[[135.34375,35.475],[135.35,35.475],[135.35,35.47916666666667],[135.34375,35.47916666666667],[135.34375,35.475]]]},"id":"533512772"},{"type":"Feature","properties":{"mesh_code":"533512774","area_label":"加津良バス停周辺","area_label_basis":"最寄りの実在公共交通名称（行政地名ではない）","rank":110,"population":56,"elderly_population":25.0,"elderly_ratio":0.44642857142857145,"centroid_lat":35.48125,"centroid_lon":135.346875,"city_area_fraction":0.6088447650478436,"disclosure_status":"unaffected","primary_eligible":true,"nearest_station_name":"東舞鶴駅","nearest_station_distance_m":4571.5181874981035,"nearest_bus_stop_name":"加津良","nearest_bus_stop_distance_m":419.1914856808429,"nearest_public_transport_type":"bus_stop","nearest_public_transport_name":"加津良","nearest_public_transport_distance_m":419.1914856808429,"nearest_medical_name":"国土交通省共済組合海上保安学校診療所","nearest_medical_distance_m":943.1379879323548,"nearest_medical_access_class":"likely_public","nearest_hospital_name":"舞鶴赤十字病院","nearest_hospital_distance_m":4140.82972368686,"elderly_population_percentile":0.4842657342657342,"transport_distance_percentile":0.4335664335664335,"medical_distance_percentile":0.4405594405594406,"exploratory_score_c":0.0925004625185563,"pareto_frontier":false},"geometry":{"type":"Polygon","coordinates":[[[135.34375,35.47916666666667],[135.35,35.47916666666667],[135.35,35.48333333333334],[135.34375,35.48333333333334],[135.34375,35.47916666666667]]]},"id":"533512774"},{"type":"Feature","properties":{"mesh_code":"533512781","area_label":"和田バス停周辺","area_label_basis":"最寄りの実在公共交通名称（行政地名ではない）","rank":45,"population":828,"elderly_population":335.0,"elderly_ratio":0.40458937198067635,"centroid_lat":35.47708333333334,"centroid_lon":135.353125,"city_area_fraction":1.0,"disclosure_status":"unaffected","primary_eligible":true,"nearest_station_name":"東舞鶴駅","nearest_station_distance_m":3898.86643086672,"nearest_bus_stop_name":"和田","nearest_bus_stop_distance_m":446.60142735947244,"nearest_public_transport_type":"bus_stop","nearest_public_transport_name":"和田","nearest_public_transport_distance_m":446.60142735947244,"nearest_medical_name":"西村医院","nearest_medical_distance_m":1038.193208938622,"nearest_medical_access_class":"likely_public","nearest_hospital_name":"国家公務員共済組合連合会 舞鶴共済病院","nearest_hospital_distance_m":3561.866059271264,"elderly_population_percentile":0.9667832167832168,"transport_distance_percentile":0.458041958041958,"medical_distance_percentile":0.4615384615384615,"exploratory_score_c":0.2043818204388403,"pareto_frontier":true},"geometry":{"type":"Polygon","coordinates":[[[135.35,35.475],[135.35625,35.475],[135.35625,35.47916666666667],[135.35,35.47916666666667],[135.35,35.475]]]},"id":"533512781"},{"type":"Feature","properties":{"mesh_code":"533512782","area_label":"下四丁目バス停周辺","area_label_basis":"最寄りの実在公共交通名称（行政地名ではない）","rank":135,"population":367,"elderly_population":131.0,"elderly_ratio":0.3569482288828338,"centroid_lat":35.47708333333334,"centroid_lon":135.359375,"city_area_fraction":0.9999999999999998,"disclosure_status":"unaffected","primary_eligible":true,"nearest_station_name":"東舞鶴駅","nearest_station_distance_m":3351.277322527276,"nearest_bus_stop_name":"下四丁目","nearest_bus_stop_distance_m":373.58713289576485,"nearest_public_transport_type":"bus_stop","nearest_public_transport_name":"下四丁目","nearest_public_transport_distance_m":373.58713289576485,"nearest_medical_name":"西村医院","nearest_medical_distance_m":474.4616453481453,"nearest_medical_access_class":"likely_public","nearest_hospital_name":"国家公務員共済組合連合会 舞鶴共済病院","nearest_hospital_distance_m":3013.108282450192,"elderly_population_percentile":0.791958041958042,"transport_distance_percentile":0.4055944055944055,"medical_distance_percentile":0.1923076923076923,"exploratory_score_c":0.0617718752468618,"pareto_frontier":false},"geometry":{"type":"Polygon","coordinates":[[[135.35625,35.475],[135.3625,35.475],[135.3625,35.47916666666667],[135.35625,35.47916666666667],[135.35625,35.475]]]},"id":"533512782"},{"type":"Feature","properties":{"mesh_code":"533512783","area_label":"加津良上バス停周辺","area_label_basis":"最寄りの実在公共交通名称（行政地名ではない）","rank":184,"population":204,"elderly_population":102.0,"elderly_ratio":0.5,"centroid_lat":35.48125,"centroid_lon":135.353125,"city_area_fraction":1.0,"disclosure_status":"unaffected","primary_eligible":true,"nearest_station_name":"東舞鶴駅","nearest_station_distance_m":4035.522577957452,"nearest_bus_stop_name":"加津良上","nearest_bus_stop_distance_m":118.05523659047964,"nearest_public_transport_type":"bus_stop","nearest_public_transport_name":"加津良上","nearest_public_transport_distance_m":118.05523659047964,"nearest_medical_name":"国土交通省共済組合海上保安学校診療所","nearest_medical_distance_m":784.2023868169337,"nearest_medical_access_class":"likely_public","nearest_hospital_name":"国家公務員共済組合連合会 舞鶴共済病院","nearest_hospital_distance_m":3696.766663204172,"elderly_population_percentile":0.7377622377622378,"transport_distance_percentile":0.0734265734265734,"medical_distance_percentile":0.3531468531468531,"exploratory_score_c":0.0191304428858832,"pareto_frontier":false},"geometry":{"type":"Polygon","coordinates":[[[135.35,35.47916666666667],[135.35625,35.47916666666667],[135.35625,35.48333333333334],[135.35,35.48333333333334],[135.35,35.47916666666667]]]},"id":"533512783"},{"type":"Feature","properties":{"mesh_code":"533512784","area_label":"長浜口バス停周辺","area_label_basis":"最寄りの実在公共交通名称（行政地名ではない）","rank":191,"population":174,"elderly_population":114.0,"elderly_ratio":0.6551724137931034,"centroid_lat":35.48125,"centroid_lon":135.359375,"city_area_fraction":1.0,"disclosure_status":"unaffected","primary_eligible":true,"nearest_station_name":"東舞鶴駅","nearest_station_distance_m":3509.3513238850137,"nearest_bus_stop_name":"長浜口","nearest_bus_stop_distance_m":97.04775351127807,"nearest_public_transport_type":"bus_stop","nearest_public_transport_name":"長浜口","nearest_public_transport_distance_m":97.04775351127807,"nearest_medical_name":"西村医院","nearest_medical_distance_m":606.1113773719546,"nearest_medical_access_class":"likely_public","nearest_hospital_name":"国家公務員共済組合連合会 舞鶴共済病院","nearest_hospital_distance_m":3171.466672304953,"elderly_population_percentile":0.7692307692307693,"transport_distance_percentile":0.0524475524475524,"medical_distance_percentile":0.2412587412587412,"exploratory_score_c":0.0097334080658448,"pareto_frontier":false},"geometry":{"type":"Polygon","coordinates":[[[135.35625,35.47916666666667],[135.3625,35.47916666666667],[135.3625,35.48333333333334],[135.35625,35.48333333333334],[135.35625,35.47916666666667]]]},"id":"533512784"},{"type":"Feature","properties":{"mesh_code":"533512791","area_label":"中舞鶴バス停周辺","area_label_basis":"最寄りの実在公共交通名称（行政地名ではない）","rank":198,"population":662,"elderly_population":207.0,"elderly_ratio":0.31268882175226587,"centroid_lat":35.47708333333334,"centroid_lon":135.365625,"city_area_fraction":1.0,"disclosure_status":"unaffected","primary_eligible":true,"nearest_station_name":"東舞鶴駅","nearest_station_distance_m":2811.4821437401984,"nearest_bus_stop_name":"中舞鶴","nearest_bus_stop_distance_m":176.0376723901252,"nearest_public_transport_type":"bus_stop","nearest_public_transport_name":"中舞鶴","nearest_public_transport_distance_m":176.0376723901252,"nearest_medical_name":"西村医院","nearest_medical_distance_m":125.61346025893292,"nearest_medical_access_class":"likely_public","nearest_hospital_name":"国家公務員共済組合連合会 舞鶴共済病院","nearest_hospital_distance_m":2472.6942118209777,"elderly_population_percentile":0.8671328671328671,"transport_distance_percentile":0.1608391608391608,"medical_distance_percentile":0.0384615384615384,"exploratory_score_c":0.0053641893340656,"pareto_frontier":false},"geometry":{"type":"Polygon","coordinates":[[[135.3625,35.475],[135.36875,35.475],[135.36875,35.47916666666667],[135.3625,35.47916666666667],[135.3625,35.475]]]},"id":"533512791"},{"type":"Feature","properties":{"mesh_code":"533512792","area_label":"安全祈願碑前バス停周辺","area_label_basis":"最寄りの実在公共交通名称（行政地名ではない）","rank":null,"population":519,"elderly_population":6.0,"elderly_ratio":0.011560693641618497,"centroid_lat":35.47708333333334,"centroid_lon":135.371875,"city_area_fraction":0.7344888458948092,"disclosure_status":"unaffected","primary_eligible":false,"nearest_station_name":"東舞鶴駅","nearest_station_distance_m":2285.0107938980605,"nearest_bus_stop_name":"安全祈願碑前","nearest_bus_stop_distance_m":146.00884180961884,"nearest_public_transport_type":"bus_stop","nearest_public_transport_name":"安全祈願碑前","nearest_public_transport_distance_m":146.00884180961884,"nearest_medical_name":"海上自衛隊舞鶴衛生隊第一医務室","nearest_medical_distance_m":257.50623738615417,"nearest_medical_access_class":"uncertain_access","nearest_hospital_name":"国家公務員共済組合連合会 舞鶴共済病院","nearest_hospital_distance_m":1947.5814956186928,"elderly_population_percentile":0.0909090909090909,"transport_distance_percentile":0.1153846153846153,"medical_distance_percentile":0.1223776223776223,"exploratory_score_c":0.0012836813536114,"pareto_frontier":false},"geometry":{"type":"Polygon","coordinates":[[[135.36875,35.475],[135.375,35.475],[135.375,35.47916666666667],[135.36875,35.47916666666667],[135.36875,35.475]]]},"id":"533512792"},{"type":"Feature","properties":{"mesh_code":"533512793","area_label":"長浜バス停周辺","area_label_basis":"最寄りの実在公共交通名称（行政地名ではない）","rank":148,"population":460,"elderly_population":78.0,"elderly_ratio":0.16956521739130434,"centroid_lat":35.48125,"centroid_lon":135.365625,"city_area_fraction":0.9999999999999998,"disclosure_status":"unaffected","primary_eligible":true,"nearest_station_name":"東舞鶴駅","nearest_station_distance_m":2998.1810584150326,"nearest_bus_stop_name":"長浜","nearest_bus_stop_distance_m":363.45701256384194,"nearest_public_transport_type":"bus_stop","nearest_public_transport_name":"長浜","nearest_public_transport_distance_m":363.45701256384194,"nearest_medical_name":"西村医院","nearest_medical_distance_m":397.55072370856,"nearest_medical_access_class":"likely_public","nearest_hospital_name":"国家公務員共済組合連合会 舞鶴共済病院","nearest_hospital_distance_m":2663.4091297382784,"elderly_population_percentile":0.6783216783216783,"transport_distance_percentile":0.3986013986013986,"medical_distance_percentile":0.1643356643356643,"exploratory_score_c":0.0444330719405295,"pareto_frontier":false},"geometry":{"type":"Polygon","coordinates":[[[135.3625,35.47916666666667],[135.36875,35.47916666666667],[135.36875,35.48333333333334],[135.3625,35.48333333333334],[135.3625,35.47916666666667]]]},"id":"533512793"},{"type":"Feature","properties":{"mesh_code":"533512794","area_label":"本館前バス停周辺","area_label_basis":"最寄りの実在公共交通名称（行政地名ではない）","rank":null,"population":113,"elderly_population":1.0,"elderly_ratio":0.008849557522123894,"centroid_lat":35.48125,"centroid_lon":135.371875,"city_area_fraction":0.7894347170786089,"disclosure_status":"unaffected","primary_eligible":false,"nearest_station_name":"東舞鶴駅","nearest_station_distance_m":2511.188909147164,"nearest_bus_stop_name":"本館前","nearest_bus_stop_distance_m":151.42893619333802,"nearest_public_transport_type":"bus_stop","nearest_public_transport_name":"本館前","nearest_public_transport_distance_m":151.42893619333802,"nearest_medical_name":"ジャパンマリンユナイテッド（株） 舞鶴診療所","nearest_medical_distance_m":385.2092979339459,"nearest_medical_access_class":"likely_public","nearest_hospital_name":"国家公務員共済組合連合会 舞鶴共済病院","nearest_hospital_distance_m":2184.6565420169873,"elderly_population_percentile":0.0279720279720279,"transport_distance_percentile":0.1328671328671328,"medical_distance_percentile":0.1608391608391608,"exploratory_score_c":0.0005977688993973,"pareto_frontier":false},"geometry":{"type":"Polygon","coordinates":[[[135.36875,35.47916666666667],[135.375,35.47916666666667],[135.375,35.48333333333334],[135.36875,35.48333333333334],[135.36875,35.47916666666667]]]},"id":"533512794"},{"type":"Feature","properties":{"mesh_code":"533512801","area_label":"東雲駅周辺","area_label_basis":"最寄りの実在公共交通名称（行政地名ではない）","rank":null,"population":2,"elderly_population":null,"elderly_ratio":null,"centroid_lat":35.48541666666668,"centroid_lon":135.253125,"city_area_fraction":1.0,"disclosure_status":"suppressed_source","primary_eligible":false,"nearest_station_name":"東雲駅","nearest_station_distance_m":3110.3624114039135,"nearest_bus_stop_name":"八田・由良川学園前","nearest_bus_stop_distance_m":3831.9980989265127,"nearest_public_transport_type":"station","nearest_public_transport_name":"東雲駅","nearest_public_transport_distance_m":3110.3624114039135,"nearest_medical_name":"市立舞鶴市民病院加佐診療所","nearest_medical_distance_m":3678.3224136758845,"nearest_medical_access_class":"likely_public","nearest_hospital_name":"舞鶴赤十字病院","nearest_hospital_distance_m":8860.259316564172,"elderly_population_percentile":null,"transport_distance_percentile":null,"medical_distance_percentile":null,"exploratory_score_c":null,"pareto_frontier":null},"geometry":{"type":"Polygon","coordinates":[[[135.25,35.48333333333334],[135.25625,35.48333333333334],[135.25625,35.4875],[135.25,35.4875],[135.25,35.48333333333334]]]},"id":"533512801"},{"type":"Feature","properties":{"mesh_code":"533512821","area_label":"東雲駅周辺","area_label_basis":"最寄りの実在公共交通名称（行政地名ではない）","rank":null,"population":4,"elderly_population":null,"elderly_ratio":null,"centroid_lat":35.48541666666668,"centroid_lon":135.278125,"city_area_fraction":1.0,"disclosure_status":"suppressed_source","primary_eligible":false,"nearest_station_name":"東雲駅","nearest_station_distance_m":1309.963090496803,"nearest_bus_stop_name":"八田・由良川学園前","nearest_bus_stop_distance_m":3864.431292638411,"nearest_public_transport_type":"station","nearest_public_transport_name":"東雲駅","nearest_public_transport_distance_m":1309.963090496803,"nearest_medical_name":"市立舞鶴市民病院加佐診療所","nearest_medical_distance_m":3811.5501825126676,"nearest_medical_access_class":"likely_public","nearest_hospital_name":"舞鶴赤十字病院","nearest_hospital_distance_m":7002.657185076756,"elderly_population_percentile":null,"transport_distance_percentile":null,"medical_distance_percentile":null,"exploratory_score_c":null,"pareto_frontier":null},"geometry":{"type":"Polygon","coordinates":[[[135.275,35.48333333333334],[135.28125,35.48333333333334],[135.28125,35.4875],[135.275,35.4875],[135.275,35.48333333333334]]]},"id":"533512821"},{"type":"Feature","properties":{"mesh_code":"533512833","area_label":"東雲駅周辺","area_label_basis":"最寄りの実在公共交通名称（行政地名ではない）","rank":null,"population":18,"elderly_population":8.0,"elderly_ratio":0.4444444444444444,"centroid_lat":35.48958333333334,"centroid_lon":135.290625,"city_area_fraction":1.0,"disclosure_status":"unaffected","primary_eligible":false,"nearest_station_name":"東雲駅","nearest_station_distance_m":1696.3996796405852,"nearest_bus_stop_name":"二尾","nearest_bus_stop_distance_m":4567.454362051858,"nearest_public_transport_type":"station","nearest_public_transport_name":"東雲駅","nearest_public_transport_distance_m":1696.3996796405852,"nearest_medical_name":"市立舞鶴市民病院加佐診療所","nearest_medical_distance_m":4732.375637886209,"nearest_medical_access_class":"likely_public","nearest_hospital_name":"舞鶴赤十字病院","nearest_hospital_distance_m":6522.738744780533,"elderly_population_percentile":0.1573426573426573,"transport_distance_percentile":0.8321678321678322,"medical_distance_percentile":0.9370629370629372,"exploratory_score_c":0.1226948023857408,"pareto_frontier":false},"geometry":{"type":"Polygon","coordinates":[[[135.2875,35.4875],[135.29375,35.4875],[135.29375,35.49166666666668],[135.2875,35.49166666666668],[135.2875,35.4875]]]},"id":"533512833"},{"type":"Feature","properties":{"mesh_code":"533512851","area_label":"二尾バス停周辺","area_label_basis":"最寄りの実在公共交通名称（行政地名ではない）","rank":null,"population":1,"elderly_population":null,"elderly_ratio":null,"centroid_lat":35.48541666666668,"centroid_lon":135.315625,"city_area_fraction":1.0,"disclosure_status":"suppressed_source","primary_eligible":false,"nearest_station_name":"東雲駅","nearest_station_distance_m":3013.210392779238,"nearest_bus_stop_name":"二尾","nearest_bus_stop_distance_m":2716.4940578904557,"nearest_public_transport_type":"bus_stop","nearest_public_transport_name":"二尾","nearest_public_transport_distance_m":2716.4940578904557,"nearest_medical_name":"国土交通省共済組合海上保安学校診療所","nearest_medical_distance_m":3376.4690342462604,"nearest_medical_access_class":"likely_public","nearest_hospital_name":"舞鶴赤十字病院","nearest_hospital_distance_m":4913.76211031625,"elderly_population_percentile":null,"transport_distance_percentile":null,"medical_distance_percentile":null,"exploratory_score_c":null,"pareto_frontier":null},"geometry":{"type":"Polygon","coordinates":[[[135.3125,35.48333333333334],[135.31875,35.48333333333334],[135.31875,35.4875],[135.3125,35.4875],[135.3125,35.48333333333334]]]},"id":"533512851"},{"type":"Feature","properties":{"mesh_code":"533512853","area_label":"丹後神崎駅周辺","area_label_basis":"最寄りの実在公共交通名称（行政地名ではない）","rank":null,"population":6,"elderly_population":null,"elderly_ratio":null,"centroid_lat":35.48958333333334,"centroid_lon":135.315625,"city_area_fraction":0.9999999999999998,"disclosure_status":"suppressed_source","primary_eligible":false,"nearest_station_name":"丹後神崎駅","nearest_station_distance_m":2738.5128039326532,"nearest_bus_stop_name":"二尾","nearest_bus_stop_distance_m":3129.852104911163,"nearest_public_transport_type":"station","nearest_public_transport_name":"丹後神崎駅","nearest_public_transport_distance_m":2738.5128039326532,"nearest_medical_name":"国土交通省共済組合海上保安学校診療所","nearest_medical_distance_m":3364.078246094217,"nearest_medical_access_class":"likely_public","nearest_hospital_name":"舞鶴赤十字病院","nearest_hospital_distance_m":5341.019813769229,"elderly_population_percentile":null,"transport_distance_percentile":null,"medical_distance_percentile":null,"exploratory_score_c":null,"pareto_frontier":null},"geometry":{"type":"Polygon","coordinates":[[[135.3125,35.4875],[135.31875,35.4875],[135.31875,35.49166666666668],[135.3125,35.49166666666668],[135.3125,35.4875]]]},"id":"533512853"},{"type":"Feature","properties":{"mesh_code":"533512854","area_label":"藤の森バス停周辺","area_label_basis":"最寄りの実在公共交通名称（行政地名ではない）","rank":null,"population":118,"elderly_population":null,"elderly_ratio":null,"centroid_lat":35.48958333333334,"centroid_lon":135.321875,"city_area_fraction":0.9186049690144207,"disclosure_status":"aggregation_destination","primary_eligible":false,"nearest_station_name":"丹後神崎駅","nearest_station_distance_m":3174.6902342721337,"nearest_bus_stop_name":"藤の森","nearest_bus_stop_distance_m":2669.3948129045,"nearest_public_transport_type":"bus_stop","nearest_public_transport_name":"藤の森","nearest_public_transport_distance_m":2669.3948129045,"nearest_medical_name":"国土交通省共済組合海上保安学校診療所","nearest_medical_distance_m":2797.574834912104,"nearest_medical_access_class":"likely_public","nearest_hospital_name":"舞鶴赤十字病院","nearest_hospital_distance_m":5160.475886016659,"elderly_population_percentile":null,"transport_distance_percentile":null,"medical_distance_percentile":null,"exploratory_score_c":null,"pareto_frontier":null},"geometry":{"type":"Polygon","coordinates":[[[135.31875,35.4875],[135.325,35.4875],[135.325,35.49166666666668],[135.31875,35.49166666666668],[135.31875,35.4875]]]},"id":"533512854"},{"type":"Feature","properties":{"mesh_code":"533512882","area_label":"高倉神社前バス停周辺","area_label_basis":"最寄りの実在公共交通名称（行政地名ではない）","rank":146,"population":68,"elderly_population":24.0,"elderly_ratio":0.35294117647058826,"centroid_lat":35.48541666666668,"centroid_lon":135.359375,"city_area_fraction":1.0,"disclosure_status":"unaffected","primary_eligible":true,"nearest_station_name":"東舞鶴駅","nearest_station_distance_m":3718.5219399783787,"nearest_bus_stop_name":"高倉神社前","nearest_bus_stop_distance_m":316.63331866013084,"nearest_public_transport_type":"bus_stop","nearest_public_transport_name":"高倉神社前","nearest_public_transport_distance_m":316.63331866013084,"nearest_medical_name":"国土交通省共済組合海上保安学校診療所","nearest_medical_distance_m":688.0316184948528,"nearest_medical_access_class":"likely_public","nearest_hospital_name":"国家公務員共済組合連合会 舞鶴共済病院","nearest_hospital_distance_m":3385.9935011880434,"elderly_population_percentile":0.465034965034965,"transport_distance_percentile":0.3426573426573426,"medical_distance_percentile":0.3076923076923077,"exploratory_score_c":0.0490300447266558,"pareto_frontier":false},"geometry":{"type":"Polygon","coordinates":[[[135.35625,35.48333333333334],[135.3625,35.48333333333334],[135.3625,35.4875],[135.35625,35.4875],[135.35625,35.48333333333334]]]},"id":"533512882"},{"type":"Feature","properties":{"mesh_code":"533512883","area_label":"海上保安学校前バス停周辺","area_label_basis":"最寄りの実在公共交通名称（行政地名ではない）","rank":null,"population":418,"elderly_population":0.0,"elderly_ratio":0.0,"centroid_lat":35.48958333333334,"centroid_lon":135.353125,"city_area_fraction":0.6435748015694523,"disclosure_status":"unaffected","primary_eligible":false,"nearest_station_name":"東舞鶴駅","nearest_station_distance_m":4442.535925543796,"nearest_bus_stop_name":"海上保安学校前","nearest_bus_stop_distance_m":287.1315001480539,"nearest_public_transport_type":"bus_stop","nearest_public_transport_name":"海上保安学校前","nearest_public_transport_distance_m":287.1315001480539,"nearest_medical_name":"国土交通省共済組合海上保安学校診療所","nearest_medical_distance_m":147.3946505034291,"nearest_medical_access_class":"likely_public","nearest_hospital_name":"国家公務員共済組合連合会 舞鶴共済病院","nearest_hospital_distance_m":4111.762264873975,"elderly_population_percentile":0.0139860139860139,"transport_distance_percentile":0.3111888111888112,"medical_distance_percentile":0.0629370629370629,"exploratory_score_c":0.0002739204167146,"pareto_frontier":false},"geometry":{"type":"Polygon","coordinates":[[[135.35,35.4875],[135.35625,35.4875],[135.35625,35.49166666666668],[135.35,35.49166666666668],[135.35,35.4875]]]},"id":"533512883"},{"type":"Feature","properties":{"mesh_code":"533512891","area_label":"高倉神社前バス停周辺","area_label_basis":"最寄りの実在公共交通名称（行政地名ではない）","rank":155,"population":72,"elderly_population":14.0,"elderly_ratio":0.19444444444444445,"centroid_lat":35.48541666666668,"centroid_lon":135.365625,"city_area_fraction":0.9999999999999998,"disclosure_status":"unaffected","primary_eligible":true,"nearest_station_name":"東舞鶴駅","nearest_station_distance_m":3240.5429834356323,"nearest_bus_stop_name":"高倉神社前","nearest_bus_stop_distance_m":288.8570444872327,"nearest_public_transport_type":"bus_stop","nearest_public_transport_name":"高倉神社前","nearest_public_transport_distance_m":288.8570444872327,"nearest_medical_name":"西村医院","nearest_medical_distance_m":853.0455944355106,"nearest_medical_access_class":"likely_public","nearest_hospital_name":"国家公務員共済組合連合会 舞鶴共済病院","nearest_hospital_distance_m":2915.5876242576337,"elderly_population_percentile":0.3024475524475524,"transport_distance_percentile":0.3181818181818182,"medical_distance_percentile":0.3986013986013986,"exploratory_score_c":0.0383587328120068,"pareto_frontier":false},"geometry":{"type":"Polygon","coordinates":[[[135.3625,35.48333333333334],[135.36875,35.48333333333334],[135.36875,35.4875],[135.3625,35.4875],[135.3625,35.48333333333334]]]},"id":"533512891"},{"type":"Feature","properties":{"mesh_code":"533512893","area_label":"高倉神社前バス停周辺","area_label_basis":"最寄りの実在公共交通名称（行政地名ではない）","rank":null,"population":170,"elderly_population":0.0,"elderly_ratio":0.0,"centroid_lat":35.48958333333334,"centroid_lon":135.365625,"city_area_fraction":0.3957636003312356,"disclosure_status":"unaffected","primary_eligible":false,"nearest_station_name":"東舞鶴駅","nearest_station_distance_m":3527.1121660202903,"nearest_bus_stop_name":"高倉神社前","nearest_bus_stop_distance_m":446.3080467774811,"nearest_public_transport_type":"bus_stop","nearest_public_transport_name":"高倉神社前","nearest_public_transport_distance_m":446.3080467774811,"nearest_medical_name":"国土交通省共済組合海上保安学校診療所","nearest_medical_distance_m":1184.2082732617214,"nearest_medical_access_class":"likely_public","nearest_hospital_name":"国家公務員共済組合連合会 舞鶴共済病院","nearest_hospital_distance_m":3214.7980580381254,"elderly_population_percentile":0.0139860139860139,"transport_distance_percentile":0.4545454545454545,"medical_distance_percentile":0.5209790209790209,"exploratory_score_c":0.0033120090335602,"pareto_frontier":false},"geometry":{"type":"Polygon","coordinates":[[[135.3625,35.4875],[135.36875,35.4875],[135.36875,35.49166666666668],[135.3625,35.49166666666668],[135.3625,35.4875]]]},"id":"533512893"},{"type":"Feature","properties":{"mesh_code":"533512894","area_label":"飛行場前バス停周辺","area_label_basis":"最寄りの実在公共交通名称（行政地名ではない）","rank":null,"population":10,"elderly_population":0.0,"elderly_ratio":0.0,"centroid_lat":35.48958333333334,"centroid_lon":135.371875,"city_area_fraction":0.5915918461676086,"disclosure_status":"unaffected","primary_eligible":false,"nearest_station_name":"東舞鶴駅","nearest_station_distance_m":3123.743670094406,"nearest_bus_stop_name":"飛行場前","nearest_bus_stop_distance_m":153.31072728064603,"nearest_public_transport_type":"bus_stop","nearest_public_transport_name":"飛行場前","nearest_public_transport_distance_m":153.31072728064603,"nearest_medical_name":"ジャパンマリンユナイテッド（株） 舞鶴診療所","nearest_medical_distance_m":860.8030444143153,"nearest_medical_access_class":"likely_public","nearest_hospital_name":"自衛隊舞鶴病院","nearest_hospital_distance_m":2769.9510022849695,"elderly_population_percentile":0.0139860139860139,"transport_distance_percentile":0.1363636363636363,"medical_distance_percentile":0.4020979020979021,"exploratory_score_c":0.0007668745748847,"pareto_frontier":false},"geometry":{"type":"Polygon","coordinates":[[[135.36875,35.4875],[135.375,35.4875],[135.375,35.49166666666668],[135.36875,35.49166666666668],[135.36875,35.4875]]]},"id":"533512894"},{"type":"Feature","properties":{"mesh_code":"533512924","area_label":"丹後神崎駅周辺","area_label_basis":"最寄りの実在公共交通名称（行政地名ではない）","rank":30,"population":22,"elderly_population":15.0,"elderly_ratio":0.6818181818181818,"centroid_lat":35.49791666666668,"centroid_lon":135.284375,"city_area_fraction":0.2143699004641044,"disclosure_status":"unaffected","primary_eligible":true,"nearest_station_name":"丹後神崎駅","nearest_station_distance_m":1275.5383880482461,"nearest_bus_stop_name":"八田・由良川学園前","nearest_bus_stop_distance_m":5359.651635190647,"nearest_public_transport_type":"station","nearest_public_transport_name":"丹後神崎駅","nearest_public_transport_distance_m":1275.5383880482461,"nearest_medical_name":"市立舞鶴市民病院加佐診療所","nearest_medical_distance_m":5309.490991077704,"nearest_medical_access_class":"likely_public","nearest_hospital_name":"舞鶴赤十字病院","nearest_hospital_distance_m":7596.251930661348,"elderly_population_percentile":0.3339160839160839,"transport_distance_percentile":0.7657342657342657,"medical_distance_percentile":0.951048951048951,"exploratory_score_c":0.2431746452969984,"pareto_frontier":false},"geometry":{"type":"Polygon","coordinates":[[[135.28125,35.495833333333344],[135.2875,35.495833333333344],[135.2875,35.5],[135.28125,35.5],[135.28125,35.495833333333344]]]},"id":"533512924"},{"type":"Feature","properties":{"mesh_code":"533512931","area_label":"丹後神崎駅周辺","area_label_basis":"最寄りの実在公共交通名称（行政地名ではない）","rank":9,"population":50,"elderly_population":26.0,"elderly_ratio":0.52,"centroid_lat":35.49375,"centroid_lon":135.290625,"city_area_fraction":0.9999999999999999,"disclosure_status":"unaffected","primary_eligible":true,"nearest_station_name":"丹後神崎駅","nearest_station_distance_m":1445.144076140371,"nearest_bus_stop_name":"二尾","nearest_bus_stop_distance_m":4868.787552390223,"nearest_public_transport_type":"station","nearest_public_transport_name":"丹後神崎駅","nearest_public_transport_distance_m":1445.144076140371,"nearest_medical_name":"市立舞鶴市民病院加佐診療所","nearest_medical_distance_m":5131.283318861712,"nearest_medical_access_class":"likely_public","nearest_hospital_name":"舞鶴赤十字病院","nearest_hospital_distance_m":6881.440932808576,"elderly_population_percentile":0.5,"transport_distance_percentile":0.7972027972027972,"medical_distance_percentile":0.944055944055944,"exploratory_score_c":0.376302019658663,"pareto_frontier":true},"geometry":{"type":"Polygon","coordinates":[[[135.2875,35.491666666666674],[135.29375,35.491666666666674],[135.29375,35.495833333333344],[135.2875,35.495833333333344],[135.2875,35.491666666666674]]]},"id":"533512931"},{"type":"Feature","properties":{"mesh_code":"533512933","area_label":"丹後神崎駅周辺","area_label_basis":"最寄りの実在公共交通名称（行政地名ではない）","rank":null,"population":4,"elderly_population":null,"elderly_ratio":null,"centroid_lat":35.49791666666668,"centroid_lon":135.290625,"city_area_fraction":0.9958122699961404,"disclosure_status":"suppressed_source","primary_eligible":false,"nearest_station_name":"丹後神崎駅","nearest_station_distance_m":995.4356652572596,"nearest_bus_stop_name":"二尾","nearest_bus_stop_distance_m":5193.83551480652,"nearest_public_transport_type":"station","nearest_public_transport_name":"丹後神崎駅","nearest_public_transport_distance_m":995.4356652572596,"nearest_medical_name":"市立舞鶴市民病院加佐診療所","nearest_medical_distance_m":5540.049180369674,"nearest_medical_access_class":"likely_public","nearest_hospital_name":"舞鶴赤十字病院","nearest_hospital_distance_m":7251.877070252705,"elderly_population_percentile":null,"transport_distance_percentile":null,"medical_distance_percentile":null,"exploratory_score_c":null,"pareto_frontier":null},"geometry":{"type":"Polygon","coordinates":[[[135.2875,35.495833333333344],[135.29375,35.495833333333344],[135.29375,35.5],[135.2875,35.5],[135.2875,35.495833333333344]]]},"id":"533512933"},{"type":"Feature","properties":{"mesh_code":"533512934","area_label":"丹後神崎駅周辺","area_label_basis":"最寄りの実在公共交通名称（行政地名ではない）","rank":null,"population":24,"elderly_population":null,"elderly_ratio":null,"centroid_lat":35.49791666666668,"centroid_lon":135.296875,"city_area_fraction":1.0000000000000002,"disclosure_status":"aggregation_destination","primary_eligible":false,"nearest_station_name":"丹後神崎駅","nearest_station_distance_m":998.8989417390828,"nearest_bus_stop_name":"二尾","nearest_bus_stop_distance_m":4821.282197542662,"nearest_public_transport_type":"station","nearest_public_transport_name":"丹後神崎駅","nearest_public_transport_distance_m":998.8989417390828,"nearest_medical_name":"国土交通省共済組合海上保安学校診療所","nearest_medical_distance_m":5173.178245794387,"nearest_medical_access_class":"likely_public","nearest_hospital_name":"舞鶴赤十字病院","nearest_hospital_distance_m":6936.851431519142,"elderly_population_percentile":null,"transport_distance_percentile":null,"medical_distance_percentile":null,"exploratory_score_c":null,"pareto_frontier":null},"geometry":{"type":"Polygon","coordinates":[[[135.29375,35.495833333333344],[135.3,35.495833333333344],[135.3,35.5],[135.29375,35.5],[135.29375,35.495833333333344]]]},"id":"533512934"},{"type":"Feature","properties":{"mesh_code":"533512962","area_label":"海上保安学校前バス停周辺","area_label_basis":"最寄りの実在公共交通名称（行政地名ではない）","rank":null,"population":6,"elderly_population":null,"elderly_ratio":null,"centroid_lat":35.49375,"centroid_lon":135.334375,"city_area_fraction":0.03810966533040617,"disclosure_status":"suppressed_source","primary_eligible":false,"nearest_station_name":"丹後神崎駅","nearest_station_distance_m":3954.8273636202007,"nearest_bus_stop_name":"海上保安学校前","nearest_bus_stop_distance_m":1979.415550341533,"nearest_public_transport_type":"bus_stop","nearest_public_transport_name":"海上保安学校前","nearest_public_transport_distance_m":1979.415550341533,"nearest_medical_name":"国土交通省共済組合海上保安学校診療所","nearest_medical_distance_m":1766.1225163759482,"nearest_medical_access_class":"likely_public","nearest_hospital_name":"舞鶴赤十字病院","nearest_hospital_distance_m":5438.588507651522,"elderly_population_percentile":null,"transport_distance_percentile":null,"medical_distance_percentile":null,"exploratory_score_c":null,"pareto_frontier":null},"geometry":{"type":"Polygon","coordinates":[[[135.33125,35.491666666666674],[135.3375,35.491666666666674],[135.3375,35.495833333333344],[135.33125,35.495833333333344],[135.33125,35.491666666666674]]]},"id":"533512962"},{"type":"Feature","properties":{"mesh_code":"533512963","area_label":"海上保安学校前バス停周辺","area_label_basis":"最寄りの実在公共交通名称（行政地名ではない）","rank":null,"population":5,"elderly_population":null,"elderly_ratio":null,"centroid_lat":35.49791666666668,"centroid_lon":135.328125,"city_area_fraction":1.0000000000000002,"disclosure_status":"suppressed_source","primary_eligible":false,"nearest_station_name":"丹後神崎駅","nearest_station_distance_m":3267.639539419931,"nearest_bus_stop_name":"海上保安学校前","nearest_bus_stop_distance_m":2684.1480215950783,"nearest_public_transport_type":"bus_stop","nearest_public_transport_name":"海上保安学校前","nearest_public_transport_distance_m":2684.1480215950783,"nearest_medical_name":"国土交通省共済組合海上保安学校診療所","nearest_medical_distance_m":2468.7631424678816,"nearest_medical_access_class":"likely_public","nearest_hospital_name":"舞鶴赤十字病院","nearest_hospital_distance_m":5951.757504544845,"elderly_population_percentile":null,"transport_distance_percentile":null,"medical_distance_percentile":null,"exploratory_score_c":null,"pareto_frontier":null},"geometry":{"type":"Polygon","coordinates":[[[135.325,35.495833333333344],[135.33125,35.495833333333344],[135.33125,35.5],[135.325,35.5],[135.325,35.495833333333344]]]},"id":"533512963"},{"type":"Feature","properties":{"mesh_code":"533512964","area_label":"海上保安学校前バス停周辺","area_label_basis":"最寄りの実在公共交通名称（行政地名ではない）","rank":null,"population":78,"elderly_population":null,"elderly_ratio":null,"centroid_lat":35.49791666666668,"centroid_lon":135.334375,"city_area_fraction":0.19747451930894713,"disclosure_status":"aggregation_destination","primary_eligible":false,"nearest_station_name":"丹後神崎駅","nearest_station_distance_m":3813.4521288639908,"nearest_bus_stop_name":"海上保安学校前","nearest_bus_stop_distance_m":2187.949394668442,"nearest_public_transport_type":"bus_stop","nearest_public_transport_name":"海上保安学校前","nearest_public_transport_distance_m":2187.949394668442,"nearest_medical_name":"国土交通省共済組合海上保安学校診療所","nearest_medical_distance_m":1972.5267344692643,"nearest_medical_access_class":"likely_public","nearest_hospital_name":"舞鶴赤十字病院","nearest_hospital_distance_m":5900.391736794101,"elderly_population_percentile":null,"transport_distance_percentile":null,"medical_distance_percentile":null,"exploratory_score_c":null,"pareto_frontier":null},"geometry":{"type":"Polygon","coordinates":[[[135.33125,35.495833333333344],[135.3375,35.495833333333344],[135.3375,35.5],[135.33125,35.5],[135.33125,35.495833333333344]]]},"id":"533512964"},{"type":"Feature","properties":{"mesh_code":"533513003","area_label":"福来東バス停周辺","area_label_basis":"最寄りの実在公共交通名称（行政地名ではない）","rank":27,"population":23,"elderly_population":14.0,"elderly_ratio":0.6086956521739131,"centroid_lat":35.42291666666668,"centroid_lon":135.378125,"city_area_fraction":0.9999999999999998,"disclosure_status":"unaffected","primary_eligible":true,"nearest_station_name":"西舞鶴駅","nearest_station_distance_m":4797.957310100668,"nearest_bus_stop_name":"福来東","nearest_bus_stop_distance_m":3721.848748044285,"nearest_public_transport_type":"bus_stop","nearest_public_transport_name":"福来東","nearest_public_transport_distance_m":3721.848748044285,"nearest_medical_name":"特別養護老人ﾎｰﾑｸﾞﾚｲｽｳﾞｨﾙまいづる診療所","nearest_medical_distance_m":3368.815500450091,"nearest_medical_access_class":"likely_public","nearest_hospital_name":"市立舞鶴市民病院","nearest_hospital_distance_m":4299.179935920221,"elderly_population_percentile":0.3024475524475524,"transport_distance_percentile":0.9755244755244756,"medical_distance_percentile":0.8776223776223776,"exploratory_score_c":0.2589380856074826,"pareto_frontier":false},"geometry":{"type":"Polygon","coordinates":[[[135.375,35.42083333333334],[135.38125,35.42083333333334],[135.38125,35.425],[135.375,35.425],[135.375,35.42083333333334]]]},"id":"533513003"},{"type":"Feature","properties":{"mesh_code":"533513004","area_label":"常団地前バス停周辺","area_label_basis":"最寄りの実在公共交通名称（行政地名ではない）","rank":null,"population":17,"elderly_population":9.0,"elderly_ratio":0.5294117647058824,"centroid_lat":35.42291666666668,"centroid_lon":135.384375,"city_area_fraction":1.0,"disclosure_status":"unaffected","primary_eligible":false,"nearest_station_name":"東舞鶴駅","nearest_station_distance_m":5154.710810183437,"nearest_bus_stop_name":"常団地前","nearest_bus_stop_distance_m":3520.1215637149626,"nearest_public_transport_type":"bus_stop","nearest_public_transport_name":"常団地前","nearest_public_transport_distance_m":3520.1215637149626,"nearest_medical_name":"特別養護老人ﾎｰﾑｸﾞﾚｲｽｳﾞｨﾙまいづる診療所","nearest_medical_distance_m":3904.221676767324,"nearest_medical_access_class":"likely_public","nearest_hospital_name":"京都府立舞鶴こども療育センター","nearest_hospital_distance_m":4654.825618459619,"elderly_population_percentile":0.1923076923076923,"transport_distance_percentile":0.965034965034965,"medical_distance_percentile":0.916083916083916,"exploratory_score_c":0.1700101942167569,"pareto_frontier":false},"geometry":{"type":"Polygon","coordinates":[[[135.38125,35.42083333333334],[135.3875,35.42083333333334],[135.3875,35.425],[135.38125,35.425],[135.38125,35.42083333333334]]]},"id":"533513004"},{"type":"Feature","properties":{"mesh_code":"533513011","area_label":"常口バス停周辺","area_label_basis":"最寄りの実在公共交通名称（行政地名ではない）","rank":null,"population":22,"elderly_population":null,"elderly_ratio":null,"centroid_lat":35.41875,"centroid_lon":135.390625,"city_area_fraction":0.9999999999999998,"disclosure_status":"aggregation_destination","primary_eligible":false,"nearest_station_name":"東舞鶴駅","nearest_station_distance_m":5542.18755131558,"nearest_bus_stop_name":"常口","nearest_bus_stop_distance_m":3746.6439526487384,"nearest_public_transport_type":"bus_stop","nearest_public_transport_name":"常口","nearest_public_transport_distance_m":3746.6439526487384,"nearest_medical_name":"特別養護老人ﾎｰﾑｸﾞﾚｲｽｳﾞｨﾙまいづる診療所","nearest_medical_distance_m":4345.471809831922,"nearest_medical_access_class":"likely_public","nearest_hospital_name":"京都府立舞鶴こども療育センター","nearest_hospital_distance_m":4933.877381846547,"elderly_population_percentile":null,"transport_distance_percentile":null,"medical_distance_percentile":null,"exploratory_score_c":null,"pareto_frontier":null},"geometry":{"type":"Polygon","coordinates":[[[135.3875,35.41666666666667],[135.39375,35.41666666666667],[135.39375,35.42083333333334],[135.3875,35.42083333333334],[135.3875,35.41666666666667]]]},"id":"533513011"},{"type":"Feature","properties":{"mesh_code":"533513012","area_label":"常バス停周辺","area_label_basis":"最寄りの実在公共交通名称（行政地名ではない）","rank":null,"population":3,"elderly_population":null,"elderly_ratio":null,"centroid_lat":35.41875,"centroid_lon":135.396875,"city_area_fraction":1.0,"disclosure_status":"suppressed_source","primary_eligible":false,"nearest_station_name":"東舞鶴駅","nearest_station_distance_m":5532.309602123843,"nearest_bus_stop_name":"常","nearest_bus_stop_distance_m":3604.447130139197,"nearest_public_transport_type":"bus_stop","nearest_public_transport_name":"常","nearest_public_transport_distance_m":3604.447130139197,"nearest_medical_name":"鹿野医院","nearest_medical_distance_m":4641.727690828796,"nearest_medical_access_class":"likely_public","nearest_hospital_name":"京都府立舞鶴こども療育センター","nearest_hospital_distance_m":4840.2223430884915,"elderly_population_percentile":null,"transport_distance_percentile":null,"medical_distance_percentile":null,"exploratory_score_c":null,"pareto_frontier":null},"geometry":{"type":"Polygon","coordinates":[[[135.39375,35.41666666666667],[135.4,35.41666666666667],[135.4,35.42083333333334],[135.39375,35.42083333333334],[135.39375,35.41666666666667]]]},"id":"533513012"},{"type":"Feature","properties":{"mesh_code":"533513102","area_label":"常団地前バス停周辺","area_label_basis":"最寄りの実在公共交通名称（行政地名ではない）","rank":null,"population":14,"elderly_population":11.0,"elderly_ratio":0.7857142857142857,"centroid_lat":35.42708333333334,"centroid_lon":135.384375,"city_area_fraction":0.9999999999999998,"disclosure_status":"unaffected","primary_eligible":false,"nearest_station_name":"東舞鶴駅","nearest_station_distance_m":4701.093485419572,"nearest_bus_stop_name":"常団地前","nearest_bus_stop_distance_m":3110.8301576335675,"nearest_public_transport_type":"bus_stop","nearest_public_transport_name":"常団地前","nearest_public_transport_distance_m":3110.8301576335675,"nearest_medical_name":"特別養護老人ホーム真愛の家寿荘医務室","nearest_medical_distance_m":3718.574904492273,"nearest_medical_access_class":"uncertain_access","nearest_hospital_name":"京都府立舞鶴こども療育センター","nearest_hospital_distance_m":4226.0667729720835,"elderly_population_percentile":0.2587412587412587,"transport_distance_percentile":0.951048951048951,"medical_distance_percentile":0.902097902097902,"exploratory_score_c":0.22198428497025,"pareto_frontier":false},"geometry":{"type":"Polygon","coordinates":[[[135.38125,35.425],[135.3875,35.425],[135.3875,35.429166666666674],[135.38125,35.429166666666674],[135.38125,35.425]]]},"id":"533513102"},{"type":"Feature","properties":{"mesh_code":"533513111","area_label":"常団地前バス停周辺","area_label_basis":"最寄りの実在公共交通名称（行政地名ではない）","rank":null,"population":11,"elderly_population":7.0,"elderly_ratio":0.6363636363636364,"centroid_lat":35.42708333333334,"centroid_lon":135.390625,"city_area_fraction":0.9999999999999998,"disclosure_status":"unaffected","primary_eligible":false,"nearest_station_name":"東舞鶴駅","nearest_station_distance_m":4620.285980489409,"nearest_bus_stop_name":"常団地前","nearest_bus_stop_distance_m":2873.042469082202,"nearest_public_transport_type":"bus_stop","nearest_public_transport_name":"常団地前","nearest_public_transport_distance_m":2873.042469082202,"nearest_medical_name":"鹿野医院","nearest_medical_distance_m":3700.172042058365,"nearest_medical_access_class":"likely_public","nearest_hospital_name":"京都府立舞鶴こども療育センター","nearest_hospital_distance_m":4037.379406539762,"elderly_population_percentile":0.1206293706293706,"transport_distance_percentile":0.9335664335664337,"medical_distance_percentile":0.8986013986013986,"exploratory_score_c":0.1011964739500315,"pareto_frontier":false},"geometry":{"type":"Polygon","coordinates":[[[135.3875,35.425],[135.39375,35.425],[135.39375,35.429166666666674],[135.3875,35.429166666666674],[135.3875,35.425]]]},"id":"533513111"},{"type":"Feature","properties":{"mesh_code":"533513314","area_label":"常団地前バス停周辺","area_label_basis":"最寄りの実在公共交通名称（行政地名ではない）","rank":23,"population":471,"elderly_population":200.0,"elderly_ratio":0.42462845010615713,"centroid_lat":35.44791666666667,"centroid_lon":135.396875,"city_area_fraction":1.0,"disclosure_status":"unaffected","primary_eligible":true,"nearest_station_name":"東舞鶴駅","nearest_station_distance_m":2300.9776090802347,"nearest_bus_stop_name":"常団地前","nearest_bus_stop_distance_m":562.5974946252306,"nearest_public_transport_type":"bus_stop","nearest_public_transport_name":"常団地前","nearest_public_transport_distance_m":562.5974946252306,"nearest_medical_name":"鹿野医院","nearest_medical_distance_m":1450.5478993305774,"nearest_medical_access_class":"likely_public","nearest_hospital_name":"京都府立舞鶴こども療育センター","nearest_hospital_distance_m":1660.539735245431,"elderly_population_percentile":0.8531468531468531,"transport_distance_percentile":0.541958041958042,"medical_distance_percentile":0.6048951048951049,"exploratory_score_c":0.2796852274821857,"pareto_frontier":true},"geometry":{"type":"Polygon","coordinates":[[[135.39375,35.44583333333334],[135.4,35.44583333333334],[135.4,35.45],[135.39375,35.45],[135.39375,35.44583333333334]]]},"id":"533513314"},{"type":"Feature","properties":{"mesh_code":"533513323","area_label":"常口バス停周辺","area_label_basis":"最寄りの実在公共交通名称（行政地名ではない）","rank":42,"population":601,"elderly_population":265.0,"elderly_ratio":0.44093178036605657,"centroid_lat":35.44791666666667,"centroid_lon":135.403125,"city_area_fraction":1.0,"disclosure_status":"unaffected","primary_eligible":true,"nearest_station_name":"東舞鶴駅","nearest_station_distance_m":2414.3029358434237,"nearest_bus_stop_name":"常口","nearest_bus_stop_distance_m":331.59077769872783,"nearest_public_transport_type":"bus_stop","nearest_public_transport_name":"常口","nearest_public_transport_distance_m":331.59077769872783,"nearest_medical_name":"京都府立舞鶴こども療育センター","nearest_medical_distance_m":1576.7345062953968,"nearest_medical_access_class":"likely_public","nearest_hospital_name":"京都府立舞鶴こども療育センター","nearest_hospital_distance_m":1576.7345062953968,"elderly_population_percentile":0.9125874125874126,"transport_distance_percentile":0.3601398601398601,"medical_distance_percentile":0.6468531468531469,"exploratory_score_c":0.2125941751045668,"pareto_frontier":true},"geometry":{"type":"Polygon","coordinates":[[[135.4,35.44583333333334],[135.40625,35.44583333333334],[135.40625,35.45],[135.4,35.45],[135.4,35.44583333333334]]]},"id":"533513323"},{"type":"Feature","properties":{"mesh_code":"533513324","area_label":"常バス停周辺","area_label_basis":"最寄りの実在公共交通名称（行政地名ではない）","rank":76,"population":206,"elderly_population":95.0,"elderly_ratio":0.46116504854368934,"centroid_lat":35.44791666666667,"centroid_lon":135.409375,"city_area_fraction":1.0000000000000002,"disclosure_status":"unaffected","primary_eligible":true,"nearest_station_name":"東舞鶴駅","nearest_station_distance_m":2647.0574252702168,"nearest_bus_stop_name":"常","nearest_bus_stop_distance_m":283.5371752053144,"nearest_public_transport_type":"bus_stop","nearest_public_transport_name":"常","nearest_public_transport_distance_m":283.5371752053144,"nearest_medical_name":"京都府立舞鶴こども療育センター","nearest_medical_distance_m":1690.720834357258,"nearest_medical_access_class":"likely_public","nearest_hospital_name":"京都府立舞鶴こども療育センター","nearest_hospital_distance_m":1690.720834357258,"elderly_population_percentile":0.7167832167832168,"transport_distance_percentile":0.3041958041958042,"medical_distance_percentile":0.6573426573426573,"exploratory_score_c":0.1433286015661682,"pareto_frontier":false},"geometry":{"type":"Polygon","coordinates":[[[135.40625,35.44583333333334],[135.4125,35.44583333333334],[135.4125,35.45],[135.40625,35.45],[135.40625,35.44583333333334]]]},"id":"533513324"},{"type":"Feature","properties":{"mesh_code":"533513332","area_label":"与保呂小学校前バス停周辺","area_label_basis":"最寄りの実在公共交通名称（行政地名ではない）","rank":61,"population":29,"elderly_population":14.0,"elderly_ratio":0.4827586206896552,"centroid_lat":35.44375,"centroid_lon":135.421875,"city_area_fraction":1.0,"disclosure_status":"unaffected","primary_eligible":true,"nearest_station_name":"東舞鶴駅","nearest_station_distance_m":3691.6542673873078,"nearest_bus_stop_name":"与保呂小学校前","nearest_bus_stop_distance_m":858.1507445541758,"nearest_public_transport_type":"bus_stop","nearest_public_transport_name":"与保呂小学校前","nearest_public_transport_distance_m":858.1507445541758,"nearest_medical_name":"京都府立舞鶴こども療育センター","nearest_medical_distance_m":2684.3294341746955,"nearest_medical_access_class":"likely_public","nearest_hospital_name":"京都府立舞鶴こども療育センター","nearest_hospital_distance_m":2684.3294341746955,"elderly_population_percentile":0.3024475524475524,"transport_distance_percentile":0.6853146853146853,"medical_distance_percentile":0.7972027972027972,"exploratory_score_c":0.1652376182671062,"pareto_frontier":false},"geometry":{"type":"Polygon","coordinates":[[[135.41875,35.44166666666667],[135.425,35.44166666666667],[135.425,35.44583333333334],[135.41875,35.44583333333334],[135.41875,35.44166666666667]]]},"id":"533513332"},{"type":"Feature","properties":{"mesh_code":"533513333","area_label":"与保呂小学校前バス停周辺","area_label_basis":"最寄りの実在公共交通名称（行政地名ではない）","rank":178,"population":40,"elderly_population":14.0,"elderly_ratio":0.35,"centroid_lat":35.44791666666667,"centroid_lon":135.415625,"city_area_fraction":1.0,"disclosure_status":"unaffected","primary_eligible":true,"nearest_station_name":"東舞鶴駅","nearest_station_distance_m":2971.306033887983,"nearest_bus_stop_name":"与保呂小学校前","nearest_bus_stop_distance_m":140.08065111029052,"nearest_public_transport_type":"bus_stop","nearest_public_transport_name":"与保呂小学校前","nearest_public_transport_distance_m":140.08065111029052,"nearest_medical_name":"京都府立舞鶴こども療育センター","nearest_medical_distance_m":1968.432490013917,"nearest_medical_access_class":"likely_public","nearest_hospital_name":"京都府立舞鶴こども療育センター","nearest_hospital_distance_m":1968.432490013917,"elderly_population_percentile":0.3024475524475524,"transport_distance_percentile":0.1048951048951049,"medical_distance_percentile":0.6958041958041958,"exploratory_score_c":0.0220745744059842,"pareto_frontier":false},"geometry":{"type":"Polygon","coordinates":[[[135.4125,35.44583333333334],[135.41875,35.44583333333334],[135.41875,35.45],[135.4125,35.45],[135.4125,35.44583333333334]]]},"id":"533513333"},{"type":"Feature","properties":{"mesh_code":"533513334","area_label":"与保呂小学校前バス停周辺","area_label_basis":"最寄りの実在公共交通名称（行政地名ではない）","rank":26,"population":74,"elderly_population":40.0,"elderly_ratio":0.5405405405405406,"centroid_lat":35.44791666666667,"centroid_lon":135.421875,"city_area_fraction":0.9999999999999998,"disclosure_status":"unaffected","primary_eligible":true,"nearest_station_name":"東舞鶴駅","nearest_station_distance_m":3360.6691054810512,"nearest_bus_stop_name":"与保呂小学校前","nearest_bus_stop_distance_m":635.164735235141,"nearest_public_transport_type":"bus_stop","nearest_public_transport_name":"与保呂小学校前","nearest_public_transport_distance_m":635.164735235141,"nearest_medical_name":"京都府立舞鶴こども療育センター","nearest_medical_distance_m":2352.5855673130177,"nearest_medical_access_class":"likely_public","nearest_hospital_name":"京都府立舞鶴こども療育センター","nearest_hospital_distance_m":2352.5855673130177,"elderly_population_percentile":0.5874125874125874,"transport_distance_percentile":0.6083916083916084,"medical_distance_percentile":0.7447552447552448,"exploratory_score_c":0.2661583123219389,"pareto_frontier":false},"geometry":{"type":"Polygon","coordinates":[[[135.41875,35.44583333333334],[135.425,35.44583333333334],[135.425,35.45],[135.41875,35.45],[135.41875,35.44583333333334]]]},"id":"533513334"},{"type":"Feature","properties":{"mesh_code":"533513341","area_label":"与保呂小学校前バス停周辺","area_label_basis":"最寄りの実在公共交通名称（行政地名ではない）","rank":null,"population":87,"elderly_population":null,"elderly_ratio":null,"centroid_lat":35.44375,"centroid_lon":135.428125,"city_area_fraction":1.0,"disclosure_status":"aggregation_destination","primary_eligible":false,"nearest_station_name":"東舞鶴駅","nearest_station_distance_m":4091.160765514479,"nearest_bus_stop_name":"与保呂小学校前","nearest_bus_stop_distance_m":1328.2068196800294,"nearest_public_transport_type":"bus_stop","nearest_public_transport_name":"与保呂小学校前","nearest_public_transport_distance_m":1328.2068196800294,"nearest_medical_name":"京都府立舞鶴こども療育センター","nearest_medical_distance_m":3083.7340759048707,"nearest_medical_access_class":"likely_public","nearest_hospital_name":"京都府立舞鶴こども療育センター","nearest_hospital_distance_m":3083.7340759048707,"elderly_population_percentile":null,"transport_distance_percentile":null,"medical_distance_percentile":null,"exploratory_score_c":null,"pareto_frontier":null},"geometry":{"type":"Polygon","coordinates":[[[135.425,35.44166666666667],[135.43125,35.44166666666667],[135.43125,35.44583333333334],[135.425,35.44583333333334],[135.425,35.44166666666667]]]},"id":"533513341"},{"type":"Feature","properties":{"mesh_code":"533513342","area_label":"与保呂小学校前バス停周辺","area_label_basis":"最寄りの実在公共交通名称（行政地名ではない）","rank":34,"population":24,"elderly_population":14.0,"elderly_ratio":0.5833333333333334,"centroid_lat":35.44375,"centroid_lon":135.434375,"city_area_fraction":1.0000000000000002,"disclosure_status":"unaffected","primary_eligible":true,"nearest_station_name":"東舞鶴駅","nearest_station_distance_m":4526.654695001383,"nearest_bus_stop_name":"与保呂小学校前","nearest_bus_stop_distance_m":1853.5700882120311,"nearest_public_transport_type":"bus_stop","nearest_public_transport_name":"与保呂小学校前","nearest_public_transport_distance_m":1853.5700882120311,"nearest_medical_name":"京都府立舞鶴こども療育センター","nearest_medical_distance_m":3529.4447752071915,"nearest_medical_access_class":"likely_public","nearest_hospital_name":"京都府立舞鶴こども療育センター","nearest_hospital_distance_m":3529.4447752071915,"elderly_population_percentile":0.3024475524475524,"transport_distance_percentile":0.8496503496503497,"medical_distance_percentile":0.8916083916083916,"exploratory_score_c":0.2291207710329672,"pareto_frontier":false},"geometry":{"type":"Polygon","coordinates":[[[135.43125,35.44166666666667],[135.4375,35.44166666666667],[135.4375,35.44583333333334],[135.43125,35.44583333333334],[135.43125,35.44166666666667]]]},"id":"533513342"},{"type":"Feature","properties":{"mesh_code":"533513343","area_label":"与保呂小学校前バス停周辺","area_label_basis":"最寄りの実在公共交通名称（行政地名ではない）","rank":41,"population":41,"elderly_population":16.0,"elderly_ratio":0.3902439024390244,"centroid_lat":35.44791666666667,"centroid_lon":135.428125,"city_area_fraction":1.0,"disclosure_status":"unaffected","primary_eligible":true,"nearest_station_name":"東舞鶴駅","nearest_station_distance_m":3795.1578974371305,"nearest_bus_stop_name":"与保呂小学校前","nearest_bus_stop_distance_m":1196.2826468071419,"nearest_public_transport_type":"bus_stop","nearest_public_transport_name":"与保呂小学校前","nearest_public_transport_distance_m":1196.2826468071419,"nearest_medical_name":"京都府立舞鶴こども療育センター","nearest_medical_distance_m":2799.7022472114922,"nearest_medical_access_class":"likely_public","nearest_hospital_name":"京都府立舞鶴こども療育センター","nearest_hospital_distance_m":2799.7022472114922,"elderly_population_percentile":0.3636363636363636,"transport_distance_percentile":0.7447552447552448,"medical_distance_percentile":0.8181818181818182,"exploratory_score_c":0.2215800728197422,"pareto_frontier":false},"geometry":{"type":"Polygon","coordinates":[[[135.425,35.44583333333334],[135.43125,35.44583333333334],[135.43125,35.45],[135.425,35.45],[135.425,35.44583333333334]]]},"id":"533513343"},{"type":"Feature","properties":{"mesh_code":"533513404","area_label":"白鳥団地前バス停周辺","area_label_basis":"最寄りの実在公共交通名称（行政地名ではない）","rank":81,"population":324,"elderly_population":97.0,"elderly_ratio":0.2993827160493827,"centroid_lat":35.45625,"centroid_lon":135.384375,"city_area_fraction":0.9999999999999998,"disclosure_status":"unaffected","primary_eligible":true,"nearest_station_name":"東舞鶴駅","nearest_station_distance_m":1664.6422283339796,"nearest_bus_stop_name":"白鳥団地前","nearest_bus_stop_distance_m":450.30270908013193,"nearest_public_transport_type":"bus_stop","nearest_public_transport_name":"白鳥団地前","nearest_public_transport_distance_m":450.30270908013193,"nearest_medical_name":"鹿野医院","nearest_medical_distance_m":844.8305929473295,"nearest_medical_access_class":"likely_public","nearest_hospital_name":"国家公務員共済組合連合会 舞鶴共済病院","nearest_hospital_distance_m":1610.2015197561802,"elderly_population_percentile":0.7202797202797203,"transport_distance_percentile":0.465034965034965,"medical_distance_percentile":0.3881118881118881,"exploratory_score_c":0.1300001162708385,"pareto_frontier":false},"geometry":{"type":"Polygon","coordinates":[[[135.38125,35.45416666666667],[135.3875,35.45416666666667],[135.3875,35.45833333333334],[135.38125,35.45833333333334],[135.38125,35.45416666666667]]]},"id":"533513404"},{"type":"Feature","properties":{"mesh_code":"533513411","area_label":"上地橋バス停周辺","area_label_basis":"最寄りの実在公共交通名称（行政地名ではない）","rank":57,"population":200,"elderly_population":63.0,"elderly_ratio":0.315,"centroid_lat":35.452083333333334,"centroid_lon":135.390625,"city_area_fraction":1.0,"disclosure_status":"unaffected","primary_eligible":true,"nearest_station_name":"東舞鶴駅","nearest_station_distance_m":1870.1004671188414,"nearest_bus_stop_name":"上地橋","nearest_bus_stop_distance_m":639.2297566465631,"nearest_public_transport_type":"bus_stop","nearest_public_transport_name":"上地橋","nearest_public_transport_distance_m":639.2297566465631,"nearest_medical_name":"鹿野医院","nearest_medical_distance_m":934.5460819926172,"nearest_medical_access_class":"likely_public","nearest_hospital_name":"京都府立舞鶴こども療育センター","nearest_hospital_distance_m":1558.5015230326283,"elderly_population_percentile":0.6416083916083916,"transport_distance_percentile":0.6118881118881119,"medical_distance_percentile":0.4370629370629371,"exploratory_score_c":0.1715876517975642,"pareto_frontier":false},"geometry":{"type":"Polygon","coordinates":[[[135.3875,35.45],[135.39375,35.45],[135.39375,35.45416666666667],[135.3875,35.45416666666667],[135.3875,35.45]]]},"id":"533513411"},{"type":"Feature","properties":{"mesh_code":"533513412","area_label":"上地橋バス停周辺","area_label_basis":"最寄りの実在公共交通名称（行政地名ではない）","rank":102,"population":1300,"elderly_population":290.0,"elderly_ratio":0.2230769230769231,"centroid_lat":35.452083333333334,"centroid_lon":135.396875,"city_area_fraction":0.9999999999999998,"disclosure_status":"unaffected","primary_eligible":true,"nearest_station_name":"東舞鶴駅","nearest_station_distance_m":1840.6380584229598,"nearest_bus_stop_name":"上地橋","nearest_bus_stop_distance_m":226.65812828068368,"nearest_public_transport_type":"bus_stop","nearest_public_transport_name":"上地橋","nearest_public_transport_distance_m":226.65812828068368,"nearest_medical_name":"鹿野医院","nearest_medical_distance_m":1017.9252595901263,"nearest_medical_access_class":"likely_public","nearest_hospital_name":"京都府立舞鶴こども療育センター","nearest_hospital_distance_m":1230.4175703238936,"elderly_population_percentile":0.93006993006993,"transport_distance_percentile":0.2412587412587412,"medical_distance_percentile":0.458041958041958,"exploratory_score_c":0.1027788901401303,"pareto_frontier":false},"geometry":{"type":"Polygon","coordinates":[[[135.39375,35.45],[135.4,35.45],[135.4,35.45416666666667],[135.39375,35.45416666666667],[135.39375,35.45]]]},"id":"533513412"},{"type":"Feature","properties":{"mesh_code":"533513413","area_label":"丸山口バス停周辺","area_label_basis":"最寄りの実在公共交通名称（行政地名ではない）","rank":108,"population":809,"elderly_population":236.0,"elderly_ratio":0.29171817058096416,"centroid_lat":35.45625,"centroid_lon":135.390625,"city_area_fraction":1.0,"disclosure_status":"unaffected","primary_eligible":true,"nearest_station_name":"東舞鶴駅","nearest_station_distance_m":1420.5924921894261,"nearest_bus_stop_name":"丸山口","nearest_bus_stop_distance_m":565.7589538983921,"nearest_public_transport_type":"bus_stop","nearest_public_transport_name":"丸山口","nearest_public_transport_distance_m":565.7589538983921,"nearest_medical_name":"鹿野医院","nearest_medical_distance_m":482.5258150977189,"nearest_medical_access_class":"likely_public","nearest_hospital_name":"京都府立舞鶴こども療育センター","nearest_hospital_distance_m":1269.9519552643487,"elderly_population_percentile":0.8986013986013986,"transport_distance_percentile":0.5559440559440559,"medical_distance_percentile":0.1958041958041958,"exploratory_score_c":0.097818314503727,"pareto_frontier":true},"geometry":{"type":"Polygon","coordinates":[[[135.3875,35.45416666666667],[135.39375,35.45416666666667],[135.39375,35.45833333333334],[135.3875,35.45833333333334],[135.3875,35.45416666666667]]]},"id":"533513413"},{"type":"Feature","properties":{"mesh_code":"533513414","area_label":"上地橋バス停周辺","area_label_basis":"最寄りの実在公共交通名称（行政地名ではない）","rank":141,"population":1235,"elderly_population":364.0,"elderly_ratio":0.29473684210526313,"centroid_lat":35.45625,"centroid_lon":135.396875,"city_area_fraction":1.0,"disclosure_status":"unaffected","primary_eligible":true,"nearest_station_name":"東舞鶴駅","nearest_station_distance_m":1381.579714779182,"nearest_bus_stop_name":"上地橋","nearest_bus_stop_distance_m":239.78374044285513,"nearest_public_transport_type":"bus_stop","nearest_public_transport_name":"上地橋","nearest_public_transport_distance_m":239.78374044285513,"nearest_medical_name":"医療法人社団悠慈会指宿医院","nearest_medical_distance_m":586.4176376990416,"nearest_medical_access_class":"likely_public","nearest_hospital_name":"京都府立舞鶴こども療育センター","nearest_hospital_distance_m":835.3599048782431,"elderly_population_percentile":0.9755244755244756,"transport_distance_percentile":0.2482517482517482,"medical_distance_percentile":0.2342657342657342,"exploratory_score_c":0.0567334579939108,"pareto_frontier":true},"geometry":{"type":"Polygon","coordinates":[[[135.39375,35.45416666666667],[135.4,35.45416666666667],[135.4,35.45833333333334],[135.39375,35.45833333333334],[135.39375,35.45416666666667]]]},"id":"533513414"},{"type":"Feature","properties":{"mesh_code":"533513421","area_label":"常口バス停周辺","area_label_basis":"最寄りの実在公共交通名称（行政地名ではない）","rank":156,"population":719,"elderly_population":215.0,"elderly_ratio":0.29902642559109877,"centroid_lat":35.452083333333334,"centroid_lon":135.403125,"city_area_fraction":1.0,"disclosure_status":"unaffected","primary_eligible":true,"nearest_station_name":"東舞鶴駅","nearest_station_distance_m":1980.4754673859738,"nearest_bus_stop_name":"常口","nearest_bus_stop_distance_m":131.2643416774291,"nearest_public_transport_type":"bus_stop","nearest_public_transport_name":"常口","nearest_public_transport_distance_m":131.2643416774291,"nearest_medical_name":"京都府立舞鶴こども療育センター","nearest_medical_distance_m":1114.738453753337,"nearest_medical_access_class":"likely_public","nearest_hospital_name":"京都府立舞鶴こども療育センター","nearest_hospital_distance_m":1114.738453753337,"elderly_population_percentile":0.8828671328671329,"transport_distance_percentile":0.0874125874125874,"medical_distance_percentile":0.4965034965034965,"exploratory_score_c":0.0383170120993486,"pareto_frontier":false},"geometry":{"type":"Polygon","coordinates":[[[135.4,35.45],[135.40625,35.45],[135.40625,35.45416666666667],[135.4,35.45416666666667],[135.4,35.45]]]},"id":"533513421"},{"type":"Feature","properties":{"mesh_code":"533513422","area_label":"常バス停周辺","area_label_basis":"最寄りの実在公共交通名称（行政地名ではない）","rank":132,"population":31,"elderly_population":18.0,"elderly_ratio":0.5806451612903226,"centroid_lat":35.452083333333334,"centroid_lon":135.409375,"city_area_fraction":1.0,"disclosure_status":"unaffected","primary_eligible":true,"nearest_station_name":"東舞鶴駅","nearest_station_distance_m":2258.379537074244,"nearest_bus_stop_name":"常","nearest_bus_stop_distance_m":278.42430710200995,"nearest_public_transport_type":"bus_stop","nearest_public_transport_name":"常","nearest_public_transport_distance_m":278.42430710200995,"nearest_medical_name":"京都府立舞鶴こども療育センター","nearest_medical_distance_m":1270.8535693294746,"nearest_medical_access_class":"likely_public","nearest_hospital_name":"京都府立舞鶴こども療育センター","nearest_hospital_distance_m":1270.8535693294746,"elderly_population_percentile":0.3916083916083916,"transport_distance_percentile":0.2937062937062937,"medical_distance_percentile":0.548951048951049,"exploratory_score_c":0.0631391690123168,"pareto_frontier":false},"geometry":{"type":"Polygon","coordinates":[[[135.40625,35.45],[135.4125,35.45],[135.4125,35.45416666666667],[135.40625,35.45416666666667],[135.40625,35.45]]]},"id":"533513422"},{"type":"Feature","properties":{"mesh_code":"533513423","area_label":"常団地前バス停周辺","area_label_basis":"最寄りの実在公共交通名称（行政地名ではない）","rank":88,"population":300,"elderly_population":128.0,"elderly_ratio":0.4266666666666667,"centroid_lat":35.45625,"centroid_lon":135.403125,"city_area_fraction":1.0000000000000002,"disclosure_status":"unaffected","primary_eligible":true,"nearest_station_name":"東舞鶴駅","nearest_station_distance_m":1563.0325335497105,"nearest_bus_stop_name":"常団地前","nearest_bus_stop_distance_m":556.4427979861277,"nearest_public_transport_type":"bus_stop","nearest_public_transport_name":"常団地前","nearest_public_transport_distance_m":556.4427979861277,"nearest_medical_name":"京都府立舞鶴こども療育センター","nearest_medical_distance_m":653.111936359659,"nearest_medical_access_class":"likely_public","nearest_hospital_name":"京都府立舞鶴こども療育センター","nearest_hospital_distance_m":653.111936359659,"elderly_population_percentile":0.7797202797202797,"transport_distance_percentile":0.5384615384615384,"medical_distance_percentile":0.2867132867132867,"exploratory_score_c":0.1203763960622486,"pareto_frontier":false},"geometry":{"type":"Polygon","coordinates":[[[135.4,35.45416666666667],[135.40625,35.45416666666667],[135.40625,35.45833333333334],[135.4,35.45833333333334],[135.4,35.45416666666667]]]},"id":"533513423"},{"type":"Feature","properties":{"mesh_code":"533513454","area_label":"堂の奥バス停周辺","area_label_basis":"最寄りの実在公共交通名称（行政地名ではない）","rank":null,"population":6,"elderly_population":null,"elderly_ratio":null,"centroid_lat":35.45625,"centroid_lon":135.446875,"city_area_fraction":1.0,"disclosure_status":"suppressed_source","primary_eligible":false,"nearest_station_name":"松尾寺駅","nearest_station_distance_m":3312.051498205368,"nearest_bus_stop_name":"堂の奥","nearest_bus_stop_distance_m":2677.9291849485394,"nearest_public_transport_type":"bus_stop","nearest_public_transport_name":"堂の奥","nearest_public_transport_distance_m":2677.9291849485394,"nearest_medical_name":"特別養護老人ホームグリーンプラザ博愛苑医務室","nearest_medical_distance_m":3455.817260092347,"nearest_medical_access_class":"uncertain_access","nearest_hospital_name":"京都府立舞鶴こども療育センター","nearest_hospital_distance_m":4068.242899744888,"elderly_population_percentile":null,"transport_distance_percentile":null,"medical_distance_percentile":null,"exploratory_score_c":null,"pareto_frontier":null},"geometry":{"type":"Polygon","coordinates":[[[135.44375,35.45416666666667],[135.45,35.45416666666667],[135.45,35.45833333333334],[135.44375,35.45833333333334],[135.44375,35.45416666666667]]]},"id":"533513454"},{"type":"Feature","properties":{"mesh_code":"533513501","area_label":"舞鶴市リサイクルプラザ前バス停周辺","area_label_basis":"最寄りの実在公共交通名称（行政地名ではない）","rank":null,"population":159,"elderly_population":8.0,"elderly_ratio":0.050314465408805034,"centroid_lat":35.460416666666674,"centroid_lon":135.378125,"city_area_fraction":1.0,"disclosure_status":"unaffected","primary_eligible":false,"nearest_station_name":"東舞鶴駅","nearest_station_distance_m":1765.1276754987173,"nearest_bus_stop_name":"舞鶴市リサイクルプラザ前","nearest_bus_stop_distance_m":284.97080547437565,"nearest_public_transport_type":"bus_stop","nearest_public_transport_name":"舞鶴市リサイクルプラザ前","nearest_public_transport_distance_m":284.97080547437565,"nearest_medical_name":"鹿野医院","nearest_medical_distance_m":1274.7862782824507,"nearest_medical_access_class":"likely_public","nearest_hospital_name":"国家公務員共済組合連合会 舞鶴共済病院","nearest_hospital_distance_m":1571.666709076093,"elderly_population_percentile":0.1573426573426573,"transport_distance_percentile":0.3076923076923077,"medical_distance_percentile":0.5524475524475524,"exploratory_score_c":0.0267457125983215,"pareto_frontier":false},"geometry":{"type":"Polygon","coordinates":[[[135.375,35.458333333333336],[135.38125,35.458333333333336],[135.38125,35.4625],[135.375,35.4625],[135.375,35.458333333333336]]]},"id":"533513501"},{"type":"Feature","properties":{"mesh_code":"533513502","area_label":"白鳥団地前バス停周辺","area_label_basis":"最寄りの実在公共交通名称（行政地名ではない）","rank":172,"population":907,"elderly_population":209.0,"elderly_ratio":0.23042998897464168,"centroid_lat":35.460416666666674,"centroid_lon":135.384375,"city_area_fraction":1.0,"disclosure_status":"unaffected","primary_eligible":true,"nearest_station_name":"東舞鶴駅","nearest_station_distance_m":1311.1697559176675,"nearest_bus_stop_name":"白鳥団地前","nearest_bus_stop_distance_m":134.27948766494703,"nearest_public_transport_type":"bus_stop","nearest_public_transport_name":"白鳥団地前","nearest_public_transport_distance_m":134.27948766494703,"nearest_medical_name":"鹿野医院","nearest_medical_distance_m":707.4842883784464,"nearest_medical_access_class":"likely_public","nearest_hospital_name":"国家公務員共済組合連合会 舞鶴共済病院","nearest_hospital_distance_m":1198.2064334108418,"elderly_population_percentile":0.8706293706293706,"transport_distance_percentile":0.0909090909090909,"medical_distance_percentile":0.3216783216783216,"exploratory_score_c":0.0254602358861735,"pareto_frontier":false},"geometry":{"type":"Polygon","coordinates":[[[135.38125,35.458333333333336],[135.3875,35.458333333333336],[135.3875,35.4625],[135.38125,35.4625],[135.38125,35.458333333333336]]]},"id":"533513502"},{"type":"Feature","properties":{"mesh_code":"533513504","area_label":"白鳥団地前バス停周辺","area_label_basis":"最寄りの実在公共交通名称（行政地名ではない）","rank":124,"population":39,"elderly_population":19.0,"elderly_ratio":0.48717948717948717,"centroid_lat":35.46458333333334,"centroid_lon":135.384375,"city_area_fraction":1.0000000000000002,"disclosure_status":"unaffected","primary_eligible":true,"nearest_station_name":"東舞鶴駅","nearest_station_distance_m":1046.2621425375544,"nearest_bus_stop_name":"白鳥団地前","nearest_bus_stop_distance_m":510.5454180468817,"nearest_public_transport_type":"bus_stop","nearest_public_transport_name":"白鳥団地前","nearest_public_transport_distance_m":510.5454180468817,"nearest_medical_name":"国家公務員共済組合連合会 舞鶴共済病院","nearest_medical_distance_m":840.2466643420112,"nearest_medical_access_class":"likely_public","nearest_hospital_name":"国家公務員共済組合連合会 舞鶴共済病院","nearest_hospital_distance_m":840.2466643420112,"elderly_population_percentile":0.3986013986013986,"transport_distance_percentile":0.5,"medical_distance_percentile":0.3846153846153846,"exploratory_score_c":0.0766541151156535,"pareto_frontier":false},"geometry":{"type":"Polygon","coordinates":[[[135.38125,35.4625],[135.3875,35.4625],[135.3875,35.466666666666676],[135.38125,35.466666666666676],[135.38125,35.4625]]]},"id":"533513504"},{"type":"Feature","properties":{"mesh_code":"533513511","area_label":"丸山口バス停周辺","area_label_basis":"最寄りの実在公共交通名称（行政地名ではない）","rank":209,"population":902,"elderly_population":286.0,"elderly_ratio":0.3170731707317073,"centroid_lat":35.460416666666674,"centroid_lon":135.390625,"city_area_fraction":1.0,"disclosure_status":"unaffected","primary_eligible":true,"nearest_station_name":"東舞鶴駅","nearest_station_distance_m":982.982732433602,"nearest_bus_stop_name":"丸山口","nearest_bus_stop_distance_m":113.62286737861056,"nearest_public_transport_type":"bus_stop","nearest_public_transport_name":"丸山口","nearest_public_transport_distance_m":113.62286737861056,"nearest_medical_name":"鹿野医院","nearest_medical_distance_m":140.18349823738052,"nearest_medical_access_class":"likely_public","nearest_hospital_name":"国家公務員共済組合連合会 舞鶴共済病院","nearest_hospital_distance_m":1022.1795942032435,"elderly_population_percentile":0.9265734265734266,"transport_distance_percentile":0.0699300699300699,"medical_distance_percentile":0.0489510489510489,"exploratory_score_c":0.0031718000811844,"pareto_frontier":false},"geometry":{"type":"Polygon","coordinates":[[[135.3875,35.458333333333336],[135.39375,35.458333333333336],[135.39375,35.4625],[135.3875,35.4625],[135.3875,35.458333333333336]]]},"id":"533513511"},{"type":"Feature","properties":{"mesh_code":"533513512","area_label":"行永バス停周辺","area_label_basis":"最寄りの実在公共交通名称（行政地名ではない）","rank":196,"population":1151,"elderly_population":422.0,"elderly_ratio":0.366637706342311,"centroid_lat":35.460416666666674,"centroid_lon":135.396875,"city_area_fraction":0.9999999999999998,"disclosure_status":"unaffected","primary_eligible":true,"nearest_station_name":"東舞鶴駅","nearest_station_distance_m":925.711066040507,"nearest_bus_stop_name":"行永","nearest_bus_stop_distance_m":185.30074325557842,"nearest_public_transport_type":"bus_stop","nearest_public_transport_name":"行永","nearest_public_transport_distance_m":185.30074325557842,"nearest_medical_name":"医療法人社団悠慈会指宿医院","nearest_medical_distance_m":139.6166654384056,"nearest_medical_access_class":"likely_public","nearest_hospital_name":"京都府立舞鶴こども療育センター","nearest_hospital_distance_m":555.9581046198193,"elderly_population_percentile":0.993006993006993,"transport_distance_percentile":0.1678321678321678,"medical_distance_percentile":0.0454545454545454,"exploratory_score_c":0.0075753871049484,"pareto_frontier":true},"geometry":{"type":"Polygon","coordinates":[[[135.39375,35.458333333333336],[135.4,35.458333333333336],[135.4,35.4625],[135.39375,35.4625],[135.39375,35.458333333333336]]]},"id":"533513512"},{"type":"Feature","properties":{"mesh_code":"533513513","area_label":"森町バス停周辺","area_label_basis":"最寄りの実在公共交通名称（行政地名ではない）","rank":165,"population":1299,"elderly_population":387.0,"elderly_ratio":0.2979214780600462,"centroid_lat":35.46458333333334,"centroid_lon":135.390625,"city_area_fraction":1.0,"disclosure_status":"unaffected","primary_eligible":true,"nearest_station_name":"東舞鶴駅","nearest_station_distance_m":584.630403788521,"nearest_bus_stop_name":"森町","nearest_bus_stop_distance_m":207.03429189056158,"nearest_public_transport_type":"bus_stop","nearest_public_transport_name":"森町","nearest_public_transport_distance_m":207.03429189056158,"nearest_medical_name":"渡辺医院","nearest_medical_distance_m":353.94583482033465,"nearest_medical_access_class":"likely_public","nearest_hospital_name":"国家公務員共済組合連合会 舞鶴共済病院","nearest_hospital_distance_m":561.4157520220799,"elderly_population_percentile":0.986013986013986,"transport_distance_percentile":0.2132867132867132,"medical_distance_percentile":0.1503496503496503,"exploratory_score_c":0.0316190851058081,"pareto_frontier":true},"geometry":{"type":"Polygon","coordinates":[[[135.3875,35.4625],[135.39375,35.4625],[135.39375,35.466666666666676],[135.3875,35.466666666666676],[135.3875,35.4625]]]},"id":"533513513"},{"type":"Feature","properties":{"mesh_code":"533513514","area_label":"行永郵便局前バス停周辺","area_label_basis":"最寄りの実在公共交通名称（行政地名ではない）","rank":201,"population":1918,"elderly_population":499.0,"elderly_ratio":0.2601668404588113,"centroid_lat":35.46458333333334,"centroid_lon":135.396875,"city_area_fraction":1.0,"disclosure_status":"unaffected","primary_eligible":true,"nearest_station_name":"東舞鶴駅","nearest_station_distance_m":482.1667267956745,"nearest_bus_stop_name":"行永郵便局前","nearest_bus_stop_distance_m":102.52394591183787,"nearest_public_transport_type":"bus_stop","nearest_public_transport_name":"行永郵便局前","nearest_public_transport_distance_m":102.52394591183787,"nearest_medical_name":"医療法人豊永会　髙田内科医院","nearest_medical_distance_m":174.74883467012285,"nearest_medical_access_class":"likely_public","nearest_hospital_name":"独立行政法人国立病院機構 舞鶴医療センター","nearest_hospital_distance_m":522.6332712350336,"elderly_population_percentile":1.0,"transport_distance_percentile":0.0559440559440559,"medical_distance_percentile":0.0699300699300699,"exploratory_score_c":0.0039121717443395,"pareto_frontier":true},"geometry":{"type":"Polygon","coordinates":[[[135.39375,35.4625],[135.4,35.4625],[135.4,35.466666666666676],[135.39375,35.466666666666676],[135.39375,35.4625]]]},"id":"533513514"},{"type":"Feature","properties":{"mesh_code":"533513521","area_label":"舞鶴医療センター前バス停周辺","area_label_basis":"最寄りの実在公共交通名称（行政地名ではない）","rank":161,"population":1387,"elderly_population":401.0,"elderly_ratio":0.2891131939437635,"centroid_lat":35.460416666666674,"centroid_lon":135.403125,"city_area_fraction":1.0,"disclosure_status":"unaffected","primary_eligible":true,"nearest_station_name":"東舞鶴駅","nearest_station_distance_m":1179.5009198520895,"nearest_bus_stop_name":"舞鶴医療センター前","nearest_bus_stop_distance_m":433.3799410085032,"nearest_public_transport_type":"bus_stop","nearest_public_transport_name":"舞鶴医療センター前","nearest_public_transport_distance_m":433.3799410085032,"nearest_medical_name":"京都府立舞鶴こども療育センター","nearest_medical_distance_m":194.50637176121816,"nearest_medical_access_class":"likely_public","nearest_hospital_name":"京都府立舞鶴こども療育センター","nearest_hospital_distance_m":194.50637176121816,"elderly_population_percentile":0.9895104895104896,"transport_distance_percentile":0.4405594405594406,"medical_distance_percentile":0.0804195804195804,"exploratory_score_c":0.0350579661426157,"pareto_frontier":true},"geometry":{"type":"Polygon","coordinates":[[[135.4,35.458333333333336],[135.40625,35.458333333333336],[135.40625,35.4625],[135.4,35.4625],[135.4,35.458333333333336]]]},"id":"533513521"},{"type":"Feature","properties":{"mesh_code":"533513522","area_label":"溝尻バス停周辺","area_label_basis":"最寄りの実在公共交通名称（行政地名ではない）","rank":98,"population":236,"elderly_population":106.0,"elderly_ratio":0.4491525423728814,"centroid_lat":35.460416666666674,"centroid_lon":135.409375,"city_area_fraction":0.9999999999999998,"disclosure_status":"unaffected","primary_eligible":true,"nearest_station_name":"東舞鶴駅","nearest_station_distance_m":1602.8405756789534,"nearest_bus_stop_name":"溝尻","nearest_bus_stop_distance_m":543.0450586233042,"nearest_public_transport_type":"bus_stop","nearest_public_transport_name":"溝尻","nearest_public_transport_distance_m":543.0450586233042,"nearest_medical_name":"京都府立舞鶴こども療育センター","nearest_medical_distance_m":640.485914656108,"nearest_medical_access_class":"likely_public","nearest_hospital_name":"京都府立舞鶴こども療育センター","nearest_hospital_distance_m":640.485914656108,"elderly_population_percentile":0.7517482517482518,"transport_distance_percentile":0.5209790209790209,"medical_distance_percentile":0.2727272727272727,"exploratory_score_c":0.1068122913323167,"pareto_frontier":false},"geometry":{"type":"Polygon","coordinates":[[[135.40625,35.458333333333336],[135.4125,35.458333333333336],[135.4125,35.4625],[135.40625,35.4625],[135.40625,35.458333333333336]]]},"id":"533513522"},{"type":"Feature","properties":{"mesh_code":"533513523","area_label":"舞鶴医療センター前バス停周辺","area_label_basis":"最寄りの実在公共交通名称（行政地名ではない）","rank":197,"population":1277,"elderly_population":202.0,"elderly_ratio":0.1581832419733751,"centroid_lat":35.46458333333334,"centroid_lon":135.403125,"city_area_fraction":0.9999999999999998,"disclosure_status":"unaffected","primary_eligible":true,"nearest_station_name":"東舞鶴駅","nearest_station_distance_m":875.636406169119,"nearest_bus_stop_name":"舞鶴医療センター前","nearest_bus_stop_distance_m":149.3726608053634,"nearest_public_transport_type":"bus_stop","nearest_public_transport_name":"舞鶴医療センター前","nearest_public_transport_distance_m":149.3726608053634,"nearest_medical_name":"舞鶴市休日急病診療所","nearest_medical_distance_m":145.01399485126993,"nearest_medical_access_class":"likely_public","nearest_hospital_name":"独立行政法人国立病院機構 舞鶴医療センター","nearest_hospital_distance_m":157.4227913034591,"elderly_population_percentile":0.8566433566433567,"transport_distance_percentile":0.1258741258741259,"medical_distance_percentile":0.0594405594405594,"exploratory_score_c":0.0064094299753745,"pareto_frontier":false},"geometry":{"type":"Polygon","coordinates":[[[135.4,35.4625],[135.40625,35.4625],[135.40625,35.466666666666676],[135.4,35.466666666666676],[135.4,35.4625]]]},"id":"533513523"},{"type":"Feature","properties":{"mesh_code":"533513524","area_label":"溝尻バス停周辺","area_label_basis":"最寄りの実在公共交通名称（行政地名ではない）","rank":143,"population":512,"elderly_population":129.0,"elderly_ratio":0.251953125,"centroid_lat":35.46458333333334,"centroid_lon":135.409375,"city_area_fraction":1.0,"disclosure_status":"unaffected","primary_eligible":true,"nearest_station_name":"東舞鶴駅","nearest_station_distance_m":1394.4727791287592,"nearest_bus_stop_name":"溝尻","nearest_bus_stop_distance_m":223.62784081884226,"nearest_public_transport_type":"bus_stop","nearest_public_transport_name":"溝尻","nearest_public_transport_distance_m":223.62784081884226,"nearest_medical_name":"厚生労働省第二共済組合 舞鶴医療センター診療部","nearest_medical_distance_m":648.0910371102367,"nearest_medical_access_class":"likely_public","nearest_hospital_name":"独立行政法人国立病院機構 舞鶴医療センター","nearest_hospital_distance_m":648.0910371102367,"elderly_population_percentile":0.7832167832167832,"transport_distance_percentile":0.2342657342657342,"medical_distance_percentile":0.2797202797202797,"exploratory_score_c":0.0513233160306366,"pareto_frontier":false},"geometry":{"type":"Polygon","coordinates":[[[135.40625,35.4625],[135.4125,35.4625],[135.4125,35.466666666666676],[135.40625,35.466666666666676],[135.40625,35.4625]]]},"id":"533513524"},{"type":"Feature","properties":{"mesh_code":"533513532","area_label":"堂の奥バス停周辺","area_label_basis":"最寄りの実在公共交通名称（行政地名ではない）","rank":null,"population":6,"elderly_population":null,"elderly_ratio":null,"centroid_lat":35.460416666666674,"centroid_lon":135.421875,"city_area_fraction":0.9999999999999998,"disclosure_status":"suppressed_source","primary_eligible":false,"nearest_station_name":"東舞鶴駅","nearest_station_distance_m":2618.324895563939,"nearest_bus_stop_name":"堂の奥","nearest_bus_stop_distance_m":504.37791124600005,"nearest_public_transport_type":"bus_stop","nearest_public_transport_name":"堂の奥","nearest_public_transport_distance_m":504.37791124600005,"nearest_medical_name":"特別養護老人ホームグリーンプラザ博愛苑医務室","nearest_medical_distance_m":1714.525287429196,"nearest_medical_access_class":"uncertain_access","nearest_hospital_name":"京都府立舞鶴こども療育センター","nearest_hospital_distance_m":1756.6826291543855,"elderly_population_percentile":null,"transport_distance_percentile":null,"medical_distance_percentile":null,"exploratory_score_c":null,"pareto_frontier":null},"geometry":{"type":"Polygon","coordinates":[[[135.41875,35.458333333333336],[135.425,35.458333333333336],[135.425,35.4625],[135.41875,35.4625],[135.41875,35.458333333333336]]]},"id":"533513532"},{"type":"Feature","properties":{"mesh_code":"533513533","area_label":"堂の奥バス停周辺","area_label_basis":"最寄りの実在公共交通名称（行政地名ではない）","rank":123,"population":136,"elderly_population":22.0,"elderly_ratio":0.16176470588235295,"centroid_lat":35.46458333333334,"centroid_lon":135.415625,"city_area_fraction":1.0,"disclosure_status":"unaffected","primary_eligible":true,"nearest_station_name":"東舞鶴駅","nearest_station_distance_m":1940.600152158538,"nearest_bus_stop_name":"堂の奥","nearest_bus_stop_distance_m":314.79290907585516,"nearest_public_transport_type":"bus_stop","nearest_public_transport_name":"堂の奥","nearest_public_transport_distance_m":314.79290907585516,"nearest_medical_name":"特別養護老人ホームグリーンプラザ博愛苑医務室","nearest_medical_distance_m":1191.980853639388,"nearest_medical_access_class":"uncertain_access","nearest_hospital_name":"独立行政法人国立病院機構 舞鶴医療センター","nearest_hospital_distance_m":1207.8345312409956,"elderly_population_percentile":0.4335664335664335,"transport_distance_percentile":0.3391608391608391,"medical_distance_percentile":0.5244755244755245,"exploratory_score_c":0.0771234731330579,"pareto_frontier":false},"geometry":{"type":"Polygon","coordinates":[[[135.4125,35.4625],[135.41875,35.4625],[135.41875,35.466666666666676],[135.4125,35.466666666666676],[135.4125,35.4625]]]},"id":"533513533"},{"type":"Feature","properties":{"mesh_code":"533513534","area_label":"堂の奥バス停周辺","area_label_basis":"最寄りの実在公共交通名称（行政地名ではない）","rank":null,"population":94,"elderly_population":null,"elderly_ratio":null,"centroid_lat":35.46458333333334,"centroid_lon":135.421875,"city_area_fraction":1.0,"disclosure_status":"aggregation_destination","primary_eligible":false,"nearest_station_name":"東舞鶴駅","nearest_station_distance_m":2496.1693733717,"nearest_bus_stop_name":"堂の奥","nearest_bus_stop_distance_m":254.93154101844388,"nearest_public_transport_type":"bus_stop","nearest_public_transport_name":"堂の奥","nearest_public_transport_distance_m":254.93154101844388,"nearest_medical_name":"特別養護老人ホームグリーンプラザ博愛苑医務室","nearest_medical_distance_m":1275.8807451898188,"nearest_medical_access_class":"uncertain_access","nearest_hospital_name":"京都府立舞鶴こども療育センター","nearest_hospital_distance_m":1767.6026509659243,"elderly_population_percentile":null,"transport_distance_percentile":null,"medical_distance_percentile":null,"exploratory_score_c":null,"pareto_frontier":null},"geometry":{"type":"Polygon","coordinates":[[[135.41875,35.4625],[135.425,35.4625],[135.425,35.466666666666676],[135.41875,35.466666666666676],[135.41875,35.4625]]]},"id":"533513534"},{"type":"Feature","properties":{"mesh_code":"533513541","area_label":"堂の奥バス停周辺","area_label_basis":"最寄りの実在公共交通名称（行政地名ではない）","rank":null,"population":12,"elderly_population":7.0,"elderly_ratio":0.5833333333333334,"centroid_lat":35.460416666666674,"centroid_lon":135.428125,"city_area_fraction":0.9999999999999998,"disclosure_status":"unaffected","primary_eligible":false,"nearest_station_name":"東舞鶴駅","nearest_station_distance_m":3156.623871989379,"nearest_bus_stop_name":"堂の奥","nearest_bus_stop_distance_m":929.4708676115221,"nearest_public_transport_type":"bus_stop","nearest_public_transport_name":"堂の奥","nearest_public_transport_distance_m":929.4708676115221,"nearest_medical_name":"特別養護老人ホームグリーンプラザ博愛苑医務室","nearest_medical_distance_m":1946.8430976113152,"nearest_medical_access_class":"uncertain_access","nearest_hospital_name":"京都府立舞鶴こども療育センター","nearest_hospital_distance_m":2321.4765088894146,"elderly_population_percentile":0.1206293706293706,"transport_distance_percentile":0.6958041958041958,"medical_distance_percentile":0.6888111888111889,"exploratory_score_c":0.0578149691523206,"pareto_frontier":false},"geometry":{"type":"Polygon","coordinates":[[[135.425,35.458333333333336],[135.43125,35.458333333333336],[135.43125,35.4625],[135.425,35.4625],[135.425,35.458333333333336]]]},"id":"533513541"},{"type":"Feature","properties":{"mesh_code":"533513543","area_label":"堂の奥バス停周辺","area_label_basis":"最寄りの実在公共交通名称（行政地名ではない）","rank":null,"population":42,"elderly_population":null,"elderly_ratio":null,"centroid_lat":35.46458333333334,"centroid_lon":135.428125,"city_area_fraction":0.9999999999999998,"disclosure_status":"aggregation_destination","primary_eligible":false,"nearest_station_name":"東舞鶴駅","nearest_station_distance_m":3056.0351254126654,"nearest_bus_stop_name":"堂の奥","nearest_bus_stop_distance_m":821.2659807201028,"nearest_public_transport_type":"bus_stop","nearest_public_transport_name":"堂の奥","nearest_public_transport_distance_m":821.2659807201028,"nearest_medical_name":"特別養護老人ホームグリーンプラザ博愛苑医務室","nearest_medical_distance_m":1574.3029731119377,"nearest_medical_access_class":"uncertain_access","nearest_hospital_name":"京都府立舞鶴こども療育センター","nearest_hospital_distance_m":2329.7252281671967,"elderly_population_percentile":null,"transport_distance_percentile":null,"medical_distance_percentile":null,"exploratory_score_c":null,"pareto_frontier":null},"geometry":{"type":"Polygon","coordinates":[[[135.425,35.4625],[135.43125,35.4625],[135.43125,35.466666666666676],[135.425,35.466666666666676],[135.425,35.4625]]]},"id":"533513543"},{"type":"Feature","properties":{"mesh_code":"533513544","area_label":"堂の奥バス停周辺","area_label_basis":"最寄りの実在公共交通名称（行政地名ではない）","rank":null,"population":3,"elderly_population":null,"elderly_ratio":null,"centroid_lat":35.46458333333334,"centroid_lon":135.434375,"city_area_fraction":1.0000000000000002,"disclosure_status":"suppressed_source","primary_eligible":false,"nearest_station_name":"松尾寺駅","nearest_station_distance_m":2777.6966258330226,"nearest_bus_stop_name":"堂の奥","nearest_bus_stop_distance_m":1388.364624668774,"nearest_public_transport_type":"bus_stop","nearest_public_transport_name":"堂の奥","nearest_public_transport_distance_m":1388.364624668774,"nearest_medical_name":"特別養護老人ホームグリーンプラザ博愛苑医務室","nearest_medical_distance_m":1993.1110044946067,"nearest_medical_access_class":"uncertain_access","nearest_hospital_name":"京都府立舞鶴こども療育センター","nearest_hospital_distance_m":2893.860295662122,"elderly_population_percentile":null,"transport_distance_percentile":null,"medical_distance_percentile":null,"exploratory_score_c":null,"pareto_frontier":null},"geometry":{"type":"Polygon","coordinates":[[[135.43125,35.4625],[135.4375,35.4625],[135.4375,35.466666666666676],[135.43125,35.466666666666676],[135.43125,35.4625]]]},"id":"533513544"},{"type":"Feature","properties":{"mesh_code":"533513551","area_label":"堂の奥バス停周辺","area_label_basis":"最寄りの実在公共交通名称（行政地名ではない）","rank":7,"population":75,"elderly_population":32.0,"elderly_ratio":0.4266666666666667,"centroid_lat":35.460416666666674,"centroid_lon":135.440625,"city_area_fraction":1.0000000000000002,"disclosure_status":"unaffected","primary_eligible":true,"nearest_station_name":"松尾寺駅","nearest_station_distance_m":2967.707837138069,"nearest_bus_stop_name":"堂の奥","nearest_bus_stop_distance_m":2003.4531987291318,"nearest_public_transport_type":"bus_stop","nearest_public_transport_name":"堂の奥","nearest_public_transport_distance_m":2003.4531987291318,"nearest_medical_name":"特別養護老人ホームグリーンプラザ博愛苑医務室","nearest_medical_distance_m":2724.336391902835,"nearest_medical_access_class":"uncertain_access","nearest_hospital_name":"京都府立舞鶴こども療育センター","nearest_hospital_distance_m":3453.5216544259165,"elderly_population_percentile":0.5594405594405595,"transport_distance_percentile":0.8776223776223776,"medical_distance_percentile":0.8006993006993007,"exploratory_score_c":0.3931253840784869,"pareto_frontier":false},"geometry":{"type":"Polygon","coordinates":[[[135.4375,35.458333333333336],[135.44375,35.458333333333336],[135.44375,35.4625],[135.4375,35.4625],[135.4375,35.458333333333336]]]},"id":"533513551"},{"type":"Feature","properties":{"mesh_code":"533513552","area_label":"鹿原バス停周辺","area_label_basis":"最寄りの実在公共交通名称（行政地名ではない）","rank":null,"population":35,"elderly_population":null,"elderly_ratio":null,"centroid_lat":35.460416666666674,"centroid_lon":135.446875,"city_area_fraction":1.0000000000000002,"disclosure_status":"aggregation_destination","primary_eligible":false,"nearest_station_name":"松尾寺駅","nearest_station_distance_m":2852.1416577575565,"nearest_bus_stop_name":"鹿原","nearest_bus_stop_distance_m":2380.654495139495,"nearest_public_transport_type":"bus_stop","nearest_public_transport_name":"鹿原","nearest_public_transport_distance_m":2380.654495139495,"nearest_medical_name":"特別養護老人ホームグリーンプラザ博愛苑医務室","nearest_medical_distance_m":3194.2472765540933,"nearest_medical_access_class":"uncertain_access","nearest_hospital_name":"京都府立舞鶴こども療育センター","nearest_hospital_distance_m":4020.0806442613107,"elderly_population_percentile":null,"transport_distance_percentile":null,"medical_distance_percentile":null,"exploratory_score_c":null,"pareto_frontier":null},"geometry":{"type":"Polygon","coordinates":[[[135.44375,35.458333333333336],[135.45,35.458333333333336],[135.45,35.4625],[135.44375,35.4625],[135.44375,35.458333333333336]]]},"id":"533513552"},{"type":"Feature","properties":{"mesh_code":"533513554","area_label":"鹿原バス停周辺","area_label_basis":"最寄りの実在公共交通名称（行政地名ではない）","rank":null,"population":9,"elderly_population":null,"elderly_ratio":null,"centroid_lat":35.46458333333334,"centroid_lon":135.446875,"city_area_fraction":1.0000000000000002,"disclosure_status":"suppressed_source","primary_eligible":false,"nearest_station_name":"松尾寺駅","nearest_station_distance_m":2393.1355446728376,"nearest_bus_stop_name":"鹿原","nearest_bus_stop_distance_m":1936.211595042876,"nearest_public_transport_type":"bus_stop","nearest_public_transport_name":"鹿原","nearest_public_transport_distance_m":1936.211595042876,"nearest_medical_name":"地域密着型特別養護老人ホームやすらぎの郷","nearest_medical_distance_m":2900.3759225175427,"nearest_medical_access_class":"likely_public","nearest_hospital_name":"京都府立舞鶴こども療育センター","nearest_hospital_distance_m":4024.7806451337806,"elderly_population_percentile":null,"transport_distance_percentile":null,"medical_distance_percentile":null,"exploratory_score_c":null,"pareto_frontier":null},"geometry":{"type":"Polygon","coordinates":[[[135.44375,35.4625],[135.45,35.4625],[135.45,35.466666666666676],[135.44375,35.466666666666676],[135.44375,35.4625]]]},"id":"533513554"},{"type":"Feature","properties":{"mesh_code":"533513561","area_label":"鹿原バス停周辺","area_label_basis":"最寄りの実在公共交通名称（行政地名ではない）","rank":35,"population":38,"elderly_population":12.0,"elderly_ratio":0.3157894736842105,"centroid_lat":35.460416666666674,"centroid_lon":135.453125,"city_area_fraction":1.0000000000000002,"disclosure_status":"unaffected","primary_eligible":true,"nearest_station_name":"松尾寺駅","nearest_station_distance_m":2847.0307589046347,"nearest_bus_stop_name":"鹿原","nearest_bus_stop_distance_m":2580.439810724259,"nearest_public_transport_type":"bus_stop","nearest_public_transport_name":"鹿原","nearest_public_transport_distance_m":2580.439810724259,"nearest_medical_name":"地域密着型特別養護老人ホームやすらぎの郷","nearest_medical_distance_m":3517.0303441512974,"nearest_medical_access_class":"likely_public","nearest_hospital_name":"京都府立舞鶴こども療育センター","nearest_hospital_distance_m":4586.820393429489,"elderly_population_percentile":0.2779720279720279,"transport_distance_percentile":0.9265734265734266,"medical_distance_percentile":0.8881118881118881,"exploratory_score_c":0.2287434251405594,"pareto_frontier":false},"geometry":{"type":"Polygon","coordinates":[[[135.45,35.458333333333336],[135.45625,35.458333333333336],[135.45625,35.4625],[135.45,35.4625],[135.45,35.458333333333336]]]},"id":"533513561"},{"type":"Feature","properties":{"mesh_code":"533513601","area_label":"三宅団地前バス停周辺","area_label_basis":"最寄りの実在公共交通名称（行政地名ではない）","rank":46,"population":251,"elderly_population":91.0,"elderly_ratio":0.36254980079681276,"centroid_lat":35.46875,"centroid_lon":135.378125,"city_area_fraction":0.9999999999999998,"disclosure_status":"unaffected","primary_eligible":true,"nearest_station_name":"東舞鶴駅","nearest_station_distance_m":1514.560841595389,"nearest_bus_stop_name":"三宅団地前","nearest_bus_stop_distance_m":706.6065340673392,"nearest_public_transport_type":"bus_stop","nearest_public_transport_name":"三宅団地前","nearest_public_transport_distance_m":706.6065340673392,"nearest_medical_name":"海上自衛隊舞鶴衛生隊第一医務室","nearest_medical_distance_m":901.5356432007736,"nearest_medical_access_class":"uncertain_access","nearest_hospital_name":"国家公務員共済組合連合会 舞鶴共済病院","nearest_hospital_distance_m":1199.1777559015522,"elderly_population_percentile":0.7132867132867133,"transport_distance_percentile":0.6503496503496503,"medical_distance_percentile":0.4230769230769231,"exploratory_score_c":0.1962593619398353,"pareto_frontier":false},"geometry":{"type":"Polygon","coordinates":[[[135.375,35.46666666666667],[135.38125,35.46666666666667],[135.38125,35.47083333333334],[135.375,35.47083333333334],[135.375,35.46666666666667]]]},"id":"533513601"},{"type":"Feature","properties":{"mesh_code":"533513602","area_label":"市役所前バス停周辺","area_label_basis":"最寄りの実在公共交通名称（行政地名ではない）","rank":92,"population":330,"elderly_population":109.0,"elderly_ratio":0.3303030303030303,"centroid_lat":35.46875,"centroid_lon":135.384375,"city_area_fraction":1.0000000000000002,"disclosure_status":"unaffected","primary_eligible":true,"nearest_station_name":"東舞鶴駅","nearest_station_distance_m":947.3804179340572,"nearest_bus_stop_name":"市役所前","nearest_bus_stop_distance_m":610.315184455642,"nearest_public_transport_type":"bus_stop","nearest_public_transport_name":"市役所前","nearest_public_transport_distance_m":610.315184455642,"nearest_medical_name":"国家公務員共済組合連合会 舞鶴共済病院","nearest_medical_distance_m":635.371714458563,"nearest_medical_access_class":"likely_public","nearest_hospital_name":"国家公務員共済組合連合会 舞鶴共済病院","nearest_hospital_distance_m":635.371714458563,"elderly_population_percentile":0.756993006993007,"transport_distance_percentile":0.5874125874125874,"medical_distance_percentile":0.2622377622377622,"exploratory_score_c":0.1166085369469397,"pareto_frontier":false},"geometry":{"type":"Polygon","coordinates":[[[135.38125,35.46666666666667],[135.3875,35.46666666666667],[135.3875,35.47083333333334],[135.38125,35.47083333333334],[135.38125,35.46666666666667]]]},"id":"533513602"},{"type":"Feature","properties":{"mesh_code":"533513603","area_label":"三宅団地前バス停周辺","area_label_basis":"最寄りの実在公共交通名称（行政地名ではない）","rank":112,"population":408,"elderly_population":215.0,"elderly_ratio":0.5269607843137255,"centroid_lat":35.47291666666668,"centroid_lon":135.378125,"city_area_fraction":1.0,"disclosure_status":"unaffected","primary_eligible":true,"nearest_station_name":"東舞鶴駅","nearest_station_distance_m":1588.7276663240173,"nearest_bus_stop_name":"三宅団地前","nearest_bus_stop_distance_m":352.0548083880494,"nearest_public_transport_type":"bus_stop","nearest_public_transport_name":"三宅団地前","nearest_public_transport_distance_m":352.0548083880494,"nearest_medical_name":"海上自衛隊舞鶴衛生隊第一医務室","nearest_medical_distance_m":638.2544597796258,"nearest_medical_access_class":"uncertain_access","nearest_hospital_name":"国家公務員共済組合連合会 舞鶴共済病院","nearest_hospital_distance_m":1250.2098335839187,"elderly_population_percentile":0.8828671328671329,"transport_distance_percentile":0.3846153846153846,"medical_distance_percentile":0.2692307692307692,"exploratory_score_c":0.0914211528116853,"pareto_frontier":false},"geometry":{"type":"Polygon","coordinates":[[[135.375,35.47083333333334],[135.38125,35.47083333333334],[135.38125,35.475],[135.375,35.475],[135.375,35.47083333333334]]]},"id":"533513603"},{"type":"Feature","properties":{"mesh_code":"533513604","area_label":"市役所前バス停周辺","area_label_basis":"最寄りの実在公共交通名称（行政地名ではない）","rank":153,"population":83,"elderly_population":36.0,"elderly_ratio":0.43373493975903615,"centroid_lat":35.47291666666668,"centroid_lon":135.384375,"city_area_fraction":1.0,"disclosure_status":"unaffected","primary_eligible":true,"nearest_station_name":"東舞鶴駅","nearest_station_distance_m":1061.9616597315503,"nearest_bus_stop_name":"市役所前","nearest_bus_stop_distance_m":224.2445524093509,"nearest_public_transport_type":"bus_stop","nearest_public_transport_name":"市役所前","nearest_public_transport_distance_m":224.2445524093509,"nearest_medical_name":"医療法人信天翁会 澤田医院","nearest_medical_distance_m":665.754853489431,"nearest_medical_access_class":"likely_public","nearest_hospital_name":"国家公務員共済組合連合会 舞鶴共済病院","nearest_hospital_distance_m":727.1504759098315,"elderly_population_percentile":0.5786713286713286,"transport_distance_percentile":0.2377622377622377,"medical_distance_percentile":0.2937062937062937,"exploratory_score_c":0.0404099299399803,"pareto_frontier":false},"geometry":{"type":"Polygon","coordinates":[[[135.38125,35.47083333333334],[135.3875,35.47083333333334],[135.3875,35.475],[135.38125,35.475],[135.38125,35.47083333333334]]]},"id":"533513604"},{"type":"Feature","properties":{"mesh_code":"533513611","area_label":"共済病院前バス停周辺","area_label_basis":"最寄りの実在公共交通名称（行政地名ではない）","rank":208,"population":508,"elderly_population":174.0,"elderly_ratio":0.3425196850393701,"centroid_lat":35.46875,"centroid_lon":135.390625,"city_area_fraction":1.0,"disclosure_status":"unaffected","primary_eligible":true,"nearest_station_name":"東舞鶴駅","nearest_station_distance_m":380.39043229055477,"nearest_bus_stop_name":"共済病院前","nearest_bus_stop_distance_m":148.37113344284307,"nearest_public_transport_type":"bus_stop","nearest_public_transport_name":"共済病院前","nearest_public_transport_distance_m":148.37113344284307,"nearest_medical_name":"国家公務員共済組合連合会 舞鶴共済病院","nearest_medical_distance_m":113.53765496381014,"nearest_medical_access_class":"likely_public","nearest_hospital_name":"国家公務員共済組合連合会 舞鶴共済病院","nearest_hospital_distance_m":113.53765496381014,"elderly_population_percentile":0.8391608391608392,"transport_distance_percentile":0.1223776223776223,"medical_distance_percentile":0.0314685314685314,"exploratory_score_c":0.003231645365735,"pareto_frontier":false},"geometry":{"type":"Polygon","coordinates":[[[135.3875,35.46666666666667],[135.39375,35.46666666666667],[135.39375,35.47083333333334],[135.3875,35.47083333333334],[135.3875,35.46666666666667]]]},"id":"533513611"},{"type":"Feature","properties":{"mesh_code":"533513612","area_label":"東舞鶴駅周辺","area_label_basis":"最寄りの実在公共交通名称（行政地名ではない）","rank":199,"population":1186,"elderly_population":365.0,"elderly_ratio":0.3077571669477234,"centroid_lat":35.46875,"centroid_lon":135.396875,"city_area_fraction":1.0,"disclosure_status":"unaffected","primary_eligible":true,"nearest_station_name":"東舞鶴駅","nearest_station_distance_m":188.13482953669188,"nearest_bus_stop_name":"東舞鶴駅前","nearest_bus_stop_distance_m":231.4388528382846,"nearest_public_transport_type":"station","nearest_public_transport_name":"東舞鶴駅","nearest_public_transport_distance_m":188.13482953669188,"nearest_medical_name":"特別養護老人ホームやすらぎ苑","nearest_medical_distance_m":109.46716026907215,"nearest_medical_access_class":"likely_public","nearest_hospital_name":"医療法人岸本病院","nearest_hospital_distance_m":330.6914226305635,"elderly_population_percentile":0.9790209790209792,"transport_distance_percentile":0.1748251748251748,"medical_distance_percentile":0.0279720279720279,"exploratory_score_c":0.0047876227640519,"pareto_frontier":false},"geometry":{"type":"Polygon","coordinates":[[[135.39375,35.46666666666667],[135.4,35.46666666666667],[135.4,35.47083333333334],[135.39375,35.47083333333334],[135.39375,35.46666666666667]]]},"id":"533513612"},{"type":"Feature","properties":{"mesh_code":"533513613","area_label":"大門通三条バス停周辺","area_label_basis":"最寄りの実在公共交通名称（行政地名ではない）","rank":186,"population":1077,"elderly_population":353.0,"elderly_ratio":0.3277623026926648,"centroid_lat":35.47291666666668,"centroid_lon":135.390625,"city_area_fraction":0.9999999999999998,"disclosure_status":"unaffected","primary_eligible":true,"nearest_station_name":"東舞鶴駅","nearest_station_distance_m":612.3466746486578,"nearest_bus_stop_name":"大門通三条","nearest_bus_stop_distance_m":192.58500781268117,"nearest_public_transport_type":"bus_stop","nearest_public_transport_name":"大門通三条","nearest_public_transport_distance_m":192.58500781268117,"nearest_medical_name":"医療法人信天翁会 澤田医院","nearest_medical_distance_m":222.60443815312564,"nearest_medical_access_class":"likely_public","nearest_hospital_name":"国家公務員共済組合連合会 舞鶴共済病院","nearest_hospital_distance_m":371.43163849952083,"elderly_population_percentile":0.972027972027972,"transport_distance_percentile":0.1853146853146853,"medical_distance_percentile":0.1013986013986013,"exploratory_score_c":0.018265037324649,"pareto_frontier":false},"geometry":{"type":"Polygon","coordinates":[[[135.3875,35.47083333333334],[135.39375,35.47083333333334],[135.39375,35.475],[135.3875,35.475],[135.3875,35.47083333333334]]]},"id":"533513613"},{"type":"Feature","properties":{"mesh_code":"533513614","area_label":"七条バス停周辺","area_label_basis":"最寄りの実在公共交通名称（行政地名ではない）","rank":202,"population":979,"elderly_population":329.0,"elderly_ratio":0.33605720122574056,"centroid_lat":35.47291666666668,"centroid_lon":135.396875,"city_area_fraction":1.0000000000000002,"disclosure_status":"unaffected","primary_eligible":true,"nearest_station_name":"東舞鶴駅","nearest_station_distance_m":515.4335502296942,"nearest_bus_stop_name":"七条","nearest_bus_stop_distance_m":266.21368619471804,"nearest_public_transport_type":"bus_stop","nearest_public_transport_name":"七条","nearest_public_transport_distance_m":266.21368619471804,"nearest_medical_name":"医療法人肥後内科医院","nearest_medical_distance_m":66.96435227515086,"nearest_medical_access_class":"likely_public","nearest_hospital_name":"医療法人岸本病院","nearest_hospital_distance_m":422.6217989973398,"elderly_population_percentile":0.9493006993006992,"transport_distance_percentile":0.2832167832167832,"medical_distance_percentile":0.0139860139860139,"exploratory_score_c":0.0037602502148445,"pareto_frontier":false},"geometry":{"type":"Polygon","coordinates":[[[135.39375,35.47083333333334],[135.4,35.47083333333334],[135.4,35.475],[135.39375,35.475],[135.39375,35.47083333333334]]]},"id":"533513614"},{"type":"Feature","properties":{"mesh_code":"533513621","area_label":"中町バス停周辺","area_label_basis":"最寄りの実在公共交通名称（行政地名ではない）","rank":185,"population":848,"elderly_population":316.0,"elderly_ratio":0.37264150943396224,"centroid_lat":35.46875,"centroid_lon":135.403125,"city_area_fraction":1.0,"disclosure_status":"unaffected","primary_eligible":true,"nearest_station_name":"東舞鶴駅","nearest_station_distance_m":754.732847122904,"nearest_bus_stop_name":"中町","nearest_bus_stop_distance_m":168.42261281344187,"nearest_public_transport_type":"bus_stop","nearest_public_transport_name":"中町","nearest_public_transport_distance_m":168.42261281344187,"nearest_medical_name":"曽我内科医院","nearest_medical_distance_m":309.394089361232,"nearest_medical_access_class":"likely_public","nearest_hospital_name":"独立行政法人国立病院機構 舞鶴医療センター","nearest_hospital_distance_m":609.2063824440938,"elderly_population_percentile":0.9405594405594404,"transport_distance_percentile":0.1503496503496503,"medical_distance_percentile":0.1328671328671328,"exploratory_score_c":0.0187891110307854,"pareto_frontier":false},"geometry":{"type":"Polygon","coordinates":[[[135.4,35.46666666666667],[135.40625,35.46666666666667],[135.40625,35.47083333333334],[135.4,35.47083333333334],[135.4,35.46666666666667]]]},"id":"533513621"},{"type":"Feature","properties":{"mesh_code":"533513622","area_label":"梅ヶ谷口バス停周辺","area_label_basis":"最寄りの実在公共交通名称（行政地名ではない）","rank":114,"population":1018,"elderly_population":330.0,"elderly_ratio":0.3241650294695481,"centroid_lat":35.46875,"centroid_lon":135.409375,"city_area_fraction":1.0,"disclosure_status":"unaffected","primary_eligible":true,"nearest_station_name":"東舞鶴駅","nearest_station_distance_m":1321.8836117689314,"nearest_bus_stop_name":"梅ヶ谷口","nearest_bus_stop_distance_m":273.22389285317445,"nearest_public_transport_type":"bus_stop","nearest_public_transport_name":"梅ヶ谷口","nearest_public_transport_distance_m":273.22389285317445,"nearest_medical_name":"曽我内科医院","nearest_medical_distance_m":712.0910697651327,"nearest_medical_access_class":"likely_public","nearest_hospital_name":"独立行政法人国立病院機構 舞鶴医療センター","nearest_hospital_distance_m":875.4152307225493,"elderly_population_percentile":0.9545454545454546,"transport_distance_percentile":0.2902097902097902,"medical_distance_percentile":0.3251748251748251,"exploratory_score_c":0.0900794215320598,"pareto_frontier":false},"geometry":{"type":"Polygon","coordinates":[[[135.40625,35.46666666666667],[135.4125,35.46666666666667],[135.4125,35.47083333333334],[135.40625,35.47083333333334],[135.40625,35.46666666666667]]]},"id":"533513622"},{"type":"Feature","properties":{"mesh_code":"533513623","area_label":"西町三丁目バス停周辺","area_label_basis":"最寄りの実在公共交通名称（行政地名ではない）","rank":192,"population":1021,"elderly_population":332.0,"elderly_ratio":0.32517140058765914,"centroid_lat":35.47291666666668,"centroid_lon":135.403125,"city_area_fraction":0.9999999999999998,"disclosure_status":"unaffected","primary_eligible":true,"nearest_station_name":"東舞鶴駅","nearest_station_distance_m":894.3550559559674,"nearest_bus_stop_name":"西町三丁目","nearest_bus_stop_distance_m":151.13165734385836,"nearest_public_transport_type":"bus_stop","nearest_public_transport_name":"西町三丁目","nearest_public_transport_distance_m":151.13165734385836,"nearest_medical_name":"曽我内科医院","nearest_medical_distance_m":181.22747212911653,"nearest_medical_access_class":"likely_public","nearest_hospital_name":"医療法人岸本病院","nearest_hospital_distance_m":911.5890924839243,"elderly_population_percentile":0.958041958041958,"transport_distance_percentile":0.1293706293706293,"medical_distance_percentile":0.0769230769230769,"exploratory_score_c":0.0095340377750275,"pareto_frontier":false},"geometry":{"type":"Polygon","coordinates":[[[135.4,35.47083333333334],[135.40625,35.47083333333334],[135.40625,35.475],[135.4,35.475],[135.4,35.47083333333334]]]},"id":"533513623"},{"type":"Feature","properties":{"mesh_code":"533513624","area_label":"中町バス停周辺","area_label_basis":"最寄りの実在公共交通名称（行政地名ではない）","rank":113,"population":68,"elderly_population":28.0,"elderly_ratio":0.4117647058823529,"centroid_lat":35.47291666666668,"centroid_lon":135.409375,"city_area_fraction":0.9999999999999998,"disclosure_status":"unaffected","primary_eligible":true,"nearest_station_name":"東舞鶴駅","nearest_station_distance_m":1406.2590967356016,"nearest_bus_stop_name":"中町","nearest_bus_stop_distance_m":585.8789224992578,"nearest_public_transport_type":"bus_stop","nearest_public_transport_name":"中町","nearest_public_transport_distance_m":585.8789224992578,"nearest_medical_name":"曽我内科医院","nearest_medical_distance_m":666.4617111394427,"nearest_medical_access_class":"likely_public","nearest_hospital_name":"独立行政法人国立病院機構 舞鶴医療センター","nearest_hospital_distance_m":1240.9867273181987,"elderly_population_percentile":0.5262237762237763,"transport_distance_percentile":0.5769230769230769,"medical_distance_percentile":0.2972027972027972,"exploratory_score_c":0.0902279874509567,"pareto_frontier":false},"geometry":{"type":"Polygon","coordinates":[[[135.40625,35.47083333333334],[135.4125,35.47083333333334],[135.4125,35.475],[135.40625,35.475],[135.40625,35.47083333333334]]]},"id":"533513624"},{"type":"Feature","properties":{"mesh_code":"533513631","area_label":"溝尻バス停周辺","area_label_basis":"最寄りの実在公共交通名称（行政地名ではない）","rank":null,"population":31,"elderly_population":null,"elderly_ratio":null,"centroid_lat":35.46875,"centroid_lon":135.415625,"city_area_fraction":1.0,"disclosure_status":"aggregation_destination","primary_eligible":false,"nearest_station_name":"東舞鶴駅","nearest_station_distance_m":1889.0889609165713,"nearest_bus_stop_name":"溝尻","nearest_bus_stop_distance_m":550.8797895306913,"nearest_public_transport_type":"bus_stop","nearest_public_transport_name":"溝尻","nearest_public_transport_distance_m":550.8797895306913,"nearest_medical_name":"特別養護老人ホームグリーンプラザ博愛苑医務室","nearest_medical_distance_m":732.4386661733733,"nearest_medical_access_class":"uncertain_access","nearest_hospital_name":"独立行政法人国立病院機構 舞鶴医療センター","nearest_hospital_distance_m":1343.555077780156,"elderly_population_percentile":null,"transport_distance_percentile":null,"medical_distance_percentile":null,"exploratory_score_c":null,"pareto_frontier":null},"geometry":{"type":"Polygon","coordinates":[[[135.4125,35.46666666666667],[135.41875,35.46666666666667],[135.41875,35.47083333333334],[135.4125,35.47083333333334],[135.4125,35.46666666666667]]]},"id":"533513631"},{"type":"Feature","properties":{"mesh_code":"533513632","area_label":"堂の奥バス停周辺","area_label_basis":"最寄りの実在公共交通名称（行政地名ではない）","rank":null,"population":6,"elderly_population":null,"elderly_ratio":null,"centroid_lat":35.46875,"centroid_lon":135.421875,"city_area_fraction":1.0,"disclosure_status":"suppressed_source","primary_eligible":false,"nearest_station_name":"東舞鶴駅","nearest_station_distance_m":2456.3107898980466,"nearest_bus_stop_name":"堂の奥","nearest_bus_stop_distance_m":550.4062686853975,"nearest_public_transport_type":"bus_stop","nearest_public_transport_name":"堂の奥","nearest_public_transport_distance_m":550.4062686853975,"nearest_medical_name":"特別養護老人ホームグリーンプラザ博愛苑医務室","nearest_medical_distance_m":862.2700809241035,"nearest_medical_access_class":"uncertain_access","nearest_hospital_name":"独立行政法人国立病院機構 舞鶴医療センター","nearest_hospital_distance_m":1867.4839341209524,"elderly_population_percentile":null,"transport_distance_percentile":null,"medical_distance_percentile":null,"exploratory_score_c":null,"pareto_frontier":null},"geometry":{"type":"Polygon","coordinates":[[[135.41875,35.46666666666667],[135.425,35.46666666666667],[135.425,35.47083333333334],[135.41875,35.47083333333334],[135.41875,35.46666666666667]]]},"id":"533513632"},{"type":"Feature","properties":{"mesh_code":"533513633","area_label":"東高口バス停周辺","area_label_basis":"最寄りの実在公共交通名称（行政地名ではない）","rank":null,"population":5,"elderly_population":null,"elderly_ratio":null,"centroid_lat":35.47291666666668,"centroid_lon":135.415625,"city_area_fraction":1.0,"disclosure_status":"suppressed_source","primary_eligible":false,"nearest_station_name":"東舞鶴駅","nearest_station_distance_m":1949.038567749335,"nearest_bus_stop_name":"東高口","nearest_bus_stop_distance_m":822.4114145531734,"nearest_public_transport_type":"bus_stop","nearest_public_transport_name":"東高口","nearest_public_transport_distance_m":822.4114145531734,"nearest_medical_name":"特別養護老人ホームグリーンプラザ博愛苑医務室","nearest_medical_distance_m":281.9201027692961,"nearest_medical_access_class":"uncertain_access","nearest_hospital_name":"独立行政法人国立病院機構 舞鶴医療センター","nearest_hospital_distance_m":1605.8587461770276,"elderly_population_percentile":null,"transport_distance_percentile":null,"medical_distance_percentile":null,"exploratory_score_c":null,"pareto_frontier":null},"geometry":{"type":"Polygon","coordinates":[[[135.4125,35.47083333333334],[135.41875,35.47083333333334],[135.41875,35.475],[135.4125,35.475],[135.4125,35.47083333333334]]]},"id":"533513633"},{"type":"Feature","properties":{"mesh_code":"533513701","area_label":"自衛隊桟橋前バス停周辺","area_label_basis":"最寄りの実在公共交通名称（行政地名ではない）","rank":null,"population":14,"elderly_population":null,"elderly_ratio":null,"centroid_lat":35.47708333333334,"centroid_lon":135.378125,"city_area_fraction":0.6012558101326942,"disclosure_status":"suppressed_source","primary_eligible":false,"nearest_station_name":"東舞鶴駅","nearest_station_distance_m":1783.6999712503864,"nearest_bus_stop_name":"自衛隊桟橋前","nearest_bus_stop_distance_m":232.5596377090607,"nearest_public_transport_type":"bus_stop","nearest_public_transport_name":"自衛隊桟橋前","nearest_public_transport_distance_m":232.5596377090607,"nearest_medical_name":"ジャパンマリンユナイテッド（株） 舞鶴診療所","nearest_medical_distance_m":639.1592031326362,"nearest_medical_access_class":"likely_public","nearest_hospital_name":"国家公務員共済組合連合会 舞鶴共済病院","nearest_hospital_distance_m":1454.4383857367293,"elderly_population_percentile":null,"transport_distance_percentile":null,"medical_distance_percentile":null,"exploratory_score_c":null,"pareto_frontier":null},"geometry":{"type":"Polygon","coordinates":[[[135.375,35.475],[135.38125,35.475],[135.38125,35.47916666666667],[135.375,35.47916666666667],[135.375,35.475]]]},"id":"533513701"},{"type":"Feature","properties":{"mesh_code":"533513702","area_label":"三宅団地前バス停周辺","area_label_basis":"最寄りの実在公共交通名称（行政地名ではない）","rank":null,"population":31,"elderly_population":null,"elderly_ratio":null,"centroid_lat":35.47708333333334,"centroid_lon":135.384375,"city_area_fraction":0.6298675864692286,"disclosure_status":"aggregation_destination","primary_eligible":false,"nearest_station_name":"東舞鶴駅","nearest_station_distance_m":1336.1751696933843,"nearest_bus_stop_name":"三宅団地前","nearest_bus_stop_distance_m":388.65933888837594,"nearest_public_transport_type":"bus_stop","nearest_public_transport_name":"三宅団地前","nearest_public_transport_distance_m":388.65933888837594,"nearest_medical_name":"医療法人信天翁会 澤田医院","nearest_medical_distance_m":677.954315787924,"nearest_medical_access_class":"likely_public","nearest_hospital_name":"国家公務員共済組合連合会 舞鶴共済病院","nearest_hospital_distance_m":1039.7918714838704,"elderly_population_percentile":null,"transport_distance_percentile":null,"medical_distance_percentile":null,"exploratory_score_c":null,"pareto_frontier":null},"geometry":{"type":"Polygon","coordinates":[[[135.38125,35.475],[135.3875,35.475],[135.3875,35.47916666666667],[135.38125,35.47916666666667],[135.38125,35.475]]]},"id":"533513702"},{"type":"Feature","properties":{"mesh_code":"533513711","area_label":"大門通三条バス停周辺","area_label_basis":"最寄りの実在公共交通名称（行政地名ではない）","rank":168,"population":215,"elderly_population":48.0,"elderly_ratio":0.22325581395348837,"centroid_lat":35.47708333333334,"centroid_lon":135.390625,"city_area_fraction":0.9970365741738018,"disclosure_status":"unaffected","primary_eligible":true,"nearest_station_name":"東舞鶴駅","nearest_station_distance_m":1016.1733601490224,"nearest_bus_stop_name":"大門通三条","nearest_bus_stop_distance_m":337.2803810277101,"nearest_public_transport_type":"bus_stop","nearest_public_transport_name":"大門通三条","nearest_public_transport_distance_m":337.2803810277101,"nearest_medical_name":"医療法人信天翁会 澤田医院","nearest_medical_distance_m":256.83762334493366,"nearest_medical_access_class":"likely_public","nearest_hospital_name":"医療法人岸本病院","nearest_hospital_distance_m":816.2892462000071,"elderly_population_percentile":0.6153846153846154,"transport_distance_percentile":0.3671328671328671,"medical_distance_percentile":0.1188811188811188,"exploratory_score_c":0.0268585637063313,"pareto_frontier":false},"geometry":{"type":"Polygon","coordinates":[[[135.3875,35.475],[135.39375,35.475],[135.39375,35.47916666666667],[135.3875,35.47916666666667],[135.3875,35.475]]]},"id":"533513711"},{"type":"Feature","properties":{"mesh_code":"533513712","area_label":"七条バス停周辺","area_label_basis":"最寄りの実在公共交通名称（行政地名ではない）","rank":203,"population":810,"elderly_population":224.0,"elderly_ratio":0.2765432098765432,"centroid_lat":35.47708333333334,"centroid_lon":135.396875,"city_area_fraction":0.8270397089745918,"disclosure_status":"unaffected","primary_eligible":true,"nearest_station_name":"東舞鶴駅","nearest_station_distance_m":960.8937122723618,"nearest_bus_stop_name":"七条","nearest_bus_stop_distance_m":220.69644102116607,"nearest_public_transport_type":"bus_stop","nearest_public_transport_name":"七条","nearest_public_transport_distance_m":220.69644102116607,"nearest_medical_name":"あらが湾岸クリニック","nearest_medical_distance_m":68.45790417949165,"nearest_medical_access_class":"likely_public","nearest_hospital_name":"医療法人岸本病院","nearest_hospital_distance_m":821.7234651705277,"elderly_population_percentile":0.8916083916083916,"transport_distance_percentile":0.2307692307692307,"medical_distance_percentile":0.0174825174825174,"exploratory_score_c":0.0035971290678122,"pareto_frontier":false},"geometry":{"type":"Polygon","coordinates":[[[135.39375,35.475],[135.4,35.475],[135.4,35.47916666666667],[135.39375,35.47916666666667],[135.39375,35.475]]]},"id":"533513712"},{"type":"Feature","properties":{"mesh_code":"533513713","area_label":"大門通三条バス停周辺","area_label_basis":"最寄りの実在公共交通名称（行政地名ではない）","rank":null,"population":39,"elderly_population":0.0,"elderly_ratio":0.0,"centroid_lat":35.48125,"centroid_lon":135.390625,"city_area_fraction":0.5000763871331733,"disclosure_status":"unaffected","primary_eligible":false,"nearest_station_name":"東舞鶴駅","nearest_station_distance_m":1455.2035275962453,"nearest_bus_stop_name":"大門通三条","nearest_bus_stop_distance_m":786.0000232421693,"nearest_public_transport_type":"bus_stop","nearest_public_transport_name":"大門通三条","nearest_public_transport_distance_m":786.0000232421693,"nearest_medical_name":"医療法人信天翁会 澤田医院","nearest_medical_distance_m":713.9658939997252,"nearest_medical_access_class":"likely_public","nearest_hospital_name":"自衛隊舞鶴病院","nearest_hospital_distance_m":1101.2295437834412,"elderly_population_percentile":0.0139860139860139,"transport_distance_percentile":0.6643356643356644,"medical_distance_percentile":0.3286713286713286,"exploratory_score_c":0.0030538193773559,"pareto_frontier":false},"geometry":{"type":"Polygon","coordinates":[[[135.3875,35.47916666666667],[135.39375,35.47916666666667],[135.39375,35.48333333333334],[135.3875,35.48333333333334],[135.3875,35.47916666666667]]]},"id":"533513713"},{"type":"Feature","properties":{"mesh_code":"533513721","area_label":"市場バス停周辺","area_label_basis":"最寄りの実在公共交通名称（行政地名ではない）","rank":218,"population":936,"elderly_population":271.0,"elderly_ratio":0.28952991452991456,"centroid_lat":35.47708333333334,"centroid_lon":135.403125,"city_area_fraction":1.0,"disclosure_status":"unaffected","primary_eligible":true,"nearest_station_name":"東舞鶴駅","nearest_station_distance_m":1207.2646290922903,"nearest_bus_stop_name":"市場","nearest_bus_stop_distance_m":52.282694004482124,"nearest_public_transport_type":"bus_stop","nearest_public_transport_name":"市場","nearest_public_transport_distance_m":52.282694004482124,"nearest_medical_name":"西川医院","nearest_medical_distance_m":66.29273522734431,"nearest_medical_access_class":"likely_public","nearest_hospital_name":"自衛隊舞鶴病院","nearest_hospital_distance_m":882.2769573164886,"elderly_population_percentile":0.916083916083916,"transport_distance_percentile":0.0174825174825174,"medical_distance_percentile":0.0104895104895104,"exploratory_score_c":0.00016799426306,"pareto_frontier":false},"geometry":{"type":"Polygon","coordinates":[[[135.4,35.475],[135.40625,35.475],[135.40625,35.47916666666667],[135.4,35.47916666666667],[135.4,35.475]]]},"id":"533513721"},{"type":"Feature","properties":{"mesh_code":"533513722","area_label":"市場バス停周辺","area_label_basis":"最寄りの実在公共交通名称（行政地名ではない）","rank":105,"population":341,"elderly_population":118.0,"elderly_ratio":0.3460410557184751,"centroid_lat":35.47708333333334,"centroid_lon":135.409375,"city_area_fraction":1.0,"disclosure_status":"unaffected","primary_eligible":true,"nearest_station_name":"東舞鶴駅","nearest_station_distance_m":1623.3053644232318,"nearest_bus_stop_name":"市場","nearest_bus_stop_distance_m":515.568288923447,"nearest_public_transport_type":"bus_stop","nearest_public_transport_name":"市場","nearest_public_transport_distance_m":515.568288923447,"nearest_medical_name":"西川医院","nearest_medical_distance_m":627.876080750062,"nearest_medical_access_class":"likely_public","nearest_hospital_name":"自衛隊舞鶴病院","nearest_hospital_distance_m":1108.4290204030488,"elderly_population_percentile":0.7727272727272727,"transport_distance_percentile":0.5034965034965035,"medical_distance_percentile":0.2552447552447552,"exploratory_score_c":0.0993069232102925,"pareto_frontier":false},"geometry":{"type":"Polygon","coordinates":[[[135.40625,35.475],[135.4125,35.475],[135.4125,35.47916666666667],[135.40625,35.47916666666667],[135.40625,35.475]]]},"id":"533513722"},{"type":"Feature","properties":{"mesh_code":"533513723","area_label":"市場バス停周辺","area_label_basis":"最寄りの実在公共交通名称（行政地名ではない）","rank":128,"population":456,"elderly_population":165.0,"elderly_ratio":0.3618421052631579,"centroid_lat":35.48125,"centroid_lon":135.403125,"city_area_fraction":1.0,"disclosure_status":"unaffected","primary_eligible":true,"nearest_station_name":"東舞鶴駅","nearest_station_distance_m":1594.5135020770817,"nearest_bus_stop_name":"市場","nearest_bus_stop_distance_m":473.02987353489937,"nearest_public_transport_type":"bus_stop","nearest_public_transport_name":"市場","nearest_public_transport_distance_m":473.02987353489937,"nearest_medical_name":"自衛隊舞鶴病院","nearest_medical_distance_m":427.9833556101608,"nearest_medical_access_class":"likely_public","nearest_hospital_name":"自衛隊舞鶴病院","nearest_hospital_distance_m":427.9833556101608,"elderly_population_percentile":0.8321678321678322,"transport_distance_percentile":0.479020979020979,"medical_distance_percentile":0.1818181818181818,"exploratory_score_c":0.0724774272136001,"pareto_frontier":false},"geometry":{"type":"Polygon","coordinates":[[[135.4,35.47916666666667],[135.40625,35.47916666666667],[135.40625,35.48333333333334],[135.4,35.48333333333334],[135.4,35.47916666666667]]]},"id":"533513723"},{"type":"Feature","properties":{"mesh_code":"533513724","area_label":"東高口バス停周辺","area_label_basis":"最寄りの実在公共交通名称（行政地名ではない）","rank":72,"population":776,"elderly_population":214.0,"elderly_ratio":0.2757731958762887,"centroid_lat":35.48125,"centroid_lon":135.409375,"city_area_fraction":1.0,"disclosure_status":"unaffected","primary_eligible":true,"nearest_station_name":"東舞鶴駅","nearest_station_distance_m":1928.741595531588,"nearest_bus_stop_name":"東高口","nearest_bus_stop_distance_m":491.8521885248211,"nearest_public_transport_type":"bus_stop","nearest_public_transport_name":"東高口","nearest_public_transport_distance_m":491.8521885248211,"nearest_medical_name":"西川医院","nearest_medical_distance_m":762.8635982700614,"nearest_medical_access_class":"likely_public","nearest_hospital_name":"自衛隊舞鶴病院","nearest_hospital_distance_m":795.8324148244831,"elderly_population_percentile":0.8758741258741258,"transport_distance_percentile":0.493006993006993,"medical_distance_percentile":0.3426573426573426,"exploratory_score_c":0.1479635761079841,"pareto_frontier":false},"geometry":{"type":"Polygon","coordinates":[[[135.40625,35.47916666666667],[135.4125,35.47916666666667],[135.4125,35.48333333333334],[135.40625,35.48333333333334],[135.40625,35.47916666666667]]]},"id":"533513724"},{"type":"Feature","properties":{"mesh_code":"533513731","area_label":"東高口バス停周辺","area_label_basis":"最寄りの実在公共交通名称（行政地名ではない）","rank":167,"population":115,"elderly_population":101.0,"elderly_ratio":0.8782608695652174,"centroid_lat":35.47708333333334,"centroid_lon":135.415625,"city_area_fraction":1.0,"disclosure_status":"unaffected","primary_eligible":true,"nearest_station_name":"東舞鶴駅","nearest_station_distance_m":2110.974311014126,"nearest_bus_stop_name":"東高口","nearest_bus_stop_distance_m":366.03103944623035,"nearest_public_transport_type":"bus_stop","nearest_public_transport_name":"東高口","nearest_public_transport_distance_m":366.03103944623035,"nearest_medical_name":"特別養護老人ホームグリーンプラザ博愛苑医務室","nearest_medical_distance_m":223.2865236640111,"nearest_medical_access_class":"uncertain_access","nearest_hospital_name":"自衛隊舞鶴病院","nearest_hospital_distance_m":1523.8592424650321,"elderly_population_percentile":0.7307692307692307,"transport_distance_percentile":0.4020979020979021,"medical_distance_percentile":0.1048951048951049,"exploratory_score_c":0.0308224588751753,"pareto_frontier":false},"geometry":{"type":"Polygon","coordinates":[[[135.4125,35.475],[135.41875,35.475],[135.41875,35.47916666666667],[135.4125,35.47916666666667],[135.4125,35.475]]]},"id":"533513731"},{"type":"Feature","properties":{"mesh_code":"533513733","area_label":"東高口バス停周辺","area_label_basis":"最寄りの実在公共交通名称（行政地名ではない）","rank":173,"population":638,"elderly_population":147.0,"elderly_ratio":0.2304075235109718,"centroid_lat":35.48125,"centroid_lon":135.415625,"city_area_fraction":1.0,"disclosure_status":"unaffected","primary_eligible":true,"nearest_station_name":"東舞鶴駅","nearest_station_distance_m":2353.941714260349,"nearest_bus_stop_name":"東高口","nearest_bus_stop_distance_m":137.7059405216422,"nearest_public_transport_type":"bus_stop","nearest_public_transport_name":"東高口","nearest_public_transport_distance_m":137.7059405216422,"nearest_medical_name":"特別養護老人ホームグリーンプラザ博愛苑医務室","nearest_medical_distance_m":669.0299425017765,"nearest_medical_access_class":"uncertain_access","nearest_hospital_name":"自衛隊舞鶴病院","nearest_hospital_distance_m":1314.0872661241476,"elderly_population_percentile":0.8164335664335665,"transport_distance_percentile":0.1013986013986013,"medical_distance_percentile":0.3006993006993007,"exploratory_score_c":0.0248934582948471,"pareto_frontier":false},"geometry":{"type":"Polygon","coordinates":[[[135.4125,35.47916666666667],[135.41875,35.47916666666667],[135.41875,35.48333333333334],[135.4125,35.48333333333334],[135.4125,35.47916666666667]]]},"id":"533513733"},{"type":"Feature","properties":{"mesh_code":"533513734","area_label":"田中橋バス停周辺","area_label_basis":"最寄りの実在公共交通名称（行政地名ではない）","rank":189,"population":763,"elderly_population":183.0,"elderly_ratio":0.2398427260812582,"centroid_lat":35.48125,"centroid_lon":135.421875,"city_area_fraction":1.0,"disclosure_status":"unaffected","primary_eligible":true,"nearest_station_name":"松尾寺駅","nearest_station_distance_m":2630.5053308884035,"nearest_bus_stop_name":"田中橋","nearest_bus_stop_distance_m":84.38464393334291,"nearest_public_transport_type":"bus_stop","nearest_public_transport_name":"田中橋","nearest_public_transport_distance_m":84.38464393334291,"nearest_medical_name":"特別養護老人ホームグリーンプラザ博愛苑医務室","nearest_medical_distance_m":809.0811925676635,"nearest_medical_access_class":"uncertain_access","nearest_hospital_name":"自衛隊舞鶴病院","nearest_hospital_distance_m":1861.074058377486,"elderly_population_percentile":0.8496503496503497,"transport_distance_percentile":0.0454545454545454,"medical_distance_percentile":0.3741258741258741,"exploratory_score_c":0.0144489172620132,"pareto_frontier":false},"geometry":{"type":"Polygon","coordinates":[[[135.41875,35.47916666666667],[135.425,35.47916666666667],[135.425,35.48333333333334],[135.41875,35.48333333333334],[135.41875,35.47916666666667]]]},"id":"533513734"},{"type":"Feature","properties":{"mesh_code":"533513741","area_label":"小倉バス停周辺","area_label_basis":"最寄りの実在公共交通名称（行政地名ではない）","rank":null,"population":119,"elderly_population":null,"elderly_ratio":null,"centroid_lat":35.47708333333334,"centroid_lon":135.428125,"city_area_fraction":0.9999999999999998,"disclosure_status":"aggregation_destination","primary_eligible":false,"nearest_station_name":"松尾寺駅","nearest_station_distance_m":2239.5703000113967,"nearest_bus_stop_name":"小倉","nearest_bus_stop_distance_m":451.9917896910636,"nearest_public_transport_type":"bus_stop","nearest_public_transport_name":"小倉","nearest_public_transport_distance_m":451.9917896910636,"nearest_medical_name":"特別養護老人ホームグリーンプラザ博愛苑医務室","nearest_medical_distance_m":1052.2864185344888,"nearest_medical_access_class":"uncertain_access","nearest_hospital_name":"自衛隊舞鶴病院","nearest_hospital_distance_m":2537.5568900827634,"elderly_population_percentile":null,"transport_distance_percentile":null,"medical_distance_percentile":null,"exploratory_score_c":null,"pareto_frontier":null},"geometry":{"type":"Polygon","coordinates":[[[135.425,35.475],[135.43125,35.475],[135.43125,35.47916666666667],[135.425,35.47916666666667],[135.425,35.475]]]},"id":"533513741"},{"type":"Feature","properties":{"mesh_code":"533513742","area_label":"田園町口バス停周辺","area_label_basis":"最寄りの実在公共交通名称（行政地名ではない）","rank":null,"population":1,"elderly_population":null,"elderly_ratio":null,"centroid_lat":35.47708333333334,"centroid_lon":135.434375,"city_area_fraction":0.9999999999999998,"disclosure_status":"suppressed_source","primary_eligible":false,"nearest_station_name":"松尾寺駅","nearest_station_distance_m":1748.3142934560572,"nearest_bus_stop_name":"田園町口","nearest_bus_stop_distance_m":434.06742445313273,"nearest_public_transport_type":"bus_stop","nearest_public_transport_name":"田園町口","nearest_public_transport_distance_m":434.06742445313273,"nearest_medical_name":"地域密着型特別養護老人ホームやすらぎの郷","nearest_medical_distance_m":1477.44490525387,"nearest_medical_access_class":"likely_public","nearest_hospital_name":"自衛隊舞鶴病院","nearest_hospital_distance_m":3076.1514979799767,"elderly_population_percentile":null,"transport_distance_percentile":null,"medical_distance_percentile":null,"exploratory_score_c":null,"pareto_frontier":null},"geometry":{"type":"Polygon","coordinates":[[[135.43125,35.475],[135.4375,35.475],[135.4375,35.47916666666667],[135.43125,35.47916666666667],[135.43125,35.475]]]},"id":"533513742"},{"type":"Feature","properties":{"mesh_code":"533513743","area_label":"小倉バス停周辺","area_label_basis":"最寄りの実在公共交通名称（行政地名ではない）","rank":138,"population":448,"elderly_population":104.0,"elderly_ratio":0.23214285714285715,"centroid_lat":35.48125,"centroid_lon":135.428125,"city_area_fraction":1.0,"disclosure_status":"unaffected","primary_eligible":true,"nearest_station_name":"松尾寺駅","nearest_station_distance_m":2077.811258938824,"nearest_bus_stop_name":"小倉","nearest_bus_stop_distance_m":165.63974742330063,"nearest_public_transport_type":"bus_stop","nearest_public_transport_name":"小倉","nearest_public_transport_distance_m":165.63974742330063,"nearest_medical_name":"特別養護老人ホームグリーンプラザ博愛苑医務室","nearest_medical_distance_m":1226.7826813852112,"nearest_medical_access_class":"uncertain_access","nearest_hospital_name":"自衛隊舞鶴病院","nearest_hospital_distance_m":2417.3666954260866,"elderly_population_percentile":0.743006993006993,"transport_distance_percentile":0.1468531468531468,"medical_distance_percentile":0.534965034965035,"exploratory_score_c":0.0583715944185893,"pareto_frontier":false},"geometry":{"type":"Polygon","coordinates":[[[135.425,35.47916666666667],[135.43125,35.47916666666667],[135.43125,35.48333333333334],[135.425,35.48333333333334],[135.425,35.47916666666667]]]},"id":"533513743"},{"type":"Feature","properties":{"mesh_code":"533513744","area_label":"田園町口バス停周辺","area_label_basis":"最寄りの実在公共交通名称（行政地名ではない）","rank":180,"population":751,"elderly_population":111.0,"elderly_ratio":0.1478029294274301,"centroid_lat":35.48125,"centroid_lon":135.434375,"city_area_fraction":1.0,"disclosure_status":"unaffected","primary_eligible":true,"nearest_station_name":"松尾寺駅","nearest_station_distance_m":1535.6851783035731,"nearest_bus_stop_name":"田園町口","nearest_bus_stop_distance_m":103.86109514267088,"nearest_public_transport_type":"bus_stop","nearest_public_transport_name":"田園町口","nearest_public_transport_distance_m":103.86109514267088,"nearest_medical_name":"地域密着型特別養護老人ホームやすらぎの郷","nearest_medical_distance_m":1040.735962717664,"nearest_medical_access_class":"likely_public","nearest_hospital_name":"自衛隊舞鶴病院","nearest_hospital_distance_m":2977.75405521179,"elderly_population_percentile":0.7657342657342657,"transport_distance_percentile":0.0594405594405594,"medical_distance_percentile":0.465034965034965,"exploratory_score_c":0.0211663794662963,"pareto_frontier":false},"geometry":{"type":"Polygon","coordinates":[[[135.43125,35.47916666666667],[135.4375,35.47916666666667],[135.4375,35.48333333333334],[135.43125,35.48333333333334],[135.43125,35.47916666666667]]]},"id":"533513744"},{"type":"Feature","properties":{"mesh_code":"533513751","area_label":"鹿原バス停周辺","area_label_basis":"最寄りの実在公共交通名称（行政地名ではない）","rank":121,"population":30,"elderly_population":12.0,"elderly_ratio":0.4,"centroid_lat":35.47708333333334,"centroid_lon":135.440625,"city_area_fraction":1.0,"disclosure_status":"unaffected","primary_eligible":true,"nearest_station_name":"松尾寺駅","nearest_station_distance_m":1319.4129072173005,"nearest_bus_stop_name":"鹿原","nearest_bus_stop_distance_m":457.9102552391184,"nearest_public_transport_type":"bus_stop","nearest_public_transport_name":"鹿原","nearest_public_transport_distance_m":457.9102552391184,"nearest_medical_name":"地域密着型特別養護老人ホームやすらぎの郷","nearest_medical_distance_m":1429.751240862773,"nearest_medical_access_class":"likely_public","nearest_hospital_name":"自衛隊舞鶴病院","nearest_hospital_distance_m":3623.471444996966,"elderly_population_percentile":0.2779720279720279,"transport_distance_percentile":0.4755244755244755,"medical_distance_percentile":0.5979020979020979,"exploratory_score_c":0.079032195737169,"pareto_frontier":false},"geometry":{"type":"Polygon","coordinates":[[[135.4375,35.475],[135.44375,35.475],[135.44375,35.47916666666667],[135.4375,35.47916666666667],[135.4375,35.475]]]},"id":"533513751"},{"type":"Feature","properties":{"mesh_code":"533513752","area_label":"庵の谷バス停周辺","area_label_basis":"最寄りの実在公共交通名称（行政地名ではない）","rank":68,"population":42,"elderly_population":17.0,"elderly_ratio":0.40476190476190477,"centroid_lat":35.47708333333334,"centroid_lon":135.446875,"city_area_fraction":1.0,"disclosure_status":"unaffected","primary_eligible":true,"nearest_station_name":"松尾寺駅","nearest_station_distance_m":1033.6422978647847,"nearest_bus_stop_name":"庵の谷","nearest_bus_stop_distance_m":647.8294718909459,"nearest_public_transport_type":"bus_stop","nearest_public_transport_name":"庵の谷","nearest_public_transport_distance_m":647.8294718909459,"nearest_medical_name":"地域密着型特別養護老人ホームやすらぎの郷","nearest_medical_distance_m":1596.5024827425675,"nearest_medical_access_class":"likely_public","nearest_hospital_name":"自衛隊舞鶴病院","nearest_hospital_distance_m":4176.08733511553,"elderly_population_percentile":0.3811188811188811,"transport_distance_percentile":0.6293706293706294,"medical_distance_percentile":0.6503496503496503,"exploratory_score_c":0.1559961384402677,"pareto_frontier":false},"geometry":{"type":"Polygon","coordinates":[[[135.44375,35.475],[135.45,35.475],[135.45,35.47916666666667],[135.44375,35.47916666666667],[135.44375,35.475]]]},"id":"533513752"},{"type":"Feature","properties":{"mesh_code":"533513753","area_label":"鹿原バス停周辺","area_label_basis":"最寄りの実在公共交通名称（行政地名ではない）","rank":null,"population":317,"elderly_population":null,"elderly_ratio":null,"centroid_lat":35.48125,"centroid_lon":135.440625,"city_area_fraction":1.0,"disclosure_status":"aggregation_destination","primary_eligible":false,"nearest_station_name":"松尾寺駅","nearest_station_distance_m":1021.0998548533452,"nearest_bus_stop_name":"鹿原","nearest_bus_stop_distance_m":23.37396906766753,"nearest_public_transport_type":"bus_stop","nearest_public_transport_name":"鹿原","nearest_public_transport_distance_m":23.37396906766753,"nearest_medical_name":"地域密着型特別養護老人ホームやすらぎの郷","nearest_medical_distance_m":971.8458963840975,"nearest_medical_access_class":"likely_public","nearest_hospital_name":"自衛隊舞鶴病院","nearest_hospital_distance_m":3540.292034610591,"elderly_population_percentile":null,"transport_distance_percentile":null,"medical_distance_percentile":null,"exploratory_score_c":null,"pareto_frontier":null},"geometry":{"type":"Polygon","coordinates":[[[135.4375,35.47916666666667],[135.44375,35.47916666666667],[135.44375,35.48333333333334],[135.4375,35.48333333333334],[135.4375,35.47916666666667]]]},"id":"533513753"},{"type":"Feature","properties":{"mesh_code":"533513754","area_label":"庵の谷バス停周辺","area_label_basis":"最寄りの実在公共交通名称（行政地名ではない）","rank":null,"population":3,"elderly_population":null,"elderly_ratio":null,"centroid_lat":35.48125,"centroid_lon":135.446875,"city_area_fraction":1.0,"disclosure_status":"suppressed_source","primary_eligible":false,"nearest_station_name":"松尾寺駅","nearest_station_distance_m":608.478501080642,"nearest_bus_stop_name":"庵の谷","nearest_bus_stop_distance_m":240.40252946142874,"nearest_public_transport_type":"bus_stop","nearest_public_transport_name":"庵の谷","nearest_public_transport_distance_m":240.40252946142874,"nearest_medical_name":"地域密着型特別養護老人ホームやすらぎの郷","nearest_medical_distance_m":1203.7818522927864,"nearest_medical_access_class":"likely_public","nearest_hospital_name":"自衛隊舞鶴病院","nearest_hospital_distance_m":4104.096223150566,"elderly_population_percentile":null,"transport_distance_percentile":null,"medical_distance_percentile":null,"exploratory_score_c":null,"pareto_frontier":null},"geometry":{"type":"Polygon","coordinates":[[[135.44375,35.47916666666667],[135.45,35.47916666666667],[135.45,35.48333333333334],[135.44375,35.48333333333334],[135.44375,35.47916666666667]]]},"id":"533513754"},{"type":"Feature","properties":{"mesh_code":"533513812","area_label":"教育隊前バス停周辺","area_label_basis":"最寄りの実在公共交通名称（行政地名ではない）","rank":null,"population":29,"elderly_population":null,"elderly_ratio":null,"centroid_lat":35.48541666666668,"centroid_lon":135.396875,"city_area_fraction":0.7179714261686774,"disclosure_status":"suppressed_source","primary_eligible":false,"nearest_station_name":"東舞鶴駅","nearest_station_distance_m":1876.3565947502075,"nearest_bus_stop_name":"教育隊前","nearest_bus_stop_distance_m":288.5648365588471,"nearest_public_transport_type":"bus_stop","nearest_public_transport_name":"教育隊前","nearest_public_transport_distance_m":288.5648365588471,"nearest_medical_name":"海上自衛隊舞鶴衛生隊第二医務室","nearest_medical_distance_m":164.81229641603375,"nearest_medical_access_class":"uncertain_access","nearest_hospital_name":"自衛隊舞鶴病院","nearest_hospital_distance_m":456.51204649887984,"elderly_population_percentile":null,"transport_distance_percentile":null,"medical_distance_percentile":null,"exploratory_score_c":null,"pareto_frontier":null},"geometry":{"type":"Polygon","coordinates":[[[135.39375,35.48333333333334],[135.4,35.48333333333334],[135.4,35.4875],[135.39375,35.4875],[135.39375,35.48333333333334]]]},"id":"533513812"},{"type":"Feature","properties":{"mesh_code":"533513814","area_label":"さくらどおりマンション前バス停周辺","area_label_basis":"最寄りの実在公共交通名称（行政地名ではない）","rank":null,"population":5,"elderly_population":null,"elderly_ratio":null,"centroid_lat":35.48958333333334,"centroid_lon":135.396875,"city_area_fraction":0.5786468377054481,"disclosure_status":"aggregation_destination","primary_eligible":false,"nearest_station_name":"東舞鶴駅","nearest_station_distance_m":2336.7644720355534,"nearest_bus_stop_name":"さくらどおりマンション前","nearest_bus_stop_distance_m":460.84241495219703,"nearest_public_transport_type":"bus_stop","nearest_public_transport_name":"さくらどおりマンション前","nearest_public_transport_distance_m":460.84241495219703,"nearest_medical_name":"海上自衛隊舞鶴衛生隊第二医務室","nearest_medical_distance_m":500.04343313514715,"nearest_medical_access_class":"uncertain_access","nearest_hospital_name":"自衛隊舞鶴病院","nearest_hospital_distance_m":684.0228169532993,"elderly_population_percentile":null,"transport_distance_percentile":null,"medical_distance_percentile":null,"exploratory_score_c":null,"pareto_frontier":null},"geometry":{"type":"Polygon","coordinates":[[[135.39375,35.4875],[135.4,35.4875],[135.4,35.49166666666668],[135.39375,35.49166666666668],[135.39375,35.4875]]]},"id":"533513814"},{"type":"Feature","properties":{"mesh_code":"533513821","area_label":"教育隊前バス停周辺","area_label_basis":"最寄りの実在公共交通名称（行政地名ではない）","rank":null,"population":526,"elderly_population":9.0,"elderly_ratio":0.017110266159695818,"centroid_lat":35.48541666666668,"centroid_lon":135.403125,"city_area_fraction":0.9999999999999998,"disclosure_status":"unaffected","primary_eligible":false,"nearest_station_name":"東舞鶴駅","nearest_station_distance_m":2013.6603783343373,"nearest_bus_stop_name":"教育隊前","nearest_bus_stop_distance_m":280.0739054362432,"nearest_public_transport_type":"bus_stop","nearest_public_transport_name":"教育隊前","nearest_public_transport_distance_m":280.0739054362432,"nearest_medical_name":"自衛隊舞鶴病院","nearest_medical_distance_m":123.6719102824248,"nearest_medical_access_class":"likely_public","nearest_hospital_name":"自衛隊舞鶴病院","nearest_hospital_distance_m":123.6719102824248,"elderly_population_percentile":0.1923076923076923,"transport_distance_percentile":0.3006993006993007,"medical_distance_percentile":0.0349650349650349,"exploratory_score_c":0.0020219156851755,"pareto_frontier":false},"geometry":{"type":"Polygon","coordinates":[[[135.4,35.48333333333334],[135.40625,35.48333333333334],[135.40625,35.4875],[135.4,35.4875],[135.4,35.48333333333334]]]},"id":"533513821"},{"type":"Feature","properties":{"mesh_code":"533513822","area_label":"東高口バス停周辺","area_label_basis":"最寄りの実在公共交通名称（行政地名ではない）","rank":62,"population":571,"elderly_population":147.0,"elderly_ratio":0.2574430823117338,"centroid_lat":35.48541666666668,"centroid_lon":135.409375,"city_area_fraction":1.0000000000000002,"disclosure_status":"unaffected","primary_eligible":true,"nearest_station_name":"東舞鶴駅","nearest_station_distance_m":2287.430225811936,"nearest_bus_stop_name":"東高口","nearest_bus_stop_distance_m":744.4853286885959,"nearest_public_transport_type":"bus_stop","nearest_public_transport_name":"東高口","nearest_public_transport_distance_m":744.4853286885959,"nearest_medical_name":"自衛隊舞鶴病院","nearest_medical_distance_m":682.2397767196807,"nearest_medical_access_class":"likely_public","nearest_hospital_name":"自衛隊舞鶴病院","nearest_hospital_distance_m":682.2397767196807,"elderly_population_percentile":0.8164335664335665,"transport_distance_percentile":0.6573426573426573,"medical_distance_percentile":0.3041958041958042,"exploratory_score_c":0.1632547730034159,"pareto_frontier":true},"geometry":{"type":"Polygon","coordinates":[[[135.40625,35.48333333333334],[135.4125,35.48333333333334],[135.4125,35.4875],[135.40625,35.4875],[135.40625,35.48333333333334]]]},"id":"533513822"},{"type":"Feature","properties":{"mesh_code":"533513831","area_label":"東高口バス停周辺","area_label_basis":"最寄りの実在公共交通名称（行政地名ではない）","rank":38,"population":319,"elderly_population":130.0,"elderly_ratio":0.40752351097178685,"centroid_lat":35.48541666666668,"centroid_lon":135.415625,"city_area_fraction":0.9999999999999998,"disclosure_status":"unaffected","primary_eligible":true,"nearest_station_name":"東舞鶴駅","nearest_station_distance_m":2655.793549595833,"nearest_bus_stop_name":"東高口","nearest_bus_stop_distance_m":575.5988445307456,"nearest_public_transport_type":"bus_stop","nearest_public_transport_name":"東高口","nearest_public_transport_distance_m":575.5988445307456,"nearest_medical_name":"特別養護老人ホームグリーンプラザ博愛苑医務室","nearest_medical_distance_m":1128.1455596236635,"nearest_medical_access_class":"uncertain_access","nearest_hospital_name":"自衛隊舞鶴病院","nearest_hospital_distance_m":1248.547520980852,"elderly_population_percentile":0.7867132867132867,"transport_distance_percentile":0.5699300699300699,"medical_distance_percentile":0.5,"exploratory_score_c":0.2241857792557093,"pareto_frontier":true},"geometry":{"type":"Polygon","coordinates":[[[135.4125,35.48333333333334],[135.41875,35.48333333333334],[135.41875,35.4875],[135.4125,35.4875],[135.4125,35.48333333333334]]]},"id":"533513831"},{"type":"Feature","properties":{"mesh_code":"533513832","area_label":"田中橋バス停周辺","area_label_basis":"最寄りの実在公共交通名称（行政地名ではない）","rank":59,"population":232,"elderly_population":66.0,"elderly_ratio":0.28448275862068967,"centroid_lat":35.48541666666668,"centroid_lon":135.421875,"city_area_fraction":1.0,"disclosure_status":"unaffected","primary_eligible":true,"nearest_station_name":"松尾寺駅","nearest_station_distance_m":2578.4515484315393,"nearest_bus_stop_name":"田中橋","nearest_bus_stop_distance_m":491.37086173677966,"nearest_public_transport_type":"bus_stop","nearest_public_transport_name":"田中橋","nearest_public_transport_distance_m":491.37086173677966,"nearest_medical_name":"特別養護老人ホームグリーンプラザ博愛苑医務室","nearest_medical_distance_m":1216.434307126815,"nearest_medical_access_class":"uncertain_access","nearest_hospital_name":"自衛隊舞鶴病院","nearest_hospital_distance_m":1815.3657223239484,"elderly_population_percentile":0.6503496503496503,"transport_distance_percentile":0.4895104895104895,"medical_distance_percentile":0.527972027972028,"exploratory_score_c":0.1680814661889531,"pareto_frontier":false},"geometry":{"type":"Polygon","coordinates":[[[135.41875,35.48333333333334],[135.425,35.48333333333334],[135.425,35.4875],[135.41875,35.4875],[135.41875,35.48333333333334]]]},"id":"533513832"},{"type":"Feature","properties":{"mesh_code":"533513841","area_label":"安岡バス停周辺","area_label_basis":"最寄りの実在公共交通名称（行政地名ではない）","rank":67,"population":203,"elderly_population":63.0,"elderly_ratio":0.3103448275862069,"centroid_lat":35.48541666666668,"centroid_lon":135.428125,"city_area_fraction":1.0,"disclosure_status":"unaffected","primary_eligible":true,"nearest_station_name":"松尾寺駅","nearest_station_distance_m":2011.5387702805751,"nearest_bus_stop_name":"安岡","nearest_bus_stop_distance_m":518.3674048145631,"nearest_public_transport_type":"bus_stop","nearest_public_transport_name":"安岡","nearest_public_transport_distance_m":518.3674048145631,"nearest_medical_name":"地域密着型特別養護老人ホームやすらぎの郷","nearest_medical_distance_m":1092.0823953165598,"nearest_medical_access_class":"likely_public","nearest_hospital_name":"自衛隊舞鶴病院","nearest_hospital_distance_m":2382.3297585343694,"elderly_population_percentile":0.6416083916083916,"transport_distance_percentile":0.506993006993007,"medical_distance_percentile":0.486013986013986,"exploratory_score_c":0.1580959598619386,"pareto_frontier":false},"geometry":{"type":"Polygon","coordinates":[[[135.425,35.48333333333334],[135.43125,35.48333333333334],[135.43125,35.4875],[135.425,35.4875],[135.425,35.48333333333334]]]},"id":"533513841"},{"type":"Feature","properties":{"mesh_code":"533513842","area_label":"安岡バス停周辺","area_label_basis":"最寄りの実在公共交通名称（行政地名ではない）","rank":194,"population":582,"elderly_population":136.0,"elderly_ratio":0.23367697594501718,"centroid_lat":35.48541666666668,"centroid_lon":135.434375,"city_area_fraction":1.0,"disclosure_status":"unaffected","primary_eligible":true,"nearest_station_name":"松尾寺駅","nearest_station_distance_m":1444.7902493491822,"nearest_bus_stop_name":"安岡","nearest_bus_stop_distance_m":75.63472918025295,"nearest_public_transport_type":"bus_stop","nearest_public_transport_name":"安岡","nearest_public_transport_distance_m":75.63472918025295,"nearest_medical_name":"地域密着型特別養護老人ホームやすらぎの郷","nearest_medical_distance_m":640.9238052826852,"nearest_medical_access_class":"likely_public","nearest_hospital_name":"自衛隊舞鶴病院","nearest_hospital_distance_m":2949.355290964055,"elderly_population_percentile":0.8006993006993007,"transport_distance_percentile":0.0384615384615384,"medical_distance_percentile":0.2762237762237762,"exploratory_score_c":0.0085066224791883,"pareto_frontier":false},"geometry":{"type":"Polygon","coordinates":[[[135.43125,35.48333333333334],[135.4375,35.48333333333334],[135.4375,35.4875],[135.43125,35.4875],[135.43125,35.48333333333334]]]},"id":"533513842"},{"type":"Feature","properties":{"mesh_code":"533513844","area_label":"中山バス停周辺","area_label_basis":"最寄りの実在公共交通名称（行政地名ではない）","rank":154,"population":119,"elderly_population":51.0,"elderly_ratio":0.42857142857142855,"centroid_lat":35.48958333333334,"centroid_lon":135.434375,"city_area_fraction":1.0,"disclosure_status":"unaffected","primary_eligible":true,"nearest_station_name":"松尾寺駅","nearest_station_distance_m":1497.9564228370014,"nearest_bus_stop_name":"中山","nearest_bus_stop_distance_m":351.4289579665768,"nearest_public_transport_type":"bus_stop","nearest_public_transport_name":"中山","nearest_public_transport_distance_m":351.4289579665768,"nearest_medical_name":"地域密着型特別養護老人ホームやすらぎの郷","nearest_medical_distance_m":407.1857942398133,"nearest_medical_access_class":"likely_public","nearest_hospital_name":"自衛隊舞鶴病院","nearest_hospital_distance_m":2992.9485759340646,"elderly_population_percentile":0.6258741258741258,"transport_distance_percentile":0.3811188811188811,"medical_distance_percentile":0.1678321678321678,"exploratory_score_c":0.040033417606893,"pareto_frontier":false},"geometry":{"type":"Polygon","coordinates":[[[135.43125,35.4875],[135.4375,35.4875],[135.4375,35.49166666666668],[135.43125,35.49166666666668],[135.43125,35.4875]]]},"id":"533513844"},{"type":"Feature","properties":{"mesh_code":"533513851","area_label":"鹿原バス停周辺","area_label_basis":"最寄りの実在公共交通名称（行政地名ではない）","rank":null,"population":58,"elderly_population":null,"elderly_ratio":null,"centroid_lat":35.48541666666668,"centroid_lon":135.440625,"city_area_fraction":1.0,"disclosure_status":"aggregation_destination","primary_eligible":false,"nearest_station_name":"松尾寺駅","nearest_station_distance_m":878.52314090636,"nearest_bus_stop_name":"鹿原","nearest_bus_stop_distance_m":467.7341147064107,"nearest_public_transport_type":"bus_stop","nearest_public_transport_name":"鹿原","nearest_public_transport_distance_m":467.7341147064107,"nearest_medical_name":"地域密着型特別養護老人ホームやすらぎの郷","nearest_medical_distance_m":521.6742870188472,"nearest_medical_access_class":"likely_public","nearest_hospital_name":"自衛隊舞鶴病院","nearest_hospital_distance_m":3516.4123745417305,"elderly_population_percentile":null,"transport_distance_percentile":null,"medical_distance_percentile":null,"exploratory_score_c":null,"pareto_frontier":null},"geometry":{"type":"Polygon","coordinates":[[[135.4375,35.48333333333334],[135.44375,35.48333333333334],[135.44375,35.4875],[135.4375,35.4875],[135.4375,35.48333333333334]]]},"id":"533513851"},{"type":"Feature","properties":{"mesh_code":"533513852","area_label":"松尾寺駅周辺","area_label_basis":"最寄りの実在公共交通名称（行政地名ではない）","rank":null,"population":6,"elderly_population":null,"elderly_ratio":null,"centroid_lat":35.48541666666668,"centroid_lon":135.446875,"city_area_fraction":1.0,"disclosure_status":"suppressed_source","primary_eligible":false,"nearest_station_name":"松尾寺駅","nearest_station_distance_m":315.33946210296557,"nearest_bus_stop_name":"庵の谷","nearest_bus_stop_distance_m":351.0946042416791,"nearest_public_transport_type":"station","nearest_public_transport_name":"松尾寺駅","nearest_public_transport_distance_m":315.33946210296557,"nearest_medical_name":"地域密着型特別養護老人ホームやすらぎの郷","nearest_medical_distance_m":881.3199158335842,"nearest_medical_access_class":"likely_public","nearest_hospital_name":"自衛隊舞鶴病院","nearest_hospital_distance_m":4083.487698376626,"elderly_population_percentile":null,"transport_distance_percentile":null,"medical_distance_percentile":null,"exploratory_score_c":null,"pareto_frontier":null},"geometry":{"type":"Polygon","coordinates":[[[135.44375,35.48333333333334],[135.45,35.48333333333334],[135.45,35.4875],[135.44375,35.4875],[135.44375,35.48333333333334]]]},"id":"533513852"},{"type":"Feature","properties":{"mesh_code":"533513853","area_label":"中山バス停周辺","area_label_basis":"最寄りの実在公共交通名称（行政地名ではない）","rank":175,"population":116,"elderly_population":84.0,"elderly_ratio":0.7241379310344828,"centroid_lat":35.48958333333334,"centroid_lon":135.440625,"city_area_fraction":1.0,"disclosure_status":"unaffected","primary_eligible":true,"nearest_station_name":"松尾寺駅","nearest_station_distance_m":963.4963877195623,"nearest_bus_stop_name":"中山","nearest_bus_stop_distance_m":475.9682933482583,"nearest_public_transport_type":"bus_stop","nearest_public_transport_name":"中山","nearest_public_transport_distance_m":475.9682933482583,"nearest_medical_name":"地域密着型特別養護老人ホームやすらぎの郷","nearest_medical_distance_m":164.828213003644,"nearest_medical_access_class":"likely_public","nearest_hospital_name":"自衛隊舞鶴病院","nearest_hospital_distance_m":3553.02843894322,"elderly_population_percentile":0.7027972027972028,"transport_distance_percentile":0.486013986013986,"medical_distance_percentile":0.0664335664335664,"exploratory_score_c":0.022691664782965,"pareto_frontier":false},"geometry":{"type":"Polygon","coordinates":[[[135.4375,35.4875],[135.44375,35.4875],[135.44375,35.49166666666668],[135.4375,35.49166666666668],[135.4375,35.4875]]]},"id":"533513853"},{"type":"Feature","properties":{"mesh_code":"533513861","area_label":"松尾寺駅前バス停周辺","area_label_basis":"最寄りの実在公共交通名称（行政地名ではない）","rank":null,"population":108,"elderly_population":null,"elderly_ratio":null,"centroid_lat":35.48541666666668,"centroid_lon":135.453125,"city_area_fraction":1.0000000000000002,"disclosure_status":"aggregation_destination","primary_eligible":false,"nearest_station_name":"松尾寺駅","nearest_station_distance_m":265.1899369870083,"nearest_bus_stop_name":"松尾寺駅前","nearest_bus_stop_distance_m":195.94732802644197,"nearest_public_transport_type":"bus_stop","nearest_public_transport_name":"松尾寺駅前","nearest_public_transport_distance_m":195.94732802644197,"nearest_medical_name":"地域密着型特別養護老人ホームやすらぎの郷","nearest_medical_distance_m":1387.272201890406,"nearest_medical_access_class":"likely_public","nearest_hospital_name":"自衛隊舞鶴病院","nearest_hospital_distance_m":4650.574445500349,"elderly_population_percentile":null,"transport_distance_percentile":null,"medical_distance_percentile":null,"exploratory_score_c":null,"pareto_frontier":null},"geometry":{"type":"Polygon","coordinates":[[[135.45,35.48333333333334],[135.45625,35.48333333333334],[135.45625,35.4875],[135.45,35.4875],[135.45,35.48333333333334]]]},"id":"533513861"},{"type":"Feature","properties":{"mesh_code":"533513862","area_label":"吉坂バス停周辺","area_label_basis":"最寄りの実在公共交通名称（行政地名ではない）","rank":null,"population":29,"elderly_population":4.0,"elderly_ratio":0.13793103448275862,"centroid_lat":35.48541666666668,"centroid_lon":135.459375,"city_area_fraction":1.0,"disclosure_status":"unaffected","primary_eligible":false,"nearest_station_name":"松尾寺駅","nearest_station_distance_m":827.3220305345783,"nearest_bus_stop_name":"吉坂","nearest_bus_stop_distance_m":62.473102598846225,"nearest_public_transport_type":"bus_stop","nearest_public_transport_name":"吉坂","nearest_public_transport_distance_m":62.473102598846225,"nearest_medical_name":"地域密着型特別養護老人ホームやすらぎの郷","nearest_medical_distance_m":1927.573818255259,"nearest_medical_access_class":"likely_public","nearest_hospital_name":"自衛隊舞鶴病院","nearest_hospital_distance_m":5217.668764148814,"elderly_population_percentile":0.0437062937062937,"transport_distance_percentile":0.0244755244755244,"medical_distance_percentile":0.6853146853146853,"exploratory_score_c":0.0007331047357454,"pareto_frontier":false},"geometry":{"type":"Polygon","coordinates":[[[135.45625,35.48333333333334],[135.4625,35.48333333333334],[135.4625,35.4875],[135.45625,35.4875],[135.45625,35.48333333333334]]]},"id":"533513862"},{"type":"Feature","properties":{"mesh_code":"533513864","area_label":"吉坂バス停周辺","area_label_basis":"最寄りの実在公共交通名称（行政地名ではない）","rank":null,"population":3,"elderly_population":null,"elderly_ratio":null,"centroid_lat":35.48958333333334,"centroid_lon":135.459375,"city_area_fraction":0.9999999999999999,"disclosure_status":"suppressed_source","primary_eligible":false,"nearest_station_name":"松尾寺駅","nearest_station_distance_m":917.0541441839549,"nearest_bus_stop_name":"吉坂","nearest_bus_stop_distance_m":406.6872624934621,"nearest_public_transport_type":"bus_stop","nearest_public_transport_name":"吉坂","nearest_public_transport_distance_m":406.6872624934621,"nearest_medical_name":"地域密着型特別養護老人ホームやすらぎの郷","nearest_medical_distance_m":1862.8977077227707,"nearest_medical_access_class":"likely_public","nearest_hospital_name":"自衛隊舞鶴病院","nearest_hospital_distance_m":5242.342499621396,"elderly_population_percentile":null,"transport_distance_percentile":null,"medical_distance_percentile":null,"exploratory_score_c":null,"pareto_frontier":null},"geometry":{"type":"Polygon","coordinates":[[[135.45625,35.4875],[135.4625,35.4875],[135.4625,35.49166666666668],[135.45625,35.49166666666668],[135.45625,35.4875]]]},"id":"533513864"},{"type":"Feature","properties":{"mesh_code":"533513912","area_label":"さくらどおりマンション前バス停周辺","area_label_basis":"最寄りの実在公共交通名称（行政地名ではない）","rank":149,"population":76,"elderly_population":17.0,"elderly_ratio":0.2236842105263158,"centroid_lat":35.49375,"centroid_lon":135.396875,"city_area_fraction":0.13599575367311864,"disclosure_status":"unaffected","primary_eligible":true,"nearest_station_name":"東舞鶴駅","nearest_station_distance_m":2797.7837308223448,"nearest_bus_stop_name":"さくらどおりマンション前","nearest_bus_stop_distance_m":255.86970883964537,"nearest_public_transport_type":"bus_stop","nearest_public_transport_name":"さくらどおりマンション前","nearest_public_transport_distance_m":255.86970883964537,"nearest_medical_name":"海上自衛隊舞鶴衛生隊第二医務室","nearest_medical_distance_m":948.8381698148319,"nearest_medical_access_class":"uncertain_access","nearest_hospital_name":"医療法人医誠会　東舞鶴医誠会病院","nearest_hospital_distance_m":983.8036986061119,"elderly_population_percentile":0.3811188811188811,"transport_distance_percentile":0.2622377622377622,"medical_distance_percentile":0.444055944055944,"exploratory_score_c":0.044380621823284,"pareto_frontier":false},"geometry":{"type":"Polygon","coordinates":[[[135.39375,35.491666666666674],[135.4,35.491666666666674],[135.4,35.495833333333344],[135.39375,35.495833333333344],[135.39375,35.491666666666674]]]},"id":"533513912"},{"type":"Feature","properties":{"mesh_code":"533513921","area_label":"滝ケ浦バス停周辺","area_label_basis":"最寄りの実在公共交通名称（行政地名ではない）","rank":null,"population":12,"elderly_population":null,"elderly_ratio":null,"centroid_lat":35.49375,"centroid_lon":135.403125,"city_area_fraction":0.9684947663864932,"disclosure_status":"aggregation_destination","primary_eligible":false,"nearest_station_name":"東舞鶴駅","nearest_station_distance_m":2891.651678933824,"nearest_bus_stop_name":"滝ケ浦","nearest_bus_stop_distance_m":316.53600651357306,"nearest_public_transport_type":"bus_stop","nearest_public_transport_name":"滝ケ浦","nearest_public_transport_distance_m":316.53600651357306,"nearest_medical_name":"自衛隊舞鶴病院","nearest_medical_distance_m":980.6384879953616,"nearest_medical_access_class":"likely_public","nearest_hospital_name":"自衛隊舞鶴病院","nearest_hospital_distance_m":980.6384879953616,"elderly_population_percentile":null,"transport_distance_percentile":null,"medical_distance_percentile":null,"exploratory_score_c":null,"pareto_frontier":null},"geometry":{"type":"Polygon","coordinates":[[[135.4,35.491666666666674],[135.40625,35.491666666666674],[135.40625,35.495833333333344],[135.4,35.495833333333344],[135.4,35.491666666666674]]]},"id":"533513921"},{"type":"Feature","properties":{"mesh_code":"533513923","area_label":"板硝子工場前バス停周辺","area_label_basis":"最寄りの実在公共交通名称（行政地名ではない）","rank":null,"population":5,"elderly_population":null,"elderly_ratio":null,"centroid_lat":35.49791666666668,"centroid_lon":135.403125,"city_area_fraction":0.9975857299057904,"disclosure_status":"suppressed_source","primary_eligible":false,"nearest_station_name":"東舞鶴駅","nearest_station_distance_m":3340.077498960295,"nearest_bus_stop_name":"板硝子工場前","nearest_bus_stop_distance_m":213.08174825725607,"nearest_public_transport_type":"bus_stop","nearest_public_transport_name":"板硝子工場前","nearest_public_transport_distance_m":213.08174825725607,"nearest_medical_name":"医療法人医誠会　東舞鶴医誠会病院","nearest_medical_distance_m":593.759016667335,"nearest_medical_access_class":"likely_public","nearest_hospital_name":"医療法人医誠会　東舞鶴医誠会病院","nearest_hospital_distance_m":593.759016667335,"elderly_population_percentile":null,"transport_distance_percentile":null,"medical_distance_percentile":null,"exploratory_score_c":null,"pareto_frontier":null},"geometry":{"type":"Polygon","coordinates":[[[135.4,35.495833333333344],[135.40625,35.495833333333344],[135.40625,35.5],[135.4,35.5],[135.4,35.495833333333344]]]},"id":"533513923"},{"type":"Feature","properties":{"mesh_code":"533513934","area_label":"中宮バス停周辺","area_label_basis":"最寄りの実在公共交通名称（行政地名ではない）","rank":56,"population":53,"elderly_population":26.0,"elderly_ratio":0.49056603773584906,"centroid_lat":35.49791666666668,"centroid_lon":135.421875,"city_area_fraction":1.0000000000000002,"disclosure_status":"unaffected","primary_eligible":true,"nearest_station_name":"松尾寺駅","nearest_station_distance_m":2898.1321331797362,"nearest_bus_stop_name":"中宮","nearest_bus_stop_distance_m":533.5142598180629,"nearest_public_transport_type":"bus_stop","nearest_public_transport_name":"中宮","nearest_public_transport_distance_m":533.5142598180629,"nearest_medical_name":"養護老人ホーム安岡園","nearest_medical_distance_m":1703.4994545995528,"nearest_medical_access_class":"likely_public","nearest_hospital_name":"医療法人医誠会　東舞鶴医誠会病院","nearest_hospital_distance_m":2091.1109663336842,"elderly_population_percentile":0.5,"transport_distance_percentile":0.5174825174825175,"medical_distance_percentile":0.6643356643356644,"exploratory_score_c":0.1718910460169201,"pareto_frontier":false},"geometry":{"type":"Polygon","coordinates":[[[135.41875,35.495833333333344],[135.425,35.495833333333344],[135.425,35.5],[135.41875,35.5],[135.41875,35.495833333333344]]]},"id":"533513934"},{"type":"Feature","properties":{"mesh_code":"533513942","area_label":"中山バス停周辺","area_label_basis":"最寄りの実在公共交通名称（行政地名ではない）","rank":174,"population":48,"elderly_population":22.0,"elderly_ratio":0.4583333333333333,"centroid_lat":35.49375,"centroid_lon":135.434375,"city_area_fraction":1.0,"disclosure_status":"unaffected","primary_eligible":true,"nearest_station_name":"松尾寺駅","nearest_station_distance_m":1681.5747351768696,"nearest_bus_stop_name":"中山","nearest_bus_stop_distance_m":255.87800925265512,"nearest_public_transport_type":"bus_stop","nearest_public_transport_name":"中山","nearest_public_transport_distance_m":255.87800925265512,"nearest_medical_name":"養護老人ホーム安岡園","nearest_medical_distance_m":493.35617438799176,"nearest_medical_access_class":"likely_public","nearest_hospital_name":"自衛隊舞鶴病院","nearest_hospital_distance_m":3105.5037809620744,"elderly_population_percentile":0.4335664335664335,"transport_distance_percentile":0.2657342657342657,"medical_distance_percentile":0.2062937062937063,"exploratory_score_c":0.0237678112390812,"pareto_frontier":false},"geometry":{"type":"Polygon","coordinates":[[[135.43125,35.491666666666674],[135.4375,35.491666666666674],[135.4375,35.495833333333344],[135.43125,35.495833333333344],[135.43125,35.491666666666674]]]},"id":"533513942"},{"type":"Feature","properties":{"mesh_code":"533513943","area_label":"中宮バス停周辺","area_label_basis":"最寄りの実在公共交通名称（行政地名ではない）","rank":65,"population":452,"elderly_population":144.0,"elderly_ratio":0.3185840707964602,"centroid_lat":35.49791666666668,"centroid_lon":135.428125,"city_area_fraction":1.0,"disclosure_status":"unaffected","primary_eligible":true,"nearest_station_name":"松尾寺駅","nearest_station_distance_m":2407.7889081152125,"nearest_bus_stop_name":"中宮","nearest_bus_stop_distance_m":341.11916887929453,"nearest_public_transport_type":"bus_stop","nearest_public_transport_name":"中宮","nearest_public_transport_distance_m":341.11916887929453,"nearest_medical_name":"養護老人ホーム安岡園","nearest_medical_distance_m":1224.9382193345193,"nearest_medical_access_class":"likely_public","nearest_hospital_name":"医療法人医誠会　東舞鶴医誠会病院","nearest_hospital_distance_m":2645.535193357944,"elderly_population_percentile":0.8111888111888111,"transport_distance_percentile":0.3741258741258741,"medical_distance_percentile":0.5314685314685315,"exploratory_score_c":0.1612936430286912,"pareto_frontier":false},"geometry":{"type":"Polygon","coordinates":[[[135.425,35.495833333333344],[135.43125,35.495833333333344],[135.43125,35.5],[135.425,35.5],[135.425,35.495833333333344]]]},"id":"533513943"},{"type":"Feature","properties":{"mesh_code":"533513944","area_label":"朝来中バス停周辺","area_label_basis":"最寄りの実在公共交通名称（行政地名ではない）","rank":96,"population":249,"elderly_population":83.0,"elderly_ratio":0.3333333333333333,"centroid_lat":35.49791666666668,"centroid_lon":135.434375,"city_area_fraction":1.0000000000000002,"disclosure_status":"unaffected","primary_eligible":true,"nearest_station_name":"松尾寺駅","nearest_station_distance_m":1959.3060463580812,"nearest_bus_stop_name":"朝来中","nearest_bus_stop_distance_m":361.84623533522074,"nearest_public_transport_type":"bus_stop","nearest_public_transport_name":"朝来中","nearest_public_transport_distance_m":361.84623533522074,"nearest_medical_name":"養護老人ホーム安岡園","nearest_medical_distance_m":861.4820947975419,"nearest_medical_access_class":"likely_public","nearest_hospital_name":"医療法人医誠会　東舞鶴医誠会病院","nearest_hospital_distance_m":3204.3702417717536,"elderly_population_percentile":0.6940559440559441,"transport_distance_percentile":0.3951048951048951,"medical_distance_percentile":0.4055944055944055,"exploratory_score_c":0.1112240857093906,"pareto_frontier":false},"geometry":{"type":"Polygon","coordinates":[[[135.43125,35.495833333333344],[135.4375,35.495833333333344],[135.4375,35.5],[135.43125,35.5],[135.43125,35.495833333333344]]]},"id":"533513944"},{"type":"Feature","properties":{"mesh_code":"533513951","area_label":"国立高専前バス停周辺","area_label_basis":"最寄りの実在公共交通名称（行政地名ではない）","rank":null,"population":140,"elderly_population":null,"elderly_ratio":null,"centroid_lat":35.49375,"centroid_lon":135.440625,"city_area_fraction":1.0,"disclosure_status":"suppressed_source","primary_eligible":false,"nearest_station_name":"松尾寺駅","nearest_station_distance_m":1229.720674215292,"nearest_bus_stop_name":"国立高専前","nearest_bus_stop_distance_m":258.70514262153677,"nearest_public_transport_type":"bus_stop","nearest_public_transport_name":"国立高専前","nearest_public_transport_distance_m":258.70514262153677,"nearest_medical_name":"養護老人ホーム安岡園","nearest_medical_distance_m":358.03015923369196,"nearest_medical_access_class":"likely_public","nearest_hospital_name":"自衛隊舞鶴病院","nearest_hospital_distance_m":3648.3193217464864,"elderly_population_percentile":null,"transport_distance_percentile":null,"medical_distance_percentile":null,"exploratory_score_c":null,"pareto_frontier":null},"geometry":{"type":"Polygon","coordinates":[[[135.4375,35.491666666666674],[135.44375,35.491666666666674],[135.44375,35.495833333333344],[135.4375,35.495833333333344],[135.4375,35.491666666666674]]]},"id":"533513951"},{"type":"Feature","properties":{"mesh_code":"533513953","area_label":"国立高専前バス停周辺","area_label_basis":"最寄りの実在公共交通名称（行政地名ではない）","rank":null,"population":445,"elderly_population":null,"elderly_ratio":null,"centroid_lat":35.49791666666668,"centroid_lon":135.440625,"city_area_fraction":0.9999999999999999,"disclosure_status":"aggregation_destination","primary_eligible":false,"nearest_station_name":"松尾寺駅","nearest_station_distance_m":1588.5423300618427,"nearest_bus_stop_name":"国立高専前","nearest_bus_stop_distance_m":413.9515242372879,"nearest_public_transport_type":"bus_stop","nearest_public_transport_name":"国立高専前","nearest_public_transport_distance_m":413.9515242372879,"nearest_medical_name":"養護老人ホーム安岡園","nearest_medical_distance_m":791.7968636749043,"nearest_medical_access_class":"likely_public","nearest_hospital_name":"医療法人医誠会　東舞鶴医誠会病院","nearest_hospital_distance_m":3765.6526999768257,"elderly_population_percentile":null,"transport_distance_percentile":null,"medical_distance_percentile":null,"exploratory_score_c":null,"pareto_frontier":null},"geometry":{"type":"Polygon","coordinates":[[[135.4375,35.495833333333344],[135.44375,35.495833333333344],[135.44375,35.5],[135.4375,35.5],[135.4375,35.495833333333344]]]},"id":"533513953"},{"type":"Feature","properties":{"mesh_code":"533513974","area_label":"松尾寺口バス停周辺","area_label_basis":"最寄りの実在公共交通名称（行政地名ではない）","rank":null,"population":9,"elderly_population":6.0,"elderly_ratio":0.6666666666666666,"centroid_lat":35.49791666666668,"centroid_lon":135.471875,"city_area_fraction":0.798183459891059,"disclosure_status":"unaffected","primary_eligible":false,"nearest_station_name":"松尾寺駅","nearest_station_distance_m":2365.0916872707207,"nearest_bus_stop_name":"松尾寺口","nearest_bus_stop_distance_m":1639.768480403779,"nearest_public_transport_type":"bus_stop","nearest_public_transport_name":"松尾寺口","nearest_public_transport_distance_m":1639.768480403779,"nearest_medical_name":"養護老人ホーム安岡園","nearest_medical_distance_m":3114.088282176693,"nearest_medical_access_class":"likely_public","nearest_hospital_name":"自衛隊舞鶴病院","nearest_hospital_distance_m":6511.574413873348,"elderly_population_percentile":0.0909090909090909,"transport_distance_percentile":0.8251748251748252,"medical_distance_percentile":0.8531468531468531,"exploratory_score_c":0.0639995732176278,"pareto_frontier":false},"geometry":{"type":"Polygon","coordinates":[[[135.46875,35.495833333333344],[135.475,35.495833333333344],[135.475,35.5],[135.46875,35.5],[135.46875,35.495833333333344]]]},"id":"533513974"},{"type":"Feature","properties":{"mesh_code":"533521091","area_label":"丹後神崎駅周辺","area_label_basis":"最寄りの実在公共交通名称（行政地名ではない）","rank":null,"population":33,"elderly_population":null,"elderly_ratio":null,"centroid_lat":35.50208333333333,"centroid_lon":135.240625,"city_area_fraction":1.0000000000000002,"disclosure_status":"aggregation_destination","primary_eligible":false,"nearest_station_name":"丹後神崎駅","nearest_station_distance_m":4838.686502317982,"nearest_bus_stop_name":"八田・由良川学園前","nearest_bus_stop_distance_m":5952.834523124797,"nearest_public_transport_type":"station","nearest_public_transport_name":"丹後神崎駅","nearest_public_transport_distance_m":4838.686502317982,"nearest_medical_name":"市立舞鶴市民病院加佐診療所","nearest_medical_distance_m":5786.748289130206,"nearest_medical_access_class":"likely_public","nearest_hospital_name":"舞鶴赤十字病院","nearest_hospital_distance_m":10824.720761267978,"elderly_population_percentile":null,"transport_distance_percentile":null,"medical_distance_percentile":null,"exploratory_score_c":null,"pareto_frontier":null},"geometry":{"type":"Polygon","coordinates":[[[135.2375,35.5],[135.24375,35.5],[135.24375,35.50416666666667],[135.2375,35.50416666666667],[135.2375,35.5]]]},"id":"533521091"},{"type":"Feature","properties":{"mesh_code":"533521093","area_label":"丹後神崎駅周辺","area_label_basis":"最寄りの実在公共交通名称（行政地名ではない）","rank":null,"population":7,"elderly_population":null,"elderly_ratio":null,"centroid_lat":35.50625,"centroid_lon":135.240625,"city_area_fraction":0.898003583222134,"disclosure_status":"suppressed_source","primary_eligible":false,"nearest_station_name":"丹後神崎駅","nearest_station_distance_m":4813.409271673246,"nearest_bus_stop_name":"八田・由良川学園前","nearest_bus_stop_distance_m":6384.246143358506,"nearest_public_transport_type":"station","nearest_public_transport_name":"丹後神崎駅","nearest_public_transport_distance_m":4813.409271673246,"nearest_medical_name":"市立舞鶴市民病院加佐診療所","nearest_medical_distance_m":6221.209764055632,"nearest_medical_access_class":"likely_public","nearest_hospital_name":"舞鶴赤十字病院","nearest_hospital_distance_m":11102.334980653915,"elderly_population_percentile":null,"transport_distance_percentile":null,"medical_distance_percentile":null,"exploratory_score_c":null,"pareto_frontier":null},"geometry":{"type":"Polygon","coordinates":[[[135.2375,35.50416666666667],[135.24375,35.50416666666667],[135.24375,35.50833333333334],[135.2375,35.50833333333334],[135.2375,35.50416666666667]]]},"id":"533521093"},{"type":"Feature","properties":{"mesh_code":"533522031","area_label":"丹後神崎駅周辺","area_label_basis":"最寄りの実在公共交通名称（行政地名ではない）","rank":null,"population":2,"elderly_population":null,"elderly_ratio":null,"centroid_lat":35.50208333333333,"centroid_lon":135.290625,"city_area_fraction":0.9719898987453938,"disclosure_status":"suppressed_source","primary_eligible":false,"nearest_station_name":"丹後神崎駅","nearest_station_distance_m":566.3261295460022,"nearest_bus_stop_name":"二尾","nearest_bus_stop_distance_m":5538.424469441263,"nearest_public_transport_type":"station","nearest_public_transport_name":"丹後神崎駅","nearest_public_transport_distance_m":566.3261295460022,"nearest_medical_name":"国土交通省共済組合海上保安学校診療所","nearest_medical_distance_m":5832.856208599603,"nearest_medical_access_class":"likely_public","nearest_hospital_name":"舞鶴赤十字病院","nearest_hospital_distance_m":7632.3388816479055,"elderly_population_percentile":null,"transport_distance_percentile":null,"medical_distance_percentile":null,"exploratory_score_c":null,"pareto_frontier":null},"geometry":{"type":"Polygon","coordinates":[[[135.2875,35.5],[135.29375,35.5],[135.29375,35.50416666666667],[135.2875,35.50416666666667],[135.2875,35.5]]]},"id":"533522031"},{"type":"Feature","properties":{"mesh_code":"533522032","area_label":"丹後神崎駅周辺","area_label_basis":"最寄りの実在公共交通名称（行政地名ではない）","rank":null,"population":13,"elderly_population":5.0,"elderly_ratio":0.38461538461538464,"centroid_lat":35.50208333333333,"centroid_lon":135.296875,"city_area_fraction":0.9999999999999999,"disclosure_status":"unaffected","primary_eligible":false,"nearest_station_name":"丹後神崎駅","nearest_station_distance_m":572.3918765432769,"nearest_bus_stop_name":"二尾","nearest_bus_stop_distance_m":5190.681040500021,"nearest_public_transport_type":"station","nearest_public_transport_name":"丹後神崎駅","nearest_public_transport_distance_m":572.3918765432769,"nearest_medical_name":"国土交通省共済組合海上保安学校診療所","nearest_medical_distance_m":5287.688414226943,"nearest_medical_access_class":"likely_public","nearest_hospital_name":"舞鶴赤十字病院","nearest_hospital_distance_m":7333.690020812272,"elderly_population_percentile":0.0646853146853146,"transport_distance_percentile":0.5664335664335665,"medical_distance_percentile":0.9475524475524476,"exploratory_score_c":0.0347182586595271,"pareto_frontier":false},"geometry":{"type":"Polygon","coordinates":[[[135.29375,35.5],[135.3,35.5],[135.3,35.50416666666667],[135.29375,35.50416666666667],[135.29375,35.5]]]},"id":"533522032"},{"type":"Feature","properties":{"mesh_code":"533522034","area_label":"丹後神崎駅周辺","area_label_basis":"最寄りの実在公共交通名称（行政地名ではない）","rank":null,"population":32,"elderly_population":null,"elderly_ratio":null,"centroid_lat":35.50625,"centroid_lon":135.296875,"city_area_fraction":1.0,"disclosure_status":"aggregation_destination","primary_eligible":false,"nearest_station_name":"丹後神崎駅","nearest_station_distance_m":291.28796939395994,"nearest_bus_stop_name":"二尾","nearest_bus_stop_distance_m":5573.953798058155,"nearest_public_transport_type":"station","nearest_public_transport_name":"丹後神崎駅","nearest_public_transport_distance_m":291.28796939395994,"nearest_medical_name":"国土交通省共済組合海上保安学校診療所","nearest_medical_distance_m":5439.200760539198,"nearest_medical_access_class":"likely_public","nearest_hospital_name":"舞鶴赤十字病院","nearest_hospital_distance_m":7737.796547760104,"elderly_population_percentile":null,"transport_distance_percentile":null,"medical_distance_percentile":null,"exploratory_score_c":null,"pareto_frontier":null},"geometry":{"type":"Polygon","coordinates":[[[135.29375,35.50416666666667],[135.3,35.50416666666667],[135.3,35.50833333333334],[135.29375,35.50833333333334],[135.29375,35.50416666666667]]]},"id":"533522034"},{"type":"Feature","properties":{"mesh_code":"533522062","area_label":"海上保安学校前バス停周辺","area_label_basis":"最寄りの実在公共交通名称（行政地名ではない）","rank":null,"population":4,"elderly_population":null,"elderly_ratio":null,"centroid_lat":35.50208333333333,"centroid_lon":135.334375,"city_area_fraction":0.3267605920771994,"disclosure_status":"suppressed_source","primary_eligible":false,"nearest_station_name":"丹後神崎駅","nearest_station_distance_m":3724.4535815320214,"nearest_bus_stop_name":"海上保安学校前","nearest_bus_stop_distance_m":2466.4826564474647,"nearest_public_transport_type":"bus_stop","nearest_public_transport_name":"海上保安学校前","nearest_public_transport_distance_m":2466.4826564474647,"nearest_medical_name":"国土交通省共済組合海上保安学校診療所","nearest_medical_distance_m":2256.0833882236766,"nearest_medical_access_class":"likely_public","nearest_hospital_name":"医療法人医誠会　東舞鶴医誠会病院","nearest_hospital_distance_m":5906.049428896336,"elderly_population_percentile":null,"transport_distance_percentile":null,"medical_distance_percentile":null,"exploratory_score_c":null,"pareto_frontier":null},"geometry":{"type":"Polygon","coordinates":[[[135.33125,35.5],[135.3375,35.5],[135.3375,35.50416666666667],[135.33125,35.50416666666667],[135.33125,35.5]]]},"id":"533522062"},{"type":"Feature","properties":{"mesh_code":"533522064","area_label":"海上保安学校前バス停周辺","area_label_basis":"最寄りの実在公共交通名称（行政地名ではない）","rank":null,"population":2,"elderly_population":null,"elderly_ratio":null,"centroid_lat":35.50625,"centroid_lon":135.334375,"city_area_fraction":0.45626922175065704,"disclosure_status":"suppressed_source","primary_eligible":false,"nearest_station_name":"丹後神崎駅","nearest_station_distance_m":3691.6219176264126,"nearest_bus_stop_name":"海上保安学校前","nearest_bus_stop_distance_m":2794.159842437366,"nearest_public_transport_type":"bus_stop","nearest_public_transport_name":"海上保安学校前","nearest_public_transport_distance_m":2794.159842437366,"nearest_medical_name":"国土交通省共済組合海上保安学校診療所","nearest_medical_distance_m":2591.5904833683885,"nearest_medical_access_class":"likely_public","nearest_hospital_name":"医療法人医誠会　東舞鶴医誠会病院","nearest_hospital_distance_m":5921.57332766593,"elderly_population_percentile":null,"transport_distance_percentile":null,"medical_distance_percentile":null,"exploratory_score_c":null,"pareto_frontier":null},"geometry":{"type":"Polygon","coordinates":[[[135.33125,35.50416666666667],[135.3375,35.50416666666667],[135.3375,35.50833333333334],[135.33125,35.50833333333334],[135.33125,35.50416666666667]]]},"id":"533522064"},{"type":"Feature","properties":{"mesh_code":"533522084","area_label":"海上保安学校前バス停周辺","area_label_basis":"最寄りの実在公共交通名称（行政地名ではない）","rank":18,"population":74,"elderly_population":25.0,"elderly_ratio":0.33783783783783783,"centroid_lat":35.50625,"centroid_lon":135.359375,"city_area_fraction":0.8466735856837255,"disclosure_status":"unaffected","primary_eligible":true,"nearest_station_name":"東舞鶴駅","nearest_station_distance_m":5272.314958526276,"nearest_bus_stop_name":"海上保安学校前","nearest_bus_stop_distance_m":2137.549860159808,"nearest_public_transport_type":"bus_stop","nearest_public_transport_name":"海上保安学校前","nearest_public_transport_distance_m":2137.549860159808,"nearest_medical_name":"国土交通省共済組合海上保安学校診療所","nearest_medical_distance_m":2081.4321061013543,"nearest_medical_access_class":"likely_public","nearest_hospital_name":"医療法人医誠会　東舞鶴医誠会病院","nearest_hospital_distance_m":3663.355600851402,"elderly_population_percentile":0.4842657342657342,"transport_distance_percentile":0.8916083916083916,"medical_distance_percentile":0.7202797202797203,"exploratory_score_c":0.3109990588901538,"pareto_frontier":false},"geometry":{"type":"Polygon","coordinates":[[[135.35625,35.50416666666667],[135.3625,35.50416666666667],[135.3625,35.50833333333334],[135.35625,35.50833333333334],[135.35625,35.50416666666667]]]},"id":"533522084"},{"type":"Feature","properties":{"mesh_code":"533522094","area_label":"平バス停周辺","area_label_basis":"最寄りの実在公共交通名称（行政地名ではない）","rank":8,"population":62,"elderly_population":34.0,"elderly_ratio":0.5483870967741935,"centroid_lat":35.50625,"centroid_lon":135.371875,"city_area_fraction":0.668826389093474,"disclosure_status":"unaffected","primary_eligible":true,"nearest_station_name":"東舞鶴駅","nearest_station_distance_m":4667.940082176108,"nearest_bus_stop_name":"平","nearest_bus_stop_distance_m":1951.2934557905219,"nearest_public_transport_type":"bus_stop","nearest_public_transport_name":"平","nearest_public_transport_distance_m":1951.2934557905219,"nearest_medical_name":"医療法人医誠会　東舞鶴医誠会病院","nearest_medical_distance_m":2540.782700682857,"nearest_medical_access_class":"likely_public","nearest_hospital_name":"医療法人医誠会　東舞鶴医誠会病院","nearest_hospital_distance_m":2540.782700682857,"elderly_population_percentile":0.5681818181818182,"transport_distance_percentile":0.8706293706293706,"medical_distance_percentile":0.7727272727272727,"exploratory_score_c":0.3822494654106224,"pareto_frontier":false},"geometry":{"type":"Polygon","coordinates":[[[135.36875,35.50416666666667],[135.375,35.50416666666667],[135.375,35.50833333333334],[135.36875,35.50833333333334],[135.36875,35.50416666666667]]]},"id":"533522094"},{"type":"Feature","properties":{"mesh_code":"533522131","area_label":"丹後神崎駅周辺","area_label_basis":"最寄りの実在公共交通名称（行政地名ではない）","rank":null,"population":2,"elderly_population":null,"elderly_ratio":null,"centroid_lat":35.51041666666667,"centroid_lon":135.290625,"city_area_fraction":0.9291725568600515,"disclosure_status":"suppressed_source","primary_eligible":false,"nearest_station_name":"丹後神崎駅","nearest_station_distance_m":512.3886463787169,"nearest_bus_stop_name":"二尾","nearest_bus_stop_distance_m":6273.17583025003,"nearest_public_transport_type":"station","nearest_public_transport_name":"丹後神崎駅","nearest_public_transport_distance_m":512.3886463787169,"nearest_medical_name":"国土交通省共済組合海上保安学校診療所","nearest_medical_distance_m":6139.990409273059,"nearest_medical_access_class":"likely_public","nearest_hospital_name":"舞鶴赤十字病院","nearest_hospital_distance_m":8417.868135581532,"elderly_population_percentile":null,"transport_distance_percentile":null,"medical_distance_percentile":null,"exploratory_score_c":null,"pareto_frontier":null},"geometry":{"type":"Polygon","coordinates":[[[135.2875,35.50833333333333],[135.29375,35.50833333333333],[135.29375,35.5125],[135.2875,35.5125],[135.2875,35.50833333333333]]]},"id":"533522131"},{"type":"Feature","properties":{"mesh_code":"533522132","area_label":"丹後神崎駅周辺","area_label_basis":"最寄りの実在公共交通名称（行政地名ではない）","rank":null,"population":129,"elderly_population":null,"elderly_ratio":null,"centroid_lat":35.51041666666667,"centroid_lon":135.296875,"city_area_fraction":0.9999999999999999,"disclosure_status":"aggregation_destination","primary_eligible":false,"nearest_station_name":"丹後神崎駅","nearest_station_distance_m":519.084423538646,"nearest_bus_stop_name":"海上保安学校前","nearest_bus_stop_distance_m":5840.154363530091,"nearest_public_transport_type":"station","nearest_public_transport_name":"丹後神崎駅","nearest_public_transport_distance_m":519.084423538646,"nearest_medical_name":"国土交通省共済組合海上保安学校診療所","nearest_medical_distance_m":5624.725992089919,"nearest_medical_access_class":"likely_public","nearest_hospital_name":"舞鶴赤十字病院","nearest_hospital_distance_m":8148.089772661255,"elderly_population_percentile":null,"transport_distance_percentile":null,"medical_distance_percentile":null,"exploratory_score_c":null,"pareto_frontier":null},"geometry":{"type":"Polygon","coordinates":[[[135.29375,35.50833333333333],[135.3,35.50833333333333],[135.3,35.5125],[135.29375,35.5125],[135.29375,35.50833333333333]]]},"id":"533522132"},{"type":"Feature","properties":{"mesh_code":"533522133","area_label":"丹後神崎駅周辺","area_label_basis":"最寄りの実在公共交通名称（行政地名ではない）","rank":36,"population":22,"elderly_population":15.0,"elderly_ratio":0.6818181818181818,"centroid_lat":35.514583333333334,"centroid_lon":135.290625,"city_area_fraction":0.7296968902196966,"disclosure_status":"unaffected","primary_eligible":true,"nearest_station_name":"丹後神崎駅","nearest_station_distance_m":935.1618066399287,"nearest_bus_stop_name":"海上保安学校前","nearest_bus_stop_distance_m":6554.384056666302,"nearest_public_transport_type":"station","nearest_public_transport_name":"丹後神崎駅","nearest_public_transport_distance_m":935.1618066399287,"nearest_medical_name":"国土交通省共済組合海上保安学校診療所","nearest_medical_distance_m":6338.705791213038,"nearest_medical_access_class":"likely_public","nearest_hospital_name":"舞鶴赤十字病院","nearest_hospital_distance_m":8820.744701623587,"elderly_population_percentile":0.3339160839160839,"transport_distance_percentile":0.6993006993006993,"medical_distance_percentile":0.972027972027972,"exploratory_score_c":0.2269760656478833,"pareto_frontier":false},"geometry":{"type":"Polygon","coordinates":[[[135.2875,35.5125],[135.29375,35.5125],[135.29375,35.51666666666667],[135.2875,35.51666666666667],[135.2875,35.5125]]]},"id":"533522133"},{"type":"Feature","properties":{"mesh_code":"533522134","area_label":"丹後神崎駅周辺","area_label_basis":"最寄りの実在公共交通名称（行政地名ではない）","rank":19,"population":44,"elderly_population":22.0,"elderly_ratio":0.5,"centroid_lat":35.514583333333334,"centroid_lon":135.296875,"city_area_fraction":0.6865067828707139,"disclosure_status":"unaffected","primary_eligible":true,"nearest_station_name":"丹後神崎駅","nearest_station_distance_m":938.8467467761465,"nearest_bus_stop_name":"海上保安学校前","nearest_bus_stop_distance_m":6056.791279769646,"nearest_public_transport_type":"station","nearest_public_transport_name":"丹後神崎駅","nearest_public_transport_distance_m":938.8467467761465,"nearest_medical_name":"国土交通省共済組合海上保安学校診療所","nearest_medical_distance_m":5841.024085276589,"nearest_medical_access_class":"likely_public","nearest_hospital_name":"舞鶴赤十字病院","nearest_hospital_distance_m":8563.680563217686,"elderly_population_percentile":0.4335664335664335,"transport_distance_percentile":0.7027972027972028,"medical_distance_percentile":0.958041958041958,"exploratory_score_c":0.2919242721189026,"pareto_frontier":true},"geometry":{"type":"Polygon","coordinates":[[[135.29375,35.5125],[135.3,35.5125],[135.3,35.51666666666667],[135.29375,35.51666666666667],[135.29375,35.5125]]]},"id":"533522134"},{"type":"Feature","properties":{"mesh_code":"533522141","area_label":"丹後神崎駅周辺","area_label_basis":"最寄りの実在公共交通名称（行政地名ではない）","rank":null,"population":102,"elderly_population":null,"elderly_ratio":null,"centroid_lat":35.51041666666667,"centroid_lon":135.303125,"city_area_fraction":0.9999999999999998,"disclosure_status":"aggregation_destination","primary_eligible":false,"nearest_station_name":"丹後神崎駅","nearest_station_distance_m":958.7839861902004,"nearest_bus_stop_name":"海上保安学校前","nearest_bus_stop_distance_m":5336.18976480573,"nearest_public_transport_type":"station","nearest_public_transport_name":"丹後神崎駅","nearest_public_transport_distance_m":958.7839861902004,"nearest_medical_name":"国土交通省共済組合海上保安学校診療所","nearest_medical_distance_m":5120.4164784778495,"nearest_medical_access_class":"likely_public","nearest_hospital_name":"舞鶴赤十字病院","nearest_hospital_distance_m":7909.8443547138495,"elderly_population_percentile":null,"transport_distance_percentile":null,"medical_distance_percentile":null,"exploratory_score_c":null,"pareto_frontier":null},"geometry":{"type":"Polygon","coordinates":[[[135.3,35.50833333333333],[135.30625,35.50833333333333],[135.30625,35.5125],[135.3,35.5125],[135.3,35.50833333333333]]]},"id":"533522141"},{"type":"Feature","properties":{"mesh_code":"533522143","area_label":"丹後神崎駅周辺","area_label_basis":"最寄りの実在公共交通名称（行政地名ではない）","rank":null,"population":7,"elderly_population":null,"elderly_ratio":null,"centroid_lat":35.514583333333334,"centroid_lon":135.303125,"city_area_fraction":0.3207156206504356,"disclosure_status":"suppressed_source","primary_eligible":false,"nearest_station_name":"丹後神崎駅","nearest_station_distance_m":1237.4236093527236,"nearest_bus_stop_name":"海上保安学校前","nearest_bus_stop_distance_m":5572.479480688987,"nearest_public_transport_type":"station","nearest_public_transport_name":"丹後神崎駅","nearest_public_transport_distance_m":1237.4236093527236,"nearest_medical_name":"国土交通省共済組合海上保安学校診療所","nearest_medical_distance_m":5357.141269478138,"nearest_medical_access_class":"likely_public","nearest_hospital_name":"舞鶴赤十字病院","nearest_hospital_distance_m":8337.330932234652,"elderly_population_percentile":null,"transport_distance_percentile":null,"medical_distance_percentile":null,"exploratory_score_c":null,"pareto_frontier":null},"geometry":{"type":"Polygon","coordinates":[[[135.3,35.5125],[135.30625,35.5125],[135.30625,35.51666666666667],[135.3,35.51666666666667],[135.3,35.5125]]]},"id":"533522143"},{"type":"Feature","properties":{"mesh_code":"533522172","area_label":"海上保安学校前バス停周辺","area_label_basis":"最寄りの実在公共交通名称（行政地名ではない）","rank":null,"population":59,"elderly_population":null,"elderly_ratio":null,"centroid_lat":35.51041666666667,"centroid_lon":135.346875,"city_area_fraction":0.58121386989652,"disclosure_status":"aggregation_destination","primary_eligible":false,"nearest_station_name":"丹後神崎駅","nearest_station_distance_m":4844.520240384681,"nearest_bus_stop_name":"海上保安学校前","nearest_bus_stop_distance_m":2655.816840457838,"nearest_public_transport_type":"bus_stop","nearest_public_transport_name":"海上保安学校前","nearest_public_transport_distance_m":2655.816840457838,"nearest_medical_name":"国土交通省共済組合海上保安学校診療所","nearest_medical_distance_m":2508.4097125356975,"nearest_medical_access_class":"likely_public","nearest_hospital_name":"医療法人医誠会　東舞鶴医誠会病院","nearest_hospital_distance_m":4854.715809927126,"elderly_population_percentile":null,"transport_distance_percentile":null,"medical_distance_percentile":null,"exploratory_score_c":null,"pareto_frontier":null},"geometry":{"type":"Polygon","coordinates":[[[135.34375,35.50833333333333],[135.35,35.50833333333333],[135.35,35.5125],[135.34375,35.5125],[135.34375,35.50833333333333]]]},"id":"533522172"},{"type":"Feature","properties":{"mesh_code":"533522174","area_label":"海上保安学校前バス停周辺","area_label_basis":"最寄りの実在公共交通名称（行政地名ではない）","rank":15,"population":46,"elderly_population":20.0,"elderly_ratio":0.43478260869565216,"centroid_lat":35.514583333333334,"centroid_lon":135.346875,"city_area_fraction":0.8262327651774877,"disclosure_status":"unaffected","primary_eligible":true,"nearest_station_name":"丹後神崎駅","nearest_station_distance_m":4907.153759433436,"nearest_bus_stop_name":"海上保安学校前","nearest_bus_stop_distance_m":3103.55616027062,"nearest_public_transport_type":"bus_stop","nearest_public_transport_name":"海上保安学校前","nearest_public_transport_distance_m":3103.55616027062,"nearest_medical_name":"国土交通省共済組合海上保安学校診療所","nearest_medical_distance_m":2961.997921075227,"nearest_medical_access_class":"likely_public","nearest_hospital_name":"医療法人医誠会　東舞鶴医誠会病院","nearest_hospital_distance_m":4960.56976716159,"elderly_population_percentile":0.4108391608391608,"transport_distance_percentile":0.9475524475524476,"medical_distance_percentile":0.8391608391608392,"exploratory_score_c":0.3266783097092647,"pareto_frontier":false},"geometry":{"type":"Polygon","coordinates":[[[135.34375,35.5125],[135.35,35.5125],[135.35,35.51666666666667],[135.34375,35.51666666666667],[135.34375,35.5125]]]},"id":"533522174"},{"type":"Feature","properties":{"mesh_code":"533522272","area_label":"海上保安学校前バス停周辺","area_label_basis":"最寄りの実在公共交通名称（行政地名ではない）","rank":21,"population":26,"elderly_population":15.0,"elderly_ratio":0.5769230769230769,"centroid_lat":35.51875,"centroid_lon":135.346875,"city_area_fraction":0.12765157404076102,"disclosure_status":"unaffected","primary_eligible":true,"nearest_station_name":"丹後神崎駅","nearest_station_distance_m":5011.818244555188,"nearest_bus_stop_name":"海上保安学校前","nearest_bus_stop_distance_m":3555.0160233018487,"nearest_public_transport_type":"bus_stop","nearest_public_transport_name":"海上保安学校前","nearest_public_transport_distance_m":3555.0160233018487,"nearest_medical_name":"国土交通省共済組合海上保安学校診療所","nearest_medical_distance_m":3417.9122969393043,"nearest_medical_access_class":"likely_public","nearest_hospital_name":"医療法人医誠会　東舞鶴医誠会病院","nearest_hospital_distance_m":5106.233051907712,"elderly_population_percentile":0.3339160839160839,"transport_distance_percentile":0.972027972027972,"medical_distance_percentile":0.8846153846153846,"exploratory_score_c":0.2871247230445723,"pareto_frontier":false},"geometry":{"type":"Polygon","coordinates":[[[135.34375,35.516666666666666],[135.35,35.516666666666666],[135.35,35.520833333333336],[135.34375,35.520833333333336],[135.34375,35.516666666666666]]]},"id":"533522272"},{"type":"Feature","properties":{"mesh_code":"533522274","area_label":"赤野バス停周辺","area_label_basis":"最寄りの実在公共交通名称（行政地名ではない）","rank":2,"population":58,"elderly_population":27.0,"elderly_ratio":0.46551724137931033,"centroid_lat":35.522916666666674,"centroid_lon":135.346875,"city_area_fraction":0.9095638705233795,"disclosure_status":"unaffected","primary_eligible":true,"nearest_station_name":"丹後神崎駅","nearest_station_distance_m":5155.954764566428,"nearest_bus_stop_name":"赤野","nearest_bus_stop_distance_m":3898.3555479908027,"nearest_public_transport_type":"bus_stop","nearest_public_transport_name":"赤野","nearest_public_transport_distance_m":3898.3555479908027,"nearest_medical_name":"国土交通省共済組合海上保安学校診療所","nearest_medical_distance_m":3875.3320532675343,"nearest_medical_access_class":"likely_public","nearest_hospital_name":"医療法人医誠会　東舞鶴医誠会病院","nearest_hospital_distance_m":5288.41726545676,"elderly_population_percentile":0.5157342657342657,"transport_distance_percentile":0.9825174825174824,"medical_distance_percentile":0.9125874125874126,"exploratory_score_c":0.4624244068562861,"pareto_frontier":true},"geometry":{"type":"Polygon","coordinates":[[[135.34375,35.520833333333336],[135.35,35.520833333333336],[135.35,35.525],[135.34375,35.525],[135.34375,35.520833333333336]]]},"id":"533522274"},{"type":"Feature","properties":{"mesh_code":"533522283","area_label":"赤野バス停周辺","area_label_basis":"最寄りの実在公共交通名称（行政地名ではない）","rank":null,"population":12,"elderly_population":7.0,"elderly_ratio":0.5833333333333334,"centroid_lat":35.522916666666674,"centroid_lon":135.353125,"city_area_fraction":1.0,"disclosure_status":"unaffected","primary_eligible":false,"nearest_station_name":"丹後神崎駅","nearest_station_distance_m":5689.992939282048,"nearest_bus_stop_name":"赤野","nearest_bus_stop_distance_m":3331.7055811179307,"nearest_public_transport_type":"bus_stop","nearest_public_transport_name":"赤野","nearest_public_transport_distance_m":3331.7055811179307,"nearest_medical_name":"国土交通省共済組合海上保安学校診療所","nearest_medical_distance_m":3839.7646761530523,"nearest_medical_access_class":"likely_public","nearest_hospital_name":"医療法人医誠会　東舞鶴医誠会病院","nearest_hospital_distance_m":4783.166171067143,"elderly_population_percentile":0.1206293706293706,"transport_distance_percentile":0.9545454545454546,"medical_distance_percentile":0.9090909090909092,"exploratory_score_c":0.1046783794717679,"pareto_frontier":false},"geometry":{"type":"Polygon","coordinates":[[[135.35,35.520833333333336],[135.35625,35.520833333333336],[135.35625,35.525],[135.35,35.525],[135.35,35.520833333333336]]]},"id":"533522283"},{"type":"Feature","properties":{"mesh_code":"533522474","area_label":"赤野バス停周辺","area_label_basis":"最寄りの実在公共交通名称（行政地名ではない）","rank":null,"population":23,"elderly_population":9.0,"elderly_ratio":0.391304347826087,"centroid_lat":35.53958333333334,"centroid_lon":135.346875,"city_area_fraction":1.0000000000000002,"disclosure_status":"unaffected","primary_eligible":false,"nearest_station_name":"丹後神崎駅","nearest_station_distance_m":6059.695540135246,"nearest_bus_stop_name":"赤野","nearest_bus_stop_distance_m":4356.943883833283,"nearest_public_transport_type":"bus_stop","nearest_public_transport_name":"赤野","nearest_public_transport_distance_m":4356.943883833283,"nearest_medical_name":"国土交通省共済組合海上保安学校診療所","nearest_medical_distance_m":5712.821112092053,"nearest_medical_access_class":"likely_public","nearest_hospital_name":"医療法人医誠会　東舞鶴医誠会病院","nearest_hospital_distance_m":6310.001256925062,"elderly_population_percentile":0.1923076923076923,"transport_distance_percentile":0.9965034965034965,"medical_distance_percentile":0.9545454545454546,"exploratory_score_c":0.1829245928896278,"pareto_frontier":true},"geometry":{"type":"Polygon","coordinates":[[[135.34375,35.5375],[135.35,35.5375],[135.35,35.54166666666667],[135.34375,35.54166666666667],[135.34375,35.5375]]]},"id":"533522474"},{"type":"Feature","properties":{"mesh_code":"533522572","area_label":"赤野バス停周辺","area_label_basis":"最寄りの実在公共交通名称（行政地名ではない）","rank":null,"population":50,"elderly_population":null,"elderly_ratio":null,"centroid_lat":35.54375,"centroid_lon":135.346875,"city_area_fraction":0.4354666578007468,"disclosure_status":"aggregation_destination","primary_eligible":false,"nearest_station_name":"丹後神崎駅","nearest_station_distance_m":6349.991124605748,"nearest_bus_stop_name":"赤野","nearest_bus_stop_distance_m":4582.341846839647,"nearest_public_transport_type":"bus_stop","nearest_public_transport_name":"赤野","nearest_public_transport_distance_m":4582.341846839647,"nearest_medical_name":"国土交通省共済組合海上保安学校診療所","nearest_medical_distance_m":6173.274551083413,"nearest_medical_access_class":"likely_public","nearest_hospital_name":"医療法人医誠会　東舞鶴医誠会病院","nearest_hospital_distance_m":6621.688487387426,"elderly_population_percentile":null,"transport_distance_percentile":null,"medical_distance_percentile":null,"exploratory_score_c":null,"pareto_frontier":null},"geometry":{"type":"Polygon","coordinates":[[[135.34375,35.541666666666664],[135.35,35.541666666666664],[135.35,35.545833333333334],[135.34375,35.545833333333334],[135.34375,35.541666666666664]]]},"id":"533522572"},{"type":"Feature","properties":{"mesh_code":"533522581","area_label":"おおしあま展望の里バス停周辺","area_label_basis":"最寄りの実在公共交通名称（行政地名ではない）","rank":null,"population":2,"elderly_population":null,"elderly_ratio":null,"centroid_lat":35.54375,"centroid_lon":135.353125,"city_area_fraction":0.8008892267748678,"disclosure_status":"suppressed_source","primary_eligible":false,"nearest_station_name":"丹後神崎駅","nearest_station_distance_m":6790.657459511291,"nearest_bus_stop_name":"おおしあま展望の里","nearest_bus_stop_distance_m":4019.4794842203564,"nearest_public_transport_type":"bus_stop","nearest_public_transport_name":"おおしあま展望の里","nearest_public_transport_distance_m":4019.4794842203564,"nearest_medical_name":"国土交通省共済組合海上保安学校診療所","nearest_medical_distance_m":6151.013319835258,"nearest_medical_access_class":"likely_public","nearest_hospital_name":"医療法人医誠会　東舞鶴医誠会病院","nearest_hospital_distance_m":6225.703357879093,"elderly_population_percentile":null,"transport_distance_percentile":null,"medical_distance_percentile":null,"exploratory_score_c":null,"pareto_frontier":null},"geometry":{"type":"Polygon","coordinates":[[[135.35,35.541666666666664],[135.35625,35.541666666666664],[135.35625,35.545833333333334],[135.35,35.545833333333334],[135.35,35.541666666666664]]]},"id":"533522581"},{"type":"Feature","properties":{"mesh_code":"533523012","area_label":"若浦中学校前バス停周辺","area_label_basis":"最寄りの実在公共交通名称（行政地名ではない）","rank":null,"population":466,"elderly_population":null,"elderly_ratio":null,"centroid_lat":35.50208333333333,"centroid_lon":135.396875,"city_area_fraction":0.9384137031608486,"disclosure_status":"aggregation_destination","primary_eligible":false,"nearest_station_name":"東舞鶴駅","nearest_station_distance_m":3720.7476380266953,"nearest_bus_stop_name":"若浦中学校前","nearest_bus_stop_distance_m":397.2083584772424,"nearest_public_transport_type":"bus_stop","nearest_public_transport_name":"若浦中学校前","nearest_public_transport_distance_m":397.2083584772424,"nearest_medical_name":"医療法人医誠会　東舞鶴医誠会病院","nearest_medical_distance_m":237.84942241853085,"nearest_medical_access_class":"likely_public","nearest_hospital_name":"医療法人医誠会　東舞鶴医誠会病院","nearest_hospital_distance_m":237.84942241853085,"elderly_population_percentile":null,"transport_distance_percentile":null,"medical_distance_percentile":null,"exploratory_score_c":null,"pareto_frontier":null},"geometry":{"type":"Polygon","coordinates":[[[135.39375,35.5],[135.4,35.5],[135.4,35.50416666666667],[135.39375,35.50416666666667],[135.39375,35.5]]]},"id":"533523012"},{"type":"Feature","properties":{"mesh_code":"533523014","area_label":"若浦中学校前バス停周辺","area_label_basis":"最寄りの実在公共交通名称（行政地名ではない）","rank":null,"population":4,"elderly_population":null,"elderly_ratio":null,"centroid_lat":35.50625,"centroid_lon":135.396875,"city_area_fraction":0.9999999999999998,"disclosure_status":"suppressed_source","primary_eligible":false,"nearest_station_name":"東舞鶴駅","nearest_station_distance_m":4182.488293519553,"nearest_bus_stop_name":"若浦中学校前","nearest_bus_stop_distance_m":163.8451011535893,"nearest_public_transport_type":"bus_stop","nearest_public_transport_name":"若浦中学校前","nearest_public_transport_distance_m":163.8451011535893,"nearest_medical_name":"医療法人医誠会　東舞鶴医誠会病院","nearest_medical_distance_m":491.9151048822456,"nearest_medical_access_class":"likely_public","nearest_hospital_name":"医療法人医誠会　東舞鶴医誠会病院","nearest_hospital_distance_m":491.9151048822456,"elderly_population_percentile":null,"transport_distance_percentile":null,"medical_distance_percentile":null,"exploratory_score_c":null,"pareto_frontier":null},"geometry":{"type":"Polygon","coordinates":[[[135.39375,35.50416666666667],[135.4,35.50416666666667],[135.4,35.50833333333334],[135.39375,35.50833333333334],[135.39375,35.50416666666667]]]},"id":"533523014"},{"type":"Feature","properties":{"mesh_code":"533523021","area_label":"大波下バス停周辺","area_label_basis":"最寄りの実在公共交通名称（行政地名ではない）","rank":200,"population":190,"elderly_population":78.0,"elderly_ratio":0.4105263157894737,"centroid_lat":35.50208333333333,"centroid_lon":135.403125,"city_area_fraction":0.9793786725381375,"disclosure_status":"unaffected","primary_eligible":true,"nearest_station_name":"東舞鶴駅","nearest_station_distance_m":3791.827907826462,"nearest_bus_stop_name":"大波下","nearest_bus_stop_distance_m":94.64881985489899,"nearest_public_transport_type":"bus_stop","nearest_public_transport_name":"大波下","nearest_public_transport_distance_m":94.64881985489899,"nearest_medical_name":"医療法人医誠会　東舞鶴医誠会病院","nearest_medical_distance_m":332.5414078800896,"nearest_medical_access_class":"likely_public","nearest_hospital_name":"医療法人医誠会　東舞鶴医誠会病院","nearest_hospital_distance_m":332.5414078800896,"elderly_population_percentile":0.6783216783216783,"transport_distance_percentile":0.0489510489510489,"medical_distance_percentile":0.1433566433566433,"exploratory_score_c":0.0047600939331586,"pareto_frontier":false},"geometry":{"type":"Polygon","coordinates":[[[135.4,35.5],[135.40625,35.5],[135.40625,35.50416666666667],[135.4,35.50416666666667],[135.4,35.5]]]},"id":"533523021"},{"type":"Feature","properties":{"mesh_code":"533523022","area_label":"久原口バス停周辺","area_label_basis":"最寄りの実在公共交通名称（行政地名ではない）","rank":207,"population":27,"elderly_population":11.0,"elderly_ratio":0.4074074074074074,"centroid_lat":35.50208333333333,"centroid_lon":135.409375,"city_area_fraction":1.0000000000000002,"disclosure_status":"unaffected","primary_eligible":true,"nearest_station_name":"東舞鶴駅","nearest_station_distance_m":3944.0102513687107,"nearest_bus_stop_name":"久原口","nearest_bus_stop_distance_m":65.9113472465246,"nearest_public_transport_type":"bus_stop","nearest_public_transport_name":"久原口","nearest_public_transport_distance_m":65.9113472465246,"nearest_medical_name":"医療法人医誠会　東舞鶴医誠会病院","nearest_medical_distance_m":898.6592840201365,"nearest_medical_access_class":"likely_public","nearest_hospital_name":"医療法人医誠会　東舞鶴医誠会病院","nearest_hospital_distance_m":898.6592840201365,"elderly_population_percentile":0.2587412587412587,"transport_distance_percentile":0.0314685314685314,"medical_distance_percentile":0.4195804195804196,"exploratory_score_c":0.0034163108152056,"pareto_frontier":false},"geometry":{"type":"Polygon","coordinates":[[[135.40625,35.5],[135.4125,35.5],[135.4125,35.50416666666667],[135.40625,35.50416666666667],[135.40625,35.5]]]},"id":"533523022"},{"type":"Feature","properties":{"mesh_code":"533523023","area_label":"若浦中学校前バス停周辺","area_label_basis":"最寄りの実在公共交通名称（行政地名ではない）","rank":140,"population":143,"elderly_population":34.0,"elderly_ratio":0.23776223776223776,"centroid_lat":35.50625,"centroid_lon":135.403125,"city_area_fraction":1.0,"disclosure_status":"unaffected","primary_eligible":true,"nearest_station_name":"東舞鶴駅","nearest_station_distance_m":4245.841950117102,"nearest_bus_stop_name":"若浦中学校前","nearest_bus_stop_distance_m":438.97362693582943,"nearest_public_transport_type":"bus_stop","nearest_public_transport_name":"若浦中学校前","nearest_public_transport_distance_m":438.97362693582943,"nearest_medical_name":"医療法人医誠会　東舞鶴医誠会病院","nearest_medical_distance_m":544.0486925355285,"nearest_medical_access_class":"likely_public","nearest_hospital_name":"医療法人医誠会　東舞鶴医誠会病院","nearest_hospital_distance_m":544.0486925355285,"elderly_population_percentile":0.5681818181818182,"transport_distance_percentile":0.4475524475524475,"medical_distance_percentile":0.2237762237762237,"exploratory_score_c":0.0569043162813029,"pareto_frontier":false},"geometry":{"type":"Polygon","coordinates":[[[135.4,35.50416666666667],[135.40625,35.50416666666667],[135.40625,35.50833333333334],[135.4,35.50833333333334],[135.4,35.50416666666667]]]},"id":"533523023"},{"type":"Feature","properties":{"mesh_code":"533523031","area_label":"大波上バス停周辺","area_label_basis":"最寄りの実在公共交通名称（行政地名ではない）","rank":120,"population":58,"elderly_population":31.0,"elderly_ratio":0.5344827586206896,"centroid_lat":35.50208333333333,"centroid_lon":135.415625,"city_area_fraction":1.0000000000000002,"disclosure_status":"unaffected","primary_eligible":true,"nearest_station_name":"松尾寺駅","nearest_station_distance_m":3616.9328010860654,"nearest_bus_stop_name":"大波上","nearest_bus_stop_distance_m":227.60145447164106,"nearest_public_transport_type":"bus_stop","nearest_public_transport_name":"大波上","nearest_public_transport_distance_m":227.60145447164106,"nearest_medical_name":"医療法人医誠会　東舞鶴医誠会病院","nearest_medical_distance_m":1465.464111208557,"nearest_medical_access_class":"likely_public","nearest_hospital_name":"医療法人医誠会　東舞鶴医誠会病院","nearest_hospital_distance_m":1465.464111208557,"elderly_population_percentile":0.548951048951049,"transport_distance_percentile":0.2447552447552447,"medical_distance_percentile":0.6118881118881119,"exploratory_score_c":0.0822124596514542,"pareto_frontier":false},"geometry":{"type":"Polygon","coordinates":[[[135.4125,35.5],[135.41875,35.5],[135.41875,35.50416666666667],[135.4125,35.50416666666667],[135.4125,35.5]]]},"id":"533523031"},{"type":"Feature","properties":{"mesh_code":"533523032","area_label":"大波上バス停周辺","area_label_basis":"最寄りの実在公共交通名称（行政地名ではない）","rank":37,"population":629,"elderly_population":110.0,"elderly_ratio":0.17488076311605724,"centroid_lat":35.50208333333333,"centroid_lon":135.421875,"city_area_fraction":1.0000000000000002,"disclosure_status":"unaffected","primary_eligible":true,"nearest_station_name":"松尾寺駅","nearest_station_distance_m":3136.477380939247,"nearest_bus_stop_name":"大波上","nearest_bus_stop_distance_m":411.1773727537705,"nearest_public_transport_type":"bus_stop","nearest_public_transport_name":"大波上","nearest_public_transport_distance_m":411.1773727537705,"nearest_medical_name":"養護老人ホーム安岡園","nearest_medical_distance_m":1956.506793087419,"nearest_medical_access_class":"likely_public","nearest_hospital_name":"医療法人医誠会　東舞鶴医誠会病院","nearest_hospital_distance_m":2032.3808733479023,"elderly_population_percentile":0.7622377622377622,"transport_distance_percentile":0.43006993006993,"medical_distance_percentile":0.6923076923076923,"exploratory_score_c":0.2269492207630991,"pareto_frontier":true},"geometry":{"type":"Polygon","coordinates":[[[135.41875,35.5],[135.425,35.5],[135.425,35.50416666666667],[135.41875,35.50416666666667],[135.41875,35.5]]]},"id":"533523032"},{"type":"Feature","properties":{"mesh_code":"533523033","area_label":"大波上バス停周辺","area_label_basis":"最寄りの実在公共交通名称（行政地名ではない）","rank":null,"population":6,"elderly_population":null,"elderly_ratio":null,"centroid_lat":35.50625,"centroid_lon":135.415625,"city_area_fraction":1.0,"disclosure_status":"suppressed_source","primary_eligible":false,"nearest_station_name":"松尾寺駅","nearest_station_distance_m":3866.228908866884,"nearest_bus_stop_name":"大波上","nearest_bus_stop_distance_m":369.89041094287865,"nearest_public_transport_type":"bus_stop","nearest_public_transport_name":"大波上","nearest_public_transport_distance_m":369.89041094287865,"nearest_medical_name":"医療法人医誠会　東舞鶴医誠会病院","nearest_medical_distance_m":1527.3783948098198,"nearest_medical_access_class":"likely_public","nearest_hospital_name":"医療法人医誠会　東舞鶴医誠会病院","nearest_hospital_distance_m":1527.3783948098198,"elderly_population_percentile":null,"transport_distance_percentile":null,"medical_distance_percentile":null,"exploratory_score_c":null,"pareto_frontier":null},"geometry":{"type":"Polygon","coordinates":[[[135.4125,35.50416666666667],[135.41875,35.50416666666667],[135.41875,35.50833333333334],[135.4125,35.50833333333334],[135.4125,35.50416666666667]]]},"id":"533523033"},{"type":"Feature","properties":{"mesh_code":"533523034","area_label":"大波上バス停周辺","area_label_basis":"最寄りの実在公共交通名称（行政地名ではない）","rank":null,"population":40,"elderly_population":null,"elderly_ratio":null,"centroid_lat":35.50625,"centroid_lon":135.421875,"city_area_fraction":1.0,"disclosure_status":"aggregation_destination","primary_eligible":false,"nearest_station_name":"松尾寺駅","nearest_station_distance_m":3420.9910362181945,"nearest_bus_stop_name":"大波上","nearest_bus_stop_distance_m":504.0607169503764,"nearest_public_transport_type":"bus_stop","nearest_public_transport_name":"大波上","nearest_public_transport_distance_m":504.0607169503764,"nearest_medical_name":"医療法人医誠会　東舞鶴医誠会病院","nearest_medical_distance_m":2077.442936161178,"nearest_medical_access_class":"likely_public","nearest_hospital_name":"医療法人医誠会　東舞鶴医誠会病院","nearest_hospital_distance_m":2077.442936161178,"elderly_population_percentile":null,"transport_distance_percentile":null,"medical_distance_percentile":null,"exploratory_score_c":null,"pareto_frontier":null},"geometry":{"type":"Polygon","coordinates":[[[135.41875,35.50416666666667],[135.425,35.50416666666667],[135.425,35.50833333333334],[135.41875,35.50833333333334],[135.41875,35.50416666666667]]]},"id":"533523034"},{"type":"Feature","properties":{"mesh_code":"533523041","area_label":"中宮バス停周辺","area_label_basis":"最寄りの実在公共交通名称（行政地名ではない）","rank":99,"population":324,"elderly_population":148.0,"elderly_ratio":0.4567901234567901,"centroid_lat":35.50208333333333,"centroid_lon":135.428125,"city_area_fraction":0.9999999999999999,"disclosure_status":"unaffected","primary_eligible":true,"nearest_station_name":"松尾寺駅","nearest_station_distance_m":2689.963055493368,"nearest_bus_stop_name":"中宮","nearest_bus_stop_distance_m":201.18092358450718,"nearest_public_transport_type":"bus_stop","nearest_public_transport_name":"中宮","nearest_public_transport_distance_m":201.18092358450718,"nearest_medical_name":"養護老人ホーム安岡園","nearest_medical_distance_m":1557.7399594126932,"nearest_medical_access_class":"likely_public","nearest_hospital_name":"医療法人医誠会　東舞鶴医誠会病院","nearest_hospital_distance_m":2599.3360603749293,"elderly_population_percentile":0.8216783216783217,"transport_distance_percentile":0.1993006993006993,"medical_distance_percentile":0.6363636363636364,"exploratory_score_c":0.1042115862522728,"pareto_frontier":false},"geometry":{"type":"Polygon","coordinates":[[[135.425,35.5],[135.43125,35.5],[135.43125,35.50416666666667],[135.425,35.50416666666667],[135.425,35.5]]]},"id":"533523041"},{"type":"Feature","properties":{"mesh_code":"533523042","area_label":"朝来中バス停周辺","area_label_basis":"最寄りの実在公共交通名称（行政地名ではない）","rank":107,"population":73,"elderly_population":25.0,"elderly_ratio":0.3424657534246575,"centroid_lat":35.50208333333333,"centroid_lon":135.434375,"city_area_fraction":0.9999999999999998,"disclosure_status":"unaffected","primary_eligible":true,"nearest_station_name":"松尾寺駅","nearest_station_distance_m":2297.2666600922835,"nearest_bus_stop_name":"朝来中","nearest_bus_stop_distance_m":334.4657665520449,"nearest_public_transport_type":"bus_stop","nearest_public_transport_name":"朝来中","nearest_public_transport_distance_m":334.4657665520449,"nearest_medical_name":"養護老人ホーム安岡園","nearest_medical_distance_m":1291.6152811441746,"nearest_medical_access_class":"likely_public","nearest_hospital_name":"医療法人医誠会　東舞鶴医誠会病院","nearest_hospital_distance_m":3166.3088110569533,"elderly_population_percentile":0.4842657342657342,"transport_distance_percentile":0.3636363636363636,"medical_distance_percentile":0.5559440559440559,"exploratory_score_c":0.0978998750772431,"pareto_frontier":false},"geometry":{"type":"Polygon","coordinates":[[[135.43125,35.5],[135.4375,35.5],[135.4375,35.50416666666667],[135.43125,35.50416666666667],[135.43125,35.5]]]},"id":"533523042"},{"type":"Feature","properties":{"mesh_code":"533523051","area_label":"国立高専前バス停周辺","area_label_basis":"最寄りの実在公共交通名称（行政地名ではない）","rank":null,"population":2,"elderly_population":null,"elderly_ratio":null,"centroid_lat":35.50208333333333,"centroid_lon":135.440625,"city_area_fraction":1.0,"disclosure_status":"suppressed_source","primary_eligible":false,"nearest_station_name":"松尾寺駅","nearest_station_distance_m":1990.49932568901,"nearest_bus_stop_name":"国立高専前","nearest_bus_stop_distance_m":838.5406240328064,"nearest_public_transport_type":"bus_stop","nearest_public_transport_name":"国立高専前","nearest_public_transport_distance_m":838.5406240328064,"nearest_medical_name":"養護老人ホーム安岡園","nearest_medical_distance_m":1246.2207660311653,"nearest_medical_access_class":"likely_public","nearest_hospital_name":"医療法人医誠会　東舞鶴医誠会病院","nearest_hospital_distance_m":3733.290938745989,"elderly_population_percentile":null,"transport_distance_percentile":null,"medical_distance_percentile":null,"exploratory_score_c":null,"pareto_frontier":null},"geometry":{"type":"Polygon","coordinates":[[[135.4375,35.5],[135.44375,35.5],[135.44375,35.50416666666667],[135.4375,35.50416666666667],[135.4375,35.5]]]},"id":"533523051"},{"type":"Feature","properties":{"mesh_code":"533523053","area_label":"朝来中バス停周辺","area_label_basis":"最寄りの実在公共交通名称（行政地名ではない）","rank":null,"population":18,"elderly_population":5.0,"elderly_ratio":0.2777777777777778,"centroid_lat":35.50625,"centroid_lon":135.440625,"city_area_fraction":1.0,"disclosure_status":"unaffected","primary_eligible":false,"nearest_station_name":"松尾寺駅","nearest_station_distance_m":2414.1409058307468,"nearest_bus_stop_name":"朝来中","nearest_bus_stop_distance_m":1066.0126298956382,"nearest_public_transport_type":"bus_stop","nearest_public_transport_name":"朝来中","nearest_public_transport_distance_m":1066.0126298956382,"nearest_medical_name":"養護老人ホーム安岡園","nearest_medical_distance_m":1704.863117981552,"nearest_medical_access_class":"likely_public","nearest_hospital_name":"医療法人医誠会　東舞鶴医誠会病院","nearest_hospital_distance_m":3757.9451075605575,"elderly_population_percentile":0.0646853146853146,"transport_distance_percentile":0.7132867132867133,"medical_distance_percentile":0.6678321678321678,"exploratory_score_c":0.0308132256027018,"pareto_frontier":false},"geometry":{"type":"Polygon","coordinates":[[[135.4375,35.50416666666667],[135.44375,35.50416666666667],[135.44375,35.50833333333334],[135.4375,35.50833333333334],[135.4375,35.50416666666667]]]},"id":"533523053"},{"type":"Feature","properties":{"mesh_code":"533523054","area_label":"国立高専前バス停周辺","area_label_basis":"最寄りの実在公共交通名称（行政地名ではない）","rank":null,"population":38,"elderly_population":null,"elderly_ratio":null,"centroid_lat":35.50625,"centroid_lon":135.446875,"city_area_fraction":0.9999999999999998,"disclosure_status":"aggregation_destination","primary_eligible":false,"nearest_station_name":"松尾寺駅","nearest_station_distance_m":2270.6568183849845,"nearest_bus_stop_name":"国立高専前","nearest_bus_stop_distance_m":1498.2598182560373,"nearest_public_transport_type":"bus_stop","nearest_public_transport_name":"国立高専前","nearest_public_transport_distance_m":1498.2598182560373,"nearest_medical_name":"養護老人ホーム安岡園","nearest_medical_distance_m":1853.2147011700663,"nearest_medical_access_class":"likely_public","nearest_hospital_name":"医療法人医誠会　東舞鶴医誠会病院","nearest_hospital_distance_m":4321.672203351462,"elderly_population_percentile":null,"transport_distance_percentile":null,"medical_distance_percentile":null,"exploratory_score_c":null,"pareto_frontier":null},"geometry":{"type":"Polygon","coordinates":[[[135.44375,35.50416666666667],[135.45,35.50416666666667],[135.45,35.50833333333334],[135.44375,35.50833333333334],[135.44375,35.50416666666667]]]},"id":"533523054"},{"type":"Feature","properties":{"mesh_code":"533523063","area_label":"国立高専前バス停周辺","area_label_basis":"最寄りの実在公共交通名称（行政地名ではない）","rank":78,"population":23,"elderly_population":10.0,"elderly_ratio":0.43478260869565216,"centroid_lat":35.50625,"centroid_lon":135.453125,"city_area_fraction":1.0000000000000002,"disclosure_status":"unaffected","primary_eligible":true,"nearest_station_name":"松尾寺駅","nearest_station_distance_m":2264.2378638578234,"nearest_bus_stop_name":"国立高専前","nearest_bus_stop_distance_m":1862.8648580895162,"nearest_public_transport_type":"bus_stop","nearest_public_transport_name":"国立高専前","nearest_public_transport_distance_m":1862.8648580895162,"nearest_medical_name":"養護老人ホーム安岡園","nearest_medical_distance_m":2145.9951484323424,"nearest_medical_access_class":"likely_public","nearest_hospital_name":"医療法人医誠会　東舞鶴医誠会病院","nearest_hospital_distance_m":4886.153920844123,"elderly_population_percentile":0.2272727272727272,"transport_distance_percentile":0.8531468531468531,"medical_distance_percentile":0.7237762237762237,"exploratory_score_c":0.1403380472039086,"pareto_frontier":false},"geometry":{"type":"Polygon","coordinates":[[[135.45,35.50416666666667],[135.45625,35.50416666666667],[135.45625,35.50833333333334],[135.45,35.50833333333334],[135.45,35.50416666666667]]]},"id":"533523063"},{"type":"Feature","properties":{"mesh_code":"533523064","area_label":"吉坂バス停周辺","area_label_basis":"最寄りの実在公共交通名称（行政地名ではない）","rank":null,"population":18,"elderly_population":null,"elderly_ratio":null,"centroid_lat":35.50625,"centroid_lon":135.459375,"city_area_fraction":0.9999999999999999,"disclosure_status":"aggregation_destination","primary_eligible":false,"nearest_station_name":"松尾寺駅","nearest_station_distance_m":2395.9856260041806,"nearest_bus_stop_name":"吉坂","nearest_bus_stop_distance_m":2254.9965188404626,"nearest_public_transport_type":"bus_stop","nearest_public_transport_name":"吉坂","nearest_public_transport_distance_m":2254.9965188404626,"nearest_medical_name":"養護老人ホーム安岡園","nearest_medical_distance_m":2533.6195958110893,"nearest_medical_access_class":"likely_public","nearest_hospital_name":"医療法人医誠会　東舞鶴医誠会病院","nearest_hospital_distance_m":5451.155714345836,"elderly_population_percentile":null,"transport_distance_percentile":null,"medical_distance_percentile":null,"exploratory_score_c":null,"pareto_frontier":null},"geometry":{"type":"Polygon","coordinates":[[[135.45625,35.50416666666667],[135.4625,35.50416666666667],[135.4625,35.50833333333334],[135.45625,35.50833333333334],[135.45625,35.50416666666667]]]},"id":"533523064"},{"type":"Feature","properties":{"mesh_code":"533523073","area_label":"松尾寺口バス停周辺","area_label_basis":"最寄りの実在公共交通名称（行政地名ではない）","rank":null,"population":13,"elderly_population":9.0,"elderly_ratio":0.6923076923076923,"centroid_lat":35.50625,"centroid_lon":135.465625,"city_area_fraction":0.9999999999999999,"disclosure_status":"unaffected","primary_eligible":false,"nearest_station_name":"松尾寺駅","nearest_station_distance_m":2645.33610481343,"nearest_bus_stop_name":"松尾寺口","nearest_bus_stop_distance_m":2286.072504065643,"nearest_public_transport_type":"bus_stop","nearest_public_transport_name":"松尾寺口","nearest_public_transport_distance_m":2286.072504065643,"nearest_medical_name":"養護老人ホーム安岡園","nearest_medical_distance_m":2979.2956623818745,"nearest_medical_access_class":"likely_public","nearest_hospital_name":"医療法人医誠会　東舞鶴医誠会病院","nearest_hospital_distance_m":6016.530958833748,"elderly_population_percentile":0.1923076923076923,"transport_distance_percentile":0.902097902097902,"medical_distance_percentile":0.8426573426573427,"exploratory_score_c":0.1461845040381888,"pareto_frontier":false},"geometry":{"type":"Polygon","coordinates":[[[135.4625,35.50416666666667],[135.46875,35.50416666666667],[135.46875,35.50833333333334],[135.4625,35.50833333333334],[135.4625,35.50416666666667]]]},"id":"533523073"},{"type":"Feature","properties":{"mesh_code":"533523102","area_label":"平バス停周辺","area_label_basis":"最寄りの実在公共交通名称（行政地名ではない）","rank":null,"population":2,"elderly_population":null,"elderly_ratio":null,"centroid_lat":35.51041666666667,"centroid_lon":135.384375,"city_area_fraction":0.5141211055991282,"disclosure_status":"suppressed_source","primary_eligible":false,"nearest_station_name":"東舞鶴駅","nearest_station_distance_m":4736.195932588591,"nearest_bus_stop_name":"平","nearest_bus_stop_distance_m":821.6155997548613,"nearest_public_transport_type":"bus_stop","nearest_public_transport_name":"平","nearest_public_transport_distance_m":821.6155997548613,"nearest_medical_name":"医療法人医誠会　東舞鶴医誠会病院","nearest_medical_distance_m":1635.7068595814837,"nearest_medical_access_class":"likely_public","nearest_hospital_name":"医療法人医誠会　東舞鶴医誠会病院","nearest_hospital_distance_m":1635.7068595814837,"elderly_population_percentile":null,"transport_distance_percentile":null,"medical_distance_percentile":null,"exploratory_score_c":null,"pareto_frontier":null},"geometry":{"type":"Polygon","coordinates":[[[135.38125,35.50833333333333],[135.3875,35.50833333333333],[135.3875,35.5125],[135.38125,35.5125],[135.38125,35.50833333333333]]]},"id":"533523102"},{"type":"Feature","properties":{"mesh_code":"533523104","area_label":"平バス停周辺","area_label_basis":"最寄りの実在公共交通名称（行政地名ではない）","rank":null,"population":100,"elderly_population":null,"elderly_ratio":null,"centroid_lat":35.514583333333334,"centroid_lon":135.384375,"city_area_fraction":0.9396143227185755,"disclosure_status":"aggregation_destination","primary_eligible":false,"nearest_station_name":"東舞鶴駅","nearest_station_distance_m":5189.943215869089,"nearest_bus_stop_name":"平","nearest_bus_stop_distance_m":495.04466719107614,"nearest_public_transport_type":"bus_stop","nearest_public_transport_name":"平","nearest_public_transport_distance_m":495.04466719107614,"nearest_medical_name":"医療法人医誠会　東舞鶴医誠会病院","nearest_medical_distance_m":1927.5887084408564,"nearest_medical_access_class":"likely_public","nearest_hospital_name":"医療法人医誠会　東舞鶴医誠会病院","nearest_hospital_distance_m":1927.5887084408564,"elderly_population_percentile":null,"transport_distance_percentile":null,"medical_distance_percentile":null,"exploratory_score_c":null,"pareto_frontier":null},"geometry":{"type":"Polygon","coordinates":[[[135.38125,35.5125],[135.3875,35.5125],[135.3875,35.51666666666667],[135.38125,35.51666666666667],[135.38125,35.5125]]]},"id":"533523104"},{"type":"Feature","properties":{"mesh_code":"533523113","area_label":"平バス停周辺","area_label_basis":"最寄りの実在公共交通名称（行政地名ではない）","rank":130,"population":54,"elderly_population":16.0,"elderly_ratio":0.2962962962962963,"centroid_lat":35.514583333333334,"centroid_lon":135.390625,"city_area_fraction":0.12551320344471006,"disclosure_status":"unaffected","primary_eligible":true,"nearest_station_name":"東舞鶴駅","nearest_station_distance_m":5116.940983495857,"nearest_bus_stop_name":"平","nearest_bus_stop_distance_m":267.9445889309561,"nearest_public_transport_type":"bus_stop","nearest_public_transport_name":"平","nearest_public_transport_distance_m":267.9445889309561,"nearest_medical_name":"医療法人医誠会　東舞鶴医誠会病院","nearest_medical_distance_m":1576.0102112511838,"nearest_medical_access_class":"likely_public","nearest_hospital_name":"医療法人医誠会　東舞鶴医誠会病院","nearest_hospital_distance_m":1576.0102112511838,"elderly_population_percentile":0.3636363636363636,"transport_distance_percentile":0.2867132867132867,"medical_distance_percentile":0.6433566433566433,"exploratory_score_c":0.0670759628165858,"pareto_frontier":false},"geometry":{"type":"Polygon","coordinates":[[[135.3875,35.5125],[135.39375,35.5125],[135.39375,35.51666666666667],[135.3875,35.51666666666667],[135.3875,35.5125]]]},"id":"533523113"},{"type":"Feature","properties":{"mesh_code":"533523114","area_label":"大浦小学校前バス停周辺","area_label_basis":"最寄りの実在公共交通名称（行政地名ではない）","rank":null,"population":36,"elderly_population":2.0,"elderly_ratio":0.05555555555555555,"centroid_lat":35.514583333333334,"centroid_lon":135.396875,"city_area_fraction":0.5970845710703085,"disclosure_status":"unaffected","primary_eligible":false,"nearest_station_name":"東舞鶴駅","nearest_station_distance_m":5106.253510606534,"nearest_bus_stop_name":"大浦小学校前","nearest_bus_stop_distance_m":318.49579341660194,"nearest_public_transport_type":"bus_stop","nearest_public_transport_name":"大浦小学校前","nearest_public_transport_distance_m":318.49579341660194,"nearest_medical_name":"医療法人医誠会　東舞鶴医誠会病院","nearest_medical_distance_m":1376.5590225719407,"nearest_medical_access_class":"likely_public","nearest_hospital_name":"医療法人医誠会　東舞鶴医誠会病院","nearest_hospital_distance_m":1376.5590225719407,"elderly_population_percentile":0.0314685314685314,"transport_distance_percentile":0.3461538461538461,"medical_distance_percentile":0.5804195804195804,"exploratory_score_c":0.0063224833262487,"pareto_frontier":false},"geometry":{"type":"Polygon","coordinates":[[[135.39375,35.5125],[135.4,35.5125],[135.4,35.51666666666667],[135.39375,35.51666666666667],[135.39375,35.5125]]]},"id":"533523114"},{"type":"Feature","properties":{"mesh_code":"533523123","area_label":"平口バス停周辺","area_label_basis":"最寄りの実在公共交通名称（行政地名ではない）","rank":182,"population":39,"elderly_population":19.0,"elderly_ratio":0.48717948717948717,"centroid_lat":35.514583333333334,"centroid_lon":135.403125,"city_area_fraction":1.0000000000000002,"disclosure_status":"unaffected","primary_eligible":true,"nearest_station_name":"東舞鶴駅","nearest_station_distance_m":5158.267999932099,"nearest_bus_stop_name":"平口","nearest_bus_stop_distance_m":130.83063111255427,"nearest_public_transport_type":"bus_stop","nearest_public_transport_name":"平口","nearest_public_transport_distance_m":130.83063111255427,"nearest_medical_name":"医療法人医誠会　東舞鶴医誠会病院","nearest_medical_distance_m":1396.0359647953164,"nearest_medical_access_class":"likely_public","nearest_hospital_name":"医療法人医誠会　東舞鶴医誠会病院","nearest_hospital_distance_m":1396.0359647953164,"elderly_population_percentile":0.3986013986013986,"transport_distance_percentile":0.0839160839160839,"medical_distance_percentile":0.5874125874125874,"exploratory_score_c":0.0196484038236691,"pareto_frontier":false},"geometry":{"type":"Polygon","coordinates":[[[135.4,35.5125],[135.40625,35.5125],[135.40625,35.51666666666667],[135.4,35.51666666666667],[135.4,35.5125]]]},"id":"533523123"},{"type":"Feature","properties":{"mesh_code":"533523152","area_label":"朝来中バス停周辺","area_label_basis":"最寄りの実在公共交通名称（行政地名ではない）","rank":null,"population":6,"elderly_population":null,"elderly_ratio":null,"centroid_lat":35.51041666666667,"centroid_lon":135.446875,"city_area_fraction":0.9999999999999999,"disclosure_status":"suppressed_source","primary_eligible":false,"nearest_station_name":"松尾寺駅","nearest_station_distance_m":2729.3356412599333,"nearest_bus_stop_name":"朝来中","nearest_bus_stop_distance_m":1797.5374288629753,"nearest_public_transport_type":"bus_stop","nearest_public_transport_name":"朝来中","nearest_public_transport_distance_m":1797.5374288629753,"nearest_medical_name":"養護老人ホーム安岡園","nearest_medical_distance_m":2283.6893988922575,"nearest_medical_access_class":"likely_public","nearest_hospital_name":"医療法人医誠会　東舞鶴医誠会病院","nearest_hospital_distance_m":4391.887431601428,"elderly_population_percentile":null,"transport_distance_percentile":null,"medical_distance_percentile":null,"exploratory_score_c":null,"pareto_frontier":null},"geometry":{"type":"Polygon","coordinates":[[[135.44375,35.50833333333333],[135.45,35.50833333333333],[135.45,35.5125],[135.44375,35.5125],[135.44375,35.50833333333333]]]},"id":"533523152"},{"type":"Feature","properties":{"mesh_code":"533523162","area_label":"国立高専前バス停周辺","area_label_basis":"最寄りの実在公共交通名称（行政地名ではない）","rank":null,"population":4,"elderly_population":null,"elderly_ratio":null,"centroid_lat":35.51041666666667,"centroid_lon":135.459375,"city_area_fraction":0.9999999999999999,"disclosure_status":"suppressed_source","primary_eligible":false,"nearest_station_name":"松尾寺駅","nearest_station_distance_m":2834.449573297749,"nearest_bus_stop_name":"国立高専前","nearest_bus_stop_distance_m":2593.2795388205564,"nearest_public_transport_type":"bus_stop","nearest_public_transport_name":"国立高専前","nearest_public_transport_distance_m":2593.2795388205564,"nearest_medical_name":"養護老人ホーム安岡園","nearest_medical_distance_m":2863.547474114138,"nearest_medical_access_class":"likely_public","nearest_hospital_name":"医療法人医誠会　東舞鶴医誠会病院","nearest_hospital_distance_m":5506.936727962158,"elderly_population_percentile":null,"transport_distance_percentile":null,"medical_distance_percentile":null,"exploratory_score_c":null,"pareto_frontier":null},"geometry":{"type":"Polygon","coordinates":[[[135.45625,35.50833333333333],[135.4625,35.50833333333333],[135.4625,35.5125],[135.45625,35.5125],[135.45625,35.50833333333333]]]},"id":"533523162"},{"type":"Feature","properties":{"mesh_code":"533523202","area_label":"平バス停周辺","area_label_basis":"最寄りの実在公共交通名称（行政地名ではない）","rank":null,"population":13,"elderly_population":null,"elderly_ratio":null,"centroid_lat":35.51875,"centroid_lon":135.384375,"city_area_fraction":1.0000000000000002,"disclosure_status":"suppressed_source","primary_eligible":false,"nearest_station_name":"東舞鶴駅","nearest_station_distance_m":5645.072779389209,"nearest_bus_stop_name":"平","nearest_bus_stop_distance_m":492.40286866011337,"nearest_public_transport_type":"bus_stop","nearest_public_transport_name":"平","nearest_public_transport_distance_m":492.40286866011337,"nearest_medical_name":"医療法人医誠会　東舞鶴医誠会病院","nearest_medical_distance_m":2276.6278404138766,"nearest_medical_access_class":"likely_public","nearest_hospital_name":"医療法人医誠会　東舞鶴医誠会病院","nearest_hospital_distance_m":2276.6278404138766,"elderly_population_percentile":null,"transport_distance_percentile":null,"medical_distance_percentile":null,"exploratory_score_c":null,"pareto_frontier":null},"geometry":{"type":"Polygon","coordinates":[[[135.38125,35.516666666666666],[135.3875,35.516666666666666],[135.3875,35.520833333333336],[135.38125,35.520833333333336],[135.38125,35.516666666666666]]]},"id":"533523202"},{"type":"Feature","properties":{"mesh_code":"533523211","area_label":"平バス停周辺","area_label_basis":"最寄りの実在公共交通名称（行政地名ではない）","rank":null,"population":55,"elderly_population":null,"elderly_ratio":null,"centroid_lat":35.51875,"centroid_lon":135.390625,"city_area_fraction":0.9397615252879992,"disclosure_status":"aggregation_destination","primary_eligible":false,"nearest_station_name":"東舞鶴駅","nearest_station_distance_m":5578.033361757685,"nearest_bus_stop_name":"平","nearest_bus_stop_distance_m":263.04870549255963,"nearest_public_transport_type":"bus_stop","nearest_public_transport_name":"平","nearest_public_transport_distance_m":263.04870549255963,"nearest_medical_name":"医療法人医誠会　東舞鶴医誠会病院","nearest_medical_distance_m":1987.7894244651432,"nearest_medical_access_class":"likely_public","nearest_hospital_name":"医療法人医誠会　東舞鶴医誠会病院","nearest_hospital_distance_m":1987.7894244651432,"elderly_population_percentile":null,"transport_distance_percentile":null,"medical_distance_percentile":null,"exploratory_score_c":null,"pareto_frontier":null},"geometry":{"type":"Polygon","coordinates":[[[135.3875,35.516666666666666],[135.39375,35.516666666666666],[135.39375,35.520833333333336],[135.3875,35.520833333333336],[135.3875,35.516666666666666]]]},"id":"533523211"},{"type":"Feature","properties":{"mesh_code":"533523212","area_label":"大浦小学校前バス停周辺","area_label_basis":"最寄りの実在公共交通名称（行政地名ではない）","rank":null,"population":7,"elderly_population":null,"elderly_ratio":null,"centroid_lat":35.51875,"centroid_lon":135.396875,"city_area_fraction":0.9778989862760615,"disclosure_status":"suppressed_source","primary_eligible":false,"nearest_station_name":"東舞鶴駅","nearest_station_distance_m":5568.231131100782,"nearest_bus_stop_name":"大浦小学校前","nearest_bus_stop_distance_m":169.00886712735576,"nearest_public_transport_type":"bus_stop","nearest_public_transport_name":"大浦小学校前","nearest_public_transport_distance_m":169.00886712735576,"nearest_medical_name":"医療法人医誠会　東舞鶴医誠会病院","nearest_medical_distance_m":1833.696446283766,"nearest_medical_access_class":"likely_public","nearest_hospital_name":"医療法人医誠会　東舞鶴医誠会病院","nearest_hospital_distance_m":1833.696446283766,"elderly_population_percentile":null,"transport_distance_percentile":null,"medical_distance_percentile":null,"exploratory_score_c":null,"pareto_frontier":null},"geometry":{"type":"Polygon","coordinates":[[[135.39375,35.516666666666666],[135.4,35.516666666666666],[135.4,35.520833333333336],[135.39375,35.520833333333336],[135.39375,35.516666666666666]]]},"id":"533523212"},{"type":"Feature","properties":{"mesh_code":"533523213","area_label":"赤野バス停周辺","area_label_basis":"最寄りの実在公共交通名称（行政地名ではない）","rank":null,"population":53,"elderly_population":null,"elderly_ratio":null,"centroid_lat":35.522916666666674,"centroid_lon":135.390625,"city_area_fraction":0.9999999999999999,"disclosure_status":"aggregation_destination","primary_eligible":false,"nearest_station_name":"東舞鶴駅","nearest_station_distance_m":6039.305036614464,"nearest_bus_stop_name":"赤野","nearest_bus_stop_distance_m":122.65750109939908,"nearest_public_transport_type":"bus_stop","nearest_public_transport_name":"赤野","nearest_public_transport_distance_m":122.65750109939908,"nearest_medical_name":"医療法人医誠会　東舞鶴医誠会病院","nearest_medical_distance_m":2417.8876648808537,"nearest_medical_access_class":"likely_public","nearest_hospital_name":"医療法人医誠会　東舞鶴医誠会病院","nearest_hospital_distance_m":2417.8876648808537,"elderly_population_percentile":null,"transport_distance_percentile":null,"medical_distance_percentile":null,"exploratory_score_c":null,"pareto_frontier":null},"geometry":{"type":"Polygon","coordinates":[[[135.3875,35.520833333333336],[135.39375,35.520833333333336],[135.39375,35.525],[135.3875,35.525],[135.3875,35.520833333333336]]]},"id":"533523213"},{"type":"Feature","properties":{"mesh_code":"533523214","area_label":"大浦小学校前バス停周辺","area_label_basis":"最寄りの実在公共交通名称（行政地名ではない）","rank":null,"population":26,"elderly_population":9.0,"elderly_ratio":0.34615384615384615,"centroid_lat":35.522916666666674,"centroid_lon":135.396875,"city_area_fraction":1.0,"disclosure_status":"unaffected","primary_eligible":false,"nearest_station_name":"東舞鶴駅","nearest_station_distance_m":6030.252780868427,"nearest_bus_stop_name":"大浦小学校前","nearest_bus_stop_distance_m":618.9204199755819,"nearest_public_transport_type":"bus_stop","nearest_public_transport_name":"大浦小学校前","nearest_public_transport_distance_m":618.9204199755819,"nearest_medical_name":"医療法人医誠会　東舞鶴医誠会病院","nearest_medical_distance_m":2292.8902286410644,"nearest_medical_access_class":"likely_public","nearest_hospital_name":"医療法人医誠会　東舞鶴医誠会病院","nearest_hospital_distance_m":2292.8902286410644,"elderly_population_percentile":0.1923076923076923,"transport_distance_percentile":0.5944055944055944,"medical_distance_percentile":0.7377622377622378,"exploratory_score_c":0.08433269258982,"pareto_frontier":false},"geometry":{"type":"Polygon","coordinates":[[[135.39375,35.520833333333336],[135.4,35.520833333333336],[135.4,35.525],[135.39375,35.525],[135.39375,35.520833333333336]]]},"id":"533523214"},{"type":"Feature","properties":{"mesh_code":"533523221","area_label":"河辺中バス停周辺","area_label_basis":"最寄りの実在公共交通名称（行政地名ではない）","rank":null,"population":4,"elderly_population":null,"elderly_ratio":null,"centroid_lat":35.51875,"centroid_lon":135.403125,"city_area_fraction":1.0000000000000002,"disclosure_status":"suppressed_source","primary_eligible":false,"nearest_station_name":"松尾寺駅","nearest_station_distance_m":5614.765808319886,"nearest_bus_stop_name":"河辺中","nearest_bus_stop_distance_m":366.6262563863652,"nearest_public_transport_type":"bus_stop","nearest_public_transport_name":"河辺中","nearest_public_transport_distance_m":366.6262563863652,"nearest_medical_name":"医療法人医誠会　東舞鶴医誠会病院","nearest_medical_distance_m":1848.3615510425213,"nearest_medical_access_class":"likely_public","nearest_hospital_name":"医療法人医誠会　東舞鶴医誠会病院","nearest_hospital_distance_m":1848.3615510425213,"elderly_population_percentile":null,"transport_distance_percentile":null,"medical_distance_percentile":null,"exploratory_score_c":null,"pareto_frontier":null},"geometry":{"type":"Polygon","coordinates":[[[135.4,35.516666666666666],[135.40625,35.516666666666666],[135.40625,35.520833333333336],[135.4,35.520833333333336],[135.4,35.516666666666666]]]},"id":"533523221"},{"type":"Feature","properties":{"mesh_code":"533523223","area_label":"河辺中バス停周辺","area_label_basis":"最寄りの実在公共交通名称（行政地名ではない）","rank":null,"population":40,"elderly_population":null,"elderly_ratio":null,"centroid_lat":35.522916666666674,"centroid_lon":135.403125,"city_area_fraction":0.9999999999999999,"disclosure_status":"aggregation_destination","primary_eligible":false,"nearest_station_name":"松尾寺駅","nearest_station_distance_m":5924.539960942015,"nearest_bus_stop_name":"河辺中","nearest_bus_stop_distance_m":318.60318959881096,"nearest_public_transport_type":"bus_stop","nearest_public_transport_name":"河辺中","nearest_public_transport_distance_m":318.60318959881096,"nearest_medical_name":"医療法人医誠会　東舞鶴医誠会病院","nearest_medical_distance_m":2304.634273759414,"nearest_medical_access_class":"likely_public","nearest_hospital_name":"医療法人医誠会　東舞鶴医誠会病院","nearest_hospital_distance_m":2304.634273759414,"elderly_population_percentile":null,"transport_distance_percentile":null,"medical_distance_percentile":null,"exploratory_score_c":null,"pareto_frontier":null},"geometry":{"type":"Polygon","coordinates":[[[135.4,35.520833333333336],[135.40625,35.520833333333336],[135.40625,35.525],[135.4,35.525],[135.4,35.520833333333336]]]},"id":"533523223"},{"type":"Feature","properties":{"mesh_code":"533523224","area_label":"西屋バス停周辺","area_label_basis":"最寄りの実在公共交通名称（行政地名ではない）","rank":142,"population":24,"elderly_population":15.0,"elderly_ratio":0.625,"centroid_lat":35.522916666666674,"centroid_lon":135.409375,"city_area_fraction":1.0,"disclosure_status":"unaffected","primary_eligible":true,"nearest_station_name":"松尾寺駅","nearest_station_distance_m":5529.047862389808,"nearest_bus_stop_name":"西屋","nearest_bus_stop_distance_m":204.79261657023585,"nearest_public_transport_type":"bus_stop","nearest_public_transport_name":"西屋","nearest_public_transport_distance_m":204.79261657023585,"nearest_medical_name":"医療法人医誠会　東舞鶴医誠会病院","nearest_medical_distance_m":2451.154809450582,"nearest_medical_access_class":"likely_public","nearest_hospital_name":"医療法人医誠会　東舞鶴医誠会病院","nearest_hospital_distance_m":2451.154809450582,"elderly_population_percentile":0.3339160839160839,"transport_distance_percentile":0.2062937062937063,"medical_distance_percentile":0.7587412587412588,"exploratory_score_c":0.052265729649098,"pareto_frontier":false},"geometry":{"type":"Polygon","coordinates":[[[135.40625,35.520833333333336],[135.4125,35.520833333333336],[135.4125,35.525],[135.40625,35.525],[135.40625,35.520833333333336]]]},"id":"533523224"},{"type":"Feature","properties":{"mesh_code":"533523233","area_label":"室牛バス停周辺","area_label_basis":"最寄りの実在公共交通名称（行政地名ではない）","rank":null,"population":12,"elderly_population":null,"elderly_ratio":null,"centroid_lat":35.522916666666674,"centroid_lon":135.415625,"city_area_fraction":1.0,"disclosure_status":"aggregation_destination","primary_eligible":false,"nearest_station_name":"松尾寺駅","nearest_station_distance_m":5165.610036551629,"nearest_bus_stop_name":"室牛","nearest_bus_stop_distance_m":325.29462557522294,"nearest_public_transport_type":"bus_stop","nearest_public_transport_name":"室牛","nearest_public_transport_distance_m":325.29462557522294,"nearest_medical_name":"医療法人医誠会　東舞鶴医誠会病院","nearest_medical_distance_m":2710.6837596832397,"nearest_medical_access_class":"likely_public","nearest_hospital_name":"医療法人医誠会　東舞鶴医誠会病院","nearest_hospital_distance_m":2710.6837596832397,"elderly_population_percentile":null,"transport_distance_percentile":null,"medical_distance_percentile":null,"exploratory_score_c":null,"pareto_frontier":null},"geometry":{"type":"Polygon","coordinates":[[[135.4125,35.520833333333336],[135.41875,35.520833333333336],[135.41875,35.525],[135.4125,35.525],[135.4125,35.520833333333336]]]},"id":"533523233"},{"type":"Feature","properties":{"mesh_code":"533523234","area_label":"河辺由里バス停周辺","area_label_basis":"最寄りの実在公共交通名称（行政地名ではない）","rank":null,"population":9,"elderly_population":null,"elderly_ratio":null,"centroid_lat":35.522916666666674,"centroid_lon":135.421875,"city_area_fraction":1.0000000000000002,"disclosure_status":"suppressed_source","primary_eligible":false,"nearest_station_name":"松尾寺駅","nearest_station_distance_m":4841.450469971487,"nearest_bus_stop_name":"河辺由里","nearest_bus_stop_distance_m":545.2866409686277,"nearest_public_transport_type":"bus_stop","nearest_public_transport_name":"河辺由里","nearest_public_transport_distance_m":545.2866409686277,"nearest_medical_name":"医療法人医誠会　東舞鶴医誠会病院","nearest_medical_distance_m":3054.550268215841,"nearest_medical_access_class":"likely_public","nearest_hospital_name":"医療法人医誠会　東舞鶴医誠会病院","nearest_hospital_distance_m":3054.550268215841,"elderly_population_percentile":null,"transport_distance_percentile":null,"medical_distance_percentile":null,"exploratory_score_c":null,"pareto_frontier":null},"geometry":{"type":"Polygon","coordinates":[[[135.41875,35.520833333333336],[135.425,35.520833333333336],[135.425,35.525],[135.41875,35.525],[135.41875,35.520833333333336]]]},"id":"533523234"},{"type":"Feature","properties":{"mesh_code":"533523303","area_label":"赤野バス停周辺","area_label_basis":"最寄りの実在公共交通名称（行政地名ではない）","rank":null,"population":8,"elderly_population":null,"elderly_ratio":null,"centroid_lat":35.53125,"centroid_lon":135.378125,"city_area_fraction":1.0,"disclosure_status":"suppressed_source","primary_eligible":false,"nearest_station_name":"東舞鶴駅","nearest_station_distance_m":7114.804974857593,"nearest_bus_stop_name":"赤野","nearest_bus_stop_distance_m":1476.1411345885629,"nearest_public_transport_type":"bus_stop","nearest_public_transport_name":"赤野","nearest_public_transport_distance_m":1476.1411345885629,"nearest_medical_name":"医療法人医誠会　東舞鶴医誠会病院","nearest_medical_distance_m":3744.8507846518037,"nearest_medical_access_class":"likely_public","nearest_hospital_name":"医療法人医誠会　東舞鶴医誠会病院","nearest_hospital_distance_m":3744.8507846518037,"elderly_population_percentile":null,"transport_distance_percentile":null,"medical_distance_percentile":null,"exploratory_score_c":null,"pareto_frontier":null},"geometry":{"type":"Polygon","coordinates":[[[135.375,35.52916666666667],[135.38125,35.52916666666667],[135.38125,35.53333333333334],[135.375,35.53333333333334],[135.375,35.52916666666667]]]},"id":"533523303"},{"type":"Feature","properties":{"mesh_code":"533523304","area_label":"赤野バス停周辺","area_label_basis":"最寄りの実在公共交通名称（行政地名ではない）","rank":null,"population":8,"elderly_population":null,"elderly_ratio":null,"centroid_lat":35.53125,"centroid_lon":135.384375,"city_area_fraction":1.0,"disclosure_status":"aggregation_destination","primary_eligible":false,"nearest_station_name":"東舞鶴駅","nearest_station_distance_m":7016.06217072336,"nearest_bus_stop_name":"赤野","nearest_bus_stop_distance_m":1138.2281747279426,"nearest_public_transport_type":"bus_stop","nearest_public_transport_name":"赤野","nearest_public_transport_distance_m":1138.2281747279426,"nearest_medical_name":"医療法人医誠会　東舞鶴医誠会病院","nearest_medical_distance_m":3485.6276638522654,"nearest_medical_access_class":"likely_public","nearest_hospital_name":"医療法人医誠会　東舞鶴医誠会病院","nearest_hospital_distance_m":3485.6276638522654,"elderly_population_percentile":null,"transport_distance_percentile":null,"medical_distance_percentile":null,"exploratory_score_c":null,"pareto_frontier":null},"geometry":{"type":"Polygon","coordinates":[[[135.38125,35.52916666666667],[135.3875,35.52916666666667],[135.3875,35.53333333333334],[135.38125,35.53333333333334],[135.38125,35.52916666666667]]]},"id":"533523304"},{"type":"Feature","properties":{"mesh_code":"533523311","area_label":"赤野バス停周辺","area_label_basis":"最寄りの実在公共交通名称（行政地名ではない）","rank":null,"population":5,"elderly_population":null,"elderly_ratio":null,"centroid_lat":35.52708333333334,"centroid_lon":135.390625,"city_area_fraction":1.0,"disclosure_status":"suppressed_source","primary_eligible":false,"nearest_station_name":"東舞鶴駅","nearest_station_distance_m":6500.717908997844,"nearest_bus_stop_name":"赤野","nearest_bus_stop_distance_m":566.7497223840753,"nearest_public_transport_type":"bus_stop","nearest_public_transport_name":"赤野","nearest_public_transport_distance_m":566.7497223840753,"nearest_medical_name":"医療法人医誠会　東舞鶴医誠会病院","nearest_medical_distance_m":2858.0467036761065,"nearest_medical_access_class":"likely_public","nearest_hospital_name":"医療法人医誠会　東舞鶴医誠会病院","nearest_hospital_distance_m":2858.0467036761065,"elderly_population_percentile":null,"transport_distance_percentile":null,"medical_distance_percentile":null,"exploratory_score_c":null,"pareto_frontier":null},"geometry":{"type":"Polygon","coordinates":[[[135.3875,35.525],[135.39375,35.525],[135.39375,35.52916666666667],[135.3875,35.52916666666667],[135.3875,35.525]]]},"id":"533523311"},{"type":"Feature","properties":{"mesh_code":"533523322","area_label":"西屋バス停周辺","area_label_basis":"最寄りの実在公共交通名称（行政地名ではない）","rank":null,"population":16,"elderly_population":8.0,"elderly_ratio":0.5,"centroid_lat":35.52708333333334,"centroid_lon":135.409375,"city_area_fraction":1.0,"disclosure_status":"unaffected","primary_eligible":false,"nearest_station_name":"松尾寺駅","nearest_station_distance_m":5879.843041226612,"nearest_bus_stop_name":"西屋","nearest_bus_stop_distance_m":296.9582744054188,"nearest_public_transport_type":"bus_stop","nearest_public_transport_name":"西屋","nearest_public_transport_distance_m":296.9582744054188,"nearest_medical_name":"医療法人医誠会　東舞鶴医誠会病院","nearest_medical_distance_m":2886.2426150100328,"nearest_medical_access_class":"likely_public","nearest_hospital_name":"医療法人医誠会　東舞鶴医誠会病院","nearest_hospital_distance_m":2886.2426150100328,"elderly_population_percentile":0.1573426573426573,"transport_distance_percentile":0.3286713286713286,"medical_distance_percentile":0.8321678321678322,"exploratory_score_c":0.0430347441203717,"pareto_frontier":false},"geometry":{"type":"Polygon","coordinates":[[[135.40625,35.525],[135.4125,35.525],[135.4125,35.52916666666667],[135.40625,35.52916666666667],[135.40625,35.525]]]},"id":"533523322"},{"type":"Feature","properties":{"mesh_code":"533523331","area_label":"室牛バス停周辺","area_label_basis":"最寄りの実在公共交通名称（行政地名ではない）","rank":null,"population":7,"elderly_population":null,"elderly_ratio":null,"centroid_lat":35.52708333333334,"centroid_lon":135.415625,"city_area_fraction":1.0,"disclosure_status":"suppressed_source","primary_eligible":false,"nearest_station_name":"松尾寺駅","nearest_station_distance_m":5539.48634020894,"nearest_bus_stop_name":"室牛","nearest_bus_stop_distance_m":137.05389523506722,"nearest_public_transport_type":"bus_stop","nearest_public_transport_name":"室牛","nearest_public_transport_distance_m":137.05389523506722,"nearest_medical_name":"医療法人医誠会　東舞鶴医誠会病院","nearest_medical_distance_m":3109.6578591957878,"nearest_medical_access_class":"likely_public","nearest_hospital_name":"医療法人医誠会　東舞鶴医誠会病院","nearest_hospital_distance_m":3109.6578591957878,"elderly_population_percentile":null,"transport_distance_percentile":null,"medical_distance_percentile":null,"exploratory_score_c":null,"pareto_frontier":null},"geometry":{"type":"Polygon","coordinates":[[[135.4125,35.525],[135.41875,35.525],[135.41875,35.52916666666667],[135.4125,35.52916666666667],[135.4125,35.525]]]},"id":"533523331"},{"type":"Feature","properties":{"mesh_code":"533523332","area_label":"河辺由里バス停周辺","area_label_basis":"最寄りの実在公共交通名称（行政地名ではない）","rank":null,"population":41,"elderly_population":null,"elderly_ratio":null,"centroid_lat":35.52708333333334,"centroid_lon":135.421875,"city_area_fraction":0.9999999999999998,"disclosure_status":"aggregation_destination","primary_eligible":false,"nearest_station_name":"松尾寺駅","nearest_station_distance_m":5238.529302327352,"nearest_bus_stop_name":"河辺由里","nearest_bus_stop_distance_m":286.6248996876285,"nearest_public_transport_type":"bus_stop","nearest_public_transport_name":"河辺由里","nearest_public_transport_distance_m":286.6248996876285,"nearest_medical_name":"医療法人医誠会　東舞鶴医誠会病院","nearest_medical_distance_m":3413.552212979281,"nearest_medical_access_class":"likely_public","nearest_hospital_name":"医療法人医誠会　東舞鶴医誠会病院","nearest_hospital_distance_m":3413.552212979281,"elderly_population_percentile":null,"transport_distance_percentile":null,"medical_distance_percentile":null,"exploratory_score_c":null,"pareto_frontier":null},"geometry":{"type":"Polygon","coordinates":[[[135.41875,35.525],[135.425,35.525],[135.425,35.52916666666667],[135.41875,35.52916666666667],[135.41875,35.525]]]},"id":"533523332"},{"type":"Feature","properties":{"mesh_code":"533523333","area_label":"河辺由里バス停周辺","area_label_basis":"最寄りの実在公共交通名称（行政地名ではない）","rank":null,"population":7,"elderly_population":null,"elderly_ratio":null,"centroid_lat":35.53125,"centroid_lon":135.415625,"city_area_fraction":1.0000000000000002,"disclosure_status":"suppressed_source","primary_eligible":false,"nearest_station_name":"松尾寺駅","nearest_station_distance_m":5925.847212108036,"nearest_bus_stop_name":"河辺由里","nearest_bus_stop_distance_m":539.1753264174359,"nearest_public_transport_type":"bus_stop","nearest_public_transport_name":"河辺由里","nearest_public_transport_distance_m":539.1753264174359,"nearest_medical_name":"医療法人医誠会　東舞鶴医誠会病院","nearest_medical_distance_m":3524.1329965531695,"nearest_medical_access_class":"likely_public","nearest_hospital_name":"医療法人医誠会　東舞鶴医誠会病院","nearest_hospital_distance_m":3524.1329965531695,"elderly_population_percentile":null,"transport_distance_percentile":null,"medical_distance_percentile":null,"exploratory_score_c":null,"pareto_frontier":null},"geometry":{"type":"Polygon","coordinates":[[[135.4125,35.52916666666667],[135.41875,35.52916666666667],[135.41875,35.53333333333334],[135.4125,35.53333333333334],[135.4125,35.52916666666667]]]},"id":"533523333"},{"type":"Feature","properties":{"mesh_code":"533523334","area_label":"原バス停周辺","area_label_basis":"最寄りの実在公共交通名称（行政地名ではない）","rank":null,"population":9,"elderly_population":null,"elderly_ratio":null,"centroid_lat":35.53125,"centroid_lon":135.421875,"city_area_fraction":1.0000000000000002,"disclosure_status":"aggregation_destination","primary_eligible":false,"nearest_station_name":"松尾寺駅","nearest_station_distance_m":5645.538942986337,"nearest_bus_stop_name":"原","nearest_bus_stop_distance_m":414.54633712740036,"nearest_public_transport_type":"bus_stop","nearest_public_transport_name":"原","nearest_public_transport_distance_m":414.54633712740036,"nearest_medical_name":"医療法人医誠会　東舞鶴医誠会病院","nearest_medical_distance_m":3794.9671375966664,"nearest_medical_access_class":"likely_public","nearest_hospital_name":"医療法人医誠会　東舞鶴医誠会病院","nearest_hospital_distance_m":3794.9671375966664,"elderly_population_percentile":null,"transport_distance_percentile":null,"medical_distance_percentile":null,"exploratory_score_c":null,"pareto_frontier":null},"geometry":{"type":"Polygon","coordinates":[[[135.41875,35.52916666666667],[135.425,35.52916666666667],[135.425,35.53333333333334],[135.41875,35.53333333333334],[135.41875,35.52916666666667]]]},"id":"533523334"},{"type":"Feature","properties":{"mesh_code":"533523341","area_label":"原バス停周辺","area_label_basis":"最寄りの実在公共交通名称（行政地名ではない）","rank":null,"population":24,"elderly_population":null,"elderly_ratio":null,"centroid_lat":35.52708333333334,"centroid_lon":135.428125,"city_area_fraction":1.0000000000000002,"disclosure_status":"aggregation_destination","primary_eligible":false,"nearest_station_name":"松尾寺駅","nearest_station_distance_m":4984.114141005223,"nearest_bus_stop_name":"原","nearest_bus_stop_distance_m":334.8315676567644,"nearest_public_transport_type":"bus_stop","nearest_public_transport_name":"原","nearest_public_transport_distance_m":334.8315676567644,"nearest_medical_name":"医療法人医誠会　東舞鶴医誠会病院","nearest_medical_distance_m":3778.5572840664236,"nearest_medical_access_class":"likely_public","nearest_hospital_name":"医療法人医誠会　東舞鶴医誠会病院","nearest_hospital_distance_m":3778.5572840664236,"elderly_population_percentile":null,"transport_distance_percentile":null,"medical_distance_percentile":null,"exploratory_score_c":null,"pareto_frontier":null},"geometry":{"type":"Polygon","coordinates":[[[135.425,35.525],[135.43125,35.525],[135.43125,35.52916666666667],[135.425,35.52916666666667],[135.425,35.525]]]},"id":"533523341"},{"type":"Feature","properties":{"mesh_code":"533523343","area_label":"原バス停周辺","area_label_basis":"最寄りの実在公共交通名称（行政地名ではない）","rank":null,"population":2,"elderly_population":null,"elderly_ratio":null,"centroid_lat":35.53125,"centroid_lon":135.428125,"city_area_fraction":1.0,"disclosure_status":"suppressed_source","primary_eligible":false,"nearest_station_name":"松尾寺駅","nearest_station_distance_m":5410.3092064548255,"nearest_bus_stop_name":"原","nearest_bus_stop_distance_m":440.5032733746061,"nearest_public_transport_type":"bus_stop","nearest_public_transport_name":"原","nearest_public_transport_distance_m":440.5032733746061,"nearest_medical_name":"医療法人医誠会　東舞鶴医誠会病院","nearest_medical_distance_m":4126.353631523859,"nearest_medical_access_class":"likely_public","nearest_hospital_name":"医療法人医誠会　東舞鶴医誠会病院","nearest_hospital_distance_m":4126.353631523859,"elderly_population_percentile":null,"transport_distance_percentile":null,"medical_distance_percentile":null,"exploratory_score_c":null,"pareto_frontier":null},"geometry":{"type":"Polygon","coordinates":[[[135.425,35.52916666666667],[135.43125,35.52916666666667],[135.43125,35.53333333333334],[135.425,35.53333333333334],[135.425,35.52916666666667]]]},"id":"533523343"},{"type":"Feature","properties":{"mesh_code":"533523344","area_label":"栃尾バス停周辺","area_label_basis":"最寄りの実在公共交通名称（行政地名ではない）","rank":null,"population":56,"elderly_population":null,"elderly_ratio":null,"centroid_lat":35.53125,"centroid_lon":135.434375,"city_area_fraction":0.9999999999999999,"disclosure_status":"aggregation_destination","primary_eligible":false,"nearest_station_name":"松尾寺駅","nearest_station_distance_m":5226.248274273792,"nearest_bus_stop_name":"栃尾","nearest_bus_stop_distance_m":187.40919564676568,"nearest_public_transport_type":"bus_stop","nearest_public_transport_name":"栃尾","nearest_public_transport_distance_m":187.40919564676568,"nearest_medical_name":"養護老人ホーム安岡園","nearest_medical_distance_m":4485.249831772366,"nearest_medical_access_class":"likely_public","nearest_hospital_name":"医療法人医誠会　東舞鶴医誠会病院","nearest_hospital_distance_m":4504.949293174218,"elderly_population_percentile":null,"transport_distance_percentile":null,"medical_distance_percentile":null,"exploratory_score_c":null,"pareto_frontier":null},"geometry":{"type":"Polygon","coordinates":[[[135.43125,35.52916666666667],[135.4375,35.52916666666667],[135.4375,35.53333333333334],[135.43125,35.53333333333334],[135.43125,35.52916666666667]]]},"id":"533523344"},{"type":"Feature","properties":{"mesh_code":"533523353","area_label":"栃尾バス停周辺","area_label_basis":"最寄りの実在公共交通名称（行政地名ではない）","rank":null,"population":7,"elderly_population":null,"elderly_ratio":null,"centroid_lat":35.53125,"centroid_lon":135.440625,"city_area_fraction":1.0,"disclosure_status":"suppressed_source","primary_eligible":false,"nearest_station_name":"松尾寺駅","nearest_station_distance_m":5098.900323039312,"nearest_bus_stop_name":"栃尾","nearest_bus_stop_distance_m":387.04574176942765,"nearest_public_transport_type":"bus_stop","nearest_public_transport_name":"栃尾","nearest_public_transport_distance_m":387.04574176942765,"nearest_medical_name":"養護老人ホーム安岡園","nearest_medical_distance_m":4472.392059886839,"nearest_medical_access_class":"likely_public","nearest_hospital_name":"医療法人医誠会　東舞鶴医誠会病院","nearest_hospital_distance_m":4919.867449851577,"elderly_population_percentile":null,"transport_distance_percentile":null,"medical_distance_percentile":null,"exploratory_score_c":null,"pareto_frontier":null},"geometry":{"type":"Polygon","coordinates":[[[135.4375,35.52916666666667],[135.44375,35.52916666666667],[135.44375,35.53333333333334],[135.4375,35.53333333333334],[135.4375,35.52916666666667]]]},"id":"533523353"},{"type":"Feature","properties":{"mesh_code":"533523414","area_label":"舞鶴自然文化園バス停周辺","area_label_basis":"最寄りの実在公共交通名称（行政地名ではない）","rank":null,"population":3,"elderly_population":null,"elderly_ratio":null,"centroid_lat":35.53958333333334,"centroid_lon":135.396875,"city_area_fraction":1.0,"disclosure_status":"suppressed_source","primary_eligible":false,"nearest_station_name":"松尾寺駅","nearest_station_distance_m":7670.980902538985,"nearest_bus_stop_name":"舞鶴自然文化園","nearest_bus_stop_distance_m":167.31321641828322,"nearest_public_transport_type":"bus_stop","nearest_public_transport_name":"舞鶴自然文化園","nearest_public_transport_distance_m":167.31321641828322,"nearest_medical_name":"医療法人医誠会　東舞鶴医誠会病院","nearest_medical_distance_m":4136.511249563942,"nearest_medical_access_class":"likely_public","nearest_hospital_name":"医療法人医誠会　東舞鶴医誠会病院","nearest_hospital_distance_m":4136.511249563942,"elderly_population_percentile":null,"transport_distance_percentile":null,"medical_distance_percentile":null,"exploratory_score_c":null,"pareto_frontier":null},"geometry":{"type":"Polygon","coordinates":[[[135.39375,35.5375],[135.4,35.5375],[135.4,35.54166666666667],[135.39375,35.54166666666667],[135.39375,35.5375]]]},"id":"533523414"},{"type":"Feature","properties":{"mesh_code":"533523434","area_label":"原バス停周辺","area_label_basis":"最寄りの実在公共交通名称（行政地名ではない）","rank":null,"population":9,"elderly_population":8.0,"elderly_ratio":0.8888888888888888,"centroid_lat":35.53958333333334,"centroid_lon":135.421875,"city_area_fraction":1.0000000000000002,"disclosure_status":"unaffected","primary_eligible":false,"nearest_station_name":"松尾寺駅","nearest_station_distance_m":6481.826688712552,"nearest_bus_stop_name":"原","nearest_bus_stop_distance_m":1271.9409157791738,"nearest_public_transport_type":"bus_stop","nearest_public_transport_name":"原","nearest_public_transport_distance_m":1271.9409157791738,"nearest_medical_name":"医療法人医誠会　東舞鶴医誠会病院","nearest_medical_distance_m":4602.475347270825,"nearest_medical_access_class":"likely_public","nearest_hospital_name":"医療法人医誠会　東舞鶴医誠会病院","nearest_hospital_distance_m":4602.475347270825,"elderly_population_percentile":0.1573426573426573,"transport_distance_percentile":0.7622377622377622,"medical_distance_percentile":0.9335664335664337,"exploratory_score_c":0.1119649703321276,"pareto_frontier":false},"geometry":{"type":"Polygon","coordinates":[[[135.41875,35.5375],[135.425,35.5375],[135.425,35.54166666666667],[135.41875,35.54166666666667],[135.41875,35.5375]]]},"id":"533523434"},{"type":"Feature","properties":{"mesh_code":"533523561","area_label":"野原口バス停周辺","area_label_basis":"最寄りの実在公共交通名称（行政地名ではない）","rank":null,"population":11,"elderly_population":3.0,"elderly_ratio":0.2727272727272727,"centroid_lat":35.54375,"centroid_lon":135.453125,"city_area_fraction":0.9999999999999999,"disclosure_status":"unaffected","primary_eligible":false,"nearest_station_name":"松尾寺駅","nearest_station_distance_m":6415.03308920645,"nearest_bus_stop_name":"野原口","nearest_bus_stop_distance_m":449.7897773158055,"nearest_public_transport_type":"bus_stop","nearest_public_transport_name":"野原口","nearest_public_transport_distance_m":449.7897773158055,"nearest_medical_name":"養護老人ホーム安岡園","nearest_medical_distance_m":6001.466575942915,"nearest_medical_access_class":"likely_public","nearest_hospital_name":"医療法人医誠会　東舞鶴医誠会病院","nearest_hospital_distance_m":6690.58347829017,"elderly_population_percentile":0.0349650349650349,"transport_distance_percentile":0.4615384615384615,"medical_distance_percentile":0.965034965034965,"exploratory_score_c":0.0155734529053517,"pareto_frontier":false},"geometry":{"type":"Polygon","coordinates":[[[135.45,35.541666666666664],[135.45625,35.541666666666664],[135.45625,35.545833333333334],[135.45,35.545833333333334],[135.45,35.541666666666664]]]},"id":"533523561"},{"type":"Feature","properties":{"mesh_code":"533523563","area_label":"野原口バス停周辺","area_label_basis":"最寄りの実在公共交通名称（行政地名ではない）","rank":157,"population":36,"elderly_population":10.0,"elderly_ratio":0.2777777777777778,"centroid_lat":35.547916666666666,"centroid_lon":135.453125,"city_area_fraction":0.9999999999999999,"disclosure_status":"unaffected","primary_eligible":true,"nearest_station_name":"松尾寺駅","nearest_station_distance_m":6876.946538719146,"nearest_bus_stop_name":"野原口","nearest_bus_stop_distance_m":186.45311787088565,"nearest_public_transport_type":"bus_stop","nearest_public_transport_name":"野原口","nearest_public_transport_distance_m":186.45311787088565,"nearest_medical_name":"養護老人ホーム安岡園","nearest_medical_distance_m":6453.272601572698,"nearest_medical_access_class":"likely_public","nearest_hospital_name":"医療法人医誠会　東舞鶴医誠会病院","nearest_hospital_distance_m":7015.826947701015,"elderly_population_percentile":0.2272727272727272,"transport_distance_percentile":0.1713286713286713,"medical_distance_percentile":0.9790209790209792,"exploratory_score_c":0.0381214462587634,"pareto_frontier":false},"geometry":{"type":"Polygon","coordinates":[[[135.45,35.545833333333334],[135.45625,35.545833333333334],[135.45625,35.55],[135.45,35.55],[135.45,35.545833333333334]]]},"id":"533523563"},{"type":"Feature","properties":{"mesh_code":"533523613","area_label":"三浜バス停周辺","area_label_basis":"最寄りの実在公共交通名称（行政地名ではない）","rank":53,"population":40,"elderly_population":22.0,"elderly_ratio":0.55,"centroid_lat":35.55625,"centroid_lon":135.390625,"city_area_fraction":0.7405155926289598,"disclosure_status":"unaffected","primary_eligible":true,"nearest_station_name":"松尾寺駅","nearest_station_distance_m":9490.329840333236,"nearest_bus_stop_name":"三浜","nearest_bus_stop_distance_m":402.28716054643235,"nearest_public_transport_type":"bus_stop","nearest_public_transport_name":"三浜","nearest_public_transport_distance_m":402.28716054643235,"nearest_medical_name":"医療法人医誠会　東舞鶴医誠会病院","nearest_medical_distance_m":6032.478025640396,"nearest_medical_access_class":"likely_public","nearest_hospital_name":"医療法人医誠会　東舞鶴医誠会病院","nearest_hospital_distance_m":6032.478025640396,"elderly_population_percentile":0.4335664335664335,"transport_distance_percentile":0.4195804195804196,"medical_distance_percentile":0.9685314685314684,"exploratory_score_c":0.1761913571782025,"pareto_frontier":true},"geometry":{"type":"Polygon","coordinates":[[[135.3875,35.55416666666667],[135.39375,35.55416666666667],[135.39375,35.55833333333334],[135.3875,35.55833333333334],[135.3875,35.55416666666667]]]},"id":"533523613"},{"type":"Feature","properties":{"mesh_code":"533523614","area_label":"三浜バス停周辺","area_label_basis":"最寄りの実在公共交通名称（行政地名ではない）","rank":80,"population":87,"elderly_population":41.0,"elderly_ratio":0.47126436781609193,"centroid_lat":35.55625,"centroid_lon":135.396875,"city_area_fraction":0.9899401799885159,"disclosure_status":"unaffected","primary_eligible":true,"nearest_station_name":"松尾寺駅","nearest_station_distance_m":9178.943520222014,"nearest_bus_stop_name":"三浜","nearest_bus_stop_distance_m":218.01928928657358,"nearest_public_transport_type":"bus_stop","nearest_public_transport_name":"三浜","nearest_public_transport_distance_m":218.01928928657358,"nearest_medical_name":"医療法人医誠会　東舞鶴医誠会病院","nearest_medical_distance_m":5983.491967029658,"nearest_medical_access_class":"likely_public","nearest_hospital_name":"医療法人医誠会　東舞鶴医誠会病院","nearest_hospital_distance_m":5983.491967029658,"elderly_population_percentile":0.5961538461538461,"transport_distance_percentile":0.2272727272727272,"medical_distance_percentile":0.9615384615384616,"exploratory_score_c":0.1302783754706831,"pareto_frontier":true},"geometry":{"type":"Polygon","coordinates":[[[135.39375,35.55416666666667],[135.4,35.55416666666667],[135.4,35.55833333333334],[135.39375,35.55833333333334],[135.39375,35.55416666666667]]]},"id":"533523614"},{"type":"Feature","properties":{"mesh_code":"533523721","area_label":"小橋車庫バス停周辺","area_label_basis":"最寄りの実在公共交通名称（行政地名ではない）","rank":94,"population":123,"elderly_population":62.0,"elderly_ratio":0.5040650406504065,"centroid_lat":35.56041666666667,"centroid_lon":135.403125,"city_area_fraction":0.8861520660343936,"disclosure_status":"unaffected","primary_eligible":true,"nearest_station_name":"松尾寺駅","nearest_station_distance_m":9300.716257090042,"nearest_bus_stop_name":"小橋車庫","nearest_bus_stop_distance_m":191.03400404375563,"nearest_public_transport_type":"bus_stop","nearest_public_transport_name":"小橋車庫","nearest_public_transport_distance_m":191.03400404375563,"nearest_medical_name":"医療法人医誠会　東舞鶴医誠会病院","nearest_medical_distance_m":6449.607344320949,"nearest_medical_access_class":"likely_public","nearest_hospital_name":"医療法人医誠会　東舞鶴医誠会病院","nearest_hospital_distance_m":6449.607344320949,"elderly_population_percentile":0.6363636363636364,"transport_distance_percentile":0.1818181818181818,"medical_distance_percentile":0.9755244755244756,"exploratory_score_c":0.1128706004739062,"pareto_frontier":true},"geometry":{"type":"Polygon","coordinates":[[[135.4,35.55833333333333],[135.40625,35.55833333333333],[135.40625,35.5625],[135.4,35.5625],[135.4,35.55833333333333]]]},"id":"533523721"},{"type":"Feature","properties":{"mesh_code":"533523763","area_label":"田井バス停周辺","area_label_basis":"最寄りの実在公共交通名称（行政地名ではない）","rank":163,"population":63,"elderly_population":31.0,"elderly_ratio":0.49206349206349204,"centroid_lat":35.56458333333333,"centroid_lon":135.453125,"city_area_fraction":0.9999999999999999,"disclosure_status":"unaffected","primary_eligible":true,"nearest_station_name":"松尾寺駅","nearest_station_distance_m":8724.972755721265,"nearest_bus_stop_name":"田井","nearest_bus_stop_distance_m":107.50734475424905,"nearest_public_transport_type":"bus_stop","nearest_public_transport_name":"田井","nearest_public_transport_distance_m":107.50734475424905,"nearest_medical_name":"養護老人ホーム安岡園","nearest_medical_distance_m":8272.062218244944,"nearest_medical_access_class":"likely_public","nearest_hospital_name":"医療法人医誠会　東舞鶴医誠会病院","nearest_hospital_distance_m":8445.549206621932,"elderly_population_percentile":0.548951048951049,"transport_distance_percentile":0.0629370629370629,"medical_distance_percentile":0.9895104895104896,"exploratory_score_c":0.0341869607726128,"pareto_frontier":true},"geometry":{"type":"Polygon","coordinates":[[[135.45,35.5625],[135.45625,35.5625],[135.45625,35.56666666666667],[135.45,35.56666666666667],[135.45,35.5625]]]},"id":"533523763"},{"type":"Feature","properties":{"mesh_code":"533523771","area_label":"田井バス停周辺","area_label_basis":"最寄りの実在公共交通名称（行政地名ではない）","rank":null,"population":8,"elderly_population":null,"elderly_ratio":null,"centroid_lat":35.56041666666667,"centroid_lon":135.465625,"city_area_fraction":0.9547280682269863,"disclosure_status":"suppressed_source","primary_eligible":false,"nearest_station_name":"松尾寺駅","nearest_station_distance_m":8375.295709904025,"nearest_bus_stop_name":"田井","nearest_bus_stop_distance_m":1198.4966492998203,"nearest_public_transport_type":"bus_stop","nearest_public_transport_name":"田井","nearest_public_transport_distance_m":1198.4966492998203,"nearest_medical_name":"養護老人ホーム安岡園","nearest_medical_distance_m":8084.450077181233,"nearest_medical_access_class":"likely_public","nearest_hospital_name":"医療法人医誠会　東舞鶴医誠会病院","nearest_hospital_distance_m":8802.02641416953,"elderly_population_percentile":null,"transport_distance_percentile":null,"medical_distance_percentile":null,"exploratory_score_c":null,"pareto_frontier":null},"geometry":{"type":"Polygon","coordinates":[[[135.4625,35.55833333333333],[135.46875,35.55833333333333],[135.46875,35.5625],[135.4625,35.5625],[135.4625,35.55833333333333]]]},"id":"533523771"},{"type":"Feature","properties":{"mesh_code":"533523772","area_label":"田井バス停周辺","area_label_basis":"最寄りの実在公共交通名称（行政地名ではない）","rank":null,"population":2,"elderly_population":null,"elderly_ratio":null,"centroid_lat":35.56041666666667,"centroid_lon":135.471875,"city_area_fraction":0.5357292093600104,"disclosure_status":"aggregation_destination","primary_eligible":false,"nearest_station_name":"松尾寺駅","nearest_station_distance_m":8487.897004245122,"nearest_bus_stop_name":"田井","nearest_bus_stop_distance_m":1722.2015168826613,"nearest_public_transport_type":"bus_stop","nearest_public_transport_name":"田井","nearest_public_transport_distance_m":1722.2015168826613,"nearest_medical_name":"養護老人ホーム安岡園","nearest_medical_distance_m":8273.827790508545,"nearest_medical_access_class":"likely_public","nearest_hospital_name":"医療法人医誠会　東舞鶴医誠会病院","nearest_hospital_distance_m":9197.68149655488,"elderly_population_percentile":null,"transport_distance_percentile":null,"medical_distance_percentile":null,"exploratory_score_c":null,"pareto_frontier":null},"geometry":{"type":"Polygon","coordinates":[[[135.46875,35.55833333333333],[135.475,35.55833333333333],[135.475,35.5625],[135.46875,35.5625],[135.46875,35.55833333333333]]]},"id":"533523772"},{"type":"Feature","properties":{"mesh_code":"533523841","area_label":"野原バス停周辺","area_label_basis":"最寄りの実在公共交通名称（行政地名ではない）","rank":176,"population":153,"elderly_population":67.0,"elderly_ratio":0.43790849673202614,"centroid_lat":35.56875,"centroid_lon":135.428125,"city_area_fraction":0.636094884968182,"disclosure_status":"unaffected","primary_eligible":true,"nearest_station_name":"松尾寺駅","nearest_station_distance_m":9400.738289762185,"nearest_bus_stop_name":"野原","nearest_bus_stop_distance_m":66.0896305693486,"nearest_public_transport_type":"bus_stop","nearest_public_transport_name":"野原","nearest_public_transport_distance_m":66.0896305693486,"nearest_medical_name":"医療法人医誠会　東舞鶴医誠会病院","nearest_medical_distance_m":7810.4106793175215,"nearest_medical_access_class":"likely_public","nearest_hospital_name":"医療法人医誠会　東舞鶴医誠会病院","nearest_hospital_distance_m":7810.4106793175215,"elderly_population_percentile":0.6538461538461539,"transport_distance_percentile":0.0349650349650349,"medical_distance_percentile":0.9825174825174824,"exploratory_score_c":0.0224620726234497,"pareto_frontier":true},"geometry":{"type":"Polygon","coordinates":[[[135.425,35.56666666666667],[135.43125,35.56666666666667],[135.43125,35.57083333333334],[135.425,35.57083333333334],[135.425,35.56666666666667]]]},"id":"533523841"},{"type":"Feature","properties":{"mesh_code":"533523843","area_label":"野原バス停周辺","area_label_basis":"最寄りの実在公共交通名称（行政地名ではない）","rank":47,"population":54,"elderly_population":17.0,"elderly_ratio":0.3148148148148148,"centroid_lat":35.57291666666667,"centroid_lon":135.428125,"city_area_fraction":0.9273432815081029,"disclosure_status":"unaffected","primary_eligible":true,"nearest_station_name":"松尾寺駅","nearest_station_distance_m":9852.802597631247,"nearest_bus_stop_name":"野原","nearest_bus_stop_distance_m":527.9154085349953,"nearest_public_transport_type":"bus_stop","nearest_public_transport_name":"野原","nearest_public_transport_distance_m":527.9154085349953,"nearest_medical_name":"医療法人医誠会　東舞鶴医誠会病院","nearest_medical_distance_m":8247.764206610767,"nearest_medical_access_class":"likely_public","nearest_hospital_name":"医療法人医誠会　東舞鶴医誠会病院","nearest_hospital_distance_m":8247.764206610767,"elderly_population_percentile":0.3811188811188811,"transport_distance_percentile":0.5104895104895105,"medical_distance_percentile":0.986013986013986,"exploratory_score_c":0.1918361114654332,"pareto_frontier":false},"geometry":{"type":"Polygon","coordinates":[[[135.425,35.57083333333334],[135.43125,35.57083333333334],[135.43125,35.575],[135.425,35.575],[135.425,35.57083333333334]]]},"id":"533523843"},{"type":"Feature","properties":{"mesh_code":"533523861","area_label":"田井バス停周辺","area_label_basis":"最寄りの実在公共交通名称（行政地名ではない）","rank":43,"population":54,"elderly_population":27.0,"elderly_ratio":0.5,"centroid_lat":35.56875,"centroid_lon":135.453125,"city_area_fraction":0.47615424926459576,"disclosure_status":"unaffected","primary_eligible":true,"nearest_station_name":"松尾寺駅","nearest_station_distance_m":9187.044562501733,"nearest_bus_stop_name":"田井","nearest_bus_stop_distance_m":383.6846769404338,"nearest_public_transport_type":"bus_stop","nearest_public_transport_name":"田井","nearest_public_transport_distance_m":383.6846769404338,"nearest_medical_name":"養護老人ホーム安岡園","nearest_medical_distance_m":8728.747595769579,"nearest_medical_access_class":"likely_public","nearest_hospital_name":"医療法人医誠会　東舞鶴医誠会病院","nearest_hospital_distance_m":8827.35080085778,"elderly_population_percentile":0.5157342657342657,"transport_distance_percentile":0.4090909090909091,"medical_distance_percentile":0.993006993006993,"exploratory_score_c":0.2095067996212306,"pareto_frontier":true},"geometry":{"type":"Polygon","coordinates":[[[135.45,35.56666666666667],[135.45625,35.56666666666667],[135.45625,35.57083333333334],[135.45,35.57083333333334],[135.45,35.56666666666667]]]},"id":"533523861"},{"type":"Feature","properties":{"mesh_code":"533523952","area_label":"田井バス停周辺","area_label_basis":"最寄りの実在公共交通名称（行政地名ではない）","rank":null,"population":12,"elderly_population":10.0,"elderly_ratio":0.8333333333333334,"centroid_lat":35.577083333333334,"centroid_lon":135.446875,"city_area_fraction":0.8565922670024049,"disclosure_status":"unaffected","primary_eligible":false,"nearest_station_name":"松尾寺駅","nearest_station_distance_m":10112.683163244388,"nearest_bus_stop_name":"田井","nearest_bus_stop_distance_m":1448.1166074761547,"nearest_public_transport_type":"bus_stop","nearest_public_transport_name":"田井","nearest_public_transport_distance_m":1448.1166074761547,"nearest_medical_name":"医療法人医誠会　東舞鶴医誠会病院","nearest_medical_distance_m":9338.141101640733,"nearest_medical_access_class":"likely_public","nearest_hospital_name":"医療法人医誠会　東舞鶴医誠会病院","nearest_hospital_distance_m":9338.141101640733,"elderly_population_percentile":0.2272727272727272,"transport_distance_percentile":0.8006993006993007,"medical_distance_percentile":0.9965034965034965,"exploratory_score_c":0.1813408301806267,"pareto_frontier":false},"geometry":{"type":"Polygon","coordinates":[[[135.44375,35.575],[135.45,35.575],[135.45,35.57916666666667],[135.44375,35.57916666666667],[135.44375,35.575]]]},"id":"533523952"},{"type":"Feature","properties":{"mesh_code":"533523954","area_label":"田井バス停周辺","area_label_basis":"最寄りの実在公共交通名称（行政地名ではない）","rank":16,"population":27,"elderly_population":17.0,"elderly_ratio":0.6296296296296297,"centroid_lat":35.58125,"centroid_lon":135.446875,"city_area_fraction":0.9693126752471557,"disclosure_status":"unaffected","primary_eligible":true,"nearest_station_name":"松尾寺駅","nearest_station_distance_m":10574.741185597975,"nearest_bus_stop_name":"田井","nearest_bus_stop_distance_m":1874.7821090027292,"nearest_public_transport_type":"bus_stop","nearest_public_transport_name":"田井","nearest_public_transport_distance_m":1874.7821090027292,"nearest_medical_name":"医療法人医誠会　東舞鶴医誠会病院","nearest_medical_distance_m":9750.801260528693,"nearest_medical_access_class":"likely_public","nearest_hospital_name":"医療法人医誠会　東舞鶴医誠会病院","nearest_hospital_distance_m":9750.801260528693,"elderly_population_percentile":0.3811188811188811,"transport_distance_percentile":0.8566433566433567,"medical_distance_percentile":1.0,"exploratory_score_c":0.3264829576018387,"pareto_frontier":true},"geometry":{"type":"Polygon","coordinates":[[[135.44375,35.57916666666667],[135.45,35.57916666666667],[135.45,35.58333333333334],[135.44375,35.58333333333334],[135.44375,35.57916666666667]]]},"id":"533523954"}]}
