{"type":"FeatureCollection","features":[{"type":"Feature","properties":{"city_code":"14205","city_name":"藤沢市","prefecture_code":"14","prefecture_name":"神奈川県","source_year":2025},"geometry":{"type":"MultiPolygon","coordinates":[[[[139.4770607107,35.297210341],[139.4770586351,35.2972099714],[139.4770554317,35.2972105838],[139.4770534334,35.2972119445],[139.4770526555,35.2972142773],[139.4770509045,35.2972144491],[139.4770483756,35.2972154492],[139.4770470788,35.297217675],[139.4770469098,35.2972213946],[139.4770443809,35.2972216374],[139.4770420714,35.2972232508],[139.4770404895,35.2972251699],[139.4770402943,35.2972279443],[139.4770370784,35.2972284219],[139.4770355477,35.2972300074],[139.4770339011,35.2972346749],[139.4770335117,35.2972400078],[139.4770357168,35.2972426375],[139.4770386351,35.2972521964],[139.4770411505,35.2972550886],[139.4770456516,35.2972578909],[139.4770484017,35.29725881],[139.477049712,35.2972618641],[139.4770599319,35.2972616105],[139.4770644591,35.2972555032],[139.477069543,35.2972492241],[139.4770805417,35.2972310614],[139.4770816569,35.2972213046],[139.4770793744,35.2972150885],[139.4770751071,35.2972101971],[139.4770726816,35.2972093949],[139.4770697121,35.2972091971],[139.4770678568,35.2972076376],[139.4770645239,35.2972074758],[139.4770624608,35.2972084488],[139.4770607107,35.297210341]]],[[[139.4765001264,35.2972939447],[139.4765025519,35.2972953045],[139.4765040699,35.2972955842],[139.4765064945,35.2972949718],[139.476507714,35.2972942505],[139.4765081546,35.2972920885],[139.476508402,35.2972885839],[139.476507857,35.2972869444],[139.4765067679,35.2972856746],[139.4765046788,35.2972850621],[139.4765006066,35.297284224],[139.476497325,35.2972843049],[139.4764952107,35.2972862241],[139.4764940955,35.29728953],[139.4764957422,35.297290611],[139.4764981551,35.2972907018],[139.476498272,35.2972924761],[139.4765001264,35.2972939447]]],[[[139.4765259882,35.2973127019],[139.4765288552,35.2973131426],[139.476532046,35.2973125301],[139.476533681,35.2973115301],[139.4765345497,35.2973108367],[139.4765347179,35.2973096379],[139.4765342638,35.2973081972],[139.4765357944,35.2973081154],[139.4765353798,35.2973043949],[139.4765335119,35.2973039722],[139.4765322664,35.2973032509],[139.4765284667,35.297303143],[139.4765263776,35.2973035027],[139.4765249387,35.2973050352],[139.4765232399,35.2973055838],[139.4765220456,35.2973080884],[139.4765227075,35.2973097018],[139.4765247957,35.2973109716],[139.4765259882,35.2973127019]]],[[[139.4765069361,35.2973206744],[139.4765061833,35.297319945],[139.4765045241,35.2973196743],[139.4765029925,35.2973186752],[139.476500023,35.2973181968],[139.4764988296,35.2973175564],[139.4764967413,35.2973175564],[139.4764954059,35.2973181968],[139.476494744,35.2973195296],[139.4764936288,35.2973208911],[139.4764950677,35.2973237555],[139.4764962359,35.2973252241],[139.4764987648,35.2973278366],[139.4765002946,35.2973283051],[139.4765019682,35.2973282242],[139.4765033819,35.2973272242],[139.476505159,35.2973272242],[139.4765065727,35.297326341],[139.4765076879,35.2973249714],[139.4765084667,35.2973239173],[139.4765081546,35.2973218372],[139.4765069361,35.2973206744]]],[[[139.4765282455,35.2973507288],[139.4765296853,35.2973496748],[139.4765309048,35.2973482242],[139.4765306845,35.297346341],[139.4765282716,35.297343251],[139.4765267418,35.2973428903],[139.4765251069,35.2973433409],[139.4765222147,35.2973449444],[139.4765211256,35.2973458635],[139.4765227722,35.2973482782],[139.4765239656,35.2973500885],[139.4765265988,35.2973512774],[139.4765282455,35.2973507288]]],[[[139.476515691,35.2973576374],[139.476517209,35.2973570079],[139.4765189843,35.2973555024],[139.4765193485,35.2973528638],[139.4765187909,35.2973515301],[139.4765176875,35.2973502504],[139.47651704,35.29734953],[139.47651394,35.297349557],[139.4765119687,35.2973513044],[139.4765107357,35.2973532236],[139.4765105154,35.2973561967],[139.4765118257,35.2973578101],[139.4765136027,35.2973583677],[139.476515691,35.2973576374]]],[[[139.4770274934,35.2973611429],[139.4770332913,35.2973654759],[139.4770387646,35.2973711695],[139.4770449124,35.2973787562],[139.4770485187,35.2973844489],[139.4770520197,35.2973850892],[139.4770558859,35.2973827554],[139.4770565469,35.2973788911],[139.4770586603,35.2973756373],[139.4770572727,35.2973677287],[139.4770549911,35.2973607553],[139.4770534856,35.2973499446],[139.4770522149,35.2973427284],[139.4770492966,35.2973360887],[139.477044576,35.2973303681],[139.4770395164,35.2973263679],[139.4770366638,35.2973263679],[139.4770293748,35.2973313043],[139.4770227729,35.2973375834],[139.4770178176,35.2973469714],[139.4770178823,35.2973504761],[139.4770229015,35.2973558909],[139.4770274934,35.2973611429]]],[[[139.4765563268,35.297365422],[139.4765546784,35.297364341],[139.4765510217,35.2973640622],[139.476550153,35.2973693682],[139.476553771,35.2973730887],[139.4765554059,35.2973738099],[139.4765593225,35.2973719178],[139.4765596076,35.2973698637],[139.4765586345,35.2973677827],[139.4765563268,35.297365422]]],[[[139.4771580777,35.2973460073],[139.4771552367,35.2973425836],[139.4771523841,35.2973402238],[139.4771466896,35.2973373406],[139.4771313453,35.2973235027],[139.4771288299,35.2973230351],[139.4771254053,35.2973236376],[139.4771228764,35.2973250082],[139.4771102176,35.2973515571],[139.4770991019,35.2973824488],[139.4770967673,35.2973866747],[139.4770933562,35.2973901695],[139.4770918777,35.2973982777],[139.4770926295,35.297404341],[139.4770937968,35.2974091155],[139.4770979607,35.2974140617],[139.4771024609,35.2974150888],[139.4771043549,35.297414729],[139.4771061059,35.2974131966],[139.477118298,35.2973882503],[139.4771228503,35.2973801699],[139.4771305162,35.2973638634],[139.477133823,35.2973627015],[139.4771401785,35.2973656108],[139.4771451328,35.2973677826],[139.4771496339,35.2973676109],[139.4771553536,35.2973654759],[139.4771579868,35.2973635027],[139.4771594644,35.2973569179],[139.4771580777,35.2973460073]]],[[[139.4764934076,35.2973753406],[139.4764950425,35.2973746112],[139.4764965984,35.2973736382],[139.4764971568,35.2973709177],[139.4764956253,35.2973687558],[139.4764943285,35.297366422],[139.476492877,35.2973650622],[139.4764903463,35.2973652241],[139.4764882715,35.2973668366],[139.4764857166,35.2973713404],[139.4764882455,35.2973745024],[139.4764906583,35.2973750618],[139.4764934076,35.2973753406]]],[[[139.477133823,35.2973828903],[139.4771354319,35.2973775834],[139.4771302437,35.297375783],[139.4771273766,35.2973771967],[139.4771240437,35.2973823408],[139.4771215148,35.2973865569],[139.4771217343,35.2973990619],[139.4771275979,35.2974023679],[139.4771326556,35.297404251],[139.4771361576,35.2974044489],[139.4771394644,35.297403197],[139.4771424358,35.297400062],[139.4771450168,35.2973927559],[139.4771476626,35.2973893412],[139.4771489846,35.29738953],[139.4771490755,35.2973920616],[139.4771469621,35.2973961158],[139.4771394383,35.297409611],[139.4771340181,35.2974195836],[139.4771327726,35.2974270614],[139.4771329021,35.2974429444],[139.4771353015,35.2974498907],[139.4771373771,35.2974514214],[139.4771423189,35.2974508908],[139.4771448738,35.2974482773],[139.4771508265,35.2974425298],[139.4771606848,35.297428584],[139.4771710216,35.2974057286],[139.4771705675,35.2974023948],[139.477169375,35.2973988641],[139.4771679603,35.2973955294],[139.4771646014,35.2973896748],[139.4771534336,35.2973753046],[139.4771499316,35.2973723044],[139.4771461841,35.2973729178],[139.4771401263,35.2973793947],[139.4771382458,35.2973820081],[139.4771355739,35.2973847016],[139.4771341611,35.2973849714],[139.477133823,35.2973828903]]],[[[139.4761245236,35.2974952239],[139.4761254967,35.2974991971],[139.4761282459,35.2975032512],[139.4761308531,35.2975042513],[139.4761393229,35.2975054492],[139.4761455992,35.2975023051],[139.4761569613,35.2974958642],[139.4761611899,35.297480305],[139.4761603724,35.2974675571],[139.4761571043,35.2974630344],[139.4761452107,35.2974424759],[139.4761399317,35.2974438906],[139.476132747,35.2974478368],[139.4761298539,35.2974562778],[139.4761279348,35.2974672774],[139.4761276874,35.2974786377],[139.4761276623,35.2974862234],[139.4761245236,35.2974952239]]],[[[139.4768266901,35.2975675032],[139.4768279348,35.2975840076],[139.4768325519,35.2976103406],[139.4768379865,35.2976269448],[139.4768437709,35.2976343678],[139.4768490499,35.2976343678],[139.4768532399,35.297632035],[139.4768727983,35.2976061696],[139.4768789596,35.2975827287],[139.4768827727,35.2975698369],[139.4768825128,35.2975537022],[139.4768742633,35.2975020344],[139.476871774,35.297491756],[139.4768661056,35.2974842512],[139.4768594911,35.2974837017],[139.4768560799,35.2974860345],[139.4768518774,35.2974911427],[139.4768487648,35.2975001431],[139.4768369361,35.2975402241],[139.4768299321,35.2975554487],[139.4768266901,35.2975675032]]],[[[139.4764046787,35.2975715835],[139.4764049907,35.297573035],[139.4764069872,35.297574116],[139.4764103723,35.2975739451],[139.4764111511,35.2975738642],[139.4764129021,35.2975734217],[139.4764150164,35.2975721429],[139.4764181038,35.2975710888],[139.4764189851,35.2975692776],[139.4764188295,35.297567675],[139.476417235,35.2975659447],[139.4764172989,35.2975643053],[139.4764154966,35.2975626109],[139.4764135118,35.2975617017],[139.4764114371,35.2975607826],[139.4764094649,35.2975591701],[139.4764073766,35.2975589714],[139.476404524,35.2975594219],[139.4763999572,35.2975615839],[139.4763985435,35.2975641695],[139.4763994383,35.2975669718],[139.4763999572,35.2975696751],[139.476401826,35.2975705834],[139.4764046787,35.2975715835]]],[[[139.4757469873,35.2977081969],[139.4757495423,35.2977074756],[139.475752189,35.2977051428],[139.4757583494,35.2976968906],[139.4757580778,35.2976920891],[139.475756378,35.2976777557],[139.4757606849,35.2976708102],[139.4757631616,35.2976618908],[139.4757629925,35.2976518642],[139.4757747179,35.2976354489],[139.4757852364,35.2976106753],[139.4758032138,35.2975527832],[139.4758081286,35.2975104215],[139.4758030969,35.2975016747],[139.4757947953,35.2974913676],[139.4757759365,35.2974783409],[139.4757704632,35.2974746105],[139.4757611255,35.29747081],[139.4757547439,35.2974715843],[139.4757445231,35.2974734486],[139.4757354966,35.2974766745],[139.4757255735,35.2974825839],[139.4757178178,35.2974905025],[139.4757153015,35.2974948102],[139.4757152367,35.2975017557],[139.4757142376,35.2975085303],[139.4757144849,35.2975238367],[139.4757113454,35.2975335026],[139.4756935766,35.2975543408],[139.4756894649,35.2975625301],[139.475684238,35.2975718911],[139.475679245,35.2975880079],[139.4756753797,35.2975911429],[139.4756501006,35.2976231696],[139.4756158464,35.2976520081],[139.4756103209,35.2976581973],[139.4756037703,35.2976773052],[139.4756072084,35.2976904757],[139.4756172988,35.2977012235],[139.475625068,35.2977045025],[139.4756358464,35.2977068641],[139.4756535504,35.2977074756],[139.4756696078,35.2977088642],[139.4756848738,35.2977071159],[139.4756929408,35.297703783],[139.4757139399,35.2976990885],[139.4757346522,35.2976908372],[139.4757409304,35.2976887023],[139.475744096,35.2976904218],[139.4757458209,35.2976940352],[139.4757448218,35.2977006111],[139.4757440438,35.2977045843],[139.4757441608,35.297706918],[139.4757455736,35.2977080889],[139.4757469873,35.2977081969]]],[[[139.476130711,35.2976663406],[139.4761375198,35.2976667021],[139.4761412672,35.2976651966],[139.4761468835,35.2976602513],[139.4761527471,35.2976535837],[139.476155847,35.2976450347],[139.476159465,35.2976400615],[139.476164485,35.2976362241],[139.4761666893,35.2976328912],[139.4761694646,35.2976261427],[139.4761661317,35.2976128912],[139.476163771,35.2976007017],[139.4761608005,35.2975996109],[139.4761566249,35.2975971701],[139.4761491534,35.2975958913],[139.4761387905,35.2976010075],[139.4761374676,35.297605675],[139.4761350169,35.2976107292],[139.4761263268,35.2976580893],[139.4761280778,35.2976635302],[139.476130711,35.2976663406]]],[[[139.4769353795,35.2978380346],[139.4769317346,35.2978356379],[139.4769284664,35.2978327286],[139.4769349649,35.2978294218],[139.4769416829,35.2978228639],[139.4769527724,35.2978051428],[139.4769559884,35.2977951432],[139.4769589336,35.297778557],[139.4769595164,35.2977677561],[139.4769590236,35.2977576379],[139.4769612422,35.2977548635],[139.476967157,35.297755341],[139.4769734334,35.297753278],[139.4769811001,35.2977368096],[139.4769852109,35.2977254484],[139.4769935117,35.2977124218],[139.47700455,35.2977048639],[139.4770139398,35.2977002782],[139.4770209959,35.2976937554],[139.4770305161,35.297678368],[139.4770374678,35.2976707292],[139.4770489081,35.2976459448],[139.4770531619,35.2976275024],[139.4770544326,35.2976100078],[139.4770535504,35.2975886382],[139.4770577394,35.2975822512],[139.4770726295,35.2975666749],[139.4770761576,35.297550756],[139.4770729928,35.2975416378],[139.4770645761,35.297529729],[139.4770212413,35.297483341],[139.477015626,35.2974827825],[139.477011463,35.2974837826],[139.4770013456,35.2975060075],[139.4769969093,35.2975173678],[139.4769946016,35.2975168102],[139.4769959623,35.2975090616],[139.4769934334,35.2975041693],[139.4769883756,35.2975054221],[139.4769824095,35.2975139719],[139.4769829932,35.2975051424],[139.4769787906,35.2975030344],[139.476974848,35.2975077288],[139.4769703208,35.2975180081],[139.4769659888,35.2975211431],[139.4769643547,35.2975185297],[139.4769599579,35.2975180621],[139.4769543552,35.2975193049],[139.4769501526,35.2975226108],[139.4769459627,35.2975340349],[139.4769463269,35.2975449716],[139.4769484664,35.2975570621],[139.476951605,35.2975672505],[139.4769615147,35.2975900888],[139.4769671049,35.2976205569],[139.4769754578,35.2976438368],[139.4769754317,35.2976498101],[139.4769713461,35.2976518641],[139.476966327,35.2976466112],[139.4769660149,35.2976399445],[139.476963629,35.2976367825],[139.4769538228,35.2976370352],[139.4769465724,35.2976396108],[139.4769001009,35.2976769714],[139.4768987384,35.2976905026],[139.4768935511,35.29771417],[139.4768857423,35.2977210076],[139.4768642116,35.2977387018],[139.4768562355,35.2977505027],[139.4768518001,35.2977616749],[139.4768491273,35.2977773411],[139.4768480517,35.2977863407],[139.4768512677,35.2977910891],[139.4768599057,35.2977939444],[139.4768665472,35.2978062238],[139.4768761834,35.2978196111],[139.4768704898,35.2978313409],[139.4768671048,35.2978331971],[139.4768553282,35.2978864217],[139.4768541869,35.2979015834],[139.4768561061,35.2979085028],[139.4768620974,35.2979169447],[139.4768677136,35.2979173944],[139.4768727732,35.2979163044],[139.4768787384,35.2979109174],[139.4768863781,35.2979016751],[139.4769042117,35.2978661159],[139.4769076237,35.2978678372],[139.4769117085,35.2978706107],[139.4769177402,35.297868143],[139.4769250166,35.2978632777],[139.4769359371,35.297847008],[139.4769363265,35.2978432237],[139.4769353795,35.2978380346]]],[[[139.4762377393,35.297653197],[139.4762304377,35.2976638369],[139.4762219292,35.2976672777],[139.4762137967,35.2976718102],[139.476210685,35.2976802513],[139.4762061839,35.2977049449],[139.4761958471,35.2977272777],[139.4761954964,35.2977344759],[139.4761896337,35.2977439179],[139.4761842378,35.2977671699],[139.4761828771,35.2977790616],[139.4761864294,35.2977974761],[139.4761923191,35.297805945],[139.4761983499,35.2978073408],[139.4762064951,35.2978075296],[139.4762140953,35.2978067562],[139.4762181548,35.2978040619],[139.4762236029,35.2977941432],[139.4762252109,35.2977842507],[139.4762288558,35.2977768637],[139.4762346789,35.2977714758],[139.4762425129,35.2977662508],[139.4762518254,35.2977500621],[139.4762563778,35.297737584],[139.4762576881,35.297719611],[139.4762590236,35.2977082238],[139.4762576629,35.2977020347],[139.4762615408,35.2976908642],[139.4762659627,35.2976844763],[139.4762824869,35.2976529721],[139.4762880519,35.2976414491],[139.4762907103,35.2976315566],[139.4762899962,35.2976222504],[139.4762866247,35.2976134217],[139.4762821622,35.297606729],[139.4762751322,35.2976045571],[139.4762724864,35.2976045571],[139.4762645238,35.2976147015],[139.4762647181,35.2976179444],[139.4762539397,35.2976230616],[139.4762463269,35.2976260078],[139.4762439006,35.2976275294],[139.4762431874,35.2976392512],[139.4762377393,35.297653197]]],[[[139.4752469093,35.2977160075],[139.475246573,35.2977147287],[139.4752457942,35.2977139175],[139.4752443805,35.2977134759],[139.4752426295,35.297713368],[139.4752410997,35.2977159176],[139.4752449129,35.2977197019],[139.4752466638,35.2977192514],[139.4752472088,35.2977185301],[139.4752473248,35.2977174491],[139.4752469093,35.2977160075]]],[[[139.4752672349,35.2977188368],[139.4752640693,35.2977183413],[139.4752624865,35.2977197289],[139.4752650163,35.2977218099],[139.4752666639,35.2977218369],[139.4752677655,35.2977215572],[139.475268324,35.297720675],[139.4752681037,35.2977197559],[139.4752672349,35.2977188368]]],[[[139.4752286864,35.297730197],[139.4752298024,35.2977310082],[139.4752308789,35.2977310082],[139.4752323187,35.2977303679],[139.4752335508,35.2977293049],[139.4752337703,35.297728116],[139.4752332136,35.2977262238],[139.4752323574,35.2977255026],[139.4752299319,35.2977250619],[139.4752281549,35.2977252238],[139.475225626,35.2977255835],[139.4752246529,35.2977261159],[139.4752245234,35.2977272778],[139.4752250675,35.2977286376],[139.4752275973,35.2977293679],[139.4752286864,35.297730197]]],[[[139.4752606843,35.2977328096],[139.4752602436,35.2977308104],[139.475256962,35.2977298103],[139.4752550167,35.2977303049],[139.4752547433,35.297732341],[139.4752555213,35.297733422],[139.4752577138,35.2977338636],[139.4752596851,35.2977337017],[139.4752606843,35.2977328096]]],[[[139.4752443544,35.2977441968],[139.4752431619,35.2977421157],[139.4752424091,35.2977405033],[139.4752417086,35.2977395842],[139.4752393227,35.2977392235],[139.4752379863,35.2977403953],[139.4752392966,35.2977444486],[139.4752404118,35.297745008],[139.475242384,35.2977455566],[139.4752437968,35.2977455566],[139.4752445756,35.2977448371],[139.4752443544,35.2977441968]]],[[[139.475194576,35.2977879452],[139.4751944582,35.297787143],[139.4751936029,35.2977864218],[139.4751929401,35.2977863408],[139.4751918259,35.2977868642],[139.475191048,35.2977894759],[139.4751923574,35.2977907556],[139.4751929015,35.2977907556],[139.4751939006,35.297790305],[139.4751943548,35.2977890352],[139.475194576,35.2977879452]]],[[[139.4752020197,35.2977936379],[139.4752035764,35.2977927017],[139.4752039002,35.2977916747],[139.4752037968,35.2977905838],[139.4752034595,35.2977898644],[139.4752023839,35.297789224],[139.4752011509,35.2977894219],[139.4752001788,35.2977901431],[139.4751995169,35.2977912241],[139.4751994908,35.2977925569],[139.4752003721,35.297793476],[139.4752020197,35.2977936379]]],[[[139.4751906846,35.297794611],[139.4751908267,35.2977936109],[139.4751907107,35.2977925299],[139.4751903726,35.297791368],[139.4751884013,35.297790368],[139.4751877915,35.297790395],[139.4751874021,35.2977907286],[139.4751871827,35.2977911702],[139.4751870784,35.2977937827],[139.4751879345,35.2977947828],[139.4751890497,35.2977952243],[139.4751906846,35.297794611]]],[[[139.4751974673,35.2978032777],[139.4751972722,35.2978011158],[139.4751965986,35.2978000348],[139.4751957424,35.2977993045],[139.4751942891,35.2977990347],[139.4751922144,35.2977993045],[139.4751915408,35.2978003046],[139.4751922926,35.2978042508],[139.4751932918,35.2978048911],[139.4751962748,35.2978049181],[139.475197131,35.2978042778],[139.4751974673,35.2978032777]]],[[[139.4759536804,35.2978926109],[139.4759560797,35.2978952235],[139.4759592705,35.2978955841],[139.4759620198,35.2978947828],[139.475964653,35.2978933682],[139.4759672089,35.2978917557],[139.4759686343,35.2978888635],[139.4759694383,35.2978851699],[139.475968985,35.2978817291],[139.4759672988,35.2978781696],[139.4759643805,35.2978766111],[139.4759589846,35.2978771966],[139.4759560411,35.2978792506],[139.4759549385,35.2978833048],[139.4759541345,35.2978869182],[139.4759547694,35.2978889183],[139.4759536804,35.2978926109]]],[[[139.4760471829,35.2978613046],[139.4760428248,35.2978722242],[139.4760419947,35.2978838371],[139.4760439004,35.2979168369],[139.4760379603,35.2979300893],[139.4760392446,35.2979393676],[139.4760435766,35.2979520885],[139.4760470786,35.2979590349],[139.4760519691,35.297966278],[139.4760570134,35.2979682511],[139.4760634076,35.2979678365],[139.476070023,35.2979667825],[139.4760754054,35.29796417],[139.4760801529,35.297959864],[139.4760839004,35.2979562506],[139.476091774,35.2979460082],[139.4760922146,35.2979417022],[139.4760902946,35.2979291432],[139.4760922929,35.2979218641],[139.476094212,35.2979153683],[139.4760993229,35.2979011428],[139.4761033294,35.2978932243],[139.4761040434,35.2978800618],[139.4761038743,35.2978628371],[139.4761032655,35.2978514759],[139.4761045237,35.2978447292],[139.476105548,35.2978372505],[139.4761042377,35.2978305838],[139.4761024093,35.2978248911],[139.4760970395,35.2978196381],[139.476093292,35.2978196381],[139.4760808787,35.2978225294],[139.4760731616,35.2978276106],[139.4760683754,35.297835611],[139.4760653015,35.2978390347],[139.4760629408,35.2978501162],[139.4760555736,35.2978558637],[139.4760471829,35.2978613046]]],[[[139.4750083237,35.2979000349],[139.4750009043,35.2979044758],[139.4749936027,35.2979140077],[139.4749794384,35.2979323683],[139.4749542897,35.2979775304],[139.4749501268,35.297994837],[139.474949375,35.2980160889],[139.474969491,35.2980441162],[139.4749764032,35.2980488098],[139.4749851842,35.2980537021],[139.4749952629,35.298058143],[139.4750059369,35.2980615298],[139.4750083237,35.2980619723],[139.4750090495,35.2980621162],[139.475019764,35.2980641702],[139.4750302177,35.298064476],[139.4750396858,35.2980621701],[139.4750469613,35.298058035],[139.4750525776,35.2980526382],[139.475064329,35.2980323054],[139.4750687645,35.298021143],[139.4750698023,35.2980129448],[139.4750745498,35.2980074491],[139.4750821626,35.2980034219],[139.4750881287,35.2979972238],[139.4750914364,35.297990638],[139.4750922664,35.2979820081],[139.4750967936,35.2979742506],[139.4751115794,35.2979657286],[139.4751198532,35.2979611699],[139.4751261313,35.2979532514],[139.4751327989,35.2979429182],[139.4751414369,35.2979285839],[139.4751505677,35.2979203407],[139.475152825,35.2979141965],[139.4751525129,35.2979056377],[139.4751521883,35.297897837],[139.4751463265,35.297891557],[139.4751286341,35.2978866377],[139.4751232652,35.297882035],[139.4751185698,35.2978763414],[139.4751152108,35.2978635296],[139.4751120452,35.2978601968],[139.4751061052,35.2978585303],[139.4750978566,35.2978605844],[139.47507704,35.297869368],[139.4750609565,35.2978800619],[139.4750344067,35.2978880892],[139.4750190499,35.2978936749],[139.4750090495,35.2978996114],[139.4750083237,35.2979000349]]],[[[139.4761726033,35.2980163945],[139.4761752365,35.2980135032],[139.476177572,35.2980092782],[139.476175821,35.2980049452],[139.4761713199,35.2980043049],[139.4761662747,35.2980046377],[139.4761639653,35.298006368],[139.4761641343,35.2980098367],[139.47616621,35.2980143953],[139.4761691795,35.2980170078],[139.4761726033,35.2980163945]]],[[[139.4761059113,35.2980527829],[139.4761175459,35.2980548909],[139.4761269879,35.298057972],[139.4761376628,35.2980629722],[139.4761431361,35.2980637016],[139.4761492191,35.2980575025],[139.4761496858,35.2980505571],[139.4761437458,35.2980308097],[139.4761403464,35.298024224],[139.4761346528,35.298019972],[139.476131605,35.2980138368],[139.476119608,35.2980123413],[139.4760997636,35.2980223049],[139.4760916049,35.2980268635],[139.4760900491,35.2980333683],[139.476095302,35.2980393047],[139.4761022151,35.2980440352],[139.4761025515,35.2980500346],[139.4761059113,35.2980527829]]],[[[139.4760803724,35.2981123945],[139.476089076,35.2981133046],[139.4760932399,35.2981132236],[139.4761011503,35.2981124493],[139.4761088818,35.2981105841],[139.4761163525,35.2981082513],[139.4761209957,35.2981051972],[139.4761224355,35.2981030352],[139.4761138748,35.2980947291],[139.4761084016,35.2980930887],[139.4761009309,35.2980940618],[139.4760942121,35.2980973677],[139.4760856253,35.2980981429],[139.4760787644,35.2981024489],[139.4760771303,35.2981048096],[139.4760772086,35.2981101156],[139.4760803724,35.2981123945]]],[[[139.474326716,35.2992380078],[139.47432835,35.2992402516],[139.4743310993,35.299241891],[139.4743338485,35.299241891],[139.4743364943,35.2992410888],[139.4743390241,35.2992395573],[139.4743411258,35.2992375032],[139.4743438229,35.2992321433],[139.4743438229,35.2992257833],[139.4743446277,35.2992130894],[139.4743442114,35.299208197],[139.4743413848,35.2992049451],[139.4743329015,35.2992027831],[139.474324991,35.2992062779],[139.4743239919,35.2992090622],[139.4743228767,35.2992126379],[139.4743231879,35.2992155301],[139.474325626,35.2992343952],[139.474326716,35.2992380078]]],[[[139.4743136029,35.2992701432],[139.4743169097,35.2992690623],[139.4743192183,35.299267278],[139.4743205421,35.2992653948],[139.4743214369,35.2992626753],[139.474319686,35.2992374493],[139.4743165464,35.2992275028],[139.4743135769,35.299223008],[139.4743096333,35.2992223686],[139.4743063265,35.2992238641],[139.4743052105,35.2992263049],[139.474304679,35.2992447023],[139.4743052105,35.2992528097],[139.4743073509,35.2992677025],[139.474311074,35.2992702242],[139.4743136029,35.2992701432]]],[[[139.4742014629,35.2994130348],[139.4742014629,35.2994175574],[139.4742112934,35.2994306381],[139.4742175455,35.2994335573],[139.4742350427,35.2994284761],[139.474239569,35.2994238914],[139.474241489,35.299415945],[139.474235263,35.2993796114],[139.4742337458,35.299377972],[139.4742303464,35.2993741975],[139.4742209953,35.2993749718],[139.4742137063,35.2993785574],[139.474201346,35.2993884221],[139.4742011256,35.2993913053],[139.4742032921,35.2993984495],[139.4742028245,35.2994063681],[139.4742014629,35.2994130348]]],[[[139.4743274678,35.2994448644],[139.4743217346,35.2994647026],[139.4743193227,35.2994763956],[139.4743108007,35.2994816107],[139.4743035117,35.2994842781],[139.4743016564,35.2994862513],[139.4742982066,35.2994943685],[139.474296184,35.2995025569],[139.4742990241,35.2995111436],[139.4743010736,35.2995180081],[139.4743046529,35.2995271164],[139.4743106586,35.2995353407],[139.4743172344,35.299542395],[139.474320633,35.299542476],[139.4743250424,35.2995413051],[139.474331022,35.2995342238],[139.4743358207,35.2995263053],[139.4743367938,35.2995176385],[139.4743367677,35.2995039454],[139.4743344592,35.2994987024],[139.4743344843,35.2994942786],[139.4743436808,35.299479089],[139.4743518781,35.2994649454],[139.4743637456,35.2994423679],[139.4743674939,35.2994183048],[139.4743664948,35.2994095571],[139.4743624604,35.2994062242],[139.4743577921,35.2994077836],[139.4743540958,35.2994112514],[139.4743453275,35.2994172238],[139.474336988,35.2994282243],[139.4743309959,35.2994363416],[139.4743274678,35.2994448644]]],[[[139.4749994387,35.2999831159],[139.4750029407,35.2999853947],[139.4749959116,35.3000031698],[139.4749955734,35.300004008],[139.4749889337,35.3000207831],[139.4749983496,35.3000267564],[139.4750053023,35.3000231699],[139.475008324,35.3000111972],[139.4750090498,35.3000083409],[139.4750101272,35.300004008],[139.4750103466,35.3000031698],[139.4750225783,35.2999548097],[139.4750172084,35.2998922241],[139.4750229928,35.2998788098],[139.4750197382,35.2998651967],[139.4750090497,35.2998559184],[139.4750085695,35.299855503],[139.475008324,35.299855503],[139.4749975717,35.299855395],[139.474994264,35.2998552781],[139.4749800745,35.2998603953],[139.4749642635,35.2998760354],[139.474967377,35.299893341],[139.474965912,35.2999037831],[139.4749305677,35.2999370355],[139.4749243291,35.2999371974],[139.47491027,35.2999199448],[139.474894459,35.2999245035],[139.4748814629,35.3000031699],[139.4748813199,35.300004008],[139.4748805681,35.3000084759],[139.4748997381,35.300024116],[139.4749050674,35.3000365572],[139.4749058211,35.300065224],[139.474903071,35.3000685569],[139.47490324,35.3000811968],[139.4749086872,35.3000885029],[139.4749222148,35.3000907018],[139.4749337711,35.3000902782],[139.4749613201,35.3000993955],[139.4749698025,35.3000981428],[139.47497346,35.300088422],[139.474949413,35.3000417831],[139.4749557946,35.3000289723],[139.4749765986,35.3000212786],[139.4749862744,35.300004008],[139.4749867421,35.3000031698],[139.4749868185,35.300003008],[139.4749994387,35.2999831159]]],[[[139.4707448393,35.4235575398],[139.4708578355,35.4235605939],[139.4716675636,35.4237792064],[139.4725000671,35.4240561526],[139.472612843,35.4240933773],[139.4726245027,35.4240972606],[139.4727733999,35.4241467116],[139.4727839579,35.4241503143],[139.4727647879,35.4240333781],[139.4727536732,35.4239644856],[139.4727536732,35.4236811523],[139.472771727,35.4234397653],[139.4727753459,35.423389486],[139.4728147874,35.423228099],[139.4729089518,35.4230133778],[139.472983958,35.4228994858],[139.4729922848,35.4228900447],[139.4731153453,35.4227497658],[139.4733214547,35.4225719814],[139.4735603389,35.4224033774],[139.4737078358,35.4223305935],[139.474370897,35.4222022601],[139.4749133996,35.4221469814],[139.4749975635,35.4221383776],[139.4750083419,35.4221372067],[139.4750097817,35.4221370709],[139.4753211684,35.4221039273],[139.4755289514,35.4220417112],[139.4756525695,35.4220047653],[139.475732843,35.421980873],[139.4759289519,35.4219383773],[139.4761231146,35.4218964311],[139.4763792371,35.4217592062],[139.4767361762,35.4215680984],[139.4769028431,35.4214380978],[139.4770864478,35.421294485],[139.4774245029,35.4210408735],[139.4774253456,35.4210403141],[139.4774275642,35.4210378194],[139.4776803384,35.4207733773],[139.4777039582,35.4207314311],[139.477851429,35.4204678191],[139.4778614286,35.420450044],[139.4779383674,35.4202844851],[139.4779639189,35.420203377],[139.4779961497,35.4201003138],[139.4780464218,35.4199378188],[139.4779939184,35.419520314],[139.477961987,35.4193392058],[139.4779547618,35.4188436469],[139.4779475375,35.4183558726],[139.4779655913,35.4179644849],[139.4779761493,35.4174767106],[139.4779886525,35.4172539269],[139.4779939181,35.4171633769],[139.4779678089,35.4169167108],[139.4779583669,35.4168283767],[139.4778985359,35.4166703136],[139.4778983416,35.416669846],[139.477876149,35.4166111517],[139.477758613,35.4163686468],[139.47773445,35.416327287],[139.4776794564,35.4162328456],[139.477537511,35.4160659],[139.4774075113,35.4159570163],[139.4768655653,35.4155797912],[139.4766552804,35.415451458],[139.4764377829,35.4153195113],[139.4762702868,35.4151914577],[139.4761633466,35.4150417377],[139.4760919467,35.4148792329],[139.4760530618,35.4147506199],[139.476005565,35.414468954],[139.4760055649,35.4143834033],[139.4760341777,35.414187566],[139.4760877827,35.4139914581],[139.4761588984,35.4138239539],[139.4762036199,35.4137528454],[139.4762563948,35.4136489539],[139.476293347,35.4135556196],[139.4763300133,35.4134250704],[139.4763480689,35.4132150706],[139.4763300132,35.4130447911],[139.4762730618,35.4127097918],[139.4762052798,35.4125245117],[139.4760519202,35.4120364577],[139.4759591442,35.4117620161],[139.4759013628,35.4115236831],[139.4757944234,35.4109647913],[139.4757619201,35.4108125658],[139.4757158109,35.4105231243],[139.4756769259,35.4102772865],[139.475698586,35.4097325653],[139.4757627633,35.4086175651],[139.4757890918,35.4083370162],[139.4757891179,35.4083365116],[139.4758088454,35.4081261782],[139.4758293904,35.4077881239],[139.4758807775,35.4071014573],[139.4758841113,35.4070578456],[139.475891894,35.4068650705],[139.4759041113,35.406618953],[139.4760238389,35.4061928721],[139.4761557847,35.4058734302],[139.4762405053,35.4056570434],[139.4764196754,35.4051384295],[139.4764338388,35.4049531512],[139.4764088457,35.4047609256],[139.4763591176,35.4045223129],[139.4762974439,35.404350376],[139.4761915954,35.4040556457],[139.4761099216,35.403891764],[139.4758638122,35.4035034296],[139.4757746435,35.4034003763],[139.4754313092,35.4030248176],[139.4750096485,35.4025623125],[139.475008339,35.4025608717],[139.4750038119,35.4025559255],[139.4748999212,35.4023625919],[139.4748490906,35.4021817634],[139.4748277029,35.4020606454],[139.4748313092,35.4019609259],[139.4748413087,35.401914538],[139.4748668594,35.4017970424],[139.4749132545,35.4016900968],[139.4750083389,35.4015576456],[139.4750096483,35.4015558451],[139.4750129821,35.4015512046],[139.4751643695,35.4013778719],[139.4753338116,35.4012450969],[139.4754943694,35.40114898],[139.4757993637,35.4010117632],[139.4761593641,35.400862313],[139.4765335271,35.4006270422],[139.476837703,35.4003825911],[139.4769029821,35.4003087091],[139.47700686,35.4001795376],[139.4770871461,35.4000728717],[139.4771219445,35.4000037094],[139.4771222035,35.4000031779],[139.4772671193,35.3997150962],[139.4773937861,35.399463429],[139.477502399,35.3992542583],[139.4775062895,35.3992464837],[139.4775332287,35.3991942583],[139.4775471196,35.3991675916],[139.4775643434,35.3991342582],[139.477600453,35.399064817],[139.4776187793,35.3990173121],[139.4777257321,35.3987409253],[139.4778007256,35.398470375],[139.4778362893,35.3982923119],[139.4778435009,35.3981389793],[139.4778293375,35.3979609252],[139.4778185078,35.3976367636],[139.4778112826,35.397437312],[139.4777793377,35.3970359247],[139.4777929552,35.3965020691],[139.4778112825,35.3963912313],[139.4778493373,35.3961981774],[139.4778754464,35.3960776179],[139.4779760031,35.3957506819],[139.4780723726,35.3954978977],[139.4782504258,35.3951595637],[139.4784145898,35.3945862306],[139.4784429157,35.3943831771],[139.4784590378,35.3941962306],[139.4784595828,35.3941912312],[139.4784745898,35.3940162312],[139.478457365,35.3939173481],[139.4784140321,35.3936670685],[139.4783854201,35.3933040149],[139.4783540319,35.3928806815],[139.4783784808,35.3927017901],[139.4784068076,35.3925309522],[139.478504304,35.392264564],[139.4786093106,35.3920570688],[139.4787754199,35.3917834554],[139.4788939541,35.3916704016],[139.4788945378,35.391669844],[139.4789320854,35.3916340151],[139.4790640321,35.3915556814],[139.4792137207,35.3915056818],[139.4800951211,35.3913259512],[139.4801228913,35.3913204015],[139.480128727,35.3913181766],[139.4802976116,35.3912565092],[139.4803867821,35.3911854016],[139.4804815031,35.3910828977],[139.4805989987,35.3908942847],[139.4807095568,35.3906412307],[139.4807240062,35.3904915098],[139.4807631761,35.3902848437],[139.4809067816,35.3899706817],[139.4810578965,35.3897331761],[139.4812453934,35.3894776176],[139.4813626174,35.389370681],[139.4815345633,35.3892765093],[139.4820287264,35.3891376171],[139.4821915028,35.3891026172],[139.4826478971,35.3890065093],[139.4830078966,35.3888820683],[139.483341671,35.3887445358],[139.4833428905,35.3887440412],[139.483353721,35.3887395626],[139.4835142779,35.3886006811],[139.4836781685,35.3884367887],[139.4839089984,35.388039041],[139.4839634478,35.387945149],[139.4840526174,35.3878062568],[139.4841534215,35.3875943109],[139.484278143,35.3873701485],[139.484416483,35.3871215354],[139.4846642516,35.3866759779],[139.484946198,35.3861532029],[139.4851384155,35.3857965353],[139.4852973122,35.3854945897],[139.4853850815,35.3853273733],[139.4854956396,35.3851098695],[139.4856061978,35.3848673736],[139.4856061977,35.3846395897],[139.4855742511,35.3844045897],[139.4855548095,35.3842815354],[139.4855112032,35.3840687612],[139.4854673126,35.3838854272],[139.4854648098,35.383878202],[139.4854061973,35.3837165354],[139.4853787005,35.3833370943],[139.4853786744,35.383336508],[139.4853742255,35.3832754278],[139.4853956131,35.3831151488],[139.4854489474,35.3829690404],[139.4855344981,35.3828232028],[139.4856842253,35.3826057071],[139.4857592324,35.3825204271],[139.4858981174,35.3823851483],[139.4860228381,35.3822818153],[139.486179777,35.3821998691],[139.4863420084,35.3821123731],[139.4873795041,35.3816098687],[139.4884297774,35.3811129229],[139.4897603343,35.3804893095],[139.4900408922,35.380357923],[139.4907092324,35.3800323998],[139.4908628384,35.3799573999],[139.4915225263,35.3796010129],[139.4916750045,35.3794918145],[139.4916761457,35.3794910123],[139.4918111394,35.379394345],[139.492122812,35.3791176793],[139.4923330843,35.3788754532],[139.492586417,35.3784801741],[139.4926897518,35.3782662821],[139.492968091,35.3774418411],[139.493260866,35.3764843454],[139.4933519817,35.3761571198],[139.4936466768,35.3750968406],[139.4936569489,35.3750176787],[139.4936586738,35.3750037868],[139.493658752,35.3750031735],[139.4936608403,35.3749862815],[139.4936394516,35.3747512824],[139.4936038879,35.374501841],[139.4935647305,35.3743948945],[139.4934563909,35.3741860117],[139.4932316701,35.3739151737],[139.4931355604,35.3738118407],[139.4930141735,35.3736907326],[139.4929852756,35.3736696147],[139.4929358335,35.3736337866],[139.492596119,35.3734410115],[139.4921461189,35.3732093453],[139.4916761187,35.3729674799],[139.4916750035,35.3729669223],[139.4915463906,35.3729007331],[139.4907013973,35.3724304533],[139.4905088938,35.372299066],[139.4903022268,35.3721601738],[139.4901061179,35.3720068412],[139.4899277778,35.3718465613],[139.4896327848,35.3715029763],[139.4895211124,35.3713474259],[139.4894061178,35.3711388138],[139.489331358,35.3708965877],[139.4892385821,35.370565201],[139.4892099701,35.3703407599],[139.4891885815,35.3699965884],[139.4891685814,35.3697040929],[139.4891599695,35.3695760393],[139.4891741463,35.3689596421],[139.4891385817,35.3685577063],[139.4890958062,35.367581868],[139.4890171946,35.3671363088],[139.4889871941,35.3669999221],[139.4889362861,35.3666704797],[139.4889361953,35.3666698412],[139.4889279979,35.3666168676],[139.4887213309,35.3660824256],[139.4886249496,35.3658582552],[139.4883835616,35.3654815877],[139.4882893864,35.3653604796],[139.4881066099,35.3651257601],[139.4879277248,35.3648221472],[139.4875788408,35.3644193714],[139.4873024467,35.3640410383],[139.4872691124,35.3639954796],[139.4868402283,35.3634943719],[139.4866227182,35.3630168679],[139.4864530034,35.3621532821],[139.4864443915,35.3621088403],[139.486401304,35.3618063444],[139.48636242,35.3615321734],[139.4863374134,35.3613113449],[139.4860651947,35.3603932818],[139.4857015897,35.3597449489],[139.4856918617,35.3596235602],[139.485719086,35.3595638407],[139.4857229764,35.3595557863],[139.4857407461,35.3595171739],[139.485888529,35.3594263442],[139.4867407455,35.3591235603],[139.4871218621,35.3589988405],[139.488575753,35.3586313441],[139.4888324204,35.3585743981],[139.4891485294,35.3584980114],[139.489182692,35.3585802274],[139.4891968554,35.3586493979],[139.4892282562,35.358855786],[139.4892604744,35.3589627325],[139.4892960255,35.3589913444],[139.4895776986,35.3590196785],[139.4896238069,35.3590238405],[139.4898093595,35.3590410652],[139.4903965836,35.3590693983],[139.490542692,35.359044398],[139.4906671411,35.3590016137],[139.4908099165,35.3589232809],[139.4909846386,35.3588057862],[139.4911093593,35.3587452268],[139.4911821343,35.3587232806],[139.4913732501,35.3587093978],[139.4916750015,35.3587173711],[139.4916760258,35.3587173981],[139.4917832502,35.3587202274],[139.4921049233,35.3587030107],[139.4924576986,35.3586843974],[139.4926257531,35.3586349482],[139.4928390867,35.3585638396],[139.4932085031,35.3584407854],[139.4934148849,35.3583877316],[139.4935232244,35.358359948],[139.4936123688,35.3583371726],[139.4936150012,35.3583365053],[139.4936243397,35.3583341185],[139.4938304482,35.3582599478],[139.4940059994,35.3581930103],[139.4941207214,35.3581493977],[139.4944021085,35.3580421724],[139.4949957277,35.3578166134],[139.4951759995,35.3577710645],[139.4953996186,35.3577146779],[139.4954423949,35.3576616134],[139.4955648843,35.3575052266],[139.4956723947,35.3573830105],[139.4958359994,35.3572805058],[139.495898504,35.357269677],[139.4963871157,35.3572632801],[139.4968085038,35.3572724514],[139.4975185034,35.3571952265],[139.4979907221,35.3571210639],[139.4980848848,35.357112451],[139.498161552,35.3571052259],[139.4993807216,35.3569927314],[139.4995296188,35.3569555048],[139.499679061,35.35691828],[139.5000083352,35.3568783429],[139.5000093343,35.356878199],[139.5003818371,35.3568330099],[139.5007746134,35.3568252262],[139.501213497,35.3566338387],[139.502028218,35.3562780371],[139.5021621091,35.3562194238],[139.5026234973,35.3559897036],[139.5027157282,35.3558883068],[139.5028915519,35.3557649738],[139.503060968,35.3556408115],[139.5031806965,35.3555533066],[139.503450423,35.3553805315],[139.5034781923,35.3553480363],[139.5035015261,35.3552585852],[139.5036218113,35.3549083064],[139.503619035,35.3546174773],[139.5036490355,35.3544680361],[139.5037006961,35.3543716395],[139.5037345871,35.3543085854],[139.504000138,35.3540508117],[139.504074029,35.3539791448],[139.5043745869,35.353665811],[139.5044445874,35.3535060905],[139.5043976347,35.3533749729],[139.5043315264,35.3531899734],[139.5043384781,35.3530888653],[139.5044806959,35.3525183066],[139.504520696,35.3523583064],[139.5045459741,35.3522563691],[139.5045729133,35.3521435851],[139.5045873618,35.3520838647],[139.5045515256,35.3518963696],[139.5044973621,35.3517471981],[139.5044468049,35.3516527567],[139.5041987493,35.3514133059],[139.5040681659,35.3512697031],[139.5040551176,35.3510869194],[139.5040681659,35.3510085849],[139.5041448331,35.3509933063],[139.5042162204,35.350997757],[139.5046198398,35.3510944233],[139.5048259482,35.3511521985],[139.5049437181,35.3512566394],[139.5051657023,35.3517266386],[139.505299865,35.3519594228],[139.5056881924,35.3524708114],[139.5057406957,35.3524966391],[139.5057959744,35.3524966391],[139.5059757021,35.3524577569],[139.5062709684,35.3523883058],[139.5064323689,35.3523260898],[139.5066490353,35.3521694233],[139.5067076352,35.3521574767],[139.5067626413,35.3521649726],[139.506843199,35.3522155307],[139.5069512535,35.3522485852],[139.5069787502,35.3522566387],[139.5070437568,35.3522752519],[139.5072434711,35.3523794231],[139.5072923691,35.3523849728],[139.5073351444,35.3523897032],[139.5073609685,35.3523924767],[139.5074331993,35.3522774768],[139.5074131993,35.352144423],[139.5074009424,35.3520191438],[139.5073640036,35.3519408111],[139.5073340031,35.3517705307],[139.5073198406,35.3516685845],[139.507160942,35.3513719188],[139.5071634448,35.3512844229],[139.5072737178,35.3510533061],[139.5072826148,35.3510349725],[139.5073328878,35.3509602514],[139.5074101117,35.3508458109],[139.507467609,35.3508205309],[139.5078314999,35.3508391441],[139.5078706699,35.3509044223],[139.507896779,35.3510871979],[139.5080370508,35.3512147028],[139.5080831735,35.3513647026],[139.5081581662,35.3514788652],[139.5083416684,35.3516445311],[139.5083426154,35.3516453954],[139.508432615,35.3517266383],[139.5085928886,35.3518166389],[139.5087801122,35.3517121979],[139.5088409423,35.3516341439],[139.5089281667,35.3514863691],[139.5089717856,35.3514121975],[139.5088926155,35.351092198],[139.5088017849,35.3510335847],[139.5086970516,35.3509635851],[139.5085651183,35.3508755306],[139.5084098405,35.3508116383],[139.5083445614,35.3507594228],[139.5083678943,35.350703306],[139.5084098404,35.3506027564],[139.508631785,35.3504049729],[139.5085117848,35.3502483056],[139.5085403842,35.3501063683],[139.508594249,35.3500038645],[139.5085946133,35.3500031702],[139.5088048334,35.3496030357],[139.5088634449,35.3494916753],[139.5089587244,35.3493102785],[139.5090040026,35.3492777832],[139.5091937182,35.3491405575],[139.5093512273,35.3491372246],[139.5094884521,35.3491661162],[139.5095895539,35.349234729],[139.509639282,35.3492963955],[139.5097437185,35.3495372241],[139.5098206699,35.3496494496],[139.5100220066,35.3498617831],[139.5101560263,35.35000317],[139.5101567008,35.3500038643],[139.5101653909,35.3500130356],[139.5103223298,35.3501308108],[139.510485948,35.3501699727],[139.5105789964,35.3501585846],[139.5107132769,35.3500038643],[139.5107138866,35.35000317],[139.5107487245,35.349963035],[139.5109709425,35.3498063956],[139.511127894,35.3496758374],[139.5111506702,35.3495233411],[139.5111548332,35.3494944495],[139.5112309419,35.3493955573],[139.5112309418,35.3490825033],[139.5112840036,35.3488397295],[139.5113001123,35.3487225029],[139.5113092817,35.348530557],[139.5112792821,35.3483602784],[139.5111778682,35.3480113954],[139.5111831472,35.3478683411],[139.5112609161,35.3477861161],[139.5114681397,35.3477447293],[139.5116156375,35.3477033416],[139.5117528623,35.3476461159],[139.5118023044,35.3475966747],[139.511818413,35.3475322239],[139.5118136925,35.3474586108],[139.5117884134,35.3474055571],[139.5114467528,35.3471169449],[139.5113178682,35.3470802777],[139.5112303579,35.3470388909],[139.5111817459,35.3470363953],[139.5110895276,35.3470594495],[139.5109948065,35.3470586113],[139.51091648,35.3469280621],[139.5108153647,35.3467183411],[139.5106400859,35.3466302777],[139.510498413,35.3466116752],[139.5100278679,35.3465494494],[139.5100159231,35.3465394489],[139.509960916,35.3464936114],[139.509714249,35.3462883411],[139.5095573092,35.3460272239],[139.5095598138,35.3459527834],[139.5095617455,35.3458994491],[139.5095653644,35.3458027828],[139.5095700858,35.3456641702],[139.5095736912,35.3455641701],[139.5095728611,35.3454216752],[139.5095384125,35.3452655574],[139.5095450783,35.3451597288],[139.5095959223,35.3450538911],[139.5096603578,35.3449938911],[139.5097364792,35.3449547292],[139.5099759228,35.3448788911],[139.5101650781,35.3448072241],[139.5102848066,35.3447911164],[139.5105036918,35.3447402777],[139.5105175827,35.344712503],[139.5104884122,35.344572224],[139.510397024,35.3443633412],[139.5103448066,35.3442394488],[139.5101464791,35.3440252779],[139.5101050779,35.3436880618],[139.5100359227,35.3435175027],[139.5099875562,35.3433977831],[139.5099206169,35.3432316748],[139.5098400592,35.343061675],[139.5098350536,35.3428619446],[139.5099322775,35.3428011162],[139.5100772833,35.3428680617],[139.5100981143,35.3428791701],[139.5101458962,35.3429047289],[139.5102408889,35.342955278],[139.5103169985,35.3430636112],[139.5103375562,35.3432522242],[139.5103708895,35.3432666745],[139.5105069984,35.3433050081],[139.510788944,35.34338417],[139.5107914477,35.3433916749],[139.5109598134,35.3438863946],[139.5111067528,35.3441750078],[139.5117861943,35.3440505568],[139.5119336912,35.3439908364],[139.5121553642,35.3439355569],[139.5122936656,35.3439077831],[139.5128542229,35.3437905564],[139.5129978285,35.3437452773],[139.5132042229,35.3436800081],[139.5132964403,35.3436708368],[139.5138822776,35.3435161156],[139.5142695014,35.3434191695],[139.5143600596,35.3434236103],[139.5149367265,35.3432913946],[139.5150744955,35.3432675023],[139.5150914477,35.3432644482],[139.5153425627,35.3431977824],[139.5157033932,35.3431991691],[139.5159717195,35.3432000072],[139.5160553384,35.3430963945],[139.5162061691,35.3429102771],[139.5162717198,35.342829169],[139.5163103322,35.3427758635],[139.5163342227,35.3427430886],[139.516358945,35.3426619715],[139.5163947812,35.3425453043],[139.5164322775,35.34242225],[139.5164411619,35.3423933674],[139.5165478287,35.3423272501],[139.5165639509,35.3422669713],[139.5165733928,35.3422319714],[139.5166569992,35.3421330883],[139.5166750018,35.3421269171],[139.5166758967,35.3421266105],[139.5167758968,35.34209225],[139.5166758966,35.3420277012],[139.5166750018,35.3420271149],[139.5164850542,35.3419044752],[139.5162483867,35.3416955834],[139.5162357018,35.3416705831],[139.5162353124,35.3416698358],[139.5162200599,35.3416397553],[139.5160106176,35.3414853039],[139.516098672,35.3414414215],[139.5162700595,35.341425034],[139.5165278286,35.3414005832],[139.5166675571,35.3413872499],[139.5166750017,35.3413865025],[139.5166758966,35.3413864216],[139.5166950539,35.3413844755],[139.5168420059,35.3413705827],[139.5168350541,35.3413630878],[139.5166758965,35.3411883675],[139.5166750017,35.3411873944],[139.5163489443,35.340829475],[139.5162200597,35.3407264208],[139.5158223947,35.3403695024],[139.5157378287,35.3402572499],[139.515582835,35.3400778091],[139.5154275302,35.3399522503],[139.5154097488,35.3399380877],[139.5151903051,35.3396894756],[139.5151772452,35.3396744749],[139.5150205779,35.33949725],[139.514790578,35.3392641961],[139.5142203051,35.3386172499],[139.5133766994,35.3376769709],[139.5132878014,35.3375661421],[139.5129216927,35.3371369712],[139.5128094744,35.3369553045],[139.5124775291,35.3366161423],[139.51200391,35.3361330886],[139.5119086439,35.3360247554],[139.5117414203,35.3358341962],[139.5116039104,35.3357167016],[139.5114878015,35.3355455831],[139.5112339103,35.3352803047],[139.5109697469,35.3349617279],[139.510940304,35.3349264484],[139.510577244,35.3345292233],[139.5103441963,35.3342703399],[139.5102123665,35.3341445293],[139.5101669705,35.3340522768],[139.5101022499,35.3339725564],[139.509926141,35.3337928359],[139.509789721,35.3336342234],[139.5096558299,35.3335392235],[139.5095391626,35.3334658901],[139.509331939,35.3333622774],[139.5092550766,35.3333372772],[139.5092527168,35.333336502],[139.5091722239,35.3333103407],[139.5089808355,35.3332817279],[139.5088944412,35.333268944],[139.5085544417,35.333297556],[139.5083861147,35.3333189446],[139.5083424958,35.3333267282],[139.5083416657,35.3333268631],[139.5082877486,35.333336502],[139.5082834687,35.3333372773],[139.5081294733,35.3333647821],[139.5078661401,35.333398674],[139.5075853106,35.3334220079],[139.5073428075,35.3334789449],[139.5068600316,35.3335350617],[139.5066425215,35.3335511695],[139.5063047523,35.3335608903],[139.5055664124,35.3335389442],[139.5050939095,35.333518116],[139.5048569704,35.3334956105],[139.5047100311,35.3334914484],[139.5044750247,35.3334406106],[139.5044286431,35.3334245029],[139.5043594735,35.3334006106],[139.5042611344,35.333366449],[139.5042248558,35.3333372777],[139.5042238827,35.3333365024],[139.5040797456,35.3332206104],[139.5040719773,35.3332145031],[139.5039589163,35.3331233946],[139.5038155823,35.3330592235],[139.5036914192,35.3329842236],[139.5036497464,35.3329739444],[139.5032164116,35.3328675564],[139.5029344669,35.3328042235],[139.5029025212,35.3327911698],[139.5029058549,35.3326514485],[139.50290614,35.3326431162],[139.5029080861,35.3325545024],[139.5029100305,35.3324236744],[139.5029236372,35.3321945029],[139.5029347258,35.3320033951],[139.5028997196,35.3318020081],[139.5028077738,35.3315733951],[139.5027647259,35.3314642237],[139.5027177732,35.331317278],[139.5026161138,35.3311986745],[139.5023633377,35.3309981158],[139.5021297199,35.3308614486],[139.5020732478,35.3308225025],[139.5019552703,35.3307411697],[139.5018213926,35.3306245024],[139.5016724946,35.3304770082],[139.5015908343,35.3303706112],[139.5014722226,35.3300928367],[139.5014430522,35.3299550615],[139.5012938825,35.3294783947],[139.501157216,35.3291500621],[139.5010566709,35.3289178364],[139.50098444,35.3287086748],[139.5008444398,35.3284686745],[139.5007319373,35.328254224],[139.500649446,35.3281375567],[139.5005744398,35.3279886749],[139.5003955547,35.3277786751],[139.5002505489,35.3276497824],[139.500148331,35.327576449],[139.5000380588,35.3274745028],[139.5000091609,35.3274560892],[139.5000083308,35.3274555568],[139.4999033368,35.3273886751],[139.4997969425,35.3272989443],[139.4996227797,35.3272156105],[139.4993572153,35.3270950618],[139.4991602763,35.3269695029],[139.4991558273,35.3269664488],[139.4990186024,35.3267539444],[139.4989463842,35.3266653405],[139.4986730513,35.3262186751],[139.4985441676,35.326001729],[139.4985063844,35.3259308912],[139.498433051,35.3258400614],[139.4982449712,35.3255736751],[139.4981416372,35.325478945],[139.4978808068,35.3253108905],[139.4977538549,35.3251861698],[139.4976249712,35.3251350622],[139.4975624674,35.325108945],[139.4974123903,35.3250039447],[139.4974112743,35.3250031695],[139.4973210804,35.3249400622],[139.4972021953,35.324783395],[139.4971449715,35.324697837],[139.4970752434,35.3244947827],[139.4970627527,35.3244272778],[139.4971110795,35.3239850892],[139.497116086,35.3238731425],[139.4971352424,35.3236878641],[139.4971263589,35.323603702],[139.4971432976,35.3234867559],[139.4972508071,35.3231745293],[139.4972591339,35.3229634215],[139.4972283042,35.3227834213],[139.4971271889,35.3225781429],[139.4969824663,35.3221678641],[139.4969402494,35.3219081426],[139.4969294188,35.3217356373],[139.4969183031,35.3215631428],[139.496918019,35.3215567558],[139.4969230246,35.3214303678],[139.4969294187,35.3212787016],[139.496952194,35.320712305],[139.4969727524,35.3204648097],[139.4969749702,35.3203756374],[139.4969588615,35.3201825836],[139.4970113252,35.3200673048],[139.4971116104,35.3199253675],[139.4971318829,35.3198425831],[139.497127719,35.3197403671],[139.497103556,35.3195956374],[139.4970232708,35.3194267555],[139.4969346579,35.3192337016],[139.4968921685,35.3191284216],[139.4968835566,35.3189689717],[139.4968704948,35.3188050883],[139.4968079919,35.3186759178],[139.4967021677,35.3184137015],[139.4965799372,35.31813925],[139.4964996646,35.3180100885],[139.4964702226,35.3179625836],[139.4963357739,35.3178689714],[139.4961816103,35.3178711963],[139.4960579922,35.3178731424],[139.4959810524,35.3178742504],[139.495892998,35.3178448093],[139.495808549,35.3178070342],[139.4957516102,35.3177645295],[139.4956771616,35.3177017551],[139.4956066034,35.3176137015],[139.4955916099,35.3175942501],[139.4955104947,35.3174884215],[139.4954455015,35.3174023042],[139.4954321682,35.3173845291],[139.495361325,35.3173061964],[139.4953104944,35.3172689716],[139.4952488351,35.3172461963],[139.4950960456,35.3172278636],[139.4947738275,35.3171167551],[139.4947421677,35.3171059174],[139.4945957734,35.3170023047],[139.4945579919,35.3169739716],[139.494508835,35.3169187019],[139.4944596645,35.3168403674],[139.4944179917,35.3167781424],[139.4943752154,35.3167056372],[139.4943633867,35.3166706374],[139.4943631016,35.3166698361],[139.4943266035,35.3165617556],[139.4942057732,35.3162378639],[139.4940185486,35.3157209173],[139.4938846575,35.3154392775],[139.4938121676,35.3153395562],[139.4937232705,35.3151965029],[139.4936291061,35.3150773409],[139.4935727123,35.3150051154],[139.4935185479,35.3149478907],[139.493421609,35.3148456746],[139.4928940999,35.3143445562],[139.4926904942,35.3141890077],[139.4925529968,35.3140912235],[139.4925235548,35.3140703943],[139.4924529967,35.3140378901],[139.4921585478,35.3139028902],[139.4918440998,35.3137278902],[139.4916757728,35.3136403044],[139.4916749949,35.3136398907],[139.4916391056,35.3136212235],[139.4914832701,35.3135381693],[139.4913652143,35.3133376106],[139.4912763046,35.3132095561],[139.4911490793,35.3130609449],[139.4910007397,35.3129112231],[139.4908393527,35.3127567825],[139.4907171348,35.3125040074],[139.4907768488,35.3123781697],[139.4908982492,35.3122928906],[139.4909782493,35.3122351154],[139.4910774068,35.3121562233],[139.4911493525,35.3120951153],[139.4911915838,35.3120373401],[139.4912143582,35.3119892776],[139.4912351883,35.311900394],[139.4912493526,35.3118448366],[139.4912107393,35.3117478906],[139.4911190794,35.3114673408],[139.4910612971,35.3113737285],[139.490942127,35.3111809445],[139.4908571347,35.3110456747],[139.4908338,35.3110090076],[139.4908107396,35.3109720616],[139.4907638003,35.3108976103],[139.4904368482,35.3107065026],[139.4903240732,35.3106598368],[139.4900593523,35.3105048369],[139.4899854612,35.3104615021],[139.4899615833,35.3104476103],[139.489863515,35.3103901158],[139.4897935153,35.3103490078],[139.4894087942,35.3101109446],[139.4893379636,35.3100095569],[139.4892951883,35.3099487285],[139.4891321267,35.3097156746],[139.4891215831,35.3097003942],[139.4889549161,35.3093428903],[139.488889637,35.3091820619],[139.488718522,35.308529556],[139.4887102203,35.3083373403],[139.4887101556,35.3083365021],[139.4887085215,35.3082984482],[139.4886784175,35.3075915028],[139.4886488586,35.3075890611],[139.4884850452,35.307574529],[139.4882815826,35.3075609718],[139.4877012185,35.3074731422],[139.4875416338,35.3074514218],[139.4873821912,35.3074227559],[139.4871709332,35.3073744489],[139.4870803751,35.3073565299],[139.4870185727,35.3073358904],[139.4869788326,35.3073257551],[139.4869600251,35.3073211964],[139.4869429955,35.3073182772],[139.486925304,35.3073149713],[139.4868988325,35.3073085834],[139.4868770815,35.3073028638],[139.4868590779,35.3072972232],[139.4868420484,35.3072912238],[139.4868088841,35.3072793042],[139.4867889101,35.3072738363],[139.4866919974,35.3072507552],[139.4866651094,35.3072435562],[139.4866449934,35.3072371962],[139.4866153562,35.3072270078],[139.4865792476,35.3072124756],[139.4865404922,35.3071961421],[139.4865074313,35.3071831694],[139.4864517758,35.3071611963],[139.4863884429,35.3071365836],[139.4863123602,35.3071095833],[139.4862635144,35.307085557],[139.4862302719,35.3070687019],[139.4861701288,35.3070419444],[139.486088884,35.3070075291],[139.4860304919,35.3069843042],[139.4860002972,35.3069718638],[139.4859833845,35.3069649445],[139.485909882,35.3069294212],[139.4858616856,35.3069077287],[139.4858512705,35.3069034758],[139.4858494935,35.3069027285],[139.4858269897,35.3068934753],[139.4858166925,35.3068888636],[139.4857842143,35.3068722504],[139.4856586627,35.3068135832],[139.4856304401,35.306800891],[139.4856267178,35.306799864],[139.485603099,35.3067891693],[139.4855732684,35.3067739447],[139.4855540724,35.3067633408],[139.4854873787,35.3067264488],[139.4854736568,35.3067193945],[139.4854390779,35.306702972],[139.485377548,35.3066688094],[139.4853414394,35.3066495837],[139.4853256284,35.3066419719],[139.4852899604,35.306627089],[139.4852607639,35.3066125838],[139.4851718802,35.3065698633],[139.4851292991,35.3065500072],[139.4851007636,35.3065367827],[139.4850860822,35.3065298633],[139.4850723603,35.3065220887],[139.4850570161,35.3065112239],[139.4850491039,35.3065063406],[139.4850313477,35.3064962772],[139.4850198309,35.306490116],[139.4850018283,35.3064804213],[139.4849463033,35.3064479719],[139.4849391815,35.306444729],[139.4849218543,35.3064367286],[139.4849106613,35.306430035],[139.4848928008,35.3064188096],[139.4848661341,35.3064035023],[139.4848278589,35.3063821964],[139.4848147981,35.3063747824],[139.4847760822,35.3063515835],[139.4847610501,35.3063427018],[139.4847499596,35.3063352779],[139.48473913,35.3063270617],[139.4847270422,35.306318368],[139.484708741,35.3063063044],[139.4846979887,35.3063007017],[139.4846663802,35.3062849177],[139.4846563033,35.3062789444],[139.4846452389,35.3062712507],[139.4845910503,35.3062352238],[139.4845679107,35.3062233411],[139.4845602458,35.3062188094],[139.4845477416,35.3062108369],[139.4845372106,35.3062031423],[139.4845299602,35.3061980081],[139.4845174695,35.3061904754],[139.4845050697,35.3061843042],[139.4844919054,35.3061768911],[139.4844642656,35.3061585027],[139.4844566915,35.3061547831],[139.4844426576,35.3061452772],[139.4844152652,35.3061239175],[139.4842913476,35.3060401969],[139.4842557191,35.3060176374],[139.4842238246,35.3059934753],[139.484193683,35.3059718367],[139.4841482996,35.3059354753],[139.4841242139,35.3059160347],[139.4841119319,35.3059075298],[139.4840728788,35.3058844217],[139.4840507375,35.3058689444],[139.4840259648,35.3058504759],[139.4839977935,35.3058275837],[139.4839710494,35.3058077015],[139.4839165748,35.3057662508],[139.4838566269,35.3057204483],[139.4837722947,35.3056590076],[139.4836681055,35.3055696374],[139.4836435783,35.3055480348],[139.4836204397,35.3055281427],[139.4835987408,35.3055111158],[139.4835796878,35.3054964758],[139.4835164969,35.3054354487],[139.4835067437,35.3054262234],[139.4834936046,35.3054155296],[139.4834591813,35.3053897559],[139.4834510757,35.3053816108],[139.4834445259,35.3053733046],[139.4834374042,35.3053648096],[139.4834290774,35.3053578363],[139.4834067175,35.305340197],[139.4833929039,35.3053266379],[139.4833813216,35.3053149719],[139.4833711277,35.3053043051],[139.4833503228,35.3052847826],[139.4833423854,35.3052794217],[139.4833416588,35.3052789181],[139.4833316844,35.3052721966],[139.4833194149,35.3052630622],[139.4833091033,35.3052552776],[139.4832688838,35.3052258635],[139.4832324882,35.3051943045],[139.4832052388,35.3051681693],[139.4831846803,35.3051400619],[139.4831645516,35.3051162236],[139.4831492721,35.3050889444],[139.4831344342,35.3050644757],[139.4831253556,35.3050490343],[139.4830690517,35.305005062],[139.4830413867,35.3049663947],[139.4830180142,35.3049277553],[139.4830031637,35.3049031966],[139.4829903484,35.3048908903],[139.4829883519,35.3048698093],[139.4829350185,35.3048170884],[139.4829201806,35.304794251],[139.4828968467,35.3047485564],[139.4828782991,35.3046881966],[139.4828785977,35.3046402241],[139.4829108024,35.3045711157],[139.4829456017,35.3045354216],[139.4829714122,35.3045171968],[139.4830108025,35.3044820621],[139.4830446035,35.304443197],[139.4830374305,35.3044024757],[139.4830376644,35.3043518906],[139.4830208021,35.304330395],[139.4829647194,35.3043317557],[139.4829235521,35.3043454218],[139.4828860818,35.3043652509],[139.4827340712,35.3044751427],[139.4826241884,35.3045345025],[139.4825854591,35.3045632241],[139.482549855,35.3046071156],[139.4825087146,35.3046343048],[139.4824064707,35.3046871966],[139.4823582733,35.3047180614],[139.4823551868,35.3047198636],[139.4823018273,35.3047513408],[139.4822910238,35.3047578096],[139.482191905,35.3047898641],[139.4820674955,35.3048028639],[139.4820639674,35.3048033045],[139.4819406344,35.3048215842],[139.4819177412,35.3048245025],[139.4818049923,35.3048299452],[139.4816740969,35.3048120891],[139.4815485452,35.3047915298],[139.4814596616,35.3048697015],[139.4813423855,35.3047516107],[139.4813002712,35.3047810617],[139.4813641887,35.3048506746],[139.4814141622,35.3049020439],[139.4814215296,35.3054947916],[139.4814293762,35.3061276113],[139.481380802,35.306071945],[139.4813397651,35.3060267559],[139.4813125147,35.3059953048],[139.4812837085,35.3059648637],[139.4810482992,35.3057282511],[139.4804067955,35.3051320888],[139.4803585199,35.3051725843],[139.4804137725,35.3052261704],[139.4804310494,35.305218305],[139.4805960426,35.3053750352],[139.480523578,35.3053230886],[139.4804596352,35.3052854762],[139.4804433836,35.3052780352],[139.4802856919,35.3052055571],[139.4799556919,35.3050563947],[139.4799193243,35.3050482783],[139.4798940191,35.305046584],[139.4798697132,35.3050478637],[139.479844408,35.3050540079],[139.479813876,35.305066611],[139.4797920468,35.3050814489],[139.4797675214,35.3051083953],[139.4797533571,35.3051311697],[139.4797473784,35.3051627827],[139.4797503479,35.3051847019],[139.4797579625,35.3052083414],[139.4797755236,35.3052340621],[139.4797984419,35.3052543409],[139.4798253289,35.305268837],[139.4799265998,35.3051195837],[139.4803988312,35.3053335297],[139.4804411911,35.305355278],[139.4805837984,35.3054571163],[139.4810716582,35.3059027556],[139.4812652383,35.3061851067],[139.4813494409,35.3063079272],[139.4814520608,35.3064556021],[139.4814528261,35.306456693],[139.481626264,35.3067063502],[139.4814511912,35.3068349272],[139.4814504133,35.3068354578],[139.4812236043,35.3070021067],[139.4808814517,35.3066827287],[139.4806370933,35.306863738],[139.4808864835,35.3070954132],[139.4806875867,35.3072392418],[139.4808993249,35.3074309629],[139.4807734226,35.3075300169],[139.4807400118,35.307499359],[139.4804496486,35.3072324133],[139.4803193242,35.307110521],[139.4802618925,35.3070425664],[139.4802503093,35.3070243228],[139.4802218017,35.3069794403],[139.4801943301,35.3069204223],[139.480173267,35.30685853],[139.4801489098,35.3067715575],[139.4801097658,35.3066193949],[139.4800889618,35.3065255479],[139.4800733316,35.3064757561],[139.4800501282,35.3064264579],[139.4800233706,35.3063845567],[139.4799916326,35.3063460891],[139.479957962,35.306302963],[139.4802116716,35.3061217109],[139.480182761,35.3060944938],[139.4799319185,35.3062740444],[139.479849609,35.3061827021],[139.4796639025,35.3059749182],[139.4794870805,35.3057757292],[139.4793185448,35.305588449],[139.4792355751,35.3054968099],[139.4791928258,35.305445035],[139.4791397127,35.3053667292],[139.4793082475,35.3053028369],[139.4793034352,35.305294278],[139.4791334867,35.3053575031],[139.4791018791,35.3052926107],[139.4790827739,35.3052346755],[139.4790700503,35.3051784759],[139.4790365217,35.3049237295],[139.47905468,35.3049198911],[139.4790770407,35.3049120347],[139.4790973258,35.3048973955],[139.4791163537,35.3048752785],[139.4791262372,35.3048496109],[139.4791285449,35.3048227832],[139.4791285332,35.3048227563],[139.4791210877,35.3047992875],[139.4791045896,35.3047750805],[139.4790789346,35.3047571615],[139.4790525917,35.3047466295],[139.4790251992,35.304741855],[139.4790246543,35.3047417831],[139.4789974947,35.3047433407],[139.4789730718,35.3047488374],[139.4789500501,35.3047595034],[139.4789296346,35.3047753053],[139.4789176889,35.3047905839],[139.4789084681,35.304810584],[139.4789040974,35.3048287835],[139.4789073521,35.3048625846],[139.4789363283,35.3050766754],[139.4789549137,35.3052026749],[139.4789690771,35.3052633683],[139.4789907634,35.3053281429],[139.4790451085,35.3054297294],[139.4790269629,35.3054240889],[139.4790155487,35.3054445844],[139.4790134092,35.3054612786],[139.4790151081,35.3054979448],[139.4790212172,35.3055329455],[139.479028079,35.3055485569],[139.4790426309,35.3055647564],[139.4790628,35.3055780618],[139.4791134094,35.3056254489],[139.4791910488,35.3056977832],[139.4793463024,35.3058537292],[139.4793975215,35.3059113955],[139.4794445255,35.3059770622],[139.4795068206,35.3060348374],[139.4795830724,35.3061041976],[139.4796336044,35.3061647561],[139.4796902716,35.3062367559],[139.4797400239,35.306296675],[139.4797690252,35.3063312782],[139.4798823596,35.3064700625],[139.4799221906,35.3065397024],[139.4799523206,35.3066103684],[139.4799691038,35.3066991972],[139.4800035784,35.3068340622],[139.4800264968,35.3069275036],[139.4800641622,35.3070142513],[139.4801110232,35.3070849722],[139.4801511914,35.307138918],[139.4801046542,35.3071851971],[139.4800830723,35.3072195575],[139.4800768462,35.3072313413],[139.4800518019,35.3072768911],[139.4800169118,35.3073609723],[139.4800058484,35.307377251],[139.4799937723,35.3073944496],[139.4799811521,35.3074116114],[139.4799614641,35.3074437558],[139.4799423203,35.3074702786],[139.4799085975,35.3075127293],[139.4798959647,35.3075320891],[139.4798858878,35.3075504226],[139.4798718017,35.3075790624],[139.4798627096,35.3075964221],[139.4798461072,35.3076201705],[139.4798072367,35.3077067833],[139.4797971589,35.3077231698],[139.4797825539,35.3077435844],[139.4797757964,35.3077585303],[139.4797705435,35.3077738376],[139.4797555491,35.3078107566],[139.4797239029,35.3078754763],[139.4797065487,35.3079015576],[139.479685161,35.3079372787],[139.479661802,35.3079765035],[139.4796393765,35.3080241433],[139.4796267437,35.3080470085],[139.4796012695,35.3080855031],[139.4795886628,35.3081017836],[139.4795499075,35.3081662785],[139.4795307375,35.3081979724],[139.4794954337,35.308248972],[139.4794458487,35.3083185841],[139.4794336827,35.3083365031],[139.4794331377,35.3083373412],[139.4794178582,35.3083598108],[139.479376082,35.3084133052],[139.479347042,35.3084568647],[139.4793197656,35.3085097026],[139.4792928525,35.3085558639],[139.4792766917,35.3085804226],[139.4792596873,35.3085996753],[139.4792010758,35.3086711435],[139.4791690257,35.3087110896],[139.4791040974,35.3087942787],[139.4790782473,35.3088241164],[139.4790562112,35.3088578644],[139.4789892468,35.3089603413],[139.4789683258,35.3089855034],[139.4789340716,35.3090248101],[139.4789107378,35.3090559185],[139.478753164,35.3092553054],[139.4787024377,35.3093361707],[139.4785911529,35.3095094494],[139.4783278584,35.309930477],[139.4782392464,35.3100259454],[139.4779863031,35.3102570352],[139.4779184034,35.3103146386],[139.4777849404,35.3104278921],[139.4776287408,35.3105381436],[139.4775419319,35.3105707027],[139.4773445253,35.3107012519],[139.4772893771,35.310764396],[139.4772480146,35.3108188913],[139.4771240979,35.3109849188],[139.4768650185,35.3112035575],[139.476624681,35.3113989191],[139.4764593505,35.3114799192],[139.4760543831,35.3117441977],[139.4759310761,35.3118244226],[139.4757606087,35.3119307297],[139.475749467,35.3119343962],[139.4757237087,35.311943063],[139.4756937091,35.311958838],[139.4756680145,35.3119745312],[139.4755679371,35.3120267836],[139.4755206345,35.3120342246],[139.4754586883,35.3120376393],[139.4754312176,35.3120365583],[139.4754200768,35.3120408652],[139.4754003484,35.3120473961],[139.4752575217,35.3121175306],[139.4752018797,35.3121433421],[139.4750895706,35.3122474773],[139.4750091037,35.3123141171],[139.4750083258,35.3123147574],[139.4749501028,35.3123629727],[139.474889377,35.3123846122],[139.4748764969,35.3123896394],[139.4748637085,35.312393279],[139.474835745,35.3124257571],[139.4748239027,35.3124441168],[139.4748179366,35.3124490631],[139.4747854594,35.3124577838],[139.4747553294,35.3124552522],[139.4747356541,35.3124525848],[139.4747030986,35.3124535849],[139.4746603745,35.3124673418],[139.4746313867,35.3124843696],[139.4746185974,35.3124914499],[139.4745989616,35.3125035584],[139.4745734874,35.3125191715],[139.4744081057,35.3125927838],[139.474381582,35.31262309],[139.4743370808,35.3126837034],[139.4742719969,35.3127556123],[139.4742619056,35.312775973],[139.4742162767,35.3128260365],[139.4741476647,35.3128924505],[139.474108546,35.3129116124],[139.4740796616,35.3129293065],[139.4740515425,35.3129407576],[139.474022489,35.3129458918],[139.4739874046,35.3129475853],[139.4739540973,35.3129450636],[139.4739361855,35.3129451985],[139.4739148239,35.312946757],[139.473896886,35.312953171],[139.4737820993,35.3129960363],[139.4737582088,35.3130025312],[139.4737164056,35.3130070089],[139.4736917363,35.3130135038],[139.4736722165,35.3130241716],[139.4736646037,35.313033252],[139.4736622169,35.3130473066],[139.473665888,35.3130667842],[139.4737102201,35.3131392254],[139.4737094143,35.3131468922],[139.4737017754,35.3131567847],[139.4736891552,35.3131743062],[139.4735964963,35.3132102791],[139.4734980538,35.313239811],[139.4734719708,35.313248306],[139.4734130724,35.3132608381],[139.4733723205,35.3132703691],[139.4733360166,35.3132734232],[139.4732748492,35.3132822519],[139.4732476645,35.3132898116],[139.4731831894,35.3133181987],[139.4730262119,35.3134011171],[139.4729573787,35.3134499467],[139.4729009066,35.3134828655],[139.4728692981,35.313495117],[139.4728196097,35.3135168653],[139.4726905174,35.3135586766],[139.4726588316,35.3135635311],[139.472624098,35.313561558],[139.4726146299,35.3135610634],[139.4725691557,35.3135530091],[139.4725407128,35.3135438926],[139.472453216,35.313535171],[139.4723989617,35.3135633962],[139.4723221254,35.3136030096],[139.4722714387,35.3136312528],[139.4721242655,35.3136842796],[139.4720880534,35.3136901171],[139.4720517361,35.3136931712],[139.4720279625,35.3137007578],[139.4719874301,35.3137391985],[139.4719683258,35.3137551174],[139.4719224379,35.3137709194],[139.4719178199,35.3137691171],[139.4719019702,35.3137729464],[139.4717571847,35.3138315589],[139.4717267697,35.3138502792],[139.4716691033,35.3138805045],[139.4716194149,35.3139031719],[139.4715390515,35.3139213967],[139.4714394929,35.3139555314],[139.4713910752,35.3140060634],[139.4713861595,35.3140777034],[139.4713749666,35.3140936124],[139.4713579883,35.3141058387],[139.4713455237,35.3141114774],[139.4713308809,35.3141143966],[139.4713104393,35.3141126124],[139.4712275991,35.3141206766],[139.4711766265,35.3141312526],[139.4710065224,35.3141774238],[139.4709482994,35.3142068119],[139.4709101546,35.3142317573],[139.4708871329,35.3142634233],[139.4708406865,35.3142988926],[139.4708274305,35.3143103068],[139.4707898559,35.3143261448],[139.4707530727,35.3143357846],[139.47074219,35.3143366399],[139.4707228267,35.3143362253],[139.4706876255,35.314337478],[139.4706582734,35.3143400096],[139.4705603741,35.3143644505],[139.4705326318,35.3143711451],[139.4705000503,35.314380704],[139.4704499077,35.3144030638],[139.4703579106,35.314440839],[139.4703251861,35.3144511173],[139.4702882995,35.3144635316],[139.4702664963,35.3144687845],[139.470221827,35.3144715319],[139.4701856536,35.3144721444],[139.470074849,35.3144571176],[139.4700512436,35.3144539736],[139.4700351862,35.3144515049],[139.4699938245,35.3144528117],[139.4699846038,35.3144536768],[139.4698607375,35.3145076766],[139.4697558873,35.3145652261],[139.4696189862,35.3146331447],[139.4694722942,35.3146810102],[139.4694342915,35.3146936124],[139.4693026838,35.3147378384],[139.4692477154,35.3147575857],[139.4691617367,35.3147968924],[139.4691236567,35.314808785],[139.4690499986,35.31482892],[139.4690397391,35.3148305315],[139.4690372102,35.3148305046],[139.4690192984,35.314826677],[139.4689502709,35.3147689469],[139.4689342396,35.3147423072],[139.4689701801,35.3146699468],[139.4689096611,35.3146532797],[139.4687369895,35.3150001716],[139.4682994145,35.3150697846],[139.4679626048,35.3151412528],[139.4681346289,35.314811037],[139.4680700504,35.31478792],[139.4679046543,35.315119947],[139.4679307122,35.3151331994],[139.4679085457,35.3151787851],[139.4678997395,35.3151694511],[139.4678815813,35.3151513702],[139.4678813475,35.3151280913],[139.4678833835,35.3151154783],[139.4678936826,35.3150997581],[139.4679092462,35.3150655317],[139.4679149147,35.3150516768],[139.4679173006,35.3150347308],[139.4679214384,35.3150198659],[139.4679006343,35.314999704],[139.4678935522,35.3149932802],[139.4678834096,35.3149886397],[139.4678355495,35.3149933701],[139.4678116581,35.3149992526],[139.4677178192,35.3150278124],[139.4676769369,35.3150458932],[139.4676615163,35.3150496398],[139.4676179621,35.3150529466],[139.4675512693,35.3150628392],[139.4675272745,35.3150666397],[139.4674579358,35.3150766132],[139.4674074695,35.3150771717],[139.467373163,35.3150782527],[139.4673517106,35.315077812],[139.4673277149,35.3150801718],[139.4673004132,35.3150861451],[139.4672484028,35.3151113972],[139.4671809581,35.3151396773],[139.4671613475,35.3151504512],[139.4671467955,35.3151555324],[139.4671348229,35.3151550638],[139.467102968,35.3151461992],[139.4670874691,35.3151442531],[139.4670678845,35.3151480104],[139.4670499071,35.3151552527],[139.4670285455,35.3151647306],[139.4670071578,35.3151713433],[139.4669148496,35.3152048665],[139.4668146543,35.3152299738],[139.4667932927,35.3152358661],[139.4667290253,35.3152500098],[139.4667050179,35.3152545325],[139.4666757963,35.3152616398],[139.4666749923,35.3152618395],[139.4665953555,35.3152812262],[139.466562774,35.3152900638],[139.4665361333,35.3152925055],[139.4665172098,35.3152920099],[139.466494019,35.31529301],[139.4663900762,35.3152970102],[139.4663823852,35.3152978124],[139.4663565999,35.3153030374],[139.466355938,35.3153032263],[139.4663317363,35.3153090098],[139.4663180792,35.3153148393],[139.4663154334,35.3153155317],[139.4662948488,35.3153186398],[139.466266548,35.3153238658],[139.4661824371,35.3153439746],[139.4661652637,35.3153455592],[139.4661472359,35.3153479199],[139.4661231367,35.3153517313],[139.4661128782,35.3153546774],[139.4660905174,35.3153634512],[139.4660794917,35.3153706134],[139.4660701019,35.3153827579],[139.4660573001,35.315392091],[139.4659586363,35.3154214512],[139.4659319696,35.3154281449],[139.4658065745,35.3154572263],[139.4657894918,35.3154673706],[139.4657731628,35.3154767038],[139.4657312688,35.3154983703],[139.4657123201,35.3155036403],[139.465702852,35.3155065055],[139.4656891032,35.315508091],[139.4656736043,35.3155061449],[139.4656378194,35.3155022535],[139.4656180532,35.3155130103],[139.4656109971,35.3155181185],[139.4656011522,35.3155233076],[139.465594097,35.3155305858],[139.4655329422,35.3155609739],[139.4655036297,35.3155670911],[139.4654822942,35.3155665866],[139.4654751599,35.3155667314],[139.4654565745,35.3155676775],[139.4654361851,35.315578704],[139.4653847447,35.315596677],[139.4653448229,35.3155957309],[139.4652879885,35.3155905859],[139.4651674037,35.315599866],[139.4651461591,35.315605226],[139.4651080791,35.3156135861],[139.4650123849,35.3156413976],[139.4649371323,35.3156683072],[139.4648151078,35.3157072532],[139.4648063016,35.3157102803],[139.4647947966,35.3157189741],[139.4647302712,35.3157421451],[139.4646754071,35.3157571998],[139.4644925794,35.3158176774],[139.4644255233,35.31583937],[139.4643239673,35.3158715054],[139.4643028261,35.3158746135],[139.464243656,35.3158745056],[139.4642215813,35.3158740101],[139.4641906338,35.3158786776],[139.4641139927,35.3159011723],[139.464077884,35.315908812],[139.4640258222,35.3159187316],[139.464007236,35.3159195868],[139.4639949143,35.3159197316],[139.463956989,35.3159158394],[139.463907547,35.3159070377],[139.4638653031,35.3159117582],[139.4638154069,35.3159217857],[139.4638009971,35.3159247319],[139.463770154,35.3159321999],[139.4637512169,35.3159445323],[139.463715718,35.3159595321],[139.4637139409,35.3159609746],[139.4637121899,35.3159623973],[139.4637077932,35.3159617588],[139.4636963538,35.3159618127],[139.4636795176,35.3159613073],[139.4636479882,35.3159789745],[139.4635829682,35.3160091459],[139.4635680529,35.3160229747],[139.4635539021,35.3160327315],[139.4635373258,35.3160362263],[139.4635249916,35.3160392534],[139.4634994661,35.3160409747],[139.4634476247,35.3160501999],[139.4634440966,35.3160516407],[139.4634511006,35.3160595052],[139.4634546799,35.3160666404],[139.4634503478,35.3160782534],[139.4634379875,35.3160840648],[139.4634177672,35.3160821187],[139.4633668197,35.3160906137],[139.463346665,35.3160958666],[139.4633361069,35.3160973703],[139.463334356,35.3160967318],[139.4633220469,35.3160946139],[139.4633123846,35.3160933431],[139.4632526049,35.3161039479],[139.4632508278,35.3161054786],[139.4632474041,35.3161098124],[139.4632421898,35.3161185323],[139.4632360421,35.3161243437],[139.4632088313,35.3161274517],[139.4632070803,35.3161275327],[139.4632018013,35.3161260641],[139.4631939016,35.3161233436],[139.4631604387,35.3161265866],[139.463153487,35.3161295328],[139.4631438759,35.3161411187],[139.4631376886,35.3161483079],[139.4631325139,35.3161505598],[139.4631263535,35.3161513431],[139.4630491027,35.3161585863],[139.4629955229,35.3161634786],[139.462991127,35.3161641999],[139.4629834872,35.3161678394],[139.4629736819,35.3161787311],[139.4629727997,35.3161788399],[139.4629605167,35.316174641],[139.4629447192,35.3161646774],[139.4629340713,35.3161576132],[139.4629157179,35.3161571186],[139.4628613206,35.3161683979],[139.4628447191,35.3161743703],[139.4628236561,35.3161853079],[139.4628122941,35.316188344],[139.4627851336,35.3161900644],[139.4627606082,35.3161924242],[139.4627342905,35.3161934242],[139.4626992978,35.3162017043],[139.4626598805,35.3162092262],[139.4625234606,35.3162687587],[139.4625016835,35.3162711185],[139.4624858482,35.3162699206],[139.4624692458,35.3162700375],[139.4624359898,35.3162754245],[139.4624221897,35.3162794516],[139.4623896352,35.3162880914],[139.4623565221,35.3162955594],[139.4623004907,35.316301173],[139.4622419305,35.3163117859],[139.4622184024,35.3163141727],[139.4621903481,35.3163151458],[139.4621161324,35.316313759],[139.4620366,35.3163123435],[139.4620173518,35.3163147321],[139.4619894917,35.3163213979],[139.4619398041,35.31634556],[139.4619223851,35.3163536404],[139.4619110492,35.316355948],[139.461850854,35.3163600921],[139.4618203481,35.3163682804],[139.4618037466,35.3163720108],[139.4617438238,35.3164119479],[139.4617272997,35.3164200104],[139.4616985448,35.3164303705],[139.4616732405,35.3164348941],[139.4616627994,35.3164342268],[139.4615811266,35.3164437318],[139.4615505424,35.3164450646],[139.4614656266,35.3164527313],[139.461391152,35.3164554788],[139.4613597126,35.3164553978],[139.4613107364,35.3164581192],[139.4612879619,35.3164623712],[139.4612669106,35.3164717043],[139.4611854069,35.3164993981],[139.461132774,35.3165121999],[139.4611152633,35.3165150382],[139.4610627087,35.3165349744],[139.4610381815,35.3165377856],[139.4610206861,35.3165377317],[139.4608421635,35.3165717045],[139.4606392719,35.316591254],[139.4606182467,35.3165940922],[139.4603594397,35.3166278133],[139.4603033823,35.3166419749],[139.4602252636,35.3166698395],[139.460223098,35.3166706138],[139.460159855,35.3166931733],[139.4601178836,35.3167045866],[139.4599814376,35.3167442809],[139.4599395175,35.3167470382],[139.4597090248,35.3167779749],[139.4595517352,35.3168033439],[139.459412164,35.3168292273],[139.4592443819,35.3168657587],[139.4583424877,35.3169882267],[139.4583416577,35.3169883445],[139.4579561587,35.3170407049],[139.4575434346,35.3170829479],[139.4572771831,35.317103921],[139.4569707625,35.3171792275],[139.4567176636,35.3172329756],[139.4563714632,35.3172754524],[139.4560694394,35.317380308],[139.4558136811,35.3174147592],[139.4555750685,35.3174728941],[139.455407987,35.3175238677],[139.4551618264,35.3176492548],[139.4551060801,35.3176701731],[139.4550879876,35.3176818409],[139.4550140966,35.3177040658],[139.4549698544,35.3177124799],[139.4549382459,35.3177193444],[139.4548517347,35.3177311462],[139.4548033557,35.3177344252],[139.4547668189,35.3177346419],[139.4547163274,35.3177379217],[139.4546952113,35.3177395603],[139.4546677919,35.3177464257],[139.4546509314,35.3177515069],[139.4546382725,35.3177584254],[139.4545834337,35.3177685068],[139.4545560151,35.3177736419],[139.454541242,35.3177839751],[139.454520179,35.3177942814],[139.4544695435,35.3178043988],[139.4543979611,35.3178024526],[139.4543453283,35.3177919216],[139.4543179349,35.3177918406],[139.4542947702,35.317788345],[139.4542737458,35.3177899754],[139.4542420717,35.3177898945],[139.454208402,35.3177933083],[139.4541872733,35.3177966781],[139.4541746018,35.3177983445],[139.4541536027,35.3178017053],[139.4541324614,35.3178051461],[139.4541071311,35.3178102003],[139.4540797117,35.3178170657],[139.4540545243,35.3178187052],[139.4540123839,35.3178271193],[139.4539891544,35.3178270653],[139.4539532921,35.3178287327],[139.453919608,35.3178354794],[139.4538816315,35.3178440112],[139.4538408787,35.3178561467],[139.4538155484,35.317866345],[139.4537733819,35.3178748679],[139.4537332919,35.3178851193],[139.4537143549,35.3178919757],[139.4536658211,35.3178969759],[139.4536384413,35.317896895],[139.4536068841,35.3178950928],[139.4535753277,35.3178932546],[139.4535457427,35.3178914523],[139.4535247445,35.3178913984],[139.4534847183,35.3178912545],[139.4534531359,35.3178963087],[139.4534236292,35.3179031462],[139.4533982458,35.3179185876],[139.4533876626,35.317925399],[139.4533581549,35.3179322546],[139.4533286868,35.3179321467],[139.4533054583,35.3179320927],[139.4532781036,35.3179320118],[139.4531938227,35.3179368672],[139.453132604,35.3179505603],[139.4530756913,35.317962453],[139.4530503727,35.3179658137],[139.4530397122,35.3179663083],[139.4530167156,35.3179673983],[139.4529922154,35.3179661735],[139.4529808794,35.317965588],[139.4529535121,35.3179620654],[139.4529198802,35.317955039],[139.452898765,35.317954949],[139.4528734599,35.3179583089],[139.4528532917,35.3179657328],[139.4528312682,35.3179737593],[139.4528059891,35.3179892006],[139.4527585697,35.3180167325],[139.4527290503,35.3180322278],[139.4527079091,35.318037282],[139.4526594914,35.3180423713],[139.4525856255,35.3180542009],[139.4525287389,35.318062588],[139.4524971565,35.3180625071],[139.4524760413,35.3180624262],[139.4524592186,35.3180623713],[139.4524212681,35.3180622544],[139.4523938748,35.3180673985],[139.4523791277,35.3180690659],[139.4523517352,35.3180689759],[139.4523243545,35.318068895],[139.4522990763,35.3180688141],[139.4522801267,35.3180704796],[139.4522527082,35.3180790385],[139.4522337711,35.3180841196],[139.4522146785,35.3180961202],[139.4521999315,35.3181013084],[139.4521515147,35.3181045882],[139.4521304121,35.3181045064],[139.4521135767,35.3181044794],[139.452069349,35.3181043445],[139.4520609052,35.3181043085],[139.4520419691,35.3181076792],[139.4520271825,35.3181145608],[139.4520039656,35.3181179216],[139.4519807361,35.3181230657],[139.4519597378,35.3181230117],[139.4519344066,35.3181297863],[139.451911151,35.3181366419],[139.4518901528,35.3181365609],[139.4518669619,35.3181382004],[139.4518353535,35.3181432546],[139.4518015407,35.3181518134],[139.4517789075,35.3181502819],[139.4517239661,35.3181437061],[139.4516156518,35.3181327325],[139.4515420198,35.3181235613],[139.451420685,35.3181081469],[139.451363266,35.3181066414],[139.45119643,35.3181066145],[139.4511185191,35.3181152821],[139.4510139917,35.3181290391],[139.4507911901,35.3181487055],[139.4507427724,35.318152426],[139.4507053795,35.3181510392],[139.4506075719,35.3181610118],[139.450548052,35.31816712],[139.4504360801,35.3181936419],[139.4503112677,35.3182111742],[139.4502022411,35.3182197601],[139.4501055478,35.318221976],[139.4500354573,35.3182256147],[139.4500091539,35.3182299215],[139.4500083239,35.3182300663],[139.4499590761,35.3182380928],[139.4498964293,35.3182543094],[139.4497844322,35.3182607063],[139.4497298533,35.3182654799],[139.4496659888,35.3182831471],[139.4496129018,35.3182982818],[139.4495707353,35.318309615],[139.4495146275,35.3183145613],[139.4494461315,35.3183092013],[139.4493947955,35.3183040123],[139.4493387129,35.3183038144],[139.4492904112,35.3183049224],[139.4491832399,35.3183163087],[139.4491271042,35.3183263092],[139.4490632658,35.3183376424],[139.4490117994,35.3183387603],[139.4489510736,35.3183372818],[139.4488932912,35.3183460394],[139.4488465463,35.3183458955],[139.4488091533,35.3183457597],[139.4487156517,35.3183480126],[139.4485582973,35.3183704803],[139.4484351064,35.3183955885],[139.4482541862,35.3184167604],[139.4481699961,35.3184318141],[139.4480556905,35.3184636151],[139.4479828247,35.3184939492],[139.4477935767,35.318512174],[139.4476200741,35.3185005341],[139.4474601522,35.3185025612],[139.4473780512,35.3184959764],[139.447330567,35.3184883456],[139.4473009047,35.3184825882],[139.4472689841,35.3184862556],[139.4472186347,35.31850476],[139.4471615403,35.3185308143],[139.4470861574,35.31854176],[139.4470130703,35.3185545879],[139.4469399959,35.3185656154],[139.4468624357,35.3185690661],[139.4467483234,35.3185780665],[139.4466661316,35.3185889762],[139.4466387383,35.3185907875],[139.4466137452,35.3186097335],[139.4465792967,35.3186223456],[139.4464994387,35.3186295617],[139.4464697377,35.3186257603],[139.4464142117,35.3186480392],[139.4463799961,35.3186498145],[139.4463365463,35.3186496796],[139.4462636283,35.3186531474],[139.4462059359,35.3186662011],[139.4461905152,35.3186697606],[139.4461151323,35.3186770127],[139.4460238745,35.3186692282],[139.4459828501,35.3186708955],[139.445957687,35.3186914801],[139.4459141599,35.3187080933],[139.4458525509,35.3187116798],[139.4458198794,35.3187181208],[139.4457817086,35.3187375884],[139.4456149905,35.3187800661],[139.445550411,35.3187856158],[139.4454842371,35.3187816156],[139.4453953274,35.3187664531],[139.4453200739,35.3187512554],[139.445258518,35.3187416795],[139.4452357418,35.3187453091],[139.4451695166,35.3187469765],[139.4451238481,35.3187487338],[139.4450850676,35.3187672823],[139.4449959358,35.3187744805],[139.4449427076,35.3187726791],[139.4449131352,35.3187762827],[139.4448696592,35.3188022821],[139.4447919686,35.3188113995],[139.4447532654,35.3188075881],[139.4446937698,35.3188335345],[139.4446253008,35.3188426797],[139.4445681804,35.3188536793],[139.4445408005,35.3188554806],[139.4444815145,35.3188533996],[139.4444335761,35.3188495613],[139.444391773,35.3188380392],[139.4443424352,35.3188174537],[139.4442876872,35.3188135615],[139.4442375707,35.3188059226],[139.4441919292,35.3188075882],[139.4441485432,35.3188205888],[139.444128375,35.3188449226],[139.4440889334,35.3188633093],[139.4440433809,35.3188669498],[139.4440159624,35.3188743458],[139.4439885691,35.3188742559],[139.4439588806,35.3188760662],[139.4439383491,35.3188666152],[139.443901851,35.318864589],[139.4438608257,35.3188644533],[139.4438163003,35.3188771472],[139.4437184918,35.3188940131],[139.4436728503,35.3188901748],[139.443618051,35.3188974809],[139.4436065721,35.318906707],[139.4435449119,35.3189214811],[139.4435107098,35.3189213723],[139.4434491269,35.3189192823],[139.443373796,35.3189190395],[139.4433213845,35.3189113997],[139.4432666238,35.3189056153],[139.4432450419,35.3189136795],[139.4432299962,35.31892795],[139.4432186864,35.318927896],[139.443210489,35.3189341481],[139.4431843278,35.318935283],[139.4431592439,35.3189352021],[139.4431069087,35.3189107064],[139.4430703719,35.3189105616],[139.4430270777,35.3189104267],[139.4429973236,35.3189197068],[139.4429767408,35.3189244264],[139.4429657421,35.3189228688],[139.4429414101,35.3189282827],[139.4429191267,35.318938562],[139.4428919033,35.3189551473],[139.4428619289,35.3189661478],[139.4428385951,35.3189707604],[139.4428105407,35.3189683457],[139.44279604,35.3189643096],[139.4427854307,35.3189555349],[139.4427748727,35.3189333459],[139.4427662086,35.3189269769],[139.4427275189,35.3189204542],[139.4427217083,35.3189189226],[139.4427052364,35.3189117334],[139.4426907348,35.3189084536],[139.4426742106,35.3189171473],[139.4426538743,35.3189352831],[139.4426168834,35.3189660939],[139.4425839907,35.3189715617],[139.4425394122,35.3189801746],[139.4424656902,35.3190060669],[139.4423626027,35.3190112291],[139.4423607996,35.3189993094],[139.4423657423,35.3189803095],[139.4423647953,35.3189708414],[139.4423493215,35.3189636801],[139.442322162,35.3189635884],[139.4422979594,35.3189642287],[139.4422708782,35.3189705617],[139.44224368,35.3189759496],[139.4422183748,35.3189981475],[139.4421912927,35.3190067064],[139.4421564026,35.3190105618],[139.4421282969,35.3190216432],[139.4421156507,35.31902395],[139.4421021231,35.3190230938],[139.4420846268,35.3190238421],[139.4420710731,35.3190301212],[139.4420536541,35.319035643],[139.4420419935,35.3190371476],[139.4420313185,35.3190371206],[139.4420061312,35.319041815],[139.4419849117,35.3190417341],[139.4419509299,35.3190368418],[139.4419452102,35.319040788],[139.441933511,35.3190447343],[139.4419166891,35.3190471211],[139.4418963519,35.3190430669],[139.4418827982,35.3190287065],[139.4418692436,35.3190334271],[139.4418498785,35.3190333731],[139.4418267147,35.3190230129],[139.4418219033,35.3190205623],[139.4418049636,35.3190192556],[139.4418015786,35.3190189768],[139.441788051,35.3190181206],[139.4417792439,35.3190204265],[139.441754964,35.3190338687],[139.441728881,35.3190354272],[139.4417152617,35.319034562],[139.441712409,35.3190345351],[139.4416930178,35.3190384534],[139.4416758201,35.3190350935],[139.44167499,35.3190349227],[139.4416410469,35.319028283],[139.4416230443,35.3190000128],[139.4416153011,35.3189872559],[139.4416046774,35.3189729765],[139.4415805405,35.3189633726],[139.4415660398,35.318961788],[139.4415341337,35.3189656425],[139.4414643274,35.3189812017],[139.4414467924,35.3189898685],[139.4414312665,35.318991454],[139.4414139384,35.3189858152],[139.4414012669,35.3189857613],[139.4413906837,35.3189928416],[139.4413643794,35.3190070941],[139.4413334068,35.3190085348],[139.4412704632,35.319018707],[139.441226909,35.319020896],[139.4411847686,35.319024013],[139.4411468829,35.319032535],[139.4411126025,35.3190448153],[139.4410800219,35.3190529496],[139.441038323,35.319056788],[139.4409822395,35.3190557879],[139.4409259878,35.3190667066],[139.4409094897,35.3190659233],[139.4408901255,35.3190665888],[139.4408600998,35.3190697337],[139.4408310463,35.3190735891],[139.4408136274,35.3190775084],[139.4407864678,35.319082121],[139.4407622401,35.3190860133],[139.440745742,35.3190859503],[139.440726403,35.3190819231],[139.4407157415,35.3190787341],[139.4406964025,35.3190786802],[139.4406757415,35.3190755353],[139.4406612408,35.3190715081],[139.4406437058,35.3190770398],[139.4406244055,35.3190920396],[139.4405978818,35.3190995076],[139.4405808001,35.3191029772],[139.4405564284,35.3191123733],[139.4405265197,35.319114707],[139.4404983745,35.3191138149],[139.4404606578,35.3191120666],[139.4404341593,35.3191097338],[139.4403954048,35.3191150938],[139.4403760397,35.3191206156],[139.4403663513,35.3191205886],[139.4403557159,35.3191165893],[139.4403508776,35.3191117879],[139.4403353786,35.3191133734],[139.4403159614,35.319127535],[139.4403014094,35.3191354265],[139.4402907345,35.3191322286],[139.4402365458,35.3191272832],[139.4402230173,35.3191256159],[139.4402085176,35.3191217074],[139.4401939386,35.319116869],[139.4401678556,35.3191191479],[139.4401493476,35.3191215078],[139.4401038994,35.3191284811],[139.4400883744,35.3191307879],[139.4400593218,35.319133842],[139.4400418507,35.3191329768],[139.44000032,35.3191210401],[139.4399615133,35.319116923],[139.4399441339,35.3191192289],[139.4399140687,35.3191270674],[139.4398781794,35.3191324274],[139.4398433289,35.3191362827],[139.4398055727,35.3191393998],[139.4397803719,35.3191424809],[139.4397081797,35.3191509768],[139.4396868433,35.3191477608],[139.4396743535,35.3191429503],[139.4396578815,35.3191397344],[139.4396488289,35.3191389502],[139.4396084655,35.3191427345],[139.4395910727,35.319146643],[139.4395677649,35.3191449504],[139.4395455463,35.3191433461],[139.4395300734,35.3191408693],[139.4395010469,35.3191344545],[139.4394807348,35.3191287878],[139.4394400738,35.3191231752],[139.4394100733,35.3191158691],[139.4393917334,35.3191111207],[139.4393665713,35.3191085891],[139.4393549116,35.3191101755],[139.4393374926,35.3191164267],[139.4393181275,35.3191156434],[139.4392978163,35.3191123464],[139.4392774664,35.3191099228],[139.439264938,35.3191122295],[139.4392522656,35.3191161479],[139.4392042364,35.3191334814],[139.4391858453,35.3191397344],[139.4391712664,35.3191524005],[139.4391430699,35.3191610403],[139.4391275701,35.3191593729],[139.4391072337,35.3191561479],[139.4390908778,35.319149707],[139.4390715136,35.3191512565],[139.4390424852,35.3191503464],[139.4389979859,35.3191447068],[139.4389853522,35.3191407075],[139.4389553787,35.3191302295],[139.43892438,35.3191269776],[139.4389001774,35.3191268957],[139.4388896328,35.3191276799],[139.4388672712,35.3191315623],[139.4388344055,35.3191283104],[139.4387859878,35.3191122835],[139.4387569864,35.3191026428],[139.4387386331,35.319100229],[139.4387057673,35.3190977073],[139.4386880507,35.3191188153],[139.4386692432,35.3191222831],[139.4386498781,35.3191261754],[139.4386363514,35.3191229774],[139.4386276864,35.3191206158],[139.4386198524,35.3191221212],[139.4386091783,35.3191260405],[139.4385936533,35.3191299498],[139.438583964,35.3191315623],[139.4385764934,35.3191325084],[139.4385446511,35.3191374538],[139.4385248723,35.319136148],[139.4384897367,35.3191271754],[139.4384652095,35.3191246798],[139.4384392433,35.319130815],[139.4383855988,35.3191418965],[139.4383504362,35.3191392561],[139.4383138472,35.3191316802],[139.4382985426,35.3191316163],[139.4382786855,35.3191253103],[139.4382649376,35.3191252833],[139.4382465195,35.3191339501],[139.4382281275,35.3191401212],[139.4382174669,35.3191400942],[139.4382037441,35.3191338152],[139.4381700996,35.3191299229],[139.4381424598,35.319136148],[139.4381102938,35.3191460675],[139.4380781799,35.3191472025],[139.4380531607,35.319148725],[139.4382480763,35.3196614007],[139.438314458,35.3198219504],[139.4385222392,35.320323067],[139.4385680768,35.3204338959],[139.4386844581,35.3207147344],[139.4387161305,35.3207914007],[139.4387883488,35.32100195],[139.4393725118,35.3224458421],[139.4394564033,35.3226214006],[139.4395783496,35.3229230674],[139.439782798,35.3234122294],[139.4401530706,35.3242677886],[139.4401997373,35.3243758422],[139.4403744586,35.3247364002],[139.4405036283,35.3250031751],[139.4405039916,35.3250038963],[139.4405811508,35.3251633461],[139.4405972729,35.3252008425],[139.4406455998,35.3253122298],[139.4406708789,35.3253702837],[139.4407100489,35.3254605622],[139.4407792185,35.3256197341],[139.4408130968,35.3256983465],[139.4408181034,35.3257097347],[139.4408775459,35.3258494542],[139.4409083755,35.3259225089],[139.4409733822,35.3260752839],[139.4409994904,35.3261364],[139.4410281041,35.3262041756],[139.4410639394,35.3262886166],[139.4410978178,35.3263688964],[139.4411008791,35.3263777889],[139.4411406067,35.3264952835],[139.4412647699,35.3268614002],[139.441315328,35.3270111212],[139.4414067162,35.3272361216],[139.4414619949,35.3273605626],[139.4415172726,35.3274855621],[139.4415283757,35.3275105624],[139.4415561584,35.3276038697],[139.4416206075,35.3278199777],[139.4416749913,35.3279919776],[139.4416758862,35.3279947889],[139.4417472735,35.3282205358],[139.4419147705,35.3285699773],[139.441993097,35.3287455357],[139.4420164299,35.3287980408],[139.4420369884,35.3290944277],[139.4420736557,35.3295633109],[139.4420800499,35.3296619234],[139.4421081042,35.3297485892],[139.4421572738,35.3298660947],[139.4421589348,35.3298702567],[139.4422158862,35.3299713738],[139.4422756003,35.3300780406],[139.4424033823,35.330290536],[139.4424530978,35.3303733105],[139.4424644859,35.3303919238],[139.4424981044,35.3304280405],[139.4425633826,35.3304983109],[139.4426531367,35.3305947074],[139.4426998035,35.3306447079],[139.4427217353,35.3306769234],[139.4427689605,35.330745816],[139.4428264694,35.3308299772],[139.4428286881,35.330833311],[139.4429470146,35.3309891483],[139.4430264697,35.3310935892],[139.4430878575,35.3311744275],[139.4432772997,35.3313941489],[139.4433986875,35.3315313738],[139.4434384025,35.3316222026],[139.4434631366,35.3316785892],[139.4435139672,35.33179359],[139.4435142388,35.3318566433],[139.4435092458,35.3319180409],[139.4434447967,35.3320010942],[139.4432739669,35.3321163738],[139.4430275734,35.3322283107],[139.4428881299,35.3323288693],[139.4427553549,35.3324144281],[139.4425417362,35.3328591492],[139.4424809061,35.3329855355],[139.4424403476,35.3331658163],[139.4424275728,35.3333055359],[139.4424340973,35.3333365085],[139.4424342394,35.3333372028],[139.4424481304,35.3334030413],[139.4424809062,35.3335569243],[139.4425539671,35.3336916436],[139.4426011915,35.3337610947],[139.4426945249,35.3338991487],[139.4427350691,35.3339333112],[139.4428117363,35.3339977621],[139.4428647972,35.3340424817],[139.4429431372,35.3341083112],[139.4429836822,35.3341424818],[139.4430795185,35.334192762],[139.4431522943,35.3342330409],[139.4433042393,35.3343030405],[139.4433298044,35.3343352569],[139.4434522939,35.3344894277],[139.4435403483,35.3345999777],[139.443561736,35.3346335899],[139.4436850691,35.3348283111],[139.4437847976,35.3351124816],[139.4437970158,35.3351716435],[139.4438042392,35.3352338703],[139.4438100767,35.3352816441],[139.4438222949,35.3353855356],[139.4438128521,35.3355563735],[139.4437742397,35.3360024822],[139.4437542658,35.3362319236],[139.4437117756,35.3363366443],[139.4435995447,35.3366144278],[139.4435803747,35.3367202573],[139.443563436,35.3368141493],[139.443548715,35.3368963743],[139.443592048,35.3370877617],[139.4436109329,35.3371719239],[139.4436320481,35.3372649776],[139.4437178848,35.3376455357],[139.4437834356,35.3380219244],[139.4438678847,35.3382460949],[139.4439217757,35.3383885897],[139.4439812182,35.338546374],[139.4440231644,35.3387758163],[139.4440459389,35.3389888702],[139.4440667699,35.3391855357],[139.4440695452,35.3392785904],[139.4440809334,35.339652176],[139.4441367706,35.3403266172],[139.4441539945,35.3405324549],[139.4441156546,35.3409741219],[139.4439740205,35.3416171759],[139.4439565754,35.3416698429],[139.4439563551,35.3416705093],[139.4439406871,35.3417177354],[139.4439306875,35.3417485633],[139.4438895715,35.341872176],[139.4438348504,35.3420374552],[139.4438192993,35.3420730144],[139.4436826321,35.3423863473],[139.4436623605,35.3424341229],[139.4435531909,35.3426927355],[139.4434848505,35.3428224556],[139.4434442929,35.3428988431],[139.4434101295,35.3429638434],[139.4432715179,35.3432263474],[139.4432037486,35.3432941222],[139.4432015174,35.3432974559],[139.4431356933,35.343394402],[139.4430220748,35.3436680144],[139.4429915176,35.3437752307],[139.4429540204,35.3439071766],[139.4429734629,35.3440355098],[139.4429734629,35.344036348],[139.4430156933,35.3442238432],[139.4430151357,35.3443221768],[139.4430137489,35.3443238433],[139.4429081838,35.344468564],[139.4428473537,35.3445513475],[139.4428092998,35.344602456],[139.4426981841,35.3447518973],[139.4426790267,35.3447777357],[139.4426690272,35.3448380146],[139.4426565239,35.3449132851],[139.4426315174,35.3452494014],[139.4426254092,35.34533079],[139.4426223605,35.3453732848],[139.4426209594,35.3453902307],[139.4426823606,35.3456488434],[139.4427404146,35.3458805096],[139.4427567967,35.3459460684],[139.4427567967,35.3459946822],[139.4427476272,35.3460271765],[139.4426306884,35.3464457903],[139.4426295723,35.3464699514],[139.4426246054,35.3465616176],[139.4426115437,35.3468194019],[139.4426082099,35.3468821764],[139.442609611,35.3469302308],[139.4426207141,35.3472980149],[139.4426043321,35.3473399521],[139.4425701561,35.3473963477],[139.4425490535,35.3474310687],[139.4425240469,35.3474718979],[139.4425040469,35.3475049516],[139.4424329438,35.3476502308],[139.4423196113,35.3479671771],[139.4421837741,35.3482710689],[139.4421351622,35.3483516184],[139.4419759921,35.3485027091],[139.4419437739,35.3485707635],[139.4418854088,35.3486742854],[139.4418271084,35.3487777092],[139.4417818294,35.3488777093],[139.4417546051,35.3489029794],[139.4417398832,35.3489165915],[139.4416759926,35.3489490957],[139.4416749944,35.3489496182],[139.4415618291,35.3490071497],[139.441471271,35.3490782582],[139.4413321009,35.3492040958],[139.441150999,35.3495885372],[139.4411407144,35.3497915915],[139.4411082102,35.3498788177],[139.4410565505,35.3499854836],[139.441050999,35.3500031768],[139.4410507652,35.3500038172],[139.4408784965,35.3505510421],[139.4407776663,35.350819925],[139.440660714,35.3510165915],[139.4405734897,35.3511427097],[139.4403663048,35.3514560426],[139.4402874064,35.3516107638],[139.4401915836,35.3518113126],[139.4399749163,35.3523607634],[139.4398487945,35.3525954838],[139.4396546318,35.3527118713],[139.439454074,35.3528507636],[139.4389661099,35.3531067907],[139.4388007398,35.3531935376],[139.4386574068,35.3532599255],[139.4386207396,35.3532768715],[139.4385338004,35.3533285375],[139.4384007394,35.3533807639],[139.4382912973,35.3533752052],[139.4379393521,35.3535699255],[139.4376204677,35.3537965916],[139.4373390798,35.3540813125],[139.4372938007,35.354174646],[139.4372324139,35.3545268718],[139.4371312978,35.3548854837],[139.4370149166,35.3555413134],[139.4369340739,35.3560165647],[139.4368755011,35.3562751783],[139.4367782754,35.3564982318],[139.4366843844,35.3566921238],[139.4366407655,35.356825737],[139.4366071606,35.3571285109],[139.4365810515,35.357448791],[139.4365249428,35.357545737],[139.4364157732,35.3576190704],[139.436241052,35.3577224035],[139.4360985482,35.3579193496],[139.4359627119,35.3582876832],[139.4359426597,35.358336511],[139.4359424142,35.3583371243],[139.4358832703,35.3584810168],[139.4357924397,35.3586857376],[139.4357716087,35.358823511],[139.4357393788,35.358965737],[139.4357068882,35.3592274038],[139.4357135549,35.3593760168],[139.4357199365,35.3595635119],[139.435758834,35.3597251786],[139.4357974329,35.3599579537],[139.4360082764,35.3603671246],[139.4360924404,35.3605871248],[139.4361893792,35.3607293499],[139.4362541008,35.3607971246],[139.4365096647,35.3609071243],[139.4365388343,35.3609554574],[139.436545501,35.3610651783],[139.4365344114,35.3612190703],[139.4365327513,35.3612426838],[139.4365166292,35.3613429538],[139.4364827517,35.3614843497],[139.4364827517,35.3616054578],[139.4365002481,35.3617760169],[139.4365035819,35.3619440706],[139.4365069148,35.362257684],[139.4364874724,35.362590738],[139.4364841396,35.3628521251],[139.4364852412,35.3628724039],[139.4365002483,35.3631362866],[139.4365230236,35.3633787915],[139.4365988608,35.3635021245],[139.4366005209,35.3635048998],[139.4366974724,35.3636243496],[139.4368496908,35.3637115658],[139.4373180182,35.3638151785],[139.4374805212,35.3638285118],[139.4376616357,35.3638435116],[139.4378505212,35.3638512862],[139.4379627521,35.36386935],[139.4381941396,35.3639921245],[139.4382660854,35.3640304572],[139.438414684,35.3641657377],[139.4386185748,35.3643085114],[139.4387127518,35.3643743499],[139.4388902492,35.3644985111],[139.4390952425,35.3646085117],[139.4391616359,35.3646440709],[139.4393266301,35.3647829532],[139.4394321943,35.3648532325],[139.4396060855,35.3649693494],[139.4396671881,35.3650007375],[139.439699963,35.3650176834],[139.4397327523,35.3650340709],[139.4397841405,35.3650598994],[139.439861636,35.3651082326],[139.4399685753,35.3651762861],[139.4399702498,35.3651785119],[139.4400688614,35.3653151782],[139.4402369151,35.3657774037],[139.4402516361,35.3658121247],[139.4402883033,35.3658982321],[139.4403269157,35.3659885115],[139.44061702,35.366669846],[139.4406173051,35.3666704575],[139.4406908328,35.3668432326],[139.4407922206,35.3671787912],[139.440870003,35.367387684],[139.4409091596,35.3674924037],[139.4409452691,35.3675648999],[139.4409727785,35.3675946198],[139.4409958272,35.36761962],[139.4410188877,35.3676435114],[139.4412730505,35.3679051782],[139.4413436087,35.3680004577],[139.4414349969,35.3681240704],[139.4414475002,35.3682490708],[139.4414449974,35.3682612593],[139.4414355536,35.3683065384],[139.4414036088,35.3684612596],[139.4412972154,35.368622098],[139.4412738807,35.3686576464],[139.4412211058,35.3687376465],[139.4410994446,35.3688162598],[139.4408824931,35.3689565388],[139.4406986024,35.3690751513],[139.4405422211,35.3690915388],[139.4404491601,35.3690948726],[139.4402349973,35.3691390437],[139.4400352687,35.3692154312],[139.4397058272,35.3693951518],[139.4395727788,35.3695179273],[139.4393733362,35.3696076473],[139.4392400027,35.3696315387],[139.4390838812,35.369561539],[139.4389274999,35.3693226467],[139.4388611056,35.3692154314],[139.4388363841,35.3691754313],[139.4388122211,35.3691365392],[139.4386577715,35.3688870979],[139.4385944385,35.3688459809],[139.4384902754,35.3687782062],[139.4384849964,35.3687759812],[139.438091391,35.3686020982],[139.4378886019,35.3685654311],[139.437451106,35.3686593141],[139.4371483294,35.3686823772],[139.4371316623,35.3686837649],[139.4370522206,35.3686898731],[139.4369633352,35.3686968195],[139.4367544389,35.3687129272],[139.4365094447,35.3687320981],[139.4363497178,35.3687187648],[139.4361036084,35.3686223773],[139.4354349965,35.3683632062],[139.4348900019,35.3681857115],[139.4348197172,35.368167377],[139.4346994445,35.3681365393],[139.4345088871,35.3680870982],[139.4344358262,35.3680682061],[139.4344027779,35.3680595933],[139.4341949958,35.3680059812],[139.434038601,35.3679195932],[139.4339386009,35.3678995932],[139.4338488872,35.3679004314],[139.433599444,35.367902927],[139.4334680566,35.3679887655],[139.4334197172,35.3680429272],[139.4333458262,35.3681262602],[139.4333427784,35.3681315662],[139.4333416623,35.3681334853],[139.4332913902,35.3682207115],[139.4332672138,35.3682629275],[139.433200002,35.3684018197],[139.4331808321,35.3684959814],[139.4331716617,35.3685404313],[139.4331491589,35.3686507116],[139.433114723,35.368819044],[139.4330538803,35.3690179273],[139.4330161115,35.3691423773],[139.4330088872,35.3691657111],[139.4329483296,35.3693329275],[139.4328969414,35.3694218192],[139.4328558262,35.3694990449],[139.4327274993,35.3696840444],[139.4326849965,35.3699787658],[139.4326686009,35.3701723772],[139.4326672142,35.3701873779],[139.4326672142,35.3701887656],[139.4326947236,35.370226261],[139.4327061117,35.370242099],[139.4327705472,35.370267378],[139.4328466694,35.3702970988],[139.4328877712,35.3703132066],[139.4333416627,35.3705106473],[139.4333427787,35.3705111527],[139.43335388,35.3705159812],[139.4335547238,35.3705593141],[139.4337394446,35.3705990443],[139.4338908329,35.3706318192],[139.4339936083,35.3706537654],[139.433981106,35.3707998737],[139.4339389134,35.3712251524],[139.4338105739,35.3715059819],[139.433692519,35.371600712],[139.4336355793,35.3717429272],[139.4336225185,35.3717829273],[139.4335216883,35.372095153],[139.4334962807,35.3722552881],[139.4334719747,35.3724076477],[139.433465023,35.3724834857],[139.4334594706,35.372543207],[139.4334539065,35.3726045938],[139.4334458531,35.3726909818],[139.4334447496,35.3727037657],[139.433403362,35.373150432],[139.433360574,35.3733282064],[139.4333428052,35.3733423509],[139.4333416631,35.3733432341],[139.4331861379,35.3734668198],[139.4330616889,35.3735807118],[139.432993907,35.3736304317],[139.4329477978,35.3736234863],[139.4328977982,35.3735523778],[139.4328208585,35.373434045],[139.4326344649,35.3731468195],[139.4324814164,35.3729868202],[139.4323322467,35.3726523776],[139.4322894705,35.3726312606],[139.4319541924,35.3726795938],[139.4318300284,35.3726926475],[139.4317866954,35.3726973779],[139.4317191851,35.3726582071],[139.4316691855,35.3725015398],[139.4315803,35.3719432064],[139.4314950226,35.3716870984],[139.4314611317,35.3715637654],[139.4314228043,35.3714245935],[139.4313741923,35.3712462606],[139.4313577977,35.3711859817],[139.4313272405,35.3710740449],[139.4312658518,35.3708487656],[139.431262804,35.3708379279],[139.4312516623,35.3708279274],[139.431194996,35.3707773775],[139.4310633353,35.3707204315],[139.4310583287,35.3707012606],[139.4310388872,35.3706295937],[139.4310274991,35.3705870989],[139.4309433351,35.37046682],[139.4309244385,35.3704432065],[139.430908329,35.3704229277],[139.4308033349,35.3702920988],[139.4306783291,35.3701751527],[139.4305755527,35.3700787661],[139.4304722197,35.3700359818],[139.430336941,35.3700218202],[139.4302266688,35.3700432069],[139.430011131,35.3701087658],[139.4299702748,35.3701212609],[139.4299369414,35.3701295941],[139.4296605473,35.3701993149],[139.4294324918,35.3702437658],[139.4290013901,35.3703376478],[139.4288688867,35.3703720991],[139.4288352682,35.370383766],[139.428684996,35.3704362612],[139.4285780567,35.370473486],[139.4284544377,35.3706276478],[139.4284391591,35.3706898737],[139.4284008579,35.370844594],[139.4284141922,35.370928766],[139.4284497433,35.3711545939],[139.4284561366,35.3712137657],[139.4284347489,35.3712829281],[139.428381974,35.3713182067],[139.4284064086,35.3713634857],[139.4285339064,35.3715470994],[139.4285391854,35.3715534864],[139.4285811307,35.3716048737],[139.4286966954,35.3717454323],[139.428741416,35.3718001534],[139.4288514158,35.3719929284],[139.4290258519,35.3723240453],[139.4291647496,35.3725523778],[139.4292097436,35.3726265404],[139.429252518,35.3726968197],[139.4294616887,35.3729129277],[139.4295033615,35.3729498745],[139.4295894707,35.3730268205],[139.429734749,35.3731562609],[139.4297730764,35.3732326484],[139.4297528047,35.3733112608],[139.4296755791,35.3733684865],[139.429483634,35.3734382074],[139.4293022462,35.3735148746],[139.429191688,35.373612648],[139.4292291853,35.3736437663],[139.4297905737,35.3739790453],[139.4298677976,35.3740351531],[139.4299164095,35.3740707122],[139.4300036348,35.374134315],[139.4301394702,35.3742834864],[139.4302511319,35.3745518199],[139.4302861381,35.3746912346],[139.4303216883,35.3748092886],[139.4303798601,35.3750031797],[139.4303800291,35.3750037391],[139.4304116889,35.375109288],[139.4304116889,35.375314847],[139.4304744652,35.3755412343],[139.4305589395,35.3758856854],[139.4306194972,35.376039018],[139.4307508846,35.3762267929],[139.4309208853,35.3765140183],[139.430991715,35.3766356849],[139.431158667,35.3768751258],[139.431296436,35.377077351],[139.4314906132,35.3773617931],[139.4315883821,35.3775326211],[139.4317536614,35.3778545676],[139.4319892254,35.3783131805],[139.4320239464,35.3783990181],[139.4321503273,35.3787098472],[139.4324120014,35.3793370722],[139.4324917155,35.3795201265],[139.4325161645,35.379684018],[139.4325125583,35.379860126],[139.4325000559,35.3799887389],[139.4323592257,35.3803912342],[139.4322372795,35.3805412348],[139.4321675784,35.380732901],[139.4320831429,35.3808787396],[139.4320245305,35.3809801265],[139.4315975792,35.3813726213],[139.431318694,35.3816059558],[139.4311375786,35.3817698474],[139.4309214697,35.3819440183],[139.4308167491,35.3820309557],[139.4307378642,35.3821473514],[139.4306842448,35.3822262345],[139.4306786942,35.3822659558],[139.430666476,35.3823509561],[139.4307075786,35.3824273517],[139.4307153605,35.3824415134],[139.4307467486,35.3825104059],[139.4309281357,35.3829079018],[139.4309306403,35.38292874],[139.4309350748,35.3829637398],[139.4309211974,35.3831484597],[139.4309284999,35.3833365133],[139.430928526,35.3833370727],[139.4309320271,35.3834273521],[139.4309498104,35.3838787398],[139.4309528582,35.3839592885],[139.4309536883,35.3839640189],[139.4309867492,35.3841259563],[139.4309978639,35.3841823518],[139.4309736883,35.3843320728],[139.4308481358,35.3845273516],[139.4307786938,35.3848167939],[139.4307742448,35.3848348478],[139.430717021,35.3849087397],[139.4307042452,35.384925406],[139.430613688,35.384925406],[139.4297942454,35.3845351272],[139.429707021,35.3844759564],[139.4294384087,35.3843540191],[139.4286259188,35.3840856857],[139.4282328574,35.3839765144],[139.4281656331,35.3839665139],[139.427444803,35.383857902],[139.4270331428,35.3837917937],[139.4262136876,35.383756767],[139.4257645302,35.3837387132],[139.4252170202,35.3837962087],[139.4250095232,35.383818046],[139.4250083307,35.3838181809],[139.4249345305,35.3838259295],[139.4248370206,35.3838573168],[139.4237314695,35.3840139833],[139.4236134146,35.3840075954],[139.4225950744,35.3840967678],[139.4224870199,35.3840692629],[139.4224200815,35.384052317],[139.4222003529,35.383991209],[139.4219473052,35.3839828759],[139.4215636867,35.3840051009],[139.4213292515,35.384083984],[139.4210209108,35.3842025957],[139.4206386926,35.3843964878],[139.4204806394,35.3844892627],[139.4202806392,35.384572317],[139.420203972,35.3845998218],[139.4199806388,35.384633434],[139.4196548018,35.3846803796],[139.419040911,35.3846942634],[139.4186617406,35.3846920475],[139.4177922985,35.3847153805],[139.4175675776,35.3847198222],[139.4171692508,35.3847473172],[139.4166761893,35.384736074],[139.4166749968,35.384736047],[139.4165486924,35.3847331557],[139.4162039714,35.3846998223],[139.4160009108,35.384698155],[139.4159348016,35.3846912096],[139.4153420251,35.3844509305],[139.4152336864,35.3843498225],[139.4150245293,35.3842487144],[139.4143653594,35.3839234341],[139.4142464744,35.3838642633],[139.4140861891,35.3837959301],[139.4140006383,35.3837756504],[139.4138331414,35.3837339848],[139.4137739714,35.3836851013],[139.4137425832,35.3836153804],[139.4137389652,35.3835214885],[139.4137631408,35.3834259301],[139.4137858001,35.3833370474],[139.4137859422,35.383336515],[139.4137948014,35.3833017688],[139.4137703524,35.3831728762],[139.4135456307,35.3829345423],[139.4133275765,35.3828767681],[139.4128775773,35.3826528765],[139.4128550726,35.3826337147],[139.4127534132,35.3825467682],[139.4126311944,35.3824617688],[139.4125231409,35.3823864883],[139.4117664737,35.3821181559],[139.4114142424,35.3819578769],[139.4107325823,35.3815587147],[139.4106314679,35.3814714885],[139.4105022973,35.3814228766],[139.4104822973,35.3814214889],[139.4103420246,35.3814120479],[139.4101361887,35.3815095425],[139.4100036853,35.3815862097],[139.4098328554,35.3816001016],[139.4097003511,35.3815828769],[139.4093859166,35.3814353809],[139.4093061881,35.3813981561],[139.4090909092,35.3812509308],[139.4084003512,35.3809164892],[139.4083428548,35.3808815424],[139.4083416614,35.380880823],[139.4082678612,35.3808359306],[139.4079470181,35.3806412094],[139.4077692491,35.3805645431],[139.4069600785,35.380122048],[139.4067242421,35.3800037152],[139.4067122964,35.3799942642],[139.4065186903,35.3798401015],[139.4063861616,35.3797042643],[139.4061906103,35.3793592637],[139.405824488,35.378725381],[139.4057181072,35.3785220479],[139.4056700528,35.3784301021],[139.4053944887,35.3779423179],[139.4052517123,35.3776392635],[139.4050683792,35.3773775967],[139.4050153308,35.3773017686],[139.4046500523,35.3774412103],[139.404439494,35.3774825972],[139.4042644877,35.3775775971],[139.404133943,35.3776545431],[139.4040656035,35.3777437154],[139.4040617122,35.3777517688],[139.4039989368,35.3778853811],[139.4038119984,35.3783064887],[139.4035786639,35.3789570484],[139.4035717122,35.3789762103],[139.4034583797,35.3793048235],[139.403381154,35.3794887151],[139.4033367194,35.3795537154],[139.4032356032,35.3796012104],[139.4029419979,35.3796784352],[139.4027581072,35.3796931563],[139.4024553315,35.3797020479],[139.4022950714,35.3797464897],[139.4021347988,35.3797731564],[139.4019939694,35.3798159309],[139.4018959154,35.3798514892],[139.4017803498,35.3799225977],[139.4017150707,35.3800025978],[139.4016556292,35.3801242644],[139.4016259156,35.3802753811],[139.4015903501,35.3806045438],[139.4015753576,35.3807734356],[139.4015786905,35.3809503817],[139.401593139,35.3812381567],[139.4015906363,35.3815867699],[139.4016420236,35.3819953814],[139.401646745,35.3820314892],[139.4016611936,35.3821470485],[139.4016820237,35.3823456512],[139.4017384058,35.3825145439],[139.4017561873,35.3827014896],[139.4017295206,35.3827278775],[139.4016317382,35.38273677],[139.401571194,35.3827570488],[139.4014675759,35.3827914892],[139.4014411934,35.3828003817],[139.4013039694,35.3829192649],[139.4011473021,35.3830820486],[139.4009333337,35.3833365163],[139.4009328804,35.3833370487],[139.4005836845,35.3837523188],[139.4004284057,35.3839381565],[139.4001698066,35.3841867696],[139.4000095204,35.384298184],[139.4000083279,35.3842990222],[139.3999684052,35.3843267698],[139.3997609082,35.3844364899],[139.3997281324,35.3844612113],[139.3996509085,35.3845192653],[139.3996481323,35.384593436],[139.3999181584,35.3850767703],[139.400008328,35.3851827698],[139.4000095466,35.3851842105],[139.4001473291,35.3853462108],[139.4002809351,35.3855864629],[139.4003223228,35.3856500755],[139.4003517774,35.3856950758],[139.4004412195,35.3858325714],[139.4005034383,35.385896184],[139.4005717778,35.3859659048],[139.4006903768,35.3860520221],[139.400924554,35.3862500762],[139.4011637108,35.3863728507],[139.4012523228,35.3864184086],[139.4014039962,35.3864961837],[139.4017789892,35.3866636888],[139.4017956564,35.3866711837],[139.4018576026,35.386826743],[139.4018662145,35.3868481298],[139.4018748264,35.3868692378],[139.4019106635,35.3869589587],[139.4019148265,35.3869697973],[139.4019412198,35.3870992376],[139.402012323,35.387445625],[139.4021167721,35.3879181298],[139.4021856566,35.3881711837],[139.4022401052,35.3883722919],[139.4023417782,35.3887459054],[139.4023920503,35.3888411841],[139.4024901052,35.3890264633],[139.4026031662,35.3892397969],[139.4028253843,35.3895714632],[139.4028317785,35.3895809052],[139.4028517785,35.3896125713],[139.4031493022,35.3900861839],[139.4031279136,35.3901328507],[139.4030762404,35.3901511842],[139.402939029,35.3902003547],[139.4027665255,35.3902617433],[139.4023773556,35.3904006248],[139.4021231928,35.3904911838],[139.4021018051,35.3904886891],[139.4020587437,35.3904839587],[139.4018312467,35.3904859049],[139.4016373556,35.390487851],[139.4013354108,35.3904906254],[139.401159302,35.3904922919],[139.4009018045,35.3904945169],[139.4000095735,35.3905013554],[139.4000083288,35.3905013554],[139.3994842947,35.3905053556],[139.3984809615,35.3905450761],[139.3984056954,35.3905520225],[139.3983879131,35.3905820229],[139.3983770835,35.3906903553],[139.3983698583,35.3907875711],[139.3984348524,35.3909392382],[139.3978604167,35.3911722922],[139.397784852,35.3911436892],[139.3970959676,35.390609518],[139.3967981849,35.3904547978],[139.3959640222,35.3899247977],[139.3959067983,35.3899211851],[139.3958923624,35.3899642384],[139.3958909091,35.390012987],[139.3958865249,35.3901595181],[139.3958851373,35.3902086894],[139.3958834636,35.3902639599],[139.3958779131,35.3904553555],[139.3958565254,35.3904839593],[139.3955193012,35.3905986895],[139.3954795727,35.390638131],[139.3954940222,35.3907781312],[139.3957306888,35.3914375717],[139.3958139705,35.3916698522],[139.3958141396,35.3916703558],[139.3959351371,35.3920070225],[139.3959995736,35.3921384098],[139.396032076,35.3922042393],[139.3961612466,35.3927170229],[139.3962148526,35.3932870231],[139.3962218044,35.3934303562],[139.3962001316,35.393555906],[139.3960495735,35.3939286903],[139.3959595738,35.394100906],[139.3958948523,35.3942261852],[139.3958518045,35.3943517441],[139.395812363,35.3944845182],[139.3958054103,35.3946061848],[139.3958232187,35.394864239],[139.3959165513,35.395186717],[139.3960823891,35.3954625454],[139.3961301575,35.3955297715],[139.3962387695,35.3956819871],[139.3963946068,35.3959105993],[139.3965201576,35.396064771],[139.3968321028,35.3964592118],[139.3968501576,35.3965297708],[139.3968498851,35.3966097709],[139.3968007156,35.3966739331],[139.396602389,35.3967603202],[139.3960354366,35.3969683829],[139.3956440489,35.3971022659],[139.3946134905,35.3974544918],[139.3944968242,35.3974936537],[139.3943534911,35.3975417171],[139.3942279403,35.3975847713],[139.394026824,35.3976278254],[139.3939910004,35.3976455996],[139.3940568236,35.3978003208],[139.3940804426,35.3978550508],[139.3942901583,35.3983450501],[139.3945054372,35.3988483836],[139.3945432195,35.3989364371],[139.3947743346,35.3994336534],[139.3950107161,35.3999431049],[139.3950346587,35.4000031859],[139.395034853,35.4000036536],[139.3952157481,35.4004578256],[139.3953415858,35.4008394916],[139.3954060205,35.4010347713],[139.3955010276,35.4012878253],[139.3956071368,35.4013197719],[139.3957235172,35.4013325458],[139.3958310276,35.4013444915],[139.3959887966,35.4013642127],[139.396189912,35.4013964372],[139.3962712998,35.4014114379],[139.3964065785,35.4014408799],[139.3965246334,35.4014703201],[139.396618252,35.4014825455],[139.3968568511,35.4015194914],[139.3969040754,35.4015244916],[139.3970171364,35.4015367179],[139.397167137,35.4015514371],[139.3973026883,35.4015614375],[139.397482416,35.401573653],[139.3975829728,35.4015839332],[139.3976271367,35.4015864378],[139.3976549186,35.4015853208],[139.3976935175,35.4015839332],[139.39779213,35.4015667174],[139.3979449185,35.401539771],[139.3981146341,35.4015078253],[139.398804076,35.4013578255],[139.3988610283,35.4013453204],[139.3989768511,35.4013281047],[139.3994857487,35.4012469876],[139.3995596397,35.4012397714],[139.3998379673,35.4011903203],[139.3999451908,35.4011472662],[139.4000083304,35.4011218252],[139.4000096398,35.4011212929],[139.400155464,35.4010625455],[139.400312973,35.4009961584],[139.4008596404,35.4008139332],[139.4010568509,35.4007081037],[139.401131858,35.4006667169],[139.4011521305,35.4006617167],[139.4011876942,35.4006525454],[139.401229912,35.4006619873],[139.4012729733,35.400685599],[139.4013076943,35.4007472656],[139.4013296405,35.4007864373],[139.4013813003,35.4008897712],[139.4014249192,35.4009625453],[139.4015068511,35.401113653],[139.4015782519,35.401246437],[139.4016249195,35.4013497709],[139.4018271376,35.401685879],[139.4020413004,35.4020944914],[139.4020757498,35.4021703204],[139.4021026882,35.4022689329],[139.4021140763,35.4023917173],[139.4021426882,35.4024172662],[139.4021746348,35.4024075454],[139.4022460212,35.40237532],[139.4023740766,35.4023261576],[139.4025846349,35.4022400502],[139.4026524168,35.4022158791],[139.402812417,35.4021394907],[139.4030318588,35.4020461581],[139.403177138,35.4019869872],[139.4032754644,35.4019231038],[139.4033174097,35.401915599],[139.4033263076,35.4019183833],[139.4033618587,35.40193032],[139.4033987975,35.4019819869],[139.4034726885,35.4021075449],[139.4045340769,35.4038928251],[139.4049502248,35.4046722657],[139.4050093822,35.4047928253],[139.4050388369,35.4048444913],[139.4051871639,35.4050728247],[139.4052474365,35.4051572656],[139.4052774361,35.4051994906],[139.4053446604,35.4052939329],[139.4055243882,35.4055453195],[139.4055838307,35.405651158],[139.405833273,35.4060586525],[139.4059168911,35.4061892116],[139.4059785514,35.4062869868],[139.4059835588,35.4062947713],[139.4063182794,35.4067967171],[139.4068507699,35.4075397712],[139.406876335,35.4075744913],[139.4069566067,35.4076822661],[139.4072891095,35.4081405993],[139.4074391624,35.4083365184],[139.4074394987,35.4083369869],[139.4076841045,35.4086564369],[139.4077999399,35.4087917165],[139.4078860491,35.4088975451],[139.4079699406,35.409000879],[139.4083177481,35.4094455722],[139.4083416656,35.409472131],[139.4083430271,35.4094735987],[139.4083844149,35.4095194641],[139.4084483063,35.4095858521],[139.4087858031,35.4099566902],[139.4088999667,35.4100725184],[139.4090344153,35.4101861306],[139.4091796945,35.4102969604],[139.4093766335,35.4104519603],[139.4100771921,35.41094141],[139.4103027556,35.41113641],[139.4103677487,35.4111925178],[139.4105599671,35.4113475177],[139.4107685784,35.4116261313],[139.4110180217,35.4124155715],[139.4110824699,35.4126291848],[139.4112905255,35.4131422391],[139.4114744162,35.4136083559],[139.4116511097,35.4139983559],[139.4117066734,35.4141314097],[139.4117530542,35.4142427979],[139.4118522243,35.4143541853],[139.4119683331,35.4144405723],[139.4120102792,35.4144716898],[139.4126372184,35.4149355718],[139.4129438846,35.4152169597],[139.4132497216,35.4155691846],[139.4133494484,35.4157150232],[139.413445273,35.4159530773],[139.4134619401,35.4161597442],[139.4134588915,35.4165836262],[139.4134492813,35.4166698523],[139.4134492292,35.416670293],[139.41344028,35.4167505719],[139.4133288918,35.416948626],[139.4130222248,35.4173166898],[139.412816674,35.4175794645],[139.4126580624,35.4178897442],[139.4126524974,35.4179008526],[139.4126311097,35.4179836262],[139.4125875043,35.41815141],[139.4125838855,35.4182708526],[139.4125827829,35.4183058524],[139.4125827829,35.4183083561],[139.4125830554,35.4183105721],[139.4125966738,35.4184569601],[139.4126464145,35.4186052934],[139.4127394755,35.4188358526],[139.412759748,35.4188855725],[139.412763911,35.4188961315],[139.4128661423,35.4190230771],[139.4129250272,35.4190633559],[139.4129408634,35.4190625186],[139.4129869726,35.4190602928],[139.413010578,35.4190525182],[139.4132133661,35.4189872391],[139.4133403054,35.418946131],[139.4135814209,35.4188683558],[139.4136989182,35.4188466902],[139.4140147538,35.4188380774],[139.414278088,35.418831131],[139.4145403051,35.4187783561],[139.4147575301,35.4187347443],[139.415560863,35.4185127978],[139.4156344699,35.4184922393],[139.416242497,35.4183244635],[139.4162433406,35.4183241848],[139.4163366741,35.418298626],[139.4166750017,35.4182279599],[139.4166763885,35.4182276901],[139.4166772195,35.4182275175],[139.4172548064,35.4180775986],[139.4178502808,35.417923077],[139.4181441712,35.4178641849],[139.418738607,35.4178580766],[139.419095002,35.4178650221],[139.4191888931,35.4178469592],[139.4191908374,35.4178458512],[139.4193466746,35.4177650228],[139.4194680624,35.4176255712],[139.4195486066,35.4175222382],[139.4196194498,35.4174619593],[139.4195591646,35.4172969598],[139.4196108378,35.4172433557],[139.4197686068,35.4171280761],[139.4198900081,35.4170614093],[139.4200144437,35.417006959],[139.4202013957,35.4169602922],[139.4204786063,35.4168886252],[139.4207402812,35.4168236249],[139.4209063887,35.4167825169],[139.4211661165,35.4167180759],[139.4212936134,35.4166877975],[139.4213906179,35.4166702922],[139.421393082,35.4166698515],[139.4215969467,35.4166330764],[139.4218244437,35.4166027971],[139.4220097229,35.4165697434],[139.4221858318,35.4165455714],[139.42240945,35.4165177968],[139.4225894503,35.4164877971],[139.4227541719,35.4164619587],[139.4228950021,35.4164505715],[139.4232411108,35.4164052924],[139.4239266748,35.4162961299],[139.4240133407,35.4162825168],[139.4241027837,35.416268625],[139.4242186074,35.4162975166],[139.4242966748,35.4163439045],[139.4243961174,35.4165114087],[139.4244771679,35.4166698512],[139.4244773883,35.4166702919],[139.4245455596,35.4168033547],[139.4245761168,35.4168627972],[139.4247175056,35.417268905],[139.4247424987,35.4174102919],[139.4247600085,35.4175086247],[139.4248419413,35.417787517],[139.4248894768,35.4181091839],[139.4249016941,35.418193355],[139.4249116946,35.4182605712],[139.4249025242,35.4185122384],[139.4249239129,35.4191339047],[139.424890307,35.4194427967],[139.4249055857,35.4196672378],[139.4249178039,35.4197216891],[139.424945029,35.4197247432],[139.4250083359,35.4197175441],[139.4250097497,35.4197173822],[139.4255580897,35.4196550223],[139.4257705798,35.4196550223],[139.4260800347,35.4196519591],[139.4266708651,35.4196219586],[139.4269075316,35.4196158513],[139.42698058,35.4196461296],[139.4271169739,35.41973113],[139.4272580901,35.4197264085],[139.4274441985,35.4197200215],[139.4283672475,35.4196889049],[139.4294680897,35.4196555705],[139.429613913,35.4196364086],[139.4297439136,35.4196191839],[139.4300175324,35.4195827964],[139.4305728116,35.4194433546],[139.4317222532,35.4191277968],[139.4320564161,35.4190297428],[139.4327416951,35.4188577959],[139.4329297505,35.418811408],[139.4333416698,35.418710048],[139.4333430835,35.4187096883],[139.4337978041,35.4185977964],[139.4339767027,35.4185577963],[139.4340094776,35.4185505703],[139.4341550293,35.4184869585],[139.4342475326,35.4183833539],[139.4343650299,35.4182622368],[139.4344739136,35.4181502909],[139.4346208655,35.4179789044],[139.4346339137,35.4179611293],[139.4346822532,35.4178947422],[139.4348241995,35.417700021],[139.4352308396,35.417257237],[139.4353775064,35.4171075161],[139.4355477787,35.4169575154],[139.4359214497,35.4166702908],[139.4359220585,35.4166698501],[139.4359308395,35.4166630746],[139.4363672211,35.4163753176],[139.4368224993,35.4160905966],[139.4369794517,35.4160094886],[139.4374247304,35.4157794887],[139.4376355602,35.4156553175],[139.4377224995,35.4156042099],[139.4378480647,35.4155303171],[139.4381408399,35.4153578226],[139.438285834,35.4152697681],[139.4386500099,35.4150483802],[139.4387375068,35.4149950477],[139.4387841735,35.4149667145],[139.4389500094,35.4148836504],[139.4389986088,35.414859768],[139.439174446,35.4147747686],[139.4392247307,35.4147611555],[139.4398633429,35.414589768],[139.4400547304,35.4145503175],[139.4400730577,35.4145419843],[139.4402788945,35.4144492093],[139.4405377787,35.4143205964],[139.4406708397,35.4142472629],[139.4410013973,35.4140469839],[139.4416750039,35.4136523801],[139.4416763906,35.4136515689],[139.4417091664,35.4136319844],[139.4421233429,35.4133839297],[139.4422097246,35.413331984],[139.4422844457,35.4132872625],[139.4423713975,35.4132353167],[139.4425283364,35.413141155],[139.4425516693,35.4131194876],[139.4424694515,35.4130186502],[139.44241276,35.4129575422],[139.4423905288,35.4129336499],[139.44235359,35.4128917136],[139.4422285824,35.412750047],[139.4421235892,35.4126544878],[139.4420452493,35.4125831005],[139.4418119165,35.4123033799],[139.4417683101,35.4121267134],[139.4417683101,35.4120853167],[139.441788025,35.4119183801],[139.4417791406,35.4117464342],[139.44174831,35.4115778221],[139.4416763651,35.4113250469],[139.4416750035,35.4113202625],[139.4416135897,35.4111044882],[139.4415435891,35.4107708757],[139.441351358,35.4099205954],[139.4412810858,35.4095481007],[139.4412235894,35.409304209],[139.4412271948,35.40924838],[139.4412613582,35.4091819839],[139.4415430313,35.4088875414],[139.4416750032,35.4086955954],[139.4416763647,35.4086936223],[139.4417588415,35.4085736491],[139.4418152227,35.4084967139],[139.4418541076,35.40844393],[139.4419328109,35.4083370195],[139.4419331742,35.408336515],[139.4419779991,35.4082756228],[139.4420638349,35.4081550731],[139.4421174408,35.4080792351],[139.4421652227,35.4079861813],[139.4421841075,35.4079492354],[139.4422893866,35.4077981277],[139.4424577262,35.4074903526],[139.442559114,35.4074206228],[139.4425782839,35.4074047947],[139.4426385556,35.4073825689],[139.4427243932,35.407376181],[139.442994108,35.4073859026],[139.4430352232,35.4073906223],[139.4431374411,35.4074020194],[139.4432030053,35.4074095143],[139.4435271686,35.4074459026],[139.444167441,35.4074647946],[139.4445455089,35.4074603519],[139.4448263393,35.4074675681],[139.4448418904,35.4074678478],[139.4448788417,35.4074714603],[139.4450018906,35.4074839564],[139.4450685564,35.4074775685],[139.445103005,35.4073617403],[139.4451288425,35.4072495139],[139.4451382844,35.407220902],[139.445173278,35.4072178479],[139.4453588423,35.4072206223],[139.4455138351,35.4072228481],[139.4457471696,35.4072264597],[139.4459216174,35.4072422887],[139.4464216172,35.4072611807],[139.4467691143,35.4072742352],[139.4471088423,35.4073184063],[139.4477055092,35.4073184062],[139.4479157816,35.4073442347],[139.4480185561,35.4073567398],[139.4485488423,35.4074867395],[139.4487613324,35.4075089554],[139.4488460539,35.4075581267],[139.4488977263,35.4076739558],[139.4489168963,35.4078356215],[139.4489324483,35.408000622],[139.4489679994,35.4080945139],[139.4491599444,35.4083365143],[139.4491603338,35.4083370188],[139.4491724486,35.4083522893],[139.4491830058,35.4083656217],[139.4492124739,35.4084370189],[139.4491933048,35.4085417396],[139.4490219165,35.408650902],[139.4488124734,35.4087981273],[139.4487808137,35.4088364601],[139.4487902566,35.408868127],[139.4488194261,35.4088834056],[139.4490030317,35.4089931273],[139.4491427603,35.4091122893],[139.4492669225,35.4092245139],[139.4493685828,35.4092986855],[139.4495463662,35.4093431273],[139.4496541482,35.4093336862],[139.4497574812,35.4093211811],[139.449830257,35.4093386855],[139.4500083372,35.4094549022],[139.4500096988,35.4094557943],[139.4500413595,35.4094764598],[139.4501996995,35.4095809017],[139.4502010872,35.4095820186],[139.4502999713,35.4096661808],[139.4502733055,35.409727019],[139.4502349782,35.4097967399],[139.450222474,35.409859794],[139.4502280264,35.4098995135],[139.4502488691,35.4099259014],[139.4503746924,35.4100314602],[139.4504477533,35.41009174],[139.450489141,35.4101106222],[139.4505460933,35.4101042352],[139.4506635906,35.4100725682],[139.4507046924,35.4100789561],[139.4507738619,35.4101442352],[139.4508388694,35.4101986855],[139.4508666378,35.4102217397],[139.4509183111,35.4102331269],[139.4509349782,35.4102370191],[139.4509935906,35.4102500728],[139.4511213591,35.4102867399],[139.4512216444,35.4103359014],[139.4513505289,35.4104625682],[139.4516099717,35.4106784055],[139.4517894261,35.4108328478],[139.4518402576,35.4108645139],[139.4518941485,35.4108678476],[139.4519269234,35.4108436855],[139.4520052508,35.4106772885],[139.4520433056,35.4106139555],[139.4520783117,35.4106075676],[139.4521144204,35.4106186859],[139.4523005297,35.410788406],[139.4523671965,35.4108211809],[139.4524458089,35.4108267396],[139.4525485835,35.4107800728],[139.4526963664,35.4107075677],[139.4528677538,35.4106342342],[139.4529210872,35.4106250728],[139.4529477539,35.4106203514],[139.4530096992,35.4106095137],[139.453062475,35.41061646],[139.4530846928,35.4106331262],[139.4531230327,35.4106620188],[139.4531405299,35.4106834055],[139.4531446928,35.410688127],[139.4532277534,35.4107892351],[139.4532652506,35.4108414596],[139.4532941485,35.410882019],[139.4533191416,35.4109422889],[139.4533302572,35.4110109018],[139.453376924,35.4111031263],[139.4534438623,35.4112075673],[139.453481918,35.4112606219],[139.4535377534,35.4112992343],[139.4535852511,35.4113122889],[139.4536238626,35.4112906215],[139.453653863,35.4111661805],[139.4537099717,35.4110931267],[139.4538646929,35.4110028474],[139.4539480268,35.410977848],[139.4539769238,35.4109692343],[139.4540471968,35.410948406],[139.4540641491,35.4109450722],[139.4541922026,35.4109206214],[139.4542233057,35.4109147938],[139.4543013597,35.4109275678],[139.4543794271,35.4109495139],[139.4544280265,35.4109634058],[139.454492203,35.4110059014],[139.4545133056,35.4110200729],[139.45456136,35.4110845139],[139.4545655356,35.4110909017],[139.4546171971,35.4111661804],[139.4547033055,35.4113078479],[139.4547677536,35.4113636859],[139.454822203,35.4113614592],[139.4548710875,35.4113595139],[139.4550363667,35.4112889558],[139.455073033,35.4112734056],[139.4551544207,35.411240351],[139.4552322031,35.4112089557],[139.4552491418,35.4111978473],[139.4553399715,35.4111389551],[139.4555513599,35.4111195136],[139.4556474822,35.4110839553],[139.4556791419,35.411064234],[139.4557310876,35.4110500724],[139.455873033,35.4110200728],[139.4560149794,35.4109984054],[139.4561010877,35.4110242339],[139.4561699721,35.4110681263],[139.4562385841,35.4111445138],[139.4562705299,35.411232847],[139.4562935912,35.4113592341],[139.4563424748,35.4115717394],[139.4563980268,35.4116295137],[139.4564516453,35.4116464596],[139.4564910878,35.4116472888],[139.4565924756,35.411649234],[139.4567474818,35.4116292339],[139.4569052508,35.4116003513],[139.4570922028,35.4115372881],[139.4572358092,35.411494234],[139.4574397,35.4114311807],[139.4575546936,35.4113967393],[139.4575863668,35.4113936852],[139.4576094272,35.4114195128],[139.4576705299,35.4115625671],[139.4577322036,35.4117072878],[139.4577285839,35.4117495137],[139.4571894277,35.4119545133],[139.4570569242,35.4119967392],[139.4559149794,35.4123611536],[139.4557313603,35.4124236484],[139.4552852507,35.4125758749],[139.4552933059,35.4126000451],[139.4555186105,35.4132717128],[139.455743344,35.4137042076],[139.4558277805,35.4138669822],[139.4558994538,35.4140175404],[139.4561969505,35.4143717123],[139.4565297267,35.4147400458],[139.4565636177,35.414796713],[139.456536951,35.4148444868],[139.4563902842,35.414988649],[139.4562469502,35.4151619826],[139.4560080669,35.4154831],[139.4559780664,35.415537821],[139.4559922299,35.4156297668],[139.456446393,35.416110316],[139.4566913999,35.4162986484],[139.4568252775,35.4164389291],[139.4568536179,35.4165247667],[139.4568033449,35.4166698481],[139.4568031767,35.4166703157],[139.4566311409,35.4171650454],[139.4565858619,35.417259208],[139.456508093,35.4173505945],[139.4562722557,35.4175630998],[139.4556236439,35.4180417128],[139.4553708679,35.4181886486],[139.4549867045,35.418316713],[139.4547414261,35.4183617133],[139.4546283651,35.4184031001],[139.4545267048,35.4185122625],[139.4543330862,35.4189697675],[139.454133086,35.4194417129],[139.454068923,35.4195528214],[139.4538464191,35.4199369831],[139.4528703103,35.4209022625],[139.4525978067,35.4211719566],[139.4521447849,35.4216105686],[139.4521003359,35.4216455684],[139.4520620104,35.4216755689],[139.4519875609,35.4217002895],[139.4518131122,35.4217125149],[139.4516728404,35.4217222357],[139.4516300642,35.42172502],[139.451357003,35.4217694609],[139.4511483909,35.421838903],[139.4508553432,35.4220125145],[139.450009779,35.4226017945],[139.4500083392,35.4226027945],[139.4496272883,35.4228683527],[139.4488864448,35.4233594609],[139.4487872882,35.4234255692],[139.4487272882,35.4234652904],[139.4486495058,35.4235489031],[139.4485286756,35.4236786231],[139.4483861726,35.4238380739],[139.4482406219,35.4240011282],[139.4481095061,35.4241227948],[139.4478553433,35.4243586231],[139.4475925668,35.4246027954],[139.4471028401,35.4249897414],[139.4470842268,35.4250031827],[139.447083618,35.4250036233],[139.4469086756,35.4251300204],[139.4468259011,35.4251897417],[139.4467047849,35.425276957],[139.4465622819,35.4253797415],[139.446089234,35.4257211287],[139.4460044999,35.4257825155],[139.4457106221,35.4259944615],[139.4452412048,35.4263241827],[139.4449859268,35.4265033538],[139.4448961988,35.4265730746],[139.4446742533,35.4266677957],[139.4444284173,35.4267302906],[139.4442050832,35.4268144617],[139.4441403617,35.4268839038],[139.4440161986,35.4270327956],[139.4438175869,35.4272180748],[139.4436884173,35.4273769581],[139.443654539,35.42752057],[139.4436487024,35.4275455702],[139.4436536963,35.427610021],[139.4437264839,35.4276466882],[139.4437861989,35.4276764081],[139.4439217501,35.4277241827],[139.4441403618,35.4277589038],[139.4443239809,35.4278083539],[139.444482866,35.4278777959],[139.4446170296,35.4279719576],[139.4447361988,35.4280714073],[139.4449545389,35.4282944617],[139.4451639812,35.4285841828],[139.4478125937,35.427974461],[139.449291751,35.4276722365],[139.4496820353,35.4276230741],[139.4497531519,35.4276141825],[139.4498028664,35.4275886228],[139.4498267578,35.4274686236],[139.4498267577,35.4271391821],[139.4500083398,35.4271007685],[139.4500098183,35.4271004609],[139.4510298187,35.4268847413],[139.4518550834,35.4267061277],[139.4522153698,35.4266197406],[139.4531403631,35.4263969569],[139.4533009209,35.4263111273],[139.4534353695,35.4261900201],[139.453544254,35.4260608487],[139.4537959275,35.4257491814],[139.4544531125,35.4256789029],[139.454743956,35.4256647403],[139.4549353443,35.4254941812],[139.4550006225,35.4254777946],[139.4550950586,35.4254744608],[139.4551622829,35.4254652895],[139.455340623,35.4254416868],[139.4554059021,35.4254327943],[139.4555847862,35.4254086223],[139.4558659017,35.4252175145],[139.4560445008,35.4250855687],[139.4561989504,35.4250844607],[139.4563447862,35.4250836225],[139.4565983924,35.425081956],[139.4568072887,35.425046127],[139.4569670038,35.4250380736],[139.4570617249,35.4250330733],[139.4570889501,35.4250214064],[139.457097419,35.4250036223],[139.4570976403,35.4250031817],[139.4572217251,35.4247427946],[139.4572511671,35.4247200193],[139.4572828412,35.4247200193],[139.4583416735,35.4247186495],[139.4583431133,35.4247186495],[139.4583581203,35.4247186225],[139.4589692357,35.4247108478],[139.458985616,35.4247105681],[139.4590367326,35.4247100187],[139.4593357078,35.4250031814],[139.4593361484,35.4250036221],[139.4593661741,35.4250330731],[139.4593823745,35.4250036221],[139.45938262,35.4250031814],[139.4596959024,35.4244336488],[139.4597972892,35.4242679019],[139.459786589,35.4238796223],[139.4597972892,35.4237269291],[139.459829287,35.4235786219],[139.4602348121,35.4235393521],[139.4603098451,35.4230826493],[139.4610914532,35.4227503155],[139.4612220114,35.4228247668],[139.4617292354,35.4231136218],[139.4621056161,35.4232477934],[139.4622706238,35.4233066855],[139.4626186776,35.4234161267],[139.4630342283,35.4234594596],[139.4642081207,35.4234950457],[139.4642156166,35.4234953155],[139.4643142291,35.4235014326],[139.4643142291,35.4238005679],[139.4643142292,35.4243005676],[139.4643103378,35.4244041803],[139.4650578346,35.4244166853],[139.4650583931,35.4244169011],[139.4656511678,35.4243974055],[139.4656695859,35.4241953782],[139.4660878354,35.4241950185],[139.4660978998,35.4245405677],[139.4656248914,35.4247051266],[139.4656513369,35.4250031808],[139.465651363,35.4250036215],[139.4657262011,35.4258475139],[139.4659531532,35.4258589011],[139.4659287042,35.4260638746],[139.4660353971,35.4262122079],[139.4659539834,35.4267269556],[139.4658265648,35.4272797392],[139.4657284191,35.4273475139],[139.4656103642,35.4274236218],[139.4652189774,35.427756487],[139.4650928682,35.4278758477],[139.4646523101,35.4282083514],[139.4643975897,35.4283772352],[139.4643878744,35.4287277936],[139.4643920374,35.4287286219],[139.4644959298,35.4287375135],[139.4645431532,35.428740019],[139.4646214805,35.4287439023],[139.4647734255,35.4287516859],[139.4654570318,35.4287864059],[139.4654667598,35.4290880728],[139.4660423107,35.4291027937],[139.4661623108,35.4290836219],[139.4661750857,35.4290730729],[139.4662248137,35.4290308479],[139.4662725956,35.4289447396],[139.4663014809,35.4288297397],[139.4663132836,35.4287548747],[139.4663381471,35.4285961264],[139.4663917529,35.4282544595],[139.4666006509,35.4271666853],[139.4666212076,35.4270589016],[139.4666750086,35.4267792079],[139.4666764862,35.4267715673],[139.4667109221,35.4265925131],[139.4667925958,35.4261439016],[139.4668331534,35.4259297397],[139.4668973164,35.4255891808],[139.4668942289,35.4250864058],[139.4669122846,35.4250036214],[139.4669124015,35.4250031807],[139.4669853455,35.4246689018],[139.4672500663,35.4238825399],[139.4673286778,35.4236486478],[139.4673547869,35.42363254],[139.4674331143,35.4236305939],[139.4676647868,35.4236253148],[139.4685903386,35.4236036483],[139.470156447,35.4235747655],[139.4707448393,35.4235575398]]],[[[139.4774306065,35.2975078097],[139.4774382975,35.2975073952],[139.4774434596,35.2975071424],[139.4774480515,35.29750553],[139.4774504114,35.2974995836],[139.4774513197,35.2974937291],[139.4774512936,35.2974898907],[139.4774532397,35.2974874221],[139.4774521884,35.2974841971],[139.4774497378,35.2974820073],[139.4774463266,35.2974810891],[139.4774387391,35.2974839444],[139.4774336552,35.2974902505],[139.4774284409,35.2974973407],[139.477425769,35.2975042781],[139.4774269876,35.2975067288],[139.4774306065,35.2975078097]]],[[[139.4773290496,35.297500251],[139.4773314886,35.2974957292],[139.4773299319,35.2974941697],[139.477327403,35.2974935294],[139.4773262096,35.2974924484],[139.4773237967,35.2974924484],[139.477322124,35.2974946104],[139.4773222148,35.2974977014],[139.4773202435,35.2974990081],[139.477320685,35.2975015298],[139.477322552,35.2975025298],[139.477326599,35.297502368],[139.4773290496,35.297500251]]],[[[139.4774002175,35.2974928369],[139.4773935121,35.2974911966],[139.4773866899,35.2974914484],[139.4773837068,35.2974922506],[139.4773796599,35.2974914484],[139.4773772083,35.2974935834],[139.4773764295,35.2974961159],[139.477378882,35.297498089],[139.4773771832,35.2975005297],[139.4773771832,35.2975031432],[139.4773781041,35.2975048096],[139.4773769619,35.2975062233],[139.4773759889,35.2975087558],[139.477377792,35.2975110887],[139.4773798793,35.2975127021],[139.4773828507,35.297512729],[139.4773855999,35.2975122776],[139.4773893492,35.2975140079],[139.4773920975,35.2975142777],[139.4773979089,35.297513837],[139.4774009046,35.2975093404],[139.4774007112,35.2975062773],[139.4773996078,35.2975047556],[139.4773996338,35.2975007824],[139.4774016051,35.2974994218],[139.4774033822,35.2974961159],[139.4774028507,35.2974945564],[139.4774002175,35.2974928369]]],[[[139.4773427472,35.2975115293],[139.4773460405,35.2975099178],[139.4773505416,35.2975081965],[139.4773527729,35.2975066748],[139.4773533556,35.2975021161],[139.4773511262,35.2975010891],[139.4773471827,35.2975004488],[139.4773398289,35.2975004218],[139.4773357424,35.297501305],[139.4773349906,35.2975043411],[139.4773365725,35.2975103404],[139.4773386607,35.2975115024],[139.4773401005,35.2975118639],[139.4773427472,35.2975115293]]],[[[139.4776598285,35.2978404762],[139.4776647954,35.2978580885],[139.4776694908,35.2978661158],[139.4776729927,35.297871251],[139.4776726294,35.2978777558],[139.4776719037,35.2978956379],[139.4776768185,35.2979018909],[139.4776863783,35.2979013045],[139.477695626,35.2979000077],[139.4777025778,35.297893341],[139.4777056912,35.2978889181],[139.4777095691,35.2978830078],[139.4777123192,35.2978771424],[139.4777136808,35.2978688642],[139.4777140441,35.2978598368],[139.4777112418,35.2978500081],[139.4777073765,35.29784581],[139.4777021236,35.297844837],[139.4777008528,35.297839611],[139.4777040436,35.2978370884],[139.47770538,35.297831143],[139.4777037972,35.2978204213],[139.4776997377,35.2978157286],[139.4776972088,35.2978137285],[139.4776931618,35.297809035],[139.477688765,35.2978092778],[139.4776843809,35.2978108093],[139.4776785191,35.2978091699],[139.4776577402,35.2978133409],[139.4776551853,35.2978210886],[139.477659297,35.2978334489],[139.4776598285,35.2978404762]]],[[[139.4778322411,35.2977105565],[139.4778359121,35.2977057019],[139.4778414627,35.297700422],[139.477850438,35.2977003411],[139.4778572989,35.2976934217],[139.4778596596,35.2976880078],[139.4778557952,35.2976802511],[139.4778505423,35.297673008],[139.4778444845,35.2976672775],[139.4778281546,35.2976664483],[139.4778196856,35.2976685024],[139.4778132915,35.2976702776],[139.4778070403,35.2976694754],[139.4778007621,35.2976661156],[139.4777938751,35.2976612233],[139.4777841345,35.2976495564],[139.4777853801,35.2976412781],[139.4777907616,35.2976415569],[139.4777961576,35.2976408635],[139.4777986865,35.2976436748],[139.477800218,35.2976451964],[139.4778081285,35.2976465571],[139.4778169355,35.2976457828],[139.4778260412,35.2976460886],[139.477833966,35.2976468368],[139.4778398799,35.2976494484],[139.4778531881,35.2976495024],[139.4778587909,35.2976503406],[139.4778704641,35.2976462235],[139.4778717996,35.2976447828],[139.4778751325,35.297634008],[139.4778751073,35.2976205298],[139.4778736027,35.2976111697],[139.4778732915,35.2976021423],[139.4778733563,35.2975915024],[139.4778733815,35.2975833051],[139.4778681546,35.2975486749],[139.4778656518,35.2975384757],[139.4778624871,35.2975319718],[139.4778625131,35.2975273942],[139.477864212,35.2975242781],[139.4778654314,35.2975167553],[139.4778559886,35.2975025568],[139.477846275,35.2974983947],[139.4778400229,35.2974918908],[139.4778349912,35.2974867287],[139.4778259116,35.2974784217],[139.477820736,35.2974778641],[139.477814135,35.2974781159],[139.4778063271,35.2974778101],[139.4777974031,35.297482197],[139.4777896078,35.2974826377],[139.4777826821,35.2974777553],[139.4777737968,35.2974746751],[139.4777650167,35.2974717559],[139.4777596334,35.2974728099],[139.4777555478,35.2974776743],[139.4777478828,35.297492702],[139.477746845,35.2975003678],[139.4777503209,35.2975094753],[139.4777543544,35.2975142237],[139.4777550172,35.2975185027],[139.4777471832,35.297521251],[139.4777448737,35.2975269446],[139.4777435121,35.2975352237],[139.4777444591,35.2975430883],[139.4777444331,35.2975502775],[139.4777415408,35.2975555026],[139.4777396595,35.297563449],[139.4777377655,35.2975704754],[139.4777352105,35.2975735295],[139.4777289341,35.2975729449],[139.4777218781,35.2975786106],[139.477716573,35.2975863673],[139.4777165469,35.2975949181],[139.4777129928,35.2976037557],[139.4777144847,35.2976134756],[139.477715795,35.2976155566],[139.4777191801,35.2976179173],[139.4777172987,35.2976197016],[139.4777106329,35.2976207286],[139.4777062362,35.2976376107],[139.4777083756,35.2976471696],[139.4777076877,35.297656197],[139.4777148741,35.2976728101],[139.4777148481,35.2976797286],[139.4777126294,35.297686675],[139.4777127473,35.2976978365],[139.477710659,35.2977058638],[139.4777140441,35.2977108371],[139.477718207,35.2977123947],[139.4777216308,35.2977123947],[139.4777200749,35.2977144488],[139.4777132662,35.2977167555],[139.4777087129,35.2977224491],[139.4777086868,35.297732008],[139.4777091797,35.2977420885],[139.4777108011,35.2977508371],[139.4777162097,35.2977819717],[139.4777278181,35.2978036381],[139.4777319685,35.297811116],[139.4777366899,35.2978140343],[139.4777374939,35.2978306106],[139.4777440437,35.2978404483],[139.4777482067,35.2978430077],[139.4777519298,35.297845891],[139.4777525783,35.2978533679],[139.477753849,35.2978634754],[139.4777584931,35.2978821426],[139.4777590237,35.2978900891],[139.4777609572,35.2978938635],[139.4777638225,35.2978966748],[139.4777614887,35.2979015293],[139.4777609051,35.297907035],[139.4777627469,35.2979160615],[139.4777645761,35.2979243406],[139.4777714631,35.2979362773],[139.4777742636,35.2979463677],[139.4777777395,35.2979556748],[139.4777864692,35.2979721972],[139.4777892967,35.2979778638],[139.4777942897,35.2979917017],[139.477795458,35.2979994484],[139.4777970785,35.2980095298],[139.4778017092,35.2980289444],[139.477804212,35.2980391157],[139.4778060412,35.2980488635],[139.4778081807,35.2980568908],[139.4778165732,35.2980768369],[139.4778207109,35.2980843408],[139.4778222407,35.298089476],[139.477826275,35.2980980618],[139.4778300747,35.2981099715],[139.4778308526,35.2981191158],[139.4778264945,35.2981257285],[139.4778249126,35.2981347559],[139.4778238487,35.2981455568],[139.4778319687,35.2981816376],[139.4778322412,35.2981901155],[139.4778322151,35.2981991159],[139.4778352368,35.298208503],[139.4778445763,35.298238008],[139.4778466897,35.2982564216],[139.4778495172,35.2982657017],[139.4778507618,35.298279143],[139.4778534598,35.2982891426],[139.4778586354,35.2982993409],[139.4778670395,35.2983052233],[139.4778750678,35.2983051694],[139.4778801274,35.2983013949],[139.4778930965,35.2982807825],[139.4779064299,35.2982455839],[139.4779169357,35.2982116381],[139.47791905,35.2982025297],[139.4779195689,35.2981863051],[139.4779161056,35.2981764755],[139.4779154581,35.2981699716],[139.4779136289,35.2981616744],[139.4779110218,35.2981531156],[139.4779062356,35.2981429173],[139.4778992452,35.2981344214],[139.4778961578,35.2981315301],[139.4778933816,35.2981156381],[139.4778795428,35.2980828093],[139.4778791543,35.2980743404],[139.4778782981,35.2980710884],[139.4778730452,35.2980647554],[139.4778699965,35.298059864],[139.4778729022,35.2980460891],[139.4778805159,35.2980180617],[139.4778774941,35.2979998639],[139.4778762099,35.2979899444],[139.4778813459,35.2979709444],[139.4778822929,35.2979595833],[139.4778819035,35.2979487554],[139.4778828253,35.2979411157],[139.4778822929,35.2979307285],[139.477884355,35.297916503],[139.477885043,35.2979062238],[139.4778798539,35.2978996749],[139.4778808531,35.2978843046],[139.4778802442,35.2978757557],[139.4778812677,35.2978660079],[139.4778838748,35.2978485026],[139.4778771047,35.2978388637],[139.477868544,35.2978355838],[139.4778637066,35.2978309721],[139.4778572989,35.297827972],[139.4778581551,35.2978188906],[139.4778577657,35.2978119443],[139.4778559364,35.2978014761],[139.4778490494,35.2977947016],[139.4778404897,35.2977903677],[139.4778378565,35.2977853045],[139.4778388817,35.2977812504],[139.4778389078,35.2977733948],[139.4778353276,35.2977644753],[139.4778327078,35.2977564489],[139.4778287913,35.2977475024],[139.4778215796,35.2977399175],[139.4778117995,35.297738341],[139.4778081546,35.2977372511],[139.4778058469,35.2977364489],[139.4778058469,35.2977353679],[139.4778104901,35.2977367286],[139.4778144327,35.2977356377],[139.4778157691,35.2977337554],[139.4778194132,35.2977318641],[139.4778224097,35.2977245023],[139.477824381,35.2977228637],[139.4778322411,35.2977105565]]],[[[139.478316768,35.2979199177],[139.4783074681,35.2979145029],[139.4782977923,35.2979134759],[139.4782888297,35.2979289442],[139.4782910744,35.2979374491],[139.4782891795,35.2979474487],[139.4782881552,35.2979615294],[139.4782888297,35.2979753951],[139.4783016567,35.2980097555],[139.4783116311,35.2980354482],[139.4783126815,35.2980511693],[139.4783109305,35.298076675],[139.4783298802,35.2980919715],[139.4783488298,35.2981081422],[139.4783570793,35.2981124221],[139.4783690501,35.2981122773],[139.4783784409,35.2981059713],[139.4783817737,35.2980968908],[139.4783782457,35.2980752774],[139.47838538,35.2980729176],[139.4783876238,35.2980634756],[139.478387131,35.2980505838],[139.4783815408,35.2980427282],[139.4783663531,35.2980241968],[139.478356599,35.2980166749],[139.4783527994,35.2980068363],[139.4783559119,35.2980012506],[139.4783656264,35.2979905568],[139.4783724873,35.2979803944],[139.478367818,35.297964972],[139.4783604121,35.2979541423],[139.4783457945,35.2979464216],[139.4783397637,35.29794381],[139.4783301014,35.2979443946],[139.4783282065,35.2979454756],[139.4783268188,35.2979397019],[139.4783310223,35.2979345839],[139.4783282982,35.2979297014],[139.478316768,35.2979199177]]],[[[139.4776873504,35.2979822507],[139.4776851327,35.297989278],[139.4776847442,35.2980013676],[139.4776859115,35.2980091161],[139.4776878828,35.2980153404],[139.4776862749,35.298037729],[139.4776835769,35.2980429181],[139.4776829932,35.2980490613],[139.4776856516,35.2980708636],[139.4776834339,35.2980754483],[139.4776872093,35.2980882781],[139.4776955999,35.2981075029],[139.4777044331,35.2981230351],[139.4777081041,35.298128503],[139.4777137707,35.2981303681],[139.4777201272,35.2981293951],[139.477723577,35.2981249713],[139.4777257947,35.2981180348],[139.4777304118,35.2980705569],[139.4777318777,35.2980352504],[139.4777350172,35.29801981],[139.477735769,35.2980013406],[139.47773752,35.297976638],[139.4777343553,35.2979709444],[139.4777305161,35.2979699444],[139.4777321888,35.2979673408],[139.4777399968,35.2979637561],[139.4777409959,35.2979609718],[139.4777404122,35.2979440349],[139.477740736,35.29792917],[139.4777367682,35.297920675],[139.4777336026,35.2979181425],[139.477728882,35.2979149445],[139.4777238224,35.2979127016],[139.4777197638,35.2979121431],[139.4777132662,35.2979128365],[139.4777102697,35.2979250079],[139.4777098803,35.2979343951],[139.4777073253,35.297944918],[139.4777025517,35.2979562504],[139.4776968842,35.2979655296],[139.4776873504,35.2979822507]]],[[[139.4783195434,35.2981449443],[139.4783309567,35.2981455028],[139.4783449393,35.2981450073],[139.4783554056,35.2981407283],[139.4783632396,35.2981342505],[139.4783611901,35.2981224217],[139.4783289602,35.2981013407],[139.4783104638,35.2980838911],[139.47829918,35.2980727557],[139.4782884412,35.2980687555],[139.4782810479,35.2980728906],[139.4782780522,35.2980763044],[139.478280957,35.298088251],[139.4783053538,35.2981205565],[139.478311489,35.298127341],[139.4783112156,35.2981372506],[139.4783195434,35.2981449443]]],[[[139.4782864303,35.298247503],[139.4782964299,35.2982460884],[139.4783050427,35.2982408903],[139.4783064043,35.298232702],[139.4782936807,35.2982206744],[139.4782863782,35.2982107288],[139.4782799057,35.2982040343],[139.4782777141,35.2982028633],[139.4782713847,35.298206341],[139.4782689853,35.2982155564],[139.4782687128,35.2982283402],[139.4782699583,35.2982404217],[139.4782769883,35.298246503],[139.4782864303,35.298247503]]],[[[139.4779438489,35.2983130348],[139.4779434082,35.2983158371],[139.4779438489,35.2983175296],[139.4779448219,35.2983186106],[139.4779479093,35.2983190081],[139.4779551587,35.2983168372],[139.4779610223,35.2983140619],[139.4779645755,35.2983056109],[139.477970244,35.2982885841],[139.4779724608,35.298281278],[139.4779758467,35.2982609173],[139.4779732396,35.2982575835],[139.4779698294,35.2982561428],[139.4779667681,35.2982567562],[139.4779583243,35.2982725833],[139.4779571049,35.298279089],[139.4779538754,35.2982858366],[139.477947546,35.2982992509],[139.4779458471,35.2983069176],[139.4779438489,35.2983130348]]],[[[139.478275795,35.2983168093],[139.4782762356,35.2983179721],[139.4782772087,35.2983186106],[139.4782789597,35.2983184217],[139.47828119,35.2983185297],[139.4782830453,35.298320251],[139.4782850679,35.2983207825],[139.4782879871,35.2983198094],[139.4782893747,35.2983192509],[139.4782896598,35.2983168371],[139.4782900492,35.2983145025],[139.4782886867,35.2983135024],[139.4782871309,35.298312783],[139.4782820722,35.298312756],[139.478278519,35.2983136751],[139.4782765729,35.2983150079],[139.478275795,35.2983168093]]],[[[139.4779707107,35.2983563678],[139.4779731362,35.2983563947],[139.4779759888,35.2983559451],[139.4779774287,35.2983536104],[139.4779773774,35.2983485572],[139.4779754969,35.2983477289],[139.4779738493,35.2983467558],[139.4779689849,35.2983474483],[139.4779678572,35.2983483044],[139.4779669875,35.2983515834],[139.4779682718,35.2983545026],[139.4779696342,35.298356008],[139.4779707107,35.2983563678]]],[[[139.478306353,35.2983688908],[139.4783076876,35.2983690886],[139.47831241,35.2983678368],[139.4783151592,35.2983659446],[139.4783157168,35.2983637826],[139.4783146277,35.2983632502],[139.4783137464,35.2983614489],[139.478313214,35.2983589173],[139.4783115799,35.2983572778],[139.4783083756,35.2983574487],[139.4783053017,35.2983588903],[139.4783030966,35.2983607825],[139.4783020983,35.2983624759],[139.4783024104,35.2983654761],[139.4783042639,35.2983675301],[139.478306353,35.2983688908]]],[[[139.4782842117,35.2984048097],[139.4782947437,35.2984080887],[139.4782978176,35.2984077289],[139.4783015803,35.2984034221],[139.4783022674,35.2983997286],[139.4782964686,35.2983941159],[139.478290659,35.2983898639],[139.4782772726,35.2983848637],[139.4782713199,35.2983836748],[139.4782653799,35.298384557],[139.4782634077,35.2983851694],[139.478262941,35.2983913046],[139.4782636811,35.2983949181],[139.4782698289,35.2983985298],[139.4782775199,35.2984020884],[139.4782842117,35.2984048097]]],[[[139.4782901266,35.2984110348],[139.4782909962,35.298409702],[139.4782908011,35.2984084214],[139.4782883756,35.2984070616],[139.478285522,35.2984071426],[139.4782826559,35.2984093045],[139.4782829671,35.2984113946],[139.478284718,35.2984123676],[139.4782872352,35.2984124755],[139.4782901266,35.2984110348]]],[[[139.4779904643,35.2984154757],[139.4779870397,35.2984152509],[139.4779863778,35.2984185298],[139.477987377,35.2984198095],[139.4779882457,35.298420341],[139.4779908789,35.2984201702],[139.4779917737,35.2984188095],[139.4779919042,35.2984164758],[139.4779904643,35.2984154757]]],[[[139.4779033299,35.2984786747],[139.4779090757,35.2984763679],[139.4779166903,35.2984704216],[139.4779264038,35.2984582781],[139.477933486,35.2984464214],[139.4779382461,35.2984348093],[139.4779385699,35.2984126105],[139.4779342378,35.2984030615],[139.4779308528,35.298394035],[139.4779239658,35.2983875293],[139.4779182461,35.2983864213],[139.4779061583,35.2983854761],[139.47789704,35.2983854492],[139.4778907358,35.2983899449],[139.4778844073,35.2984036379],[139.4778834603,35.2984186746],[139.4778842904,35.2984318371],[139.4778892708,35.298450972],[139.4778970787,35.298477305],[139.4779033299,35.2984786747]]],[[[139.4779582066,35.2984273675],[139.4779576238,35.2984317831],[139.4779542639,35.2984401423],[139.4779434082,35.2984579444],[139.4779440701,35.2984623043],[139.4779466898,35.29846881],[139.4779486612,35.2984701698],[139.4779610736,35.2984725296],[139.4779704382,35.298474197],[139.4779801006,35.2984761161],[139.4779908529,35.2984765838],[139.4779983496,35.2984746376],[139.4780035117,35.2984724756],[139.47800752,35.2984663675],[139.4780082979,35.2984636749],[139.4780064687,35.2984557285],[139.4780041871,35.2984495834],[139.4780028246,35.2984338093],[139.4780011897,35.2984320889],[139.4779966903,35.2984299179],[139.4779910741,35.2984261156],[139.4779851592,35.2984217827],[139.4779806329,35.2984170351],[139.4779730966,35.2984132508],[139.4779647698,35.2984101697],[139.4779620197,35.2984106104],[139.4779604638,35.298411972],[139.4779565986,35.2984170082],[139.4779559367,35.2984197016],[139.4779565734,35.298422503],[139.4779582066,35.2984273675]]],[[[139.478044653,35.298448729],[139.4780470794,35.2984451156],[139.4780459894,35.2984405299],[139.4780444587,35.2984392511],[139.4780417086,35.2984390613],[139.4780365213,35.298443557],[139.4780361841,35.2984454483],[139.4780370789,35.298447702],[139.4780394648,35.2984501428],[139.478040464,35.2984502507],[139.4780434344,35.2984500618],[139.478044653,35.298448729]]],[[[139.4781084932,35.2984586378],[139.4781130186,35.2984556745],[139.4781169882,35.298452008],[139.4781167678,35.2984491967],[139.4780956913,35.2984409445],[139.4780907361,35.2984417287],[139.4780890759,35.298444611],[139.4780898538,35.2984471426],[139.4780933297,35.298453008],[139.4780985961,35.2984576107],[139.4781056261,35.2984590883],[139.4781084932,35.2984586378]]],[[[139.4780984019,35.2985013403],[139.4781007356,35.2984998366],[139.4781004119,35.298497395],[139.4780963532,35.2984944758],[139.4780886613,35.2984939182],[139.4780862754,35.2984969714],[139.4780857691,35.2985003951],[139.4780872989,35.2985018367],[139.4780903727,35.2985033044],[139.4780954323,35.298502584],[139.4780984019,35.2985013403]]],[[[139.4782850166,35.2985232504],[139.478286353,35.2985202773],[139.4782860149,35.2985177556],[139.4782837072,35.2985148634],[139.4782775199,35.2985121969],[139.4782693235,35.2985113048],[139.4782666902,35.2985121159],[139.4782642639,35.2985150073],[139.4782631622,35.2985185839],[139.4782684017,35.2985236381],[139.4782763274,35.2985248369],[139.4782827989,35.2985237828],[139.4782850166,35.2985232504]]],[[[139.4780062097,35.2986718095],[139.4780089598,35.2986700082],[139.4780107621,35.2986684757],[139.4780108529,35.2986656743],[139.4780095426,35.2986631697],[139.4780062358,35.2986621427],[139.4780015152,35.2986625024],[139.4779923844,35.2986674217],[139.47799346,35.2986707825],[139.4779964044,35.2986725838],[139.4779994909,35.2986732241],[139.4780027986,35.2986728635],[139.4780062097,35.2986718095]]],[[[139.4776667159,35.3006191162],[139.4776685964,35.3006189453],[139.4776696863,35.3006182241],[139.477670127,35.300617305],[139.4776663535,35.300610918],[139.4776630197,35.3006105304],[139.477660373,35.3006123407],[139.4776604647,35.3006141429],[139.4776609054,35.3006158373],[139.4776629936,35.3006177555],[139.4776646286,35.3006186378],[139.4776667159,35.3006191162]]],[[[139.4779087397,35.3006649717],[139.4779096345,35.3006628097],[139.4779087648,35.300659476],[139.4779075723,35.3006591162],[139.4779052629,35.300659476],[139.4779033824,35.300660449],[139.4779037071,35.3006633412],[139.4779045767,35.3006648908],[139.477905691,35.300665702],[139.4779068844,35.3006656111],[139.4779087397,35.3006649717]]],[[[139.4779168453,35.3006721429],[139.4779180782,35.3006721429],[139.4779192716,35.3006717832],[139.4779200495,35.3006707022],[139.4779198544,35.3006680888],[139.4779176636,35.3006672506],[139.4779151329,35.3006673405],[139.4779140187,35.300667783],[139.4779126823,35.300668783],[139.4779124611,35.3006694216],[139.4779136814,35.3006707561],[139.4779153281,35.3006718641],[139.4779168453,35.3006721429]]],[[[139.4779435776,35.3006997017],[139.477945548,35.3006997017],[139.4779486354,35.3006966377],[139.4779490761,35.3006953949],[139.4779485967,35.3006936376],[139.4779473251,35.3006935027],[139.4779436037,35.3006935567],[139.4779423842,35.3006938372],[139.4779414894,35.300695197],[139.4779418266,35.3006987017],[139.4779423581,35.3006993411],[139.4779435776,35.3006997017]]],[[[139.4779640965,35.3007039177],[139.4779640183,35.3007030076],[139.4779629022,35.300702638],[139.4779608275,35.3007028907],[139.4779604903,35.3007036111],[139.4779603734,35.3007048099],[139.4779608014,35.3007056112],[139.4779625785,35.3007054493],[139.4779634346,35.3007048099],[139.4779640965,35.3007039177]]],[[[139.4779719305,35.300724675],[139.4779713856,35.3007240347],[139.4779702956,35.3007239447],[139.4779688567,35.3007242775],[139.4779681039,35.3007250077],[139.4779682982,35.3007262776],[139.4779690761,35.3007264485],[139.4779702704,35.3007264485],[139.4779711517,35.3007261157],[139.4779719305,35.300724675]]],[[[139.4779784021,35.3007528912],[139.4779801791,35.3007528912],[139.4779810479,35.3007525297],[139.4779820461,35.3007511969],[139.477982163,35.3007503947],[139.4779820461,35.3007494756],[139.4779807367,35.3007484756],[139.4779792196,35.3007484756],[139.4779776637,35.300748918],[139.477976768,35.3007494756],[139.477976768,35.300751089],[139.4779771052,35.300752089],[139.4779776637,35.3007525297],[139.4779784021,35.3007528912]]],[[[139.4779369362,35.3010107557],[139.4779380136,35.3010131155],[139.4779411,35.3010145571],[139.4779442647,35.3010149177],[139.4779479097,35.3010143053],[139.4779532148,35.3010118097],[139.4779594912,35.3010063049],[139.4779631361,35.3010048912],[139.4779669879,35.3010033677],[139.4779686355,35.301001918],[139.4779726824,35.3009979448],[139.4779730709,35.3009911163],[139.4779718784,35.300989305],[139.477968934,35.3009869722],[139.4779648484,35.3009863409],[139.4779587915,35.3009874758],[139.4779530709,35.3009890892],[139.4779472352,35.3009912242],[139.4779431622,35.3009941973],[139.4779409309,35.300998702],[139.477938376,35.3010031969],[139.4779369362,35.3010107557]]],[[[139.4780585191,35.3010399719],[139.4780570406,35.3010403676],[139.4780565478,35.3010413407],[139.4780569624,35.3010423677],[139.4780588564,35.3010425836],[139.4780596082,35.3010420889],[139.4780594391,35.3010407831],[139.4780585191,35.3010399719]]],[[[139.477933097,35.3010811429],[139.4779357437,35.3010818911],[139.4779415803,35.3010821699],[139.477945406,35.3010813677],[139.4779494916,35.3010795844],[139.4779529027,35.3010762506],[139.477955795,35.3010724761],[139.4779586872,35.301067341],[139.4779592457,35.3010656377],[139.4779586872,35.3010628372],[139.4779578184,35.301061035],[139.4779556268,35.3010596752],[139.4779515807,35.3010596752],[139.4779464951,35.3010604486],[139.4779432926,35.3010619721],[139.4779307111,35.3010740347],[139.4779307111,35.3010770078],[139.477931346,35.3010795295],[139.477933097,35.3010811429]]],[[[139.4780629024,35.3011414757],[139.4780651337,35.3011419452],[139.4780704127,35.3011416754],[139.4780719307,35.3011409721],[139.4780726043,35.3011397023],[139.4780726304,35.3011351966],[139.4780717742,35.3011322235],[139.4780692193,35.3011292782],[139.4780632145,35.3011244489],[139.4780564039,35.3011223408],[139.4780525521,35.3011223408],[139.4780491545,35.3011234218],[139.4780463783,35.3011270083],[139.478046158,35.3011303412],[139.4780470141,35.3011323413],[139.4780504126,35.3011345842],[139.4780585443,35.301138945],[139.4780629024,35.3011414757]]],[[[139.4779819958,35.301142224],[139.477985406,35.3011424218],[139.4779879349,35.3011416106],[139.4779926564,35.3011391159],[139.4779954065,35.3011384756],[139.4780031362,35.3011377831],[139.4780040967,35.3011372507],[139.4780052118,35.3011355303],[139.4780052118,35.301133729],[139.4780043557,35.3011320346],[139.4780005165,35.3011292243],[139.4779986612,35.3011288366],[139.4779818267,35.3011303412],[139.4779784021,35.3011317559],[139.4779775208,35.3011334763],[139.4779775208,35.3011360888],[139.477978376,35.3011384486],[139.4779798033,35.3011405027],[139.4779819958,35.301142224]]],[[[139.4780129937,35.301167557],[139.4780182727,35.3011681973],[139.4780210228,35.3011673951],[139.4780219041,35.3011663411],[139.4780221245,35.3011628103],[139.4780212683,35.301161089],[139.4780196343,35.3011601969],[139.4780144596,35.3011581159],[139.4780089602,35.3011575295],[139.4780029024,35.3011606754],[139.4780029024,35.3011629452],[139.4780035517,35.3011643949],[139.4780053027,35.301165368],[139.478009712,35.3011670084],[139.4780129937,35.301167557]]],[[[139.4780983762,35.3011825837],[139.4781001272,35.3011840352],[139.4781046283,35.3011842241],[139.478110464,35.301183251],[139.478127624,35.3011783677],[139.4781409573,35.3011755843],[139.4781528257,35.3011736382],[139.4781591281,35.3011687288],[139.4781608017,35.3011659175],[139.4781611264,35.3011625837],[139.4781589608,35.3011576113],[139.4781567683,35.3011560888],[139.4781523841,35.30115481],[139.4781456527,35.3011540617],[139.4781335775,35.3011515841],[139.4781297383,35.3011512244],[139.4781265475,35.3011518368],[139.4781222415,35.3011555303],[139.4781156,35.301161116],[139.4781095431,35.3011652241],[139.4780962106,35.3011733045],[139.4780957691,35.3011756383],[139.4780983762,35.3011825837]]],[[[139.4783473517,35.3011739448],[139.4783438498,35.3011678906],[139.4783395177,35.3011614218],[139.4783271835,35.3011596375],[139.4783191544,35.301160089],[139.4783154321,35.301162197],[139.4783104382,35.3011687018],[139.4783102952,35.3011752776],[139.4783123582,35.3011845029],[139.4783201275,35.3011902783],[139.4783261583,35.3011932775],[139.4783295694,35.3011935572],[139.4783316577,35.3011918368],[139.4783321892,35.3011900885],[139.478333629,35.3011906749],[139.4783358476,35.301188611],[139.4783378576,35.3011854759],[139.4783390501,35.3011840352],[139.4783442383,35.3011825837],[139.4783469884,35.3011798911],[139.4783473517,35.3011739448]]],[[[139.4794430709,35.2972766379],[139.4794378566,35.2972684217],[139.4794297124,35.2972669441],[139.4794221239,35.2972676744],[139.4794238749,35.2972660349],[139.4794297375,35.2972638909],[139.4794355741,35.2972611965],[139.4794417354,35.2972594213],[139.4794445503,35.2972548905],[139.4794408532,35.2972338095],[139.4794410996,35.2972268631],[139.4794393747,35.2972208637],[139.4794271826,35.2972237281],[139.4794301269,35.2972192773],[139.4794326819,35.2972178366],[139.4794363269,35.2972132501],[139.4794367936,35.2972089171],[139.4794294129,35.2971891698],[139.479424874,35.2971830616],[139.4794172351,35.2971765838],[139.479414744,35.2971714487],[139.4794076241,35.2971622504],[139.4793934858,35.2971547285],[139.4793818261,35.2971561153],[139.4793798539,35.2971541421],[139.47937988,35.2971464754],[139.4793781551,35.2971327554],[139.4793734076,35.2971211154],[139.4793708787,35.2971160612],[139.4793664954,35.2971144218],[139.4793586866,35.2971135836],[139.4793519947,35.2971133048],[139.4793409573,35.2971185029],[139.4793374293,35.2971216379],[139.4793354967,35.2971401154],[139.4793364688,35.2971430886],[139.479338441,35.2971480618],[139.4793379608,35.2971518363],[139.4793351333,35.2971444483],[139.4793264693,35.2971412773],[139.4793222928,35.2971411694],[139.4793170138,35.2971411424],[139.4793110738,35.2971405831],[139.4793051328,35.2971396748],[139.4792934596,35.2971437829],[139.4792918777,35.2971528094],[139.4792900233,35.2971558634],[139.4792857174,35.2971596109],[139.4792831615,35.2971648369],[139.4792828773,35.2971800885],[139.4792841867,35.2971827829],[139.4792927474,35.2971843405],[139.4792965731,35.2971887013],[139.4793016309,35.2971897823],[139.4793036031,35.2971922239],[139.4792992971,35.2971929173],[139.4792931359,35.2971941692],[139.4792874027,35.2971971963],[139.479285328,35.2972204752],[139.4792863784,35.2972312239],[139.4792928508,35.2972378906],[139.4792979868,35.2972433045],[139.4793044593,35.2972471159],[139.4793119299,35.2972474216],[139.4793113463,35.2972531692],[139.479317351,35.2972630887],[139.4793225132,35.2972670889],[139.4793282068,35.2972729714],[139.4793326818,35.2972755839],[139.4793392972,35.2972766109],[139.4793446787,35.2972754481],[139.4793490755,35.2972749175],[139.4793511512,35.2972775561],[139.4793491538,35.2972835834],[139.4793506071,35.2972899713],[139.4793536288,35.2972930613],[139.4793561316,35.2972989177],[139.4793637714,35.2973095027],[139.4793733303,35.2973125029],[139.4793818001,35.2973135029],[139.4793855224,35.2973173943],[139.4793934337,35.2973177828],[139.479398934,35.2973188908],[139.479407714,35.2973200886],[139.4794251069,35.2973181425],[139.4794322413,35.2973212236],[139.4794437706,35.2973223405],[139.4794549914,35.2973228361],[139.4794649127,35.2973188907],[139.4794706333,35.2973145839],[139.4794725516,35.2973046743],[139.4794644586,35.2972919444],[139.4794596598,35.2972871429],[139.4794526298,35.2972845025],[139.4794464685,35.2972814214],[139.4794430709,35.2972766379]]],[[[139.4794670396,35.2973556748],[139.4794714373,35.2973558637],[139.4794769358,35.2973562504],[139.4794812156,35.2973560076],[139.4794839919,35.2973544751],[139.4794836807,35.2973493409],[139.4794819297,35.2973474217],[139.479474576,35.2973444216],[139.4794672986,35.2973447822],[139.4794636807,35.2973453947],[139.4794604899,35.2973478093],[139.4794599323,35.2973497015],[139.4794617741,35.2973524211],[139.4794642904,35.2973543043],[139.4794670396,35.2973556748]]],[[[139.4795493492,35.2974698635],[139.4795471827,35.2974623677],[139.479538078,35.2974542234],[139.4795315148,35.2974489714],[139.4795289337,35.2974430889],[139.4795195691,35.2974377829],[139.4795140697,35.2974337558],[139.4795088824,35.2974207821],[139.4795067942,35.2974143043],[139.479508207,35.2974064757],[139.4795061062,35.2973976102],[139.4795040701,35.2973897825],[139.4794933304,35.2973824485],[139.4794823578,35.2973770886],[139.4794671826,35.2973762234],[139.4794544329,35.2973747827],[139.4794442643,35.2973811157],[139.4794406328,35.2973874218],[139.4794355481,35.2973928906],[139.4794268193,35.2973980077],[139.479422319,35.2973996103],[139.4794174942,35.2973990617],[139.4794139661,35.2973988908],[139.4794020978,35.2973965023],[139.4794092708,35.2973909444],[139.4794126037,35.2973858902],[139.479414485,35.2973769717],[139.4794119948,35.2973708365],[139.4794024872,35.2973599178],[139.4793942638,35.2973492501],[139.4793863273,35.2973358906],[139.4793798539,35.2973283948],[139.4793724103,35.2973212236],[139.4793659369,35.2973177828],[139.4793522412,35.2973051428],[139.4793486349,35.2972987828],[139.4793389078,35.2972920343],[139.4793319947,35.2972876744],[139.4793213458,35.2972836742],[139.4793119947,35.2972849171],[139.4793017739,35.2972850619],[139.4792976883,35.2972852237],[139.4792979347,35.2972811696],[139.4792965209,35.2972746747],[139.4792875196,35.2972741963],[139.4792788304,35.2972771424],[139.4792765992,35.297281756],[139.479273188,35.2972837282],[139.4792685439,35.2972871429],[139.4792675457,35.2972918904],[139.479270607,35.2972967827],[139.479269803,35.2973048092],[139.4792732663,35.2973146109],[139.4792794914,35.2973217011],[139.4792847695,35.2973211696],[139.4792875457,35.2973199178],[139.4792926044,35.2973187559],[139.4792960146,35.2973182235],[139.4793010742,35.2973166101],[139.479304381,35.2973179717],[139.4793049647,35.2973219718],[139.4793039008,35.2973247283],[139.4793036553,35.2973317556],[139.4793047183,35.2973378098],[139.4793072346,35.2973398099],[139.479306132,35.2973422237],[139.4793022667,35.2973441968],[139.4792995166,35.2973469712],[139.4792988556,35.2973498634],[139.4792982072,35.2973550885],[139.4793003206,35.2973623946],[139.4792988817,35.2973636743],[139.4792960146,35.2973651699],[139.4792928247,35.2973697825],[139.4792933562,35.2973738366],[139.4792945496,35.2973762234],[139.4792953536,35.2973795563],[139.4793014367,35.2973833047],[139.4793060799,35.2973835026],[139.4793104641,35.2973854217],[139.4793161577,35.2973873409],[139.4793254971,35.2973922233],[139.4793311898,35.2973932233],[139.4793353798,35.2973950615],[139.4793315406,35.2973994215],[139.4793296079,35.2974077285],[139.4793295171,35.2974167289],[139.4793319687,35.2974211698],[139.4793354319,35.2974251151],[139.4793370399,35.2974397552],[139.479339219,35.2974439172],[139.4793432659,35.2974460882],[139.4793502177,35.2974459173],[139.4793558214,35.2974453948],[139.4793628514,35.2974453408],[139.479372877,35.2974442778],[139.4793825519,35.2974436744],[139.4793899057,35.2974445027],[139.4793967163,35.2974453408],[139.4794088301,35.2974448363],[139.4794167424,35.2974438632],[139.4794219036,35.2974434487],[139.4794263013,35.2974438902],[139.4794307106,35.2974429172],[139.4794334599,35.2974429172],[139.4794307106,35.2974448903],[139.4794236545,35.2974463409],[139.4794167163,35.2974504481],[139.4794107358,35.2974551695],[139.4794089596,35.2974597282],[139.4794068453,35.2974674489],[139.4794049648,35.2974731425],[139.4794056906,35.2974808901],[139.4794049909,35.2974886378],[139.4794072986,35.2974928907],[139.4794120983,35.2974969179],[139.479417818,35.2974993946],[139.479425133,35.2975006743],[139.4794324104,35.2975074759],[139.4794406329,35.2975117288],[139.4794492969,35.2975169718],[139.4794580779,35.2975192507],[139.4794672087,35.2975210071],[139.4794753278,35.2975235567],[139.47948324,35.2975243948],[139.4794906073,35.2975256746],[139.4794988298,35.2975283042],[139.4795075199,35.2975315831],[139.4795138755,35.2975305021],[139.4795224874,35.2975278365],[139.4795275461,35.2975247015],[139.4795316308,35.2975228093],[139.4795358468,35.2975147019],[139.479536819,35.2975165563],[139.4795356004,35.2975212778],[139.4795393748,35.2975325562],[139.4795420197,35.2975351696],[139.4795493753,35.2975372776],[139.4795591536,35.2975383946],[139.479565743,35.2975390619],[139.4795756517,35.2975393407],[139.4795797121,35.2975377282],[139.4795850172,35.2975360348],[139.4795883501,35.2975311424],[139.479589932,35.2975156741],[139.4795897378,35.2975091963],[139.479588324,35.2975066746],[139.4795875722,35.2975039442],[139.4795901011,35.2975008092],[139.4795875722,35.2974831699],[139.4795787651,35.2974803047],[139.4795625126,35.2974765293],[139.4795493492,35.2974698635]]],[[[139.479030023,35.2974329176],[139.47902988,35.2974301154],[139.4790241613,35.2974283041],[139.4790148218,35.2974284489],[139.4790066901,35.2974331964],[139.4790080517,35.2974406374],[139.4790028509,35.2974490614],[139.4790017349,35.2974544753],[139.479005548,35.2974632239],[139.479010568,35.2974692772],[139.4790127471,35.2974771157],[139.4790151069,35.2974890075],[139.4790193229,35.2974934753],[139.479028934,35.2974967281],[139.4790347436,35.297497837],[139.4790425524,35.2974992777],[139.4790534342,35.2975004217],[139.4790602439,35.2974986104],[139.4790658206,35.2974938638],[139.479067183,35.2974893942],[139.4790677136,35.2974763945],[139.4790688558,35.297468449],[139.4790715798,35.2974618362],[139.4790753804,35.2974583676],[139.4790744073,35.2974534213],[139.4790728254,35.2974503672],[139.4790679349,35.2974476746],[139.479059608,35.2974483401],[139.4790579353,35.2974428093],[139.4790494385,35.2974361156],[139.4790398535,35.2974353674],[139.4790317093,35.2974347828],[139.479030023,35.2974329176]]],[[[139.4790990757,35.297494675],[139.4790964686,35.2974919716],[139.4790930709,35.2974921964],[139.4790901787,35.2974941156],[139.4790910484,35.2974974485],[139.4790925781,35.2975001698],[139.4790948741,35.2975001698],[139.479098635,35.2974981967],[139.4790990757,35.297494675]]],[[[139.4787192713,35.2975303403],[139.4787129023,35.2975236746],[139.478701605,35.2975198363],[139.4786877401,35.2975097288],[139.4786832921,35.2975087017],[139.4786761578,35.2975086748],[139.478672967,35.2975040612],[139.4786678184,35.2974988362],[139.4786592712,35.2974983676],[139.478656495,35.2975002238],[139.4786528249,35.2975080614],[139.4786500487,35.2975170888],[139.4786483498,35.2975249174],[139.4786460152,35.2975351697],[139.4786457427,35.2975449175],[139.478645937,35.2975533045],[139.4786471052,35.2975619443],[139.4786471052,35.2975651963],[139.4786444333,35.2975663672],[139.4786402443,35.2975702235],[139.4786386866,35.297573837],[139.4786384672,35.2975774486],[139.4786394394,35.2975830343],[139.4786421625,35.2975870885],[139.4786435771,35.2975911426],[139.4786464945,35.2975989172],[139.4786496862,35.297601251],[139.4786502177,35.297605503],[139.4786501791,35.2976099178],[139.4786476241,35.2976177554],[139.4786473768,35.297626584],[139.478646106,35.2976373048],[139.4786450682,35.2976463403],[139.4786418523,35.2976545026],[139.478639854,35.2976658097],[139.4786439009,35.2976885023],[139.478647857,35.297693918],[139.4786559626,35.2976987285],[139.4786651852,35.2977000073],[139.4786747441,35.2977036379],[139.4786799062,35.2977048367],[139.4786834342,35.2977036748],[139.4786834603,35.2976984488],[139.4786878832,35.297695035],[139.4786925129,35.2976857558],[139.4786979349,35.2976773948],[139.4787006589,35.2976725295],[139.4787074029,35.2976510078],[139.4787104121,35.2976425568],[139.4787148475,35.2976329179],[139.4787176633,35.2976240884],[139.4787191283,35.2976140079],[139.4787233299,35.2976069716],[139.4787251331,35.2975964486],[139.4787226563,35.2975856109],[139.4787144329,35.2975785566],[139.4787097115,35.297574837],[139.4787097376,35.2975714214],[139.4787173252,35.2975704483],[139.4787252365,35.2975717559],[139.4787330453,35.2975703044],[139.4787356003,35.2975677288],[139.4787338754,35.2975566104],[139.4787279866,35.2975458635],[139.4787244073,35.2975385565],[139.4787192713,35.2975303403]]],[[[139.4790214894,35.2976111966],[139.4790189848,35.297605422],[139.4790180126,35.29760017],[139.4790171574,35.2975981969],[139.4790148479,35.297598008],[139.4790134081,35.297599089],[139.4790126302,35.2976010612],[139.4790126302,35.2976053941],[139.4790114107,35.2976080885],[139.4790114629,35.2976200882],[139.4790106328,35.297634864],[139.4790111508,35.297637035],[139.4790134342,35.2976443402],[139.4790132138,35.2976455839],[139.4790127732,35.2976463043],[139.4790113459,35.2976443402],[139.4790101525,35.2976433401],[139.4790079348,35.2976431423],[139.4790049653,35.2976433042],[139.479002993,35.2976445839],[139.4790018779,35.2976470885],[139.4790013203,35.2976493404],[139.4790030191,35.2976574757],[139.4790045759,35.2976595567],[139.4790064303,35.2976620883],[139.4790082981,35.2976643402],[139.4790098288,35.2976683943],[139.4790114629,35.2976691965],[139.4790147697,35.2976695023],[139.4790180522,35.2976692235],[139.4790199318,35.2976656379],[139.4790229022,35.2976641963],[139.479024459,35.2976608634],[139.4790246532,35.2976580611],[139.4790281291,35.2976558362],[139.4790303207,35.2976533945],[139.479032436,35.2976517011],[139.4790334342,35.2976469176],[139.4790326824,35.2976413409],[139.4790327075,35.297638089],[139.4790324099,35.2976343046],[139.4790301013,35.297632756],[139.4790303207,35.2976307829],[139.4790302182,35.2976281695],[139.4790214894,35.2976111966]]],[[[139.4785187647,35.2976410883],[139.478518298,35.2976460615],[139.4785201533,35.2976546105],[139.4785250429,35.2976669717],[139.4785256913,35.2976725565],[139.4785237973,35.2976727282],[139.478522487,35.297669756],[139.4785165992,35.2976628905],[139.4785116826,35.2976551159],[139.478508856,35.2976489717],[139.4785098803,35.2976386106],[139.4785096861,35.2976323945],[139.4785071833,35.2976236378],[139.4785074935,35.2976187284],[139.4785014366,35.2976101966],[139.4784944848,35.2976095562],[139.4784938229,35.297611729],[139.4784943553,35.2976155835],[139.4784934857,35.297617035],[139.4784850168,35.2976161968],[139.4784791802,35.2976197015],[139.4784763005,35.2976240075],[139.4784747699,35.2976221962],[139.4784736808,35.297620224],[139.4784759885,35.2976172508],[139.4784758212,35.2976088638],[139.4784740963,35.2976003949],[139.4784735765,35.297593891],[139.478468882,35.297584422],[139.4784610741,35.2975771699],[139.4784569876,35.2975823949],[139.4784530189,35.2975919448],[139.4784531358,35.2976005567],[139.4784556908,35.2976080076],[139.4784618259,35.2976137831],[139.4784633557,35.2976162238],[139.4784631362,35.2976178363],[139.4784606325,35.2976169172],[139.4784561062,35.2976171969],[139.4784547438,35.2976229445],[139.4784541871,35.2976279177],[139.4784543814,35.2976342238],[139.4784521888,35.2976394488],[139.4784544065,35.2976481156],[139.4784592188,35.2976568633],[139.4784643548,35.2976650076],[139.4784694909,35.2976703405],[139.4784747438,35.297677116],[139.4784813197,35.2976843673],[139.4784996595,35.2977126105],[139.478504238,35.297721449],[139.478510607,35.2977269717],[139.4785197117,35.2977285294],[139.4785265727,35.2977264753],[139.4785329668,35.2977130619],[139.4785361837,35.2977055022],[139.4785388817,35.2976965027],[139.4785393493,35.2976862235],[139.4785392972,35.297677116],[139.4785387648,35.2976682775],[139.4785358474,35.2976594488],[139.4785327465,35.2976510078],[139.4785315153,35.297644449],[139.4785297643,35.2976393949],[139.478525497,35.2976364217],[139.4785206587,35.2976368633],[139.4785187647,35.2976410883]]],[[[139.4784422666,35.2976861965],[139.478448078,35.2976925295],[139.4784572988,35.2976965297],[139.4784603726,35.2976955296],[139.4784623835,35.2976910618],[139.478463603,35.297683557],[139.478464407,35.2976753677],[139.4784607108,35.2976664213],[139.4784554965,35.2976565836],[139.4784519946,35.2976489178],[139.4784465213,35.2976425299],[139.4784387385,35.2976373408],[139.4784344587,35.2976379443],[139.4784338489,35.2976475832],[139.4784330449,35.297656089],[139.4784330189,35.2976621153],[139.4784358472,35.2976715025],[139.4784380128,35.2976789713],[139.4784422666,35.2976861965]]],[[[139.4788971051,35.297849972],[139.4789028509,35.2978431425],[139.4789046279,35.2978360343],[139.4789059634,35.2978304486],[139.4789079608,35.2978270078],[139.4789099969,35.2978191693],[139.4789111003,35.2978171153],[139.4789129412,35.2978198096],[139.4789162364,35.2978207287],[139.4789195432,35.2978189445],[139.4789225127,35.2978168634],[139.4789255219,35.2978100349],[139.4789263007,35.2978064214],[139.4789301534,35.2978056372],[139.4789344593,35.2978055563],[139.4789366636,35.2978021424],[139.4789376627,35.2977989714],[139.4789351851,35.2977868099],[139.4789338226,35.2977754488],[139.4789328513,35.2977668638],[139.4789344332,35.2977569713],[139.4789350169,35.2977283045],[139.4789353802,35.2977188364],[139.4789330968,35.297709729],[139.4789298539,35.2976980882],[139.4789295688,35.2976910618],[139.4789306849,35.2976826747],[139.4789329412,35.2976740349],[139.478932747,35.2976653672],[139.4789339008,35.2976535564],[139.4789326301,35.2976430344],[139.4789320203,35.2976332776],[139.4789324871,35.2976237286],[139.4789328513,35.2976142507],[139.4789312676,35.2976049715],[139.4789261316,35.2975973947],[139.4789182463,35.2975912235],[139.4789144071,35.2975852772],[139.4789144332,35.2975782508],[139.478914381,35.2975679715],[139.4789117739,35.297559035],[139.478906404,35.2975520886],[139.4788980781,35.2975471963],[139.4788902954,35.2975415836],[139.4788732397,35.2975223408],[139.4788649911,35.2975162506],[139.4788546525,35.2975182238],[139.4788504383,35.297527476],[139.4788517351,35.2975318098],[139.478848985,35.2975338908],[139.4788444587,35.2975403678],[139.4788401788,35.2975481694],[139.4788344852,35.2975529448],[139.4788262097,35.2975644759],[139.4788248481,35.2975724484],[139.4788264687,35.297582305],[139.4788329015,35.2975918908],[139.4788391275,35.2975995566],[139.4788451854,35.297606557],[139.4788495426,35.2976070885],[139.4788507621,35.2976070885],[139.4788510741,35.2976100616],[139.4788521237,35.29761917],[139.4788512936,35.297633864],[139.4788523836,35.2976369172],[139.4788531624,35.2976381969],[139.4788526821,35.2976426108],[139.4788544331,35.2976473044],[139.4788548477,35.2976503405],[139.4788569359,35.297653891],[139.4788621628,35.2976687829],[139.4788664948,35.2976779712],[139.4788684931,35.297680305],[139.4788720976,35.297680251],[139.4788711003,35.2976879447],[139.4788662358,35.2976874483],[139.4788654579,35.2976874483],[139.478863849,35.2976827556],[139.4788517999,35.2976706373],[139.4788469876,35.2976653043],[139.4788414109,35.2976611422],[139.4788369881,35.2976612232],[139.4788350168,35.2976615568],[139.4788260406,35.2976769442],[139.4788231619,35.2976858637],[139.4788229667,35.297703449],[139.4788255478,35.2977146375],[139.478825743,35.2977239176],[139.4788354583,35.2977345836],[139.4788407113,35.2977429715],[139.4788424865,35.2977643673],[139.4788434596,35.2977695024],[139.4788472727,35.297775197],[139.4788524357,35.2977788905],[139.4788585439,35.2977884754],[139.4788591798,35.2977955837],[139.4788601268,35.2978031695],[139.4788587391,35.2978119172],[139.4788551328,35.2978166746],[139.4788515796,35.2978219716],[139.4788480776,35.2978228637],[139.4788462358,35.2978227828],[139.4788448743,35.2978238638],[139.4788440442,35.2978245293],[139.4788441872,35.297826756],[139.4788410998,35.2978285295],[139.4788413201,35.2978319442],[139.4788434857,35.2978353049],[139.4788442384,35.2978391693],[139.4788496344,35.2978422504],[139.4788503727,35.2978461427],[139.4788519043,35.2978476742],[139.478855989,35.2978479449],[139.478856301,35.2978504756],[139.4788574935,35.297852035],[139.478859803,35.297852035],[139.4788620198,35.2978519442],[139.4788643293,35.2978523948],[139.4788668447,35.2978522239],[139.478868298,35.2978502508],[139.4788721237,35.2978490889],[139.4788741346,35.297846837],[139.4788785188,35.2978465024],[139.4788833562,35.297846783],[139.4788881811,35.2978496743],[139.4788971051,35.297849972]]],[[[139.4783786351,35.2977556107],[139.4783729019,35.2977555837],[139.4783720457,35.2977548633],[139.4783677398,35.2977545836],[139.4783663269,35.2977563049],[139.4783666246,35.2977600884],[139.4783665212,35.297762584],[139.478367157,35.2977664754],[139.4783704377,35.2977685564],[139.4783751592,35.2977718093],[139.4783792187,35.2977722778],[139.478380101,35.2977719181],[139.4783806334,35.2977768904],[139.478383486,35.2977798366],[139.4783871049,35.2977822234],[139.4783904899,35.2977819446],[139.4783933821,35.2977780074],[139.4783949389,35.2977748634],[139.4783935117,35.2977700619],[139.4783937707,35.2977654753],[139.4783919037,35.2977637558],[139.4783910223,35.2977622234],[139.4783901788,35.2977587286],[139.4783873252,35.297757251],[139.4783836812,35.2977570613],[139.4783786351,35.2977556107]]],[[[139.4787812418,35.2978455563],[139.4787735508,35.2978379714],[139.4787676243,35.2978331969],[139.4787644847,35.2978240886],[139.4787535508,35.2977860077],[139.4787474678,35.2977688639],[139.4787423191,35.29776253],[139.4787319949,35.297763584],[139.4787257168,35.2977684215],[139.4787213847,35.2977849177],[139.4787201266,35.2977830076],[139.4787178567,35.2977767015],[139.4787159123,35.2977728093],[139.4787165985,35.2977635292],[139.4787191544,35.2977552509],[139.4787201787,35.2977485833],[139.4787241609,35.2977455292],[139.4787320983,35.2977407017],[139.4787340957,35.2977305834],[139.4787268841,35.2977226379],[139.4787229405,35.2977202772],[139.4787261322,35.2977146744],[139.4787257689,35.297699278],[139.4787222148,35.2976871156],[139.4787182722,35.2976796107],[139.4787143286,35.2976776106],[139.4787093752,35.2976782509],[139.4787051852,35.2976802232],[139.4787028767,35.2976832773],[139.478703097,35.2976945296],[139.4787043291,35.297703476],[139.4786985185,35.2977250885],[139.4786940183,35.2977351699],[139.47869119,35.2977660886],[139.4786903734,35.2977757285],[139.4786948475,35.2977828637],[139.4786977919,35.2977833044],[139.4787000231,35.2977818636],[139.4787018002,35.2977827558],[139.4787029666,35.297785675],[139.4787051852,35.2977861426],[139.4787054316,35.297790891],[139.4787078832,35.2977939712],[139.478706742,35.2977963679],[139.4787031618,35.2977955837],[139.4786979871,35.2977928902],[139.4786920461,35.2977927553],[139.4786898536,35.2977949173],[139.4786898293,35.2978011424],[139.4786896081,35.2978039177],[139.4786843291,35.2978043674],[139.4786786606,35.297812008],[139.4786786606,35.297816251],[139.4786818002,35.2978258099],[139.4786827732,35.2978274485],[139.4786810223,35.2978308632],[139.4786785437,35.297839503],[139.4786787389,35.2978487822],[139.4786826563,35.2978533049],[139.4786860414,35.2978571153],[139.4786951848,35.2978598367],[139.478698908,35.2978590345],[139.4787068454,35.2978543679],[139.4787149132,35.297849945],[139.4787192192,35.2978433044],[139.478724187,35.2978400885],[139.4787323187,35.2978373051],[139.4787374943,35.297839503],[139.4787449389,35.2978427558],[139.4787548215,35.297845675],[139.4787651592,35.2978501159],[139.478776015,35.2978545837],[139.4787804117,35.2978540612],[139.4787812418,35.2978455563]]],[[[139.4794787651,35.2977606108],[139.4794794647,35.2977637827],[139.4794816312,35.2977669447],[139.4794842383,35.2977730889],[139.4794885191,35.2977774218],[139.4794916047,35.2977836748],[139.4794978181,35.2977891697],[139.4795016834,35.2977957284],[139.4795085443,35.2978003941],[139.4795153279,35.2978050076],[139.4795190241,35.2978097012],[139.4795248742,35.2978127823],[139.4795329933,35.2978134217],[139.4795397121,35.2978132778],[139.4795488564,35.2978119441],[139.4795550168,35.2978101697],[139.4795581042,35.2978082775],[139.4795574683,35.2978042234],[139.4795553801,35.2978022233],[139.4795552632,35.2977981692],[139.4795512684,35.2977951699],[139.4795465991,35.2977931968],[139.4795408012,35.2977927283],[139.479536158,35.2977927013],[139.4795344853,35.2977915834],[139.4795333557,35.2977883045],[139.4795320985,35.2977847018],[139.479530736,35.2977830075],[139.479524796,35.2977784488],[139.4795194387,35.2977741699],[139.4795153801,35.2977697551],[139.4795098034,35.2977637018],[139.4795030189,35.2977570072],[139.4794968837,35.2977526743],[139.4794922675,35.2977493944],[139.4794883239,35.2977485833],[139.479485912,35.2977484753],[139.4794836807,35.2977488369],[139.4794818263,35.2977515294],[139.4794800493,35.2977531428],[139.4794796077,35.2977565836],[139.479479569,35.2977587555],[139.4794787651,35.2977606108]]],[[[139.4788358208,35.2977791423],[139.4788231619,35.2977627827],[139.4788200745,35.2977616748],[139.4788192966,35.297762584],[139.4788174287,35.2977628367],[139.4788156517,35.2977644483],[139.4788157434,35.297767702],[139.4788154062,35.2977700618],[139.4788153018,35.2977731159],[139.4788155222,35.2977752509],[139.478818856,35.297781449],[139.478821151,35.2977892507],[139.4788258473,35.2977959443],[139.4788302441,35.2978002773],[139.4788325517,35.2978009176],[139.4788378182,35.2977995029],[139.4788405683,35.2977999445],[139.4788437708,35.297798341],[139.478844653,35.2977957285],[139.4788473249,35.2977915026],[139.4788471046,35.2977896104],[139.4788430711,35.2977821154],[139.4788358208,35.2977791423]]],[[[139.4785402442,35.2978111699],[139.478541541,35.2978127824],[139.4785450429,35.2978157555],[139.4785463775,35.297817395],[139.4785498804,35.2978168635],[139.4785514371,35.2978134488],[139.4785513463,35.2978081158],[139.478552046,35.2978022504],[139.4785521629,35.2977991154],[139.4785546018,35.2977976378],[139.4785529669,35.2977942509],[139.4785498804,35.2977935027],[139.4785444854,35.2977947554],[139.4785397639,35.2977959174],[139.4785356909,35.2977972511],[139.4785355479,35.2978009446],[139.4785371829,35.2978049178],[139.4785403467,35.2978075834],[139.4785402442,35.2978111699]]],[[[139.4784953536,35.2977715026],[139.4784927986,35.2977743408],[139.4784907113,35.2977713407],[139.4784854583,35.2977654753],[139.4784827082,35.2977652775],[139.4784817091,35.2977665833],[139.4784812423,35.2977758364],[139.478480879,35.2978061157],[139.4784820715,35.2978143049],[139.4784901789,35.2978419177],[139.4784908273,35.2978483407],[139.4784949651,35.29785853],[139.478499906,35.297884702],[139.4785073506,35.2978929174],[139.4785184932,35.2978928634],[139.4785211003,35.2978854755],[139.4785236814,35.2978738364],[139.47852263,35.2978641966],[139.478522461,35.2978531161],[139.4785204123,35.2978439178],[139.4785187908,35.2978345298],[139.4785173249,35.2978249718],[139.4785152367,35.2978178365],[139.4785153536,35.2978101968],[139.4785136809,35.2978001694],[139.4785141611,35.2977916105],[139.4785137708,35.2977832234],[139.4785087391,35.2977747284],[139.4785026039,35.2977668639],[139.4784950433,35.2977616109],[139.478492072,35.2977619716],[139.4784920198,35.2977645292],[139.478493045,35.2977681157],[139.478494135,35.2977700079],[139.4784953536,35.2977715026]]],[[[139.4794599324,35.2978501698],[139.4794611509,35.2978505295],[139.4794634604,35.2978510079],[139.4794674291,35.2978493046],[139.4794697377,35.2978475833],[139.4794722675,35.2978459717],[139.4794726299,35.2978427288],[139.4794711901,35.2978406747],[139.4794693492,35.2978383041],[139.4794625134,35.2978396378],[139.4794599971,35.2978402503],[139.4794576877,35.2978408096],[139.4794566903,35.2978436749],[139.4794578567,35.2978496374],[139.4794585186,35.2978498092],[139.4794599324,35.2978501698]]],[[[139.4785383763,35.2978291968],[139.4785346531,35.2978303407],[139.4785333302,35.2978340882],[139.4785333302,35.2978366378],[139.4785369616,35.2978427019],[139.4785391803,35.2978513678],[139.4785425779,35.2978580344],[139.4785459369,35.2978677013],[139.47855193,35.2978756378],[139.4785546531,35.297883675],[139.4785575984,35.2978906106],[139.4785659891,35.2979075835],[139.4785714632,35.297914368],[139.4785760804,35.2979170075],[139.4785798539,35.297916449],[139.4785814628,35.2979142232],[139.4785808531,35.2979043405],[139.4785774941,35.2978944759],[139.4785674675,35.2978697283],[139.4785675197,35.2978626102],[139.4785698292,35.2978587557],[139.4785696601,35.2978514487],[139.4785685701,35.2978431426],[139.4785653281,35.2978339443],[139.4785603728,35.2978339173],[139.4785483498,35.2978444484],[139.4785461581,35.2978432775],[139.4785449908,35.2978340612],[139.4785422407,35.2978303677],[139.4785383763,35.2978291968]]],[[[139.4783946016,35.2978024483],[139.4783980775,35.2978076742],[139.4784033556,35.2978130072],[139.4784051849,35.2978190614],[139.4784064952,35.2978224753],[139.4784051588,35.2978258099],[139.4784046021,35.297828972],[139.4784064295,35.297832116],[139.47840346,35.2978341161],[139.4784016047,35.2978368905],[139.4784020201,35.2978404212],[139.4783979345,35.2978414752],[139.47839132,35.297846864],[139.4783873252,35.2978560613],[139.4783892453,35.2978670619],[139.478393071,35.2978757286],[139.4783966899,35.2978788906],[139.4783979606,35.2978854755],[139.4783982718,35.297894395],[139.4783991019,35.2979021426],[139.4783955477,35.2979098093],[139.4783912418,35.2979157287],[139.4783886868,35.2979242776],[139.478394018,35.2979340344],[139.4784004643,35.2979422506],[139.4784049645,35.2979466105],[139.4784137455,35.2979498633],[139.4784221893,35.2979535838],[139.4784281041,35.2979597559],[139.4784272731,35.2979745299],[139.4784249907,35.2979785841],[139.4784264691,35.2979837282],[139.478434135,35.2979882509],[139.4784408268,35.2979931423],[139.4784458864,35.2979956748],[139.4784499972,35.2980058632],[139.4784542384,35.2980149716],[139.478461969,35.2980135569],[139.4784674683,35.2980075297],[139.4784742897,35.2980056744],[139.4784828773,35.2980022776],[139.4784865466,35.2979993944],[139.4784910737,35.297993368],[139.4784953024,35.297983918],[139.4785017352,35.2979650889],[139.4785041346,35.297945891],[139.4784977395,35.2979261428],[139.4784854584,35.2979151963],[139.4784795687,35.2979083407],[139.4784730972,35.2979011965],[139.4784641345,35.2978648369],[139.4784583762,35.2978485835],[139.4784532923,35.2978328094],[139.4784519298,35.2978167556],[139.4784456256,35.2977958364],[139.4784401793,35.2977879719],[139.4784347177,35.2977810075],[139.4784268837,35.2977758364],[139.4784196855,35.297769864],[139.4784122149,35.2977713947],[139.4784040436,35.2977758634],[139.4783962096,35.297781611],[139.4783937707,35.297786675],[139.4783931879,35.2977971962],[139.4783946016,35.2978024483]]],[[[139.4785485701,35.2979154759],[139.4785499056,35.2979170075],[139.4785530712,35.2979165569],[139.4785557431,35.2979141423],[139.4785558861,35.2979064755],[139.4785541873,35.2978917824],[139.4785537709,35.2978863676],[139.4785527465,35.2978849179],[139.4785484928,35.2978836372],[139.4785456257,35.2978842776],[139.4785450681,35.2978873407],[139.478543408,35.2978921161],[139.4785438487,35.2979006749],[139.4785451068,35.2979052776],[139.4785461842,35.2979107824],[139.4785485701,35.2979154759]]],[[[139.4789665472,35.2979361693],[139.4789660804,35.2979380615],[139.4789669617,35.2979402235],[139.4789702704,35.2979397018],[139.4789734602,35.2979341962],[139.4789770144,35.2979253945],[139.4789785963,35.2979189716],[139.4789803733,35.2979109712],[139.478980957,35.2979029447],[139.4789802699,35.2978894216],[139.4789776241,35.2978875295],[139.4789745502,35.2978887822],[139.4789695167,35.297904729],[139.4789679609,35.297912197],[139.4789650426,35.2979261697],[139.478963797,35.297932197],[139.478965432,35.297934368],[139.4789665472,35.2979361693]]],[[[139.4786039657,35.297972341],[139.4786009961,35.2979717825],[139.478598246,35.2979721422],[139.4785975976,35.2979735029],[139.4785991282,35.2979751154],[139.4786032921,35.2979761154],[139.4786046276,35.2979742233],[139.4786039657,35.297972341]]],[[[139.4788820199,35.297978638],[139.4788867422,35.2979820887],[139.4788951851,35.2979821966],[139.4789027987,35.2979814214],[139.4789119044,35.2979803674],[139.478918402,35.2979794753],[139.4789233563,35.2979782234],[139.4789259122,35.2979758906],[139.4789254967,35.2979713949],[139.4789214372,35.297969035],[139.4789169361,35.2979668632],[139.4789065732,35.2979676375],[139.4788960151,35.2979693048],[139.4788895427,35.2979686744],[139.4788822672,35.2979710073],[139.478880607,35.2979757557],[139.4788820199,35.297978638]]],[[[139.478847235,35.2980110882],[139.4788594649,35.2980062508],[139.4788669616,35.2980020078],[139.4788667944,35.2979861698],[139.4788590242,35.2979824484],[139.4788503206,35.2979823405],[139.4788421889,35.2979831427],[139.4788385439,35.2979856374],[139.478833577,35.2979932772],[139.4788348477,35.2980003404],[139.4788392967,35.298007062],[139.4788447178,35.2980107285],[139.478847235,35.2980110882]]],[[[139.4785708014,35.2981169178],[139.4785708787,35.2981101423],[139.4785679613,35.2981078904],[139.4785646788,35.2981068094],[139.4785606588,35.2981071431],[139.4785576236,35.2981109175],[139.4785550677,35.2981186751],[139.478555717,35.298123008],[139.4785542637,35.2981245297],[139.4785522933,35.2981239721],[139.4785512942,35.2981226375],[139.4785527727,35.2981183046],[139.4785534597,35.2981070343],[139.4785570139,35.2981001967],[139.4785587127,35.298090395],[139.4785598539,35.2980809179],[139.47855988,35.2980715569],[139.4785584932,35.2980636105],[139.4785577657,35.2980557828],[139.4785618522,35.2980508095],[139.4785648478,35.2980392775],[139.4785679874,35.298031368],[139.4785647696,35.2980210078],[139.4785563007,35.2980131153],[139.4785487392,35.2980040889],[139.4785418522,35.2979980346],[139.4785347179,35.2979919714],[139.4785248478,35.2979868093],[139.4785183763,35.2979855026],[139.4785137457,35.2979888364],[139.478512072,35.2979926108],[139.478512215,35.2980078633],[139.4785105423,35.2980141694],[139.4785065466,35.2980222507],[139.4785028774,35.2980350615],[139.4785028513,35.2980389178],[139.4784996596,35.298039729],[139.4784950173,35.2980423406],[139.478487883,35.2980497016],[139.4784750433,35.2980585833],[139.4784708534,35.2980646105],[139.4784674288,35.2980727827],[139.4784714371,35.2980834486],[139.4784739399,35.2980921963],[139.4784732402,35.2980986103],[139.4784723193,35.2981073409],[139.4784722671,35.2981181697],[139.4784726817,35.2981260891],[139.4784732924,35.2981341155],[139.4784767683,35.2981437824],[139.4784813458,35.2981503681],[139.4784967944,35.2981646745],[139.4785105162,35.2981723673],[139.4785191803,35.2981763675],[139.4785251329,35.2981772776],[139.4785346792,35.298176756],[139.4785409313,35.2981785834],[139.4785475458,35.298180945],[139.4785521629,35.2981801428],[139.478555458,35.2981780079],[139.4785622929,35.2981731425],[139.4785692707,35.2981665838],[139.4785716054,35.2981590079],[139.4785720721,35.2981481153],[139.4785717996,35.298138837],[139.478570957,35.2981295299],[139.4785708014,35.2981169178]]],[[[139.4786557698,35.3012501156],[139.4786569884,35.3012477827],[139.4786572357,35.3012426377],[139.4786528515,35.3012401969],[139.4786538237,35.3012377562],[139.4786461587,35.3012366752],[139.478643512,35.3012388102],[139.4786430453,35.3012445029],[139.4786456524,35.3012512775],[139.4786496085,35.3012528099],[139.4786541357,35.301252729],[139.4786554325,35.3012521966],[139.4786557698,35.3012501156]]],[[[139.4786688828,35.3013253412],[139.4786699584,35.3013271425],[139.4786741358,35.301329702],[139.4786808276,35.3013315033],[139.4786867685,35.3013323406],[139.4786886355,35.3013300077],[139.4786900753,35.3013271965],[139.4786899584,35.3013266749],[139.4786903218,35.3013222511],[139.4786871319,35.3013206107],[139.4786834087,35.3013183678],[139.4786813465,35.3013105842],[139.4786792718,35.3013072513],[139.4786769884,35.3013043681],[139.4786749137,35.3013009183],[139.4786770145,35.3012982239],[139.4786776881,35.301295972],[139.4786763787,35.3012932776],[139.4786713209,35.3012920887],[139.4786672353,35.3012931697],[139.4786650436,35.3012958641],[139.4786623196,35.3013003049],[139.4786616837,35.3013098099],[139.4786606594,35.3013172239],[139.4786666642,35.30132453],[139.4786688828,35.3013253412]]],[[[139.4789053542,35.3014072505],[139.4789057958,35.3014095033],[139.4789065476,35.3014123047],[139.4789088301,35.3014167285],[139.4789109057,35.3014225839],[139.4789141873,35.3014242243],[139.4789178188,35.3014248637],[139.4789217749,35.301423611],[139.4789233307,35.3014211972],[139.4789246536,35.3014207556],[139.4789249918,35.3014195568],[139.4789231626,35.3014180621],[139.4789227992,35.3014166745],[139.4789239018,35.3014148911],[139.4789244594,35.3014138641],[139.4789241356,35.3014126374],[139.4789227084,35.3014117291],[139.4789224107,35.3014101157],[139.4789236032,35.3014069447],[139.4789213208,35.3014052234],[139.4789208792,35.3014018905],[139.4789201274,35.3014004489],[139.4789186354,35.301399278],[139.4789151856,35.3013990892],[139.4789129939,35.3013990892],[139.4789116575,35.3013995298],[139.4789102186,35.3014004219],[139.4789086871,35.301401395],[139.4789069109,35.3014037557],[139.4789061321,35.3014053682],[139.4789053542,35.3014072505]]],[[[139.4788937466,35.3014213681],[139.4788914372,35.3014218096],[139.4788909965,35.3014238907],[139.4788921899,35.3014249716],[139.4788936297,35.3014242513],[139.4788951334,35.3014240345],[139.4788952638,35.3014223951],[139.4788937466,35.3014213681]]],[[[139.4789129679,35.3014302507],[139.4789111908,35.3014306113],[139.4789097645,35.3014315025],[139.4789091026,35.3014323407],[139.4789084416,35.3014337562],[139.4789082077,35.3014348372],[139.4789081043,35.3014365837],[139.4789097384,35.3014378364],[139.4789112681,35.3014378364],[139.4789130452,35.301437278],[139.4789140183,35.3014364758],[139.4789149131,35.3014371161],[139.4789155741,35.3014373949],[139.4789169887,35.3014366745],[139.4789184411,35.301435062],[139.4789188827,35.3014324486],[139.4789182469,35.3014304485],[139.4789129679,35.3014302507]]],[[[139.4789113464,35.301447675],[139.4789126567,35.3014483945],[139.4789139661,35.3014484754],[139.4789159635,35.3014470347],[139.4789166902,35.3014460616],[139.4789165211,35.301444611],[139.4789152117,35.301443611],[139.4789154329,35.30144253],[139.4789144338,35.301441449],[139.4789127997,35.301441449],[139.4789120209,35.30144153],[139.4789110487,35.3014421703],[139.4789096089,35.3014440616],[139.4789097123,35.3014451156],[139.4789110226,35.3014457559],[139.4789113464,35.301447675]]],[[[139.479446846,35.3017487824],[139.4794484027,35.3017458911],[139.4794478577,35.3017438101],[139.479448079,35.3017424485],[139.4794468847,35.3017410078],[139.4794442389,35.3017397559],[139.47944171,35.3017392775],[139.4794411515,35.3017410887],[139.4794406074,35.3017431697],[139.4794403736,35.3017448641],[139.4794405166,35.3017467293],[139.4794432145,35.3017484757],[139.4794453028,35.3017485837],[139.479446846,35.3017487824]]],[[[139.4793879881,35.3017874488],[139.4793846795,35.3017800348],[139.4793785443,35.30177453],[139.4793703218,35.3017684758],[139.4793657433,35.3017625834],[139.4793636812,35.3017571695],[139.4793636038,35.3017507016],[139.4793658216,35.301746008],[139.4793673774,35.301742864],[139.4793717742,35.3017397289],[139.4793826569,35.3017391965],[139.479393098,35.3017450889],[139.4793979094,35.3017520622],[139.4794026047,35.3017600887],[139.4794058477,35.3017632777],[139.4794116061,35.3017624485],[139.4794147969,35.3017585841],[139.4794141619,35.3017550615],[139.4794119955,35.3017487554],[139.4794074944,35.3017455026],[139.4794014635,35.3017404214],[139.4793934865,35.3017348906],[139.4793943553,35.3017321971],[139.4793965739,35.3017300621],[139.4794005165,35.3017295297],[139.4794026047,35.3017306107],[139.4794066643,35.3017333411],[139.4794118264,35.301734503],[139.4794168842,35.3017343411],[139.4794187656,35.3017330074],[139.4794187656,35.3017301161],[139.4794139407,35.3017267292],[139.479410686,35.3017220618],[139.4794056265,35.301717557],[139.4793994139,35.301711305],[139.4793822153,35.3016949445],[139.4793779093,35.3016937016],[139.4793747446,35.301690143],[139.4793685195,35.3016834754],[139.4793631362,35.3016798368],[139.4793583248,35.3016763951],[139.4793506338,35.3016746747],[139.4793418528,35.3016791155],[139.4793372735,35.3016838909],[139.4793360414,35.3016914758],[139.4793342904,35.3016903049],[139.479333383,35.3016903948],[139.4793328515,35.3016910082],[139.4793322939,35.3016928095],[139.4793366907,35.30169553],[139.479333383,35.3016941702],[139.4793329936,35.301695476],[139.4793339406,35.3016968637],[139.4793344595,35.3016991425],[139.47933743,35.3017013675],[139.4793349919,35.3017018369],[139.4793389084,35.301708035],[139.4793367429,35.3017092239],[139.4793364047,35.3017096745],[139.4793360414,35.301711305],[139.4793371575,35.3017126746],[139.4793395695,35.3017140344],[139.4793377924,35.3017143681],[139.4793365999,35.30171553],[139.4793354973,35.3017174222],[139.4793357959,35.3017190616],[139.4793364695,35.3017205032],[139.4793385442,35.3017213045],[139.4793263539,35.3017422776],[139.4793221244,35.301751278],[139.4793195694,35.3017601157],[139.4793137463,35.3017624485],[139.4793074691,35.3017641428],[139.4793019697,35.3017651968],[139.4792972096,35.3017686107],[139.4792972995,35.3017733951],[139.4792999067,35.3017823047],[139.4793031883,35.3017861969],[139.4793109962,35.3017881161],[139.4793161583,35.3017885028],[139.4793213204,35.3017867014],[139.4793259375,35.30178817],[139.4793277928,35.3017912241],[139.4793331627,35.3017988369],[139.479336885,35.3018037022],[139.479343513,35.3018140885],[139.4793419698,35.3018206751],[139.4793389606,35.3018260621],[139.4793347707,35.301831449],[139.479332553,35.3018340615],[139.4793267164,35.3018399179],[139.47932446,35.3018469452],[139.4793256525,35.3018527018],[139.479330802,35.3018563404],[139.4793377403,35.301857702],[139.4793464043,35.301857729],[139.4793564309,35.3018563045],[139.479362709,35.3018553413],[139.4793695439,35.3018515839],[139.4793754974,35.301850422],[139.4793845248,35.3018475568],[139.4794054322,35.3018412237],[139.4794360416,35.301832476],[139.4794454062,35.3018289723],[139.4794475987,35.3018257563],[139.4794455483,35.3018211428],[139.4794453289,35.3018209719],[139.479425381,35.3018179448],[139.4794115809,35.3018181696],[139.4793972997,35.3018149716],[139.4793889602,35.3018118636],[139.4793851336,35.3018078094],[139.4793853549,35.3018025835],[139.479385407,35.301794557],[139.4793879881,35.3017874488]]],[[[139.4794232145,35.3019001428],[139.4794278191,35.3018990618],[139.4794334344,35.3018982776],[139.479439155,35.3018970348],[139.4794446796,35.3018941695],[139.4794473254,35.301890476],[139.4794501016,35.3018846106],[139.4794507626,35.3018801968],[139.4794497131,35.3018751426],[139.4794516052,35.3018712782],[139.4794542384,35.3018691432],[139.4794588825,35.3018655297],[139.4794605166,35.3018642778],[139.479460763,35.3018611158],[139.4794582467,35.3018595024],[139.479453072,35.3018594755],[139.4794483245,35.3018612777],[139.4794429421,35.3018610619],[139.4794388825,35.3018603406],[139.4794328256,35.3018615025],[139.4794284414,35.3018623947],[139.4794200759,35.3018630889],[139.4794130198,35.3018655027],[139.4794060806,35.3018669183],[139.4794025526,35.3018695299],[139.4793985965,35.3018705839],[139.4793957438,35.3018709445],[139.4793934344,35.3018710345],[139.4793899063,35.301870395],[139.4793854979,35.3018747828],[139.4793821641,35.301880918],[139.4793788303,35.3018881971],[139.4793751853,35.301895675],[139.4793733822,35.3019026106],[139.4793737716,35.3019080623],[139.4793765217,35.3019128907],[139.4793780524,35.3019160617],[139.4793813466,35.3019183046],[139.4793845248,35.3019200349],[139.4793890511,35.3019186113],[139.4793908021,35.3019160078],[139.479394045,35.3019106379],[139.4793939407,35.3019077286],[139.4793994401,35.3019017022],[139.4794024105,35.3019017832],[139.479407274,35.3019003677],[139.4794111007,35.3019004756],[139.479414849,35.301900918],[139.4794180524,35.3019006752],[139.4794232145,35.3019001428]]],[[[139.4793023582,35.3019050082],[139.479302021,35.3019030351],[139.4792998293,35.301901035],[139.4792966259,35.3019011159],[139.479295848,35.3019025566],[139.4792956268,35.3019059183],[139.4792987915,35.3019080623],[139.4793000236,35.3019072511],[139.4793014634,35.3019065298],[139.4793023582,35.3019050082]]],[[[139.4794014375,35.3019746112],[139.4794069368,35.3019760888],[139.4794074683,35.3019773406],[139.4794099981,35.3019778101],[139.4794119955,35.3019767291],[139.4794127734,35.3019739178],[139.4794125783,35.3019707018],[139.4794140963,35.30196953],[139.479413331,35.3019617293],[139.4794095439,35.3019577831],[139.4794062758,35.3019536381],[139.4794037469,35.3019493052],[139.4794004644,35.3019447015],[139.4793960415,35.3019402508],[139.4793932923,35.3019406105],[139.479386354,35.3019540347],[139.4793863279,35.3019577291],[139.4793885196,35.3019616106],[139.4793968455,35.3019691154],[139.4793992458,35.3019718098],[139.4794014375,35.3019746112]]],[[[139.4794311268,35.3020525842],[139.4794295701,35.3020528639],[139.4794274944,35.3020534754],[139.4794263784,35.3020524763],[139.4794251859,35.3020518639],[139.4794223197,35.3020528369],[139.4794216578,35.3020561698],[139.4794214114,35.3020587023],[139.4794240446,35.3020597014],[139.4794262363,35.3020596106],[139.4794274683,35.3020577292],[139.4794287913,35.3020573677],[139.479429544,35.302058008],[139.4794305422,35.3020578102],[139.4794320729,35.3020573677],[139.4794328517,35.3020560349],[139.4794327474,35.3020541158],[139.4794311268,35.3020525842]]],[[[139.479279609,35.302073783],[139.4792723587,35.3020997285],[139.4792736294,35.3021090077],[139.4792757698,35.3021205568],[139.4792772995,35.3021280347],[139.4792801279,35.3021342777],[139.479284486,35.3021388913],[139.4792894395,35.3021412241],[139.4792948228,35.3021425029],[139.4792998806,35.3021418096],[139.4793083504,35.302139224],[139.4793253548,35.3021248367],[139.4793355226,35.3021140619],[139.4793484413,35.3020999452],[139.4793597125,35.3020850075],[139.479364719,35.3020745565],[139.4793698038,35.302066557],[139.4793707364,35.3020565565],[139.4793649133,35.3020335573],[139.4793608538,35.3020268636],[139.4793498802,35.3020247826],[139.4793395434,35.3020239174],[139.4793265473,35.3020273052],[139.4793158481,35.3020316111],[139.4793051596,35.3020387832],[139.4792963535,35.3020452512],[139.4792887137,35.3020555025],[139.4792840445,35.3020629723],[139.479279609,35.302073783]]],[[[139.4794559634,35.3021310078],[139.4794577926,35.3021354217],[139.4794601021,35.3021372239],[139.4794597648,35.3021404759],[139.4794654323,35.3021489718],[139.4794680791,35.302152837],[139.479471581,35.3021547562],[139.4794738761,35.3021562778],[139.4794763016,35.3021563948],[139.4794782729,35.3021557562],[139.479479933,35.3021527831],[139.4794811516,35.3021519719],[139.4794817748,35.3021471695],[139.4794840447,35.3021447827],[139.4794839404,35.3021420892],[139.4794818531,35.3021406108],[139.4794818782,35.302138197],[139.4794826571,35.3021335025],[139.4794800499,35.3021312506],[139.4794780139,35.3021278907],[139.4794794141,35.302126557],[139.4794811516,35.3021232242],[139.47948197,35.3021176376],[139.4794860421,35.3021148641],[139.4794857696,35.3021077558],[139.4794831364,35.3021057557],[139.4794777405,35.3021050075],[139.4794733311,35.3021053681],[139.4794673776,35.3021093953],[139.4794638495,35.3021115573],[139.4794612946,35.3021151429],[139.4794556531,35.3021237826],[139.4794549921,35.3021282775],[139.4794559634,35.3021310078]]],[[[139.479938324,35.2970194758],[139.4799422927,35.2970195837],[139.4799437073,35.2970188634],[139.4799446021,35.2970175836],[139.4799449394,35.2970163408],[139.4799447442,35.2970151698],[139.4799400228,35.2970138901],[139.4799377916,35.2970133406],[139.4799365991,35.2970134216],[139.4799357168,35.297013971],[139.4799353796,35.2970154216],[139.4799354974,35.2970165836],[139.4799367942,35.2970174757],[139.479938324,35.2970194758]]],[[[139.4799969616,35.2970911158],[139.4799889342,35.2970871426],[139.479976573,35.2970752778],[139.4799683496,35.2970722777],[139.4799617999,35.297067755],[139.479961048,35.2970555026],[139.4799640176,35.2970524485],[139.4799701789,35.2970501157],[139.4799757951,35.2970499448],[139.4799797638,35.2970480886],[139.479979128,35.297044637],[139.4799782458,35.2970426747],[139.4799749911,35.2970313945],[139.4799685439,35.2970238906],[139.4799594391,35.2970198904],[139.4799501006,35.2970177014],[139.479943603,35.2970227286],[139.4799360802,35.2970275292],[139.4799345504,35.2970310348],[139.4799314891,35.2970483944],[139.4799347698,35.2970574218],[139.4799355217,35.297061475],[139.4799338229,35.2970675023],[139.4799340963,35.2970765567],[139.4799364687,35.2970944757],[139.4799432657,35.2971061695],[139.4799448477,35.2971134217],[139.4799443809,35.2971200884],[139.4799413853,35.2971282776],[139.479937377,35.2971353049],[139.4799336034,35.297144674],[139.4799321241,35.2971532239],[139.4799365991,35.2971632504],[139.4799399059,35.2971641695],[139.4799453018,35.2971654214],[139.4799547438,35.2971661696],[139.479963434,35.2971649447],[139.4799697121,35.2971601693],[139.4799789077,35.2971449717],[139.4799811263,35.2971407557],[139.479988713,35.2971391423],[139.4799967421,35.2971400884],[139.4800043288,35.2971399175],[139.4800125127,35.2971257829],[139.4800159121,35.2971182232],[139.480013188,35.2971039716],[139.4800060411,35.2970971961],[139.4799969616,35.2970911158]]],[[[139.479985068,35.2971555297],[139.479987105,35.2971561692],[139.4799891797,35.2971558364],[139.4799909568,35.2971531151],[139.4799907356,35.2971518632],[139.4799876878,35.2971463674],[139.4799851589,35.2971462505],[139.479983746,35.2971469718],[139.4799824097,35.2971487012],[139.479981969,35.2971506743],[139.4799822927,35.2971522778],[139.4799829412,35.2971533678],[139.4799834861,35.2971540881],[139.479985068,35.2971555297]]],[[[139.4796805684,35.2973816373],[139.479675963,35.2973790886],[139.4796659634,35.2973773673],[139.4796596861,35.2973792235],[139.4796541868,35.2973831698],[139.4796552633,35.2973920614],[139.4796602437,35.2974012237],[139.4796623194,35.2974080073],[139.479669102,35.2974129715],[139.4796788822,35.2974128096],[139.4796849391,35.2974131963],[139.4796934341,35.2974075297],[139.4796989344,35.2974055836],[139.4797012681,35.2974022507],[139.4796967679,35.2973998909],[139.4796950169,35.2973957288],[139.479687209,35.2973945291],[139.4796805684,35.2973816373]]],[[[139.4797134081,35.2974645566],[139.47971407,35.2974628632],[139.4797179352,35.2974584484],[139.479719608,35.2974556749],[139.4797189605,35.2974525021],[139.4797122668,35.2974487825],[139.4797046019,35.2974457014],[139.4797011899,35.297446223],[139.4796985189,35.2974492771],[139.4796975197,35.2974551425],[139.4796985962,35.2974590348],[139.4797025128,35.2974634756],[139.4797099061,35.2974647284],[139.4797134081,35.2974645566]]],[[[139.4799462363,35.2975517018],[139.4799563779,35.2975492772],[139.4799612163,35.2975454218],[139.4799658469,35.2975408362],[139.4799696339,35.2975368909],[139.4799712419,35.2975311964],[139.4799692193,35.2975259713],[139.4799671311,35.2975248094],[139.4799572728,35.2975212238],[139.4799487912,35.2975229442],[139.4799401793,35.2975259713],[139.4799290763,35.2975312773],[139.4799267417,35.2975422239],[139.4799328247,35.2975506748],[139.479939102,35.2975513942],[139.4799462363,35.2975517018]]],[[[139.4798046281,35.2975530886],[139.4798028511,35.2975547011],[139.4798024104,35.2975569449],[139.479802825,35.2975593946],[139.4798036029,35.2975603947],[139.479804576,35.2975611969],[139.4798060149,35.2975623678],[139.4798072092,35.2975646377],[139.479807961,35.2975654489],[139.4798121626,35.2975660883],[139.4798149128,35.2975648364],[139.4798159119,35.2975623948],[139.4798159119,35.2975605835],[139.47981835,35.2975570078],[139.4798185703,35.2975549178],[139.479820127,35.2975533943],[139.4798215803,35.2975509716],[139.4798215803,35.2975485299],[139.4798209049,35.2975470883],[139.4798161844,35.2975459174],[139.4798137706,35.2975457285],[139.4798112417,35.2975454488],[139.4798082722,35.2975465028],[139.4798056264,35.2975472232],[139.4798046281,35.2975478635],[139.4798040696,35.2975509176],[139.47980429,35.2975520885],[139.4798046281,35.2975530886]]],[[[139.4799577665,35.2975845298],[139.4799644332,35.2975898906],[139.4799745496,35.2975905291],[139.4799839008,35.2975908367],[139.4799916053,35.2975868095],[139.4799978178,35.2975760078],[139.479996664,35.2975708906],[139.4799969877,35.2975653679],[139.4799995427,35.2975582507],[139.4799967161,35.2975517558],[139.4799900234,35.2975496747],[139.4799824358,35.2975507287],[139.4799722932,35.2975534753],[139.4799626822,35.2975566373],[139.4799555479,35.2975628903],[139.4799489082,35.2975683941],[139.4799497643,35.2975753045],[139.4799577665,35.2975845298]]],[[[139.4798558211,35.2976119177],[139.4798489854,35.2976118098],[139.4798416307,35.297612701],[139.4798366899,35.2976155564],[139.479834018,35.2976181698],[139.4798347698,35.2976211421],[139.4798375199,35.2976228634],[139.4798397125,35.2976241422],[139.4798419041,35.2976243041],[139.4798453278,35.2976255838],[139.4798491545,35.2976250613],[139.4798513848,35.2976245298],[139.4798534604,35.2976247016],[139.4798553283,35.2976253401],[139.4798576243,35.2976251692],[139.4798611514,35.2976211151],[139.4798612944,35.2976181428],[139.4798585704,35.2976139178],[139.4798558211,35.2976119177]]],[[[139.4796871047,35.2975751966],[139.4796882981,35.2975792508],[139.4796874941,35.2975836745],[139.479684485,35.2975937559],[139.4796842377,35.2975993407],[139.479686495,35.2976098907],[139.4796924871,35.2976202778],[139.4796991799,35.2976268636],[139.4797036549,35.2976351697],[139.4797061577,35.2976431962],[139.4797328253,35.2976780071],[139.4797398293,35.2976855021],[139.4797504898,35.2976877018],[139.4797585963,35.2976905023],[139.4797639923,35.2976906102],[139.4797658467,35.2976909718],[139.4797721239,35.2976887558],[139.4797773247,35.2976862233],[139.4797843808,35.2976820343],[139.4797920979,35.2976778093],[139.4797988302,35.2976738639],[139.4798033565,35.2976659445],[139.4798049132,35.2976508368],[139.4798028771,35.2976425028],[139.4797964695,35.2976321156],[139.4797923191,35.2976244489],[139.4797875977,35.2976210072],[139.4797823582,35.2976186375],[139.4797755225,35.2976180889],[139.4797730448,35.2976081694],[139.4797714368,35.2976009442],[139.479769854,35.2975834488],[139.4797668188,35.2975743405],[139.4797650678,35.2975700885],[139.4797605676,35.2975652231],[139.4797533299,35.2975635567],[139.4797493747,35.2975605835],[139.4797424867,35.2975547011],[139.4797337966,35.2975536372],[139.4797283242,35.2975489715],[139.4797206332,35.2975472502],[139.4797110743,35.2975475838],[139.4797009048,35.2975482772],[139.4796911265,35.2975577012],[139.4796877918,35.2975653679],[139.4796877657,35.2975717558],[139.4796871047,35.2975751966]]],[[[139.4795843293,35.2976664751],[139.4795924358,35.2976702775],[139.4795996861,35.2976721966],[139.4796059634,35.2976752777],[139.4796157435,35.2976764756],[139.479620464,35.2976751428],[139.4796213849,35.2976657827],[139.4796185188,35.2976450344],[139.4796133558,35.2976392509],[139.479604796,35.2976385026],[139.479596132,35.297634864],[139.4795877917,35.2976277287],[139.4795810998,35.2976235568],[139.4795692971,35.2976210612],[139.4795642123,35.2976245568],[139.4795626043,35.2976303674],[139.4795637708,35.2976394487],[139.4795650685,35.2976450614],[139.4795697639,35.2976496749],[139.479574381,35.2976536373],[139.4795843293,35.2976664751]]],[[[139.4798129019,35.2976672233],[139.479813356,35.2976704753],[139.4798168454,35.2976721966],[139.4798200488,35.2976737551],[139.4798208006,35.2976739179],[139.4798301275,35.2976724214],[139.4798331357,35.2976691695],[139.479834822,35.2976640613],[139.4798358211,35.2976581159],[139.479835626,35.2976537011],[139.4798374939,35.2976518099],[139.4798407107,35.2976489176],[139.4798405165,35.2976440613],[139.4798372088,35.2976425028],[139.4798350432,35.2976399442],[139.4798299584,35.2976409443],[139.4798246794,35.2976422771],[139.4798218259,35.2976451693],[139.4798165729,35.2976481694],[139.4798142904,35.2976526372],[139.4798138228,35.2976580341],[139.4798129019,35.2976672233]]],[[[139.4796914107,35.2976696102],[139.4796897379,35.2976713674],[139.4796897379,35.2976741697],[139.4796908531,35.2976740078],[139.4796968839,35.2976751698],[139.479703681,35.2976763677],[139.4797104124,35.2976774756],[139.4797139405,35.2976754216],[139.4797153803,35.2976721696],[139.4797151591,35.2976692774],[139.4797079087,35.2976661963],[139.4796993751,35.2976646747],[139.4796929674,35.2976649715],[139.4796906588,35.2976665021],[139.4796914107,35.2976696102]]],[[[139.4797910996,35.2977028635],[139.4797903469,35.2976992509],[139.4797933299,35.2976958362],[139.4797936807,35.2976931427],[139.4797912678,35.2976929449],[139.4797890762,35.2976939449],[139.4797877137,35.2976958092],[139.4797865994,35.2977015838],[139.479787014,35.2977038366],[139.479788908,35.2977046747],[139.479790659,35.2977040344],[139.4797910996,35.2977028635]]],[[[139.479714329,35.2977094753],[139.4797172995,35.2977104754],[139.4797198292,35.2977116742],[139.4797229022,35.2977115024],[139.4797278575,35.2977084483],[139.4797320205,35.2976973048],[139.4797311005,35.2976928639],[139.4797292451,35.2976906102],[139.4797238753,35.2976884213],[139.4797169361,35.2976886749],[139.4797146285,35.2976919178],[139.4797142642,35.2976961429],[139.4797142642,35.2976999173],[139.4797143551,35.2977040074],[139.4797137975,35.2977068637],[139.479714329,35.2977094753]]],[[[139.479546573,35.2976990882],[139.4795498538,35.2977065831],[139.4795581815,35.2977142507],[139.4795658473,35.2977174487],[139.4795693493,35.2977232233],[139.4795765726,35.2977307281],[139.4795821628,35.2977375836],[139.4795885957,35.2977456101],[139.4795963011,35.2977488099],[139.4796051855,35.2977524485],[139.4796098035,35.2977539711],[139.4796124358,35.297754008],[139.479619491,35.2977494214],[139.4796241872,35.2977302236],[139.479627325,35.2977144755],[139.4796289078,35.2977045569],[139.4796185188,35.2976893944],[139.4795809964,35.2976784487],[139.4795721893,35.2976778902],[139.4795686613,35.2976780611],[139.4795607365,35.2976793948],[139.4795539007,35.2976827825],[139.4795494913,35.2976858366],[139.4795454974,35.2976944755],[139.479546573,35.2976990882]]],[[[139.4796994911,35.2977302775],[139.4797009309,35.2977275562],[139.4797030713,35.2977189173],[139.4797009956,35.2977137822],[139.4796967419,35.2977084483],[139.4796954324,35.2977052773],[139.4796923577,35.2977041963],[139.4796886354,35.2977047557],[139.4796864041,35.2977093044],[139.4796850435,35.2977188633],[139.4796866901,35.2977275022],[139.479690568,35.2977323945],[139.4796928775,35.2977331428],[139.4796994911,35.2977302775]]],[[[139.4795920203,35.2977691696],[139.4795903727,35.2977683405],[139.4795875201,35.2977683405],[139.4795866253,35.2977691426],[139.4795868447,35.2977710348],[139.4795880525,35.2977729441],[139.4795901272,35.2977737553],[139.4795915796,35.2977722237],[139.4795926822,35.2977703405],[139.4795920203,35.2977691696]]],[[[139.4796661316,35.2977693944],[139.479666495,35.2977713676],[139.4796655741,35.2977726104],[139.4796644589,35.2977743677],[139.4796642125,35.2977773049],[139.4796663007,35.2977802771],[139.4796702442,35.2977816378],[139.4796716831,35.2977817556],[139.4796751069,35.2977795838],[139.4796791017,35.2977735835],[139.4796802951,35.2977695024],[139.4796781295,35.2977678908],[139.4796755997,35.2977657288],[139.479672578,35.2977654752],[139.4796710743,35.2977668638],[139.4796707362,35.2977687559],[139.4796681038,35.2977687559],[139.4796661316,35.2977693944]]],[[[139.4797646281,35.2977870886],[139.4797667685,35.2977876102],[139.4797695168,35.2977877289],[139.4797704899,35.2977875293],[139.4797750683,35.2977831154],[139.4797749388,35.2977808635],[139.479774044,35.2977797825],[139.4797740701,35.2977782501],[139.4797745242,35.2977737553],[139.4797739918,35.2977684484],[139.4797730188,35.2977674483],[139.4797706589,35.2977665832],[139.4797680518,35.2977677019],[139.4797638754,35.2977718091],[139.479762851,35.2977753408],[139.4797609571,35.2977785837],[139.4797612943,35.2977831963],[139.479764459,35.2977850885],[139.4797646281,35.2977870886]]],[[[139.4797112165,35.2977949442],[139.479711631,35.2977964757],[139.479717688,35.2977978364],[139.4797219687,35.2977980343],[139.4797256002,35.2977968633],[139.4797275724,35.2977954217],[139.4797280518,35.2977918361],[139.4797267424,35.2977906373],[139.4797269618,35.2977882235],[139.4797274034,35.2977874214],[139.4797259887,35.2977816378],[139.4797254581,35.2977803671],[139.4797257954,35.2977792771],[139.479726236,35.2977783049],[139.479724602,35.2977752238],[139.4797215155,35.2977728901],[139.4797195433,35.2977711697],[139.479716794,35.2977707012],[139.4797143812,35.2977706103],[139.4797112938,35.2977714215],[139.4797086615,35.2977782501],[139.4797094133,35.2977815839],[139.4797083764,35.2977858098],[139.479708934,35.2977872505],[139.4797096858,35.2977885293],[139.4797112165,35.2977949442]]],[[[139.4795874679,35.2978051155],[139.4795895427,35.2978075563],[139.4795897378,35.2978108091],[139.4795906326,35.2978128902],[139.4795932398,35.2978154218],[139.4795958865,35.2978169443],[139.4795987391,35.2978159712],[139.4796013202,35.2978133677],[139.4796025127,35.2978061426],[139.4796010999,35.2978016379],[139.4796025783,35.2977967015],[139.479602358,35.2977920079],[139.4795969099,35.2977810614],[139.4795932919,35.2977803401],[139.4795891281,35.2977805568],[139.4795874679,35.2977819445],[139.4795860146,35.2977848367],[139.4795855218,35.2977947553],[139.4795863779,35.2978018636],[139.4795874679,35.2978051155]]],[[[139.4796427079,35.2978185298],[139.4796360151,35.2978147284],[139.4796201007,35.2978124216],[139.47961883,35.2978103046],[139.4796148217,35.2978088909],[139.4796093233,35.297808783],[139.4796064688,35.2978095834],[139.4796046792,35.2978131159],[139.4796037969,35.2978167015],[139.479603966,35.2978268908],[139.4796054966,35.2978285294],[139.4796068186,35.2978307822],[139.47960669,35.2978342778],[139.4796083241,35.2978376377],[139.4796112937,35.2978386378],[139.4796133819,35.2978369174],[139.4796154971,35.2978348633],[139.4796182463,35.2978328902],[139.4796241873,35.2978338093],[139.4796277917,35.2978341699],[139.4796349647,35.2978328362],[139.479635159,35.2978350881],[139.4796310482,35.2978355027],[139.4796298539,35.2978406747],[139.47962896,35.2978438098],[139.4796292972,35.2978471696],[139.479637624,35.2978474484],[139.479643136,35.2978473675],[139.4796532399,35.2978471426],[139.4796579874,35.2978443673],[139.4796603211,35.2978424752],[139.4796581295,35.2978359713],[139.4796554063,35.2978340881],[139.4796529934,35.2978318092],[139.4796499061,35.2978310888],[139.4796474941,35.2978298909],[139.4796416827,35.2978288909],[139.4796418005,35.2978270077],[139.4796430712,35.2978254753],[139.4796441351,35.2978216109],[139.4796427079,35.2978185298]]],[[[139.4795994649,35.2978497012],[139.479599491,35.2978472506],[139.479596132,35.2978459448],[139.4795932919,35.2978465023],[139.4795922155,35.2978480348],[139.4795923189,35.2978517283],[139.479593408,35.2978524487],[139.4795942902,35.2978526375],[139.4795983497,35.2978519441],[139.4795994649,35.2978497012]]],[[[139.4797086867,35.2979176108],[139.4797148219,35.2979204212],[139.4797215407,35.2979183672],[139.4797230192,35.2979119712],[139.4797202951,35.2979041156],[139.4797147184,35.2978980614],[139.4797086867,35.2978978365],[139.4797054581,35.297901638],[139.4797031361,35.2979085025],[139.47970202,35.2979112778],[139.4797035506,35.2979140072],[139.479705406,35.2979166108],[139.4797086867,35.2979176108]]],[[[139.479650711,35.2979264485],[139.4796528253,35.2979213403],[139.4796557948,35.2979209716],[139.479660412,35.2979189175],[139.4796667162,35.2979146107],[139.4796674033,35.2979075834],[139.4796632403,35.2979034213],[139.4796547705,35.2979008637],[139.4796470795,35.2979023673],[139.4796457431,35.2979068909],[139.479644485,35.2979145298],[139.4796458861,35.2979214752],[139.479645432,35.2979240077],[139.4796477405,35.2979276104],[139.479650711,35.2979264485]]],[[[139.4795621889,35.2979528634],[139.4795668195,35.2979481968],[139.4795702441,35.2979453405],[139.4795712685,35.2979370344],[139.4795692189,35.2979289171],[139.4795673771,35.2979239448],[139.4795653024,35.2979234214],[139.4795604379,35.2979244754],[139.4795520724,35.2979294216],[139.4795495175,35.2979362502],[139.4795490237,35.2979452776],[139.4795504384,35.2979478092],[139.4795547182,35.2979510611],[139.4795621889,35.2979528634]]],[[[139.479529518,35.3019042239],[139.4795312429,35.3019129716],[139.4795401273,35.3019185025],[139.4795499587,35.3019123952],[139.4795588827,35.3019024217],[139.479565186,35.301895702],[139.4795699326,35.3018900344],[139.4795694137,35.3018841699],[139.4795649396,35.3018772775],[139.479559907,35.3018694489],[139.4795552638,35.301862945],[139.4795476636,35.3018572236],[139.4795408279,35.3018591967],[139.4795361586,35.3018637562],[139.4795352377,35.3018748638],[139.479533993,35.3018864758],[139.4795318787,35.3018949447],[139.479529518,35.3019042239]]],[[[139.4796177406,35.3019715571],[139.4796140444,35.3019682242],[139.479607625,35.3019685569],[139.4796067167,35.3019699716],[139.4796065216,35.3019717019],[139.4796078841,35.3019752776],[139.4796141874,35.3019782237],[139.47961813,35.3019804756],[139.4796218784,35.3019830351],[139.479626795,35.3019860892],[139.4796327476,35.3019882782],[139.4796388828,35.3019898367],[139.4796422939,35.3019909177],[139.4796464695,35.301990557],[139.4796515156,35.3019898637],[139.479654486,35.30198853],[139.4796551857,35.3019859174],[139.4796517098,35.3019828373],[139.4796455225,35.3019825567],[139.4796406859,35.3019828103],[139.479637041,35.3019818912],[139.4796320983,35.3019805296],[139.4796287133,35.301978891],[139.4796268454,35.30197681],[139.4796230196,35.3019740887],[139.4796177406,35.3019715571]]],[[[139.479736989,35.3021121697],[139.4797377408,35.3021147022],[139.4797407122,35.3021152507],[139.4797416061,35.3021171699],[139.479743331,35.3021185027],[139.4797453284,35.302119143],[139.4797478573,35.3021185836],[139.4797494913,35.3021173408],[139.4797506856,35.3021142777],[139.479750906,35.3021113945],[139.4797503475,35.3021097559],[139.4797481046,35.3021090616],[139.4797473518,35.3021077828],[139.4797481298,35.3021057017],[139.4797468851,35.3021030353],[139.4797469364,35.3021003049],[139.479744849,35.3020985836],[139.479744849,35.3020951428],[139.479742125,35.3020942507],[139.4797381554,35.3020955835],[139.4797362758,35.3020991969],[139.4797352641,35.302102341],[139.4797355743,35.3021060345],[139.479736354,35.3021080346],[139.4797374296,35.3021101966],[139.479736989,35.3021121697]]],[[[139.4796704131,35.3021753408],[139.4796648229,35.3021685572],[139.4796599323,35.3021626378],[139.479660686,35.3021569181],[139.4796651079,35.302153864],[139.4796714895,35.3021546105],[139.4796758863,35.3021533676],[139.4796749142,35.3021494763],[139.4796667951,35.3021450345],[139.4796543296,35.3021400352],[139.4796403217,35.3021403679],[139.4796355751,35.302143422],[139.4796242643,35.3021374487],[139.4795953547,35.3021125573],[139.4795865737,35.302110729],[139.4795862365,35.3021200621],[139.4795971579,35.3021286111],[139.4796161848,35.3021454761],[139.4796256529,35.302171783],[139.4796281557,35.3021821702],[139.4796325138,35.3021911967],[139.4796407363,35.3021920349],[139.4796429936,35.3021850885],[139.4796423587,35.3021791431],[139.4796430458,35.3021701157],[139.4796420727,35.3021679447],[139.479645938,35.3021664492],[139.4796493239,35.3021651964],[139.4796536038,35.302169729],[139.4796558863,35.3021773678],[139.4796612427,35.3021822511],[139.4796663014,35.30218353],[139.4796691549,35.3021810353],[139.4796704131,35.3021753408]]],[[[139.4799048483,35.3021714215],[139.4799011009,35.3021720618],[139.4799007627,35.3021756744],[139.4799008536,35.3021786376],[139.4799014894,35.3021831433],[139.4799022673,35.3021852234],[139.4799042386,35.3021874762],[139.4799080787,35.3021893944],[139.4799125789,35.3021903945],[139.4799175207,35.3021909449],[139.4799226046,35.3021859177],[139.4799210748,35.3021833681],[139.4799217358,35.3021816747],[139.479923708,35.3021808635],[139.4799250687,35.3021741968],[139.4799261848,35.3021720348],[139.4799259635,35.3021697829],[139.4799251074,35.3021677828],[139.4799245768,35.3021651694],[139.47992302,35.3021637287],[139.4799203733,35.3021642512],[139.4799185198,35.3021628096],[139.4799136293,35.3021622511],[139.4799098297,35.3021642242],[139.4799056011,35.3021665031],[139.4799051856,35.3021696381],[139.4799048483,35.3021714215]]],[[[139.4800695178,35.3022105843],[139.4800713857,35.3022113046],[139.4800724613,35.3022128371],[139.4800754327,35.3022136752],[139.480080271,35.302214035],[139.4800824879,35.3022124216],[139.4800820472,35.3022103405],[139.4800842649,35.3022085572],[139.4800844862,35.3022064761],[139.480083487,35.302203503],[139.4800817747,35.3022009714],[139.4800799068,35.3021990891],[139.4800804905,35.3021971969],[139.4800788312,35.3021949181],[139.4800775209,35.302191864],[139.4800744335,35.3021901427],[139.4800654331,35.3021888368],[139.4800611272,35.3021903675],[139.4800582988,35.3021940349],[139.4800586882,35.3021999174],[139.4800592197,35.3022049716],[139.4800608277,35.3022080347],[139.4800639016,35.3022095842],[139.4800695178,35.3022105843]]],[[[139.4799036037,35.3022068638],[139.479897741,35.3022050885],[139.4798972095,35.3022088099],[139.4798984029,35.30221081],[139.4799012691,35.3022114485],[139.479904914,35.3022104755],[139.4799060157,35.3022088369],[139.4799036037,35.3022068638]]],[[[139.4799927742,35.3022342508],[139.4799915808,35.3022332508],[139.4799910232,35.3022323407],[139.4799891544,35.3022319719],[139.4799871579,35.3022324216],[139.4799860805,35.3022337832],[139.4799861588,35.3022356744],[139.4799871579,35.3022368364],[139.4799868198,35.3022377555],[139.4799869106,35.3022387285],[139.4799884673,35.3022396378],[139.479989998,35.3022395568],[139.4799913209,35.3022387555],[139.4799921896,35.3022394759],[139.4799931888,35.3022396746],[139.4799946286,35.302239305],[139.4799945252,35.302238224],[139.4799947707,35.3022375297],[139.4799944074,35.3022357833],[139.4799954973,35.3022351429],[139.4799954065,35.3022343408],[139.4799944074,35.302234062],[139.4799938759,35.3022342508],[139.4799927742,35.3022342508]]],[[[139.4799988824,35.3022479718],[139.4799983248,35.3022491427],[139.4799982987,35.3022505834],[139.4800000758,35.3022515835],[139.4800013861,35.3022515835],[139.4800022674,35.3022509449],[139.4800033565,35.3022507831],[139.4800033565,35.3022501427],[139.4800031632,35.302248702],[139.4800040445,35.3022472505],[139.480004603,35.3022434761],[139.4800044861,35.3022421154],[139.4800040706,35.3022398635],[139.4800022162,35.3022396378],[139.4800006594,35.3022400353],[139.4799998806,35.3022409445],[139.4799970801,35.3022430345],[139.4799959128,35.3022448907],[139.4799963535,35.3022468638],[139.4799982079,35.3022473405],[139.4799988824,35.3022479718]]],[[[139.479635692,35.3022684485],[139.479637988,35.3022705295],[139.4796416321,35.3022708101],[139.4796464695,35.3022697561],[139.4796479093,35.302268756],[139.4796504391,35.3022655302],[139.4796530975,35.3022621973],[139.4796546533,35.3022574219],[139.4796522414,35.3022548103],[139.4796494921,35.3022545297],[139.4796465217,35.3022547833],[139.4796427994,35.3022559452],[139.4796411266,35.3022588095],[139.4796381301,35.3022627018],[139.4796362757,35.3022651156],[139.479635692,35.3022684485]]],[[[139.4797559125,35.3022617827],[139.4797512172,35.3022547284],[139.4797477143,35.302246702],[139.4797421637,35.3022389174],[139.479734577,35.3022368364],[139.4797173001,35.302239368],[139.4797036034,35.3022522508],[139.4796973262,35.3022556376],[139.4796929024,35.302262584],[139.4796889346,35.3022759722],[139.4796895434,35.3023002512],[139.479694577,35.3023064754],[139.4797033831,35.3023070618],[139.4797081046,35.3023047289],[139.4797122936,35.3022996747],[139.4797264309,35.3022864763],[139.4797369107,35.302279476],[139.4797472736,35.30227617],[139.4797580529,35.3022756745],[139.4797668195,35.3022777555],[139.4797775988,35.3022816748],[139.4797845245,35.3022811424],[139.4797867431,35.3022768364],[139.4797825783,35.3022731969],[139.4797754323,35.3022697561],[139.4797559125,35.3022617827]]],[[[139.4800711906,35.3023300349],[139.4800725135,35.3023294755],[139.4800728516,35.3023285834],[139.4800729416,35.3023270078],[139.4800719955,35.3023261426],[139.4800704388,35.3023258908],[139.4800680142,35.3023258639],[139.4800666904,35.302326675],[139.4800661067,35.3023277021],[139.4800662371,35.302328918],[139.4800674692,35.3023301968],[139.4800688829,35.3023306375],[139.4800698812,35.3023307562],[139.4800711906,35.3023300349]]],[[[139.4852449919,35.296757223],[139.485277819,35.2967277819],[139.4852739402,35.296695034],[139.4852725786,35.2966837547],[139.4852846025,35.2966708899],[139.4852877403,35.2966584478],[139.4852854973,35.2966197005],[139.485280543,35.2965674751],[139.4852791023,35.2965447546],[139.4852769888,35.2965204207],[139.4852729023,35.2965013039],[139.4852662752,35.2964873041],[139.4852585968,35.2964808092],[139.4852473778,35.2964805016],[139.4851976884,35.2965293942],[139.4851704902,35.296539034],[139.4851500234,35.296541223],[139.4851265997,35.2965445019],[139.4850845501,35.2965561958],[139.4850808539,35.2965723036],[139.4850652632,35.2966129169],[139.4850530711,35.2966372229],[139.4850432928,35.2966607276],[139.4850294918,35.2966788903],[139.4850147969,35.296694088],[139.4850034088,35.2967111958],[139.4849943814,35.2967378355],[139.4849873253,35.296768836],[139.4849811515,35.2967932499],[139.4849816578,35.2968558895],[139.4849755487,35.2968744479],[139.4849534865,35.2969119712],[139.4849245248,35.2969495557],[139.4849214896,35.2969654206],[139.4849355487,35.2969664477],[139.4849484413,35.296961809],[139.4849968456,35.2969293938],[139.4850187917,35.2969125288],[139.4850364697,35.2968991415],[139.4850967422,35.2968218627],[139.4851379096,35.2967544747],[139.4851441878,35.2967514476],[139.4851541873,35.2967531689],[139.4851685441,35.2967643043],[139.4851872356,35.2967872496],[139.4851967945,35.2967891688],[139.4852164042,35.2967785829],[139.4852449919,35.296757223]]],[[[139.4837210743,35.2967259709],[139.4837453803,35.2967481149],[139.4837669101,35.2967556737],[139.483776469,35.2967578626],[139.4837856915,35.2967605831],[139.4837959897,35.2967643045],[139.4838045764,35.2967666742],[139.4838120462,35.2967665294],[139.4838158476,35.296752196],[139.4838106333,35.2967383941],[139.4838018002,35.2967235022],[139.4837930453,35.2967102228],[139.483784848,35.296698394],[139.4837764303,35.2966883666],[139.4837671052,35.2966830885],[139.4837543555,35.2966827009],[139.483740711,35.2966846371],[139.4837300235,35.2966883036],[139.4837222156,35.296693169],[139.4837171317,35.296699529],[139.4837159896,35.2967071148],[139.4837172738,35.2967155828],[139.4837210743,35.2967259709]]],[[[139.4842532662,35.296824755],[139.4842172996,35.2967779714],[139.4842115808,35.2967745288],[139.4841960801,35.2967772771],[139.4841808798,35.2967809167],[139.4841636299,35.2967775289],[139.4841641874,35.2967739443],[139.4841686355,35.2967678091],[139.4841713856,35.2967620606],[139.4841669106,35.2967560882],[139.4841577141,35.2967495834],[139.4841463017,35.2967441416],[139.4841333308,35.2967404211],[139.4841226567,35.2967407278],[139.4841181044,35.2967561422],[139.4841260805,35.2967690609],[139.4841490249,35.2968000336],[139.4841449914,35.2968131961],[139.4841377923,35.2968256103],[139.4841315807,35.2968397279],[139.484129854,35.2968571423],[139.4841326302,35.2968752502],[139.4841374038,35.2968892499],[139.4841469367,35.2969006372],[139.4841624104,35.2969088633],[139.4841789858,35.2969139714],[139.4841934865,35.2969161693],[139.4842046021,35.2969147817],[139.4842079359,35.2969073038],[139.4842085195,35.2968961963],[139.4842070402,35.2968798088],[139.4842050437,35.2968641148],[139.4842033305,35.2968529173],[139.4842084026,35.2968470879],[139.4842183761,35.2968535019],[139.4842293496,35.2968585021],[139.4842403475,35.2968626741],[139.4842504387,35.2968646103],[139.4842574948,35.2968636372],[139.4842664305,35.2968521151],[139.4842532662,35.296824755]]],[[[139.4849356008,35.2968545019],[139.4849441875,35.2968528903],[139.4849525521,35.2968483397],[139.4849623197,35.296829971],[139.4849646534,35.2968222225],[139.4849582466,35.2968074205],[139.4849491023,35.2968061417],[139.4849400758,35.2968090879],[139.4849209967,35.2968239708],[139.4849190767,35.2968352501],[139.4849206856,35.2968453396],[139.4849262757,35.2968520341],[139.4849356008,35.2968545019]]],[[[139.4837604386,35.2968825563],[139.4837657698,35.29688925],[139.4837729023,35.2968918904],[139.4837789601,35.2968894748],[139.4837842643,35.2968836103],[139.4837903734,35.2968675826],[139.4837989601,35.2968421956],[139.483804848,35.2968287013],[139.4838038758,35.2967985021],[139.483796353,35.2967844214],[139.4837582721,35.2967699711],[139.4837370148,35.296776394],[139.4837251078,35.2967833944],[139.4837241878,35.2967977278],[139.4837300235,35.2968172233],[139.4837466906,35.2968571963],[139.4837541874,35.2968722771],[139.4837604386,35.2968825563]]],[[[139.483157131,35.2969533043],[139.4831675982,35.2969522502],[139.4831727729,35.2969481152],[139.4831736812,35.2969403675],[139.4831715157,35.2969330614],[139.483164965,35.2969262769],[139.4831533305,35.2969200338],[139.4831308276,35.2969137278],[139.4831199324,35.2969127277],[139.483110127,35.2969155561],[139.4831050432,35.2969233038],[139.4831055486,35.2969350345],[139.4831122153,35.2969455017],[139.4831286873,35.2969505829],[139.483143071,35.2969533402],[139.483157131,35.2969533043]]],[[[139.4834518002,35.2968268092],[139.4834466903,35.2968135019],[139.4834370405,35.2968093398],[139.4834286876,35.2968115558],[139.4834172734,35.296827034],[139.4834027997,35.2968431418],[139.4833813851,35.2968644215],[139.4833806072,35.2968737007],[139.4833845768,35.2968878902],[139.4833891283,35.2969045565],[139.4833888567,35.2969173673],[139.4833764046,35.2969213945],[139.4833613464,35.2969227012],[139.4833423581,35.2968934211],[139.4833416575,35.2968923671],[139.4833413464,35.2968918904],[139.4833360152,35.2968791695],[139.483316794,35.2968771424],[139.4833030451,35.2969042228],[139.4832855479,35.2969328357],[139.4832800756,35.2969492231],[139.4832788822,35.2969992497],[139.4832831881,35.2970175563],[139.4832932668,35.2970562775],[139.483302189,35.2970759439],[139.4833116832,35.2970921964],[139.4833283764,35.2971202769],[139.4833348488,35.2971279715],[139.4833416576,35.2971295021],[139.4833423581,35.297129637],[139.4833480131,35.2971308898],[139.4833634086,35.2971301155],[139.4833767428,35.2971270074],[139.4833847962,35.2971200071],[139.4833895698,35.297107556],[139.4833965738,35.2970908358],[139.48340621,35.297075809],[139.4834291022,35.2970457554],[139.483438376,35.2970323672],[139.4834461588,35.2970155292],[139.4834638233,35.2969705829],[139.48347241,35.2969478903],[139.4834767681,35.2969288094],[139.483475795,35.2968963403],[139.4834710223,35.2968826373],[139.4834633826,35.2968732232],[139.4834553804,35.2968651958],[139.4834527994,35.2968550884],[139.4834519693,35.2968398359],[139.4834518002,35.2968268092]]],[[[139.4801067418,35.2970279717],[139.4801014106,35.2970187824],[139.4800950434,35.297011917],[139.4800847183,35.2970088908],[139.4800767944,35.2970125834],[139.4800724606,35.2970198634],[139.4800704641,35.2970267018],[139.4800646023,35.297032917],[139.4800614888,35.2970401962],[139.4800570795,35.2970460615],[139.4800545236,35.2970514485],[139.480051411,35.2970573049],[139.4800504901,35.2970659447],[139.4800563006,35.2970747283],[139.4800646284,35.2970770882],[139.4800760803,35.2970758633],[139.4800828774,35.2970767824],[139.4800909048,35.2970782501],[139.4800987127,35.2970793401],[139.4801074028,35.2970791962],[139.4801136549,35.2970807556],[139.4801206849,35.2970858098],[139.4801295693,35.2970849446],[139.4801363007,35.2970824211],[139.480139854,35.2970760341],[139.480139219,35.2970710888],[139.4801365993,35.2970640345],[139.4801353016,35.2970588904],[139.480125133,35.2970465292],[139.4801184672,35.2970391961],[139.4801142898,35.297032971],[139.4801067418,35.2970279717]]],[[[139.4825128252,35.2970782498],[139.4825198804,35.297077007],[139.4825259373,35.297074782],[139.4825295175,35.2970711425],[139.4825310221,35.2970645289],[139.4825297387,35.2970593668],[139.482525458,35.2970555833],[139.4825163532,35.2970533944],[139.4824947965,35.2970534214],[139.48248752,35.2970562776],[139.4824836557,35.2970623939],[139.4824886613,35.2970741426],[139.4824957956,35.2970775834],[139.4825042384,35.2970788632],[139.4825128252,35.2970782498]]],[[[139.4801865729,35.297100502],[139.480191735,35.2971012502],[139.4801939662,35.2971001692],[139.4801947441,35.2970963678],[139.4801930974,35.2970926104],[139.4801918258,35.2970867559],[139.4801897385,35.2970809714],[139.4801875459,35.29707834],[139.4801822669,35.2970781421],[139.4801753538,35.2970801962],[139.4801727467,35.2970805838],[139.48017202,35.2970859447],[139.4801730192,35.2970904485],[139.4801794646,35.2970964487],[139.4801865729,35.297100502]]],[[[139.4801975977,35.2971462505],[139.4802004638,35.2971423942],[139.4801994395,35.2971385838],[139.4801956524,35.2971367015],[139.4801903734,35.2971378364],[139.4801880522,35.2971401693],[139.4801877141,35.2971440616],[139.4801902439,35.2971463045],[139.480192851,35.2971479448],[139.4801948484,35.2971485024],[139.4801975977,35.2971462505]]],[[[139.4839454975,35.2967741151],[139.4839320463,35.2967809167],[139.4839177408,35.2967832226],[139.4839025782,35.2967829168],[139.4838872996,35.2967816101],[139.4838739015,35.2967788627],[139.4838627994,35.296778556],[139.4838289345,35.2968051418],[139.4838242383,35.2968210876],[139.4838188828,35.2968416372],[139.4838046286,35.2968819709],[139.483792682,35.296919701],[139.4837927081,35.2969427821],[139.4837977668,35.2969654208],[139.4838032922,35.2969869712],[139.4838116577,35.2970106099],[139.4838208272,35.2970295829],[139.4838311514,35.2970501693],[139.4838408794,35.2970697547],[139.4838511263,35.2970908627],[139.4838590502,35.2971128898],[139.4838644596,35.2971345293],[139.4838679355,35.2971935833],[139.4838763783,35.2972240883],[139.4838747964,35.2972327281],[139.4838650172,35.2972345024],[139.4838536812,35.2972352767],[139.4838451071,35.2972388632],[139.4838438238,35.297250782],[139.4838473779,35.2972966744],[139.483852656,35.2973183939],[139.4838619307,35.29733825],[139.4838691802,35.2973628896],[139.4838714114,35.2973843403],[139.4838715418,35.2974017548],[139.4838687395,35.2974190613],[139.4838653545,35.2974381422],[139.4838608534,35.2974593042],[139.4838608795,35.2974780613],[139.4838677143,35.2975000884],[139.4838756526,35.2975203043],[139.4838804127,35.2975400615],[139.4838868843,35.2975679171],[139.4839077405,35.2975747546],[139.4839190764,35.2975740613],[139.4839279878,35.2975696744],[139.4839355223,35.2975601425],[139.4839436036,35.2975445563],[139.4840101795,35.2974840067],[139.4840310483,35.29746061],[139.4840604642,35.2974261686],[139.4840665472,35.2974176368],[139.4840769101,35.2974085563],[139.4840892713,35.2974012772],[139.4841007368,35.2973931149],[139.4841117094,35.2973727012],[139.4841126564,35.2973524206],[139.4841110223,35.2973291417],[139.4841063782,35.2972831692],[139.4841051596,35.2972608903],[139.4841056524,35.2972421421],[139.4841164956,35.2972077548],[139.4841275203,35.2971950608],[139.4841385964,35.2971794207],[139.4841519046,35.2971483671],[139.4841559371,35.297135836],[139.4841729676,35.2971152496],[139.4841812944,35.2970952505],[139.4841768454,35.2970765023],[139.4841589606,35.2970208361],[139.4841551853,35.2969995293],[139.4841513209,35.2969788089],[139.4841347185,35.2969289712],[139.4841279619,35.2969169706],[139.4841218267,35.2969104748],[139.4841085446,35.2969063667],[139.4840979875,35.2969041958],[139.4840936033,35.2968990337],[139.4840920205,35.2968896367],[139.4840917354,35.2968773042],[139.4840922938,35.2968703669],[139.4840982725,35.2968678632],[139.4841039014,35.2968610337],[139.4841091022,35.296850142],[139.4841129027,35.2968358086],[139.4841039401,35.2968022504],[139.4840961843,35.2967853674],[139.484084744,35.2967645023],[139.4840760413,35.2967645023],[139.4840619696,35.2967684206],[139.4840434606,35.2967725827],[139.4840258861,35.2967740882],[139.4840093754,35.2967726744],[139.4839697126,35.2967651687],[139.4839454975,35.2967741151]]],[[[139.480190931,35.297184728],[139.4801956003,35.2971782502],[139.4801955481,35.2971721968],[139.4801910218,35.2971685024],[139.4801869362,35.2971691967],[139.4801823191,35.2971663045],[139.4801809053,35.2971663045],[139.4801809053,35.2971637019],[139.4801751326,35.2971536744],[139.480165821,35.2971477011],[139.4801608532,35.2971493046],[139.480156236,35.297151007],[139.4801541352,35.2971545027],[139.4801334076,35.2971535566],[139.4801288562,35.2971523677],[139.4801230708,35.2971425021],[139.4801114633,35.2971279718],[139.4800991021,35.2971159443],[139.4800903211,35.2971092506],[139.4800807622,35.2971073404],[139.4800714371,35.2971080347],[139.4800655745,35.2971146744],[139.4800478182,35.2971282236],[139.4800425131,35.2971318362],[139.480038441,35.2971372231],[139.480038129,35.2971389444],[139.4800394393,35.2971837289],[139.4800422146,35.2971999715],[139.4800476879,35.297206917],[139.4800462364,35.2972128633],[139.4800508274,35.2972280349],[139.480065302,35.2972307823],[139.4800790499,35.2972289171],[139.4800990499,35.297231142],[139.480121774,35.2972397827],[139.4801309957,35.2972405291],[139.4801357171,35.2972412504],[139.4801365993,35.297242701],[139.480150153,35.2972549714],[139.4801649649,35.2972671158],[139.4801730714,35.2972723678],[139.4801820979,35.2972741152],[139.4801902439,35.2972718094],[139.4801965733,35.2972634753],[139.4801949654,35.2972474755],[139.4801921244,35.2972424213],[139.4801981292,35.2972266742],[139.4801876629,35.2972105026],[139.4801804377,35.297197502],[139.4801792452,35.2971898901],[139.4801804899,35.2971841425],[139.4801845764,35.2971853404],[139.480190931,35.297184728]]],[[[139.4828731359,35.2972089168],[139.4828823585,35.2972120339],[139.48288774,35.2972112236],[139.4828891286,35.2972043402],[139.4828828513,35.2971966105],[139.4828813854,35.2971852502],[139.482880853,35.2971778632],[139.4828789851,35.2971732506],[139.4828717357,35.2971734215],[139.4828598547,35.2971754485],[139.4828403736,35.2971811691],[139.4828395696,35.2971885562],[139.4828486357,35.2971972769],[139.4828614897,35.2972041963],[139.4828731359,35.2972089168]]],[[[139.4841568841,35.2972458896],[139.4841668198,35.297264421],[139.4841781297,35.2972649714],[139.4841903479,35.297262304],[139.4842010489,35.2972585557],[139.4842098542,35.2972502774],[139.4842182727,35.2972394208],[139.4842220463,35.2972326741],[139.4842424879,35.2972049444],[139.4842479351,35.2971915292],[139.4842510746,35.2971760608],[139.4842509055,35.2971640612],[139.4842409968,35.2971454479],[139.4842318786,35.2971405556],[139.4842182727,35.2971382767],[139.4842046282,35.2971393937],[139.4841932923,35.2971429712],[139.4841826821,35.2971513403],[139.4841741871,35.2971637554],[139.4841626829,35.297203277],[139.4841589346,35.29722761],[139.4841568841,35.2972458896]]],[[[139.483285691,35.297287701],[139.4832865732,35.2972957553],[139.4832940448,35.2972978633],[139.4833020982,35.2972863403],[139.4832906336,35.2972841424],[139.483285691,35.297287701]]],[[[139.4829642642,35.2973400883],[139.4829741874,35.2973348902],[139.4829816311,35.2973159712],[139.4829838758,35.297306701],[139.4829826041,35.2972975828],[139.4829793234,35.2972890068],[139.482967429,35.2972819714],[139.4829556263,35.2972798364],[139.4829471313,35.2972827008],[139.4829417092,35.2972912497],[139.4829415806,35.297301529],[139.4829437975,35.2973212772],[139.4829465998,35.297329917],[139.4829571317,35.2973397007],[139.4829642642,35.2973400883]]],[[[139.4828190246,35.297338394],[139.4828185965,35.2973575829],[139.4828190768,35.2974005021],[139.4828220985,35.2974177286],[139.4828269881,35.297431088],[139.4828388304,35.2974405021],[139.4828520981,35.2974471958],[139.4828641616,35.2974545289],[139.4828724875,35.2974588906],[139.4828814115,35.2974590884],[139.4828855745,35.2974568635],[139.4828882724,35.2974368095],[139.4828821894,35.2974049169],[139.4828812946,35.2973807548],[139.4828820725,35.2973560612],[139.4828831364,35.2973401153],[139.4828841877,35.2973257819],[139.4828873254,35.2973113676],[139.4828940443,35.2972812772],[139.4828904901,35.2972659437],[139.4828864693,35.2972517821],[139.4828826561,35.2972419174],[139.4828591802,35.2972299708],[139.4828487652,35.2972230074],[139.4828379877,35.2972207285],[139.4828272093,35.2972221422],[139.4828171055,35.2972248087],[139.482809829,35.2972285832],[139.4828094396,35.2972393939],[139.4828124362,35.2972580612],[139.482818985,35.2973230615],[139.4828190246,35.297338394]]],[[[139.4836921891,35.297126394],[139.4836825133,35.297177007],[139.483687857,35.2971878357],[139.4836927475,35.297201277],[139.4836972091,35.2972135563],[139.483698246,35.297225475],[139.4836986615,35.2972348361],[139.4836873255,35.2972388633],[139.4836786354,35.2972346104],[139.4836685441,35.2972312505],[139.4836484937,35.2972435289],[139.4836371056,35.297256115],[139.4836279091,35.2972724215],[139.4836214376,35.2972905023],[139.4836138752,35.2973092235],[139.4836074298,35.2973291417],[139.4835984411,35.2973738362],[139.4835836031,35.2974243673],[139.4835777405,35.2974326105],[139.4835747187,35.2974428088],[139.4835768456,35.2974586738],[139.4835816058,35.2974778096],[139.4835873776,35.2974937824],[139.4835924876,35.297504782],[139.4836023846,35.2975072498],[139.4836117097,35.2975073667],[139.4836214898,35.2975078361],[139.4836284029,35.2975125558],[139.4836281556,35.2975190345],[139.4836286619,35.297530142],[139.4836375724,35.2975517014],[139.4836514112,35.2975608359],[139.4836689605,35.2975666743],[139.4836892978,35.2975709442],[139.4837093752,35.2975754211],[139.4837261844,35.2975803404],[139.4837447707,35.2975847281],[139.4837657438,35.2975877553],[139.4837847707,35.297590169],[139.4838048742,35.2975917554],[139.4838206078,35.29759134],[139.4838304122,35.2975878632],[139.4838346022,35.2975819169],[139.4838337973,35.2975668631],[139.4838259894,35.2975120341],[139.4838211006,35.2974747015],[139.4838164305,35.2974365558],[139.4838101019,35.2973999444],[139.4837983765,35.2973341959],[139.4837932405,35.2973048897],[139.4837896864,35.2972874752],[139.4837687133,35.2972541688],[139.4837591805,35.297245556],[139.4837498806,35.2972399442],[139.4837522674,35.2972193938],[139.4837636816,35.2971739169],[139.4837429414,35.2971161687],[139.483716236,35.2971097008],[139.4837055746,35.2971096738],[139.4836991543,35.2971149439],[139.4836921891,35.297126394]]],[[[139.4825506858,35.2973798096],[139.4825505167,35.297390088],[139.4825452638,35.2974131961],[139.4825396079,35.2974251148],[139.4825375728,35.2974366369],[139.4825379613,35.2974481959],[139.4825406593,35.297456583],[139.4825473511,35.2974612774],[139.4825557957,35.2974633944],[139.4825652629,35.2974617819],[139.4825770791,35.2974542501],[139.4825936293,35.2974397009],[139.4826154972,35.2974158634],[139.4826171835,35.2974081149],[139.4826173256,35.2973994751],[139.4826199066,35.2973901149],[139.4826251595,35.2973712768],[139.4826231361,35.297356394],[139.4826172095,35.2973473675],[139.4826102443,35.2973365288],[139.4826047701,35.2973295564],[139.48259608,35.2973287281],[139.4825865211,35.2973309441],[139.4825749657,35.2973335296],[139.4825653807,35.2973354209],[139.4825592194,35.2973396099],[139.482558661,35.2973608906],[139.4825547705,35.2973714216],[139.4825506858,35.2973798096]]],[[[139.4826722157,35.2973959174],[139.4826698298,35.2974112499],[139.4826709575,35.2974292768],[139.4826728776,35.2974473046],[139.4826740962,35.2974673406],[139.4826750171,35.2974836372],[139.4826754065,35.2974945559],[139.4826638493,35.2975267822],[139.4826653287,35.2975401426],[139.4826691023,35.2975531423],[139.4826860158,35.2975593044],[139.4827014113,35.2975598899],[139.4827154974,35.2975592235],[139.4827215804,35.2975577549],[139.4827383761,35.2975387819],[139.4827438755,35.2975257552],[139.482741709,35.2975185561],[139.4827335773,35.2974975291],[139.4827295691,35.2974814753],[139.4827377403,35.2974472228],[139.482744264,35.2974358095],[139.4827493757,35.2974236102],[139.4827585443,35.2973913938],[139.4827563275,35.2973721959],[139.4827524361,35.2973538093],[139.4827473774,35.2973051155],[139.4827459898,35.2972914755],[139.4827355747,35.2972853403],[139.4827129415,35.2972862504],[139.4827056264,35.297293088],[139.4826980784,35.2973131689],[139.4826919306,35.2973350611],[139.4826853548,35.297356394],[139.4826787654,35.2973770343],[139.4826722157,35.2973959174]]],[[[139.4804405424,35.2974388368],[139.4804456002,35.2974363403],[139.4804499061,35.2974327286],[139.4804501534,35.2974277824],[139.4804445758,35.2974202775],[139.4804336815,35.2974186102],[139.4804295167,35.2974198638],[139.4804276245,35.2974250071],[139.480424744,35.2974300613],[139.4804256001,35.297434637],[139.4804331625,35.2974382775],[139.4804405424,35.2974388368]]],[[[139.4801145498,35.2974854757],[139.4801181813,35.2974840611],[139.4801184025,35.2974817013],[139.4801178827,35.2974790078],[139.4801157693,35.2974779178],[139.4801109309,35.2974772775],[139.4801063273,35.2974792236],[139.4801065467,35.2974810349],[139.4801079614,35.2974827553],[139.4801112421,35.2974840341],[139.4801127727,35.2974851151],[139.4801134337,35.2974856745],[139.4801145498,35.2974854757]]],[[[139.4810775458,35.2974932772],[139.4810774288,35.2975032507],[139.4810758865,35.2975037013],[139.4810712685,35.2975013406],[139.4810679869,35.2974984483],[139.481063707,35.2974949176],[139.4810584675,35.2974932772],[139.481056132,35.2974898904],[139.4810529412,35.297473529],[139.4810459121,35.2974680881],[139.4810368451,35.297466169],[139.481030736,35.2974685027],[139.4810241611,35.2974664217],[139.4810173514,35.2974609718],[139.481009271,35.2974474487],[139.4809943809,35.2974357557],[139.4809885704,35.2974317825],[139.4809824361,35.2974280611],[139.4809789081,35.2974277823],[139.4809753801,35.297430304],[139.4809755743,35.2974340074],[139.4809766643,35.2974394213],[139.4809801276,35.2974488094],[139.4809826304,35.2974558367],[139.480985912,35.2974635025],[139.4809906074,35.2974716378],[139.4809979611,35.2974716378],[139.4810037708,35.2974768098],[139.4810065991,35.2974849171],[139.4810123845,35.2974916108],[139.4810156526,35.2974986741],[139.4810213849,35.2974986741],[139.4810326039,35.2974970886],[139.4810424875,35.2974989178],[139.4810477665,35.2974962234],[139.4810492972,35.2974973044],[139.4810541355,35.297501917],[139.4810585961,35.2975077015],[139.481063966,35.2975142234],[139.4810755745,35.2975365832],[139.481075185,35.2975397551],[139.4810802446,35.2975416743],[139.4810887648,35.2975354752],[139.4810909574,35.2975278094],[139.4810879096,35.2975192506],[139.4810842124,35.2975140885],[139.4810842124,35.2975113941],[139.4810885193,35.29750725],[139.4810926301,35.2974975292],[139.481091657,35.2974933941],[139.4810906588,35.2974892231],[139.4810866253,35.2974867014],[139.4810828248,35.2974860611],[139.4810799326,35.2974870072],[139.4810774945,35.2974900073],[139.4810775458,35.2974932772]]],[[[139.4807244854,35.2977812231],[139.4807250169,35.2977819444],[139.4807255745,35.297782394],[139.4807259126,35.2977828365],[139.4807259126,35.2977833941],[139.4807252372,35.2977841963],[139.4807249135,35.2977868097],[139.4807252112,35.2977876101],[139.4807264298,35.2977901426],[139.4807269621,35.2977910617],[139.4807275206,35.2977916741],[139.4807283759,35.2977930348],[139.4807290504,35.2977937552],[139.4807304641,35.2977942237],[139.480731126,35.2977943047],[139.4807348744,35.2977935834],[139.4807365471,35.2977892775],[139.4807349131,35.2977876371],[139.480735458,35.297785583],[139.480735458,35.2977837556],[139.4807371308,35.2977798094],[139.4807369365,35.2977783678],[139.4807358214,35.2977771969],[139.4807350686,35.297776115],[139.4807345245,35.2977747552],[139.4807335515,35.2977732237],[139.4807319948,35.2977722236],[139.48072883,35.2977720348],[139.4807260799,35.2977721966],[139.4807261582,35.297777169],[139.4807258209,35.2977777014],[139.4807244854,35.2977797015],[139.4807242642,35.2977806745],[139.4807244854,35.2977812231]]],[[[139.4807584025,35.2978667828],[139.4807558862,35.2978679448],[139.4807556263,35.2978772231],[139.4807559374,35.2978810883],[139.4807576884,35.2978837288],[139.4807601013,35.2978844482],[139.4807650431,35.2978841964],[139.4807687914,35.2978821154],[139.4807695693,35.2978793401],[139.4807702438,35.2978761691],[139.4807756524,35.2978715834],[139.4807753538,35.2978699718],[139.4807724876,35.2978673674],[139.4807690765,35.2978675293],[139.4807680783,35.2978700348],[139.4807661061,35.2978699448],[139.4807652373,35.2978669717],[139.4807628253,35.2978659716],[139.4807584025,35.2978667828]]],[[[139.4808304121,35.2979230615],[139.4808337711,35.2979119711],[139.4808322674,35.2979028636],[139.4808294129,35.2979018636],[139.4808264299,35.2979023942],[139.4808252113,35.2979031154],[139.4808187911,35.2979148903],[139.4808154321,35.2979246371],[139.4808181813,35.2979276103],[139.4808220466,35.2979270887],[139.4808304121,35.2979230615]]],[[[139.4807655224,35.2979515296],[139.4807685963,35.2979503676],[139.4807734598,35.2979443404],[139.4807738232,35.2979383941],[139.4807726306,35.2979363949],[139.4807654586,35.2979328362],[139.4807527475,35.2979319171],[139.4807462364,35.2979361422],[139.480745133,35.2979399175],[139.4807483759,35.297945728],[139.4807534346,35.2979508632],[139.48075905,35.2979517823],[139.4807655224,35.2979515296]]],[[[139.480812941,35.297970061],[139.4808201014,35.2979684485],[139.4808212165,35.2979651965],[139.4808181552,35.2979630346],[139.4808161839,35.2979602233],[139.4808124616,35.2979547284],[139.4807925785,35.2979490888],[139.4807849136,35.297949971],[139.4807783503,35.2979578365],[139.4807811904,35.2979645562],[139.4807899579,35.2979685294],[139.4808001796,35.2979692777],[139.4808027085,35.2979701968],[139.480812941,35.297970061]]],[[[139.4807697384,35.2979959714],[139.4807719301,35.2979976108],[139.4807753286,35.2979986109],[139.4807767424,35.2980008637],[139.4807801535,35.2980014212],[139.4807869883,35.2979958365],[139.4807927476,35.2979911699],[139.480795263,35.2979874755],[139.4807942126,35.2979830616],[139.4807927737,35.2979805291],[139.4807870792,35.2979798096],[139.4807814629,35.2979814212],[139.4807719948,35.2979822774],[139.4807669361,35.2979853405],[139.4807663534,35.2979883046],[139.4807679875,35.297991115],[139.4807697384,35.2979934488],[139.4807697384,35.2979959714]]],[[[139.4807611004,35.2980085565],[139.480759997,35.2980106375],[139.4807612425,35.2980128363],[139.4807623586,35.2980134218],[139.4807639405,35.2980131691],[139.4807664694,35.2980140882],[139.4807696602,35.2980130072],[139.4807709966,35.2980106105],[139.4807706072,35.2980084755],[139.4807696863,35.2980067012],[139.4807664955,35.2980062506],[139.4807630969,35.298006863],[139.4807611004,35.2980085565]]],[[[139.482714382,35.3024082235],[139.4827091552,35.3023948902],[139.482735303,35.3023806107],[139.4827475212,35.3023994218],[139.4830886619,35.3022133674],[139.4830738761,35.3021941965],[139.4830928518,35.3021838093],[139.4831030466,35.3021923043],[139.483113798,35.3021969179],[139.4831316063,35.3021986104],[139.4831516324,35.3021922504],[139.4831662113,35.3021799449],[139.4831658219,35.3021438093],[139.4833234353,35.3020573673],[139.4833416583,35.3020473048],[139.4833423849,35.3020469172],[139.4833769108,35.3020279172],[139.4837193763,35.3018391962],[139.4838077409,35.3017901427],[139.4838599979,35.3017616108],[139.4839352639,35.3017200342],[139.4841306857,35.3016112504],[139.4842094924,35.3015681963],[139.4842001799,35.3015560077],[139.4841837979,35.3015361156],[139.4841358478,35.3015616744],[139.4839462761,35.301666583],[139.4838891548,35.3016973947],[139.4838544337,35.3016735294],[139.4837644862,35.3016165025],[139.4837014383,35.3015775565],[139.4836274304,35.3015304482],[139.4835194137,35.3014625296],[139.48345088,35.3014177281],[139.4834174297,35.3013968908],[139.4833423848,35.3013499174],[139.4833416582,35.3013494758],[139.483315433,35.3013330614],[139.4832392461,35.3012846104],[139.4832828263,35.3012472238],[139.4833416582,35.3011885565],[139.4833423848,35.3011878631],[139.4833456529,35.3011845833],[139.4834141624,35.3011113947],[139.483517767,35.3010008365],[139.4835340186,35.300981502],[139.4835519961,35.3009659446],[139.4835816063,35.3009327011],[139.4836227476,35.3009585027],[139.483751606,35.3010390882],[139.4839517097,35.3011663045],[139.484123331,35.3012745289],[139.4843103226,35.3013918095],[139.4843629419,35.3014257553],[139.4844082084,35.3014560616],[139.4844769373,35.3013814754],[139.484545329,35.3015507287],[139.4845890252,35.3015372505],[139.4845648487,35.3014730614],[139.4845134093,35.3013414753],[139.4846691548,35.3011720071],[139.4848039416,35.3010259176],[139.4848304653,35.3009975026],[139.4848318268,35.3009883942],[139.4848110228,35.30096761],[139.4847974691,35.3009694482],[139.4847777155,35.300990674],[139.4846893239,35.3010864213],[139.4846075728,35.301173169],[139.4845401803,35.3012478091],[139.4844009967,35.3013988359],[139.4843538498,35.3013685027],[139.4842474689,35.3013010346],[139.4840533835,35.3011778905],[139.4839579618,35.3011176746],[139.4837057442,35.3009591961],[139.4836289861,35.3009102774],[139.4835061846,35.3008324213],[139.4834316056,35.3007848634],[139.4835702963,35.3006149176],[139.4835057178,35.3005705567],[139.4835550177,35.300519674],[139.4835767948,35.3005213674],[139.4836414903,35.3005621966],[139.4837105168,35.3004886743],[139.4839606857,35.3002324754],[139.4839689613,35.300223475],[139.4840766263,35.3001088636],[139.4841130983,35.3000688635],[139.4841743817,35.3000040341],[139.4841752118,35.3000031689],[139.4842014639,35.2999753673],[139.4842577929,35.2999155831],[139.4843070407,35.2998632506],[139.4845285708,35.3000031689],[139.4845299072,35.3000040341],[139.4854046545,35.3005565559],[139.4854494921,35.3008974215],[139.4849537084,35.3012286104],[139.4849994138,35.3012686743],[139.485876081,35.3006813044],[139.4859358221,35.3006412774],[139.4859573006,35.3006038359],[139.4859437082,35.3005081687],[139.4858998815,35.3004786368],[139.4858769632,35.300469917],[139.4858602709,35.300463583],[139.4857961852,35.3004558093],[139.4856818535,35.3004394749],[139.4855888573,35.3004177284],[139.4855035781,35.300382502],[139.485436522,35.3003522776],[139.484912021,35.3000178629],[139.4849229424,35.300004034],[139.4849236304,35.3000031689],[139.4851079356,35.2997698092],[139.4851478844,35.2997927554],[139.4851922678,35.2998212773],[139.4851975729,35.2998157015],[139.4852127741,35.2997981423],[139.4851636037,35.2997659439],[139.4852991288,35.2996469707],[139.4854249916,35.2995552228],[139.4855285711,35.2995039443],[139.4856264964,35.2994607822],[139.485746743,35.299419944],[139.4858812429,35.2993866097],[139.4858815811,35.2993878634],[139.4858984029,35.2994393936],[139.4859375603,35.2995785466],[139.4859456272,35.2995828634],[139.4860108803,35.2998378455],[139.4860391028,35.2998323218],[139.4859628897,35.2995455469],[139.485970426,35.2995353486],[139.4859477928,35.2994597012],[139.4859566907,35.2994491243],[139.4860043817,35.2994439442],[139.4860188311,35.2994318087],[139.4861105431,35.2994274749],[139.486123604,35.2994365293],[139.4861741881,35.2994360337],[139.4862591552,35.2994402498],[139.4863449919,35.2994493401],[139.486434434,35.2994625556],[139.4864456269,35.299467367],[139.4864752641,35.2995566103],[139.4864959638,35.2995516739],[139.4865267692,35.2996504213],[139.4865584029,35.2997461964],[139.4865030982,35.2997602231],[139.486510076,35.2997755827],[139.4865229678,35.2997726374],[139.4865354333,35.2998126095],[139.4865158218,35.2998170612],[139.4865714898,35.2999916367],[139.48662922,35.2999759174],[139.4865675733,35.2998056101],[139.4865499591,35.2998096742],[139.4865382473,35.2997697011],[139.4865653295,35.2997638357],[139.4866467955,35.3000031687],[139.4866470806,35.3000040338],[139.4866714126,35.3000755021],[139.4864304915,35.3002359708],[139.4864715158,35.3002829712],[139.4867673523,35.3000870341],[139.4867402962,35.3000040338],[139.4867400246,35.3000031687],[139.4866251865,35.299650701],[139.4865574037,35.2994517547],[139.486690828,35.2991377007],[139.4867375729,35.2990269707],[139.4870532152,35.2991181961],[139.4871255747,35.2991389435],[139.4872530725,35.2991754748],[139.4876299982,35.299282728],[139.4878719698,35.29935225],[139.4879170411,35.299236304],[139.4879911273,35.2990631962],[139.4880449922,35.2989371418],[139.4871718528,35.2986794474],[139.4871821645,35.2985947277],[139.4862745253,35.2983142229],[139.4858866,35.2982111687],[139.4853857954,35.298078115],[139.4843692717,35.2977714211],[139.4836939401,35.2975873668],[139.4834809051,35.2975234753],[139.4834648746,35.2975210067],[139.4834808277,35.2974692228],[139.4834837712,35.2974465833],[139.4834864044,35.2974255023],[139.4834905422,35.2974052505],[139.4834928516,35.297380448],[139.4834929416,35.2973645831],[139.4834926565,35.2973486372],[139.4834916052,35.2973366367],[139.4834872731,35.2973258088],[139.4834747447,35.2973210883],[139.483460244,35.2973188904],[139.4834493757,35.2973159712],[139.4834390506,35.2973110878],[139.4834253287,35.2973073404],[139.4834113461,35.2973070337],[139.4833969623,35.2973090608],[139.483387157,35.2973385019],[139.4833880788,35.2973553669],[139.4833889853,35.2973707012],[139.4833898037,35.297385674],[139.4833902183,35.297392061],[139.4833839923,35.2973798635],[139.4833806594,35.2973678629],[139.4833767429,35.2973554208],[139.4833692974,35.2973479169],[139.4833565477,35.2973475293],[139.4833429023,35.2973483944],[139.4833423582,35.2973485293],[139.4833416576,35.2973487281],[139.4833309053,35.2973515025],[139.4833240444,35.2973591422],[139.4833236559,35.2973771691],[139.4833312947,35.2974146097],[139.4833386871,35.297432196],[139.4833416576,35.2974397548],[139.4833423582,35.2974415291],[139.4833502183,35.2974615291],[139.4833517093,35.2974752501],[139.4833524108,35.2974883937],[139.4833533308,35.2975056103],[139.4833423582,35.2975072228],[139.4833416576,35.2975073397],[139.4833260418,35.2975096105],[139.4833247441,35.2974816371],[139.4833232143,35.2974552231],[139.4833197124,35.2974505295],[139.4833098297,35.297448971],[139.4832948488,35.2974523669],[139.4832817358,35.2974573671],[139.4832711517,35.2974621155],[139.4832641873,35.2974768905],[139.4832693755,35.2975180884],[139.4832067944,35.2975273667],[139.4832237466,35.2974696374],[139.4832319691,35.2974520071],[139.4832385197,35.2974362501],[139.4832424102,35.2974230885],[139.4832461064,35.2974126375],[139.4832507622,35.2973982232],[139.4832545762,35.297380502],[139.4832590504,35.2973639167],[139.4832603472,35.297346701],[139.4832544072,35.2972931419],[139.4832443815,35.2972752499],[139.4832303737,35.2972580881],[139.4832169108,35.2972421152],[139.4832014631,35.2972300607],[139.4831846791,35.2972219174],[139.4831642384,35.2972179712],[139.4831461063,35.2972186376],[139.4831306074,35.2972208634],[139.4831017355,35.2972278898],[139.4830976247,35.2972397015],[139.483094264,35.297253007],[139.4830860801,35.2972657818],[139.4830747181,35.2972786367],[139.4830654973,35.2972958363],[139.4830505164,35.2973789174],[139.4830387398,35.297456394],[139.4830358215,35.2974696375],[139.4830273517,35.2974739443],[139.4830171318,35.2974759714],[139.4830133565,35.2974833674],[139.4830147963,35.2975013943],[139.4830161588,35.2975198898],[139.4830149132,35.2975309712],[139.4830035512,35.2975385022],[139.482990127,35.2975616372],[139.4829889084,35.2975672229],[139.4828766253,35.2975923941],[139.4828644071,35.2975718095],[139.4828634862,35.2975606372],[139.4828669621,35.2975421696],[139.4828722672,35.2975337016],[139.4828749652,35.29752489],[139.4828730191,35.2975178358],[139.4828426301,35.2974971154],[139.4828354328,35.2975085296],[139.4828291285,35.2975206102],[139.4828194653,35.2975427551],[139.4828187396,35.2975578898],[139.4828179095,35.2975741153],[139.4828185966,35.2975901691],[139.4828189086,35.2975959176],[139.4827524874,35.2975988899],[139.4826712166,35.2975743042],[139.4825491803,35.2975742233],[139.4818557436,35.2977925293],[139.4816577399,35.2978389172],[139.4816637465,35.2978776106],[139.4816036295,35.2978944756],[139.4815977659,35.2978517281],[139.4815953287,35.2978311696],[139.4815784673,35.2978156104],[139.4815615412,35.2978112235],[139.4815472735,35.2978068636],[139.481540801,35.2977996376],[139.481536353,35.2977870075],[139.4815280783,35.2977703943],[139.4815161587,35.297754863],[139.4814957171,35.2977302234],[139.4814905424,35.2977280075],[139.4814642381,35.2977081154],[139.4814599583,35.2977025836],[139.4814530712,35.2976978901],[139.4814460152,35.2976977822],[139.4814389852,35.2976966742],[139.4814350173,35.2977008093],[139.4814346019,35.2976971967],[139.4814365993,35.2976890884],[139.4814354319,35.2976799441],[139.4814268452,35.2976580609],[139.4814065214,35.2976601959],[139.481403408,35.2976671962],[139.4814024871,35.2976732235],[139.4813999321,35.2976756372],[139.4813935514,35.2976831151],[139.481381826,35.2976982237],[139.4813766253,35.2977019712],[139.4813731881,35.2977077556],[139.4813682076,35.2977142236],[139.4813637973,35.2977213399],[139.4813616309,35.2977278366],[139.4813500755,35.2977394217],[139.4813466257,35.2977468905],[139.4813432146,35.2977533675],[139.481335886,35.2977667827],[139.4813336557,35.2977737011],[139.4813323193,35.2977793947],[139.4813326044,35.2977880345],[139.4813331359,35.297797061],[139.4813302706,35.2977935294],[139.4813276635,35.2977871154],[139.4813247182,35.2977800881],[139.4813209051,35.2977725833],[139.481322799,35.2977680075],[139.4813274297,35.2977641422],[139.4813319694,35.2977579171],[139.4813365991,35.2977528899],[139.4813426822,35.2977472233],[139.4813465735,35.2977385835],[139.4813487912,35.2977299446],[139.481350607,35.2977226376],[139.4813440707,35.2977119177],[139.4813375722,35.2977080075],[139.4813311007,35.297706529],[139.481331437,35.297700142],[139.4813300494,35.2976925562],[139.4813262362,35.2976851692],[139.4813195696,35.2976755024],[139.4813054322,35.2976640072],[139.4813014113,35.2976548359],[139.4812999059,35.2976471422],[139.4813019042,35.2976417283],[139.4813054322,35.2976359718],[139.4813091023,35.2976321155],[139.4813136295,35.2976247284],[139.4813201271,35.2976233039],[139.4813269359,35.2976225296],[139.4813345765,35.2976197822],[139.4813375722,35.2976060612],[139.4813354066,35.2975992776],[139.4813333301,35.2975964753],[139.4813301537,35.2975907017],[139.4813176882,35.2975773405],[139.4813098029,35.2975700074],[139.4813010219,35.2975668903],[139.4812830975,35.2975671421],[139.4812787133,35.2975606373],[139.4812696599,35.297545196],[139.4812646282,35.2975383405],[139.4812566251,35.2975322502],[139.4812464304,35.2975268363],[139.4812461318,35.2975223046],[139.4812424104,35.2975155292],[139.481239154,35.2975086745],[139.4812264303,35.2975006103],[139.4812239401,35.297493583],[139.4812111005,35.2974854486],[139.4812058215,35.2974821697],[139.481201904,35.2974753942],[139.4811959631,35.2974744751],[139.4811917741,35.2974810617],[139.4811914116,35.2974855565],[139.481186236,35.2974873399],[139.4811793751,35.2974963403],[139.4811782465,35.2975070611],[139.4811746285,35.2975025564],[139.4811612421,35.2974946748],[139.4811436549,35.2974981426],[139.4811371312,35.2975015294],[139.4811277666,35.297508277],[139.4811214893,35.2975123941],[139.481119491,35.2975155561],[139.4811105158,35.297528304],[139.4811066253,35.2975368638],[139.4811037709,35.2975416374],[139.4810976879,35.2975506378],[139.4810936814,35.2975581966],[139.4810899061,35.297564223],[139.4810875723,35.2975721424],[139.4810835775,35.297581061],[139.4810834345,35.2975887286],[139.4810826305,35.2975965563],[139.4810815154,35.2976018902],[139.48107774,35.2976086378],[139.4810690238,35.2976178091],[139.4810632403,35.2976323943],[139.4810592455,35.2976406743],[139.4810589856,35.2976498636],[139.4810624102,35.2976725022],[139.481063019,35.2976805296],[139.4810636549,35.2976851152],[139.48105774,35.2976909446],[139.4810566905,35.2977007823],[139.4810653285,35.297706502],[139.4810640964,35.2977100885],[139.4810580782,35.2977104482],[139.4810513458,35.2977129448],[139.4810424102,35.2977206744],[139.481037624,35.2977318368],[139.4810353802,35.2977397554],[139.4810302954,35.2977460614],[139.48102477,35.2977537011],[139.4810197122,35.2977569171],[139.4810172993,35.2977523405],[139.4810276883,35.297740196],[139.4810310481,35.2977299177],[139.4810319304,35.2977283043],[139.4810380134,35.297715971],[139.4810396079,35.2977088367],[139.481040607,35.2977025297],[139.4810433302,35.2976847016],[139.4810437969,35.297676944],[139.4810429408,35.2976720886],[139.4810374684,35.297669637],[139.4810302181,35.2976659174],[139.4810207626,35.2976658904],[139.4810156526,35.2976734483],[139.4810130968,35.2976796375],[139.4810061846,35.2976834758],[139.4810006591,35.2976887287],[139.4809976635,35.297693755],[139.4809946795,35.2976961158],[139.4809850433,35.2977134754],[139.4809756526,35.2977235298],[139.4809706596,35.29773389],[139.4809685444,35.2977368631],[139.4809644596,35.2977427825],[139.480959829,35.2977490885],[139.4809551588,35.2977582778],[139.4809484931,35.2977716741],[139.4809461845,35.2977758362],[139.4809414109,35.2977830343],[139.4809401788,35.2977890616],[139.4809319689,35.2977849715],[139.4809369359,35.297779223],[139.480939686,35.2977733675],[139.4809425782,35.2977677827],[139.4809484409,35.2977605837],[139.4809624101,35.2977337011],[139.4809669624,35.2977236107],[139.4809756913,35.2977132505],[139.4809795431,35.2977096739],[139.4809830972,35.2977025567],[139.480987663,35.2976958091],[139.4809915148,35.2976882503],[139.4810001016,35.2976795565],[139.4810046791,35.2976714213],[139.4810080129,35.2976637015],[139.4810109051,35.2976563046],[139.4810156526,35.2976502773],[139.4810183245,35.2976428093],[139.4810170403,35.2976341426],[139.48101774,35.297627475],[139.4810138234,35.297615836],[139.4810112163,35.2976086108],[139.4809932658,35.2975933403],[139.4809833822,35.2975912233],[139.4809647186,35.2975817013],[139.4809437968,35.2975730615],[139.4809314374,35.2975725831],[139.480923875,35.2975669713],[139.4809141353,35.2975668634],[139.4809045243,35.2975696378],[139.4808930714,35.2975731155],[139.4808837068,35.2975740076],[139.4808788558,35.2975828902],[139.4808747441,35.2975891963],[139.4808737072,35.2975963045],[139.4808742639,35.2976076378],[139.4808835512,35.2976156372],[139.480891878,35.2976206105],[139.480903071,35.2976238903],[139.4808973513,35.2976238903],[139.4808907359,35.2976258364],[139.4808828254,35.2976268904],[139.4808773252,35.2976281423],[139.4808725786,35.2976316371],[139.4808673769,35.2976335292],[139.4808687133,35.2976385025],[139.480869323,35.2976487826],[139.4808698293,35.2976565294],[139.4808715408,35.297664367],[139.480871074,35.2976721965],[139.4808801787,35.2976776374],[139.4808844595,35.2976803677],[139.4808820206,35.2976876747],[139.4808816572,35.2976960348],[139.4808855738,35.2977025297],[139.4808830188,35.2977091155],[139.4808816833,35.2977136103],[139.4808725525,35.2977183677],[139.480872941,35.2977268096],[139.4808754321,35.2977373047],[139.4808799063,35.29774561],[139.4808890245,35.2977482504],[139.4808994395,35.2977515293],[139.4809067942,35.297754971],[139.4809119302,35.297758142],[139.4809162101,35.2977636746],[139.4809157434,35.2977683403],[139.4809138494,35.2977745564],[139.4809162362,35.2977786106],[139.4808863274,35.2977851963],[139.4808809962,35.2977870076],[139.4808731623,35.2977893944],[139.4808708789,35.2977974217],[139.4808711514,35.2978060615],[139.4808756525,35.297812944],[139.4808800232,35.2978198904],[139.4808853022,35.2978201692],[139.4808908016,35.2978162238],[139.4809037716,35.2978158092],[139.4809253805,35.2978300347],[139.4809136291,35.2978496372],[139.4809148225,35.2978559442],[139.4809244335,35.2978691426],[139.4809314635,35.2978737553],[139.4809480785,35.2978842234],[139.4809489347,35.2978873044],[139.4809453545,35.297890917],[139.4809394135,35.2978894754],[139.4809286612,35.2978866371],[139.4809189602,35.2978839716],[139.4809055738,35.2978833942],[139.4808997381,35.2978853943],[139.4808968189,35.2978892776],[139.4808970141,35.2978927822],[139.4808990241,35.2978989174],[139.4808999971,35.2979002502],[139.4809054578,35.2979079448],[139.4809112683,35.2979172501],[139.4809144331,35.2979225561],[139.4809198803,35.297931061],[139.4809275461,35.2979389174],[139.4809355222,35.2979506743],[139.4809432923,35.2979588905],[139.4809498547,35.2979658638],[139.48095455,35.2979727284],[139.4809603471,35.2979798636],[139.4809648221,35.2979860887],[139.4809693232,35.2979933048],[139.4809768451,35.2980009176],[139.480986378,35.2980147285],[139.4809907361,35.2980215831],[139.4809957696,35.2980287282],[139.4809977139,35.2980337824],[139.4810036297,35.2980434483],[139.4810002185,35.2980460618],[139.4809965736,35.2980443405],[139.4809940699,35.2980390884],[139.4809891542,35.2980341152],[139.4809848743,35.2980319442],[139.4809849912,35.2980260887],[139.4809644336,35.298003674],[139.4809565474,35.2979955298],[139.4809495435,35.2979884755],[139.4809423193,35.2979812503],[139.4809366256,35.2979761692],[139.4809240963,35.2979703676],[139.4809115804,35.2979707822],[139.4808998542,35.2979843674],[139.4808979089,35.2980035562],[139.4808975465,35.2980125836],[139.4808991545,35.2980189715],[139.4809011006,35.2980264754],[139.4809026043,35.298034394],[139.4809065469,35.2980418907],[139.4809114635,35.2980485025],[139.480916158,35.2980528364],[139.4809201276,35.2980573672],[139.4809192714,35.2980663046],[139.4809120463,35.2980639178],[139.4809067942,35.2980597558],[139.4809018785,35.2980516106],[139.4808960806,35.2980456373],[139.480889413,35.2980355298],[139.4808847186,35.2980283946],[139.4808791545,35.2980188366],[139.4808766642,35.2980106105],[139.4808724869,35.2980051156],[139.4808634343,35.2979888631],[139.4808353026,35.297966863],[139.480826599,35.2979709711],[139.480803097,35.29798689],[139.4807973251,35.2979954219],[139.4807922413,35.2980013673],[139.4807892708,35.2980059448],[139.4807877141,35.2980077552],[139.4807843812,35.2980155028],[139.4807726819,35.2980245563],[139.4807669362,35.2980305026],[139.4807622408,35.298026971],[139.4807466645,35.2980204212],[139.4807430457,35.2980170074],[139.4807364689,35.298012196],[139.4807297645,35.2979990614],[139.4807311,35.2979793672],[139.480733681,35.2979698092],[139.480732163,35.2979623403],[139.4807330713,35.2979548633],[139.4807340965,35.2979449447],[139.4807322673,35.2979377286],[139.4807324103,35.2979301428],[139.4807310478,35.2979193401],[139.480723382,35.2979073045],[139.4807150434,35.2979014481],[139.4807007622,35.2978977825],[139.4806901016,35.2978999714],[139.4806828252,35.297904674],[139.4806764302,35.2979061156],[139.4806719695,35.2979013042],[139.4806644071,35.2978922777],[139.4806570794,35.297886674],[139.4806457956,35.2978716743],[139.4806405418,35.2978653403],[139.4806356261,35.2978573948],[139.480630607,35.297851971],[139.4806281042,35.2978467289],[139.4806244592,35.2978464483],[139.480625354,35.2978445561],[139.4806264692,35.2978424211],[139.480624381,35.297840421],[139.4806074683,35.2978142238],[139.4806118786,35.2978097281],[139.4805910746,35.2977920888],[139.4805910998,35.2977834481],[139.4805916834,35.2977765835],[139.480598181,35.2977721966],[139.4805993753,35.2977629714],[139.4805974939,35.2977563407],[139.4805936556,35.2977501965],[139.4805876634,35.2977438635],[139.4805919298,35.2977405297],[139.4805927734,35.2977370071],[139.4805937968,35.2977162237],[139.4805912158,35.2977051962],[139.4805844852,35.2977088637],[139.4805825778,35.2977147282],[139.480578181,35.2977195027],[139.4805754318,35.2977173047],[139.4805742644,35.2977111965],[139.4805700232,35.2977037016],[139.4805647703,35.2976961158],[139.4805597386,35.2976882503],[139.4805530449,35.2976821961],[139.4805534082,35.2976756104],[139.4805537968,35.2976646107],[139.4805492974,35.2976604487],[139.4805498802,35.2976557821],[139.480554991,35.2976470074],[139.4805519298,35.2976378361],[139.4805483244,35.2976314213],[139.4805478567,35.2976234488],[139.4805498289,35.2976162776],[139.4805499584,35.297608529],[139.4805525134,35.2976041151],[139.480556599,35.2975988091],[139.4805573769,35.2975954754],[139.4805544595,35.2975859174],[139.480554822,35.2975794485],[139.4805520979,35.2975726748],[139.4805494134,35.2975595025],[139.4805474295,35.2975564214],[139.4805462748,35.2975514751],[139.48054429,35.2975448903],[139.4805432144,35.2975416374],[139.4805423583,35.2975370347],[139.4805328515,35.2975245566],[139.480528908,35.2975221159],[139.4805256003,35.2975205834],[139.4805203473,35.2975147018],[139.480518635,35.2975087555],[139.480516768,35.2975055027],[139.4805160153,35.2975002506],[139.4805174677,35.2974950346],[139.4805163013,35.297485115],[139.4805158858,35.297480971],[139.4805133821,35.2974744752],[139.4805115151,35.2974726747],[139.4805067424,35.2974645565],[139.4805035507,35.2974616373],[139.480494874,35.2974561155],[139.480491605,35.2974545831],[139.4804830192,35.2974518635],[139.480478635,35.2974521153],[139.4804706067,35.2974501962],[139.4804588562,35.2974502501],[139.4804475202,35.2974487824],[139.4804441352,35.2974486745],[139.4804356519,35.2974471151],[139.4804313855,35.2974475567],[139.4804258861,35.2974459172],[139.4804200747,35.2974423046],[139.4804171051,35.2974390347],[139.4804129674,35.2974347827],[139.4804076883,35.2974340614],[139.4804029408,35.2974354752],[139.4803983237,35.2974341154],[139.4803947183,35.2974344751],[139.4803881038,35.2974350075],[139.4803841351,35.2974380346],[139.480376936,35.2974335021],[139.4803689851,35.2974328635],[139.4803636027,35.2974290612],[139.4803659373,35.2974280881],[139.4803696605,35.2974275297],[139.4803753802,35.2974271151],[139.4803815415,35.2974264217],[139.4803870399,35.2974220888],[139.4803860803,35.297418755],[139.4803809047,35.2974141154],[139.4803752372,35.2974118635],[139.4803689599,35.2974089713],[139.4803598543,35.2974059711],[139.4803546787,35.2974059172],[139.4803509312,35.2974097285],[139.4803480777,35.2974117016],[139.4803420198,35.297413502],[139.4803378182,35.297413556],[139.4803339925,35.2974158097],[139.4803278573,35.2974112771],[139.4803248743,35.2974091152],[139.4803247699,35.2974075027],[139.4803263267,35.2974047013],[139.4803336031,35.2974003045],[139.4803323584,35.2973948096],[139.4803307621,35.2973934481],[139.4803259633,35.297390367],[139.4803234344,35.2973886376],[139.4803155222,35.2973851968],[139.4803049911,35.2973830888],[139.4802970789,35.2973814484],[139.4802910481,35.2973742233],[139.4802884409,35.2973718634],[139.4802824101,35.2973685027],[139.4802757946,35.2973670611],[139.4802696604,35.2973675836],[139.4802605161,35.2973687284],[139.4802554583,35.2973689712],[139.4802506073,35.2973698633],[139.4802469885,35.2973708364],[139.4802423579,35.2973712771],[139.4802319041,35.2973753942],[139.4802208011,35.2973762773],[139.4802120984,35.2973793044],[139.4802077924,35.2973820078],[139.4802037068,35.2973834215],[139.4801997381,35.2973858632],[139.4801921244,35.2973867014],[139.4801855477,35.2973905837],[139.4801823839,35.2973932232],[139.4801812156,35.2973971695],[139.4801810996,35.2974009448],[139.4801774682,35.2974033676],[139.480172825,35.2974057013],[139.4801643552,35.2974090072],[139.4801542117,35.2974146748],[139.4801549653,35.2974193405],[139.4801588819,35.2974256744],[139.4801697637,35.2974283948],[139.4801750427,35.2974296746],[139.4801756911,35.2974326747],[139.4801799584,35.2974350075],[139.4801834604,35.2974403405],[139.4801800492,35.2974401427],[139.4801755742,35.2974348906],[139.480168207,35.2974323671],[139.4801611904,35.2974295568],[139.480158104,35.2974274757],[139.4801472348,35.2974268093],[139.4801426041,35.2974309444],[139.4801406068,35.2974345291],[139.4801419953,35.2974422777],[139.4801460153,35.2974497016],[139.48014918,35.2974561965],[139.480154718,35.2974648093],[139.4801614369,35.2974723672],[139.4801639658,35.2974747288],[139.4801729671,35.2974788909],[139.4801876629,35.2974838902],[139.4801943547,35.2974853678],[139.4801982074,35.2974867285],[139.4801972991,35.2974912233],[139.4801949915,35.2974912233],[139.4801924608,35.297492637],[139.4801840962,35.2974928906],[139.4801746533,35.2974943044],[139.4801714373,35.2974997012],[139.4801742639,35.2975044217],[139.4801858858,35.2975158098],[139.4801927728,35.2975215026],[139.480199024,35.2975280883],[139.4802051592,35.2975320075],[139.4802063535,35.2975327288],[139.4802099967,35.2975331695],[139.480215237,35.2975377011],[139.480225912,35.2975416105],[139.4802337972,35.2975432509],[139.4802375465,35.2975461422],[139.480231048,35.2975471962],[139.4802219037,35.2975470073],[139.4802184017,35.2975447015],[139.4802112683,35.2975448094],[139.4802072987,35.2975438903],[139.4802039011,35.2975472501],[139.4802058211,35.2975569448],[139.4802081045,35.2975613947],[139.4802084408,35.2975650073],[139.4802113852,35.2975686108],[139.4802135769,35.2975718637],[139.4802146534,35.2975763405],[139.4802165995,35.2975804216],[139.4802201015,35.2975864759],[139.480221294,35.2975900075],[139.4802190241,35.2975935023],[139.480217935,35.2975998902],[139.4802172731,35.2976025027],[139.4802182462,35.2976055028],[139.480217792,35.2976101694],[139.4802181041,35.2976145023],[139.4802191806,35.2976183047],[139.4802184674,35.2976210611],[139.4802191545,35.2976238904],[139.4802172731,35.2976274751],[139.4802168189,35.2976299176],[139.4802170788,35.2976330077],[139.4802157955,35.2976365025],[139.480218739,35.2976428094],[139.4802199585,35.297645421],[139.4802260802,35.2976505022],[139.4802282718,35.2976534754],[139.4802321893,35.2976656747],[139.4802389342,35.2976723045],[139.4802423579,35.2976798363],[139.4802481549,35.2976854481],[139.4802577921,35.2976905292],[139.4802629668,35.297693863],[139.4802517351,35.2976904213],[139.4802445244,35.2976863402],[139.480236327,35.297680169],[139.4802324869,35.2976720617],[139.48022643,35.2976640343],[139.4802204378,35.2976583407],[139.4801972353,35.2976328368],[139.4801916568,35.2976304752],[139.48018835,35.2976290345],[139.480184187,35.2976280345],[139.4801758215,35.2976248365],[139.4801725129,35.297624367],[139.4801643291,35.2976207553],[139.4801615799,35.2976201969],[139.4801579349,35.2976178361],[139.4801539923,35.2976159449],[139.4801493752,35.2976129447],[139.4801457689,35.2976103403],[139.4801426824,35.2976105831],[139.4801422669,35.2976050073],[139.4801338493,35.2975975025],[139.4801327467,35.2975958639],[139.4801306855,35.2975939717],[139.4801298032,35.2975897287],[139.4801270792,35.297587475],[139.4801225781,35.2975828633],[139.4801208271,35.2975819442],[139.4801182074,35.2975780618],[139.4801116315,35.2975725562],[139.4801107619,35.2975706748],[139.4801049648,35.297565304],[139.4800968844,35.2975538368],[139.4800908527,35.2975477016],[139.4800857166,35.2975429172],[139.4800734085,35.2975374754],[139.4800614367,35.2975358908],[139.4800537071,35.2975393046],[139.4800497384,35.2975461422],[139.4800475197,35.2975514482],[139.4800454063,35.2975541426],[139.4800459117,35.2975636106],[139.4800488561,35.2975690344],[139.4800533563,35.2975758909],[139.4800599061,35.2975836745],[139.4800629674,35.2975901694],[139.4800643551,35.2975970348],[139.4800666645,35.2976020881],[139.4800651851,35.2976067556],[139.4800673768,35.2976108637],[139.4800711512,35.2976244489],[139.48007202,35.2976330077],[139.4800704902,35.2976301155],[139.4800642381,35.29762434],[139.48005896,35.2976206106],[139.4800554581,35.2976190071],[139.4800472095,35.2976178092],[139.4800436032,35.2976169719],[139.4800344328,35.2976171698],[139.4800320982,35.297615863],[139.4800274685,35.2976128638],[139.4800179087,35.2976109446],[139.4800134858,35.2976096748],[139.4800012937,35.2976081963],[139.4799915414,35.2976097557],[139.4799866644,35.2976131966],[139.4799817091,35.2976151697],[139.4799783763,35.2976193048],[139.4799758474,35.2976233679],[139.4799738752,35.2976196375],[139.4799768447,35.2976183946],[139.4799757691,35.2976152506],[139.4799809312,35.2976115292],[139.4799826561,35.2976082233],[139.4799819691,35.2976060613],[139.4799802181,35.2976030882],[139.4799772728,35.297599034],[139.4799641868,35.2975952776],[139.4799557169,35.2975985025],[139.479947909,35.2976010071],[139.4799414114,35.2976019712],[139.4799357169,35.2976056378],[139.4799316835,35.2976147551],[139.4799269359,35.2976204217],[139.4799246022,35.2976267556],[139.4799106591,35.2976462502],[139.4799079872,35.2976523674],[139.4799049907,35.2976564216],[139.4799014114,35.2976570889],[139.4799006074,35.2976547012],[139.4799017351,35.2976471963],[139.4799046795,35.2976390071],[139.479908078,35.2976343405],[139.4799102697,35.2976302774],[139.4799129407,35.2976252502],[139.4799156908,35.2976224488],[139.4799191541,35.2976140887],[139.479912241,35.2976093672],[139.4799085187,35.2976066747],[139.4799020202,35.2976083672],[139.4798924361,35.2976138369],[139.4798848225,35.2976190341],[139.4798840185,35.2976230073],[139.4798771827,35.2976265839],[139.4798714891,35.2976261153],[139.4798668837,35.2976233949],[139.4798636812,35.2976235568],[139.4798621245,35.2976253671],[139.479860905,35.2976287827],[139.4798618781,35.2976360079],[139.4798619302,35.2976439444],[139.4798633557,35.2976488907],[139.4798621245,35.2976533045],[139.4798614374,35.2976618634],[139.4798610741,35.2976710616],[139.4798585704,35.2976890076],[139.4798577403,35.2976988093],[139.4798628772,35.2977068637],[139.4798688559,35.2977124215],[139.4798707625,35.2977161698],[139.4798691023,35.2977199443],[139.4798644852,35.2977188363],[139.4798627082,35.2977238096],[139.4798627468,35.2977291426],[139.479866301,35.2977336374],[139.4798600228,35.2977334485],[139.4798519954,35.2977334215],[139.4798514891,35.2977278098],[139.4798435769,35.2977233042],[139.4798377403,35.2977247287],[139.4798329667,35.2977328091],[139.4798329667,35.2977372239],[139.4798309567,35.2977406746],[139.4798307112,35.2977448097],[139.4798292974,35.2977470616],[139.4798275977,35.2977546105],[139.4798279089,35.2977592231],[139.4798267425,35.2977734486],[139.4798256264,35.2977791422],[139.4798256003,35.2977835561],[139.4798257955,35.2977880617],[139.4798242118,35.2978019445],[139.4798229932,35.2978057288],[139.4798232918,35.2978091427],[139.4798212944,35.2978147284],[139.4798204122,35.2978174218],[139.4798203474,35.2978260886],[139.479821995,35.2978297821],[139.4798214374,35.2978331159],[139.479821852,35.2978367285],[139.4798232405,35.2978453943],[139.4798225525,35.2978543948],[139.4798139397,35.2978660886],[139.4798096077,35.2978718362],[139.4798053018,35.2978773401],[139.4797986612,35.2978865833],[139.4797962105,35.2978913677],[139.4797964299,35.2978941691],[139.4797929415,35.2978888361],[139.4797936034,35.2978849447],[139.4797945243,35.2978808906],[139.479796742,35.2978702777],[139.4797969884,35.2978633403],[139.4797979867,35.2978610884],[139.4797982717,35.2978490078],[139.4797974291,35.2978377285],[139.4797988824,35.2978356745],[139.4797996081,35.2978306742],[139.4797957428,35.2978235831],[139.479793214,35.2978215839],[139.4797902705,35.2978190613],[139.4797876238,35.2978163408],[139.4797820462,35.2978112777],[139.4797777924,35.2978070347],[139.4797742643,35.2978071965],[139.4797714108,35.2978098091],[139.4797701535,35.2978160342],[139.4797694907,35.2978203401],[139.4797686867,35.2978246749],[139.4797688819,35.2978341429],[139.4797717741,35.2978390343],[139.479763655,35.2978416109],[139.4797579353,35.2978428367],[139.4797547437,35.2978478909],[139.4797538488,35.2978495834],[139.4797542643,35.297855197],[139.4797553543,35.2978580883],[139.4797572734,35.2978646371],[139.4797555225,35.2978725836],[139.4797579875,35.2978809715],[139.4797616055,35.2978900079],[139.4797672991,35.2978958634],[139.4797685698,35.2979006748],[139.4797765729,35.2979086104],[139.47978119,35.2979096104],[139.479785237,35.2979116105],[139.4797911905,35.2979134488],[139.4797925781,35.2979196748],[139.4797971314,35.2979348094],[139.479801074,35.2979360883],[139.4798012944,35.2979405022],[139.4798090762,35.2979457551],[139.4798214374,35.2979605831],[139.4798257955,35.2979676104],[139.4798312679,35.2979749444],[139.4798347438,35.2979813404],[139.4798390245,35.2979854215],[139.4798395435,35.2979883947],[139.4798373509,35.2979896375],[139.4798324361,35.2979843045],[139.4798246534,35.2979776109],[139.4798199319,35.2979740882],[139.4798152375,35.2979700341],[139.4798131618,35.2979667821],[139.4798091023,35.2979610076],[139.4798003474,35.2979551152],[139.479793071,35.2979565299],[139.4797905421,35.2979576109],[139.479787014,35.2979591154],[139.4797837072,35.2979602774],[139.4797734604,35.2979653046],[139.4797704899,35.2979688092],[139.4797703469,35.2979723409],[139.4797728515,35.2979776379],[139.4797717355,35.2979807288],[139.4797646794,35.2979875565],[139.47976027,35.2979895026],[139.4797344073,35.2979734758],[139.4797301013,35.2979724758],[139.4797259375,35.2979710342],[139.4797184668,35.2979741692],[139.4797137067,35.2979787557],[139.4797029022,35.2979616749],[139.4797010478,35.2979583402],[139.4796971313,35.2979489441],[139.4796927471,35.2979451427],[139.4796846019,35.2979437829],[139.4796800487,35.2979479719],[139.4796798292,35.2979556746],[139.4796742903,35.2979619447],[139.4796718783,35.2979643675],[139.4796671308,35.2979651697],[139.4796624867,35.2979710342],[139.4796607114,35.2979741692],[139.4796558857,35.2979752232],[139.4796523585,35.2979780345],[139.4796493755,35.2979806101],[139.4796474941,35.2979853945],[139.4796435119,35.297988008],[139.4796411899,35.2979935028],[139.4796332399,35.2979968096],[139.4796270795,35.2980009447],[139.479623966,35.2980026741],[139.4796214111,35.2980001965],[139.4796216314,35.2979871158],[139.4796231881,35.2979831696],[139.4796253024,35.2979756378],[139.4796253537,35.2979698363],[139.4796246019,35.297965864],[139.4796157948,35.2979656373],[139.4796129017,35.2979691699],[139.4796097118,35.2979740343],[139.4796059373,35.2979790615],[139.4796011898,35.2979855834],[139.4795987392,35.2979927285],[139.4795996079,35.2979953671],[139.4795943289,35.2979992234],[139.4795957174,35.2980050888],[139.4796037457,35.2980087014],[139.4796076631,35.2980141153],[139.4796069877,35.2980191695],[139.4796097118,35.2980225024],[139.4796075984,35.298027035],[139.4796108791,35.2980340614],[139.479610853,35.2980420887],[139.4796064041,35.2980487284],[139.4796006853,35.2980537826],[139.47959774,35.2980610887],[139.4795977661,35.2980671969],[139.4795942902,35.2980783674],[139.4795911003,35.2980805024],[139.4795867944,35.2980843676],[139.4795793228,35.2980813945],[139.479571541,35.2980771155],[139.479566404,35.2980737826],[139.4795647961,35.2980679712],[139.4795641351,35.2980556748],[139.4795587913,35.2980509443],[139.4795567165,35.2980509443],[139.4795513197,35.2980527286],[139.4795431359,35.2980545569],[139.4795387391,35.2980627821],[139.4795383758,35.2980673947],[139.4795339925,35.2980652777],[139.479533577,35.2980607829],[139.4795340177,35.2980578098],[139.4795350168,35.2980551963],[139.4795351328,35.2980521422],[139.4795358469,35.2980451158],[139.4795374944,35.2980426742],[139.4795370789,35.298037638],[139.4795387391,35.2980335838],[139.4795374683,35.2980262777],[139.4795377139,35.2980208638],[139.4795367417,35.2980157287],[139.479537105,35.2980087823],[139.479536132,35.2980048909],[139.4795346022,35.2980005832],[139.4795324097,35.2979981424],[139.4795279094,35.2979984212],[139.479524939,35.2980018908],[139.4795220459,35.2980040618],[139.4795147964,35.2980033945],[139.4795081037,35.2980019448],[139.4795021241,35.2979985561],[139.4795028507,35.2979944489],[139.4795041871,35.2979904757],[139.4795078573,35.2979808368],[139.4795090758,35.2979783403],[139.4795117351,35.2979758096],[139.4795152632,35.2979738365],[139.4795166904,35.2979726745],[139.4795195691,35.2979683407],[139.4795219038,35.2979618368],[139.4795182984,35.2979602234],[139.4795190763,35.2979578096],[139.479517105,35.2979551692],[139.4795030971,35.2979402504],[139.479498596,35.2979365569],[139.479489932,35.2979303947],[139.4794887134,35.2979280079],[139.4794842123,35.2979326376],[139.4794853023,35.2979359714],[139.4794861584,35.2979397558],[139.4794855999,35.2979474755],[139.4794840963,35.2979550883],[139.4794787651,35.2979698633],[139.4794728772,35.2979847012],[139.4794718781,35.2979883048],[139.4794697377,35.2980011156],[139.4794694913,35.2980057822],[139.4794725517,35.2980130073],[139.47947538,35.2980168906],[139.479478882,35.2980240348],[139.4794824361,35.2980389177],[139.4794847177,35.2980460349],[139.4794861063,35.2980532502],[139.4794843292,35.2980600886],[139.4794802184,35.2980651428],[139.4794756004,35.2980642237],[139.4794704644,35.2980631158],[139.4794616573,35.2980619179],[139.4794594647,35.2980624755],[139.4794549654,35.2980619179],[139.4794438228,35.2980678363],[139.4794437464,35.2980635025],[139.4794422931,35.2980623046],[139.4794386868,35.2980620348],[139.4794368189,35.2980590616],[139.4794332144,35.298054449],[139.4794306073,35.2980464217],[139.4794301792,35.2980412775],[139.4794295434,35.2980359715],[139.4794269623,35.2980224214],[139.4794264695,35.2980164751],[139.4794279093,35.298009089],[139.4794261583,35.2980001425],[139.479422124,35.2979978097],[139.4794188558,35.2979948365],[139.47941621,35.2979931152],[139.4794097385,35.2979906376],[139.4794045764,35.2979893678],[139.4793984412,35.2979858361],[139.4793944851,35.2979852776],[139.4793889849,35.2979819448],[139.4793912161,35.2979802235],[139.4793949393,35.2979805022],[139.4793981292,35.2979811426],[139.4794058211,35.2979783942],[139.4794134338,35.2979761423],[139.4794189341,35.2979731152],[139.4794230188,35.2979695836],[139.4794270792,35.2979658091],[139.4794392453,35.2979589176],[139.47944333,35.2979527015],[139.4794445765,35.2979452236],[139.479443071,35.2979366747],[139.479439024,35.2979317014],[139.4794377137,35.297928972],[139.4794351075,35.2979250078],[139.479436327,35.2979195291],[139.4794377659,35.2979167286],[139.4794445764,35.2979053675],[139.4794479867,35.2978957555],[139.4794459371,35.2978883676],[139.4794413847,35.2978833674],[139.4794375204,35.297876341],[139.4794330453,35.2978681158],[139.4794290245,35.2978589175],[139.4794223191,35.2978525836],[139.4794159627,35.2978495025],[139.4794004899,35.2978441425],[139.4793939923,35.2978431425],[139.479388519,35.2978425831],[139.4793821239,35.2978411154],[139.4793734338,35.2978422504],[139.4793693751,35.2978431425],[139.4793651852,35.2978449447],[139.4793616571,35.2978475564],[139.4793569096,35.2978530341],[139.4793513851,35.297859503],[139.4793474029,35.2978619176],[139.479340568,35.2978637019],[139.4793567163,35.2978443674],[139.4793637966,35.2978368364],[139.4793712943,35.2978318902],[139.4793783504,35.2978234482],[139.4793856259,35.2978186746],[139.4793907106,35.2978156376],[139.4793997641,35.2978107552],[139.4794024099,35.2978046749],[139.4794003469,35.2977991692],[139.4794006068,35.2977943947],[139.4793974295,35.2977897821],[139.4793977658,35.2977863674],[139.4793956002,35.2977759712],[139.4793940957,35.2977698639],[139.4793873508,35.2977549442],[139.4793855998,35.2977531428],[139.4793813199,35.2977483674],[139.4793750175,35.2977437287],[139.4793716054,35.2977362509],[139.4793700226,35.2977274753],[139.4793635124,35.2977212502],[139.4793584933,35.2977161969],[139.4793532404,35.2977117551],[139.4793486349,35.2977089447],[139.4793435771,35.2977054212],[139.4793292446,35.2976926742],[139.479325847,35.2976881695],[139.4793233298,35.2976859716],[139.4793179608,35.2976796376],[139.4793104119,35.2976757553],[139.4793009313,35.2976712506],[139.479293797,35.2976743676],[139.479292358,35.2976789443],[139.4792901007,35.2976876101],[139.4792896601,35.2976932777],[139.4792855484,35.2976999443],[139.4792849386,35.2976870615],[139.4792843289,35.2976800073],[139.4792831364,35.2976765026],[139.4792831616,35.2976717281],[139.4792795427,35.2976664752],[139.4792764949,35.2976605297],[139.4792696861,35.2976548361],[139.4792577404,35.2976491156],[139.4792504379,35.2976490346],[139.4792471833,35.2976452772],[139.4792482067,35.2976415837],[139.4792429673,35.2976350888],[139.4792380129,35.2976319178],[139.4792348221,35.2976303944],[139.4792316574,35.2976302775],[139.4792291276,35.2976285562],[139.4792247443,35.2976279176],[139.4792216569,35.2976266379],[139.4792182458,35.2976261963],[139.4792156,35.2976259175],[139.4792116574,35.2976268097],[139.4792087651,35.2976293943],[139.4792060411,35.2976272234],[139.4792029933,35.2976216377],[139.4792000228,35.297620197],[139.4791731358,35.2976098368],[139.479168882,35.2976039444],[139.4791624096,35.2976004218],[139.4791558211,35.2975974216],[139.4791462748,35.2975946103],[139.4791415408,35.2975927829],[139.4791312157,35.2975887018],[139.4791246282,35.2975856108],[139.479120244,35.2975852502],[139.4791120718,35.2975897288],[139.479105237,35.2975956742],[139.4790994912,35.2976022231],[139.4790950432,35.2976131966],[139.4790912939,35.2976146374],[139.4790876633,35.2976193948],[139.4790844069,35.2976309448],[139.4790821892,35.2976369711],[139.4790818519,35.2976399443],[139.4790822674,35.2976426378],[139.4790821631,35.2976464212],[139.4790817737,35.2976522506],[139.4790789336,35.2976500347],[139.4790724612,35.2976511696],[139.4790692713,35.2976511696],[139.4790665733,35.2976516373],[139.479065522,35.2976559441],[139.4790654968,35.2976605298],[139.479064718,35.2976637826],[139.4790653278,35.2976694483],[139.4790623186,35.2976783678],[139.4790620722,35.2976840614],[139.479061735,35.2976870346],[139.4790624868,35.29769181],[139.4790608006,35.2976975297],[139.4790613456,35.2977004489],[139.4790612161,35.2977060615],[139.4790618519,35.2977094754],[139.4790620722,35.2977141698],[139.4790630192,35.2977216378],[139.4790565729,35.2977206746],[139.4790523577,35.2977241424],[139.4790523191,35.2977301697],[139.4790493486,35.2977313406],[139.4790493234,35.2977372779],[139.4790453538,35.2977416109],[139.4790451074,35.2977478369],[139.4790434338,35.2977525835],[139.479041735,35.2977596108],[139.4790391017,35.2977632234],[139.4790379614,35.2977683675],[139.4790336806,35.2977700618],[139.479027273,35.2977717552],[139.4790227467,35.2977792232],[139.4790194129,35.2977857829],[139.479016625,35.2977926375],[139.4790137463,35.2978001154],[139.4790124872,35.2978130071],[139.4790082982,35.2978173949],[139.4790046532,35.2978185569],[139.4789973768,35.2978238638],[139.4789936032,35.2978333948],[139.4789896076,35.2978410615],[139.478986236,35.2978515026],[139.4789887127,35.2978655563],[139.4789912165,35.297875305],[139.4789942643,35.2978818098],[139.4789982977,35.2978901969],[139.47900202,35.2978950073],[139.4790086867,35.2979045563],[139.4790119296,35.297911062],[139.4790130187,35.2979164759],[139.4790153282,35.2979199177],[139.4790138488,35.2979291969],[139.4790136033,35.2979342232],[139.4790152113,35.2979467822],[139.4790153021,35.29795217],[139.4790141609,35.2979599177],[139.4790144594,35.2979642506],[139.479013097,35.2979713679],[139.4790108532,35.2979833675],[139.4790074942,35.2980015563],[139.4790033816,35.298010197],[139.4790033816,35.298012368],[139.4789985442,35.298005945],[139.4789966897,35.2980039449],[139.4789928514,35.2980002505],[139.4789911005,35.2979987288],[139.4789878827,35.2979958906],[139.4789787393,35.2979987019],[139.4789711904,35.298003891],[139.4789688818,35.2980061159],[139.4789660148,35.2980074757],[139.4789639014,35.2980079172],[139.4789599578,35.2980055565],[139.4789572347,35.2980004214],[139.4789472729,35.2979942502],[139.4789417744,35.2979918095],[139.4789330708,35.2979935838],[139.4789293233,35.2979982504],[139.4789271047,35.2980003404],[139.478925548,35.2980050889],[139.4789235767,35.2980077014],[139.4789209569,35.2980157557],[139.4789226036,35.2980262778],[139.4789257692,35.298032422],[139.4789291282,35.2980406103],[139.4789299061,35.2980448632],[139.4789287127,35.2980590077],[139.4789251847,35.2980627012],[139.4789239661,35.2980666376],[139.4789198805,35.298071341],[139.4789167679,35.2980772774],[139.4789135124,35.2980830889],[139.4789129934,35.2980867284],[139.4789103207,35.2980910614],[139.4789089078,35.2980933942],[139.4789063529,35.2980964483],[139.478902046,35.2980977829],[139.4788986349,35.2980972505],[139.4788935771,35.2980995564],[139.4788897379,35.2981001967],[139.4788872989,35.2981031429],[139.4788825784,35.2981032238],[139.4788842376,35.2981009719],[139.4788854319,35.2980986373],[139.4788860408,35.2980880073],[139.4788838752,35.298082945],[139.4788852107,35.2980808909],[139.4788851073,35.2980760076],[139.4788857952,35.2980720614],[139.4788876631,35.2980704219],[139.4788907361,35.2980684488],[139.4788930708,35.2980676376],[139.4788940699,35.2980653048],[139.4788967157,35.298062891],[139.4788982724,35.2980617282],[139.478899491,35.2980599178],[139.4788996079,35.2980577559],[139.478897079,35.2980527826],[139.4788937974,35.2980518905],[139.4788908269,35.2980522232],[139.4788872989,35.2980525029],[139.4788857431,35.2980562774],[139.4788838752,35.2980568907],[139.4788782463,35.2980599448],[139.4788765466,35.2980620079],[139.4788718782,35.2980572235],[139.4788629929,35.2980580077],[139.4788613202,35.2980591696],[139.4788585701,35.2980592505],[139.4788576626,35.2980686377],[139.4788585188,35.2980726109],[139.4788627726,35.2980785563],[139.4788638491,35.298081891],[139.4788617744,35.298083972],[139.478862072,35.2980883949],[139.4788606331,35.2980904489],[139.4788594127,35.2980963044],[139.4788586348,35.2980983944],[139.4788593489,35.2981057824],[139.4788610999,35.2981123672],[139.4788632924,35.2981163674],[139.4788656001,35.2981353674],[139.4788664688,35.2981410349],[139.4788688556,35.2981511424],[139.4788727731,35.2981592776],[139.4788789847,35.298165224],[139.4788845236,35.298167305],[139.4788860147,35.2981690344],[139.4788907361,35.298173638],[139.4788949135,35.2981739447],[139.478900179,35.2981735841],[139.4789032664,35.2981750347],[139.4789058474,35.2981833408],[139.4789053025,35.2981900075],[139.4789027079,35.2981981967],[139.4789000486,35.2982042509],[139.4788991538,35.2982086378],[139.4788996862,35.298212638],[139.4788975719,35.2982163945],[139.4789003211,35.2982208632],[139.478900295,35.2982253409],[139.478901385,35.2982293043],[139.4789003733,35.2982330886],[139.478899349,35.2982375834],[139.4788993229,35.2982443679],[139.4789010739,35.298248503],[139.4788998544,35.2982511155],[139.478897598,35.2982606744],[139.4788966897,35.2982679445],[139.4788876883,35.2982920077],[139.4788859886,35.2983005566],[139.4788809308,35.298302251],[139.4788748739,35.2983023049],[139.4788669104,35.2982911425],[139.4788688305,35.2982804217],[139.4788691803,35.2982793407],[139.4788704384,35.2982673402],[139.4788712937,35.2982460613],[139.4788702181,35.298238945],[139.4788702703,35.2982278635],[139.4788638491,35.2982108906],[139.4788598291,35.2982032239],[139.4788562103,35.2981959178],[139.4788538235,35.2981934753],[139.4788501533,35.2981884759],[139.4788490238,35.2981800349],[139.4788497118,35.2981747019],[139.4788489599,35.2981699175],[139.4788494393,35.2981606374],[139.4788469364,35.2981534213],[139.4788480777,35.2981506379],[139.4788469616,35.2981469443],[139.4788463528,35.2981409719],[139.4788457952,35.2981385564],[139.4788437456,35.2981332234],[139.4788438751,35.2981281692],[139.4788437708,35.2981254757],[139.4788411511,35.2981185294],[139.4788365987,35.2981080613],[139.4788370403,35.2981026374],[139.4788380781,35.2980958907],[139.4788366905,35.2980843407],[139.4788354971,35.2980812776],[139.4788327991,35.2980688364],[139.4788320724,35.2980594484],[139.4788306587,35.298054584],[139.4788313197,35.2980533402],[139.4788311902,35.2980498904],[139.4788298286,35.298047089],[139.4788225126,35.2980337287],[139.4788209964,35.2980316746],[139.4788181293,35.2980294758],[139.4788167156,35.2980261429],[139.4788153019,35.2980241698],[139.4788091541,35.2980188098],[139.4788062097,35.2980172774],[139.4788057951,35.2980115028],[139.478809128,35.2980033046],[139.478809932,35.2979925838],[139.4788128251,35.2979844755],[139.4788142901,35.297977638],[139.4788146283,35.2979738635],[139.4788109051,35.2979625833],[139.4787934339,35.2979466743],[139.4787882458,35.2979436742],[139.4787839011,35.2979379716],[139.47878049,35.2979358905],[139.4787732136,35.2979318904],[139.4787860154,35.2979073407],[139.4787886612,35.2979020347],[139.478790879,35.2978990615],[139.4787922414,35.2978892238],[139.4787839011,35.2978844484],[139.4787759889,35.2978845024],[139.4787686351,35.2978838369],[139.4787609046,35.2978875295],[139.478755068,35.2978897553],[139.4787522153,35.2978904757],[139.4787468194,35.2978935298],[139.4787459371,35.297894341],[139.47874241,35.2978937825],[139.4787407615,35.2978926107],[139.4787375716,35.2978929443],[139.4787321892,35.2978949174],[139.4787293231,35.2978958096],[139.4787227994,35.2979012774],[139.4787187389,35.2979026372],[139.4787108006,35.2979101699],[139.4787072726,35.2979190345],[139.4786990501,35.2979326746],[139.4786920722,35.2979387828],[139.478687546,35.2979445564],[139.478680373,35.2979468641],[139.4786763269,35.2979472238],[139.4786629927,35.2979514218],[139.4786584673,35.2979607019],[139.4786554321,35.2979686106],[139.4786491278,35.2979768906],[139.4786464694,35.2979848101],[139.4786477141,35.2980021157],[139.4786489848,35.2980126747],[139.4786405159,35.2980115568],[139.4786316054,35.2980161425],[139.4786261061,35.2980189178],[139.4786216832,35.2980209718],[139.4786182721,35.2980247553],[139.4786137071,35.2980322232],[139.4786089848,35.2980346379],[139.4786063012,35.2980414755],[139.47860608,35.2980469712],[139.4786057166,35.2980527557],[139.4786055737,35.2980584214],[139.4786055997,35.2980762774],[139.4786063273,35.2980896108],[139.4786098796,35.2981021698],[139.4786136028,35.2981112772],[139.4786157432,35.2981200348],[139.4786177919,35.2981319176],[139.4786217093,35.2981402237],[139.4786179609,35.29814517],[139.4786172729,35.298149422],[139.4786195168,35.2981667286],[139.4786216311,35.2981845837],[139.478623266,35.2981880074],[139.4786274029,35.2981953405],[139.4786349653,35.2982016744],[139.4786415412,35.2982034757],[139.4786428767,35.2982033049],[139.4786440701,35.2982069175],[139.4786496602,35.2982134214],[139.4786546794,35.2982212778],[139.4786596077,35.2982238094],[139.4786623578,35.2982262511],[139.4786666251,35.2982281693],[139.478670127,35.2982301694],[139.4786756003,35.298234675],[139.4786846016,35.2982403048],[139.4786914113,35.298246368],[139.4786969619,35.2982535833],[139.4786930454,35.2982525293],[139.4786898537,35.2982503043],[139.4786823839,35.2982459714],[139.4786754969,35.298241089],[139.4786711514,35.2982381698],[139.478662436,35.2982336372],[139.4786598028,35.2982323943],[139.4786520983,35.2982321695],[139.4786474938,35.2982311695],[139.4786427732,35.2982303403],[139.478637157,35.2982293403],[139.478632851,35.2982297018],[139.4786273768,35.298229584],[139.4786217741,35.2982282773],[139.478614718,35.2982328908],[139.4786136028,35.2982363945],[139.4786112421,35.298245305],[139.4786117997,35.2982481154],[139.4786127728,35.2982512504],[139.4786099057,35.2982509717],[139.4786098293,35.298245305],[139.4786057949,35.2982359179],[139.4786018523,35.2982313044],[139.4786002182,35.2982278906],[139.4785938492,35.2982226376],[139.4785861843,35.2982164755],[139.4785782981,35.2982114213],[139.4785702951,35.2982068905],[139.4785626041,35.2982032779],[139.4785553798,35.2981980888],[139.4785495693,35.2981919447],[139.4785419044,35.2981880614],[139.4785339921,35.2981845028],[139.4785299317,35.2981849443],[139.4785237713,35.2981854758],[139.4785151073,35.2981813048],[139.4784987387,35.2981771157],[139.4784796596,35.2981669444],[139.4784753536,35.2981647015],[139.4784686609,35.298164224],[139.4784629412,35.2981639173],[139.4784569877,35.2981648094],[139.4784534596,35.2981667825],[139.4784492967,35.2981691154],[139.4784401011,35.298180008],[139.4784383501,35.2981833408],[139.4784352627,35.2981838634],[139.4784279872,35.298187368],[139.4784251328,35.2981893402],[139.4784214626,35.2981931965],[139.4784127473,35.2982007283],[139.4784051588,35.2982057556],[139.478389686,35.2982199451],[139.4783815148,35.2982267017],[139.4783727077,35.2982299176],[139.4783664044,35.2982382777],[139.4783603474,35.298243224],[139.4783536807,35.2982555564],[139.4783485699,35.2982679716],[139.4783474287,35.2982778911],[139.4783479611,35.2982828365],[139.4783454969,35.2982967283],[139.4783471049,35.2983067287],[139.4783470788,35.2983098908],[139.4783470402,35.2983135834],[139.4783463009,35.2983183948],[139.47834538,35.2983226746],[139.4783435769,35.2983292505],[139.4783435769,35.2983336751],[139.4783433296,35.2983406107],[139.4783429671,35.2983450345],[139.4783437073,35.2983504484],[139.4783436812,35.2983542237],[139.4783432396,35.2983580081],[139.4783425516,35.298363503],[139.4783415408,35.2983672774],[139.4783392188,35.2983703405],[139.4783354317,35.298384503],[139.4783335512,35.2983892505],[139.4783297642,35.2983936743],[139.4783241353,35.2984023051],[139.4783224608,35.2984053673],[139.4783200488,35.2984092236],[139.4783149128,35.2984228366],[139.4783142383,35.2984258098],[139.4783140962,35.2984305025],[139.4783137707,35.2984335566],[139.478314161,35.2984438367],[139.4783139011,35.2984520349],[139.4783139919,35.2984581701],[139.4783132922,35.2984644761],[139.4783108533,35.2984691427],[139.4783108272,35.2984774489],[139.4783063009,35.2984845571],[139.4783016307,35.2984922778],[139.4782996603,35.2984947284],[139.4782971827,35.2985017557],[139.4782961844,35.2985038907],[139.4782956259,35.2985085834],[139.4782945243,35.2985108371],[139.4782961583,35.2985160891],[139.4783008528,35.2985214221],[139.4783026038,35.2985229447],[139.4782988563,35.2985249178],[139.4782964299,35.2985269718],[139.4782943291,35.298528945],[139.478293875,35.2985317553],[139.4782935116,35.2985366108],[139.4782974678,35.2985423943],[139.4782922931,35.2985441966],[139.4782890762,35.2985509451],[139.478285406,35.2985557016],[139.4782806333,35.2985665834],[139.4782757689,35.2985716376],[139.4782665212,35.2985769175],[139.4782648736,35.2985777287],[139.4782470401,35.2985811965],[139.4782420201,35.2985738634],[139.4782245759,35.2985644484],[139.4782136806,35.2985623404],[139.4782069879,35.2985630616],[139.4782039014,35.2985633045],[139.4781959631,35.2985777017],[139.4781747184,35.2986056751],[139.4781687388,35.2986127015],[139.4781587914,35.2986257291],[139.4781559118,35.2986331971],[139.4781574289,35.2986366379],[139.4781602951,35.2986388098],[139.4781599317,35.2986410617],[139.4781583759,35.2986444755],[139.4781526562,35.2986507824],[139.4781480517,35.2986685297],[139.478146495,35.2986736378],[139.4781448222,35.2986768097],[139.4781445237,35.2986762503],[139.4781468448,35.2986689721],[139.4781474294,35.2986611156],[139.4781471308,35.2986550884],[139.4781443294,35.2986447291],[139.4781427727,35.2986428909],[139.4781348739,35.2986402505],[139.4781135123,35.2986461428],[139.4781058213,35.2986487554],[139.4781032663,35.2986508094],[139.4781010738,35.2986502509],[139.4781001007,35.2986495297],[139.4781036288,35.2986455835],[139.4781088305,35.2986414484],[139.4781138747,35.298636503],[139.4781176627,35.2986308364],[139.478126378,35.2986201425],[139.4781269878,35.2986105027],[139.4781242637,35.2986028369],[139.4781255219,35.2985835293],[139.4781262359,35.2985752511],[139.478127468,35.2985715566],[139.4781302946,35.2985723678],[139.4781319304,35.2985744489],[139.4781344593,35.2985788906],[139.4781354324,35.2985807828],[139.4781382725,35.2985867291],[139.478142993,35.2985903678],[139.4781448483,35.2985925297],[139.4781490239,35.2985929713],[139.4781557427,35.2985885835],[139.4781611512,35.2985857291],[139.478167209,35.2985818638],[139.4781712938,35.2985769175],[139.478177714,35.2985701699],[139.4781851334,35.2985565838],[139.4781899061,35.2985485835],[139.4782011899,35.2985340081],[139.4782062747,35.2985269718],[139.4782098288,35.2985204221],[139.4782146024,35.2985085294],[139.4782197384,35.2984907831],[139.4782204381,35.2984785299],[139.4782132921,35.2984503046],[139.4782063268,35.2984353948],[139.4782016567,35.2984262775],[139.4781984928,35.2984168903],[139.4781968453,35.2984148363],[139.4781939917,35.2984142778],[139.4781876236,35.2984160621],[139.4781845497,35.2984175837],[139.4781786871,35.2984228906],[139.4781607114,35.2984566377],[139.4781520716,35.2984738363],[139.4781444328,35.2984878639],[139.4781240182,35.2985032235],[139.4781226296,35.2985170074],[139.4781240964,35.2985337824],[139.4781256001,35.2985394491],[139.4781198804,35.2985449448],[139.4781167679,35.2985535837],[139.4781100229,35.298559503],[139.4781034858,35.2985674216],[139.478099375,35.2985788636],[139.4780977139,35.2985872507],[139.4780984019,35.2985926107],[139.4780807617,35.2986176748],[139.4780672728,35.298634395],[139.4780611511,35.2986492509],[139.4780545761,35.2986507555],[139.4780389082,35.2986608908],[139.4780347182,35.2986658371],[139.4780237968,35.2986693409],[139.4780056,35.29868281],[139.478004939,35.2986828909],[139.4779992193,35.2986842237],[139.4779970141,35.2986866375],[139.477995354,35.2986894488],[139.477991826,35.2986915838],[139.4779870793,35.2986938366],[139.4779795169,35.2987048641],[139.4779750428,35.298705972],[139.4779720463,35.2987047013],[139.477969271,35.298697638],[139.477969154,35.2986933411],[139.4779745239,35.2986735029],[139.4779768837,35.2986630618],[139.4779827077,35.2986348635],[139.4779837707,35.2986243046],[139.4779851332,35.2986123409],[139.4779894913,35.2985937016],[139.478007663,35.2985316376],[139.4780106847,35.2985204761],[139.4780113853,35.298509918],[139.4780080524,35.2984978905],[139.4780021241,35.2984919451],[139.477991852,35.2984881158],[139.4779759628,35.2984897291],[139.4779557694,35.2984976747],[139.4779413461,35.2985097292],[139.4779366903,35.298519449],[139.477932941,35.2985264485],[139.4779292709,35.2985333049],[139.4779236546,35.2985367826],[139.4779069884,35.2985565839],[139.4779029927,35.2985635842],[139.4778996598,35.2985722509],[139.4778996598,35.2985681698],[139.4779010996,35.2985397018],[139.4779028254,35.2985214222],[139.4779044847,35.2985170883],[139.4779038488,35.2985122239],[139.477900542,35.2985100349],[139.4778965994,35.2985100349],[139.4778816311,35.2985132239],[139.4778761578,35.2985182242],[139.4778753277,35.2985221425],[139.4778733816,35.2985234753],[139.4778713851,35.2985242775],[139.4778760148,35.2985129452],[139.4778786867,35.2985053944],[139.477884044,35.2984896104],[139.477883097,35.2984781702],[139.4778769357,35.2984528372],[139.4778677141,35.2984280887],[139.4778647697,35.2984243044],[139.4778618262,35.2984191701],[139.4778562099,35.2984191432],[139.4778522151,35.2984231964],[139.4778368448,35.2984432234],[139.4778340443,35.2984527283],[139.4778308266,35.2984641425],[139.4778247696,35.2984901698],[139.4778244333,35.2984923408],[139.4778233298,35.2984934218],[139.4778220204,35.2984923408],[139.4778288301,35.2984673675],[139.4778291538,35.2984483406],[139.477831385,35.2984434761],[139.4778368844,35.2984381162],[139.4778395428,35.2984310079],[139.4778422147,35.298423611],[139.4778452112,35.2984154218],[139.4778465728,35.2984065032],[139.4778497123,35.2983957014],[139.4778520982,35.2983774758],[139.477853512,35.2983533407],[139.4778549131,35.2983358372],[139.477853681,35.2983168093],[139.4778510739,35.2983081695],[139.477846794,35.2982831702],[139.4778422407,35.2982670345],[139.4778379869,35.298258008],[139.4778337709,35.2982468906],[139.4778314633,35.2982450074],[139.47782883,35.2982417555],[139.4778279874,35.2982067826],[139.4778253281,35.2981866747],[139.4778224098,35.2981766374],[139.4778146019,35.2981524762],[139.4778093489,35.2981443409],[139.4778033297,35.2981429721],[139.477800996,35.2981437824],[139.4777989851,35.2981532235],[139.477800853,35.2981795566],[139.4778034862,35.2981927289],[139.4778020716,35.2982004757],[139.4778050681,35.2982205836],[139.4778070404,35.298222224],[139.4778053802,35.298224368],[139.4778043811,35.2982246378],[139.4778016831,35.2982119178],[139.4777987909,35.2981934484],[139.4777963267,35.2981578101],[139.4778052111,35.2980866377],[139.4778065727,35.2980762775],[139.4778065727,35.2980673679],[139.4778017092,35.2980592237],[139.4777774293,35.2980220079],[139.4777680124,35.2980157558],[139.4777623836,35.2980212507],[139.4777553797,35.2980299444],[139.477753045,35.2980444757],[139.47774857,35.2980611428],[139.4777421632,35.2980972776],[139.4777408008,35.2981086108],[139.4777412675,35.2981522505],[139.477739906,35.2981600889],[139.4777375461,35.298169557],[139.4777388816,35.2981992238],[139.4777425778,35.2982283403],[139.4777474684,35.2982435838],[139.4777461059,35.2982503404],[139.4777414627,35.2982556374],[139.4777424097,35.2982640344],[139.4777423836,35.2982727021],[139.4777406848,35.2982857557],[139.4777372988,35.2982932776],[139.4777368447,35.298302341],[139.4777365209,35.2983069177],[139.4777351845,35.2983071965],[139.4777328247,35.2983054221],[139.477731268,35.2983001431],[139.4777299316,35.2982868097],[139.4777274027,35.2982789452],[139.4777231615,35.2982712775],[139.477720879,35.298263422],[139.4777182719,35.298258008],[139.4777165731,35.2982415837],[139.4777170398,35.2982328639],[139.4777159885,35.2982241971],[139.4777137069,35.2982160079],[139.4777089342,35.2982081424],[139.4777055483,35.2982000081],[139.477692902,35.2981201159],[139.4776860797,35.2981014217],[139.4776801532,35.2980934762],[139.477674965,35.298076702],[139.4776736808,35.2980690344],[139.4776624869,35.2980362775],[139.4776509962,35.2979993675],[139.4776437459,35.2979961156],[139.4776380523,35.2979957288],[139.47763241,35.2980011158],[139.4776304117,35.2980066106],[139.4776284017,35.2980101153],[139.4776294386,35.2980044487],[139.4776377915,35.2979769717],[139.4776442378,35.2979591426],[139.4776464951,35.2979507016],[139.4776372726,35.2979226751],[139.4775993491,35.2978914219],[139.4775804381,35.2978927016],[139.4775777914,35.2978929714],[139.4775711895,35.2978978098],[139.477565522,35.2979067283],[139.4775626558,35.2979122241],[139.4775673512,35.2979409718],[139.4775816045,35.2979776111],[139.4775852108,35.2980348098],[139.4775681552,35.2980863949],[139.4775407619,35.2981381158],[139.477523136,35.2981477287],[139.4775115411,35.2981560078],[139.4774999578,35.2981654219],[139.4774955997,35.2981819173],[139.477489764,35.2981947291],[139.4774650677,35.2982208364],[139.4774549387,35.2982266748],[139.4774463267,35.2982349449],[139.4774333558,35.2982373407],[139.4774145501,35.2982336751],[139.4773919294,35.2982151698],[139.4773814892,35.2982028365],[139.4773699968,35.2981886748],[139.4773543549,35.2981448904],[139.4773484409,35.2980875838],[139.4773529411,35.2980217562],[139.4773693492,35.2980113411],[139.4773895426,35.2979960077],[139.4774111902,35.2979972235],[139.4774242636,35.2979972505],[139.477438687,35.2979949716],[139.4774488556,35.2979831968],[139.4774489078,35.2979748907],[139.4774475201,35.2979642508],[139.4774446018,35.2979547827],[139.4774431881,35.2979512511],[139.4774330707,35.2979500622],[139.4774229407,35.297952368],[139.4774041872,35.2979641159],[139.4773954574,35.2979712241],[139.4773903727,35.2979718905],[139.4773867943,35.2979688634],[139.4773853014,35.297966062],[139.4773916048,35.2979531693],[139.4773968451,35.2979348906],[139.4774038229,35.2978492779],[139.4774022149,35.2978390076],[139.4774022932,35.2978216111],[139.4774000224,35.2978133949],[139.4774003731,35.2978060888],[139.4774027078,35.2977988097],[139.4774061576,35.2977903408],[139.4774121237,35.297786837],[139.4774164296,35.2977817289],[139.4774220459,35.297777395],[139.4774240703,35.2977713678],[139.4774264687,35.2977566378],[139.4774241611,35.2977498371],[139.4774227725,35.2977465024],[139.4774251845,35.2977436111],[139.4774285956,35.297738476],[139.4774312675,35.2977321699],[139.4774389594,35.2977058908],[139.4774413462,35.2976894755],[139.4774474679,35.2976468638],[139.4774485192,35.2976367824],[139.4774436026,35.2976288099],[139.477441294,35.2976269178],[139.477433434,35.2976255031],[139.4774240181,35.2976274214],[139.4774157686,35.2976315295],[139.4774104635,35.2976353048],[139.4774070398,35.2976366376],[139.4774064039,35.2976363678],[139.4774070784,35.2976333947],[139.4774132136,35.2976302237],[139.4774181041,35.2976263044],[139.4774230711,35.2976205569],[139.4774374027,35.2975831963],[139.4774405161,35.2975758911],[139.4774412158,35.2975709449],[139.4774368451,35.2975633681],[139.4774359629,35.2975492775],[139.4774301784,35.2975425029],[139.477422098,35.2975410613],[139.4774124357,35.2975407555],[139.4774018516,35.2975418095],[139.4773972344,35.2975420613],[139.4773918781,35.2975390621],[139.4773821888,35.2975385027],[139.477373603,35.2975430614],[139.477344018,35.2975638096],[139.4773184925,35.297576089],[139.4773091018,35.2975814489],[139.4772804377,35.2975987825],[139.4772725129,35.2976044221],[139.477241515,35.2976269717],[139.4772361838,35.2976357015],[139.4772321891,35.2976481157],[139.4772249126,35.2976524217],[139.4772137458,35.2976643044],[139.477191242,35.2976811694],[139.4771829665,35.2976874485],[139.4771778826,35.2976972781],[139.477167883,35.2977211155],[139.4771632138,35.297726783],[139.4771575975,35.297727864],[139.4771495683,35.2977308102],[139.4771292446,35.2977527554],[139.4771265988,35.2977538094],[139.4771226561,35.297753251],[139.4771149651,35.2977518094],[139.4771106592,35.297753143],[139.4771040438,35.2977579715],[139.477105989,35.2977674486],[139.4771082454,35.2977781154],[139.4771101268,35.2977967557],[139.4771107617,35.2978063407],[139.4771077661,35.29781117],[139.4771080781,35.2978152242],[139.4771083497,35.297829116],[139.4771037065,35.2978358636],[139.4770975974,35.2978457561],[139.4770978564,35.2978642507],[139.4770985435,35.2978810078],[139.4770947961,35.2978886745],[139.4770944327,35.2978924489],[139.4771149912,35.2979687825],[139.4771228504,35.2979804215],[139.4771198539,35.2979891701],[139.477104524,35.2980018371],[139.4770732915,35.2980256107],[139.4770706592,35.2980245297],[139.4770713462,35.2980142504],[139.4770671824,35.2979891971],[139.477068544,35.297981891],[139.4770718777,35.2979739716],[139.4770742376,35.2979599179],[139.4770736026,35.2979554761],[139.4770712941,35.2979518636],[139.4770686869,35.2979499714],[139.4770680125,35.2979472779],[139.4770696861,35.2979432238],[139.47706857,35.2978964222],[139.4770693749,35.2978671429],[139.4770701007,35.2978483948],[139.4770714631,35.2978396381],[139.4770744588,35.2978328904],[139.4770781289,35.2978245294],[139.477081969,35.2977776748],[139.4770796856,35.2977698102],[139.4770780516,35.297767918],[139.4770744327,35.2977651967],[139.4770754318,35.2977619447],[139.4770810994,35.297749972],[139.4770814366,35.2977475565],[139.4770775201,35.2977399716],[139.4770671823,35.2977372242],[139.4770602702,35.2977385569],[139.4770533301,35.2977423404],[139.477035769,35.2977540891],[139.4769649384,35.2978540614],[139.4768794651,35.297948251],[139.4767887388,35.2980250621],[139.476773292,35.2980339177],[139.4767215405,35.2980752506],[139.4767170394,35.2980781968],[139.4767088295,35.2980922505],[139.476697909,35.2981047556],[139.4766933818,35.298108503],[139.47668158,35.2981151427],[139.4766742901,35.2981195296],[139.4766607616,35.2981202239],[139.4766571572,35.2981142506],[139.4766572084,35.2981046108],[139.4766572983,35.2980868635],[139.476664653,35.2980624487],[139.4766864687,35.2980270083],[139.4767060407,35.2980178639],[139.4767201529,35.2979944762],[139.4767508791,35.2979712242],[139.4767577139,35.2979563674],[139.4767726562,35.2979333412],[139.4767797114,35.2979235295],[139.4767840695,35.2979079452],[139.4767875202,35.2979002776],[139.476794212,35.297876611],[139.476797714,35.297859675],[139.4767998795,35.2978432507],[139.4768092712,35.2978267562],[139.4768095688,35.2978093948],[139.4768114367,35.2977607289],[139.4768027079,35.2977460079],[139.4767971051,35.2977393412],[139.4767967157,35.2977333679],[139.4767987644,35.297718503],[139.47679883,35.297702638],[139.4767784019,35.2976201154],[139.4767711255,35.2976047558],[139.4767713845,35.2975966377],[139.4767703206,35.2975876112],[139.4767663006,35.2975774218],[139.4767676631,35.2975691427],[139.4767783497,35.2975123946],[139.476786547,35.2974726382],[139.4767911893,35.2974657287],[139.4767923189,35.297458062],[139.476799491,35.2974397554],[139.4767930707,35.2974143406],[139.4767864688,35.297414864],[139.4767436287,35.2974293404],[139.4767356904,35.2974345564],[139.4767284014,35.2974404758],[139.4767219946,35.2974473052],[139.476705769,35.297465557],[139.4766992966,35.2974816746],[139.4766946273,35.2974968911],[139.4766826555,35.2975154487],[139.476658908,35.2975410614],[139.4766431357,35.297553008],[139.4766360797,35.2975587555],[139.4766328511,35.2975652234],[139.4766272987,35.2975756106],[139.4766252626,35.2975902507],[139.4766213461,35.2976078369],[139.476618104,35.2976208906],[139.4766114886,35.2976270078],[139.4765899579,35.2976457829],[139.4765824099,35.2976601694],[139.4765773243,35.2976687291],[139.4765670396,35.2976826749],[139.4765610735,35.2976897832],[139.4765567154,35.2977059719],[139.4765468444,35.2977215571],[139.4765445494,35.2977230887],[139.4765385185,35.2977432506],[139.4765431617,35.2977850079],[139.4765437067,35.2978099722],[139.4765431357,35.2978159176],[139.476534718,35.2978305837],[139.476534459,35.2978379717],[139.4765357423,35.2978461969],[139.4765337458,35.2978509444],[139.4765339662,35.2978552782],[139.4765316306,35.2978569716],[139.4765226815,35.297867143],[139.4765209305,35.2978666106],[139.4765140956,35.297866035],[139.476508635,35.2978632237],[139.4765018253,35.297862837],[139.4764986345,35.297862837],[139.476492877,35.297869305],[139.4764889848,35.2978754221],[139.4764828244,35.297880837],[139.4764787388,35.2978847832],[139.476478013,35.2978981156],[139.4764815798,35.2979109175],[139.47648407,35.2979184214],[139.4764866636,35.2979327557],[139.4764851069,35.2979397021],[139.4764825519,35.2979442778],[139.4764812155,35.2979460081],[139.4764790761,35.2979563674],[139.4764796858,35.2979703411],[139.4764810735,35.2979774484],[139.4764818001,35.2979855567],[139.4764787127,35.2979921425],[139.47647704,35.2979945571],[139.4764757171,35.2979973675],[139.4764748214,35.2979991698],[139.4764721234,35.2980070083],[139.4764713194,35.2980229451],[139.4764740174,35.298034675],[139.4764793746,35.298039918],[139.4764809044,35.2980430891],[139.4764795689,35.298045341],[139.4764741352,35.298055756],[139.4764703464,35.2980627824],[139.4764685441,35.2980737829],[139.4764707618,35.298095783],[139.4764756002,35.2981214758],[139.4764743807,35.2981236377],[139.4764719687,35.2981249714],[139.4764666897,35.2981261433],[139.476465133,35.2981281424],[139.4764651069,35.2981360619],[139.4764680126,35.2981440892],[139.4764720722,35.2981511156],[139.476474459,35.2981567292],[139.4764740435,35.29815917],[139.4764711,35.2981615028],[139.476470153,35.2981634759],[139.4764676241,35.2981632781],[139.4764649127,35.2981632781],[139.4764630187,35.2981628095],[139.4764612677,35.2981617285],[139.4764590761,35.2981614488],[139.4764453542,35.2981571699],[139.4764341603,35.298154891],[139.4764266897,35.2981540618],[139.4764052363,35.298151756],[139.4764024871,35.298151729],[139.4763959886,35.298151729],[139.4763837965,35.2981523945],[139.476372358,35.298154864],[139.4763526035,35.2981398642],[139.4763508004,35.2981274221],[139.4763509308,35.2981271433],[139.4763532915,35.2981153676],[139.4763644844,35.2980878906],[139.4763697113,35.2980709447],[139.4763839916,35.2980282781],[139.4763866896,35.2980139447],[139.4763873506,35.2980120616],[139.4763879352,35.2980046745],[139.4763876878,35.2979881702],[139.4763917995,35.2979796104],[139.4763955479,35.2979745032],[139.4764005158,35.2979692781],[139.4764018522,35.2979681971],[139.4764057166,35.2979631699],[139.4764101529,35.297952503],[139.4764106583,35.2979369448],[139.4764109308,35.2978973674],[139.4764089073,35.2978878912],[139.4764089334,35.2978809719],[139.4764067678,35.2978720344],[139.4764038486,35.297862918],[139.4764054054,35.2978562504],[139.4764065205,35.2978547287],[139.4764071824,35.2978479721],[139.4764025518,35.2978344221],[139.4764017343,35.2978167558],[139.4764001263,35.2978078372],[139.4763988295,35.2977995841],[139.476389517,35.2977934759],[139.4763854575,35.2977937286],[139.4763829403,35.297794368],[139.4763782063,35.2977920082],[139.4763767673,35.2977918095],[139.4763703723,35.2977945839],[139.4763670789,35.2977947557],[139.4763658855,35.2977961154],[139.4763498533,35.2978158906],[139.4763347438,35.2978237021],[139.4763286869,35.2978253947],[139.4763246013,35.2978272509],[139.4763128768,35.29784281],[139.4763129667,35.2978493949],[139.4763131619,35.2978588638],[139.4763003726,35.297883972],[139.4762910737,35.297905062],[139.476284407,35.2979203406],[139.4762796595,35.2979260081],[139.4762692966,35.2979323951],[139.4762632136,35.2979395843],[139.4762489845,35.297949395],[139.4762376881,35.2979676108],[139.476228596,35.2979824757],[139.4762244852,35.2979917558],[139.476217546,35.2979984755],[139.4762042639,35.2980125031],[139.4761972087,35.2980195295],[139.4761964299,35.2980215027],[139.476196742,35.2980245568],[139.4761937706,35.2980257286],[139.4761879349,35.2980278636],[139.4761861839,35.2980289445],[139.4761811001,35.2980303952],[139.4761798023,35.2980292782],[139.4761763777,35.2980292782],[139.4761665724,35.2980365573],[139.4761627989,35.2980429452],[139.4761575981,35.2980487827],[139.4761533821,35.2980588641],[139.4761463781,35.2980676379],[139.476142967,35.2980829183],[139.4761383238,35.2980911965],[139.4761311256,35.2980984756],[139.4761263529,35.2981103683],[139.4761213851,35.298116918],[139.4761176241,35.2981189721],[139.4760928505,35.2981316112],[139.4760865471,35.2981356752],[139.476081216,35.2981417825],[139.4760809956,35.2981478098],[139.4760788813,35.2981633411],[139.4760759369,35.2981761969],[139.4760726814,35.2981888908],[139.4760633815,35.2982036379],[139.4760497118,35.2982121698],[139.4760360403,35.2982167293],[139.4760198795,35.298218197],[139.4760093484,35.2982146753],[139.4759899582,35.298209756],[139.4759784019,35.2981988103],[139.4759768838,35.2981947292],[139.4759738747,35.2981874222],[139.4759760798,35.2981814759],[139.475986547,35.2981770081],[139.4760020981,35.2981723676],[139.4760126561,35.2981597833],[139.4760182976,35.2981526751],[139.4760202176,35.298145557],[139.4760171563,35.2981395027],[139.4760103728,35.2981318369],[139.4760022411,35.2981282783],[139.4759904896,35.2981282513],[139.4759812158,35.2981342507],[139.4759718521,35.2981409183],[139.4759681037,35.2981424219],[139.4759606331,35.2981424219],[139.4759532658,35.2981393049],[139.4759489077,35.2981316382],[139.475947377,35.2981283053],[139.4759470785,35.2981271434],[139.4759395691,35.2981074491],[139.4759346786,35.2980883412],[139.4759306065,35.2980672242],[139.4759270398,35.2980513683],[139.4759153279,35.2980115571],[139.4759182066,35.298007422],[139.47592333,35.2979931156],[139.4759274678,35.2979781697],[139.4759284013,35.2979628372],[139.4759267933,35.2979540886],[139.4759210997,35.2979470352],[139.4759024864,35.2979313951],[139.4759016303,35.2979268913],[139.4759018515,35.2979238102],[139.4759053013,35.2979191427],[139.4759317738,35.2978705299],[139.4759431358,35.2978419179],[139.4759597121,35.2977968097],[139.475976015,35.2977605302],[139.475992799,35.2977187558],[139.4759957164,35.2977091159],[139.4759971311,35.2976971163],[139.4759913457,35.2976729452],[139.4759887386,35.2976626381],[139.4759729663,35.2976316106],[139.475962902,35.2976159723],[139.4759502944,35.2976105296],[139.4759410997,35.2976017558],[139.4759310992,35.297600557],[139.4759279867,35.2975879179],[139.4759130705,35.2975737293],[139.4759008784,35.2975686382],[139.4758899966,35.2975708641],[139.4758811509,35.2975790623],[139.4758262356,35.2976171162],[139.4758019296,35.2976400345],[139.4757844846,35.2976617828],[139.4757822407,35.2976680889],[139.4757798288,35.2976706106],[139.4757795689,35.297674305],[139.4757850673,35.2976891969],[139.475782578,35.2976965839],[139.475780568,35.2977019718],[139.4757730443,35.2977088102],[139.4757676232,35.2977162782],[139.4757625519,35.2977253676],[139.4757594906,35.2977369716],[139.4757589843,35.2977599717],[139.4757614889,35.297764918],[139.4757611256,35.2977682509],[139.47575394,35.2977674757],[139.4757444584,35.2977625303],[139.4757390499,35.2977666753],[139.4757333293,35.2977727016],[139.4757330442,35.2977795302],[139.4757333554,35.297787035],[139.475731385,35.2977867562],[139.475726106,35.2977851968],[139.475716664,35.2977846383],[139.4757102698,35.2977877563],[139.4757055214,35.2977905568],[139.4757014367,35.2977952243],[139.4757010473,35.2978027291],[139.4757026813,35.297808197],[139.4757027982,35.2978117016],[139.4757064036,35.2978141703],[139.4757081033,35.2978157288],[139.475705302,35.2978168638],[139.4757034341,35.297814611],[139.4757008008,35.2978141433],[139.4756940955,35.2978162513],[139.4756906583,35.2978195302],[139.4756854054,35.297826062],[139.4756833558,35.2978301431],[139.4756856904,35.2978361695],[139.475685185,35.2978412237],[139.4756814106,35.2978481701],[139.4756756513,35.2978520353],[139.4756643288,35.2978571426],[139.4756554966,35.2978638641],[139.4756499577,35.2978728637],[139.4756455996,35.2978870891],[139.4756381037,35.2978941155],[139.4756159363,35.2979100084],[139.4756101789,35.2979132243],[139.4756081806,35.2979118637],[139.4756080124,35.2979102242],[139.4756091276,35.2979063679],[139.4756099055,35.2979037563],[139.4756128768,35.2979010619],[139.4756195426,35.2978855837],[139.475627766,35.2978708905],[139.475632215,35.2978571156],[139.4756357682,35.297851449],[139.4756363527,35.2978396382],[139.4756367412,35.297825062],[139.4756377656,35.2978204494],[139.4756513849,35.297801756],[139.4756612415,35.2977846384],[139.4756642893,35.2977643676],[139.4756605157,35.2977505028],[139.4756546018,35.297743891],[139.4756467938,35.2977420617],[139.4756379085,35.2977402235],[139.4756268838,35.2977424494],[139.475616573,35.2977398098],[139.47560346,35.2977419179],[139.4755929928,35.297748035],[139.4755855734,35.2977621697],[139.4755833296,35.2977725299],[139.4755810993,35.2977806112],[139.4755828242,35.2977899183],[139.4755827073,35.2978120893],[139.4755794904,35.29782181],[139.4755670132,35.2978280891],[139.4755593222,35.2978289722],[139.4754931878,35.2978656376],[139.4754604633,35.297883035],[139.4754391017,35.2978969718],[139.475428246,35.2979227563],[139.4754243546,35.2979265568],[139.4754156258,35.2979324761],[139.4753742372,35.2979417293],[139.4753646522,35.297946305],[139.4753582715,35.297951584],[139.4753507352,35.2979611429],[139.4753477396,35.2979700345],[139.4753465983,35.297977891],[139.4753487648,35.2979876109],[139.4753293485,35.2980492243],[139.475314524,35.298074864],[139.4753131616,35.2980799182],[139.4753201529,35.2981132777],[139.4753217735,35.2981209453],[139.4753228509,35.2981263682],[139.4753209956,35.2981268098],[139.4753075714,35.2980993679],[139.4753057431,35.2980947561],[139.4753037708,35.2980920618],[139.4753010216,35.298090702],[139.4752982715,35.2980902235],[139.4752938486,35.2980947291],[139.4752885435,35.2981050893],[139.4752690498,35.2981117021],[139.4752591276,35.298114918],[139.4752560402,35.298117062],[139.4752451323,35.2981250624],[139.4752396078,35.2981315303],[139.4752352623,35.2981387294],[139.4752319294,35.2981471974],[139.4752292449,35.298159251],[139.4752222149,35.2981864762],[139.4752050676,35.2982034491],[139.4752026295,35.298209837],[139.4752015143,35.298213008],[139.4752026034,35.2982175028],[139.4752031358,35.2982217557],[139.47520643,35.2982247289],[139.4752091532,35.2982260886],[139.4752120193,35.2982264493],[139.4752185187,35.298225675],[139.4752288816,35.2982185838],[139.4752419946,35.2982102237],[139.4752466243,35.2982099719],[139.4752532137,35.2982090888],[139.4752594909,35.2982055841],[139.4752643545,35.2982037288],[139.4752664292,35.2982050886],[139.4752623841,35.2982254492],[139.4752602437,35.2982328102],[139.4752559629,35.2982375028],[139.475255328,35.2982431164],[139.4752644588,35.2982521159],[139.4752689599,35.2982555567],[139.4752697117,35.2982580083],[139.4752667413,35.2982600623],[139.4752639921,35.2982605839],[139.4752596079,35.2982600353],[139.4752545501,35.2982579453],[139.4752445757,35.2982517832],[139.4752320715,35.2982429177],[139.475220321,35.2982397287],[139.4752050424,35.2982382511],[139.475191852,35.2982402781],[139.4751795169,35.2982453683],[139.4751656521,35.2982525026],[139.4751565464,35.2982645841],[139.4751499058,35.298273116],[139.4751287385,35.2982840617],[139.4751085955,35.2982938103],[139.4750909562,35.2983024222],[139.4750851331,35.298303675],[139.4750771831,35.2983069719],[139.475071878,35.2983130891],[139.4750618775,35.2983359453],[139.4750550166,35.2983476752],[139.4750410474,35.2983611435],[139.4750360409,35.2983626381],[139.4750298796,35.2983616381],[139.4750164689,35.2983610346],[139.4750134076,35.2983615841],[139.4750090495,35.2983631966],[139.4750083238,35.2983634763],[139.4750067419,35.2983640348],[139.4750021625,35.2983666113],[139.4749963268,35.2983660619],[139.4749847957,35.2983642236],[139.4749782064,35.2983646382],[139.4749710478,35.2983660619],[139.4749668839,35.298370062],[139.4749612155,35.2983789177],[139.4749535766,35.2983907294],[139.4749454054,35.2983978907],[139.4749290755,35.2984065844],[139.4749158204,35.2984189177],[139.4749012415,35.2984358906],[139.4748929408,35.2984472778],[139.474884238,35.2984530623],[139.4748703462,35.2984592514],[139.4748508786,35.29846181],[139.4748358203,35.2984637561],[139.4748156512,35.2984708914],[139.4747980515,35.2984770616],[139.4747677659,35.2984851699],[139.4747593743,35.298489305],[139.4747544326,35.2984933411],[139.4747368184,35.2985188909],[139.4747243547,35.2985334491],[139.4747157167,35.2985446115],[139.4747160144,35.2985497556],[139.4746901787,35.2985637563],[139.4746577914,35.2985899454],[139.474653382,35.2985958099],[139.4746500483,35.2986025566],[139.4746459366,35.2986111973],[139.4746422664,35.298617864],[139.4746416045,35.2986217293],[139.4746413842,35.2986221699],[139.474640153,35.2986247024],[139.4746359622,35.298625305],[139.4746329018,35.2986243949],[139.4746337067,35.2986169179],[139.4746644068,35.2985610349],[139.4746790235,35.2985358368],[139.4747100222,35.298490305],[139.4747308523,35.2984507295],[139.4747372348,35.298427035],[139.474736742,35.2984143051],[139.4747392709,35.2983900621],[139.4747187906,35.2983471968],[139.4747158462,35.2983422245],[139.4746946789,35.2983278371],[139.4746849122,35.2983255573],[139.4746781808,35.298325891],[139.4746754316,35.2983272507],[139.4746735763,35.2983296753],[139.4746732139,35.298332197],[139.4746698027,35.2983337295],[139.474665522,35.2983335298],[139.4746616827,35.29833117],[139.4746466632,35.2983239179],[139.4746304115,35.2983171972],[139.4746243546,35.2983162781],[139.4746191799,35.2983158105],[139.47460896,35.2983202783],[139.4746046522,35.2983202783],[139.4745981034,35.298310062],[139.4745935114,35.29830581],[139.4745848474,35.2982999177],[139.4745804632,35.2982990084],[139.4745739656,35.2982989176],[139.4745655992,35.2983012244],[139.4745619686,35.2983015841],[139.4745584666,35.2983011974],[139.4745529664,35.2982989455],[139.4745461055,35.2982978096],[139.4745348217,35.2982979724],[139.474524939,35.2982997558],[139.4745078564,35.2983087292],[139.4744966895,35.2983202244],[139.4744895687,35.2983402244],[139.4744849641,35.2983520622],[139.4744699967,35.2983645034],[139.4744626816,35.2983777288],[139.4744574674,35.2983860889],[139.4744569098,35.2983910622],[139.4744572722,35.2983966748],[139.4744656,35.2984127017],[139.4744650424,35.2984170355],[139.474464135,35.2984206382],[139.474461151,35.2984230618],[139.4744567416,35.2984248371],[139.4744522144,35.2984288912],[139.4744487386,35.298435557],[139.4744479867,35.2984436752],[139.4744332136,35.298450278],[139.4744263778,35.2984540624],[139.4744214109,35.2984585572],[139.4744181032,35.2984630349],[139.4744125777,35.298472503],[139.4744096073,35.2984834495],[139.4744221627,35.2985126379],[139.4744265208,35.2985482511],[139.4744259363,35.2985559178],[139.4744251584,35.2985602238],[139.4744215143,35.2985626753],[139.4744171049,35.2985626384],[139.4744131614,35.2985617292],[139.4744127468,35.2985576751],[139.4744164682,35.2985380348],[139.474417792,35.2985301972],[139.4744167416,35.2985247833],[139.4744123574,35.2985180078],[139.4744068832,35.2985151165],[139.474398739,35.2985149177],[139.474389297,35.2985147828],[139.4743815799,35.2985152244],[139.4743760796,35.2985156381],[139.4743706846,35.2985173414],[139.4743705677,35.2985215034],[139.4743612417,35.2985178639],[139.4743563008,35.2985173953],[139.4743517737,35.2985182785],[139.4743429405,35.2985280892],[139.4743386346,35.2985340355],[139.4742808522,35.2985676378],[139.4742699318,35.2985723952],[139.4742484407,35.2985882781],[139.4742443541,35.2985945842],[139.4742369096,35.2986108907],[139.4742320973,35.2986301704],[139.4742312933,35.2986360079],[139.4742314884,35.2986418642],[139.4742336028,35.298658008],[139.4742378565,35.2986726381],[139.4742395689,35.2986775035],[139.4742405419,35.298683368],[139.4742391795,35.2986921166],[139.4742372729,35.2987000351],[139.4742347179,35.2987063411],[139.4742019682,35.2987274221],[139.474199219,35.2987310347],[139.4741854962,35.2987484762],[139.474161657,35.2987670625],[139.4741527078,35.2987754226],[139.4741413197,35.2987892514],[139.4741378825,35.2988020623],[139.4741378564,35.2988070086],[139.4741377395,35.2988137292],[139.4741311898,35.2988232242],[139.4741279603,35.2988291436],[139.4741241607,35.298845638],[139.4741278173,35.2988585298],[139.4741310216,35.29886153],[139.4741359364,35.2988637018],[139.4741450672,35.2988657019],[139.4741447174,35.2988683414],[139.4741415796,35.2988752779],[139.4741407109,35.2988785838],[139.4741420194,35.2988828367],[139.4741531872,35.2988960352],[139.4741540434,35.2989003681],[139.4741527987,35.2989060347],[139.474142604,35.2989240356],[139.474140049,35.2989300619],[139.4741393745,35.2989548373],[139.4741412154,35.2989661976],[139.4741438747,35.298983702],[139.4741466896,35.2989935298],[139.4741510738,35.2990005031],[139.4741572989,35.2990064494],[139.4741654315,35.2990098102],[139.4741742116,35.2990108372],[139.474182578,35.299012224],[139.4741867418,35.2990140352],[139.4741913194,35.2990198916],[139.4741920712,35.2990240618],[139.4741957944,35.2990302779],[139.4742035762,35.2990357296],[139.4742098283,35.2990395301],[139.474224874,35.2990431705],[139.4742412417,35.2990478911],[139.474249349,35.299051251],[139.4742531873,35.2990582243],[139.4742609566,35.2990660889],[139.4742649127,35.2990672508],[139.4742809305,35.2990709182],[139.4742919292,35.299072224],[139.4743012678,35.2990730622],[139.4743126038,35.2990748914],[139.4743242113,35.2990793413],[139.474339686,35.2990888372],[139.4743504374,35.2990941162],[139.47435429,35.2990947565],[139.4743575717,35.2990947565],[139.4743616564,35.2990927834],[139.4743721623,35.2990840888],[139.474383849,35.2990717564],[139.4743942901,35.2990484495],[139.4744091541,35.2990171163],[139.4744256908,35.2989880619],[139.4744417347,35.2989617828],[139.4744471828,35.298948918],[139.4744484014,35.2989476382],[139.474450049,35.2989473954],[139.4744511506,35.2989481158],[139.4744509042,35.2989497292],[139.4744505418,35.2989574759],[139.4744385187,35.298991062],[139.474434407,35.2990054763],[139.4744304896,35.2990198916],[139.4744310993,35.2990326107],[139.4744401268,35.29912917],[139.4744485183,35.299142783],[139.4744524097,35.2991595032],[139.4744537065,35.2992394494],[139.474452604,35.2992638911],[139.4744536283,35.2992835305],[139.4744523189,35.299302008],[139.4744378569,35.2993211699],[139.4744332137,35.2993276756],[139.4744306326,35.2993347559],[139.4744274023,35.2993461971],[139.4744303467,35.2993763954],[139.4744242897,35.2993763954],[139.4744219686,35.2993786384],[139.4744165726,35.2993829452],[139.4744152111,35.2993884491],[139.4744151068,35.2993941975],[139.474417624,35.2994146751],[139.4744178569,35.2994183677],[139.4744213193,35.2994247835],[139.4744275714,35.2994293053],[139.4744287648,35.2994322784],[139.4744339008,35.299437972],[139.4744348739,35.2994410621],[139.4744341868,35.2994463951],[139.4744314627,35.29944753],[139.4744294905,35.2994470624],[139.474422072,35.2994322514],[139.4744134079,35.2994255569],[139.4744056261,35.2994216754],[139.4744033301,35.2994218373],[139.4743808525,35.2994431162],[139.4743727991,35.2994817834],[139.4743764296,35.299484422],[139.4743767417,35.2994864761],[139.4743767417,35.2994882783],[139.4743761841,35.2994904493],[139.4743651323,35.2994997833],[139.4743553801,35.2995168102],[139.4743527073,35.2995268916],[139.4743503205,35.2995432782],[139.4743480776,35.2995548102],[139.4743478177,35.2995590622],[139.4743456,35.2995658916],[139.4743474283,35.2995776116],[139.4743493483,35.2995869178],[139.4743520715,35.299595116],[139.4743626817,35.2996101976],[139.4743725518,35.299615116],[139.4743818256,35.2996283954],[139.474388298,35.2996370622],[139.4743919034,35.2996410354],[139.4743929925,35.2996434761],[139.4743944844,35.2996497831],[139.4743972085,35.2996601702],[139.4743981807,35.2996629456],[139.4744037708,35.2996690079],[139.474407494,35.2996714495],[139.4744113197,35.2996732779],[139.4744196601,35.2996764489],[139.4744222924,35.2996785299],[139.4744256909,35.299682611],[139.4744332398,35.2996934488],[139.4744365988,35.2996988645],[139.4744387904,35.2997050896],[139.4744442637,35.299713116],[139.4744396862,35.2997229456],[139.4744367157,35.2997260888],[139.4744317344,35.2997304765],[139.4744263528,35.2997317293],[139.4744141607,35.2997307832],[139.4744067935,35.2997293416],[139.474401411,35.2997291429],[139.4743951329,35.2997314496],[139.4743940959,35.2997399185],[139.4743956904,35.2997535568],[139.4743963775,35.2997728373],[139.4743960412,35.2997745568],[139.4743950429,35.2997755299],[139.4743864688,35.2997772242],[139.4743820459,35.2997778376],[139.4743799577,35.2997771972],[139.4743784405,35.2997757565],[139.4743769099,35.2997734219],[139.4743696856,35.299764729],[139.4743684931,35.2997627559],[139.4743615144,35.2997480349],[139.4743584927,35.2997355029],[139.4743556904,35.2997259179],[139.4743547956,35.2997231435],[139.4743447178,35.2996938912],[139.4743390754,35.2996786378],[139.4743346274,35.2996698101],[139.4743199315,35.29965417],[139.4743170789,35.2996537023],[139.4742839658,35.2996591163],[139.4742766894,35.2996640355],[139.4742746525,35.299669891],[139.4742761318,35.299685675],[139.474276845,35.299697395],[139.4742771832,35.2997220085],[139.4742761579,35.2997301969],[139.4742763531,35.2997338913],[139.4742810475,35.2997444493],[139.4742880776,35.299748972],[139.4742921236,35.2997498911],[139.4743011258,35.2997507563],[139.4743167416,35.2997514218],[139.4743188299,35.299752224],[139.4743198029,35.2997581973],[139.4743217994,35.299776503],[139.4743237456,35.299789116],[139.4743249911,35.2997994761],[139.4743281037,35.2998169725],[139.4743292971,35.299821675],[139.4743366248,35.299828008],[139.4743460793,35.2998357026],[139.4743543549,35.2998412784],[139.474364135,35.2998524219],[139.4743685957,35.2998601975],[139.4743709051,35.2998624494],[139.47437966,35.299870224],[139.4743825127,35.2998719453],[139.4743918522,35.2998761164],[139.4743954575,35.2998785571],[139.4744054319,35.2998841968],[139.4744075201,35.2998859181],[139.4744126562,35.2998919723],[139.4744183498,35.2998974762],[139.4744203211,35.2999001975],[139.4744214111,35.2999034495],[139.4744252368,35.2999115569],[139.4744308791,35.2999265306],[139.4744300491,35.2999401436],[139.4744310221,35.2999425034],[139.4744351851,35.2999463948],[139.4744385962,35.299948278],[139.4744434337,35.299948305],[139.4744506849,35.2999477833],[139.4744564037,35.2999476116],[139.4744589335,35.2999485298],[139.4744619948,35.299952503],[139.4744661317,35.2999602785],[139.4744702946,35.2999655036],[139.4744759891,35.299970395],[139.4744905681,35.2999806113],[139.4744965989,35.2999848912],[139.4745015407,35.2999874219],[139.4745032917,35.2999891432],[139.474504602,35.2999927557],[139.4745085698,35.3000031699],[139.4745089079,35.3000040081],[139.4745092704,35.3000049182],[139.4745114368,35.3000129455],[139.4745124872,35.3000196383],[139.4745147958,35.3000224226],[139.4745188562,35.3000255028],[139.4745240957,35.3000278644],[139.4745284017,35.3000282511],[139.4745306068,35.3000276108],[139.4745373247,35.3000249182],[139.4745430444,35.3000215304],[139.4745539658,35.3000149726],[139.4745572726,35.3000123682],[139.4745611505,35.300006251],[139.4745623834,35.3000040081],[139.474562825,35.3000031699],[139.4745655994,35.2999980617],[139.4745734595,35.2999843048],[139.4745874287,35.2999570356],[139.474590659,35.2999504489],[139.4745931879,35.2999470351],[139.4745954056,35.2999449721],[139.4745992709,35.2999426383],[139.4746000488,35.299940756],[139.4745997116,35.2999372244],[139.474596599,35.2999245035],[139.4746049645,35.2999231698],[139.4746161836,35.2999205033],[139.4746211262,35.2999188099],[139.4746232397,35.2999168368],[139.4746244591,35.2999139454],[139.474627792,35.2999056753],[139.4746300232,35.2998978368],[139.4746317994,35.2998885576],[139.4746344848,35.2998845034],[139.4746344848,35.2998825303],[139.4746337455,35.2998814493],[139.4746310215,35.299875584],[139.4746305682,35.2998736756],[139.47463158,35.2998705298],[139.4746326816,35.2998698103],[139.4746353274,35.2998700891],[139.4746403726,35.2998704758],[139.47465158,35.2998715838],[139.4746598286,35.2998724219],[139.4746642379,35.2998718913],[139.4746665465,35.2998703679],[139.4746676626,35.2998674766],[139.4746679351,35.2998540623],[139.4746684926,35.2998445573],[139.4746710998,35.2998345839],[139.4746729668,35.2998381164],[139.4746729407,35.2998444224],[139.4746726556,35.2998540623],[139.4746732914,35.2998621706],[139.4746743805,35.2998645304],[139.4746774292,35.2998664226],[139.4746793232,35.2998668911],[139.4746812936,35.2998668102],[139.4746870142,35.2998645574],[139.4746906591,35.2998619448],[139.4747069099,35.2998454225],[139.4747099972,35.29984481],[139.4747122932,35.2998457022],[139.4747172089,35.29985117],[139.4747189599,35.2998522241],[139.4747239008,35.2998528644],[139.4747273245,35.2998520622],[139.4747324866,35.299850197],[139.4747346018,35.2998486753],[139.4747437704,35.2998388637],[139.4747585957,35.2998170084],[139.47477477,35.2997899181],[139.4748003467,35.2997449178],[139.4748041347,35.2997400624],[139.4748100747,35.2997358374],[139.474816236,35.2997335297],[139.4748212155,35.2997304765],[139.4748236284,35.2997271427],[139.4748253281,35.299721557],[139.4748269874,35.2997188645],[139.4748290756,35.2997178644],[139.4748327079,35.2997179723],[139.4748343546,35.2997187835],[139.4748374024,35.299720503],[139.4748421238,35.2997218637],[139.4748454316,35.2997220625],[139.474847857,35.2997215301],[139.4748536028,35.2997188375],[139.4748625124,35.2997113048],[139.4748655997,35.299709945],[139.4748739922,35.2997074494],[139.4748777136,35.299707837],[139.4748864946,35.2997113677],[139.4748989601,35.2997170622],[139.4749157172,35.2997409455],[139.474920659,35.2997463684],[139.4749253534,35.2997492507],[139.474931735,35.2997514487],[139.4749385438,35.2997524487],[139.4749433821,35.2997520081],[139.4749472348,35.2997511159],[139.4749552631,35.2997481698],[139.4749671827,35.2997402782],[139.4749740175,35.2997403052],[139.4749775195,35.2997413052],[139.4749815799,35.2997433953],[139.474983214,35.2997498911],[139.4749819298,35.2997596109],[139.474979829,35.2997682507],[139.47497429,35.2997894495],[139.47497429,35.2998003412],[139.4749757173,35.2998043954],[139.4749777659,35.2998087292],[139.4749812679,35.2998133409],[139.4749853274,35.2998170353],[139.4749892709,35.299819584],[139.474996184,35.2998215841],[139.4750013461,35.2998221435],[139.475008324,35.2998218368],[139.4750087125,35.2998218098],[139.4750090497,35.2998216749],[139.4750179611,35.2998183052],[139.4750222671,35.299814251],[139.4750246017,35.2998136377],[139.4750267943,35.2998144489],[139.4750292971,35.299816449],[139.4750296334,35.2998189725],[139.4750303727,35.2998251967],[139.4750328773,35.2998292508],[139.4750383497,35.2998355029],[139.4750416313,35.2998388367],[139.4750512675,35.2998463685],[139.475056275,35.2998582513],[139.4750591798,35.2998715298],[139.4750589082,35.2998836113],[139.4750574675,35.2998924219],[139.4750538486,35.2999097294],[139.475051969,35.2999139454],[139.4750469877,35.299922864],[139.4750426817,35.299927008],[139.4750404379,35.2999338375],[139.4750411897,35.2999435034],[139.4750432402,35.2999452238],[139.4750508269,35.2999490351],[139.4750496083,35.2999532512],[139.4750340959,35.2999747558],[139.4750324357,35.2999791705],[139.4750329672,35.2999879182],[139.4750444588,35.2999978638],[139.4750461054,35.3000031698],[139.4750463779,35.300004008],[139.475046404,35.3000040889],[139.4750449651,35.3000064218],[139.4750285192,35.3000190078],[139.4750254318,35.3000215034],[139.4750263779,35.300030449],[139.4750280129,35.3000353053],[139.4750322667,35.3000413685],[139.4750419038,35.3000491432],[139.4750664688,35.300070503],[139.4750676631,35.3000721973],[139.4750680777,35.3000755302],[139.4750676235,35.3000801428],[139.4750684932,35.3000826753],[139.4750696857,35.3000838372],[139.4750739655,35.300085197],[139.4750819947,35.300086224],[139.4750905679,35.3000858913],[139.475097624,35.3000842779],[139.4751021242,35.3000822238],[139.4751058861,35.3000795304],[139.4751087648,35.3000763953],[139.4751118522,35.3000752244],[139.4751175719,35.3000750625],[139.4751253537,35.3000784224],[139.475130711,35.3000821429],[139.4751337966,35.3000853949],[139.4751352112,35.3000892511],[139.4751357166,35.3000954763],[139.4751347175,35.300102062],[139.4751323576,35.3001099724],[139.4751294906,35.3001144762],[139.4751282459,35.300118891],[139.4751294393,35.3001243049],[139.4751343811,35.3001268644],[139.4751388822,35.3001267025],[139.475141216,35.3001251701],[139.4751527992,35.300115729],[139.4751618257,35.3001097287],[139.4751672352,35.3001071971],[139.4751752625,35.3001060622],[139.4751781286,35.3001072241],[139.4751837971,35.3001138368],[139.4751863269,35.3001156382],[139.4751891795,35.3001161975],[139.4752022673,35.3001172246],[139.4752074286,35.3001182237],[139.4752223582,35.3001223408],[139.4752322409,35.3001272241],[139.4752338749,35.3001282242],[139.475238376,35.3001313052],[139.475241878,35.3001353684],[139.4752432917,35.3001397831],[139.475244433,35.3001545032],[139.475243486,35.3001663051],[139.475242682,35.3001765573],[139.4752499971,35.3001920895],[139.4752547176,35.3001936381],[139.4752587646,35.3001936381],[139.4752643808,35.3001928638],[139.4752663782,35.3001915032],[139.4752789598,35.3001812779],[139.4752891275,35.3001691433],[139.475313214,35.3001380349],[139.4753224869,35.3001289454],[139.4753291275,35.3001242779],[139.475332098,35.300124197],[139.4753368185,35.300125197],[139.4753429672,35.3001255837],[139.4753462749,35.3001247833],[139.4753532141,35.3001217292],[139.4753590498,35.3001182237],[139.475366015,35.3001116748],[139.4753705422,35.3001068104],[139.475373849,35.3001018641],[139.4753788555,35.3000935031],[139.4753949651,35.3000604764],[139.4753964948,35.3000584763],[139.4754001272,35.3000551704],[139.4754043288,35.3000532782],[139.4754112419,35.3000526748],[139.4754221237,35.3000528915],[139.475433019,35.3000515569],[139.4754411507,35.3000527557],[139.4754501529,35.3000550355],[139.4754593745,35.3000593954],[139.4754723185,35.3000658373],[139.475477468,35.3000695299],[139.4754946792,35.3000800618],[139.4755192451,35.3000966112],[139.4755239657,35.3001000619],[139.4755290244,35.3001018911],[139.4755362747,35.3001028102],[139.4755407623,35.3001022778],[139.47554608,35.3001003047],[139.4755510218,35.3000974493],[139.4755549914,35.3000922243],[139.475556236,35.3000887025],[139.4755603208,35.30007981],[139.475562436,35.3000794494],[139.4755645242,35.3000800888],[139.4755795429,35.3000868913],[139.4755951326,35.3000933412],[139.4755982065,35.3000952244],[139.475605107,35.3001024765],[139.475604848,35.3001055297],[139.4756032139,35.3001078644],[139.4755957945,35.3001170348],[139.4755950166,35.3001213677],[139.4755964304,35.3001250621],[139.4755983756,35.3001291163],[139.4755987911,35.3001333682],[139.4755996598,35.300140945],[139.475602267,35.3001428372],[139.4756069884,35.3001450082],[139.4756119302,35.3001453949],[139.4756302179,35.300145251],[139.4756660406,35.3001446376],[139.475681437,35.300145224],[139.475688467,35.3001460622],[139.4756915409,35.3001477835],[139.4756935122,35.3001501433],[139.4756943809,35.3001541974],[139.47569346,35.3001585304],[139.4756920463,35.3001607832],[139.4756841871,35.3001724762],[139.4756746282,35.3001912783],[139.4756764952,35.3001934492],[139.4756832923,35.300197891],[139.4756873509,35.3001980889],[139.4756941867,35.3001971967],[139.4757103466,35.300194729],[139.4757219299,35.3001910624],[139.4757366895,35.3001862241],[139.4757465731,35.300185278],[139.4757531615,35.300186278],[139.475763162,35.3001890354],[139.4757651333,35.3001907288],[139.475770049,35.3001993047],[139.4757745501,35.3002038373],[139.4757816566,35.3002082782],[139.4757868187,35.3002102783],[139.475805717,35.3002151157],[139.4758246019,35.3002211969],[139.4758442638,35.3002239452],[139.4758542642,35.3002243679],[139.4758570144,35.300225368],[139.475860412,35.3002277017],[139.4758657953,35.3002292512],[139.4758704116,35.3002297288],[139.4758779866,35.3002291163],[139.47589407,35.3002272511],[139.4759028771,35.3002254759],[139.4759109053,35.300223251],[139.4759349388,35.3002107018],[139.4759382456,35.3002099185],[139.4759434077,35.300210557],[139.4759458206,35.3002120895],[139.4759491022,35.30021581],[139.4759540179,35.300220062],[139.4759558858,35.3002231161],[139.4759552113,35.3002262781],[139.4759473773,35.3002309447],[139.4759385442,35.300237864],[139.4759319297,35.3002436107],[139.4759285959,35.3002498097],[139.4759302444,35.3002527829],[139.4759333299,35.3002538909],[139.4759403474,35.300253729],[139.4759453017,35.3002528369],[139.4759531357,35.3002505031],[139.4759598294,35.3002498907],[139.4759742383,35.3002497558],[139.4759846794,35.3002507828],[139.4759891796,35.3002523413],[139.4759953283,35.300255864],[139.4760022414,35.3002592238],[139.4760036551,35.3002615567],[139.4760014374,35.3002681433],[139.4759959372,35.3002888637],[139.4760006586,35.3002923953],[139.4760039663,35.3002930348],[139.4760089081,35.3002930617],[139.4760105421,35.3002922245],[139.4760127734,35.3002905301],[139.476015626,35.3002853051],[139.4760204122,35.3002773047],[139.4760220463,35.300276945],[139.4760232658,35.300277945],[139.4760335513,35.3002899717],[139.4760431624,35.3003016107],[139.4760675978,35.3003240623],[139.4760739399,35.3003330078],[139.476076547,35.3003351698],[139.4760829016,35.3003390621],[139.4761074945,35.3003521966],[139.4761162755,35.3003551158],[139.4761261581,35.3003574757],[139.4761325523,35.3003575026],[139.4761358474,35.3003567022],[139.4761384932,35.3003548101],[139.476149634,35.3003464761],[139.476161774,35.3003373947],[139.4761943546,35.300300089],[139.4762071834,35.300286503],[139.4762119301,35.3002803948],[139.4762137071,35.3002767021],[139.47621905,35.3002643679],[139.4762252634,35.3002519447],[139.4762320982,35.3002425027],[139.4762416311,35.3002302782],[139.4762502439,35.3002204756],[139.4762592973,35.3002121974],[139.4762675981,35.3001990619],[139.4762921891,35.3001624487],[139.4763057689,35.3001474489],[139.4763304904,35.300121918],[139.4763416572,35.3001087834],[139.4763783244,35.3000741973],[139.4763875982,35.3000674488],[139.476398078,35.3000616382],[139.476408324,35.3000562513],[139.4764201006,35.3000518644],[139.4764272349,35.3000510892],[139.4764332919,35.3000531432],[139.4764338234,35.3000573053],[139.4764277916,35.3000739724],[139.4764256908,35.3000811697],[139.4764256521,35.3000872239],[139.4764263014,35.3000921702],[139.4764313853,35.3001123051],[139.4764287386,35.3001392506],[139.4764280129,35.3001528367],[139.4764279607,35.3001633947],[139.4764291541,35.300168278],[139.4764304644,35.3001697287],[139.476434524,35.3001712512],[139.4764370403,35.3001712512],[139.4764479607,35.3001649721],[139.4764541607,35.3001588639],[139.4764552371,35.3001590618],[139.4764549907,35.3001705839],[139.4764540698,35.3001760077],[139.4764551328,35.3001895299],[139.4764563011,35.3001941434],[139.4764582724,35.3001983676],[139.4764616574,35.300201008],[139.4764654966,35.3002032509],[139.4764684671,35.3002038103],[139.4764757435,35.3002038372],[139.4764880516,35.3002053049],[139.4764940699,35.3002070352],[139.4765095688,35.3002107827],[139.4765165988,35.3002128637],[139.4765195432,35.3002143413],[139.4765265732,35.3002185034],[139.4765287648,35.300220945],[139.4765291803,35.3002258913],[139.4765278179,35.300231557],[139.4765261577,35.3002348908],[139.4765216314,35.3002427293],[139.4765171051,35.3002471432],[139.4765052629,35.3002608911],[139.4765010738,35.3002654759],[139.4764986609,35.3002664489],[139.4764918261,35.3002677017],[139.4764836809,35.3002689455],[139.476477079,35.3002704491],[139.4764743289,35.3002717019],[139.4764715796,35.3002737829],[139.4764683763,35.3002770888],[139.4764635775,35.300290611],[139.4764628769,35.300301143],[139.476463966,35.3003060353],[139.4764694132,35.300314783],[139.4764734601,35.300317945],[139.4764788561,35.3003214758],[139.4764809047,35.3003251702],[139.4764806853,35.3003279725],[139.4764798031,35.3003295031],[139.476470853,35.3003378641],[139.4764654319,35.3003425298],[139.4764601529,35.3003453051],[139.4764451333,35.3003637556],[139.4764439921,35.3003694222],[139.4764441872,35.3003751968],[139.4764598291,35.3004209453],[139.4764722407,35.3004439455],[139.4764780134,35.3004589452],[139.4764826045,35.3004689448],[139.4764849913,35.3004717561],[139.4764904645,35.3004762779],[139.4764945502,35.3004777294],[139.4765013463,35.3004781161],[139.4765043294,35.300477224],[139.4765079609,35.3004755296],[139.4765145763,35.300471837],[139.4765156914,35.300469783],[139.4765186871,35.3004644761],[139.4765279348,35.300460341],[139.4765443555,35.3004546384],[139.4765591017,35.3004480077],[139.4765732139,35.3004411971],[139.476595937,35.3004256748],[139.4766010218,35.3004157562],[139.4766015155,35.3004042242],[139.4766012161,35.3004015298],[139.4765978571,35.3003957562],[139.4765991539,35.3003892514],[139.4766007115,35.3003851972],[139.4766028249,35.3003825838],[139.4766055742,35.3003817025],[139.4766248484,35.3003758101],[139.4766280518,35.3003739179],[139.4766296085,35.3003705841],[139.4766317094,35.3003615028],[139.4766338488,35.3003522236],[139.4766364947,35.3003505032],[139.4766535773,35.3003455299],[139.4766561062,35.3003431701],[139.4766744595,35.3003197023],[139.4766946025,35.3002898367],[139.4766975721,35.3002866108],[139.4767047703,35.3002788641],[139.4767154578,35.3002708907],[139.4767291284,35.3002620081],[139.4767476634,35.3002515031],[139.4767613197,35.300242089],[139.4767745757,35.3002333952],[139.4767968447,35.300218837],[139.4768189077,35.3002056377],[139.4768293489,35.3002004486],[139.4768432398,35.3001960886],[139.476855458,35.3001942243],[139.4768707357,35.3001932783],[139.4768779869,35.3001927558],[139.4768903211,35.3001918906],[139.4768986875,35.3001900353],[139.4769063785,35.3001876107],[139.4769102438,35.3001857293],[139.476915548,35.3001818641],[139.4769219305,35.300176675],[139.476934628,35.3001659721],[139.4769478831,35.3001550076],[139.4769586867,35.3001447832],[139.4769657688,35.300138675],[139.4769710479,35.3001358907],[139.4769819692,35.3001305029],[139.4769967163,35.3001258642],[139.4770055225,35.3001236383],[139.4770110218,35.300121837],[139.47701621,35.300118702],[139.477021489,35.3001142242],[139.4770269362,35.3001047832],[139.4770297124,35.3000971974],[139.4770295173,35.3000926108],[139.4770299975,35.3000868372],[139.4770312161,35.3000827021],[139.4770353017,35.3000758636],[139.4770384934,35.3000742512],[139.4770464299,35.3000725568],[139.4770586355,35.300071341],[139.4770814109,35.3000686106],[139.4770821888,35.3000685027],[139.477093746,35.3000676375],[139.477113746,35.3000683408],[139.4771378181,35.300069116],[139.4771649651,35.3000716377],[139.477187494,35.300074503],[139.4772008013,35.3000770615],[139.4772057431,35.3000777018],[139.4772091281,35.3000785301],[139.4772128774,35.3000805302],[139.4772161581,35.3000839449],[139.4772182068,35.3000886376],[139.4772185188,35.3000933411],[139.4772157948,35.3001126108],[139.4772185962,35.3001244486],[139.4772191286,35.3001303949],[139.4772164693,35.3001370616],[139.4772084024,35.3001470351],[139.4772008795,35.3001591966],[139.4771987652,35.3001598909],[139.4771936031,35.3001600618],[139.477185743,35.3001588099],[139.4771676244,35.3001681161],[139.4771582067,35.3001849181],[139.4771546535,35.3001905029],[139.4771480129,35.3002013946],[139.4771450172,35.300205089],[139.4771407113,35.3002088644],[139.4771361841,35.300213611],[139.4771291019,35.3002237023],[139.4771267682,35.300233611],[139.4771264948,35.3002429721],[139.4771256,35.3002481162],[139.4771246017,35.300251611],[139.4771226043,35.3002561427],[139.4771192715,35.300262062],[139.4771108268,35.3002790889],[139.4771084931,35.3002865568],[139.477107377,35.3002925031],[139.4771071315,35.3002995295],[139.47710752,35.3003094491],[139.4771112684,35.300328557],[139.4771167165,35.3003404757],[139.4771243814,35.3003518638],[139.4771277404,35.3003582778],[139.4771291541,35.3003633409],[139.4771295696,35.3003687288],[139.4771303736,35.3003840622],[139.4771335509,35.3003941697],[139.4771332919,35.3003967831],[139.477122072,35.3004019722],[139.4771177399,35.3004071973],[139.477114524,35.3004145843],[139.4771135122,35.300420197],[139.4771149394,35.3004246747],[139.4771185187,35.3004310077],[139.4771238751,35.3004375836],[139.4771254058,35.3004411161],[139.4771253806,35.3004472243],[139.4771247178,35.3004521967],[139.4771227078,35.3004562508],[139.4771185961,35.3004630083],[139.4771138495,35.3004684762],[139.4771026043,35.3004758372],[139.4770989603,35.3004769181],[139.4770933566,35.300477062],[139.4770830189,35.3004763048],[139.4770803731,35.3004763947],[139.4770785196,35.3004764757],[139.4770751076,35.3004775567],[139.4770626565,35.3004828366],[139.4770602445,35.3004850894],[139.4770541615,35.3004885841],[139.4770514113,35.3004894763],[139.4770455738,35.3004900078],[139.4770307359,35.300491837],[139.4770268841,35.300492918],[139.4770139663,35.3005021702],[139.477004679,35.3005138641],[139.4770029019,35.3005188913],[139.4770013461,35.3005251164],[139.4770015152,35.3005316113],[139.4770079615,35.3005443412],[139.477010905,35.3005507561],[139.4770121892,35.3005577834],[139.477011709,35.3005642783],[139.4770104904,35.3005691427],[139.4769913465,35.300621638],[139.4769934339,35.3006260617],[139.476996041,35.3006292237],[139.4770003209,35.3006322778],[139.4770144852,35.3006382781],[139.4770314113,35.3006423952],[139.4770516056,35.3006459718],[139.4770718521,35.3006469179],[139.47707966,35.300646783],[139.4770875722,35.3006466112],[139.4770914114,35.3006458909],[139.4771126561,35.3006164758],[139.4771192193,35.300602611],[139.4771375466,35.3005578913],[139.4771423193,35.300548783],[139.4771479608,35.3005399723],[139.4771544854,35.3005327831],[139.4771592455,35.3005271156],[139.4771617744,35.3005263952],[139.477163966,35.3005267828],[139.4771731886,35.3005284223],[139.4771795692,35.3005293414],[139.4771819695,35.3005304224],[139.477182189,35.300531945],[139.4771817348,35.3005344756],[139.4771652368,35.3005617557],[139.4771566248,35.300570837],[139.4771501012,35.3005796378],[139.4771416835,35.3005934217],[139.4771382463,35.3006008636],[139.4771366644,35.3006069178],[139.4771368838,35.3006111429],[139.4771390503,35.3006161161],[139.4771418004,35.3006190893],[139.4771458474,35.3006207287],[139.477149245,35.300620557],[139.4771529934,35.300619503],[139.47715774,35.3006154488],[139.477159634,35.3006110619],[139.4771611898,35.3006095843],[139.4771633824,35.3006070078],[139.4771652628,35.3006034761],[139.477166378,35.3006033053],[139.4771718783,35.3006055302],[139.4771754324,35.3006442514],[139.4771818005,35.3006693407],[139.4771832142,35.3006723948],[139.4771870399,35.3006770083],[139.4771913198,35.3006800075],[139.4771975719,35.3006831696],[139.4772038492,35.3006848099],[139.4772130456,35.3006927833],[139.4772164298,35.3006959453],[139.4772197384,35.3006981163],[139.477225432,35.3007003952],[139.4772377401,35.3007018638],[139.477251489,35.3007026111],[139.4772687389,35.3007032235],[139.4772818258,35.3007041426],[139.4772876633,35.3007032784],[139.4772915151,35.3007014762],[139.4772962752,35.3006965299],[139.4772991279,35.300694278],[139.4773045238,35.3006923049],[139.4773142122,35.3006893677],[139.4773211514,35.3006871428],[139.4773349128,35.3006827559],[139.4773437459,35.3006800894],[139.477349543,35.300679476],[139.4773555999,35.3006801163],[139.4773585703,35.3006801433],[139.477360101,35.3006808637],[139.4773542644,35.3006831695],[139.4773495169,35.3006856112],[139.4773400488,35.3006944219],[139.4773307363,35.3007062776],[139.4773251336,35.3007113948],[139.477316742,35.3007181433],[139.4773093235,35.3007260618],[139.4772974938,35.3007408098],[139.4772972735,35.3007443046],[139.4773015156,35.3007526107],[139.4773049132,35.300756503],[139.4773100492,35.3007602244],[139.4773169884,35.3007623054],[139.4773248746,35.3007632236],[139.4773300493,35.3007630617],[139.4773367681,35.3007613683],[139.4773478828,35.3007583412],[139.4773521897,35.300756476],[139.4773632145,35.3007506376],[139.4773744596,35.3007432775],[139.4773846021,35.3007362781],[139.4773902184,35.3007339453],[139.4773972736,35.3007324488],[139.4774094909,35.3007291429],[139.4774153284,35.3007263676],[139.4774270142,35.3007191973],[139.4774345505,35.3007087562],[139.477441969,35.3006929182],[139.477444524,35.3006883047],[139.4774477399,35.3006846381],[139.4774521241,35.3006809446],[139.4774672354,35.3006707292],[139.4774814888,35.3006611973],[139.4774953806,35.3006527832],[139.4775074945,35.3006489179],[139.4775219043,35.3006450077],[139.4775369887,35.3006367555],[139.4775491286,35.300628864],[139.4775627084,35.3006185298],[139.4775767162,35.3006081157],[139.4775870791,35.3006016748],[139.4775952369,35.3005976107],[139.4776023847,35.3005960351],[139.477615263,35.3005939721],[139.4776248219,35.3005924756],[139.4776318519,35.3005949451],[139.4776398801,35.300597224],[139.4776585446,35.3006040346],[139.4776701792,35.3006083045],[139.4776794134,35.300609864],[139.4776817094,35.3006131159],[139.4776834604,35.3006138372],[139.4776862105,35.3006138372],[139.4776879615,35.3006113407],[139.4777014891,35.300615062],[139.4777062105,35.300617251],[139.4777243292,35.3006248638],[139.4777339663,35.3006278639],[139.4777558216,35.3006348642],[139.4777643814,35.3006369722],[139.4777672349,35.3006387016],[139.4777719689,35.3006397826],[139.4777805422,35.3006412512],[139.4777848221,35.3006423682],[139.4777908529,35.3006449717],[139.4777973253,35.3006485303],[139.477801411,35.3006487291],[139.4778088825,35.3006459448],[139.4778131885,35.3006420885],[139.4778142902,35.3006391971],[139.4778140959,35.3006367555],[139.4778242385,35.3006321968],[139.4778291802,35.3006307561],[139.4778384414,35.3006283675],[139.4778417357,35.3006280078],[139.4778512946,35.3006282236],[139.4778594397,35.3006285842],[139.477869102,35.3006303406],[139.4778762364,35.3006323407],[139.47788394,35.3006355297],[139.4778903737,35.3006392241],[139.477897857,35.3006449447],[139.4779079357,35.3006521699],[139.477919465,35.3006598905],[139.4779344333,35.3006747833],[139.4779593229,35.3006953409],[139.4779623582,35.300699449],[139.47796704,35.3007047559],[139.4779736033,35.3007183681],[139.4779799579,35.3007268639],[139.4779835516,35.30073417],[139.4779829931,35.3007350622],[139.4779827737,35.3007369453],[139.4779832143,35.3007382242],[139.4779848484,35.3007391163],[139.4779861587,35.3007389445],[139.4779883504,35.3007437289],[139.4779874681,35.3007448909],[139.4779875725,35.30074581],[139.4779883504,35.3007461697],[139.4779904386,35.3007463046],[139.4780030975,35.3007633414],[139.4780049654,35.3007683946],[139.4780025525,35.3007683946],[139.4779989084,35.3007683677],[139.4779963786,35.300769008],[139.4779938497,35.3007707832],[139.4779909575,35.3007715027],[139.4779877919,35.3007710351],[139.4779789857,35.3007693947],[139.4779734864,35.3007694756],[139.477969997,35.3007702778],[139.4779677667,35.3007714487],[139.4779668845,35.3007733409],[139.4779661065,35.3007767556],[139.4779664042,35.3007797288],[139.4779680527,35.3007828908],[139.4779714629,35.3007850618],[139.4779770405,35.3007874216],[139.4779824364,35.3007882508],[139.4779880527,35.3007877292],[139.4779912426,35.3007881698],[139.4779938497,35.3007896375],[139.4779975981,35.3007913678],[139.4780025525,35.3007931701],[139.4780098037,35.3007940892],[139.4780140701,35.3007952781],[139.47801835,35.3007970893],[139.4780207619,35.3007976379],[139.478023629,35.3007971163],[139.4780270401,35.3007955029],[139.4780328255,35.3008067022],[139.4780364048,35.3008169715],[139.4780370406,35.3008223045],[139.4780367942,35.300826891],[139.4780356916,35.3008307833],[139.4780343552,35.3008366109],[139.4780343291,35.3008412235],[139.478034965,35.3008472508],[139.4780383239,35.3008560075],[139.478050347,35.3008751703],[139.4780532662,35.300887062],[139.4780554066,35.3008997829],[139.4780562366,35.3009088912],[139.4780564039,35.3009181695],[139.4780558868,35.3009286376],[139.478050516,35.3009317826],[139.4780400497,35.3009379447],[139.4780336556,35.3009423676],[139.4780287911,35.300947116],[139.4780262757,35.300951341],[139.4780264304,35.3009589178],[139.4780281814,35.3009620888],[139.4780309315,35.3009643407],[139.4780342122,35.300965089],[139.4780400497,35.3009660081],[139.4780503731,35.3009656753],[139.4780587394,35.3009647832],[139.4780620463,35.3009636105],[139.4780711006,35.3009600078],[139.4780884935,35.3009775032],[139.4780915413,35.3009835296],[139.4780933822,35.300989305],[139.478096716,35.3010050081],[139.4781025131,35.3010156749],[139.4781096087,35.3010268643],[139.4781156,35.3010382236],[139.478118324,35.3010456377],[139.4781224609,35.3010553953],[139.478119102,35.3010700623],[139.4781169886,35.3010707827],[139.4781117095,35.3010705839],[139.4780984409,35.3010659452],[139.478089543,35.3010639452],[139.4780830454,35.3010642779],[139.4780802953,35.30106517],[139.4780798546,35.3010668913],[139.4780802701,35.3010692242],[139.478082799,35.3010722243],[139.4780874036,35.3010761157],[139.4780927734,35.3010783676],[139.4781311007,35.301090557],[139.4781559373,35.3010961427],[139.4781767944,35.3010997292],[139.4781871312,35.3011008371],[139.4781976883,35.3011006753],[139.4782140704,35.3010991158],[139.4782336558,35.3010955572],[139.4782482078,35.3010891163],[139.4782496341,35.3010903681],[139.4782533825,35.3010907557],[139.4782568844,35.3010899445],[139.4782609574,35.3010890623],[139.4782645763,35.3010901433],[139.4782691026,35.3010901703],[139.4782719696,35.3010904491],[139.478274718,35.3010898096],[139.4782849136,35.3010922783],[139.4782915155,35.3010924761],[139.4782979358,35.3010937828],[139.4782999584,35.3010959178],[139.4783041357,35.3010975573],[139.478307429,35.3010993676],[139.4783078571,35.3011028912],[139.4783100496,35.3011062241],[139.4783146533,35.3011092242],[139.4783202444,35.3011103052],[139.4783242122,35.3011097017],[139.4783275208,35.3011086378],[139.4783310227,35.3011098906],[139.4783327737,35.3011115301],[139.4783360805,35.301114702],[139.47834132,35.3011161427],[139.4783467168,35.3011170618],[139.4783535517,35.3011172776],[139.4783580528,35.3011154763],[139.4783631366,35.3011107288],[139.4783654974,35.3011077556],[139.4783773513,35.3011030081],[139.4783873518,35.301104197],[139.4783954583,35.3011067556],[139.4784046026,35.3011082241],[139.4784315418,35.3011068635],[139.4784901794,35.3011000889],[139.4785163532,35.3010970078],[139.4785246288,35.3010947829],[139.4785323585,35.3010892242],[139.4785365475,35.3010836376],[139.4785397383,35.3010802237],[139.4785420721,35.3010779718],[139.4785516319,35.3010764763],[139.4785542642,35.3010761156],[139.4785665993,35.3010744492],[139.4785820982,35.3010732243],[139.4785969622,35.301072557],[139.4786049653,35.3010745571],[139.4786096867,35.3010768369],[139.4786134081,35.3010795295],[139.4786183508,35.3010816375],[139.4786256263,35.3010814756],[139.4786345503,35.3010783945],[139.4786363012,35.3010755571],[139.4786388562,35.3010733952],[139.4786461065,35.301072611],[139.4786534603,35.3010732513],[139.4786581817,35.3010755302],[139.4786623582,35.3010773405],[139.4786687398,35.3010783675],[139.4786697129,35.3010794485],[139.4786792978,35.3010786382],[139.4786856911,35.3010774214],[139.4786905169,35.3010757289],[139.4786919306,35.3010759717],[139.4786903739,35.3010790618],[139.4787139928,35.3010901163],[139.4787352635,35.3011013677],[139.4787555487,35.3011149447],[139.4787645509,35.3011215296],[139.4788167682,35.3011720076],[139.4788322159,35.3011883681],[139.4788676888,35.3012213678],[139.4789061069,35.301264395],[139.4789176884,35.3012773947],[139.4789274946,35.3012971699],[139.4789189348,35.301322395],[139.4789487915,35.3015558365],[139.4789670792,35.3015538373],[139.4790107368,35.3015482777],[139.4790093752,35.3015312238],[139.479001347,35.3015313048],[139.4789988306,35.3015086751],[139.4789838497,35.3015093946],[139.4789785194,35.3014248637],[139.4789658471,35.3014259177],[139.4789653543,35.3014156376],[139.4789766902,35.3014145026],[139.4789759896,35.301399341],[139.4789706072,35.3013488638],[139.4789885963,35.3013541428],[139.4790004647,35.301357062],[139.4790063013,35.3013578912],[139.4790119041,35.30135817],[139.4790158476,35.3013578103],[139.4790200492,35.3013568372],[139.4790269884,35.3013544216],[139.4790337072,35.301351837],[139.4790398802,35.3013494223],[139.4790452635,35.3013478098],[139.4790511001,35.3013461964],[139.4790598038,35.3013441702],[139.4790839011,35.3013380081],[139.4790985448,35.3013357022],[139.4791072358,35.3013345565],[139.4791217356,35.3013334215],[139.4791506857,35.3013320887],[139.4791641872,35.3013320348],[139.4791914636,35.3013333676],[139.4792220208,35.3013367832],[139.4792512425,35.3013411971],[139.4792645506,35.3013440344],[139.4792765215,35.3013463412],[139.4792847449,35.301347611],[139.4792945502,35.3013491695],[139.4792996089,35.3013497289],[139.4793404903,35.3013490346],[139.4793598545,35.3013490886],[139.4793752635,35.3013503135],[139.4793845769,35.3013510617],[139.4793912687,35.3013535834],[139.4793989346,35.301360278],[139.479405523,35.3013650884],[139.4794139667,35.3013698099],[139.4794230454,35.3013732777],[139.4794280132,35.3013751698],[139.4794399976,35.3013797015],[139.4794586352,35.3013891426],[139.479473215,35.3013994488],[139.4794874683,35.3014087019],[139.479506989,35.3014210074],[139.4795124614,35.3014267019],[139.4795259377,35.301438278],[139.4795451077,35.3014588095],[139.4795672994,35.3014841964],[139.4795961325,35.3015274484],[139.4796044333,35.3015437019],[139.479619246,35.3015780893],[139.4796239018,35.3015925297],[139.4796254972,35.3016038908],[139.4796261582,35.3016267831],[139.4796272356,35.3016311969],[139.4796295172,35.3016380614],[139.4796367163,35.301652143],[139.4796468849,35.3016699451],[139.479649376,35.301673278],[139.479652994,35.3016779716],[139.4796582469,35.3016857561],[139.4796618263,35.3016977557],[139.4796654065,35.301709116],[139.4796722413,35.3017268101],[139.4796863013,35.3017596381],[139.4796965473,35.3017798639],[139.4797019954,35.3017890082],[139.4797067951,35.3017947018],[139.4797145769,35.3018016382],[139.4797235773,35.3018105029],[139.4797304643,35.3018173953],[139.4797334087,35.30182181],[139.479739972,35.3018330075],[139.4797421249,35.3018367019],[139.4797484679,35.301849251],[139.4797540185,35.3018602776],[139.4797558477,35.3018679453],[139.4797567947,35.3018799179],[139.4797576248,35.3018881431],[139.4797596869,35.3018970617],[139.4797636035,35.3019071701],[139.4797705687,35.3019255837],[139.479771879,35.3019285569],[139.4797741615,35.3019325301],[139.4797776635,35.3019385834],[139.4797829938,35.3019495839],[139.4797841881,35.3019546381],[139.4797865479,35.3019678905],[139.479787404,35.3019717018],[139.4797913467,35.3019753945],[139.4797967165,35.3019798371],[139.4797999064,35.3019817284],[139.479804823,35.3019854489],[139.4798098808,35.301987449],[139.4798159377,35.3019877287],[139.4798179099,35.3019858365],[139.479819687,35.301983143],[139.4798222159,35.3019802778],[139.4798270794,35.3019804756],[139.4798302451,35.3019817284],[139.4798339664,35.3019850891],[139.4798395701,35.3019891424],[139.4798425136,35.3019925032],[139.4798448231,35.3019943045],[139.479855355,35.3020006375],[139.4798609317,35.3020030891],[139.4798664311,35.3020068905],[139.4798713468,35.3020132235],[139.4798738496,35.3020190889],[139.479875498,35.3020233409],[139.4798764306,35.3020323404],[139.4798848744,35.3020391429],[139.4798932669,35.3020524214],[139.47989599,35.3020594487],[139.479898831,35.3020631431],[139.4799036558,35.3020687558],[139.4799101274,35.3020713944],[139.4799154064,35.3020712235],[139.4799218006,35.3020709717],[139.4799272738,35.3020714492],[139.4799312425,35.3020720887],[139.4799374946,35.30207481],[139.4799470149,35.302085395],[139.4799497389,35.3020888907],[139.4799498549,35.3020921426],[139.4799461065,35.3020933046],[139.479943682,35.3020951967],[139.4799428519,35.302104395],[139.4799470149,35.3021082774],[139.479951516,35.3021100886],[139.4799615155,35.3021103045],[139.4799665994,35.3021097019],[139.4799702192,35.302110702],[139.4799762105,35.3021190081],[139.4799842387,35.3021228905],[139.4799916059,35.3021247287],[139.4799996351,35.3021247557],[139.4800077668,35.302123341],[139.480019324,35.3021199452],[139.4800317751,35.3021172508],[139.4800341097,35.3021165565],[139.4800382727,35.3021153047],[139.4800470411,35.3021146104],[139.4800547447,35.302114891],[139.480060128,35.3021173407],[139.4800632927,35.3021220622],[139.480064603,35.302126557],[139.4800654592,35.3021320617],[139.4800668459,35.3021411701],[139.4800697391,35.302152864],[139.4800766647,35.3021619174],[139.4800804905,35.3021661694],[139.4800884935,35.3021708909],[139.480093215,35.3021729719],[139.4801012423,35.3021744486],[139.4801127734,35.3021753677],[139.4801228782,35.302174945],[139.480133331,35.3021757832],[139.480404045,35.3023761701],[139.4804083249,35.3023809446],[139.4804332406,35.3024175299],[139.4804349916,35.302420584],[139.480448182,35.3024428099],[139.4804519052,35.3024491789],[139.4804715419,35.3024828909],[139.4804617752,35.3024841427],[139.4804504132,35.3024874486],[139.4804361068,35.3024947017],[139.4804137083,35.3025068911],[139.4804002706,35.3025138905],[139.4803989351,35.3025152242],[139.4803933305,35.3025181155],[139.4803817356,35.3025264486],[139.4803720211,35.302537611],[139.4803674948,35.3025420078],[139.480365822,35.3025435295],[139.4803579098,35.302543864],[139.4803562757,35.3025429719],[139.4803542909,35.302541702],[139.4803503474,35.302540702],[139.4803455225,35.3025397019],[139.4803412166,35.3025395841],[139.4803373783,35.3025401156],[139.4803351597,35.3025413675],[139.4803322935,35.3025440619],[139.4803244595,35.3025526108],[139.4803247968,35.3025585302],[139.4803232931,35.3025637022],[139.480321516,35.302568116],[139.4803209576,35.3025705298],[139.4803212948,35.3025721702],[139.4803246799,35.3025769447],[139.4803275208,35.3025778638],[139.480330932,35.3025785032],[139.4803331371,35.3025781426],[139.4803426312,35.3025752512],[139.4803481297,35.3025715029],[139.4803557182,35.3025688364],[139.4803622158,35.3025676745],[139.4803708016,35.3025658102],[139.4803769629,35.3025641158],[139.4803800502,35.3025618639],[139.4803829415,35.3025585571],[139.4803851341,35.3025570346],[139.4803879876,35.3025560345],[139.4803909581,35.302555503],[139.4803986878,35.3025503949],[139.4804112693,35.3025397019],[139.4804132406,35.3025380076],[139.4804182076,35.3025370076],[139.4804207365,35.3025359446],[139.480431853,35.3025317285],[139.4804380529,35.3025272508],[139.4804399064,35.3025266105],[139.4804427734,35.3025258101],[139.4804504905,35.3025242237],[139.4804590773,35.3025194762],[139.4804661324,35.3025170615],[139.4804806601,35.3025117015],[139.4804890508,35.302507035],[139.4804939925,35.3025052237],[139.4805002707,35.3025032776],[139.4805059895,35.3025028369],[139.4805101543,35.3025041158],[139.4805123585,35.3025041158],[139.4805144602,35.3025041158],[139.4805157696,35.302504837],[139.4805164306,35.3025055565],[139.4805164045,35.3025068371],[139.480515329,35.3025081699],[139.4805105688,35.3025115028],[139.4805066001,35.302515449],[139.4805059382,35.3025174491],[139.4805073259,35.3025220347],[139.480509103,35.3025231427],[139.4805112946,35.3025233046],[139.480515355,35.3025222506],[139.480527495,35.302514341],[139.4805308018,35.302511197],[139.4805326832,35.3025110351],[139.4805342129,35.3025115837],[139.4805411269,35.3025150344],[139.4805494654,35.3025171964],[139.4805528388,35.3025181335],[139.4805616575,35.3025205841],[139.4805693494,35.3025222236],[139.4805773777,35.3025233406],[139.4805849662,35.3025234485],[139.480594097,35.3025231967],[139.4806002708,35.302521675],[139.4806048745,35.3025192504],[139.4806144855,35.3025119722],[139.4806249401,35.3025130073],[139.4806761853,35.3025181964],[139.4806870797,35.302533305],[139.4807620733,35.3025063946],[139.4807662371,35.302512197],[139.4807709577,35.3025118094],[139.4808472742,35.302484729],[139.4808629421,35.3024988367],[139.4810124365,35.3024618638],[139.4810454587,35.3024494216],[139.4810675991,35.3024177556],[139.4810937082,35.3024191963],[139.4811576635,35.3025168906],[139.4811775205,35.302525891],[139.4811970799,35.3025307284],[139.4812188309,35.3025336746],[139.4812301543,35.3025359445],[139.4812383768,35.3025404753],[139.4812609318,35.3025905028],[139.4812968201,35.3025795841],[139.4812700239,35.3025200346],[139.481245887,35.30250681],[139.4812333828,35.3025042236],[139.4812645641,35.3024970614],[139.4812759639,35.3024944489],[139.4813141878,35.3024823044],[139.4813283773,35.3024777556],[139.4813772744,35.3024639178],[139.4814248746,35.3025671698],[139.4814692202,35.3026631158],[139.4814740972,35.3026737827],[139.4815150695,35.3027615025],[139.4816289093,35.3030082774],[139.4817436043,35.302960116],[139.4820174038,35.3028047014],[139.4820509324,35.3028048093],[139.4821006082,35.302791422],[139.4821885448,35.302770305],[139.4822275727,35.3027678094],[139.4822649665,35.3027691971],[139.4822975211,35.3027706378],[139.4823349923,35.3027760616],[139.4823577154,35.3027828092],[139.482386911,35.3027975833],[139.4824388568,35.3028350616],[139.4825004136,35.3028925571],[139.4825738504,35.3029703943],[139.4827193239,35.3030763677],[139.4828589356,35.3032127013],[139.4830014125,35.3033444484],[139.4831494401,35.3035230888],[139.4831600503,35.3035351964],[139.4831733315,35.3035420888],[139.4831911273,35.3035430349],[139.4832095184,35.3035362504],[139.4832095706,35.3034951424],[139.4831328781,35.3033846742],[139.4830132935,35.3032412773],[139.4829022946,35.3031003409],[139.4828813863,35.3030775566],[139.4827961854,35.302974729],[139.4827573526,35.3029266377],[139.4826991296,35.3028330885],[139.4826748749,35.3027957018],[139.4826539413,35.3027610348],[139.482615355,35.3026555299],[139.4826040451,35.3026275565],[139.4825860812,35.3024850077],[139.4826589092,35.3024471965],[139.4826783507,35.3024498639],[139.4827112173,35.3024279717],[139.482714382,35.3024082235]]],[[[139.4801588304,35.3022559182],[139.4801600238,35.3022569182],[139.4801620986,35.302257197],[139.4801644341,35.3022554757],[139.4801655484,35.3022542238],[139.4801665214,35.302252972],[139.4801669891,35.3022505294],[139.4801651338,35.3022491697],[139.4801613467,35.3022492236],[139.4801581299,35.3022498909],[139.4801578574,35.3022509449],[139.4801582989,35.3022521428],[139.4801589608,35.3022528101],[139.4801593754,35.3022535835],[139.4801588304,35.3022559182]]],[[[139.4801526044,35.3022674484],[139.4801532672,35.3022667289],[139.4801538239,35.3022658098],[139.4801539408,35.3022647288],[139.4801529677,35.302263557],[139.4801516574,35.3022627557],[139.480149544,35.3022628367],[139.480148597,35.3022635031],[139.4801480134,35.3022647288],[139.4801481051,35.3022661695],[139.4801492194,35.3022673405],[139.4801511907,35.3022676112],[139.4801526044,35.3022674484]]],[[[139.480134019,35.3022926105],[139.4801324875,35.3022931699],[139.4801314901,35.302292972],[139.4801316322,35.3022918911],[139.480130348,35.3022912507],[139.4801284414,35.3022915295],[139.4801275466,35.302293062],[139.4801267687,35.302295116],[139.4801271842,35.3022965567],[139.4801274036,35.3022975568],[139.4801257695,35.3022980082],[139.4801249916,35.3022987286],[139.4801258865,35.3022992781],[139.480126963,35.302299368],[139.4801272354,35.3023003681],[139.4801280529,35.3023009715],[139.4801299325,35.3023010075],[139.4801307122,35.302300449],[139.4801312428,35.3022995569],[139.4801320207,35.3022986378],[139.480133993,35.3022991162],[139.4801353284,35.302298395],[139.4801358869,35.302297305],[139.4801362107,35.3022947014],[139.4801361324,35.3022932508],[139.4801352376,35.3022925296],[139.480134019,35.3022926105]]],[[[139.4801132924,35.3023297022],[139.4801108795,35.3023300889],[139.4801099981,35.3023315835],[139.4801092202,35.3023328372],[139.480109544,35.302334197],[139.4801103219,35.3023345567],[139.4801114119,35.3023346376],[139.4801119695,35.3023351161],[139.4801129677,35.3023360082],[139.4801151594,35.3023360082],[139.4801169112,35.3023356746],[139.4801182467,35.3023351161],[139.4801200238,35.3023353409],[139.4801204384,35.3023345027],[139.4801193241,35.3023343049],[139.4801190507,35.302332008],[139.4801182728,35.3023306105],[139.4801160416,35.3023303407],[139.4801132924,35.3023297022]]],[[[139.4802982991,35.302395305],[139.4802962109,35.3023983951],[139.4802959636,35.3023998097],[139.4802959636,35.3024032505],[139.4802963791,35.3024055842],[139.4802995699,35.3024090349],[139.4803011005,35.3024097562],[139.4803027481,35.3024099451],[139.480305938,35.3024099451],[139.4803100236,35.3024082507],[139.4803136559,35.3024059179],[139.4803201536,35.3024029447],[139.4803249919,35.3024018098],[139.480332709,35.3023997557],[139.4803428255,35.302397449],[139.4803487655,35.3023955568],[139.4803524104,35.3023936745],[139.480353513,35.302392062],[139.4803539672,35.3023907014],[139.4803533304,35.3023887291],[139.4803513465,35.3023871697],[139.4803477151,35.3023845572],[139.4803447707,35.3023832775],[139.4803399332,35.3023827289],[139.4803313465,35.3023832505],[139.4803236294,35.302385675],[139.4803150436,35.30238781],[139.4803079875,35.302392116],[139.4803054586,35.3023928094],[139.4803011904,35.3023933409],[139.4802982991,35.302395305]]]]},"id":"14205"}]}
