{"type":"FeatureCollection","features":[{"type":"Feature","properties":{"id":"bus-001","name":"2街区グラウンド前","operator":"神奈川中央交通（株）","routes":["善04"],"source_year":2022},"geometry":{"type":"Point","coordinates":[139.46604991221972,35.36797875898247]},"id":"bus-001"},{"type":"Feature","properties":{"id":"bus-002","name":"3号西","operator":"神奈川中央交通（株）","routes":["六05,六07"],"source_year":2022},"geometry":{"type":"Point","coordinates":[139.46034662565276,35.37979243977996]},"id":"bus-002"},{"type":"Feature","properties":{"id":"bus-003","name":"4号西","operator":"神奈川中央交通（株）","routes":["六05,六07"],"source_year":2022},"geometry":{"type":"Point","coordinates":[139.45978947683258,35.37761628352516]},"id":"bus-003"},{"type":"Feature","properties":{"id":"bus-004","name":"5号西","operator":"神奈川中央交通（株）","routes":["六05,六07"],"source_year":2022},"geometry":{"type":"Point","coordinates":[139.4593017561512,35.37588508130877]},"id":"bus-004"},{"type":"Feature","properties":{"id":"bus-005","name":"NOK前","operator":"神奈川中央交通（株）","routes":["藤02,藤03"],"source_year":2022},"geometry":{"type":"Point","coordinates":[139.46516991746836,35.341617248151884]},"id":"bus-005"},{"type":"Feature","properties":{"id":"bus-006","name":"いすゞ前","operator":"神奈川中央交通（株）","routes":["長16,長35,長36"],"source_year":2022},"geometry":{"type":"Point","coordinates":[139.4496417718911,35.40724067077971]},"id":"bus-006"},{"type":"Feature","properties":{"id":"bus-007","name":"いすゞ南門","operator":"神奈川中央交通（株）","routes":["湘14"],"source_year":2022},"geometry":{"type":"Point","coordinates":[139.45250565322127,35.39550221799473]},"id":"bus-007"},{"type":"Feature","properties":{"id":"bus-008","name":"かながわ女性センター","operator":"（株）江ノ電バス","routes":["F31"],"source_year":2022},"geometry":{"type":"Point","coordinates":[139.4829580975358,35.29974544728484]},"id":"bus-008"},{"type":"Feature","properties":{"id":"bus-009","name":"こぶし荘","operator":"神奈川中央交通（株）","routes":["長41"],"source_year":2022},"geometry":{"type":"Point","coordinates":[139.45737264918867,35.40782090740947]},"id":"bus-009"},{"type":"Feature","properties":{"id":"bus-010","name":"とどろき公園","operator":"神奈川中央交通（株）","routes":["長41"],"source_year":2022},"geometry":{"type":"Point","coordinates":[139.46148272694214,35.403353736236355]},"id":"bus-010"},{"type":"Feature","properties":{"id":"bus-011","name":"ふじがおか幼稚園前","operator":"神奈川中央交通（株）","routes":["藤60"],"source_year":2022},"geometry":{"type":"Point","coordinates":[139.4946838866705,35.3478511520168]},"id":"bus-011"},{"type":"Feature","properties":{"id":"bus-012","name":"みどりの園前","operator":"（株）江ノ電バス","routes":["F7,F71"],"source_year":2022},"geometry":{"type":"Point","coordinates":[139.50596808860814,35.334667722880894]},"id":"bus-012"},{"type":"Feature","properties":{"id":"bus-013","name":"アズビル前","operator":"（株）江ノ電バス","routes":["F6,F65,F7,F71"],"source_year":2022},"geometry":{"type":"Point","coordinates":[139.4983934983084,35.33621541596987]},"id":"bus-013"},{"type":"Feature","properties":{"id":"bus-014","name":"ソニー前","operator":"神奈川中央交通（株）","routes":["藤01,辻09,藤21"],"source_year":2022},"geometry":{"type":"Point","coordinates":[139.4630228126496,35.338245625685005]},"id":"bus-014"},{"type":"Feature","properties":{"id":"bus-015","name":"プレス工業前","operator":"神奈川中央交通（株）","routes":["藤34"],"source_year":2022},"geometry":{"type":"Point","coordinates":[139.44892721370275,35.382994240959825]},"id":"bus-015"},{"type":"Feature","properties":{"id":"bus-016","name":"マーケット前","operator":"神奈川中央交通（株）","routes":["善01,善04,善05,善06"],"source_year":2022},"geometry":{"type":"Point","coordinates":[139.46482250971073,35.36706191005958]},"id":"bus-016"},{"type":"Feature","properties":{"id":"bus-017","name":"ミネベア前","operator":"（株）江ノ電バス","routes":["F2・F20,F21,F23,F3,F31,F35,F37"],"source_year":2022},"geometry":{"type":"Point","coordinates":[139.48780919588015,35.33010314428167]},"id":"bus-017"},{"type":"Feature","properties":{"id":"bus-018","name":"メルシャン前","operator":"神奈川中央交通（株）","routes":["藤12,藤13,藤15,藤34,藤39,藤07,藤08"],"source_year":2022},"geometry":{"type":"Point","coordinates":[139.46339153229982,35.34652695445787]},"id":"bus-018"},{"type":"Feature","properties":{"id":"bus-019","name":"ヤクルト前","operator":"神奈川中央交通（株）","routes":["藤01,藤21"],"source_year":2022},"geometry":{"type":"Point","coordinates":[139.46961807470583,35.338185510660864]},"id":"bus-019"},{"type":"Feature","properties":{"id":"bus-020","name":"ライフタウン中央","operator":"神奈川中央交通（株）","routes":["藤12,藤13,辻23,辻24,辻26,辻33,辻34,辻35"],"source_year":2022},"geometry":{"type":"Point","coordinates":[139.44642262164007,35.36577939050476]},"id":"bus-020"},{"type":"Feature","properties":{"id":"bus-021","name":"一ノ坪","operator":"神奈川中央交通（株）","routes":["湘12"],"source_year":2022},"geometry":{"type":"Point","coordinates":[139.44988534972597,35.37238925760305]},"id":"bus-021"},{"type":"Feature","properties":{"id":"bus-022","name":"一中入口","operator":"神奈川中央交通（株）","routes":["藤09,藤10,藤12,藤13,藤15,藤34,藤38,藤39,藤07,藤08"],"source_year":2022},"geometry":{"type":"Point","coordinates":[139.469448782876,35.34724031468969]},"id":"bus-022"},{"type":"Feature","properties":{"id":"bus-023","name":"一本松","operator":"神奈川中央交通（株）","routes":["藤01,藤21"],"source_year":2022},"geometry":{"type":"Point","coordinates":[139.47993996908585,35.33869591172944]},"id":"bus-023"},{"type":"Feature","properties":{"id":"bus-024","name":"一色上","operator":"神奈川中央交通（株）","routes":["藤34,湘15"],"source_year":2022},"geometry":{"type":"Point","coordinates":[139.4488696513293,35.38716088836657]},"id":"bus-024"},{"type":"Feature","properties":{"id":"bus-025","name":"三富士町","operator":"神奈川中央交通（株）","routes":["藤01,藤21"],"source_year":2022},"geometry":{"type":"Point","coordinates":[139.48290082695314,35.33887093843653]},"id":"bus-025"},{"type":"Feature","properties":{"id":"bus-026","name":"三富士町","operator":"神奈川中央交通（株）","routes":["戸81,藤02,藤03,藤04,藤06,藤09,藤10,藤12,藤13,藤15,藤34,藤35,藤36,藤38,藤39,藤56,船32,船33,船65,藤07,藤08"],"source_year":2022},"geometry":{"type":"Point","coordinates":[139.4842998829095,35.339472555684395]},"id":"bus-026"},{"type":"Feature","properties":{"id":"bus-027","name":"三富士町","operator":"（株）江ノ電バス","routes":["藤04,藤06,F9"],"source_year":2022},"geometry":{"type":"Point","coordinates":[139.4842998829095,35.339472555684395]},"id":"bus-027"},{"type":"Feature","properties":{"id":"bus-028","name":"上土棚北二丁目","operator":"綾瀬市","routes":["4号車　市役所→長後駅西口"],"source_year":2022},"geometry":{"type":"Point","coordinates":[139.4452782919486,35.42646959828532]},"id":"bus-028"},{"type":"Feature","properties":{"id":"bus-029","name":"上宮下","operator":"神奈川中央交通（株）","routes":["湘22,長36"],"source_year":2022},"geometry":{"type":"Point","coordinates":[139.42930350201874,35.41099835516001]},"id":"bus-029"},{"type":"Feature","properties":{"id":"bus-030","name":"上岡","operator":"（株）江ノ電バス","routes":["F5"],"source_year":2022},"geometry":{"type":"Point","coordinates":[139.47826471498408,35.3284737262277]},"id":"bus-030"},{"type":"Feature","properties":{"id":"bus-031","name":"上村","operator":"神奈川中央交通（株）","routes":["藤02,藤03"],"source_year":2022},"geometry":{"type":"Point","coordinates":[139.47085722146383,35.34266641376434]},"id":"bus-031"},{"type":"Feature","properties":{"id":"bus-032","name":"上村橋","operator":"神奈川中央交通（株）","routes":["藤02,藤03"],"source_year":2022},"geometry":{"type":"Point","coordinates":[139.46815244696032,35.3421661377906]},"id":"bus-032"},{"type":"Feature","properties":{"id":"bus-033","name":"上谷台","operator":"神奈川中央交通（株）","routes":["長22,長24,長33,長37,長38,長39"],"source_year":2022},"geometry":{"type":"Point","coordinates":[139.45818608260424,35.41773063304768]},"id":"bus-033"},{"type":"Feature","properties":{"id":"bus-034","name":"上高倉","operator":"神奈川中央交通（株）","routes":["い08,長54,長55"],"source_year":2022},"geometry":{"type":"Point","coordinates":[139.4757542824391,35.41698994688868]},"id":"bus-034"},{"type":"Feature","properties":{"id":"bus-035","name":"下土棚","operator":"神奈川中央交通（株）","routes":["長12,長16,長35,長36"],"source_year":2022},"geometry":{"type":"Point","coordinates":[139.45127833132798,35.407278235224695]},"id":"bus-035"},{"type":"Feature","properties":{"id":"bus-036","name":"下屋敷","operator":"神奈川中央交通（株）","routes":["湘27,藤51,藤58,藤59"],"source_year":2022},"geometry":{"type":"Point","coordinates":[139.48255008928626,35.37956947237253]},"id":"bus-036"},{"type":"Feature","properties":{"id":"bus-037","name":"下高倉","operator":"神奈川中央交通（株）","routes":["湘07"],"source_year":2022},"geometry":{"type":"Point","coordinates":[139.47103551172475,35.39865496368518]},"id":"bus-037"},{"type":"Feature","properties":{"id":"bus-038","name":"並木台","operator":"神奈川中央交通（株）","routes":["藤60,船30,船31"],"source_year":2022},"geometry":{"type":"Point","coordinates":[139.50353580746076,35.3531381661995]},"id":"bus-038"},{"type":"Feature","properties":{"id":"bus-039","name":"中原","operator":"神奈川中央交通（株）","routes":["湘19"],"source_year":2022},"geometry":{"type":"Point","coordinates":[139.41050779471317,35.4005552867875]},"id":"bus-039"},{"type":"Feature","properties":{"id":"bus-040","name":"中岡","operator":"（株）江ノ電バス","routes":["F5"],"source_year":2022},"geometry":{"type":"Point","coordinates":[139.47622043748737,35.326140622337256]},"id":"bus-040"},{"type":"Feature","properties":{"id":"bus-041","name":"中郷","operator":"神奈川中央交通（株）","routes":["善02,善03"],"source_year":2022},"geometry":{"type":"Point","coordinates":[139.46508389574245,35.35447972408168]},"id":"bus-041"},{"type":"Feature","properties":{"id":"bus-042","name":"丸石","operator":"神奈川中央交通（株）","routes":["湘13"],"source_year":2022},"geometry":{"type":"Point","coordinates":[139.45250574855896,35.38649486941214]},"id":"bus-042"},{"type":"Feature","properties":{"id":"bus-043","name":"久根下公園前","operator":"神奈川中央交通（株）","routes":["辻03,辻10,辻11"],"source_year":2022},"geometry":{"type":"Point","coordinates":[139.447415191616,35.33113924756757]},"id":"bus-043"},{"type":"Feature","properties":{"id":"bus-044","name":"久根下公園前","operator":"（株）江ノ電バス","routes":["辻03"],"source_year":2022},"geometry":{"type":"Point","coordinates":[139.447415191616,35.33113924756757]},"id":"bus-044"},{"type":"Feature","properties":{"id":"bus-045","name":"亀井野","operator":"神奈川中央交通（株）","routes":["湘27,藤51,藤58"],"source_year":2022},"geometry":{"type":"Point","coordinates":[139.48084521958535,35.38167976393655]},"id":"bus-045"},{"type":"Feature","properties":{"id":"bus-046","name":"亀井野三丁目","operator":"神奈川中央交通（株）","routes":["湘27,藤51,藤58"],"source_year":2022},"geometry":{"type":"Point","coordinates":[139.47902285155533,35.38416612270773]},"id":"bus-046"},{"type":"Feature","properties":{"id":"bus-047","name":"亀井野住宅","operator":"善行地区郷土づくり推進会議","routes":["のりあい善行　01系統"],"source_year":2022},"geometry":{"type":"Point","coordinates":[139.4811628914028,35.368005716517985]},"id":"bus-047"},{"type":"Feature","properties":{"id":"bus-048","name":"亀井野公園","operator":"善行地区郷土づくり推進会議","routes":["のりあい善行　01系統"],"source_year":2022},"geometry":{"type":"Point","coordinates":[139.48053794043574,35.36804238003988]},"id":"bus-048"},{"type":"Feature","properties":{"id":"bus-049","name":"亀井野団地","operator":"善行地区郷土づくり推進会議","routes":["のりあい善行　01系統"],"source_year":2022},"geometry":{"type":"Point","coordinates":[139.4799129864674,35.36770131300722]},"id":"bus-049"},{"type":"Feature","properties":{"id":"bus-050","name":"亀井野団地入口","operator":"神奈川中央交通（株）","routes":["藤51,藤58,藤59"],"source_year":2022},"geometry":{"type":"Point","coordinates":[139.4820311381179,35.36591875773538]},"id":"bus-050"},{"type":"Feature","properties":{"id":"bus-051","name":"二ツ谷","operator":"神奈川中央交通（株）","routes":["藤07,藤08,辻01"],"source_year":2022},"geometry":{"type":"Point","coordinates":[139.44463174550856,35.344174423093165]},"id":"bus-051"},{"type":"Feature","properties":{"id":"bus-052","name":"二番構保健医療センター","operator":"神奈川中央交通（株）","routes":["善03,藤12,藤13,湘16,辻23,辻24,辻26,辻33,辻34,辻35"],"source_year":2022},"geometry":{"type":"Point","coordinates":[139.44651288219166,35.368835684046786]},"id":"bus-052"},{"type":"Feature","properties":{"id":"bus-053","name":"五反田","operator":"神奈川中央交通（株）","routes":["藤34"],"source_year":2022},"geometry":{"type":"Point","coordinates":[139.4524501675528,35.37034793462629]},"id":"bus-053"},{"type":"Feature","properties":{"id":"bus-054","name":"交通公園前","operator":"神奈川中央交通（株）","routes":["辻03"],"source_year":2022},"geometry":{"type":"Point","coordinates":[139.44618395376057,35.32283321176428]},"id":"bus-054"},{"type":"Feature","properties":{"id":"bus-055","name":"交通公園前","operator":"（株）江ノ電バス","routes":["辻03"],"source_year":2022},"geometry":{"type":"Point","coordinates":[139.44618395376057,35.32283321176428]},"id":"bus-055"},{"type":"Feature","properties":{"id":"bus-056","name":"今田","operator":"神奈川中央交通（株）","routes":["湘27,藤51"],"source_year":2022},"geometry":{"type":"Point","coordinates":[139.47255100275888,35.39394789790678]},"id":"bus-056"},{"type":"Feature","properties":{"id":"bus-057","name":"今田上原","operator":"神奈川中央交通（株）","routes":["湘07"],"source_year":2022},"geometry":{"type":"Point","coordinates":[139.47286817314856,35.39835474034877]},"id":"bus-057"},{"type":"Feature","properties":{"id":"bus-058","name":"今田西原","operator":"神奈川中央交通（株）","routes":["湘07"],"source_year":2022},"geometry":{"type":"Point","coordinates":[139.47444837446577,35.39428894425779]},"id":"bus-058"},{"type":"Feature","properties":{"id":"bus-059","name":"仲之桜","operator":"神奈川中央交通（株）","routes":["湘20,湘24"],"source_year":2022},"geometry":{"type":"Point","coordinates":[139.4393815658768,35.39813992937598]},"id":"bus-059"},{"type":"Feature","properties":{"id":"bus-060","name":"仲町","operator":"（株）江ノ電バス","routes":["F35,藤06,J1,J3,J4"],"source_year":2022},"geometry":{"type":"Point","coordinates":[139.44973385949203,35.33581492208867]},"id":"bus-060"},{"type":"Feature","properties":{"id":"bus-061","name":"仲町","operator":"神奈川中央交通（株）","routes":["藤06,辻02"],"source_year":2022},"geometry":{"type":"Point","coordinates":[139.44973385949203,35.33581492208867]},"id":"bus-061"},{"type":"Feature","properties":{"id":"bus-062","name":"伊勢山入口","operator":"神奈川中央交通（株）","routes":["藤35,藤36,藤45,藤46"],"source_year":2022},"geometry":{"type":"Point","coordinates":[139.47470944613175,35.3501842236624]},"id":"bus-062"},{"type":"Feature","properties":{"id":"bus-063","name":"伊勢山辺中央","operator":"善行地区郷土づくり推進会議","routes":["のりあい善行　02系統"],"source_year":2022},"geometry":{"type":"Point","coordinates":[139.48055037663644,35.35931291316435]},"id":"bus-063"},{"type":"Feature","properties":{"id":"bus-064","name":"伊勢山辺坂下","operator":"善行地区郷土づくり推進会議","routes":["のりあい善行　02系統"],"source_year":2022},"geometry":{"type":"Point","coordinates":[139.48205997237764,35.35888686382796]},"id":"bus-064"},{"type":"Feature","properties":{"id":"bus-065","name":"住宅前","operator":"神奈川中央交通（株）","routes":["長12,長16,長35,長36,長41"],"source_year":2022},"geometry":{"type":"Point","coordinates":[139.45754760451848,35.41018885467637]},"id":"bus-065"},{"type":"Feature","properties":{"id":"bus-066","name":"住宅前","operator":"神奈川中央交通（株）","routes":["辻31,藤03,藤09,藤10"],"source_year":2022},"geometry":{"type":"Point","coordinates":[139.4584943745328,35.341509055288775]},"id":"bus-066"},{"type":"Feature","properties":{"id":"bus-067","name":"住宅前","operator":"神奈川中央交通（株）","routes":["い08,長54,長55"],"source_year":2022},"geometry":{"type":"Point","coordinates":[139.46997074971105,35.41393464151701]},"id":"bus-067"},{"type":"Feature","properties":{"id":"bus-068","name":"保育園前","operator":"神奈川中央交通（株）","routes":["六03,六05,六07"],"source_year":2022},"geometry":{"type":"Point","coordinates":[139.46683367279257,35.38067146419556]},"id":"bus-068"},{"type":"Feature","properties":{"id":"bus-069","name":"俣野原","operator":"神奈川中央交通（株）","routes":["藤51,藤58,藤59"],"source_year":2022},"geometry":{"type":"Point","coordinates":[139.48412356371801,35.376304613693556]},"id":"bus-069"},{"type":"Feature","properties":{"id":"bus-070","name":"俣野子どもの家","operator":"善行地区郷土づくり推進会議","routes":["のりあい善行　01系統"],"source_year":2022},"geometry":{"type":"Point","coordinates":[139.4822650116024,35.3662564924539]},"id":"bus-070"},{"type":"Feature","properties":{"id":"bus-071","name":"修道院下","operator":"神奈川中央交通（株）","routes":["藤35,藤45"],"source_year":2022},"geometry":{"type":"Point","coordinates":[139.47214050539785,35.35250809836763]},"id":"bus-071"},{"type":"Feature","properties":{"id":"bus-072","name":"修道院前","operator":"神奈川中央交通（株）","routes":["藤35,藤45"],"source_year":2022},"geometry":{"type":"Point","coordinates":[139.46858470382773,35.35494249464176]},"id":"bus-072"},{"type":"Feature","properties":{"id":"bus-073","name":"元町五丁目","operator":"神奈川中央交通（株）","routes":["藤04,藤06"],"source_year":2022},"geometry":{"type":"Point","coordinates":[139.46156150086884,35.33245483996131]},"id":"bus-073"},{"type":"Feature","properties":{"id":"bus-074","name":"元町五丁目","operator":"（株）江ノ電バス","routes":["藤04,藤06"],"source_year":2022},"geometry":{"type":"Point","coordinates":[139.46156150086884,35.33245483996131]},"id":"bus-074"},{"type":"Feature","properties":{"id":"bus-075","name":"光友会入口","operator":"神奈川中央交通（株）","routes":["湘19"],"source_year":2022},"geometry":{"type":"Point","coordinates":[139.40997490913296,35.38682452264139]},"id":"bus-075"},{"type":"Feature","properties":{"id":"bus-076","name":"八洲台3の通","operator":"善行地区郷土づくり推進会議","routes":["のりあい善行　02系統"],"source_year":2022},"geometry":{"type":"Point","coordinates":[139.47958267410235,35.358164713593744]},"id":"bus-076"},{"type":"Feature","properties":{"id":"bus-077","name":"公園北","operator":"神奈川中央交通（株）","routes":["湘13,湘15"],"source_year":2022},"geometry":{"type":"Point","coordinates":[139.45143219699457,35.38902297982375]},"id":"bus-077"},{"type":"Feature","properties":{"id":"bus-078","name":"公園西部駐車場前","operator":"（株）江ノ電バス","routes":["F35"],"source_year":2022},"geometry":{"type":"Point","coordinates":[139.47323536993696,35.31560121241063]},"id":"bus-078"},{"type":"Feature","properties":{"id":"bus-079","name":"公民館前","operator":"神奈川中央交通（株）","routes":["湘22"],"source_year":2022},"geometry":{"type":"Point","coordinates":[139.44341508364874,35.40172318921743]},"id":"bus-079"},{"type":"Feature","properties":{"id":"bus-080","name":"公民館前","operator":"神奈川中央交通（株）","routes":["船32,船33"],"source_year":2022},"geometry":{"type":"Point","coordinates":[139.4924243368484,35.346827912507266]},"id":"bus-080"},{"type":"Feature","properties":{"id":"bus-081","name":"六会","operator":"神奈川中央交通（株）","routes":["湘27,藤51"],"source_year":2022},"geometry":{"type":"Point","coordinates":[139.4756177777875,35.38915160781145]},"id":"bus-081"},{"type":"Feature","properties":{"id":"bus-082","name":"六会市民センター入口","operator":"神奈川中央交通（株）","routes":["藤58"],"source_year":2022},"geometry":{"type":"Point","coordinates":[139.4747431316727,35.3837729160339]},"id":"bus-082"},{"type":"Feature","properties":{"id":"bus-083","name":"六会日大前駅","operator":"神奈川中央交通（株）","routes":["藤58"],"source_year":2022},"geometry":{"type":"Point","coordinates":[139.47048202251645,35.38342053033287]},"id":"bus-083"},{"type":"Feature","properties":{"id":"bus-084","name":"六会日大前駅西口","operator":"神奈川中央交通（株）","routes":["六03,六05,六07"],"source_year":2022},"geometry":{"type":"Point","coordinates":[139.47014065421607,35.38365272774753]},"id":"bus-084"},{"type":"Feature","properties":{"id":"bus-085","name":"六地蔵","operator":"神奈川中央交通（株）","routes":["湘20,湘24"],"source_year":2022},"geometry":{"type":"Point","coordinates":[139.4404265220568,35.396761045731786]},"id":"bus-085"},{"type":"Feature","properties":{"id":"bus-086","name":"円行上庭","operator":"神奈川中央交通（株）","routes":["藤39,湘11,湘19,湘20,湘22,湘23,湘24"],"source_year":2022},"geometry":{"type":"Point","coordinates":[139.46038036753072,35.395114320386234]},"id":"bus-086"},{"type":"Feature","properties":{"id":"bus-087","name":"出口","operator":"（株）江ノ電バス","routes":["藤04,藤06,J4"],"source_year":2022},"geometry":{"type":"Point","coordinates":[139.45540313607654,35.328352325956054]},"id":"bus-087"},{"type":"Feature","properties":{"id":"bus-088","name":"出口","operator":"神奈川中央交通（株）","routes":["藤04,藤06"],"source_year":2022},"geometry":{"type":"Point","coordinates":[139.45540313607654,35.328352325956054]},"id":"bus-088"},{"type":"Feature","properties":{"id":"bus-089","name":"出荷場前","operator":"神奈川中央交通（株）","routes":["湘22,長36"],"source_year":2022},"geometry":{"type":"Point","coordinates":[139.4352568936482,35.406628894766804]},"id":"bus-089"},{"type":"Feature","properties":{"id":"bus-090","name":"刈込","operator":"神奈川中央交通（株）","routes":["辻33,辻34,辻35"],"source_year":2022},"geometry":{"type":"Point","coordinates":[139.43128012123606,35.38414137720029]},"id":"bus-090"},{"type":"Feature","properties":{"id":"bus-091","name":"加温処理場前","operator":"神奈川中央交通（株）","routes":["湘20"],"source_year":2022},"geometry":{"type":"Point","coordinates":[139.45174070911773,35.39552689552973]},"id":"bus-091"},{"type":"Feature","properties":{"id":"bus-092","name":"北の谷","operator":"神奈川中央交通（株）","routes":["善03,藤34"],"source_year":2022},"geometry":{"type":"Point","coordinates":[139.45264016339888,35.367733803834]},"id":"bus-092"},{"type":"Feature","properties":{"id":"bus-093","name":"北警察署前","operator":"神奈川中央交通（株）","routes":["藤39,湘11,湘12,湘13,湘15,湘19,湘20,湘22,湘23,湘24"],"source_year":2022},"geometry":{"type":"Point","coordinates":[139.45782414728643,35.39586104706569]},"id":"bus-093"},{"type":"Feature","properties":{"id":"bus-094","name":"十二天公園前","operator":"（株）江ノ電バス","routes":["N6,N61,F65"],"source_year":2022},"geometry":{"type":"Point","coordinates":[139.50791048026161,35.339750780230936]},"id":"bus-094"},{"type":"Feature","properties":{"id":"bus-095","name":"南センター前","operator":"神奈川中央交通（株）","routes":["藤12,藤13,辻24,辻26,辻29,辻34"],"source_year":2022},"geometry":{"type":"Point","coordinates":[139.4441319521755,35.359163964035076]},"id":"bus-095"},{"type":"Feature","properties":{"id":"bus-096","name":"南仲通り","operator":"神奈川中央交通（株）","routes":["戸81,藤09,藤10,藤12,藤13,藤15,藤34,藤35,藤36,藤38,藤39,藤56,船32,船33,船65,藤07,藤08"],"source_year":2022},"geometry":{"type":"Point","coordinates":[139.4824920392939,35.34260159972221]},"id":"bus-096"},{"type":"Feature","properties":{"id":"bus-097","name":"南仲通り二丁目","operator":"神奈川中央交通（株）","routes":["藤09,藤12,藤15,藤34,藤35,藤36,藤38,藤39,藤07,藤08"],"source_year":2022},"geometry":{"type":"Point","coordinates":[139.48101636179516,35.344121675537586]},"id":"bus-097"},{"type":"Feature","properties":{"id":"bus-098","name":"南原","operator":"神奈川中央交通（株）","routes":["湘12,湘16,湘17,湘21,辻26,辻33"],"source_year":2022},"geometry":{"type":"Point","coordinates":[139.4363921065815,35.376777240646874]},"id":"bus-098"},{"type":"Feature","properties":{"id":"bus-099","name":"南大山","operator":"神奈川中央交通（株）","routes":["藤39,湘11,湘19,湘23,湘24,湘25"],"source_year":2022},"geometry":{"type":"Point","coordinates":[139.44656252094765,35.39305784806172]},"id":"bus-099"},{"type":"Feature","properties":{"id":"bus-100","name":"南大平","operator":"神奈川中央交通（株）","routes":["藤15,茅03,辻28,辻29"],"source_year":2022},"geometry":{"type":"Point","coordinates":[139.4341437510499,35.36871769925011]},"id":"bus-100"},{"type":"Feature","properties":{"id":"bus-101","name":"南山","operator":"神奈川中央交通（株）","routes":["辻33"],"source_year":2022},"geometry":{"type":"Point","coordinates":[139.4563248895616,35.347961366595165]},"id":"bus-101"},{"type":"Feature","properties":{"id":"bus-102","name":"南桐原","operator":"神奈川中央交通（株）","routes":["湘12,湘16,湘17,湘21,辻26"],"source_year":2022},"geometry":{"type":"Point","coordinates":[139.45732894820966,35.388522913105376]},"id":"bus-102"},{"type":"Feature","properties":{"id":"bus-103","name":"南海岸","operator":"神奈川中央交通（株）","routes":["藤04,辻02"],"source_year":2022},"geometry":{"type":"Point","coordinates":[139.45015387444928,35.326704562990535]},"id":"bus-103"},{"type":"Feature","properties":{"id":"bus-104","name":"南海岸","operator":"（株）江ノ電バス","routes":["藤04,J1"],"source_year":2022},"geometry":{"type":"Point","coordinates":[139.45015387444928,35.326704562990535]},"id":"bus-104"},{"type":"Feature","properties":{"id":"bus-105","name":"南町","operator":"（株）江ノ電バス","routes":["F35,藤06,J1,J3,J4"],"source_year":2022},"geometry":{"type":"Point","coordinates":[139.45174483310765,35.330139504423606]},"id":"bus-105"},{"type":"Feature","properties":{"id":"bus-106","name":"南町","operator":"神奈川中央交通（株）","routes":["藤06,辻02"],"source_year":2022},"geometry":{"type":"Point","coordinates":[139.45174483310765,35.330139504423606]},"id":"bus-106"},{"type":"Feature","properties":{"id":"bus-107","name":"卸売市場前","operator":"神奈川中央交通（株）","routes":["善02,善03"],"source_year":2022},"geometry":{"type":"Point","coordinates":[139.4632429431911,35.35463745999521]},"id":"bus-107"},{"type":"Feature","properties":{"id":"bus-108","name":"原","operator":"（株）江ノ電バス","routes":["F9"],"source_year":2022},"geometry":{"type":"Point","coordinates":[139.47047681741824,35.331276867001954]},"id":"bus-108"},{"type":"Feature","properties":{"id":"bus-109","name":"古里団地","operator":"神奈川中央交通（株）","routes":["辻33"],"source_year":2022},"geometry":{"type":"Point","coordinates":[139.41609914564307,35.4000461333727]},"id":"bus-109"},{"type":"Feature","properties":{"id":"bus-110","name":"台町","operator":"神奈川中央交通（株）","routes":["藤09,藤10,藤12,藤13,藤15,藤34,藤35,藤36,藤38,藤39,藤45,藤46,藤07,藤08"],"source_year":2022},"geometry":{"type":"Point","coordinates":[139.47634568312026,35.34720319644618]},"id":"bus-110"},{"type":"Feature","properties":{"id":"bus-111","name":"和泉橋","operator":"神奈川中央交通（株）","routes":["湘16,湘17,湘21,辻26"],"source_year":2022},"geometry":{"type":"Point","coordinates":[139.45317743276232,35.38224126556623]},"id":"bus-111"},{"type":"Feature","properties":{"id":"bus-112","name":"善行","operator":"神奈川中央交通（株）","routes":["藤36,藤46"],"source_year":2022},"geometry":{"type":"Point","coordinates":[139.4736067761912,35.35574801286626]},"id":"bus-112"},{"type":"Feature","properties":{"id":"bus-113","name":"善行二丁目","operator":"神奈川中央交通（株）","routes":["善02,善03,善06,藤36,藤46"],"source_year":2022},"geometry":{"type":"Point","coordinates":[139.4700045881081,35.36422866180228]},"id":"bus-113"},{"type":"Feature","properties":{"id":"bus-114","name":"善行二丁目坂上","operator":"神奈川中央交通（株）","routes":["善01,善05,善06"],"source_year":2022},"geometry":{"type":"Point","coordinates":[139.46935714613352,35.366654488689164]},"id":"bus-114"},{"type":"Feature","properties":{"id":"bus-115","name":"善行南","operator":"神奈川中央交通（株）","routes":["藤36,藤46"],"source_year":2022},"geometry":{"type":"Point","coordinates":[139.47250437223835,35.35865571855783]},"id":"bus-115"},{"type":"Feature","properties":{"id":"bus-116","name":"善行台","operator":"神奈川中央交通（株）","routes":["善04"],"source_year":2022},"geometry":{"type":"Point","coordinates":[139.47062955016725,35.36880258302634]},"id":"bus-116"},{"type":"Feature","properties":{"id":"bus-117","name":"善行団地","operator":"神奈川中央交通（株）","routes":["善01,善04,善05,善06"],"source_year":2022},"geometry":{"type":"Point","coordinates":[139.462175221622,35.36687718995487]},"id":"bus-117"},{"type":"Feature","properties":{"id":"bus-118","name":"善行団地西","operator":"神奈川中央交通（株）","routes":["善05,善06"],"source_year":2022},"geometry":{"type":"Point","coordinates":[139.46080061194593,35.36535901590943]},"id":"bus-118"},{"type":"Feature","properties":{"id":"bus-119","name":"善行坂北","operator":"神奈川中央交通（株）","routes":["善05,善06"],"source_year":2022},"geometry":{"type":"Point","coordinates":[139.4616280474321,35.36354478049598]},"id":"bus-119"},{"type":"Feature","properties":{"id":"bus-120","name":"善行坂南","operator":"神奈川中央交通（株）","routes":["善05,善06"],"source_year":2022},"geometry":{"type":"Point","coordinates":[139.46404146201584,35.36163473853307]},"id":"bus-120"},{"type":"Feature","properties":{"id":"bus-121","name":"善行大橋","operator":"神奈川中央交通（株）","routes":["藤36,藤46"],"source_year":2022},"geometry":{"type":"Point","coordinates":[139.47108088071357,35.360089428249275]},"id":"bus-121"},{"type":"Feature","properties":{"id":"bus-122","name":"善行市民センター","operator":"善行地区郷土づくり推進会議","routes":["のりあい善行　02系統"],"source_year":2022},"geometry":{"type":"Point","coordinates":[139.47252715091346,35.36081268825068]},"id":"bus-122"},{"type":"Feature","properties":{"id":"bus-123","name":"善行駅","operator":"神奈川中央交通（株）","routes":["善01,善02,善03,善04,善05,善06,藤36,藤46"],"source_year":2022},"geometry":{"type":"Point","coordinates":[139.4729818427656,35.36303048589691]},"id":"bus-123"},{"type":"Feature","properties":{"id":"bus-124","name":"善行駅入口","operator":"神奈川中央交通（株）","routes":["善04"],"source_year":2022},"geometry":{"type":"Point","coordinates":[139.4728032533305,35.3648905452913]},"id":"bus-124"},{"type":"Feature","properties":{"id":"bus-125","name":"善行駅東口","operator":"善行地区郷土づくり推進会議","routes":["のりあい善行　01系統,のりあい善行　02系統"],"source_year":2022},"geometry":{"type":"Point","coordinates":[139.47367595408107,35.36319130240091]},"id":"bus-125"},{"type":"Feature","properties":{"id":"bus-126","name":"善行駅東口下","operator":"善行地区郷土づくり推進会議","routes":["のりあい善行　01系統"],"source_year":2022},"geometry":{"type":"Point","coordinates":[139.47370817908913,35.364413658137394]},"id":"bus-126"},{"type":"Feature","properties":{"id":"bus-127","name":"四ツ谷","operator":"神奈川中央交通（株）","routes":["藤12,藤13,藤07,藤08"],"source_year":2022},"geometry":{"type":"Point","coordinates":[139.45057641375337,35.34626109670457]},"id":"bus-127"},{"type":"Feature","properties":{"id":"bus-128","name":"団地中央","operator":"神奈川中央交通（株）","routes":["湘13"],"source_year":2022},"geometry":{"type":"Point","coordinates":[139.4529734454188,35.390734732530866]},"id":"bus-128"},{"type":"Feature","properties":{"id":"bus-129","name":"団地入口","operator":"神奈川中央交通（株）","routes":["善01,善05,善06"],"source_year":2022},"geometry":{"type":"Point","coordinates":[139.46813585626637,35.36732218127386]},"id":"bus-129"},{"type":"Feature","properties":{"id":"bus-130","name":"図書館前","operator":"神奈川中央交通（株）","routes":["湘07"],"source_year":2022},"geometry":{"type":"Point","coordinates":[139.47341315478397,35.395882329032084]},"id":"bus-130"},{"type":"Feature","properties":{"id":"bus-131","name":"坂下","operator":"神奈川中央交通（株）","routes":["長12,長16,長35,長36"],"source_year":2022},"geometry":{"type":"Point","coordinates":[139.4553580356684,35.40923142320719]},"id":"bus-131"},{"type":"Feature","properties":{"id":"bus-132","name":"坂口","operator":"神奈川中央交通（株）","routes":["辻33"],"source_year":2022},"geometry":{"type":"Point","coordinates":[139.41650685229914,35.395296717044246]},"id":"bus-132"},{"type":"Feature","properties":{"id":"bus-133","name":"城","operator":"神奈川中央交通（株）","routes":["辻28,辻33"],"source_year":2022},"geometry":{"type":"Point","coordinates":[139.45664209263936,35.34923068713437]},"id":"bus-133"},{"type":"Feature","properties":{"id":"bus-134","name":"城下","operator":"神奈川中央交通（株）","routes":["藤15,藤39,辻28,辻33"],"source_year":2022},"geometry":{"type":"Point","coordinates":[139.44925628982088,35.359728246985554]},"id":"bus-134"},{"type":"Feature","properties":{"id":"bus-135","name":"城南","operator":"神奈川中央交通（株）","routes":["辻07"],"source_year":2022},"geometry":{"type":"Point","coordinates":[139.44475677517184,35.34765629705373]},"id":"bus-135"},{"type":"Feature","properties":{"id":"bus-136","name":"城南一丁目","operator":"神奈川中央交通（株）","routes":["辻07,藤12,藤13,辻24,辻26,辻29,辻34"],"source_year":2022},"geometry":{"type":"Point","coordinates":[139.44799521608073,35.34665625757202]},"id":"bus-136"},{"type":"Feature","properties":{"id":"bus-137","name":"堂の前","operator":"神奈川中央交通（株）","routes":["湘19,辻33"],"source_year":2022},"geometry":{"type":"Point","coordinates":[139.41264427440234,35.38592726405606]},"id":"bus-137"},{"type":"Feature","properties":{"id":"bus-138","name":"堂面","operator":"（株）江ノ電バス","routes":["藤04,藤06,J4"],"source_year":2022},"geometry":{"type":"Point","coordinates":[139.45730047385985,35.32976890050528]},"id":"bus-138"},{"type":"Feature","properties":{"id":"bus-139","name":"堂面","operator":"神奈川中央交通（株）","routes":["藤04,藤06"],"source_year":2022},"geometry":{"type":"Point","coordinates":[139.45730047385985,35.32976890050528]},"id":"bus-139"},{"type":"Feature","properties":{"id":"bus-140","name":"大下","operator":"神奈川中央交通（株）","routes":["湘20"],"source_year":2022},"geometry":{"type":"Point","coordinates":[139.44398405491017,35.395854185927426]},"id":"bus-140"},{"type":"Feature","properties":{"id":"bus-141","name":"大六天","operator":"神奈川中央交通（株）","routes":["善03,藤15,藤34,藤39,辻28,辻33"],"source_year":2022},"geometry":{"type":"Point","coordinates":[139.45435839106761,35.35360933009538]},"id":"bus-141"},{"type":"Feature","properties":{"id":"bus-142","name":"大山","operator":"神奈川中央交通（株）","routes":["湘20"],"source_year":2022},"geometry":{"type":"Point","coordinates":[139.4482098689611,35.39487265199737]},"id":"bus-142"},{"type":"Feature","properties":{"id":"bus-143","name":"大庭小学校","operator":"神奈川中央交通（株）","routes":["藤12,藤13,藤15,藤39,辻24,辻26,辻28,辻29,辻33,辻34"],"source_year":2022},"geometry":{"type":"Point","coordinates":[139.44548409095754,35.36378320584934]},"id":"bus-143"},{"type":"Feature","properties":{"id":"bus-144","name":"大庭隧道","operator":"神奈川中央交通（株）","routes":["藤12,藤13,辻24,辻26,辻29,辻34"],"source_year":2022},"geometry":{"type":"Point","coordinates":[139.44709890398417,35.348034423776596]},"id":"bus-144"},{"type":"Feature","properties":{"id":"bus-145","name":"大持","operator":"神奈川中央交通（株）","routes":["長16,長35,長36"],"source_year":2022},"geometry":{"type":"Point","coordinates":[139.44700611188514,35.40715695930882]},"id":"bus-145"},{"type":"Feature","properties":{"id":"bus-146","name":"大辻","operator":"神奈川中央交通（株）","routes":["藤39,湘11,湘17"],"source_year":2022},"geometry":{"type":"Point","coordinates":[139.428544973641,35.37097862092501]},"id":"bus-146"},{"type":"Feature","properties":{"id":"bus-147","name":"天沼","operator":"神奈川中央交通（株）","routes":["湘22,長36"],"source_year":2022},"geometry":{"type":"Point","coordinates":[139.42870095040905,35.41556310205472]},"id":"bus-147"},{"type":"Feature","properties":{"id":"bus-148","name":"天沼入口","operator":"神奈川中央交通（株）","routes":["湘22,長36"],"source_year":2022},"geometry":{"type":"Point","coordinates":[139.42817825142265,35.41285978400584]},"id":"bus-148"},{"type":"Feature","properties":{"id":"bus-149","name":"天神町1号","operator":"神奈川中央交通（株）","routes":["六03,六05,六07"],"source_year":2022},"geometry":{"type":"Point","coordinates":[139.4642452340105,35.38085729605511]},"id":"bus-149"},{"type":"Feature","properties":{"id":"bus-150","name":"天神町2号","operator":"神奈川中央交通（株）","routes":["六03,六05,六07"],"source_year":2022},"geometry":{"type":"Point","coordinates":[139.46330167339582,35.38180080906304]},"id":"bus-150"},{"type":"Feature","properties":{"id":"bus-151","name":"天神町3号","operator":"神奈川中央交通（株）","routes":["六03,六05,六07"],"source_year":2022},"geometry":{"type":"Point","coordinates":[139.46169764091235,35.38000490899417]},"id":"bus-151"},{"type":"Feature","properties":{"id":"bus-152","name":"天神町4号","operator":"神奈川中央交通（株）","routes":["六03,六07"],"source_year":2022},"geometry":{"type":"Point","coordinates":[139.46120881521347,35.37810650522442]},"id":"bus-152"},{"type":"Feature","properties":{"id":"bus-153","name":"天神町5号","operator":"神奈川中央交通（株）","routes":["六03,六05,六07"],"source_year":2022},"geometry":{"type":"Point","coordinates":[139.46120883335246,35.37646835080004]},"id":"bus-153"},{"type":"Feature","properties":{"id":"bus-154","name":"天神町6号","operator":"神奈川中央交通（株）","routes":["六03,六05,六07"],"source_year":2022},"geometry":{"type":"Point","coordinates":[139.46248264584676,35.37489407943101]},"id":"bus-154"},{"type":"Feature","properties":{"id":"bus-155","name":"天神町7号","operator":"神奈川中央交通（株）","routes":["六03,六05,六07"],"source_year":2022},"geometry":{"type":"Point","coordinates":[139.46359645878118,35.37419082555973]},"id":"bus-155"},{"type":"Feature","properties":{"id":"bus-156","name":"天神町8号","operator":"神奈川中央交通（株）","routes":["六03,六05,六07"],"source_year":2022},"geometry":{"type":"Point","coordinates":[139.46317647606182,35.37572732076751]},"id":"bus-156"},{"type":"Feature","properties":{"id":"bus-157","name":"天神町9号","operator":"神奈川中央交通（株）","routes":["六03,六05,六07"],"source_year":2022},"geometry":{"type":"Point","coordinates":[139.46292510253105,35.3760428413105]},"id":"bus-157"},{"type":"Feature","properties":{"id":"bus-158","name":"天神町会館前","operator":"神奈川中央交通（株）","routes":["六05,六07"],"source_year":2022},"geometry":{"type":"Point","coordinates":[139.46006166443905,35.378689779408916]},"id":"bus-158"},{"type":"Feature","properties":{"id":"bus-159","name":"天神社前","operator":"神奈川中央交通（株）","routes":["善03,藤34"],"source_year":2022},"geometry":{"type":"Point","coordinates":[139.4543986443913,35.36220283231677]},"id":"bus-159"},{"type":"Feature","properties":{"id":"bus-160","name":"太平台","operator":"（株）江ノ電バス","routes":["J4"],"source_year":2022},"geometry":{"type":"Point","coordinates":[139.46107264852182,35.33057531383552]},"id":"bus-160"},{"type":"Feature","properties":{"id":"bus-161","name":"太平橋","operator":"（株）江ノ電バス","routes":["J4"],"source_year":2022},"geometry":{"type":"Point","coordinates":[139.4630616335636,35.329500762637714]},"id":"bus-161"},{"type":"Feature","properties":{"id":"bus-162","name":"奥田","operator":"神奈川中央交通（株）","routes":["長43,長45"],"source_year":2022},"geometry":{"type":"Point","coordinates":[139.45778895845294,35.411601129474306]},"id":"bus-162"},{"type":"Feature","properties":{"id":"bus-163","name":"奥田","operator":"綾瀬市","routes":["4号車　市役所→長後駅西口"],"source_year":2022},"geometry":{"type":"Point","coordinates":[139.45778895845294,35.411601129474306]},"id":"bus-163"},{"type":"Feature","properties":{"id":"bus-164","name":"奥田","operator":"（株）江ノ電バス","routes":["F2・F20,F21,F23,F3,F31,F35,F37"],"source_year":2022},"geometry":{"type":"Point","coordinates":[139.48936691223773,35.3345101666455]},"id":"bus-164"},{"type":"Feature","properties":{"id":"bus-165","name":"女坂","operator":"神奈川中央交通（株）","routes":["湘19,湘20,長35,辻33"],"source_year":2022},"geometry":{"type":"Point","coordinates":[139.4189737037611,35.41758053471742]},"id":"bus-165"},{"type":"Feature","properties":{"id":"bus-166","name":"宇都母知神社入口","operator":"神奈川中央交通（株）","routes":["湘19"],"source_year":2022},"geometry":{"type":"Point","coordinates":[139.42080461550003,35.39364906989967]},"id":"bus-166"},{"type":"Feature","properties":{"id":"bus-167","name":"宝泉寺","operator":"神奈川中央交通（株）","routes":["辻33"],"source_year":2022},"geometry":{"type":"Point","coordinates":[139.43300725842533,35.38301250401472]},"id":"bus-167"},{"type":"Feature","properties":{"id":"bus-168","name":"宮の腰","operator":"神奈川中央交通（株）","routes":["長16,長35"],"source_year":2022},"geometry":{"type":"Point","coordinates":[139.43675661599286,35.403462826898696]},"id":"bus-168"},{"type":"Feature","properties":{"id":"bus-169","name":"宮下","operator":"神奈川中央交通（株）","routes":["湘22,長36"],"source_year":2022},"geometry":{"type":"Point","coordinates":[139.43143816840282,35.40877649961973]},"id":"bus-169"},{"type":"Feature","properties":{"id":"bus-170","name":"宮原","operator":"神奈川中央交通（株）","routes":["湘19"],"source_year":2022},"geometry":{"type":"Point","coordinates":[139.40801213977292,35.39671196759611]},"id":"bus-170"},{"type":"Feature","properties":{"id":"bus-171","name":"宮原中央","operator":"神奈川中央交通（株）","routes":["湘19"],"source_year":2022},"geometry":{"type":"Point","coordinates":[139.40647339662758,35.39435631263317]},"id":"bus-171"},{"type":"Feature","properties":{"id":"bus-172","name":"宮原南","operator":"神奈川中央交通（株）","routes":["湘19"],"source_year":2022},"geometry":{"type":"Point","coordinates":[139.4049160613385,35.39174565034009]},"id":"bus-172"},{"type":"Feature","properties":{"id":"bus-173","name":"富士見ヶ丘","operator":"（株）江ノ電バス","routes":["N1,N11,N13,F11,F12,F2・F20,F4"],"source_year":2022},"geometry":{"type":"Point","coordinates":[139.49442374007972,35.3345480219875]},"id":"bus-173"},{"type":"Feature","properties":{"id":"bus-174","name":"富士見台","operator":"神奈川中央交通（株）","routes":["善04"],"source_year":2022},"geometry":{"type":"Point","coordinates":[139.46792476599828,35.369839391936104]},"id":"bus-174"},{"type":"Feature","properties":{"id":"bus-175","name":"寿照寺前","operator":"神奈川中央交通（株）","routes":["湘16,湘17,湘21,辻26"],"source_year":2022},"geometry":{"type":"Point","coordinates":[139.44834729883772,35.380698124693545]},"id":"bus-175"},{"type":"Feature","properties":{"id":"bus-176","name":"小出一本松","operator":"神奈川中央交通（株）","routes":["藤39,湘11,湘17"],"source_year":2022},"geometry":{"type":"Point","coordinates":[139.43022381559058,35.37322574119195]},"id":"bus-176"},{"type":"Feature","properties":{"id":"bus-177","name":"小塚","operator":"（株）江ノ電バス","routes":["N6,N61"],"source_year":2022},"geometry":{"type":"Point","coordinates":[139.50388793847702,35.34010230675862]},"id":"bus-177"},{"type":"Feature","properties":{"id":"bus-178","name":"小塚地下道前","operator":"（株）江ノ電バス","routes":["F6,F65,F7,F71"],"source_year":2022},"geometry":{"type":"Point","coordinates":[139.50155831916732,35.335297818651384]},"id":"bus-178"},{"type":"Feature","properties":{"id":"bus-179","name":"小田急ショップ前","operator":"（株）江ノ電バス","routes":["F35"],"source_year":2022},"geometry":{"type":"Point","coordinates":[139.47533406561695,35.31430862791485]},"id":"bus-179"},{"type":"Feature","properties":{"id":"bus-180","name":"小糸","operator":"神奈川中央交通（株）","routes":["藤12,藤13,藤15,藤39,辻23,辻24,辻26,辻28,辻29,辻33,辻34,辻35"],"source_year":2022},"geometry":{"type":"Point","coordinates":[139.44493829947646,35.36045969373016]},"id":"bus-180"},{"type":"Feature","properties":{"id":"bus-181","name":"山王神社前","operator":"神奈川中央交通（株）","routes":["船32,船33"],"source_year":2022},"geometry":{"type":"Point","coordinates":[139.49044532513383,35.3463054466259]},"id":"bus-181"},{"type":"Feature","properties":{"id":"bus-182","name":"山谷","operator":"神奈川中央交通（株）","routes":["長16,長35,長36"],"source_year":2022},"geometry":{"type":"Point","coordinates":[139.4449598578374,35.4070826930961]},"id":"bus-182"},{"type":"Feature","properties":{"id":"bus-183","name":"岩屋不動入口","operator":"（株）江ノ電バス","routes":["F2・F20,F21,F23"],"source_year":2022},"geometry":{"type":"Point","coordinates":[139.48883160198454,35.32412302414299]},"id":"bus-183"},{"type":"Feature","properties":{"id":"bus-184","name":"川名","operator":"（株）江ノ電バス","routes":["F1,F15"],"source_year":2022},"geometry":{"type":"Point","coordinates":[139.49733214565876,35.334964694630564]},"id":"bus-184"},{"type":"Feature","properties":{"id":"bus-185","name":"川名橋","operator":"（株）江ノ電バス","routes":["F1,F15,F6,F65,F7,F71"],"source_year":2022},"geometry":{"type":"Point","coordinates":[139.49629890993677,35.33677002798396]},"id":"bus-185"},{"type":"Feature","properties":{"id":"bus-186","name":"工業団地入口","operator":"神奈川中央交通（株）","routes":["藤39,湘11,湘13,湘15,湘19,湘22,湘23,湘24"],"source_year":2022},"geometry":{"type":"Point","coordinates":[139.45148352213232,35.39428014960388]},"id":"bus-186"},{"type":"Feature","properties":{"id":"bus-187","name":"市営住宅前","operator":"神奈川中央交通（株）","routes":["藤39,湘11"],"source_year":2022},"geometry":{"type":"Point","coordinates":[139.43839299335872,35.38379948222442]},"id":"bus-187"},{"type":"Feature","properties":{"id":"bus-188","name":"弁天前","operator":"神奈川中央交通（株）","routes":["善03,藤34"],"source_year":2022},"geometry":{"type":"Point","coordinates":[139.45390367886026,35.36462614923936]},"id":"bus-188"},{"type":"Feature","properties":{"id":"bus-189","name":"引地橋","operator":"神奈川中央交通（株）","routes":["辻31,藤09,藤10,藤12,藤13,藤15,藤34,藤38,藤39,藤07,藤08"],"source_year":2022},"geometry":{"type":"Point","coordinates":[139.46678873760325,35.347388030602524]},"id":"bus-189"},{"type":"Feature","properties":{"id":"bus-190","name":"弥勒寺","operator":"（株）江ノ電バス","routes":["N6,N61"],"source_year":2022},"geometry":{"type":"Point","coordinates":[139.49819605380281,35.34043518374577]},"id":"bus-190"},{"type":"Feature","properties":{"id":"bus-191","name":"御所ヶ谷橋","operator":"神奈川中央交通（株）","routes":["藤101,藤102,藤103"],"source_year":2022},"geometry":{"type":"Point","coordinates":[139.4930378459793,35.34224403597022]},"id":"bus-191"},{"type":"Feature","properties":{"id":"bus-192","name":"御所見中学校前","operator":"神奈川中央交通（株）","routes":["湘20,長16,長35"],"source_year":2022},"geometry":{"type":"Point","coordinates":[139.42101895082274,35.403009285580154]},"id":"bus-192"},{"type":"Feature","properties":{"id":"bus-193","name":"御所見小学校前","operator":"神奈川中央交通（株）","routes":["辻33"],"source_year":2022},"geometry":{"type":"Point","coordinates":[139.41593902547885,35.40282302218136]},"id":"bus-193"},{"type":"Feature","properties":{"id":"bus-194","name":"御所見市民センター前","operator":"神奈川中央交通（株）","routes":["湘20,長16,長35"],"source_year":2022},"geometry":{"type":"Point","coordinates":[139.41741674780292,35.40395349229851]},"id":"bus-194"},{"type":"Feature","properties":{"id":"bus-195","name":"御霊神社前","operator":"（株）江ノ電バス","routes":["N1,N11,N13,F1,F11,F12,F15,F2・F20,F4"],"source_year":2022},"geometry":{"type":"Point","coordinates":[139.49917202303152,35.33289024920471]},"id":"bus-195"},{"type":"Feature","properties":{"id":"bus-196","name":"慈眼寺","operator":"神奈川中央交通（株）","routes":["藤60,船30,船31"],"source_year":2022},"geometry":{"type":"Point","coordinates":[139.50295944441226,35.35100898094905]},"id":"bus-196"},{"type":"Feature","properties":{"id":"bus-197","name":"慶応中高等部前","operator":"神奈川中央交通（株）","routes":["湘23,湘24,湘25,湘28"],"source_year":2022},"geometry":{"type":"Point","coordinates":[139.42665509900024,35.386464897134054]},"id":"bus-197"},{"type":"Feature","properties":{"id":"bus-198","name":"慶応中高降車場","operator":"神奈川中央交通（株）","routes":["辻34,辻35"],"source_year":2022},"geometry":{"type":"Point","coordinates":[139.4282911149689,35.38673332492763]},"id":"bus-198"},{"type":"Feature","properties":{"id":"bus-199","name":"慶応大学","operator":"神奈川中央交通（株）","routes":["湘19,湘23,湘24,湘25,辻34,辻35"],"source_year":2022},"geometry":{"type":"Point","coordinates":[139.4315411708824,35.38995592972632]},"id":"bus-199"},{"type":"Feature","properties":{"id":"bus-200","name":"慶応大学本館前","operator":"神奈川中央交通（株）","routes":["湘23,湘24,湘25,湘28,辻34,辻35"],"source_year":2022},"geometry":{"type":"Point","coordinates":[139.42844860143344,35.38776099272992]},"id":"bus-200"},{"type":"Feature","properties":{"id":"bus-201","name":"打戻大仲","operator":"神奈川中央交通（株）","routes":["湘19"],"source_year":2022},"geometry":{"type":"Point","coordinates":[139.41623549628585,35.39318550712901]},"id":"bus-201"},{"type":"Feature","properties":{"id":"bus-202","name":"文化体育館前","operator":"神奈川中央交通（株）","routes":["湘15"],"source_year":2022},"geometry":{"type":"Point","coordinates":[139.44563126954228,35.38891926877936]},"id":"bus-202"},{"type":"Feature","properties":{"id":"bus-203","name":"新屋敷","operator":"（株）江ノ電バス","routes":["F3,F31,F35,F37"],"source_year":2022},"geometry":{"type":"Point","coordinates":[139.4857195942815,35.31954962500573]},"id":"bus-203"},{"type":"Feature","properties":{"id":"bus-204","name":"新田","operator":"神奈川中央交通（株）","routes":["藤51,藤58,藤59"],"source_year":2022},"geometry":{"type":"Point","coordinates":[139.48312858526157,35.36943191768901]},"id":"bus-204"},{"type":"Feature","properties":{"id":"bus-205","name":"新町一丁目","operator":"神奈川中央交通（株）","routes":["辻09,藤21"],"source_year":2022},"geometry":{"type":"Point","coordinates":[139.45238087815747,35.33724985737034]},"id":"bus-205"},{"type":"Feature","properties":{"id":"bus-206","name":"新町三丁目","operator":"神奈川中央交通（株）","routes":["辻09,藤21"],"source_year":2022},"geometry":{"type":"Point","coordinates":[139.46143432780994,35.33771314545836]},"id":"bus-206"},{"type":"Feature","properties":{"id":"bus-207","name":"新町二丁目","operator":"神奈川中央交通（株）","routes":["辻09,藤21"],"source_year":2022},"geometry":{"type":"Point","coordinates":[139.45578922549453,35.33743800670269]},"id":"bus-207"},{"type":"Feature","properties":{"id":"bus-208","name":"日ノ出町","operator":"（株）江ノ電バス","routes":["F1,F15,F6,F65,F7,F71"],"source_year":2022},"geometry":{"type":"Point","coordinates":[139.49161789642014,35.337775382670266]},"id":"bus-208"},{"type":"Feature","properties":{"id":"bus-209","name":"日本精工前","operator":"神奈川中央交通（株）","routes":["藤01,藤21"],"source_year":2022},"geometry":{"type":"Point","coordinates":[139.47758267058276,35.33855616807394]},"id":"bus-209"},{"type":"Feature","properties":{"id":"bus-210","name":"日本精工前","operator":"（株）江ノ電バス","routes":["藤04,藤06,F9"],"source_year":2022},"geometry":{"type":"Point","coordinates":[139.47770768513692,35.33993517482605]},"id":"bus-210"},{"type":"Feature","properties":{"id":"bus-211","name":"日本精工前","operator":"神奈川中央交通（株）","routes":["藤04,藤06"],"source_year":2022},"geometry":{"type":"Point","coordinates":[139.47770768513692,35.33993517482605]},"id":"bus-211"},{"type":"Feature","properties":{"id":"bus-212","name":"日本精工北門","operator":"神奈川中央交通（株）","routes":["藤02,藤03"],"source_year":2022},"geometry":{"type":"Point","coordinates":[139.47661922119903,35.34277454747013]},"id":"bus-212"},{"type":"Feature","properties":{"id":"bus-213","name":"明治中学校前","operator":"神奈川中央交通（株）","routes":["辻31,藤03,藤09,藤10"],"source_year":2022},"geometry":{"type":"Point","coordinates":[139.45435830036075,35.341777786081494]},"id":"bus-213"},{"type":"Feature","properties":{"id":"bus-214","name":"明治小学校前","operator":"神奈川中央交通（株）","routes":["藤15,藤34,藤39"],"source_year":2022},"geometry":{"type":"Point","coordinates":[139.45919801303728,35.34896245561978]},"id":"bus-214"},{"type":"Feature","properties":{"id":"bus-215","name":"有藤","operator":"神奈川中央交通（株）","routes":["藤12,藤13,辻24,辻26,辻29,辻34"],"source_year":2022},"geometry":{"type":"Point","coordinates":[139.4435716144851,35.3535959106373]},"id":"bus-215"},{"type":"Feature","properties":{"id":"bus-216","name":"本町小学校前","operator":"神奈川中央交通（株）","routes":["藤09,藤12,藤15,藤34,藤35,藤36,藤38,藤39,藤07,藤08"],"source_year":2022},"geometry":{"type":"Point","coordinates":[139.47982120536017,35.34533679310928]},"id":"bus-216"},{"type":"Feature","properties":{"id":"bus-217","name":"本町消防出張所前","operator":"神奈川中央交通（株）","routes":["藤10,藤13,藤34,藤35,藤36,藤38,藤45,藤46,藤51,藤58,藤59,藤08"],"source_year":2022},"geometry":{"type":"Point","coordinates":[139.48133247631282,35.34786012892621]},"id":"bus-217"},{"type":"Feature","properties":{"id":"bus-218","name":"村岡","operator":"神奈川中央交通（株）","routes":["藤60"],"source_year":2022},"geometry":{"type":"Point","coordinates":[139.49745611069838,35.34163918712663]},"id":"bus-218"},{"type":"Feature","properties":{"id":"bus-219","name":"村岡宮前","operator":"（株）江ノ電バス","routes":["F7,F71"],"source_year":2022},"geometry":{"type":"Point","coordinates":[139.50860406705516,35.33430699784111]},"id":"bus-219"},{"type":"Feature","properties":{"id":"bus-220","name":"村岡東一丁目","operator":"（株）江ノ電バス","routes":["F6,F65"],"source_year":2022},"geometry":{"type":"Point","coordinates":[139.50371849566997,35.33807532468821]},"id":"bus-220"},{"type":"Feature","properties":{"id":"bus-221","name":"村岡東二丁目","operator":"（株）江ノ電バス","routes":["F6"],"source_year":2022},"geometry":{"type":"Point","coordinates":[139.5045245689604,35.34047311089448]},"id":"bus-221"},{"type":"Feature","properties":{"id":"bus-222","name":"東京ラヂエーター前","operator":"神奈川中央交通（株）","routes":["藤34"],"source_year":2022},"geometry":{"type":"Point","coordinates":[139.44794865387976,35.384790602335016]},"id":"bus-222"},{"type":"Feature","properties":{"id":"bus-223","name":"東山田","operator":"神奈川中央交通（株）","routes":["長16,長35,長36"],"source_year":2022},"geometry":{"type":"Point","coordinates":[139.44192783622748,35.40696254377248]},"id":"bus-223"},{"type":"Feature","properties":{"id":"bus-224","name":"東橋","operator":"（株）江ノ電バス","routes":["N6,N61"],"source_year":2022},"geometry":{"type":"Point","coordinates":[139.49445632034923,35.34038067271608]},"id":"bus-224"},{"type":"Feature","properties":{"id":"bus-225","name":"東浜","operator":"（株）江ノ電バス","routes":["N3,F3,F31,F35,F37"],"source_year":2022},"geometry":{"type":"Point","coordinates":[139.48715054672027,35.30821735583431]},"id":"bus-225"},{"type":"Feature","properties":{"id":"bus-226","name":"東町","operator":"（株）江ノ電バス","routes":["藤04,藤06,J4"],"source_year":2022},"geometry":{"type":"Point","coordinates":[139.45926281078044,35.33112687233048]},"id":"bus-226"},{"type":"Feature","properties":{"id":"bus-227","name":"東町","operator":"神奈川中央交通（株）","routes":["藤04,藤06"],"source_year":2022},"geometry":{"type":"Point","coordinates":[139.45926281078044,35.33112687233048]},"id":"bus-227"},{"type":"Feature","properties":{"id":"bus-228","name":"東谷","operator":"神奈川中央交通（株）","routes":["長41"],"source_year":2022},"geometry":{"type":"Point","coordinates":[139.4624888214837,35.39814659433737]},"id":"bus-228"},{"type":"Feature","properties":{"id":"bus-229","name":"松波町","operator":"（株）江ノ電バス","routes":["F35,J3"],"source_year":2022},"geometry":{"type":"Point","coordinates":[139.46216392305934,35.31754821966617]},"id":"bus-229"},{"type":"Feature","properties":{"id":"bus-230","name":"松葉","operator":"神奈川中央交通（株）","routes":["湘19,湘20,長35,辻33"],"source_year":2022},"geometry":{"type":"Point","coordinates":[139.41768877293424,35.41412701410877]},"id":"bus-230"},{"type":"Feature","properties":{"id":"bus-231","name":"柄沢","operator":"神奈川中央交通（株）","routes":["藤60,船30,船31"],"source_year":2022},"geometry":{"type":"Point","coordinates":[139.49861225326606,35.3529086401699]},"id":"bus-231"},{"type":"Feature","properties":{"id":"bus-232","name":"柄沢十字路","operator":"神奈川中央交通（株）","routes":["藤60,船30,船31"],"source_year":2022},"geometry":{"type":"Point","coordinates":[139.50151345646904,35.35472096190678]},"id":"bus-232"},{"type":"Feature","properties":{"id":"bus-233","name":"柄沢大上","operator":"神奈川中央交通（株）","routes":["船33"],"source_year":2022},"geometry":{"type":"Point","coordinates":[139.49777510382796,35.354489800787974]},"id":"bus-233"},{"type":"Feature","properties":{"id":"bus-234","name":"柄沢橋","operator":"神奈川中央交通（株）","routes":["藤60,船32,船33"],"source_year":2022},"geometry":{"type":"Point","coordinates":[139.49516107954986,35.348814093768176]},"id":"bus-234"},{"type":"Feature","properties":{"id":"bus-235","name":"柄沢神社入口","operator":"神奈川中央交通（株）","routes":["船33"],"source_year":2022},"geometry":{"type":"Point","coordinates":[139.49656988247767,35.35159154067097]},"id":"bus-235"},{"type":"Feature","properties":{"id":"bus-236","name":"柳小路","operator":"（株）江ノ電バス","routes":["F2・F20,F21,F23,F3,F31,F35,F37"],"source_year":2022},"geometry":{"type":"Point","coordinates":[139.4872978238401,35.32753037816217]},"id":"bus-236"},{"type":"Feature","properties":{"id":"bus-237","name":"根下","operator":"神奈川中央交通（株）","routes":["辻33"],"source_year":2022},"geometry":{"type":"Point","coordinates":[139.41815909586379,35.385274927678644]},"id":"bus-237"},{"type":"Feature","properties":{"id":"bus-238","name":"桐ヶ谷","operator":"神奈川中央交通（株）","routes":["藤34,湘16,湘17,湘21,辻26"],"source_year":2022},"geometry":{"type":"Point","coordinates":[139.45992263399472,35.390365475178235]},"id":"bus-238"},{"type":"Feature","properties":{"id":"bus-239","name":"桐原公園前","operator":"神奈川中央交通（株）","routes":["藤34,湘13"],"source_year":2022},"geometry":{"type":"Point","coordinates":[139.45386922726166,35.38859571871553]},"id":"bus-239"},{"type":"Feature","properties":{"id":"bus-240","name":"桐原四辻","operator":"神奈川中央交通（株）","routes":["湘13"],"source_year":2022},"geometry":{"type":"Point","coordinates":[139.45228959312837,35.392363299538395]},"id":"bus-240"},{"type":"Feature","properties":{"id":"bus-241","name":"桐原緑道","operator":"神奈川中央交通（株）","routes":["湘13"],"source_year":2022},"geometry":{"type":"Point","coordinates":[139.4550191488011,35.386690580026816]},"id":"bus-241"},{"type":"Feature","properties":{"id":"bus-242","name":"梅ヶ枝通り","operator":"神奈川中央交通（株）","routes":["辻31,藤09,藤10"],"source_year":2022},"geometry":{"type":"Point","coordinates":[139.4618693929903,35.342684285762104]},"id":"bus-242"},{"type":"Feature","properties":{"id":"bus-243","name":"榎戸","operator":"神奈川中央交通（株）","routes":["湘19,辻33"],"source_year":2022},"geometry":{"type":"Point","coordinates":[139.41511079333992,35.392612155576714]},"id":"bus-243"},{"type":"Feature","properties":{"id":"bus-244","name":"橘通り","operator":"（株）江ノ電バス","routes":["F5"],"source_year":2022},"geometry":{"type":"Point","coordinates":[139.4844345200878,35.334537583717605]},"id":"bus-244"},{"type":"Feature","properties":{"id":"bus-245","name":"水道みち下","operator":"善行地区郷土づくり推進会議","routes":["のりあい善行　02系統"],"source_year":2022},"geometry":{"type":"Point","coordinates":[139.48310599862032,35.35917405716223]},"id":"bus-245"},{"type":"Feature","properties":{"id":"bus-246","name":"江ノ島","operator":"（株）江ノ電バス","routes":["N3,F3,F31"],"source_year":2022},"geometry":{"type":"Point","coordinates":[139.4815834323254,35.30249539786356]},"id":"bus-246"},{"type":"Feature","properties":{"id":"bus-247","name":"江ノ島","operator":"京浜急行バス（株）","routes":["船4・船6,鎌4・鎌6"],"source_year":2022},"geometry":{"type":"Point","coordinates":[139.4815834323254,35.30249539786356]},"id":"bus-247"},{"type":"Feature","properties":{"id":"bus-248","name":"江ノ島水族館前","operator":"（株）江ノ電バス","routes":["F35,F37"],"source_year":2022},"geometry":{"type":"Point","coordinates":[139.48124099546402,35.308849664079645]},"id":"bus-248"},{"type":"Feature","properties":{"id":"bus-249","name":"江ノ島海岸","operator":"京浜急行バス（株）","routes":["船4・船6,鎌4・鎌6"],"source_year":2022},"geometry":{"type":"Point","coordinates":[139.48452567796153,35.30742989914045]},"id":"bus-249"},{"type":"Feature","properties":{"id":"bus-250","name":"江ノ島海岸","operator":"（株）江ノ電バス","routes":["N3,F3,F31,F35,F37"],"source_year":2022},"geometry":{"type":"Point","coordinates":[139.48452567796153,35.30742989914045]},"id":"bus-250"},{"type":"Feature","properties":{"id":"bus-251","name":"江ノ島駅前","operator":"（株）江ノ電バス","routes":["F3,F31,F35,F37"],"source_year":2022},"geometry":{"type":"Point","coordinates":[139.48732029176892,35.31151253809439]},"id":"bus-251"},{"type":"Feature","properties":{"id":"bus-252","name":"汲田","operator":"神奈川中央交通（株）","routes":["辻31,藤03,藤09,藤10"],"source_year":2022},"geometry":{"type":"Point","coordinates":[139.457146701712,35.34171149160074]},"id":"bus-252"},{"type":"Feature","properties":{"id":"bus-253","name":"浜見山","operator":"神奈川中央交通（株）","routes":["藤04,藤06,辻02"],"source_year":2022},"geometry":{"type":"Point","coordinates":[139.45301751245853,35.327167938273824]},"id":"bus-253"},{"type":"Feature","properties":{"id":"bus-254","name":"浜見山","operator":"（株）江ノ電バス","routes":["F35,藤04,藤06,J1,J3,J4"],"source_year":2022},"geometry":{"type":"Point","coordinates":[139.45301751245853,35.327167938273824]},"id":"bus-254"},{"type":"Feature","properties":{"id":"bus-255","name":"渋沢台","operator":"善行地区郷土づくり推進会議","routes":["のりあい善行　01系統"],"source_year":2022},"geometry":{"type":"Point","coordinates":[139.4789474924989,35.36581210443495]},"id":"bus-255"},{"type":"Feature","properties":{"id":"bus-256","name":"渋谷ノ里","operator":"神奈川中央交通（株）","routes":["長41"],"source_year":2022},"geometry":{"type":"Point","coordinates":[139.46145880159355,35.406584595598446]},"id":"bus-256"},{"type":"Feature","properties":{"id":"bus-257","name":"渋谷ヶ原","operator":"神奈川中央交通（株）","routes":["長41"],"source_year":2022},"geometry":{"type":"Point","coordinates":[139.461797453246,35.40069336837127]},"id":"bus-257"},{"type":"Feature","properties":{"id":"bus-258","name":"渡内","operator":"神奈川中央交通（株）","routes":["船30,船31,船32"],"source_year":2022},"geometry":{"type":"Point","coordinates":[139.50368355323488,35.34948085985077]},"id":"bus-258"},{"type":"Feature","properties":{"id":"bus-259","name":"渡内中央","operator":"（株）江ノ電バス","routes":["F6"],"source_year":2022},"geometry":{"type":"Point","coordinates":[139.50513817373107,35.34850296377159]},"id":"bus-259"},{"type":"Feature","properties":{"id":"bus-260","name":"渡内二丁目","operator":"（株）江ノ電バス","routes":["F6"],"source_year":2022},"geometry":{"type":"Point","coordinates":[139.50475208443547,35.347832762838266]},"id":"bus-260"},{"type":"Feature","properties":{"id":"bus-261","name":"渡内会館入口","operator":"（株）江ノ電バス","routes":["F6"],"source_year":2022},"geometry":{"type":"Point","coordinates":[139.50502456072107,35.34672235623357]},"id":"bus-261"},{"type":"Feature","properties":{"id":"bus-262","name":"渡内第三会館前","operator":"神奈川中央交通（株）","routes":["船30,船31,船32"],"source_year":2022},"geometry":{"type":"Point","coordinates":[139.50664919090968,35.34978700082402]},"id":"bus-262"},{"type":"Feature","properties":{"id":"bus-263","name":"湘南アイパーク","operator":"（株）江ノ電バス","routes":["N6,N61,N63,F65"],"source_year":2022},"geometry":{"type":"Point","coordinates":[139.51038283289293,35.34010774062309]},"id":"bus-263"},{"type":"Feature","properties":{"id":"bus-264","name":"湘南ライフタウン","operator":"神奈川中央交通（株）","routes":["善03,藤12,藤13,藤15,藤39,湘11,茅03,湘12,湘16,湘17,湘21,辻23,辻24,辻26,辻28,辻29,辻33,辻34,辻35"],"source_year":2022},"geometry":{"type":"Point","coordinates":[139.43329091861844,35.37545688761696]},"id":"bus-264"},{"type":"Feature","properties":{"id":"bus-265","name":"湘南台","operator":"神奈川中央交通（株）","routes":["辻31,藤09,藤10"],"source_year":2022},"geometry":{"type":"Point","coordinates":[139.46436866599728,35.34501741319546]},"id":"bus-265"},{"type":"Feature","properties":{"id":"bus-266","name":"湘南台住宅前","operator":"神奈川中央交通（株）","routes":["藤34,湘16,湘17,湘21,辻26"],"source_year":2022},"geometry":{"type":"Point","coordinates":[139.4639848761404,35.392575337843034]},"id":"bus-266"},{"type":"Feature","properties":{"id":"bus-267","name":"湘南台駅東口","operator":"神奈川中央交通（株）","routes":["湘07,湘27,湘29,藤51,湘12,湘13,湘14,湘15"],"source_year":2022},"geometry":{"type":"Point","coordinates":[139.4669946679963,35.39640887894222]},"id":"bus-267"},{"type":"Feature","properties":{"id":"bus-268","name":"湘南台駅西口","operator":"神奈川中央交通（株）","routes":["藤34,藤39,湘11,湘13,湘15,湘16,湘17,湘18,湘19,湘20,湘21,湘22,湘23,湘24,湘25,湘28,長41,辻26"],"source_year":2022},"geometry":{"type":"Point","coordinates":[139.4660050100091,35.39605809343897]},"id":"bus-268"},{"type":"Feature","properties":{"id":"bus-269","name":"湘南港桟橋","operator":"（株）江ノ電バス","routes":["F31"],"source_year":2022},"geometry":{"type":"Point","coordinates":[139.48397469966923,35.298646142544364]},"id":"bus-269"},{"type":"Feature","properties":{"id":"bus-270","name":"湘南車庫","operator":"（株）江ノ電バス","routes":["N13,N15,K3,F23"],"source_year":2022},"geometry":{"type":"Point","coordinates":[139.51467229569525,35.33997841087073]},"id":"bus-270"},{"type":"Feature","properties":{"id":"bus-271","name":"湘南高校前","operator":"神奈川中央交通（株）","routes":["藤09,藤10,藤12,藤13,藤15,藤34,藤38,藤39,藤07,藤08"],"source_year":2022},"geometry":{"type":"Point","coordinates":[139.47258323023848,35.34659182747398]},"id":"bus-271"},{"type":"Feature","properties":{"id":"bus-272","name":"湘南高校通り","operator":"神奈川中央交通（株）","routes":["藤02,藤03"],"source_year":2022},"geometry":{"type":"Point","coordinates":[139.4752104637117,35.34322891796216]},"id":"bus-272"},{"type":"Feature","properties":{"id":"bus-273","name":"湘洋中学校前","operator":"（株）江ノ電バス","routes":["F35,J3"],"source_year":2022},"geometry":{"type":"Point","coordinates":[139.4580279216806,35.31827052522196]},"id":"bus-273"},{"type":"Feature","properties":{"id":"bus-274","name":"滝の沢","operator":"神奈川中央交通（株）","routes":["善03,藤12,藤13,湘16,辻23,辻24,辻26,辻33,辻34,辻35"],"source_year":2022},"geometry":{"type":"Point","coordinates":[139.44005330376132,35.37159711502711]},"id":"bus-274"},{"type":"Feature","properties":{"id":"bus-275","name":"滝の沢不動前","operator":"神奈川中央交通（株）","routes":["善03,藤12,藤13,藤15,茅03,湘16,辻23,辻24,辻26,辻28,辻29,辻33,辻34,辻35"],"source_year":2022},"geometry":{"type":"Point","coordinates":[139.43674602225244,35.37251314916965]},"id":"bus-275"},{"type":"Feature","properties":{"id":"bus-276","name":"滝の沢小学校前","operator":"神奈川中央交通（株）","routes":["藤15,茅03,辻28,辻29"],"source_year":2022},"geometry":{"type":"Point","coordinates":[139.4380412342762,35.370541015169415]},"id":"bus-276"},{"type":"Feature","properties":{"id":"bus-277","name":"烏森公園前","operator":"神奈川中央交通（株）","routes":["藤02,藤03"],"source_year":2022},"geometry":{"type":"Point","coordinates":[139.47314173172717,35.34199125339875]},"id":"bus-277"},{"type":"Feature","properties":{"id":"bus-278","name":"熊の森","operator":"神奈川中央交通（株）","routes":["藤06,辻02"],"source_year":2022},"geometry":{"type":"Point","coordinates":[139.45015383490983,35.33417011744028]},"id":"bus-278"},{"type":"Feature","properties":{"id":"bus-279","name":"熊の森","operator":"（株）江ノ電バス","routes":["F35,藤06,J1,J3,J4"],"source_year":2022},"geometry":{"type":"Point","coordinates":[139.45015383490983,35.33417011744028]},"id":"bus-279"},{"type":"Feature","properties":{"id":"bus-280","name":"熊倉通り","operator":"（株）江ノ電バス","routes":["F5"],"source_year":2022},"geometry":{"type":"Point","coordinates":[139.4730507066004,35.32418661759309]},"id":"bus-280"},{"type":"Feature","properties":{"id":"bus-281","name":"片瀬中学校前","operator":"（株）江ノ電バス","routes":["F2・F20,F21,F23"],"source_year":2022},"geometry":{"type":"Point","coordinates":[139.49446898209592,35.323094897656595]},"id":"bus-281"},{"type":"Feature","properties":{"id":"bus-282","name":"片瀬山","operator":"（株）江ノ電バス","routes":["F2・F20,F21,F23"],"source_year":2022},"geometry":{"type":"Point","coordinates":[139.49393378425137,35.31974390271819]},"id":"bus-282"},{"type":"Feature","properties":{"id":"bus-283","name":"片瀬山入口","operator":"京浜急行バス（株）","routes":["船4・船6,鎌4・鎌6"],"source_year":2022},"geometry":{"type":"Point","coordinates":[139.49409378100873,35.316521512602236]},"id":"bus-283"},{"type":"Feature","properties":{"id":"bus-284","name":"片瀬山入口","operator":"（株）江ノ電バス","routes":["F2・F20,F21,F23"],"source_year":2022},"geometry":{"type":"Point","coordinates":[139.49409378100873,35.316521512602236]},"id":"bus-284"},{"type":"Feature","properties":{"id":"bus-285","name":"獺郷","operator":"神奈川中央交通（株）","routes":["湘19"],"source_year":2022},"geometry":{"type":"Point","coordinates":[139.40404233312105,35.389148344183376]},"id":"bus-285"},{"type":"Feature","properties":{"id":"bus-286","name":"獺郷公民館前","operator":"神奈川中央交通（株）","routes":["湘19"],"source_year":2022},"geometry":{"type":"Point","coordinates":[139.4065422515486,35.38820431019909]},"id":"bus-286"},{"type":"Feature","properties":{"id":"bus-287","name":"用田","operator":"神奈川中央交通（株）","routes":["湘20,長16,長35,辻33"],"source_year":2022},"geometry":{"type":"Point","coordinates":[139.4153378898994,35.403924539555554]},"id":"bus-287"},{"type":"Feature","properties":{"id":"bus-288","name":"用田神社入口","operator":"神奈川中央交通（株）","routes":["湘19,湘20,長35,辻33"],"source_year":2022},"geometry":{"type":"Point","coordinates":[139.41466641851963,35.40891505109154]},"id":"bus-288"},{"type":"Feature","properties":{"id":"bus-289","name":"用田辻","operator":"神奈川中央交通（株）","routes":["湘19,湘20,長16,長35,辻33"],"source_year":2022},"geometry":{"type":"Point","coordinates":[139.41293930866027,35.40425886860281]},"id":"bus-289"},{"type":"Feature","properties":{"id":"bus-290","name":"田方","operator":"神奈川中央交通（株）","routes":["湘16,湘17,湘21,辻26"],"source_year":2022},"geometry":{"type":"Point","coordinates":[139.4439501506291,35.37930023841118]},"id":"bus-290"},{"type":"Feature","properties":{"id":"bus-291","name":"白旗交差点","operator":"神奈川中央交通（株）","routes":["藤09,藤10,藤12,藤13,藤15,藤34,藤35,藤36,藤38,藤39,藤45,藤46,藤59,藤07,藤08"],"source_year":2022},"geometry":{"type":"Point","coordinates":[139.47839022993153,35.347638172726356]},"id":"bus-291"},{"type":"Feature","properties":{"id":"bus-292","name":"白旗神社前","operator":"神奈川中央交通（株）","routes":["藤51,藤58,藤59"],"source_year":2022},"geometry":{"type":"Point","coordinates":[139.47869799080863,35.349711269196014]},"id":"bus-292"},{"type":"Feature","properties":{"id":"bus-293","name":"目白山","operator":"京浜急行バス（株）","routes":["船4・船6,鎌4・鎌6"],"source_year":2022},"geometry":{"type":"Point","coordinates":[139.49340021505668,35.3151611072884]},"id":"bus-293"},{"type":"Feature","properties":{"id":"bus-294","name":"相生町","operator":"（株）江ノ電バス","routes":["藤04,藤06,F9"],"source_year":2022},"geometry":{"type":"Point","coordinates":[139.48121989493796,35.34074985565087]},"id":"bus-294"},{"type":"Feature","properties":{"id":"bus-295","name":"相生町","operator":"神奈川中央交通（株）","routes":["戸81,藤02,藤03,藤04,藤06,藤09,藤10,藤12,藤13,藤15,藤34,藤35,藤36,藤38,藤39,藤56,船32,船33,船65,藤07,藤08"],"source_year":2022},"geometry":{"type":"Point","coordinates":[139.48121989493796,35.34074985565087]},"id":"bus-295"},{"type":"Feature","properties":{"id":"bus-296","name":"県合同庁舎前","operator":"（株）江ノ電バス","routes":["F2・F20,F21,F23,F3,F31,F35,F37"],"source_year":2022},"geometry":{"type":"Point","coordinates":[139.4889005413825,35.33321447296079]},"id":"bus-296"},{"type":"Feature","properties":{"id":"bus-297","name":"県営サンハイツ渋谷前","operator":"大和市","routes":["のろっと南部ルート"],"source_year":2022},"geometry":{"type":"Point","coordinates":[139.46630080867422,35.428229431769815]},"id":"bus-297"},{"type":"Feature","properties":{"id":"bus-298","name":"真砂通り","operator":"（株）江ノ電バス","routes":["F35,J3"],"source_year":2022},"geometry":{"type":"Point","coordinates":[139.45391467389854,35.32161250506724]},"id":"bus-298"},{"type":"Feature","properties":{"id":"bus-299","name":"矢尻","operator":"神奈川中央交通（株）","routes":["湘12,湘16,湘17,湘21,辻26,辻33"],"source_year":2022},"geometry":{"type":"Point","coordinates":[139.43911940213488,35.377771471620875]},"id":"bus-299"},{"type":"Feature","properties":{"id":"bus-300","name":"矢崎","operator":"神奈川中央交通（株）","routes":["辻33"],"source_year":2022},"geometry":{"type":"Point","coordinates":[139.4233941640473,35.384687323783155]},"id":"bus-300"},{"type":"Feature","properties":{"id":"bus-301","name":"石原谷","operator":"神奈川中央交通（株）","routes":["善02,善03,藤35,藤45"],"source_year":2022},"geometry":{"type":"Point","coordinates":[139.46764728114624,35.357584680134124]},"id":"bus-301"},{"type":"Feature","properties":{"id":"bus-302","name":"石川","operator":"神奈川中央交通（株）","routes":["藤34"],"source_year":2022},"geometry":{"type":"Point","coordinates":[139.45195983615122,35.37725458539213]},"id":"bus-302"},{"type":"Feature","properties":{"id":"bus-303","name":"石川中村","operator":"神奈川中央交通（株）","routes":["湘12"],"source_year":2022},"geometry":{"type":"Point","coordinates":[139.45547199057555,35.38088433760669]},"id":"bus-303"},{"type":"Feature","properties":{"id":"bus-304","name":"石川六丁目","operator":"神奈川中央交通（株）","routes":["湘13,湘15"],"source_year":2022},"geometry":{"type":"Point","coordinates":[139.45026697782583,35.391788830345945]},"id":"bus-304"},{"type":"Feature","properties":{"id":"bus-305","name":"石川山田","operator":"神奈川中央交通（株）","routes":["湘12,湘16,湘17,湘21,辻26"],"source_year":2022},"geometry":{"type":"Point","coordinates":[139.45670960066175,35.384602329465466]},"id":"bus-305"},{"type":"Feature","properties":{"id":"bus-306","name":"石川橋","operator":"神奈川中央交通（株）","routes":["藤34,湘12"],"source_year":2022},"geometry":{"type":"Point","coordinates":[139.45310839633956,35.37409751379944]},"id":"bus-306"},{"type":"Feature","properties":{"id":"bus-307","name":"神台公園前","operator":"神奈川中央交通（株）","routes":["辻07,辻31,藤03,藤09,藤10,辻01,辻24,辻26,辻28,辻29,辻33,辻34"],"source_year":2022},"geometry":{"type":"Point","coordinates":[139.4473476979126,35.34042270298843]},"id":"bus-307"},{"type":"Feature","properties":{"id":"bus-308","name":"神明町","operator":"神奈川中央交通（株）","routes":["藤01,藤21"],"source_year":2022},"geometry":{"type":"Point","coordinates":[139.47228812327756,35.33826861618357]},"id":"bus-308"},{"type":"Feature","properties":{"id":"bus-309","name":"秋葉台小学校","operator":"神奈川中央交通（株）","routes":["藤39,湘11"],"source_year":2022},"geometry":{"type":"Point","coordinates":[139.43993835024492,35.38977040968651]},"id":"bus-309"},{"type":"Feature","properties":{"id":"bus-310","name":"立石ハイツB棟","operator":"善行地区郷土づくり推進会議","routes":["のりあい善行　02系統"],"source_year":2022},"geometry":{"type":"Point","coordinates":[139.48136726009244,35.3606916377403]},"id":"bus-310"},{"type":"Feature","properties":{"id":"bus-311","name":"立石ハイツE棟","operator":"善行地区郷土づくり推進会議","routes":["のりあい善行　02系統"],"source_year":2022},"geometry":{"type":"Point","coordinates":[139.48088980099777,35.361099640805705]},"id":"bus-311"},{"type":"Feature","properties":{"id":"bus-312","name":"立石公園","operator":"善行地区郷土づくり推進会議","routes":["のりあい善行　02系統"],"source_year":2022},"geometry":{"type":"Point","coordinates":[139.4820502567933,35.36009004880615]},"id":"bus-312"},{"type":"Feature","properties":{"id":"bus-313","name":"立石市民の家","operator":"善行地区郷土づくり推進会議","routes":["のりあい善行　01系統"],"source_year":2022},"geometry":{"type":"Point","coordinates":[139.47958270208903,35.363488504931965]},"id":"bus-313"},{"type":"Feature","properties":{"id":"bus-314","name":"竜口寺","operator":"（株）江ノ電バス","routes":["F3,F31,F35,F37"],"source_year":2022},"geometry":{"type":"Point","coordinates":[139.48932156065106,35.31083709710112]},"id":"bus-314"},{"type":"Feature","properties":{"id":"bus-315","name":"笹久保","operator":"神奈川中央交通（株）","routes":["湘20,湘24"],"source_year":2022},"geometry":{"type":"Point","coordinates":[139.43426831309455,35.398676214455854]},"id":"bus-315"},{"type":"Feature","properties":{"id":"bus-316","name":"緑ヶ丘","operator":"神奈川中央交通（株）","routes":["戸81,藤54,藤55,藤56,船65"],"source_year":2022},"geometry":{"type":"Point","coordinates":[139.49237775065285,35.35560930935078]},"id":"bus-316"},{"type":"Feature","properties":{"id":"bus-317","name":"羽根沢","operator":"神奈川中央交通（株）","routes":["藤15,藤39,辻28,辻29"],"source_year":2022},"geometry":{"type":"Point","coordinates":[139.44037698346904,35.36431567236528]},"id":"bus-317"},{"type":"Feature","properties":{"id":"bus-318","name":"羽鳥","operator":"神奈川中央交通（株）","routes":["藤12,藤13,藤15,藤34,藤39,藤07,藤08"],"source_year":2022},"geometry":{"type":"Point","coordinates":[139.46150558719177,35.347184906562845]},"id":"bus-318"},{"type":"Feature","properties":{"id":"bus-319","name":"羽鳥一丁目","operator":"神奈川中央交通（株）","routes":["辻07,辻24,辻26,辻28,辻29,辻34"],"source_year":2022},"geometry":{"type":"Point","coordinates":[139.44880291190563,35.34411987406294]},"id":"bus-319"},{"type":"Feature","properties":{"id":"bus-320","name":"羽鳥山","operator":"神奈川中央交通（株）","routes":["辻33"],"source_year":2022},"geometry":{"type":"Point","coordinates":[139.45525605296942,35.34413812365867]},"id":"bus-320"},{"type":"Feature","properties":{"id":"bus-321","name":"羽鳥郵便局前","operator":"神奈川中央交通（株）","routes":["辻31,藤03,藤09,藤10,辻33"],"source_year":2022},"geometry":{"type":"Point","coordinates":[139.45131630160785,35.341506051901675]},"id":"bus-321"},{"type":"Feature","properties":{"id":"bus-322","name":"老人センター","operator":"神奈川中央交通（株）","routes":["善02,辻31,藤38"],"source_year":2022},"geometry":{"type":"Point","coordinates":[139.46246912316442,35.354157225758]},"id":"bus-322"},{"type":"Feature","properties":{"id":"bus-323","name":"聖園女学院前","operator":"神奈川中央交通（株）","routes":["藤51,藤58,藤59"],"source_year":2022},"geometry":{"type":"Point","coordinates":[139.47802640515903,35.35547974911924]},"id":"bus-323"},{"type":"Feature","properties":{"id":"bus-324","name":"舟地蔵","operator":"神奈川中央交通（株）","routes":["善03,藤15,藤34,藤39,辻28,辻33"],"source_year":2022},"geometry":{"type":"Point","coordinates":[139.45290349680945,35.357766058559015]},"id":"bus-324"},{"type":"Feature","properties":{"id":"bus-325","name":"花の木","operator":"神奈川中央交通（株）","routes":["藤36,藤46"],"source_year":2022},"geometry":{"type":"Point","coordinates":[139.47410700326276,35.351940127909565]},"id":"bus-325"},{"type":"Feature","properties":{"id":"bus-326","name":"茅山","operator":"神奈川中央交通（株）","routes":["善02,善03,善05,善06"],"source_year":2022},"geometry":{"type":"Point","coordinates":[139.46792475334414,35.36128398156776]},"id":"bus-326"},{"type":"Feature","properties":{"id":"bus-327","name":"荏原工業団地","operator":"神奈川中央交通（株）","routes":["藤35,藤45"],"source_year":2022},"geometry":{"type":"Point","coordinates":[139.46641377313478,35.358275420703976]},"id":"bus-327"},{"type":"Feature","properties":{"id":"bus-328","name":"荒井","operator":"神奈川中央交通（株）","routes":["湘19,辻33"],"source_year":2022},"geometry":{"type":"Point","coordinates":[139.4143694655068,35.389043800079115]},"id":"bus-328"},{"type":"Feature","properties":{"id":"bus-329","name":"菖蒲沢","operator":"神奈川中央交通（株）","routes":["湘20"],"source_year":2022},"geometry":{"type":"Point","coordinates":[139.4306657905988,35.39832445951963]},"id":"bus-329"},{"type":"Feature","properties":{"id":"bus-330","name":"菖蒲沢団地","operator":"神奈川中央交通（株）","routes":["湘22"],"source_year":2022},"geometry":{"type":"Point","coordinates":[139.445793839474,35.39996500116403]},"id":"bus-330"},{"type":"Feature","properties":{"id":"bus-331","name":"落合南","operator":"綾瀬市","routes":["3号車　市役所→上土棚団地→市役所"],"source_year":2022},"geometry":{"type":"Point","coordinates":[139.43836980546823,35.41509063769643]},"id":"bus-331"},{"type":"Feature","properties":{"id":"bus-332","name":"落合南","operator":"神奈川中央交通（株）","routes":["00,長43"],"source_year":2022},"geometry":{"type":"Point","coordinates":[139.43836980546823,35.41509063769643]},"id":"bus-332"},{"type":"Feature","properties":{"id":"bus-333","name":"葛原","operator":"神奈川中央交通（株）","routes":["湘22,長16,長35,長36"],"source_year":2022},"geometry":{"type":"Point","coordinates":[139.43950660746185,35.40688853241111]},"id":"bus-333"},{"type":"Feature","properties":{"id":"bus-334","name":"葛野","operator":"神奈川中央交通（株）","routes":["長16,長35"],"source_year":2022},"geometry":{"type":"Point","coordinates":[139.4281321892639,35.40252680690173]},"id":"bus-334"},{"type":"Feature","properties":{"id":"bus-335","name":"藤が岡10号","operator":"神奈川中央交通（株）","routes":["藤101,藤103"],"source_year":2022},"geometry":{"type":"Point","coordinates":[139.49884581056588,35.34849115017296]},"id":"bus-335"},{"type":"Feature","properties":{"id":"bus-336","name":"藤が岡11号","operator":"神奈川中央交通（株）","routes":["藤101,藤103"],"source_year":2022},"geometry":{"type":"Point","coordinates":[139.49776364982625,35.347416538441706]},"id":"bus-336"},{"type":"Feature","properties":{"id":"bus-337","name":"藤が岡12号","operator":"神奈川中央交通（株）","routes":["藤101,藤103"],"source_year":2022},"geometry":{"type":"Point","coordinates":[139.4973089532172,35.34698102712056]},"id":"bus-337"},{"type":"Feature","properties":{"id":"bus-338","name":"藤が岡13号","operator":"神奈川中央交通（株）","routes":["藤101,藤103"],"source_year":2022},"geometry":{"type":"Point","coordinates":[139.49602487005964,35.34572227283999]},"id":"bus-338"},{"type":"Feature","properties":{"id":"bus-339","name":"藤が岡14号","operator":"神奈川中央交通（株）","routes":["藤101,藤102,藤103"],"source_year":2022},"geometry":{"type":"Point","coordinates":[139.49477496124337,35.34474098609108]},"id":"bus-339"},{"type":"Feature","properties":{"id":"bus-340","name":"藤が岡15号","operator":"神奈川中央交通（株）","routes":["藤101,藤102,藤103"],"source_year":2022},"geometry":{"type":"Point","coordinates":[139.49359005039886,35.34423880503808]},"id":"bus-340"},{"type":"Feature","properties":{"id":"bus-341","name":"藤が岡1号","operator":"神奈川中央交通（株）","routes":["藤101,藤102"],"source_year":2022},"geometry":{"type":"Point","coordinates":[139.49262512302158,35.34386077919637]},"id":"bus-341"},{"type":"Feature","properties":{"id":"bus-342","name":"藤が岡2号","operator":"神奈川中央交通（株）","routes":["藤101,藤102"],"source_year":2022},"geometry":{"type":"Point","coordinates":[139.4912194032376,35.34389741847578]},"id":"bus-342"},{"type":"Feature","properties":{"id":"bus-343","name":"藤が岡3号","operator":"神奈川中央交通（株）","routes":["藤101,藤102"],"source_year":2022},"geometry":{"type":"Point","coordinates":[139.4908088886979,35.34445317838075]},"id":"bus-343"},{"type":"Feature","properties":{"id":"bus-344","name":"藤が岡4号","operator":"神奈川中央交通（株）","routes":["藤101,藤102"],"source_year":2022},"geometry":{"type":"Point","coordinates":[139.49166160301252,35.344833702111316]},"id":"bus-344"},{"type":"Feature","properties":{"id":"bus-345","name":"藤が岡5号","operator":"神奈川中央交通（株）","routes":["藤101,藤102"],"source_year":2022},"geometry":{"type":"Point","coordinates":[139.49298761253849,35.34541781825346]},"id":"bus-345"},{"type":"Feature","properties":{"id":"bus-346","name":"藤が岡6号","operator":"神奈川中央交通（株）","routes":["藤101,藤102"],"source_year":2022},"geometry":{"type":"Point","coordinates":[139.4941389138329,35.34601776176383]},"id":"bus-346"},{"type":"Feature","properties":{"id":"bus-347","name":"藤が岡7号","operator":"神奈川中央交通（株）","routes":["藤101,藤103"],"source_year":2022},"geometry":{"type":"Point","coordinates":[139.49561880018013,35.346623819817275]},"id":"bus-347"},{"type":"Feature","properties":{"id":"bus-348","name":"藤が岡8号","operator":"神奈川中央交通（株）","routes":["藤101,藤103"],"source_year":2022},"geometry":{"type":"Point","coordinates":[139.49670733086347,35.34736957556735]},"id":"bus-348"},{"type":"Feature","properties":{"id":"bus-349","name":"藤が岡9号","operator":"神奈川中央交通（株）","routes":["藤101,藤103"],"source_year":2022},"geometry":{"type":"Point","coordinates":[139.49733230387588,35.34898994027172]},"id":"bus-349"},{"type":"Feature","properties":{"id":"bus-350","name":"藤が岡中央","operator":"神奈川中央交通（株）","routes":["藤60,藤102,藤103"],"source_year":2022},"geometry":{"type":"Point","coordinates":[139.49524104263614,35.34552867364362]},"id":"bus-350"},{"type":"Feature","properties":{"id":"bus-351","name":"藤ヶ岡中学校前","operator":"神奈川中央交通（株）","routes":["藤60,船31,船32"],"source_year":2022},"geometry":{"type":"Point","coordinates":[139.49998101789754,35.34903916285374]},"id":"bus-351"},{"type":"Feature","properties":{"id":"bus-352","name":"藤ヶ谷","operator":"（株）江ノ電バス","routes":["F2・F20,F21,F23,F3,F31,F35,F37"],"source_year":2022},"geometry":{"type":"Point","coordinates":[139.486799251034,35.32490984608153]},"id":"bus-352"},{"type":"Feature","properties":{"id":"bus-353","name":"藤原","operator":"（株）江ノ電バス","routes":["F9,J4"],"source_year":2022},"geometry":{"type":"Point","coordinates":[139.46767620881508,35.327223640049866]},"id":"bus-353"},{"type":"Feature","properties":{"id":"bus-354","name":"藤沢SST前","operator":"神奈川中央交通（株）","routes":["藤04,藤06"],"source_year":2022},"geometry":{"type":"Point","coordinates":[139.4648573315515,35.334371377031864]},"id":"bus-354"},{"type":"Feature","properties":{"id":"bus-355","name":"藤沢SST前","operator":"（株）江ノ電バス","routes":["藤04,藤06"],"source_year":2022},"geometry":{"type":"Point","coordinates":[139.4648573315515,35.334371377031864]},"id":"bus-355"},{"type":"Feature","properties":{"id":"bus-356","name":"藤沢ジャンボゴルフ前","operator":"神奈川中央交通（株）","routes":["湘19,湘23"],"source_year":2022},"geometry":{"type":"Point","coordinates":[139.43740436060807,35.39063177670158]},"id":"bus-356"},{"type":"Feature","properties":{"id":"bus-357","name":"藤沢・綾瀬ふれあいの杜","operator":"綾瀬市","routes":["3号車　市役所→上土棚団地→市役所"],"source_year":2022},"geometry":{"type":"Point","coordinates":[139.4419501793182,35.41333214588208]},"id":"bus-357"},{"type":"Feature","properties":{"id":"bus-358","name":"藤沢・綾瀬ふれあいの杜","operator":"神奈川中央交通（株）","routes":["00,長43"],"source_year":2022},"geometry":{"type":"Point","coordinates":[139.4419501793182,35.41333214588208]},"id":"bus-358"},{"type":"Feature","properties":{"id":"bus-359","name":"藤沢公民館前","operator":"神奈川中央交通（株）","routes":["藤10,藤13,藤34,藤35,藤36,藤38,藤45,藤46,藤51,藤58,藤59,藤08"],"source_year":2022},"geometry":{"type":"Point","coordinates":[139.48326452894003,35.3474810318014]},"id":"bus-359"},{"type":"Feature","properties":{"id":"bus-360","name":"藤沢小学校前","operator":"神奈川中央交通（株）","routes":["戸81,藤10,藤13,藤56,船32,船33,船65"],"source_year":2022},"geometry":{"type":"Point","coordinates":[139.48449189450315,35.34423171302884]},"id":"bus-360"},{"type":"Feature","properties":{"id":"bus-361","name":"藤沢市民病院","operator":"神奈川中央交通（株）","routes":["藤10,藤13,藤45,藤46,藤51,藤58,藤08"],"source_year":2022},"geometry":{"type":"Point","coordinates":[139.48190605167957,35.35024902151874]},"id":"bus-361"},{"type":"Feature","properties":{"id":"bus-362","name":"藤沢橋","operator":"神奈川中央交通（株）","routes":["戸81,藤54,藤55,藤56,船32,船33,船65"],"source_year":2022},"geometry":{"type":"Point","coordinates":[139.48833188923598,35.34695283542729]},"id":"bus-362"},{"type":"Feature","properties":{"id":"bus-363","name":"藤沢湘南台病院前","operator":"神奈川中央交通（株）","routes":["い08,長54,長55"],"source_year":2022},"geometry":{"type":"Point","coordinates":[139.47162953473926,35.41621246609934]},"id":"bus-363"},{"type":"Feature","properties":{"id":"bus-364","name":"藤沢翔陵高校前","operator":"神奈川中央交通（株）","routes":["藤51,藤58,藤59"],"source_year":2022},"geometry":{"type":"Point","coordinates":[139.47860637117407,35.359590645398285]},"id":"bus-364"},{"type":"Feature","properties":{"id":"bus-365","name":"藤沢翔陵高校前","operator":"善行地区郷土づくり推進会議","routes":["のりあい善行　02系統"],"source_year":2022},"geometry":{"type":"Point","coordinates":[139.47860637117407,35.359590645398285]},"id":"bus-365"},{"type":"Feature","properties":{"id":"bus-366","name":"藤沢警察署前","operator":"（株）江ノ電バス","routes":["F9"],"source_year":2022},"geometry":{"type":"Point","coordinates":[139.4720755848681,35.333659415194]},"id":"bus-366"},{"type":"Feature","properties":{"id":"bus-367","name":"藤沢駅北口","operator":"神奈川中央交通（株）","routes":["戸81,藤01,藤02,藤03,藤04,藤06,藤09,藤10,藤12,藤13,藤15,藤34,藤35,藤36,藤38,藤39,藤45,藤46,藤51,藤54,藤55,藤56,藤58,藤59,藤60,藤101,藤102,藤103,船32,船33,船65,藤07,藤08,藤21"],"source_year":2022},"geometry":{"type":"Point","coordinates":[139.48738963903065,35.339371230896354]},"id":"bus-367"},{"type":"Feature","properties":{"id":"bus-368","name":"藤沢駅北口","operator":"（株）江ノ電バス","routes":["N6,N61,藤04,藤06,F9"],"source_year":2022},"geometry":{"type":"Point","coordinates":[139.48738963903065,35.339371230896354]},"id":"bus-368"},{"type":"Feature","properties":{"id":"bus-369","name":"藤沢駅南口","operator":"（株）江ノ電バス","routes":["N1,N11,N12,N13,F1,F11,F12,F15,F2・F20,F21,F23,F3,F31,F35,F37,F4,F5,F6,F65,F7,F71"],"source_year":2022},"geometry":{"type":"Point","coordinates":[139.48754544184385,35.33821831596462]},"id":"bus-369"},{"type":"Feature","properties":{"id":"bus-370","name":"藤沢駅南口7番のりば","operator":"（株）江ノ電バス・京浜急行バス（株）","routes":["羽田空港リムジンバス"],"source_year":2022},"geometry":{"type":"Point","coordinates":[139.48718435608413,35.33804666371534]},"id":"bus-370"},{"type":"Feature","properties":{"id":"bus-371","name":"西俣野","operator":"神奈川中央交通（株）","routes":["湘27,藤59"],"source_year":2022},"geometry":{"type":"Point","coordinates":[139.48925314865335,35.37831961356601]},"id":"bus-371"},{"type":"Feature","properties":{"id":"bus-372","name":"西方","operator":"（株）江ノ電バス","routes":["F3,F31,F35,F37"],"source_year":2022},"geometry":{"type":"Point","coordinates":[139.48604787883895,35.31414220691514]},"id":"bus-372"},{"type":"Feature","properties":{"id":"bus-373","name":"西浜","operator":"（株）江ノ電バス","routes":["F35"],"source_year":2022},"geometry":{"type":"Point","coordinates":[139.47860597958248,35.311466526563706]},"id":"bus-373"},{"type":"Feature","properties":{"id":"bus-374","name":"西海岸3丁目","operator":"神奈川中央交通（株）","routes":["辻03"],"source_year":2022},"geometry":{"type":"Point","coordinates":[139.44430324067127,35.322872000213955]},"id":"bus-374"},{"type":"Feature","properties":{"id":"bus-375","name":"西海岸3丁目","operator":"（株）江ノ電バス","routes":["辻03"],"source_year":2022},"geometry":{"type":"Point","coordinates":[139.44430324067127,35.322872000213955]},"id":"bus-375"},{"type":"Feature","properties":{"id":"bus-376","name":"西用田","operator":"神奈川中央交通（株）","routes":["長16"],"source_year":2022},"geometry":{"type":"Point","coordinates":[139.4096437965082,35.40500757260304]},"id":"bus-376"},{"type":"Feature","properties":{"id":"bus-377","name":"西町","operator":"（株）江ノ電バス","routes":["F35,藤06,J1,J3,J4"],"source_year":2022},"geometry":{"type":"Point","coordinates":[139.45093739273193,35.33199121736094]},"id":"bus-377"},{"type":"Feature","properties":{"id":"bus-378","name":"西町","operator":"神奈川中央交通（株）","routes":["藤06,辻02"],"source_year":2022},"geometry":{"type":"Point","coordinates":[139.45093739273193,35.33199121736094]},"id":"bus-378"},{"type":"Feature","properties":{"id":"bus-379","name":"西菖蒲沢","operator":"神奈川中央交通（株）","routes":["湘20"],"source_year":2022},"geometry":{"type":"Point","coordinates":[139.42641628182386,35.400148476943016]},"id":"bus-379"},{"type":"Feature","properties":{"id":"bus-380","name":"西葛原","operator":"神奈川中央交通（株）","routes":["長16,長35"],"source_year":2022},"geometry":{"type":"Point","coordinates":[139.4246848848884,35.40285859225706]},"id":"bus-380"},{"type":"Feature","properties":{"id":"bus-381","name":"西谷","operator":"神奈川中央交通（株）","routes":["六03,六05,六07"],"source_year":2022},"geometry":{"type":"Point","coordinates":[139.469096012614,35.38172659336576]},"id":"bus-381"},{"type":"Feature","properties":{"id":"bus-382","name":"西高校前","operator":"神奈川中央交通（株）","routes":["藤12,藤13,辻23,辻24,辻26,辻29,辻34,辻35"],"source_year":2022},"geometry":{"type":"Point","coordinates":[139.44266560242943,35.35626559079113]},"id":"bus-382"},{"type":"Feature","properties":{"id":"bus-383","name":"観音坂下","operator":"神奈川中央交通（株）","routes":["辻31,藤38"],"source_year":2022},"geometry":{"type":"Point","coordinates":[139.4617666861073,35.35231352865904]},"id":"bus-383"},{"type":"Feature","properties":{"id":"bus-384","name":"諏訪神社前","operator":"（株）江ノ電バス","routes":["F3,F31,F35,F37"],"source_year":2022},"geometry":{"type":"Point","coordinates":[139.48574152264547,35.316818277707675]},"id":"bus-384"},{"type":"Feature","properties":{"id":"bus-385","name":"諸之木","operator":"神奈川中央交通（株）","routes":["辻34,辻35"],"source_year":2022},"geometry":{"type":"Point","coordinates":[139.43279111813945,35.387733809502016]},"id":"bus-385"},{"type":"Feature","properties":{"id":"bus-386","name":"谷戸入口","operator":"神奈川中央交通（株）","routes":["湘22,長36"],"source_year":2022},"geometry":{"type":"Point","coordinates":[139.43259843694844,35.406953197454605]},"id":"bus-386"},{"type":"Feature","properties":{"id":"bus-387","name":"赤坂下","operator":"神奈川中央交通（株）","routes":["藤60"],"source_year":2022},"geometry":{"type":"Point","coordinates":[139.49661756892988,35.342937344800376]},"id":"bus-387"},{"type":"Feature","properties":{"id":"bus-388","name":"辻堂入口","operator":"神奈川中央交通（株）","routes":["藤12,藤13,藤07,藤08"],"source_year":2022},"geometry":{"type":"Point","coordinates":[139.45518580208292,35.34677979018589]},"id":"bus-388"},{"type":"Feature","properties":{"id":"bus-389","name":"辻堂団地","operator":"神奈川中央交通（株）","routes":["辻03,藤04,辻02,辻10,辻11"],"source_year":2022},"geometry":{"type":"Point","coordinates":[139.4435516244037,35.32575996149163]},"id":"bus-389"},{"type":"Feature","properties":{"id":"bus-390","name":"辻堂団地","operator":"（株）江ノ電バス","routes":["藤04,J1,辻03"],"source_year":2022},"geometry":{"type":"Point","coordinates":[139.4435516244037,35.32575996149163]},"id":"bus-390"},{"type":"Feature","properties":{"id":"bus-391","name":"辻堂団地西","operator":"神奈川中央交通（株）","routes":["辻03"],"source_year":2022},"geometry":{"type":"Point","coordinates":[139.44156314654512,35.32439918697694]},"id":"bus-391"},{"type":"Feature","properties":{"id":"bus-392","name":"辻堂団地西","operator":"（株）江ノ電バス","routes":["辻03"],"source_year":2022},"geometry":{"type":"Point","coordinates":[139.44156314654512,35.32439918697694]},"id":"bus-392"},{"type":"Feature","properties":{"id":"bus-393","name":"辻堂東海岸","operator":"（株）江ノ電バス","routes":["F35,J3"],"source_year":2022},"geometry":{"type":"Point","coordinates":[139.4538921681645,35.32412221173694]},"id":"bus-393"},{"type":"Feature","properties":{"id":"bus-394","name":"辻堂海浜公園入口","operator":"（株）江ノ電バス","routes":["辻03"],"source_year":2022},"geometry":{"type":"Point","coordinates":[139.44782382131783,35.32315851569862]},"id":"bus-394"},{"type":"Feature","properties":{"id":"bus-395","name":"辻堂海浜公園入口","operator":"神奈川中央交通（株）","routes":["辻03"],"source_year":2022},"geometry":{"type":"Point","coordinates":[139.44782382131783,35.32315851569862]},"id":"bus-395"},{"type":"Feature","properties":{"id":"bus-396","name":"辻堂海浜公園前","operator":"（株）江ノ電バス","routes":["F35,J3"],"source_year":2022},"geometry":{"type":"Point","coordinates":[139.45360831792195,35.31992769186928]},"id":"bus-396"},{"type":"Feature","properties":{"id":"bus-397","name":"辻堂西海岸","operator":"（株）江ノ電バス","routes":["辻03"],"source_year":2022},"geometry":{"type":"Point","coordinates":[139.44149536667143,35.32318598809897]},"id":"bus-397"},{"type":"Feature","properties":{"id":"bus-398","name":"辻堂西海岸","operator":"神奈川中央交通（株）","routes":["辻03"],"source_year":2022},"geometry":{"type":"Point","coordinates":[139.44149536667143,35.32318598809897]},"id":"bus-398"},{"type":"Feature","properties":{"id":"bus-399","name":"辻堂駅","operator":"（株）江ノ電バス","routes":["F35,藤06,J1,J2,J3,J4,辻03"],"source_year":2022},"geometry":{"type":"Point","coordinates":[139.44740376106597,35.33661642232551]},"id":"bus-399"},{"type":"Feature","properties":{"id":"bus-400","name":"辻堂駅北口","operator":"神奈川中央交通（株）","routes":["辻07,辻31,藤03,藤09,藤10,辻01,辻09,藤21,辻23,辻24,辻26,辻28,辻29,辻33,辻34,辻35"],"source_year":2022},"geometry":{"type":"Point","coordinates":[139.4477629118602,35.33767549397593]},"id":"bus-400"},{"type":"Feature","properties":{"id":"bus-401","name":"辻堂駅南口","operator":"神奈川中央交通（株）","routes":["辻03,藤06,辻02,辻10,辻12,辻13,辻11"],"source_year":2022},"geometry":{"type":"Point","coordinates":[139.44740376106597,35.33661642232551]},"id":"bus-401"},{"type":"Feature","properties":{"id":"bus-402","name":"遊行寺前","operator":"神奈川中央交通（株）","routes":["藤10,藤13,藤34,藤35,藤36,藤38,藤45,藤46,藤51,藤58,藤59,藤08"],"source_year":2022},"geometry":{"type":"Point","coordinates":[139.4857534824213,35.34651784874127]},"id":"bus-402"},{"type":"Feature","properties":{"id":"bus-403","name":"遊行寺坂上","operator":"神奈川中央交通（株）","routes":["戸81,藤54,藤55,藤56,船65"],"source_year":2022},"geometry":{"type":"Point","coordinates":[139.49085562052346,35.3524624743252]},"id":"bus-403"},{"type":"Feature","properties":{"id":"bus-404","name":"遊行通り四丁目","operator":"神奈川中央交通（株）","routes":["藤10,藤34,藤35,藤36,藤38,藤45,藤46,藤51,藤54,藤55,藤58,藤59,藤08"],"source_year":2022},"geometry":{"type":"Point","coordinates":[139.48900315933625,35.34171264409577]},"id":"bus-404"},{"type":"Feature","properties":{"id":"bus-405","name":"遠藤","operator":"神奈川中央交通（株）","routes":["藤39,湘11,湘19,湘23,湘24"],"source_year":2022},"geometry":{"type":"Point","coordinates":[139.442495621755,35.392039685420976]},"id":"bus-405"},{"type":"Feature","properties":{"id":"bus-406","name":"遠藤中原","operator":"神奈川中央交通（株）","routes":["藤39,湘11"],"source_year":2022},"geometry":{"type":"Point","coordinates":[139.43587100855382,35.378818303357605]},"id":"bus-406"},{"type":"Feature","properties":{"id":"bus-407","name":"遠藤北原","operator":"神奈川中央交通（株）","routes":["藤39,湘11"],"source_year":2022},"geometry":{"type":"Point","coordinates":[139.43947342439134,35.38728074576022]},"id":"bus-407"},{"type":"Feature","properties":{"id":"bus-408","name":"遠藤打越","operator":"神奈川中央交通（株）","routes":["湘19"],"source_year":2022},"geometry":{"type":"Point","coordinates":[139.42903021616186,35.39092787418657]},"id":"bus-408"},{"type":"Feature","properties":{"id":"bus-409","name":"遠藤松原","operator":"神奈川中央交通（株）","routes":["藤39,湘11,辻33"],"source_year":2022},"geometry":{"type":"Point","coordinates":[139.43780194442988,35.38216077253806]},"id":"bus-409"},{"type":"Feature","properties":{"id":"bus-410","name":"遠藤永山","operator":"神奈川中央交通（株）","routes":["湘12"],"source_year":2022},"geometry":{"type":"Point","coordinates":[139.44315442892722,35.375235726974985]},"id":"bus-410"},{"type":"Feature","properties":{"id":"bus-411","name":"遠藤西の谷","operator":"神奈川中央交通（株）","routes":["湘19"],"source_year":2022},"geometry":{"type":"Point","coordinates":[139.4250540937717,35.39244580748988]},"id":"bus-411"},{"type":"Feature","properties":{"id":"bus-412","name":"郵便局前","operator":"（株）江ノ電バス","routes":["F5"],"source_year":2022},"geometry":{"type":"Point","coordinates":[139.483684843211,35.332963586185436]},"id":"bus-412"},{"type":"Feature","properties":{"id":"bus-413","name":"鍛冶山","operator":"神奈川中央交通（株）","routes":["湘12"],"source_year":2022},"geometry":{"type":"Point","coordinates":[139.4548045817582,35.378795931225305]},"id":"bus-413"},{"type":"Feature","properties":{"id":"bus-414","name":"長久保","operator":"（株）江ノ電バス","routes":["藤04,藤06"],"source_year":2022},"geometry":{"type":"Point","coordinates":[139.46803872523213,35.33505638061764]},"id":"bus-414"},{"type":"Feature","properties":{"id":"bus-415","name":"長久保","operator":"神奈川中央交通（株）","routes":["藤04,藤06"],"source_year":2022},"geometry":{"type":"Point","coordinates":[139.46803872523213,35.33505638061764]},"id":"bus-415"},{"type":"Feature","properties":{"id":"bus-416","name":"長坂上","operator":"綾瀬市","routes":["3号車　市役所→上土棚団地→市役所"],"source_year":2022},"geometry":{"type":"Point","coordinates":[139.43523134692634,35.417056100377536]},"id":"bus-416"},{"type":"Feature","properties":{"id":"bus-417","name":"長坂上","operator":"神奈川中央交通（株）","routes":["00,長43"],"source_year":2022},"geometry":{"type":"Point","coordinates":[139.43523134692634,35.417056100377536]},"id":"bus-417"},{"type":"Feature","properties":{"id":"bus-418","name":"長後市民センター前","operator":"綾瀬市","routes":["4号車　市役所→長後駅西口"],"source_year":2022},"geometry":{"type":"Point","coordinates":[139.46076600378572,35.41161124560477]},"id":"bus-418"},{"type":"Feature","properties":{"id":"bus-419","name":"長後市民センター前","operator":"神奈川中央交通（株）","routes":["長12,長16,長35,長36,長41,長43,長45"],"source_year":2022},"geometry":{"type":"Point","coordinates":[139.46076600378572,35.41161124560477]},"id":"bus-419"},{"type":"Feature","properties":{"id":"bus-420","name":"長後駅","operator":"神奈川中央交通（株）","routes":["い08,長54,長55"],"source_year":2022},"geometry":{"type":"Point","coordinates":[139.465890710985,35.412194428492015]},"id":"bus-420"},{"type":"Feature","properties":{"id":"bus-421","name":"長後駅西口","operator":"綾瀬市","routes":["4号車　市役所→長後駅西口"],"source_year":2022},"geometry":{"type":"Point","coordinates":[139.46506353538638,35.412154401007605]},"id":"bus-421"},{"type":"Feature","properties":{"id":"bus-422","name":"長後駅西口","operator":"神奈川中央交通（株）","routes":["長12,長16,長22,長24,長33,長35,長36,長37,長38,長39,長41,長43,長45"],"source_year":2022},"geometry":{"type":"Point","coordinates":[139.46506353538638,35.412154401007605]},"id":"bus-422"},{"type":"Feature","properties":{"id":"bus-423","name":"関東航空前","operator":"神奈川中央交通（株）","routes":["善02,善03,藤35,藤45"],"source_year":2022},"geometry":{"type":"Point","coordinates":[139.4675159056325,35.355970418838126]},"id":"bus-423"},{"type":"Feature","properties":{"id":"bus-424","name":"隆昌院前","operator":"神奈川中央交通（株）","routes":["藤60,船31"],"source_year":2022},"geometry":{"type":"Point","coordinates":[139.49764729405678,35.350186462913136]},"id":"bus-424"},{"type":"Feature","properties":{"id":"bus-425","name":"雲昌寺","operator":"神奈川中央交通（株）","routes":["湘27,藤51"],"source_year":2022},"geometry":{"type":"Point","coordinates":[139.4772232498656,35.386112004238136]},"id":"bus-425"},{"type":"Feature","properties":{"id":"bus-426","name":"養老院前","operator":"神奈川中央交通（株）","routes":["藤02,藤03"],"source_year":2022},"geometry":{"type":"Point","coordinates":[139.4795039453403,35.341434748357436]},"id":"bus-426"},{"type":"Feature","properties":{"id":"bus-427","name":"駒寄","operator":"神奈川中央交通（株）","routes":["善03,藤12,藤13,湘16,辻23,辻24,辻26,辻33,辻34,辻35"],"source_year":2022},"geometry":{"type":"Point","coordinates":[139.4434266976345,35.37032890290719]},"id":"bus-427"},{"type":"Feature","properties":{"id":"bus-428","name":"駒寄住宅北","operator":"神奈川中央交通（株）","routes":["湘12"],"source_year":2022},"geometry":{"type":"Point","coordinates":[139.44629007114793,35.373171222894236]},"id":"bus-428"},{"type":"Feature","properties":{"id":"bus-429","name":"駒寄小学校前","operator":"神奈川中央交通（株）","routes":["善03"],"source_year":2022},"geometry":{"type":"Point","coordinates":[139.44874492346239,35.36920877746651]},"id":"bus-429"},{"type":"Feature","properties":{"id":"bus-430","name":"高山","operator":"神奈川中央交通（株）","routes":["藤02,藤03"],"source_year":2022},"geometry":{"type":"Point","coordinates":[139.46353921965533,35.3413150246771]},"id":"bus-430"},{"type":"Feature","properties":{"id":"bus-431","name":"高山車庫","operator":"神奈川中央交通（株）","routes":["藤01,藤02,辻09,藤21"],"source_year":2022},"geometry":{"type":"Point","coordinates":[139.46292506527826,35.339315229215465]},"id":"bus-431"},{"type":"Feature","properties":{"id":"bus-432","name":"高根","operator":"（株）江ノ電バス","routes":["F5"],"source_year":2022},"geometry":{"type":"Point","coordinates":[139.46926576603613,35.322753079887924]},"id":"bus-432"},{"type":"Feature","properties":{"id":"bus-433","name":"高瀬通り","operator":"（株）江ノ電バス","routes":["F5"],"source_year":2022},"geometry":{"type":"Point","coordinates":[139.48027623471404,35.331371764562306]},"id":"bus-433"},{"type":"Feature","properties":{"id":"bus-434","name":"高砂","operator":"（株）江ノ電バス","routes":["辻03"],"source_year":2022},"geometry":{"type":"Point","coordinates":[139.44760909036722,35.327593538967285]},"id":"bus-434"},{"type":"Feature","properties":{"id":"bus-435","name":"高砂","operator":"神奈川中央交通（株）","routes":["辻03,辻10,辻11"],"source_year":2022},"geometry":{"type":"Point","coordinates":[139.44760909036722,35.327593538967285]},"id":"bus-435"},{"type":"Feature","properties":{"id":"bus-436","name":"高砂小学校前","operator":"神奈川中央交通（株）","routes":["辻03,藤04,辻02,辻11"],"source_year":2022},"geometry":{"type":"Point","coordinates":[139.4476779809651,35.32636257596226]},"id":"bus-436"},{"type":"Feature","properties":{"id":"bus-437","name":"高砂小学校前","operator":"（株）江ノ電バス","routes":["藤04,J1,辻03"],"source_year":2022},"geometry":{"type":"Point","coordinates":[139.4476779809651,35.32636257596226]},"id":"bus-437"},{"type":"Feature","properties":{"id":"bus-438","name":"高谷","operator":"（株）江ノ電バス","routes":["F6"],"source_year":2022},"geometry":{"type":"Point","coordinates":[139.50564950591692,35.342212650934975]},"id":"bus-438"},{"type":"Feature","properties":{"id":"bus-439","name":"高谷小学校入口","operator":"（株）江ノ電バス","routes":["F6"],"source_year":2022},"geometry":{"type":"Point","coordinates":[139.50630807862717,35.34362027522201]},"id":"bus-439"},{"type":"Feature","properties":{"id":"bus-440","name":"鵠沼プールガーデン","operator":"（株）江ノ電バス","routes":["F35"],"source_year":2022},"geometry":{"type":"Point","coordinates":[139.46564331327335,35.31697753869539]},"id":"bus-440"},{"type":"Feature","properties":{"id":"bus-441","name":"鵠沼小学校前","operator":"神奈川中央交通（株）","routes":["藤04,藤06"],"source_year":2022},"geometry":{"type":"Point","coordinates":[139.47453789345647,35.33618556056286]},"id":"bus-441"},{"type":"Feature","properties":{"id":"bus-442","name":"鵠沼小学校前","operator":"（株）江ノ電バス","routes":["藤04,藤06,F9"],"source_year":2022},"geometry":{"type":"Point","coordinates":[139.47453789345647,35.33618556056286]},"id":"bus-442"},{"type":"Feature","properties":{"id":"bus-443","name":"鵠沼海岸","operator":"（株）江ノ電バス","routes":["F35"],"source_year":2022},"geometry":{"type":"Point","coordinates":[139.47020204516141,35.317162075070016]},"id":"bus-443"},{"type":"Feature","properties":{"id":"bus-444","name":"鵠沼車庫前","operator":"（株）江ノ電バス","routes":["F9,J3,J4"],"source_year":2022},"geometry":{"type":"Point","coordinates":[139.4647772911657,35.321714472513094]},"id":"bus-444"},{"type":"Feature","properties":{"id":"bus-445","name":"鵠沼運動公園前","operator":"（株）江ノ電バス","routes":["F9,J4"],"source_year":2022},"geometry":{"type":"Point","coordinates":[139.46637992993394,35.324964975381036]},"id":"bus-445"},{"type":"Feature","properties":{"id":"bus-446","name":"龍口寺","operator":"京浜急行バス（株）","routes":["船4・船6,鎌4・鎌6"],"source_year":2022},"geometry":{"type":"Point","coordinates":[139.48932156065106,35.31083709710112]},"id":"bus-446"}]}
