{"type":"FeatureCollection","features":[{"type":"Feature","properties":{"id":"medical-001","name":"あいあい耳鼻咽喉科医院","category_code":2,"category":"clinic","address":"藤沢市辻堂新町一丁目２番２３号　プリメロ湘南１階−Ａ","included_in_primary_distance":true,"source_year":2020},"geometry":{"type":"Point","coordinates":[139.44961342372235,35.33757931434621]},"id":"medical-001"},{"type":"Feature","properties":{"id":"medical-002","name":"あい歯科医院","category_code":3,"category":"dental_clinic","address":"藤沢市弥勒寺三丁目１２番１５号　ナガイマート第１ビル１Ｆ","included_in_primary_distance":false,"source_year":2020},"geometry":{"type":"Point","coordinates":[139.50032321996588,35.340791204335844]},"id":"medical-002"},{"type":"Feature","properties":{"id":"medical-003","name":"あおきメンタルクリニック","category_code":2,"category":"clinic","address":"藤沢市湘南台一丁目１番地６　湘南台駅前クリニックビル４階","included_in_primary_distance":true,"source_year":2020},"geometry":{"type":"Point","coordinates":[139.46694007633832,35.39765672787503]},"id":"medical-003"},{"type":"Feature","properties":{"id":"medical-004","name":"あおば歯科医院","category_code":3,"category":"dental_clinic","address":"藤沢市大庭５５２９番地８　シャルマンコーポ","included_in_primary_distance":false,"source_year":2020},"geometry":{"type":"Point","coordinates":[139.44534308946723,35.365423609252]},"id":"medical-004"},{"type":"Feature","properties":{"id":"medical-005","name":"あかり歯科クリニック","category_code":3,"category":"dental_clinic","address":"藤沢市湘南台五丁目５番地９　ステラビル湘南台１−２Ｆ","included_in_primary_distance":false,"source_year":2020},"geometry":{"type":"Point","coordinates":[139.46870082828178,35.39937006920498]},"id":"medical-005"},{"type":"Feature","properties":{"id":"medical-006","name":"あべともここどもクリニック","category_code":2,"category":"clinic","address":"藤沢市湘南台三丁目７番地１２　湘南台クリニックビル２階２０２号","included_in_primary_distance":true,"source_year":2020},"geometry":{"type":"Point","coordinates":[139.46294591570685,35.39476743713926]},"id":"medical-006"},{"type":"Feature","properties":{"id":"medical-007","name":"あらやしき歯科医院","category_code":3,"category":"dental_clinic","address":"藤沢市片瀬五丁目５番３号","included_in_primary_distance":false,"source_year":2020},"geometry":{"type":"Point","coordinates":[139.48363555716546,35.32002699155054]},"id":"medical-007"},{"type":"Feature","properties":{"id":"medical-008","name":"ありあけ内科クリニック","category_code":2,"category":"clinic","address":"藤沢市鵠沼松が岡四丁目１５番２７号","included_in_primary_distance":true,"source_year":2020},"geometry":{"type":"Point","coordinates":[139.4723427350992,35.32217393140268]},"id":"medical-008"},{"type":"Feature","properties":{"id":"medical-009","name":"いけだ耳鼻咽喉科","category_code":2,"category":"clinic","address":"藤沢市藤沢二丁目１番１８号　山本ビル３Ｆ","included_in_primary_distance":true,"source_year":2020},"geometry":{"type":"Point","coordinates":[139.4786803468826,35.348551819057626]},"id":"medical-009"},{"type":"Feature","properties":{"id":"medical-010","name":"いざき歯科クリニック","category_code":3,"category":"dental_clinic","address":"藤沢市大庭５０６１番地２　イオン藤沢店３階","included_in_primary_distance":false,"source_year":2020},"geometry":{"type":"Point","coordinates":[139.44513815678837,35.359640694445474]},"id":"medical-010"},{"type":"Feature","properties":{"id":"medical-011","name":"いしい内科医院","category_code":2,"category":"clinic","address":"藤沢市片瀬海岸二丁目９番６号　フジビル１Ｆ１０２","included_in_primary_distance":true,"source_year":2020},"geometry":{"type":"Point","coordinates":[139.48342877565327,35.30948407685762]},"id":"medical-011"},{"type":"Feature","properties":{"id":"medical-012","name":"いすゞ自動車株式会社藤沢診療所","category_code":2,"category":"clinic","address":"藤沢市土棚８番地","included_in_primary_distance":true,"source_year":2020},"geometry":{"type":"Point","coordinates":[139.4497334636539,35.400313992216795]},"id":"medical-012"},{"type":"Feature","properties":{"id":"medical-013","name":"いすゞ自動車藤沢工場健康診断診療所","category_code":2,"category":"clinic","address":"藤沢市土棚８番地","included_in_primary_distance":true,"source_year":2020},"geometry":{"type":"Point","coordinates":[139.4497334636539,35.400313992216795]},"id":"medical-013"},{"type":"Feature","properties":{"id":"medical-014","name":"いせき小児科医院","category_code":2,"category":"clinic","address":"藤沢市鵠沼橘一丁目４番１号　小山ビル２Ｆ","included_in_primary_distance":true,"source_year":2020},"geometry":{"type":"Point","coordinates":[139.4853697824839,35.33490635489486]},"id":"medical-014"},{"type":"Feature","properties":{"id":"medical-015","name":"いせき耳鼻咽喉科","category_code":2,"category":"clinic","address":"藤沢市鵠沼橘一丁目１番８号　４Ｆ","included_in_primary_distance":true,"source_year":2020},"geometry":{"type":"Point","coordinates":[139.48624807067733,35.33621177137301]},"id":"medical-015"},{"type":"Feature","properties":{"id":"medical-016","name":"いたばしクリニック","category_code":2,"category":"clinic","address":"藤沢市高倉８８５番５号","included_in_primary_distance":true,"source_year":2020},"geometry":{"type":"Point","coordinates":[139.46888379280094,35.415307843877045]},"id":"medical-016"},{"type":"Feature","properties":{"id":"medical-017","name":"いなば医院","category_code":2,"category":"clinic","address":"藤沢市藤沢９４番地２　３階","included_in_primary_distance":true,"source_year":2020},"geometry":{"type":"Point","coordinates":[139.48951691706165,35.34123105504414]},"id":"medical-017"},{"type":"Feature","properties":{"id":"medical-018","name":"いまにし内科・消化器科クリニック","category_code":2,"category":"clinic","address":"藤沢市湘南台一丁目７番地８","included_in_primary_distance":true,"source_year":2020},"geometry":{"type":"Point","coordinates":[139.46869888595367,35.3979594622116]},"id":"medical-018"},{"type":"Feature","properties":{"id":"medical-019","name":"いわもと内科","category_code":2,"category":"clinic","address":"藤沢市湘南台四丁目５番地１　プレジャ湘南台１Ｆ","included_in_primary_distance":true,"source_year":2020},"geometry":{"type":"Point","coordinates":[139.4643941500708,35.399453040209636]},"id":"medical-019"},{"type":"Feature","properties":{"id":"medical-020","name":"いわもと皮フ科クリニック","category_code":2,"category":"clinic","address":"藤沢市辻堂二丁目４番３０号　田代ビル２階","included_in_primary_distance":true,"source_year":2020},"geometry":{"type":"Point","coordinates":[139.44430904150983,35.33628090147471]},"id":"medical-020"},{"type":"Feature","properties":{"id":"medical-021","name":"うえだ歯科　小田急藤沢クリニック","category_code":3,"category":"dental_clinic","address":"藤沢市南藤沢２１番１号　江ノ電第１ビル（ＯＤＡＫＹＵ湘南ＧＡＴＥ）７階　７０２区画","included_in_primary_distance":false,"source_year":2020},"geometry":{"type":"Point","coordinates":[139.48775631662647,35.3376949512947]},"id":"medical-021"},{"type":"Feature","properties":{"id":"medical-022","name":"うちだ内科","category_code":2,"category":"clinic","address":"藤沢市渡内四丁目５番１８号　渡内クリニックビル２Ｆ","included_in_primary_distance":true,"source_year":2020},"geometry":{"type":"Point","coordinates":[139.5070556657143,35.34992214356715]},"id":"medical-022"},{"type":"Feature","properties":{"id":"medical-023","name":"うめ歯科クリニックうめこども歯科","category_code":3,"category":"dental_clinic","address":"藤沢市藤沢１００６番地１　藤沢パークホームズブロードマーク１０２","included_in_primary_distance":false,"source_year":2020},"geometry":{"type":"Point","coordinates":[139.48319262246653,35.34215765775409]},"id":"medical-023"},{"type":"Feature","properties":{"id":"medical-024","name":"えりクリニック","category_code":2,"category":"clinic","address":"藤沢市善行一丁目１５番地７","included_in_primary_distance":true,"source_year":2020},"geometry":{"type":"Point","coordinates":[139.4686660355032,35.36304803593625]},"id":"medical-024"},{"type":"Feature","properties":{"id":"medical-025","name":"おおしま眼科","category_code":2,"category":"clinic","address":"藤沢市渡内四丁目５番１８号　渡内クリニックビル２Ｆ","included_in_primary_distance":true,"source_year":2020},"geometry":{"type":"Point","coordinates":[139.5070556657143,35.34992214356715]},"id":"medical-025"},{"type":"Feature","properties":{"id":"medical-026","name":"おおた歯科医院","category_code":3,"category":"dental_clinic","address":"藤沢市下土棚４６７番地９　山口ビル４Ｆ","included_in_primary_distance":false,"source_year":2020},"geometry":{"type":"Point","coordinates":[139.46632517259533,35.41213979201187]},"id":"medical-026"},{"type":"Feature","properties":{"id":"medical-027","name":"おがた歯科医院","category_code":3,"category":"dental_clinic","address":"藤沢市川名一丁目７番２５号","included_in_primary_distance":false,"source_year":2020},"geometry":{"type":"Point","coordinates":[139.49615936837284,35.33420188460342]},"id":"medical-027"},{"type":"Feature","properties":{"id":"medical-028","name":"おくやま小児科","category_code":2,"category":"clinic","address":"藤沢市大鋸一丁目２番１８号","included_in_primary_distance":true,"source_year":2020},"geometry":{"type":"Point","coordinates":[139.4943158358323,35.33970037488789]},"id":"medical-028"},{"type":"Feature","properties":{"id":"medical-029","name":"おだがき歯科クリニック","category_code":3,"category":"dental_clinic","address":"藤沢市藤沢５２０番地　ダイエー藤沢店２階","included_in_primary_distance":false,"source_year":2020},"geometry":{"type":"Point","coordinates":[139.48438913884732,35.34018153045562]},"id":"medical-029"},{"type":"Feature","properties":{"id":"medical-030","name":"かいどう歯科","category_code":3,"category":"dental_clinic","address":"藤沢市片瀬３７５番地２","included_in_primary_distance":false,"source_year":2020},"geometry":{"type":"Point","coordinates":[139.48786375075224,35.32887836666026]},"id":"medical-030"},{"type":"Feature","properties":{"id":"medical-031","name":"かやの歯科医院","category_code":3,"category":"dental_clinic","address":"藤沢市辻堂東海岸一丁目９番２３号","included_in_primary_distance":false,"source_year":2020},"geometry":{"type":"Point","coordinates":[139.45359611572385,35.32578024246325]},"id":"medical-031"},{"type":"Feature","properties":{"id":"medical-032","name":"からさわ耳鼻咽喉科","category_code":2,"category":"clinic","address":"藤沢市柄沢５６０番４の１","included_in_primary_distance":true,"source_year":2020},"geometry":{"type":"Point","coordinates":[139.49750600321775,35.35439439913469]},"id":"medical-032"},{"type":"Feature","properties":{"id":"medical-033","name":"かるがも藤沢クリニック","category_code":2,"category":"clinic","address":"藤沢市藤沢６００番地　ＡＳＭビ４階","included_in_primary_distance":true,"source_year":2020},"geometry":{"type":"Point","coordinates":[139.4870869821893,35.3403287821122]},"id":"medical-033"},{"type":"Feature","properties":{"id":"medical-034","name":"かわしま神経内科クリニック","category_code":2,"category":"clinic","address":"藤沢市鵠沼松が岡五丁目１３番１７号","included_in_primary_distance":true,"source_year":2020},"geometry":{"type":"Point","coordinates":[139.47051094231114,35.32342046777418]},"id":"medical-034"},{"type":"Feature","properties":{"id":"medical-035","name":"きくち歯科クリニック","category_code":3,"category":"dental_clinic","address":"藤沢市本鵠沼四丁目６番１４号","included_in_primary_distance":false,"source_year":2020},"geometry":{"type":"Point","coordinates":[139.4711579882886,35.33236003776596]},"id":"medical-035"},{"type":"Feature","properties":{"id":"medical-036","name":"くげぬま奥医院","category_code":2,"category":"clinic","address":"藤沢市鵠沼藤が谷三丁目１１番１９号","included_in_primary_distance":true,"source_year":2020},"geometry":{"type":"Point","coordinates":[139.4817812962949,35.32164620229253]},"id":"medical-036"},{"type":"Feature","properties":{"id":"medical-037","name":"くげぬま歯科室","category_code":3,"category":"dental_clinic","address":"藤沢市鵠沼藤が谷二丁目７番２１号","included_in_primary_distance":false,"source_year":2020},"geometry":{"type":"Point","coordinates":[139.48357042406272,35.32280077329123]},"id":"medical-037"},{"type":"Feature","properties":{"id":"medical-038","name":"くげぬま海岸歯科クリニック","category_code":3,"category":"dental_clinic","address":"藤沢市鵠沼海岸六丁目１７番１２号　１Ｆ","included_in_primary_distance":false,"source_year":2020},"geometry":{"type":"Point","coordinates":[139.46542058582898,35.32348032289335]},"id":"medical-038"},{"type":"Feature","properties":{"id":"medical-039","name":"くげぬま眼科クリニック","category_code":2,"category":"clinic","address":"藤沢市鵠沼海岸二丁目３番１３号　ＴＡ湘南鵠沼海岸ビル２Ｆ","included_in_primary_distance":true,"source_year":2020},"geometry":{"type":"Point","coordinates":[139.47093809198935,35.32043166136294]},"id":"medical-039"},{"type":"Feature","properties":{"id":"medical-040","name":"くげぬま緩和ケア内科","category_code":2,"category":"clinic","address":"藤沢市鵠沼藤が谷一丁目９番２２号","included_in_primary_distance":true,"source_year":2020},"geometry":{"type":"Point","coordinates":[139.48750031363937,35.32647044764137]},"id":"medical-040"},{"type":"Feature","properties":{"id":"medical-041","name":"くずはら歯科医院","category_code":3,"category":"dental_clinic","address":"藤沢市大庭５３４９番地６　サンアネックスビル２０Ａ","included_in_primary_distance":false,"source_year":2020},"geometry":{"type":"Point","coordinates":[139.44197458587576,35.36452562790384]},"id":"medical-041"},{"type":"Feature","properties":{"id":"medical-042","name":"くぼ歯科医院","category_code":3,"category":"dental_clinic","address":"藤沢市高倉８７２番地　三河屋ビル２Ｆ","included_in_primary_distance":false,"source_year":2020},"geometry":{"type":"Point","coordinates":[139.4666628894337,35.41466554518707]},"id":"medical-042"},{"type":"Feature","properties":{"id":"medical-043","name":"こいで歯科医院","category_code":3,"category":"dental_clinic","address":"藤沢市長後１２４９番地３","included_in_primary_distance":false,"source_year":2020},"geometry":{"type":"Point","coordinates":[139.465066580502,35.42857140496529]},"id":"medical-043"},{"type":"Feature","properties":{"id":"medical-044","name":"こうのクリニック辻堂西口","category_code":2,"category":"clinic","address":"藤沢市辻堂二丁目２番１４号　ステラ湘南４階","included_in_primary_distance":true,"source_year":2020},"geometry":{"type":"Point","coordinates":[139.44367407300766,35.33648084851188]},"id":"medical-044"},{"type":"Feature","properties":{"id":"medical-045","name":"こうの眼科クリニック","category_code":2,"category":"clinic","address":"藤沢市辻堂一丁目２番２号　リストレジデンス辻堂タワー３階Ｂ−３","included_in_primary_distance":true,"source_year":2020},"geometry":{"type":"Point","coordinates":[139.4475446823217,35.336286324121666]},"id":"medical-045"},{"type":"Feature","properties":{"id":"medical-046","name":"こうレディースクリニック・江ノ島","category_code":2,"category":"clinic","address":"藤沢市鵠沼海岸一丁目３番１６号　プラッシング・ウェーブ江の島　３階","included_in_primary_distance":true,"source_year":2020},"geometry":{"type":"Point","coordinates":[139.4761622795011,35.31416612977504]},"id":"medical-046"},{"type":"Feature","properties":{"id":"medical-047","name":"こしの耳鼻いんこう科","category_code":2,"category":"clinic","address":"藤沢市辻堂二丁目４番２７号","included_in_primary_distance":true,"source_year":2020},"geometry":{"type":"Point","coordinates":[139.44420877300524,35.33591871527923]},"id":"medical-047"},{"type":"Feature","properties":{"id":"medical-048","name":"こしば歯科医院","category_code":3,"category":"dental_clinic","address":"藤沢市石川四丁目３５番地１８","included_in_primary_distance":false,"source_year":2020},"geometry":{"type":"Point","coordinates":[139.4466750611489,35.37375453865131]},"id":"medical-048"},{"type":"Feature","properties":{"id":"medical-049","name":"こじま歯科クリニック","category_code":3,"category":"dental_clinic","address":"藤沢市下土棚４６５番地５　グランスクエア４６５　１階","included_in_primary_distance":false,"source_year":2020},"geometry":{"type":"Point","coordinates":[139.46610347763948,35.41157295854488]},"id":"medical-049"},{"type":"Feature","properties":{"id":"medical-050","name":"ことり内科クリニック","category_code":2,"category":"clinic","address":"藤沢市湘南台二丁目２番地１　シーライト湘南１Ａ","included_in_primary_distance":true,"source_year":2020},"geometry":{"type":"Point","coordinates":[139.46582851050874,35.396837388402275]},"id":"medical-050"},{"type":"Feature","properties":{"id":"medical-051","name":"こばやし歯科医院","category_code":3,"category":"dental_clinic","address":"藤沢市湘南台五丁目７番地２","included_in_primary_distance":false,"source_year":2020},"geometry":{"type":"Point","coordinates":[139.4657990637245,35.399152280218416]},"id":"medical-051"},{"type":"Feature","properties":{"id":"medical-052","name":"こばやし皮ふ科クリニック","category_code":2,"category":"clinic","address":"藤沢市鵠沼橘一丁目１番８号　Ｄｒ　ＨＡＴＡ　ＣＬＩＮＩＣ　ＢＬＤＧ　３Ｆ","included_in_primary_distance":true,"source_year":2020},"geometry":{"type":"Point","coordinates":[139.48624807067733,35.33621177137301]},"id":"medical-052"},{"type":"Feature","properties":{"id":"medical-053","name":"こまたアレルギー科小児科クリニック","category_code":2,"category":"clinic","address":"藤沢市藤沢６１０番地１　サミットストア藤沢駅北口店２階","included_in_primary_distance":true,"source_year":2020},"geometry":{"type":"Point","coordinates":[139.48751751573477,35.34090427444492]},"id":"medical-053"},{"type":"Feature","properties":{"id":"medical-054","name":"こみ糖尿病内科","category_code":2,"category":"clinic","address":"藤沢市鵠沼橘一丁目１番７号　門倉ビル３　１階Ｂ号室","included_in_primary_distance":true,"source_year":2020},"geometry":{"type":"Point","coordinates":[139.48627195967313,35.336318148122395]},"id":"medical-054"},{"type":"Feature","properties":{"id":"medical-055","name":"こもれび診療所","category_code":2,"category":"clinic","address":"藤沢市鵠沼花沢町１番１６号　千代田ビル３Ｆ","included_in_primary_distance":true,"source_year":2020},"geometry":{"type":"Point","coordinates":[139.48553289506702,35.33833955460833]},"id":"medical-055"},{"type":"Feature","properties":{"id":"medical-056","name":"さいが眼科","category_code":2,"category":"clinic","address":"藤沢市大庭５０９９番地２","included_in_primary_distance":true,"source_year":2020},"geometry":{"type":"Point","coordinates":[139.4453833489469,35.35827485837259]},"id":"medical-056"},{"type":"Feature","properties":{"id":"medical-057","name":"さいとう内科小児科クリニック","category_code":2,"category":"clinic","address":"藤沢市辻堂元町四丁目７番２１号","included_in_primary_distance":true,"source_year":2020},"geometry":{"type":"Point","coordinates":[139.4561042396892,35.32902966960051]},"id":"medical-057"},{"type":"Feature","properties":{"id":"medical-058","name":"さくだ脳神経外科クリニック","category_code":2,"category":"clinic","address":"藤沢市鵠沼橘一丁目１７番１１号　順天ビル本館１０１号室","included_in_primary_distance":true,"source_year":2020},"geometry":{"type":"Point","coordinates":[139.48580118833482,35.33749438543343]},"id":"medical-058"},{"type":"Feature","properties":{"id":"medical-059","name":"さくまこどもクリニック","category_code":2,"category":"clinic","address":"藤沢市湘南台二丁目２７番地１５　東永ビル１階","included_in_primary_distance":true,"source_year":2020},"geometry":{"type":"Point","coordinates":[139.46729453099718,35.39358682643008]},"id":"medical-059"},{"type":"Feature","properties":{"id":"medical-060","name":"さくら小児科","category_code":2,"category":"clinic","address":"藤沢市辻堂新町一丁目４番３２号　フラワービルⅡ４Ｆ","included_in_primary_distance":true,"source_year":2020},"geometry":{"type":"Point","coordinates":[139.45085999194214,35.33756991391276]},"id":"medical-060"},{"type":"Feature","properties":{"id":"medical-061","name":"さくら皮フ科","category_code":2,"category":"clinic","address":"藤沢市藤沢５５９番地　角若松ビル２階２−１","included_in_primary_distance":true,"source_year":2020},"geometry":{"type":"Point","coordinates":[139.48817521419232,35.3396597168509]},"id":"medical-061"},{"type":"Feature","properties":{"id":"medical-062","name":"ささき歯科医院","category_code":3,"category":"dental_clinic","address":"藤沢市鵠沼松が岡四丁目１番１３号","included_in_primary_distance":false,"source_year":2020},"geometry":{"type":"Point","coordinates":[139.47691870149103,35.323888055696465]},"id":"medical-062"},{"type":"Feature","properties":{"id":"medical-063","name":"さつき歯科","category_code":3,"category":"dental_clinic","address":"藤沢市大鋸三丁目１番３０号","included_in_primary_distance":false,"source_year":2020},"geometry":{"type":"Point","coordinates":[139.48945802368473,35.346760249193956]},"id":"medical-063"},{"type":"Feature","properties":{"id":"medical-064","name":"さとうデンタルクリニック","category_code":3,"category":"dental_clinic","address":"藤沢市大庭５８５４番地６　湘南スカイビラ１Ｆ","included_in_primary_distance":false,"source_year":2020},"geometry":{"type":"Point","coordinates":[139.44800721036626,35.36019474247299]},"id":"medical-064"},{"type":"Feature","properties":{"id":"medical-065","name":"さとう歯科","category_code":3,"category":"dental_clinic","address":"藤沢市遠藤７０１番地７","included_in_primary_distance":false,"source_year":2020},"geometry":{"type":"Point","coordinates":[139.4405639314128,35.37245090472988]},"id":"medical-065"},{"type":"Feature","properties":{"id":"medical-066","name":"さとう皮ふ科クリニック","category_code":2,"category":"clinic","address":"藤沢市藤沢４３８番地１　藤沢ルミネプラザ７階","included_in_primary_distance":true,"source_year":2020},"geometry":{"type":"Point","coordinates":[139.48694110817323,35.339078400354616]},"id":"medical-066"},{"type":"Feature","properties":{"id":"medical-067","name":"さの歯科","category_code":3,"category":"dental_clinic","address":"藤沢市湘南台二丁目２番地１１　丸美ビル２０１","included_in_primary_distance":false,"source_year":2020},"geometry":{"type":"Point","coordinates":[139.4659407735028,35.39681464531658]},"id":"medical-067"},{"type":"Feature","properties":{"id":"medical-068","name":"さわ内科糖尿病クリニック","category_code":2,"category":"clinic","address":"藤沢市藤沢６１０番地１　サミットストア藤沢駅北口店２階","included_in_primary_distance":true,"source_year":2020},"geometry":{"type":"Point","coordinates":[139.48751751573477,35.34090427444492]},"id":"medical-068"},{"type":"Feature","properties":{"id":"medical-069","name":"しまぬき医院","category_code":2,"category":"clinic","address":"藤沢市辻堂東海岸一丁目１０番１９号","included_in_primary_distance":true,"source_year":2020},"geometry":{"type":"Point","coordinates":[139.45380498566408,35.3255294464067]},"id":"medical-069"},{"type":"Feature","properties":{"id":"medical-070","name":"しもじま皮膚科クリニック","category_code":2,"category":"clinic","address":"藤沢市片瀬三丁目１番３９号　片瀬クリニックプラザ３Ｆ３０１","included_in_primary_distance":true,"source_year":2020},"geometry":{"type":"Point","coordinates":[139.48598868026895,35.316341645159206]},"id":"medical-070"},{"type":"Feature","properties":{"id":"medical-071","name":"しらかば歯科クリニック","category_code":3,"category":"dental_clinic","address":"藤沢市大鋸１００１番地１６","included_in_primary_distance":false,"source_year":2020},"geometry":{"type":"Point","coordinates":[139.49425875884805,35.34947260070997]},"id":"medical-071"},{"type":"Feature","properties":{"id":"medical-072","name":"しらゆりクリニック","category_code":2,"category":"clinic","address":"藤沢市辻堂二丁目７番１６号　ＳＨＯＮＡＮ　ＳＡＫＵＲＡＩ　ＢＵＩＬＤＩＮＧ　２階","included_in_primary_distance":true,"source_year":2020},"geometry":{"type":"Point","coordinates":[139.4462078281226,35.33642180989528]},"id":"medical-072"},{"type":"Feature","properties":{"id":"medical-073","name":"すが内科クリニック","category_code":2,"category":"clinic","address":"藤沢市湘南台二丁目８番地３０　３Ｆ","included_in_primary_distance":true,"source_year":2020},"geometry":{"type":"Point","coordinates":[139.46340339867638,35.396926105843555]},"id":"medical-073"},{"type":"Feature","properties":{"id":"medical-074","name":"すが皮ふ科","category_code":2,"category":"clinic","address":"藤沢市湘南台二丁目８番地３０　２Ｆ","included_in_primary_distance":true,"source_year":2020},"geometry":{"type":"Point","coordinates":[139.46340339867638,35.396926105843555]},"id":"medical-074"},{"type":"Feature","properties":{"id":"medical-075","name":"すくすくあかちゃんこどもクリニック","category_code":2,"category":"clinic","address":"藤沢市善行二丁目１８番地２","included_in_primary_distance":true,"source_year":2020},"geometry":{"type":"Point","coordinates":[139.47093669654933,35.364721470324646]},"id":"medical-075"},{"type":"Feature","properties":{"id":"medical-076","name":"せき歯科医院","category_code":3,"category":"dental_clinic","address":"藤沢市下土棚１７４４番地","included_in_primary_distance":false,"source_year":2020},"geometry":{"type":"Point","coordinates":[139.44995424155093,35.40743983431613]},"id":"medical-076"},{"type":"Feature","properties":{"id":"medical-077","name":"せき藤沢レディースクリニック","category_code":2,"category":"clinic","address":"藤沢市南藤沢２０番２０号　柏屋ビル３階","included_in_primary_distance":true,"source_year":2020},"geometry":{"type":"Point","coordinates":[139.48820399584133,35.33717738774187]},"id":"medical-077"},{"type":"Feature","properties":{"id":"medical-078","name":"たかぎ歯科医院","category_code":3,"category":"dental_clinic","address":"藤沢市善行坂一丁目５番２３号　ＨＡＳＥＧＡＷＡ　ＢＬＤ２Ｆ","included_in_primary_distance":false,"source_year":2020},"geometry":{"type":"Point","coordinates":[139.46799136077823,35.36197787729803]},"id":"medical-078"},{"type":"Feature","properties":{"id":"medical-079","name":"たかさか小児科","category_code":2,"category":"clinic","address":"藤沢市鵠沼橘一丁目１番５号　平本藤沢ビル１Ｆ","included_in_primary_distance":true,"source_year":2020},"geometry":{"type":"Point","coordinates":[139.4864025093606,35.33655173398906]},"id":"medical-079"},{"type":"Feature","properties":{"id":"medical-080","name":"たかはしクリニック","category_code":2,"category":"clinic","address":"藤沢市弥勒寺四丁目１番１２号","included_in_primary_distance":true,"source_year":2020},"geometry":{"type":"Point","coordinates":[139.49672265937272,35.34377407803261]},"id":"medical-080"},{"type":"Feature","properties":{"id":"medical-081","name":"たかばやし胃腸科クリニック","category_code":2,"category":"clinic","address":"藤沢市鵠沼橘一丁目１番８号　藤沢メディカルビレッジ５階・６階","included_in_primary_distance":true,"source_year":2020},"geometry":{"type":"Point","coordinates":[139.48624807067733,35.33621177137301]},"id":"medical-081"},{"type":"Feature","properties":{"id":"medical-082","name":"たがわ皮フ科形成外科","category_code":2,"category":"clinic","address":"藤沢市辻堂新町一丁目４番３２号　フラワービルⅡ３階","included_in_primary_distance":true,"source_year":2020},"geometry":{"type":"Point","coordinates":[139.45085999194214,35.33756991391276]},"id":"medical-082"},{"type":"Feature","properties":{"id":"medical-083","name":"たけいハートクリニック","category_code":2,"category":"clinic","address":"藤沢市下土棚４６７番地１０　１Ｆ","included_in_primary_distance":true,"source_year":2020},"geometry":{"type":"Point","coordinates":[139.46632171695137,35.41194852988713]},"id":"medical-083"},{"type":"Feature","properties":{"id":"medical-084","name":"たちばな歯科医院","category_code":3,"category":"dental_clinic","address":"藤沢市鵠沼橘二丁目１２番２６号","included_in_primary_distance":false,"source_year":2020},"geometry":{"type":"Point","coordinates":[139.48110212257825,35.33668162439476]},"id":"medical-084"},{"type":"Feature","properties":{"id":"medical-085","name":"たんぽぽこども診療所","category_code":2,"category":"clinic","address":"藤沢市並木台二丁目１０番地１６","included_in_primary_distance":true,"source_year":2020},"geometry":{"type":"Point","coordinates":[139.50165635195367,35.353073268914855]},"id":"medical-085"},{"type":"Feature","properties":{"id":"medical-086","name":"ちはる歯科","category_code":3,"category":"dental_clinic","address":"藤沢市辻堂新町三丁目２番６号","included_in_primary_distance":false,"source_year":2020},"geometry":{"type":"Point","coordinates":[139.45858821514412,35.338451065791475]},"id":"medical-086"},{"type":"Feature","properties":{"id":"medical-087","name":"つちや歯科医院","category_code":3,"category":"dental_clinic","address":"藤沢市藤沢二丁目１番１８号　山本ビル２Ｆ","included_in_primary_distance":false,"source_year":2020},"geometry":{"type":"Point","coordinates":[139.4786803468826,35.348551819057626]},"id":"medical-087"},{"type":"Feature","properties":{"id":"medical-088","name":"つちや眼科","category_code":2,"category":"clinic","address":"藤沢市辻堂新町四丁目１番１号　湘南モールフィル２階","included_in_primary_distance":true,"source_year":2020},"geometry":{"type":"Point","coordinates":[139.46491609177764,35.33887325493657]},"id":"medical-088"},{"type":"Feature","properties":{"id":"medical-089","name":"つのだ歯科クリニック","category_code":3,"category":"dental_clinic","address":"藤沢市湘南台七丁目３番地１０","included_in_primary_distance":false,"source_year":2020},"geometry":{"type":"Point","coordinates":[139.47272227837277,35.397821535947244]},"id":"medical-089"},{"type":"Feature","properties":{"id":"medical-090","name":"つばめデンタルクリニック","category_code":3,"category":"dental_clinic","address":"藤沢市辻堂一丁目４番２９号　１階Ａ−１","included_in_primary_distance":false,"source_year":2020},"geometry":{"type":"Point","coordinates":[139.44811962025855,35.33592696862523]},"id":"medical-090"},{"type":"Feature","properties":{"id":"medical-091","name":"つぼみ歯科","category_code":3,"category":"dental_clinic","address":"藤沢市大庭５５６０番地１","included_in_primary_distance":false,"source_year":2020},"geometry":{"type":"Point","coordinates":[139.44095068966035,35.36511318519934]},"id":"medical-091"},{"type":"Feature","properties":{"id":"medical-092","name":"つるしげ歯科医院","category_code":3,"category":"dental_clinic","address":"藤沢市羽鳥三丁目１番８号　Ｗ−１０５","included_in_primary_distance":false,"source_year":2020},"geometry":{"type":"Point","coordinates":[139.45486089938348,35.342523410465375]},"id":"medical-092"},{"type":"Feature","properties":{"id":"medical-093","name":"ともき歯科クリニック","category_code":3,"category":"dental_clinic","address":"藤沢市藤沢９７番地２　ｗｉｓｔｅｒｉａ湘南１階","included_in_primary_distance":false,"source_year":2020},"geometry":{"type":"Point","coordinates":[139.48889851507698,35.340735316295614]},"id":"medical-093"},{"type":"Feature","properties":{"id":"medical-094","name":"とやま産婦人科医院","category_code":2,"category":"clinic","address":"藤沢市南藤沢１８番３号","included_in_primary_distance":true,"source_year":2020},"geometry":{"type":"Point","coordinates":[139.49071509204435,35.337098179987414]},"id":"medical-094"},{"type":"Feature","properties":{"id":"medical-095","name":"なかむら歯科医院","category_code":3,"category":"dental_clinic","address":"藤沢市鵠沼海岸一丁目３番９号","included_in_primary_distance":false,"source_year":2020},"geometry":{"type":"Point","coordinates":[139.47604951755966,35.314742170398034]},"id":"medical-095"},{"type":"Feature","properties":{"id":"medical-096","name":"なりたクリニック","category_code":2,"category":"clinic","address":"藤沢市善行一丁目２５番地１５　ＴＹクリニックビル２Ｆ","included_in_primary_distance":true,"source_year":2020},"geometry":{"type":"Point","coordinates":[139.47231573422033,35.36296030083316]},"id":"medical-096"},{"type":"Feature","properties":{"id":"medical-097","name":"にしお歯科クリニック","category_code":3,"category":"dental_clinic","address":"藤沢市藤沢二丁目１番１７号　第一興産２７号館　３階Ｅ号室","included_in_primary_distance":false,"source_year":2020},"geometry":{"type":"Point","coordinates":[139.47871645282123,35.3483579537667]},"id":"medical-097"},{"type":"Feature","properties":{"id":"medical-098","name":"ぬまた内科呼吸器科","category_code":2,"category":"clinic","address":"藤沢市大鋸一丁目２番１８号　藤沢ホスピタリティパーク３階","included_in_primary_distance":true,"source_year":2020},"geometry":{"type":"Point","coordinates":[139.4943158358323,35.33970037488789]},"id":"medical-098"},{"type":"Feature","properties":{"id":"medical-099","name":"のぞみホームクリニック","category_code":2,"category":"clinic","address":"藤沢市弥勒寺一丁目２３番４号　弥勒寺クリニック１号室","included_in_primary_distance":true,"source_year":2020},"geometry":{"type":"Point","coordinates":[139.49805779152476,35.34012623026816]},"id":"medical-099"},{"type":"Feature","properties":{"id":"medical-100","name":"のなかこどもクリニック","category_code":2,"category":"clinic","address":"藤沢市鵠沼海岸一丁目３番１６号　プラッシングウェーブ江の島４階","included_in_primary_distance":true,"source_year":2020},"geometry":{"type":"Point","coordinates":[139.4761622795011,35.31416612977504]},"id":"medical-100"},{"type":"Feature","properties":{"id":"medical-101","name":"のむら医院","category_code":2,"category":"clinic","address":"藤沢市本鵠沼二丁目４番２９号","included_in_primary_distance":true,"source_year":2020},"geometry":{"type":"Point","coordinates":[139.47446711904186,35.33486477562229]},"id":"medical-101"},{"type":"Feature","properties":{"id":"medical-102","name":"のむら歯科医院","category_code":3,"category":"dental_clinic","address":"藤沢市善行一丁目４番地５　ＫＵパレス善行１Ｆ","included_in_primary_distance":false,"source_year":2020},"geometry":{"type":"Point","coordinates":[139.47231822836125,35.36237259334259]},"id":"medical-102"},{"type":"Feature","properties":{"id":"medical-103","name":"はしば泌尿器科皮フ科クリニック","category_code":2,"category":"clinic","address":"藤沢市鵠沼神明五丁目１３番１９号","included_in_primary_distance":true,"source_year":2020},"geometry":{"type":"Point","coordinates":[139.47236421405896,35.346426981638785]},"id":"medical-103"},{"type":"Feature","properties":{"id":"medical-104","name":"はじめ歯科","category_code":3,"category":"dental_clinic","address":"藤沢市辻堂新町一丁目４番８号","included_in_primary_distance":false,"source_year":2020},"geometry":{"type":"Point","coordinates":[139.4507522352989,35.338228452115864]},"id":"medical-104"},{"type":"Feature","properties":{"id":"medical-105","name":"はま歯科クリニック","category_code":3,"category":"dental_clinic","address":"藤沢市湘南台二丁目１番地１　２０４","included_in_primary_distance":false,"source_year":2020},"geometry":{"type":"Point","coordinates":[139.46487767612203,35.39719090372657]},"id":"medical-105"},{"type":"Feature","properties":{"id":"medical-106","name":"はやし内科クリニック","category_code":2,"category":"clinic","address":"藤沢市下土棚４６７番地９　山口ビル２Ｆ","included_in_primary_distance":true,"source_year":2020},"geometry":{"type":"Point","coordinates":[139.46589137430666,35.412396491058956]},"id":"medical-106"},{"type":"Feature","properties":{"id":"medical-107","name":"はらだメンタルクリニック","category_code":2,"category":"clinic","address":"藤沢市藤沢５５５番地　サンパール藤沢ビル８階","included_in_primary_distance":true,"source_year":2020},"geometry":{"type":"Point","coordinates":[139.48714890742295,35.339671919542695]},"id":"medical-107"},{"type":"Feature","properties":{"id":"medical-108","name":"ひかり歯科クリニック","category_code":3,"category":"dental_clinic","address":"藤沢市高倉５２６番地３","included_in_primary_distance":false,"source_year":2020},"geometry":{"type":"Point","coordinates":[139.4670245293954,35.407083527787194]},"id":"medical-108"},{"type":"Feature","properties":{"id":"medical-109","name":"ひだ矯正歯科","category_code":3,"category":"dental_clinic","address":"藤沢市辻堂新町一丁目１番１３号　西村ビル２階","included_in_primary_distance":false,"source_year":2020},"geometry":{"type":"Point","coordinates":[139.4487460032306,35.33821949545077]},"id":"medical-109"},{"type":"Feature","properties":{"id":"medical-110","name":"ひまわり歯科クリニック","category_code":3,"category":"dental_clinic","address":"藤沢市辻堂六丁目１３番３号","included_in_primary_distance":false,"source_year":2020},"geometry":{"type":"Point","coordinates":[139.44745554454025,35.327145417870476]},"id":"medical-110"},{"type":"Feature","properties":{"id":"medical-111","name":"ひらの歯科医院","category_code":3,"category":"dental_clinic","address":"藤沢市菖蒲沢６１１番地１","included_in_primary_distance":false,"source_year":2020},"geometry":{"type":"Point","coordinates":[139.4350042116126,35.40286185607]},"id":"medical-111"},{"type":"Feature","properties":{"id":"medical-112","name":"ひろちかデンタルクリニック","category_code":3,"category":"dental_clinic","address":"藤沢市鵠沼藤が谷二丁目１２番８号","included_in_primary_distance":false,"source_year":2020},"geometry":{"type":"Point","coordinates":[139.4862758223336,35.32315291529365]},"id":"medical-112"},{"type":"Feature","properties":{"id":"medical-113","name":"びわた東海岸クリニック","category_code":2,"category":"clinic","address":"藤沢市辻堂東海岸一丁目１５番１６号","included_in_primary_distance":true,"source_year":2020},"geometry":{"type":"Point","coordinates":[139.45693609621077,35.325017116048905]},"id":"medical-113"},{"type":"Feature","properties":{"id":"medical-114","name":"ふかがわ歯科クリニック","category_code":3,"category":"dental_clinic","address":"藤沢市亀井野二丁目３９番地８　堀ビル１０２、２０１","included_in_primary_distance":false,"source_year":2020},"geometry":{"type":"Point","coordinates":[139.47568284526162,35.38031311689931]},"id":"medical-114"},{"type":"Feature","properties":{"id":"medical-115","name":"ふくだクリニック","category_code":2,"category":"clinic","address":"藤沢市辻堂二丁目２番１４号　ステラ湘南３階","included_in_primary_distance":true,"source_year":2020},"geometry":{"type":"Point","coordinates":[139.44367407300766,35.33648084851188]},"id":"medical-115"},{"type":"Feature","properties":{"id":"medical-116","name":"ふじさわこどもクリニック小児科・アレルギー科","category_code":2,"category":"clinic","address":"藤沢市藤沢二丁目２番２８号　２階　Ａ区画","included_in_primary_distance":true,"source_year":2020},"geometry":{"type":"Point","coordinates":[139.48010245568435,35.34955421737975]},"id":"medical-116"},{"type":"Feature","properties":{"id":"medical-117","name":"ふじ歯科医院","category_code":3,"category":"dental_clinic","address":"藤沢市柄沢５５８番地９","included_in_primary_distance":false,"source_year":2020},"geometry":{"type":"Point","coordinates":[139.4972333329722,35.353505053642884]},"id":"medical-117"},{"type":"Feature","properties":{"id":"medical-118","name":"ほしの内科クリニック","category_code":2,"category":"clinic","address":"藤沢市藤沢二丁目１番１８号　山本ビル１Ｆ","included_in_primary_distance":true,"source_year":2020},"geometry":{"type":"Point","coordinates":[139.4786803468826,35.348551819057626]},"id":"medical-118"},{"type":"Feature","properties":{"id":"medical-119","name":"ほしの眼科クリニック","category_code":2,"category":"clinic","address":"藤沢市辻堂東海岸一丁目１２番２０号　湘南メディカルビル２Ｆ−Ｂ","included_in_primary_distance":true,"source_year":2020},"geometry":{"type":"Point","coordinates":[139.4542282758842,35.32295782330886]},"id":"medical-119"},{"type":"Feature","properties":{"id":"medical-120","name":"ほり整形外科クリニック","category_code":2,"category":"clinic","address":"藤沢市鵠沼石上一丁目１３番４号　クリスタル鵠沼１Ｆ","included_in_primary_distance":true,"source_year":2020},"geometry":{"type":"Point","coordinates":[139.4871074380375,35.33570212447274]},"id":"medical-120"},{"type":"Feature","properties":{"id":"medical-121","name":"ほんごうメンタルクリニック","category_code":2,"category":"clinic","address":"藤沢市湘南台二丁目２７番地１５　東永ビル２Ｆ２０２","included_in_primary_distance":true,"source_year":2020},"geometry":{"type":"Point","coordinates":[139.46729453099718,35.39358682643008]},"id":"medical-121"},{"type":"Feature","properties":{"id":"medical-122","name":"まこと歯科クリニック","category_code":3,"category":"dental_clinic","address":"藤沢市善行七丁目４番１号　斎ビル２Ｆ","included_in_primary_distance":false,"source_year":2020},"geometry":{"type":"Point","coordinates":[139.47390282940128,35.363175558971115]},"id":"medical-122"},{"type":"Feature","properties":{"id":"medical-123","name":"まなぶ歯科クリニック","category_code":3,"category":"dental_clinic","address":"藤沢市湘南台三丁目７番地１２　湘南台クリニックビル２０１","included_in_primary_distance":false,"source_year":2020},"geometry":{"type":"Point","coordinates":[139.46294591570685,35.39476743713926]},"id":"medical-123"},{"type":"Feature","properties":{"id":"medical-124","name":"みき辻堂東海岸クリニック","category_code":2,"category":"clinic","address":"藤沢市辻堂東海岸三丁目８番１１号","included_in_primary_distance":true,"source_year":2020},"geometry":{"type":"Point","coordinates":[139.45570258404769,35.32158442539893]},"id":"medical-124"},{"type":"Feature","properties":{"id":"medical-125","name":"みむら脳神経外科","category_code":2,"category":"clinic","address":"藤沢市亀井野二丁目７番地１","included_in_primary_distance":true,"source_year":2020},"geometry":{"type":"Point","coordinates":[139.4734366235562,35.3829627922917]},"id":"medical-125"},{"type":"Feature","properties":{"id":"medical-126","name":"みやけ眼科","category_code":2,"category":"clinic","address":"藤沢市石川六丁目２番地１　イトーヨーカドー湘南台２階","included_in_primary_distance":true,"source_year":2020},"geometry":{"type":"Point","coordinates":[139.44688153414688,35.39241933723402]},"id":"medical-126"},{"type":"Feature","properties":{"id":"medical-127","name":"みやた歯科クリニック","category_code":3,"category":"dental_clinic","address":"藤沢市本町四丁目８番３８号　サンハイツ湘南１Ｆ","included_in_primary_distance":false,"source_year":2020},"geometry":{"type":"Point","coordinates":[139.4782712047399,35.34745416659011]},"id":"medical-127"},{"type":"Feature","properties":{"id":"medical-128","name":"みんなの歯科クリニック","category_code":3,"category":"dental_clinic","address":"藤沢市辻堂新町一丁目６番３５号　大正堂１階","included_in_primary_distance":false,"source_year":2020},"geometry":{"type":"Point","coordinates":[139.45282594973648,35.337656361423456]},"id":"medical-128"},{"type":"Feature","properties":{"id":"medical-129","name":"むくなし歯科医院","category_code":3,"category":"dental_clinic","address":"藤沢市片瀬四丁目１７番１５号","included_in_primary_distance":false,"source_year":2020},"geometry":{"type":"Point","coordinates":[139.48561172573574,35.31310619318519]},"id":"medical-129"},{"type":"Feature","properties":{"id":"medical-130","name":"むつあい内科クリニック","category_code":2,"category":"clinic","address":"藤沢市亀井野二丁目１０番地１３","included_in_primary_distance":true,"source_year":2020},"geometry":{"type":"Point","coordinates":[139.4721672622796,35.38222818842536]},"id":"medical-130"},{"type":"Feature","properties":{"id":"medical-131","name":"むらおか歯科医院","category_code":3,"category":"dental_clinic","address":"藤沢市弥勒寺二丁目３番２８号","included_in_primary_distance":false,"source_year":2020},"geometry":{"type":"Point","coordinates":[139.500574819966,35.33690169395627]},"id":"medical-131"},{"type":"Feature","properties":{"id":"medical-132","name":"もとき内科クリニック","category_code":2,"category":"clinic","address":"藤沢市辻堂神台一丁目３番３９号　オザワビル４階４０３号室","included_in_primary_distance":true,"source_year":2020},"geometry":{"type":"Point","coordinates":[139.4481563533114,35.33974876082152]},"id":"medical-132"},{"type":"Feature","properties":{"id":"medical-133","name":"ももこ歯科","category_code":3,"category":"dental_clinic","address":"藤沢市亀井野１７７０番地２　モトハウス２−Ｂ","included_in_primary_distance":false,"source_year":2020},"geometry":{"type":"Point","coordinates":[139.47042619083584,35.38416957499856]},"id":"medical-133"},{"type":"Feature","properties":{"id":"medical-134","name":"やすい小児科・循環器科","category_code":2,"category":"clinic","address":"藤沢市本鵠沼四丁目７番９号　２階","included_in_primary_distance":true,"source_year":2020},"geometry":{"type":"Point","coordinates":[139.47019717028567,35.33125121407209]},"id":"medical-134"},{"type":"Feature","properties":{"id":"medical-135","name":"やなぎさわ歯科","category_code":3,"category":"dental_clinic","address":"藤沢市本鵠沼四丁目１３番１号","included_in_primary_distance":false,"source_year":2020},"geometry":{"type":"Point","coordinates":[139.46996996459447,35.33094207702127]},"id":"medical-135"},{"type":"Feature","properties":{"id":"medical-136","name":"やまだ内科クリニック","category_code":2,"category":"clinic","address":"藤沢市片瀬山二丁目７番５号","included_in_primary_distance":true,"source_year":2020},"geometry":{"type":"Point","coordinates":[139.49317460653617,35.32352034020956]},"id":"medical-136"},{"type":"Feature","properties":{"id":"medical-137","name":"よしだみつぎ整形外科クリニック","category_code":2,"category":"clinic","address":"藤沢市湘南台三丁目７番地１２　湘南台クリニックビル３０２号","included_in_primary_distance":true,"source_year":2020},"geometry":{"type":"Point","coordinates":[139.46294591570685,35.39476743713926]},"id":"medical-137"},{"type":"Feature","properties":{"id":"medical-138","name":"りゅう歯科医院","category_code":3,"category":"dental_clinic","address":"藤沢市亀井野三丁目２番地７","included_in_primary_distance":false,"source_year":2020},"geometry":{"type":"Point","coordinates":[139.4759753486624,35.3839092893663]},"id":"medical-138"},{"type":"Feature","properties":{"id":"medical-139","name":"わかきｋｉｄｓ’クリニック","category_code":2,"category":"clinic","address":"藤沢市鵠沼神明五丁目１３番１９号　湘南クリニックビル３Ｆ","included_in_primary_distance":true,"source_year":2020},"geometry":{"type":"Point","coordinates":[139.47236421405896,35.346426981638785]},"id":"medical-139"},{"type":"Feature","properties":{"id":"medical-140","name":"わかすぎ歯科","category_code":3,"category":"dental_clinic","address":"藤沢市湘南台一丁目１０番地６","included_in_primary_distance":false,"source_year":2020},"geometry":{"type":"Point","coordinates":[139.4691241389782,35.39675827070676]},"id":"medical-140"},{"type":"Feature","properties":{"id":"medical-141","name":"わかばデンタルクリニック","category_code":3,"category":"dental_clinic","address":"藤沢市長後７４７番地２６　１階","included_in_primary_distance":false,"source_year":2020},"geometry":{"type":"Point","coordinates":[139.46969419121532,35.414932785932216]},"id":"medical-141"},{"type":"Feature","properties":{"id":"medical-142","name":"わだ歯科クリニック","category_code":3,"category":"dental_clinic","address":"藤沢市湘南台四丁目５番地１　プレジャ湘南台２Ｆ","included_in_primary_distance":false,"source_year":2020},"geometry":{"type":"Point","coordinates":[139.4643941500708,35.399453040209636]},"id":"medical-142"},{"type":"Feature","properties":{"id":"medical-143","name":"アイ整形外科クリニック","category_code":2,"category":"clinic","address":"藤沢市藤沢二丁目３番１５号　トレアージュ白旗２Ｆ","included_in_primary_distance":true,"source_year":2020},"geometry":{"type":"Point","coordinates":[139.4800766265022,35.349729196056124]},"id":"medical-143"},{"type":"Feature","properties":{"id":"medical-144","name":"アズビル株式会社　藤沢テクノセンター健康管理室","category_code":2,"category":"clinic","address":"藤沢市川名一丁目１２番２号","included_in_primary_distance":true,"source_year":2020},"geometry":{"type":"Point","coordinates":[139.49911625881452,35.33513436312185]},"id":"medical-144"},{"type":"Feature","properties":{"id":"medical-145","name":"アズール歯科クリニック","category_code":3,"category":"dental_clinic","address":"藤沢市本鵠沼二丁目１５番１０号","included_in_primary_distance":false,"source_year":2020},"geometry":{"type":"Point","coordinates":[139.4741543084987,35.33064054009934]},"id":"medical-145"},{"type":"Feature","properties":{"id":"medical-146","name":"アライ歯科医院","category_code":3,"category":"dental_clinic","address":"藤沢市下土棚４７１番地","included_in_primary_distance":false,"source_year":2020},"geometry":{"type":"Point","coordinates":[139.46610597758354,35.41288801982078]},"id":"medical-146"},{"type":"Feature","properties":{"id":"medical-147","name":"イーライズこども歯科・矯正クリニック","category_code":3,"category":"dental_clinic","address":"藤沢市鵠沼東２番地５　スカイシティ鵠沼１Ｆ","included_in_primary_distance":false,"source_year":2020},"geometry":{"type":"Point","coordinates":[139.49218342005193,35.33539780419091]},"id":"medical-147"},{"type":"Feature","properties":{"id":"medical-148","name":"オゼキ歯科医院","category_code":3,"category":"dental_clinic","address":"藤沢市湘南台六丁目１番地５　田中ビル２Ｆ","included_in_primary_distance":false,"source_year":2020},"geometry":{"type":"Point","coordinates":[139.47012351881241,35.39875268971084]},"id":"medical-148"},{"type":"Feature","properties":{"id":"medical-149","name":"オハナ歯科","category_code":3,"category":"dental_clinic","address":"藤沢市石川五丁目３３番地２６","included_in_primary_distance":false,"source_year":2020},"geometry":{"type":"Point","coordinates":[139.4524530089628,35.3827843056829]},"id":"medical-149"},{"type":"Feature","properties":{"id":"medical-150","name":"オーラルケアクリニック藤沢","category_code":3,"category":"dental_clinic","address":"藤沢市鵠沼花沢町２番３号　ＰＨビル４Ｆ","included_in_primary_distance":false,"source_year":2020},"geometry":{"type":"Point","coordinates":[139.48540510774174,35.33746660397364]},"id":"medical-150"},{"type":"Feature","properties":{"id":"medical-151","name":"カバサワデンタルオフィス","category_code":3,"category":"dental_clinic","address":"藤沢市辻堂一丁目２番２号　リストレジデンス辻堂タワー１階Ａ２","included_in_primary_distance":false,"source_year":2020},"geometry":{"type":"Point","coordinates":[139.4475446823217,35.336286324121666]},"id":"medical-151"},{"type":"Feature","properties":{"id":"medical-152","name":"カリス歯科クリニック","category_code":3,"category":"dental_clinic","address":"藤沢市柄沢４１４番地４","included_in_primary_distance":false,"source_year":2020},"geometry":{"type":"Point","coordinates":[139.50345037511673,35.3539666197691]},"id":"medical-152"},{"type":"Feature","properties":{"id":"medical-153","name":"カワイ眼科医院","category_code":2,"category":"clinic","address":"藤沢市鵠沼橘一丁目１番８号　Ｄｒ．Ｈａｔａ　Ｃｌｉｎｉｃ　ＢＬＤＧ　１階","included_in_primary_distance":true,"source_year":2020},"geometry":{"type":"Point","coordinates":[139.48624807067733,35.33621177137301]},"id":"medical-153"},{"type":"Feature","properties":{"id":"medical-154","name":"カワノ歯科","category_code":3,"category":"dental_clinic","address":"藤沢市南藤沢２２番７号　相沢ビル４Ｆ　４０１","included_in_primary_distance":false,"source_year":2020},"geometry":{"type":"Point","coordinates":[139.48674833534272,35.33746051767115]},"id":"medical-154"},{"type":"Feature","properties":{"id":"medical-155","name":"キッズデンタルパーク藤沢","category_code":3,"category":"dental_clinic","address":"藤沢市善行坂一丁目５番１８号","included_in_primary_distance":false,"source_year":2020},"geometry":{"type":"Point","coordinates":[139.46815024031184,35.36247587596043]},"id":"medical-155"},{"type":"Feature","properties":{"id":"medical-156","name":"クローバークリニック","category_code":2,"category":"clinic","address":"藤沢市片瀬四丁目１０番２２号","included_in_primary_distance":true,"source_year":2020},"geometry":{"type":"Point","coordinates":[139.48263141753125,35.31453762413206]},"id":"medical-156"},{"type":"Feature","properties":{"id":"medical-157","name":"クローバーホスピタル","category_code":1,"category":"hospital","address":"藤沢市鵠沼石上三丁目３番６号","included_in_primary_distance":true,"source_year":2020},"geometry":{"type":"Point","coordinates":[139.48807311236726,35.33141320076077]},"id":"medical-157"},{"type":"Feature","properties":{"id":"medical-158","name":"グランドヴィラ湘南台診療所","category_code":2,"category":"clinic","address":"藤沢市菖蒲沢１２２１番地１","included_in_primary_distance":true,"source_year":2020},"geometry":{"type":"Point","coordinates":[139.44391543890666,35.39918606404112]},"id":"medical-158"},{"type":"Feature","properties":{"id":"medical-159","name":"グリーン内科","category_code":2,"category":"clinic","address":"藤沢市長後７０６番地　ゴールドエイジ長後１０１号","included_in_primary_distance":true,"source_year":2020},"geometry":{"type":"Point","coordinates":[139.46609262479922,35.41488818366152]},"id":"medical-159"},{"type":"Feature","properties":{"id":"medical-160","name":"グレースデンタルメディカルクリニック　湘南分院","category_code":3,"category":"dental_clinic","address":"藤沢市湘南台二丁目１７番地１７　グランドメゾン湘南１階−Ｃ","included_in_primary_distance":false,"source_year":2020},"geometry":{"type":"Point","coordinates":[139.46680734063918,35.39439585727176]},"id":"medical-160"},{"type":"Feature","properties":{"id":"medical-161","name":"ケイズデンタルオフィス","category_code":3,"category":"dental_clinic","address":"藤沢市鵠沼石上一丁目２番２号　ＡＳＣＡビル３０１","included_in_primary_distance":false,"source_year":2020},"geometry":{"type":"Point","coordinates":[139.48790017604261,35.336847280401834]},"id":"medical-161"},{"type":"Feature","properties":{"id":"medical-162","name":"ココロまち診療所","category_code":2,"category":"clinic","address":"藤沢市用田２６７２番地","included_in_primary_distance":true,"source_year":2020},"geometry":{"type":"Point","coordinates":[139.41532886461064,35.416119141451155]},"id":"medical-162"},{"type":"Feature","properties":{"id":"medical-163","name":"コタケ歯科医院","category_code":3,"category":"dental_clinic","address":"藤沢市片瀬三丁目１７番２２号","included_in_primary_distance":false,"source_year":2020},"geometry":{"type":"Point","coordinates":[139.4866377710156,35.31268543087445]},"id":"medical-163"},{"type":"Feature","properties":{"id":"medical-164","name":"コタケ皮膚科医院","category_code":2,"category":"clinic","address":"藤沢市片瀬三丁目１７番２２号","included_in_primary_distance":true,"source_year":2020},"geometry":{"type":"Point","coordinates":[139.4866377710156,35.31268543087445]},"id":"medical-164"},{"type":"Feature","properties":{"id":"medical-165","name":"コモダ歯科医院","category_code":3,"category":"dental_clinic","address":"藤沢市鵠沼海岸三丁目３番１号","included_in_primary_distance":false,"source_year":2020},"geometry":{"type":"Point","coordinates":[139.46884387226083,35.323030468186154]},"id":"medical-165"},{"type":"Feature","properties":{"id":"medical-166","name":"コンパスクリニック湘南台","category_code":3,"category":"dental_clinic","address":"藤沢市湘南台一丁目１５番地２２　ガーデンパレス湘南台１０２","included_in_primary_distance":false,"source_year":2020},"geometry":{"type":"Point","coordinates":[139.46783727720427,35.395045479149815]},"id":"medical-166"},{"type":"Feature","properties":{"id":"medical-167","name":"サニーサイド歯科クリニック湘南台","category_code":3,"category":"dental_clinic","address":"藤沢市湘南台一丁目６番地１８　湘南台川口ビル２０１","included_in_primary_distance":false,"source_year":2020},"geometry":{"type":"Point","coordinates":[139.4683472419929,35.397352055427746]},"id":"medical-167"},{"type":"Feature","properties":{"id":"medical-168","name":"サム小児歯科クリニック","category_code":3,"category":"dental_clinic","address":"藤沢市湘南台五丁目４番地４　ソナーレ湘南台１階","included_in_primary_distance":false,"source_year":2020},"geometry":{"type":"Point","coordinates":[139.46963021586978,35.398879884339294]},"id":"medical-168"},{"type":"Feature","properties":{"id":"medical-169","name":"サンタ歯科医院","category_code":3,"category":"dental_clinic","address":"藤沢市藤沢３８８番地１　富士ビル新館１Ｆ","included_in_primary_distance":false,"source_year":2020},"geometry":{"type":"Point","coordinates":[139.48880410742473,35.3393627108534]},"id":"medical-169"},{"type":"Feature","properties":{"id":"medical-170","name":"サンパールはたの眼科緑内障クリニック","category_code":2,"category":"clinic","address":"藤沢市藤沢５５５番地　サンパール藤沢ビル３Ｆ３０２","included_in_primary_distance":true,"source_year":2020},"geometry":{"type":"Point","coordinates":[139.48714890742295,35.339671919542695]},"id":"medical-170"},{"type":"Feature","properties":{"id":"medical-171","name":"シンコウ歯科","category_code":3,"category":"dental_clinic","address":"藤沢市鵠沼石上一丁目８番１４号　藤沢ワンオービル１Ｆ","included_in_primary_distance":false,"source_year":2020},"geometry":{"type":"Point","coordinates":[139.48808042575044,35.336155143960966]},"id":"medical-171"},{"type":"Feature","properties":{"id":"medical-172","name":"スマイル歯科医院","category_code":3,"category":"dental_clinic","address":"藤沢市藤沢二丁目３番１３号　トレアージュ白旗内　医療モール２Ｆ","included_in_primary_distance":false,"source_year":2020},"geometry":{"type":"Point","coordinates":[139.47958805240597,35.34921536260343]},"id":"medical-172"},{"type":"Feature","properties":{"id":"medical-173","name":"タニグチ眼科","category_code":2,"category":"clinic","address":"藤沢市善行七丁目６番地１　サンライズビル１Ｆ　Ｄ号室","included_in_primary_distance":true,"source_year":2020},"geometry":{"type":"Point","coordinates":[139.47385672640326,35.36359161945317]},"id":"medical-173"},{"type":"Feature","properties":{"id":"medical-174","name":"ティーアンドエスデンタルクリニック","category_code":3,"category":"dental_clinic","address":"藤沢市辻堂新町一丁目１番１７号　プレール湘南辻堂ステーションタワー２階","included_in_primary_distance":false,"source_year":2020},"geometry":{"type":"Point","coordinates":[139.4488962714091,35.33834087684506]},"id":"medical-174"},{"type":"Feature","properties":{"id":"medical-175","name":"ティー・エイチ・ピー・メディカルクリニック","category_code":2,"category":"clinic","address":"藤沢市藤沢４９８番地","included_in_primary_distance":true,"source_year":2020},"geometry":{"type":"Point","coordinates":[139.48419361187172,35.33919234753256]},"id":"medical-175"},{"type":"Feature","properties":{"id":"medical-176","name":"デンタルハート湘南","category_code":3,"category":"dental_clinic","address":"藤沢市長後７０６番地　ゴールドエイジ藤沢１０６号","included_in_primary_distance":false,"source_year":2020},"geometry":{"type":"Point","coordinates":[139.46609262479922,35.41488818366152]},"id":"medical-176"},{"type":"Feature","properties":{"id":"medical-177","name":"トミー歯科医院","category_code":3,"category":"dental_clinic","address":"藤沢市藤沢４８４番地２５　本門ビル５Ｆ","included_in_primary_distance":false,"source_year":2020},"geometry":{"type":"Point","coordinates":[139.48577241705328,35.34041630485606]},"id":"medical-177"},{"type":"Feature","properties":{"id":"medical-178","name":"ドルフィン矯正・小児歯科","category_code":3,"category":"dental_clinic","address":"藤沢市鵠沼橘一丁目１番２号　タチバナビル２Ｆ","included_in_primary_distance":false,"source_year":2020},"geometry":{"type":"Point","coordinates":[139.48650472945377,35.33682753555606]},"id":"medical-178"},{"type":"Feature","properties":{"id":"medical-179","name":"パーク歯科クリニック","category_code":3,"category":"dental_clinic","address":"藤沢市鵠沼石上一丁目２番１０号　Ｗｅｌ−ＢＩＺ藤沢２Ｆ","included_in_primary_distance":false,"source_year":2020},"geometry":{"type":"Point","coordinates":[139.4877568346096,35.33587128267831]},"id":"medical-179"},{"type":"Feature","properties":{"id":"medical-180","name":"ヒロ歯科","category_code":3,"category":"dental_clinic","address":"藤沢市湘南台一丁目２０番地１","included_in_primary_distance":false,"source_year":2020},"geometry":{"type":"Point","coordinates":[139.4685450098585,35.39569815710772]},"id":"medical-180"},{"type":"Feature","properties":{"id":"medical-181","name":"ピースフル歯科クリニック","category_code":3,"category":"dental_clinic","address":"藤沢市湘南台二丁目８番地１５　アジル湘南１階","included_in_primary_distance":false,"source_year":2020},"geometry":{"type":"Point","coordinates":[139.46361115052758,35.39582948094699]},"id":"medical-181"},{"type":"Feature","properties":{"id":"medical-182","name":"プレス工業株式会社藤沢工場診療所","category_code":2,"category":"clinic","address":"藤沢市遠藤２００３番地１","included_in_primary_distance":true,"source_year":2020},"geometry":{"type":"Point","coordinates":[139.44481955269126,35.38352777792709]},"id":"medical-182"},{"type":"Feature","properties":{"id":"medical-183","name":"ペンギンデンタルクリニック","category_code":3,"category":"dental_clinic","address":"藤沢市亀井野６３２番地１","included_in_primary_distance":false,"source_year":2020},"geometry":{"type":"Point","coordinates":[139.4689733043185,35.38683068594904]},"id":"medical-183"},{"type":"Feature","properties":{"id":"medical-184","name":"ホスメッククリニック","category_code":2,"category":"clinic","address":"藤沢市亀井野一丁目３１番地５","included_in_primary_distance":true,"source_year":2020},"geometry":{"type":"Point","coordinates":[139.47342420820522,35.386982568558224]},"id":"medical-184"},{"type":"Feature","properties":{"id":"medical-185","name":"マリソル整形外科","category_code":2,"category":"clinic","address":"藤沢市辻堂東海岸一丁目１２番２０号　湘南メディカルビル３階","included_in_primary_distance":true,"source_year":2020},"geometry":{"type":"Point","coordinates":[139.4542282758842,35.32295782330886]},"id":"medical-185"},{"type":"Feature","properties":{"id":"medical-186","name":"マリンコンタクト診療所","category_code":2,"category":"clinic","address":"藤沢市南藤沢２０番１９号　第２ハルミビル４Ｆ","included_in_primary_distance":true,"source_year":2020},"geometry":{"type":"Point","coordinates":[139.488329597205,35.33734083841941]},"id":"medical-186"},{"type":"Feature","properties":{"id":"medical-187","name":"ミネベアミツミ株式会社藤沢工場医務室","category_code":2,"category":"clinic","address":"藤沢市片瀬一丁目１番１号","included_in_primary_distance":true,"source_year":2020},"geometry":{"type":"Point","coordinates":[139.4901253831677,35.32826832218472]},"id":"medical-187"},{"type":"Feature","properties":{"id":"medical-188","name":"ミント歯科","category_code":3,"category":"dental_clinic","address":"藤沢市南藤沢２０番２３号　アシビシティビル６Ｆ","included_in_primary_distance":false,"source_year":2020},"geometry":{"type":"Point","coordinates":[139.48818099849876,35.3376409361702]},"id":"medical-188"},{"type":"Feature","properties":{"id":"medical-189","name":"メディカルパーク湘南","category_code":2,"category":"clinic","address":"藤沢市湘南台一丁目２４番地７","included_in_primary_distance":true,"source_year":2020},"geometry":{"type":"Point","coordinates":[139.46986270542152,35.39419007230202]},"id":"medical-189"},{"type":"Feature","properties":{"id":"medical-190","name":"メディカルパーク湘南こどもクリニック","category_code":2,"category":"clinic","address":"藤沢市湘南台一丁目２１番３号　エンゼルハイムシバタ２−Ａ","included_in_primary_distance":true,"source_year":2020},"geometry":{"type":"Point","coordinates":[139.4702910116321,35.39609699839291]},"id":"medical-190"},{"type":"Feature","properties":{"id":"medical-191","name":"メンタルクリニックゆかり","category_code":2,"category":"clinic","address":"藤沢市湘南台二丁目２番地１１　丸美ビル３Ｆ","included_in_primary_distance":true,"source_year":2020},"geometry":{"type":"Point","coordinates":[139.4659407735028,35.39681464531658]},"id":"medical-191"},{"type":"Feature","properties":{"id":"medical-192","name":"ユーセニア・デンタル・オフィス","category_code":3,"category":"dental_clinic","address":"藤沢市善行一丁目１５番地８","included_in_primary_distance":false,"source_year":2020},"geometry":{"type":"Point","coordinates":[139.46863659274962,35.36295471330058]},"id":"medical-192"},{"type":"Feature","properties":{"id":"medical-193","name":"ヨシダ歯科クリニック","category_code":3,"category":"dental_clinic","address":"藤沢市石川三丁目３０番地８　コスモヒルズ壱番館Ａ号","included_in_primary_distance":false,"source_year":2020},"geometry":{"type":"Point","coordinates":[139.4492298613935,35.372701174290064]},"id":"medical-193"},{"type":"Feature","properties":{"id":"medical-194","name":"ライフタウンクリニック","category_code":2,"category":"clinic","address":"藤沢市大庭５６８２番地９　ライフビル１階","included_in_primary_distance":true,"source_year":2020},"geometry":{"type":"Point","coordinates":[139.44457301408687,35.37028874584924]},"id":"medical-194"},{"type":"Feature","properties":{"id":"medical-195","name":"ラコスタ辻堂スキンクリニック","category_code":2,"category":"clinic","address":"藤沢市辻堂神台二丁目２番１号　アイクロス湘南４階Ｄ","included_in_primary_distance":true,"source_year":2020},"geometry":{"type":"Point","coordinates":[139.4480169248662,35.340057890711904]},"id":"medical-195"},{"type":"Feature","properties":{"id":"medical-196","name":"ラナ　クリニック","category_code":2,"category":"clinic","address":"藤沢市亀井野二丁目２番１号","included_in_primary_distance":true,"source_year":2020},"geometry":{"type":"Point","coordinates":[139.4718808942097,35.38283005699087]},"id":"medical-196"},{"type":"Feature","properties":{"id":"medical-197","name":"ラフランス歯科クリニック","category_code":3,"category":"dental_clinic","address":"藤沢市白旗一丁目１番１号　コミー湘南１Ｆ","included_in_primary_distance":false,"source_year":2020},"geometry":{"type":"Point","coordinates":[139.47878897658592,35.35123455564022]},"id":"medical-197"},{"type":"Feature","properties":{"id":"medical-198","name":"リーフデンタルクリニック","category_code":3,"category":"dental_clinic","address":"藤沢市朝日町１５番地８","included_in_primary_distance":false,"source_year":2020},"geometry":{"type":"Point","coordinates":[139.49204411377656,35.341245966706836]},"id":"medical-198"},{"type":"Feature","properties":{"id":"medical-199","name":"リーヴァレディースクリニック","category_code":2,"category":"clinic","address":"藤沢市辻堂神台一丁目３番３９号　オザワビル４階４０２号室","included_in_primary_distance":true,"source_year":2020},"geometry":{"type":"Point","coordinates":[139.4481563533114,35.33974876082152]},"id":"medical-199"},{"type":"Feature","properties":{"id":"medical-200","name":"ルミネはたの眼科","category_code":2,"category":"clinic","address":"藤沢市藤沢４３８番地１　ルミネプラザ７Ｆ","included_in_primary_distance":true,"source_year":2020},"geometry":{"type":"Point","coordinates":[139.4869459079887,35.33904678046428]},"id":"medical-200"},{"type":"Feature","properties":{"id":"medical-201","name":"一般財団法人同友会　ライフメディカル健診プラザ","category_code":2,"category":"clinic","address":"藤沢市下土棚４６７番地１０","included_in_primary_distance":true,"source_year":2020},"geometry":{"type":"Point","coordinates":[139.46630445701132,35.41195342601152]},"id":"medical-201"},{"type":"Feature","properties":{"id":"medical-202","name":"一般財団法人同友会　藤沢湘南台病院","category_code":1,"category":"hospital","address":"藤沢市高倉２３４５番地","included_in_primary_distance":true,"source_year":2020},"geometry":{"type":"Point","coordinates":[139.47038650325644,35.41673802108455]},"id":"medical-202"},{"type":"Feature","properties":{"id":"medical-203","name":"三丁目歯科医院","category_code":3,"category":"dental_clinic","address":"藤沢市湘南台三丁目２１番地２","included_in_primary_distance":false,"source_year":2020},"geometry":{"type":"Point","coordinates":[139.46229344658576,35.39121890765318]},"id":"medical-203"},{"type":"Feature","properties":{"id":"medical-204","name":"三井眼科","category_code":2,"category":"clinic","address":"藤沢市湘南台二丁目２７番地１５","included_in_primary_distance":true,"source_year":2020},"geometry":{"type":"Point","coordinates":[139.46729453099718,35.39358682643008]},"id":"medical-204"},{"type":"Feature","properties":{"id":"medical-205","name":"三吉クリニック","category_code":2,"category":"clinic","address":"藤沢市鵠沼橘一丁目１番１５号　富洋ビル３Ｆ","included_in_primary_distance":true,"source_year":2020},"geometry":{"type":"Point","coordinates":[139.4860042057494,35.336473402757846]},"id":"medical-205"},{"type":"Feature","properties":{"id":"medical-206","name":"三好歯科クリニック","category_code":3,"category":"dental_clinic","address":"藤沢市湘南台三丁目３番地５","included_in_primary_distance":false,"source_year":2020},"geometry":{"type":"Point","coordinates":[139.46264565487982,35.395951395674345]},"id":"medical-206"},{"type":"Feature","properties":{"id":"medical-207","name":"三宅クリニック","category_code":2,"category":"clinic","address":"藤沢市柄沢５８０番地１","included_in_primary_distance":true,"source_year":2020},"geometry":{"type":"Point","coordinates":[139.49887536363724,35.35282593849161]},"id":"medical-207"},{"type":"Feature","properties":{"id":"medical-208","name":"三宅歯科医院","category_code":3,"category":"dental_clinic","address":"藤沢市湘南台二丁目２５番地７","included_in_primary_distance":false,"source_year":2020},"geometry":{"type":"Point","coordinates":[139.46597905619382,35.39307635354754]},"id":"medical-208"},{"type":"Feature","properties":{"id":"medical-209","name":"三橋歯科医院","category_code":3,"category":"dental_clinic","address":"藤沢市藤沢三丁目３番３号　小関ビル２Ｆ","included_in_primary_distance":false,"source_year":2020},"geometry":{"type":"Point","coordinates":[139.47656802640893,35.34801935428549]},"id":"medical-209"},{"type":"Feature","properties":{"id":"medical-210","name":"三浦内科クリニック","category_code":2,"category":"clinic","address":"藤沢市片瀬三丁目１番３９号　片瀬クリニックプラザ３Ｆ３０２","included_in_primary_distance":true,"source_year":2020},"geometry":{"type":"Point","coordinates":[139.48598868026895,35.316341645159206]},"id":"medical-210"},{"type":"Feature","properties":{"id":"medical-211","name":"三須こどもクリニック","category_code":2,"category":"clinic","address":"藤沢市片瀬二丁目２番１号","included_in_primary_distance":true,"source_year":2020},"geometry":{"type":"Point","coordinates":[139.48828552213288,35.32405853038818]},"id":"medical-211"},{"type":"Feature","properties":{"id":"medical-212","name":"上林整形クリニック","category_code":2,"category":"clinic","address":"藤沢市本鵠沼三丁目１２番３７号　クリエート湘南第６ビル２Ｆ","included_in_primary_distance":true,"source_year":2020},"geometry":{"type":"Point","coordinates":[139.46983385590946,35.33015355336074]},"id":"medical-212"},{"type":"Feature","properties":{"id":"medical-213","name":"上田歯科医院","category_code":3,"category":"dental_clinic","address":"藤沢市鵠沼石上二丁目４番６号","included_in_primary_distance":false,"source_year":2020},"geometry":{"type":"Point","coordinates":[139.4881531452148,35.33346073903935]},"id":"medical-213"},{"type":"Feature","properties":{"id":"medical-214","name":"上野耳鼻咽喉科医院","category_code":2,"category":"clinic","address":"藤沢市藤沢５５６番地","included_in_primary_distance":true,"source_year":2020},"geometry":{"type":"Point","coordinates":[139.48772111581195,35.34058797597341]},"id":"medical-214"},{"type":"Feature","properties":{"id":"medical-215","name":"中山眼科医院","category_code":2,"category":"clinic","address":"藤沢市鵠沼石上一丁目２番４号","included_in_primary_distance":true,"source_year":2020},"geometry":{"type":"Point","coordinates":[139.48788044973227,35.33658064601844]},"id":"medical-215"},{"type":"Feature","properties":{"id":"medical-216","name":"中澤医院","category_code":2,"category":"clinic","address":"藤沢市片瀬山五丁目１３番４号","included_in_primary_distance":true,"source_year":2020},"geometry":{"type":"Point","coordinates":[139.49067868287176,35.3206928685389]},"id":"medical-216"},{"type":"Feature","properties":{"id":"medical-217","name":"丸山医院","category_code":2,"category":"clinic","address":"藤沢市羽鳥二丁目２番２６号","included_in_primary_distance":true,"source_year":2020},"geometry":{"type":"Point","coordinates":[139.4540198643004,35.34311554243411]},"id":"medical-217"},{"type":"Feature","properties":{"id":"medical-218","name":"丸田整形外科","category_code":2,"category":"clinic","address":"藤沢市鵠沼桜が岡二丁目１０番２６号","included_in_primary_distance":true,"source_year":2020},"geometry":{"type":"Point","coordinates":[139.4779533433483,35.32502599828667]},"id":"medical-218"},{"type":"Feature","properties":{"id":"medical-219","name":"井上歯科医院","category_code":3,"category":"dental_clinic","address":"藤沢市藤沢１０４４番地３６　プリマベーラ３Ｆ","included_in_primary_distance":false,"source_year":2020},"geometry":{"type":"Point","coordinates":[139.48159216806238,35.340448673835496]},"id":"medical-219"},{"type":"Feature","properties":{"id":"medical-220","name":"今村内科クリニック","category_code":2,"category":"clinic","address":"藤沢市亀井野１７７０番地２　モトハウス１階","included_in_primary_distance":true,"source_year":2020},"geometry":{"type":"Point","coordinates":[139.47032155275897,35.3839607616165]},"id":"medical-220"},{"type":"Feature","properties":{"id":"medical-221","name":"仲野整形外科　スポーツ・ウェルネスクリニック","category_code":2,"category":"clinic","address":"藤沢市鵠沼神明五丁目１４番１５号","included_in_primary_distance":true,"source_year":2020},"geometry":{"type":"Point","coordinates":[139.47066492139362,35.34671664104158]},"id":"medical-221"},{"type":"Feature","properties":{"id":"medical-222","name":"伊佐早内科小児科医院","category_code":2,"category":"clinic","address":"藤沢市石川６９３番地７","included_in_primary_distance":true,"source_year":2020},"geometry":{"type":"Point","coordinates":[139.44861001385937,35.369984319737334]},"id":"medical-222"},{"type":"Feature","properties":{"id":"medical-223","name":"伊出診療所","category_code":2,"category":"clinic","address":"藤沢市石川四丁目２１番地６","included_in_primary_distance":true,"source_year":2020},"geometry":{"type":"Point","coordinates":[139.4470425108478,35.37640059743388]},"id":"medical-223"},{"type":"Feature","properties":{"id":"medical-224","name":"伊藤歯科医院","category_code":3,"category":"dental_clinic","address":"藤沢市西富一丁目２番３号","included_in_primary_distance":false,"source_year":2020},"geometry":{"type":"Point","coordinates":[139.4868982315673,35.34667605239032]},"id":"medical-224"},{"type":"Feature","properties":{"id":"medical-225","name":"伊藤歯科医院","category_code":3,"category":"dental_clinic","address":"藤沢市川名一丁目３番２０号　５１０","included_in_primary_distance":false,"source_year":2020},"geometry":{"type":"Point","coordinates":[139.49512863535875,35.33565256425646]},"id":"medical-225"},{"type":"Feature","properties":{"id":"medical-226","name":"伊野歯科医院","category_code":3,"category":"dental_clinic","address":"藤沢市片瀬山五丁目２３番５号","included_in_primary_distance":false,"source_year":2020},"geometry":{"type":"Point","coordinates":[139.4899859442157,35.318766146925135]},"id":"medical-226"},{"type":"Feature","properties":{"id":"medical-227","name":"佐川内科医院","category_code":2,"category":"clinic","address":"藤沢市片瀬三丁目１６番６号","included_in_primary_distance":true,"source_year":2020},"geometry":{"type":"Point","coordinates":[139.48749077429926,35.31254768677363]},"id":"medical-227"},{"type":"Feature","properties":{"id":"medical-228","name":"佐藤クリニック","category_code":2,"category":"clinic","address":"藤沢市亀井野２５２０番地２５","included_in_primary_distance":true,"source_year":2020},"geometry":{"type":"Point","coordinates":[139.47564894824507,35.37783913742277]},"id":"medical-228"},{"type":"Feature","properties":{"id":"medical-229","name":"佐藤歯科","category_code":3,"category":"dental_clinic","address":"藤沢市村岡東一丁目１７番地１２","included_in_primary_distance":false,"source_year":2020},"geometry":{"type":"Point","coordinates":[139.50366381915094,35.33763168055752]},"id":"medical-229"},{"type":"Feature","properties":{"id":"medical-230","name":"佐藤歯科医院","category_code":3,"category":"dental_clinic","address":"藤沢市辻堂新町一丁目４番１６号","included_in_primary_distance":false,"source_year":2020},"geometry":{"type":"Point","coordinates":[139.45114442826818,35.33830429086629]},"id":"medical-230"},{"type":"Feature","properties":{"id":"medical-231","name":"元町歯科","category_code":3,"category":"dental_clinic","address":"藤沢市辻堂元町五丁目４番１１号","included_in_primary_distance":false,"source_year":2020},"geometry":{"type":"Point","coordinates":[139.45928731930616,35.331758639112095]},"id":"medical-231"},{"type":"Feature","properties":{"id":"medical-232","name":"六会眼科","category_code":2,"category":"clinic","address":"藤沢市亀井野二丁目１０番地７","included_in_primary_distance":true,"source_year":2020},"geometry":{"type":"Point","coordinates":[139.47266084206467,35.382909756191644]},"id":"medical-232"},{"type":"Feature","properties":{"id":"medical-233","name":"別府医院","category_code":2,"category":"clinic","address":"藤沢市鵠沼橘一丁目１番１号　第２外岡ビル５Ｆ","included_in_primary_distance":true,"source_year":2020},"geometry":{"type":"Point","coordinates":[139.48663694583033,35.3370330682226]},"id":"medical-233"},{"type":"Feature","properties":{"id":"medical-234","name":"加藤小児科","category_code":2,"category":"clinic","address":"藤沢市本鵠沼二丁目９番２５号","included_in_primary_distance":true,"source_year":2020},"geometry":{"type":"Point","coordinates":[139.47385825858356,35.33313857676008]},"id":"medical-234"},{"type":"Feature","properties":{"id":"medical-235","name":"加藤歯科","category_code":3,"category":"dental_clinic","address":"藤沢市辻堂東海岸二丁目１２番１８号","included_in_primary_distance":false,"source_year":2020},"geometry":{"type":"Point","coordinates":[139.45940225564186,35.32286217647745]},"id":"medical-235"},{"type":"Feature","properties":{"id":"medical-236","name":"勝俣内科医院","category_code":2,"category":"clinic","address":"藤沢市鵠沼橘一丁目４番１号　小山ビル２階２０１","included_in_primary_distance":true,"source_year":2020},"geometry":{"type":"Point","coordinates":[139.4853697824839,35.33490635489486]},"id":"medical-236"},{"type":"Feature","properties":{"id":"medical-237","name":"北村歯科医院","category_code":3,"category":"dental_clinic","address":"藤沢市鵠沼神明五丁目１３番１４号","included_in_primary_distance":false,"source_year":2020},"geometry":{"type":"Point","coordinates":[139.47157206245762,35.34655389891134]},"id":"medical-237"},{"type":"Feature","properties":{"id":"medical-238","name":"北見泌尿器科・皮フ科クリニック","category_code":2,"category":"clinic","address":"藤沢市遠藤８６１番地６","included_in_primary_distance":true,"source_year":2020},"geometry":{"type":"Point","coordinates":[139.43428619905853,35.37527565010573]},"id":"medical-238"},{"type":"Feature","properties":{"id":"medical-239","name":"医療法人　エヌ・エム・シー　野村クリニック","category_code":2,"category":"clinic","address":"藤沢市遠藤８６１番地６","included_in_primary_distance":true,"source_year":2020},"geometry":{"type":"Point","coordinates":[139.43434634907192,35.3752032716552]},"id":"medical-239"},{"type":"Feature","properties":{"id":"medical-240","name":"医療法人　丸山成一美容外科　ヒルズ美容クリニック","category_code":2,"category":"clinic","address":"藤沢市南藤沢２１番８号　大安興業ビル７階","included_in_primary_distance":true,"source_year":2020},"geometry":{"type":"Point","coordinates":[139.48791795951408,35.337179184314]},"id":"medical-240"},{"type":"Feature","properties":{"id":"medical-241","name":"医療法人　丸山成一美容外科　藤沢駅前ＡＧＡクリニック","category_code":2,"category":"clinic","address":"藤沢市南藤沢２０番２号　第一興産ビル２２号館５階","included_in_primary_distance":true,"source_year":2020},"geometry":{"type":"Point","coordinates":[139.48831016118214,35.33766607580404]},"id":"medical-241"},{"type":"Feature","properties":{"id":"medical-242","name":"医療法人よつ葉会　ゆめの森歯科　ふじさわ","category_code":3,"category":"dental_clinic","address":"藤沢市藤沢９６９番地１　グランドメゾン藤沢弐番館１０４号室","included_in_primary_distance":false,"source_year":2020},"geometry":{"type":"Point","coordinates":[139.48404778946357,35.34062452596222]},"id":"medical-242"},{"type":"Feature","properties":{"id":"medical-243","name":"医療法人博良会　湘南ファミリー歯科","category_code":3,"category":"dental_clinic","address":"藤沢市辻堂新町四丁目１番１号　湘南モールフィル１階","included_in_primary_distance":false,"source_year":2020},"geometry":{"type":"Point","coordinates":[139.46491609177764,35.33887325493657]},"id":"medical-243"},{"type":"Feature","properties":{"id":"medical-244","name":"医療法人及川内科医院","category_code":2,"category":"clinic","address":"藤沢市片瀬山四丁目６番４号","included_in_primary_distance":true,"source_year":2020},"geometry":{"type":"Point","coordinates":[139.49401595075713,35.321391449971536]},"id":"medical-244"},{"type":"Feature","properties":{"id":"medical-245","name":"医療法人喜望会　つじた脳神経外科","category_code":2,"category":"clinic","address":"藤沢市湘南台三丁目７番地１２　湘南台クリニックビル１階","included_in_primary_distance":true,"source_year":2020},"geometry":{"type":"Point","coordinates":[139.46294591570685,35.39476743713926]},"id":"medical-245"},{"type":"Feature","properties":{"id":"medical-246","name":"医療法人山内龍馬財団　山内病院","category_code":1,"category":"hospital","address":"藤沢市南藤沢４番６号","included_in_primary_distance":true,"source_year":2020},"geometry":{"type":"Point","coordinates":[139.49009479656505,35.33774999728048]},"id":"medical-246"},{"type":"Feature","properties":{"id":"medical-247","name":"医療法人山崎耳鼻咽喉科","category_code":2,"category":"clinic","address":"藤沢市湘南台一丁目１２番地１　Ｇ．Ｃ．ＳＨＯＮＡＮＮＤＡＩ６階","included_in_primary_distance":true,"source_year":2020},"geometry":{"type":"Point","coordinates":[139.46765812012234,35.396075588058814]},"id":"medical-247"},{"type":"Feature","properties":{"id":"medical-248","name":"医療法人徳洲会　湘南藤沢徳洲会病院","category_code":1,"category":"hospital","address":"藤沢市辻堂神台一丁目５番１号","included_in_primary_distance":true,"source_year":2020},"geometry":{"type":"Point","coordinates":[139.44524765697497,35.34113044012878]},"id":"medical-248"},{"type":"Feature","properties":{"id":"medical-249","name":"医療法人慈誠会　かすが整形外科","category_code":2,"category":"clinic","address":"藤沢市渡内四丁目５番８号","included_in_primary_distance":true,"source_year":2020},"geometry":{"type":"Point","coordinates":[139.50704158682814,35.34989281272601]},"id":"medical-249"},{"type":"Feature","properties":{"id":"medical-250","name":"医療法人湘南ＯＮ会　湘南藤沢おぬき消化器クリニック","category_code":2,"category":"clinic","address":"藤沢市藤沢６００番地　ＡＳＭｂｕｉｌｄｉｎｇ３階","included_in_primary_distance":true,"source_year":2020},"geometry":{"type":"Point","coordinates":[139.4870869821893,35.3403287821122]},"id":"medical-250"},{"type":"Feature","properties":{"id":"medical-251","name":"医療法人玉井会　湘南Ｃ−Ｘデンタルクリニック","category_code":3,"category":"dental_clinic","address":"藤沢市辻堂神台一丁目３番３９号　オザワビル４階４０１号室","included_in_primary_distance":false,"source_year":2020},"geometry":{"type":"Point","coordinates":[139.4481563533114,35.33974876082152]},"id":"medical-251"},{"type":"Feature","properties":{"id":"medical-252","name":"医療法人知真会　湘南真心クリニック","category_code":2,"category":"clinic","address":"藤沢市菖蒲沢１２２１番地２","included_in_primary_distance":true,"source_year":2020},"geometry":{"type":"Point","coordinates":[139.44249306595412,35.40017294821894]},"id":"medical-252"},{"type":"Feature","properties":{"id":"medical-253","name":"医療法人社団　エス・ジー・シー　櫻井胃腸科クリニック","category_code":2,"category":"clinic","address":"藤沢市遠藤８６３番地５","included_in_primary_distance":true,"source_year":2020},"geometry":{"type":"Point","coordinates":[139.43465978684583,35.3748904570181]},"id":"medical-253"},{"type":"Feature","properties":{"id":"medical-254","name":"医療法人社団　久善会　やのハートクリニック","category_code":2,"category":"clinic","address":"藤沢市藤沢１０９９番地５","included_in_primary_distance":true,"source_year":2020},"geometry":{"type":"Point","coordinates":[139.48118615383345,35.340910941241866]},"id":"medical-254"},{"type":"Feature","properties":{"id":"medical-255","name":"医療法人社団　健育会　湘南慶育病院","category_code":1,"category":"hospital","address":"藤沢市遠藤４３６０番地","included_in_primary_distance":true,"source_year":2020},"geometry":{"type":"Point","coordinates":[139.43123820388934,35.39095982349329]},"id":"medical-255"},{"type":"Feature","properties":{"id":"medical-256","name":"医療法人社団　凛湘会　さいとう矯正歯科医院","category_code":3,"category":"dental_clinic","address":"藤沢市湘南台二丁目３番地１　アルテミス湘南４階","included_in_primary_distance":false,"source_year":2020},"geometry":{"type":"Point","coordinates":[139.4649516206492,35.39681293840386]},"id":"medical-256"},{"type":"Feature","properties":{"id":"medical-257","name":"医療法人社団　実正会　のぐち江ノ島クリニック","category_code":2,"category":"clinic","address":"藤沢市片瀬海岸一丁目３番７号　リバーサイド・ドゥ・エム１階","included_in_primary_distance":true,"source_year":2020},"geometry":{"type":"Point","coordinates":[139.48678774599279,35.31122449765071]},"id":"medical-257"},{"type":"Feature","properties":{"id":"medical-258","name":"医療法人社団　松和会　湘南星和クリニック","category_code":2,"category":"clinic","address":"藤沢市遠藤６４１番地１４","included_in_primary_distance":true,"source_year":2020},"geometry":{"type":"Point","coordinates":[139.4352120067495,35.36952656620067]},"id":"medical-258"},{"type":"Feature","properties":{"id":"medical-259","name":"医療法人社団　松和会藤沢メディカルクリニック","category_code":2,"category":"clinic","address":"藤沢市鵠沼石上一丁目１２番１３号　ワンズ鵠沼ビル","included_in_primary_distance":true,"source_year":2020},"geometry":{"type":"Point","coordinates":[139.48713770315862,35.33516218857048]},"id":"medical-259"},{"type":"Feature","properties":{"id":"medical-260","name":"医療法人社団　藤順会　藤沢順天医院","category_code":2,"category":"clinic","address":"藤沢市鵠沼橘一丁目１７番１１号","included_in_primary_distance":true,"source_year":2020},"geometry":{"type":"Point","coordinates":[139.48580118833482,35.33749438543343]},"id":"medical-260"},{"type":"Feature","properties":{"id":"medical-261","name":"医療法人社団　青木内科","category_code":2,"category":"clinic","address":"藤沢市大庭５６８２番地９　ライフビル３Ｆ","included_in_primary_distance":true,"source_year":2020},"geometry":{"type":"Point","coordinates":[139.44457301408687,35.37028874584924]},"id":"medical-261"},{"type":"Feature","properties":{"id":"medical-262","name":"医療法人社団いしずえ　湘南敬愛病院","category_code":1,"category":"hospital","address":"藤沢市円行一丁目１３番地７","included_in_primary_distance":true,"source_year":2020},"geometry":{"type":"Point","coordinates":[139.4579695622777,35.387772262628076]},"id":"medical-262"},{"type":"Feature","properties":{"id":"medical-263","name":"医療法人社団みずしな整形外科","category_code":2,"category":"clinic","address":"藤沢市鵠沼海岸三丁目５番５号","included_in_primary_distance":true,"source_year":2020},"geometry":{"type":"Point","coordinates":[139.47014234050272,35.32101990466951]},"id":"medical-263"},{"type":"Feature","properties":{"id":"medical-264","name":"医療法人社団健由会　さくら歯科医院","category_code":3,"category":"dental_clinic","address":"藤沢市渡内四丁目５番１８号　渡内クリニックビル１０１","included_in_primary_distance":false,"source_year":2020},"geometry":{"type":"Point","coordinates":[139.5070556657143,35.34992214356715]},"id":"medical-264"},{"type":"Feature","properties":{"id":"medical-265","name":"医療法人社団加藤歯科クリニック","category_code":3,"category":"dental_clinic","address":"藤沢市弥勒寺三丁目１番７号　佐々木ビル２Ｆ","included_in_primary_distance":false,"source_year":2020},"geometry":{"type":"Point","coordinates":[139.498118917813,35.341312195537114]},"id":"medical-265"},{"type":"Feature","properties":{"id":"medical-266","name":"医療法人社団厚生会ルミネ藤沢歯科","category_code":3,"category":"dental_clinic","address":"藤沢市藤沢４３８番地１　ルミネプラザ７Ｆ","included_in_primary_distance":false,"source_year":2020},"geometry":{"type":"Point","coordinates":[139.48697252249326,35.33920919554663]},"id":"medical-266"},{"type":"Feature","properties":{"id":"medical-267","name":"医療法人社団善仁会藤沢湘南台クリニック","category_code":2,"category":"clinic","address":"藤沢市湘南台二丁目８番地１１","included_in_primary_distance":true,"source_year":2020},"geometry":{"type":"Point","coordinates":[139.46363059322297,35.39608638159353]},"id":"medical-267"},{"type":"Feature","properties":{"id":"medical-268","name":"医療法人社団善光会　湘南石川歯科クリニック","category_code":3,"category":"dental_clinic","address":"藤沢市石川六丁目２番地１　イトーヨーカドー湘南台店２階","included_in_primary_distance":false,"source_year":2020},"geometry":{"type":"Point","coordinates":[139.44688153414688,35.39241933723402]},"id":"medical-268"},{"type":"Feature","properties":{"id":"medical-269","name":"医療法人社団大津歯科医院","category_code":3,"category":"dental_clinic","address":"藤沢市高倉８７７番地","included_in_primary_distance":false,"source_year":2020},"geometry":{"type":"Point","coordinates":[139.46666398126882,35.416037498905546]},"id":"medical-269"},{"type":"Feature","properties":{"id":"medical-270","name":"医療法人社団小林内科医院","category_code":2,"category":"clinic","address":"藤沢市辻堂新町二丁目１７番２９号","included_in_primary_distance":true,"source_year":2020},"geometry":{"type":"Point","coordinates":[139.4547064418623,35.34143407764957]},"id":"medical-270"},{"type":"Feature","properties":{"id":"medical-271","name":"医療法人社団山岸クリニック","category_code":2,"category":"clinic","address":"藤沢市藤沢三丁目１番１８号","included_in_primary_distance":true,"source_year":2020},"geometry":{"type":"Point","coordinates":[139.4771138108008,35.34790493069805]},"id":"medical-271"},{"type":"Feature","properties":{"id":"medical-272","name":"医療法人社団巧和会　歯科おおやぎ","category_code":3,"category":"dental_clinic","address":"藤沢市辻堂二丁目１０番１号","included_in_primary_distance":false,"source_year":2020},"geometry":{"type":"Point","coordinates":[139.44696584252478,35.335336133049786]},"id":"medical-272"},{"type":"Feature","properties":{"id":"medical-273","name":"医療法人社団徳誠会　湘南台駅前歯科","category_code":3,"category":"dental_clinic","address":"藤沢市湘南台一丁目４番地１　小田急マルシェ湘南台１−２階","included_in_primary_distance":false,"source_year":2020},"geometry":{"type":"Point","coordinates":[139.46745035388682,35.39696127497043]},"id":"medical-273"},{"type":"Feature","properties":{"id":"medical-274","name":"医療法人社団恵信会　よしむら耳鼻咽喉科・内科・呼吸器内科","category_code":2,"category":"clinic","address":"藤沢市大庭５６８１番地１０　２Ｆ","included_in_primary_distance":true,"source_year":2020},"geometry":{"type":"Point","coordinates":[139.44312523963546,35.37015793590887]},"id":"medical-274"},{"type":"Feature","properties":{"id":"medical-275","name":"医療法人社団慈晃会　浅川小児科クリニック","category_code":2,"category":"clinic","address":"藤沢市大庭５６８２番地９　ライフビル２Ｆ","included_in_primary_distance":true,"source_year":2020},"geometry":{"type":"Point","coordinates":[139.44457301408687,35.37028874584924]},"id":"medical-275"},{"type":"Feature","properties":{"id":"medical-276","name":"医療法人社団放栄会　メディカルスキャニング藤沢","category_code":2,"category":"clinic","address":"藤沢市藤沢５３０番地１０","included_in_primary_distance":true,"source_year":2020},"geometry":{"type":"Point","coordinates":[139.48505067906723,35.34028611636725]},"id":"medical-276"},{"type":"Feature","properties":{"id":"medical-277","name":"医療法人社団敬誉会　関原歯科クリニック","category_code":3,"category":"dental_clinic","address":"藤沢市遠藤８６３番地５","included_in_primary_distance":false,"source_year":2020},"geometry":{"type":"Point","coordinates":[139.43465978684583,35.3748904570181]},"id":"medical-277"},{"type":"Feature","properties":{"id":"medical-278","name":"医療法人社団日坂会　テラスモール歯科クリニック","category_code":3,"category":"dental_clinic","address":"藤沢市辻堂神台一丁目３番１号　ＴｅｒｒａｃｅＭａｌｌ湘南３階","included_in_primary_distance":false,"source_year":2020},"geometry":{"type":"Point","coordinates":[139.44641727360354,35.33746365490779]},"id":"medical-278"},{"type":"Feature","properties":{"id":"medical-279","name":"医療法人社団明敬会　湘南藤沢歯科","category_code":3,"category":"dental_clinic","address":"藤沢市辻堂新町四丁目３番５号　ミスターマックス湘南藤沢ショッピングセンター２２４","included_in_primary_distance":false,"source_year":2020},"geometry":{"type":"Point","coordinates":[139.46464281899821,35.34030003084741]},"id":"medical-279"},{"type":"Feature","properties":{"id":"medical-280","name":"医療法人社団星谷歯科医院","category_code":3,"category":"dental_clinic","address":"藤沢市湘南台四丁目１番地１９","included_in_primary_distance":false,"source_year":2020},"geometry":{"type":"Point","coordinates":[139.46506481208885,35.39788933864831]},"id":"medical-280"},{"type":"Feature","properties":{"id":"medical-281","name":"医療法人社団杉山歯科医院","category_code":3,"category":"dental_clinic","address":"藤沢市辻堂二丁目４番２９号　辻堂サンビューハイツ２０１","included_in_primary_distance":false,"source_year":2020},"geometry":{"type":"Point","coordinates":[139.4441907145364,35.33627811834249]},"id":"medical-281"},{"type":"Feature","properties":{"id":"medical-282","name":"医療法人社団松和会望星藤沢クリニック","category_code":2,"category":"clinic","address":"藤沢市辻堂新町三丁目７番２０号","included_in_primary_distance":true,"source_year":2020},"geometry":{"type":"Point","coordinates":[139.4591123266726,35.339646606494256]},"id":"medical-282"},{"type":"Feature","properties":{"id":"medical-283","name":"医療法人社団栄友会　湘南ゆずクリニック","category_code":2,"category":"clinic","address":"藤沢市大庭５２２０番地２７","included_in_primary_distance":true,"source_year":2020},"geometry":{"type":"Point","coordinates":[139.45311147371615,35.35944401468313]},"id":"medical-283"},{"type":"Feature","properties":{"id":"medical-284","name":"医療法人社団桐英会　はじめクリニック","category_code":2,"category":"clinic","address":"藤沢市辻堂五丁目１８番９号","included_in_primary_distance":true,"source_year":2020},"geometry":{"type":"Point","coordinates":[139.45219040993433,35.328422932648515]},"id":"medical-284"},{"type":"Feature","properties":{"id":"medical-285","name":"医療法人社団橘桜会　橘内科","category_code":2,"category":"clinic","address":"藤沢市大庭５０６１番地８","included_in_primary_distance":true,"source_year":2020},"geometry":{"type":"Point","coordinates":[139.44503571254168,35.35867107002378]},"id":"medical-285"},{"type":"Feature","properties":{"id":"medical-286","name":"医療法人社団正拓会　湘南太平台病院","category_code":1,"category":"hospital","address":"藤沢市辻堂太平台二丁目１３番２７号","included_in_primary_distance":true,"source_year":2020},"geometry":{"type":"Point","coordinates":[139.4675788338677,35.334667416652586]},"id":"medical-286"},{"type":"Feature","properties":{"id":"medical-287","name":"医療法人社団永康会　湘南台じんクリニック","category_code":2,"category":"clinic","address":"藤沢市湘南台一丁目１０番地６　カルチャー湘南台ビル１階","included_in_primary_distance":true,"source_year":2020},"geometry":{"type":"Point","coordinates":[139.4691241389782,35.39675827070676]},"id":"medical-287"},{"type":"Feature","properties":{"id":"medical-288","name":"医療法人社団泰晴会　らいおん歯科クリニック　湘南台","category_code":3,"category":"dental_clinic","address":"藤沢市円行二丁目２７番地１","included_in_primary_distance":false,"source_year":2020},"geometry":{"type":"Point","coordinates":[139.45790457273145,35.39056062441211]},"id":"medical-288"},{"type":"Feature","properties":{"id":"medical-289","name":"医療法人社団海琉会のぼり歯科医院","category_code":3,"category":"dental_clinic","address":"藤沢市亀井野二丁目１番地１１","included_in_primary_distance":false,"source_year":2020},"geometry":{"type":"Point","coordinates":[139.47133926299986,35.38275201838981]},"id":"medical-289"},{"type":"Feature","properties":{"id":"medical-290","name":"医療法人社団清明会　湘南海岸眼科クリニック","category_code":2,"category":"clinic","address":"藤沢市片瀬四丁目１１番５号","included_in_primary_distance":true,"source_year":2020},"geometry":{"type":"Point","coordinates":[139.48395184957016,35.31423213555309]},"id":"medical-290"},{"type":"Feature","properties":{"id":"medical-291","name":"医療法人社団湘南薫風会　湘南台あかちゃんこどもクリニック","category_code":2,"category":"clinic","address":"藤沢市湘南台二丁目３番地１　アルテミス湘南２階","included_in_primary_distance":true,"source_year":2020},"geometry":{"type":"Point","coordinates":[139.4649516206492,35.39681293840386]},"id":"medical-291"},{"type":"Feature","properties":{"id":"medical-292","name":"医療法人社団湘洋　グリーン歯科","category_code":3,"category":"dental_clinic","address":"藤沢市大鋸１０８５番地１１","included_in_primary_distance":false,"source_year":2020},"geometry":{"type":"Point","coordinates":[139.49249651230832,35.35531419510136]},"id":"medical-292"},{"type":"Feature","properties":{"id":"medical-293","name":"医療法人社団理僚会　藤原歯科クリニック","category_code":3,"category":"dental_clinic","address":"藤沢市善行二丁目２０番地４　１Ｆ","included_in_primary_distance":false,"source_year":2020},"geometry":{"type":"Point","coordinates":[139.4692062869087,35.365276667248054]},"id":"medical-293"},{"type":"Feature","properties":{"id":"medical-294","name":"医療法人社団皓歯会　さがら歯科医院","category_code":3,"category":"dental_clinic","address":"藤沢市辻堂二丁目９番６号　国信ビル２階","included_in_primary_distance":false,"source_year":2020},"geometry":{"type":"Point","coordinates":[139.44698639380331,35.33618381609342]},"id":"medical-294"},{"type":"Feature","properties":{"id":"medical-295","name":"医療法人社団耳鼻咽喉科はしもとクリニック","category_code":2,"category":"clinic","address":"藤沢市南藤沢２０番２０号　カシワヤビル４Ｆ","included_in_primary_distance":true,"source_year":2020},"geometry":{"type":"Point","coordinates":[139.48826293332803,35.33722474041497]},"id":"medical-295"},{"type":"Feature","properties":{"id":"medical-296","name":"医療法人社団芳晴会　愛児レディースクリニック","category_code":2,"category":"clinic","address":"藤沢市遠藤２９５７番地１","included_in_primary_distance":true,"source_year":2020},"geometry":{"type":"Point","coordinates":[139.4401505087025,35.38933924173508]},"id":"medical-296"},{"type":"Feature","properties":{"id":"medical-297","name":"医療法人社団藤栄会　湘南台中央デンタルクリニック","category_code":3,"category":"dental_clinic","address":"藤沢市湘南台一丁目６番地７　小宮ビル１階Ａ室","included_in_primary_distance":false,"source_year":2020},"geometry":{"type":"Point","coordinates":[139.4692210758796,35.397882814754546]},"id":"medical-297"},{"type":"Feature","properties":{"id":"medical-298","name":"医療法人社団角理会　鵠沼アルカディア歯科","category_code":3,"category":"dental_clinic","address":"藤沢市鵠沼石上一丁目１番１５号　藤沢リラ１Ｆ","included_in_primary_distance":false,"source_year":2020},"geometry":{"type":"Point","coordinates":[139.48685163371152,35.336172342332134]},"id":"medical-298"},{"type":"Feature","properties":{"id":"medical-299","name":"医療法人社団道心会　辻堂内科診療所","category_code":2,"category":"clinic","address":"藤沢市辻堂二丁目１２番１３号","included_in_primary_distance":true,"source_year":2020},"geometry":{"type":"Point","coordinates":[139.4470322312399,35.333642992716726]},"id":"medical-299"},{"type":"Feature","properties":{"id":"medical-300","name":"医療法人社団門山医院","category_code":2,"category":"clinic","address":"藤沢市立石三丁目３２０３番地８","included_in_primary_distance":true,"source_year":2020},"geometry":{"type":"Point","coordinates":[139.48166028452843,35.365338360895535]},"id":"medical-300"},{"type":"Feature","properties":{"id":"medical-301","name":"医療法人社団関根耳鼻咽喉科医院","category_code":2,"category":"clinic","address":"藤沢市大庭５０９９番地１","included_in_primary_distance":true,"source_year":2020},"geometry":{"type":"Point","coordinates":[139.44514291835333,35.35811141351047]},"id":"medical-301"},{"type":"Feature","properties":{"id":"medical-302","name":"医療法人社団ＡＢＥ　阿部歯科ＣＴクリニック","category_code":3,"category":"dental_clinic","address":"藤沢市辻堂神台一丁目２番１２号　Ｌｕｚ湘南辻堂５階","included_in_primary_distance":false,"source_year":2020},"geometry":{"type":"Point","coordinates":[139.4481238330633,35.33841889784492]},"id":"medical-302"},{"type":"Feature","properties":{"id":"medical-303","name":"医療法人社団ＴＡＳ長後整形外科","category_code":2,"category":"clinic","address":"藤沢市長後７０６番地　ゴールドエイジ藤沢１０５号","included_in_primary_distance":true,"source_year":2020},"geometry":{"type":"Point","coordinates":[139.46609262479922,35.41488818366152]},"id":"medical-303"},{"type":"Feature","properties":{"id":"medical-304","name":"医療法人祐涼会　神谷デンタルオフィス","category_code":3,"category":"dental_clinic","address":"藤沢市南藤沢７番２号　沢滝ビル１Ｆ","included_in_primary_distance":false,"source_year":2020},"geometry":{"type":"Point","coordinates":[139.49065914490654,35.3377883246898]},"id":"medical-304"},{"type":"Feature","properties":{"id":"medical-305","name":"医療法人誠翔会　セントジョージクリニック","category_code":2,"category":"clinic","address":"藤沢市遠藤６２１５番地","included_in_primary_distance":true,"source_year":2020},"geometry":{"type":"Point","coordinates":[139.43370692423468,35.388241136319024]},"id":"medical-305"},{"type":"Feature","properties":{"id":"medical-306","name":"医療法人誠翔会　中沢内科医院","category_code":2,"category":"clinic","address":"藤沢市湘南台二丁目１８番地３","included_in_primary_distance":true,"source_year":2020},"geometry":{"type":"Point","coordinates":[139.46595461461519,35.39372096681057]},"id":"medical-306"},{"type":"Feature","properties":{"id":"medical-307","name":"医療法人長谷川会湘南ホスピタル","category_code":1,"category":"hospital","address":"藤沢市辻堂三丁目１０番２号","included_in_primary_distance":true,"source_year":2020},"geometry":{"type":"Point","coordinates":[139.4442115824807,35.33296488186059]},"id":"medical-307"},{"type":"Feature","properties":{"id":"medical-308","name":"医療法人ＭＡＫ　トミタ歯科医院","category_code":3,"category":"dental_clinic","address":"藤沢市湘南台二丁目４番地１　６３田中ビル２Ｆ・２Ｂ・２Ｃ・２Ｄ号室","included_in_primary_distance":false,"source_year":2020},"geometry":{"type":"Point","coordinates":[139.46521886306851,35.39640028247233]},"id":"medical-308"},{"type":"Feature","properties":{"id":"medical-309","name":"医療法人ＭＥ会　木村歯科医院","category_code":3,"category":"dental_clinic","address":"藤沢市辻堂新町二丁目５番１５号","included_in_primary_distance":false,"source_year":2020},"geometry":{"type":"Point","coordinates":[139.4573870091781,35.33887721967971]},"id":"medical-309"},{"type":"Feature","properties":{"id":"medical-310","name":"医療生協かながわ生活協同組合藤沢診療所","category_code":2,"category":"clinic","address":"藤沢市藤沢８５４番地４","included_in_primary_distance":true,"source_year":2020},"geometry":{"type":"Point","coordinates":[139.48562830611678,35.344625173324424]},"id":"medical-310"},{"type":"Feature","properties":{"id":"medical-311","name":"千葉歯科医院","category_code":3,"category":"dental_clinic","address":"藤沢市遠藤３５９０番地１６","included_in_primary_distance":false,"source_year":2020},"geometry":{"type":"Point","coordinates":[139.4410583424729,35.394393096071035]},"id":"medical-311"},{"type":"Feature","properties":{"id":"medical-312","name":"南口眼科診療所","category_code":2,"category":"clinic","address":"藤沢市南藤沢２２番２号　春日ビル３階","included_in_primary_distance":true,"source_year":2020},"geometry":{"type":"Point","coordinates":[139.48692900277746,35.33812383352575]},"id":"medical-312"},{"type":"Feature","properties":{"id":"medical-313","name":"南藤沢クリニック","category_code":2,"category":"clinic","address":"藤沢市南藤沢２１番８号　大安興業ビル５Ｆ","included_in_primary_distance":true,"source_year":2020},"geometry":{"type":"Point","coordinates":[139.48791795951408,35.337179184314]},"id":"medical-313"},{"type":"Feature","properties":{"id":"medical-314","name":"南藤沢眼科クリニック","category_code":2,"category":"clinic","address":"藤沢市南藤沢２０番６号","included_in_primary_distance":true,"source_year":2020},"geometry":{"type":"Point","coordinates":[139.4886619964714,35.33739633736542]},"id":"medical-314"},{"type":"Feature","properties":{"id":"medical-315","name":"吉野歯科医院","category_code":3,"category":"dental_clinic","address":"藤沢市弥勒寺三丁目４番３号","included_in_primary_distance":false,"source_year":2020},"geometry":{"type":"Point","coordinates":[139.4979242220833,35.342205968639576]},"id":"medical-315"},{"type":"Feature","properties":{"id":"medical-316","name":"呉クリニック","category_code":2,"category":"clinic","address":"藤沢市鵠沼松が岡三丁目２４番２３号","included_in_primary_distance":true,"source_year":2020},"geometry":{"type":"Point","coordinates":[139.47243545562802,35.32064417368182]},"id":"medical-316"},{"type":"Feature","properties":{"id":"medical-317","name":"和田歯科","category_code":3,"category":"dental_clinic","address":"藤沢市高倉６４５番地","included_in_primary_distance":false,"source_year":2020},"geometry":{"type":"Point","coordinates":[139.46738027371705,35.412308052137604]},"id":"medical-317"},{"type":"Feature","properties":{"id":"medical-318","name":"善行すずき眼科","category_code":2,"category":"clinic","address":"藤沢市善行一丁目２２番１１号","included_in_primary_distance":true,"source_year":2020},"geometry":{"type":"Point","coordinates":[139.471473689342,35.362991826293694]},"id":"medical-318"},{"type":"Feature","properties":{"id":"medical-319","name":"善行クリニック","category_code":2,"category":"clinic","address":"藤沢市善行六丁目１６番地２１","included_in_primary_distance":true,"source_year":2020},"geometry":{"type":"Point","coordinates":[139.47866719610803,35.365670815600886]},"id":"medical-319"},{"type":"Feature","properties":{"id":"medical-320","name":"善行団地ファミリー歯科","category_code":3,"category":"dental_clinic","address":"藤沢市善行団地３番１６〜２号","included_in_primary_distance":false,"source_year":2020},"geometry":{"type":"Point","coordinates":[139.46497775474342,35.36724612416173]},"id":"medical-320"},{"type":"Feature","properties":{"id":"medical-321","name":"善行団地石川医院","category_code":2,"category":"clinic","address":"藤沢市善行団地三丁目１６番１号","included_in_primary_distance":true,"source_year":2020},"geometry":{"type":"Point","coordinates":[139.46497829071396,35.367246712647635]},"id":"medical-321"},{"type":"Feature","properties":{"id":"medical-322","name":"四ツ谷クリニック","category_code":2,"category":"clinic","address":"藤沢市羽鳥一丁目６番１６号","included_in_primary_distance":true,"source_year":2020},"geometry":{"type":"Point","coordinates":[139.44975272962157,35.34608120510734]},"id":"medical-322"},{"type":"Feature","properties":{"id":"medical-323","name":"坂本歯科","category_code":3,"category":"dental_clinic","address":"藤沢市南藤沢２０番１５号　第一興産１８号館３Ｆ","included_in_primary_distance":false,"source_year":2020},"geometry":{"type":"Point","coordinates":[139.48894839395209,35.33701914886083]},"id":"medical-323"},{"type":"Feature","properties":{"id":"medical-324","name":"坂本眼科湘南クリニック","category_code":2,"category":"clinic","address":"藤沢市辻堂太平台一丁目３番１号","included_in_primary_distance":true,"source_year":2020},"geometry":{"type":"Point","coordinates":[139.45903205558685,35.330776519492176]},"id":"medical-324"},{"type":"Feature","properties":{"id":"medical-325","name":"城戸歯科クリニック","category_code":3,"category":"dental_clinic","address":"藤沢市下土棚５４０番地","included_in_primary_distance":false,"source_year":2020},"geometry":{"type":"Point","coordinates":[139.4622943572606,35.40984083584332]},"id":"medical-325"},{"type":"Feature","properties":{"id":"medical-326","name":"堀田歯科医院","category_code":3,"category":"dental_clinic","address":"藤沢市藤沢１０２５番地","included_in_primary_distance":false,"source_year":2020},"geometry":{"type":"Point","coordinates":[139.4830630207977,35.340545822015976]},"id":"medical-326"},{"type":"Feature","properties":{"id":"medical-327","name":"増山眼科医院","category_code":2,"category":"clinic","address":"藤沢市藤沢５５６番地","included_in_primary_distance":true,"source_year":2020},"geometry":{"type":"Point","coordinates":[139.48773451559688,35.34055317609895]},"id":"medical-327"},{"type":"Feature","properties":{"id":"medical-328","name":"大庭台歯科医院","category_code":3,"category":"dental_clinic","address":"藤沢市大庭５０６９番地１","included_in_primary_distance":false,"source_year":2020},"geometry":{"type":"Point","coordinates":[139.4437834383565,35.35621991241653]},"id":"medical-328"},{"type":"Feature","properties":{"id":"medical-329","name":"大庭歯科医院","category_code":3,"category":"dental_clinic","address":"藤沢市湘南台二丁目１１番地６　青木ビル１０３号室","included_in_primary_distance":false,"source_year":2020},"geometry":{"type":"Point","coordinates":[139.4651904978947,35.39510600535033]},"id":"medical-329"},{"type":"Feature","properties":{"id":"medical-330","name":"大森歯科医院","category_code":3,"category":"dental_clinic","address":"藤沢市藤沢４６０番地","included_in_primary_distance":false,"source_year":2020},"geometry":{"type":"Point","coordinates":[139.4864836113051,35.33954136840472]},"id":"medical-330"},{"type":"Feature","properties":{"id":"medical-331","name":"大谷歯科医院","category_code":3,"category":"dental_clinic","address":"藤沢市鵠沼藤が谷三丁目１１番１９号","included_in_primary_distance":false,"source_year":2020},"geometry":{"type":"Point","coordinates":[139.4817812962949,35.32164620229253]},"id":"medical-331"},{"type":"Feature","properties":{"id":"medical-332","name":"天野皮ふ科医院","category_code":2,"category":"clinic","address":"藤沢市辻堂元町三丁目１１番５号","included_in_primary_distance":true,"source_year":2020},"geometry":{"type":"Point","coordinates":[139.45057110761522,35.33343369670788]},"id":"medical-332"},{"type":"Feature","properties":{"id":"medical-333","name":"奥医院","category_code":2,"category":"clinic","address":"藤沢市辻堂東海岸四丁目１３番３号","included_in_primary_distance":true,"source_year":2020},"geometry":{"type":"Point","coordinates":[139.45831567863556,35.32099819346337]},"id":"medical-333"},{"type":"Feature","properties":{"id":"medical-334","name":"宮岡脳神経外科","category_code":2,"category":"clinic","address":"藤沢市藤沢一丁目３番９号","included_in_primary_distance":true,"source_year":2020},"geometry":{"type":"Point","coordinates":[139.4819311666935,35.347934991841235]},"id":"medical-334"},{"type":"Feature","properties":{"id":"medical-335","name":"宮川医院","category_code":2,"category":"clinic","address":"藤沢市本鵠沼二丁目９番２５号","included_in_primary_distance":true,"source_year":2020},"geometry":{"type":"Point","coordinates":[139.47385825858356,35.33313857676008]},"id":"medical-335"},{"type":"Feature","properties":{"id":"medical-336","name":"宮本内科消化器科クリニック","category_code":2,"category":"clinic","address":"藤沢市菖蒲沢６１１番地","included_in_primary_distance":true,"source_year":2020},"geometry":{"type":"Point","coordinates":[139.43531031202443,35.402930496110365]},"id":"medical-336"},{"type":"Feature","properties":{"id":"medical-337","name":"富田歯科医院","category_code":3,"category":"dental_clinic","address":"藤沢市菖蒲沢４７６番地","included_in_primary_distance":false,"source_year":2020},"geometry":{"type":"Point","coordinates":[139.4389583889887,35.399091219543294]},"id":"medical-337"},{"type":"Feature","properties":{"id":"medical-338","name":"小原歯科医院","category_code":3,"category":"dental_clinic","address":"藤沢市湘南台一丁目６番地１　西村ビル２Ｆ","included_in_primary_distance":false,"source_year":2020},"geometry":{"type":"Point","coordinates":[139.46823641498128,35.39773365914093]},"id":"medical-338"},{"type":"Feature","properties":{"id":"medical-339","name":"小守デンタルオフィス","category_code":3,"category":"dental_clinic","address":"藤沢市辻堂二丁目７番１４号","included_in_primary_distance":false,"source_year":2020},"geometry":{"type":"Point","coordinates":[139.44596117470783,35.33639402343011]},"id":"medical-339"},{"type":"Feature","properties":{"id":"medical-340","name":"小島歯科医院","category_code":3,"category":"dental_clinic","address":"藤沢市藤沢５５５番地　８階","included_in_primary_distance":false,"source_year":2020},"geometry":{"type":"Point","coordinates":[139.48714890742295,35.339671919542695]},"id":"medical-340"},{"type":"Feature","properties":{"id":"medical-341","name":"小林クリニック","category_code":2,"category":"clinic","address":"藤沢市湘南台三丁目７番地１２","included_in_primary_distance":true,"source_year":2020},"geometry":{"type":"Point","coordinates":[139.46294591570685,35.39476743713926]},"id":"medical-341"},{"type":"Feature","properties":{"id":"medical-342","name":"小林内科医院","category_code":2,"category":"clinic","address":"藤沢市鵠沼桜が岡四丁目１５番２８号","included_in_primary_distance":true,"source_year":2020},"geometry":{"type":"Point","coordinates":[139.47653186988518,35.3303386765454]},"id":"medical-342"},{"type":"Feature","properties":{"id":"medical-343","name":"小林小児クリニック","category_code":2,"category":"clinic","address":"藤沢市辻堂四丁目６番１４号　湘南桜井ビルⅢ　１０３","included_in_primary_distance":true,"source_year":2020},"geometry":{"type":"Point","coordinates":[139.4476444106521,35.330501980231794]},"id":"medical-343"},{"type":"Feature","properties":{"id":"medical-344","name":"小林整形外科・外科","category_code":2,"category":"clinic","address":"藤沢市湘南台五丁目７番地１７","included_in_primary_distance":true,"source_year":2020},"geometry":{"type":"Point","coordinates":[139.4667206732299,35.399227560261615]},"id":"medical-344"},{"type":"Feature","properties":{"id":"medical-345","name":"小林皮ふ科クリニック","category_code":2,"category":"clinic","address":"藤沢市藤沢９６６番地３","included_in_primary_distance":true,"source_year":2020},"geometry":{"type":"Point","coordinates":[139.48431102232917,35.341060791408744]},"id":"medical-345"},{"type":"Feature","properties":{"id":"medical-346","name":"小池クリニック","category_code":2,"category":"clinic","address":"藤沢市並木台二丁目１０番地１５","included_in_primary_distance":true,"source_year":2020},"geometry":{"type":"Point","coordinates":[139.5017255156428,35.35321352987728]},"id":"medical-346"},{"type":"Feature","properties":{"id":"medical-347","name":"小池歯科医院","category_code":3,"category":"dental_clinic","address":"藤沢市鵠沼橘一丁目３番１９号　１０１","included_in_primary_distance":false,"source_year":2020},"geometry":{"type":"Point","coordinates":[139.4856397832406,35.33611316109725]},"id":"medical-347"},{"type":"Feature","properties":{"id":"medical-348","name":"小笠原歯科クリニック","category_code":3,"category":"dental_clinic","address":"藤沢市用田６３７番地１　西山ビル２Ｆ","included_in_primary_distance":false,"source_year":2020},"geometry":{"type":"Point","coordinates":[139.4163283560945,35.40412280393635]},"id":"medical-348"},{"type":"Feature","properties":{"id":"medical-349","name":"小笠原歯科医院","category_code":3,"category":"dental_clinic","address":"藤沢市片瀬三丁目１番３９号","included_in_primary_distance":false,"source_year":2020},"geometry":{"type":"Point","coordinates":[139.48598868026895,35.316341645159206]},"id":"medical-349"},{"type":"Feature","properties":{"id":"medical-350","name":"小西歯科医院","category_code":3,"category":"dental_clinic","address":"藤沢市辻堂三丁目３番８号","included_in_primary_distance":false,"source_year":2020},"geometry":{"type":"Point","coordinates":[139.4473208272002,35.33041725608727]},"id":"medical-350"},{"type":"Feature","properties":{"id":"medical-351","name":"小野整形外科","category_code":2,"category":"clinic","address":"藤沢市大鋸一丁目２番１８号　ＮＫビル２Ｆ","included_in_primary_distance":true,"source_year":2020},"geometry":{"type":"Point","coordinates":[139.4943158358323,35.33970037488789]},"id":"medical-351"},{"type":"Feature","properties":{"id":"medical-352","name":"小野歯科医院","category_code":3,"category":"dental_clinic","address":"藤沢市善行一丁目２５番地１２","included_in_primary_distance":false,"source_year":2020},"geometry":{"type":"Point","coordinates":[139.4721068647535,35.363213325339046]},"id":"medical-352"},{"type":"Feature","properties":{"id":"medical-353","name":"小野歯科医院","category_code":3,"category":"dental_clinic","address":"藤沢市片瀬海岸一丁目３番２０号","included_in_primary_distance":false,"source_year":2020},"geometry":{"type":"Point","coordinates":[139.4867013653573,35.3114328047187]},"id":"medical-353"},{"type":"Feature","properties":{"id":"medical-354","name":"小野田歯科医院","category_code":3,"category":"dental_clinic","address":"藤沢市藤沢５３７番地","included_in_primary_distance":false,"source_year":2020},"geometry":{"type":"Point","coordinates":[139.48502842081552,35.34093434246793]},"id":"medical-354"},{"type":"Feature","properties":{"id":"medical-355","name":"尾崎クリニック","category_code":2,"category":"clinic","address":"藤沢市鵠沼東１番１号　玉半ビル２Ｆ","included_in_primary_distance":true,"source_year":2020},"geometry":{"type":"Point","coordinates":[139.49030468770943,35.336236632600055]},"id":"medical-355"},{"type":"Feature","properties":{"id":"medical-356","name":"山下湘南夢クリニック","category_code":2,"category":"clinic","address":"藤沢市鵠沼石上一丁目２番１０号　ウェルビーズ藤沢４階","included_in_primary_distance":true,"source_year":2020},"geometry":{"type":"Point","coordinates":[139.4877568346096,35.33587128267831]},"id":"medical-356"},{"type":"Feature","properties":{"id":"medical-357","name":"山内病院付属　藤沢スマートタウンクリニック","category_code":2,"category":"clinic","address":"藤沢市辻堂元町六丁目１７番１号　Ｗｅｌｌｎｅｓｓ　ＳＱＵＡＲＥ　南館１Ｆ","included_in_primary_distance":true,"source_year":2020},"geometry":{"type":"Point","coordinates":[139.4637083594396,35.33641989153335]},"id":"medical-357"},{"type":"Feature","properties":{"id":"medical-358","name":"山口クリニック","category_code":2,"category":"clinic","address":"藤沢市高倉２３３２番地１","included_in_primary_distance":true,"source_year":2020},"geometry":{"type":"Point","coordinates":[139.4693803053931,35.41705747973567]},"id":"medical-358"},{"type":"Feature","properties":{"id":"medical-359","name":"山崎クリニック","category_code":2,"category":"clinic","address":"藤沢市辻堂新町一丁目１番１５号　２Ｆ","included_in_primary_distance":true,"source_year":2020},"geometry":{"type":"Point","coordinates":[139.44877267273776,35.33849918945714]},"id":"medical-359"},{"type":"Feature","properties":{"id":"medical-360","name":"山崎歯科医院","category_code":3,"category":"dental_clinic","address":"藤沢市長後６７９番地１　シャトル湘南２Ｆ","included_in_primary_distance":false,"source_year":2020},"geometry":{"type":"Point","coordinates":[139.46549729214408,35.4150720934902]},"id":"medical-360"},{"type":"Feature","properties":{"id":"medical-361","name":"山崎歯科医院","category_code":3,"category":"dental_clinic","address":"藤沢市善行六丁目１６番２１号　善行クリニック２Ｆ","included_in_primary_distance":false,"source_year":2020},"geometry":{"type":"Point","coordinates":[139.47866719610803,35.365670815600886]},"id":"medical-361"},{"type":"Feature","properties":{"id":"medical-362","name":"山川医院","category_code":2,"category":"clinic","address":"藤沢市藤沢５４１番地","included_in_primary_distance":true,"source_year":2020},"geometry":{"type":"Point","coordinates":[139.48594431851626,35.34070818403593]},"id":"medical-362"},{"type":"Feature","properties":{"id":"medical-363","name":"山川歯科医院","category_code":3,"category":"dental_clinic","address":"藤沢市藤沢５４１番地","included_in_primary_distance":false,"source_year":2020},"geometry":{"type":"Point","coordinates":[139.48596481867267,35.34073980394876]},"id":"medical-363"},{"type":"Feature","properties":{"id":"medical-364","name":"山本内科クリニック","category_code":2,"category":"clinic","address":"藤沢市善行一丁目２５番地１５　ＴＹビル１Ｆ","included_in_primary_distance":true,"source_year":2020},"geometry":{"type":"Point","coordinates":[139.47231573422033,35.36296030083316]},"id":"medical-364"},{"type":"Feature","properties":{"id":"medical-365","name":"山本歯科医院","category_code":3,"category":"dental_clinic","address":"藤沢市下土棚５１０番地１　シコービル４Ｆ","included_in_primary_distance":false,"source_year":2020},"geometry":{"type":"Point","coordinates":[139.464645576477,35.41272203947664]},"id":"medical-365"},{"type":"Feature","properties":{"id":"medical-366","name":"山田医院","category_code":2,"category":"clinic","address":"藤沢市辻堂西海岸二丁目１０番６号","included_in_primary_distance":true,"source_year":2020},"geometry":{"type":"Point","coordinates":[139.44331973747668,35.32524045057553]},"id":"medical-366"},{"type":"Feature","properties":{"id":"medical-367","name":"山﨑メンタルクリニック","category_code":2,"category":"clinic","address":"藤沢市辻堂一丁目１番１０号　ナガセビル２階","included_in_primary_distance":true,"source_year":2020},"geometry":{"type":"Point","coordinates":[139.44846461184449,35.33680935469282]},"id":"medical-367"},{"type":"Feature","properties":{"id":"medical-368","name":"山﨑脳神経外科クリニック","category_code":2,"category":"clinic","address":"藤沢市善行一丁目２０番地６","included_in_primary_distance":true,"source_year":2020},"geometry":{"type":"Point","coordinates":[139.47028979686564,35.36378546425241]},"id":"medical-368"},{"type":"Feature","properties":{"id":"medical-369","name":"岩屋歯科医院","category_code":3,"category":"dental_clinic","address":"藤沢市辻堂元町一丁目６番２１号","included_in_primary_distance":false,"source_year":2020},"geometry":{"type":"Point","coordinates":[139.45115744954637,35.33619896055046]},"id":"medical-369"},{"type":"Feature","properties":{"id":"medical-370","name":"岩崎クリニック","category_code":2,"category":"clinic","address":"藤沢市弥勒寺三丁目１６番４号","included_in_primary_distance":true,"source_year":2020},"geometry":{"type":"Point","coordinates":[139.50173758079472,35.34098982616445]},"id":"medical-370"},{"type":"Feature","properties":{"id":"medical-371","name":"島田歯科クリニック","category_code":3,"category":"dental_clinic","address":"藤沢市鵠沼海岸四丁目９番１号","included_in_primary_distance":false,"source_year":2020},"geometry":{"type":"Point","coordinates":[139.46194866537405,35.31985093270889]},"id":"medical-371"},{"type":"Feature","properties":{"id":"medical-372","name":"川村歯科クリニック","category_code":3,"category":"dental_clinic","address":"藤沢市鵠沼石上一丁目８番５号　フェリーチェ１Ｆ","included_in_primary_distance":false,"source_year":2020},"geometry":{"type":"Point","coordinates":[139.48853760931905,35.336018779144865]},"id":"medical-372"},{"type":"Feature","properties":{"id":"medical-373","name":"川田デンタルクリニック","category_code":3,"category":"dental_clinic","address":"藤沢市湘南台二丁目２７番地１５　東永ビル３０２","included_in_primary_distance":false,"source_year":2020},"geometry":{"type":"Point","coordinates":[139.46729453099718,35.39358682643008]},"id":"medical-373"},{"type":"Feature","properties":{"id":"medical-374","name":"工藤メンタルクリニック","category_code":2,"category":"clinic","address":"藤沢市藤沢６００番地　ＡＳＭｂｕｌｄｉｎｇ４階Ａ号","included_in_primary_distance":true,"source_year":2020},"geometry":{"type":"Point","coordinates":[139.4870869821893,35.3403287821122]},"id":"medical-374"},{"type":"Feature","properties":{"id":"medical-375","name":"工藤歯科医院","category_code":3,"category":"dental_clinic","address":"藤沢市羽鳥二丁目１１番１５号","included_in_primary_distance":false,"source_year":2020},"geometry":{"type":"Point","coordinates":[139.45431572011194,35.34531087265999]},"id":"medical-375"},{"type":"Feature","properties":{"id":"medical-376","name":"平野歯科医院","category_code":3,"category":"dental_clinic","address":"藤沢市藤沢２２２番地　エクセルシオール藤沢２０１号室","included_in_primary_distance":false,"source_year":2020},"geometry":{"type":"Point","coordinates":[139.4885796986849,35.343092078998296]},"id":"medical-376"},{"type":"Feature","properties":{"id":"medical-377","name":"広本クリニック","category_code":2,"category":"clinic","address":"藤沢市藤沢２２１番地１","included_in_primary_distance":true,"source_year":2020},"geometry":{"type":"Point","coordinates":[139.48815373078017,35.343326117128306]},"id":"medical-377"},{"type":"Feature","properties":{"id":"medical-378","name":"彩クリニック南藤沢","category_code":2,"category":"clinic","address":"藤沢市南藤沢２０番１８号　長塚第一ビル４ＦＡ","included_in_primary_distance":true,"source_year":2020},"geometry":{"type":"Point","coordinates":[139.48858929597318,35.33729131766179]},"id":"medical-378"},{"type":"Feature","properties":{"id":"medical-379","name":"後藤内科医院","category_code":2,"category":"clinic","address":"藤沢市藤沢一丁目３番５号","included_in_primary_distance":true,"source_year":2020},"geometry":{"type":"Point","coordinates":[139.4827113738966,35.34774835831382]},"id":"medical-379"},{"type":"Feature","properties":{"id":"medical-380","name":"御所見歯科医院","category_code":3,"category":"dental_clinic","address":"藤沢市獺郷１８２番地１","included_in_primary_distance":false,"source_year":2020},"geometry":{"type":"Point","coordinates":[139.40816516414168,35.394398521014075]},"id":"medical-380"},{"type":"Feature","properties":{"id":"medical-381","name":"御所見総合クリニック","category_code":2,"category":"clinic","address":"藤沢市獺郷１８８番地","included_in_primary_distance":true,"source_year":2020},"geometry":{"type":"Point","coordinates":[139.40918346714327,35.39523839617685]},"id":"medical-381"},{"type":"Feature","properties":{"id":"medical-382","name":"心臓クリニック藤沢六会","category_code":2,"category":"clinic","address":"藤沢市亀井野二丁目７番１号","included_in_primary_distance":true,"source_year":2020},"geometry":{"type":"Point","coordinates":[139.4734366235562,35.3829627922917]},"id":"medical-382"},{"type":"Feature","properties":{"id":"medical-383","name":"慶應義塾湘南藤沢診療所","category_code":2,"category":"clinic","address":"藤沢市遠藤５３２２番地　慶応義塾大学内","included_in_primary_distance":true,"source_year":2020},"geometry":{"type":"Point","coordinates":[139.42695602629828,35.388176924160376]},"id":"medical-383"},{"type":"Feature","properties":{"id":"medical-384","name":"日本精工桐原事業所健康推進室","category_code":2,"category":"clinic","address":"藤沢市桐原町１２番地","included_in_primary_distance":true,"source_year":2020},"geometry":{"type":"Point","coordinates":[139.45396099911218,35.38881568105039]},"id":"medical-384"},{"type":"Feature","properties":{"id":"medical-385","name":"日本精工藤沢健康推進室","category_code":2,"category":"clinic","address":"藤沢市鵠沼神明一丁目５番５０号","included_in_primary_distance":true,"source_year":2020},"geometry":{"type":"Point","coordinates":[139.47761445901548,35.34030945860776]},"id":"medical-385"},{"type":"Feature","properties":{"id":"medical-386","name":"早稲田医院","category_code":2,"category":"clinic","address":"藤沢市本鵠沼四丁目７番４号","included_in_primary_distance":true,"source_year":2020},"geometry":{"type":"Point","coordinates":[139.47059075233952,35.3317420012151]},"id":"medical-386"},{"type":"Feature","properties":{"id":"medical-387","name":"昌内科医院","category_code":2,"category":"clinic","address":"藤沢市藤沢１００６番地１　１階","included_in_primary_distance":true,"source_year":2020},"geometry":{"type":"Point","coordinates":[139.48315336828884,35.342093974331384]},"id":"medical-387"},{"type":"Feature","properties":{"id":"medical-388","name":"明石医院","category_code":2,"category":"clinic","address":"藤沢市湘南台七丁目１５番地１４","included_in_primary_distance":true,"source_year":2020},"geometry":{"type":"Point","coordinates":[139.47204506633037,35.39764399621398]},"id":"medical-388"},{"type":"Feature","properties":{"id":"medical-389","name":"望月デンタルクリニック","category_code":3,"category":"dental_clinic","address":"藤沢市藤沢１０６１番地３","included_in_primary_distance":false,"source_year":2020},"geometry":{"type":"Point","coordinates":[139.4825548313054,35.342300475798886]},"id":"medical-389"},{"type":"Feature","properties":{"id":"medical-390","name":"朝倉医院泌尿器科","category_code":2,"category":"clinic","address":"藤沢市藤沢６００番地　ＡＳＭビル１Ｆ","included_in_primary_distance":true,"source_year":2020},"geometry":{"type":"Point","coordinates":[139.4872177160869,35.340529155764614]},"id":"medical-390"},{"type":"Feature","properties":{"id":"medical-391","name":"朝倉医院皮膚科","category_code":2,"category":"clinic","address":"藤沢市藤沢６００番地　ＡＳＭビル２Ｆ","included_in_primary_distance":true,"source_year":2020},"geometry":{"type":"Point","coordinates":[139.4872177160869,35.340529155764614]},"id":"medical-391"},{"type":"Feature","properties":{"id":"medical-392","name":"木下整形外科","category_code":2,"category":"clinic","address":"藤沢市大庭５１２５番地１３","included_in_primary_distance":true,"source_year":2020},"geometry":{"type":"Point","coordinates":[139.44946652606023,35.35823568244784]},"id":"medical-392"},{"type":"Feature","properties":{"id":"medical-393","name":"木島眼科クリニック","category_code":2,"category":"clinic","address":"藤沢市朝日町４番地４","included_in_primary_distance":true,"source_year":2020},"geometry":{"type":"Point","coordinates":[139.49342970027348,35.33918910482757]},"id":"medical-393"},{"type":"Feature","properties":{"id":"medical-394","name":"木庭医院","category_code":2,"category":"clinic","address":"藤沢市長後６８０番地","included_in_primary_distance":true,"source_year":2020},"geometry":{"type":"Point","coordinates":[139.46580218289935,35.413685387458635]},"id":"medical-394"},{"type":"Feature","properties":{"id":"medical-395","name":"木村小児科医院","category_code":2,"category":"clinic","address":"藤沢市藤沢９６５番地","included_in_primary_distance":true,"source_year":2020},"geometry":{"type":"Point","coordinates":[139.48435632670552,35.34184196885972]},"id":"medical-395"},{"type":"Feature","properties":{"id":"medical-396","name":"木村眼科医院","category_code":2,"category":"clinic","address":"藤沢市鵠沼海岸一丁目３番１６号　３階","included_in_primary_distance":true,"source_year":2020},"geometry":{"type":"Point","coordinates":[139.4761622795011,35.31416612977504]},"id":"medical-396"},{"type":"Feature","properties":{"id":"medical-397","name":"本多こどもクリニック","category_code":2,"category":"clinic","address":"藤沢市渡内四丁目５番１８号　渡内クリニックビル３階３０１号室","included_in_primary_distance":true,"source_year":2020},"geometry":{"type":"Point","coordinates":[139.5070556657143,35.34992214356715]},"id":"medical-397"},{"type":"Feature","properties":{"id":"medical-398","name":"本多歯科医院","category_code":3,"category":"dental_clinic","address":"藤沢市鵠沼花沢町１番９号","included_in_primary_distance":false,"source_year":2020},"geometry":{"type":"Point","coordinates":[139.4852125049168,35.33816479186344]},"id":"medical-398"},{"type":"Feature","properties":{"id":"medical-399","name":"本町歯科クリニック","category_code":3,"category":"dental_clinic","address":"藤沢市本町三丁目５番７号","included_in_primary_distance":false,"source_year":2020},"geometry":{"type":"Point","coordinates":[139.47607327855994,35.34330740649563]},"id":"medical-399"},{"type":"Feature","properties":{"id":"medical-400","name":"本藤沢内科クリニック","category_code":2,"category":"clinic","address":"藤沢市本藤沢六丁目１４番２号","included_in_primary_distance":true,"source_year":2020},"geometry":{"type":"Point","coordinates":[139.47290648252178,35.35844529101437]},"id":"medical-400"},{"type":"Feature","properties":{"id":"medical-401","name":"本鵠沼歯科医院","category_code":3,"category":"dental_clinic","address":"藤沢市鵠沼桜が岡四丁目１２番１１号　トゥーリーフ１Ｆ","included_in_primary_distance":false,"source_year":2020},"geometry":{"type":"Point","coordinates":[139.47517449495479,35.33061139647495]},"id":"medical-401"},{"type":"Feature","properties":{"id":"medical-402","name":"本鵠沼耳鼻咽喉科","category_code":2,"category":"clinic","address":"藤沢市本鵠沼三丁目１２番３７号　クリエート湘南第６ビル２Ｆ","included_in_primary_distance":true,"source_year":2020},"geometry":{"type":"Point","coordinates":[139.46983385590946,35.33015355336074]},"id":"medical-402"},{"type":"Feature","properties":{"id":"medical-403","name":"杉山内科クリニック","category_code":2,"category":"clinic","address":"藤沢市辻堂元町五丁目１３番２５号","included_in_primary_distance":true,"source_year":2020},"geometry":{"type":"Point","coordinates":[139.46155518177662,35.332826079253635]},"id":"medical-403"},{"type":"Feature","properties":{"id":"medical-404","name":"杉本医院","category_code":2,"category":"clinic","address":"藤沢市片瀬五丁目３番１５号","included_in_primary_distance":true,"source_year":2020},"geometry":{"type":"Point","coordinates":[139.48482268635146,35.32016144351127]},"id":"medical-404"},{"type":"Feature","properties":{"id":"medical-405","name":"杉田外科","category_code":2,"category":"clinic","address":"藤沢市亀井野二丁目６番地２","included_in_primary_distance":true,"source_year":2020},"geometry":{"type":"Point","coordinates":[139.4744221123029,35.38281363009655]},"id":"medical-405"},{"type":"Feature","properties":{"id":"medical-406","name":"村岡歯科医院","category_code":3,"category":"dental_clinic","address":"藤沢市湘南台五丁目２１番地１","included_in_primary_distance":false,"source_year":2020},"geometry":{"type":"Point","coordinates":[139.46758089310413,35.40242733067521]},"id":"medical-406"},{"type":"Feature","properties":{"id":"medical-407","name":"村田会湘南台内科クリニック","category_code":2,"category":"clinic","address":"藤沢市円行９９１番地","included_in_primary_distance":true,"source_year":2020},"geometry":{"type":"Point","coordinates":[139.46017481301158,35.38706110948964]},"id":"medical-407"},{"type":"Feature","properties":{"id":"medical-408","name":"村田会湘南大庭病院","category_code":1,"category":"hospital","address":"藤沢市大庭５５２６番地の２２","included_in_primary_distance":true,"source_year":2020},"geometry":{"type":"Point","coordinates":[139.44971062857093,35.367012981672765]},"id":"medical-408"},{"type":"Feature","properties":{"id":"medical-409","name":"東出歯科医院","category_code":3,"category":"dental_clinic","address":"藤沢市打戻１８５９番地６","included_in_primary_distance":false,"source_year":2020},"geometry":{"type":"Point","coordinates":[139.42013370554662,35.40189176746712]},"id":"medical-409"},{"type":"Feature","properties":{"id":"medical-410","name":"東湘歯科","category_code":3,"category":"dental_clinic","address":"藤沢市南藤沢１６番１０号　１階","included_in_primary_distance":false,"source_year":2020},"geometry":{"type":"Point","coordinates":[139.4926440808759,35.33558116677325]},"id":"medical-410"},{"type":"Feature","properties":{"id":"medical-411","name":"松井ヒフ科医院","category_code":2,"category":"clinic","address":"藤沢市本町二丁目１４番１号","included_in_primary_distance":true,"source_year":2020},"geometry":{"type":"Point","coordinates":[139.47834726281593,35.344085403516466]},"id":"medical-411"},{"type":"Feature","properties":{"id":"medical-412","name":"松岡歯科医院","category_code":3,"category":"dental_clinic","address":"藤沢市本鵠沼二丁目１６番１９号","included_in_primary_distance":false,"source_year":2020},"geometry":{"type":"Point","coordinates":[139.4731791216903,35.330937986699496]},"id":"medical-412"},{"type":"Feature","properties":{"id":"medical-413","name":"松本デンタルクリニック","category_code":3,"category":"dental_clinic","address":"藤沢市善行二丁目２５番地１５　サニーレジデンス第６ビル　１Ｆ","included_in_primary_distance":false,"source_year":2020},"geometry":{"type":"Point","coordinates":[139.46946820150012,35.36424734654958]},"id":"medical-413"},{"type":"Feature","properties":{"id":"medical-414","name":"林クリニック","category_code":2,"category":"clinic","address":"藤沢市南藤沢２番８号　２００２Ｋ＆Ｓビル３Ｆ","included_in_primary_distance":true,"source_year":2020},"geometry":{"type":"Point","coordinates":[139.48926200107744,35.338350344608926]},"id":"medical-414"},{"type":"Feature","properties":{"id":"medical-415","name":"柄沢橋歯科","category_code":3,"category":"dental_clinic","address":"藤沢市藤が岡三丁目９番１号","included_in_primary_distance":false,"source_year":2020},"geometry":{"type":"Point","coordinates":[139.4948989871909,35.3480146184802]},"id":"medical-415"},{"type":"Feature","properties":{"id":"medical-416","name":"柳沢内科小児科医院","category_code":2,"category":"clinic","address":"藤沢市遠藤６４１番地６","included_in_primary_distance":true,"source_year":2020},"geometry":{"type":"Point","coordinates":[139.435692116192,35.369453727916046]},"id":"medical-416"},{"type":"Feature","properties":{"id":"medical-417","name":"柳田歯科医院","category_code":3,"category":"dental_clinic","address":"藤沢市石川一丁目１番地２０","included_in_primary_distance":false,"source_year":2020},"geometry":{"type":"Point","coordinates":[139.45239790329939,35.3767630262899]},"id":"medical-417"},{"type":"Feature","properties":{"id":"medical-418","name":"株式会社ＨＧＳＴジャパン藤沢事業所健康管理室","category_code":2,"category":"clinic","address":"藤沢市桐原町１番","included_in_primary_distance":true,"source_year":2020},"geometry":{"type":"Point","coordinates":[139.4545679157475,35.38504047351995]},"id":"medical-418"},{"type":"Feature","properties":{"id":"medical-419","name":"桜が岡内科クリニック","category_code":2,"category":"clinic","address":"藤沢市鵠沼桜が岡一丁目８番１３号","included_in_primary_distance":true,"source_year":2020},"geometry":{"type":"Point","coordinates":[139.48471125361976,35.32957707313613]},"id":"medical-419"},{"type":"Feature","properties":{"id":"medical-420","name":"桜林産婦人科医院","category_code":2,"category":"clinic","address":"藤沢市藤沢１０１番地１　アルスクリオ藤沢１０１","included_in_primary_distance":true,"source_year":2020},"geometry":{"type":"Point","coordinates":[139.48947911209933,35.340346458013826]},"id":"medical-420"},{"type":"Feature","properties":{"id":"medical-421","name":"桧山整形外科","category_code":2,"category":"clinic","address":"藤沢市湘南台三丁目１４番地３","included_in_primary_distance":true,"source_year":2020},"geometry":{"type":"Point","coordinates":[139.46307979212855,35.3932029945574]},"id":"medical-421"},{"type":"Feature","properties":{"id":"medical-422","name":"梅津クリニック","category_code":2,"category":"clinic","address":"藤沢市辻堂二丁目９番３号　辻堂プルミエビル２階","included_in_primary_distance":true,"source_year":2020},"geometry":{"type":"Point","coordinates":[139.44693361989826,35.336291579886066]},"id":"medical-422"},{"type":"Feature","properties":{"id":"medical-423","name":"森川整形外科クリニック","category_code":2,"category":"clinic","address":"藤沢市辻堂神台二丁目２番１号　アイクロス湘南２Ｆ","included_in_primary_distance":true,"source_year":2020},"geometry":{"type":"Point","coordinates":[139.4480169248662,35.340057890711904]},"id":"medical-423"},{"type":"Feature","properties":{"id":"medical-424","name":"森整形外科医院","category_code":2,"category":"clinic","address":"藤沢市辻堂元町四丁目７番２１号","included_in_primary_distance":true,"source_year":2020},"geometry":{"type":"Point","coordinates":[139.4561042396892,35.32902966960051]},"id":"medical-424"},{"type":"Feature","properties":{"id":"medical-425","name":"森歯科内科クリニック","category_code":3,"category":"dental_clinic","address":"藤沢市鵠沼花沢町２番１５号","included_in_primary_distance":false,"source_year":2020},"geometry":{"type":"Point","coordinates":[139.4850790326771,35.337926263925056]},"id":"medical-425"},{"type":"Feature","properties":{"id":"medical-426","name":"植松医院","category_code":2,"category":"clinic","address":"藤沢市善行二丁目１７番地７","included_in_primary_distance":true,"source_year":2020},"geometry":{"type":"Point","coordinates":[139.46967319086227,35.36498281710723]},"id":"medical-426"},{"type":"Feature","properties":{"id":"medical-427","name":"榎本歯科医院","category_code":3,"category":"dental_clinic","address":"藤沢市鵠沼藤が谷二丁目９番２１号","included_in_primary_distance":false,"source_year":2020},"geometry":{"type":"Point","coordinates":[139.48271037430808,35.321147948444455]},"id":"medical-427"},{"type":"Feature","properties":{"id":"medical-428","name":"橘クリニック","category_code":2,"category":"clinic","address":"藤沢市鵠沼橘一丁目１番４号　藤沢セントラルビル５Ｆ","included_in_primary_distance":true,"source_year":2020},"geometry":{"type":"Point","coordinates":[139.4865072272903,35.33673810214942]},"id":"medical-428"},{"type":"Feature","properties":{"id":"medical-429","name":"正木歯科クリニック","category_code":3,"category":"dental_clinic","address":"藤沢市善行一丁目５番地１０　田野井ビル１Ｆ","included_in_primary_distance":false,"source_year":2020},"geometry":{"type":"Point","coordinates":[139.47121832232745,35.36275031804437]},"id":"medical-429"},{"type":"Feature","properties":{"id":"medical-430","name":"正木矯正歯科","category_code":3,"category":"dental_clinic","address":"藤沢市南藤沢４番１６号　マサキビル５Ｆ","included_in_primary_distance":false,"source_year":2020},"geometry":{"type":"Point","coordinates":[139.4892938977255,35.33776633660763]},"id":"medical-430"},{"type":"Feature","properties":{"id":"medical-431","name":"武内整形外科医院","category_code":2,"category":"clinic","address":"藤沢市遠藤６４１番地９","included_in_primary_distance":true,"source_year":2020},"geometry":{"type":"Point","coordinates":[139.43526151557887,35.369328637795704]},"id":"medical-431"},{"type":"Feature","properties":{"id":"medical-432","name":"武沼皮膚科医院","category_code":2,"category":"clinic","address":"藤沢市亀井野二丁目３番地３","included_in_primary_distance":true,"source_year":2020},"geometry":{"type":"Point","coordinates":[139.47340746049068,35.383379125663076]},"id":"medical-432"},{"type":"Feature","properties":{"id":"medical-433","name":"武田薬品湘南診療所","category_code":2,"category":"clinic","address":"藤沢市村岡東二丁目２６番１号　武田薬品工業株式会社　湘南研究所内","included_in_primary_distance":true,"source_year":2020},"geometry":{"type":"Point","coordinates":[139.51156670809195,35.34328034575558]},"id":"medical-433"},{"type":"Feature","properties":{"id":"medical-434","name":"歯科室近藤","category_code":3,"category":"dental_clinic","address":"藤沢市藤沢三丁目１番１７号","included_in_primary_distance":false,"source_year":2020},"geometry":{"type":"Point","coordinates":[139.47673439918478,35.34786104189589]},"id":"medical-434"},{"type":"Feature","properties":{"id":"medical-435","name":"歯科熱田医院","category_code":3,"category":"dental_clinic","address":"藤沢市南藤沢２２番１４号　アツタビル６０１","included_in_primary_distance":false,"source_year":2020},"geometry":{"type":"Point","coordinates":[139.48679690154665,35.337880734218665]},"id":"medical-435"},{"type":"Feature","properties":{"id":"medical-436","name":"永村歯科クリニック","category_code":3,"category":"dental_clinic","address":"藤沢市弥勒寺一丁目２番１０号","included_in_primary_distance":false,"source_year":2020},"geometry":{"type":"Point","coordinates":[139.49609844639284,35.338291414374766]},"id":"medical-436"},{"type":"Feature","properties":{"id":"medical-437","name":"永海歯科医院","category_code":3,"category":"dental_clinic","address":"藤沢市本町四丁目５番２３号","included_in_primary_distance":false,"source_year":2020},"geometry":{"type":"Point","coordinates":[139.48187477935596,35.34764002676532]},"id":"medical-437"},{"type":"Feature","properties":{"id":"medical-438","name":"汀メンタルヘルスクリニック","category_code":2,"category":"clinic","address":"藤沢市南藤沢１７番１６号　秋山ビル２−４Ｆ","included_in_primary_distance":true,"source_year":2020},"geometry":{"type":"Point","coordinates":[139.49092758794262,35.33642435246264]},"id":"medical-438"},{"type":"Feature","properties":{"id":"medical-439","name":"江の島駅ビル歯科","category_code":3,"category":"dental_clinic","address":"藤沢市片瀬三丁目１５番１号　４Ｆ","included_in_primary_distance":false,"source_year":2020},"geometry":{"type":"Point","coordinates":[139.487819637831,35.311873885809135]},"id":"medical-439"},{"type":"Feature","properties":{"id":"medical-440","name":"江ノ島整形外科・外科","category_code":2,"category":"clinic","address":"藤沢市鵠沼海岸一丁目３番１６号　プラッシング・ウェーブ江の島４Ｆ","included_in_primary_distance":true,"source_year":2020},"geometry":{"type":"Point","coordinates":[139.4761622795011,35.31416612977504]},"id":"medical-440"},{"type":"Feature","properties":{"id":"medical-441","name":"江尻歯科","category_code":3,"category":"dental_clinic","address":"藤沢市亀井野二丁目３番地３　ジャンボリー六会","included_in_primary_distance":false,"source_year":2020},"geometry":{"type":"Point","coordinates":[139.47340746049068,35.383379125663076]},"id":"medical-441"},{"type":"Feature","properties":{"id":"medical-442","name":"池上整形外科","category_code":2,"category":"clinic","address":"藤沢市鵠沼藤が谷二丁目１番２１号","included_in_primary_distance":true,"source_year":2020},"geometry":{"type":"Point","coordinates":[139.48701645450316,35.324918684086725]},"id":"medical-442"},{"type":"Feature","properties":{"id":"medical-443","name":"河合耳鼻咽喉科医院","category_code":2,"category":"clinic","address":"藤沢市湘南台二丁目７番地８","included_in_primary_distance":true,"source_year":2020},"geometry":{"type":"Point","coordinates":[139.46461136309404,35.39729285351874]},"id":"medical-443"},{"type":"Feature","properties":{"id":"medical-444","name":"泌尿器科湘南諏訪クリニック","category_code":2,"category":"clinic","address":"藤沢市長後７０６番地　ゴールドエイジ長後１０７","included_in_primary_distance":true,"source_year":2020},"geometry":{"type":"Point","coordinates":[139.46609262479922,35.41488818366152]},"id":"medical-444"},{"type":"Feature","properties":{"id":"medical-445","name":"浜名歯科医院","category_code":3,"category":"dental_clinic","address":"藤沢市長後７４０番地","included_in_primary_distance":false,"source_year":2020},"geometry":{"type":"Point","coordinates":[139.46763109193134,35.41504018461878]},"id":"medical-445"},{"type":"Feature","properties":{"id":"medical-446","name":"浜見山歯科医院","category_code":3,"category":"dental_clinic","address":"藤沢市辻堂東海岸一丁目１１番２７号","included_in_primary_distance":false,"source_year":2020},"geometry":{"type":"Point","coordinates":[139.45402690786938,35.32430126739653]},"id":"medical-446"},{"type":"Feature","properties":{"id":"medical-447","name":"海の診療所","category_code":2,"category":"clinic","address":"藤沢市鵠沼松が岡一丁目１６番２３号","included_in_primary_distance":true,"source_year":2020},"geometry":{"type":"Point","coordinates":[139.4769011337927,35.31743603875463]},"id":"medical-447"},{"type":"Feature","properties":{"id":"medical-448","name":"海部胃腸内科医院","category_code":2,"category":"clinic","address":"藤沢市藤が岡三丁目６番１０号","included_in_primary_distance":true,"source_year":2020},"geometry":{"type":"Point","coordinates":[139.49555558457604,35.346973096029544]},"id":"medical-448"},{"type":"Feature","properties":{"id":"medical-449","name":"消化器と内視鏡の内科　藤沢えがしらクリニック","category_code":2,"category":"clinic","address":"藤沢市藤沢５３０番地１０　Ｆ．Ｓ．Ｃビル　３０２区画","included_in_primary_distance":true,"source_year":2020},"geometry":{"type":"Point","coordinates":[139.48501791564647,35.34025680954764]},"id":"medical-449"},{"type":"Feature","properties":{"id":"medical-450","name":"清水歯科医院","category_code":3,"category":"dental_clinic","address":"藤沢市大庭５４６４番地１０","included_in_primary_distance":false,"source_year":2020},"geometry":{"type":"Point","coordinates":[139.4502484986867,35.36743441902959]},"id":"medical-450"},{"type":"Feature","properties":{"id":"medical-451","name":"清水歯科藤沢院","category_code":3,"category":"dental_clinic","address":"藤沢市南藤沢１９番１２号　ヤマタネ藤沢ビル３階","included_in_primary_distance":false,"source_year":2020},"geometry":{"type":"Point","coordinates":[139.489910980603,35.33698171799841]},"id":"medical-451"},{"type":"Feature","properties":{"id":"medical-452","name":"渡辺整形外科クリニック","category_code":2,"category":"clinic","address":"藤沢市高倉６５１番地　スズヒロビル２Ｆ","included_in_primary_distance":true,"source_year":2020},"geometry":{"type":"Point","coordinates":[139.46713568067852,35.41335226908682]},"id":"medical-452"},{"type":"Feature","properties":{"id":"medical-453","name":"渡辺歯科医院","category_code":3,"category":"dental_clinic","address":"藤沢市亀井野四丁目５番地１１","included_in_primary_distance":false,"source_year":2020},"geometry":{"type":"Point","coordinates":[139.47586119555473,35.38479667045321]},"id":"medical-453"},{"type":"Feature","properties":{"id":"medical-454","name":"湘南あおぞらクリニック","category_code":2,"category":"clinic","address":"藤沢市大庭５５６０番地１　ユーミーメディカルタウン大庭１階","included_in_primary_distance":true,"source_year":2020},"geometry":{"type":"Point","coordinates":[139.44095068966035,35.36511318519934]},"id":"medical-454"},{"type":"Feature","properties":{"id":"medical-455","name":"湘南おおの歯科医院","category_code":3,"category":"dental_clinic","address":"藤沢市辻堂一丁目１番８号　ＲＩビル５Ｆ","included_in_primary_distance":false,"source_year":2020},"geometry":{"type":"Point","coordinates":[139.44811852726613,35.33675657030472]},"id":"medical-455"},{"type":"Feature","properties":{"id":"medical-456","name":"湘南かながわ歯科","category_code":3,"category":"dental_clinic","address":"藤沢市下土棚５１２番地３　イノセビル３Ｆ","included_in_primary_distance":false,"source_year":2020},"geometry":{"type":"Point","coordinates":[139.46459298959,35.412341793143064]},"id":"medical-456"},{"type":"Feature","properties":{"id":"medical-457","name":"湘南ごしょみ眼科","category_code":2,"category":"clinic","address":"藤沢市宮原３３４３番地１","included_in_primary_distance":true,"source_year":2020},"geometry":{"type":"Point","coordinates":[139.4103539974764,35.40061354304475]},"id":"medical-457"},{"type":"Feature","properties":{"id":"medical-458","name":"湘南なぎさ診療所","category_code":2,"category":"clinic","address":"藤沢市藤沢９６６番地３　毛利ビル１階","included_in_primary_distance":true,"source_year":2020},"geometry":{"type":"Point","coordinates":[139.4843127750081,35.34100559467789]},"id":"medical-458"},{"type":"Feature","properties":{"id":"medical-459","name":"湘南メンタルクリニック","category_code":2,"category":"clinic","address":"藤沢市藤沢９７１番地３　パール湘南４Ｆ８","included_in_primary_distance":true,"source_year":2020},"geometry":{"type":"Point","coordinates":[139.4835925339165,35.339853501823505]},"id":"medical-459"},{"type":"Feature","properties":{"id":"medical-460","name":"湘南ライフタウン診療所","category_code":2,"category":"clinic","address":"藤沢市大庭５５２６番地２　藤沢エデンの園Ｂ１Ｆ","included_in_primary_distance":true,"source_year":2020},"geometry":{"type":"Point","coordinates":[139.44825109676543,35.36693960836238]},"id":"medical-460"},{"type":"Feature","properties":{"id":"medical-461","name":"湘南ライフ内科クリニック","category_code":2,"category":"clinic","address":"藤沢市鵠沼海岸一丁目３番１６号　プラッシング・ウェーブ江の島４Ｆ","included_in_primary_distance":true,"source_year":2020},"geometry":{"type":"Point","coordinates":[139.4761622795011,35.31416612977504]},"id":"medical-461"},{"type":"Feature","properties":{"id":"medical-462","name":"湘南ライフ歯科","category_code":3,"category":"dental_clinic","address":"藤沢市鵠沼東１番１号　玉半ビル２Ｆ","included_in_primary_distance":false,"source_year":2020},"geometry":{"type":"Point","coordinates":[139.49028747675212,35.33627239164943]},"id":"medical-462"},{"type":"Feature","properties":{"id":"medical-463","name":"湘南レディースクリニック","category_code":2,"category":"clinic","address":"藤沢市鵠沼花沢町１番１２号　第五相澤ビル６階","included_in_primary_distance":true,"source_year":2020},"geometry":{"type":"Point","coordinates":[139.48486230564328,35.338224331353686]},"id":"medical-463"},{"type":"Feature","properties":{"id":"medical-464","name":"湘南レディースクリニック辻堂Ｃ−Ｘ","category_code":2,"category":"clinic","address":"藤沢市辻堂神台二丁目２番１号　アイクロス湘南４階","included_in_primary_distance":true,"source_year":2020},"geometry":{"type":"Point","coordinates":[139.4480169248662,35.340057890711904]},"id":"medical-464"},{"type":"Feature","properties":{"id":"medical-465","name":"湘南中央病院","category_code":1,"category":"hospital","address":"藤沢市羽鳥一丁目３番４３号","included_in_primary_distance":true,"source_year":2020},"geometry":{"type":"Point","coordinates":[139.44964573946402,35.34281237907772]},"id":"medical-465"},{"type":"Feature","properties":{"id":"medical-466","name":"湘南中村クリニック","category_code":2,"category":"clinic","address":"藤沢市藤沢３１番地２","included_in_primary_distance":true,"source_year":2020},"geometry":{"type":"Point","coordinates":[139.48760742972988,35.34301664779568]},"id":"medical-466"},{"type":"Feature","properties":{"id":"medical-467","name":"湘南内科・消化器科クリニック","category_code":2,"category":"clinic","address":"藤沢市片瀬二丁目１５番２４号","included_in_primary_distance":true,"source_year":2020},"geometry":{"type":"Point","coordinates":[139.48638618283485,35.31909021078619]},"id":"medical-467"},{"type":"Feature","properties":{"id":"medical-468","name":"湘南台ごしょみ眼科","category_code":2,"category":"clinic","address":"藤沢市湘南台二丁目４番地６　ノワビルⅡ４階","included_in_primary_distance":true,"source_year":2020},"geometry":{"type":"Point","coordinates":[139.4656868531591,35.39655854446956]},"id":"medical-468"},{"type":"Feature","properties":{"id":"medical-469","name":"湘南台しらがクリニック","category_code":2,"category":"clinic","address":"藤沢市湘南台一丁目１番地６　湘南台クリニックＢＬ３Ｆ","included_in_primary_distance":true,"source_year":2020},"geometry":{"type":"Point","coordinates":[139.46692617853492,35.39764376352944]},"id":"medical-469"},{"type":"Feature","properties":{"id":"medical-470","name":"湘南台はた眼科","category_code":2,"category":"clinic","address":"藤沢市湘南台一丁目４番地２　ピノスビル４階","included_in_primary_distance":true,"source_year":2020},"geometry":{"type":"Point","coordinates":[139.4673923022966,35.39673742196611]},"id":"medical-470"},{"type":"Feature","properties":{"id":"medical-471","name":"湘南台ふかさわクリニック","category_code":2,"category":"clinic","address":"藤沢市湘南台二丁目３１番１５号　湘南台メディカルモール２、３階","included_in_primary_distance":true,"source_year":2020},"geometry":{"type":"Point","coordinates":[139.4672427790156,35.39172615801105]},"id":"medical-471"},{"type":"Feature","properties":{"id":"medical-472","name":"湘南台アイクリニック","category_code":2,"category":"clinic","address":"藤沢市湘南台二丁目３番地１","included_in_primary_distance":true,"source_year":2020},"geometry":{"type":"Point","coordinates":[139.4649516206492,35.39681293840386]},"id":"medical-472"},{"type":"Feature","properties":{"id":"medical-473","name":"湘南台スマイルクリニック","category_code":2,"category":"clinic","address":"藤沢市湘南台二丁目１０番地５　１階","included_in_primary_distance":true,"source_year":2020},"geometry":{"type":"Point","coordinates":[139.46469383810367,35.395684829002604]},"id":"medical-473"},{"type":"Feature","properties":{"id":"medical-474","name":"湘南台デンタルクリニック","category_code":3,"category":"dental_clinic","address":"藤沢市湘南台七丁目１７番４号　コニーズシンビル３階Ｂ号室","included_in_primary_distance":false,"source_year":2020},"geometry":{"type":"Point","coordinates":[139.4709384715261,35.395893980589165]},"id":"medical-474"},{"type":"Feature","properties":{"id":"medical-475","name":"湘南台ブレストクリニック","category_code":2,"category":"clinic","address":"藤沢市湘南台一丁目１番地６　湘南台駅前クリニックビル２Ｆ","included_in_primary_distance":true,"source_year":2020},"geometry":{"type":"Point","coordinates":[139.46692685114058,35.3976660308705]},"id":"medical-475"},{"type":"Feature","properties":{"id":"medical-476","name":"湘南台メンタルクリニック","category_code":2,"category":"clinic","address":"藤沢市湘南台二丁目４番地１　６３田中ビル２Ａ","included_in_primary_distance":true,"source_year":2020},"geometry":{"type":"Point","coordinates":[139.4652102711696,35.39642061600907]},"id":"medical-476"},{"type":"Feature","properties":{"id":"medical-477","name":"湘南台中央医院","category_code":2,"category":"clinic","address":"藤沢市湘南台七丁目１番地５","included_in_primary_distance":true,"source_year":2020},"geometry":{"type":"Point","coordinates":[139.47027406591965,35.39802530629336]},"id":"medical-477"},{"type":"Feature","properties":{"id":"medical-478","name":"湘南台外科胃腸科医院","category_code":2,"category":"clinic","address":"藤沢市亀井野４６１−１１","included_in_primary_distance":true,"source_year":2020},"geometry":{"type":"Point","coordinates":[139.4698250327574,35.390551865450824]},"id":"medical-478"},{"type":"Feature","properties":{"id":"medical-479","name":"湘南台宮治クリニック","category_code":2,"category":"clinic","address":"藤沢市石川六丁目２１番地１０","included_in_primary_distance":true,"source_year":2020},"geometry":{"type":"Point","coordinates":[139.44874671044457,35.38722891962944]},"id":"medical-479"},{"type":"Feature","properties":{"id":"medical-480","name":"湘南台東口クリニック","category_code":2,"category":"clinic","address":"藤沢市湘南台一丁目１番地１　湘南台ダイヤモンドマンション１階","included_in_primary_distance":true,"source_year":2020},"geometry":{"type":"Point","coordinates":[139.46639847372847,35.39761060018912]},"id":"medical-480"},{"type":"Feature","properties":{"id":"medical-481","name":"湘南台皮フ科","category_code":2,"category":"clinic","address":"藤沢市湘南台一丁目４番地２　ピノスビル４Ｆ","included_in_primary_distance":true,"source_year":2020},"geometry":{"type":"Point","coordinates":[139.4673923022966,35.39673742196611]},"id":"medical-481"},{"type":"Feature","properties":{"id":"medical-482","name":"湘南台矯正歯科","category_code":3,"category":"dental_clinic","address":"藤沢市湘南台一丁目１０番地１０　ソレアード湘南１Ｆ","included_in_primary_distance":false,"source_year":2020},"geometry":{"type":"Point","coordinates":[139.46959688761535,35.39655219741071]},"id":"medical-482"},{"type":"Feature","properties":{"id":"medical-483","name":"湘南台脳神経外科クリニック","category_code":2,"category":"clinic","address":"藤沢市湘南台二丁目７番１５号　東急ドエルアルス湘南台アネックス１階１０２号室","included_in_primary_distance":true,"source_year":2020},"geometry":{"type":"Point","coordinates":[139.4639727927263,35.396771545825295]},"id":"medical-483"},{"type":"Feature","properties":{"id":"medical-484","name":"湘南台腎泌尿器・漢方クリニック","category_code":2,"category":"clinic","address":"藤沢市湘南台二丁目７番地１２　門倉第二湘南台ビル１階","included_in_primary_distance":true,"source_year":2020},"geometry":{"type":"Point","coordinates":[139.4644149872344,35.396876255113995]},"id":"medical-484"},{"type":"Feature","properties":{"id":"medical-485","name":"湘南台青木形成外科クリニック","category_code":2,"category":"clinic","address":"藤沢市湘南台二丁目１０番地７","included_in_primary_distance":true,"source_year":2020},"geometry":{"type":"Point","coordinates":[139.46503078437547,35.39577144779402]},"id":"medical-485"},{"type":"Feature","properties":{"id":"medical-486","name":"湘南吉田クリニック","category_code":2,"category":"clinic","address":"藤沢市南藤沢１８番１号　エバーズ第１０藤沢ビルⅡ５階","included_in_primary_distance":true,"source_year":2020},"geometry":{"type":"Point","coordinates":[139.4904455362863,35.33707701979367]},"id":"medical-486"},{"type":"Feature","properties":{"id":"medical-487","name":"湘南希望の郷医務室","category_code":2,"category":"clinic","address":"藤沢市獺郷１００３番地","included_in_primary_distance":true,"source_year":2020},"geometry":{"type":"Point","coordinates":[139.40755957496177,35.38509589508956]},"id":"medical-487"},{"type":"Feature","properties":{"id":"medical-488","name":"湘南斉藤クリニック","category_code":2,"category":"clinic","address":"藤沢市鵠沼石上二丁目１４番９号","included_in_primary_distance":true,"source_year":2020},"geometry":{"type":"Point","coordinates":[139.4859319107375,35.332198907354986]},"id":"medical-488"},{"type":"Feature","properties":{"id":"medical-489","name":"湘南柄沢クリニック","category_code":2,"category":"clinic","address":"藤沢市並木台二丁目１１番地１","included_in_primary_distance":true,"source_year":2020},"geometry":{"type":"Point","coordinates":[139.50264796769906,35.354595301929535]},"id":"medical-489"},{"type":"Feature","properties":{"id":"medical-490","name":"湘南歯科たかはし","category_code":3,"category":"dental_clinic","address":"藤沢市大鋸一丁目２番１８号　藤沢ホスピタリティーパーク４Ｆ","included_in_primary_distance":false,"source_year":2020},"geometry":{"type":"Point","coordinates":[139.4943158358323,35.33970037488789]},"id":"medical-490"},{"type":"Feature","properties":{"id":"medical-491","name":"湘南歯科クリニック","category_code":3,"category":"dental_clinic","address":"藤沢市辻堂元町一丁目３番１８号","included_in_primary_distance":false,"source_year":2020},"geometry":{"type":"Point","coordinates":[139.4502947414013,35.33401223276253]},"id":"medical-491"},{"type":"Feature","properties":{"id":"medical-492","name":"湘南歯科口腔外科クリニック","category_code":3,"category":"dental_clinic","address":"藤沢市鵠沼橘一丁目１７番１３号　ＳＫビル３Ｆ","included_in_primary_distance":false,"source_year":2020},"geometry":{"type":"Point","coordinates":[139.48596978620174,35.33749494393984]},"id":"medical-492"},{"type":"Feature","properties":{"id":"medical-493","name":"湘南江の島クリニック","category_code":2,"category":"clinic","address":"藤沢市片瀬三丁目１５番１号　３Ｆ","included_in_primary_distance":true,"source_year":2020},"geometry":{"type":"Point","coordinates":[139.487819637831,35.311873885809135]},"id":"medical-493"},{"type":"Feature","properties":{"id":"medical-494","name":"湘南眼科クリニック","category_code":2,"category":"clinic","address":"藤沢市藤沢６１０番地１　２階","included_in_primary_distance":true,"source_year":2020},"geometry":{"type":"Point","coordinates":[139.48752842108357,35.34094017888174]},"id":"medical-494"},{"type":"Feature","properties":{"id":"medical-495","name":"湘南眼科医院","category_code":2,"category":"clinic","address":"藤沢市湘南台二丁目８番地１０","included_in_primary_distance":true,"source_year":2020},"geometry":{"type":"Point","coordinates":[139.46354837548205,35.39639105083926]},"id":"medical-495"},{"type":"Feature","properties":{"id":"medical-496","name":"湘南矯正歯科クリニック","category_code":3,"category":"dental_clinic","address":"藤沢市藤沢４３８番地１　ルミネプラザ８Ｆ","included_in_primary_distance":false,"source_year":2020},"geometry":{"type":"Point","coordinates":[139.486975708221,35.33909361033467]},"id":"medical-496"},{"type":"Feature","properties":{"id":"medical-497","name":"湘南第一病院","category_code":1,"category":"hospital","address":"藤沢市湘南台一丁目１９番７号","included_in_primary_distance":true,"source_year":2020},"geometry":{"type":"Point","coordinates":[139.4688574911277,35.395159079467014]},"id":"medical-497"},{"type":"Feature","properties":{"id":"medical-498","name":"湘南美容クリニック藤沢院","category_code":2,"category":"clinic","address":"藤沢市南藤沢３番１２号　クリオ藤沢駅前４階","included_in_primary_distance":true,"source_year":2020},"geometry":{"type":"Point","coordinates":[139.48869041105442,35.33776634798925]},"id":"medical-498"},{"type":"Feature","properties":{"id":"medical-499","name":"湘南美容クリニック辻堂アカデミア","category_code":2,"category":"clinic","address":"藤沢市辻堂神台一丁目３番３９号　オザワビル４Ｆ","included_in_primary_distance":true,"source_year":2020},"geometry":{"type":"Point","coordinates":[139.4481563533114,35.33974876082152]},"id":"medical-499"},{"type":"Feature","properties":{"id":"medical-500","name":"湘南耳鼻咽喉科","category_code":2,"category":"clinic","address":"藤沢市藤沢９４番地２","included_in_primary_distance":true,"source_year":2020},"geometry":{"type":"Point","coordinates":[139.48951691706165,35.34123105504414]},"id":"medical-500"},{"type":"Feature","properties":{"id":"medical-501","name":"湘南藤沢こころのクリニック","category_code":2,"category":"clinic","address":"藤沢市藤沢１０１５番地１４　リヴレ藤沢５階","included_in_primary_distance":true,"source_year":2020},"geometry":{"type":"Point","coordinates":[139.4835528584357,35.34172410542564]},"id":"medical-501"},{"type":"Feature","properties":{"id":"medical-502","name":"湘南藤沢クリニック","category_code":2,"category":"clinic","address":"藤沢市鵠沼花沢町１番１５号　柾ビル２Ｆ","included_in_primary_distance":true,"source_year":2020},"geometry":{"type":"Point","coordinates":[139.48532620522587,35.33824163170838]},"id":"medical-502"},{"type":"Feature","properties":{"id":"medical-503","name":"湘南藤沢形成外科クリニックＲ","category_code":2,"category":"clinic","address":"藤沢市藤沢５７１番地　荒井ビル１Ｆ","included_in_primary_distance":true,"source_year":2020},"geometry":{"type":"Point","coordinates":[139.48866325108,35.34062488428649]},"id":"medical-503"},{"type":"Feature","properties":{"id":"medical-504","name":"湘南藤沢心臓血管クリニック","category_code":2,"category":"clinic","address":"藤沢市湘南台一丁目９番地１　エクシード湘南台１階","included_in_primary_distance":true,"source_year":2020},"geometry":{"type":"Point","coordinates":[139.46976687667095,35.396839375965904]},"id":"medical-504"},{"type":"Feature","properties":{"id":"medical-505","name":"湘南辻堂はま皮ふ科クリニック","category_code":2,"category":"clinic","address":"藤沢市辻堂二丁目２番１４号　ステラ湘南１階","included_in_primary_distance":true,"source_year":2020},"geometry":{"type":"Point","coordinates":[139.44367407300766,35.33648084851188]},"id":"medical-505"},{"type":"Feature","properties":{"id":"medical-506","name":"湘南長寿園病院","category_code":1,"category":"hospital","address":"藤沢市白旗一丁目１１番１号","included_in_primary_distance":true,"source_year":2020},"geometry":{"type":"Point","coordinates":[139.48014665288096,35.352676064866316]},"id":"medical-506"},{"type":"Feature","properties":{"id":"medical-507","name":"湘南食サポート歯科","category_code":3,"category":"dental_clinic","address":"藤沢市本藤沢一丁目１０番１４号　１階","included_in_primary_distance":false,"source_year":2020},"geometry":{"type":"Point","coordinates":[139.47089493648477,35.35119251843987]},"id":"medical-507"},{"type":"Feature","properties":{"id":"medical-508","name":"湘南鵠沼内科リウマチ科安達正則クリニック","category_code":2,"category":"clinic","address":"藤沢市鵠沼桜が岡四丁目１４番３号","included_in_primary_distance":true,"source_year":2020},"geometry":{"type":"Point","coordinates":[139.47584943700963,35.33076555797621]},"id":"medical-508"},{"type":"Feature","properties":{"id":"medical-509","name":"湘南鵠沼産婦人科","category_code":2,"category":"clinic","address":"藤沢市鵠沼藤が谷一丁目７番１０号","included_in_primary_distance":true,"source_year":2020},"geometry":{"type":"Point","coordinates":[139.4866903710144,35.32538751111066]},"id":"medical-509"},{"type":"Feature","properties":{"id":"medical-510","name":"湘南鵠沼脳神経クリニック","category_code":2,"category":"clinic","address":"藤沢市本鵠沼四丁目７番９号　ウェルネス湘南第２ビル１階","included_in_primary_distance":true,"source_year":2020},"geometry":{"type":"Point","coordinates":[139.47019717028567,35.33125121407209]},"id":"medical-510"},{"type":"Feature","properties":{"id":"medical-511","name":"満山眼科クリニック","category_code":2,"category":"clinic","address":"藤沢市大庭５６８２番地９　ライフビル２Ｆ","included_in_primary_distance":true,"source_year":2020},"geometry":{"type":"Point","coordinates":[139.44453411610777,35.37006141534903]},"id":"medical-511"},{"type":"Feature","properties":{"id":"medical-512","name":"瀬戸山産婦人科","category_code":2,"category":"clinic","address":"藤沢市湘南台七丁目５２番地１１","included_in_primary_distance":true,"source_year":2020},"geometry":{"type":"Point","coordinates":[139.47393522001377,35.39199788821027]},"id":"medical-512"},{"type":"Feature","properties":{"id":"medical-513","name":"片山クリニック","category_code":2,"category":"clinic","address":"藤沢市藤沢９９１番地３５","included_in_primary_distance":true,"source_year":2020},"geometry":{"type":"Point","coordinates":[139.48289371678396,35.33980432433716]},"id":"medical-513"},{"type":"Feature","properties":{"id":"medical-514","name":"片山歯科クリニック","category_code":3,"category":"dental_clinic","address":"藤沢市善行一丁目２８番地２　小田急マルシェ善行２Ｆ","included_in_primary_distance":false,"source_year":2020},"geometry":{"type":"Point","coordinates":[139.4730556699444,35.36256257395368]},"id":"medical-514"},{"type":"Feature","properties":{"id":"medical-515","name":"片瀬こどもクリニック","category_code":2,"category":"clinic","address":"藤沢市片瀬三丁目１番３９号　片瀬クリニックプラザ２Ｆ２０１","included_in_primary_distance":true,"source_year":2020},"geometry":{"type":"Point","coordinates":[139.48598868026895,35.316341645159206]},"id":"medical-515"},{"type":"Feature","properties":{"id":"medical-516","name":"片瀬クリニック","category_code":2,"category":"clinic","address":"藤沢市片瀬五丁目１２番２３号　１階","included_in_primary_distance":true,"source_year":2020},"geometry":{"type":"Point","coordinates":[139.4850154132546,35.31677657481469]},"id":"medical-516"},{"type":"Feature","properties":{"id":"medical-517","name":"片瀬山内科医院","category_code":2,"category":"clinic","address":"藤沢市片瀬山三丁目２５番１０号","included_in_primary_distance":true,"source_year":2020},"geometry":{"type":"Point","coordinates":[139.49389513164306,35.3183282142325]},"id":"medical-517"},{"type":"Feature","properties":{"id":"medical-518","name":"片瀬山歯科医院","category_code":3,"category":"dental_clinic","address":"藤沢市片瀬山三丁目１１番１０号","included_in_primary_distance":false,"source_year":2020},"geometry":{"type":"Point","coordinates":[139.4941381762703,35.319907746490436]},"id":"medical-518"},{"type":"Feature","properties":{"id":"medical-519","name":"片瀬山眼科","category_code":2,"category":"clinic","address":"藤沢市片瀬山二丁目７番３号","included_in_primary_distance":true,"source_year":2020},"geometry":{"type":"Point","coordinates":[139.4935912433129,35.32342924696994]},"id":"medical-519"},{"type":"Feature","properties":{"id":"medical-520","name":"片瀬整形外科","category_code":2,"category":"clinic","address":"藤沢市片瀬三丁目１番３９号　片瀬クリニックプラザ１Ｆ−１０１","included_in_primary_distance":true,"source_year":2020},"geometry":{"type":"Point","coordinates":[139.48598868026895,35.316341645159206]},"id":"medical-520"},{"type":"Feature","properties":{"id":"medical-521","name":"片瀬歯科医院","category_code":3,"category":"dental_clinic","address":"藤沢市片瀬海岸一丁目１３番１５号　ライオンズマンション湘南江ノ島２０４","included_in_primary_distance":false,"source_year":2020},"geometry":{"type":"Point","coordinates":[139.48537611711387,35.30856533838791]},"id":"medical-521"},{"type":"Feature","properties":{"id":"medical-522","name":"片瀬藤田デンタルクリニック","category_code":3,"category":"dental_clinic","address":"藤沢市片瀬四丁目１０番１７号","included_in_primary_distance":false,"source_year":2020},"geometry":{"type":"Point","coordinates":[139.48339023918294,35.31468706823978]},"id":"medical-522"},{"type":"Feature","properties":{"id":"medical-523","name":"牛腸内科医院","category_code":2,"category":"clinic","address":"藤沢市本町二丁目８番２８号","included_in_primary_distance":true,"source_year":2020},"geometry":{"type":"Point","coordinates":[139.48060483470576,35.34383074675773]},"id":"medical-523"},{"type":"Feature","properties":{"id":"medical-524","name":"牧小児科医院","category_code":2,"category":"clinic","address":"藤沢市湘南台六丁目６番地１０","included_in_primary_distance":true,"source_year":2020},"geometry":{"type":"Point","coordinates":[139.47265502396849,35.399144598997374]},"id":"medical-524"},{"type":"Feature","properties":{"id":"medical-525","name":"牧野クリニック","category_code":2,"category":"clinic","address":"藤沢市鵠沼神明五丁目１３番１９号　第３森谷ビル３Ｆ","included_in_primary_distance":true,"source_year":2020},"geometry":{"type":"Point","coordinates":[139.47236421405896,35.346426981638785]},"id":"medical-525"},{"type":"Feature","properties":{"id":"medical-526","name":"特別養護老人ホーム　カメリア藤沢ＳＳＴ内診療所","category_code":2,"category":"clinic","address":"藤沢市辻堂元町六丁目１７番２号","included_in_primary_distance":true,"source_year":2020},"geometry":{"type":"Point","coordinates":[139.4634042072711,35.33716033852679]},"id":"medical-526"},{"type":"Feature","properties":{"id":"medical-527","name":"特別養護老人ホームかつらはら医務室","category_code":2,"category":"clinic","address":"藤沢市葛原２５５番地１","included_in_primary_distance":true,"source_year":2020},"geometry":{"type":"Point","coordinates":[139.4240098124373,35.40915699927609]},"id":"medical-527"},{"type":"Feature","properties":{"id":"medical-528","name":"特別養護老人ホームかりん医務室","category_code":2,"category":"clinic","address":"藤沢市城南一丁目２２番７号","included_in_primary_distance":true,"source_year":2020},"geometry":{"type":"Point","coordinates":[139.44244146582668,35.347788213052276]},"id":"medical-528"},{"type":"Feature","properties":{"id":"medical-529","name":"特別養護老人ホームみどりの園医務室","category_code":2,"category":"clinic","address":"藤沢市小塚３７０番地１","included_in_primary_distance":true,"source_year":2020},"geometry":{"type":"Point","coordinates":[139.50566312894952,35.33463431352787]},"id":"medical-529"},{"type":"Feature","properties":{"id":"medical-530","name":"特別養護老人ホームグリーンライフ湘南ホーム診療所","category_code":2,"category":"clinic","address":"藤沢市石川３９２８番地５","included_in_primary_distance":true,"source_year":2020},"geometry":{"type":"Point","coordinates":[139.4648033355902,35.3737009299816]},"id":"medical-530"},{"type":"Feature","properties":{"id":"medical-531","name":"特別養護老人ホームラポール藤沢　医務室","category_code":2,"category":"clinic","address":"藤沢市善行一丁目１２番地の９","included_in_primary_distance":true,"source_year":2020},"geometry":{"type":"Point","coordinates":[139.47042020625886,35.36264713128834]},"id":"medical-531"},{"type":"Feature","properties":{"id":"medical-532","name":"特別養護老人ホーム白鷺苑医務室","category_code":2,"category":"clinic","address":"藤沢市用田８２０番地","included_in_primary_distance":true,"source_year":2020},"geometry":{"type":"Point","coordinates":[139.41734130175223,35.40947884344912]},"id":"medical-532"},{"type":"Feature","properties":{"id":"medical-533","name":"特別養護老人ホーム睦愛園医務室","category_code":2,"category":"clinic","address":"藤沢市亀井野２５２０番地３","included_in_primary_distance":true,"source_year":2020},"geometry":{"type":"Point","coordinates":[139.47492815869805,35.37756293801619]},"id":"medical-533"},{"type":"Feature","properties":{"id":"medical-534","name":"特別養護老人ホーム芭蕉苑","category_code":2,"category":"clinic","address":"藤沢市遠藤３５番地","included_in_primary_distance":true,"source_year":2020},"geometry":{"type":"Point","coordinates":[139.43378897044,35.381756905087876]},"id":"medical-534"},{"type":"Feature","properties":{"id":"medical-535","name":"特別養護老人ホーム藤沢富士白苑医務室","category_code":2,"category":"clinic","address":"藤沢市長後２７２２番地１","included_in_primary_distance":true,"source_year":2020},"geometry":{"type":"Point","coordinates":[139.45120188806746,35.42316538745103]},"id":"medical-535"},{"type":"Feature","properties":{"id":"medical-536","name":"狩野歯科医院","category_code":3,"category":"dental_clinic","address":"藤沢市鵠沼桜が岡四丁目１５番１７号","included_in_primary_distance":false,"source_year":2020},"geometry":{"type":"Point","coordinates":[139.47756010228568,35.329732378560294]},"id":"medical-536"},{"type":"Feature","properties":{"id":"medical-537","name":"玉木歯科医院","category_code":3,"category":"dental_clinic","address":"藤沢市南藤沢１８番１号　エバーズ第１０藤沢ビルⅡ４Ｆ","included_in_primary_distance":false,"source_year":2020},"geometry":{"type":"Point","coordinates":[139.4904455362863,35.33707701979367]},"id":"medical-537"},{"type":"Feature","properties":{"id":"medical-538","name":"瓜生歯科医院","category_code":3,"category":"dental_clinic","address":"藤沢市鵠沼石上二丁目２番５号","included_in_primary_distance":false,"source_year":2020},"geometry":{"type":"Point","coordinates":[139.48734711568102,35.334357564630714]},"id":"medical-538"},{"type":"Feature","properties":{"id":"medical-539","name":"産婦人科吉田クリニック","category_code":2,"category":"clinic","address":"藤沢市大庭５０６１番地４","included_in_primary_distance":true,"source_year":2020},"geometry":{"type":"Point","coordinates":[139.44497205250175,35.3588712063129]},"id":"medical-539"},{"type":"Feature","properties":{"id":"medical-540","name":"田中歯科医院","category_code":3,"category":"dental_clinic","address":"藤沢市湘南台二丁目２４番地１９","included_in_primary_distance":false,"source_year":2020},"geometry":{"type":"Point","coordinates":[139.4641602798938,35.392928599648826]},"id":"medical-540"},{"type":"Feature","properties":{"id":"medical-541","name":"田辺耳鼻咽喉科医院","category_code":2,"category":"clinic","address":"藤沢市本町四丁目５番２３号","included_in_primary_distance":true,"source_year":2020},"geometry":{"type":"Point","coordinates":[139.48187477935596,35.34764002676532]},"id":"medical-541"},{"type":"Feature","properties":{"id":"medical-542","name":"疋田眼科医院","category_code":2,"category":"clinic","address":"藤沢市鵠沼松が岡四丁目１６番１５号","included_in_primary_distance":true,"source_year":2020},"geometry":{"type":"Point","coordinates":[139.4723901842731,35.320854425918405]},"id":"medical-542"},{"type":"Feature","properties":{"id":"medical-543","name":"白旗なのはなクリニック","category_code":2,"category":"clinic","address":"藤沢市藤沢二丁目３番１５号　トレアージュ白旗２Ｆ","included_in_primary_distance":true,"source_year":2020},"geometry":{"type":"Point","coordinates":[139.4800766265022,35.349729196056124]},"id":"medical-543"},{"type":"Feature","properties":{"id":"medical-544","name":"白木内科医院","category_code":2,"category":"clinic","address":"藤沢市鵠沼橘一丁目５番１号　サニー２１ビル２０１","included_in_primary_distance":true,"source_year":2020},"geometry":{"type":"Point","coordinates":[139.48597195655185,35.33487636881627]},"id":"medical-544"},{"type":"Feature","properties":{"id":"medical-545","name":"矢野耳鼻咽喉科医院","category_code":2,"category":"clinic","address":"藤沢市善行一丁目２５番地１１","included_in_primary_distance":true,"source_year":2020},"geometry":{"type":"Point","coordinates":[139.47214602929597,35.36332470107969]},"id":"medical-545"},{"type":"Feature","properties":{"id":"medical-546","name":"石井小児科医院","category_code":2,"category":"clinic","address":"藤沢市大庭５０６１番地９","included_in_primary_distance":true,"source_year":2020},"geometry":{"type":"Point","coordinates":[139.4448464508052,35.35856196699798]},"id":"medical-546"},{"type":"Feature","properties":{"id":"medical-547","name":"石原医院","category_code":2,"category":"clinic","address":"藤沢市高倉３９６番地３","included_in_primary_distance":true,"source_year":2020},"geometry":{"type":"Point","coordinates":[139.4673375170354,35.403662626635374]},"id":"medical-547"},{"type":"Feature","properties":{"id":"medical-548","name":"石田歯科クリニック","category_code":3,"category":"dental_clinic","address":"藤沢市大庭５６８２番地９　ライフビル３階","included_in_primary_distance":false,"source_year":2020},"geometry":{"type":"Point","coordinates":[139.44457301408687,35.37028874584924]},"id":"medical-548"},{"type":"Feature","properties":{"id":"medical-549","name":"石田胃腸科医院","category_code":2,"category":"clinic","address":"藤沢市善行二丁目１番地２","included_in_primary_distance":true,"source_year":2020},"geometry":{"type":"Point","coordinates":[139.4727212736336,35.36467592991244]},"id":"medical-549"},{"type":"Feature","properties":{"id":"medical-550","name":"社会福祉法人共生会付属診療所","category_code":2,"category":"clinic","address":"藤沢市鵠沼１５５９番地","included_in_primary_distance":true,"source_year":2020},"geometry":{"type":"Point","coordinates":[139.47982816905866,35.34097608083605]},"id":"medical-550"},{"type":"Feature","properties":{"id":"medical-551","name":"神保デンタルクリニック","category_code":3,"category":"dental_clinic","address":"藤沢市川名一丁目１０番２７号","included_in_primary_distance":false,"source_year":2020},"geometry":{"type":"Point","coordinates":[139.49958508298425,35.332941016529226]},"id":"medical-551"},{"type":"Feature","properties":{"id":"medical-552","name":"神奈川県立スポーツセンター診療所","category_code":2,"category":"clinic","address":"藤沢市善行七丁目１番２号","included_in_primary_distance":true,"source_year":2020},"geometry":{"type":"Point","coordinates":[139.47471856716638,35.360122600880395]},"id":"medical-552"},{"type":"Feature","properties":{"id":"medical-553","name":"神奈川県立総合教育センター巡回診療型診療所","category_code":2,"category":"clinic","address":"藤沢市善行七丁目１番１号","included_in_primary_distance":true,"source_year":2020},"geometry":{"type":"Point","coordinates":[139.47773720372194,35.35992403321047]},"id":"medical-553"},{"type":"Feature","properties":{"id":"medical-554","name":"神奈川県立総合療育相談センター","category_code":2,"category":"clinic","address":"藤沢市亀井野３１１９番地","included_in_primary_distance":true,"source_year":2020},"geometry":{"type":"Point","coordinates":[139.48405702682393,35.375046911442745]},"id":"medical-554"},{"type":"Feature","properties":{"id":"medical-555","name":"神奈川県赤十字血液センター藤沢出張所","category_code":2,"category":"clinic","address":"藤沢市南藤沢２１番８号　大安興業ビル２階","included_in_primary_distance":true,"source_year":2020},"geometry":{"type":"Point","coordinates":[139.48791795951408,35.337179184314]},"id":"medical-555"},{"type":"Feature","properties":{"id":"medical-556","name":"神戸製鋼所藤沢事業所診療所","category_code":2,"category":"clinic","address":"藤沢市宮前１００番地１","included_in_primary_distance":true,"source_year":2020},"geometry":{"type":"Point","coordinates":[139.51115916930314,35.338148752056505]},"id":"medical-556"},{"type":"Feature","properties":{"id":"medical-557","name":"神谷医院","category_code":2,"category":"clinic","address":"藤沢市本町二丁目７番２５号","included_in_primary_distance":true,"source_year":2020},"geometry":{"type":"Point","coordinates":[139.48071452773823,35.34300445990744]},"id":"medical-557"},{"type":"Feature","properties":{"id":"medical-558","name":"神里内科クリニック","category_code":2,"category":"clinic","address":"藤沢市鵠沼橘一丁目１７番１３号","included_in_primary_distance":true,"source_year":2020},"geometry":{"type":"Point","coordinates":[139.48596978620174,35.33749494393984]},"id":"medical-558"},{"type":"Feature","properties":{"id":"medical-559","name":"秋本歯科医院","category_code":3,"category":"dental_clinic","address":"藤沢市善行二丁目１３番地１３","included_in_primary_distance":false,"source_year":2020},"geometry":{"type":"Point","coordinates":[139.46985763986586,35.36730254444832]},"id":"medical-559"},{"type":"Feature","properties":{"id":"medical-560","name":"稲垣内科クリニック","category_code":2,"category":"clinic","address":"藤沢市藤沢１０４５番地","included_in_primary_distance":true,"source_year":2020},"geometry":{"type":"Point","coordinates":[139.4812079200208,35.34004498203647]},"id":"medical-560"},{"type":"Feature","properties":{"id":"medical-561","name":"稲山眼科医院","category_code":2,"category":"clinic","address":"藤沢市藤沢三丁目３番３号","included_in_primary_distance":true,"source_year":2020},"geometry":{"type":"Point","coordinates":[139.47656802640893,35.34801935428549]},"id":"medical-561"},{"type":"Feature","properties":{"id":"medical-562","name":"稲谷皮膚科","category_code":2,"category":"clinic","address":"藤沢市湘南台二丁目９番地２　田中ビル２０１号","included_in_primary_distance":true,"source_year":2020},"geometry":{"type":"Point","coordinates":[139.46365059337379,35.39541760733256]},"id":"medical-562"},{"type":"Feature","properties":{"id":"medical-563","name":"穴山歯科医院","category_code":3,"category":"dental_clinic","address":"藤沢市鵠沼松が岡四丁目１８番１２号","included_in_primary_distance":false,"source_year":2020},"geometry":{"type":"Point","coordinates":[139.47046760077146,35.32227004530094]},"id":"medical-563"},{"type":"Feature","properties":{"id":"medical-564","name":"窪島医院","category_code":2,"category":"clinic","address":"藤沢市遠藤４３８番地５","included_in_primary_distance":true,"source_year":2020},"geometry":{"type":"Point","coordinates":[139.43029694135925,35.37368341185565]},"id":"medical-564"},{"type":"Feature","properties":{"id":"medical-565","name":"竹下歯科医院","category_code":3,"category":"dental_clinic","address":"藤沢市本町二丁目９番２０号","included_in_primary_distance":false,"source_year":2020},"geometry":{"type":"Point","coordinates":[139.47956690179245,35.34534888085058]},"id":"medical-565"},{"type":"Feature","properties":{"id":"medical-566","name":"竹澤歯科医院","category_code":3,"category":"dental_clinic","address":"藤沢市辻堂元町三丁目２番３号","included_in_primary_distance":false,"source_year":2020},"geometry":{"type":"Point","coordinates":[139.4536580783828,35.33467199873043]},"id":"medical-566"},{"type":"Feature","properties":{"id":"medical-567","name":"細田眼科クリニック","category_code":2,"category":"clinic","address":"藤沢市南藤沢４番１６号","included_in_primary_distance":true,"source_year":2020},"geometry":{"type":"Point","coordinates":[139.48926981013344,35.33778524484032]},"id":"medical-567"},{"type":"Feature","properties":{"id":"medical-568","name":"羅内科循環器科医院","category_code":2,"category":"clinic","address":"藤沢市湘南台二丁目２７番地１５　東永ビル１Ｆ","included_in_primary_distance":true,"source_year":2020},"geometry":{"type":"Point","coordinates":[139.46729453099718,35.39358682643008]},"id":"medical-568"},{"type":"Feature","properties":{"id":"medical-569","name":"羽坂医院","category_code":2,"category":"clinic","address":"藤沢市鵠沼松が岡四丁目１６番１５号","included_in_primary_distance":true,"source_year":2020},"geometry":{"type":"Point","coordinates":[139.4723901842731,35.320854425918405]},"id":"medical-569"},{"type":"Feature","properties":{"id":"medical-570","name":"花こども歯科","category_code":3,"category":"dental_clinic","address":"藤沢市湘南台一丁目５番地１０　パティオ湘南２０１号","included_in_primary_distance":false,"source_year":2020},"geometry":{"type":"Point","coordinates":[139.46938217793002,35.397175429387495]},"id":"medical-570"},{"type":"Feature","properties":{"id":"medical-571","name":"花デンタルクリニック","category_code":3,"category":"dental_clinic","address":"藤沢市湘南台二丁目２番地１　シーライト湘南台２Ｅ","included_in_primary_distance":false,"source_year":2020},"geometry":{"type":"Point","coordinates":[139.46582851050874,35.396837388402275]},"id":"medical-571"},{"type":"Feature","properties":{"id":"medical-572","name":"花沢歯科・矯正歯科","category_code":3,"category":"dental_clinic","address":"藤沢市藤沢５６７番地２　中嶋ビル３階","included_in_primary_distance":false,"source_year":2020},"geometry":{"type":"Point","coordinates":[139.4885665782515,35.33996413065479]},"id":"medical-572"},{"type":"Feature","properties":{"id":"medical-573","name":"茂木信道歯科医院","category_code":3,"category":"dental_clinic","address":"藤沢市片瀬山三丁目７番３号","included_in_primary_distance":false,"source_year":2020},"geometry":{"type":"Point","coordinates":[139.49519447289046,35.322113046855506]},"id":"medical-573"},{"type":"Feature","properties":{"id":"medical-574","name":"荏原製作所藤沢事業所診療所","category_code":2,"category":"clinic","address":"藤沢市本藤沢四丁目２番１号","included_in_primary_distance":true,"source_year":2020},"geometry":{"type":"Point","coordinates":[139.46182269899023,35.35794216559512]},"id":"medical-574"},{"type":"Feature","properties":{"id":"medical-575","name":"荒井医院","category_code":2,"category":"clinic","address":"藤沢市本町二丁目１２番７号","included_in_primary_distance":true,"source_year":2020},"geometry":{"type":"Point","coordinates":[139.4789724891144,35.34424789344]},"id":"medical-575"},{"type":"Feature","properties":{"id":"medical-576","name":"菅井歯科医院　藤沢","category_code":3,"category":"dental_clinic","address":"藤沢市藤沢９７１番地１　リベール藤沢ビル１０１","included_in_primary_distance":false,"source_year":2020},"geometry":{"type":"Point","coordinates":[139.4836849183268,35.34023172361578]},"id":"medical-576"},{"type":"Feature","properties":{"id":"medical-577","name":"菅原整形外科","category_code":2,"category":"clinic","address":"藤沢市藤沢１１０５番地","included_in_primary_distance":true,"source_year":2020},"geometry":{"type":"Point","coordinates":[139.48032282411663,35.34059421941891]},"id":"medical-577"},{"type":"Feature","properties":{"id":"medical-578","name":"藤が岡デンタルクリニック","category_code":3,"category":"dental_clinic","address":"藤沢市藤が岡二丁目１３番１３号","included_in_primary_distance":false,"source_year":2020},"geometry":{"type":"Point","coordinates":[139.49475257832833,35.345894610875355]},"id":"medical-578"},{"type":"Feature","properties":{"id":"medical-579","name":"藤が岡皮膚科","category_code":2,"category":"clinic","address":"藤沢市藤が岡三丁目１７番１３号","included_in_primary_distance":true,"source_year":2020},"geometry":{"type":"Point","coordinates":[139.49729656652096,35.34731808301966]},"id":"medical-579"},{"type":"Feature","properties":{"id":"medical-580","name":"藤川眼科","category_code":2,"category":"clinic","address":"藤沢市立石一丁目２番３号","included_in_primary_distance":true,"source_year":2020},"geometry":{"type":"Point","coordinates":[139.47920376020312,35.361117782783204]},"id":"medical-580"},{"type":"Feature","properties":{"id":"medical-581","name":"藤巻歯科医院","category_code":3,"category":"dental_clinic","address":"藤沢市藤沢１０１５番地　藤沢Ｆビル４階","included_in_primary_distance":false,"source_year":2020},"geometry":{"type":"Point","coordinates":[139.4834117276494,35.34182331808461]},"id":"medical-581"},{"type":"Feature","properties":{"id":"medical-582","name":"藤沢いわさき歯科矯正歯科","category_code":3,"category":"dental_clinic","address":"藤沢市鵠沼石上一丁目２番１号　シヴァ湘南２Ｆ","included_in_primary_distance":false,"source_year":2020},"geometry":{"type":"Point","coordinates":[139.48773991052124,35.33683172389427]},"id":"medical-582"},{"type":"Feature","properties":{"id":"medical-583","name":"藤沢ぶん整形外科","category_code":2,"category":"clinic","address":"藤沢市藤沢５３０番地１０　Ｆ．Ｓ．Ｃビル３０１号室","included_in_primary_distance":true,"source_year":2020},"geometry":{"type":"Point","coordinates":[139.48513002628883,35.340331764546185]},"id":"medical-583"},{"type":"Feature","properties":{"id":"medical-584","name":"藤沢まごころ歯科","category_code":3,"category":"dental_clinic","address":"藤沢市湘南台五丁目６番地２４","included_in_primary_distance":false,"source_year":2020},"geometry":{"type":"Point","coordinates":[139.47005678212594,35.39684499917596]},"id":"medical-584"},{"type":"Feature","properties":{"id":"medical-585","name":"藤沢みなみ眼科","category_code":2,"category":"clinic","address":"藤沢市南藤沢二丁目１番３号","included_in_primary_distance":true,"source_year":2020},"geometry":{"type":"Point","coordinates":[139.48866218204915,35.33831645937781]},"id":"medical-585"},{"type":"Feature","properties":{"id":"medical-586","name":"藤沢アイクリニック","category_code":2,"category":"clinic","address":"藤沢市藤沢二丁目３番１５号　トレアージュ白旗２Ｆ","included_in_primary_distance":true,"source_year":2020},"geometry":{"type":"Point","coordinates":[139.4800766265022,35.349729196056124]},"id":"medical-586"},{"type":"Feature","properties":{"id":"medical-587","name":"藤沢アイクリニック","category_code":2,"category":"clinic","address":"藤沢市藤沢５３０番地１０　Ｆ．Ｓ．Ｃビル４階","included_in_primary_distance":true,"source_year":2020},"geometry":{"type":"Point","coordinates":[139.48502918755932,35.34025395588136]},"id":"medical-587"},{"type":"Feature","properties":{"id":"medical-588","name":"藤沢シティ眼科","category_code":2,"category":"clinic","address":"藤沢市藤沢１１５番地　エフティービル２Ｆ","included_in_primary_distance":true,"source_year":2020},"geometry":{"type":"Point","coordinates":[139.4896549051578,35.33916285215057]},"id":"medical-588"},{"type":"Feature","properties":{"id":"medical-589","name":"藤沢デンタルオフィス","category_code":3,"category":"dental_clinic","address":"藤沢市鵠沼石上一丁目１番１号","included_in_primary_distance":false,"source_year":2020},"geometry":{"type":"Point","coordinates":[139.4870980182974,35.33691864613003]},"id":"medical-589"},{"type":"Feature","properties":{"id":"medical-590","name":"藤沢デンタルクリニック","category_code":3,"category":"dental_clinic","address":"藤沢市鵠沼石上一丁目１０番１号　イトーヨーカドー藤沢店６Ｆ","included_in_primary_distance":false,"source_year":2020},"geometry":{"type":"Point","coordinates":[139.48917781619755,35.33499474344164]},"id":"medical-590"},{"type":"Feature","properties":{"id":"medical-591","name":"藤沢メンタルクリニック","category_code":2,"category":"clinic","address":"藤沢市藤沢３４番地２　ライオンズプラザ藤沢２１１","included_in_primary_distance":true,"source_year":2020},"geometry":{"type":"Point","coordinates":[139.4879867261466,35.34247238986275]},"id":"medical-591"},{"type":"Feature","properties":{"id":"medical-592","name":"藤沢メンタル・漢方クリニック","category_code":2,"category":"clinic","address":"藤沢市鵠沼花沢町１３番９号　ハナザワビル３Ｆ","included_in_primary_distance":true,"source_year":2020},"geometry":{"type":"Point","coordinates":[139.4838091053232,35.33796133129418]},"id":"medical-592"},{"type":"Feature","properties":{"id":"medical-593","name":"藤沢内科消化器クリニック","category_code":2,"category":"clinic","address":"藤沢市鵠沼石上一丁目２番４号　２階","included_in_primary_distance":true,"source_year":2020},"geometry":{"type":"Point","coordinates":[139.48788044973227,35.33658064601844]},"id":"medical-593"},{"type":"Feature","properties":{"id":"medical-594","name":"藤沢内科Ｐｏｌｉｔｅ　Ｃｌｉｎｉｃ","category_code":2,"category":"clinic","address":"藤沢市藤沢５３７番地","included_in_primary_distance":true,"source_year":2020},"geometry":{"type":"Point","coordinates":[139.48525270330563,35.34116947992582]},"id":"medical-594"},{"type":"Feature","properties":{"id":"medical-595","name":"藤沢北眼科診療所","category_code":2,"category":"clinic","address":"藤沢市藤沢５５９番地　５階","included_in_primary_distance":true,"source_year":2020},"geometry":{"type":"Point","coordinates":[139.48825391113343,35.339887728692176]},"id":"medical-595"},{"type":"Feature","properties":{"id":"medical-596","name":"藤沢問心堂心療内科","category_code":2,"category":"clinic","address":"藤沢市藤沢１０６１番地３　望月ビル２階","included_in_primary_distance":true,"source_year":2020},"geometry":{"type":"Point","coordinates":[139.48254240609836,35.342331237332]},"id":"medical-596"},{"type":"Feature","properties":{"id":"medical-597","name":"藤沢在宅クリニック","category_code":2,"category":"clinic","address":"藤沢市南藤沢１７番１６号　秋山ビルⅡ　２階２０１号","included_in_primary_distance":true,"source_year":2020},"geometry":{"type":"Point","coordinates":[139.49081632694865,35.33641099606005]},"id":"medical-597"},{"type":"Feature","properties":{"id":"medical-598","name":"藤沢女性のクリニックもんま","category_code":2,"category":"clinic","address":"藤沢市藤沢５３０番地１０　Ｆ．Ｓ．Ｃビル４Ｆ","included_in_primary_distance":true,"source_year":2020},"geometry":{"type":"Point","coordinates":[139.48505589806402,35.34030554081629]},"id":"medical-598"},{"type":"Feature","properties":{"id":"medical-599","name":"藤沢市保健医療センター診療所","category_code":2,"category":"clinic","address":"藤沢市大庭５５２７番地１","included_in_primary_distance":true,"source_year":2020},"geometry":{"type":"Point","coordinates":[139.4481182043725,35.368271604286555]},"id":"medical-599"},{"type":"Feature","properties":{"id":"medical-600","name":"藤沢市保健所","category_code":2,"category":"clinic","address":"藤沢市鵠沼２１３１番地１","included_in_primary_distance":true,"source_year":2020},"geometry":{"type":"Point","coordinates":[139.48851557381454,35.33127183539593]},"id":"medical-600"},{"type":"Feature","properties":{"id":"medical-601","name":"藤沢市北部歯科診療所","category_code":3,"category":"dental_clinic","address":"藤沢市大庭５５２７番地１","included_in_primary_distance":false,"source_year":2020},"geometry":{"type":"Point","coordinates":[139.44772833695862,35.368452216487654]},"id":"medical-601"},{"type":"Feature","properties":{"id":"medical-602","name":"藤沢市医師会北休日夜間急病診療所","category_code":2,"category":"clinic","address":"藤沢市大庭５５２７番地１","included_in_primary_distance":true,"source_year":2020},"geometry":{"type":"Point","coordinates":[139.4481182043725,35.368271604286555]},"id":"medical-602"},{"type":"Feature","properties":{"id":"medical-603","name":"藤沢市医師会南休日夜間急病診療所","category_code":2,"category":"clinic","address":"藤沢市片瀬３３９番地１　藤沢市医師会館内","included_in_primary_distance":true,"source_year":2020},"geometry":{"type":"Point","coordinates":[139.48827865499476,35.329777563731994]},"id":"medical-603"},{"type":"Feature","properties":{"id":"medical-604","name":"藤沢市南休日急患歯科診療所","category_code":3,"category":"dental_clinic","address":"藤沢市鵠沼石上二丁目１０番６号　藤沢市口腔保健センター内","included_in_primary_distance":false,"source_year":2020},"geometry":{"type":"Point","coordinates":[139.488283110156,35.33218144707887]},"id":"medical-604"},{"type":"Feature","properties":{"id":"medical-605","name":"藤沢市民病院","category_code":1,"category":"hospital","address":"藤沢市藤沢二丁目６番１号","included_in_primary_distance":true,"source_year":2020},"geometry":{"type":"Point","coordinates":[139.48200730283122,35.35067105048464]},"id":"medical-605"},{"type":"Feature","properties":{"id":"medical-606","name":"藤沢御所見病院","category_code":1,"category":"hospital","address":"藤沢市獺郷５８０番地","included_in_primary_distance":true,"source_year":2020},"geometry":{"type":"Point","coordinates":[139.40871896114677,35.394168968552144]},"id":"medical-606"},{"type":"Feature","properties":{"id":"medical-607","name":"藤沢愛光園附属診療所","category_code":2,"category":"clinic","address":"藤沢市大庭５５２６番地２","included_in_primary_distance":true,"source_year":2020},"geometry":{"type":"Point","coordinates":[139.44974400132153,35.367525454602784]},"id":"medical-607"},{"type":"Feature","properties":{"id":"medical-608","name":"藤沢整形外クリニック","category_code":2,"category":"clinic","address":"藤沢市藤沢６１０番地１　２Ｆ","included_in_primary_distance":true,"source_year":2020},"geometry":{"type":"Point","coordinates":[139.48757193245663,35.34096084106418]},"id":"medical-608"},{"type":"Feature","properties":{"id":"medical-609","name":"藤沢本町ファミリークリニック","category_code":2,"category":"clinic","address":"藤沢市本藤沢一丁目１番８号","included_in_primary_distance":true,"source_year":2020},"geometry":{"type":"Point","coordinates":[139.47359164600064,35.3510500713501]},"id":"medical-609"},{"type":"Feature","properties":{"id":"medical-610","name":"藤沢松本歯科＆矯正歯科","category_code":3,"category":"dental_clinic","address":"藤沢市朝日町１４番地３　第３榎本ビル　グレイス藤沢１階Ａ室","included_in_primary_distance":false,"source_year":2020},"geometry":{"type":"Point","coordinates":[139.49308178189654,35.34044637206765]},"id":"medical-610"},{"type":"Feature","properties":{"id":"medical-611","name":"藤沢歯ならび矯正歯科","category_code":3,"category":"dental_clinic","address":"藤沢市藤沢６１７番地１２　１階","included_in_primary_distance":false,"source_year":2020},"geometry":{"type":"Point","coordinates":[139.4868164587899,35.341836244263625]},"id":"medical-611"},{"type":"Feature","properties":{"id":"medical-612","name":"藤沢歯科","category_code":3,"category":"dental_clinic","address":"藤沢市南藤沢２１番６号　４０１","included_in_primary_distance":false,"source_year":2020},"geometry":{"type":"Point","coordinates":[139.48790740943596,35.337396657359776]},"id":"medical-612"},{"type":"Feature","properties":{"id":"medical-613","name":"藤沢歯科予防クリニック","category_code":3,"category":"dental_clinic","address":"藤沢市南藤沢２１番６号　２０１","included_in_primary_distance":false,"source_year":2020},"geometry":{"type":"Point","coordinates":[139.48790740943596,35.337396657359776]},"id":"medical-613"},{"type":"Feature","properties":{"id":"medical-614","name":"藤沢病院","category_code":1,"category":"hospital","address":"藤沢市小塚３８３番地","included_in_primary_distance":true,"source_year":2020},"geometry":{"type":"Point","coordinates":[139.50500295465264,35.333861523553175]},"id":"medical-614"},{"type":"Feature","properties":{"id":"medical-615","name":"藤沢皮フ科・形成外科","category_code":2,"category":"clinic","address":"藤沢市南藤沢２０番２０号　柏屋ビル２Ｆ","included_in_primary_distance":true,"source_year":2020},"geometry":{"type":"Point","coordinates":[139.48826293332803,35.33722474041497]},"id":"medical-615"},{"type":"Feature","properties":{"id":"medical-616","name":"藤沢美容クリニック","category_code":2,"category":"clinic","address":"藤沢市南藤沢２１番７号　平野ビル７階","included_in_primary_distance":true,"source_year":2020},"geometry":{"type":"Point","coordinates":[139.48780685985946,35.33730583341265]},"id":"medical-616"},{"type":"Feature","properties":{"id":"medical-617","name":"藤沢脳神経外科病院","category_code":1,"category":"hospital","address":"藤沢市片瀬二丁目１５番３６号","included_in_primary_distance":true,"source_year":2020},"geometry":{"type":"Point","coordinates":[139.48618426313726,35.320325058564805]},"id":"medical-617"},{"type":"Feature","properties":{"id":"medical-618","name":"藤沢金沢内科クリニック","category_code":2,"category":"clinic","address":"藤沢市南藤沢２０番１８号　長塚第１ビル１階","included_in_primary_distance":true,"source_year":2020},"geometry":{"type":"Point","coordinates":[139.48855069109132,35.33735000789639]},"id":"medical-618"},{"type":"Feature","properties":{"id":"medical-619","name":"藤沢駅前　順リハビリ整形外科","category_code":2,"category":"clinic","address":"藤沢市鵠沼橘一丁目１番１号　第２外岡ビル３Ｆ","included_in_primary_distance":true,"source_year":2020},"geometry":{"type":"Point","coordinates":[139.48663694583033,35.3370330682226]},"id":"medical-619"},{"type":"Feature","properties":{"id":"medical-620","name":"藤沢駅前あんどう歯科クリニック","category_code":3,"category":"dental_clinic","address":"藤沢市藤沢１１５　エフ・ティービル藤沢７Ｆ","included_in_primary_distance":false,"source_year":2020},"geometry":{"type":"Point","coordinates":[139.48944732302124,35.33908703194947]},"id":"medical-620"},{"type":"Feature","properties":{"id":"medical-621","name":"藤沢駅前こころのクリニック","category_code":2,"category":"clinic","address":"藤沢市藤沢５５９番地　角若松ビル２階","included_in_primary_distance":true,"source_year":2020},"geometry":{"type":"Point","coordinates":[139.48817521419232,35.3396597168509]},"id":"medical-621"},{"type":"Feature","properties":{"id":"medical-622","name":"藤沢駅南口歯科クリニック","category_code":3,"category":"dental_clinic","address":"藤沢市鵠沼石上一丁目４番８号　湘南フレンズ３Ｆ","included_in_primary_distance":false,"source_year":2020},"geometry":{"type":"Point","coordinates":[139.48899980098903,35.33631180860201]},"id":"medical-622"},{"type":"Feature","properties":{"id":"medical-623","name":"藤田医院","category_code":2,"category":"clinic","address":"藤沢市羽鳥五丁目５番１０号","included_in_primary_distance":true,"source_year":2020},"geometry":{"type":"Point","coordinates":[139.4622630920388,35.34278719846981]},"id":"medical-623"},{"type":"Feature","properties":{"id":"medical-624","name":"西口デンタルクリニック","category_code":3,"category":"dental_clinic","address":"藤沢市藤沢５４１番地４５","included_in_primary_distance":false,"source_year":2020},"geometry":{"type":"Point","coordinates":[139.4862178184727,35.34075412412591]},"id":"medical-624"},{"type":"Feature","properties":{"id":"medical-625","name":"西口歯科医院","category_code":3,"category":"dental_clinic","address":"藤沢市藤沢４３番地　サクラシア藤沢ビル１Ｆ","included_in_primary_distance":false,"source_year":2020},"geometry":{"type":"Point","coordinates":[139.4887559209555,35.34173872282111]},"id":"medical-625"},{"type":"Feature","properties":{"id":"medical-626","name":"西山内科クリニック","category_code":2,"category":"clinic","address":"藤沢市用田６３７番地１","included_in_primary_distance":true,"source_year":2020},"geometry":{"type":"Point","coordinates":[139.41632191818624,35.4041162081126]},"id":"medical-626"},{"type":"Feature","properties":{"id":"medical-627","name":"西山歯科医院","category_code":3,"category":"dental_clinic","address":"藤沢市湘南台一丁目１４番地３","included_in_primary_distance":false,"source_year":2020},"geometry":{"type":"Point","coordinates":[139.46778200210682,35.395546786220265]},"id":"medical-627"},{"type":"Feature","properties":{"id":"medical-628","name":"西村整形外科","category_code":2,"category":"clinic","address":"藤沢市善行二丁目２番地６","included_in_primary_distance":true,"source_year":2020},"geometry":{"type":"Point","coordinates":[139.47263101774527,35.36616825075409]},"id":"medical-628"},{"type":"Feature","properties":{"id":"medical-629","name":"西郡医院","category_code":2,"category":"clinic","address":"藤沢市湘南台七丁目５０番地５","included_in_primary_distance":true,"source_year":2020},"geometry":{"type":"Point","coordinates":[139.47460628716783,35.390838050746034]},"id":"medical-629"},{"type":"Feature","properties":{"id":"medical-630","name":"西部中央歯科医院","category_code":3,"category":"dental_clinic","address":"藤沢市石川６９３番地６","included_in_primary_distance":false,"source_year":2020},"geometry":{"type":"Point","coordinates":[139.44877761436763,35.370087159603564]},"id":"medical-630"},{"type":"Feature","properties":{"id":"medical-631","name":"角谷整形外科","category_code":2,"category":"clinic","address":"藤沢市柄沢５６３番地１","included_in_primary_distance":true,"source_year":2020},"geometry":{"type":"Point","coordinates":[139.49771137377192,35.35465462842735]},"id":"medical-631"},{"type":"Feature","properties":{"id":"medical-632","name":"赤川内科医院","category_code":2,"category":"clinic","address":"藤沢市下土棚５４６番地１","included_in_primary_distance":true,"source_year":2020},"geometry":{"type":"Point","coordinates":[139.462556963536,35.410780893507926]},"id":"medical-632"},{"type":"Feature","properties":{"id":"medical-633","name":"赤見整形外科","category_code":2,"category":"clinic","address":"藤沢市辻堂二丁目９番３号　辻堂プルミエビル３階","included_in_primary_distance":true,"source_year":2020},"geometry":{"type":"Point","coordinates":[139.44693361989826,35.336291579886066]},"id":"medical-633"},{"type":"Feature","properties":{"id":"medical-634","name":"越野小児科","category_code":2,"category":"clinic","address":"藤沢市辻堂二丁目４番２７号","included_in_primary_distance":true,"source_year":2020},"geometry":{"type":"Point","coordinates":[139.44420877300524,35.33591871527923]},"id":"medical-634"},{"type":"Feature","properties":{"id":"medical-635","name":"辻堂いなほクリニック","category_code":2,"category":"clinic","address":"藤沢市辻堂二丁目２番１４号　ステラ湘南３階西側","included_in_primary_distance":true,"source_year":2020},"geometry":{"type":"Point","coordinates":[139.44367407300766,35.33648084851188]},"id":"medical-635"},{"type":"Feature","properties":{"id":"medical-636","name":"辻堂たいへいだい耳鼻咽喉科","category_code":2,"category":"clinic","address":"藤沢市辻堂太平台二丁目１３番２２号","included_in_primary_distance":true,"source_year":2020},"geometry":{"type":"Point","coordinates":[139.46704138537285,35.33502069512638]},"id":"medical-636"},{"type":"Feature","properties":{"id":"medical-637","name":"辻堂なぎさ歯科クリニック","category_code":3,"category":"dental_clinic","address":"藤沢市辻堂西海岸二丁目１１番３号","included_in_primary_distance":false,"source_year":2020},"geometry":{"type":"Point","coordinates":[139.4420795404564,35.324564078124475]},"id":"medical-637"},{"type":"Feature","properties":{"id":"medical-638","name":"辻堂よしおか歯科クリニック","category_code":3,"category":"dental_clinic","address":"藤沢市辻堂神台二丁目２番２６号　ＴＳレジデンス１０１","included_in_primary_distance":false,"source_year":2020},"geometry":{"type":"Point","coordinates":[139.44603487522164,35.343158046298875]},"id":"medical-638"},{"type":"Feature","properties":{"id":"medical-639","name":"辻堂クリニック","category_code":2,"category":"clinic","address":"藤沢市羽鳥三丁目１番８号　Ｗ１０３","included_in_primary_distance":true,"source_year":2020},"geometry":{"type":"Point","coordinates":[139.45486089938348,35.342523410465375]},"id":"medical-639"},{"type":"Feature","properties":{"id":"medical-640","name":"辻堂ステラ歯科","category_code":3,"category":"dental_clinic","address":"藤沢市辻堂二丁目２番１４号　ステラ湘南４Ｆ","included_in_primary_distance":false,"source_year":2020},"geometry":{"type":"Point","coordinates":[139.44367407300766,35.33648084851188]},"id":"medical-640"},{"type":"Feature","properties":{"id":"medical-641","name":"辻堂デンタルクリニック","category_code":3,"category":"dental_clinic","address":"藤沢市辻堂新町一丁目１７番２４号　豊信ビル１Ｒ","included_in_primary_distance":false,"source_year":2020},"geometry":{"type":"Point","coordinates":[139.45204996711055,35.34097959456778]},"id":"medical-641"},{"type":"Feature","properties":{"id":"medical-642","name":"辻堂ベイサイド眼科","category_code":2,"category":"clinic","address":"藤沢市辻堂神台一丁目３番１号　湘南辻堂Ｓ．Ｃ．３階","included_in_primary_distance":true,"source_year":2020},"geometry":{"type":"Point","coordinates":[139.44641727360354,35.33746365490779]},"id":"medical-642"},{"type":"Feature","properties":{"id":"medical-643","name":"辻堂メンタルクリニック","category_code":2,"category":"clinic","address":"藤沢市辻堂東海岸一丁目１２番２０号　湘南メディカルビル２階Ａ","included_in_primary_distance":true,"source_year":2020},"geometry":{"type":"Point","coordinates":[139.4542282758842,35.32295782330886]},"id":"medical-643"},{"type":"Feature","properties":{"id":"medical-644","name":"辻堂レディースクリニック","category_code":2,"category":"clinic","address":"藤沢市辻堂二丁目７番１号　湘南パールビル５Ｆ","included_in_primary_distance":true,"source_year":2020},"geometry":{"type":"Point","coordinates":[139.44646337024923,35.33638960354296]},"id":"medical-644"},{"type":"Feature","properties":{"id":"medical-645","name":"辻堂南口耳鼻科","category_code":2,"category":"clinic","address":"藤沢市辻堂一丁目２番２号　リストレジデンス辻堂タワー３階Ｂ−２","included_in_primary_distance":true,"source_year":2020},"geometry":{"type":"Point","coordinates":[139.4475446823217,35.336286324121666]},"id":"medical-645"},{"type":"Feature","properties":{"id":"medical-646","name":"辻堂太平台クリニック","category_code":2,"category":"clinic","address":"藤沢市辻堂太平台一丁目３番２号","included_in_primary_distance":true,"source_year":2020},"geometry":{"type":"Point","coordinates":[139.45920870757962,35.330817632188456]},"id":"medical-646"},{"type":"Feature","properties":{"id":"medical-647","name":"辻堂太平台歯科","category_code":3,"category":"dental_clinic","address":"藤沢市辻堂太平台二丁目１番５号","included_in_primary_distance":false,"source_year":2020},"geometry":{"type":"Point","coordinates":[139.46071985925042,35.331801606438646]},"id":"medical-647"},{"type":"Feature","properties":{"id":"medical-648","name":"辻堂心とからだのクリニック","category_code":2,"category":"clinic","address":"藤沢市辻堂新町一丁目１番２号　柿崎ビル４Ｆ","included_in_primary_distance":true,"source_year":2020},"geometry":{"type":"Point","coordinates":[139.44900791291624,35.33741681034341]},"id":"medical-648"},{"type":"Feature","properties":{"id":"medical-649","name":"辻堂手塚歯科クリニック","category_code":3,"category":"dental_clinic","address":"藤沢市辻堂新町一丁目１番１５号","included_in_primary_distance":false,"source_year":2020},"geometry":{"type":"Point","coordinates":[139.44877267273776,35.33849918945714]},"id":"medical-649"},{"type":"Feature","properties":{"id":"medical-650","name":"辻堂東海岸クリニック","category_code":2,"category":"clinic","address":"藤沢市辻堂東海岸一丁目１２番２０号　湘南メディカルビル１階","included_in_primary_distance":true,"source_year":2020},"geometry":{"type":"Point","coordinates":[139.4542282758842,35.32295782330886]},"id":"medical-650"},{"type":"Feature","properties":{"id":"medical-651","name":"辻堂金沢内科クリニック","category_code":2,"category":"clinic","address":"藤沢市辻堂神台二丁目２番１号　アイクロス湘南１階","included_in_primary_distance":true,"source_year":2020},"geometry":{"type":"Point","coordinates":[139.4480169248662,35.340057890711904]},"id":"medical-651"},{"type":"Feature","properties":{"id":"medical-652","name":"近藤内科医院","category_code":2,"category":"clinic","address":"藤沢市藤沢１０２７番地９","included_in_primary_distance":true,"source_year":2020},"geometry":{"type":"Point","coordinates":[139.48268002048488,35.340415522109865]},"id":"medical-652"},{"type":"Feature","properties":{"id":"medical-653","name":"近藤歯科医院","category_code":3,"category":"dental_clinic","address":"藤沢市湘南台四丁目１６番地２　西山ビル１階","included_in_primary_distance":false,"source_year":2020},"geometry":{"type":"Point","coordinates":[139.46150321309975,35.40131877510143]},"id":"medical-653"},{"type":"Feature","properties":{"id":"medical-654","name":"遠見歯科医院","category_code":3,"category":"dental_clinic","address":"藤沢市鵠沼海岸二丁目２番１３号","included_in_primary_distance":false,"source_year":2020},"geometry":{"type":"Point","coordinates":[139.47141748377987,35.31975841948523]},"id":"medical-654"},{"type":"Feature","properties":{"id":"medical-655","name":"酒井医院","category_code":2,"category":"clinic","address":"藤沢市辻堂一丁目１０番１９号","included_in_primary_distance":true,"source_year":2020},"geometry":{"type":"Point","coordinates":[139.4496903454299,35.33527651327226]},"id":"medical-655"},{"type":"Feature","properties":{"id":"medical-656","name":"野中医院","category_code":2,"category":"clinic","address":"藤沢市本鵠沼四丁目１４番６号","included_in_primary_distance":true,"source_year":2020},"geometry":{"type":"Point","coordinates":[139.4689458747026,35.329671084949794]},"id":"medical-656"},{"type":"Feature","properties":{"id":"medical-657","name":"野中歯科","category_code":3,"category":"dental_clinic","address":"藤沢市本鵠沼四丁目１４番６号","included_in_primary_distance":false,"source_year":2020},"geometry":{"type":"Point","coordinates":[139.4689458747026,35.329671084949794]},"id":"medical-657"},{"type":"Feature","properties":{"id":"medical-658","name":"野中脳神経外科クリニック","category_code":2,"category":"clinic","address":"藤沢市大庭５０６１番地５","included_in_primary_distance":true,"source_year":2020},"geometry":{"type":"Point","coordinates":[139.44517465242936,35.35887432652969]},"id":"medical-658"},{"type":"Feature","properties":{"id":"medical-659","name":"野沢内科循環器内科","category_code":2,"category":"clinic","address":"藤沢市鵠沼海岸二丁目５番１８号　湘南ＭＫビル２Ｆ","included_in_primary_distance":true,"source_year":2020},"geometry":{"type":"Point","coordinates":[139.47026399013996,35.3204991353908]},"id":"medical-659"},{"type":"Feature","properties":{"id":"medical-660","name":"野沢歯科医院","category_code":3,"category":"dental_clinic","address":"藤沢市辻堂新町一丁目８番２６号","included_in_primary_distance":false,"source_year":2020},"geometry":{"type":"Point","coordinates":[139.45216936257623,35.33901952798852]},"id":"medical-660"},{"type":"Feature","properties":{"id":"medical-661","name":"金子医院","category_code":2,"category":"clinic","address":"藤沢市藤沢５４５番地","included_in_primary_distance":true,"source_year":2020},"geometry":{"type":"Point","coordinates":[139.48629312460403,35.341850880542886]},"id":"medical-661"},{"type":"Feature","properties":{"id":"medical-662","name":"釜萢内科小児科医院","category_code":2,"category":"clinic","address":"藤沢市藤沢８５１番地","included_in_primary_distance":true,"source_year":2020},"geometry":{"type":"Point","coordinates":[139.4858627271478,35.344435756142786]},"id":"medical-662"},{"type":"Feature","properties":{"id":"medical-663","name":"鈴木デンタルクリニック","category_code":3,"category":"dental_clinic","address":"藤沢市藤沢４番地　鈴木ビル１Ｆ２Ｆ","included_in_primary_distance":false,"source_year":2020},"geometry":{"type":"Point","coordinates":[139.4718052706233,35.34734179053704]},"id":"medical-663"},{"type":"Feature","properties":{"id":"medical-664","name":"鈴木医院","category_code":2,"category":"clinic","address":"藤沢市打戻１７９５番地５","included_in_primary_distance":true,"source_year":2020},"geometry":{"type":"Point","coordinates":[139.41638590325394,35.40152719533471]},"id":"medical-664"},{"type":"Feature","properties":{"id":"medical-665","name":"鈴木歯科医院","category_code":3,"category":"dental_clinic","address":"藤沢市片瀬山一丁目１２番１号","included_in_primary_distance":false,"source_year":2020},"geometry":{"type":"Point","coordinates":[139.49212301037693,35.32503235993765]},"id":"medical-665"},{"type":"Feature","properties":{"id":"medical-666","name":"鎌田歯科矯正クリニック","category_code":3,"category":"dental_clinic","address":"藤沢市藤沢５７１番地","included_in_primary_distance":false,"source_year":2020},"geometry":{"type":"Point","coordinates":[139.4885648141654,35.340495926869615]},"id":"medical-666"},{"type":"Feature","properties":{"id":"medical-667","name":"長後えんどう眼科","category_code":2,"category":"clinic","address":"藤沢市長後７０６番地　ゴールドエイジ長後１０３","included_in_primary_distance":true,"source_year":2020},"geometry":{"type":"Point","coordinates":[139.46609262479922,35.41488818366152]},"id":"medical-667"},{"type":"Feature","properties":{"id":"medical-668","name":"長後こどもクリニック","category_code":2,"category":"clinic","address":"藤沢市下土棚４７８番地５","included_in_primary_distance":true,"source_year":2020},"geometry":{"type":"Point","coordinates":[139.46477516712767,35.41131964337264]},"id":"medical-668"},{"type":"Feature","properties":{"id":"medical-669","name":"長後クリニック","category_code":2,"category":"clinic","address":"藤沢市長後７０６番地　ゴールドエイジ藤沢１０２","included_in_primary_distance":true,"source_year":2020},"geometry":{"type":"Point","coordinates":[139.46609262479922,35.41488818366152]},"id":"medical-669"},{"type":"Feature","properties":{"id":"medical-670","name":"長後中央医院","category_code":2,"category":"clinic","address":"藤沢市下土棚４４４番地８","included_in_primary_distance":true,"source_year":2020},"geometry":{"type":"Point","coordinates":[139.46546895714454,35.40982217789169]},"id":"medical-670"},{"type":"Feature","properties":{"id":"medical-671","name":"長後皮膚科医院","category_code":2,"category":"clinic","address":"藤沢市下土棚４６７番地４　カートビル２階","included_in_primary_distance":true,"source_year":2020},"geometry":{"type":"Point","coordinates":[139.46592117434793,35.41240268105852]},"id":"medical-671"},{"type":"Feature","properties":{"id":"medical-672","name":"長後耳鼻咽喉科医院","category_code":2,"category":"clinic","address":"藤沢市下土棚５１３番地","included_in_primary_distance":true,"source_year":2020},"geometry":{"type":"Point","coordinates":[139.4643473728,35.412170490810695]},"id":"medical-672"},{"type":"Feature","properties":{"id":"medical-673","name":"長後駅前眼科","category_code":2,"category":"clinic","address":"藤沢市下土棚４６７番地９　山口ビル３Ｆ","included_in_primary_distance":true,"source_year":2020},"geometry":{"type":"Point","coordinates":[139.46632517259533,35.41213979201187]},"id":"medical-673"},{"type":"Feature","properties":{"id":"medical-674","name":"長谷内科医院","category_code":2,"category":"clinic","address":"藤沢市藤沢２２９番地","included_in_primary_distance":true,"source_year":2020},"geometry":{"type":"Point","coordinates":[139.48883992448972,35.34237811074581]},"id":"medical-674"},{"type":"Feature","properties":{"id":"medical-675","name":"間宮歯科医院","category_code":3,"category":"dental_clinic","address":"藤沢市羽鳥三丁目５番１号","included_in_primary_distance":false,"source_year":2020},"geometry":{"type":"Point","coordinates":[139.45785011103146,35.342161601340536]},"id":"medical-675"},{"type":"Feature","properties":{"id":"medical-676","name":"関口グリム歯科","category_code":3,"category":"dental_clinic","address":"藤沢市鵠沼石上一丁目１番１７号　２０１","included_in_primary_distance":false,"source_year":2020},"geometry":{"type":"Point","coordinates":[139.4868958022304,35.33645342110805]},"id":"medical-676"},{"type":"Feature","properties":{"id":"medical-677","name":"関本医院","category_code":2,"category":"clinic","address":"藤沢市立石一丁目２番３号","included_in_primary_distance":true,"source_year":2020},"geometry":{"type":"Point","coordinates":[139.47920376020312,35.361117782783204]},"id":"medical-677"},{"type":"Feature","properties":{"id":"medical-678","name":"関根歯科医院","category_code":3,"category":"dental_clinic","address":"藤沢市辻堂元町一丁目２番１２号","included_in_primary_distance":false,"source_year":2020},"geometry":{"type":"Point","coordinates":[139.45057305189573,35.33566816670318]},"id":"medical-678"},{"type":"Feature","properties":{"id":"medical-679","name":"関野内科医院","category_code":2,"category":"clinic","address":"藤沢市亀井野一丁目２１番地１２","included_in_primary_distance":true,"source_year":2020},"geometry":{"type":"Point","coordinates":[139.4715920299564,35.38529751054114]},"id":"medical-679"},{"type":"Feature","properties":{"id":"medical-680","name":"関野記念鵠生園クリニック","category_code":2,"category":"clinic","address":"藤沢市鵠沼石上二丁目５番３号","included_in_primary_distance":true,"source_year":2020},"geometry":{"type":"Point","coordinates":[139.48804405689833,35.33447692007781]},"id":"medical-680"},{"type":"Feature","properties":{"id":"medical-681","name":"阿保歯科医院","category_code":3,"category":"dental_clinic","address":"藤沢市藤沢三丁目２番４号","included_in_primary_distance":false,"source_year":2020},"geometry":{"type":"Point","coordinates":[139.4777523703267,35.34834044311512]},"id":"medical-681"},{"type":"Feature","properties":{"id":"medical-682","name":"阿南歯科医院","category_code":3,"category":"dental_clinic","address":"藤沢市亀井野一丁目２番地１　安藤ビル１階","included_in_primary_distance":false,"source_year":2020},"geometry":{"type":"Point","coordinates":[139.47171035146914,35.383511079735285]},"id":"medical-682"},{"type":"Feature","properties":{"id":"medical-683","name":"雨宮湘南矯正歯科","category_code":3,"category":"dental_clinic","address":"藤沢市鵠沼海岸五丁目１３番２４号","included_in_primary_distance":false,"source_year":2020},"geometry":{"type":"Point","coordinates":[139.46433232808224,35.31918941822276]},"id":"medical-683"},{"type":"Feature","properties":{"id":"medical-684","name":"青木デンタルクリニック","category_code":3,"category":"dental_clinic","address":"藤沢市南藤沢１１番１４号","included_in_primary_distance":false,"source_year":2020},"geometry":{"type":"Point","coordinates":[139.4927341877843,35.336821492540416]},"id":"medical-684"},{"type":"Feature","properties":{"id":"medical-685","name":"青木医院","category_code":2,"category":"clinic","address":"藤沢市善行二丁目９番地３","included_in_primary_distance":true,"source_year":2020},"geometry":{"type":"Point","coordinates":[139.47117391385697,35.366320171484816]},"id":"medical-685"},{"type":"Feature","properties":{"id":"medical-686","name":"青木歯科医院","category_code":3,"category":"dental_clinic","address":"藤沢市遠藤５９４５番地１０","included_in_primary_distance":false,"source_year":2020},"geometry":{"type":"Point","coordinates":[139.4323576206186,35.387603326820475]},"id":"medical-686"},{"type":"Feature","properties":{"id":"medical-687","name":"青木歯科医院","category_code":3,"category":"dental_clinic","address":"藤沢市辻堂東海岸一丁目３番３号","included_in_primary_distance":false,"source_year":2020},"geometry":{"type":"Point","coordinates":[139.45588592275863,35.32852360817079]},"id":"medical-687"},{"type":"Feature","properties":{"id":"medical-688","name":"青木歯科医院","category_code":3,"category":"dental_clinic","address":"藤沢市朝日町１０番地６　嶋田ビル１Ｆ","included_in_primary_distance":false,"source_year":2020},"geometry":{"type":"Point","coordinates":[139.49230870732617,35.34016993061096]},"id":"medical-688"},{"type":"Feature","properties":{"id":"medical-689","name":"風間医院","category_code":2,"category":"clinic","address":"藤沢市朝日町１６番地４","included_in_primary_distance":true,"source_year":2020},"geometry":{"type":"Point","coordinates":[139.4914051131054,35.3409771771976]},"id":"medical-689"},{"type":"Feature","properties":{"id":"medical-690","name":"風間歯科医院","category_code":3,"category":"dental_clinic","address":"藤沢市遠藤８８０番地２","included_in_primary_distance":false,"source_year":2020},"geometry":{"type":"Point","coordinates":[139.43405902347456,35.37067483307863]},"id":"medical-690"},{"type":"Feature","properties":{"id":"medical-691","name":"飯塚整形外科","category_code":2,"category":"clinic","address":"藤沢市善行一丁目２５番地１　ロイヤルⅡビル２階","included_in_primary_distance":true,"source_year":2020},"geometry":{"type":"Point","coordinates":[139.4726104330336,35.36302168356441]},"id":"medical-691"},{"type":"Feature","properties":{"id":"medical-692","name":"飯島歯科医院","category_code":3,"category":"dental_clinic","address":"藤沢市辻堂東海岸二丁目１番３４号","included_in_primary_distance":false,"source_year":2020},"geometry":{"type":"Point","coordinates":[139.45727023303516,35.32495046883347]},"id":"medical-692"},{"type":"Feature","properties":{"id":"medical-693","name":"飯泉歯科医院","category_code":3,"category":"dental_clinic","address":"藤沢市鵠沼桜が岡二丁目３番１２号","included_in_primary_distance":false,"source_year":2020},"geometry":{"type":"Point","coordinates":[139.47769088964873,35.32713796484607]},"id":"medical-693"},{"type":"Feature","properties":{"id":"medical-694","name":"首藤歯科クリニック","category_code":3,"category":"dental_clinic","address":"藤沢市湘南台五丁目１３番地２１","included_in_primary_distance":false,"source_year":2020},"geometry":{"type":"Point","coordinates":[139.46873200177393,35.39980294821576]},"id":"medical-694"},{"type":"Feature","properties":{"id":"medical-695","name":"馬嶋歯科医院","category_code":3,"category":"dental_clinic","address":"藤沢市高倉８６９番地４","included_in_primary_distance":false,"source_year":2020},"geometry":{"type":"Point","coordinates":[139.46655958679108,35.41426914623561]},"id":"medical-695"},{"type":"Feature","properties":{"id":"medical-696","name":"高木歯科医院","category_code":3,"category":"dental_clinic","address":"藤沢市藤沢９６８番地１　１０１","included_in_primary_distance":false,"source_year":2020},"geometry":{"type":"Point","coordinates":[139.4839291216923,35.34087352169351]},"id":"medical-696"},{"type":"Feature","properties":{"id":"medical-697","name":"高木歯科医院","category_code":3,"category":"dental_clinic","address":"藤沢市藤沢１４３番地","included_in_primary_distance":false,"source_year":2020},"geometry":{"type":"Point","coordinates":[139.49006791438464,35.34088828658391]},"id":"medical-697"},{"type":"Feature","properties":{"id":"medical-698","name":"高橋まことクリニック","category_code":2,"category":"clinic","address":"藤沢市石川一丁目１番地２０　ＳＣビル２階、３階Ｂ号室","included_in_primary_distance":true,"source_year":2020},"geometry":{"type":"Point","coordinates":[139.45239790329939,35.3767630262899]},"id":"medical-698"},{"type":"Feature","properties":{"id":"medical-699","name":"高橋整形外科","category_code":2,"category":"clinic","address":"藤沢市湘南台二丁目２７番地１５　東永ビル２Ｆ","included_in_primary_distance":true,"source_year":2020},"geometry":{"type":"Point","coordinates":[139.46729453099718,35.39358682643008]},"id":"medical-699"},{"type":"Feature","properties":{"id":"medical-700","name":"高橋歯科クリニック","category_code":3,"category":"dental_clinic","address":"藤沢市鵠沼海岸三丁目６番８号","included_in_primary_distance":false,"source_year":2020},"geometry":{"type":"Point","coordinates":[139.4694068495993,35.32051883229756]},"id":"medical-700"},{"type":"Feature","properties":{"id":"medical-701","name":"高橋歯科医院","category_code":3,"category":"dental_clinic","address":"藤沢市辻堂五丁目１０番１号","included_in_primary_distance":false,"source_year":2020},"geometry":{"type":"Point","coordinates":[139.44771413177338,35.32837416759539]},"id":"medical-701"},{"type":"Feature","properties":{"id":"medical-702","name":"髙倉歯科医院","category_code":3,"category":"dental_clinic","address":"藤沢市鵠沼海岸一丁目１５番２９号","included_in_primary_distance":false,"source_year":2020},"geometry":{"type":"Point","coordinates":[139.47214073277223,35.31784560553724]},"id":"medical-702"},{"type":"Feature","properties":{"id":"medical-703","name":"髙橋内科クリニック","category_code":2,"category":"clinic","address":"藤沢市片瀬海岸一丁目５番５号","included_in_primary_distance":true,"source_year":2020},"geometry":{"type":"Point","coordinates":[139.4897617347127,35.31088598589879]},"id":"medical-703"},{"type":"Feature","properties":{"id":"medical-704","name":"髙橋歯科医院","category_code":3,"category":"dental_clinic","address":"藤沢市南藤沢８番３号　１１２","included_in_primary_distance":false,"source_year":2020},"geometry":{"type":"Point","coordinates":[139.49137825050386,35.33757253078646]},"id":"medical-704"},{"type":"Feature","properties":{"id":"medical-705","name":"鵠沼クリニック","category_code":2,"category":"clinic","address":"藤沢市本鵠沼二丁目１４番１０号","included_in_primary_distance":true,"source_year":2020},"geometry":{"type":"Point","coordinates":[139.4745323326288,35.330799973235756]},"id":"medical-705"},{"type":"Feature","properties":{"id":"medical-706","name":"鵠沼メンタルクリニック","category_code":2,"category":"clinic","address":"藤沢市鵠沼桜が岡一丁目８番１０号","included_in_primary_distance":true,"source_year":2020},"geometry":{"type":"Point","coordinates":[139.48479613511356,35.32980499789349]},"id":"medical-706"},{"type":"Feature","properties":{"id":"medical-707","name":"鵠沼海岸内科クリニック","category_code":2,"category":"clinic","address":"藤沢市鵠沼海岸二丁目３番１３号　２階","included_in_primary_distance":true,"source_year":2020},"geometry":{"type":"Point","coordinates":[139.47093809198935,35.32043166136294]},"id":"medical-707"},{"type":"Feature","properties":{"id":"medical-708","name":"鵠沼海岸駅前歯科医院","category_code":3,"category":"dental_clinic","address":"藤沢市鵠沼海岸二丁目３番１４号　２Ｆ","included_in_primary_distance":false,"source_year":2020},"geometry":{"type":"Point","coordinates":[139.4711500178178,35.3205713729775]},"id":"medical-708"},{"type":"Feature","properties":{"id":"medical-709","name":"鵠生クリニック","category_code":2,"category":"clinic","address":"藤沢市片瀬海岸一丁目７番９号","included_in_primary_distance":true,"source_year":2020},"geometry":{"type":"Point","coordinates":[139.48774765153937,35.30853122222155]},"id":"medical-709"},{"type":"Feature","properties":{"id":"medical-710","name":"鶴田歯科医院","category_code":3,"category":"dental_clinic","address":"藤沢市本藤沢六丁目１番９号","included_in_primary_distance":false,"source_year":2020},"geometry":{"type":"Point","coordinates":[139.4723970808977,35.35849111498368]},"id":"medical-710"},{"type":"Feature","properties":{"id":"medical-711","name":"黒川歯科医院","category_code":3,"category":"dental_clinic","address":"藤沢市南藤沢２番８号","included_in_primary_distance":false,"source_year":2020},"geometry":{"type":"Point","coordinates":[139.48926200107744,35.338350344608926]},"id":"medical-711"},{"type":"Feature","properties":{"id":"medical-712","name":"黒川産科婦人科医院","category_code":2,"category":"clinic","address":"藤沢市善行二丁目１番地１０","included_in_primary_distance":true,"source_year":2020},"geometry":{"type":"Point","coordinates":[139.47259517674047,35.365091713123505]},"id":"medical-712"},{"type":"Feature","properties":{"id":"medical-713","name":"齊藤歯科クリニック","category_code":3,"category":"dental_clinic","address":"藤沢市羽鳥三丁目２０番５号　１階","included_in_primary_distance":false,"source_year":2020},"geometry":{"type":"Point","coordinates":[139.4560839351486,35.34652940732408]},"id":"medical-713"},{"type":"Feature","properties":{"id":"medical-714","name":"ＣｏＣｏ　Ｃｌｉｎｉｃ","category_code":2,"category":"clinic","address":"藤沢市鵠沼松が岡三丁目２番１３号","included_in_primary_distance":true,"source_year":2020},"geometry":{"type":"Point","coordinates":[139.47958429173966,35.323541485777135]},"id":"medical-714"},{"type":"Feature","properties":{"id":"medical-715","name":"ＤＩＶＡ　ＤＥＮＴＡＬ　ＣＬＩＮＩＣ藤沢駅前歯科","category_code":3,"category":"dental_clinic","address":"藤沢市南藤沢２２番２号　春日ビル中２階","included_in_primary_distance":false,"source_year":2020},"geometry":{"type":"Point","coordinates":[139.48695555574582,35.33812432864648]},"id":"medical-715"},{"type":"Feature","properties":{"id":"medical-716","name":"Ｋｅｎ歯科","category_code":3,"category":"dental_clinic","address":"藤沢市鵠沼海岸二丁目５番５号　メル鵠沼１階","included_in_primary_distance":false,"source_year":2020},"geometry":{"type":"Point","coordinates":[139.47073144257027,35.32020890402897]},"id":"medical-716"},{"type":"Feature","properties":{"id":"medical-717","name":"ＮＯＫ株式会社藤沢事業場診療所","category_code":2,"category":"clinic","address":"藤沢市辻堂新町四丁目３番１号","included_in_primary_distance":true,"source_year":2020},"geometry":{"type":"Point","coordinates":[139.46464281899821,35.34030003084741]},"id":"medical-717"},{"type":"Feature","properties":{"id":"medical-718","name":"ＴＡＣデンタルクリニック","category_code":3,"category":"dental_clinic","address":"藤沢市羽鳥三丁目１番３８号　ハックドラッグ羽鳥店２階","included_in_primary_distance":false,"source_year":2020},"geometry":{"type":"Point","coordinates":[139.45395095906463,35.34214203302588]},"id":"medical-718"}]}
