{"type":"FeatureCollection","features":[{"type":"Feature","properties":{"mesh_code":"523973574","area_label":"江ノ島バス停周辺","area_label_basis":"最寄りの実在公共交通名称（行政地名ではない）","rank":null,"population":2,"elderly_population":null,"elderly_ratio":null,"centroid_lat":35.297916666666666,"centroid_lon":139.471875,"city_area_fraction":0.03878462236283549,"disclosure_status":"suppressed_source","primary_eligible":false,"nearest_station_name":"片瀬江ノ島","nearest_station_distance_m":1615.4828010414647,"nearest_bus_stop_name":"江ノ島","nearest_bus_stop_distance_m":1018.6229357968209,"nearest_public_transport_type":"bus_stop","nearest_public_transport_name":"江ノ島","nearest_public_transport_distance_m":1018.6229357968209,"nearest_medical_name":"いしい内科医院","nearest_medical_distance_m":1658.5345165019924,"nearest_medical_access_class":"likely_public","nearest_hospital_name":"藤沢脳神経外科病院","nearest_hospital_distance_m":2805.8735414863168,"elderly_population_percentile":null,"transport_distance_percentile":null,"medical_distance_percentile":null,"exploratory_score_c":null,"pareto_frontier":null},"geometry":{"type":"Polygon","coordinates":[[[139.46875,35.295833333333334],[139.475,35.295833333333334],[139.475,35.3],[139.46875,35.3],[139.46875,35.295833333333334]]]},"id":"523973574"},{"type":"Feature","properties":{"mesh_code":"523973583","area_label":"かながわ女性センターバス停周辺","area_label_basis":"最寄りの実在公共交通名称（行政地名ではない）","rank":null,"population":57,"elderly_population":null,"elderly_ratio":null,"centroid_lat":35.297916666666666,"centroid_lon":139.478125,"city_area_fraction":0.5198687404352326,"disclosure_status":"aggregation_destination","primary_eligible":false,"nearest_station_name":"片瀬江ノ島","nearest_station_distance_m":1337.7726845352056,"nearest_bus_stop_name":"かながわ女性センター","nearest_bus_stop_distance_m":484.1169935551673,"nearest_public_transport_type":"bus_stop","nearest_public_transport_name":"かながわ女性センター","nearest_public_transport_distance_m":484.1169935551673,"nearest_medical_name":"いしい内科医院","nearest_medical_distance_m":1370.901292179454,"nearest_medical_access_class":"likely_public","nearest_hospital_name":"藤沢脳神経外科病院","nearest_hospital_distance_m":2591.6887114865026,"elderly_population_percentile":null,"transport_distance_percentile":null,"medical_distance_percentile":null,"exploratory_score_c":null,"pareto_frontier":null},"geometry":{"type":"Polygon","coordinates":[[[139.475,35.295833333333334],[139.48125,35.295833333333334],[139.48125,35.3],[139.475,35.3],[139.475,35.295833333333334]]]},"id":"523973583"},{"type":"Feature","properties":{"mesh_code":"523973584","area_label":"湘南港桟橋バス停周辺","area_label_basis":"最寄りの実在公共交通名称（行政地名ではない）","rank":252,"population":32,"elderly_population":14.0,"elderly_ratio":0.4375,"centroid_lat":35.297916666666666,"centroid_lon":139.484375,"city_area_fraction":0.45844164791299385,"disclosure_status":"unaffected","primary_eligible":true,"nearest_station_name":"片瀬江ノ島","nearest_station_distance_m":1271.0674345396333,"nearest_bus_stop_name":"湘南港桟橋","nearest_bus_stop_distance_m":88.73748931213254,"nearest_public_transport_type":"bus_stop","nearest_public_transport_name":"湘南港桟橋","nearest_public_transport_distance_m":88.73748931213254,"nearest_medical_name":"鵠生クリニック","nearest_medical_distance_m":1216.8306353789494,"nearest_medical_access_class":"likely_public","nearest_hospital_name":"藤沢脳神経外科病院","nearest_hospital_distance_m":2491.347552379199,"elderly_population_percentile":0.0190114068441064,"transport_distance_percentile":0.1292775665399239,"medical_distance_percentile":1.0,"exploratory_score_c":0.0024577484133065,"pareto_frontier":true},"geometry":{"type":"Polygon","coordinates":[[[139.48125,35.295833333333334],[139.4875,35.295833333333334],[139.4875,35.3],[139.48125,35.3],[139.48125,35.295833333333334]]]},"id":"523973584"},{"type":"Feature","properties":{"mesh_code":"523973681","area_label":"江ノ島バス停周辺","area_label_basis":"最寄りの実在公共交通名称（行政地名ではない）","rank":null,"population":86,"elderly_population":34.0,"elderly_ratio":0.3953488372093023,"centroid_lat":35.30208333333333,"centroid_lon":139.478125,"city_area_fraction":0.2594544026906958,"disclosure_status":"unaffected","primary_eligible":false,"nearest_station_name":"片瀬江ノ島","nearest_station_distance_m":913.5047894116404,"nearest_bus_stop_name":"江ノ島","nearest_bus_stop_distance_m":317.8256670520808,"nearest_public_transport_type":"bus_stop","nearest_public_transport_name":"江ノ島","nearest_public_transport_distance_m":317.8256670520808,"nearest_medical_name":"いしい内科医院","nearest_medical_distance_m":952.205796623996,"nearest_medical_access_class":"likely_public","nearest_hospital_name":"藤沢脳神経外科病院","nearest_hospital_distance_m":2152.286126782047,"elderly_population_percentile":null,"transport_distance_percentile":null,"medical_distance_percentile":null,"exploratory_score_c":null,"pareto_frontier":null},"geometry":{"type":"Polygon","coordinates":[[[139.475,35.3],[139.48125,35.3],[139.48125,35.30416666666667],[139.475,35.30416666666667],[139.475,35.3]]]},"id":"523973681"},{"type":"Feature","properties":{"mesh_code":"523973682","area_label":"江ノ島バス停周辺","area_label_basis":"最寄りの実在公共交通名称（行政地名ではない）","rank":null,"population":135,"elderly_population":50.0,"elderly_ratio":0.37037037037037035,"centroid_lat":35.30208333333333,"centroid_lon":139.484375,"city_area_fraction":0.25682528142171596,"disclosure_status":"unaffected","primary_eligible":false,"nearest_station_name":"片瀬江ノ島","nearest_station_distance_m":812.6973709365744,"nearest_bus_stop_name":"江ノ島","nearest_bus_stop_distance_m":257.9568874562816,"nearest_public_transport_type":"bus_stop","nearest_public_transport_name":"江ノ島","nearest_public_transport_distance_m":257.9568874562816,"nearest_medical_name":"鵠生クリニック","nearest_medical_distance_m":778.2881728860181,"nearest_medical_access_class":"likely_public","nearest_hospital_name":"藤沢脳神経外科病院","nearest_hospital_distance_m":2030.3509303587966,"elderly_population_percentile":null,"transport_distance_percentile":null,"medical_distance_percentile":null,"exploratory_score_c":null,"pareto_frontier":null},"geometry":{"type":"Polygon","coordinates":[[[139.48125,35.3],[139.4875,35.3],[139.4875,35.30416666666667],[139.48125,35.30416666666667],[139.48125,35.3]]]},"id":"523973682"},{"type":"Feature","properties":{"mesh_code":"523973684","area_label":"江ノ島海岸バス停周辺","area_label_basis":"最寄りの実在公共交通名称（行政地名ではない）","rank":188,"population":376,"elderly_population":85.0,"elderly_ratio":0.22606382978723405,"centroid_lat":35.30625,"centroid_lon":139.484375,"city_area_fraction":0.549178007951295,"disclosure_status":"unaffected","primary_eligible":true,"nearest_station_name":"片瀬江ノ島","nearest_station_distance_m":364.23004159656364,"nearest_bus_stop_name":"江ノ島海岸","nearest_bus_stop_distance_m":131.60911246751334,"nearest_public_transport_type":"bus_stop","nearest_public_transport_name":"江ノ島海岸","nearest_public_transport_distance_m":131.60911246751334,"nearest_medical_name":"いしい内科医院","nearest_medical_distance_m":368.95138276980515,"nearest_medical_access_class":"likely_public","nearest_hospital_name":"藤沢脳神経外科病院","nearest_hospital_distance_m":1570.0822303279817,"elderly_population_percentile":0.1749049429657794,"transport_distance_percentile":0.2775665399239543,"medical_distance_percentile":0.5893536121673004,"exploratory_score_c":0.0286117976211567,"pareto_frontier":false},"geometry":{"type":"Polygon","coordinates":[[[139.48125,35.30416666666667],[139.4875,35.30416666666667],[139.4875,35.30833333333334],[139.48125,35.30833333333334],[139.48125,35.30416666666667]]]},"id":"523973684"},{"type":"Feature","properties":{"mesh_code":"523973693","area_label":"東浜バス停周辺","area_label_basis":"最寄りの実在公共交通名称（行政地名ではない）","rank":null,"population":169,"elderly_population":68.0,"elderly_ratio":0.40236686390532544,"centroid_lat":35.30625,"centroid_lon":139.490625,"city_area_fraction":0.03694750433061504,"disclosure_status":"unaffected","primary_eligible":false,"nearest_station_name":"江ノ島","nearest_station_distance_m":595.8099591351802,"nearest_bus_stop_name":"東浜","nearest_bus_stop_distance_m":384.0098306188567,"nearest_public_transport_type":"bus_stop","nearest_public_transport_name":"東浜","nearest_public_transport_distance_m":384.0098306188567,"nearest_medical_name":"鵠生クリニック","nearest_medical_distance_m":364.0193756362962,"nearest_medical_access_class":"likely_public","nearest_hospital_name":"藤沢脳神経外科病院","nearest_hospital_distance_m":1612.8067138091226,"elderly_population_percentile":null,"transport_distance_percentile":null,"medical_distance_percentile":null,"exploratory_score_c":null,"pareto_frontier":null},"geometry":{"type":"Polygon","coordinates":[[[139.4875,35.30416666666667],[139.49375,35.30416666666667],[139.49375,35.30833333333334],[139.4875,35.30833333333334],[139.4875,35.30416666666667]]]},"id":"523973693"},{"type":"Feature","properties":{"mesh_code":"523973774","area_label":"公園西部駐車場前バス停周辺","area_label_basis":"最寄りの実在公共交通名称（行政地名ではない）","rank":142,"population":353,"elderly_population":113.0,"elderly_ratio":0.32011331444759206,"centroid_lat":35.31458333333333,"centroid_lon":139.471875,"city_area_fraction":0.6937619662417838,"disclosure_status":"unaffected","primary_eligible":true,"nearest_station_name":"鵠沼海岸","nearest_station_distance_m":686.9830832814926,"nearest_bus_stop_name":"公園西部駐車場前","nearest_bus_stop_distance_m":167.48707256837494,"nearest_public_transport_type":"bus_stop","nearest_public_transport_name":"公園西部駐車場前","nearest_public_transport_distance_m":167.48707256837494,"nearest_medical_name":"のなかこどもクリニック","nearest_medical_distance_m":392.57908603599606,"nearest_medical_access_class":"likely_public","nearest_hospital_name":"藤沢脳神経外科病院","nearest_hospital_distance_m":1448.6401476432916,"elderly_population_percentile":0.2357414448669201,"transport_distance_percentile":0.403041825095057,"medical_distance_percentile":0.6311787072243346,"exploratory_score_c":0.0599706004695503,"pareto_frontier":false},"geometry":{"type":"Polygon","coordinates":[[[139.46875,35.3125],[139.475,35.3125],[139.475,35.31666666666667],[139.46875,35.31666666666667],[139.46875,35.3125]]]},"id":"523973774"},{"type":"Feature","properties":{"mesh_code":"523973781","area_label":"西浜バス停周辺","area_label_basis":"最寄りの実在公共交通名称（行政地名ではない）","rank":156,"population":911,"elderly_population":139.0,"elderly_ratio":0.1525795828759605,"centroid_lat":35.31041666666667,"centroid_lon":139.478125,"city_area_fraction":0.5945519745491555,"disclosure_status":"unaffected","primary_eligible":true,"nearest_station_name":"片瀬江ノ島","nearest_station_distance_m":454.05801848433424,"nearest_bus_stop_name":"西浜","nearest_bus_stop_distance_m":124.4094554517296,"nearest_public_transport_type":"bus_stop","nearest_public_transport_name":"西浜","nearest_public_transport_distance_m":124.4094554517296,"nearest_medical_name":"のなかこどもクリニック","nearest_medical_distance_m":452.6254778735394,"nearest_medical_access_class":"likely_public","nearest_hospital_name":"藤沢脳神経外科病院","nearest_hospital_distance_m":1321.0868701002933,"elderly_population_percentile":0.2737642585551331,"transport_distance_percentile":0.247148288973384,"medical_distance_percentile":0.714828897338403,"exploratory_score_c":0.0483655863109735,"pareto_frontier":false},"geometry":{"type":"Polygon","coordinates":[[[139.475,35.30833333333333],[139.48125,35.30833333333333],[139.48125,35.3125],[139.475,35.3125],[139.475,35.30833333333333]]]},"id":"523973781"},{"type":"Feature","properties":{"mesh_code":"523973782","area_label":"片瀬江ノ島周辺","area_label_basis":"最寄りの実在公共交通名称（行政地名ではない）","rank":144,"population":2527,"elderly_population":633.0,"elderly_ratio":0.2504946576968738,"centroid_lat":35.31041666666667,"centroid_lon":139.484375,"city_area_fraction":1.0000000000000002,"disclosure_status":"unaffected","primary_eligible":true,"nearest_station_name":"片瀬江ノ島","nearest_station_distance_m":179.36785087116442,"nearest_bus_stop_name":"江ノ島駅前","nearest_bus_stop_distance_m":294.1264739565768,"nearest_public_transport_type":"station","nearest_public_transport_name":"片瀬江ノ島","nearest_public_transport_distance_m":179.36785087116442,"nearest_medical_name":"いしい内科医院","nearest_medical_distance_m":134.56331624158034,"nearest_medical_access_class":"likely_public","nearest_hospital_name":"藤沢脳神経外科病院","nearest_hospital_distance_m":1111.4465523891188,"elderly_population_percentile":0.7680608365019012,"transport_distance_percentile":0.4524714828897338,"medical_distance_percentile":0.1711026615969581,"exploratory_score_c":0.0594625595204163,"pareto_frontier":false},"geometry":{"type":"Polygon","coordinates":[[[139.48125,35.30833333333333],[139.4875,35.30833333333333],[139.4875,35.3125],[139.48125,35.3125],[139.48125,35.30833333333333]]]},"id":"523973782"},{"type":"Feature","properties":{"mesh_code":"523973783","area_label":"小田急ショップ前バス停周辺","area_label_basis":"最寄りの実在公共交通名称（行政地名ではない）","rank":98,"population":2501,"elderly_population":549.0,"elderly_ratio":0.21951219512195122,"centroid_lat":35.31458333333333,"centroid_lon":139.478125,"city_area_fraction":1.0,"disclosure_status":"unaffected","primary_eligible":true,"nearest_station_name":"湘南海岸公園","nearest_station_distance_m":478.10469627939057,"nearest_bus_stop_name":"小田急ショップ前","nearest_bus_stop_distance_m":255.60192905078944,"nearest_public_transport_type":"bus_stop","nearest_public_transport_name":"小田急ショップ前","nearest_public_transport_distance_m":255.60192905078944,"nearest_medical_name":"のなかこどもクリニック","nearest_medical_distance_m":184.37338967875215,"nearest_medical_access_class":"likely_public","nearest_hospital_name":"藤沢脳神経外科病院","nearest_hospital_distance_m":970.9387403312826,"elderly_population_percentile":0.6615969581749049,"transport_distance_percentile":0.6615969581749049,"medical_distance_percentile":0.247148288973384,"exploratory_score_c":0.1081794098072572,"pareto_frontier":false},"geometry":{"type":"Polygon","coordinates":[[[139.475,35.3125],[139.48125,35.3125],[139.48125,35.31666666666667],[139.475,35.31666666666667],[139.475,35.3125]]]},"id":"523973783"},{"type":"Feature","properties":{"mesh_code":"523973784","area_label":"湘南海岸公園周辺","area_label_basis":"最寄りの実在公共交通名称（行政地名ではない）","rank":234,"population":2327,"elderly_population":645.0,"elderly_ratio":0.2771809196390202,"centroid_lat":35.31458333333333,"centroid_lon":139.484375,"city_area_fraction":1.0,"disclosure_status":"unaffected","primary_eligible":true,"nearest_station_name":"湘南海岸公園","nearest_station_distance_m":117.41466836474684,"nearest_bus_stop_name":"西方","nearest_bus_stop_distance_m":159.79240984709557,"nearest_public_transport_type":"station","nearest_public_transport_name":"湘南海岸公園","nearest_public_transport_distance_m":117.41466836474684,"nearest_medical_name":"医療法人社団清明会　湘南海岸眼科クリニック","nearest_medical_distance_m":54.757732114476184,"nearest_medical_access_class":"likely_public","nearest_hospital_name":"藤沢脳神経外科病院","nearest_hospital_distance_m":657.8688853170612,"elderly_population_percentile":0.7946768060836502,"transport_distance_percentile":0.2205323193916349,"medical_distance_percentile":0.0418250950570342,"exploratory_score_c":0.0073299281799848,"pareto_frontier":false},"geometry":{"type":"Polygon","coordinates":[[[139.48125,35.3125],[139.4875,35.3125],[139.4875,35.31666666666667],[139.48125,35.31666666666667],[139.48125,35.3125]]]},"id":"523973784"},{"type":"Feature","properties":{"mesh_code":"523973791","area_label":"竜口寺バス停周辺","area_label_basis":"最寄りの実在公共交通名称（行政地名ではない）","rank":null,"population":2441,"elderly_population":825.0,"elderly_ratio":0.33797623924621056,"centroid_lat":35.31041666666667,"centroid_lon":139.490625,"city_area_fraction":0.3944862543356265,"disclosure_status":"unaffected","primary_eligible":false,"nearest_station_name":"江ノ島","nearest_station_distance_m":280.3746375668368,"nearest_bus_stop_name":"竜口寺","nearest_bus_stop_distance_m":127.37339086264791,"nearest_public_transport_type":"bus_stop","nearest_public_transport_name":"竜口寺","nearest_public_transport_distance_m":127.37339086264791,"nearest_medical_name":"髙橋内科クリニック","nearest_medical_distance_m":94.19648162650513,"nearest_medical_access_class":"likely_public","nearest_hospital_name":"藤沢脳神経外科病院","nearest_hospital_distance_m":1171.0227554328746,"elderly_population_percentile":null,"transport_distance_percentile":null,"medical_distance_percentile":null,"exploratory_score_c":null,"pareto_frontier":null},"geometry":{"type":"Polygon","coordinates":[[[139.4875,35.30833333333333],[139.49375,35.30833333333333],[139.49375,35.3125],[139.4875,35.3125],[139.4875,35.30833333333333]]]},"id":"523973791"},{"type":"Feature","properties":{"mesh_code":"523973793","area_label":"目白山下周辺","area_label_basis":"最寄りの実在公共交通名称（行政地名ではない）","rank":162,"population":1237,"elderly_population":337.0,"elderly_ratio":0.27243330638641877,"centroid_lat":35.31458333333333,"centroid_lon":139.490625,"city_area_fraction":0.8335271206499449,"disclosure_status":"unaffected","primary_eligible":true,"nearest_station_name":"目白山下","nearest_station_distance_m":99.375351244285,"nearest_bus_stop_name":"目白山","nearest_bus_stop_distance_m":260.3607397502198,"nearest_public_transport_type":"station","nearest_public_transport_name":"目白山下","nearest_public_transport_distance_m":99.375351244285,"nearest_medical_name":"佐川内科医院","nearest_medical_distance_m":363.622548510863,"nearest_medical_access_class":"likely_public","nearest_hospital_name":"藤沢脳神経外科病院","nearest_hospital_distance_m":754.1655686965634,"elderly_population_percentile":0.4486692015209125,"transport_distance_percentile":0.1673003802281368,"medical_distance_percentile":0.5779467680608364,"exploratory_score_c":0.0433821454664931,"pareto_frontier":false},"geometry":{"type":"Polygon","coordinates":[[[139.4875,35.3125],[139.49375,35.3125],[139.49375,35.31666666666667],[139.4875,35.31666666666667],[139.4875,35.3125]]]},"id":"523973793"},{"type":"Feature","properties":{"mesh_code":"523973794","area_label":"目白山バス停周辺","area_label_basis":"最寄りの実在公共交通名称（行政地名ではない）","rank":null,"population":2194,"elderly_population":663.0,"elderly_ratio":0.30218778486782133,"centroid_lat":35.31458333333333,"centroid_lon":139.496875,"city_area_fraction":0.01867988893100645,"disclosure_status":"unaffected","primary_eligible":false,"nearest_station_name":"目白山下","nearest_station_distance_m":489.9059028016057,"nearest_bus_stop_name":"目白山","nearest_bus_stop_distance_m":322.3947396406908,"nearest_public_transport_type":"bus_stop","nearest_public_transport_name":"目白山","nearest_public_transport_distance_m":322.3947396406908,"nearest_medical_name":"片瀬山内科医院","nearest_medical_distance_m":495.99250533852506,"nearest_medical_access_class":"likely_public","nearest_hospital_name":"藤沢脳神経外科病院","nearest_hospital_distance_m":1162.1720565121539,"elderly_population_percentile":null,"transport_distance_percentile":null,"medical_distance_percentile":null,"exploratory_score_c":null,"pareto_frontier":null},"geometry":{"type":"Polygon","coordinates":[[[139.49375,35.3125],[139.5,35.3125],[139.5,35.31666666666667],[139.49375,35.31666666666667],[139.49375,35.3125]]]},"id":"523973794"},{"type":"Feature","properties":{"mesh_code":"523973853","area_label":"辻堂西海岸バス停周辺","area_label_basis":"最寄りの実在公共交通名称（行政地名ではない）","rank":155,"population":2048,"elderly_population":642.0,"elderly_ratio":0.3134765625,"centroid_lat":35.32291666666667,"centroid_lon":139.440625,"city_area_fraction":0.6664657231941175,"disclosure_status":"unaffected","primary_eligible":true,"nearest_station_name":"辻堂","nearest_station_distance_m":1618.3074231564676,"nearest_bus_stop_name":"辻堂西海岸","nearest_bus_stop_distance_m":84.58643695241283,"nearest_public_transport_type":"bus_stop","nearest_public_transport_name":"辻堂西海岸","nearest_public_transport_distance_m":84.58643695241283,"nearest_medical_name":"山田医院","nearest_medical_distance_m":355.64627446586957,"nearest_medical_access_class":"likely_public","nearest_hospital_name":"医療法人長谷川会湘南ホスピタル","nearest_hospital_distance_m":1161.4331525284865,"elderly_population_percentile":0.7889733840304183,"transport_distance_percentile":0.1102661596958174,"medical_distance_percentile":0.5703422053231939,"exploratory_score_c":0.0496180979995709,"pareto_frontier":false},"geometry":{"type":"Polygon","coordinates":[[[139.4375,35.32083333333334],[139.44375,35.32083333333334],[139.44375,35.325],[139.4375,35.325],[139.4375,35.32083333333334]]]},"id":"523973853"},{"type":"Feature","properties":{"mesh_code":"523973854","area_label":"交通公園前バス停周辺","area_label_basis":"最寄りの実在公共交通名称（行政地名ではない）","rank":159,"population":2541,"elderly_population":847.0,"elderly_ratio":0.3333333333333333,"centroid_lat":35.32291666666667,"centroid_lon":139.446875,"city_area_fraction":0.9999999999999998,"disclosure_status":"unaffected","primary_eligible":true,"nearest_station_name":"辻堂","nearest_station_distance_m":1548.0470885526772,"nearest_bus_stop_name":"交通公園前","nearest_bus_stop_distance_m":63.50867188050245,"nearest_public_transport_type":"bus_stop","nearest_public_transport_name":"交通公園前","nearest_public_transport_distance_m":63.50867188050245,"nearest_medical_name":"山田医院","nearest_medical_distance_m":413.4520459001422,"nearest_medical_access_class":"likely_public","nearest_hospital_name":"医療法人長谷川会湘南ホスピタル","nearest_hospital_distance_m":1140.7174104254468,"elderly_population_percentile":0.9315589353612168,"transport_distance_percentile":0.0722433460076045,"medical_distance_percentile":0.6653992395437263,"exploratory_score_c":0.0447806598342616,"pareto_frontier":false},"geometry":{"type":"Polygon","coordinates":[[[139.44375,35.32083333333334],[139.45,35.32083333333334],[139.45,35.325],[139.44375,35.325],[139.44375,35.32083333333334]]]},"id":"523973854"},{"type":"Feature","properties":{"mesh_code":"523973861","area_label":"辻堂海浜公園前バス停周辺","area_label_basis":"最寄りの実在公共交通名称（行政地名ではない）","rank":181,"population":586,"elderly_population":84.0,"elderly_ratio":0.14334470989761092,"centroid_lat":35.31875,"centroid_lon":139.453125,"city_area_fraction":0.703547229025394,"disclosure_status":"unaffected","primary_eligible":true,"nearest_station_name":"鵠沼海岸","nearest_station_distance_m":1660.9568875904922,"nearest_bus_stop_name":"辻堂海浜公園前","nearest_bus_stop_distance_m":137.84231735052128,"nearest_public_transport_type":"bus_stop","nearest_public_transport_name":"辻堂海浜公園前","nearest_public_transport_distance_m":137.84231735052128,"nearest_medical_name":"みき辻堂東海岸クリニック","nearest_medical_distance_m":392.1734539259955,"nearest_medical_access_class":"likely_public","nearest_hospital_name":"医療法人長谷川会湘南ホスピタル","nearest_hospital_distance_m":1772.9962979811985,"elderly_population_percentile":0.1711026615969581,"transport_distance_percentile":0.3003802281368821,"medical_distance_percentile":0.6273764258555133,"exploratory_score_c":0.0322445487706393,"pareto_frontier":false},"geometry":{"type":"Polygon","coordinates":[[[139.45,35.31666666666667],[139.45625,35.31666666666667],[139.45625,35.32083333333334],[139.45,35.32083333333334],[139.45,35.31666666666667]]]},"id":"523973861"},{"type":"Feature","properties":{"mesh_code":"523973862","area_label":"湘洋中学校前バス停周辺","area_label_basis":"最寄りの実在公共交通名称（行政地名ではない）","rank":147,"population":1603,"elderly_population":367.0,"elderly_ratio":0.22894572676232064,"centroid_lat":35.31875,"centroid_lon":139.459375,"city_area_fraction":0.949538661028003,"disclosure_status":"unaffected","primary_eligible":true,"nearest_station_name":"鵠沼海岸","nearest_station_distance_m":1100.4218080203461,"nearest_bus_stop_name":"湘洋中学校前","nearest_bus_stop_distance_m":133.53469117933864,"nearest_public_transport_type":"bus_stop","nearest_public_transport_name":"湘洋中学校前","nearest_public_transport_distance_m":133.53469117933864,"nearest_medical_name":"奥医院","nearest_medical_distance_m":267.3597578337018,"nearest_medical_access_class":"likely_public","nearest_hospital_name":"医療法人社団正拓会　湘南太平台病院","nearest_hospital_distance_m":1916.8894787490235,"elderly_population_percentile":0.4904942965779467,"transport_distance_percentile":0.2851711026615969,"medical_distance_percentile":0.4068441064638783,"exploratory_score_c":0.05690723778048,"pareto_frontier":false},"geometry":{"type":"Polygon","coordinates":[[[139.45625,35.31666666666667],[139.4625,35.31666666666667],[139.4625,35.32083333333334],[139.45625,35.32083333333334],[139.45625,35.31666666666667]]]},"id":"523973862"},{"type":"Feature","properties":{"mesh_code":"523973863","area_label":"辻堂東海岸バス停周辺","area_label_basis":"最寄りの実在公共交通名称（行政地名ではない）","rank":179,"population":3426,"elderly_population":763.0,"elderly_ratio":0.2227086981903094,"centroid_lat":35.32291666666667,"centroid_lon":139.453125,"city_area_fraction":0.9999999999999998,"disclosure_status":"unaffected","primary_eligible":true,"nearest_station_name":"鵠沼海岸","nearest_station_distance_m":1663.3881118263894,"nearest_bus_stop_name":"辻堂東海岸","nearest_bus_stop_distance_m":150.83579887084977,"nearest_public_transport_type":"bus_stop","nearest_public_transport_name":"辻堂東海岸","nearest_public_transport_distance_m":150.83579887084977,"nearest_medical_name":"マリソル整形外科","nearest_medical_distance_m":100.41403635353143,"nearest_medical_access_class":"likely_public","nearest_hospital_name":"医療法人長谷川会湘南ホスピタル","nearest_hospital_distance_m":1378.1461771607296,"elderly_population_percentile":0.8935361216730038,"transport_distance_percentile":0.338403041825095,"medical_distance_percentile":0.1102661596958174,"exploratory_score_c":0.0333417676999526,"pareto_frontier":false},"geometry":{"type":"Polygon","coordinates":[[[139.45,35.32083333333334],[139.45625,35.32083333333334],[139.45625,35.325],[139.45,35.325],[139.45,35.32083333333334]]]},"id":"523973863"},{"type":"Feature","properties":{"mesh_code":"523973864","area_label":"鵠沼車庫前バス停周辺","area_label_basis":"最寄りの実在公共交通名称（行政地名ではない）","rank":22,"population":3215,"elderly_population":683.0,"elderly_ratio":0.21244167962674962,"centroid_lat":35.32291666666667,"centroid_lon":139.459375,"city_area_fraction":0.9999999999999998,"disclosure_status":"unaffected","primary_eligible":true,"nearest_station_name":"鵠沼海岸","nearest_station_distance_m":1104.1239894997345,"nearest_bus_stop_name":"鵠沼車庫前","nearest_bus_stop_distance_m":508.9657461388165,"nearest_public_transport_type":"bus_stop","nearest_public_transport_name":"鵠沼車庫前","nearest_public_transport_distance_m":508.9657461388165,"nearest_medical_name":"奥医院","nearest_medical_distance_m":233.6086700940001,"nearest_medical_access_class":"likely_public","nearest_hospital_name":"医療法人社団正拓会　湘南太平台病院","nearest_hospital_distance_m":1501.8770870437045,"elderly_population_percentile":0.8288973384030418,"transport_distance_percentile":0.946768060836502,"medical_distance_percentile":0.338403041825095,"exploratory_score_c":0.2655697482448757,"pareto_frontier":false},"geometry":{"type":"Polygon","coordinates":[[[139.45625,35.32083333333334],[139.4625,35.32083333333334],[139.4625,35.325],[139.45625,35.325],[139.45625,35.32083333333334]]]},"id":"523973864"},{"type":"Feature","properties":{"mesh_code":"523973871","area_label":"鵠沼プールガーデンバス停周辺","area_label_basis":"最寄りの実在公共交通名称（行政地名ではない）","rank":20,"population":2411,"elderly_population":601.0,"elderly_ratio":0.24927416009954376,"centroid_lat":35.31875,"centroid_lon":139.465625,"city_area_fraction":1.0,"disclosure_status":"unaffected","primary_eligible":true,"nearest_station_name":"鵠沼海岸","nearest_station_distance_m":555.8324094619921,"nearest_bus_stop_name":"鵠沼プールガーデン","nearest_bus_stop_distance_m":196.63830651640438,"nearest_public_transport_type":"bus_stop","nearest_public_transport_name":"鵠沼プールガーデン","nearest_public_transport_distance_m":196.63830651640438,"nearest_medical_name":"野沢内科循環器内科","nearest_medical_distance_m":464.28876167000897,"nearest_medical_access_class":"likely_public","nearest_hospital_name":"医療法人社団正拓会　湘南太平台病院","nearest_hospital_distance_m":1774.742505063561,"elderly_population_percentile":0.7224334600760456,"transport_distance_percentile":0.5171102661596958,"medical_distance_percentile":0.7338403041825095,"exploratory_score_c":0.2741464161701925,"pareto_frontier":false},"geometry":{"type":"Polygon","coordinates":[[[139.4625,35.31666666666667],[139.46875,35.31666666666667],[139.46875,35.32083333333334],[139.4625,35.32083333333334],[139.4625,35.31666666666667]]]},"id":"523973871"},{"type":"Feature","properties":{"mesh_code":"523973872","area_label":"鵠沼海岸周辺","area_label_basis":"最寄りの実在公共交通名称（行政地名ではない）","rank":84,"population":2754,"elderly_population":627.0,"elderly_ratio":0.22766884531590414,"centroid_lat":35.31875,"centroid_lon":139.471875,"city_area_fraction":1.0,"disclosure_status":"unaffected","primary_eligible":true,"nearest_station_name":"鵠沼海岸","nearest_station_distance_m":229.87257238262978,"nearest_bus_stop_name":"鵠沼海岸","nearest_bus_stop_distance_m":232.7466024680535,"nearest_public_transport_type":"station","nearest_public_transport_name":"鵠沼海岸","nearest_public_transport_distance_m":229.87257238262978,"nearest_medical_name":"くげぬま眼科クリニック","nearest_medical_distance_m":205.0873887273123,"nearest_medical_access_class":"likely_public","nearest_hospital_name":"藤沢脳神経外科病院","nearest_hospital_distance_m":1312.735394288854,"elderly_population_percentile":0.752851711026616,"transport_distance_percentile":0.6007604562737643,"medical_distance_percentile":0.2965779467680608,"exploratory_score_c":0.1341373228858595,"pareto_frontier":false},"geometry":{"type":"Polygon","coordinates":[[[139.46875,35.31666666666667],[139.475,35.31666666666667],[139.475,35.32083333333334],[139.46875,35.32083333333334],[139.46875,35.31666666666667]]]},"id":"523973872"},{"type":"Feature","properties":{"mesh_code":"523973873","area_label":"鵠沼車庫前バス停周辺","area_label_basis":"最寄りの実在公共交通名称（行政地名ではない）","rank":34,"population":3222,"elderly_population":823.0,"elderly_ratio":0.25543140906269396,"centroid_lat":35.32291666666667,"centroid_lon":139.465625,"city_area_fraction":1.0,"disclosure_status":"unaffected","primary_eligible":true,"nearest_station_name":"鵠沼海岸","nearest_station_distance_m":563.167438198239,"nearest_bus_stop_name":"鵠沼車庫前","nearest_bus_stop_distance_m":154.0370837119835,"nearest_public_transport_type":"bus_stop","nearest_public_transport_name":"鵠沼車庫前","nearest_public_transport_distance_m":154.0370837119835,"nearest_medical_name":"かわしま神経内科クリニック","nearest_medical_distance_m":447.7316818665659,"nearest_medical_access_class":"likely_public","nearest_hospital_name":"医療法人社団正拓会　湘南太平台病院","nearest_hospital_distance_m":1315.639791030745,"elderly_population_percentile":0.9182509505703422,"transport_distance_percentile":0.3574144486692015,"medical_distance_percentile":0.7072243346007605,"exploratory_score_c":0.23210830892122,"pareto_frontier":false},"geometry":{"type":"Polygon","coordinates":[[[139.4625,35.32083333333334],[139.46875,35.32083333333334],[139.46875,35.325],[139.4625,35.325],[139.4625,35.32083333333334]]]},"id":"523973873"},{"type":"Feature","properties":{"mesh_code":"523973874","area_label":"熊倉通りバス停周辺","area_label_basis":"最寄りの実在公共交通名称（行政地名ではない）","rank":174,"population":2517,"elderly_population":704.0,"elderly_ratio":0.27969805323798175,"centroid_lat":35.32291666666667,"centroid_lon":139.471875,"city_area_fraction":1.0,"disclosure_status":"unaffected","primary_eligible":true,"nearest_station_name":"鵠沼海岸","nearest_station_distance_m":247.1081343083476,"nearest_bus_stop_name":"熊倉通り","nearest_bus_stop_distance_m":176.84705216206916,"nearest_public_transport_type":"bus_stop","nearest_public_transport_name":"熊倉通り","nearest_public_transport_distance_m":176.84705216206916,"nearest_medical_name":"ありあけ内科クリニック","nearest_medical_distance_m":92.72403315760269,"nearest_medical_access_class":"likely_public","nearest_hospital_name":"藤沢脳神経外科病院","nearest_hospital_distance_m":1332.4095094094146,"elderly_population_percentile":0.8631178707224335,"transport_distance_percentile":0.4486692015209125,"medical_distance_percentile":0.091254752851711,"exploratory_score_c":0.0353388050989017,"pareto_frontier":false},"geometry":{"type":"Polygon","coordinates":[[[139.46875,35.32083333333334],[139.475,35.32083333333334],[139.475,35.325],[139.46875,35.325],[139.46875,35.32083333333334]]]},"id":"523973874"},{"type":"Feature","properties":{"mesh_code":"523973881","area_label":"鵠沼周辺","area_label_basis":"最寄りの実在公共交通名称（行政地名ではない）","rank":55,"population":2307,"elderly_population":638.0,"elderly_ratio":0.2765496315561335,"centroid_lat":35.31875,"centroid_lon":139.478125,"city_area_fraction":1.0,"disclosure_status":"unaffected","primary_eligible":true,"nearest_station_name":"鵠沼","nearest_station_distance_m":507.9681889302839,"nearest_bus_stop_name":"小田急ショップ前","nearest_bus_stop_distance_m":554.2244314683569,"nearest_public_transport_type":"station","nearest_public_transport_name":"鵠沼","nearest_public_transport_distance_m":507.9681889302839,"nearest_medical_name":"海の診療所","nearest_medical_distance_m":183.38837996721114,"nearest_medical_access_class":"likely_public","nearest_hospital_name":"藤沢脳神経外科病院","nearest_hospital_distance_m":753.3242539474949,"elderly_population_percentile":0.7813688212927756,"transport_distance_percentile":0.9391634980988594,"medical_distance_percentile":0.2433460076045627,"exploratory_score_c":0.1785753491737078,"pareto_frontier":false},"geometry":{"type":"Polygon","coordinates":[[[139.475,35.31666666666667],[139.48125,35.31666666666667],[139.48125,35.32083333333334],[139.475,35.32083333333334],[139.475,35.31666666666667]]]},"id":"523973881"},{"type":"Feature","properties":{"mesh_code":"523973882","area_label":"新屋敷バス停周辺","area_label_basis":"最寄りの実在公共交通名称（行政地名ではない）","rank":143,"population":3001,"elderly_population":696.0,"elderly_ratio":0.23192269243585473,"centroid_lat":35.31875,"centroid_lon":139.484375,"city_area_fraction":0.9999999999999998,"disclosure_status":"unaffected","primary_eligible":true,"nearest_station_name":"鵠沼","nearest_station_distance_m":332.3114701261955,"nearest_bus_stop_name":"新屋敷","nearest_bus_stop_distance_m":151.0486010746912,"nearest_public_transport_type":"bus_stop","nearest_public_transport_name":"新屋敷","nearest_public_transport_distance_m":151.0486010746912,"nearest_medical_name":"杉本医院","nearest_medical_distance_m":161.78539085716434,"nearest_medical_access_class":"likely_public","nearest_hospital_name":"藤沢脳神経外科病院","nearest_hospital_distance_m":239.98580745908922,"elderly_population_percentile":0.8517110266159695,"transport_distance_percentile":0.3422053231939163,"medical_distance_percentile":0.2053231939163498,"exploratory_score_c":0.0598435077759344,"pareto_frontier":false},"geometry":{"type":"Polygon","coordinates":[[[139.48125,35.31666666666667],[139.4875,35.31666666666667],[139.4875,35.32083333333334],[139.48125,35.32083333333334],[139.48125,35.31666666666667]]]},"id":"523973882"},{"type":"Feature","properties":{"mesh_code":"523973883","area_label":"中岡バス停周辺","area_label_basis":"最寄りの実在公共交通名称（行政地名ではない）","rank":72,"population":2454,"elderly_population":698.0,"elderly_ratio":0.2844335778321108,"centroid_lat":35.32291666666667,"centroid_lon":139.478125,"city_area_fraction":1.0000000000000002,"disclosure_status":"unaffected","primary_eligible":true,"nearest_station_name":"鵠沼","nearest_station_distance_m":446.74541209259564,"nearest_bus_stop_name":"中岡","nearest_bus_stop_distance_m":397.36855973407876,"nearest_public_transport_type":"bus_stop","nearest_public_transport_name":"中岡","nearest_public_transport_distance_m":397.36855973407876,"nearest_medical_name":"ＣｏＣｏ　Ｃｌｉｎｉｃ","nearest_medical_distance_m":149.69376233315376,"nearest_medical_access_class":"likely_public","nearest_hospital_name":"藤沢脳神経外科病院","nearest_hospital_distance_m":787.1452115950714,"elderly_population_percentile":0.8593155893536122,"transport_distance_percentile":0.8859315589353612,"medical_distance_percentile":0.1939163498098859,"exploratory_score_c":0.1476275086858126,"pareto_frontier":false},"geometry":{"type":"Polygon","coordinates":[[[139.475,35.32083333333334],[139.48125,35.32083333333334],[139.48125,35.325],[139.475,35.325],[139.475,35.32083333333334]]]},"id":"523973883"},{"type":"Feature","properties":{"mesh_code":"523973884","area_label":"鵠沼周辺","area_label_basis":"最寄りの実在公共交通名称（行政地名ではない）","rank":51,"population":2500,"elderly_population":630.0,"elderly_ratio":0.252,"centroid_lat":35.32291666666667,"centroid_lon":139.484375,"city_area_fraction":1.0,"disclosure_status":"unaffected","primary_eligible":true,"nearest_station_name":"鵠沼","nearest_station_distance_m":228.00941537883492,"nearest_bus_stop_name":"藤ヶ谷","nearest_bus_stop_distance_m":312.20741759289064,"nearest_public_transport_type":"station","nearest_public_transport_name":"鵠沼","nearest_public_transport_distance_m":228.00941537883492,"nearest_medical_name":"くげぬま奥医院","nearest_medical_distance_m":274.7295275283888,"nearest_medical_access_class":"likely_public","nearest_hospital_name":"藤沢脳神経外科病院","nearest_hospital_distance_m":331.23930151466016,"elderly_population_percentile":0.7585551330798479,"transport_distance_percentile":0.5855513307984791,"medical_distance_percentile":0.4220532319391635,"exploratory_score_c":0.1874646365404577,"pareto_frontier":false},"geometry":{"type":"Polygon","coordinates":[[[139.48125,35.32083333333334],[139.4875,35.32083333333334],[139.4875,35.325],[139.48125,35.325],[139.48125,35.32083333333334]]]},"id":"523973884"},{"type":"Feature","properties":{"mesh_code":"523973891","area_label":"片瀬山バス停周辺","area_label_basis":"最寄りの実在公共交通名称（行政地名ではない）","rank":69,"population":1503,"elderly_population":528.0,"elderly_ratio":0.35129740518962077,"centroid_lat":35.31875,"centroid_lon":139.490625,"city_area_fraction":1.0,"disclosure_status":"unaffected","primary_eligible":true,"nearest_station_name":"目白山下","nearest_station_distance_m":525.2221822439857,"nearest_bus_stop_name":"片瀬山","nearest_bus_stop_distance_m":320.41712587683935,"nearest_public_transport_type":"bus_stop","nearest_public_transport_name":"片瀬山","nearest_public_transport_distance_m":320.41712587683935,"nearest_medical_name":"中澤医院","nearest_medical_distance_m":215.5906334906029,"nearest_medical_access_class":"likely_public","nearest_hospital_name":"藤沢脳神経外科病院","nearest_hospital_distance_m":439.9552402183281,"elderly_population_percentile":0.623574144486692,"transport_distance_percentile":0.7870722433460076,"medical_distance_percentile":0.311787072243346,"exploratory_score_c":0.1530244405516504,"pareto_frontier":false},"geometry":{"type":"Polygon","coordinates":[[[139.4875,35.31666666666667],[139.49375,35.31666666666667],[139.49375,35.32083333333334],[139.4875,35.32083333333334],[139.4875,35.31666666666667]]]},"id":"523973891"},{"type":"Feature","properties":{"mesh_code":"523973892","area_label":"片瀬山バス停周辺","area_label_basis":"最寄りの実在公共交通名称（行政地名ではない）","rank":null,"population":1756,"elderly_population":634.0,"elderly_ratio":0.36104783599088835,"centroid_lat":35.31875,"centroid_lon":139.496875,"city_area_fraction":0.41974606939096853,"disclosure_status":"unaffected","primary_eligible":false,"nearest_station_name":"目白山下","nearest_station_distance_m":711.3218364650271,"nearest_bus_stop_name":"片瀬山","nearest_bus_stop_distance_m":289.2660012586291,"nearest_public_transport_type":"bus_stop","nearest_public_transport_name":"片瀬山","nearest_public_transport_distance_m":289.2660012586291,"nearest_medical_name":"片瀬山内科医院","nearest_medical_distance_m":274.95509304678677,"nearest_medical_access_class":"likely_public","nearest_hospital_name":"藤沢脳神経外科病院","nearest_hospital_distance_m":987.6228307346921,"elderly_population_percentile":null,"transport_distance_percentile":null,"medical_distance_percentile":null,"exploratory_score_c":null,"pareto_frontier":null},"geometry":{"type":"Polygon","coordinates":[[[139.49375,35.31666666666667],[139.5,35.31666666666667],[139.5,35.32083333333334],[139.49375,35.32083333333334],[139.49375,35.31666666666667]]]},"id":"523973892"},{"type":"Feature","properties":{"mesh_code":"523973893","area_label":"岩屋不動入口バス停周辺","area_label_basis":"最寄りの実在公共交通名称（行政地名ではない）","rank":88,"population":1749,"elderly_population":530.0,"elderly_ratio":0.30303030303030304,"centroid_lat":35.32291666666667,"centroid_lon":139.490625,"city_area_fraction":1.0000000000000002,"disclosure_status":"unaffected","primary_eligible":true,"nearest_station_name":"柳小路","nearest_station_distance_m":689.9415253051852,"nearest_bus_stop_name":"岩屋不動入口","nearest_bus_stop_distance_m":210.9434401542593,"nearest_public_transport_type":"bus_stop","nearest_public_transport_name":"岩屋不動入口","nearest_public_transport_distance_m":210.9434401542593,"nearest_medical_name":"やまだ内科クリニック","nearest_medical_distance_m":241.28943344980016,"nearest_medical_access_class":"likely_public","nearest_hospital_name":"藤沢脳神経外科病院","nearest_hospital_distance_m":495.6610762044526,"elderly_population_percentile":0.6273764258555133,"transport_distance_percentile":0.5513307984790875,"medical_distance_percentile":0.3650190114068441,"exploratory_score_c":0.1262571361145708,"pareto_frontier":false},"geometry":{"type":"Polygon","coordinates":[[[139.4875,35.32083333333334],[139.49375,35.32083333333334],[139.49375,35.325],[139.4875,35.325],[139.4875,35.32083333333334]]]},"id":"523973893"},{"type":"Feature","properties":{"mesh_code":"523973894","area_label":"片瀬中学校前バス停周辺","area_label_basis":"最寄りの実在公共交通名称（行政地名ではない）","rank":47,"population":1487,"elderly_population":617.0,"elderly_ratio":0.4149293880295898,"centroid_lat":35.32291666666667,"centroid_lon":139.496875,"city_area_fraction":0.5330744052954731,"disclosure_status":"unaffected","primary_eligible":true,"nearest_station_name":"目白山下","nearest_station_distance_m":1095.1137812320928,"nearest_bus_stop_name":"片瀬中学校前","nearest_bus_stop_distance_m":219.64677902650817,"nearest_public_transport_type":"bus_stop","nearest_public_transport_name":"片瀬中学校前","nearest_public_transport_distance_m":219.64677902650817,"nearest_medical_name":"片瀬山眼科","nearest_medical_distance_m":303.92535411157314,"nearest_medical_access_class":"likely_public","nearest_hospital_name":"藤沢脳神経外科病院","nearest_hospital_distance_m":1013.64590188329,"elderly_population_percentile":0.7338403041825095,"transport_distance_percentile":0.5703422053231939,"medical_distance_percentile":0.4752851711026616,"exploratory_score_c":0.1989259018262813,"pareto_frontier":false},"geometry":{"type":"Polygon","coordinates":[[[139.49375,35.32083333333334],[139.5,35.32083333333334],[139.5,35.325],[139.49375,35.325],[139.49375,35.32083333333334]]]},"id":"523973894"},{"type":"Feature","properties":{"mesh_code":"523973951","area_label":"辻堂団地バス停周辺","area_label_basis":"最寄りの実在公共交通名称（行政地名ではない）","rank":null,"population":3121,"elderly_population":686.0,"elderly_ratio":0.21980134572252483,"centroid_lat":35.327083333333334,"centroid_lon":139.440625,"city_area_fraction":0.3855713981547083,"disclosure_status":"unaffected","primary_eligible":false,"nearest_station_name":"辻堂","nearest_station_distance_m":1184.8079774655441,"nearest_bus_stop_name":"辻堂団地","nearest_bus_stop_distance_m":303.8934646377682,"nearest_public_transport_type":"bus_stop","nearest_public_transport_name":"辻堂団地","nearest_public_transport_distance_m":303.8934646377682,"nearest_medical_name":"山田医院","nearest_medical_distance_m":319.0938818930683,"nearest_medical_access_class":"likely_public","nearest_hospital_name":"医療法人長谷川会湘南ホスピタル","nearest_hospital_distance_m":729.4191579491836,"elderly_population_percentile":null,"transport_distance_percentile":null,"medical_distance_percentile":null,"exploratory_score_c":null,"pareto_frontier":null},"geometry":{"type":"Polygon","coordinates":[[[139.4375,35.325],[139.44375,35.325],[139.44375,35.32916666666667],[139.4375,35.32916666666667],[139.4375,35.325]]]},"id":"523973951"},{"type":"Feature","properties":{"mesh_code":"523973952","area_label":"高砂バス停周辺","area_label_basis":"最寄りの実在公共交通名称（行政地名ではない）","rank":131,"population":3004,"elderly_population":722.0,"elderly_ratio":0.2403462050599201,"centroid_lat":35.327083333333334,"centroid_lon":139.446875,"city_area_fraction":1.0,"disclosure_status":"unaffected","primary_eligible":true,"nearest_station_name":"辻堂","nearest_station_distance_m":1086.8821615266186,"nearest_bus_stop_name":"高砂","nearest_bus_stop_distance_m":87.50938748203582,"nearest_public_transport_type":"bus_stop","nearest_public_transport_name":"高砂","nearest_public_transport_distance_m":87.50938748203582,"nearest_medical_name":"山田医院","nearest_medical_distance_m":382.46170834850165,"nearest_medical_access_class":"likely_public","nearest_hospital_name":"医療法人長谷川会湘南ホスピタル","nearest_hospital_distance_m":695.9629319636666,"elderly_population_percentile":0.8783269961977186,"transport_distance_percentile":0.1254752851711026,"medical_distance_percentile":0.6121673003802282,"exploratory_score_c":0.0674659360522557,"pareto_frontier":false},"geometry":{"type":"Polygon","coordinates":[[[139.44375,35.325],[139.45,35.325],[139.45,35.32916666666667],[139.44375,35.32916666666667],[139.44375,35.325]]]},"id":"523973952"},{"type":"Feature","properties":{"mesh_code":"523973953","area_label":"久根下公園前バス停周辺","area_label_basis":"最寄りの実在公共交通名称（行政地名ではない）","rank":null,"population":3531,"elderly_population":761.0,"elderly_ratio":0.21551968280940242,"centroid_lat":35.33125,"centroid_lon":139.440625,"city_area_fraction":0.16742800837008895,"disclosure_status":"unaffected","primary_eligible":false,"nearest_station_name":"辻堂","nearest_station_distance_m":784.8240814554863,"nearest_bus_stop_name":"久根下公園前","nearest_bus_stop_distance_m":617.4262443269955,"nearest_public_transport_type":"bus_stop","nearest_public_transport_name":"久根下公園前","nearest_public_transport_distance_m":617.4262443269955,"nearest_medical_name":"医療法人長谷川会湘南ホスピタル","nearest_medical_distance_m":377.4994676987105,"nearest_medical_access_class":"likely_public","nearest_hospital_name":"医療法人長谷川会湘南ホスピタル","nearest_hospital_distance_m":377.4994676987105,"elderly_population_percentile":null,"transport_distance_percentile":null,"medical_distance_percentile":null,"exploratory_score_c":null,"pareto_frontier":null},"geometry":{"type":"Polygon","coordinates":[[[139.4375,35.32916666666667],[139.44375,35.32916666666667],[139.44375,35.33333333333334],[139.4375,35.33333333333334],[139.4375,35.32916666666667]]]},"id":"523973953"},{"type":"Feature","properties":{"mesh_code":"523973954","area_label":"久根下公園前バス停周辺","area_label_basis":"最寄りの実在公共交通名称（行政地名ではない）","rank":244,"population":3277,"elderly_population":730.0,"elderly_ratio":0.22276472383277388,"centroid_lat":35.33125,"centroid_lon":139.446875,"city_area_fraction":0.9999999999999998,"disclosure_status":"unaffected","primary_eligible":true,"nearest_station_name":"辻堂","nearest_station_distance_m":627.298600857239,"nearest_bus_stop_name":"久根下公園前","nearest_bus_stop_distance_m":50.62306447616259,"nearest_public_transport_type":"bus_stop","nearest_public_transport_name":"久根下公園前","nearest_public_transport_distance_m":50.62306447616259,"nearest_medical_name":"小林小児クリニック","nearest_medical_distance_m":108.53099207426884,"nearest_medical_access_class":"likely_public","nearest_hospital_name":"医療法人長谷川会湘南ホスピタル","nearest_hospital_distance_m":307.9295099702762,"elderly_population_percentile":0.8821292775665399,"transport_distance_percentile":0.0418250950570342,"medical_distance_percentile":0.1330798479087452,"exploratory_score_c":0.0049099997377888,"pareto_frontier":false},"geometry":{"type":"Polygon","coordinates":[[[139.44375,35.32916666666667],[139.45,35.32916666666667],[139.45,35.33333333333334],[139.44375,35.33333333333334],[139.44375,35.32916666666667]]]},"id":"523973954"},{"type":"Feature","properties":{"mesh_code":"523973961","area_label":"浜見山バス停周辺","area_label_basis":"最寄りの実在公共交通名称（行政地名ではない）","rank":258,"population":2390,"elderly_population":561.0,"elderly_ratio":0.23472803347280335,"centroid_lat":35.327083333333334,"centroid_lon":139.453125,"city_area_fraction":0.9999999999999998,"disclosure_status":"unaffected","primary_eligible":true,"nearest_station_name":"辻堂","nearest_station_distance_m":1266.7017095435224,"nearest_bus_stop_name":"浜見山","nearest_bus_stop_distance_m":13.549595849522932,"nearest_public_transport_type":"bus_stop","nearest_public_transport_name":"浜見山","nearest_public_transport_distance_m":13.549595849522932,"nearest_medical_name":"医療法人社団桐英会　はじめクリニック","nearest_medical_distance_m":171.18677457015664,"nearest_medical_access_class":"likely_public","nearest_hospital_name":"医療法人長谷川会湘南ホスピタル","nearest_hospital_distance_m":1040.3772353400552,"elderly_population_percentile":0.6768060836501901,"transport_distance_percentile":0.0038022813688212,"medical_distance_percentile":0.2205323193916349,"exploratory_score_c":0.0005675194502119,"pareto_frontier":false},"geometry":{"type":"Polygon","coordinates":[[[139.45,35.325],[139.45625,35.325],[139.45625,35.32916666666667],[139.45,35.32916666666667],[139.45,35.325]]]},"id":"523973961"},{"type":"Feature","properties":{"mesh_code":"523973962","area_label":"堂面バス停周辺","area_label_basis":"最寄りの実在公共交通名称（行政地名ではない）","rank":23,"population":2886,"elderly_population":533.0,"elderly_ratio":0.18468468468468469,"centroid_lat":35.327083333333334,"centroid_lon":139.459375,"city_area_fraction":1.0000000000000002,"disclosure_status":"unaffected","primary_eligible":true,"nearest_station_name":"鵠沼海岸","nearest_station_distance_m":1286.3040378752235,"nearest_bus_stop_name":"堂面","nearest_bus_stop_distance_m":352.6089468354142,"nearest_public_transport_type":"bus_stop","nearest_public_transport_name":"堂面","nearest_public_transport_distance_m":352.6089468354142,"nearest_medical_name":"びわた東海岸クリニック","nearest_medical_distance_m":318.91889948808836,"nearest_medical_access_class":"likely_public","nearest_hospital_name":"医療法人社団正拓会　湘南太平台病院","nearest_hospital_distance_m":1124.335401939248,"elderly_population_percentile":0.6387832699619772,"transport_distance_percentile":0.8365019011406845,"medical_distance_percentile":0.494296577946768,"exploratory_score_c":0.2641241238258837,"pareto_frontier":false},"geometry":{"type":"Polygon","coordinates":[[[139.45625,35.325],[139.4625,35.325],[139.4625,35.32916666666667],[139.45625,35.32916666666667],[139.45625,35.325]]]},"id":"523973962"},{"type":"Feature","properties":{"mesh_code":"523973963","area_label":"南町バス停周辺","area_label_basis":"最寄りの実在公共交通名称（行政地名ではない）","rank":59,"population":2591,"elderly_population":637.0,"elderly_ratio":0.24585102277113083,"centroid_lat":35.33125,"centroid_lon":139.453125,"city_area_fraction":1.0,"disclosure_status":"unaffected","primary_eligible":true,"nearest_station_name":"辻堂","nearest_station_distance_m":903.7159891780959,"nearest_bus_stop_name":"南町","nearest_bus_stop_distance_m":175.84254251015486,"nearest_public_transport_type":"bus_stop","nearest_public_transport_name":"南町","nearest_public_transport_distance_m":175.84254251015486,"nearest_medical_name":"医療法人社団桐英会　はじめクリニック","nearest_medical_distance_m":324.9323346193835,"nearest_medical_access_class":"likely_public","nearest_hospital_name":"医療法人長谷川会湘南ホスピタル","nearest_hospital_distance_m":832.3523739905935,"elderly_population_percentile":0.7756653992395437,"transport_distance_percentile":0.4372623574144487,"medical_distance_percentile":0.5095057034220533,"exploratory_score_c":0.1728086831135533,"pareto_frontier":false},"geometry":{"type":"Polygon","coordinates":[[[139.45,35.32916666666667],[139.45625,35.32916666666667],[139.45625,35.33333333333334],[139.45,35.33333333333334],[139.45,35.32916666666667]]]},"id":"523973963"},{"type":"Feature","properties":{"mesh_code":"523973964","area_label":"東町バス停周辺","area_label_basis":"最寄りの実在公共交通名称（行政地名ではない）","rank":260,"population":2946,"elderly_population":624.0,"elderly_ratio":0.21181262729124237,"centroid_lat":35.33125,"centroid_lon":139.459375,"city_area_fraction":1.0000000000000002,"disclosure_status":"unaffected","primary_eligible":true,"nearest_station_name":"辻堂","nearest_station_distance_m":1373.1515061501093,"nearest_bus_stop_name":"東町","nearest_bus_stop_distance_m":17.04712585387923,"nearest_public_transport_type":"bus_stop","nearest_public_transport_name":"東町","nearest_public_transport_distance_m":17.04712585387923,"nearest_medical_name":"辻堂太平台クリニック","nearest_medical_distance_m":50.29167333584006,"nearest_medical_access_class":"likely_public","nearest_hospital_name":"医療法人社団正拓会　湘南太平台病院","nearest_hospital_distance_m":836.6313952319259,"elderly_population_percentile":0.7490494296577946,"transport_distance_percentile":0.0114068441064638,"medical_distance_percentile":0.0304182509505703,"exploratory_score_c":0.0002599023596088,"pareto_frontier":false},"geometry":{"type":"Polygon","coordinates":[[[139.45625,35.32916666666667],[139.4625,35.32916666666667],[139.4625,35.33333333333334],[139.45625,35.33333333333334],[139.45625,35.32916666666667]]]},"id":"523973964"},{"type":"Feature","properties":{"mesh_code":"523973971","area_label":"藤原バス停周辺","area_label_basis":"最寄りの実在公共交通名称（行政地名ではない）","rank":50,"population":2243,"elderly_population":478.0,"elderly_ratio":0.21310744538564422,"centroid_lat":35.327083333333334,"centroid_lon":139.465625,"city_area_fraction":1.0000000000000002,"disclosure_status":"unaffected","primary_eligible":true,"nearest_station_name":"鵠沼海岸","nearest_station_distance_m":867.578196810949,"nearest_bus_stop_name":"藤原","nearest_bus_stop_distance_m":187.13511639423476,"nearest_public_transport_type":"bus_stop","nearest_public_transport_name":"藤原","nearest_public_transport_distance_m":187.13511639423476,"nearest_medical_name":"野中医院","nearest_medical_distance_m":416.6122530591354,"nearest_medical_access_class":"likely_public","nearest_hospital_name":"医療法人社団正拓会　湘南太平台病院","nearest_hospital_distance_m":859.9016000576522,"elderly_population_percentile":0.5798479087452472,"transport_distance_percentile":0.494296577946768,"medical_distance_percentile":0.6692015209125475,"exploratory_score_c":0.1918044232545107,"pareto_frontier":false},"geometry":{"type":"Polygon","coordinates":[[[139.4625,35.325],[139.46875,35.325],[139.46875,35.32916666666667],[139.4625,35.32916666666667],[139.4625,35.325]]]},"id":"523973971"},{"type":"Feature","properties":{"mesh_code":"523973972","area_label":"熊倉通りバス停周辺","area_label_basis":"最寄りの実在公共交通名称（行政地名ではない）","rank":9,"population":2759,"elderly_population":634.0,"elderly_ratio":0.22979340340703153,"centroid_lat":35.327083333333334,"centroid_lon":139.471875,"city_area_fraction":1.0000000000000002,"disclosure_status":"unaffected","primary_eligible":true,"nearest_station_name":"本鵠沼","nearest_station_distance_m":537.9150762466301,"nearest_bus_stop_name":"熊倉通り","nearest_bus_stop_distance_m":338.66423235749966,"nearest_public_transport_type":"bus_stop","nearest_public_transport_name":"熊倉通り","nearest_public_transport_distance_m":338.66423235749966,"nearest_medical_name":"本鵠沼耳鼻咽喉科","nearest_medical_distance_m":387.8718764963098,"nearest_medical_access_class":"likely_public","nearest_hospital_name":"医療法人社団正拓会　湘南太平台病院","nearest_hospital_distance_m":927.5907249117746,"elderly_population_percentile":0.7718631178707225,"transport_distance_percentile":0.8098859315589354,"medical_distance_percentile":0.6197718631178707,"exploratory_score_c":0.3874324565824807,"pareto_frontier":false},"geometry":{"type":"Polygon","coordinates":[[[139.46875,35.325],[139.475,35.325],[139.475,35.32916666666667],[139.46875,35.32916666666667],[139.46875,35.325]]]},"id":"523973972"},{"type":"Feature","properties":{"mesh_code":"523973973","area_label":"太平橋バス停周辺","area_label_basis":"最寄りの実在公共交通名称（行政地名ではない）","rank":32,"population":2549,"elderly_population":441.0,"elderly_ratio":0.1730090231463319,"centroid_lat":35.33125,"centroid_lon":139.465625,"city_area_fraction":1.0,"disclosure_status":"unaffected","primary_eligible":true,"nearest_station_name":"本鵠沼","nearest_station_distance_m":879.7257773450749,"nearest_bus_stop_name":"太平橋","nearest_bus_stop_distance_m":303.2578745446694,"nearest_public_transport_type":"bus_stop","nearest_public_transport_name":"太平橋","nearest_public_transport_distance_m":303.2578745446694,"nearest_medical_name":"野中医院","nearest_medical_distance_m":349.03971287532255,"nearest_medical_access_class":"likely_public","nearest_hospital_name":"医療法人社団正拓会　湘南太平台病院","nearest_hospital_distance_m":418.66448235720435,"elderly_population_percentile":0.5627376425855514,"transport_distance_percentile":0.7680608365019012,"medical_distance_percentile":0.5551330798479087,"exploratory_score_c":0.2399378125335494,"pareto_frontier":false},"geometry":{"type":"Polygon","coordinates":[[[139.4625,35.32916666666667],[139.46875,35.32916666666667],[139.46875,35.33333333333334],[139.4625,35.33333333333334],[139.4625,35.32916666666667]]]},"id":"523973973"},{"type":"Feature","properties":{"mesh_code":"523973974","area_label":"原バス停周辺","area_label_basis":"最寄りの実在公共交通名称（行政地名ではない）","rank":178,"population":3199,"elderly_population":671.0,"elderly_ratio":0.20975304782744608,"centroid_lat":35.33125,"centroid_lon":139.471875,"city_area_fraction":0.9999999999999998,"disclosure_status":"unaffected","primary_eligible":true,"nearest_station_name":"本鵠沼","nearest_station_distance_m":312.10396947016847,"nearest_bus_stop_name":"原","nearest_bus_stop_distance_m":127.1449244967822,"nearest_public_transport_type":"bus_stop","nearest_public_transport_name":"原","nearest_public_transport_distance_m":127.1449244967822,"nearest_medical_name":"早稲田医院","nearest_medical_distance_m":128.88005656469792,"nearest_medical_access_class":"likely_public","nearest_hospital_name":"医療法人社団正拓会　湘南太平台病院","nearest_hospital_distance_m":544.3048712692885,"elderly_population_percentile":0.8174904942965779,"transport_distance_percentile":0.2547528517110266,"medical_distance_percentile":0.1634980988593156,"exploratory_score_c":0.0340497927405115,"pareto_frontier":false},"geometry":{"type":"Polygon","coordinates":[[[139.46875,35.32916666666667],[139.475,35.32916666666667],[139.475,35.33333333333334],[139.46875,35.33333333333334],[139.46875,35.32916666666667]]]},"id":"523973974"},{"type":"Feature","properties":{"mesh_code":"523973981","area_label":"上岡バス停周辺","area_label_basis":"最寄りの実在公共交通名称（行政地名ではない）","rank":103,"population":2998,"elderly_population":677.0,"elderly_ratio":0.22581721147431622,"centroid_lat":35.327083333333334,"centroid_lon":139.478125,"city_area_fraction":1.0,"disclosure_status":"unaffected","primary_eligible":true,"nearest_station_name":"本鵠沼","nearest_station_distance_m":508.4591656747185,"nearest_bus_stop_name":"上岡","nearest_bus_stop_distance_m":154.76803147049003,"nearest_public_transport_type":"bus_stop","nearest_public_transport_name":"上岡","nearest_public_transport_distance_m":154.76803147049003,"nearest_medical_name":"丸田整形外科","nearest_medical_distance_m":228.76730425962015,"nearest_medical_access_class":"likely_public","nearest_hospital_name":"クローバーホスピタル","nearest_hospital_distance_m":1024.0564750376636,"elderly_population_percentile":0.8212927756653993,"transport_distance_percentile":0.3612167300380228,"medical_distance_percentile":0.3307984790874524,"exploratory_score_c":0.0981362285254163,"pareto_frontier":false},"geometry":{"type":"Polygon","coordinates":[[[139.475,35.325],[139.48125,35.325],[139.48125,35.32916666666667],[139.475,35.32916666666667],[139.475,35.325]]]},"id":"523973981"},{"type":"Feature","properties":{"mesh_code":"523973982","area_label":"柳小路周辺","area_label_basis":"最寄りの実在公共交通名称（行政地名ではない）","rank":170,"population":2971,"elderly_population":748.0,"elderly_ratio":0.2517670817906429,"centroid_lat":35.327083333333334,"centroid_lon":139.484375,"city_area_fraction":0.9999999999999998,"disclosure_status":"unaffected","primary_eligible":true,"nearest_station_name":"柳小路","nearest_station_distance_m":81.43343052201563,"nearest_bus_stop_name":"柳小路","nearest_bus_stop_distance_m":270.31739864499923,"nearest_public_transport_type":"station","nearest_public_transport_name":"柳小路","nearest_public_transport_distance_m":81.43343052201563,"nearest_medical_name":"桜が岡内科クリニック","nearest_medical_distance_m":278.33162190952106,"nearest_medical_access_class":"likely_public","nearest_hospital_name":"クローバーホスピタル","nearest_hospital_distance_m":586.313299618149,"elderly_population_percentile":0.8897338403041825,"transport_distance_percentile":0.0988593155893536,"medical_distance_percentile":0.4296577946768061,"exploratory_score_c":0.0377920458993723,"pareto_frontier":false},"geometry":{"type":"Polygon","coordinates":[[[139.48125,35.325],[139.4875,35.325],[139.4875,35.32916666666667],[139.48125,35.32916666666667],[139.48125,35.325]]]},"id":"523973982"},{"type":"Feature","properties":{"mesh_code":"523973983","area_label":"高瀬通りバス停周辺","area_label_basis":"最寄りの実在公共交通名称（行政地名ではない）","rank":101,"population":2978,"elderly_population":685.0,"elderly_ratio":0.2300201477501679,"centroid_lat":35.33125,"centroid_lon":139.478125,"city_area_fraction":1.0,"disclosure_status":"unaffected","primary_eligible":true,"nearest_station_name":"本鵠沼","nearest_station_distance_m":258.0477685526568,"nearest_bus_stop_name":"高瀬通り","nearest_bus_stop_distance_m":196.03633010798265,"nearest_public_transport_type":"bus_stop","nearest_public_transport_name":"高瀬通り","nearest_public_transport_distance_m":196.03633010798265,"nearest_medical_name":"小林内科医院","nearest_medical_distance_m":176.6292063084683,"nearest_medical_access_class":"likely_public","nearest_hospital_name":"クローバーホスピタル","nearest_hospital_distance_m":904.5711390735185,"elderly_population_percentile":0.8326996197718631,"transport_distance_percentile":0.5133079847908745,"medical_distance_percentile":0.2319391634980988,"exploratory_score_c":0.0991380729636295,"pareto_frontier":false},"geometry":{"type":"Polygon","coordinates":[[[139.475,35.32916666666667],[139.48125,35.32916666666667],[139.48125,35.33333333333334],[139.475,35.33333333333334],[139.475,35.32916666666667]]]},"id":"523973983"},{"type":"Feature","properties":{"mesh_code":"523973984","area_label":"石上周辺","area_label_basis":"最寄りの実在公共交通名称（行政地名ではない）","rank":120,"population":3541,"elderly_population":829.0,"elderly_ratio":0.23411465687658853,"centroid_lat":35.33125,"centroid_lon":139.484375,"city_area_fraction":1.0000000000000002,"disclosure_status":"unaffected","primary_eligible":true,"nearest_station_name":"石上","nearest_station_distance_m":174.01213963056128,"nearest_bus_stop_name":"郵便局前","nearest_bus_stop_distance_m":200.1863742012296,"nearest_public_transport_type":"station","nearest_public_transport_name":"石上","nearest_public_transport_distance_m":174.01213963056128,"nearest_medical_name":"鵠沼メンタルクリニック","nearest_medical_distance_m":164.812685878072,"nearest_medical_access_class":"likely_public","nearest_hospital_name":"クローバーホスピタル","nearest_hospital_distance_m":336.68508118667296,"elderly_population_percentile":0.9239543726235742,"transport_distance_percentile":0.4220532319391635,"medical_distance_percentile":0.2091254752851711,"exploratory_score_c":0.0815501372705535,"pareto_frontier":false},"geometry":{"type":"Polygon","coordinates":[[[139.48125,35.32916666666667],[139.4875,35.32916666666667],[139.4875,35.33333333333334],[139.48125,35.33333333333334],[139.48125,35.32916666666667]]]},"id":"523973984"},{"type":"Feature","properties":{"mesh_code":"523973991","area_label":"柳小路バス停周辺","area_label_basis":"最寄りの実在公共交通名称（行政地名ではない）","rank":112,"population":1838,"elderly_population":538.0,"elderly_ratio":0.2927094668117519,"centroid_lat":35.327083333333334,"centroid_lon":139.490625,"city_area_fraction":1.0,"disclosure_status":"unaffected","primary_eligible":true,"nearest_station_name":"柳小路","nearest_station_distance_m":490.7379103932659,"nearest_bus_stop_name":"柳小路","nearest_bus_stop_distance_m":306.5293250111335,"nearest_public_transport_type":"bus_stop","nearest_public_transport_name":"柳小路","nearest_public_transport_distance_m":306.5293250111335,"nearest_medical_name":"ミネベアミツミ株式会社藤沢工場医務室","nearest_medical_distance_m":139.08504142319,"nearest_medical_access_class":"uncertain_access","nearest_hospital_name":"クローバーホスピタル","nearest_hospital_distance_m":533.4343624096736,"elderly_population_percentile":0.6463878326996197,"transport_distance_percentile":0.7718631178707225,"medical_distance_percentile":0.182509505703422,"exploratory_score_c":0.0910581769553571,"pareto_frontier":false},"geometry":{"type":"Polygon","coordinates":[[[139.4875,35.325],[139.49375,35.325],[139.49375,35.32916666666667],[139.4875,35.32916666666667],[139.4875,35.325]]]},"id":"523973991"},{"type":"Feature","properties":{"mesh_code":"523973992","area_label":"片瀬中学校前バス停周辺","area_label_basis":"最寄りの実在公共交通名称（行政地名ではない）","rank":78,"population":244,"elderly_population":97.0,"elderly_ratio":0.3975409836065574,"centroid_lat":35.327083333333334,"centroid_lon":139.496875,"city_area_fraction":0.8758204332125308,"disclosure_status":"unaffected","primary_eligible":true,"nearest_station_name":"柳小路","nearest_station_distance_m":1058.6619313392953,"nearest_bus_stop_name":"片瀬中学校前","nearest_bus_stop_distance_m":493.5845611808633,"nearest_public_transport_type":"bus_stop","nearest_public_transport_name":"片瀬中学校前","nearest_public_transport_distance_m":493.5845611808633,"nearest_medical_name":"片瀬山眼科","nearest_medical_distance_m":503.44745648642345,"nearest_medical_access_class":"likely_public","nearest_hospital_name":"クローバーホスピタル","nearest_hospital_distance_m":933.3046727163459,"elderly_population_percentile":0.1977186311787072,"transport_distance_percentile":0.9315589353612168,"medical_distance_percentile":0.7718631178707225,"exploratory_score_c":0.1421668105896139,"pareto_frontier":false},"geometry":{"type":"Polygon","coordinates":[[[139.49375,35.325],[139.5,35.325],[139.5,35.32916666666667],[139.49375,35.32916666666667],[139.49375,35.325]]]},"id":"523973992"},{"type":"Feature","properties":{"mesh_code":"523973993","area_label":"県合同庁舎前バス停周辺","area_label_basis":"最寄りの実在公共交通名称（行政地名ではない）","rank":133,"population":1042,"elderly_population":200.0,"elderly_ratio":0.19193857965451055,"centroid_lat":35.33125,"centroid_lon":139.490625,"city_area_fraction":1.0000000000000002,"disclosure_status":"unaffected","primary_eligible":true,"nearest_station_name":"石上","nearest_station_distance_m":477.25376165267136,"nearest_bus_stop_name":"県合同庁舎前","nearest_bus_stop_distance_m":268.4611976653172,"nearest_public_transport_type":"bus_stop","nearest_public_transport_name":"県合同庁舎前","nearest_public_transport_distance_m":268.4611976653172,"nearest_medical_name":"藤沢市保健所","nearest_medical_distance_m":191.7848049010279,"nearest_medical_access_class":"likely_public","nearest_hospital_name":"クローバーホスピタル","nearest_hospital_distance_m":232.69919950705213,"elderly_population_percentile":0.3517110266159696,"transport_distance_percentile":0.7072243346007605,"medical_distance_percentile":0.2661596958174905,"exploratory_score_c":0.0662041892544336,"pareto_frontier":false},"geometry":{"type":"Polygon","coordinates":[[[139.4875,35.32916666666667],[139.49375,35.32916666666667],[139.49375,35.33333333333334],[139.4875,35.33333333333334],[139.4875,35.32916666666667]]]},"id":"523973993"},{"type":"Feature","properties":{"mesh_code":"523973994","area_label":"御霊神社前バス停周辺","area_label_basis":"最寄りの実在公共交通名称（行政地名ではない）","rank":5,"population":3349,"elderly_population":688.0,"elderly_ratio":0.20543445804717828,"centroid_lat":35.33125,"centroid_lon":139.496875,"city_area_fraction":1.0000000000000002,"disclosure_status":"unaffected","primary_eligible":true,"nearest_station_name":"石上","nearest_station_distance_m":1034.8608316093164,"nearest_bus_stop_name":"御霊神社前","nearest_bus_stop_distance_m":276.9792351838688,"nearest_public_transport_type":"bus_stop","nearest_public_transport_name":"御霊神社前","nearest_public_transport_distance_m":276.9792351838688,"nearest_medical_name":"アズビル株式会社　藤沢テクノセンター健康管理室","nearest_medical_distance_m":476.66037831505605,"nearest_medical_access_class":"uncertain_access","nearest_hospital_name":"藤沢病院","nearest_hospital_distance_m":793.6727528131873,"elderly_population_percentile":0.8365019011406845,"transport_distance_percentile":0.7338403041825095,"medical_distance_percentile":0.7414448669201521,"exploratory_score_c":0.4551424633785316,"pareto_frontier":false},"geometry":{"type":"Polygon","coordinates":[[[139.49375,35.32916666666667],[139.5,35.32916666666667],[139.5,35.33333333333334],[139.49375,35.33333333333334],[139.49375,35.32916666666667]]]},"id":"523973994"},{"type":"Feature","properties":{"mesh_code":"523974901","area_label":"御霊神社前バス停周辺","area_label_basis":"最寄りの実在公共交通名称（行政地名ではない）","rank":null,"population":868,"elderly_population":288.0,"elderly_ratio":0.3317972350230415,"centroid_lat":35.327083333333334,"centroid_lon":139.503125,"city_area_fraction":0.0467729730130133,"disclosure_status":"unaffected","primary_eligible":false,"nearest_station_name":"柳小路","nearest_station_distance_m":1626.7927754368206,"nearest_bus_stop_name":"御霊神社前","nearest_bus_stop_distance_m":737.6609141639409,"nearest_public_transport_type":"bus_stop","nearest_public_transport_name":"御霊神社前","nearest_public_transport_distance_m":737.6609141639409,"nearest_medical_name":"藤沢病院","nearest_medical_distance_m":771.0885478420546,"nearest_medical_access_class":"likely_public","nearest_hospital_name":"藤沢病院","nearest_hospital_distance_m":771.0885478420546,"elderly_population_percentile":null,"transport_distance_percentile":null,"medical_distance_percentile":null,"exploratory_score_c":null,"pareto_frontier":null},"geometry":{"type":"Polygon","coordinates":[[[139.5,35.325],[139.50625,35.325],[139.50625,35.32916666666667],[139.5,35.32916666666667],[139.5,35.325]]]},"id":"523974901"},{"type":"Feature","properties":{"mesh_code":"523974903","area_label":"御霊神社前バス停周辺","area_label_basis":"最寄りの実在公共交通名称（行政地名ではない）","rank":null,"population":1515,"elderly_population":428.0,"elderly_ratio":0.2825082508250825,"centroid_lat":35.33125,"centroid_lon":139.503125,"city_area_fraction":0.38209093468829913,"disclosure_status":"unaffected","primary_eligible":false,"nearest_station_name":"藤沢","nearest_station_distance_m":1591.4282467557907,"nearest_bus_stop_name":"御霊神社前","nearest_bus_stop_distance_m":402.8070834656366,"nearest_public_transport_type":"bus_stop","nearest_public_transport_name":"御霊神社前","nearest_public_transport_distance_m":402.8070834656366,"nearest_medical_name":"藤沢病院","nearest_medical_distance_m":336.2747653276665,"nearest_medical_access_class":"likely_public","nearest_hospital_name":"藤沢病院","nearest_hospital_distance_m":336.2747653276665,"elderly_population_percentile":null,"transport_distance_percentile":null,"medical_distance_percentile":null,"exploratory_score_c":null,"pareto_frontier":null},"geometry":{"type":"Polygon","coordinates":[[[139.5,35.32916666666667],[139.50625,35.32916666666667],[139.50625,35.33333333333334],[139.5,35.33333333333334],[139.5,35.32916666666667]]]},"id":"523974903"},{"type":"Feature","properties":{"mesh_code":"523974904","area_label":"村岡宮前バス停周辺","area_label_basis":"最寄りの実在公共交通名称（行政地名ではない）","rank":null,"population":1415,"elderly_population":383.0,"elderly_ratio":0.2706713780918728,"centroid_lat":35.33125,"centroid_lon":139.509375,"city_area_fraction":0.001337420349634568,"disclosure_status":"unaffected","primary_eligible":false,"nearest_station_name":"藤沢","nearest_station_distance_m":2120.758270521706,"nearest_bus_stop_name":"村岡宮前","nearest_bus_stop_distance_m":346.2995537369555,"nearest_public_transport_type":"bus_stop","nearest_public_transport_name":"村岡宮前","nearest_public_transport_distance_m":346.2995537369555,"nearest_medical_name":"藤沢病院","nearest_medical_distance_m":491.8413757239732,"nearest_medical_access_class":"likely_public","nearest_hospital_name":"藤沢病院","nearest_hospital_distance_m":491.8413757239732,"elderly_population_percentile":null,"transport_distance_percentile":null,"medical_distance_percentile":null,"exploratory_score_c":null,"pareto_frontier":null},"geometry":{"type":"Polygon","coordinates":[[[139.50625,35.32916666666667],[139.5125,35.32916666666667],[139.5125,35.33333333333334],[139.50625,35.33333333333334],[139.50625,35.32916666666667]]]},"id":"523974904"},{"type":"Feature","properties":{"mesh_code":"533903051","area_label":"辻堂周辺","area_label_basis":"最寄りの実在公共交通名称（行政地名ではない）","rank":null,"population":2716,"elderly_population":637.0,"elderly_ratio":0.2345360824742268,"centroid_lat":35.335416666666674,"centroid_lon":139.440625,"city_area_fraction":0.04996445889173247,"disclosure_status":"unaffected","primary_eligible":false,"nearest_station_name":"辻堂","nearest_station_distance_m":505.4270324688314,"nearest_bus_stop_name":"辻堂駅","nearest_bus_stop_distance_m":630.4381157009649,"nearest_public_transport_type":"station","nearest_public_transport_name":"辻堂","nearest_public_transport_distance_m":505.4270324688314,"nearest_medical_name":"こうのクリニック辻堂西口","nearest_medical_distance_m":301.2731158495139,"nearest_medical_access_class":"likely_public","nearest_hospital_name":"医療法人長谷川会湘南ホスピタル","nearest_hospital_distance_m":424.6038994140529,"elderly_population_percentile":null,"transport_distance_percentile":null,"medical_distance_percentile":null,"exploratory_score_c":null,"pareto_frontier":null},"geometry":{"type":"Polygon","coordinates":[[[139.4375,35.333333333333336],[139.44375,35.333333333333336],[139.44375,35.3375],[139.4375,35.3375],[139.4375,35.333333333333336]]]},"id":"533903051"},{"type":"Feature","properties":{"mesh_code":"533903052","area_label":"辻堂駅周辺","area_label_basis":"最寄りの実在公共交通名称（行政地名ではない）","rank":195,"population":2883,"elderly_population":622.0,"elderly_ratio":0.21574748525841136,"centroid_lat":35.335416666666674,"centroid_lon":139.446875,"city_area_fraction":0.9980352628384175,"disclosure_status":"unaffected","primary_eligible":true,"nearest_station_name":"辻堂","nearest_station_distance_m":181.72170045829085,"nearest_bus_stop_name":"辻堂駅","nearest_bus_stop_distance_m":141.5113771770096,"nearest_public_transport_type":"bus_stop","nearest_public_transport_name":"辻堂駅","nearest_public_transport_distance_m":141.5113771770096,"nearest_medical_name":"赤見整形外科","nearest_medical_distance_m":97.20671166531828,"nearest_medical_access_class":"likely_public","nearest_hospital_name":"医療法人長谷川会湘南ホスピタル","nearest_hospital_distance_m":364.1505664530133,"elderly_population_percentile":0.7452471482889734,"transport_distance_percentile":0.311787072243346,"medical_distance_percentile":0.1026615969581749,"exploratory_score_c":0.0238542871273516,"pareto_frontier":false},"geometry":{"type":"Polygon","coordinates":[[[139.44375,35.333333333333336],[139.45,35.333333333333336],[139.45,35.3375],[139.44375,35.3375],[139.44375,35.333333333333336]]]},"id":"533903052"},{"type":"Feature","properties":{"mesh_code":"533903053","area_label":"辻堂周辺","area_label_basis":"最寄りの実在公共交通名称（行政地名ではない）","rank":null,"population":3871,"elderly_population":808.0,"elderly_ratio":0.20873159390338414,"centroid_lat":35.33958333333334,"centroid_lon":139.440625,"city_area_fraction":0.0003849175825339576,"disclosure_status":"unaffected","primary_eligible":false,"nearest_station_name":"辻堂","nearest_station_distance_m":567.7092263496623,"nearest_bus_stop_name":"神台公園前","nearest_bus_stop_distance_m":618.1554894208623,"nearest_public_transport_type":"station","nearest_public_transport_name":"辻堂","nearest_public_transport_distance_m":567.7092263496623,"nearest_medical_name":"こうのクリニック辻堂西口","nearest_medical_distance_m":441.9105813970234,"nearest_medical_access_class":"likely_public","nearest_hospital_name":"医療法人徳洲会　湘南藤沢徳洲会病院","nearest_hospital_distance_m":453.90374316715554,"elderly_population_percentile":null,"transport_distance_percentile":null,"medical_distance_percentile":null,"exploratory_score_c":null,"pareto_frontier":null},"geometry":{"type":"Polygon","coordinates":[[[139.4375,35.3375],[139.44375,35.3375],[139.44375,35.341666666666676],[139.4375,35.341666666666676],[139.4375,35.3375]]]},"id":"533903053"},{"type":"Feature","properties":{"mesh_code":"533903054","area_label":"神台公園前バス停周辺","area_label_basis":"最寄りの実在公共交通名称（行政地名ではない）","rank":209,"population":2083,"elderly_population":565.0,"elderly_ratio":0.27124339894383104,"centroid_lat":35.33958333333334,"centroid_lon":139.446875,"city_area_fraction":0.9579099424517484,"disclosure_status":"unaffected","primary_eligible":true,"nearest_station_name":"辻堂","nearest_station_distance_m":316.02443212487015,"nearest_bus_stop_name":"神台公園前","nearest_bus_stop_distance_m":102.55333807342062,"nearest_public_transport_type":"bus_stop","nearest_public_transport_name":"神台公園前","nearest_public_transport_distance_m":102.55333807342062,"nearest_medical_name":"ラコスタ辻堂スキンクリニック","nearest_medical_distance_m":116.3898706075082,"nearest_medical_access_class":"likely_public","nearest_hospital_name":"医療法人徳洲会　湘南藤沢徳洲会病院","nearest_hospital_distance_m":226.58312904075382,"elderly_population_percentile":0.6844106463878327,"transport_distance_percentile":0.1863117870722433,"medical_distance_percentile":0.1482889733840304,"exploratory_score_c":0.0189088861375348,"pareto_frontier":false},"geometry":{"type":"Polygon","coordinates":[[[139.44375,35.3375],[139.45,35.3375],[139.45,35.341666666666676],[139.44375,35.341666666666676],[139.44375,35.3375]]]},"id":"533903054"},{"type":"Feature","properties":{"mesh_code":"533903061","area_label":"新町一丁目バス停周辺","area_label_basis":"最寄りの実在公共交通名称（行政地名ではない）","rank":53,"population":2830,"elderly_population":556.0,"elderly_ratio":0.19646643109540637,"centroid_lat":35.335416666666674,"centroid_lon":139.453125,"city_area_fraction":1.0000000000000002,"disclosure_status":"unaffected","primary_eligible":true,"nearest_station_name":"辻堂","nearest_station_distance_m":675.426003815793,"nearest_bus_stop_name":"新町一丁目","nearest_bus_stop_distance_m":214.324121511022,"nearest_public_transport_type":"bus_stop","nearest_public_transport_name":"新町一丁目","nearest_public_transport_distance_m":214.324121511022,"nearest_medical_name":"酒井医院","nearest_medical_distance_m":312.6190611692852,"nearest_medical_access_class":"likely_public","nearest_hospital_name":"医療法人長谷川会湘南ホスピタル","nearest_hospital_distance_m":854.730844753251,"elderly_population_percentile":0.6653992395437263,"transport_distance_percentile":0.5627376425855514,"medical_distance_percentile":0.4866920152091255,"exploratory_score_c":0.1822394887003766,"pareto_frontier":false},"geometry":{"type":"Polygon","coordinates":[[[139.45,35.333333333333336],[139.45625,35.333333333333336],[139.45625,35.3375],[139.45,35.3375],[139.45,35.333333333333336]]]},"id":"533903061"},{"type":"Feature","properties":{"mesh_code":"533903062","area_label":"新町三丁目バス停周辺","area_label_basis":"最寄りの実在公共交通名称（行政地名ではない）","rank":11,"population":3759,"elderly_population":696.0,"elderly_ratio":0.18515562649640863,"centroid_lat":35.335416666666674,"centroid_lon":139.459375,"city_area_fraction":1.0,"disclosure_status":"unaffected","primary_eligible":true,"nearest_station_name":"辻堂","nearest_station_distance_m":1234.904074233203,"nearest_bus_stop_name":"新町三丁目","nearest_bus_stop_distance_m":316.1490705585988,"nearest_public_transport_type":"bus_stop","nearest_public_transport_name":"新町三丁目","nearest_public_transport_distance_m":316.1490705585988,"nearest_medical_name":"杉山内科クリニック","nearest_medical_distance_m":349.1072057971764,"nearest_medical_access_class":"likely_public","nearest_hospital_name":"医療法人社団正拓会　湘南太平台病院","nearest_hospital_distance_m":750.4009956677353,"elderly_population_percentile":0.8517110266159695,"transport_distance_percentile":0.7832699619771863,"medical_distance_percentile":0.55893536121673,"exploratory_score_c":0.37287677005573,"pareto_frontier":false},"geometry":{"type":"Polygon","coordinates":[[[139.45625,35.333333333333336],[139.4625,35.333333333333336],[139.4625,35.3375],[139.45625,35.3375],[139.45625,35.333333333333336]]]},"id":"533903062"},{"type":"Feature","properties":{"mesh_code":"533903063","area_label":"新町一丁目バス停周辺","area_label_basis":"最寄りの実在公共交通名称（行政地名ではない）","rank":28,"population":3700,"elderly_population":941.0,"elderly_ratio":0.25432432432432434,"centroid_lat":35.33958333333334,"centroid_lon":139.453125,"city_area_fraction":1.0,"disclosure_status":"unaffected","primary_eligible":true,"nearest_station_name":"辻堂","nearest_station_distance_m":723.2061925450132,"nearest_bus_stop_name":"新町一丁目","nearest_bus_stop_distance_m":267.5612491957263,"nearest_public_transport_type":"bus_stop","nearest_public_transport_name":"新町一丁目","nearest_public_transport_distance_m":267.5612491957263,"nearest_medical_name":"医療法人社団小林内科医院","nearest_medical_distance_m":250.6395166741809,"nearest_medical_access_class":"likely_public","nearest_hospital_name":"湘南中央病院","nearest_hospital_distance_m":477.85569573051674,"elderly_population_percentile":0.9581749049429658,"transport_distance_percentile":0.6958174904942965,"medical_distance_percentile":0.3802281368821292,"exploratory_score_c":0.2535037482175002,"pareto_frontier":false},"geometry":{"type":"Polygon","coordinates":[[[139.45,35.3375],[139.45625,35.3375],[139.45625,35.341666666666676],[139.45,35.341666666666676],[139.45,35.3375]]]},"id":"533903063"},{"type":"Feature","properties":{"mesh_code":"533903064","area_label":"住宅前バス停周辺","area_label_basis":"最寄りの実在公共交通名称（行政地名ではない）","rank":248,"population":3345,"elderly_population":810.0,"elderly_ratio":0.242152466367713,"centroid_lat":35.33958333333334,"centroid_lon":139.459375,"city_area_fraction":1.0,"disclosure_status":"unaffected","primary_eligible":true,"nearest_station_name":"辻堂","nearest_station_distance_m":1261.6497486565718,"nearest_bus_stop_name":"住宅前","nearest_bus_stop_distance_m":228.1393462745407,"nearest_public_transport_type":"bus_stop","nearest_public_transport_name":"住宅前","nearest_public_transport_distance_m":228.1393462745407,"nearest_medical_name":"医療法人社団松和会望星藤沢クリニック","nearest_medical_distance_m":24.887801614230728,"nearest_medical_access_class":"likely_public","nearest_hospital_name":"医療法人社団正拓会　湘南太平台病院","nearest_hospital_distance_m":923.8937536076913,"elderly_population_percentile":0.9125475285171104,"transport_distance_percentile":0.5893536121673004,"medical_distance_percentile":0.0076045627376425,"exploratory_score_c":0.0040898340852159,"pareto_frontier":false},"geometry":{"type":"Polygon","coordinates":[[[139.45625,35.3375],[139.4625,35.3375],[139.4625,35.341666666666676],[139.45625,35.341666666666676],[139.45625,35.3375]]]},"id":"533903064"},{"type":"Feature","properties":{"mesh_code":"533903071","area_label":"藤沢SST前バス停周辺","area_label_basis":"最寄りの実在公共交通名称（行政地名ではない）","rank":187,"population":2408,"elderly_population":440.0,"elderly_ratio":0.18272425249169436,"centroid_lat":35.335416666666674,"centroid_lon":139.465625,"city_area_fraction":1.0,"disclosure_status":"unaffected","primary_eligible":true,"nearest_station_name":"本鵠沼","nearest_station_distance_m":1004.6224531759359,"nearest_bus_stop_name":"藤沢SST前","nearest_bus_stop_distance_m":135.34101046784235,"nearest_public_transport_type":"bus_stop","nearest_public_transport_name":"藤沢SST前","nearest_public_transport_distance_m":135.34101046784235,"nearest_medical_name":"辻堂たいへいだい耳鼻咽喉科","nearest_medical_distance_m":136.04572569142306,"nearest_medical_access_class":"likely_public","nearest_hospital_name":"医療法人社団正拓会　湘南太平台病院","nearest_hospital_distance_m":196.10329988121896,"elderly_population_percentile":0.55893536121673,"transport_distance_percentile":0.2927756653992395,"medical_distance_percentile":0.1749049429657794,"exploratory_score_c":0.0286219122645933,"pareto_frontier":false},"geometry":{"type":"Polygon","coordinates":[[[139.4625,35.333333333333336],[139.46875,35.333333333333336],[139.46875,35.3375],[139.4625,35.3375],[139.4625,35.333333333333336]]]},"id":"533903071"},{"type":"Feature","properties":{"mesh_code":"533903072","area_label":"藤沢警察署前バス停周辺","area_label_basis":"最寄りの実在公共交通名称（行政地名ではない）","rank":113,"population":2111,"elderly_population":362.0,"elderly_ratio":0.17148270961629558,"centroid_lat":35.335416666666674,"centroid_lon":139.471875,"city_area_fraction":0.9999999999999998,"disclosure_status":"unaffected","primary_eligible":true,"nearest_station_name":"本鵠沼","nearest_station_distance_m":576.8815558145833,"nearest_bus_stop_name":"藤沢警察署前","nearest_bus_stop_distance_m":195.79532362855898,"nearest_public_transport_type":"bus_stop","nearest_public_transport_name":"藤沢警察署前","nearest_public_transport_distance_m":195.79532362855898,"nearest_medical_name":"のむら医院","nearest_medical_distance_m":243.46450220633827,"nearest_medical_access_class":"likely_public","nearest_hospital_name":"医療法人社団正拓会　湘南太平台病院","nearest_hospital_distance_m":399.29713534585295,"elderly_population_percentile":0.4790874524714829,"transport_distance_percentile":0.5095057034220533,"medical_distance_percentile":0.3726235741444867,"exploratory_score_c":0.0909565907538856,"pareto_frontier":false},"geometry":{"type":"Polygon","coordinates":[[[139.46875,35.333333333333336],[139.475,35.333333333333336],[139.475,35.3375],[139.46875,35.3375],[139.46875,35.333333333333336]]]},"id":"533903072"},{"type":"Feature","properties":{"mesh_code":"533903073","area_label":"NOK前バス停周辺","area_label_basis":"最寄りの実在公共交通名称（行政地名ではない）","rank":237,"population":202,"elderly_population":47.0,"elderly_ratio":0.23267326732673269,"centroid_lat":35.33958333333334,"centroid_lon":139.465625,"city_area_fraction":1.0,"disclosure_status":"unaffected","primary_eligible":true,"nearest_station_name":"本鵠沼","nearest_station_distance_m":1293.0364901892412,"nearest_bus_stop_name":"NOK前","nearest_bus_stop_distance_m":229.39762894515007,"nearest_public_transport_type":"bus_stop","nearest_public_transport_name":"NOK前","nearest_public_transport_distance_m":229.39762894515007,"nearest_medical_name":"つちや眼科","nearest_medical_distance_m":101.77439602923161,"nearest_medical_access_class":"likely_public","nearest_hospital_name":"医療法人社団正拓会　湘南太平台病院","nearest_hospital_distance_m":573.5514899398645,"elderly_population_percentile":0.0988593155893536,"transport_distance_percentile":0.5931558935361216,"medical_distance_percentile":0.1140684410646387,"exploratory_score_c":0.0066888576813048,"pareto_frontier":false},"geometry":{"type":"Polygon","coordinates":[[[139.4625,35.3375],[139.46875,35.3375],[139.46875,35.341666666666676],[139.4625,35.341666666666676],[139.4625,35.3375]]]},"id":"533903073"},{"type":"Feature","properties":{"mesh_code":"533903074","area_label":"神明町バス停周辺","area_label_basis":"最寄りの実在公共交通名称（行政地名ではない）","rank":91,"population":1699,"elderly_population":341.0,"elderly_ratio":0.2007062978222484,"centroid_lat":35.33958333333334,"centroid_lon":139.471875,"city_area_fraction":0.9999999999999998,"disclosure_status":"unaffected","primary_eligible":true,"nearest_station_name":"本鵠沼","nearest_station_distance_m":997.7493863147578,"nearest_bus_stop_name":"神明町","nearest_bus_stop_distance_m":150.60812332370978,"nearest_public_transport_type":"bus_stop","nearest_public_transport_name":"神明町","nearest_public_transport_distance_m":150.60812332370978,"nearest_medical_name":"日本精工藤沢健康推進室","nearest_medical_distance_m":527.9054034572841,"nearest_medical_access_class":"likely_public","nearest_hospital_name":"医療法人社団正拓会　湘南太平台病院","nearest_hospital_distance_m":670.7731842706104,"elderly_population_percentile":0.4562737642585551,"transport_distance_percentile":0.3346007604562737,"medical_distance_percentile":0.7946768060836502,"exploratory_score_c":0.1213229491859553,"pareto_frontier":false},"geometry":{"type":"Polygon","coordinates":[[[139.46875,35.3375],[139.475,35.3375],[139.475,35.341666666666676],[139.46875,35.341666666666676],[139.46875,35.3375]]]},"id":"533903074"},{"type":"Feature","properties":{"mesh_code":"533903081","area_label":"鵠沼小学校前バス停周辺","area_label_basis":"最寄りの実在公共交通名称（行政地名ではない）","rank":15,"population":2996,"elderly_population":653.0,"elderly_ratio":0.21795727636849133,"centroid_lat":35.335416666666674,"centroid_lon":139.478125,"city_area_fraction":0.9999999999999998,"disclosure_status":"unaffected","primary_eligible":true,"nearest_station_name":"本鵠沼","nearest_station_distance_m":549.5212161408353,"nearest_bus_stop_name":"鵠沼小学校前","nearest_bus_stop_distance_m":337.06033246113634,"nearest_public_transport_type":"bus_stop","nearest_public_transport_name":"鵠沼小学校前","nearest_public_transport_distance_m":337.06033246113634,"nearest_medical_name":"のむら医院","nearest_medical_distance_m":338.1145791729482,"nearest_medical_access_class":"likely_public","nearest_hospital_name":"医療法人社団正拓会　湘南太平台病院","nearest_hospital_distance_m":962.3127611470446,"elderly_population_percentile":0.8060836501901141,"transport_distance_percentile":0.8060836501901141,"medical_distance_percentile":0.5361216730038023,"exploratory_score_c":0.3483562357628835,"pareto_frontier":false},"geometry":{"type":"Polygon","coordinates":[[[139.475,35.333333333333336],[139.48125,35.333333333333336],[139.48125,35.3375],[139.475,35.3375],[139.475,35.333333333333336]]]},"id":"533903081"},{"type":"Feature","properties":{"mesh_code":"533903082","area_label":"橘通りバス停周辺","area_label_basis":"最寄りの実在公共交通名称（行政地名ではない）","rank":211,"population":3721,"elderly_population":915.0,"elderly_ratio":0.2459016393442623,"centroid_lat":35.335416666666674,"centroid_lon":139.484375,"city_area_fraction":1.0000000000000002,"disclosure_status":"unaffected","primary_eligible":true,"nearest_station_name":"藤沢","nearest_station_distance_m":330.17261598996004,"nearest_bus_stop_name":"橘通り","nearest_bus_stop_distance_m":97.67281194677456,"nearest_public_transport_type":"bus_stop","nearest_public_transport_name":"橘通り","nearest_public_transport_distance_m":97.67281194677456,"nearest_medical_name":"勝俣内科医院","nearest_medical_distance_m":106.69084037452099,"nearest_medical_access_class":"likely_public","nearest_hospital_name":"クローバーホスピタル","nearest_hospital_distance_m":557.0249381421427,"elderly_population_percentile":0.946768060836502,"transport_distance_percentile":0.1596958174904943,"medical_distance_percentile":0.1216730038022813,"exploratory_score_c":0.018396337575565,"pareto_frontier":false},"geometry":{"type":"Polygon","coordinates":[[[139.48125,35.333333333333336],[139.4875,35.333333333333336],[139.4875,35.3375],[139.48125,35.3375],[139.48125,35.333333333333336]]]},"id":"533903082"},{"type":"Feature","properties":{"mesh_code":"533903083","area_label":"日本精工前バス停周辺","area_label_basis":"最寄りの実在公共交通名称（行政地名ではない）","rank":249,"population":2358,"elderly_population":638.0,"elderly_ratio":0.27056827820186596,"centroid_lat":35.33958333333334,"centroid_lon":139.478125,"city_area_fraction":1.0000000000000002,"disclosure_status":"unaffected","primary_eligible":true,"nearest_station_name":"藤沢","nearest_station_distance_m":759.36217869456,"nearest_bus_stop_name":"日本精工前","nearest_bus_stop_distance_m":54.42925002454894,"nearest_public_transport_type":"bus_stop","nearest_public_transport_name":"日本精工前","nearest_public_transport_distance_m":54.42925002454894,"nearest_medical_name":"日本精工藤沢健康推進室","nearest_medical_distance_m":92.96644673904079,"nearest_medical_access_class":"likely_public","nearest_hospital_name":"医療法人社団正拓会　湘南太平台病院","nearest_hospital_distance_m":1102.9527774153287,"elderly_population_percentile":0.7813688212927756,"transport_distance_percentile":0.0494296577946768,"medical_distance_percentile":0.0950570342205323,"exploratory_score_c":0.0036713681984726,"pareto_frontier":false},"geometry":{"type":"Polygon","coordinates":[[[139.475,35.3375],[139.48125,35.3375],[139.48125,35.341666666666676],[139.475,35.341666666666676],[139.475,35.3375]]]},"id":"533903083"},{"type":"Feature","properties":{"mesh_code":"533903084","area_label":"三富士町バス停周辺","area_label_basis":"最寄りの実在公共交通名称（行政地名ではない）","rank":261,"population":4690,"elderly_population":968.0,"elderly_ratio":0.20639658848614073,"centroid_lat":35.33958333333334,"centroid_lon":139.484375,"city_area_fraction":0.9999999999999998,"disclosure_status":"unaffected","primary_eligible":true,"nearest_station_name":"藤沢","nearest_station_distance_m":204.3630179489291,"nearest_bus_stop_name":"三富士町","nearest_bus_stop_distance_m":14.058919484765594,"nearest_public_transport_type":"bus_stop","nearest_public_transport_name":"三富士町","nearest_public_transport_distance_m":14.058919484765594,"nearest_medical_name":"ティー・エイチ・ピー・メディカルクリニック","nearest_medical_distance_m":46.40307698642687,"nearest_medical_access_class":"likely_public","nearest_hospital_name":"医療法人山内龍馬財団　山内病院","nearest_hospital_distance_m":558.3070644419066,"elderly_population_percentile":0.9657794676806084,"transport_distance_percentile":0.0076045627376425,"medical_distance_percentile":0.026615969581749,"exploratory_score_c":0.000195476478589,"pareto_frontier":false},"geometry":{"type":"Polygon","coordinates":[[[139.48125,35.3375],[139.4875,35.3375],[139.4875,35.341666666666676],[139.48125,35.341666666666676],[139.48125,35.3375]]]},"id":"533903084"},{"type":"Feature","properties":{"mesh_code":"533903091","area_label":"奥田バス停周辺","area_label_basis":"最寄りの実在公共交通名称（行政地名ではない）","rank":177,"population":4272,"elderly_population":1110.0,"elderly_ratio":0.2598314606741573,"centroid_lat":35.335416666666674,"centroid_lon":139.490625,"city_area_fraction":1.0000000000000002,"disclosure_status":"unaffected","primary_eligible":true,"nearest_station_name":"藤沢","nearest_station_distance_m":370.238513253076,"nearest_bus_stop_name":"奥田","nearest_bus_stop_distance_m":152.2935910439686,"nearest_public_transport_type":"bus_stop","nearest_public_transport_name":"奥田","nearest_public_transport_distance_m":152.2935910439686,"nearest_medical_name":"尾崎クリニック","nearest_medical_distance_m":95.51133877974169,"nearest_medical_access_class":"likely_public","nearest_hospital_name":"医療法人山内龍馬財団　山内病院","nearest_hospital_distance_m":263.3016350208487,"elderly_population_percentile":0.9847908745247148,"transport_distance_percentile":0.3498098859315589,"medical_distance_percentile":0.0988593155893536,"exploratory_score_c":0.0340560044508828,"pareto_frontier":false},"geometry":{"type":"Polygon","coordinates":[[[139.4875,35.333333333333336],[139.49375,35.333333333333336],[139.49375,35.3375],[139.4875,35.3375],[139.4875,35.333333333333336]]]},"id":"533903091"},{"type":"Feature","properties":{"mesh_code":"533903092","area_label":"川名バス停周辺","area_label_basis":"最寄りの実在公共交通名称（行政地名ではない）","rank":220,"population":2303,"elderly_population":392.0,"elderly_ratio":0.1702127659574468,"centroid_lat":35.335416666666674,"centroid_lon":139.496875,"city_area_fraction":1.0,"disclosure_status":"unaffected","primary_eligible":true,"nearest_station_name":"藤沢","nearest_station_distance_m":900.412581779887,"nearest_bus_stop_name":"川名","nearest_bus_stop_distance_m":65.12355023037857,"nearest_public_transport_type":"bus_stop","nearest_public_transport_name":"川名","nearest_public_transport_distance_m":65.12355023037857,"nearest_medical_name":"アズビル株式会社　藤沢テクノセンター健康管理室","nearest_medical_distance_m":206.1372246805795,"nearest_medical_access_class":"uncertain_access","nearest_hospital_name":"医療法人山内龍馬財団　山内病院","nearest_hospital_distance_m":668.5023610434566,"elderly_population_percentile":0.5171102661596958,"transport_distance_percentile":0.0760456273764258,"medical_distance_percentile":0.3041825095057034,"exploratory_score_c":0.0119616652814918,"pareto_frontier":false},"geometry":{"type":"Polygon","coordinates":[[[139.49375,35.333333333333336],[139.5,35.333333333333336],[139.5,35.3375],[139.49375,35.3375],[139.49375,35.333333333333336]]]},"id":"533903092"},{"type":"Feature","properties":{"mesh_code":"533903093","area_label":"日ノ出町バス停周辺","area_label_basis":"最寄りの実在公共交通名称（行政地名ではない）","rank":172,"population":2423,"elderly_population":490.0,"elderly_ratio":0.2022286421791168,"centroid_lat":35.33958333333334,"centroid_lon":139.490625,"city_area_fraction":1.0,"disclosure_status":"unaffected","primary_eligible":true,"nearest_station_name":"藤沢","nearest_station_distance_m":336.118602545441,"nearest_bus_stop_name":"日ノ出町","nearest_bus_stop_distance_m":219.94102879137293,"nearest_public_transport_type":"bus_stop","nearest_public_transport_name":"日ノ出町","nearest_public_transport_distance_m":219.94102879137293,"nearest_medical_name":"藤沢シティ眼科","nearest_medical_distance_m":99.76080665171646,"nearest_medical_access_class":"likely_public","nearest_hospital_name":"医療法人山内龍馬財団　山内病院","nearest_hospital_distance_m":209.01752408954192,"elderly_population_percentile":0.5893536121673004,"transport_distance_percentile":0.5741444866920152,"medical_distance_percentile":0.1064638783269961,"exploratory_score_c":0.0360246219006107,"pareto_frontier":false},"geometry":{"type":"Polygon","coordinates":[[[139.4875,35.3375],[139.49375,35.3375],[139.49375,35.341666666666676],[139.4875,35.341666666666676],[139.4875,35.3375]]]},"id":"533903093"},{"type":"Feature","properties":{"mesh_code":"533903094","area_label":"弥勒寺バス停周辺","area_label_basis":"最寄りの実在公共交通名称（行政地名ではない）","rank":160,"population":3132,"elderly_population":662.0,"elderly_ratio":0.21136653895274585,"centroid_lat":35.33958333333334,"centroid_lon":139.496875,"city_area_fraction":1.0,"disclosure_status":"unaffected","primary_eligible":true,"nearest_station_name":"藤沢","nearest_station_distance_m":892.7066224988934,"nearest_bus_stop_name":"弥勒寺","nearest_bus_stop_distance_m":152.81026602956462,"nearest_public_transport_type":"bus_stop","nearest_public_transport_name":"弥勒寺","nearest_public_transport_distance_m":152.81026602956462,"nearest_medical_name":"のぞみホームクリニック","nearest_medical_distance_m":123.23653231038966,"nearest_medical_access_class":"likely_public","nearest_hospital_name":"医療法人山内龍馬財団　山内病院","nearest_hospital_distance_m":649.027434826044,"elderly_population_percentile":0.8136882129277566,"transport_distance_percentile":0.3536121673003802,"medical_distance_percentile":0.1520912547528517,"exploratory_score_c":0.043761224711811,"pareto_frontier":false},"geometry":{"type":"Polygon","coordinates":[[[139.49375,35.3375],[139.5,35.3375],[139.5,35.341666666666676],[139.49375,35.341666666666676],[139.49375,35.3375]]]},"id":"533903094"},{"type":"Feature","properties":{"mesh_code":"533903151","area_label":"二ツ谷バス停周辺","area_label_basis":"最寄りの実在公共交通名称（行政地名ではない）","rank":null,"population":3798,"elderly_population":789.0,"elderly_ratio":0.20774091627172195,"centroid_lat":35.34375,"centroid_lon":139.440625,"city_area_fraction":0.09847693250808329,"disclosure_status":"unaffected","primary_eligible":false,"nearest_station_name":"辻堂","nearest_station_distance_m":903.5826269677863,"nearest_bus_stop_name":"二ツ谷","nearest_bus_stop_distance_m":367.2314695985888,"nearest_public_transport_type":"bus_stop","nearest_public_transport_name":"二ツ谷","nearest_public_transport_distance_m":367.2314695985888,"nearest_medical_name":"特別養護老人ホームかりん医務室","nearest_medical_distance_m":477.4463571158382,"nearest_medical_access_class":"uncertain_access","nearest_hospital_name":"医療法人徳洲会　湘南藤沢徳洲会病院","nearest_hospital_distance_m":510.89590399441636,"elderly_population_percentile":null,"transport_distance_percentile":null,"medical_distance_percentile":null,"exploratory_score_c":null,"pareto_frontier":null},"geometry":{"type":"Polygon","coordinates":[[[139.4375,35.34166666666667],[139.44375,35.34166666666667],[139.44375,35.34583333333334],[139.4375,35.34583333333334],[139.4375,35.34166666666667]]]},"id":"533903151"},{"type":"Feature","properties":{"mesh_code":"533903152","area_label":"羽鳥一丁目バス停周辺","area_label_basis":"最寄りの実在公共交通名称（行政地名ではない）","rank":83,"population":2787,"elderly_population":588.0,"elderly_ratio":0.2109795479009688,"centroid_lat":35.34375,"centroid_lon":139.446875,"city_area_fraction":0.9976006885142018,"disclosure_status":"unaffected","primary_eligible":true,"nearest_station_name":"辻堂","nearest_station_distance_m":770.7466599786889,"nearest_bus_stop_name":"羽鳥一丁目","nearest_bus_stop_distance_m":179.98093400356248,"nearest_public_transport_type":"bus_stop","nearest_public_transport_name":"羽鳥一丁目","nearest_public_transport_distance_m":179.98093400356248,"nearest_medical_name":"湘南中央病院","nearest_medical_distance_m":272.4880928342803,"nearest_medical_access_class":"likely_public","nearest_hospital_name":"湘南中央病院","nearest_hospital_distance_m":272.4880928342803,"elderly_population_percentile":0.7110266159695817,"transport_distance_percentile":0.4638783269961977,"medical_distance_percentile":0.4144486692015209,"exploratory_score_c":0.1366975370348494,"pareto_frontier":false},"geometry":{"type":"Polygon","coordinates":[[[139.44375,35.34166666666667],[139.45,35.34166666666667],[139.45,35.34583333333334],[139.44375,35.34583333333334],[139.44375,35.34166666666667]]]},"id":"533903152"},{"type":"Feature","properties":{"mesh_code":"533903153","area_label":"城南バス停周辺","area_label_basis":"最寄りの実在公共交通名称（行政地名ではない）","rank":null,"population":1195,"elderly_population":335.0,"elderly_ratio":0.2803347280334728,"centroid_lat":35.34791666666668,"centroid_lon":139.440625,"city_area_fraction":0.2603437442217306,"disclosure_status":"unaffected","primary_eligible":false,"nearest_station_name":"辻堂","nearest_station_distance_m":1318.3173983407712,"nearest_bus_stop_name":"城南","nearest_bus_stop_distance_m":376.65678442985495,"nearest_public_transport_type":"bus_stop","nearest_public_transport_name":"城南","nearest_public_transport_distance_m":376.65678442985495,"nearest_medical_name":"特別養護老人ホームかりん医務室","nearest_medical_distance_m":165.7169464300295,"nearest_medical_access_class":"uncertain_access","nearest_hospital_name":"医療法人徳洲会　湘南藤沢徳洲会病院","nearest_hospital_distance_m":862.1668992095792,"elderly_population_percentile":null,"transport_distance_percentile":null,"medical_distance_percentile":null,"exploratory_score_c":null,"pareto_frontier":null},"geometry":{"type":"Polygon","coordinates":[[[139.4375,35.34583333333334],[139.44375,35.34583333333334],[139.44375,35.35],[139.4375,35.35],[139.4375,35.34583333333334]]]},"id":"533903153"},{"type":"Feature","properties":{"mesh_code":"533903154","area_label":"大庭隧道バス停周辺","area_label_basis":"最寄りの実在公共交通名称（行政地名ではない）","rank":246,"population":1667,"elderly_population":361.0,"elderly_ratio":0.21655668866226754,"centroid_lat":35.34791666666668,"centroid_lon":139.446875,"city_area_fraction":1.0,"disclosure_status":"unaffected","primary_eligible":true,"nearest_station_name":"辻堂","nearest_station_distance_m":1231.081060032544,"nearest_bus_stop_name":"大庭隧道","nearest_bus_stop_distance_m":24.18324259823268,"nearest_public_transport_type":"bus_stop","nearest_public_transport_name":"大庭隧道","nearest_public_transport_distance_m":24.18324259823268,"nearest_medical_name":"四ツ谷クリニック","nearest_medical_distance_m":331.4797672296348,"nearest_medical_access_class":"likely_public","nearest_hospital_name":"湘南中央病院","nearest_hospital_distance_m":619.736836683767,"elderly_population_percentile":0.4733840304182509,"transport_distance_percentile":0.0190114068441064,"medical_distance_percentile":0.5247148288973384,"exploratory_score_c":0.0047222741544419,"pareto_frontier":false},"geometry":{"type":"Polygon","coordinates":[[[139.44375,35.34583333333334],[139.45,35.34583333333334],[139.45,35.35],[139.44375,35.35],[139.44375,35.34583333333334]]]},"id":"533903154"},{"type":"Feature","properties":{"mesh_code":"533903161","area_label":"羽鳥山バス停周辺","area_label_basis":"最寄りの実在公共交通名称（行政地名ではない）","rank":138,"population":4125,"elderly_population":882.0,"elderly_ratio":0.21381818181818182,"centroid_lat":35.34375,"centroid_lon":139.453125,"city_area_fraction":1.0,"disclosure_status":"unaffected","primary_eligible":true,"nearest_station_name":"辻堂","nearest_station_distance_m":1008.555503403752,"nearest_bus_stop_name":"羽鳥山","nearest_bus_stop_distance_m":198.4336118746972,"nearest_public_transport_type":"bus_stop","nearest_public_transport_name":"羽鳥山","nearest_public_transport_distance_m":198.4336118746972,"nearest_medical_name":"丸山医院","nearest_medical_distance_m":107.56572328855657,"nearest_medical_access_class":"likely_public","nearest_hospital_name":"湘南中央病院","nearest_hospital_distance_m":332.92279555402246,"elderly_population_percentile":0.9391634980988594,"transport_distance_percentile":0.532319391634981,"medical_distance_percentile":0.1254752851711026,"exploratory_score_c":0.0627294794086473,"pareto_frontier":false},"geometry":{"type":"Polygon","coordinates":[[[139.45,35.34166666666667],[139.45625,35.34166666666667],[139.45625,35.34583333333334],[139.45,35.34583333333334],[139.45,35.34166666666667]]]},"id":"533903161"},{"type":"Feature","properties":{"mesh_code":"533903162","area_label":"梅ヶ枝通りバス停周辺","area_label_basis":"最寄りの実在公共交通名称（行政地名ではない）","rank":46,"population":3343,"elderly_population":563.0,"elderly_ratio":0.16841160634160934,"centroid_lat":35.34375,"centroid_lon":139.459375,"city_area_fraction":1.0,"disclosure_status":"unaffected","primary_eligible":true,"nearest_station_name":"辻堂","nearest_station_distance_m":1444.251359533889,"nearest_bus_stop_name":"梅ヶ枝通り","nearest_bus_stop_distance_m":255.7071444164697,"nearest_public_transport_type":"bus_stop","nearest_public_transport_name":"梅ヶ枝通り","nearest_public_transport_distance_m":255.7071444164697,"nearest_medical_name":"藤田医院","nearest_medical_distance_m":283.4174103741212,"nearest_medical_access_class":"likely_public","nearest_hospital_name":"湘南中央病院","nearest_hospital_distance_m":890.4617674660823,"elderly_population_percentile":0.6806083650190115,"transport_distance_percentile":0.6653992395437263,"medical_distance_percentile":0.4410646387832699,"exploratory_score_c":0.1997477166055015,"pareto_frontier":false},"geometry":{"type":"Polygon","coordinates":[[[139.45625,35.34166666666667],[139.4625,35.34166666666667],[139.4625,35.34583333333334],[139.45625,35.34583333333334],[139.45625,35.34166666666667]]]},"id":"533903162"},{"type":"Feature","properties":{"mesh_code":"533903163","area_label":"辻堂入口バス停周辺","area_label_basis":"最寄りの実在公共交通名称（行政地名ではない）","rank":52,"population":1765,"elderly_population":433.0,"elderly_ratio":0.2453257790368272,"centroid_lat":35.34791666666668,"centroid_lon":139.453125,"city_area_fraction":1.0,"disclosure_status":"unaffected","primary_eligible":true,"nearest_station_name":"辻堂","nearest_station_distance_m":1392.3620899970379,"nearest_bus_stop_name":"辻堂入口","nearest_bus_stop_distance_m":225.81574579900663,"nearest_public_transport_type":"bus_stop","nearest_public_transport_name":"辻堂入口","nearest_public_transport_distance_m":225.81574579900663,"nearest_medical_name":"四ツ谷クリニック","nearest_medical_distance_m":367.9869724935592,"nearest_medical_access_class":"likely_public","nearest_hospital_name":"湘南中央病院","nearest_hospital_distance_m":648.5827194780592,"elderly_population_percentile":0.5475285171102662,"transport_distance_percentile":0.5817490494296578,"medical_distance_percentile":0.5855513307984791,"exploratory_score_c":0.1865122659016624,"pareto_frontier":false},"geometry":{"type":"Polygon","coordinates":[[[139.45,35.34583333333334],[139.45625,35.34583333333334],[139.45625,35.35],[139.45,35.35],[139.45,35.34583333333334]]]},"id":"533903163"},{"type":"Feature","properties":{"mesh_code":"533903164","area_label":"明治小学校前バス停周辺","area_label_basis":"最寄りの実在公共交通名称（行政地名ではない）","rank":85,"population":2845,"elderly_population":587.0,"elderly_ratio":0.2063268892794376,"centroid_lat":35.34791666666668,"centroid_lon":139.459375,"city_area_fraction":0.9999999999999998,"disclosure_status":"unaffected","primary_eligible":true,"nearest_station_name":"藤沢本町","nearest_station_distance_m":1497.6564893013422,"nearest_bus_stop_name":"明治小学校前","nearest_bus_stop_distance_m":117.12712139916022,"nearest_public_transport_type":"bus_stop","nearest_public_transport_name":"明治小学校前","nearest_public_transport_distance_m":117.12712139916022,"nearest_medical_name":"藤田医院","nearest_medical_distance_m":626.682562910065,"nearest_medical_access_class":"likely_public","nearest_hospital_name":"湘南中央病院","nearest_hospital_distance_m":1050.0994922454913,"elderly_population_percentile":0.7072243346007605,"transport_distance_percentile":0.2167300380228136,"medical_distance_percentile":0.8745247148288974,"exploratory_score_c":0.1340443121429538,"pareto_frontier":false},"geometry":{"type":"Polygon","coordinates":[[[139.45625,35.34583333333334],[139.4625,35.34583333333334],[139.4625,35.35],[139.45625,35.35],[139.45625,35.34583333333334]]]},"id":"533903164"},{"type":"Feature","properties":{"mesh_code":"533903171","area_label":"湘南台バス停周辺","area_label_basis":"最寄りの実在公共交通名称（行政地名ではない）","rank":61,"population":3066,"elderly_population":589.0,"elderly_ratio":0.19210697977821264,"centroid_lat":35.34375,"centroid_lon":139.465625,"city_area_fraction":1.0000000000000002,"disclosure_status":"unaffected","primary_eligible":true,"nearest_station_name":"藤沢本町","nearest_station_distance_m":1052.9242836868925,"nearest_bus_stop_name":"湘南台","nearest_bus_stop_distance_m":181.13545558477097,"nearest_public_transport_type":"bus_stop","nearest_public_transport_name":"湘南台","nearest_public_transport_distance_m":181.13545558477097,"nearest_medical_name":"藤田医院","nearest_medical_distance_m":323.7176163867311,"nearest_medical_access_class":"likely_public","nearest_hospital_name":"医療法人社団正拓会　湘南太平台病院","nearest_hospital_distance_m":1023.1301259044316,"elderly_population_percentile":0.714828897338403,"transport_distance_percentile":0.467680608365019,"medical_distance_percentile":0.5019011406844106,"exploratory_score_c":0.1677913802019157,"pareto_frontier":false},"geometry":{"type":"Polygon","coordinates":[[[139.4625,35.34166666666667],[139.46875,35.34166666666667],[139.46875,35.34583333333334],[139.4625,35.34583333333334],[139.4625,35.34166666666667]]]},"id":"533903171"},{"type":"Feature","properties":{"mesh_code":"533903172","area_label":"上村バス停周辺","area_label_basis":"最寄りの実在公共交通名称（行政地名ではない）","rank":118,"population":1798,"elderly_population":427.0,"elderly_ratio":0.2374860956618465,"centroid_lat":35.34375,"centroid_lon":139.471875,"city_area_fraction":1.0,"disclosure_status":"unaffected","primary_eligible":true,"nearest_station_name":"藤沢本町","nearest_station_distance_m":612.8522743771904,"nearest_bus_stop_name":"上村","nearest_bus_stop_distance_m":151.68788315158682,"nearest_public_transport_type":"bus_stop","nearest_public_transport_name":"上村","nearest_public_transport_distance_m":151.68788315158682,"nearest_medical_name":"牧野クリニック","nearest_medical_distance_m":300.2877372035671,"nearest_medical_access_class":"likely_public","nearest_hospital_name":"医療法人社団正拓会　湘南太平台病院","nearest_hospital_distance_m":1080.6313265149581,"elderly_population_percentile":0.5361216730038023,"transport_distance_percentile":0.3460076045627376,"medical_distance_percentile":0.4600760456273764,"exploratory_score_c":0.0853451075112386,"pareto_frontier":false},"geometry":{"type":"Polygon","coordinates":[[[139.46875,35.34166666666667],[139.475,35.34166666666667],[139.475,35.34583333333334],[139.46875,35.34583333333334],[139.46875,35.34166666666667]]]},"id":"533903172"},{"type":"Feature","properties":{"mesh_code":"533903173","area_label":"引地橋バス停周辺","area_label_basis":"最寄りの実在公共交通名称（行政地名ではない）","rank":130,"population":1566,"elderly_population":275.0,"elderly_ratio":0.1756066411238825,"centroid_lat":35.34791666666668,"centroid_lon":139.465625,"city_area_fraction":1.0,"disclosure_status":"unaffected","primary_eligible":true,"nearest_station_name":"藤沢本町","nearest_station_distance_m":929.8015914695741,"nearest_bus_stop_name":"引地橋","nearest_bus_stop_distance_m":120.94486231108303,"nearest_public_transport_type":"bus_stop","nearest_public_transport_name":"引地橋","nearest_public_transport_distance_m":120.94486231108303,"nearest_medical_name":"仲野整形外科　スポーツ・ウェルネスクリニック","nearest_medical_distance_m":477.0453408271802,"nearest_medical_access_class":"likely_public","nearest_hospital_name":"湘南長寿園病院","nearest_hospital_distance_m":1421.5575358626193,"elderly_population_percentile":0.3973384030418251,"transport_distance_percentile":0.2357414448669201,"medical_distance_percentile":0.7452471482889734,"exploratory_score_c":0.0698066514444947,"pareto_frontier":false},"geometry":{"type":"Polygon","coordinates":[[[139.4625,35.34583333333334],[139.46875,35.34583333333334],[139.46875,35.35],[139.4625,35.35],[139.4625,35.34583333333334]]]},"id":"533903173"},{"type":"Feature","properties":{"mesh_code":"533903174","area_label":"湘南高校前バス停周辺","area_label_basis":"最寄りの実在公共交通名称（行政地名ではない）","rank":145,"population":2229,"elderly_population":582.0,"elderly_ratio":0.2611036339165545,"centroid_lat":35.34791666666668,"centroid_lon":139.471875,"city_area_fraction":1.0,"disclosure_status":"unaffected","primary_eligible":true,"nearest_station_name":"藤沢本町","nearest_station_distance_m":362.63909953355727,"nearest_bus_stop_name":"湘南高校前","nearest_bus_stop_distance_m":160.45339212316287,"nearest_public_transport_type":"bus_stop","nearest_public_transport_name":"湘南高校前","nearest_public_transport_distance_m":160.45339212316287,"nearest_medical_name":"牧野クリニック","nearest_medical_distance_m":171.13929612323653,"nearest_medical_access_class":"likely_public","nearest_hospital_name":"湘南長寿園病院","nearest_hospital_distance_m":918.6902445290322,"elderly_population_percentile":0.6996197718631179,"transport_distance_percentile":0.3916349809885932,"medical_distance_percentile":0.2167300380228136,"exploratory_score_c":0.0593830716160182,"pareto_frontier":false},"geometry":{"type":"Polygon","coordinates":[[[139.46875,35.34583333333334],[139.475,35.34583333333334],[139.475,35.35],[139.46875,35.35],[139.46875,35.34583333333334]]]},"id":"533903174"},{"type":"Feature","properties":{"mesh_code":"533903181","area_label":"日本精工北門バス停周辺","area_label_basis":"最寄りの実在公共交通名称（行政地名ではない）","rank":227,"population":2727,"elderly_population":720.0,"elderly_ratio":0.264026402640264,"centroid_lat":35.34375,"centroid_lon":139.478125,"city_area_fraction":0.9999999999999998,"disclosure_status":"unaffected","primary_eligible":true,"nearest_station_name":"藤沢本町","nearest_station_distance_m":536.6363702199087,"nearest_bus_stop_name":"日本精工北門","nearest_bus_stop_distance_m":174.48218631296388,"nearest_public_transport_type":"bus_stop","nearest_public_transport_name":"日本精工北門","nearest_public_transport_distance_m":174.48218631296388,"nearest_medical_name":"松井ヒフ科医院","nearest_medical_distance_m":42.339682209244316,"nearest_medical_access_class":"likely_public","nearest_hospital_name":"藤沢市民病院","nearest_hospital_distance_m":845.0091785535967,"elderly_population_percentile":0.8745247148288974,"transport_distance_percentile":0.4296577946768061,"medical_distance_percentile":0.0228136882129277,"exploratory_score_c":0.0085721603124809,"pareto_frontier":false},"geometry":{"type":"Polygon","coordinates":[[[139.475,35.34166666666667],[139.48125,35.34166666666667],[139.48125,35.34583333333334],[139.475,35.34583333333334],[139.475,35.34166666666667]]]},"id":"533903181"},{"type":"Feature","properties":{"mesh_code":"533903182","area_label":"藤沢小学校前バス停周辺","area_label_basis":"最寄りの実在公共交通名称（行政地名ではない）","rank":225,"population":4083,"elderly_population":935.0,"elderly_ratio":0.2289982855743326,"centroid_lat":35.34375,"centroid_lon":139.484375,"city_area_fraction":1.0,"disclosure_status":"unaffected","primary_eligible":true,"nearest_station_name":"藤沢","nearest_station_distance_m":576.5073727262675,"nearest_bus_stop_name":"藤沢小学校前","nearest_bus_stop_distance_m":54.485940654953325,"nearest_public_transport_type":"bus_stop","nearest_public_transport_name":"藤沢小学校前","nearest_public_transport_distance_m":54.485940654953325,"nearest_medical_name":"医療生協かながわ生活協同組合藤沢診療所","nearest_medical_distance_m":149.68062804715333,"nearest_medical_access_class":"likely_public","nearest_hospital_name":"藤沢市民病院","nearest_hospital_distance_m":797.3921578980762,"elderly_population_percentile":0.9543726235741444,"transport_distance_percentile":0.053231939163498,"medical_distance_percentile":0.1901140684410646,"exploratory_score_c":0.0096583850641458,"pareto_frontier":false},"geometry":{"type":"Polygon","coordinates":[[[139.48125,35.34166666666667],[139.4875,35.34166666666667],[139.4875,35.34583333333334],[139.48125,35.34583333333334],[139.48125,35.34166666666667]]]},"id":"533903182"},{"type":"Feature","properties":{"mesh_code":"533903183","area_label":"白旗交差点バス停周辺","area_label_basis":"最寄りの実在公共交通名称（行政地名ではない）","rank":255,"population":2935,"elderly_population":512.0,"elderly_ratio":0.17444633730834752,"centroid_lat":35.34791666666668,"centroid_lon":139.478125,"city_area_fraction":1.0,"disclosure_status":"unaffected","primary_eligible":true,"nearest_station_name":"藤沢本町","nearest_station_distance_m":209.52901929162687,"nearest_bus_stop_name":"白旗交差点","nearest_bus_stop_distance_m":39.187860079563315,"nearest_public_transport_type":"bus_stop","nearest_public_transport_name":"白旗交差点","nearest_public_transport_distance_m":39.187860079563315,"nearest_medical_name":"いけだ耳鼻咽喉科","nearest_medical_distance_m":86.67629969067488,"nearest_medical_access_class":"likely_public","nearest_hospital_name":"藤沢市民病院","nearest_hospital_distance_m":466.77930047789397,"elderly_population_percentile":0.6121673003802282,"transport_distance_percentile":0.0304182509505703,"medical_distance_percentile":0.0836501901140684,"exploratory_score_c":0.0015576550892295,"pareto_frontier":false},"geometry":{"type":"Polygon","coordinates":[[[139.475,35.34583333333334],[139.48125,35.34583333333334],[139.48125,35.35],[139.475,35.35],[139.475,35.34583333333334]]]},"id":"533903183"},{"type":"Feature","properties":{"mesh_code":"533903184","area_label":"藤沢公民館前バス停周辺","area_label_basis":"最寄りの実在公共交通名称（行政地名ではない）","rank":184,"population":2540,"elderly_population":619.0,"elderly_ratio":0.2437007874015748,"centroid_lat":35.34791666666668,"centroid_lon":139.484375,"city_area_fraction":1.0,"disclosure_status":"unaffected","primary_eligible":true,"nearest_station_name":"藤沢本町","nearest_station_distance_m":775.7035494557077,"nearest_bus_stop_name":"藤沢公民館前","nearest_bus_stop_distance_m":111.90687645605529,"nearest_public_transport_type":"bus_stop","nearest_public_transport_name":"藤沢公民館前","nearest_public_transport_distance_m":111.90687645605529,"nearest_medical_name":"後藤内科医院","nearest_medical_distance_m":152.35911455249447,"nearest_medical_access_class":"likely_public","nearest_hospital_name":"藤沢市民病院","nearest_hospital_distance_m":373.7390733262527,"elderly_population_percentile":0.7414448669201521,"transport_distance_percentile":0.2015209125475285,"medical_distance_percentile":0.1977186311787072,"exploratory_score_c":0.0295424547590964,"pareto_frontier":false},"geometry":{"type":"Polygon","coordinates":[[[139.48125,35.34583333333334],[139.4875,35.34583333333334],[139.4875,35.35],[139.48125,35.35],[139.48125,35.34583333333334]]]},"id":"533903184"},{"type":"Feature","properties":{"mesh_code":"533903191","area_label":"藤が岡2号バス停周辺","area_label_basis":"最寄りの実在公共交通名称（行政地名ではない）","rank":215,"population":4777,"elderly_population":1053.0,"elderly_ratio":0.2204312329914172,"centroid_lat":35.34375,"centroid_lon":139.490625,"city_area_fraction":1.0000000000000002,"disclosure_status":"unaffected","primary_eligible":true,"nearest_station_name":"藤沢","nearest_station_distance_m":653.9655554927185,"nearest_bus_stop_name":"藤が岡2号","nearest_bus_stop_distance_m":56.45016904542898,"nearest_public_transport_type":"bus_stop","nearest_public_transport_name":"藤が岡2号","nearest_public_transport_distance_m":56.45016904542898,"nearest_medical_name":"長谷内科医院","nearest_medical_distance_m":222.4652900202257,"nearest_medical_access_class":"likely_public","nearest_hospital_name":"医療法人山内龍馬財団　山内病院","nearest_hospital_distance_m":667.3652301690732,"elderly_population_percentile":0.9771863117870724,"transport_distance_percentile":0.0570342205323193,"medical_distance_percentile":0.3193916349809886,"exploratory_score_c":0.0178006730305731,"pareto_frontier":false},"geometry":{"type":"Polygon","coordinates":[[[139.4875,35.34166666666667],[139.49375,35.34166666666667],[139.49375,35.34583333333334],[139.4875,35.34583333333334],[139.4875,35.34166666666667]]]},"id":"533903191"},{"type":"Feature","properties":{"mesh_code":"533903192","area_label":"赤坂下バス停周辺","area_label_basis":"最寄りの実在公共交通名称（行政地名ではない）","rank":259,"population":4610,"elderly_population":948.0,"elderly_ratio":0.20563991323210412,"centroid_lat":35.34375,"centroid_lon":139.496875,"city_area_fraction":1.0,"disclosure_status":"unaffected","primary_eligible":true,"nearest_station_name":"藤沢","nearest_station_distance_m":1054.317360790713,"nearest_bus_stop_name":"赤坂下","nearest_bus_stop_distance_m":93.14084117551005,"nearest_public_transport_type":"bus_stop","nearest_public_transport_name":"赤坂下","nearest_public_transport_distance_m":93.14084117551005,"nearest_medical_name":"たかはしクリニック","nearest_medical_distance_m":14.10254012747365,"nearest_medical_access_class":"likely_public","nearest_hospital_name":"医療法人山内龍馬財団　山内病院","nearest_hospital_distance_m":907.1411574989497,"elderly_population_percentile":0.9619771863117872,"transport_distance_percentile":0.1482889733840304,"medical_distance_percentile":0.0038022813688212,"exploratory_score_c":0.0005423977542852,"pareto_frontier":false},"geometry":{"type":"Polygon","coordinates":[[[139.49375,35.34166666666667],[139.5,35.34166666666667],[139.5,35.34583333333334],[139.49375,35.34583333333334],[139.49375,35.34166666666667]]]},"id":"533903192"},{"type":"Feature","properties":{"mesh_code":"533903193","area_label":"山王神社前バス停周辺","area_label_basis":"最寄りの実在公共交通名称（行政地名ではない）","rank":38,"population":2320,"elderly_population":539.0,"elderly_ratio":0.23232758620689656,"centroid_lat":35.34791666666668,"centroid_lon":139.490625,"city_area_fraction":1.0,"disclosure_status":"unaffected","primary_eligible":true,"nearest_station_name":"藤沢","nearest_station_distance_m":1077.4813865878252,"nearest_bus_stop_name":"山王神社前","nearest_bus_stop_distance_m":179.48871155234224,"nearest_public_transport_type":"bus_stop","nearest_public_transport_name":"山王神社前","nearest_public_transport_distance_m":179.48871155234224,"nearest_medical_name":"海部胃腸内科医院","nearest_medical_distance_m":460.2162194339378,"nearest_medical_access_class":"likely_public","nearest_hospital_name":"藤沢市民病院","nearest_hospital_distance_m":840.7597968306882,"elderly_population_percentile":0.6520912547528517,"transport_distance_percentile":0.4562737642585551,"medical_distance_percentile":0.7300380228136882,"exploratory_score_c":0.2172097689645029,"pareto_frontier":false},"geometry":{"type":"Polygon","coordinates":[[[139.4875,35.34583333333334],[139.49375,35.34583333333334],[139.49375,35.35],[139.4875,35.35],[139.4875,35.34583333333334]]]},"id":"533903193"},{"type":"Feature","properties":{"mesh_code":"533903194","area_label":"藤が岡8号バス停周辺","area_label_basis":"最寄りの実在公共交通名称（行政地名ではない）","rank":251,"population":2207,"elderly_population":647.0,"elderly_ratio":0.29315813321250567,"centroid_lat":35.34791666666668,"centroid_lon":139.496875,"city_area_fraction":1.0,"disclosure_status":"unaffected","primary_eligible":true,"nearest_station_name":"藤沢","nearest_station_distance_m":1361.459972042451,"nearest_bus_stop_name":"藤が岡8号","nearest_bus_stop_distance_m":62.576826281260274,"nearest_public_transport_type":"bus_stop","nearest_public_transport_name":"藤が岡8号","nearest_public_transport_distance_m":62.576826281260274,"nearest_medical_name":"藤が岡皮膚科","nearest_medical_distance_m":76.6671458815643,"nearest_medical_access_class":"likely_public","nearest_hospital_name":"医療法人山内龍馬財団　山内病院","nearest_hospital_distance_m":1285.263278886622,"elderly_population_percentile":0.8022813688212928,"transport_distance_percentile":0.0684410646387832,"medical_distance_percentile":0.0646387832699619,"exploratory_score_c":0.0035492503702426,"pareto_frontier":false},"geometry":{"type":"Polygon","coordinates":[[[139.49375,35.34583333333334],[139.5,35.34583333333334],[139.5,35.35],[139.49375,35.35],[139.49375,35.34583333333334]]]},"id":"533903194"},{"type":"Feature","properties":{"mesh_code":"533903242","area_label":"有藤バス停周辺","area_label_basis":"最寄りの実在公共交通名称（行政地名ではない）","rank":null,"population":457,"elderly_population":186.0,"elderly_ratio":0.40700218818380746,"centroid_lat":35.35208333333334,"centroid_lon":139.434375,"city_area_fraction":0.0010983621474347641,"disclosure_status":"unaffected","primary_eligible":false,"nearest_station_name":"辻堂","nearest_station_distance_m":1988.6330230042997,"nearest_bus_stop_name":"有藤","nearest_bus_stop_distance_m":852.5291765326118,"nearest_public_transport_type":"bus_stop","nearest_public_transport_name":"有藤","nearest_public_transport_distance_m":852.5291765326118,"nearest_medical_name":"特別養護老人ホームかりん医務室","nearest_medical_distance_m":874.3972672194781,"nearest_medical_access_class":"uncertain_access","nearest_hospital_name":"医療法人徳洲会　湘南藤沢徳洲会病院","nearest_hospital_distance_m":1566.234978709567,"elderly_population_percentile":null,"transport_distance_percentile":null,"medical_distance_percentile":null,"exploratory_score_c":null,"pareto_frontier":null},"geometry":{"type":"Polygon","coordinates":[[[139.43125,35.35],[139.4375,35.35],[139.4375,35.35416666666667],[139.43125,35.35416666666667],[139.43125,35.35]]]},"id":"533903242"},{"type":"Feature","properties":{"mesh_code":"533903244","area_label":"西高校前バス停周辺","area_label_basis":"最寄りの実在公共交通名称（行政地名ではない）","rank":null,"population":11,"elderly_population":2.0,"elderly_ratio":0.18181818181818182,"centroid_lat":35.35625,"centroid_lon":139.434375,"city_area_fraction":0.11563927900225321,"disclosure_status":"unaffected","primary_eligible":false,"nearest_station_name":"辻堂","nearest_station_distance_m":2393.905233937001,"nearest_bus_stop_name":"西高校前","nearest_bus_stop_distance_m":753.4775943785856,"nearest_public_transport_type":"bus_stop","nearest_public_transport_name":"西高校前","nearest_public_transport_distance_m":753.4775943785856,"nearest_medical_name":"石井小児科医院","nearest_medical_distance_m":985.6212516340446,"nearest_medical_access_class":"likely_public","nearest_hospital_name":"村田会湘南大庭病院","nearest_hospital_distance_m":1835.2022761486414,"elderly_population_percentile":null,"transport_distance_percentile":null,"medical_distance_percentile":null,"exploratory_score_c":null,"pareto_frontier":null},"geometry":{"type":"Polygon","coordinates":[[[139.43125,35.35416666666667],[139.4375,35.35416666666667],[139.4375,35.35833333333334],[139.43125,35.35833333333334],[139.43125,35.35416666666667]]]},"id":"533903244"},{"type":"Feature","properties":{"mesh_code":"533903251","area_label":"有藤バス停周辺","area_label_basis":"最寄りの実在公共交通名称（行政地名ではない）","rank":96,"population":327,"elderly_population":92.0,"elderly_ratio":0.28134556574923547,"centroid_lat":35.35208333333334,"centroid_lon":139.440625,"city_area_fraction":0.6455068709673373,"disclosure_status":"unaffected","primary_eligible":true,"nearest_station_name":"辻堂","nearest_station_distance_m":1756.9269325046378,"nearest_bus_stop_name":"有藤","nearest_bus_stop_distance_m":316.036273056087,"nearest_public_transport_type":"bus_stop","nearest_public_transport_name":"有藤","nearest_public_transport_distance_m":316.036273056087,"nearest_medical_name":"特別養護老人ホームかりん医務室","nearest_medical_distance_m":504.28247862179427,"nearest_medical_access_class":"uncertain_access","nearest_hospital_name":"医療法人徳洲会　湘南藤沢徳洲会病院","nearest_hospital_distance_m":1285.683049439787,"elderly_population_percentile":0.1901140684410646,"transport_distance_percentile":0.779467680608365,"medical_distance_percentile":0.7756653992395437,"exploratory_score_c":0.1149441273143362,"pareto_frontier":false},"geometry":{"type":"Polygon","coordinates":[[[139.4375,35.35],[139.44375,35.35],[139.44375,35.35416666666667],[139.4375,35.35416666666667],[139.4375,35.35]]]},"id":"533903251"},{"type":"Feature","properties":{"mesh_code":"533903252","area_label":"有藤バス停周辺","area_label_basis":"最寄りの実在公共交通名称（行政地名ではない）","rank":25,"population":537,"elderly_population":211.0,"elderly_ratio":0.3929236499068901,"centroid_lat":35.35208333333334,"centroid_lon":139.446875,"city_area_fraction":1.0000000000000002,"disclosure_status":"unaffected","primary_eligible":true,"nearest_station_name":"辻堂","nearest_station_distance_m":1692.454670796992,"nearest_bus_stop_name":"有藤","nearest_bus_stop_distance_m":343.94494742783024,"nearest_public_transport_type":"bus_stop","nearest_public_transport_name":"有藤","nearest_public_transport_distance_m":343.94494742783024,"nearest_medical_name":"特別養護老人ホームかりん医務室","nearest_medical_distance_m":624.0380356592555,"nearest_medical_access_class":"uncertain_access","nearest_hospital_name":"湘南中央病院","nearest_hospital_distance_m":1058.8811355429084,"elderly_population_percentile":0.3650190114068441,"transport_distance_percentile":0.8212927756653993,"medical_distance_percentile":0.8669201520912547,"exploratory_score_c":0.259891805198344,"pareto_frontier":false},"geometry":{"type":"Polygon","coordinates":[[[139.44375,35.35],[139.45,35.35],[139.45,35.35416666666667],[139.44375,35.35416666666667],[139.44375,35.35]]]},"id":"533903252"},{"type":"Feature","properties":{"mesh_code":"533903253","area_label":"西高校前バス停周辺","area_label_basis":"最寄りの実在公共交通名称（行政地名ではない）","rank":60,"population":684,"elderly_population":363.0,"elderly_ratio":0.5307017543859649,"centroid_lat":35.35625,"centroid_lon":139.440625,"city_area_fraction":1.0,"disclosure_status":"unaffected","primary_eligible":true,"nearest_station_name":"辻堂","nearest_station_distance_m":2205.211304490593,"nearest_bus_stop_name":"西高校前","nearest_bus_stop_distance_m":185.46428344706231,"nearest_public_transport_type":"bus_stop","nearest_public_transport_name":"西高校前","nearest_public_transport_distance_m":185.46428344706231,"nearest_medical_name":"医療法人社団関根耳鼻咽喉科医院","nearest_medical_distance_m":459.6009771704191,"nearest_medical_access_class":"likely_public","nearest_hospital_name":"村田会湘南大庭病院","nearest_hospital_distance_m":1451.6979220029702,"elderly_population_percentile":0.4828897338403042,"transport_distance_percentile":0.4866920152091255,"medical_distance_percentile":0.7262357414448669,"exploratory_score_c":0.1706788910194994,"pareto_frontier":false},"geometry":{"type":"Polygon","coordinates":[[[139.4375,35.35416666666667],[139.44375,35.35416666666667],[139.44375,35.35833333333334],[139.4375,35.35833333333334],[139.4375,35.35416666666667]]]},"id":"533903253"},{"type":"Feature","properties":{"mesh_code":"533903254","area_label":"西高校前バス停周辺","area_label_basis":"最寄りの実在公共交通名称（行政地名ではない）","rank":18,"population":2305,"elderly_population":896.0,"elderly_ratio":0.38872017353579175,"centroid_lat":35.35625,"centroid_lon":139.446875,"city_area_fraction":1.0000000000000002,"disclosure_status":"unaffected","primary_eligible":true,"nearest_station_name":"辻堂","nearest_station_distance_m":2154.2000850539307,"nearest_bus_stop_name":"西高校前","nearest_bus_stop_distance_m":382.5667989701853,"nearest_public_transport_type":"bus_stop","nearest_public_transport_name":"西高校前","nearest_public_transport_distance_m":382.5667989701853,"nearest_medical_name":"医療法人社団関根耳鼻咽喉科医院","nearest_medical_distance_m":259.65776999257866,"nearest_medical_access_class":"likely_public","nearest_hospital_name":"村田会湘南大庭病院","nearest_hospital_distance_m":1221.5125948048674,"elderly_population_percentile":0.9429657794676806,"transport_distance_percentile":0.8745247148288974,"medical_distance_percentile":0.3840304182509506,"exploratory_score_c":0.3166894859985574,"pareto_frontier":false},"geometry":{"type":"Polygon","coordinates":[[[139.44375,35.35416666666667],[139.45,35.35416666666667],[139.45,35.35833333333334],[139.44375,35.35833333333334],[139.44375,35.35416666666667]]]},"id":"533903254"},{"type":"Feature","properties":{"mesh_code":"533903261","area_label":"大六天バス停周辺","area_label_basis":"最寄りの実在公共交通名称（行政地名ではない）","rank":168,"population":138,"elderly_population":41.0,"elderly_ratio":0.2971014492753623,"centroid_lat":35.35208333333334,"centroid_lon":139.453125,"city_area_fraction":1.0,"disclosure_status":"unaffected","primary_eligible":true,"nearest_station_name":"辻堂","nearest_station_distance_m":1813.1442411285987,"nearest_bus_stop_name":"大六天","nearest_bus_stop_distance_m":203.0404327368222,"nearest_public_transport_type":"bus_stop","nearest_public_transport_name":"大六天","nearest_public_transport_distance_m":203.0404327368222,"nearest_medical_name":"四ツ谷クリニック","nearest_medical_distance_m":733.0205569784363,"nearest_medical_access_class":"likely_public","nearest_hospital_name":"湘南中央病院","nearest_hospital_distance_m":1076.017108648101,"elderly_population_percentile":0.0760456273764258,"transport_distance_percentile":0.5475285171102662,"medical_distance_percentile":0.935361216730038,"exploratory_score_c":0.0389457749017986,"pareto_frontier":false},"geometry":{"type":"Polygon","coordinates":[[[139.45,35.35],[139.45625,35.35],[139.45625,35.35416666666667],[139.45,35.35416666666667],[139.45,35.35]]]},"id":"533903261"},{"type":"Feature","properties":{"mesh_code":"533903262","area_label":"観音坂下バス停周辺","area_label_basis":"最寄りの実在公共交通名称（行政地名ではない）","rank":66,"population":817,"elderly_population":164.0,"elderly_ratio":0.200734394124847,"centroid_lat":35.35208333333334,"centroid_lon":139.459375,"city_area_fraction":1.0,"disclosure_status":"unaffected","primary_eligible":true,"nearest_station_name":"藤沢本町","nearest_station_distance_m":1557.5992388992288,"nearest_bus_stop_name":"観音坂下","nearest_bus_stop_distance_m":218.86926881383786,"nearest_public_transport_type":"bus_stop","nearest_public_transport_name":"観音坂下","nearest_public_transport_distance_m":218.86926881383786,"nearest_medical_name":"荏原製作所藤沢事業所診療所","nearest_medical_distance_m":686.9798302363523,"nearest_medical_access_class":"uncertain_access","nearest_hospital_name":"湘南中央病院","nearest_hospital_distance_m":1356.4021664707514,"elderly_population_percentile":0.3003802281368821,"transport_distance_percentile":0.5665399239543726,"medical_distance_percentile":0.908745247148289,"exploratory_score_c":0.1546478957941058,"pareto_frontier":false},"geometry":{"type":"Polygon","coordinates":[[[139.45625,35.35],[139.4625,35.35],[139.4625,35.35416666666667],[139.45625,35.35416666666667],[139.45625,35.35]]]},"id":"533903262"},{"type":"Feature","properties":{"mesh_code":"533903263","area_label":"舟地蔵バス停周辺","area_label_basis":"最寄りの実在公共交通名称（行政地名ではない）","rank":169,"population":331,"elderly_population":81.0,"elderly_ratio":0.24471299093655588,"centroid_lat":35.35625,"centroid_lon":139.453125,"city_area_fraction":1.0,"disclosure_status":"unaffected","primary_eligible":true,"nearest_station_name":"善行","nearest_station_distance_m":1961.6316746876396,"nearest_bus_stop_name":"舟地蔵","nearest_bus_stop_distance_m":169.38844891450026,"nearest_public_transport_type":"bus_stop","nearest_public_transport_name":"舟地蔵","nearest_public_transport_distance_m":169.38844891450026,"nearest_medical_name":"医療法人社団栄友会　湘南ゆずクリニック","nearest_medical_distance_m":354.33870905646114,"nearest_medical_access_class":"likely_public","nearest_hospital_name":"村田会湘南大庭病院","nearest_hospital_distance_m":1233.6794236429052,"elderly_population_percentile":0.1673003802281368,"transport_distance_percentile":0.4106463878326996,"medical_distance_percentile":0.5665399239543726,"exploratory_score_c":0.038922027478078,"pareto_frontier":false},"geometry":{"type":"Polygon","coordinates":[[[139.45,35.35416666666667],[139.45625,35.35416666666667],[139.45625,35.35833333333334],[139.45,35.35833333333334],[139.45,35.35416666666667]]]},"id":"533903263"},{"type":"Feature","properties":{"mesh_code":"533903264","area_label":"老人センターバス停周辺","area_label_basis":"最寄りの実在公共交通名称（行政地名ではない）","rank":null,"population":17,"elderly_population":5.0,"elderly_ratio":0.29411764705882354,"centroid_lat":35.35625,"centroid_lon":139.459375,"city_area_fraction":1.0,"disclosure_status":"unaffected","primary_eligible":false,"nearest_station_name":"善行","nearest_station_distance_m":1445.8694799390444,"nearest_bus_stop_name":"老人センター","nearest_bus_stop_distance_m":364.66261965046294,"nearest_public_transport_type":"bus_stop","nearest_public_transport_name":"老人センター","nearest_public_transport_distance_m":364.66261965046294,"nearest_medical_name":"荏原製作所藤沢事業所診療所","nearest_medical_distance_m":291.0762636903095,"nearest_medical_access_class":"uncertain_access","nearest_hospital_name":"村田会湘南大庭病院","nearest_hospital_distance_m":1482.2420909638074,"elderly_population_percentile":0.0076045627376425,"transport_distance_percentile":0.8555133079847909,"medical_distance_percentile":0.4486692015209125,"exploratory_score_c":0.0029189541656581,"pareto_frontier":false},"geometry":{"type":"Polygon","coordinates":[[[139.45625,35.35416666666667],[139.4625,35.35416666666667],[139.4625,35.35833333333334],[139.45625,35.35833333333334],[139.45625,35.35416666666667]]]},"id":"533903264"},{"type":"Feature","properties":{"mesh_code":"533903271","area_label":"中郷バス停周辺","area_label_basis":"最寄りの実在公共交通名称（行政地名ではない）","rank":10,"population":3146,"elderly_population":459.0,"elderly_ratio":0.1458995549904641,"centroid_lat":35.35208333333334,"centroid_lon":139.465625,"city_area_fraction":0.9999999999999998,"disclosure_status":"unaffected","primary_eligible":true,"nearest_station_name":"藤沢本町","nearest_station_distance_m":1023.5927571836085,"nearest_bus_stop_name":"中郷","nearest_bus_stop_distance_m":270.3600681716386,"nearest_public_transport_type":"bus_stop","nearest_public_transport_name":"中郷","nearest_public_transport_distance_m":270.3600681716386,"nearest_medical_name":"藤沢本町ファミリークリニック","nearest_medical_distance_m":733.0907143776949,"nearest_medical_access_class":"likely_public","nearest_hospital_name":"湘南長寿園病院","nearest_hospital_distance_m":1321.469391812866,"elderly_population_percentile":0.5665399239543726,"transport_distance_percentile":0.714828897338403,"medical_distance_percentile":0.9391634980988594,"exploratory_score_c":0.3803415967954611,"pareto_frontier":false},"geometry":{"type":"Polygon","coordinates":[[[139.4625,35.35],[139.46875,35.35],[139.46875,35.35416666666667],[139.4625,35.35416666666667],[139.4625,35.35]]]},"id":"533903271"},{"type":"Feature","properties":{"mesh_code":"533903272","area_label":"修道院下バス停周辺","area_label_basis":"最寄りの実在公共交通名称（行政地名ではない）","rank":222,"population":2717,"elderly_population":715.0,"elderly_ratio":0.2631578947368421,"centroid_lat":35.35208333333334,"centroid_lon":139.471875,"city_area_fraction":1.0,"disclosure_status":"unaffected","primary_eligible":true,"nearest_station_name":"藤沢本町","nearest_station_distance_m":561.0310233954991,"nearest_bus_stop_name":"修道院下","nearest_bus_stop_distance_m":52.941695252419784,"nearest_public_transport_type":"bus_stop","nearest_public_transport_name":"修道院下","nearest_public_transport_distance_m":52.941695252419784,"nearest_medical_name":"藤沢本町ファミリークリニック","nearest_medical_distance_m":193.60404842006912,"nearest_medical_access_class":"likely_public","nearest_hospital_name":"湘南長寿園病院","nearest_hospital_distance_m":754.6574421955332,"elderly_population_percentile":0.870722433460076,"transport_distance_percentile":0.0456273764258555,"medical_distance_percentile":0.2737642585551331,"exploratory_score_c":0.0108763200640388,"pareto_frontier":false},"geometry":{"type":"Polygon","coordinates":[[[139.46875,35.35],[139.475,35.35],[139.475,35.35416666666667],[139.46875,35.35416666666667],[139.46875,35.35]]]},"id":"533903272"},{"type":"Feature","properties":{"mesh_code":"533903273","area_label":"関東航空前バス停周辺","area_label_basis":"最寄りの実在公共交通名称（行政地名ではない）","rank":154,"population":481,"elderly_population":90.0,"elderly_ratio":0.18711018711018712,"centroid_lat":35.35625,"centroid_lon":139.465625,"city_area_fraction":1.0,"disclosure_status":"unaffected","primary_eligible":true,"nearest_station_name":"善行","nearest_station_distance_m":989.0998248305921,"nearest_bus_stop_name":"関東航空前","nearest_bus_stop_distance_m":174.62778357704263,"nearest_public_transport_type":"bus_stop","nearest_public_transport_name":"関東航空前","nearest_public_transport_distance_m":174.62778357704263,"nearest_medical_name":"荏原製作所藤沢事業所診療所","nearest_medical_distance_m":393.25911825255014,"nearest_medical_access_class":"uncertain_access","nearest_hospital_name":"湘南長寿園病院","nearest_hospital_distance_m":1378.0663956025685,"elderly_population_percentile":0.182509505703422,"transport_distance_percentile":0.4334600760456273,"medical_distance_percentile":0.6349809885931559,"exploratory_score_c":0.0502337169769947,"pareto_frontier":false},"geometry":{"type":"Polygon","coordinates":[[[139.4625,35.35416666666667],[139.46875,35.35416666666667],[139.46875,35.35833333333334],[139.4625,35.35833333333334],[139.4625,35.35416666666667]]]},"id":"533903273"},{"type":"Feature","properties":{"mesh_code":"533903274","area_label":"善行バス停周辺","area_label_basis":"最寄りの実在公共交通名称（行政地名ではない）","rank":73,"population":2771,"elderly_population":835.0,"elderly_ratio":0.3013352580295922,"centroid_lat":35.35625,"centroid_lon":139.471875,"city_area_fraction":0.9999999999999998,"disclosure_status":"unaffected","primary_eligible":true,"nearest_station_name":"善行","nearest_station_distance_m":715.0787656183497,"nearest_bus_stop_name":"善行","nearest_bus_stop_distance_m":166.95109311343472,"nearest_public_transport_type":"bus_stop","nearest_public_transport_name":"善行","nearest_public_transport_distance_m":166.95109311343472,"nearest_medical_name":"本藤沢内科クリニック","nearest_medical_distance_m":260.9588180215702,"nearest_medical_access_class":"likely_public","nearest_hospital_name":"湘南長寿園病院","nearest_hospital_distance_m":849.9140334299191,"elderly_population_percentile":0.9277566539923956,"transport_distance_percentile":0.3992395437262357,"medical_distance_percentile":0.3954372623574144,"exploratory_score_c":0.1464688323034446,"pareto_frontier":false},"geometry":{"type":"Polygon","coordinates":[[[139.46875,35.35416666666667],[139.475,35.35416666666667],[139.475,35.35833333333334],[139.46875,35.35833333333334],[139.46875,35.35416666666667]]]},"id":"533903274"},{"type":"Feature","properties":{"mesh_code":"533903281","area_label":"白旗神社前バス停周辺","area_label_basis":"最寄りの実在公共交通名称（行政地名ではない）","rank":54,"population":3186,"elderly_population":823.0,"elderly_ratio":0.25831763967357185,"centroid_lat":35.35208333333334,"centroid_lon":139.478125,"city_area_fraction":1.0000000000000002,"disclosure_status":"unaffected","primary_eligible":true,"nearest_station_name":"藤沢本町","nearest_station_distance_m":476.6083486961408,"nearest_bus_stop_name":"白旗神社前","nearest_bus_stop_distance_m":268.25425724320564,"nearest_public_transport_type":"bus_stop","nearest_public_transport_name":"白旗神社前","nearest_public_transport_distance_m":268.25425724320564,"nearest_medical_name":"湘南長寿園病院","nearest_medical_distance_m":195.15401340658525,"nearest_medical_access_class":"likely_public","nearest_hospital_name":"湘南長寿園病院","nearest_hospital_distance_m":195.15401340658525,"elderly_population_percentile":0.9182509505703422,"transport_distance_percentile":0.7034220532319392,"medical_distance_percentile":0.2775665399239543,"exploratory_score_c":0.1792852157390228,"pareto_frontier":false},"geometry":{"type":"Polygon","coordinates":[[[139.475,35.35],[139.48125,35.35],[139.48125,35.35416666666667],[139.475,35.35416666666667],[139.475,35.35]]]},"id":"533903281"},{"type":"Feature","properties":{"mesh_code":"533903282","area_label":"藤沢市民病院バス停周辺","area_label_basis":"最寄りの実在公共交通名称（行政地名ではない）","rank":81,"population":1209,"elderly_population":334.0,"elderly_ratio":0.2762613730355666,"centroid_lat":35.35208333333334,"centroid_lon":139.484375,"city_area_fraction":1.0,"disclosure_status":"unaffected","primary_eligible":true,"nearest_station_name":"藤沢本町","nearest_station_distance_m":885.9686089707412,"nearest_bus_stop_name":"藤沢市民病院","nearest_bus_stop_distance_m":302.92665584276455,"nearest_public_transport_type":"bus_stop","nearest_public_transport_name":"藤沢市民病院","nearest_public_transport_distance_m":302.92665584276455,"nearest_medical_name":"藤沢市民病院","nearest_medical_distance_m":266.1884169181447,"nearest_medical_access_class":"likely_public","nearest_hospital_name":"藤沢市民病院","nearest_hospital_distance_m":266.1884169181447,"elderly_population_percentile":0.4448669201520912,"transport_distance_percentile":0.7642585551330798,"medical_distance_percentile":0.403041825095057,"exploratory_score_c":0.1370315401518086,"pareto_frontier":false},"geometry":{"type":"Polygon","coordinates":[[[139.48125,35.35],[139.4875,35.35],[139.4875,35.35416666666667],[139.48125,35.35416666666667],[139.48125,35.35]]]},"id":"533903282"},{"type":"Feature","properties":{"mesh_code":"533903283","area_label":"聖園女学院前バス停周辺","area_label_basis":"最寄りの実在公共交通名称（行政地名ではない）","rank":158,"population":1684,"elderly_population":479.0,"elderly_ratio":0.2844418052256532,"centroid_lat":35.35625,"centroid_lon":139.478125,"city_area_fraction":1.0000000000000002,"disclosure_status":"unaffected","primary_eligible":true,"nearest_station_name":"善行","nearest_station_distance_m":830.418681239091,"nearest_bus_stop_name":"聖園女学院前","nearest_bus_stop_distance_m":85.91819774563376,"nearest_public_transport_type":"bus_stop","nearest_public_transport_name":"聖園女学院前","nearest_public_transport_distance_m":85.91819774563376,"nearest_medical_name":"神奈川県立総合教育センター巡回診療型診療所","nearest_medical_distance_m":409.1088414674474,"nearest_medical_access_class":"likely_public","nearest_hospital_name":"湘南長寿園病院","nearest_hospital_distance_m":436.98778469942636,"elderly_population_percentile":0.5855513307984791,"transport_distance_percentile":0.11787072243346,"medical_distance_percentile":0.6577946768060836,"exploratory_score_c":0.0454005665409684,"pareto_frontier":false},"geometry":{"type":"Polygon","coordinates":[[[139.475,35.35416666666667],[139.48125,35.35416666666667],[139.48125,35.35833333333334],[139.475,35.35833333333334],[139.475,35.35416666666667]]]},"id":"533903283"},{"type":"Feature","properties":{"mesh_code":"533903284","area_label":"水道みち下バス停周辺","area_label_basis":"最寄りの実在公共交通名称（行政地名ではない）","rank":75,"population":439,"elderly_population":104.0,"elderly_ratio":0.23690205011389523,"centroid_lat":35.35625,"centroid_lon":139.484375,"city_area_fraction":1.0000000000000002,"disclosure_status":"unaffected","primary_eligible":true,"nearest_station_name":"藤沢本町","nearest_station_distance_m":1181.3106014357388,"nearest_bus_stop_name":"水道みち下","nearest_bus_stop_distance_m":344.27864517756694,"nearest_public_transport_type":"bus_stop","nearest_public_transport_name":"水道みち下","nearest_public_transport_distance_m":344.27864517756694,"nearest_medical_name":"湘南長寿園病院","nearest_medical_distance_m":552.1589312794466,"nearest_medical_access_class":"likely_public","nearest_hospital_name":"湘南長寿園病院","nearest_hospital_distance_m":552.1589312794466,"elderly_population_percentile":0.2167300380228136,"transport_distance_percentile":0.8250950570342205,"medical_distance_percentile":0.8098859315589354,"exploratory_score_c":0.1448261372501044,"pareto_frontier":false},"geometry":{"type":"Polygon","coordinates":[[[139.48125,35.35416666666667],[139.4875,35.35416666666667],[139.4875,35.35833333333334],[139.48125,35.35833333333334],[139.48125,35.35416666666667]]]},"id":"533903284"},{"type":"Feature","properties":{"mesh_code":"533903291","area_label":"遊行寺坂上バス停周辺","area_label_basis":"最寄りの実在公共交通名称（行政地名ではない）","rank":201,"population":2351,"elderly_population":616.0,"elderly_ratio":0.2620161633347512,"centroid_lat":35.35208333333334,"centroid_lon":139.490625,"city_area_fraction":1.0000000000000002,"disclosure_status":"unaffected","primary_eligible":true,"nearest_station_name":"藤沢本町","nearest_station_distance_m":1410.0033752796012,"nearest_bus_stop_name":"遊行寺坂上","nearest_bus_stop_distance_m":46.99422463745403,"nearest_public_transport_type":"bus_stop","nearest_public_transport_name":"遊行寺坂上","nearest_public_transport_distance_m":46.99422463745403,"nearest_medical_name":"からさわ耳鼻咽喉科","nearest_medical_distance_m":675.9008727601569,"nearest_medical_access_class":"likely_public","nearest_hospital_name":"藤沢市民病院","nearest_hospital_distance_m":798.7636172272292,"elderly_population_percentile":0.7300380228136882,"transport_distance_percentile":0.0342205323193916,"medical_distance_percentile":0.9049429657794676,"exploratory_score_c":0.0226075473820196,"pareto_frontier":false},"geometry":{"type":"Polygon","coordinates":[[[139.4875,35.35],[139.49375,35.35],[139.49375,35.35416666666667],[139.4875,35.35416666666667],[139.4875,35.35]]]},"id":"533903291"},{"type":"Feature","properties":{"mesh_code":"533903292","area_label":"柄沢神社入口バス停周辺","area_label_basis":"最寄りの実在公共交通名称（行政地名ではない）","rank":223,"population":2505,"elderly_population":435.0,"elderly_ratio":0.17365269461077845,"centroid_lat":35.35208333333334,"centroid_lon":139.496875,"city_area_fraction":1.0,"disclosure_status":"unaffected","primary_eligible":true,"nearest_station_name":"藤沢","nearest_station_distance_m":1738.6461607945475,"nearest_bus_stop_name":"柄沢神社入口","nearest_bus_stop_distance_m":61.20145966122318,"nearest_public_transport_type":"bus_stop","nearest_public_transport_name":"柄沢神社入口","nearest_public_transport_distance_m":61.20145966122318,"nearest_medical_name":"三宅クリニック","nearest_medical_distance_m":199.60124125256982,"nearest_medical_access_class":"likely_public","nearest_hospital_name":"藤沢市民病院","nearest_hospital_distance_m":1360.3508833967378,"elderly_population_percentile":0.5513307984790875,"transport_distance_percentile":0.0646387832699619,"medical_distance_percentile":0.2851711026615969,"exploratory_score_c":0.0101627429637675,"pareto_frontier":false},"geometry":{"type":"Polygon","coordinates":[[[139.49375,35.35],[139.5,35.35],[139.5,35.35416666666667],[139.49375,35.35416666666667],[139.49375,35.35]]]},"id":"533903292"},{"type":"Feature","properties":{"mesh_code":"533903293","area_label":"緑ヶ丘バス停周辺","area_label_basis":"最寄りの実在公共交通名称（行政地名ではない）","rank":42,"population":1648,"elderly_population":425.0,"elderly_ratio":0.25788834951456313,"centroid_lat":35.35625,"centroid_lon":139.490625,"city_area_fraction":0.9998946489519215,"disclosure_status":"unaffected","primary_eligible":true,"nearest_station_name":"藤沢本町","nearest_station_distance_m":1612.0179317443924,"nearest_bus_stop_name":"緑ヶ丘","nearest_bus_stop_distance_m":174.4330815826593,"nearest_public_transport_type":"bus_stop","nearest_public_transport_name":"緑ヶ丘","nearest_public_transport_distance_m":174.4330815826593,"nearest_medical_name":"からさわ耳鼻咽喉科","nearest_medical_distance_m":658.38129039702,"nearest_medical_access_class":"likely_public","nearest_hospital_name":"藤沢市民病院","nearest_hospital_distance_m":998.2479783309349,"elderly_population_percentile":0.532319391634981,"transport_distance_percentile":0.4258555133079847,"medical_distance_percentile":0.8973384030418251,"exploratory_score_c":0.2034186725223122,"pareto_frontier":false},"geometry":{"type":"Polygon","coordinates":[[[139.4875,35.35416666666667],[139.49375,35.35416666666667],[139.49375,35.35833333333334],[139.4875,35.35833333333334],[139.4875,35.35416666666667]]]},"id":"533903293"},{"type":"Feature","properties":{"mesh_code":"533903294","area_label":"柄沢大上バス停周辺","area_label_basis":"最寄りの実在公共交通名称（行政地名ではない）","rank":114,"population":2194,"elderly_population":499.0,"elderly_ratio":0.22743846855059252,"centroid_lat":35.35625,"centroid_lon":139.496875,"city_area_fraction":0.7705706657830956,"disclosure_status":"unaffected","primary_eligible":true,"nearest_station_name":"藤沢本町","nearest_station_distance_m":2108.80515474177,"nearest_bus_stop_name":"柄沢大上","nearest_bus_stop_distance_m":211.7145674022075,"nearest_public_transport_type":"bus_stop","nearest_public_transport_name":"柄沢大上","nearest_public_transport_distance_m":211.7145674022075,"nearest_medical_name":"角谷整形外科","nearest_medical_distance_m":192.61887839641878,"nearest_medical_access_class":"likely_public","nearest_hospital_name":"藤沢市民病院","nearest_hospital_distance_m":1486.259668399656,"elderly_population_percentile":0.6007604562737643,"transport_distance_percentile":0.55893536121673,"medical_distance_percentile":0.2699619771863117,"exploratory_score_c":0.0906495233721649,"pareto_frontier":false},"geometry":{"type":"Polygon","coordinates":[[[139.49375,35.35416666666667],[139.5,35.35416666666667],[139.5,35.35833333333334],[139.49375,35.35833333333334],[139.49375,35.35416666666667]]]},"id":"533903294"},{"type":"Feature","properties":{"mesh_code":"533903342","area_label":"羽根沢バス停周辺","area_label_basis":"最寄りの実在公共交通名称（行政地名ではない）","rank":null,"population":254,"elderly_population":41.0,"elderly_ratio":0.16141732283464566,"centroid_lat":35.360416666666666,"centroid_lon":139.434375,"city_area_fraction":0.22136644345417464,"disclosure_status":"unaffected","primary_eligible":false,"nearest_station_name":"辻堂","nearest_station_distance_m":2816.777857737669,"nearest_bus_stop_name":"羽根沢","nearest_bus_stop_distance_m":696.1319853936669,"nearest_public_transport_type":"bus_stop","nearest_public_transport_name":"羽根沢","nearest_public_transport_distance_m":696.1319853936669,"nearest_medical_name":"湘南あおぞらクリニック","nearest_medical_distance_m":792.8146662975802,"nearest_medical_access_class":"likely_public","nearest_hospital_name":"村田会湘南大庭病院","nearest_hospital_distance_m":1574.065704821909,"elderly_population_percentile":null,"transport_distance_percentile":null,"medical_distance_percentile":null,"exploratory_score_c":null,"pareto_frontier":null},"geometry":{"type":"Polygon","coordinates":[[[139.43125,35.358333333333334],[139.4375,35.358333333333334],[139.4375,35.3625],[139.43125,35.3625],[139.43125,35.358333333333334]]]},"id":"533903342"},{"type":"Feature","properties":{"mesh_code":"533903344","area_label":"南大平バス停周辺","area_label_basis":"最寄りの実在公共交通名称（行政地名ではない）","rank":null,"population":623,"elderly_population":162.0,"elderly_ratio":0.26003210272873195,"centroid_lat":35.36458333333334,"centroid_lon":139.434375,"city_area_fraction":0.046487457202129226,"disclosure_status":"unaffected","primary_eligible":false,"nearest_station_name":"辻堂","nearest_station_distance_m":3250.3888807491594,"nearest_bus_stop_name":"南大平","nearest_bus_stop_distance_m":459.13944999874946,"nearest_public_transport_type":"bus_stop","nearest_public_transport_name":"南大平","nearest_public_transport_distance_m":459.13944999874946,"nearest_medical_name":"武内整形外科医院","nearest_medical_distance_m":532.5627764000627,"nearest_medical_access_class":"likely_public","nearest_hospital_name":"村田会湘南大庭病院","nearest_hospital_distance_m":1419.4122633172706,"elderly_population_percentile":null,"transport_distance_percentile":null,"medical_distance_percentile":null,"exploratory_score_c":null,"pareto_frontier":null},"geometry":{"type":"Polygon","coordinates":[[[139.43125,35.3625],[139.4375,35.3625],[139.4375,35.366666666666674],[139.43125,35.366666666666674],[139.43125,35.3625]]]},"id":"533903344"},{"type":"Feature","properties":{"mesh_code":"533903351","area_label":"南センター前バス停周辺","area_label_basis":"最寄りの実在公共交通名称（行政地名ではない）","rank":2,"population":2639,"elderly_population":1026.0,"elderly_ratio":0.3887836301629405,"centroid_lat":35.360416666666666,"centroid_lon":139.440625,"city_area_fraction":1.0,"disclosure_status":"unaffected","primary_eligible":true,"nearest_station_name":"辻堂","nearest_station_distance_m":2658.280572139063,"nearest_bus_stop_name":"南センター前","nearest_bus_stop_distance_m":347.69019036632005,"nearest_public_transport_type":"bus_stop","nearest_public_transport_name":"南センター前","nearest_public_transport_distance_m":347.69019036632005,"nearest_medical_name":"産婦人科吉田クリニック","nearest_medical_distance_m":430.656584165204,"nearest_medical_access_class":"likely_public","nearest_hospital_name":"村田会湘南大庭病院","nearest_hospital_distance_m":1103.271276427868,"elderly_population_percentile":0.973384030418251,"transport_distance_percentile":0.8326996197718631,"medical_distance_percentile":0.688212927756654,"exploratory_score_c":0.5578217059918323,"pareto_frontier":true},"geometry":{"type":"Polygon","coordinates":[[[139.4375,35.358333333333334],[139.44375,35.358333333333334],[139.44375,35.3625],[139.4375,35.3625],[139.4375,35.358333333333334]]]},"id":"533903351"},{"type":"Feature","properties":{"mesh_code":"533903352","area_label":"小糸バス停周辺","area_label_basis":"最寄りの実在公共交通名称（行政地名ではない）","rank":89,"population":2098,"elderly_population":690.0,"elderly_ratio":0.328884652049571,"centroid_lat":35.360416666666666,"centroid_lon":139.446875,"city_area_fraction":1.0,"disclosure_status":"unaffected","primary_eligible":true,"nearest_station_name":"善行","nearest_station_distance_m":2411.123507071743,"nearest_bus_stop_name":"小糸","nearest_bus_stop_distance_m":176.0688782609951,"nearest_public_transport_type":"bus_stop","nearest_public_transport_name":"小糸","nearest_public_transport_distance_m":176.0688782609951,"nearest_medical_name":"野中脳神経外科クリニック","nearest_medical_distance_m":230.55342626517418,"nearest_medical_access_class":"likely_public","nearest_hospital_name":"村田会湘南大庭病院","nearest_hospital_distance_m":775.8258332554784,"elderly_population_percentile":0.8422053231939164,"transport_distance_percentile":0.4410646387832699,"medical_distance_percentile":0.3346007604562737,"exploratory_score_c":0.1242931362194552,"pareto_frontier":false},"geometry":{"type":"Polygon","coordinates":[[[139.44375,35.358333333333334],[139.45,35.358333333333334],[139.45,35.3625],[139.44375,35.3625],[139.44375,35.358333333333334]]]},"id":"533903352"},{"type":"Feature","properties":{"mesh_code":"533903353","area_label":"羽根沢バス停周辺","area_label_basis":"最寄りの実在公共交通名称（行政地名ではない）","rank":256,"population":2096,"elderly_population":536.0,"elderly_ratio":0.25572519083969464,"centroid_lat":35.36458333333334,"centroid_lon":139.440625,"city_area_fraction":0.7660989327416242,"disclosure_status":"unaffected","primary_eligible":true,"nearest_station_name":"善行","nearest_station_distance_m":2975.1125982357776,"nearest_bus_stop_name":"羽根沢","nearest_bus_stop_distance_m":37.278552862862036,"nearest_public_transport_type":"bus_stop","nearest_public_transport_name":"羽根沢","nearest_public_transport_distance_m":37.278552862862036,"nearest_medical_name":"湘南あおぞらクリニック","nearest_medical_distance_m":65.81125716911792,"nearest_medical_access_class":"likely_public","nearest_hospital_name":"村田会湘南大庭病院","nearest_hospital_distance_m":868.5164563542799,"elderly_population_percentile":0.6425855513307985,"transport_distance_percentile":0.026615969581749,"medical_distance_percentile":0.0494296577946768,"exploratory_score_c":0.000845397290276,"pareto_frontier":false},"geometry":{"type":"Polygon","coordinates":[[[139.4375,35.3625],[139.44375,35.3625],[139.44375,35.366666666666674],[139.4375,35.366666666666674],[139.4375,35.3625]]]},"id":"533903353"},{"type":"Feature","properties":{"mesh_code":"533903354","area_label":"ライフタウン中央バス停周辺","area_label_basis":"最寄りの実在公共交通名称（行政地名ではない）","rank":102,"population":2635,"elderly_population":613.0,"elderly_ratio":0.23263757115749525,"centroid_lat":35.36458333333334,"centroid_lon":139.446875,"city_area_fraction":0.9999999999999998,"disclosure_status":"unaffected","primary_eligible":true,"nearest_station_name":"善行","nearest_station_distance_m":2409.079678252594,"nearest_bus_stop_name":"ライフタウン中央","nearest_bus_stop_distance_m":138.91027360530202,"nearest_public_transport_type":"bus_stop","nearest_public_transport_name":"ライフタウン中央","nearest_public_transport_distance_m":138.91027360530202,"nearest_medical_name":"湘南ライフタウン診療所","nearest_medical_distance_m":289.7711721460254,"nearest_medical_access_class":"likely_public","nearest_hospital_name":"村田会湘南大庭病院","nearest_hospital_distance_m":372.8952831724595,"elderly_population_percentile":0.7262357414448669,"transport_distance_percentile":0.3041825095057034,"medical_distance_percentile":0.4448669201520912,"exploratory_score_c":0.0982747551637865,"pareto_frontier":false},"geometry":{"type":"Polygon","coordinates":[[[139.44375,35.3625],[139.45,35.3625],[139.45,35.366666666666674],[139.44375,35.366666666666674],[139.44375,35.3625]]]},"id":"533903354"},{"type":"Feature","properties":{"mesh_code":"533903361","area_label":"天神社前バス停周辺","area_label_basis":"最寄りの実在公共交通名称（行政地名ではない）","rank":210,"population":477,"elderly_population":116.0,"elderly_ratio":0.2431865828092243,"centroid_lat":35.360416666666666,"centroid_lon":139.453125,"city_area_fraction":0.9999999999999998,"disclosure_status":"unaffected","primary_eligible":true,"nearest_station_name":"善行","nearest_station_distance_m":1846.872712227761,"nearest_bus_stop_name":"天神社前","nearest_bus_stop_distance_m":229.48132307659586,"nearest_public_transport_type":"bus_stop","nearest_public_transport_name":"天神社前","nearest_public_transport_distance_m":229.48132307659586,"nearest_medical_name":"医療法人社団栄友会　湘南ゆずクリニック","nearest_medical_distance_m":107.9107927209545,"nearest_medical_access_class":"likely_public","nearest_hospital_name":"村田会湘南大庭病院","nearest_hospital_distance_m":794.8437104713183,"elderly_population_percentile":0.2433460076045627,"transport_distance_percentile":0.596958174904943,"medical_distance_percentile":0.1292775665399239,"exploratory_score_c":0.0187798144919422,"pareto_frontier":false},"geometry":{"type":"Polygon","coordinates":[[[139.45,35.358333333333334],[139.45625,35.358333333333334],[139.45625,35.3625],[139.45,35.3625],[139.45,35.358333333333334]]]},"id":"533903361"},{"type":"Feature","properties":{"mesh_code":"533903362","area_label":"善行坂北バス停周辺","area_label_basis":"最寄りの実在公共交通名称（行政地名ではない）","rank":97,"population":451,"elderly_population":109.0,"elderly_ratio":0.24168514412416853,"centroid_lat":35.360416666666666,"centroid_lon":139.459375,"city_area_fraction":1.0,"disclosure_status":"unaffected","primary_eligible":true,"nearest_station_name":"善行","nearest_station_distance_m":1285.911751850736,"nearest_bus_stop_name":"善行坂北","nearest_bus_stop_distance_m":402.925627292962,"nearest_public_transport_type":"bus_stop","nearest_public_transport_name":"善行坂北","nearest_public_transport_distance_m":402.925627292962,"nearest_medical_name":"荏原製作所藤沢事業所診療所","nearest_medical_distance_m":353.32832660958104,"nearest_medical_access_class":"uncertain_access","nearest_hospital_name":"村田会湘南大庭病院","nearest_hospital_distance_m":1143.1618290658555,"elderly_population_percentile":0.2262357414448669,"transport_distance_percentile":0.8897338403041825,"medical_distance_percentile":0.5627376425855514,"exploratory_score_c":0.1132732321953278,"pareto_frontier":false},"geometry":{"type":"Polygon","coordinates":[[[139.45625,35.358333333333334],[139.4625,35.358333333333334],[139.4625,35.3625],[139.45625,35.3625],[139.45625,35.358333333333334]]]},"id":"533903362"},{"type":"Feature","properties":{"mesh_code":"533903363","area_label":"弁天前バス停周辺","area_label_basis":"最寄りの実在公共交通名称（行政地名ではない）","rank":191,"population":1460,"elderly_population":287.0,"elderly_ratio":0.19657534246575342,"centroid_lat":35.36458333333334,"centroid_lon":139.453125,"city_area_fraction":1.0,"disclosure_status":"unaffected","primary_eligible":true,"nearest_station_name":"善行","nearest_station_distance_m":1844.2371301763849,"nearest_bus_stop_name":"弁天前","nearest_bus_stop_distance_m":70.92061898589151,"nearest_public_transport_type":"bus_stop","nearest_public_transport_name":"弁天前","nearest_public_transport_distance_m":70.92061898589151,"nearest_medical_name":"村田会湘南大庭病院","nearest_medical_distance_m":410.9992501925264,"nearest_medical_access_class":"likely_public","nearest_hospital_name":"村田会湘南大庭病院","nearest_hospital_distance_m":410.9992501925264,"elderly_population_percentile":0.4144486692015209,"transport_distance_percentile":0.091254752851711,"medical_distance_percentile":0.6615969581749049,"exploratory_score_c":0.0250218687936149,"pareto_frontier":false},"geometry":{"type":"Polygon","coordinates":[[[139.45,35.3625],[139.45625,35.3625],[139.45625,35.366666666666674],[139.45,35.366666666666674],[139.45,35.3625]]]},"id":"533903363"},{"type":"Feature","properties":{"mesh_code":"533903364","area_label":"善行団地西バス停周辺","area_label_basis":"最寄りの実在公共交通名称（行政地名ではない）","rank":68,"population":1375,"elderly_population":366.0,"elderly_ratio":0.2661818181818182,"centroid_lat":35.36458333333334,"centroid_lon":139.459375,"city_area_fraction":0.9999999999999998,"disclosure_status":"unaffected","primary_eligible":true,"nearest_station_name":"善行","nearest_station_distance_m":1282.1587684587419,"nearest_bus_stop_name":"善行団地西","nearest_bus_stop_distance_m":155.52556983786994,"nearest_public_transport_type":"bus_stop","nearest_public_transport_name":"善行団地西","nearest_public_transport_distance_m":155.52556983786994,"nearest_medical_name":"善行団地石川医院","nearest_medical_distance_m":588.701337029862,"nearest_medical_access_class":"likely_public","nearest_hospital_name":"村田会湘南大庭病院","nearest_hospital_distance_m":918.6557385033499,"elderly_population_percentile":0.4866920152091255,"transport_distance_percentile":0.3726235741444867,"medical_distance_percentile":0.844106463878327,"exploratory_score_c":0.1530811705083163,"pareto_frontier":false},"geometry":{"type":"Polygon","coordinates":[[[139.45625,35.3625],[139.4625,35.3625],[139.4625,35.366666666666674],[139.45625,35.366666666666674],[139.45625,35.3625]]]},"id":"533903364"},{"type":"Feature","properties":{"mesh_code":"533903371","area_label":"善行坂南バス停周辺","area_label_basis":"最寄りの実在公共交通名称（行政地名ではない）","rank":43,"population":2850,"elderly_population":502.0,"elderly_ratio":0.17614035087719299,"centroid_lat":35.360416666666666,"centroid_lon":139.465625,"city_area_fraction":0.9999999999999998,"disclosure_status":"unaffected","primary_eligible":true,"nearest_station_name":"善行","nearest_station_distance_m":735.8031572098876,"nearest_bus_stop_name":"善行坂南","nearest_bus_stop_distance_m":197.40733670315998,"nearest_public_transport_type":"bus_stop","nearest_public_transport_name":"善行坂南","nearest_public_transport_distance_m":197.40733670315998,"nearest_medical_name":"えりクリニック","nearest_medical_distance_m":401.98332453440213,"nearest_medical_access_class":"likely_public","nearest_hospital_name":"湘南長寿園病院","nearest_hospital_distance_m":1574.5423535510129,"elderly_population_percentile":0.6045627376425855,"transport_distance_percentile":0.5209125475285171,"medical_distance_percentile":0.6425855513307985,"exploratory_score_c":0.2023658150998104,"pareto_frontier":false},"geometry":{"type":"Polygon","coordinates":[[[139.4625,35.358333333333334],[139.46875,35.358333333333334],[139.46875,35.3625],[139.4625,35.3625],[139.4625,35.358333333333334]]]},"id":"533903371"},{"type":"Feature","properties":{"mesh_code":"533903372","area_label":"善行市民センターバス停周辺","area_label_basis":"最寄りの実在公共交通名称（行政地名ではない）","rank":198,"population":2333,"elderly_population":597.0,"elderly_ratio":0.2558936990998714,"centroid_lat":35.360416666666666,"centroid_lon":139.471875,"city_area_fraction":0.9999999999999998,"disclosure_status":"unaffected","primary_eligible":true,"nearest_station_name":"善行","nearest_station_distance_m":272.8546419873816,"nearest_bus_stop_name":"善行市民センター","nearest_bus_stop_distance_m":73.77428303142511,"nearest_public_transport_type":"bus_stop","nearest_public_transport_name":"善行市民センター","nearest_public_transport_distance_m":73.77428303142511,"nearest_medical_name":"本藤沢内科クリニック","nearest_medical_distance_m":237.94278925630758,"nearest_medical_access_class":"likely_public","nearest_hospital_name":"湘南長寿園病院","nearest_hospital_distance_m":1141.2846606825917,"elderly_population_percentile":0.7186311787072244,"transport_distance_percentile":0.0950570342205323,"medical_distance_percentile":0.3460076045627376,"exploratory_score_c":0.0236361076719185,"pareto_frontier":false},"geometry":{"type":"Polygon","coordinates":[[[139.46875,35.358333333333334],[139.475,35.358333333333334],[139.475,35.3625],[139.46875,35.3625],[139.46875,35.358333333333334]]]},"id":"533903372"},{"type":"Feature","properties":{"mesh_code":"533903373","area_label":"マーケット前バス停周辺","area_label_basis":"最寄りの実在公共交通名称（行政地名ではない）","rank":16,"population":3489,"elderly_population":1149.0,"elderly_ratio":0.32932072226999143,"centroid_lat":35.36458333333334,"centroid_lon":139.465625,"city_area_fraction":1.0,"disclosure_status":"unaffected","primary_eligible":true,"nearest_station_name":"善行","nearest_station_distance_m":729.2636742774296,"nearest_bus_stop_name":"マーケット前","nearest_bus_stop_distance_m":284.47342696597457,"nearest_public_transport_type":"bus_stop","nearest_public_transport_name":"マーケット前","nearest_public_transport_distance_m":284.47342696597457,"nearest_medical_name":"善行団地石川医院","nearest_medical_distance_m":301.25691518138433,"nearest_medical_access_class":"likely_public","nearest_hospital_name":"村田会湘南大庭病院","nearest_hospital_distance_m":1471.0791662672245,"elderly_population_percentile":0.9923954372623576,"transport_distance_percentile":0.7452471482889734,"medical_distance_percentile":0.4638783269961977,"exploratory_score_c":0.3430750725876837,"pareto_frontier":true},"geometry":{"type":"Polygon","coordinates":[[[139.4625,35.3625],[139.46875,35.3625],[139.46875,35.366666666666674],[139.4625,35.366666666666674],[139.4625,35.3625]]]},"id":"533903373"},{"type":"Feature","properties":{"mesh_code":"533903374","area_label":"善行駅入口バス停周辺","area_label_basis":"最寄りの実在公共交通名称（行政地名ではない）","rank":229,"population":3036,"elderly_population":630.0,"elderly_ratio":0.2075098814229249,"centroid_lat":35.36458333333334,"centroid_lon":139.471875,"city_area_fraction":1.0,"disclosure_status":"unaffected","primary_eligible":true,"nearest_station_name":"善行","nearest_station_distance_m":254.7407944352664,"nearest_bus_stop_name":"善行駅入口","nearest_bus_stop_distance_m":90.97830643437935,"nearest_public_transport_type":"bus_stop","nearest_public_transport_name":"善行駅入口","nearest_public_transport_distance_m":90.97830643437935,"nearest_medical_name":"石田胃腸科医院","nearest_medical_distance_m":77.58686716888501,"nearest_medical_access_class":"likely_public","nearest_hospital_name":"湘南長寿園病院","nearest_hospital_distance_m":1519.8813034019447,"elderly_population_percentile":0.7585551330798479,"transport_distance_percentile":0.1444866920152091,"medical_distance_percentile":0.0760456273764258,"exploratory_score_c":0.0083346860752748,"pareto_frontier":false},"geometry":{"type":"Polygon","coordinates":[[[139.46875,35.3625],[139.475,35.3625],[139.475,35.366666666666674],[139.46875,35.366666666666674],[139.46875,35.3625]]]},"id":"533903374"},{"type":"Feature","properties":{"mesh_code":"533903381","area_label":"藤沢翔陵高校前バス停周辺","area_label_basis":"最寄りの実在公共交通名称（行政地名ではない）","rank":242,"population":1571,"elderly_population":539.0,"elderly_ratio":0.343093570973902,"centroid_lat":35.360416666666666,"centroid_lon":139.478125,"city_area_fraction":1.0,"disclosure_status":"unaffected","primary_eligible":true,"nearest_station_name":"善行","nearest_station_distance_m":502.69100112553593,"nearest_bus_stop_name":"藤沢翔陵高校前","nearest_bus_stop_distance_m":101.5432693716293,"nearest_public_transport_type":"bus_stop","nearest_public_transport_name":"藤沢翔陵高校前","nearest_public_transport_distance_m":101.5432693716293,"nearest_medical_name":"神奈川県立総合教育センター巡回診療型診療所","nearest_medical_distance_m":65.02930915147329,"nearest_medical_access_class":"likely_public","nearest_hospital_name":"湘南長寿園病院","nearest_hospital_distance_m":878.1583970968924,"elderly_population_percentile":0.6520912547528517,"transport_distance_percentile":0.1787072243346007,"medical_distance_percentile":0.0456273764258555,"exploratory_score_c":0.0053171141361102,"pareto_frontier":false},"geometry":{"type":"Polygon","coordinates":[[[139.475,35.358333333333334],[139.48125,35.358333333333334],[139.48125,35.3625],[139.475,35.3625],[139.475,35.358333333333334]]]},"id":"533903381"},{"type":"Feature","properties":{"mesh_code":"533903382","area_label":"水道みち下バス停周辺","area_label_basis":"最寄りの実在公共交通名称（行政地名ではない）","rank":80,"population":902,"elderly_population":284.0,"elderly_ratio":0.3148558758314856,"centroid_lat":35.360416666666666,"centroid_lon":139.484375,"city_area_fraction":0.8258819077780873,"disclosure_status":"unaffected","primary_eligible":true,"nearest_station_name":"善行","nearest_station_distance_m":1037.3770604568992,"nearest_bus_stop_name":"水道みち下","nearest_bus_stop_distance_m":179.7306173248778,"nearest_public_transport_type":"bus_stop","nearest_public_transport_name":"水道みち下","nearest_public_transport_distance_m":179.7306173248778,"nearest_medical_name":"藤川眼科","nearest_medical_distance_m":476.34368818934644,"nearest_medical_access_class":"likely_public","nearest_hospital_name":"湘南長寿園病院","nearest_hospital_distance_m":940.7854270399913,"elderly_population_percentile":0.4106463878326996,"transport_distance_percentile":0.4600760456273764,"medical_distance_percentile":0.7376425855513308,"exploratory_score_c":0.1393617561043934,"pareto_frontier":false},"geometry":{"type":"Polygon","coordinates":[[[139.48125,35.358333333333334],[139.4875,35.358333333333334],[139.4875,35.3625],[139.48125,35.3625],[139.48125,35.358333333333334]]]},"id":"533903382"},{"type":"Feature","properties":{"mesh_code":"533903383","area_label":"渋沢台バス停周辺","area_label_basis":"最寄りの実在公共交通名称（行政地名ではない）","rank":152,"population":2565,"elderly_population":696.0,"elderly_ratio":0.27134502923976606,"centroid_lat":35.36458333333334,"centroid_lon":139.478125,"city_area_fraction":1.0,"disclosure_status":"unaffected","primary_eligible":true,"nearest_station_name":"善行","nearest_station_distance_m":493.0844810275093,"nearest_bus_stop_name":"渋沢台","nearest_bus_stop_distance_m":155.46285371495995,"nearest_public_transport_type":"bus_stop","nearest_public_transport_name":"渋沢台","nearest_public_transport_distance_m":155.46285371495995,"nearest_medical_name":"善行クリニック","nearest_medical_distance_m":130.31607376957407,"nearest_medical_access_class":"likely_public","nearest_hospital_name":"湘南長寿園病院","nearest_hospital_distance_m":1333.678189125969,"elderly_population_percentile":0.8517110266159695,"transport_distance_percentile":0.3688212927756654,"medical_distance_percentile":0.1673003802281368,"exploratory_score_c":0.0525539282279194,"pareto_frontier":false},"geometry":{"type":"Polygon","coordinates":[[[139.475,35.3625],[139.48125,35.3625],[139.48125,35.366666666666674],[139.475,35.366666666666674],[139.475,35.3625]]]},"id":"533903383"},{"type":"Feature","properties":{"mesh_code":"533903384","area_label":"亀井野団地入口バス停周辺","area_label_basis":"最寄りの実在公共交通名称（行政地名ではない）","rank":202,"population":91,"elderly_population":42.0,"elderly_ratio":0.46153846153846156,"centroid_lat":35.36458333333334,"centroid_lon":139.484375,"city_area_fraction":0.9575180333234926,"disclosure_status":"unaffected","primary_eligible":true,"nearest_station_name":"善行","nearest_station_distance_m":1032.7356508367084,"nearest_bus_stop_name":"亀井野団地入口","nearest_bus_stop_distance_m":259.4496093968777,"nearest_public_transport_type":"bus_stop","nearest_public_transport_name":"亀井野団地入口","nearest_public_transport_distance_m":259.4496093968777,"nearest_medical_name":"医療法人社団門山医院","nearest_medical_distance_m":260.5264607020012,"nearest_medical_access_class":"likely_public","nearest_hospital_name":"湘南長寿園病院","nearest_hospital_distance_m":1375.7202686213877,"elderly_population_percentile":0.0798479087452471,"transport_distance_percentile":0.6844106463878327,"medical_distance_percentile":0.3878326996197718,"exploratory_score_c":0.0211945756706434,"pareto_frontier":false},"geometry":{"type":"Polygon","coordinates":[[[139.48125,35.3625],[139.4875,35.3625],[139.4875,35.366666666666674],[139.48125,35.366666666666674],[139.48125,35.3625]]]},"id":"533903384"},{"type":"Feature","properties":{"mesh_code":"533903391","area_label":"緑ヶ丘バス停周辺","area_label_basis":"最寄りの実在公共交通名称（行政地名ではない）","rank":null,"population":539,"elderly_population":199.0,"elderly_ratio":0.3692022263450835,"centroid_lat":35.360416666666666,"centroid_lon":139.490625,"city_area_fraction":0.09883441602019218,"disclosure_status":"unaffected","primary_eligible":false,"nearest_station_name":"善行","nearest_station_distance_m":1595.2452980603575,"nearest_bus_stop_name":"緑ヶ丘","nearest_bus_stop_distance_m":556.5961090045288,"nearest_public_transport_type":"bus_stop","nearest_public_transport_name":"緑ヶ丘","nearest_public_transport_distance_m":556.5961090045288,"nearest_medical_name":"角谷整形外科","nearest_medical_distance_m":907.3968332149553,"nearest_medical_access_class":"likely_public","nearest_hospital_name":"湘南長寿園病院","nearest_hospital_distance_m":1282.2928519855361,"elderly_population_percentile":null,"transport_distance_percentile":null,"medical_distance_percentile":null,"exploratory_score_c":null,"pareto_frontier":null},"geometry":{"type":"Polygon","coordinates":[[[139.4875,35.358333333333334],[139.49375,35.358333333333334],[139.49375,35.3625],[139.4875,35.3625],[139.4875,35.358333333333334]]]},"id":"533903391"},{"type":"Feature","properties":{"mesh_code":"533903393","area_label":"俣野子どもの家バス停周辺","area_label_basis":"最寄りの実在公共交通名称（行政地名ではない）","rank":null,"population":331,"elderly_population":150.0,"elderly_ratio":0.45317220543806647,"centroid_lat":35.36458333333334,"centroid_lon":139.490625,"city_area_fraction":0.07483907366827149,"disclosure_status":"unaffected","primary_eligible":false,"nearest_station_name":"善行","nearest_station_distance_m":1592.207230917651,"nearest_bus_stop_name":"俣野子どもの家","nearest_bus_stop_distance_m":782.0402031405642,"nearest_public_transport_type":"bus_stop","nearest_public_transport_name":"俣野子どもの家","nearest_public_transport_distance_m":782.0402031405642,"nearest_medical_name":"医療法人社団門山医院","nearest_medical_distance_m":818.9454832812593,"nearest_medical_access_class":"likely_public","nearest_hospital_name":"湘南長寿園病院","nearest_hospital_distance_m":1628.4239454516965,"elderly_population_percentile":null,"transport_distance_percentile":null,"medical_distance_percentile":null,"exploratory_score_c":null,"pareto_frontier":null},"geometry":{"type":"Polygon","coordinates":[[[139.4875,35.3625],[139.49375,35.3625],[139.49375,35.366666666666674],[139.4875,35.366666666666674],[139.4875,35.3625]]]},"id":"533903393"},{"type":"Feature","properties":{"mesh_code":"533903441","area_label":"大辻バス停周辺","area_label_basis":"最寄りの実在公共交通名称（行政地名ではない）","rank":null,"population":525,"elderly_population":139.0,"elderly_ratio":0.26476190476190475,"centroid_lat":35.36875,"centroid_lon":139.428125,"city_area_fraction":0.05879083677617041,"disclosure_status":"unaffected","primary_eligible":false,"nearest_station_name":"辻堂","nearest_station_distance_m":3890.5266875807233,"nearest_bus_stop_name":"大辻","nearest_bus_stop_distance_m":250.16690157631038,"nearest_public_transport_type":"bus_stop","nearest_public_transport_name":"大辻","nearest_public_transport_distance_m":250.16690157631038,"nearest_medical_name":"窪島医院","nearest_medical_distance_m":581.7995572342408,"nearest_medical_access_class":"likely_public","nearest_hospital_name":"村田会湘南大庭病院","nearest_hospital_distance_m":1970.9305015956722,"elderly_population_percentile":null,"transport_distance_percentile":null,"medical_distance_percentile":null,"exploratory_score_c":null,"pareto_frontier":null},"geometry":{"type":"Polygon","coordinates":[[[139.425,35.36666666666667],[139.43125,35.36666666666667],[139.43125,35.37083333333334],[139.425,35.37083333333334],[139.425,35.36666666666667]]]},"id":"533903441"},{"type":"Feature","properties":{"mesh_code":"533903442","area_label":"南大平バス停周辺","area_label_basis":"最寄りの実在公共交通名称（行政地名ではない）","rank":254,"population":1926,"elderly_population":771.0,"elderly_ratio":0.40031152647975077,"centroid_lat":35.36875,"centroid_lon":139.434375,"city_area_fraction":0.4235469877587788,"disclosure_status":"unaffected","primary_eligible":true,"nearest_station_name":"善行","nearest_station_distance_m":3600.1718061931724,"nearest_bus_stop_name":"南大平","nearest_bus_stop_distance_m":21.31673928969136,"nearest_public_transport_type":"bus_stop","nearest_public_transport_name":"南大平","nearest_public_transport_distance_m":21.31673928969136,"nearest_medical_name":"武内整形外科医院","nearest_medical_distance_m":103.00534492659102,"nearest_medical_access_class":"likely_public","nearest_hospital_name":"村田会湘南大庭病院","nearest_hospital_distance_m":1406.8096063092942,"elderly_population_percentile":0.8973384030418251,"transport_distance_percentile":0.0152091254752851,"medical_distance_percentile":0.11787072243346,"exploratory_score_c":0.0016086680735182,"pareto_frontier":false},"geometry":{"type":"Polygon","coordinates":[[[139.43125,35.36666666666667],[139.4375,35.36666666666667],[139.4375,35.37083333333334],[139.43125,35.37083333333334],[139.43125,35.36666666666667]]]},"id":"533903442"},{"type":"Feature","properties":{"mesh_code":"533903443","area_label":"小出一本松バス停周辺","area_label_basis":"最寄りの実在公共交通名称（行政地名ではない）","rank":null,"population":1220,"elderly_population":464.0,"elderly_ratio":0.380327868852459,"centroid_lat":35.37291666666667,"centroid_lon":139.428125,"city_area_fraction":0.3077358249688437,"disclosure_status":"unaffected","primary_eligible":false,"nearest_station_name":"六会日大前","nearest_station_distance_m":4053.5796519889145,"nearest_bus_stop_name":"小出一本松","nearest_bus_stop_distance_m":193.76535134447946,"nearest_public_transport_type":"bus_stop","nearest_public_transport_name":"小出一本松","nearest_public_transport_distance_m":193.76535134447946,"nearest_medical_name":"窪島医院","nearest_medical_distance_m":214.90232634599224,"nearest_medical_access_class":"likely_public","nearest_hospital_name":"医療法人社団　健育会　湘南慶育病院","nearest_hospital_distance_m":2021.5629046850756,"elderly_population_percentile":null,"transport_distance_percentile":null,"medical_distance_percentile":null,"exploratory_score_c":null,"pareto_frontier":null},"geometry":{"type":"Polygon","coordinates":[[[139.425,35.37083333333334],[139.43125,35.37083333333334],[139.43125,35.375],[139.425,35.375],[139.425,35.37083333333334]]]},"id":"533903443"},{"type":"Feature","properties":{"mesh_code":"533903444","area_label":"滝の沢不動前バス停周辺","area_label_basis":"最寄りの実在公共交通名称（行政地名ではない）","rank":56,"population":2260,"elderly_population":1014.0,"elderly_ratio":0.4486725663716814,"centroid_lat":35.37291666666667,"centroid_lon":139.434375,"city_area_fraction":0.8197326522860615,"disclosure_status":"unaffected","primary_eligible":true,"nearest_station_name":"六会日大前","nearest_station_distance_m":3515.3549088136347,"nearest_bus_stop_name":"滝の沢不動前","nearest_bus_stop_distance_m":220.04379719588854,"nearest_public_transport_type":"bus_stop","nearest_public_transport_name":"滝の沢不動前","nearest_public_transport_distance_m":220.04379719588854,"nearest_medical_name":"医療法人社団　エス・ジー・シー　櫻井胃腸科クリニック","nearest_medical_distance_m":220.49231703154626,"nearest_medical_access_class":"likely_public","nearest_hospital_name":"村田会湘南大庭病院","nearest_hospital_distance_m":1539.74998364723,"elderly_population_percentile":0.9695817490494296,"transport_distance_percentile":0.5779467680608364,"medical_distance_percentile":0.3155893536121673,"exploratory_score_c":0.1768457451460568,"pareto_frontier":false},"geometry":{"type":"Polygon","coordinates":[[[139.43125,35.37083333333334],[139.4375,35.37083333333334],[139.4375,35.375],[139.43125,35.375],[139.43125,35.37083333333334]]]},"id":"533903444"},{"type":"Feature","properties":{"mesh_code":"533903451","area_label":"滝の沢小学校前バス停周辺","area_label_basis":"最寄りの実在公共交通名称（行政地名ではない）","rank":null,"population":3101,"elderly_population":1095.0,"elderly_ratio":0.3531118993872944,"centroid_lat":35.36875,"centroid_lon":139.440625,"city_area_fraction":0.6712206253881373,"disclosure_status":"unaffected","primary_eligible":false,"nearest_station_name":"善行","nearest_station_distance_m":3044.4407972639333,"nearest_bus_stop_name":"滝の沢小学校前","nearest_bus_stop_distance_m":307.5725856726599,"nearest_public_transport_type":"bus_stop","nearest_public_transport_name":"滝の沢小学校前","nearest_public_transport_distance_m":307.5725856726599,"nearest_medical_name":"医療法人社団恵信会　よしむら耳鼻咽喉科・内科・呼吸器内科","nearest_medical_distance_m":275.7042949974157,"nearest_medical_access_class":"likely_public","nearest_hospital_name":"村田会湘南大庭病院","nearest_hospital_distance_m":847.8016967742159,"elderly_population_percentile":null,"transport_distance_percentile":null,"medical_distance_percentile":null,"exploratory_score_c":null,"pareto_frontier":null},"geometry":{"type":"Polygon","coordinates":[[[139.4375,35.36666666666667],[139.44375,35.36666666666667],[139.44375,35.37083333333334],[139.4375,35.37083333333334],[139.4375,35.36666666666667]]]},"id":"533903451"},{"type":"Feature","properties":{"mesh_code":"533903452","area_label":"二番構保健医療センターバス停周辺","area_label_basis":"最寄りの実在公共交通名称（行政地名ではない）","rank":250,"population":3008,"elderly_population":1276.0,"elderly_ratio":0.4242021276595745,"centroid_lat":35.36875,"centroid_lon":139.446875,"city_area_fraction":1.0,"disclosure_status":"unaffected","primary_eligible":true,"nearest_station_name":"善行","nearest_station_distance_m":2494.2225430863314,"nearest_bus_stop_name":"二番構保健医療センター","nearest_bus_stop_distance_m":34.25075240381902,"nearest_public_transport_type":"bus_stop","nearest_public_transport_name":"二番構保健医療センター","nearest_public_transport_distance_m":34.25075240381902,"nearest_medical_name":"藤沢市保健医療センター診療所","nearest_medical_distance_m":124.81458714764015,"nearest_medical_access_class":"likely_public","nearest_hospital_name":"村田会湘南大庭病院","nearest_hospital_distance_m":321.7598621938406,"elderly_population_percentile":1.0,"transport_distance_percentile":0.0228136882129277,"medical_distance_percentile":0.155893536121673,"exploratory_score_c":0.0035565065274906,"pareto_frontier":true},"geometry":{"type":"Polygon","coordinates":[[[139.44375,35.36666666666667],[139.45,35.36666666666667],[139.45,35.37083333333334],[139.44375,35.37083333333334],[139.44375,35.36666666666667]]]},"id":"533903452"},{"type":"Feature","properties":{"mesh_code":"533903453","area_label":"滝の沢バス停周辺","area_label_basis":"最寄りの実在公共交通名称（行政地名ではない）","rank":70,"population":2185,"elderly_population":576.0,"elderly_ratio":0.26361556064073227,"centroid_lat":35.37291666666667,"centroid_lon":139.440625,"city_area_fraction":1.0,"disclosure_status":"unaffected","primary_eligible":true,"nearest_station_name":"六会日大前","nearest_station_distance_m":2988.12234113699,"nearest_bus_stop_name":"滝の沢","nearest_bus_stop_distance_m":155.33225431883315,"nearest_public_transport_type":"bus_stop","nearest_public_transport_name":"滝の沢","nearest_public_transport_distance_m":155.33225431883315,"nearest_medical_name":"医療法人社団恵信会　よしむら耳鼻咽喉科・内科・呼吸器内科","nearest_medical_distance_m":381.155141645423,"nearest_medical_access_class":"likely_public","nearest_hospital_name":"村田会湘南大庭病院","nearest_hospital_distance_m":1053.8259056074944,"elderly_population_percentile":0.6920152091254753,"transport_distance_percentile":0.3650190114068441,"medical_distance_percentile":0.6045627376425855,"exploratory_score_c":0.1527117661393291,"pareto_frontier":false},"geometry":{"type":"Polygon","coordinates":[[[139.4375,35.37083333333334],[139.44375,35.37083333333334],[139.44375,35.375],[139.4375,35.375],[139.4375,35.37083333333334]]]},"id":"533903453"},{"type":"Feature","properties":{"mesh_code":"533903454","area_label":"駒寄住宅北バス停周辺","area_label_basis":"最寄りの実在公共交通名称（行政地名ではない）","rank":175,"population":3641,"elderly_population":1114.0,"elderly_ratio":0.30595990112606425,"centroid_lat":35.37291666666667,"centroid_lon":139.446875,"city_area_fraction":1.0,"disclosure_status":"unaffected","primary_eligible":true,"nearest_station_name":"六会日大前","nearest_station_distance_m":2478.9053995175823,"nearest_bus_stop_name":"駒寄住宅北","nearest_bus_stop_distance_m":60.185737786817064,"nearest_public_transport_type":"bus_stop","nearest_public_transport_name":"駒寄住宅北","nearest_public_transport_distance_m":60.185737786817064,"nearest_medical_name":"医療法人社団　青木内科","nearest_medical_distance_m":358.8123175104917,"nearest_medical_access_class":"likely_public","nearest_hospital_name":"村田会湘南大庭病院","nearest_hospital_distance_m":703.8054826272436,"elderly_population_percentile":0.988593155893536,"transport_distance_percentile":0.0608365019011406,"medical_distance_percentile":0.5741444866920152,"exploratory_score_c":0.0345305131581891,"pareto_frontier":true},"geometry":{"type":"Polygon","coordinates":[[[139.44375,35.37083333333334],[139.45,35.37083333333334],[139.45,35.375],[139.44375,35.375],[139.44375,35.37083333333334]]]},"id":"533903454"},{"type":"Feature","properties":{"mesh_code":"533903461","area_label":"北の谷バス停周辺","area_label_basis":"最寄りの実在公共交通名称（行政地名ではない）","rank":150,"population":1287,"elderly_population":308.0,"elderly_ratio":0.23931623931623933,"centroid_lat":35.36875,"centroid_lon":139.453125,"city_area_fraction":0.9999999999999998,"disclosure_status":"unaffected","primary_eligible":true,"nearest_station_name":"善行","nearest_station_distance_m":1954.1788665178851,"nearest_bus_stop_name":"北の谷","nearest_bus_stop_distance_m":121.03763330123492,"nearest_public_transport_type":"bus_stop","nearest_public_transport_name":"北の谷","nearest_public_transport_distance_m":121.03763330123492,"nearest_medical_name":"藤沢愛光園附属診療所","nearest_medical_distance_m":335.9244932061764,"nearest_medical_access_class":"likely_public","nearest_hospital_name":"村田会湘南大庭病院","nearest_hospital_distance_m":365.2360644517068,"elderly_population_percentile":0.4334600760456273,"transport_distance_percentile":0.2395437262357414,"medical_distance_percentile":0.532319391634981,"exploratory_score_c":0.0552721287097172,"pareto_frontier":false},"geometry":{"type":"Polygon","coordinates":[[[139.45,35.36666666666667],[139.45625,35.36666666666667],[139.45625,35.37083333333334],[139.45,35.37083333333334],[139.45,35.36666666666667]]]},"id":"533903461"},{"type":"Feature","properties":{"mesh_code":"533903462","area_label":"善行団地バス停周辺","area_label_basis":"最寄りの実在公共交通名称（行政地名ではない）","rank":40,"population":476,"elderly_population":186.0,"elderly_ratio":0.3907563025210084,"centroid_lat":35.36875,"centroid_lon":139.459375,"city_area_fraction":1.0,"disclosure_status":"unaffected","primary_eligible":true,"nearest_station_name":"善行","nearest_station_distance_m":1435.8362228307858,"nearest_bus_stop_name":"善行団地","nearest_bus_stop_distance_m":328.50324066639547,"nearest_public_transport_type":"bus_stop","nearest_public_transport_name":"善行団地","nearest_public_transport_distance_m":328.50324066639547,"nearest_medical_name":"善行団地石川医院","nearest_medical_distance_m":535.7858895166796,"nearest_medical_access_class":"likely_public","nearest_hospital_name":"村田会湘南大庭病院","nearest_hospital_distance_m":899.0943751026656,"elderly_population_percentile":0.3193916349809886,"transport_distance_percentile":0.7984790874524715,"medical_distance_percentile":0.8022813688212928,"exploratory_score_c":0.204603844872813,"pareto_frontier":false},"geometry":{"type":"Polygon","coordinates":[[[139.45625,35.36666666666667],[139.4625,35.36666666666667],[139.4625,35.37083333333334],[139.45625,35.37083333333334],[139.45625,35.36666666666667]]]},"id":"533903462"},{"type":"Feature","properties":{"mesh_code":"533903463","area_label":"石川橋バス停周辺","area_label_basis":"最寄りの実在公共交通名称（行政地名ではない）","rank":137,"population":1481,"elderly_population":199.0,"elderly_ratio":0.13436866981769074,"centroid_lat":35.37291666666667,"centroid_lon":139.453125,"city_area_fraction":1.0,"disclosure_status":"unaffected","primary_eligible":true,"nearest_station_name":"六会日大前","nearest_station_distance_m":2001.5018680870494,"nearest_bus_stop_name":"石川橋","nearest_bus_stop_distance_m":131.00946698693008,"nearest_public_transport_type":"bus_stop","nearest_public_transport_name":"石川橋","nearest_public_transport_distance_m":131.00946698693008,"nearest_medical_name":"高橋まことクリニック","nearest_medical_distance_m":431.79148338199593,"nearest_medical_access_class":"likely_public","nearest_hospital_name":"村田会湘南大庭病院","nearest_hospital_distance_m":724.712636283293,"elderly_population_percentile":0.3460076045627376,"transport_distance_percentile":0.2737642585551331,"medical_distance_percentile":0.6920152091254753,"exploratory_score_c":0.0655508052767875,"pareto_frontier":false},"geometry":{"type":"Polygon","coordinates":[[[139.45,35.37083333333334],[139.45625,35.37083333333334],[139.45625,35.375],[139.45,35.375],[139.45,35.37083333333334]]]},"id":"533903463"},{"type":"Feature","properties":{"mesh_code":"533903464","area_label":"5号西バス停周辺","area_label_basis":"最寄りの実在公共交通名称（行政地名ではない）","rank":65,"population":349,"elderly_population":128.0,"elderly_ratio":0.3667621776504298,"centroid_lat":35.37291666666667,"centroid_lon":139.459375,"city_area_fraction":0.9999999999999998,"disclosure_status":"unaffected","primary_eligible":true,"nearest_station_name":"六会日大前","nearest_station_distance_m":1584.9250514562732,"nearest_bus_stop_name":"5号西","nearest_bus_stop_distance_m":329.3770174170948,"nearest_public_transport_type":"bus_stop","nearest_public_transport_name":"5号西","nearest_public_transport_distance_m":329.3770174170948,"nearest_medical_name":"特別養護老人ホームグリーンライフ湘南ホーム診療所","nearest_medical_distance_m":500.85406775043396,"nearest_medical_access_class":"likely_public","nearest_hospital_name":"村田会湘南大庭病院","nearest_hospital_distance_m":1095.512135768046,"elderly_population_percentile":0.2585551330798479,"transport_distance_percentile":0.8022813688212928,"medical_distance_percentile":0.7604562737642585,"exploratory_score_c":0.1577444608996744,"pareto_frontier":false},"geometry":{"type":"Polygon","coordinates":[[[139.45625,35.37083333333334],[139.4625,35.37083333333334],[139.4625,35.375],[139.45625,35.375],[139.45625,35.37083333333334]]]},"id":"533903464"},{"type":"Feature","properties":{"mesh_code":"533903471","area_label":"2街区グラウンド前バス停周辺","area_label_basis":"最寄りの実在公共交通名称（行政地名ではない）","rank":171,"population":2946,"elderly_population":1269.0,"elderly_ratio":0.43075356415478616,"centroid_lat":35.36875,"centroid_lon":139.465625,"city_area_fraction":1.0,"disclosure_status":"unaffected","primary_eligible":true,"nearest_station_name":"善行","nearest_station_distance_m":974.462420375165,"nearest_bus_stop_name":"2街区グラウンド前","nearest_bus_stop_distance_m":93.86862568466634,"nearest_public_transport_type":"bus_stop","nearest_public_transport_name":"2街区グラウンド前","nearest_public_transport_distance_m":93.86862568466634,"nearest_medical_name":"善行団地石川医院","nearest_medical_distance_m":176.82239024638238,"nearest_medical_access_class":"likely_public","nearest_hospital_name":"村田会湘南大庭病院","nearest_hospital_distance_m":1458.9202929820055,"elderly_population_percentile":0.9961977186311788,"transport_distance_percentile":0.1520912547528517,"medical_distance_percentile":0.2395437262357414,"exploratory_score_c":0.0362939792529973,"pareto_frontier":true},"geometry":{"type":"Polygon","coordinates":[[[139.4625,35.36666666666667],[139.46875,35.36666666666667],[139.46875,35.37083333333334],[139.4625,35.37083333333334],[139.4625,35.36666666666667]]]},"id":"533903471"},{"type":"Feature","properties":{"mesh_code":"533903472","area_label":"善行台バス停周辺","area_label_basis":"最寄りの実在公共交通名称（行政地名ではない）","rank":135,"population":2518,"elderly_population":618.0,"elderly_ratio":0.2454328832406672,"centroid_lat":35.36875,"centroid_lon":139.471875,"city_area_fraction":1.0,"disclosure_status":"unaffected","primary_eligible":true,"nearest_station_name":"善行","nearest_station_distance_m":694.7432439660167,"nearest_bus_stop_name":"善行台","nearest_bus_stop_distance_m":113.32282013922428,"nearest_public_transport_type":"bus_stop","nearest_public_transport_name":"善行台","nearest_public_transport_distance_m":113.32282013922428,"nearest_medical_name":"青木医院","nearest_medical_distance_m":276.9856780172477,"nearest_medical_access_class":"likely_public","nearest_hospital_name":"湘南長寿園病院","nearest_hospital_distance_m":1935.1693071489392,"elderly_population_percentile":0.7376425855513308,"transport_distance_percentile":0.2091254752851711,"medical_distance_percentile":0.4258555133079847,"exploratory_score_c":0.0656924102848992,"pareto_frontier":false},"geometry":{"type":"Polygon","coordinates":[[[139.46875,35.36666666666667],[139.475,35.36666666666667],[139.475,35.37083333333334],[139.46875,35.37083333333334],[139.46875,35.36666666666667]]]},"id":"533903472"},{"type":"Feature","properties":{"mesh_code":"533903473","area_label":"天神町7号バス停周辺","area_label_basis":"最寄りの実在公共交通名称（行政地名ではない）","rank":189,"population":349,"elderly_population":174.0,"elderly_ratio":0.498567335243553,"centroid_lat":35.37291666666667,"centroid_lon":139.465625,"city_area_fraction":1.0,"disclosure_status":"unaffected","primary_eligible":true,"nearest_station_name":"六会日大前","nearest_station_distance_m":1289.5363967441012,"nearest_bus_stop_name":"天神町7号","nearest_bus_stop_distance_m":232.28115691512542,"nearest_public_transport_type":"bus_stop","nearest_public_transport_name":"天神町7号","nearest_public_transport_distance_m":232.28115691512542,"nearest_medical_name":"特別養護老人ホームグリーンライフ湘南ホーム診療所","nearest_medical_distance_m":114.64654522150012,"nearest_medical_access_class":"likely_public","nearest_hospital_name":"村田会湘南大庭病院","nearest_hospital_distance_m":1587.5000899032123,"elderly_population_percentile":0.3079847908745247,"transport_distance_percentile":0.6159695817490495,"medical_distance_percentile":0.1444866920152091,"exploratory_score_c":0.0274104638295128,"pareto_frontier":false},"geometry":{"type":"Polygon","coordinates":[[[139.4625,35.37083333333334],[139.46875,35.37083333333334],[139.46875,35.375],[139.4625,35.375],[139.4625,35.37083333333334]]]},"id":"533903473"},{"type":"Feature","properties":{"mesh_code":"533903474","area_label":"善行台バス停周辺","area_label_basis":"最寄りの実在公共交通名称（行政地名ではない）","rank":99,"population":250,"elderly_population":69.0,"elderly_ratio":0.276,"centroid_lat":35.37291666666667,"centroid_lon":139.471875,"city_area_fraction":1.0000000000000002,"disclosure_status":"unaffected","primary_eligible":true,"nearest_station_name":"善行","nearest_station_distance_m":1152.2918240139043,"nearest_bus_stop_name":"善行台","nearest_bus_stop_distance_m":470.2286161585703,"nearest_public_transport_type":"bus_stop","nearest_public_transport_name":"善行台","nearest_public_transport_distance_m":470.2286161585703,"nearest_medical_name":"特別養護老人ホーム睦愛園医務室","nearest_medical_distance_m":585.3587415890612,"nearest_medical_access_class":"uncertain_access","nearest_hospital_name":"医療法人社団いしずえ　湘南敬愛病院","nearest_hospital_distance_m":2076.5900400316123,"elderly_population_percentile":0.1349809885931558,"transport_distance_percentile":0.9201520912547528,"medical_distance_percentile":0.8250950570342205,"exploratory_score_c":0.1024793134927639,"pareto_frontier":false},"geometry":{"type":"Polygon","coordinates":[[[139.46875,35.37083333333334],[139.475,35.37083333333334],[139.475,35.375],[139.46875,35.375],[139.46875,35.37083333333334]]]},"id":"533903474"},{"type":"Feature","properties":{"mesh_code":"533903481","area_label":"亀井野団地バス停周辺","area_label_basis":"最寄りの実在公共交通名称（行政地名ではない）","rank":41,"population":1698,"elderly_population":571.0,"elderly_ratio":0.33627797408716137,"centroid_lat":35.36875,"centroid_lon":139.478125,"city_area_fraction":1.0,"disclosure_status":"unaffected","primary_eligible":true,"nearest_station_name":"善行","nearest_station_distance_m":812.9564924187808,"nearest_bus_stop_name":"亀井野団地","nearest_bus_stop_distance_m":199.8306666467647,"nearest_public_transport_type":"bus_stop","nearest_public_transport_name":"亀井野団地","nearest_public_transport_distance_m":199.8306666467647,"nearest_medical_name":"善行クリニック","nearest_medical_distance_m":345.1323226621113,"nearest_medical_access_class":"likely_public","nearest_hospital_name":"湘南長寿園病院","nearest_hospital_distance_m":1792.6419701788705,"elderly_population_percentile":0.688212927756654,"transport_distance_percentile":0.5399239543726235,"medical_distance_percentile":0.5475285171102662,"exploratory_score_c":0.2034520948223634,"pareto_frontier":false},"geometry":{"type":"Polygon","coordinates":[[[139.475,35.36666666666667],[139.48125,35.36666666666667],[139.48125,35.37083333333334],[139.475,35.37083333333334],[139.475,35.36666666666667]]]},"id":"533903481"},{"type":"Feature","properties":{"mesh_code":"533903482","area_label":"新田バス停周辺","area_label_basis":"最寄りの実在公共交通名称（行政地名ではない）","rank":123,"population":826,"elderly_population":241.0,"elderly_ratio":0.2917675544794189,"centroid_lat":35.36875,"centroid_lon":139.484375,"city_area_fraction":1.0,"disclosure_status":"unaffected","primary_eligible":true,"nearest_station_name":"善行","nearest_station_distance_m":1218.304714789808,"nearest_bus_stop_name":"新田","nearest_bus_stop_distance_m":136.20108830585139,"nearest_public_transport_type":"bus_stop","nearest_public_transport_name":"新田","nearest_public_transport_distance_m":136.20108830585139,"nearest_medical_name":"医療法人社団門山医院","nearest_medical_distance_m":451.7758479680025,"nearest_medical_access_class":"likely_public","nearest_hospital_name":"湘南長寿園病院","nearest_hospital_distance_m":1824.1347216530614,"elderly_population_percentile":0.376425855513308,"transport_distance_percentile":0.2965779467680608,"medical_distance_percentile":0.7110266159695817,"exploratory_score_c":0.0793787322141003,"pareto_frontier":false},"geometry":{"type":"Polygon","coordinates":[[[139.48125,35.36666666666667],[139.4875,35.36666666666667],[139.4875,35.37083333333334],[139.48125,35.37083333333334],[139.48125,35.36666666666667]]]},"id":"533903482"},{"type":"Feature","properties":{"mesh_code":"533903483","area_label":"亀井野公園バス停周辺","area_label_basis":"最寄りの実在公共交通名称（行政地名ではない）","rank":104,"population":173,"elderly_population":64.0,"elderly_ratio":0.3699421965317919,"centroid_lat":35.37291666666667,"centroid_lon":139.478125,"city_area_fraction":1.0,"disclosure_status":"unaffected","primary_eligible":true,"nearest_station_name":"善行","nearest_station_distance_m":1227.190688542381,"nearest_bus_stop_name":"亀井野公園","nearest_bus_stop_distance_m":583.5026893652231,"nearest_public_transport_type":"bus_stop","nearest_public_transport_name":"亀井野公園","nearest_public_transport_distance_m":583.5026893652231,"nearest_medical_name":"神奈川県立総合療育相談センター","nearest_medical_distance_m":588.5335896679918,"nearest_medical_access_class":"likely_public","nearest_hospital_name":"湘南長寿園病院","nearest_hospital_distance_m":2252.946119587427,"elderly_population_percentile":0.1216730038022813,"transport_distance_percentile":0.9581749049429658,"medical_distance_percentile":0.8403041825095057,"exploratory_score_c":0.0979660386554186,"pareto_frontier":false},"geometry":{"type":"Polygon","coordinates":[[[139.475,35.37083333333334],[139.48125,35.37083333333334],[139.48125,35.375],[139.475,35.375],[139.475,35.37083333333334]]]},"id":"533903483"},{"type":"Feature","properties":{"mesh_code":"533903484","area_label":"俣野原バス停周辺","area_label_basis":"最寄りの実在公共交通名称（行政地名ではない）","rank":207,"population":140,"elderly_population":35.0,"elderly_ratio":0.25,"centroid_lat":35.37291666666667,"centroid_lon":139.484375,"city_area_fraction":1.0,"disclosure_status":"unaffected","primary_eligible":true,"nearest_station_name":"善行","nearest_station_distance_m":1526.2117842372165,"nearest_bus_stop_name":"俣野原","nearest_bus_stop_distance_m":376.5448622350183,"nearest_public_transport_type":"bus_stop","nearest_public_transport_name":"俣野原","nearest_public_transport_distance_m":376.5448622350183,"nearest_medical_name":"神奈川県立総合療育相談センター","nearest_medical_distance_m":238.08404837360519,"nearest_medical_access_class":"likely_public","nearest_hospital_name":"湘南長寿園病院","nearest_hospital_distance_m":2278.0829176272173,"elderly_population_percentile":0.0627376425855513,"transport_distance_percentile":0.8631178707224335,"medical_distance_percentile":0.3536121673003802,"exploratory_score_c":0.0191480919577205,"pareto_frontier":false},"geometry":{"type":"Polygon","coordinates":[[[139.48125,35.37083333333334],[139.4875,35.37083333333334],[139.4875,35.375],[139.48125,35.375],[139.48125,35.37083333333334]]]},"id":"533903484"},{"type":"Feature","properties":{"mesh_code":"533903491","area_label":"新田バス停周辺","area_label_basis":"最寄りの実在公共交通名称（行政地名ではない）","rank":null,"population":199,"elderly_population":62.0,"elderly_ratio":0.31155778894472363,"centroid_lat":35.36875,"centroid_lon":139.490625,"city_area_fraction":0.2614673665990852,"disclosure_status":"unaffected","primary_eligible":false,"nearest_station_name":"善行","nearest_station_distance_m":1718.363078715035,"nearest_bus_stop_name":"新田","nearest_bus_stop_distance_m":685.3749421950303,"nearest_public_transport_type":"bus_stop","nearest_public_transport_name":"新田","nearest_public_transport_distance_m":685.3749421950303,"nearest_medical_name":"医療法人社団門山医院","nearest_medical_distance_m":898.2583419494929,"nearest_medical_access_class":"likely_public","nearest_hospital_name":"湘南長寿園病院","nearest_hospital_distance_m":2021.5306402753763,"elderly_population_percentile":null,"transport_distance_percentile":null,"medical_distance_percentile":null,"exploratory_score_c":null,"pareto_frontier":null},"geometry":{"type":"Polygon","coordinates":[[[139.4875,35.36666666666667],[139.49375,35.36666666666667],[139.49375,35.37083333333334],[139.4875,35.37083333333334],[139.4875,35.36666666666667]]]},"id":"533903491"},{"type":"Feature","properties":{"mesh_code":"533903493","area_label":"西俣野バス停周辺","area_label_basis":"最寄りの実在公共交通名称（行政地名ではない）","rank":205,"population":51,"elderly_population":15.0,"elderly_ratio":0.29411764705882354,"centroid_lat":35.37291666666667,"centroid_lon":139.490625,"city_area_fraction":0.653680662927484,"disclosure_status":"unaffected","primary_eligible":true,"nearest_station_name":"善行","nearest_station_distance_m":1948.782147244984,"nearest_bus_stop_name":"西俣野","nearest_bus_stop_distance_m":612.2140900347345,"nearest_public_transport_type":"bus_stop","nearest_public_transport_name":"西俣野","nearest_public_transport_distance_m":612.2140900347345,"nearest_medical_name":"神奈川県立総合療育相談センター","nearest_medical_distance_m":641.8735608694587,"nearest_medical_access_class":"likely_public","nearest_hospital_name":"湘南長寿園病院","nearest_hospital_distance_m":2439.0040165579007,"elderly_population_percentile":0.0228136882129277,"transport_distance_percentile":0.973384030418251,"medical_distance_percentile":0.8935361216730038,"exploratory_score_c":0.0198422918198865,"pareto_frontier":false},"geometry":{"type":"Polygon","coordinates":[[[139.4875,35.37083333333334],[139.49375,35.37083333333334],[139.49375,35.375],[139.4875,35.375],[139.4875,35.37083333333334]]]},"id":"533903493"},{"type":"Feature","properties":{"mesh_code":"533903521","area_label":"光友会入口バス停周辺","area_label_basis":"最寄りの実在公共交通名称（行政地名ではない）","rank":null,"population":427,"elderly_population":178.0,"elderly_ratio":0.4168618266978923,"centroid_lat":35.37708333333333,"centroid_lon":139.403125,"city_area_fraction":0.11678703794630114,"disclosure_status":"unaffected","primary_eligible":false,"nearest_station_name":"辻堂","nearest_station_distance_m":5919.350964896881,"nearest_bus_stop_name":"光友会入口","nearest_bus_stop_distance_m":1247.0640115634353,"nearest_public_transport_type":"bus_stop","nearest_public_transport_name":"光友会入口","nearest_public_transport_distance_m":1247.0640115634353,"nearest_medical_name":"湘南希望の郷医務室","nearest_medical_distance_m":975.9505801062411,"nearest_medical_access_class":"uncertain_access","nearest_hospital_name":"藤沢御所見病院","nearest_hospital_distance_m":1962.4060781486428,"elderly_population_percentile":null,"transport_distance_percentile":null,"medical_distance_percentile":null,"exploratory_score_c":null,"pareto_frontier":null},"geometry":{"type":"Polygon","coordinates":[[[139.4,35.375],[139.40625,35.375],[139.40625,35.37916666666667],[139.4,35.37916666666667],[139.4,35.375]]]},"id":"533903521"},{"type":"Feature","properties":{"mesh_code":"533903523","area_label":"獺郷公民館前バス停周辺","area_label_basis":"最寄りの実在公共交通名称（行政地名ではない）","rank":48,"population":365,"elderly_population":115.0,"elderly_ratio":0.3150684931506849,"centroid_lat":35.38125,"centroid_lon":139.403125,"city_area_fraction":0.7086419958728483,"disclosure_status":"unaffected","primary_eligible":true,"nearest_station_name":"湘南台","nearest_station_distance_m":5960.432084236084,"nearest_bus_stop_name":"獺郷公民館前","nearest_bus_stop_distance_m":831.6257607343551,"nearest_public_transport_type":"bus_stop","nearest_public_transport_name":"獺郷公民館前","nearest_public_transport_distance_m":831.6257607343551,"nearest_medical_name":"湘南希望の郷医務室","nearest_medical_distance_m":586.823432151208,"nearest_medical_access_class":"uncertain_access","nearest_hospital_name":"藤沢御所見病院","nearest_hospital_distance_m":1520.6470695308326,"elderly_population_percentile":0.2395437262357414,"transport_distance_percentile":0.9923954372623576,"medical_distance_percentile":0.8326996197718631,"exploratory_score_c":0.1979511030650833,"pareto_frontier":true},"geometry":{"type":"Polygon","coordinates":[[[139.4,35.37916666666667],[139.40625,35.37916666666667],[139.40625,35.38333333333334],[139.4,35.38333333333334],[139.4,35.37916666666667]]]},"id":"533903523"},{"type":"Feature","properties":{"mesh_code":"533903524","area_label":"堂の前バス停周辺","area_label_basis":"最寄りの実在公共交通名称（行政地名ではない）","rank":null,"population":48,"elderly_population":8.0,"elderly_ratio":0.16666666666666666,"centroid_lat":35.38125,"centroid_lon":139.409375,"city_area_fraction":0.5161233965234128,"disclosure_status":"unaffected","primary_eligible":false,"nearest_station_name":"湘南台","nearest_station_distance_m":5417.512703680769,"nearest_bus_stop_name":"堂の前","nearest_bus_stop_distance_m":597.886152412516,"nearest_public_transport_type":"bus_stop","nearest_public_transport_name":"堂の前","nearest_public_transport_distance_m":597.886152412516,"nearest_medical_name":"湘南希望の郷医務室","nearest_medical_distance_m":457.42902616163815,"nearest_medical_access_class":"uncertain_access","nearest_hospital_name":"藤沢御所見病院","nearest_hospital_distance_m":1434.4513280171573,"elderly_population_percentile":null,"transport_distance_percentile":null,"medical_distance_percentile":null,"exploratory_score_c":null,"pareto_frontier":null},"geometry":{"type":"Polygon","coordinates":[[[139.40625,35.37916666666667],[139.4125,35.37916666666667],[139.4125,35.38333333333334],[139.40625,35.38333333333334],[139.40625,35.37916666666667]]]},"id":"533903524"},{"type":"Feature","properties":{"mesh_code":"533903533","area_label":"根下バス停周辺","area_label_basis":"最寄りの実在公共交通名称（行政地名ではない）","rank":null,"population":70,"elderly_population":28.0,"elderly_ratio":0.4,"centroid_lat":35.38125,"centroid_lon":139.415625,"city_area_fraction":0.02790891469240322,"disclosure_status":"unaffected","primary_eligible":false,"nearest_station_name":"湘南台","nearest_station_distance_m":4880.258011947225,"nearest_bus_stop_name":"根下","nearest_bus_stop_distance_m":502.3797818249843,"nearest_public_transport_type":"bus_stop","nearest_public_transport_name":"根下","nearest_public_transport_distance_m":502.3797818249843,"nearest_medical_name":"湘南希望の郷医務室","nearest_medical_distance_m":847.931336684536,"nearest_medical_access_class":"uncertain_access","nearest_hospital_name":"藤沢御所見病院","nearest_hospital_distance_m":1564.5217287857706,"elderly_population_percentile":null,"transport_distance_percentile":null,"medical_distance_percentile":null,"exploratory_score_c":null,"pareto_frontier":null},"geometry":{"type":"Polygon","coordinates":[[[139.4125,35.37916666666667],[139.41875,35.37916666666667],[139.41875,35.38333333333334],[139.4125,35.38333333333334],[139.4125,35.37916666666667]]]},"id":"533903533"},{"type":"Feature","properties":{"mesh_code":"533903541","area_label":"小出一本松バス停周辺","area_label_basis":"最寄りの実在公共交通名称（行政地名ではない）","rank":null,"population":459,"elderly_population":235.0,"elderly_ratio":0.5119825708061002,"centroid_lat":35.37708333333333,"centroid_lon":139.428125,"city_area_fraction":0.042663759574414775,"disclosure_status":"unaffected","primary_eligible":false,"nearest_station_name":"六会日大前","nearest_station_distance_m":3941.0636050245657,"nearest_bus_stop_name":"小出一本松","nearest_bus_stop_distance_m":468.5215049573409,"nearest_public_transport_type":"bus_stop","nearest_public_transport_name":"小出一本松","nearest_public_transport_distance_m":468.5215049573409,"nearest_medical_name":"窪島医院","nearest_medical_distance_m":425.68914492856254,"nearest_medical_access_class":"likely_public","nearest_hospital_name":"医療法人社団　健育会　湘南慶育病院","nearest_hospital_distance_m":1565.2027339394538,"elderly_population_percentile":null,"transport_distance_percentile":null,"medical_distance_percentile":null,"exploratory_score_c":null,"pareto_frontier":null},"geometry":{"type":"Polygon","coordinates":[[[139.425,35.375],[139.43125,35.375],[139.43125,35.37916666666667],[139.425,35.37916666666667],[139.425,35.375]]]},"id":"533903541"},{"type":"Feature","properties":{"mesh_code":"533903542","area_label":"南原バス停周辺","area_label_basis":"最寄りの実在公共交通名称（行政地名ではない）","rank":151,"population":838,"elderly_population":243.0,"elderly_ratio":0.28997613365155134,"centroid_lat":35.37708333333333,"centroid_lon":139.434375,"city_area_fraction":0.9503729865724816,"disclosure_status":"unaffected","primary_eligible":true,"nearest_station_name":"六会日大前","nearest_station_distance_m":3385.0264909235634,"nearest_bus_stop_name":"南原","nearest_bus_stop_distance_m":186.39349784760293,"nearest_public_transport_type":"bus_stop","nearest_public_transport_name":"南原","nearest_public_transport_distance_m":186.39349784760293,"nearest_medical_name":"北見泌尿器科・皮フ科クリニック","nearest_medical_distance_m":200.70333707034376,"nearest_medical_access_class":"likely_public","nearest_hospital_name":"医療法人社団　健育会　湘南慶育病院","nearest_hospital_distance_m":1565.5910778011323,"elderly_population_percentile":0.3821292775665399,"transport_distance_percentile":0.4904942965779467,"medical_distance_percentile":0.2927756653992395,"exploratory_score_c":0.0548755962073825,"pareto_frontier":false},"geometry":{"type":"Polygon","coordinates":[[[139.43125,35.375],[139.4375,35.375],[139.4375,35.37916666666667],[139.43125,35.37916666666667],[139.43125,35.375]]]},"id":"533903542"},{"type":"Feature","properties":{"mesh_code":"533903543","area_label":"刈込バス停周辺","area_label_basis":"最寄りの実在公共交通名称（行政地名ではない）","rank":null,"population":93,"elderly_population":28.0,"elderly_ratio":0.3010752688172043,"centroid_lat":35.38125,"centroid_lon":139.428125,"city_area_fraction":0.02435158291240569,"disclosure_status":"unaffected","primary_eligible":false,"nearest_station_name":"湘南台","nearest_station_distance_m":3832.2586168276202,"nearest_bus_stop_name":"刈込","nearest_bus_stop_distance_m":430.1864488984924,"nearest_public_transport_type":"bus_stop","nearest_public_transport_name":"刈込","nearest_public_transport_distance_m":430.1864488984924,"nearest_medical_name":"特別養護老人ホーム芭蕉苑","nearest_medical_distance_m":517.6627759185109,"nearest_medical_access_class":"likely_public","nearest_hospital_name":"医療法人社団　健育会　湘南慶育病院","nearest_hospital_distance_m":1113.704719140793,"elderly_population_percentile":null,"transport_distance_percentile":null,"medical_distance_percentile":null,"exploratory_score_c":null,"pareto_frontier":null},"geometry":{"type":"Polygon","coordinates":[[[139.425,35.37916666666667],[139.43125,35.37916666666667],[139.43125,35.38333333333334],[139.425,35.38333333333334],[139.425,35.37916666666667]]]},"id":"533903543"},{"type":"Feature","properties":{"mesh_code":"533903544","area_label":"宝泉寺バス停周辺","area_label_basis":"最寄りの実在公共交通名称（行政地名ではない）","rank":218,"population":405,"elderly_population":169.0,"elderly_ratio":0.41728395061728396,"centroid_lat":35.38125,"centroid_lon":139.434375,"city_area_fraction":0.9118187362765976,"disclosure_status":"unaffected","primary_eligible":true,"nearest_station_name":"六会日大前","nearest_station_distance_m":3314.577357121993,"nearest_bus_stop_name":"宝泉寺","nearest_bus_stop_distance_m":231.67530808687513,"nearest_public_transport_type":"bus_stop","nearest_public_transport_name":"宝泉寺","nearest_public_transport_distance_m":231.67530808687513,"nearest_medical_name":"特別養護老人ホーム芭蕉苑","nearest_medical_distance_m":77.44209550259906,"nearest_medical_access_class":"likely_public","nearest_hospital_name":"医療法人社団　健育会　湘南慶育病院","nearest_hospital_distance_m":1114.2506817357307,"elderly_population_percentile":0.3041825095057034,"transport_distance_percentile":0.6083650190114068,"medical_distance_percentile":0.0722433460076045,"exploratory_score_c":0.0133689200204909,"pareto_frontier":false},"geometry":{"type":"Polygon","coordinates":[[[139.43125,35.37916666666667],[139.4375,35.37916666666667],[139.4375,35.38333333333334],[139.43125,35.38333333333334],[139.43125,35.37916666666667]]]},"id":"533903544"},{"type":"Feature","properties":{"mesh_code":"533903551","area_label":"矢尻バス停周辺","area_label_basis":"最寄りの実在公共交通名称（行政地名ではない）","rank":36,"population":2417,"elderly_population":585.0,"elderly_ratio":0.24203558129913116,"centroid_lat":35.37708333333333,"centroid_lon":139.440625,"city_area_fraction":1.0,"disclosure_status":"unaffected","primary_eligible":true,"nearest_station_name":"六会日大前","nearest_station_distance_m":2833.678888105284,"nearest_bus_stop_name":"矢尻","nearest_bus_stop_distance_m":156.65731903841979,"nearest_public_transport_type":"bus_stop","nearest_public_transport_name":"矢尻","nearest_public_transport_distance_m":156.65731903841979,"nearest_medical_name":"伊出診療所","nearest_medical_distance_m":587.9943259113858,"nearest_medical_access_class":"likely_public","nearest_hospital_name":"村田会湘南大庭病院","nearest_hospital_distance_m":1389.1240713148973,"elderly_population_percentile":0.7034220532319392,"transport_distance_percentile":0.3802281368821292,"medical_distance_percentile":0.8365019011406845,"exploratory_score_c":0.2237315151455516,"pareto_frontier":false},"geometry":{"type":"Polygon","coordinates":[[[139.4375,35.375],[139.44375,35.375],[139.44375,35.37916666666667],[139.4375,35.37916666666667],[139.4375,35.375]]]},"id":"533903551"},{"type":"Feature","properties":{"mesh_code":"533903552","area_label":"田方バス停周辺","area_label_basis":"最寄りの実在公共交通名称（行政地名ではない）","rank":193,"population":2126,"elderly_population":303.0,"elderly_ratio":0.1425211665098777,"centroid_lat":35.37708333333333,"centroid_lon":139.446875,"city_area_fraction":0.9999999999999998,"disclosure_status":"unaffected","primary_eligible":true,"nearest_station_name":"六会日大前","nearest_station_distance_m":2290.409666762683,"nearest_bus_stop_name":"田方","nearest_bus_stop_distance_m":362.08806425455174,"nearest_public_transport_type":"bus_stop","nearest_public_transport_name":"田方","nearest_public_transport_distance_m":362.08806425455174,"nearest_medical_name":"伊出診療所","nearest_medical_distance_m":77.25549158668157,"nearest_medical_access_class":"likely_public","nearest_hospital_name":"村田会湘南大庭病院","nearest_hospital_distance_m":1146.5121112996092,"elderly_population_percentile":0.4220532319391635,"transport_distance_percentile":0.8479087452471483,"medical_distance_percentile":0.0684410646387832,"exploratory_score_c":0.024492499139843,"pareto_frontier":false},"geometry":{"type":"Polygon","coordinates":[[[139.44375,35.375],[139.45,35.375],[139.45,35.37916666666667],[139.44375,35.37916666666667],[139.44375,35.375]]]},"id":"533903552"},{"type":"Feature","properties":{"mesh_code":"533903553","area_label":"遠藤松原バス停周辺","area_label_basis":"最寄りの実在公共交通名称（行政地名ではない）","rank":71,"population":564,"elderly_population":148.0,"elderly_ratio":0.2624113475177305,"centroid_lat":35.38125,"centroid_lon":139.440625,"city_area_fraction":1.0,"disclosure_status":"unaffected","primary_eligible":true,"nearest_station_name":"六会日大前","nearest_station_distance_m":2749.1691948669127,"nearest_bus_stop_name":"遠藤松原","nearest_bus_stop_distance_m":275.6715725394016,"nearest_public_transport_type":"bus_stop","nearest_public_transport_name":"遠藤松原","nearest_public_transport_distance_m":275.6715725394016,"nearest_medical_name":"プレス工業株式会社藤沢工場診療所","nearest_medical_distance_m":457.256907144048,"nearest_medical_access_class":"likely_public","nearest_hospital_name":"医療法人社団　健育会　湘南慶育病院","nearest_hospital_distance_m":1373.8952651767106,"elderly_population_percentile":0.2851711026615969,"transport_distance_percentile":0.7300380228136882,"medical_distance_percentile":0.7224334600760456,"exploratory_score_c":0.1504003502305231,"pareto_frontier":false},"geometry":{"type":"Polygon","coordinates":[[[139.4375,35.37916666666667],[139.44375,35.37916666666667],[139.44375,35.38333333333334],[139.4375,35.38333333333334],[139.4375,35.37916666666667]]]},"id":"533903553"},{"type":"Feature","properties":{"mesh_code":"533903554","area_label":"寿照寺前バス停周辺","area_label_basis":"最寄りの実在公共交通名称（行政地名ではない）","rank":235,"population":207,"elderly_population":28.0,"elderly_ratio":0.13526570048309178,"centroid_lat":35.38125,"centroid_lon":139.446875,"city_area_fraction":1.0,"disclosure_status":"unaffected","primary_eligible":true,"nearest_station_name":"六会日大前","nearest_station_distance_m":2185.020597683823,"nearest_bus_stop_name":"寿照寺前","nearest_bus_stop_distance_m":147.11144033131663,"nearest_public_transport_type":"bus_stop","nearest_public_transport_name":"寿照寺前","nearest_public_transport_distance_m":147.11144033131663,"nearest_medical_name":"プレス工業株式会社藤沢工場診療所","nearest_medical_distance_m":314.20895476417724,"nearest_medical_access_class":"likely_public","nearest_hospital_name":"医療法人社団いしずえ　湘南敬愛病院","nearest_hospital_distance_m":1240.7760657993133,"elderly_population_percentile":0.0456273764258555,"transport_distance_percentile":0.3269961977186312,"medical_distance_percentile":0.4904942965779467,"exploratory_score_c":0.0073181644099009,"pareto_frontier":false},"geometry":{"type":"Polygon","coordinates":[[[139.44375,35.37916666666667],[139.45,35.37916666666667],[139.45,35.38333333333334],[139.44375,35.38333333333334],[139.44375,35.37916666666667]]]},"id":"533903554"},{"type":"Feature","properties":{"mesh_code":"533903561","area_label":"石川バス停周辺","area_label_basis":"最寄りの実在公共交通名称（行政地名ではない）","rank":239,"population":2629,"elderly_population":396.0,"elderly_ratio":0.1506276150627615,"centroid_lat":35.37708333333333,"centroid_lon":139.453125,"city_area_fraction":1.0,"disclosure_status":"unaffected","primary_eligible":true,"nearest_station_name":"六会日大前","nearest_station_distance_m":1762.7037689521296,"nearest_bus_stop_name":"石川","nearest_bus_stop_distance_m":107.55745311874793,"nearest_public_transport_type":"bus_stop","nearest_public_transport_name":"石川","nearest_public_transport_distance_m":107.55745311874793,"nearest_medical_name":"高橋まことクリニック","nearest_medical_distance_m":75.01412240935954,"nearest_medical_access_class":"likely_public","nearest_hospital_name":"村田会湘南大庭病院","nearest_hospital_distance_m":1159.4629509932338,"elderly_population_percentile":0.5228136882129277,"transport_distance_percentile":0.1901140684410646,"medical_distance_percentile":0.0570342205323193,"exploratory_score_c":0.0056688728499717,"pareto_frontier":false},"geometry":{"type":"Polygon","coordinates":[[[139.45,35.375],[139.45625,35.375],[139.45625,35.37916666666667],[139.45,35.37916666666667],[139.45,35.375]]]},"id":"533903561"},{"type":"Feature","properties":{"mesh_code":"533903562","area_label":"4号西バス停周辺","area_label_basis":"最寄りの実在公共交通名称（行政地名ではない）","rank":183,"population":1473,"elderly_population":275.0,"elderly_ratio":0.18669382213170402,"centroid_lat":35.37708333333333,"centroid_lon":139.459375,"city_area_fraction":0.9999999999999998,"disclosure_status":"unaffected","primary_eligible":true,"nearest_station_name":"六会日大前","nearest_station_distance_m":1270.1100330292322,"nearest_bus_stop_name":"4号西","nearest_bus_stop_distance_m":70.09923714217105,"nearest_public_transport_type":"bus_stop","nearest_public_transport_name":"4号西","nearest_public_transport_distance_m":70.09923714217105,"nearest_medical_name":"特別養護老人ホームグリーンライフ湘南ホーム診療所","nearest_medical_distance_m":619.7379849778629,"nearest_medical_access_class":"likely_public","nearest_hospital_name":"医療法人社団いしずえ　湘南敬愛病院","nearest_hospital_distance_m":1192.664357228082,"elderly_population_percentile":0.3973384030418251,"transport_distance_percentile":0.0874524714828897,"medical_distance_percentile":0.8631178707224335,"exploratory_score_c":0.0299918142850318,"pareto_frontier":false},"geometry":{"type":"Polygon","coordinates":[[[139.45625,35.375],[139.4625,35.375],[139.4625,35.37916666666667],[139.45625,35.37916666666667],[139.45625,35.375]]]},"id":"533903562"},{"type":"Feature","properties":{"mesh_code":"533903563","area_label":"和泉橋バス停周辺","area_label_basis":"最寄りの実在公共交通名称（行政地名ではない）","rank":127,"population":2473,"elderly_population":406.0,"elderly_ratio":0.16417306914678528,"centroid_lat":35.38125,"centroid_lon":139.453125,"city_area_fraction":1.0,"disclosure_status":"unaffected","primary_eligible":true,"nearest_station_name":"六会日大前","nearest_station_distance_m":1623.4448983816242,"nearest_bus_stop_name":"和泉橋","nearest_bus_stop_distance_m":110.07226802342532,"nearest_public_transport_type":"bus_stop","nearest_public_transport_name":"和泉橋","nearest_public_transport_distance_m":110.07226802342532,"nearest_medical_name":"株式会社ＨＧＳＴジャパン藤沢事業所健康管理室","nearest_medical_distance_m":440.4684045503336,"nearest_medical_access_class":"uncertain_access","nearest_hospital_name":"医療法人社団いしずえ　湘南敬愛病院","nearest_hospital_distance_m":846.9173042235311,"elderly_population_percentile":0.5285171102661597,"transport_distance_percentile":0.1977186311787072,"medical_distance_percentile":0.6996197718631179,"exploratory_score_c":0.0731086427594242,"pareto_frontier":false},"geometry":{"type":"Polygon","coordinates":[[[139.45,35.37916666666667],[139.45625,35.37916666666667],[139.45625,35.38333333333334],[139.45,35.38333333333334],[139.45,35.37916666666667]]]},"id":"533903563"},{"type":"Feature","properties":{"mesh_code":"533903564","area_label":"3号西バス停周辺","area_label_basis":"最寄りの実在公共交通名称（行政地名ではない）","rank":44,"population":1863,"elderly_population":368.0,"elderly_ratio":0.19753086419753085,"centroid_lat":35.38125,"centroid_lon":139.459375,"city_area_fraction":0.9999999999999998,"disclosure_status":"unaffected","primary_eligible":true,"nearest_station_name":"六会日大前","nearest_station_distance_m":1068.506101127157,"nearest_bus_stop_name":"3号西","nearest_bus_stop_distance_m":184.22673769396184,"nearest_public_transport_type":"bus_stop","nearest_public_transport_name":"3号西","nearest_public_transport_distance_m":184.22673769396184,"nearest_medical_name":"株式会社ＨＧＳＴジャパン藤沢事業所健康管理室","nearest_medical_distance_m":606.2724904405143,"nearest_medical_access_class":"uncertain_access","nearest_hospital_name":"医療法人社団いしずえ　湘南敬愛病院","nearest_hospital_distance_m":734.7473636255744,"elderly_population_percentile":0.494296577946768,"transport_distance_percentile":0.4790874524714829,"medical_distance_percentile":0.8479087452471483,"exploratory_score_c":0.200794362317632,"pareto_frontier":false},"geometry":{"type":"Polygon","coordinates":[[[139.45625,35.37916666666667],[139.4625,35.37916666666667],[139.4625,35.38333333333334],[139.45625,35.38333333333334],[139.45625,35.37916666666667]]]},"id":"533903564"},{"type":"Feature","properties":{"mesh_code":"533903571","area_label":"天神町8号バス停周辺","area_label_basis":"最寄りの実在公共交通名称（行政地名ではない）","rank":64,"population":750,"elderly_population":207.0,"elderly_ratio":0.276,"centroid_lat":35.37708333333333,"centroid_lon":139.465625,"city_area_fraction":1.0,"disclosure_status":"unaffected","primary_eligible":true,"nearest_station_name":"六会日大前","nearest_station_distance_m":874.1511682406629,"nearest_bus_stop_name":"天神町8号","nearest_bus_stop_distance_m":268.56042221085784,"nearest_public_transport_type":"bus_stop","nearest_public_transport_name":"天神町8号","nearest_public_transport_distance_m":268.56042221085784,"nearest_medical_name":"特別養護老人ホームグリーンライフ湘南ホーム診療所","nearest_medical_distance_m":382.59163530412263,"nearest_medical_access_class":"likely_public","nearest_hospital_name":"医療法人社団いしずえ　湘南敬愛病院","nearest_hospital_distance_m":1374.735181198411,"elderly_population_percentile":0.3612167300380228,"transport_distance_percentile":0.7110266159695817,"medical_distance_percentile":0.6159695817490495,"exploratory_score_c":0.1582023683987315,"pareto_frontier":false},"geometry":{"type":"Polygon","coordinates":[[[139.4625,35.375],[139.46875,35.375],[139.46875,35.37916666666667],[139.4625,35.37916666666667],[139.4625,35.375]]]},"id":"533903571"},{"type":"Feature","properties":{"mesh_code":"533903572","area_label":"西谷バス停周辺","area_label_basis":"最寄りの実在公共交通名称（行政地名ではない）","rank":111,"population":233,"elderly_population":108.0,"elderly_ratio":0.463519313304721,"centroid_lat":35.37708333333333,"centroid_lon":139.471875,"city_area_fraction":1.0,"disclosure_status":"unaffected","primary_eligible":true,"nearest_station_name":"六会日大前","nearest_station_distance_m":748.3354651493796,"nearest_bus_stop_name":"西谷","nearest_bus_stop_distance_m":573.6666339240022,"nearest_public_transport_type":"bus_stop","nearest_public_transport_name":"西谷","nearest_public_transport_distance_m":573.6666339240022,"nearest_medical_name":"特別養護老人ホーム睦愛園医務室","nearest_medical_distance_m":282.4640470608586,"nearest_medical_access_class":"uncertain_access","nearest_hospital_name":"医療法人社団いしずえ　湘南敬愛病院","nearest_hospital_distance_m":1732.6909082604573,"elderly_population_percentile":0.2205323193916349,"transport_distance_percentile":0.9543726235741444,"medical_distance_percentile":0.4372623574144487,"exploratory_score_c":0.0920306119683607,"pareto_frontier":false},"geometry":{"type":"Polygon","coordinates":[[[139.46875,35.375],[139.475,35.375],[139.475,35.37916666666667],[139.46875,35.37916666666667],[139.46875,35.375]]]},"id":"533903572"},{"type":"Feature","properties":{"mesh_code":"533903573","area_label":"保育園前バス停周辺","area_label_basis":"最寄りの実在公共交通名称（行政地名ではない）","rank":94,"population":1957,"elderly_population":478.0,"elderly_ratio":0.24425140521205926,"centroid_lat":35.38125,"centroid_lon":139.465625,"city_area_fraction":1.0,"disclosure_status":"unaffected","primary_eligible":true,"nearest_station_name":"六会日大前","nearest_station_distance_m":541.0267361201437,"nearest_bus_stop_name":"保育園前","nearest_bus_stop_distance_m":127.19450356724506,"nearest_public_transport_type":"bus_stop","nearest_public_transport_name":"保育園前","nearest_public_transport_distance_m":127.19450356724506,"nearest_medical_name":"今村内科クリニック","nearest_medical_distance_m":522.0222750719972,"nearest_medical_access_class":"likely_public","nearest_hospital_name":"医療法人社団いしずえ　湘南敬愛病院","nearest_hospital_distance_m":1003.6327126626973,"elderly_population_percentile":0.5798479087452472,"transport_distance_percentile":0.2585551330798479,"medical_distance_percentile":0.7908745247148289,"exploratory_score_c":0.1185700071027884,"pareto_frontier":false},"geometry":{"type":"Polygon","coordinates":[[[139.4625,35.37916666666667],[139.46875,35.37916666666667],[139.46875,35.38333333333334],[139.4625,35.38333333333334],[139.4625,35.37916666666667]]]},"id":"533903573"},{"type":"Feature","properties":{"mesh_code":"533903574","area_label":"西谷バス停周辺","area_label_basis":"最寄りの実在公共交通名称（行政地名ではない）","rank":153,"population":2032,"elderly_population":460.0,"elderly_ratio":0.2263779527559055,"centroid_lat":35.38125,"centroid_lon":139.471875,"city_area_fraction":1.0000000000000002,"disclosure_status":"unaffected","primary_eligible":true,"nearest_station_name":"六会日大前","nearest_station_distance_m":297.6345844765974,"nearest_bus_stop_name":"西谷","nearest_bus_stop_distance_m":257.9603322226671,"nearest_public_transport_type":"bus_stop","nearest_public_transport_name":"西谷","nearest_public_transport_distance_m":257.9603322226671,"nearest_medical_name":"むつあい内科クリニック","nearest_medical_distance_m":111.71966164482643,"nearest_medical_access_class":"likely_public","nearest_hospital_name":"医療法人社団いしずえ　湘南敬愛病院","nearest_hospital_distance_m":1455.864969982035,"elderly_population_percentile":0.5703422053231939,"transport_distance_percentile":0.6730038022813688,"medical_distance_percentile":0.1368821292775665,"exploratory_score_c":0.0525411749818472,"pareto_frontier":false},"geometry":{"type":"Polygon","coordinates":[[[139.46875,35.37916666666667],[139.475,35.37916666666667],[139.475,35.38333333333334],[139.46875,35.38333333333334],[139.46875,35.37916666666667]]]},"id":"533903574"},{"type":"Feature","properties":{"mesh_code":"533903581","area_label":"下屋敷バス停周辺","area_label_basis":"最寄りの実在公共交通名称（行政地名ではない）","rank":208,"population":115,"elderly_population":34.0,"elderly_ratio":0.2956521739130435,"centroid_lat":35.37708333333333,"centroid_lon":139.478125,"city_area_fraction":1.0000000000000002,"disclosure_status":"unaffected","primary_eligible":true,"nearest_station_name":"六会日大前","nearest_station_distance_m":1000.3877792261211,"nearest_bus_stop_name":"下屋敷","nearest_bus_stop_distance_m":487.563041817287,"nearest_public_transport_type":"bus_stop","nearest_public_transport_name":"下屋敷","nearest_public_transport_distance_m":487.563041817287,"nearest_medical_name":"佐藤クリニック","nearest_medical_distance_m":240.08884316826428,"nearest_medical_access_class":"likely_public","nearest_hospital_name":"湘南第一病院","nearest_hospital_distance_m":2174.868720061006,"elderly_population_percentile":0.0570342205323193,"transport_distance_percentile":0.9277566539923956,"medical_distance_percentile":0.3612167300380228,"exploratory_score_c":0.0191133778417956,"pareto_frontier":false},"geometry":{"type":"Polygon","coordinates":[[[139.475,35.375],[139.48125,35.375],[139.48125,35.37916666666667],[139.475,35.37916666666667],[139.475,35.375]]]},"id":"533903581"},{"type":"Feature","properties":{"mesh_code":"533903582","area_label":"俣野原バス停周辺","area_label_basis":"最寄りの実在公共交通名称（行政地名ではない）","rank":226,"population":353,"elderly_population":103.0,"elderly_ratio":0.29178470254957506,"centroid_lat":35.37708333333333,"centroid_lon":139.484375,"city_area_fraction":1.0,"disclosure_status":"unaffected","primary_eligible":true,"nearest_station_name":"六会日大前","nearest_station_distance_m":1444.454432153871,"nearest_bus_stop_name":"俣野原","nearest_bus_stop_distance_m":89.35909187455128,"nearest_public_transport_type":"bus_stop","nearest_public_transport_name":"俣野原","nearest_public_transport_distance_m":89.35909187455128,"nearest_medical_name":"神奈川県立総合療育相談センター","nearest_medical_distance_m":227.75596054588527,"nearest_medical_access_class":"likely_public","nearest_hospital_name":"湘南第一病院","nearest_hospital_distance_m":2451.2420975306445,"elderly_population_percentile":0.2129277566539923,"transport_distance_percentile":0.1330798479087452,"medical_distance_percentile":0.3269961977186312,"exploratory_score_c":0.0092658929220968,"pareto_frontier":false},"geometry":{"type":"Polygon","coordinates":[[[139.48125,35.375],[139.4875,35.375],[139.4875,35.37916666666667],[139.48125,35.37916666666667],[139.48125,35.375]]]},"id":"533903582"},{"type":"Feature","properties":{"mesh_code":"533903583","area_label":"亀井野バス停周辺","area_label_basis":"最寄りの実在公共交通名称（行政地名ではない）","rank":49,"population":1590,"elderly_population":383.0,"elderly_ratio":0.2408805031446541,"centroid_lat":35.38125,"centroid_lon":139.478125,"city_area_fraction":1.0,"disclosure_status":"unaffected","primary_eligible":true,"nearest_station_name":"六会日大前","nearest_station_distance_m":727.5531875681696,"nearest_bus_stop_name":"亀井野","nearest_bus_stop_distance_m":251.70108736465883,"nearest_public_transport_type":"bus_stop","nearest_public_transport_name":"亀井野","nearest_public_transport_distance_m":251.70108736465883,"nearest_medical_name":"杉田外科","nearest_medical_distance_m":378.5104306301162,"nearest_medical_access_class":"likely_public","nearest_hospital_name":"湘南第一病院","nearest_hospital_distance_m":1757.7915515776242,"elderly_population_percentile":0.5057034220532319,"transport_distance_percentile":0.6501901140684411,"medical_distance_percentile":0.6007604562737643,"exploratory_score_c":0.1975320599840133,"pareto_frontier":false},"geometry":{"type":"Polygon","coordinates":[[[139.475,35.37916666666667],[139.48125,35.37916666666667],[139.48125,35.38333333333334],[139.475,35.38333333333334],[139.475,35.37916666666667]]]},"id":"533903583"},{"type":"Feature","properties":{"mesh_code":"533903584","area_label":"下屋敷バス停周辺","area_label_basis":"最寄りの実在公共交通名称（行政地名ではない）","rank":63,"population":450,"elderly_population":136.0,"elderly_ratio":0.3022222222222222,"centroid_lat":35.38125,"centroid_lon":139.484375,"city_area_fraction":0.9019204147348713,"disclosure_status":"unaffected","primary_eligible":true,"nearest_station_name":"六会日大前","nearest_station_distance_m":1270.8071979139675,"nearest_bus_stop_name":"下屋敷","nearest_bus_stop_distance_m":249.49649657952256,"nearest_public_transport_type":"bus_stop","nearest_public_transport_name":"下屋敷","nearest_public_transport_distance_m":249.49649657952256,"nearest_medical_name":"神奈川県立総合療育相談センター","nearest_medical_distance_m":688.763152330941,"nearest_medical_access_class":"likely_public","nearest_hospital_name":"湘南第一病院","nearest_hospital_distance_m":2090.0478496458795,"elderly_population_percentile":0.2699619771863117,"transport_distance_percentile":0.6425855513307985,"medical_distance_percentile":0.9163498098859316,"exploratory_score_c":0.1589625608122322,"pareto_frontier":false},"geometry":{"type":"Polygon","coordinates":[[[139.48125,35.37916666666667],[139.4875,35.37916666666667],[139.4875,35.38333333333334],[139.48125,35.38333333333334],[139.48125,35.37916666666667]]]},"id":"533903584"},{"type":"Feature","properties":{"mesh_code":"533903591","area_label":"西俣野バス停周辺","area_label_basis":"最寄りの実在公共交通名称（行政地名ではない）","rank":161,"population":174,"elderly_population":50.0,"elderly_ratio":0.28735632183908044,"centroid_lat":35.37708333333333,"centroid_lon":139.490625,"city_area_fraction":0.8853453632719884,"disclosure_status":"unaffected","primary_eligible":true,"nearest_station_name":"六会日大前","nearest_station_distance_m":1953.7205019982962,"nearest_bus_stop_name":"西俣野","nearest_bus_stop_distance_m":185.32794783464018,"nearest_public_transport_type":"bus_stop","nearest_public_transport_name":"西俣野","nearest_public_transport_distance_m":185.32794783464018,"nearest_medical_name":"神奈川県立総合療育相談センター","nearest_medical_distance_m":638.1004383591296,"nearest_medical_access_class":"likely_public","nearest_hospital_name":"湘南第一病院","nearest_hospital_distance_m":2816.368800039843,"elderly_population_percentile":0.1026615969581749,"transport_distance_percentile":0.4828897338403042,"medical_distance_percentile":0.8821292775665399,"exploratory_score_c":0.0437308807815013,"pareto_frontier":false},"geometry":{"type":"Polygon","coordinates":[[[139.4875,35.375],[139.49375,35.375],[139.49375,35.37916666666667],[139.4875,35.37916666666667],[139.4875,35.375]]]},"id":"533903591"},{"type":"Feature","properties":{"mesh_code":"533903593","area_label":"西俣野バス停周辺","area_label_basis":"最寄りの実在公共交通名称（行政地名ではない）","rank":null,"population":235,"elderly_population":69.0,"elderly_ratio":0.2936170212765957,"centroid_lat":35.38125,"centroid_lon":139.490625,"city_area_fraction":0.22597867174282893,"disclosure_status":"unaffected","primary_eligible":false,"nearest_station_name":"六会日大前","nearest_station_distance_m":1829.053680151559,"nearest_bus_stop_name":"西俣野","nearest_bus_stop_distance_m":348.16571825494356,"nearest_public_transport_type":"bus_stop","nearest_public_transport_name":"西俣野","nearest_public_transport_distance_m":348.16571825494356,"nearest_medical_name":"神奈川県立総合療育相談センター","nearest_medical_distance_m":910.8653138278684,"nearest_medical_access_class":"likely_public","nearest_hospital_name":"湘南第一病院","nearest_hospital_distance_m":2508.2956866365157,"elderly_population_percentile":null,"transport_distance_percentile":null,"medical_distance_percentile":null,"exploratory_score_c":null,"pareto_frontier":null},"geometry":{"type":"Polygon","coordinates":[[[139.4875,35.37916666666667],[139.49375,35.37916666666667],[139.49375,35.38333333333334],[139.4875,35.38333333333334],[139.4875,35.37916666666667]]]},"id":"533903593"},{"type":"Feature","properties":{"mesh_code":"533903612","area_label":"獺郷バス停周辺","area_label_basis":"最寄りの実在公共交通名称（行政地名ではない）","rank":null,"population":623,"elderly_population":240.0,"elderly_ratio":0.3852327447833066,"centroid_lat":35.38541666666667,"centroid_lon":139.396875,"city_area_fraction":0.006692527566789669,"disclosure_status":"unaffected","primary_eligible":false,"nearest_station_name":"湘南台","nearest_station_distance_m":6404.900947445316,"nearest_bus_stop_name":"獺郷","nearest_bus_stop_distance_m":771.6034348342025,"nearest_public_transport_type":"bus_stop","nearest_public_transport_name":"獺郷","nearest_public_transport_distance_m":771.6034348342025,"nearest_medical_name":"湘南希望の郷医務室","nearest_medical_distance_m":971.3549926137212,"nearest_medical_access_class":"uncertain_access","nearest_hospital_name":"藤沢御所見病院","nearest_hospital_distance_m":1449.310515091792,"elderly_population_percentile":null,"transport_distance_percentile":null,"medical_distance_percentile":null,"exploratory_score_c":null,"pareto_frontier":null},"geometry":{"type":"Polygon","coordinates":[[[139.39375,35.38333333333333],[139.4,35.38333333333333],[139.4,35.3875],[139.39375,35.3875],[139.39375,35.38333333333333]]]},"id":"533903612"},{"type":"Feature","properties":{"mesh_code":"533903614","area_label":"獺郷バス停周辺","area_label_basis":"最寄りの実在公共交通名称（行政地名ではない）","rank":null,"population":285,"elderly_population":78.0,"elderly_ratio":0.2736842105263158,"centroid_lat":35.389583333333334,"centroid_lon":139.396875,"city_area_fraction":0.18258985568416894,"disclosure_status":"unaffected","primary_eligible":false,"nearest_station_name":"湘南台","nearest_station_distance_m":6334.3515446056235,"nearest_bus_stop_name":"獺郷","nearest_bus_stop_distance_m":652.9113179208692,"nearest_public_transport_type":"bus_stop","nearest_public_transport_name":"獺郷","nearest_public_transport_distance_m":652.9113179208692,"nearest_medical_name":"湘南希望の郷医務室","nearest_medical_distance_m":1090.8945483271318,"nearest_medical_access_class":"uncertain_access","nearest_hospital_name":"藤沢御所見病院","nearest_hospital_distance_m":1190.1516809840382,"elderly_population_percentile":null,"transport_distance_percentile":null,"medical_distance_percentile":null,"exploratory_score_c":null,"pareto_frontier":null},"geometry":{"type":"Polygon","coordinates":[[[139.39375,35.3875],[139.4,35.3875],[139.4,35.39166666666667],[139.39375,35.39166666666667],[139.39375,35.3875]]]},"id":"533903614"},{"type":"Feature","properties":{"mesh_code":"533903621","area_label":"獺郷バス停周辺","area_label_basis":"最寄りの実在公共交通名称（行政地名ではない）","rank":117,"population":189,"elderly_population":74.0,"elderly_ratio":0.3915343915343915,"centroid_lat":35.38541666666667,"centroid_lon":139.403125,"city_area_fraction":0.8811055157512153,"disclosure_status":"unaffected","primary_eligible":true,"nearest_station_name":"湘南台","nearest_station_distance_m":5848.163707407783,"nearest_bus_stop_name":"獺郷","nearest_bus_stop_distance_m":422.2923357726906,"nearest_public_transport_type":"bus_stop","nearest_public_transport_name":"獺郷","nearest_public_transport_distance_m":422.2923357726906,"nearest_medical_name":"湘南希望の郷医務室","nearest_medical_distance_m":404.4534411177622,"nearest_medical_access_class":"uncertain_access","nearest_hospital_name":"藤沢御所見病院","nearest_hospital_distance_m":1095.917588074493,"elderly_population_percentile":0.150190114068441,"transport_distance_percentile":0.8973384030418251,"medical_distance_percentile":0.6463878326996197,"exploratory_score_c":0.0871145654328652,"pareto_frontier":false},"geometry":{"type":"Polygon","coordinates":[[[139.4,35.38333333333333],[139.40625,35.38333333333333],[139.40625,35.3875],[139.4,35.3875],[139.4,35.38333333333333]]]},"id":"533903621"},{"type":"Feature","properties":{"mesh_code":"533903622","area_label":"光友会入口バス停周辺","area_label_basis":"最寄りの実在公共交通名称（行政地名ではない）","rank":216,"population":286,"elderly_population":93.0,"elderly_ratio":0.32517482517482516,"centroid_lat":35.38541666666667,"centroid_lon":139.409375,"city_area_fraction":1.0,"disclosure_status":"unaffected","primary_eligible":true,"nearest_station_name":"湘南台","nearest_station_distance_m":5293.772791196281,"nearest_bus_stop_name":"光友会入口","nearest_bus_stop_distance_m":165.42176073706023,"nearest_public_transport_type":"bus_stop","nearest_public_transport_name":"光友会入口","nearest_public_transport_distance_m":165.42176073706023,"nearest_medical_name":"湘南希望の郷医務室","nearest_medical_distance_m":168.72819985389637,"nearest_medical_access_class":"uncertain_access","nearest_hospital_name":"藤沢御所見病院","nearest_hospital_distance_m":972.7960541229442,"elderly_population_percentile":0.1939163498098859,"transport_distance_percentile":0.3954372623574144,"medical_distance_percentile":0.2129277566539923,"exploratory_score_c":0.0163276731092364,"pareto_frontier":false},"geometry":{"type":"Polygon","coordinates":[[[139.40625,35.38333333333333],[139.4125,35.38333333333333],[139.4125,35.3875],[139.40625,35.3875],[139.40625,35.38333333333333]]]},"id":"533903622"},{"type":"Feature","properties":{"mesh_code":"533903623","area_label":"獺郷バス停周辺","area_label_basis":"最寄りの実在公共交通名称（行政地名ではない）","rank":157,"population":659,"elderly_population":196.0,"elderly_ratio":0.29742033383915023,"centroid_lat":35.389583333333334,"centroid_lon":139.403125,"city_area_fraction":0.7134901687423254,"disclosure_status":"unaffected","primary_eligible":true,"nearest_station_name":"湘南台","nearest_station_distance_m":5770.8425217768745,"nearest_bus_stop_name":"獺郷","nearest_bus_stop_distance_m":96.29997761709623,"nearest_public_transport_type":"bus_stop","nearest_public_transport_name":"獺郷","nearest_public_transport_distance_m":96.29997761709623,"nearest_medical_name":"湘南希望の郷医務室","nearest_medical_distance_m":640.4240429266334,"nearest_medical_access_class":"uncertain_access","nearest_hospital_name":"藤沢御所見病院","nearest_hospital_distance_m":719.0563595931949,"elderly_population_percentile":0.3422053231939163,"transport_distance_percentile":0.155893536121673,"medical_distance_percentile":0.8897338403041825,"exploratory_score_c":0.047465163161567,"pareto_frontier":false},"geometry":{"type":"Polygon","coordinates":[[[139.4,35.3875],[139.40625,35.3875],[139.40625,35.39166666666667],[139.4,35.39166666666667],[139.4,35.3875]]]},"id":"533903623"},{"type":"Feature","properties":{"mesh_code":"533903624","area_label":"獺郷公民館前バス停周辺","area_label_basis":"最寄りの実在公共交通名称（行政地名ではない）","rank":148,"population":148,"elderly_population":45.0,"elderly_ratio":0.30405405405405406,"centroid_lat":35.389583333333334,"centroid_lon":139.409375,"city_area_fraction":0.9999999999999998,"disclosure_status":"unaffected","primary_eligible":true,"nearest_station_name":"湘南台","nearest_station_distance_m":5208.258171442145,"nearest_bus_stop_name":"獺郷公民館前","nearest_bus_stop_distance_m":299.38598263751805,"nearest_public_transport_type":"bus_stop","nearest_public_transport_name":"獺郷公民館前","nearest_public_transport_distance_m":299.38598263751805,"nearest_medical_name":"藤沢御所見病院","nearest_medical_distance_m":512.20339838052,"nearest_medical_access_class":"likely_public","nearest_hospital_name":"藤沢御所見病院","nearest_hospital_distance_m":512.20339838052,"elderly_population_percentile":0.0950570342205323,"transport_distance_percentile":0.7604562737642585,"medical_distance_percentile":0.7870722433460076,"exploratory_score_c":0.0568948693306255,"pareto_frontier":false},"geometry":{"type":"Polygon","coordinates":[[[139.40625,35.3875],[139.4125,35.3875],[139.4125,35.39166666666667],[139.40625,35.39166666666667],[139.40625,35.3875]]]},"id":"533903624"},{"type":"Feature","properties":{"mesh_code":"533903631","area_label":"根下バス停周辺","area_label_basis":"最寄りの実在公共交通名称（行政地名ではない）","rank":173,"population":118,"elderly_population":35.0,"elderly_ratio":0.2966101694915254,"centroid_lat":35.38541666666667,"centroid_lon":139.415625,"city_area_fraction":0.7800054987826984,"disclosure_status":"unaffected","primary_eligible":true,"nearest_station_name":"湘南台","nearest_station_distance_m":4742.550992942942,"nearest_bus_stop_name":"根下","nearest_bus_stop_distance_m":230.76062619283354,"nearest_public_transport_type":"bus_stop","nearest_public_transport_name":"根下","nearest_public_transport_distance_m":230.76062619283354,"nearest_medical_name":"湘南希望の郷医務室","nearest_medical_distance_m":733.613882862391,"nearest_medical_access_class":"uncertain_access","nearest_hospital_name":"藤沢御所見病院","nearest_hospital_distance_m":1156.023497732397,"elderly_population_percentile":0.0627376425855513,"transport_distance_percentile":0.6045627376425855,"medical_distance_percentile":0.9429657794676806,"exploratory_score_c":0.0357655990752137,"pareto_frontier":false},"geometry":{"type":"Polygon","coordinates":[[[139.4125,35.38333333333333],[139.41875,35.38333333333333],[139.41875,35.3875],[139.4125,35.3875],[139.4125,35.38333333333333]]]},"id":"533903631"},{"type":"Feature","properties":{"mesh_code":"533903632","area_label":"矢崎バス停周辺","area_label_basis":"最寄りの実在公共交通名称（行政地名ではない）","rank":245,"population":39,"elderly_population":13.0,"elderly_ratio":0.3333333333333333,"centroid_lat":35.38541666666667,"centroid_lon":139.421875,"city_area_fraction":0.788774185549676,"disclosure_status":"unaffected","primary_eligible":true,"nearest_station_name":"湘南台","nearest_station_distance_m":4195.747413708139,"nearest_bus_stop_name":"矢崎","nearest_bus_stop_distance_m":159.98626234714308,"nearest_public_transport_type":"bus_stop","nearest_public_transport_name":"矢崎","nearest_public_transport_distance_m":159.98626234714308,"nearest_medical_name":"慶應義塾湘南藤沢診療所","nearest_medical_distance_m":553.9404426891039,"nearest_medical_access_class":"likely_public","nearest_hospital_name":"医療法人社団　健育会　湘南慶育病院","nearest_hospital_distance_m":1049.6292760427204,"elderly_population_percentile":0.0152091254752851,"transport_distance_percentile":0.3840304182509506,"medical_distance_percentile":0.8136882129277566,"exploratory_score_c":0.0047525631138633,"pareto_frontier":false},"geometry":{"type":"Polygon","coordinates":[[[139.41875,35.38333333333333],[139.425,35.38333333333333],[139.425,35.3875],[139.41875,35.3875],[139.41875,35.38333333333333]]]},"id":"533903632"},{"type":"Feature","properties":{"mesh_code":"533903633","area_label":"荒井バス停周辺","area_label_basis":"最寄りの実在公共交通名称（行政地名ではない）","rank":182,"population":161,"elderly_population":63.0,"elderly_ratio":0.391304347826087,"centroid_lat":35.389583333333334,"centroid_lon":139.415625,"city_area_fraction":1.0,"disclosure_status":"unaffected","primary_eligible":true,"nearest_station_name":"湘南台","nearest_station_distance_m":4646.934228511149,"nearest_bus_stop_name":"荒井","nearest_bus_stop_distance_m":128.81164719506344,"nearest_public_transport_type":"bus_stop","nearest_public_transport_name":"荒井","nearest_public_transport_distance_m":128.81164719506344,"nearest_medical_name":"藤沢御所見病院","nearest_medical_distance_m":807.7071201676466,"nearest_medical_access_class":"likely_public","nearest_hospital_name":"藤沢御所見病院","nearest_hospital_distance_m":807.7071201676466,"elderly_population_percentile":0.11787072243346,"transport_distance_percentile":0.2661596958174905,"medical_distance_percentile":0.9619771863117872,"exploratory_score_c":0.0301795673538229,"pareto_frontier":false},"geometry":{"type":"Polygon","coordinates":[[[139.4125,35.3875],[139.41875,35.3875],[139.41875,35.39166666666667],[139.4125,35.39166666666667],[139.4125,35.3875]]]},"id":"533903633"},{"type":"Feature","properties":{"mesh_code":"533903634","area_label":"遠藤西の谷バス停周辺","area_label_basis":"最寄りの実在公共交通名称（行政地名ではない）","rank":232,"population":25,"elderly_population":11.0,"elderly_ratio":0.44,"centroid_lat":35.389583333333334,"centroid_lon":139.421875,"city_area_fraction":1.0,"disclosure_status":"unaffected","primary_eligible":true,"nearest_station_name":"湘南台","nearest_station_distance_m":4087.389874465126,"nearest_bus_stop_name":"遠藤西の谷","nearest_bus_stop_distance_m":429.2439485867648,"nearest_public_transport_type":"bus_stop","nearest_public_transport_name":"遠藤西の谷","nearest_public_transport_distance_m":429.2439485867648,"nearest_medical_name":"慶應義塾湘南藤沢診療所","nearest_medical_distance_m":487.2503693539082,"nearest_medical_access_class":"likely_public","nearest_hospital_name":"医療法人社団　健育会　湘南慶育病院","nearest_hospital_distance_m":864.1994878873511,"elderly_population_percentile":0.0114068441064638,"transport_distance_percentile":0.9049429657794676,"medical_distance_percentile":0.7490494296577946,"exploratory_score_c":0.0077320951983643,"pareto_frontier":false},"geometry":{"type":"Polygon","coordinates":[[[139.41875,35.3875],[139.425,35.3875],[139.425,35.39166666666667],[139.41875,35.39166666666667],[139.41875,35.3875]]]},"id":"533903634"},{"type":"Feature","properties":{"mesh_code":"533903641","area_label":"慶応中高降車場バス停周辺","area_label_basis":"最寄りの実在公共交通名称（行政地名ではない）","rank":247,"population":73,"elderly_population":20.0,"elderly_ratio":0.273972602739726,"centroid_lat":35.38541666666667,"centroid_lon":139.428125,"city_area_fraction":0.8251342295166736,"disclosure_status":"unaffected","primary_eligible":true,"nearest_station_name":"湘南台","nearest_station_distance_m":3655.345215326853,"nearest_bus_stop_name":"慶応中高降車場","nearest_bus_stop_distance_m":146.84552986874778,"nearest_public_transport_type":"bus_stop","nearest_public_transport_name":"慶応中高降車場","nearest_public_transport_distance_m":146.84552986874778,"nearest_medical_name":"慶應義塾湘南藤沢診療所","nearest_medical_distance_m":324.1115700314255,"nearest_medical_access_class":"likely_public","nearest_hospital_name":"医療法人社団　健育会　湘南慶育病院","nearest_hospital_distance_m":676.8702021304395,"elderly_population_percentile":0.026615969581749,"transport_distance_percentile":0.3231939163498099,"medical_distance_percentile":0.5057034220532319,"exploratory_score_c":0.0043501212410425,"pareto_frontier":false},"geometry":{"type":"Polygon","coordinates":[[[139.425,35.38333333333333],[139.43125,35.38333333333333],[139.43125,35.3875],[139.425,35.3875],[139.425,35.38333333333333]]]},"id":"533903641"},{"type":"Feature","properties":{"mesh_code":"533903642","area_label":"宝泉寺バス停周辺","area_label_basis":"最寄りの実在公共交通名称（行政地名ではない）","rank":140,"population":353,"elderly_population":76.0,"elderly_ratio":0.21529745042492918,"centroid_lat":35.38541666666667,"centroid_lon":139.434375,"city_area_fraction":1.0,"disclosure_status":"unaffected","primary_eligible":true,"nearest_station_name":"湘南台","nearest_station_distance_m":3124.6673024021616,"nearest_bus_stop_name":"宝泉寺","nearest_bus_stop_distance_m":294.24010680410447,"nearest_public_transport_type":"bus_stop","nearest_public_transport_name":"宝泉寺","nearest_public_transport_distance_m":294.24010680410447,"nearest_medical_name":"医療法人誠翔会　セントジョージクリニック","nearest_medical_distance_m":319.16612363092946,"nearest_medical_access_class":"likely_public","nearest_hospital_name":"医療法人社団　健育会　湘南慶育病院","nearest_hospital_distance_m":677.7683882261616,"elderly_population_percentile":0.1596958174904943,"transport_distance_percentile":0.7566539923954373,"medical_distance_percentile":0.4980988593155893,"exploratory_score_c":0.0601875155945538,"pareto_frontier":false},"geometry":{"type":"Polygon","coordinates":[[[139.43125,35.38333333333333],[139.4375,35.38333333333333],[139.4375,35.3875],[139.43125,35.3875],[139.43125,35.38333333333333]]]},"id":"533903642"},{"type":"Feature","properties":{"mesh_code":"533903643","area_label":"遠藤打越バス停周辺","area_label_basis":"最寄りの実在公共交通名称（行政地名ではない）","rank":240,"population":63,"elderly_population":30.0,"elderly_ratio":0.47619047619047616,"centroid_lat":35.389583333333334,"centroid_lon":139.428125,"city_area_fraction":1.0,"disclosure_status":"unaffected","primary_eligible":true,"nearest_station_name":"湘南台","nearest_station_distance_m":3530.4712047172725,"nearest_bus_stop_name":"遠藤打越","nearest_bus_stop_distance_m":170.32792718053616,"nearest_public_transport_type":"bus_stop","nearest_public_transport_name":"遠藤打越","nearest_public_transport_distance_m":170.32792718053616,"nearest_medical_name":"慶應義塾湘南藤沢診療所","nearest_medical_distance_m":188.7369394833453,"nearest_medical_access_class":"likely_public","nearest_hospital_name":"医療法人社団　健育会　湘南慶育病院","nearest_hospital_distance_m":321.41202417696417,"elderly_population_percentile":0.0513307984790874,"transport_distance_percentile":0.4144486692015209,"medical_distance_percentile":0.2585551330798479,"exploratory_score_c":0.005500497019286,"pareto_frontier":false},"geometry":{"type":"Polygon","coordinates":[[[139.425,35.3875],[139.43125,35.3875],[139.43125,35.39166666666667],[139.425,35.39166666666667],[139.425,35.3875]]]},"id":"533903643"},{"type":"Feature","properties":{"mesh_code":"533903644","area_label":"諸之木バス停周辺","area_label_basis":"最寄りの実在公共交通名称（行政地名ではない）","rank":214,"population":250,"elderly_population":71.0,"elderly_ratio":0.284,"centroid_lat":35.389583333333334,"centroid_lon":139.434375,"city_area_fraction":1.0,"disclosure_status":"unaffected","primary_eligible":true,"nearest_station_name":"湘南台","nearest_station_distance_m":2977.651680090209,"nearest_bus_stop_name":"諸之木","nearest_bus_stop_distance_m":250.60860860954,"nearest_public_transport_type":"bus_stop","nearest_public_transport_name":"諸之木","nearest_public_transport_distance_m":250.60860860954,"nearest_medical_name":"医療法人誠翔会　セントジョージクリニック","nearest_medical_distance_m":160.79531674890572,"nearest_medical_access_class":"likely_public","nearest_hospital_name":"医療法人社団　健育会　湘南慶育病院","nearest_hospital_distance_m":323.2994364507227,"elderly_population_percentile":0.1406844106463878,"transport_distance_percentile":0.6463878326996197,"medical_distance_percentile":0.2015209125475285,"exploratory_score_c":0.0183256450132856,"pareto_frontier":false},"geometry":{"type":"Polygon","coordinates":[[[139.43125,35.3875],[139.4375,35.3875],[139.4375,35.39166666666667],[139.43125,35.39166666666667],[139.43125,35.3875]]]},"id":"533903644"},{"type":"Feature","properties":{"mesh_code":"533903651","area_label":"遠藤北原バス停周辺","area_label_basis":"最寄りの実在公共交通名称（行政地名ではない）","rank":79,"population":680,"elderly_population":190.0,"elderly_ratio":0.27941176470588236,"centroid_lat":35.38541666666667,"centroid_lon":139.440625,"city_area_fraction":0.9999999999999998,"disclosure_status":"unaffected","primary_eligible":true,"nearest_station_name":"湘南台","nearest_station_distance_m":2609.652597440685,"nearest_bus_stop_name":"遠藤北原","nearest_bus_stop_distance_m":231.75558814305347,"nearest_public_transport_type":"bus_stop","nearest_public_transport_name":"遠藤北原","nearest_public_transport_distance_m":231.75558814305347,"nearest_medical_name":"プレス工業株式会社藤沢工場診療所","nearest_medical_distance_m":434.89545929841205,"nearest_medical_access_class":"likely_public","nearest_hospital_name":"医療法人社団　健育会　湘南慶育病院","nearest_hospital_distance_m":1051.3661499032714,"elderly_population_percentile":0.3307984790874524,"transport_distance_percentile":0.6121673003802282,"medical_distance_percentile":0.6958174904942965,"exploratory_score_c":0.1409058333842272,"pareto_frontier":false},"geometry":{"type":"Polygon","coordinates":[[[139.4375,35.38333333333333],[139.44375,35.38333333333333],[139.44375,35.3875],[139.4375,35.3875],[139.4375,35.38333333333333]]]},"id":"533903651"},{"type":"Feature","properties":{"mesh_code":"533903652","area_label":"東京ラヂエーター前バス停周辺","area_label_basis":"最寄りの実在公共交通名称（行政地名ではない）","rank":197,"population":793,"elderly_population":131.0,"elderly_ratio":0.16519546027742749,"centroid_lat":35.38541666666667,"centroid_lon":139.446875,"city_area_fraction":1.0,"disclosure_status":"unaffected","primary_eligible":true,"nearest_station_name":"湘南台","nearest_station_distance_m":2121.737600241577,"nearest_bus_stop_name":"東京ラヂエーター前","nearest_bus_stop_distance_m":119.74307915249754,"nearest_public_transport_type":"bus_stop","nearest_public_transport_name":"東京ラヂエーター前","nearest_public_transport_distance_m":119.74307915249754,"nearest_medical_name":"湘南台宮治クリニック","nearest_medical_distance_m":263.31578941614265,"nearest_medical_access_class":"likely_public","nearest_hospital_name":"医療法人社団いしずえ　湘南敬愛病院","nearest_hospital_distance_m":1041.2557576213148,"elderly_population_percentile":0.2642585551330798,"transport_distance_percentile":0.2243346007604562,"medical_distance_percentile":0.3992395437262357,"exploratory_score_c":0.0236678533598784,"pareto_frontier":false},"geometry":{"type":"Polygon","coordinates":[[[139.44375,35.38333333333333],[139.45,35.38333333333333],[139.45,35.3875],[139.44375,35.3875],[139.44375,35.38333333333333]]]},"id":"533903652"},{"type":"Feature","properties":{"mesh_code":"533903653","area_label":"秋葉台小学校バス停周辺","area_label_basis":"最寄りの実在公共交通名称（行政地名ではない）","rank":257,"population":472,"elderly_population":163.0,"elderly_ratio":0.3453389830508475,"centroid_lat":35.389583333333334,"centroid_lon":139.440625,"city_area_fraction":1.0,"disclosure_status":"unaffected","primary_eligible":true,"nearest_station_name":"湘南台","nearest_station_distance_m":2431.7283534689054,"nearest_bus_stop_name":"秋葉台小学校","nearest_bus_stop_distance_m":65.7410180587485,"nearest_public_transport_type":"bus_stop","nearest_public_transport_name":"秋葉台小学校","nearest_public_transport_distance_m":65.7410180587485,"nearest_medical_name":"医療法人社団芳晴会　愛児レディースクリニック","nearest_medical_distance_m":50.90549348114646,"nearest_medical_access_class":"likely_public","nearest_hospital_name":"医療法人社団　健育会　湘南慶育病院","nearest_hospital_distance_m":866.3084181548701,"elderly_population_percentile":0.2946768060836502,"transport_distance_percentile":0.0836501901140684,"medical_distance_percentile":0.0342205323193916,"exploratory_score_c":0.0008435282800757,"pareto_frontier":false},"geometry":{"type":"Polygon","coordinates":[[[139.4375,35.3875],[139.44375,35.3875],[139.44375,35.39166666666667],[139.4375,35.39166666666667],[139.4375,35.3875]]]},"id":"533903653"},{"type":"Feature","properties":{"mesh_code":"533903654","area_label":"文化体育館前バス停周辺","area_label_basis":"最寄りの実在公共交通名称（行政地名ではない）","rank":129,"population":1543,"elderly_population":375.0,"elderly_ratio":0.24303305249513935,"centroid_lat":35.389583333333334,"centroid_lon":139.446875,"city_area_fraction":1.0,"disclosure_status":"unaffected","primary_eligible":true,"nearest_station_name":"湘南台","nearest_station_distance_m":1898.6589251424705,"nearest_bus_stop_name":"文化体育館前","nearest_bus_stop_distance_m":134.8836113420657,"nearest_public_transport_type":"bus_stop","nearest_public_transport_name":"文化体育館前","nearest_public_transport_distance_m":134.8836113420657,"nearest_medical_name":"湘南台宮治クリニック","nearest_medical_distance_m":311.6664596210102,"nearest_medical_access_class":"likely_public","nearest_hospital_name":"医療法人社団いしずえ　湘南敬愛病院","nearest_hospital_distance_m":1027.7343440587865,"elderly_population_percentile":0.5019011406844106,"transport_distance_percentile":0.2889733840304182,"medical_distance_percentile":0.4828897338403042,"exploratory_score_c":0.0700364297573469,"pareto_frontier":false},"geometry":{"type":"Polygon","coordinates":[[[139.44375,35.3875],[139.45,35.3875],[139.45,35.39166666666667],[139.44375,35.39166666666667],[139.44375,35.3875]]]},"id":"533903654"},{"type":"Feature","properties":{"mesh_code":"533903661","area_label":"丸石バス停周辺","area_label_basis":"最寄りの実在公共交通名称（行政地名ではない）","rank":206,"population":1383,"elderly_population":257.0,"elderly_ratio":0.18582791033984092,"centroid_lat":35.38541666666667,"centroid_lon":139.453125,"city_area_fraction":1.0,"disclosure_status":"unaffected","primary_eligible":true,"nearest_station_name":"六会日大前","nearest_station_distance_m":1609.7692054725824,"nearest_bus_stop_name":"丸石","nearest_bus_stop_distance_m":132.18370396824625,"nearest_public_transport_type":"bus_stop","nearest_public_transport_name":"丸石","nearest_public_transport_distance_m":132.18370396824625,"nearest_medical_name":"株式会社ＨＧＳＴジャパン藤沢事業所健康管理室","nearest_medical_distance_m":137.5726524665109,"nearest_medical_access_class":"uncertain_access","nearest_hospital_name":"医療法人社団いしずえ　湘南敬愛病院","nearest_hospital_distance_m":511.85909086377086,"elderly_population_percentile":0.3916349809885932,"transport_distance_percentile":0.2813688212927757,"medical_distance_percentile":0.1787072243346007,"exploratory_score_c":0.0196924411785384,"pareto_frontier":false},"geometry":{"type":"Polygon","coordinates":[[[139.45,35.38333333333333],[139.45625,35.38333333333333],[139.45625,35.3875],[139.45,35.3875],[139.45,35.38333333333333]]]},"id":"533903661"},{"type":"Feature","properties":{"mesh_code":"533903662","area_label":"石川山田バス停周辺","area_label_basis":"最寄りの実在公共交通名称（行政地名ではない）","rank":141,"population":1136,"elderly_population":185.0,"elderly_ratio":0.16285211267605634,"centroid_lat":35.38541666666667,"centroid_lon":139.459375,"city_area_fraction":1.0000000000000002,"disclosure_status":"unaffected","primary_eligible":true,"nearest_station_name":"六会日大前","nearest_station_distance_m":1047.647688464373,"nearest_bus_stop_name":"石川山田","nearest_bus_stop_distance_m":258.45659416046124,"nearest_public_transport_type":"bus_stop","nearest_public_transport_name":"石川山田","nearest_public_transport_distance_m":258.45659416046124,"nearest_medical_name":"村田会湘南台内科クリニック","nearest_medical_distance_m":196.36971466652912,"nearest_medical_access_class":"likely_public","nearest_hospital_name":"医療法人社団いしずえ　湘南敬愛病院","nearest_hospital_distance_m":290.85019817283893,"elderly_population_percentile":0.3155893536121673,"transport_distance_percentile":0.6768060836501901,"medical_distance_percentile":0.2813688212927757,"exploratory_score_c":0.060098352813825,"pareto_frontier":false},"geometry":{"type":"Polygon","coordinates":[[[139.45625,35.38333333333333],[139.4625,35.38333333333333],[139.4625,35.3875],[139.45625,35.3875],[139.45625,35.38333333333333]]]},"id":"533903662"},{"type":"Feature","properties":{"mesh_code":"533903663","area_label":"団地中央バス停周辺","area_label_basis":"最寄りの実在公共交通名称（行政地名ではない）","rank":217,"population":910,"elderly_population":215.0,"elderly_ratio":0.23626373626373626,"centroid_lat":35.389583333333334,"centroid_lon":139.453125,"city_area_fraction":1.0,"disclosure_status":"unaffected","primary_eligible":true,"nearest_station_name":"湘南台","nearest_station_distance_m":1393.2757616542647,"nearest_bus_stop_name":"団地中央","nearest_bus_stop_distance_m":128.47409398087296,"nearest_public_transport_type":"bus_stop","nearest_public_transport_name":"団地中央","nearest_public_transport_distance_m":128.47409398087296,"nearest_medical_name":"日本精工桐原事業所健康推進室","nearest_medical_distance_m":114.10761581790793,"nearest_medical_access_class":"likely_public","nearest_hospital_name":"医療法人社団いしずえ　湘南敬愛病院","nearest_hospital_distance_m":483.80404667982754,"elderly_population_percentile":0.3726235741444867,"transport_distance_percentile":0.2623574144486692,"medical_distance_percentile":0.1406844106463878,"exploratory_score_c":0.0137533864128565,"pareto_frontier":false},"geometry":{"type":"Polygon","coordinates":[[[139.45,35.3875],[139.45625,35.3875],[139.45625,35.39166666666667],[139.45,35.39166666666667],[139.45,35.3875]]]},"id":"533903663"},{"type":"Feature","properties":{"mesh_code":"533903664","area_label":"桐ヶ谷バス停周辺","area_label_basis":"最寄りの実在公共交通名称（行政地名ではない）","rank":164,"population":2728,"elderly_population":581.0,"elderly_ratio":0.21297653958944282,"centroid_lat":35.389583333333334,"centroid_lon":139.459375,"city_area_fraction":1.0,"disclosure_status":"unaffected","primary_eligible":true,"nearest_station_name":"湘南台","nearest_station_distance_m":960.3315772057915,"nearest_bus_stop_name":"桐ヶ谷","nearest_bus_stop_distance_m":100.01991776712039,"nearest_public_transport_type":"bus_stop","nearest_public_transport_name":"桐ヶ谷","nearest_public_transport_distance_m":100.01991776712039,"nearest_medical_name":"医療法人社団いしずえ　湘南敬愛病院","nearest_medical_distance_m":238.0537781043877,"nearest_medical_access_class":"likely_public","nearest_hospital_name":"医療法人社団いしずえ　湘南敬愛病院","nearest_hospital_distance_m":238.0537781043877,"elderly_population_percentile":0.6958174904942965,"transport_distance_percentile":0.1711026615969581,"medical_distance_percentile":0.3498098859315589,"exploratory_score_c":0.0416470443500178,"pareto_frontier":false},"geometry":{"type":"Polygon","coordinates":[[[139.45625,35.3875],[139.4625,35.3875],[139.4625,35.39166666666667],[139.45625,35.39166666666667],[139.45625,35.3875]]]},"id":"533903664"},{"type":"Feature","properties":{"mesh_code":"533903671","area_label":"天神町2号バス停周辺","area_label_basis":"最寄りの実在公共交通名称（行政地名ではない）","rank":14,"population":2401,"elderly_population":432.0,"elderly_ratio":0.17992503123698458,"centroid_lat":35.38541666666667,"centroid_lon":139.465625,"city_area_fraction":1.0,"disclosure_status":"unaffected","primary_eligible":true,"nearest_station_name":"六会日大前","nearest_station_distance_m":498.61206898591763,"nearest_bus_stop_name":"天神町2号","nearest_bus_stop_distance_m":453.2822549919005,"nearest_public_transport_type":"bus_stop","nearest_public_transport_name":"天神町2号","nearest_public_transport_distance_m":453.2822549919005,"nearest_medical_name":"今村内科クリニック","nearest_medical_distance_m":456.23310756097834,"nearest_medical_access_class":"likely_public","nearest_hospital_name":"医療法人社団いしずえ　湘南敬愛病院","nearest_hospital_distance_m":742.9636273190115,"elderly_population_percentile":0.5437262357414449,"transport_distance_percentile":0.9125475285171104,"medical_distance_percentile":0.7186311787072244,"exploratory_score_c":0.356567567164943,"pareto_frontier":false},"geometry":{"type":"Polygon","coordinates":[[[139.4625,35.38333333333333],[139.46875,35.38333333333333],[139.46875,35.3875],[139.4625,35.3875],[139.4625,35.38333333333333]]]},"id":"533903671"},{"type":"Feature","properties":{"mesh_code":"533903672","area_label":"六会日大前周辺","area_label_basis":"最寄りの実在公共交通名称（行政地名ではない）","rank":243,"population":2613,"elderly_population":681.0,"elderly_ratio":0.2606199770378875,"centroid_lat":35.38541666666667,"centroid_lon":139.471875,"city_area_fraction":0.9999999999999998,"disclosure_status":"unaffected","primary_eligible":true,"nearest_station_name":"六会日大前","nearest_station_distance_m":210.95243122247427,"nearest_bus_stop_name":"六会日大前駅西口","nearest_bus_stop_distance_m":251.23936823580314,"nearest_public_transport_type":"station","nearest_public_transport_name":"六会日大前","nearest_public_transport_distance_m":210.95243122247427,"nearest_medical_name":"関野内科医院","nearest_medical_distance_m":28.907378995702913,"nearest_medical_access_class":"likely_public","nearest_hospital_name":"湘南第一病院","nearest_hospital_distance_m":1115.0264423213653,"elderly_population_percentile":0.8250950570342205,"transport_distance_percentile":0.5551330798479087,"medical_distance_percentile":0.0114068441064638,"exploratory_score_c":0.0052247630438634,"pareto_frontier":false},"geometry":{"type":"Polygon","coordinates":[[[139.46875,35.38333333333333],[139.475,35.38333333333333],[139.475,35.3875],[139.46875,35.3875],[139.46875,35.38333333333333]]]},"id":"533903672"},{"type":"Feature","properties":{"mesh_code":"533903673","area_label":"湘南台住宅前バス停周辺","area_label_basis":"最寄りの実在公共交通名称（行政地名ではない）","rank":19,"population":2799,"elderly_population":690.0,"elderly_ratio":0.2465166130760986,"centroid_lat":35.389583333333334,"centroid_lon":139.465625,"city_area_fraction":1.0,"disclosure_status":"unaffected","primary_eligible":true,"nearest_station_name":"湘南台","nearest_station_distance_m":740.2451982622152,"nearest_bus_stop_name":"湘南台住宅前","nearest_bus_stop_distance_m":363.83441598569107,"nearest_public_transport_type":"bus_stop","nearest_public_transport_name":"湘南台住宅前","nearest_public_transport_distance_m":363.83441598569107,"nearest_medical_name":"湘南台ふかさわクリニック","nearest_medical_distance_m":279.48223921322096,"nearest_medical_access_class":"likely_public","nearest_hospital_name":"湘南第一病院","nearest_hospital_distance_m":684.7256183724783,"elderly_population_percentile":0.8422053231939164,"transport_distance_percentile":0.8517110266159695,"medical_distance_percentile":0.4334600760456273,"exploratory_score_c":0.3109276573765682,"pareto_frontier":false},"geometry":{"type":"Polygon","coordinates":[[[139.4625,35.3875],[139.46875,35.3875],[139.46875,35.39166666666667],[139.4625,35.39166666666667],[139.4625,35.3875]]]},"id":"533903673"},{"type":"Feature","properties":{"mesh_code":"533903674","area_label":"六会バス停周辺","area_label_basis":"最寄りの実在公共交通名称（行政地名ではない）","rank":37,"population":3034,"elderly_population":709.0,"elderly_ratio":0.23368490441661174,"centroid_lat":35.389583333333334,"centroid_lon":139.471875,"city_area_fraction":1.0,"disclosure_status":"unaffected","primary_eligible":true,"nearest_station_name":"六会日大前","nearest_station_distance_m":654.0264517773867,"nearest_bus_stop_name":"六会","nearest_bus_stop_distance_m":343.37208371440215,"nearest_public_transport_type":"bus_stop","nearest_public_transport_name":"六会","nearest_public_transport_distance_m":343.37208371440215,"nearest_medical_name":"湘南台外科胃腸科医院","nearest_medical_distance_m":215.00280691490346,"nearest_medical_access_class":"likely_public","nearest_hospital_name":"湘南第一病院","nearest_hospital_distance_m":676.5802159685712,"elderly_population_percentile":0.8669201520912547,"transport_distance_percentile":0.8174904942965779,"medical_distance_percentile":0.3079847908745247,"exploratory_score_c":0.2182685082720467,"pareto_frontier":false},"geometry":{"type":"Polygon","coordinates":[[[139.46875,35.3875],[139.475,35.3875],[139.475,35.39166666666667],[139.46875,35.39166666666667],[139.46875,35.3875]]]},"id":"533903674"},{"type":"Feature","properties":{"mesh_code":"533903681","area_label":"雲昌寺バス停周辺","area_label_basis":"最寄りの実在公共交通名称（行政地名ではない）","rank":105,"population":2162,"elderly_population":558.0,"elderly_ratio":0.25809435707678074,"centroid_lat":35.38541666666667,"centroid_lon":139.478125,"city_area_fraction":1.0,"disclosure_status":"unaffected","primary_eligible":true,"nearest_station_name":"六会日大前","nearest_station_distance_m":696.5813524093154,"nearest_bus_stop_name":"雲昌寺","nearest_bus_stop_distance_m":112.5254833956129,"nearest_public_transport_type":"bus_stop","nearest_public_transport_name":"雲昌寺","nearest_public_transport_distance_m":112.5254833956129,"nearest_medical_name":"杉田外科","nearest_medical_distance_m":443.35680210521,"nearest_medical_access_class":"likely_public","nearest_hospital_name":"湘南第一病院","nearest_hospital_distance_m":1370.015177869244,"elderly_population_percentile":0.6711026615969582,"transport_distance_percentile":0.2053231939163498,"medical_distance_percentile":0.7034220532319392,"exploratory_score_c":0.0969265941296478,"pareto_frontier":false},"geometry":{"type":"Polygon","coordinates":[[[139.475,35.38333333333333],[139.48125,35.38333333333333],[139.48125,35.3875],[139.475,35.3875],[139.475,35.38333333333333]]]},"id":"533903681"},{"type":"Feature","properties":{"mesh_code":"533903682","area_label":"亀井野三丁目バス停周辺","area_label_basis":"最寄りの実在公共交通名称（行政地名ではない）","rank":8,"population":1405,"elderly_population":318.0,"elderly_ratio":0.22633451957295372,"centroid_lat":35.38541666666667,"centroid_lon":139.484375,"city_area_fraction":0.6220202118091562,"disclosure_status":"unaffected","primary_eligible":true,"nearest_station_name":"六会日大前","nearest_station_distance_m":1253.31044549962,"nearest_bus_stop_name":"亀井野三丁目","nearest_bus_stop_distance_m":505.6510412553402,"nearest_public_transport_type":"bus_stop","nearest_public_transport_name":"亀井野三丁目","nearest_public_transport_distance_m":505.6510412553402,"nearest_medical_name":"杉田外科","nearest_medical_distance_m":949.2278085358377,"nearest_medical_access_class":"likely_public","nearest_hospital_name":"湘南第一病院","nearest_hospital_distance_m":1776.3291553830466,"elderly_population_percentile":0.4410646387832699,"transport_distance_percentile":0.935361216730038,"medical_distance_percentile":0.9771863117870724,"exploratory_score_c":0.4031428615876461,"pareto_frontier":true},"geometry":{"type":"Polygon","coordinates":[[[139.48125,35.38333333333333],[139.4875,35.38333333333333],[139.4875,35.3875],[139.48125,35.3875],[139.48125,35.38333333333333]]]},"id":"533903682"},{"type":"Feature","properties":{"mesh_code":"533903683","area_label":"六会バス停周辺","area_label_basis":"最寄りの実在公共交通名称（行政地名ではない）","rank":92,"population":1054,"elderly_population":200.0,"elderly_ratio":0.18975332068311196,"centroid_lat":35.389583333333334,"centroid_lon":139.478125,"city_area_fraction":0.9403201796682417,"disclosure_status":"unaffected","primary_eligible":true,"nearest_station_name":"六会日大前","nearest_station_distance_m":931.9079420014809,"nearest_bus_stop_name":"六会","nearest_bus_stop_distance_m":232.7515087662638,"nearest_public_transport_type":"bus_stop","nearest_public_transport_name":"六会","nearest_public_transport_distance_m":232.7515087662638,"nearest_medical_name":"西郡医院","nearest_medical_distance_m":348.64867312572994,"nearest_medical_access_class":"likely_public","nearest_hospital_name":"湘南第一病院","nearest_hospital_distance_m":1044.6942997951833,"elderly_population_percentile":0.3517110266159696,"transport_distance_percentile":0.6197718631178707,"medical_distance_percentile":0.5513307984790875,"exploratory_score_c":0.120179417283298,"pareto_frontier":false},"geometry":{"type":"Polygon","coordinates":[[[139.475,35.3875],[139.48125,35.3875],[139.48125,35.39166666666667],[139.475,35.39166666666667],[139.475,35.3875]]]},"id":"533903683"},{"type":"Feature","properties":{"mesh_code":"533903684","area_label":"雲昌寺バス停周辺","area_label_basis":"最寄りの実在公共交通名称（行政地名ではない）","rank":null,"population":154,"elderly_population":41.0,"elderly_ratio":0.2662337662337662,"centroid_lat":35.389583333333334,"centroid_lon":139.484375,"city_area_fraction":0.15084145501892537,"disclosure_status":"unaffected","primary_eligible":false,"nearest_station_name":"六会日大前","nearest_station_distance_m":1397.8404438252387,"nearest_bus_stop_name":"雲昌寺","nearest_bus_stop_distance_m":755.272861185345,"nearest_public_transport_type":"bus_stop","nearest_public_transport_name":"雲昌寺","nearest_public_transport_distance_m":755.272861185345,"nearest_medical_name":"西郡医院","nearest_medical_distance_m":898.2865353227651,"nearest_medical_access_class":"likely_public","nearest_hospital_name":"湘南第一病院","nearest_hospital_distance_m":1539.3909406850464,"elderly_population_percentile":null,"transport_distance_percentile":null,"medical_distance_percentile":null,"exploratory_score_c":null,"pareto_frontier":null},"geometry":{"type":"Polygon","coordinates":[[[139.48125,35.3875],[139.4875,35.3875],[139.4875,35.39166666666667],[139.48125,35.39166666666667],[139.48125,35.3875]]]},"id":"533903684"},{"type":"Feature","properties":{"mesh_code":"533903712","area_label":"宮原南バス停周辺","area_label_basis":"最寄りの実在公共交通名称（行政地名ではない）","rank":17,"population":1066,"elderly_population":192.0,"elderly_ratio":0.1801125703564728,"centroid_lat":35.39375,"centroid_lon":139.396875,"city_area_fraction":0.634842022094355,"disclosure_status":"unaffected","primary_eligible":true,"nearest_station_name":"湘南台","nearest_station_distance_m":6297.031083151785,"nearest_bus_stop_name":"宮原南","nearest_bus_stop_distance_m":763.5642557184768,"nearest_public_transport_type":"bus_stop","nearest_public_transport_name":"宮原南","nearest_public_transport_distance_m":763.5642557184768,"nearest_medical_name":"藤沢御所見病院","nearest_medical_distance_m":1076.922017172146,"nearest_medical_access_class":"likely_public","nearest_hospital_name":"藤沢御所見病院","nearest_hospital_distance_m":1076.922017172146,"elderly_population_percentile":0.3346007604562737,"transport_distance_percentile":0.988593155893536,"medical_distance_percentile":0.9847908745247148,"exploratory_score_c":0.3257530860519231,"pareto_frontier":true},"geometry":{"type":"Polygon","coordinates":[[[139.39375,35.391666666666666],[139.4,35.391666666666666],[139.4,35.395833333333336],[139.39375,35.395833333333336],[139.39375,35.391666666666666]]]},"id":"533903712"},{"type":"Feature","properties":{"mesh_code":"533903714","area_label":"宮原中央バス停周辺","area_label_basis":"最寄りの実在公共交通名称（行政地名ではない）","rank":176,"population":99,"elderly_population":25.0,"elderly_ratio":0.25252525252525254,"centroid_lat":35.397916666666674,"centroid_lon":139.396875,"city_area_fraction":0.7744396120504796,"disclosure_status":"unaffected","primary_eligible":true,"nearest_station_name":"湘南台","nearest_station_distance_m":6293.530801127223,"nearest_bus_stop_name":"宮原中央","nearest_bus_stop_distance_m":957.1989561816131,"nearest_public_transport_type":"bus_stop","nearest_public_transport_name":"宮原中央","nearest_public_transport_distance_m":957.1989561816131,"nearest_medical_name":"藤沢御所見病院","nearest_medical_distance_m":1153.4304810311307,"nearest_medical_access_class":"likely_public","nearest_hospital_name":"藤沢御所見病院","nearest_hospital_distance_m":1153.4304810311307,"elderly_population_percentile":0.0342205323193916,"transport_distance_percentile":1.0,"medical_distance_percentile":0.9961977186311788,"exploratory_score_c":0.0340904162269224,"pareto_frontier":true},"geometry":{"type":"Polygon","coordinates":[[[139.39375,35.395833333333336],[139.4,35.395833333333336],[139.4,35.4],[139.39375,35.4],[139.39375,35.395833333333336]]]},"id":"533903714"},{"type":"Feature","properties":{"mesh_code":"533903721","area_label":"宮原南バス停周辺","area_label_basis":"最寄りの実在公共交通名称（行政地名ではない）","rank":62,"population":519,"elderly_population":163.0,"elderly_ratio":0.3140655105973025,"centroid_lat":35.39375,"centroid_lon":139.403125,"city_area_fraction":1.0,"disclosure_status":"unaffected","primary_eligible":true,"nearest_station_name":"湘南台","nearest_station_distance_m":5729.883550462894,"nearest_bus_stop_name":"宮原南","nearest_bus_stop_distance_m":275.52990830253935,"nearest_public_transport_type":"bus_stop","nearest_public_transport_name":"宮原南","nearest_public_transport_distance_m":275.52990830253935,"nearest_medical_name":"藤沢御所見病院","nearest_medical_distance_m":510.28272436707067,"nearest_medical_access_class":"likely_public","nearest_hospital_name":"藤沢御所見病院","nearest_hospital_distance_m":510.28272436707067,"elderly_population_percentile":0.2946768060836502,"transport_distance_percentile":0.7262357414448669,"medical_distance_percentile":0.779467680608365,"exploratory_score_c":0.166809847506908,"pareto_frontier":false},"geometry":{"type":"Polygon","coordinates":[[[139.4,35.391666666666666],[139.40625,35.391666666666666],[139.40625,35.395833333333336],[139.4,35.395833333333336],[139.4,35.391666666666666]]]},"id":"533903721"},{"type":"Feature","properties":{"mesh_code":"533903722","area_label":"宮原中央バス停周辺","area_label_basis":"最寄りの実在公共交通名称（行政地名ではない）","rank":221,"population":255,"elderly_population":124.0,"elderly_ratio":0.48627450980392156,"centroid_lat":35.39375,"centroid_lon":139.409375,"city_area_fraction":1.0,"disclosure_status":"unaffected","primary_eligible":true,"nearest_station_name":"湘南台","nearest_station_distance_m":5162.8687011099,"nearest_bus_stop_name":"宮原中央","nearest_bus_stop_distance_m":272.03150775902907,"nearest_public_transport_type":"bus_stop","nearest_public_transport_name":"宮原中央","nearest_public_transport_distance_m":272.03150775902907,"nearest_medical_name":"藤沢御所見病院","nearest_medical_distance_m":75.57758361427416,"nearest_medical_access_class":"likely_public","nearest_hospital_name":"藤沢御所見病院","nearest_hospital_distance_m":75.57758361427416,"elderly_population_percentile":0.2547528517110266,"transport_distance_percentile":0.7186311787072244,"medical_distance_percentile":0.0608365019011406,"exploratory_score_c":0.0111375417249655,"pareto_frontier":false},"geometry":{"type":"Polygon","coordinates":[[[139.40625,35.391666666666666],[139.4125,35.391666666666666],[139.4125,35.395833333333336],[139.40625,35.395833333333336],[139.40625,35.391666666666666]]]},"id":"533903722"},{"type":"Feature","properties":{"mesh_code":"533903723","area_label":"宮原バス停周辺","area_label_basis":"最寄りの実在公共交通名称（行政地名ではない）","rank":86,"population":216,"elderly_population":79.0,"elderly_ratio":0.36574074074074076,"centroid_lat":35.397916666666674,"centroid_lon":139.403125,"city_area_fraction":1.0,"disclosure_status":"unaffected","primary_eligible":true,"nearest_station_name":"湘南台","nearest_station_distance_m":5726.067228421536,"nearest_bus_stop_name":"宮原","nearest_bus_stop_distance_m":463.61596740803196,"nearest_public_transport_type":"bus_stop","nearest_public_transport_name":"宮原","nearest_public_transport_distance_m":463.61596740803196,"nearest_medical_name":"御所見総合クリニック","nearest_medical_distance_m":625.4252723330708,"nearest_medical_access_class":"likely_public","nearest_hospital_name":"藤沢御所見病院","nearest_hospital_distance_m":656.5633822483694,"elderly_population_percentile":0.1634980988593156,"transport_distance_percentile":0.9163498098859316,"medical_distance_percentile":0.870722433460076,"exploratory_score_c":0.1304528991014293,"pareto_frontier":false},"geometry":{"type":"Polygon","coordinates":[[[139.4,35.395833333333336],[139.40625,35.395833333333336],[139.40625,35.4],[139.4,35.4],[139.4,35.395833333333336]]]},"id":"533903723"},{"type":"Feature","properties":{"mesh_code":"533903724","area_label":"宮原バス停周辺","area_label_basis":"最寄りの実在公共交通名称（行政地名ではない）","rank":106,"population":796,"elderly_population":313.0,"elderly_ratio":0.39321608040201006,"centroid_lat":35.397916666666674,"centroid_lon":139.409375,"city_area_fraction":1.0,"disclosure_status":"unaffected","primary_eligible":true,"nearest_station_name":"湘南台","nearest_station_distance_m":5158.663720577549,"nearest_bus_stop_name":"宮原","nearest_bus_stop_distance_m":182.17528114920617,"nearest_public_transport_type":"bus_stop","nearest_public_transport_name":"宮原","nearest_public_transport_distance_m":182.17528114920617,"nearest_medical_name":"御所見総合クリニック","nearest_medical_distance_m":297.633041395837,"nearest_medical_access_class":"likely_public","nearest_hospital_name":"藤沢御所見病院","nearest_hospital_distance_m":420.01428069561,"elderly_population_percentile":0.4372623574144487,"transport_distance_percentile":0.4752851711026616,"medical_distance_percentile":0.4562737642585551,"exploratory_score_c":0.0948247822177092,"pareto_frontier":false},"geometry":{"type":"Polygon","coordinates":[[[139.40625,35.395833333333336],[139.4125,35.395833333333336],[139.4125,35.4],[139.40625,35.4],[139.40625,35.395833333333336]]]},"id":"533903724"},{"type":"Feature","properties":{"mesh_code":"533903731","area_label":"打戻大仲バス停周辺","area_label_basis":"最寄りの実在公共交通名称（行政地名ではない）","rank":212,"population":333,"elderly_population":99.0,"elderly_ratio":0.2972972972972973,"centroid_lat":35.39375,"centroid_lon":139.415625,"city_area_fraction":1.0,"disclosure_status":"unaffected","primary_eligible":true,"nearest_station_name":"湘南台","nearest_station_distance_m":4596.035526099606,"nearest_bus_stop_name":"打戻大仲","nearest_bus_stop_distance_m":83.6505459850593,"nearest_public_transport_type":"bus_stop","nearest_public_transport_name":"打戻大仲","nearest_public_transport_distance_m":83.6505459850593,"nearest_medical_name":"御所見総合クリニック","nearest_medical_distance_m":608.0026941082597,"nearest_medical_access_class":"likely_public","nearest_hospital_name":"藤沢御所見病院","nearest_hospital_distance_m":629.0711544717847,"elderly_population_percentile":0.2015209125475285,"transport_distance_percentile":0.1064638783269961,"medical_distance_percentile":0.8555133079847909,"exploratory_score_c":0.0183547795840539,"pareto_frontier":false},"geometry":{"type":"Polygon","coordinates":[[[139.4125,35.391666666666666],[139.41875,35.391666666666666],[139.41875,35.395833333333336],[139.4125,35.395833333333336],[139.4125,35.391666666666666]]]},"id":"533903731"},{"type":"Feature","properties":{"mesh_code":"533903732","area_label":"宇都母知神社入口バス停周辺","area_label_basis":"最寄りの実在公共交通名称（行政地名ではない）","rank":238,"population":128,"elderly_population":27.0,"elderly_ratio":0.2109375,"centroid_lat":35.39375,"centroid_lon":139.421875,"city_area_fraction":1.0,"disclosure_status":"unaffected","primary_eligible":true,"nearest_station_name":"湘南台","nearest_station_distance_m":4029.460564692499,"nearest_bus_stop_name":"宇都母知神社入口","nearest_bus_stop_distance_m":97.87763948952613,"nearest_public_transport_type":"bus_stop","nearest_public_transport_name":"宇都母知神社入口","nearest_public_transport_distance_m":97.87763948952613,"nearest_medical_name":"慶應義塾湘南藤沢診療所","nearest_medical_distance_m":771.5663500090692,"nearest_medical_access_class":"likely_public","nearest_hospital_name":"医療法人社団　健育会　湘南慶育病院","nearest_hospital_distance_m":905.1510063963772,"elderly_population_percentile":0.0418250950570342,"transport_distance_percentile":0.1634980988593156,"medical_distance_percentile":0.9581749049429658,"exploratory_score_c":0.0065523099949113,"pareto_frontier":false},"geometry":{"type":"Polygon","coordinates":[[[139.41875,35.391666666666666],[139.425,35.391666666666666],[139.425,35.395833333333336],[139.41875,35.395833333333336],[139.41875,35.391666666666666]]]},"id":"533903732"},{"type":"Feature","properties":{"mesh_code":"533903733","area_label":"古里団地バス停周辺","area_label_basis":"最寄りの実在公共交通名称（行政地名ではない）","rank":93,"population":408,"elderly_population":151.0,"elderly_ratio":0.3700980392156863,"centroid_lat":35.397916666666674,"centroid_lon":139.415625,"city_area_fraction":0.9999999999999998,"disclosure_status":"unaffected","primary_eligible":true,"nearest_station_name":"湘南台","nearest_station_distance_m":4591.342429353095,"nearest_bus_stop_name":"古里団地","nearest_bus_stop_distance_m":240.1343162231425,"nearest_public_transport_type":"bus_stop","nearest_public_transport_name":"古里団地","nearest_public_transport_distance_m":240.1343162231425,"nearest_medical_name":"鈴木医院","nearest_medical_distance_m":406.46707620758616,"nearest_medical_access_class":"likely_public","nearest_hospital_name":"藤沢御所見病院","nearest_hospital_distance_m":752.6024097750696,"elderly_population_percentile":0.2889733840304182,"transport_distance_percentile":0.6311787072243346,"medical_distance_percentile":0.6501901140684411,"exploratory_score_c":0.1185906761567675,"pareto_frontier":false},"geometry":{"type":"Polygon","coordinates":[[[139.4125,35.395833333333336],[139.41875,35.395833333333336],[139.41875,35.4],[139.4125,35.4],[139.4125,35.395833333333336]]]},"id":"533903733"},{"type":"Feature","properties":{"mesh_code":"533903734","area_label":"西菖蒲沢バス停周辺","area_label_basis":"最寄りの実在公共交通名称（行政地名ではない）","rank":192,"population":83,"elderly_population":23.0,"elderly_ratio":0.27710843373493976,"centroid_lat":35.397916666666674,"centroid_lon":139.421875,"city_area_fraction":1.0,"disclosure_status":"unaffected","primary_eligible":true,"nearest_station_name":"湘南台","nearest_station_distance_m":4024.137996269391,"nearest_bus_stop_name":"西菖蒲沢","nearest_bus_stop_distance_m":481.10921982459513,"nearest_public_transport_type":"bus_stop","nearest_public_transport_name":"西菖蒲沢","nearest_public_transport_distance_m":481.10921982459513,"nearest_medical_name":"鈴木医院","nearest_medical_distance_m":639.5621432928705,"nearest_medical_access_class":"likely_public","nearest_hospital_name":"医療法人社団　健育会　湘南慶育病院","nearest_hospital_distance_m":1148.5187283691068,"elderly_population_percentile":0.0304182509505703,"transport_distance_percentile":0.9239543726235742,"medical_distance_percentile":0.8859315589353612,"exploratory_score_c":0.0248991737710584,"pareto_frontier":false},"geometry":{"type":"Polygon","coordinates":[[[139.41875,35.395833333333336],[139.425,35.395833333333336],[139.425,35.4],[139.41875,35.4],[139.41875,35.395833333333336]]]},"id":"533903734"},{"type":"Feature","properties":{"mesh_code":"533903741","area_label":"遠藤西の谷バス停周辺","area_label_basis":"最寄りの実在公共交通名称（行政地名ではない）","rank":190,"population":136,"elderly_population":30.0,"elderly_ratio":0.22058823529411764,"centroid_lat":35.39375,"centroid_lon":139.428125,"city_area_fraction":1.0,"disclosure_status":"unaffected","primary_eligible":true,"nearest_station_name":"湘南台","nearest_station_distance_m":3463.270396951905,"nearest_bus_stop_name":"遠藤西の谷","nearest_bus_stop_distance_m":314.2552460984658,"nearest_public_transport_type":"bus_stop","nearest_public_transport_name":"遠藤西の谷","nearest_public_transport_distance_m":314.2552460984658,"nearest_medical_name":"医療法人社団　健育会　湘南慶育病院","nearest_medical_distance_m":419.28074298075546,"nearest_medical_access_class":"likely_public","nearest_hospital_name":"医療法人社団　健育会　湘南慶育病院","nearest_hospital_distance_m":419.28074298075546,"elderly_population_percentile":0.0513307984790874,"transport_distance_percentile":0.7756653992395437,"medical_distance_percentile":0.6768060836501901,"exploratory_score_c":0.0269473890669609,"pareto_frontier":false},"geometry":{"type":"Polygon","coordinates":[[[139.425,35.391666666666666],[139.43125,35.391666666666666],[139.43125,35.395833333333336],[139.425,35.395833333333336],[139.425,35.391666666666666]]]},"id":"533903741"},{"type":"Feature","properties":{"mesh_code":"533903742","area_label":"藤沢ジャンボゴルフ前バス停周辺","area_label_basis":"最寄りの実在公共交通名称（行政地名ではない）","rank":121,"population":259,"elderly_population":66.0,"elderly_ratio":0.2548262548262548,"centroid_lat":35.39375,"centroid_lon":139.434375,"city_area_fraction":1.0000000000000002,"disclosure_status":"unaffected","primary_eligible":true,"nearest_station_name":"湘南台","nearest_station_distance_m":2897.690414236514,"nearest_bus_stop_name":"藤沢ジャンボゴルフ前","nearest_bus_stop_distance_m":442.04169459020557,"nearest_public_transport_type":"bus_stop","nearest_public_transport_name":"藤沢ジャンボゴルフ前","nearest_public_transport_distance_m":442.04169459020557,"nearest_medical_name":"医療法人社団　健育会　湘南慶育病院","nearest_medical_distance_m":420.7292218645511,"nearest_medical_access_class":"likely_public","nearest_hospital_name":"医療法人社団　健育会　湘南慶育病院","nearest_hospital_distance_m":420.7292218645511,"elderly_population_percentile":0.1292775665399239,"transport_distance_percentile":0.908745247148289,"medical_distance_percentile":0.6806083650190115,"exploratory_score_c":0.0799581253761726,"pareto_frontier":false},"geometry":{"type":"Polygon","coordinates":[[[139.43125,35.391666666666666],[139.4375,35.391666666666666],[139.4375,35.395833333333336],[139.43125,35.395833333333336],[139.43125,35.391666666666666]]]},"id":"533903742"},{"type":"Feature","properties":{"mesh_code":"533903743","area_label":"菖蒲沢バス停周辺","area_label_basis":"最寄りの実在公共交通名称（行政地名ではない）","rank":132,"population":153,"elderly_population":54.0,"elderly_ratio":0.35294117647058826,"centroid_lat":35.397916666666674,"centroid_lon":139.428125,"city_area_fraction":1.0,"disclosure_status":"unaffected","primary_eligible":true,"nearest_station_name":"湘南台","nearest_station_distance_m":3457.1077900830537,"nearest_bus_stop_name":"菖蒲沢","nearest_bus_stop_distance_m":235.1879642800739,"nearest_public_transport_type":"bus_stop","nearest_public_transport_name":"菖蒲沢","nearest_public_transport_distance_m":235.1879642800739,"nearest_medical_name":"医療法人社団　健育会　湘南慶育病院","nearest_medical_distance_m":821.9647868232088,"nearest_medical_access_class":"likely_public","nearest_hospital_name":"医療法人社団　健育会　湘南慶育病院","nearest_hospital_distance_m":821.9647868232088,"elderly_population_percentile":0.1102661596958174,"transport_distance_percentile":0.623574144486692,"medical_distance_percentile":0.9657794676806084,"exploratory_score_c":0.0664061522978353,"pareto_frontier":false},"geometry":{"type":"Polygon","coordinates":[[[139.425,35.395833333333336],[139.43125,35.395833333333336],[139.43125,35.4],[139.425,35.4],[139.425,35.395833333333336]]]},"id":"533903743"},{"type":"Feature","properties":{"mesh_code":"533903744","area_label":"笹久保バス停周辺","area_label_basis":"最寄りの実在公共交通名称（行政地名ではない）","rank":224,"population":178,"elderly_population":53.0,"elderly_ratio":0.29775280898876405,"centroid_lat":35.397916666666674,"centroid_lon":139.434375,"city_area_fraction":1.0,"disclosure_status":"unaffected","primary_eligible":true,"nearest_station_name":"湘南台","nearest_station_distance_m":2890.354175709116,"nearest_bus_stop_name":"笹久保","nearest_bus_stop_distance_m":84.8186040442719,"nearest_public_transport_type":"bus_stop","nearest_public_transport_name":"笹久保","nearest_public_transport_distance_m":84.8186040442719,"nearest_medical_name":"宮本内科消化器科クリニック","nearest_medical_distance_m":562.6781148362896,"nearest_medical_access_class":"likely_public","nearest_hospital_name":"医療法人社団　健育会　湘南慶育病院","nearest_hospital_distance_m":822.7043998277821,"elderly_population_percentile":0.1064638783269961,"transport_distance_percentile":0.1140684410646387,"medical_distance_percentile":0.8174904942965779,"exploratory_score_c":0.0099277424165323,"pareto_frontier":false},"geometry":{"type":"Polygon","coordinates":[[[139.43125,35.395833333333336],[139.4375,35.395833333333336],[139.4375,35.4],[139.43125,35.4],[139.43125,35.395833333333336]]]},"id":"533903744"},{"type":"Feature","properties":{"mesh_code":"533903751","area_label":"遠藤バス停周辺","area_label_basis":"最寄りの実在公共交通名称（行政地名ではない）","rank":35,"population":1714,"elderly_population":338.0,"elderly_ratio":0.1971995332555426,"centroid_lat":35.39375,"centroid_lon":139.440625,"city_area_fraction":1.0,"disclosure_status":"unaffected","primary_eligible":true,"nearest_station_name":"湘南台","nearest_station_distance_m":2333.16418688853,"nearest_bus_stop_name":"遠藤","nearest_bus_stop_distance_m":254.71095713514396,"nearest_public_transport_type":"bus_stop","nearest_public_transport_name":"遠藤","nearest_public_transport_distance_m":254.71095713514396,"nearest_medical_name":"医療法人社団芳晴会　愛児レディースクリニック","nearest_medical_distance_m":491.21737316493227,"nearest_medical_access_class":"likely_public","nearest_hospital_name":"医療法人社団　健育会　湘南慶育病院","nearest_hospital_distance_m":907.1645749991286,"elderly_population_percentile":0.4524714828897338,"transport_distance_percentile":0.6577946768060836,"medical_distance_percentile":0.752851711026616,"exploratory_score_c":0.2240737638957472,"pareto_frontier":false},"geometry":{"type":"Polygon","coordinates":[[[139.4375,35.391666666666666],[139.44375,35.391666666666666],[139.44375,35.395833333333336],[139.4375,35.395833333333336],[139.4375,35.391666666666666]]]},"id":"533903751"},{"type":"Feature","properties":{"mesh_code":"533903752","area_label":"南大山バス停周辺","area_label_basis":"最寄りの実在公共交通名称（行政地名ではない）","rank":233,"population":1440,"elderly_population":251.0,"elderly_ratio":0.17430555555555555,"centroid_lat":35.39375,"centroid_lon":139.446875,"city_area_fraction":1.0,"disclosure_status":"unaffected","primary_eligible":true,"nearest_station_name":"湘南台","nearest_station_distance_m":1770.6995839305716,"nearest_bus_stop_name":"南大山","nearest_bus_stop_distance_m":81.86507469483232,"nearest_public_transport_type":"bus_stop","nearest_public_transport_name":"南大山","nearest_public_transport_distance_m":81.86507469483232,"nearest_medical_name":"みやけ眼科","nearest_medical_distance_m":147.6227651128664,"nearest_medical_access_class":"likely_public","nearest_hospital_name":"医療法人社団いしずえ　湘南敬愛病院","nearest_hospital_distance_m":1206.4821245902415,"elderly_population_percentile":0.3878326996197718,"transport_distance_percentile":0.1026615969581749,"medical_distance_percentile":0.1863117870722433,"exploratory_score_c":0.0074181014847252,"pareto_frontier":false},"geometry":{"type":"Polygon","coordinates":[[[139.44375,35.391666666666666],[139.45,35.391666666666666],[139.45,35.395833333333336],[139.44375,35.395833333333336],[139.44375,35.391666666666666]]]},"id":"533903752"},{"type":"Feature","properties":{"mesh_code":"533903753","area_label":"仲之桜バス停周辺","area_label_basis":"最寄りの実在公共交通名称（行政地名ではない）","rank":163,"population":1060,"elderly_population":292.0,"elderly_ratio":0.27547169811320754,"centroid_lat":35.397916666666674,"centroid_lon":139.440625,"city_area_fraction":1.0,"disclosure_status":"unaffected","primary_eligible":true,"nearest_station_name":"湘南台","nearest_station_distance_m":2324.0792966297718,"nearest_bus_stop_name":"仲之桜","nearest_bus_stop_distance_m":115.63273843405379,"nearest_public_transport_type":"bus_stop","nearest_public_transport_name":"仲之桜","nearest_public_transport_distance_m":115.63273843405379,"nearest_medical_name":"医療法人知真会　湘南真心クリニック","nearest_medical_distance_m":302.40322450722124,"nearest_medical_access_class":"likely_public","nearest_hospital_name":"医療法人社団　健育会　湘南慶育病院","nearest_hospital_distance_m":1150.1058809398344,"elderly_population_percentile":0.4182509505703422,"transport_distance_percentile":0.2129277566539923,"medical_distance_percentile":0.467680608365019,"exploratory_score_c":0.0416503426033124,"pareto_frontier":false},"geometry":{"type":"Polygon","coordinates":[[[139.4375,35.395833333333336],[139.44375,35.395833333333336],[139.44375,35.4],[139.4375,35.4],[139.4375,35.395833333333336]]]},"id":"533903753"},{"type":"Feature","properties":{"mesh_code":"533903754","area_label":"菖蒲沢団地バス停周辺","area_label_basis":"最寄りの実在公共交通名称（行政地名ではない）","rank":109,"population":764,"elderly_population":177.0,"elderly_ratio":0.23167539267015708,"centroid_lat":35.397916666666674,"centroid_lon":139.446875,"city_area_fraction":1.0,"disclosure_status":"unaffected","primary_eligible":true,"nearest_station_name":"湘南台","nearest_station_distance_m":1758.7453584331174,"nearest_bus_stop_name":"菖蒲沢団地","nearest_bus_stop_distance_m":247.55267063822842,"nearest_public_transport_type":"bus_stop","nearest_public_transport_name":"菖蒲沢団地","nearest_public_transport_distance_m":247.55267063822842,"nearest_medical_name":"グランドヴィラ湘南台診療所","nearest_medical_distance_m":303.4850845910409,"nearest_medical_access_class":"likely_public","nearest_hospital_name":"医療法人社団いしずえ　湘南敬愛病院","nearest_hospital_distance_m":1510.7276861808832,"elderly_population_percentile":0.311787072243346,"transport_distance_percentile":0.6387832699619772,"medical_distance_percentile":0.4714828897338403,"exploratory_score_c":0.0939025905965589,"pareto_frontier":false},"geometry":{"type":"Polygon","coordinates":[[[139.44375,35.395833333333336],[139.45,35.395833333333336],[139.45,35.4],[139.44375,35.4],[139.44375,35.395833333333336]]]},"id":"533903754"},{"type":"Feature","properties":{"mesh_code":"533903762","area_label":"円行上庭バス停周辺","area_label_basis":"最寄りの実在公共交通名称（行政地名ではない）","rank":90,"population":2409,"elderly_population":391.0,"elderly_ratio":0.16230801162308012,"centroid_lat":35.39375,"centroid_lon":139.459375,"city_area_fraction":1.0,"disclosure_status":"unaffected","primary_eligible":true,"nearest_station_name":"湘南台","nearest_station_distance_m":672.9386873260268,"nearest_bus_stop_name":"円行上庭","nearest_bus_stop_distance_m":176.7744478259792,"nearest_public_transport_type":"bus_stop","nearest_public_transport_name":"円行上庭","nearest_public_transport_distance_m":176.7744478259792,"nearest_medical_name":"桧山整形外科","nearest_medical_distance_m":341.9750831376249,"nearest_medical_access_class":"likely_public","nearest_hospital_name":"医療法人社団いしずえ　湘南敬愛病院","nearest_hospital_distance_m":675.3383321692537,"elderly_population_percentile":0.5133079847908745,"transport_distance_percentile":0.4448669201520912,"medical_distance_percentile":0.5399239543726235,"exploratory_score_c":0.1232936555294364,"pareto_frontier":false},"geometry":{"type":"Polygon","coordinates":[[[139.45625,35.391666666666666],[139.4625,35.391666666666666],[139.4625,35.395833333333336],[139.45625,35.395833333333336],[139.45625,35.391666666666666]]]},"id":"533903762"},{"type":"Feature","properties":{"mesh_code":"533903763","area_label":"いすゞ南門バス停周辺","area_label_basis":"最寄りの実在公共交通名称（行政地名ではない）","rank":null,"population":13,"elderly_population":0.0,"elderly_ratio":0.0,"centroid_lat":35.397916666666674,"centroid_lon":139.453125,"city_area_fraction":1.0,"disclosure_status":"unaffected","primary_eligible":false,"nearest_station_name":"湘南台","nearest_station_distance_m":1195.68736334707,"nearest_bus_stop_name":"いすゞ南門","nearest_bus_stop_distance_m":273.6996927820885,"nearest_public_transport_type":"bus_stop","nearest_public_transport_name":"いすゞ南門","nearest_public_transport_distance_m":273.6996927820885,"nearest_medical_name":"いすゞ自動車藤沢工場健康診断診療所","nearest_medical_distance_m":406.9883707327492,"nearest_medical_access_class":"likely_public","nearest_hospital_name":"医療法人社団いしずえ　湘南敬愛病院","nearest_hospital_distance_m":1208.3917406995922,"elderly_population_percentile":0.0038022813688212,"transport_distance_percentile":0.7224334600760456,"medical_distance_percentile":0.6539923954372624,"exploratory_score_c":0.0017964486277534,"pareto_frontier":false},"geometry":{"type":"Polygon","coordinates":[[[139.45,35.395833333333336],[139.45625,35.395833333333336],[139.45625,35.4],[139.45,35.4],[139.45,35.395833333333336]]]},"id":"533903763"},{"type":"Feature","properties":{"mesh_code":"533903764","area_label":"北警察署前バス停周辺","area_label_basis":"最寄りの実在公共交通名称（行政地名ではない）","rank":31,"population":2282,"elderly_population":463.0,"elderly_ratio":0.20289219982471515,"centroid_lat":35.397916666666674,"centroid_lon":139.459375,"city_area_fraction":0.9999999999999998,"disclosure_status":"unaffected","primary_eligible":true,"nearest_station_name":"湘南台","nearest_station_distance_m":640.9311457584884,"nearest_bus_stop_name":"北警察署前","nearest_bus_stop_distance_m":268.0510084403829,"nearest_public_transport_type":"bus_stop","nearest_public_transport_name":"北警察署前","nearest_public_transport_distance_m":268.0510084403829,"nearest_medical_name":"すが内科クリニック","nearest_medical_distance_m":382.07131406249636,"nearest_medical_access_class":"likely_public","nearest_hospital_name":"湘南第一病院","nearest_hospital_distance_m":914.0807164868937,"elderly_population_percentile":0.5741444866920152,"transport_distance_percentile":0.6996197718631179,"medical_distance_percentile":0.6083650190114068,"exploratory_score_c":0.2443697854271845,"pareto_frontier":false},"geometry":{"type":"Polygon","coordinates":[[[139.45625,35.395833333333336],[139.4625,35.395833333333336],[139.4625,35.4],[139.45625,35.4],[139.45625,35.395833333333336]]]},"id":"533903764"},{"type":"Feature","properties":{"mesh_code":"533903771","area_label":"湘南台住宅前バス停周辺","area_label_basis":"最寄りの実在公共交通名称（行政地名ではない）","rank":241,"population":3430,"elderly_population":558.0,"elderly_ratio":0.16268221574344024,"centroid_lat":35.39375,"centroid_lon":139.465625,"city_area_fraction":1.0,"disclosure_status":"unaffected","primary_eligible":true,"nearest_station_name":"湘南台","nearest_station_distance_m":280.34294025662797,"nearest_bus_stop_name":"湘南台住宅前","nearest_bus_stop_distance_m":197.94043105282742,"nearest_public_transport_type":"bus_stop","nearest_public_transport_name":"湘南台住宅前","nearest_public_transport_distance_m":197.94043105282742,"nearest_medical_name":"医療法人誠翔会　中沢内科医院","nearest_medical_distance_m":30.115221695391828,"nearest_medical_access_class":"likely_public","nearest_hospital_name":"湘南第一病院","nearest_hospital_distance_m":332.6567053177308,"elderly_population_percentile":0.6711026615969582,"transport_distance_percentile":0.5247148288973384,"medical_distance_percentile":0.0152091254752851,"exploratory_score_c":0.0053557036996562,"pareto_frontier":false},"geometry":{"type":"Polygon","coordinates":[[[139.4625,35.391666666666666],[139.46875,35.391666666666666],[139.46875,35.395833333333336],[139.4625,35.395833333333336],[139.4625,35.391666666666666]]]},"id":"533903771"},{"type":"Feature","properties":{"mesh_code":"533903772","area_label":"今田バス停周辺","area_label_basis":"最寄りの実在公共交通名称（行政地名ではない）","rank":219,"population":2715,"elderly_population":524.0,"elderly_ratio":0.19300184162062614,"centroid_lat":35.39375,"centroid_lon":139.471875,"city_area_fraction":0.9999999999999998,"disclosure_status":"unaffected","primary_eligible":true,"nearest_station_name":"湘南台","nearest_station_distance_m":580.2482622726969,"nearest_bus_stop_name":"今田","nearest_bus_stop_distance_m":65.21511043543981,"nearest_public_transport_type":"bus_stop","nearest_public_transport_name":"今田","nearest_public_transport_distance_m":65.21511043543981,"nearest_medical_name":"メディカルパーク湘南","nearest_medical_distance_m":189.20516612777905,"nearest_medical_access_class":"likely_public","nearest_hospital_name":"湘南第一病院","nearest_hospital_distance_m":315.55163772460105,"elderly_population_percentile":0.6197718631178707,"transport_distance_percentile":0.0798479087452471,"medical_distance_percentile":0.2623574144486692,"exploratory_score_c":0.0129834091812487,"pareto_frontier":false},"geometry":{"type":"Polygon","coordinates":[[[139.46875,35.391666666666666],[139.475,35.391666666666666],[139.475,35.395833333333336],[139.46875,35.395833333333336],[139.46875,35.391666666666666]]]},"id":"533903772"},{"type":"Feature","properties":{"mesh_code":"533903773","area_label":"湘南台周辺","area_label_basis":"最寄りの実在公共交通名称（行政地名ではない）","rank":180,"population":6124,"elderly_population":1103.0,"elderly_ratio":0.180111038536904,"centroid_lat":35.397916666666674,"centroid_lon":139.465625,"city_area_fraction":1.0,"disclosure_status":"unaffected","primary_eligible":true,"nearest_station_name":"湘南台","nearest_station_distance_m":170.4615719471916,"nearest_bus_stop_name":"湘南台駅東口","nearest_bus_stop_distance_m":208.46871936625095,"nearest_public_transport_type":"station","nearest_public_transport_name":"湘南台","nearest_public_transport_distance_m":170.4615719471916,"nearest_medical_name":"湘南台東口クリニック","nearest_medical_distance_m":78.03404269608686,"nearest_medical_access_class":"likely_public","nearest_hospital_name":"湘南第一病院","nearest_hospital_distance_m":424.0378553477928,"elderly_population_percentile":0.9809885931558936,"transport_distance_percentile":0.4182509505703422,"medical_distance_percentile":0.0798479087452471,"exploratory_score_c":0.0327615499745567,"pareto_frontier":false},"geometry":{"type":"Polygon","coordinates":[[[139.4625,35.395833333333336],[139.46875,35.395833333333336],[139.46875,35.4],[139.4625,35.4],[139.4625,35.395833333333336]]]},"id":"533903773"},{"type":"Feature","properties":{"mesh_code":"533903774","area_label":"今田上原バス停周辺","area_label_basis":"最寄りの実在公共交通名称（行政地名ではない）","rank":253,"population":2946,"elderly_population":494.0,"elderly_ratio":0.16768499660556688,"centroid_lat":35.397916666666674,"centroid_lon":139.471875,"city_area_fraction":1.0,"disclosure_status":"unaffected","primary_eligible":true,"nearest_station_name":"湘南台","nearest_station_distance_m":513.1867577553061,"nearest_bus_stop_name":"今田上原","nearest_bus_stop_distance_m":102.47323624187683,"nearest_public_transport_type":"bus_stop","nearest_public_transport_name":"今田上原","nearest_public_transport_distance_m":102.47323624187683,"nearest_medical_name":"明石医院","nearest_medical_distance_m":33.96592674587439,"nearest_medical_access_class":"likely_public","nearest_hospital_name":"湘南第一病院","nearest_hospital_distance_m":410.75661113249186,"elderly_population_percentile":0.596958174904943,"transport_distance_percentile":0.182509505703422,"medical_distance_percentile":0.0190114068441064,"exploratory_score_c":0.0020713030689642,"pareto_frontier":false},"geometry":{"type":"Polygon","coordinates":[[[139.46875,35.395833333333336],[139.475,35.395833333333336],[139.475,35.4],[139.46875,35.4],[139.46875,35.395833333333336]]]},"id":"533903774"},{"type":"Feature","properties":{"mesh_code":"533903781","area_label":"今田西原バス停周辺","area_label_basis":"最寄りの実在公共交通名称（行政地名ではない）","rank":67,"population":1010,"elderly_population":142.0,"elderly_ratio":0.1405940594059406,"centroid_lat":35.39375,"centroid_lon":139.478125,"city_area_fraction":0.5420968545598812,"disclosure_status":"unaffected","primary_eligible":true,"nearest_station_name":"湘南台","nearest_station_distance_m":1102.575625028516,"nearest_bus_stop_name":"今田西原","nearest_bus_stop_distance_m":339.2959953439174,"nearest_public_transport_type":"bus_stop","nearest_public_transport_name":"今田西原","nearest_public_transport_distance_m":339.2959953439174,"nearest_medical_name":"瀬戸山産婦人科","nearest_medical_distance_m":427.36846565141116,"nearest_medical_access_class":"likely_public","nearest_hospital_name":"湘南第一病院","nearest_hospital_distance_m":856.251014774963,"elderly_population_percentile":0.2775665399239543,"transport_distance_percentile":0.8136882129277566,"medical_distance_percentile":0.6844106463878327,"exploratory_score_c":0.1545759389013968,"pareto_frontier":false},"geometry":{"type":"Polygon","coordinates":[[[139.475,35.391666666666666],[139.48125,35.391666666666666],[139.48125,35.395833333333336],[139.475,35.395833333333336],[139.475,35.391666666666666]]]},"id":"533903781"},{"type":"Feature","properties":{"mesh_code":"533903783","area_label":"今田上原バス停周辺","area_label_basis":"最寄りの実在公共交通名称（行政地名ではない）","rank":null,"population":850,"elderly_population":273.0,"elderly_ratio":0.3211764705882353,"centroid_lat":35.397916666666674,"centroid_lon":139.478125,"city_area_fraction":0.43237548524378105,"disclosure_status":"unaffected","primary_eligible":false,"nearest_station_name":"湘南台","nearest_station_distance_m":1068.7845561822155,"nearest_bus_stop_name":"今田上原","nearest_bus_stop_distance_m":479.97530531174317,"nearest_public_transport_type":"bus_stop","nearest_public_transport_name":"今田上原","nearest_public_transport_distance_m":479.97530531174317,"nearest_medical_name":"牧小児科医院","nearest_medical_distance_m":515.2035499403422,"nearest_medical_access_class":"likely_public","nearest_hospital_name":"湘南第一病院","nearest_hospital_distance_m":895.7015868567457,"elderly_population_percentile":null,"transport_distance_percentile":null,"medical_distance_percentile":null,"exploratory_score_c":null,"pareto_frontier":null},"geometry":{"type":"Polygon","coordinates":[[[139.475,35.395833333333336],[139.48125,35.395833333333336],[139.48125,35.4],[139.475,35.4],[139.475,35.395833333333336]]]},"id":"533903783"},{"type":"Feature","properties":{"mesh_code":"533903812","area_label":"宮原バス停周辺","area_label_basis":"最寄りの実在公共交通名称（行政地名ではない）","rank":null,"population":12,"elderly_population":7.0,"elderly_ratio":0.5833333333333334,"centroid_lat":35.40208333333334,"centroid_lon":139.396875,"city_area_fraction":0.2551431579332972,"disclosure_status":"unaffected","primary_eligible":false,"nearest_station_name":"長後","nearest_station_distance_m":6319.332728487411,"nearest_bus_stop_name":"宮原","nearest_bus_stop_distance_m":1174.099183807073,"nearest_public_transport_type":"bus_stop","nearest_public_transport_name":"宮原","nearest_public_transport_distance_m":1174.099183807073,"nearest_medical_name":"湘南ごしょみ眼科","nearest_medical_distance_m":1235.1454660254153,"nearest_medical_access_class":"likely_public","nearest_hospital_name":"藤沢御所見病院","nearest_hospital_distance_m":1388.662823641144,"elderly_population_percentile":null,"transport_distance_percentile":null,"medical_distance_percentile":null,"exploratory_score_c":null,"pareto_frontier":null},"geometry":{"type":"Polygon","coordinates":[[[139.39375,35.4],[139.4,35.4],[139.4,35.404166666666676],[139.39375,35.404166666666676],[139.39375,35.4]]]},"id":"533903812"},{"type":"Feature","properties":{"mesh_code":"533903821","area_label":"西用田バス停周辺","area_label_basis":"最寄りの実在公共交通名称（行政地名ではない）","rank":null,"population":36,"elderly_population":18.0,"elderly_ratio":0.5,"centroid_lat":35.40208333333334,"centroid_lon":139.403125,"city_area_fraction":0.5988305775201759,"disclosure_status":"unaffected","primary_eligible":false,"nearest_station_name":"湘南台","nearest_station_distance_m":5759.467466913349,"nearest_bus_stop_name":"西用田","nearest_bus_stop_distance_m":675.1524106786799,"nearest_public_transport_type":"bus_stop","nearest_public_transport_name":"西用田","nearest_public_transport_distance_m":675.1524106786799,"nearest_medical_name":"湘南ごしょみ眼科","nearest_medical_distance_m":676.5726054476696,"nearest_medical_access_class":"likely_public","nearest_hospital_name":"藤沢御所見病院","nearest_hospital_distance_m":1014.4476231957357,"elderly_population_percentile":null,"transport_distance_percentile":null,"medical_distance_percentile":null,"exploratory_score_c":null,"pareto_frontier":null},"geometry":{"type":"Polygon","coordinates":[[[139.4,35.4],[139.40625,35.4],[139.40625,35.404166666666676],[139.4,35.404166666666676],[139.4,35.4]]]},"id":"533903821"},{"type":"Feature","properties":{"mesh_code":"533903822","area_label":"中原バス停周辺","area_label_basis":"最寄りの実在公共交通名称（行政地名ではない）","rank":146,"population":832,"elderly_population":305.0,"elderly_ratio":0.36658653846153844,"centroid_lat":35.40208333333334,"centroid_lon":139.409375,"city_area_fraction":1.0,"disclosure_status":"unaffected","primary_eligible":true,"nearest_station_name":"湘南台","nearest_station_distance_m":5195.743309232072,"nearest_bus_stop_name":"中原","nearest_bus_stop_distance_m":198.3035791638195,"nearest_public_transport_type":"bus_stop","nearest_public_transport_name":"中原","nearest_public_transport_distance_m":198.3035791638195,"nearest_medical_name":"湘南ごしょみ眼科","nearest_medical_distance_m":185.72885489024796,"nearest_medical_access_class":"likely_public","nearest_hospital_name":"藤沢御所見病院","nearest_hospital_distance_m":880.0302719057854,"elderly_population_percentile":0.4296577946768061,"transport_distance_percentile":0.5285171102661597,"medical_distance_percentile":0.2509505703422053,"exploratory_score_c":0.0569862309468839,"pareto_frontier":false},"geometry":{"type":"Polygon","coordinates":[[[139.40625,35.4],[139.4125,35.4],[139.4125,35.404166666666676],[139.40625,35.404166666666676],[139.40625,35.4]]]},"id":"533903822"},{"type":"Feature","properties":{"mesh_code":"533903823","area_label":"西用田バス停周辺","area_label_basis":"最寄りの実在公共交通名称（行政地名ではない）","rank":null,"population":184,"elderly_population":55.0,"elderly_ratio":0.29891304347826086,"centroid_lat":35.40625,"centroid_lon":139.403125,"city_area_fraction":0.07880415609159021,"disclosure_status":"unaffected","primary_eligible":false,"nearest_station_name":"長後","nearest_station_distance_m":5689.107940819204,"nearest_bus_stop_name":"西用田","nearest_bus_stop_distance_m":607.920792919205,"nearest_public_transport_type":"bus_stop","nearest_public_transport_name":"西用田","nearest_public_transport_distance_m":607.920792919205,"nearest_medical_name":"湘南ごしょみ眼科","nearest_medical_distance_m":906.7215801700642,"nearest_medical_access_class":"likely_public","nearest_hospital_name":"藤沢御所見病院","nearest_hospital_distance_m":1433.3439427873416,"elderly_population_percentile":null,"transport_distance_percentile":null,"medical_distance_percentile":null,"exploratory_score_c":null,"pareto_frontier":null},"geometry":{"type":"Polygon","coordinates":[[[139.4,35.404166666666676],[139.40625,35.404166666666676],[139.40625,35.408333333333346],[139.4,35.408333333333346],[139.4,35.404166666666676]]]},"id":"533903823"},{"type":"Feature","properties":{"mesh_code":"533903824","area_label":"西用田バス停周辺","area_label_basis":"最寄りの実在公共交通名称（行政地名ではない）","rank":139,"population":296,"elderly_population":109.0,"elderly_ratio":0.36824324324324326,"centroid_lat":35.40625,"centroid_lon":139.409375,"city_area_fraction":0.9631455715306307,"disclosure_status":"unaffected","primary_eligible":true,"nearest_station_name":"長後","nearest_station_distance_m":5125.792069532346,"nearest_bus_stop_name":"西用田","nearest_bus_stop_distance_m":139.97912162014714,"nearest_public_transport_type":"bus_stop","nearest_public_transport_name":"西用田","nearest_public_transport_distance_m":139.97912162014714,"nearest_medical_name":"湘南ごしょみ眼科","nearest_medical_distance_m":631.5934797185503,"nearest_medical_access_class":"likely_public","nearest_hospital_name":"藤沢御所見病院","nearest_hospital_distance_m":1341.5799287753248,"elderly_population_percentile":0.2262357414448669,"transport_distance_percentile":0.3079847908745247,"medical_distance_percentile":0.8783269961977186,"exploratory_score_c":0.061199337248983,"pareto_frontier":false},"geometry":{"type":"Polygon","coordinates":[[[139.40625,35.404166666666676],[139.4125,35.404166666666676],[139.4125,35.408333333333346],[139.40625,35.408333333333346],[139.40625,35.404166666666676]]]},"id":"533903824"},{"type":"Feature","properties":{"mesh_code":"533903831","area_label":"御所見小学校前バス停周辺","area_label_basis":"最寄りの実在公共交通名称（行政地名ではない）","rank":236,"population":1636,"elderly_population":532.0,"elderly_ratio":0.3251833740831296,"centroid_lat":35.40208333333334,"centroid_lon":139.415625,"city_area_fraction":1.0,"disclosure_status":"unaffected","primary_eligible":true,"nearest_station_name":"湘南台","nearest_station_distance_m":4632.995450798463,"nearest_bus_stop_name":"御所見小学校前","nearest_bus_stop_distance_m":86.87613979107765,"nearest_public_transport_type":"bus_stop","nearest_public_transport_name":"御所見小学校前","nearest_public_transport_distance_m":86.87613979107765,"nearest_medical_name":"鈴木医院","nearest_medical_distance_m":92.64649239572022,"nearest_medical_access_class":"likely_public","nearest_hospital_name":"藤沢御所見病院","nearest_hospital_distance_m":1079.0881729907283,"elderly_population_percentile":0.6330798479087453,"transport_distance_percentile":0.1216730038022813,"medical_distance_percentile":0.0874524714828897,"exploratory_score_c":0.006736352528746,"pareto_frontier":false},"geometry":{"type":"Polygon","coordinates":[[[139.4125,35.4],[139.41875,35.4],[139.41875,35.404166666666676],[139.4125,35.404166666666676],[139.4125,35.4]]]},"id":"533903831"},{"type":"Feature","properties":{"mesh_code":"533903832","area_label":"御所見中学校前バス停周辺","area_label_basis":"最寄りの実在公共交通名称（行政地名ではない）","rank":124,"population":858,"elderly_population":243.0,"elderly_ratio":0.28321678321678323,"centroid_lat":35.40208333333334,"centroid_lon":139.421875,"city_area_fraction":1.0,"disclosure_status":"unaffected","primary_eligible":true,"nearest_station_name":"湘南台","nearest_station_distance_m":4071.628590815423,"nearest_bus_stop_name":"御所見中学校前","nearest_bus_stop_distance_m":128.83412552164148,"nearest_public_transport_type":"bus_stop","nearest_public_transport_name":"御所見中学校前","nearest_public_transport_distance_m":128.83412552164148,"nearest_medical_name":"鈴木医院","nearest_medical_distance_m":502.38945168727173,"nearest_medical_access_class":"likely_public","nearest_hospital_name":"藤沢御所見病院","nearest_hospital_distance_m":1482.915022689039,"elderly_population_percentile":0.3821292775665399,"transport_distance_percentile":0.2699619771863117,"medical_distance_percentile":0.7680608365019012,"exploratory_score_c":0.0792334441564763,"pareto_frontier":false},"geometry":{"type":"Polygon","coordinates":[[[139.41875,35.4],[139.425,35.4],[139.425,35.404166666666676],[139.41875,35.404166666666676],[139.41875,35.4]]]},"id":"533903832"},{"type":"Feature","properties":{"mesh_code":"533903833","area_label":"用田バス停周辺","area_label_basis":"最寄りの実在公共交通名称（行政地名ではない）","rank":107,"population":804,"elderly_population":213.0,"elderly_ratio":0.26492537313432835,"centroid_lat":35.40625,"centroid_lon":139.415625,"city_area_fraction":0.9999999999999998,"disclosure_status":"unaffected","primary_eligible":true,"nearest_station_name":"長後","nearest_station_distance_m":4563.550606998482,"nearest_bus_stop_name":"用田","nearest_bus_stop_distance_m":259.2986497158803,"nearest_public_transport_type":"bus_stop","nearest_public_transport_name":"用田","nearest_public_transport_distance_m":259.2986497158803,"nearest_medical_name":"西山内科クリニック","nearest_medical_distance_m":245.03770237538117,"nearest_medical_access_class":"likely_public","nearest_hospital_name":"藤沢御所見病院","nearest_hospital_distance_m":1479.7952881454878,"elderly_population_percentile":0.3688212927756654,"transport_distance_percentile":0.6806083650190115,"medical_distance_percentile":0.376425855513308,"exploratory_score_c":0.094491493722297,"pareto_frontier":false},"geometry":{"type":"Polygon","coordinates":[[[139.4125,35.404166666666676],[139.41875,35.404166666666676],[139.41875,35.408333333333346],[139.4125,35.408333333333346],[139.4125,35.404166666666676]]]},"id":"533903833"},{"type":"Feature","properties":{"mesh_code":"533903834","area_label":"御所見中学校前バス停周辺","area_label_basis":"最寄りの実在公共交通名称（行政地名ではない）","rank":76,"population":482,"elderly_population":146.0,"elderly_ratio":0.3029045643153527,"centroid_lat":35.40625,"centroid_lon":139.421875,"city_area_fraction":1.0,"disclosure_status":"unaffected","primary_eligible":true,"nearest_station_name":"長後","nearest_station_distance_m":4002.8361838527876,"nearest_bus_stop_name":"御所見中学校前","nearest_bus_stop_distance_m":367.8329424865314,"nearest_public_transport_type":"bus_stop","nearest_public_transport_name":"御所見中学校前","nearest_public_transport_distance_m":367.8329424865314,"nearest_medical_name":"特別養護老人ホームかつらはら医務室","nearest_medical_distance_m":376.29933119799716,"nearest_medical_access_class":"uncertain_access","nearest_hospital_name":"藤沢御所見病院","nearest_hospital_distance_m":1795.6464001836962,"elderly_population_percentile":0.2813688212927757,"transport_distance_percentile":0.8593155893536122,"medical_distance_percentile":0.5931558935361216,"exploratory_score_c":0.1434159690540285,"pareto_frontier":false},"geometry":{"type":"Polygon","coordinates":[[[139.41875,35.404166666666676],[139.425,35.404166666666676],[139.425,35.408333333333346],[139.41875,35.408333333333346],[139.41875,35.404166666666676]]]},"id":"533903834"},{"type":"Feature","properties":{"mesh_code":"533903841","area_label":"葛野バス停周辺","area_label_basis":"最寄りの実在公共交通名称（行政地名ではない）","rank":231,"population":486,"elderly_population":111.0,"elderly_ratio":0.22839506172839505,"centroid_lat":35.40208333333334,"centroid_lon":139.428125,"city_area_fraction":1.0,"disclosure_status":"unaffected","primary_eligible":true,"nearest_station_name":"湘南台","nearest_station_distance_m":3512.3048131937767,"nearest_bus_stop_name":"葛野","nearest_bus_stop_distance_m":49.202722150827164,"nearest_public_transport_type":"bus_stop","nearest_public_transport_name":"葛野","nearest_public_transport_distance_m":49.202722150827164,"nearest_medical_name":"宮本内科消化器科クリニック","nearest_medical_distance_m":659.3833613087647,"nearest_medical_access_class":"likely_public","nearest_hospital_name":"医療法人社団　健育会　湘南慶育病院","nearest_hospital_distance_m":1266.0157507579595,"elderly_population_percentile":0.2319391634980988,"transport_distance_percentile":0.0380228136882129,"medical_distance_percentile":0.9011406844106464,"exploratory_score_c":0.0079471413131676,"pareto_frontier":false},"geometry":{"type":"Polygon","coordinates":[[[139.425,35.4],[139.43125,35.4],[139.43125,35.404166666666676],[139.425,35.404166666666676],[139.425,35.4]]]},"id":"533903841"},{"type":"Feature","properties":{"mesh_code":"533903842","area_label":"宮の腰バス停周辺","area_label_basis":"最寄りの実在公共交通名称（行政地名ではない）","rank":200,"population":270,"elderly_population":101.0,"elderly_ratio":0.37407407407407406,"centroid_lat":35.40208333333334,"centroid_lon":139.434375,"city_area_fraction":1.0000000000000002,"disclosure_status":"unaffected","primary_eligible":true,"nearest_station_name":"湘南台","nearest_station_distance_m":2956.1838550301754,"nearest_bus_stop_name":"宮の腰","nearest_bus_stop_distance_m":264.9854144008956,"nearest_public_transport_type":"bus_stop","nearest_public_transport_name":"宮の腰","nearest_public_transport_distance_m":264.9854144008956,"nearest_medical_name":"宮本内科消化器科クリニック","nearest_medical_distance_m":126.68967774098859,"nearest_medical_access_class":"likely_public","nearest_hospital_name":"医療法人社団　健育会　湘南慶育病院","nearest_hospital_distance_m":1266.4958600865832,"elderly_population_percentile":0.2091254752851711,"transport_distance_percentile":0.6920152091254753,"medical_distance_percentile":0.1596958174904943,"exploratory_score_c":0.0231108608347648,"pareto_frontier":false},"geometry":{"type":"Polygon","coordinates":[[[139.43125,35.4],[139.4375,35.4],[139.4375,35.404166666666676],[139.43125,35.404166666666676],[139.43125,35.4]]]},"id":"533903842"},{"type":"Feature","properties":{"mesh_code":"533903843","area_label":"宮下バス停周辺","area_label_basis":"最寄りの実在公共交通名称（行政地名ではない）","rank":125,"population":216,"elderly_population":55.0,"elderly_ratio":0.25462962962962965,"centroid_lat":35.40625,"centroid_lon":139.428125,"city_area_fraction":0.9999999999999998,"disclosure_status":"unaffected","primary_eligible":true,"nearest_station_name":"長後","nearest_station_distance_m":3444.3944923999757,"nearest_bus_stop_name":"宮下","nearest_bus_stop_distance_m":411.23478192322864,"nearest_public_transport_type":"bus_stop","nearest_public_transport_name":"宮下","nearest_public_transport_distance_m":411.23478192322864,"nearest_medical_name":"特別養護老人ホームかつらはら医務室","nearest_medical_distance_m":493.6650750381428,"nearest_medical_access_class":"uncertain_access","nearest_hospital_name":"医療法人社団　健育会　湘南慶育病院","nearest_hospital_distance_m":1719.6821033368697,"elderly_population_percentile":0.1140684410646387,"transport_distance_percentile":0.8935361216730038,"medical_distance_percentile":0.7566539923954373,"exploratory_score_c":0.0771214076593247,"pareto_frontier":false},"geometry":{"type":"Polygon","coordinates":[[[139.425,35.404166666666676],[139.43125,35.404166666666676],[139.43125,35.408333333333346],[139.425,35.408333333333346],[139.425,35.404166666666676]]]},"id":"533903843"},{"type":"Feature","properties":{"mesh_code":"533903844","area_label":"出荷場前バス停周辺","area_label_basis":"最寄りの実在公共交通名称（行政地名ではない）","rank":203,"population":452,"elderly_population":123.0,"elderly_ratio":0.2721238938053097,"centroid_lat":35.40625,"centroid_lon":139.434375,"city_area_fraction":1.0,"disclosure_status":"unaffected","primary_eligible":true,"nearest_station_name":"長後","nearest_station_distance_m":2889.543361298448,"nearest_bus_stop_name":"出荷場前","nearest_bus_stop_distance_m":90.45892451186921,"nearest_public_transport_type":"bus_stop","nearest_public_transport_name":"出荷場前","nearest_public_transport_distance_m":90.45892451186921,"nearest_medical_name":"宮本内科消化器科クリニック","nearest_medical_distance_m":377.93328382533855,"nearest_medical_access_class":"likely_public","nearest_hospital_name":"医療法人社団　健育会　湘南慶育病院","nearest_hospital_distance_m":1720.0353672180752,"elderly_population_percentile":0.2509505703422053,"transport_distance_percentile":0.1406844106463878,"medical_distance_percentile":0.596958174904943,"exploratory_score_c":0.0210755087267109,"pareto_frontier":false},"geometry":{"type":"Polygon","coordinates":[[[139.43125,35.404166666666676],[139.4375,35.404166666666676],[139.4375,35.408333333333346],[139.43125,35.408333333333346],[139.43125,35.404166666666676]]]},"id":"533903844"},{"type":"Feature","properties":{"mesh_code":"533903851","area_label":"公民館前バス停周辺","area_label_basis":"最寄りの実在公共交通名称（行政地名ではない）","rank":87,"population":1375,"elderly_population":347.0,"elderly_ratio":0.25236363636363635,"centroid_lat":35.40208333333334,"centroid_lon":139.440625,"city_area_fraction":1.0,"disclosure_status":"unaffected","primary_eligible":true,"nearest_station_name":"湘南台","nearest_station_distance_m":2405.4878987858538,"nearest_bus_stop_name":"公民館前","nearest_bus_stop_distance_m":256.55869366138455,"nearest_public_transport_type":"bus_stop","nearest_public_transport_name":"公民館前","nearest_public_transport_distance_m":256.55869366138455,"nearest_medical_name":"医療法人知真会　湘南真心クリニック","nearest_medical_distance_m":271.49302290342786,"nearest_medical_access_class":"likely_public","nearest_hospital_name":"医療法人社団　健育会　湘南慶育病院","nearest_hospital_distance_m":1499.9596904756831,"elderly_population_percentile":0.4600760456273764,"transport_distance_percentile":0.6692015209125475,"medical_distance_percentile":0.4106463878326996,"exploratory_score_c":0.1264312838885219,"pareto_frontier":false},"geometry":{"type":"Polygon","coordinates":[[[139.4375,35.4],[139.44375,35.4],[139.44375,35.404166666666676],[139.4375,35.404166666666676],[139.4375,35.4]]]},"id":"533903851"},{"type":"Feature","properties":{"mesh_code":"533903852","area_label":"菖蒲沢団地バス停周辺","area_label_basis":"最寄りの実在公共交通名称（行政地名ではない）","rank":119,"population":329,"elderly_population":119.0,"elderly_ratio":0.3617021276595745,"centroid_lat":35.40208333333334,"centroid_lon":139.446875,"city_area_fraction":0.9999999999999998,"disclosure_status":"unaffected","primary_eligible":true,"nearest_station_name":"湘南台","nearest_station_distance_m":1865.0284866240083,"nearest_bus_stop_name":"菖蒲沢団地","nearest_bus_stop_distance_m":254.69862720389048,"nearest_public_transport_type":"bus_stop","nearest_public_transport_name":"菖蒲沢団地","nearest_public_transport_distance_m":254.69862720389048,"nearest_medical_name":"いすゞ自動車藤沢工場健康診断診療所","nearest_medical_distance_m":325.48867579585175,"nearest_medical_access_class":"likely_public","nearest_hospital_name":"医療法人社団いしずえ　湘南敬愛病院","nearest_hospital_distance_m":1880.5147807303092,"elderly_population_percentile":0.247148288973384,"transport_distance_percentile":0.6539923954372624,"medical_distance_percentile":0.5133079847908745,"exploratory_score_c":0.0829675616238774,"pareto_frontier":false},"geometry":{"type":"Polygon","coordinates":[[[139.44375,35.4],[139.45,35.4],[139.45,35.404166666666676],[139.44375,35.404166666666676],[139.44375,35.4]]]},"id":"533903852"},{"type":"Feature","properties":{"mesh_code":"533903853","area_label":"葛原バス停周辺","area_label_basis":"最寄りの実在公共交通名称（行政地名ではない）","rank":128,"population":841,"elderly_population":195.0,"elderly_ratio":0.2318668252080856,"centroid_lat":35.40625,"centroid_lon":139.440625,"city_area_fraction":0.9463680750433591,"disclosure_status":"unaffected","primary_eligible":true,"nearest_station_name":"長後","nearest_station_distance_m":2340.8371933832827,"nearest_bus_stop_name":"葛原","nearest_bus_stop_distance_m":123.84056866435482,"nearest_public_transport_type":"bus_stop","nearest_public_transport_name":"葛原","nearest_public_transport_distance_m":123.84056866435482,"nearest_medical_name":"宮本内科消化器科クリニック","nearest_medical_distance_m":607.1590348846299,"nearest_medical_access_class":"likely_public","nearest_hospital_name":"医療法人社団　健育会　湘南慶育病院","nearest_hospital_distance_m":1898.5139075633579,"elderly_population_percentile":0.338403041825095,"transport_distance_percentile":0.2433460076045627,"medical_distance_percentile":0.8517110266159695,"exploratory_score_c":0.0701375761917125,"pareto_frontier":false},"geometry":{"type":"Polygon","coordinates":[[[139.4375,35.404166666666676],[139.44375,35.404166666666676],[139.44375,35.408333333333346],[139.4375,35.408333333333346],[139.4375,35.404166666666676]]]},"id":"533903853"},{"type":"Feature","properties":{"mesh_code":"533903854","area_label":"大持バス停周辺","area_label_basis":"最寄りの実在公共交通名称（行政地名ではない）","rank":194,"population":488,"elderly_population":74.0,"elderly_ratio":0.15163934426229508,"centroid_lat":35.40625,"centroid_lon":139.446875,"city_area_fraction":0.8049423787034949,"disclosure_status":"unaffected","primary_eligible":true,"nearest_station_name":"長後","nearest_station_distance_m":1803.8919654593183,"nearest_bus_stop_name":"大持","nearest_bus_stop_distance_m":101.31907896928792,"nearest_public_transport_type":"bus_stop","nearest_public_transport_name":"大持","nearest_public_transport_distance_m":101.31907896928792,"nearest_medical_name":"いすゞ自動車藤沢工場健康診断診療所","nearest_medical_distance_m":707.8664844457517,"nearest_medical_access_class":"likely_public","nearest_hospital_name":"医療法人社団　健育会　湘南慶育病院","nearest_hospital_distance_m":2212.420788344753,"elderly_population_percentile":0.150190114068441,"transport_distance_percentile":0.1749049429657794,"medical_distance_percentile":0.9201520912547528,"exploratory_score_c":0.0241714691525088,"pareto_frontier":false},"geometry":{"type":"Polygon","coordinates":[[[139.44375,35.404166666666676],[139.45,35.404166666666676],[139.45,35.408333333333346],[139.44375,35.408333333333346],[139.44375,35.404166666666676]]]},"id":"533903854"},{"type":"Feature","properties":{"mesh_code":"533903861","area_label":"下土棚バス停周辺","area_label_basis":"最寄りの実在公共交通名称（行政地名ではない）","rank":167,"population":222,"elderly_population":40.0,"elderly_ratio":0.18018018018018017,"centroid_lat":35.40208333333334,"centroid_lon":139.453125,"city_area_fraction":1.0,"disclosure_status":"unaffected","primary_eligible":true,"nearest_station_name":"湘南台","nearest_station_distance_m":1347.1821304078182,"nearest_bus_stop_name":"下土棚","nearest_bus_stop_distance_m":600.2269217485841,"nearest_public_transport_type":"bus_stop","nearest_public_transport_name":"下土棚","nearest_public_transport_distance_m":600.2269217485841,"nearest_medical_name":"いすゞ自動車藤沢工場健康診断診療所","nearest_medical_distance_m":365.2824514482825,"nearest_medical_access_class":"likely_public","nearest_hospital_name":"湘南第一病院","nearest_hospital_distance_m":1622.4404172535985,"elderly_population_percentile":0.0703422053231939,"transport_distance_percentile":0.9695817490494296,"medical_distance_percentile":0.5817490494296578,"exploratory_score_c":0.0396767502881986,"pareto_frontier":false},"geometry":{"type":"Polygon","coordinates":[[[139.45,35.4],[139.45625,35.4],[139.45625,35.404166666666676],[139.45,35.404166666666676],[139.45,35.4]]]},"id":"533903861"},{"type":"Feature","properties":{"mesh_code":"533903862","area_label":"とどろき公園バス停周辺","area_label_basis":"最寄りの実在公共交通名称（行政地名ではない）","rank":27,"population":1358,"elderly_population":385.0,"elderly_ratio":0.28350515463917525,"centroid_lat":35.40208333333334,"centroid_lon":139.459375,"city_area_fraction":1.0,"disclosure_status":"unaffected","primary_eligible":true,"nearest_station_name":"湘南台","nearest_station_distance_m":890.7253601934311,"nearest_bus_stop_name":"とどろき公園","nearest_bus_stop_distance_m":237.72866105794694,"nearest_public_transport_type":"bus_stop","nearest_public_transport_name":"とどろき公園","nearest_public_transport_distance_m":237.72866105794694,"nearest_medical_name":"いわもと内科","nearest_medical_distance_m":541.2915501139677,"nearest_medical_access_class":"likely_public","nearest_hospital_name":"湘南第一病院","nearest_hospital_distance_m":1154.1208184731415,"elderly_population_percentile":0.5095057034220533,"transport_distance_percentile":0.6273764258555133,"medical_distance_percentile":0.8060836501901141,"exploratory_score_c":0.2576661438751959,"pareto_frontier":false},"geometry":{"type":"Polygon","coordinates":[[[139.45625,35.4],[139.4625,35.4],[139.4625,35.404166666666676],[139.45625,35.404166666666676],[139.45625,35.4]]]},"id":"533903862"},{"type":"Feature","properties":{"mesh_code":"533903863","area_label":"下土棚バス停周辺","area_label_basis":"最寄りの実在公共交通名称（行政地名ではない）","rank":108,"population":342,"elderly_population":91.0,"elderly_ratio":0.26608187134502925,"centroid_lat":35.40625,"centroid_lon":139.453125,"city_area_fraction":1.0,"disclosure_status":"unaffected","primary_eligible":true,"nearest_station_name":"長後","nearest_station_distance_m":1293.4381479259855,"nearest_bus_stop_name":"下土棚","nearest_bus_stop_distance_m":202.84049769628845,"nearest_public_transport_type":"bus_stop","nearest_public_transport_name":"下土棚","nearest_public_transport_distance_m":202.84049769628845,"nearest_medical_name":"いすゞ自動車藤沢工場健康診断診療所","nearest_medical_distance_m":727.0225196762667,"nearest_medical_access_class":"likely_public","nearest_hospital_name":"湘南第一病院","nearest_hospital_distance_m":1885.7454810509023,"elderly_population_percentile":0.1863117870722433,"transport_distance_percentile":0.5437262357414449,"medical_distance_percentile":0.9277566539923956,"exploratory_score_c":0.0939841673947102,"pareto_frontier":false},"geometry":{"type":"Polygon","coordinates":[[[139.45,35.404166666666676],[139.45625,35.404166666666676],[139.45625,35.408333333333346],[139.45,35.408333333333346],[139.45,35.404166666666676]]]},"id":"533903863"},{"type":"Feature","properties":{"mesh_code":"533903864","area_label":"渋谷ノ里バス停周辺","area_label_basis":"最寄りの実在公共交通名称（行政地名ではない）","rank":57,"population":1609,"elderly_population":304.0,"elderly_ratio":0.1889372280919826,"centroid_lat":35.40625,"centroid_lon":139.459375,"city_area_fraction":1.0000000000000002,"disclosure_status":"unaffected","primary_eligible":true,"nearest_station_name":"長後","nearest_station_distance_m":858.1292889527655,"nearest_bus_stop_name":"渋谷ノ里","nearest_bus_stop_distance_m":192.8705157858054,"nearest_public_transport_type":"bus_stop","nearest_public_transport_name":"渋谷ノ里","nearest_public_transport_distance_m":192.8705157858054,"nearest_medical_name":"赤川内科医院","nearest_medical_distance_m":579.8091151574936,"nearest_medical_access_class":"likely_public","nearest_hospital_name":"湘南第一病院","nearest_hospital_distance_m":1501.9269108049846,"elderly_population_percentile":0.4258555133079847,"transport_distance_percentile":0.5019011406844106,"medical_distance_percentile":0.8212927756653993,"exploratory_score_c":0.1755409561427411,"pareto_frontier":false},"geometry":{"type":"Polygon","coordinates":[[[139.45625,35.404166666666676],[139.4625,35.404166666666676],[139.4625,35.408333333333346],[139.45625,35.408333333333346],[139.45625,35.404166666666676]]]},"id":"533903864"},{"type":"Feature","properties":{"mesh_code":"533903871","area_label":"渋谷ヶ原バス停周辺","area_label_basis":"最寄りの実在公共交通名称（行政地名ではない）","rank":33,"population":3313,"elderly_population":642.0,"elderly_ratio":0.19378207063084818,"centroid_lat":35.40208333333334,"centroid_lon":139.465625,"city_area_fraction":0.9999999999999998,"disclosure_status":"unaffected","primary_eligible":true,"nearest_station_name":"湘南台","nearest_station_distance_m":618.9337119791049,"nearest_bus_stop_name":"渋谷ヶ原","nearest_bus_stop_distance_m":380.3271107010298,"nearest_public_transport_type":"bus_stop","nearest_public_transport_name":"渋谷ヶ原","nearest_public_transport_distance_m":380.3271107010298,"nearest_medical_name":"石原医院","nearest_medical_distance_m":234.29048089197454,"nearest_medical_access_class":"likely_public","nearest_hospital_name":"湘南第一病院","nearest_hospital_distance_m":822.3703023632322,"elderly_population_percentile":0.7889733840304183,"transport_distance_percentile":0.870722433460076,"medical_distance_percentile":0.3422053231939163,"exploratory_score_c":0.2350871263841738,"pareto_frontier":false},"geometry":{"type":"Polygon","coordinates":[[[139.4625,35.4],[139.46875,35.4],[139.46875,35.404166666666676],[139.4625,35.404166666666676],[139.4625,35.4]]]},"id":"533903871"},{"type":"Feature","properties":{"mesh_code":"533903872","area_label":"下高倉バス停周辺","area_label_basis":"最寄りの実在公共交通名称（行政地名ではない）","rank":26,"population":2242,"elderly_population":436.0,"elderly_ratio":0.19446922390722568,"centroid_lat":35.40208333333334,"centroid_lon":139.471875,"city_area_fraction":0.9957635675157646,"disclosure_status":"unaffected","primary_eligible":true,"nearest_station_name":"湘南台","nearest_station_distance_m":785.7291019221899,"nearest_bus_stop_name":"下高倉","nearest_bus_stop_distance_m":387.9062264249978,"nearest_public_transport_type":"bus_stop","nearest_public_transport_name":"下高倉","nearest_public_transport_distance_m":387.9062264249978,"nearest_medical_name":"牧小児科医院","nearest_medical_distance_m":333.62835368442865,"nearest_medical_access_class":"likely_public","nearest_hospital_name":"湘南第一病院","nearest_hospital_distance_m":815.601707620977,"elderly_population_percentile":0.5551330798479087,"transport_distance_percentile":0.8821292775665399,"medical_distance_percentile":0.5285171102661597,"exploratory_score_c":0.2588143757887978,"pareto_frontier":false},"geometry":{"type":"Polygon","coordinates":[[[139.46875,35.4],[139.475,35.4],[139.475,35.404166666666676],[139.46875,35.404166666666676],[139.46875,35.4]]]},"id":"533903872"},{"type":"Feature","properties":{"mesh_code":"533903873","area_label":"渋谷ノ里バス停周辺","area_label_basis":"最寄りの実在公共交通名称（行政地名ではない）","rank":7,"population":3131,"elderly_population":852.0,"elderly_ratio":0.2721175343340786,"centroid_lat":35.40625,"centroid_lon":139.465625,"city_area_fraction":1.0,"disclosure_status":"unaffected","primary_eligible":true,"nearest_station_name":"長後","nearest_station_distance_m":666.5104615172082,"nearest_bus_stop_name":"渋谷ノ里","nearest_bus_stop_distance_m":380.2182492670703,"nearest_public_transport_type":"bus_stop","nearest_public_transport_name":"渋谷ノ里","nearest_public_transport_distance_m":380.2182492670703,"nearest_medical_name":"石原医院","nearest_medical_distance_m":326.47468623161564,"nearest_medical_access_class":"likely_public","nearest_hospital_name":"一般財団法人同友会　藤沢湘南台病院","nearest_hospital_distance_m":1241.2897305069284,"elderly_population_percentile":0.935361216730038,"transport_distance_percentile":0.8669201520912547,"medical_distance_percentile":0.5171102661596958,"exploratory_score_c":0.4193161764426985,"pareto_frontier":false},"geometry":{"type":"Polygon","coordinates":[[[139.4625,35.404166666666676],[139.46875,35.404166666666676],[139.46875,35.408333333333346],[139.4625,35.408333333333346],[139.4625,35.404166666666676]]]},"id":"533903873"},{"type":"Feature","properties":{"mesh_code":"533903874","area_label":"下高倉バス停周辺","area_label_basis":"最寄りの実在公共交通名称（行政地名ではない）","rank":21,"population":827,"elderly_population":206.0,"elderly_ratio":0.24909310761789602,"centroid_lat":35.40625,"centroid_lon":139.471875,"city_area_fraction":1.0,"disclosure_status":"unaffected","primary_eligible":true,"nearest_station_name":"長後","nearest_station_distance_m":892.486575140456,"nearest_bus_stop_name":"下高倉","nearest_bus_stop_distance_m":846.0240198503583,"nearest_public_transport_type":"bus_stop","nearest_public_transport_name":"下高倉","nearest_public_transport_distance_m":846.0240198503583,"nearest_medical_name":"石原医院","nearest_medical_distance_m":502.2390173025117,"nearest_medical_access_class":"likely_public","nearest_hospital_name":"一般財団法人同友会　藤沢湘南台病院","nearest_hospital_distance_m":1171.3526155543625,"elderly_population_percentile":0.3574144486692015,"transport_distance_percentile":0.9961977186311788,"medical_distance_percentile":0.7642585551330798,"exploratory_score_c":0.2721184301611631,"pareto_frontier":true},"geometry":{"type":"Polygon","coordinates":[[[139.46875,35.404166666666676],[139.475,35.404166666666676],[139.475,35.408333333333346],[139.46875,35.408333333333346],[139.46875,35.404166666666676]]]},"id":"533903874"},{"type":"Feature","properties":{"mesh_code":"533903881","area_label":"今田上原バス停周辺","area_label_basis":"最寄りの実在公共交通名称（行政地名ではない）","rank":null,"population":657,"elderly_population":156.0,"elderly_ratio":0.2374429223744292,"centroid_lat":35.40208333333334,"centroid_lon":139.478125,"city_area_fraction":0.11266632927213809,"disclosure_status":"unaffected","primary_eligible":false,"nearest_station_name":"湘南台","nearest_station_distance_m":1223.2189573969733,"nearest_bus_stop_name":"今田上原","nearest_bus_stop_distance_m":631.7465982285171,"nearest_public_transport_type":"bus_stop","nearest_public_transport_name":"今田上原","nearest_public_transport_distance_m":631.7465982285171,"nearest_medical_name":"牧小児科医院","nearest_medical_distance_m":594.2664898893678,"nearest_medical_access_class":"likely_public","nearest_hospital_name":"湘南第一病院","nearest_hospital_distance_m":1139.619963644744,"elderly_population_percentile":null,"transport_distance_percentile":null,"medical_distance_percentile":null,"exploratory_score_c":null,"pareto_frontier":null},"geometry":{"type":"Polygon","coordinates":[[[139.475,35.4],[139.48125,35.4],[139.48125,35.404166666666676],[139.475,35.404166666666676],[139.475,35.4]]]},"id":"533903881"},{"type":"Feature","properties":{"mesh_code":"533903883","area_label":"今田上原バス停周辺","area_label_basis":"最寄りの実在公共交通名称（行政地名ではない）","rank":null,"population":180,"elderly_population":17.0,"elderly_ratio":0.09444444444444444,"centroid_lat":35.40625,"centroid_lon":139.478125,"city_area_fraction":0.17267325685011858,"disclosure_status":"unaffected","primary_eligible":false,"nearest_station_name":"長後","nearest_station_distance_m":1339.1315308601665,"nearest_bus_stop_name":"今田上原","nearest_bus_stop_distance_m":997.5813580915313,"nearest_public_transport_type":"bus_stop","nearest_public_transport_name":"今田上原","nearest_public_transport_distance_m":997.5813580915313,"nearest_medical_name":"牧小児科医院","nearest_medical_distance_m":931.7767467608518,"nearest_medical_access_class":"likely_public","nearest_hospital_name":"一般財団法人同友会　藤沢湘南台病院","nearest_hospital_distance_m":1359.317153304857,"elderly_population_percentile":null,"transport_distance_percentile":null,"medical_distance_percentile":null,"exploratory_score_c":null,"pareto_frontier":null},"geometry":{"type":"Polygon","coordinates":[[[139.475,35.404166666666676],[139.48125,35.404166666666676],[139.48125,35.408333333333346],[139.475,35.408333333333346],[139.475,35.404166666666676]]]},"id":"533903883"},{"type":"Feature","properties":{"mesh_code":"533903922","area_label":"用田神社入口バス停周辺","area_label_basis":"最寄りの実在公共交通名称（行政地名ではない）","rank":82,"population":208,"elderly_population":75.0,"elderly_ratio":0.3605769230769231,"centroid_lat":35.41041666666668,"centroid_lon":139.409375,"city_area_fraction":0.4995361567859818,"disclosure_status":"unaffected","primary_eligible":true,"nearest_station_name":"長後","nearest_station_distance_m":5086.294196628,"nearest_bus_stop_name":"用田神社入口","nearest_bus_stop_distance_m":508.63849814854115,"nearest_public_transport_type":"bus_stop","nearest_public_transport_name":"用田神社入口","nearest_public_transport_distance_m":508.63849814854115,"nearest_medical_name":"特別養護老人ホーム白鷺苑医務室","nearest_medical_distance_m":730.9662892861542,"nearest_medical_access_class":"uncertain_access","nearest_hospital_name":"藤沢御所見病院","nearest_hospital_distance_m":1803.4863895264343,"elderly_population_percentile":0.155893536121673,"transport_distance_percentile":0.9429657794676806,"medical_distance_percentile":0.9315589353612168,"exploratory_score_c":0.136941277953315,"pareto_frontier":false},"geometry":{"type":"Polygon","coordinates":[[[139.40625,35.40833333333334],[139.4125,35.40833333333334],[139.4125,35.4125],[139.40625,35.4125],[139.40625,35.40833333333334]]]},"id":"533903922"},{"type":"Feature","properties":{"mesh_code":"533903924","area_label":"松葉バス停周辺","area_label_basis":"最寄りの実在公共交通名称（行政地名ではない）","rank":null,"population":142,"elderly_population":49.0,"elderly_ratio":0.34507042253521125,"centroid_lat":35.41458333333334,"centroid_lon":139.409375,"city_area_fraction":0.08349093181272256,"disclosure_status":"unaffected","primary_eligible":false,"nearest_station_name":"長後","nearest_station_distance_m":5088.651443641472,"nearest_bus_stop_name":"松葉","nearest_bus_stop_distance_m":756.7365920808095,"nearest_public_transport_type":"bus_stop","nearest_public_transport_name":"松葉","nearest_public_transport_distance_m":756.7365920808095,"nearest_medical_name":"ココロまち診療所","nearest_medical_distance_m":566.9211164170273,"nearest_medical_access_class":"likely_public","nearest_hospital_name":"藤沢御所見病院","nearest_hospital_distance_m":2265.5316195150294,"elderly_population_percentile":null,"transport_distance_percentile":null,"medical_distance_percentile":null,"exploratory_score_c":null,"pareto_frontier":null},"geometry":{"type":"Polygon","coordinates":[[[139.40625,35.4125],[139.4125,35.4125],[139.4125,35.41666666666668],[139.40625,35.41666666666668],[139.40625,35.4125]]]},"id":"533903924"},{"type":"Feature","properties":{"mesh_code":"533903931","area_label":"用田神社入口バス停周辺","area_label_basis":"最寄りの実在公共交通名称（行政地名ではない）","rank":165,"population":478,"elderly_population":187.0,"elderly_ratio":0.3912133891213389,"centroid_lat":35.41041666666668,"centroid_lon":139.415625,"city_area_fraction":1.0,"disclosure_status":"unaffected","primary_eligible":true,"nearest_station_name":"長後","nearest_station_distance_m":4519.172385703642,"nearest_bus_stop_name":"用田神社入口","nearest_bus_stop_distance_m":187.96591095131546,"nearest_public_transport_type":"bus_stop","nearest_public_transport_name":"用田神社入口","nearest_public_transport_distance_m":187.96591095131546,"nearest_medical_name":"特別養護老人ホーム白鷺苑医務室","nearest_medical_distance_m":187.41148527122422,"nearest_medical_access_class":"uncertain_access","nearest_hospital_name":"藤沢御所見病院","nearest_hospital_distance_m":1908.5333898550825,"elderly_population_percentile":0.3231939163498099,"transport_distance_percentile":0.4980988593155893,"medical_distance_percentile":0.2547528517110266,"exploratory_score_c":0.041010756318615,"pareto_frontier":false},"geometry":{"type":"Polygon","coordinates":[[[139.4125,35.40833333333334],[139.41875,35.40833333333334],[139.41875,35.4125],[139.4125,35.4125],[139.4125,35.40833333333334]]]},"id":"533903931"},{"type":"Feature","properties":{"mesh_code":"533903932","area_label":"松葉バス停周辺","area_label_basis":"最寄りの実在公共交通名称（行政地名ではない）","rank":115,"population":293,"elderly_population":131.0,"elderly_ratio":0.447098976109215,"centroid_lat":35.41041666666668,"centroid_lon":139.421875,"city_area_fraction":1.0,"disclosure_status":"unaffected","primary_eligible":true,"nearest_station_name":"長後","nearest_station_distance_m":3952.1981031677788,"nearest_bus_stop_name":"松葉","nearest_bus_stop_distance_m":560.3400650712437,"nearest_public_transport_type":"bus_stop","nearest_public_transport_name":"松葉","nearest_public_transport_distance_m":560.3400650712437,"nearest_medical_name":"特別養護老人ホームかつらはら医務室","nearest_medical_distance_m":239.0031326249331,"nearest_medical_access_class":"uncertain_access","nearest_hospital_name":"藤沢御所見病院","nearest_hospital_distance_m":2162.6367216072904,"elderly_population_percentile":0.2642585551330798,"transport_distance_percentile":0.9505703422053232,"medical_distance_percentile":0.3574144486692015,"exploratory_score_c":0.0897812032214919,"pareto_frontier":false},"geometry":{"type":"Polygon","coordinates":[[[139.41875,35.40833333333334],[139.425,35.40833333333334],[139.425,35.4125],[139.41875,35.4125],[139.41875,35.40833333333334]]]},"id":"533903932"},{"type":"Feature","properties":{"mesh_code":"533903933","area_label":"松葉バス停周辺","area_label_basis":"最寄りの実在公共交通名称（行政地名ではない）","rank":230,"population":135,"elderly_population":40.0,"elderly_ratio":0.2962962962962963,"centroid_lat":35.41458333333334,"centroid_lon":139.415625,"city_area_fraction":0.949597067844269,"disclosure_status":"unaffected","primary_eligible":true,"nearest_station_name":"長後","nearest_station_distance_m":4521.85628993572,"nearest_bus_stop_name":"松葉","nearest_bus_stop_distance_m":194.1442637530021,"nearest_public_transport_type":"bus_stop","nearest_public_transport_name":"松葉","nearest_public_transport_distance_m":194.1442637530021,"nearest_medical_name":"ココロまち診療所","nearest_medical_distance_m":172.49064810280512,"nearest_medical_access_class":"likely_public","nearest_hospital_name":"藤沢御所見病院","nearest_hospital_distance_m":2350.010422335259,"elderly_population_percentile":0.0703422053231939,"transport_distance_percentile":0.5057034220532319,"medical_distance_percentile":0.2243346007604562,"exploratory_score_c":0.0079800963606688,"pareto_frontier":false},"geometry":{"type":"Polygon","coordinates":[[[139.4125,35.4125],[139.41875,35.4125],[139.41875,35.41666666666668],[139.4125,35.41666666666668],[139.4125,35.4125]]]},"id":"533903933"},{"type":"Feature","properties":{"mesh_code":"533903934","area_label":"松葉バス停周辺","area_label_basis":"最寄りの実在公共交通名称（行政地名ではない）","rank":185,"population":84,"elderly_population":26.0,"elderly_ratio":0.30952380952380953,"centroid_lat":35.41458333333334,"centroid_lon":139.421875,"city_area_fraction":0.9755167612710708,"disclosure_status":"unaffected","primary_eligible":true,"nearest_station_name":"長後","nearest_station_distance_m":3955.298007109136,"nearest_bus_stop_name":"松葉","nearest_bus_stop_distance_m":383.54074588608864,"nearest_public_transport_type":"bus_stop","nearest_public_transport_name":"松葉","nearest_public_transport_distance_m":383.54074588608864,"nearest_medical_name":"ココロまち診療所","nearest_medical_distance_m":618.4337389866574,"nearest_medical_access_class":"likely_public","nearest_hospital_name":"藤沢御所見病院","nearest_hospital_distance_m":2560.662538076408,"elderly_population_percentile":0.0380228136882129,"transport_distance_percentile":0.8783269961977186,"medical_distance_percentile":0.8593155893536122,"exploratory_score_c":0.0286981019156969,"pareto_frontier":false},"geometry":{"type":"Polygon","coordinates":[[[139.41875,35.4125],[139.425,35.4125],[139.425,35.41666666666668],[139.41875,35.41666666666668],[139.41875,35.4125]]]},"id":"533903934"},{"type":"Feature","properties":{"mesh_code":"533903941","area_label":"上宮下バス停周辺","area_label_basis":"最寄りの実在公共交通名称（行政地名ではない）","rank":186,"population":241,"elderly_population":88.0,"elderly_ratio":0.3651452282157676,"centroid_lat":35.41041666666668,"centroid_lon":139.428125,"city_area_fraction":1.0,"disclosure_status":"unaffected","primary_eligible":true,"nearest_station_name":"長後","nearest_station_distance_m":3385.4453182042585,"nearest_bus_stop_name":"上宮下","nearest_bus_stop_distance_m":124.98259443241147,"nearest_public_transport_type":"bus_stop","nearest_public_transport_name":"上宮下","nearest_public_transport_distance_m":124.98259443241147,"nearest_medical_name":"特別養護老人ホームかつらはら医務室","nearest_medical_distance_m":399.0254451962042,"nearest_medical_access_class":"uncertain_access","nearest_hospital_name":"医療法人社団　健育会　湘南慶育病院","nearest_hospital_distance_m":2176.9609461018867,"elderly_population_percentile":0.1787072243346007,"transport_distance_percentile":0.2509505703422053,"medical_distance_percentile":0.6387832699619772,"exploratory_score_c":0.0286473088149612,"pareto_frontier":false},"geometry":{"type":"Polygon","coordinates":[[[139.425,35.40833333333334],[139.43125,35.40833333333334],[139.43125,35.4125],[139.425,35.4125],[139.425,35.40833333333334]]]},"id":"533903941"},{"type":"Feature","properties":{"mesh_code":"533903942","area_label":"宮下バス停周辺","area_label_basis":"最寄りの実在公共交通名称（行政地名ではない）","rank":136,"population":224,"elderly_population":43.0,"elderly_ratio":0.19196428571428573,"centroid_lat":35.41041666666668,"centroid_lon":139.434375,"city_area_fraction":1.0,"disclosure_status":"unaffected","primary_eligible":true,"nearest_station_name":"長後","nearest_station_distance_m":2819.047445521658,"nearest_bus_stop_name":"宮下","nearest_bus_stop_distance_m":322.8857120300461,"nearest_public_transport_type":"bus_stop","nearest_public_transport_name":"宮下","nearest_public_transport_distance_m":322.8857120300461,"nearest_medical_name":"宮本内科消化器科クリニック","nearest_medical_distance_m":834.8397586641892,"nearest_medical_access_class":"likely_public","nearest_hospital_name":"医療法人社団　健育会　湘南慶育病院","nearest_hospital_distance_m":2177.2397929738813,"elderly_population_percentile":0.085551330798479,"transport_distance_percentile":0.7908745247148289,"medical_distance_percentile":0.9695817490494296,"exploratory_score_c":0.0656022580281821,"pareto_frontier":false},"geometry":{"type":"Polygon","coordinates":[[[139.43125,35.40833333333334],[139.4375,35.40833333333334],[139.4375,35.4125],[139.43125,35.4125],[139.43125,35.40833333333334]]]},"id":"533903942"},{"type":"Feature","properties":{"mesh_code":"533903943","area_label":"天沼バス停周辺","area_label_basis":"最寄りの実在公共交通名称（行政地名ではない）","rank":213,"population":197,"elderly_population":43.0,"elderly_ratio":0.2182741116751269,"centroid_lat":35.41458333333334,"centroid_lon":139.428125,"city_area_fraction":0.9999999999999998,"disclosure_status":"unaffected","primary_eligible":true,"nearest_station_name":"長後","nearest_station_distance_m":3389.0952380574395,"nearest_bus_stop_name":"天沼","nearest_bus_stop_distance_m":120.62519282101407,"nearest_public_transport_type":"bus_stop","nearest_public_transport_name":"天沼","nearest_public_transport_distance_m":120.62519282101407,"nearest_medical_name":"特別養護老人ホームかつらはら医務室","nearest_medical_distance_m":708.5753495889876,"nearest_medical_access_class":"uncertain_access","nearest_hospital_name":"医療法人社団　健育会　湘南慶育病院","nearest_hospital_distance_m":2635.973072350554,"elderly_population_percentile":0.085551330798479,"transport_distance_percentile":0.2319391634980988,"medical_distance_percentile":0.9239543726235742,"exploratory_score_c":0.0183337532193013,"pareto_frontier":false},"geometry":{"type":"Polygon","coordinates":[[[139.425,35.4125],[139.43125,35.4125],[139.43125,35.41666666666668],[139.425,35.41666666666668],[139.425,35.4125]]]},"id":"533903943"},{"type":"Feature","properties":{"mesh_code":"533903944","area_label":"長坂上バス停周辺","area_label_basis":"最寄りの実在公共交通名称（行政地名ではない）","rank":110,"population":165,"elderly_population":65.0,"elderly_ratio":0.3939393939393939,"centroid_lat":35.41458333333334,"centroid_lon":139.434375,"city_area_fraction":0.9703977954948251,"disclosure_status":"unaffected","primary_eligible":true,"nearest_station_name":"長後","nearest_station_distance_m":2823.461689223736,"nearest_bus_stop_name":"長坂上","nearest_bus_stop_distance_m":285.1368252057054,"nearest_public_transport_type":"bus_stop","nearest_public_transport_name":"長坂上","nearest_public_transport_distance_m":285.1368252057054,"nearest_medical_name":"特別養護老人ホームかつらはら医務室","nearest_medical_distance_m":1117.3987977768977,"nearest_medical_access_class":"uncertain_access","nearest_hospital_name":"医療法人社団　健育会　湘南慶育病院","nearest_hospital_distance_m":2636.20314137683,"elderly_population_percentile":0.1254752851711026,"transport_distance_percentile":0.7490494296577946,"medical_distance_percentile":0.988593155893536,"exploratory_score_c":0.0929150935601769,"pareto_frontier":true},"geometry":{"type":"Polygon","coordinates":[[[139.43125,35.4125],[139.4375,35.4125],[139.4375,35.41666666666668],[139.43125,35.41666666666668],[139.43125,35.4125]]]},"id":"533903944"},{"type":"Feature","properties":{"mesh_code":"533903951","area_label":"藤沢・綾瀬ふれあいの杜バス停周辺","area_label_basis":"最寄りの実在公共交通名称（行政地名ではない）","rank":95,"population":200,"elderly_population":72.0,"elderly_ratio":0.36,"centroid_lat":35.41041666666668,"centroid_lon":139.440625,"city_area_fraction":0.6510402122952734,"disclosure_status":"unaffected","primary_eligible":true,"nearest_station_name":"長後","nearest_station_distance_m":2253.271918343992,"nearest_bus_stop_name":"藤沢・綾瀬ふれあいの杜","nearest_bus_stop_distance_m":345.10615010040857,"nearest_public_transport_type":"bus_stop","nearest_public_transport_name":"藤沢・綾瀬ふれあいの杜","nearest_public_transport_distance_m":345.10615010040857,"nearest_medical_name":"宮本内科消化器科クリニック","nearest_medical_distance_m":960.6008791430241,"nearest_medical_access_class":"likely_public","nearest_hospital_name":"医療法人社団　健育会　湘南慶育病院","nearest_hospital_distance_m":2320.812869219423,"elderly_population_percentile":0.1444866920152091,"transport_distance_percentile":0.8288973384030418,"medical_distance_percentile":0.9809885931558936,"exploratory_score_c":0.117487740255077,"pareto_frontier":false},"geometry":{"type":"Polygon","coordinates":[[[139.4375,35.40833333333334],[139.44375,35.40833333333334],[139.44375,35.4125],[139.4375,35.4125],[139.4375,35.40833333333334]]]},"id":"533903951"},{"type":"Feature","properties":{"mesh_code":"533903952","area_label":"大持バス停周辺","area_label_basis":"最寄りの実在公共交通名称（行政地名ではない）","rank":null,"population":2019,"elderly_population":715.0,"elderly_ratio":0.354135710747895,"centroid_lat":35.41041666666668,"centroid_lon":139.446875,"city_area_fraction":0.035584442882374036,"disclosure_status":"unaffected","primary_eligible":false,"nearest_station_name":"長後","nearest_station_distance_m":1688.7440696695044,"nearest_bus_stop_name":"大持","nearest_bus_stop_distance_m":361.82360168328586,"nearest_public_transport_type":"bus_stop","nearest_public_transport_name":"大持","nearest_public_transport_distance_m":361.82360168328586,"nearest_medical_name":"いすゞ自動車藤沢工場健康診断診療所","nearest_medical_distance_m":1150.4550722647873,"nearest_medical_access_class":"likely_public","nearest_hospital_name":"一般財団法人同友会　藤沢湘南台病院","nearest_hospital_distance_m":2247.4950446479884,"elderly_population_percentile":null,"transport_distance_percentile":null,"medical_distance_percentile":null,"exploratory_score_c":null,"pareto_frontier":null},"geometry":{"type":"Polygon","coordinates":[[[139.44375,35.40833333333334],[139.45,35.40833333333334],[139.45,35.4125],[139.44375,35.4125],[139.44375,35.40833333333334]]]},"id":"533903952"},{"type":"Feature","properties":{"mesh_code":"533903953","area_label":"藤沢・綾瀬ふれあいの杜バス停周辺","area_label_basis":"最寄りの実在公共交通名称（行政地名ではない）","rank":null,"population":1731,"elderly_population":535.0,"elderly_ratio":0.30906990179087235,"centroid_lat":35.41458333333334,"centroid_lon":139.440625,"city_area_fraction":0.37338634283041794,"disclosure_status":"unaffected","primary_eligible":false,"nearest_station_name":"長後","nearest_station_distance_m":2258.824795666568,"nearest_bus_stop_name":"藤沢・綾瀬ふれあいの杜","nearest_bus_stop_distance_m":183.7149240880267,"nearest_public_transport_type":"bus_stop","nearest_public_transport_name":"藤沢・綾瀬ふれあいの杜","nearest_public_transport_distance_m":183.7149240880267,"nearest_medical_name":"特別養護老人ホーム藤沢富士白苑医務室","nearest_medical_distance_m":1352.4258890795363,"nearest_medical_access_class":"uncertain_access","nearest_hospital_name":"一般財団法人同友会　藤沢湘南台病院","nearest_hospital_distance_m":2713.381290780927,"elderly_population_percentile":null,"transport_distance_percentile":null,"medical_distance_percentile":null,"exploratory_score_c":null,"pareto_frontier":null},"geometry":{"type":"Polygon","coordinates":[[[139.4375,35.4125],[139.44375,35.4125],[139.44375,35.41666666666668],[139.4375,35.41666666666668],[139.4375,35.4125]]]},"id":"533903953"},{"type":"Feature","properties":{"mesh_code":"533903961","area_label":"坂下バス停周辺","area_label_basis":"最寄りの実在公共交通名称（行政地名ではない）","rank":4,"population":1882,"elderly_population":646.0,"elderly_ratio":0.3432518597236982,"centroid_lat":35.41041666666668,"centroid_lon":139.453125,"city_area_fraction":0.585447081934014,"disclosure_status":"unaffected","primary_eligible":true,"nearest_station_name":"長後","nearest_station_distance_m":1127.3393983606843,"nearest_bus_stop_name":"坂下","nearest_bus_stop_distance_m":241.70573670527793,"nearest_public_transport_type":"bus_stop","nearest_public_transport_name":"坂下","nearest_public_transport_distance_m":241.70573670527793,"nearest_medical_name":"赤川内科医院","nearest_medical_distance_m":857.5825338580432,"nearest_medical_access_class":"likely_public","nearest_hospital_name":"一般財団法人同友会　藤沢湘南台病院","nearest_hospital_distance_m":1717.3746324997153,"elderly_population_percentile":0.7984790874524715,"transport_distance_percentile":0.6349809885931559,"medical_distance_percentile":0.973384030418251,"exploratory_score_c":0.4935242369669658,"pareto_frontier":true},"geometry":{"type":"Polygon","coordinates":[[[139.45,35.40833333333334],[139.45625,35.40833333333334],[139.45625,35.4125],[139.45,35.4125],[139.45,35.40833333333334]]]},"id":"533903961"},{"type":"Feature","properties":{"mesh_code":"533903962","area_label":"住宅前バス停周辺","area_label_basis":"最寄りの実在公共交通名称（行政地名ではない）","rank":100,"population":1839,"elderly_population":429.0,"elderly_ratio":0.233278955954323,"centroid_lat":35.41041666666668,"centroid_lon":139.459375,"city_area_fraction":0.9732209424784909,"disclosure_status":"unaffected","primary_eligible":true,"nearest_station_name":"長後","nearest_station_distance_m":578.2267281387227,"nearest_bus_stop_name":"住宅前","nearest_bus_stop_distance_m":167.88159678382883,"nearest_public_transport_type":"bus_stop","nearest_public_transport_name":"住宅前","nearest_public_transport_distance_m":167.88159678382883,"nearest_medical_name":"赤川内科医院","nearest_medical_distance_m":291.803480598792,"nearest_medical_access_class":"likely_public","nearest_hospital_name":"一般財団法人同友会　藤沢湘南台病院","nearest_hospital_distance_m":1221.4320564931352,"elderly_population_percentile":0.5399239543726235,"transport_distance_percentile":0.4068441064638783,"medical_distance_percentile":0.4524714828897338,"exploratory_score_c":0.0993920934381965,"pareto_frontier":false},"geometry":{"type":"Polygon","coordinates":[[[139.45625,35.40833333333334],[139.4625,35.40833333333334],[139.4625,35.4125],[139.45625,35.4125],[139.45625,35.40833333333334]]]},"id":"533903962"},{"type":"Feature","properties":{"mesh_code":"533903963","area_label":"奥田バス停周辺","area_label_basis":"最寄りの実在公共交通名称（行政地名ではない）","rank":null,"population":1739,"elderly_population":553.0,"elderly_ratio":0.31799884991374355,"centroid_lat":35.41458333333334,"centroid_lon":139.453125,"city_area_fraction":0.04770590472903788,"disclosure_status":"unaffected","primary_eligible":false,"nearest_station_name":"長後","nearest_station_distance_m":1138.4837037449224,"nearest_bus_stop_name":"奥田","nearest_bus_stop_distance_m":537.4699117722378,"nearest_public_transport_type":"bus_stop","nearest_public_transport_name":"奥田","nearest_public_transport_distance_m":537.4699117722378,"nearest_medical_name":"赤川内科医院","nearest_medical_distance_m":954.8425089468302,"nearest_medical_access_class":"likely_public","nearest_hospital_name":"一般財団法人同友会　藤沢湘南台病院","nearest_hospital_distance_m":1585.7463157520976,"elderly_population_percentile":null,"transport_distance_percentile":null,"medical_distance_percentile":null,"exploratory_score_c":null,"pareto_frontier":null},"geometry":{"type":"Polygon","coordinates":[[[139.45,35.4125],[139.45625,35.4125],[139.45625,35.41666666666668],[139.45,35.41666666666668],[139.45,35.4125]]]},"id":"533903963"},{"type":"Feature","properties":{"mesh_code":"533903964","area_label":"長後市民センター前バス停周辺","area_label_basis":"最寄りの実在公共交通名称（行政地名ではない）","rank":39,"population":782,"elderly_population":188.0,"elderly_ratio":0.24040920716112532,"centroid_lat":35.41458333333334,"centroid_lon":139.459375,"city_area_fraction":0.9845751586979059,"disclosure_status":"unaffected","primary_eligible":true,"nearest_station_name":"長後","nearest_station_distance_m":599.7044021578726,"nearest_bus_stop_name":"長後市民センター前","nearest_bus_stop_distance_m":353.09218073567433,"nearest_public_transport_type":"bus_stop","nearest_public_transport_name":"長後市民センター前","nearest_public_transport_distance_m":353.09218073567433,"nearest_medical_name":"赤川内科医院","nearest_medical_distance_m":511.33069060837823,"nearest_medical_access_class":"likely_public","nearest_hospital_name":"一般財団法人同友会　藤沢湘南台病院","nearest_hospital_distance_m":1028.1961142987282,"elderly_population_percentile":0.3269961977186312,"transport_distance_percentile":0.8403041825095057,"medical_distance_percentile":0.7832699619771863,"exploratory_score_c":0.2152240005976435,"pareto_frontier":false},"geometry":{"type":"Polygon","coordinates":[[[139.45625,35.4125],[139.4625,35.4125],[139.4625,35.41666666666668],[139.45625,35.41666666666668],[139.45625,35.4125]]]},"id":"533903964"},{"type":"Feature","properties":{"mesh_code":"533903971","area_label":"長後駅周辺","area_label_basis":"最寄りの実在公共交通名称（行政地名ではない）","rank":199,"population":2741,"elderly_population":656.0,"elderly_ratio":0.2393287121488508,"centroid_lat":35.41041666666668,"centroid_lon":139.465625,"city_area_fraction":1.0,"disclosure_status":"unaffected","primary_eligible":true,"nearest_station_name":"長後","nearest_station_distance_m":205.45484469042862,"nearest_bus_stop_name":"長後駅","nearest_bus_stop_distance_m":198.69325231910602,"nearest_public_transport_type":"bus_stop","nearest_public_transport_name":"長後駅","nearest_public_transport_distance_m":198.69325231910602,"nearest_medical_name":"長後中央医院","nearest_medical_distance_m":67.45724473725299,"nearest_medical_access_class":"likely_public","nearest_hospital_name":"一般財団法人同友会　藤沢湘南台病院","nearest_hospital_distance_m":823.8901412214349,"elderly_population_percentile":0.8098859315589354,"transport_distance_percentile":0.5361216730038023,"medical_distance_percentile":0.053231939163498,"exploratory_score_c":0.0231131696120709,"pareto_frontier":false},"geometry":{"type":"Polygon","coordinates":[[[139.4625,35.40833333333334],[139.46875,35.40833333333334],[139.46875,35.4125],[139.4625,35.4125],[139.4625,35.40833333333334]]]},"id":"533903971"},{"type":"Feature","properties":{"mesh_code":"533903972","area_label":"住宅前バス停周辺","area_label_basis":"最寄りの実在公共交通名称（行政地名ではない）","rank":13,"population":1893,"elderly_population":370.0,"elderly_ratio":0.19545694664553617,"centroid_lat":35.41041666666668,"centroid_lon":139.471875,"city_area_fraction":0.9999999999999998,"disclosure_status":"unaffected","primary_eligible":true,"nearest_station_name":"長後","nearest_station_distance_m":628.0842614425527,"nearest_bus_stop_name":"住宅前","nearest_bus_stop_distance_m":426.88101779100356,"nearest_public_transport_type":"bus_stop","nearest_public_transport_name":"住宅前","nearest_public_transport_distance_m":426.88101779100356,"nearest_medical_name":"たけいハートクリニック","nearest_medical_distance_m":532.217866828218,"nearest_medical_access_class":"likely_public","nearest_hospital_name":"一般財団法人同友会　藤沢湘南台病院","nearest_hospital_distance_m":714.1924131792714,"elderly_population_percentile":0.4980988593155893,"transport_distance_percentile":0.9011406844106464,"medical_distance_percentile":0.7984790874524715,"exploratory_score_c":0.3584030451233484,"pareto_frontier":false},"geometry":{"type":"Polygon","coordinates":[[[139.46875,35.40833333333334],[139.475,35.40833333333334],[139.475,35.4125],[139.46875,35.4125],[139.46875,35.40833333333334]]]},"id":"533903972"},{"type":"Feature","properties":{"mesh_code":"533903973","area_label":"長後周辺","area_label_basis":"最寄りの実在公共交通名称（行政地名ではない）","rank":196,"population":2702,"elderly_population":787.0,"elderly_ratio":0.2912657290895633,"centroid_lat":35.41458333333334,"centroid_lon":139.465625,"city_area_fraction":1.0,"disclosure_status":"unaffected","primary_eligible":true,"nearest_station_name":"長後","nearest_station_distance_m":259.85753709307676,"nearest_bus_stop_name":"長後駅","nearest_bus_stop_distance_m":266.118123083015,"nearest_public_transport_type":"station","nearest_public_transport_name":"長後","nearest_public_transport_distance_m":259.85753709307676,"nearest_medical_name":"医療法人社団ＴＡＳ長後整形外科","nearest_medical_distance_m":54.28939581196047,"nearest_medical_access_class":"likely_public","nearest_hospital_name":"一般財団法人同友会　藤沢湘南台病院","nearest_hospital_distance_m":494.09311302097666,"elderly_population_percentile":0.908745247148289,"transport_distance_percentile":0.688212927756654,"medical_distance_percentile":0.0380228136882129,"exploratory_score_c":0.0237798565446717,"pareto_frontier":false},"geometry":{"type":"Polygon","coordinates":[[[139.4625,35.4125],[139.46875,35.4125],[139.46875,35.41666666666668],[139.4625,35.41666666666668],[139.4625,35.4125]]]},"id":"533903973"},{"type":"Feature","properties":{"mesh_code":"533903974","area_label":"藤沢湘南台病院前バス停周辺","area_label_basis":"最寄りの実在公共交通名称（行政地名ではない）","rank":58,"population":2432,"elderly_population":747.0,"elderly_ratio":0.3071546052631579,"centroid_lat":35.41458333333334,"centroid_lon":139.471875,"city_area_fraction":1.0000000000000002,"disclosure_status":"unaffected","primary_eligible":true,"nearest_station_name":"長後","nearest_station_distance_m":647.9088985528641,"nearest_bus_stop_name":"藤沢湘南台病院前","nearest_bus_stop_distance_m":182.10329101422613,"nearest_public_transport_type":"bus_stop","nearest_public_transport_name":"藤沢湘南台病院前","nearest_public_transport_distance_m":182.10329101422613,"nearest_medical_name":"一般財団法人同友会　藤沢湘南台病院","nearest_medical_distance_m":274.6137812397452,"nearest_medical_access_class":"likely_public","nearest_hospital_name":"一般財団法人同友会　藤沢湘南台病院","nearest_hospital_distance_m":274.6137812397452,"elderly_population_percentile":0.8859315589353612,"transport_distance_percentile":0.4714828897338403,"medical_distance_percentile":0.4182509505703422,"exploratory_score_c":0.1747040793401426,"pareto_frontier":false},"geometry":{"type":"Polygon","coordinates":[[[139.46875,35.4125],[139.475,35.4125],[139.475,35.41666666666668],[139.46875,35.41666666666668],[139.46875,35.4125]]]},"id":"533903974"},{"type":"Feature","properties":{"mesh_code":"533903981","area_label":"上高倉バス停周辺","area_label_basis":"最寄りの実在公共交通名称（行政地名ではない）","rank":null,"population":299,"elderly_population":67.0,"elderly_ratio":0.22408026755852842,"centroid_lat":35.41041666666668,"centroid_lon":139.478125,"city_area_fraction":0.13080428051339035,"disclosure_status":"unaffected","primary_eligible":false,"nearest_station_name":"長後","nearest_station_distance_m":1179.4828078277133,"nearest_bus_stop_name":"上高倉","nearest_bus_stop_distance_m":760.3501843265778,"nearest_public_transport_type":"bus_stop","nearest_public_transport_name":"上高倉","nearest_public_transport_distance_m":760.3501843265778,"nearest_medical_name":"一般財団法人同友会　藤沢湘南台病院","nearest_medical_distance_m":992.8357806808733,"nearest_medical_access_class":"likely_public","nearest_hospital_name":"一般財団法人同友会　藤沢湘南台病院","nearest_hospital_distance_m":992.8357806808733,"elderly_population_percentile":null,"transport_distance_percentile":null,"medical_distance_percentile":null,"exploratory_score_c":null,"pareto_frontier":null},"geometry":{"type":"Polygon","coordinates":[[[139.475,35.40833333333334],[139.48125,35.40833333333334],[139.48125,35.4125],[139.475,35.4125],[139.475,35.40833333333334]]]},"id":"533903981"},{"type":"Feature","properties":{"mesh_code":"533903983","area_label":"上高倉バス停周辺","area_label_basis":"最寄りの実在公共交通名称（行政地名ではない）","rank":null,"population":1050,"elderly_population":227.0,"elderly_ratio":0.21619047619047618,"centroid_lat":35.41458333333334,"centroid_lon":139.478125,"city_area_fraction":0.24991986929916893,"disclosure_status":"unaffected","primary_eligible":false,"nearest_station_name":"長後","nearest_station_distance_m":1190.1363282598898,"nearest_bus_stop_name":"上高倉","nearest_bus_stop_distance_m":342.98019351314724,"nearest_public_transport_type":"bus_stop","nearest_public_transport_name":"上高倉","nearest_public_transport_distance_m":342.98019351314724,"nearest_medical_name":"一般財団法人同友会　藤沢湘南台病院","nearest_medical_distance_m":742.3210404991208,"nearest_medical_access_class":"likely_public","nearest_hospital_name":"一般財団法人同友会　藤沢湘南台病院","nearest_hospital_distance_m":742.3210404991208,"elderly_population_percentile":null,"transport_distance_percentile":null,"medical_distance_percentile":null,"exploratory_score_c":null,"pareto_frontier":null},"geometry":{"type":"Polygon","coordinates":[[[139.475,35.4125],[139.48125,35.4125],[139.48125,35.41666666666668],[139.475,35.41666666666668],[139.475,35.4125]]]},"id":"533903983"},{"type":"Feature","properties":{"mesh_code":"533904001","area_label":"小塚地下道前バス停周辺","area_label_basis":"最寄りの実在公共交通名称（行政地名ではない）","rank":149,"population":1206,"elderly_population":361.0,"elderly_ratio":0.29933665008291876,"centroid_lat":35.335416666666674,"centroid_lon":139.503125,"city_area_fraction":0.9865125493106203,"disclosure_status":"unaffected","primary_eligible":true,"nearest_station_name":"藤沢","nearest_station_distance_m":1459.456030232855,"nearest_bus_stop_name":"小塚地下道前","nearest_bus_stop_distance_m":143.02979292326427,"nearest_public_transport_type":"bus_stop","nearest_public_transport_name":"小塚地下道前","nearest_public_transport_distance_m":143.02979292326427,"nearest_medical_name":"藤沢病院","nearest_medical_distance_m":242.71185224264718,"nearest_medical_access_class":"likely_public","nearest_hospital_name":"藤沢病院","nearest_hospital_distance_m":242.71185224264718,"elderly_population_percentile":0.4733840304182509,"transport_distance_percentile":0.3193916349809886,"medical_distance_percentile":0.3688212927756654,"exploratory_score_c":0.0557638982759315,"pareto_frontier":false},"geometry":{"type":"Polygon","coordinates":[[[139.5,35.333333333333336],[139.50625,35.333333333333336],[139.50625,35.3375],[139.5,35.3375],[139.5,35.333333333333336]]]},"id":"533904001"},{"type":"Feature","properties":{"mesh_code":"533904002","area_label":"村岡宮前バス停周辺","area_label_basis":"最寄りの実在公共交通名称（行政地名ではない）","rank":122,"population":1469,"elderly_population":351.0,"elderly_ratio":0.23893805309734514,"centroid_lat":35.335416666666674,"centroid_lon":139.509375,"city_area_fraction":0.7960179157933075,"disclosure_status":"unaffected","primary_eligible":true,"nearest_station_name":"藤沢","nearest_station_distance_m":2023.5817256839935,"nearest_bus_stop_name":"村岡宮前","nearest_bus_stop_distance_m":141.65447385602863,"nearest_public_transport_type":"bus_stop","nearest_public_transport_name":"村岡宮前","nearest_public_transport_distance_m":141.65447385602863,"nearest_medical_name":"神戸製鋼所藤沢事業所診療所","nearest_medical_distance_m":343.75591760331423,"nearest_medical_access_class":"uncertain_access","nearest_hospital_name":"藤沢病院","nearest_hospital_distance_m":433.2778265978692,"elderly_population_percentile":0.4638783269961977,"transport_distance_percentile":0.3155893536121673,"medical_distance_percentile":0.5437262357414449,"exploratory_score_c":0.0795988356506219,"pareto_frontier":false},"geometry":{"type":"Polygon","coordinates":[[[139.50625,35.333333333333336],[139.5125,35.333333333333336],[139.5125,35.3375],[139.50625,35.3375],[139.50625,35.333333333333336]]]},"id":"533904002"},{"type":"Feature","properties":{"mesh_code":"533904003","area_label":"小塚バス停周辺","area_label_basis":"最寄りの実在公共交通名称（行政地名ではない）","rank":204,"population":2508,"elderly_population":396.0,"elderly_ratio":0.15789473684210525,"centroid_lat":35.33958333333334,"centroid_lon":139.503125,"city_area_fraction":1.0,"disclosure_status":"unaffected","primary_eligible":true,"nearest_station_name":"藤沢","nearest_station_distance_m":1458.2295899415926,"nearest_bus_stop_name":"小塚","nearest_bus_stop_distance_m":90.13531435428351,"nearest_public_transport_type":"bus_stop","nearest_public_transport_name":"小塚","nearest_public_transport_distance_m":90.13531435428351,"nearest_medical_name":"岩崎クリニック","nearest_medical_distance_m":200.62786565569732,"nearest_medical_access_class":"likely_public","nearest_hospital_name":"藤沢病院","nearest_hospital_distance_m":657.3153039088909,"elderly_population_percentile":0.5228136882129277,"transport_distance_percentile":0.1368821292775665,"medical_distance_percentile":0.2889733840304182,"exploratory_score_c":0.0206800481566969,"pareto_frontier":false},"geometry":{"type":"Polygon","coordinates":[[[139.5,35.3375],[139.50625,35.3375],[139.50625,35.341666666666676],[139.5,35.341666666666676],[139.5,35.3375]]]},"id":"533904003"},{"type":"Feature","properties":{"mesh_code":"533904004","area_label":"湘南アイパークバス停周辺","area_label_basis":"最寄りの実在公共交通名称（行政地名ではない）","rank":228,"population":665,"elderly_population":69.0,"elderly_ratio":0.1037593984962406,"centroid_lat":35.33958333333334,"centroid_lon":139.509375,"city_area_fraction":1.0,"disclosure_status":"unaffected","primary_eligible":true,"nearest_station_name":"藤沢","nearest_station_distance_m":2025.2160793582514,"nearest_bus_stop_name":"湘南アイパーク","nearest_bus_stop_distance_m":108.52376180125158,"nearest_public_transport_type":"bus_stop","nearest_public_transport_name":"湘南アイパーク","nearest_public_transport_distance_m":108.52376180125158,"nearest_medical_name":"神戸製鋼所藤沢事業所診療所","nearest_medical_distance_m":227.22668100200227,"nearest_medical_access_class":"uncertain_access","nearest_hospital_name":"藤沢病院","nearest_hospital_distance_m":748.9174004666463,"elderly_population_percentile":0.1349809885931558,"transport_distance_percentile":0.1939163498098859,"medical_distance_percentile":0.3231939163498099,"exploratory_score_c":0.0084596074188051,"pareto_frontier":false},"geometry":{"type":"Polygon","coordinates":[[[139.50625,35.3375],[139.5125,35.3375],[139.5125,35.341666666666676],[139.50625,35.341666666666676],[139.50625,35.3375]]]},"id":"533904004"},{"type":"Feature","properties":{"mesh_code":"533904011","area_label":"湘南車庫バス停周辺","area_label_basis":"最寄りの実在公共交通名称（行政地名ではない）","rank":null,"population":450,"elderly_population":92.0,"elderly_ratio":0.20444444444444446,"centroid_lat":35.335416666666674,"centroid_lon":139.515625,"city_area_fraction":0.012466205423653171,"disclosure_status":"unaffected","primary_eligible":false,"nearest_station_name":"藤沢","nearest_station_distance_m":2589.470082480013,"nearest_bus_stop_name":"湘南車庫","nearest_bus_stop_distance_m":513.4222882651205,"nearest_public_transport_type":"bus_stop","nearest_public_transport_name":"湘南車庫","nearest_public_transport_distance_m":513.4222882651205,"nearest_medical_name":"神戸製鋼所藤沢事業所診療所","nearest_medical_distance_m":506.62550566427774,"nearest_medical_access_class":"uncertain_access","nearest_hospital_name":"藤沢病院","nearest_hospital_distance_m":980.9073885546509,"elderly_population_percentile":null,"transport_distance_percentile":null,"medical_distance_percentile":null,"exploratory_score_c":null,"pareto_frontier":null},"geometry":{"type":"Polygon","coordinates":[[[139.5125,35.333333333333336],[139.51875,35.333333333333336],[139.51875,35.3375],[139.5125,35.3375],[139.5125,35.333333333333336]]]},"id":"533904011"},{"type":"Feature","properties":{"mesh_code":"533904013","area_label":"湘南車庫バス停周辺","area_label_basis":"最寄りの実在公共交通名称（行政地名ではない）","rank":null,"population":820,"elderly_population":262.0,"elderly_ratio":0.3195121951219512,"centroid_lat":35.33958333333334,"centroid_lon":139.515625,"city_area_fraction":0.4120789812192326,"disclosure_status":"unaffected","primary_eligible":false,"nearest_station_name":"藤沢","nearest_station_distance_m":2592.7059626888868,"nearest_bus_stop_name":"湘南車庫","nearest_bus_stop_distance_m":97.06094262746291,"nearest_public_transport_type":"bus_stop","nearest_public_transport_name":"湘南車庫","nearest_public_transport_distance_m":97.06094262746291,"nearest_medical_name":"神戸製鋼所藤沢事業所診療所","nearest_medical_distance_m":436.03457936760225,"nearest_medical_access_class":"uncertain_access","nearest_hospital_name":"藤沢病院","nearest_hospital_distance_m":1155.5461898626647,"elderly_population_percentile":null,"transport_distance_percentile":null,"medical_distance_percentile":null,"exploratory_score_c":null,"pareto_frontier":null},"geometry":{"type":"Polygon","coordinates":[[[139.5125,35.3375],[139.51875,35.3375],[139.51875,35.341666666666676],[139.5125,35.341666666666676],[139.5125,35.3375]]]},"id":"533904013"},{"type":"Feature","properties":{"mesh_code":"533904101","area_label":"高谷バス停周辺","area_label_basis":"最寄りの実在公共交通名称（行政地名ではない）","rank":30,"population":2283,"elderly_population":532.0,"elderly_ratio":0.23302671922908455,"centroid_lat":35.34375,"centroid_lon":139.503125,"city_area_fraction":1.0,"disclosure_status":"unaffected","primary_eligible":true,"nearest_station_name":"藤沢","nearest_station_distance_m":1562.3780371964963,"nearest_bus_stop_name":"高谷","nearest_bus_stop_distance_m":285.90911340463964,"nearest_public_transport_type":"bus_stop","nearest_public_transport_name":"高谷","nearest_public_transport_distance_m":285.90911340463964,"nearest_medical_name":"岩崎クリニック","nearest_medical_distance_m":331.15928947573946,"nearest_medical_access_class":"likely_public","nearest_hospital_name":"藤沢病院","nearest_hospital_distance_m":1110.2002964923154,"elderly_population_percentile":0.6330798479087453,"transport_distance_percentile":0.752851711026616,"medical_distance_percentile":0.5209125475285171,"exploratory_score_c":0.2482748623570186,"pareto_frontier":false},"geometry":{"type":"Polygon","coordinates":[[[139.5,35.34166666666667],[139.50625,35.34166666666667],[139.50625,35.34583333333334],[139.5,35.34583333333334],[139.5,35.34166666666667]]]},"id":"533904101"},{"type":"Feature","properties":{"mesh_code":"533904102","area_label":"高谷小学校入口バス停周辺","area_label_basis":"最寄りの実在公共交通名称（行政地名ではない）","rank":116,"population":1707,"elderly_population":278.0,"elderly_ratio":0.1628588166373755,"centroid_lat":35.34375,"centroid_lon":139.509375,"city_area_fraction":0.7941188958975117,"disclosure_status":"unaffected","primary_eligible":true,"nearest_station_name":"藤沢","nearest_station_distance_m":2101.4257619913615,"nearest_bus_stop_name":"高谷小学校入口","nearest_bus_stop_distance_m":279.14430469482716,"nearest_public_transport_type":"bus_stop","nearest_public_transport_name":"高谷小学校入口","nearest_public_transport_distance_m":279.14430469482716,"nearest_medical_name":"武田薬品湘南診療所","nearest_medical_distance_m":205.91991440269751,"nearest_medical_access_class":"likely_public","nearest_hospital_name":"藤沢病院","nearest_hospital_distance_m":1166.7697356175274,"elderly_population_percentile":0.403041825095057,"transport_distance_percentile":0.7376425855513308,"medical_distance_percentile":0.3003802281368821,"exploratory_score_c":0.0893032863191146,"pareto_frontier":false},"geometry":{"type":"Polygon","coordinates":[[[139.50625,35.34166666666667],[139.5125,35.34166666666667],[139.5125,35.34583333333334],[139.50625,35.34583333333334],[139.50625,35.34166666666667]]]},"id":"533904102"},{"type":"Feature","properties":{"mesh_code":"533904103","area_label":"渡内二丁目バス停周辺","area_label_basis":"最寄りの実在公共交通名称（行政地名ではない）","rank":45,"population":2713,"elderly_population":772.0,"elderly_ratio":0.28455584224106156,"centroid_lat":35.34791666666668,"centroid_lon":139.503125,"city_area_fraction":1.0,"disclosure_status":"unaffected","primary_eligible":true,"nearest_station_name":"藤沢","nearest_station_distance_m":1784.0809151447545,"nearest_bus_stop_name":"渡内二丁目","nearest_bus_stop_distance_m":148.18166957274832,"nearest_public_transport_type":"bus_stop","nearest_public_transport_name":"渡内二丁目","nearest_public_transport_distance_m":148.18166957274832,"nearest_medical_name":"医療法人慈誠会　かすが整形外科","nearest_medical_distance_m":418.07188412967463,"nearest_medical_access_class":"likely_public","nearest_hospital_name":"藤沢病院","nearest_hospital_distance_m":1568.5514961130636,"elderly_population_percentile":0.9011406844106464,"transport_distance_percentile":0.3307984790874524,"medical_distance_percentile":0.6730038022813688,"exploratory_score_c":0.2006197198056866,"pareto_frontier":false},"geometry":{"type":"Polygon","coordinates":[[[139.5,35.34583333333334],[139.50625,35.34583333333334],[139.50625,35.35],[139.5,35.35],[139.5,35.34583333333334]]]},"id":"533904103"},{"type":"Feature","properties":{"mesh_code":"533904104","area_label":"渡内第三会館前バス停周辺","area_label_basis":"最寄りの実在公共交通名称（行政地名ではない）","rank":29,"population":2054,"elderly_population":542.0,"elderly_ratio":0.2638753651411879,"centroid_lat":35.34791666666668,"centroid_lon":139.509375,"city_area_fraction":0.7224855996328662,"disclosure_status":"unaffected","primary_eligible":true,"nearest_station_name":"藤沢","nearest_station_distance_m":2271.0808212139855,"nearest_bus_stop_name":"渡内第三会館前","nearest_bus_stop_distance_m":323.1602857085247,"nearest_public_transport_type":"bus_stop","nearest_public_transport_name":"渡内第三会館前","nearest_public_transport_distance_m":323.1602857085247,"nearest_medical_name":"医療法人慈誠会　かすが整形外科","nearest_medical_distance_m":305.02673324,"nearest_medical_access_class":"likely_public","nearest_hospital_name":"藤沢病院","nearest_hospital_distance_m":1609.0847052808301,"elderly_population_percentile":0.6577946768060836,"transport_distance_percentile":0.7946768060836502,"medical_distance_percentile":0.4790874524714829,"exploratory_score_c":0.2504353831775998,"pareto_frontier":false},"geometry":{"type":"Polygon","coordinates":[[[139.50625,35.34583333333334],[139.5125,35.34583333333334],[139.5125,35.35],[139.50625,35.35],[139.50625,35.34583333333334]]]},"id":"533904104"},{"type":"Feature","properties":{"mesh_code":"533904111","area_label":"湘南車庫バス停周辺","area_label_basis":"最寄りの実在公共交通名称（行政地名ではない）","rank":null,"population":2220,"elderly_population":451.0,"elderly_ratio":0.20315315315315316,"centroid_lat":35.34375,"centroid_lon":139.515625,"city_area_fraction":0.2637830716403855,"disclosure_status":"unaffected","primary_eligible":false,"nearest_station_name":"藤沢","nearest_station_distance_m":2652.636349990843,"nearest_bus_stop_name":"湘南車庫","nearest_bus_stop_distance_m":427.27634405288484,"nearest_public_transport_type":"bus_stop","nearest_public_transport_name":"湘南車庫","nearest_public_transport_distance_m":427.27634405288484,"nearest_medical_name":"武田薬品湘南診療所","nearest_medical_distance_m":372.5473598085201,"nearest_medical_access_class":"likely_public","nearest_hospital_name":"藤沢病院","nearest_hospital_distance_m":1461.410707463339,"elderly_population_percentile":null,"transport_distance_percentile":null,"medical_distance_percentile":null,"exploratory_score_c":null,"pareto_frontier":null},"geometry":{"type":"Polygon","coordinates":[[[139.5125,35.34166666666667],[139.51875,35.34166666666667],[139.51875,35.34583333333334],[139.5125,35.34583333333334],[139.5125,35.34166666666667]]]},"id":"533904111"},{"type":"Feature","properties":{"mesh_code":"533904201","area_label":"慈眼寺バス停周辺","area_label_basis":"最寄りの実在公共交通名称（行政地名ではない）","rank":166,"population":2302,"elderly_population":632.0,"elderly_ratio":0.2745438748913988,"centroid_lat":35.35208333333334,"centroid_lon":139.503125,"city_area_fraction":0.8291472377072596,"disclosure_status":"unaffected","primary_eligible":true,"nearest_station_name":"藤沢","nearest_station_distance_m":2086.1910657953217,"nearest_bus_stop_name":"慈眼寺","nearest_bus_stop_distance_m":120.13168206387378,"nearest_public_transport_type":"bus_stop","nearest_public_transport_name":"慈眼寺","nearest_public_transport_distance_m":120.13168206387378,"nearest_medical_name":"たんぽぽこども診療所","nearest_medical_distance_m":172.85160645943526,"nearest_medical_access_class":"likely_public","nearest_hospital_name":"藤沢市民病院","nearest_hospital_distance_m":1925.7333852294844,"elderly_population_percentile":0.7642585551330798,"transport_distance_percentile":0.2281368821292775,"medical_distance_percentile":0.2281368821292775,"exploratory_score_c":0.0397769347320199,"pareto_frontier":false},"geometry":{"type":"Polygon","coordinates":[[[139.5,35.35],[139.50625,35.35],[139.50625,35.35416666666667],[139.5,35.35416666666667],[139.5,35.35]]]},"id":"533904201"},{"type":"Feature","properties":{"mesh_code":"533904202","area_label":"渡内第三会館前バス停周辺","area_label_basis":"最寄りの実在公共交通名称（行政地名ではない）","rank":null,"population":2286,"elderly_population":796.0,"elderly_ratio":0.34820647419072615,"centroid_lat":35.35208333333334,"centroid_lon":139.509375,"city_area_fraction":0.16040182217515278,"disclosure_status":"unaffected","primary_eligible":false,"nearest_station_name":"藤沢","nearest_station_distance_m":2515.3438417277,"nearest_bus_stop_name":"渡内第三会館前","nearest_bus_stop_distance_m":355.35104545788977,"nearest_public_transport_type":"bus_stop","nearest_public_transport_name":"渡内第三会館前","nearest_public_transport_distance_m":355.35104545788977,"nearest_medical_name":"本多こどもクリニック","nearest_medical_distance_m":319.24914493240055,"nearest_medical_access_class":"likely_public","nearest_hospital_name":"藤沢病院","nearest_hospital_distance_m":2060.166030992564,"elderly_population_percentile":null,"transport_distance_percentile":null,"medical_distance_percentile":null,"exploratory_score_c":null,"pareto_frontier":null},"geometry":{"type":"Polygon","coordinates":[[[139.50625,35.35],[139.5125,35.35],[139.5125,35.35416666666667],[139.50625,35.35416666666667],[139.50625,35.35]]]},"id":"533904202"},{"type":"Feature","properties":{"mesh_code":"533904203","area_label":"柄沢十字路バス停周辺","area_label_basis":"最寄りの実在公共交通名称（行政地名ではない）","rank":null,"population":1779,"elderly_population":523.0,"elderly_ratio":0.29398538504777966,"centroid_lat":35.35625,"centroid_lon":139.503125,"city_area_fraction":0.2949911817704061,"disclosure_status":"unaffected","primary_eligible":false,"nearest_station_name":"藤沢","nearest_station_distance_m":2439.010325695769,"nearest_bus_stop_name":"柄沢十字路","nearest_bus_stop_distance_m":224.1087957379604,"nearest_public_transport_type":"bus_stop","nearest_public_transport_name":"柄沢十字路","nearest_public_transport_distance_m":224.1087957379604,"nearest_medical_name":"湘南柄沢クリニック","nearest_medical_distance_m":188.61781387845454,"nearest_medical_access_class":"likely_public","nearest_hospital_name":"藤沢市民病院","nearest_hospital_distance_m":2016.6226141809816,"elderly_population_percentile":null,"transport_distance_percentile":null,"medical_distance_percentile":null,"exploratory_score_c":null,"pareto_frontier":null},"geometry":{"type":"Polygon","coordinates":[[[139.5,35.35416666666667],[139.50625,35.35416666666667],[139.50625,35.35833333333334],[139.5,35.35833333333334],[139.5,35.35416666666667]]]},"id":"533904203"},{"type":"Feature","properties":{"mesh_code":"533913031","area_label":"女坂バス停周辺","area_label_basis":"最寄りの実在公共交通名称（行政地名ではない）","rank":null,"population":180,"elderly_population":53.0,"elderly_ratio":0.29444444444444445,"centroid_lat":35.41875,"centroid_lon":139.415625,"city_area_fraction":0.39879491821973473,"disclosure_status":"unaffected","primary_eligible":false,"nearest_station_name":"長後","nearest_station_distance_m":4571.519527682933,"nearest_bus_stop_name":"女坂","nearest_bus_stop_distance_m":330.6272573029001,"nearest_public_transport_type":"bus_stop","nearest_public_transport_name":"女坂","nearest_public_transport_distance_m":330.6272573029001,"nearest_medical_name":"ココロまち診療所","nearest_medical_distance_m":293.10151833657466,"nearest_medical_access_class":"likely_public","nearest_hospital_name":"藤沢御所見病院","nearest_hospital_distance_m":2798.203501077775,"elderly_population_percentile":null,"transport_distance_percentile":null,"medical_distance_percentile":null,"exploratory_score_c":null,"pareto_frontier":null},"geometry":{"type":"Polygon","coordinates":[[[139.4125,35.41666666666667],[139.41875,35.41666666666667],[139.41875,35.42083333333334],[139.4125,35.42083333333334],[139.4125,35.41666666666667]]]},"id":"533913031"},{"type":"Feature","properties":{"mesh_code":"533913032","area_label":"女坂バス停周辺","area_label_basis":"最寄りの実在公共交通名称（行政地名ではない）","rank":null,"population":105,"elderly_population":24.0,"elderly_ratio":0.22857142857142856,"centroid_lat":35.41875,"centroid_lon":139.421875,"city_area_fraction":0.07315300395607262,"disclosure_status":"unaffected","primary_eligible":false,"nearest_station_name":"長後","nearest_station_distance_m":4012.011444882568,"nearest_bus_stop_name":"女坂","nearest_bus_stop_distance_m":293.6883533681115,"nearest_public_transport_type":"bus_stop","nearest_public_transport_name":"女坂","nearest_public_transport_distance_m":293.6883533681115,"nearest_medical_name":"ココロまち診療所","nearest_medical_distance_m":662.2669990100821,"nearest_medical_access_class":"likely_public","nearest_hospital_name":"藤沢御所見病院","nearest_hospital_distance_m":2977.3028081275725,"elderly_population_percentile":null,"transport_distance_percentile":null,"medical_distance_percentile":null,"exploratory_score_c":null,"pareto_frontier":null},"geometry":{"type":"Polygon","coordinates":[[[139.41875,35.41666666666667],[139.425,35.41666666666667],[139.425,35.42083333333334],[139.41875,35.42083333333334],[139.41875,35.41666666666667]]]},"id":"533913032"},{"type":"Feature","properties":{"mesh_code":"533913041","area_label":"天沼バス停周辺","area_label_basis":"最寄りの実在公共交通名称（行政地名ではない）","rank":126,"population":126,"elderly_population":44.0,"elderly_ratio":0.3492063492063492,"centroid_lat":35.41875,"centroid_lon":139.428125,"city_area_fraction":0.7089014834325497,"disclosure_status":"unaffected","primary_eligible":true,"nearest_station_name":"長後","nearest_station_distance_m":3455.146001774879,"nearest_bus_stop_name":"天沼","nearest_bus_stop_distance_m":357.3993160649242,"nearest_public_transport_type":"bus_stop","nearest_public_transport_name":"天沼","nearest_public_transport_distance_m":357.3993160649242,"nearest_medical_name":"特別養護老人ホームかつらはら医務室","nearest_medical_distance_m":1127.9535676319974,"nearest_medical_access_class":"uncertain_access","nearest_hospital_name":"医療法人社団　健育会　湘南慶育病院","nearest_hospital_distance_m":3095.9477793671163,"elderly_population_percentile":0.091254752851711,"transport_distance_percentile":0.844106463878327,"medical_distance_percentile":0.9923954372623576,"exploratory_score_c":0.0764429569566401,"pareto_frontier":true},"geometry":{"type":"Polygon","coordinates":[[[139.425,35.41666666666667],[139.43125,35.41666666666667],[139.43125,35.42083333333334],[139.425,35.42083333333334],[139.425,35.41666666666667]]]},"id":"533913041"},{"type":"Feature","properties":{"mesh_code":"533913042","area_label":"長坂上バス停周辺","area_label_basis":"最寄りの実在公共交通名称（行政地名ではない）","rank":null,"population":688,"elderly_population":243.0,"elderly_ratio":0.35319767441860467,"centroid_lat":35.41875,"centroid_lon":139.434375,"city_area_fraction":0.30344695047614295,"disclosure_status":"unaffected","primary_eligible":false,"nearest_station_name":"長後","nearest_station_distance_m":2902.444478746,"nearest_bus_stop_name":"長坂上","nearest_bus_stop_distance_m":203.37556422600065,"nearest_public_transport_type":"bus_stop","nearest_public_transport_name":"長坂上","nearest_public_transport_distance_m":203.37556422600065,"nearest_medical_name":"特別養護老人ホームかつらはら医務室","nearest_medical_distance_m":1420.8242230435726,"nearest_medical_access_class":"uncertain_access","nearest_hospital_name":"医療法人社団　健育会　湘南慶育病院","nearest_hospital_distance_m":3096.143441143641,"elderly_population_percentile":null,"transport_distance_percentile":null,"medical_distance_percentile":null,"exploratory_score_c":null,"pareto_frontier":null},"geometry":{"type":"Polygon","coordinates":[[[139.43125,35.41666666666667],[139.4375,35.41666666666667],[139.4375,35.42083333333334],[139.43125,35.42083333333334],[139.43125,35.41666666666667]]]},"id":"533913042"},{"type":"Feature","properties":{"mesh_code":"533913054","area_label":"上土棚北二丁目バス停周辺","area_label_basis":"最寄りの実在公共交通名称（行政地名ではない）","rank":null,"population":2368,"elderly_population":657.0,"elderly_ratio":0.27744932432432434,"centroid_lat":35.42291666666668,"centroid_lon":139.446875,"city_area_fraction":0.14065808710301167,"disclosure_status":"unaffected","primary_eligible":false,"nearest_station_name":"長後","nearest_station_distance_m":2051.6790893670463,"nearest_bus_stop_name":"上土棚北二丁目","nearest_bus_stop_distance_m":419.98024610046104,"nearest_public_transport_type":"bus_stop","nearest_public_transport_name":"上土棚北二丁目","nearest_public_transport_distance_m":419.98024610046104,"nearest_medical_name":"特別養護老人ホーム藤沢富士白苑医務室","nearest_medical_distance_m":393.8842848144934,"nearest_medical_access_class":"uncertain_access","nearest_hospital_name":"一般財団法人同友会　藤沢湘南台病院","nearest_hospital_distance_m":2242.4486910983487,"elderly_population_percentile":null,"transport_distance_percentile":null,"medical_distance_percentile":null,"exploratory_score_c":null,"pareto_frontier":null},"geometry":{"type":"Polygon","coordinates":[[[139.44375,35.42083333333334],[139.45,35.42083333333334],[139.45,35.425],[139.44375,35.425],[139.44375,35.42083333333334]]]},"id":"533913054"},{"type":"Feature","properties":{"mesh_code":"533913061","area_label":"上谷台バス停周辺","area_label_basis":"最寄りの実在公共交通名称（行政地名ではない）","rank":null,"population":1195,"elderly_population":359.0,"elderly_ratio":0.300418410041841,"centroid_lat":35.41875,"centroid_lon":139.453125,"city_area_fraction":0.23681000293185295,"disclosure_status":"unaffected","primary_eligible":false,"nearest_station_name":"長後","nearest_station_distance_m":1322.397897988603,"nearest_bus_stop_name":"上谷台","nearest_bus_stop_distance_m":473.32252218841586,"nearest_public_transport_type":"bus_stop","nearest_public_transport_name":"上谷台","nearest_public_transport_distance_m":473.32252218841586,"nearest_medical_name":"特別養護老人ホーム藤沢富士白苑医務室","nearest_medical_distance_m":520.0383783119469,"nearest_medical_access_class":"uncertain_access","nearest_hospital_name":"一般財団法人同友会　藤沢湘南台病院","nearest_hospital_distance_m":1583.3971945314647,"elderly_population_percentile":null,"transport_distance_percentile":null,"medical_distance_percentile":null,"exploratory_score_c":null,"pareto_frontier":null},"geometry":{"type":"Polygon","coordinates":[[[139.45,35.41666666666667],[139.45625,35.41666666666667],[139.45625,35.42083333333334],[139.45,35.42083333333334],[139.45,35.41666666666667]]]},"id":"533913061"},{"type":"Feature","properties":{"mesh_code":"533913062","area_label":"上谷台バス停周辺","area_label_basis":"最寄りの実在公共交通名称（行政地名ではない）","rank":74,"population":794,"elderly_population":280.0,"elderly_ratio":0.3526448362720403,"centroid_lat":35.41875,"centroid_lon":139.459375,"city_area_fraction":0.9875580462575009,"disclosure_status":"unaffected","primary_eligible":true,"nearest_station_name":"長後","nearest_station_distance_m":901.2682305596699,"nearest_bus_stop_name":"上谷台","nearest_bus_stop_distance_m":156.35276788571136,"nearest_public_transport_type":"bus_stop","nearest_public_transport_name":"上谷台","nearest_public_transport_distance_m":156.35276788571136,"nearest_medical_name":"医療法人社団ＴＡＳ長後整形外科","nearest_medical_distance_m":745.4679732697714,"nearest_medical_access_class":"likely_public","nearest_hospital_name":"一般財団法人同友会　藤沢湘南台病院","nearest_hospital_distance_m":1024.6060616046548,"elderly_population_percentile":0.4068441064638783,"transport_distance_percentile":0.376425855513308,"medical_distance_percentile":0.9543726235741444,"exploratory_score_c":0.1461589614064235,"pareto_frontier":false},"geometry":{"type":"Polygon","coordinates":[[[139.45625,35.41666666666667],[139.4625,35.41666666666667],[139.4625,35.42083333333334],[139.45625,35.42083333333334],[139.45625,35.41666666666667]]]},"id":"533913062"},{"type":"Feature","properties":{"mesh_code":"533913063","area_label":"上谷台バス停周辺","area_label_basis":"最寄りの実在公共交通名称（行政地名ではない）","rank":77,"population":969,"elderly_population":518.0,"elderly_ratio":0.5345717234262126,"centroid_lat":35.42291666666668,"centroid_lon":139.453125,"city_area_fraction":0.892808296910606,"disclosure_status":"unaffected","primary_eligible":true,"nearest_station_name":"長後","nearest_station_distance_m":1621.3168025409639,"nearest_bus_stop_name":"上谷台","nearest_bus_stop_distance_m":736.3707830193904,"nearest_public_transport_type":"bus_stop","nearest_public_transport_name":"上谷台","nearest_public_transport_distance_m":736.3707830193904,"nearest_medical_name":"特別養護老人ホーム藤沢富士白苑医務室","nearest_medical_distance_m":176.800598255107,"nearest_medical_access_class":"uncertain_access","nearest_hospital_name":"一般財団法人同友会　藤沢湘南台病院","nearest_hospital_distance_m":1710.8601362771874,"elderly_population_percentile":0.6159695817490495,"transport_distance_percentile":0.9809885931558936,"medical_distance_percentile":0.2357414448669201,"exploratory_score_c":0.1424489211880726,"pareto_frontier":true},"geometry":{"type":"Polygon","coordinates":[[[139.45,35.42083333333334],[139.45625,35.42083333333334],[139.45625,35.425],[139.45,35.425],[139.45,35.42083333333334]]]},"id":"533913063"},{"type":"Feature","properties":{"mesh_code":"533913064","area_label":"上谷台バス停周辺","area_label_basis":"最寄りの実在公共交通名称（行政地名ではない）","rank":3,"population":1579,"elderly_population":511.0,"elderly_ratio":0.3236225459151362,"centroid_lat":35.42291666666668,"centroid_lon":139.459375,"city_area_fraction":0.7780909883172279,"disclosure_status":"unaffected","primary_eligible":true,"nearest_station_name":"長後","nearest_station_distance_m":1300.8705523228966,"nearest_bus_stop_name":"上谷台","nearest_bus_stop_distance_m":585.3751212538793,"nearest_public_transport_type":"bus_stop","nearest_public_transport_name":"上谷台","nearest_public_transport_distance_m":585.3751212538793,"nearest_medical_name":"特別養護老人ホーム藤沢富士白苑医務室","nearest_medical_distance_m":742.6973965808464,"nearest_medical_access_class":"uncertain_access","nearest_hospital_name":"一般財団法人同友会　藤沢湘南台病院","nearest_hospital_distance_m":1212.3481963103072,"elderly_population_percentile":0.6083650190114068,"transport_distance_percentile":0.9619771863117872,"medical_distance_percentile":0.9505703422053232,"exploratory_score_c":0.5563053890105608,"pareto_frontier":true},"geometry":{"type":"Polygon","coordinates":[[[139.45625,35.42083333333334],[139.4625,35.42083333333334],[139.4625,35.425],[139.45625,35.425],[139.45625,35.42083333333334]]]},"id":"533913064"},{"type":"Feature","properties":{"mesh_code":"533913071","area_label":"藤沢湘南台病院前バス停周辺","area_label_basis":"最寄りの実在公共交通名称（行政地名ではない）","rank":12,"population":2014,"elderly_population":491.0,"elderly_ratio":0.24379344587884808,"centroid_lat":35.41875,"centroid_lon":139.465625,"city_area_fraction":0.9999999999999998,"disclosure_status":"unaffected","primary_eligible":true,"nearest_station_name":"長後","nearest_station_distance_m":721.2349262566041,"nearest_bus_stop_name":"藤沢湘南台病院前","nearest_bus_stop_distance_m":613.6752101052593,"nearest_public_transport_type":"bus_stop","nearest_public_transport_name":"藤沢湘南台病院前","nearest_public_transport_distance_m":613.6752101052593,"nearest_medical_name":"山口クリニック","nearest_medical_distance_m":389.30687959923887,"nearest_medical_access_class":"likely_public","nearest_hospital_name":"一般財団法人同友会　藤沢湘南台病院","nearest_hospital_distance_m":486.62120593034757,"elderly_population_percentile":0.5931558935361216,"transport_distance_percentile":0.9771863117870724,"medical_distance_percentile":0.623574144486692,"exploratory_score_c":0.3614384276303033,"pareto_frontier":true},"geometry":{"type":"Polygon","coordinates":[[[139.4625,35.41666666666667],[139.46875,35.41666666666667],[139.46875,35.42083333333334],[139.4625,35.42083333333334],[139.4625,35.41666666666667]]]},"id":"533913071"},{"type":"Feature","properties":{"mesh_code":"533913072","area_label":"藤沢湘南台病院前バス停周辺","area_label_basis":"最寄りの実在公共交通名称（行政地名ではない）","rank":24,"population":2760,"elderly_population":773.0,"elderly_ratio":0.28007246376811595,"centroid_lat":35.41875,"centroid_lon":139.471875,"city_area_fraction":0.9999999999999998,"disclosure_status":"unaffected","primary_eligible":true,"nearest_station_name":"長後","nearest_station_distance_m":934.035050371378,"nearest_bus_stop_name":"藤沢湘南台病院前","nearest_bus_stop_distance_m":282.39172412231443,"nearest_public_transport_type":"bus_stop","nearest_public_transport_name":"藤沢湘南台病院前","nearest_public_transport_distance_m":282.39172412231443,"nearest_medical_name":"一般財団法人同友会　藤沢湘南台病院","nearest_medical_distance_m":260.9475269591122,"nearest_medical_access_class":"likely_public","nearest_hospital_name":"一般財団法人同友会　藤沢湘南台病院","nearest_hospital_distance_m":260.9475269591122,"elderly_population_percentile":0.9049429657794676,"transport_distance_percentile":0.7414448669201521,"medical_distance_percentile":0.3916349809885932,"exploratory_score_c":0.262773489101774,"pareto_frontier":false},"geometry":{"type":"Polygon","coordinates":[[[139.46875,35.41666666666667],[139.475,35.41666666666667],[139.475,35.42083333333334],[139.46875,35.42083333333334],[139.46875,35.41666666666667]]]},"id":"533913072"},{"type":"Feature","properties":{"mesh_code":"533913073","area_label":"県営サンハイツ渋谷前バス停周辺","area_label_basis":"最寄りの実在公共交通名称（行政地名ではない）","rank":1,"population":3590,"elderly_population":921.0,"elderly_ratio":0.25654596100278554,"centroid_lat":35.42291666666668,"centroid_lon":139.465625,"city_area_fraction":0.7686623459423386,"disclosure_status":"unaffected","primary_eligible":true,"nearest_station_name":"長後","nearest_station_distance_m":1183.2895738087248,"nearest_bus_stop_name":"県営サンハイツ渋谷前","nearest_bus_stop_distance_m":592.5779838626122,"nearest_public_transport_type":"bus_stop","nearest_public_transport_name":"県営サンハイツ渋谷前","nearest_public_transport_distance_m":592.5779838626122,"nearest_medical_name":"山口クリニック","nearest_medical_distance_m":734.0378484741622,"nearest_medical_access_class":"likely_public","nearest_hospital_name":"一般財団法人同友会　藤沢湘南台病院","nearest_hospital_distance_m":810.4396525616417,"elderly_population_percentile":0.9505703422053232,"transport_distance_percentile":0.9657794676806084,"medical_distance_percentile":0.946768060836502,"exploratory_score_c":0.8691721994407592,"pareto_frontier":true},"geometry":{"type":"Polygon","coordinates":[[[139.4625,35.42083333333334],[139.46875,35.42083333333334],[139.46875,35.425],[139.4625,35.425],[139.4625,35.42083333333334]]]},"id":"533913073"},{"type":"Feature","properties":{"mesh_code":"533913074","area_label":"藤沢湘南台病院前バス停周辺","area_label_basis":"最寄りの実在公共交通名称（行政地名ではない）","rank":6,"population":1295,"elderly_population":353.0,"elderly_ratio":0.2725868725868726,"centroid_lat":35.42291666666668,"centroid_lon":139.471875,"city_area_fraction":0.5785681505597459,"disclosure_status":"unaffected","primary_eligible":true,"nearest_station_name":"長後","nearest_station_distance_m":1323.7814500464733,"nearest_bus_stop_name":"藤沢湘南台病院前","nearest_bus_stop_distance_m":744.0889751698176,"nearest_public_transport_type":"bus_stop","nearest_public_transport_name":"藤沢湘南台病院前","nearest_public_transport_distance_m":744.0889751698176,"nearest_medical_name":"山口クリニック","nearest_medical_distance_m":688.3581742062479,"nearest_medical_access_class":"likely_public","nearest_hospital_name":"一般財団法人同友会　藤沢湘南台病院","nearest_hospital_distance_m":698.6517991783038,"elderly_population_percentile":0.467680608365019,"transport_distance_percentile":0.9847908745247148,"medical_distance_percentile":0.9125475285171104,"exploratory_score_c":0.4202898208152436,"pareto_frontier":true},"geometry":{"type":"Polygon","coordinates":[[[139.46875,35.42083333333334],[139.475,35.42083333333334],[139.475,35.425],[139.46875,35.425],[139.46875,35.42083333333334]]]},"id":"533913074"},{"type":"Feature","properties":{"mesh_code":"533913081","area_label":"上高倉バス停周辺","area_label_basis":"最寄りの実在公共交通名称（行政地名ではない）","rank":null,"population":1483,"elderly_population":368.0,"elderly_ratio":0.24814565070802427,"centroid_lat":35.41875,"centroid_lon":139.478125,"city_area_fraction":0.47194744235184627,"disclosure_status":"unaffected","primary_eligible":false,"nearest_station_name":"長後","nearest_station_distance_m":1367.1168564181883,"nearest_bus_stop_name":"上高倉","nearest_bus_stop_distance_m":290.64927354827813,"nearest_public_transport_type":"bus_stop","nearest_public_transport_name":"上高倉","nearest_public_transport_distance_m":290.64927354827813,"nearest_medical_name":"一般財団法人同友会　藤沢湘南台病院","nearest_medical_distance_m":737.3580724920887,"nearest_medical_access_class":"likely_public","nearest_hospital_name":"一般財団法人同友会　藤沢湘南台病院","nearest_hospital_distance_m":737.3580724920887,"elderly_population_percentile":null,"transport_distance_percentile":null,"medical_distance_percentile":null,"exploratory_score_c":null,"pareto_frontier":null},"geometry":{"type":"Polygon","coordinates":[[[139.475,35.41666666666667],[139.48125,35.41666666666667],[139.48125,35.42083333333334],[139.475,35.42083333333334],[139.475,35.41666666666667]]]},"id":"533913081"},{"type":"Feature","properties":{"mesh_code":"533913083","area_label":"上高倉バス停周辺","area_label_basis":"最寄りの実在公共交通名称（行政地名ではない）","rank":null,"population":1908,"elderly_population":911.0,"elderly_ratio":0.47746331236897277,"centroid_lat":35.42291666666668,"centroid_lon":139.478125,"city_area_fraction":0.0858941700092202,"disclosure_status":"unaffected","primary_eligible":false,"nearest_station_name":"長後","nearest_station_distance_m":1657.9905416823065,"nearest_bus_stop_name":"上高倉","nearest_bus_stop_distance_m":691.8511751766913,"nearest_public_transport_type":"bus_stop","nearest_public_transport_name":"上高倉","nearest_public_transport_distance_m":691.8511751766913,"nearest_medical_name":"一般財団法人同友会　藤沢湘南台病院","nearest_medical_distance_m":981.6786499001174,"nearest_medical_access_class":"likely_public","nearest_hospital_name":"一般財団法人同友会　藤沢湘南台病院","nearest_hospital_distance_m":981.6786499001174,"elderly_population_percentile":null,"transport_distance_percentile":null,"medical_distance_percentile":null,"exploratory_score_c":null,"pareto_frontier":null},"geometry":{"type":"Polygon","coordinates":[[[139.475,35.42083333333334],[139.48125,35.42083333333334],[139.48125,35.425],[139.475,35.425],[139.475,35.42083333333334]]]},"id":"533913083"},{"type":"Feature","properties":{"mesh_code":"533913151","area_label":"上土棚北二丁目バス停周辺","area_label_basis":"最寄りの実在公共交通名称（行政地名ではない）","rank":null,"population":136,"elderly_population":26.0,"elderly_ratio":0.19117647058823528,"centroid_lat":35.42708333333334,"centroid_lon":139.440625,"city_area_fraction":0.0009511931875407705,"disclosure_status":"unaffected","primary_eligible":false,"nearest_station_name":"長後","nearest_station_distance_m":2782.355286992723,"nearest_bus_stop_name":"上土棚北二丁目","nearest_bus_stop_distance_m":427.98802202531954,"nearest_public_transport_type":"bus_stop","nearest_public_transport_name":"上土棚北二丁目","nearest_public_transport_distance_m":427.98802202531954,"nearest_medical_name":"特別養護老人ホーム藤沢富士白苑医務室","nearest_medical_distance_m":1054.2171405093648,"nearest_medical_access_class":"uncertain_access","nearest_hospital_name":"一般財団法人同友会　藤沢湘南台病院","nearest_hospital_distance_m":2936.218405534419,"elderly_population_percentile":null,"transport_distance_percentile":null,"medical_distance_percentile":null,"exploratory_score_c":null,"pareto_frontier":null},"geometry":{"type":"Polygon","coordinates":[[[139.4375,35.425],[139.44375,35.425],[139.44375,35.429166666666674],[139.4375,35.429166666666674],[139.4375,35.425]]]},"id":"533913151"},{"type":"Feature","properties":{"mesh_code":"533913152","area_label":"上土棚北二丁目バス停周辺","area_label_basis":"最寄りの実在公共交通名称（行政地名ではない）","rank":134,"population":244,"elderly_population":100.0,"elderly_ratio":0.4098360655737705,"centroid_lat":35.42708333333334,"centroid_lon":139.446875,"city_area_fraction":0.575691485404981,"disclosure_status":"unaffected","primary_eligible":true,"nearest_station_name":"長後","nearest_station_distance_m":2348.740107431389,"nearest_bus_stop_name":"上土棚北二丁目","nearest_bus_stop_distance_m":160.17868306518744,"nearest_public_transport_type":"bus_stop","nearest_public_transport_name":"上土棚北二丁目","nearest_public_transport_distance_m":160.17868306518744,"nearest_medical_name":"特別養護老人ホーム藤沢富士白苑医務室","nearest_medical_distance_m":585.9168659151727,"nearest_medical_access_class":"uncertain_access","nearest_hospital_name":"一般財団法人同友会　藤沢湘南台病院","nearest_hospital_distance_m":2423.985430265487,"elderly_population_percentile":0.2053231939163498,"transport_distance_percentile":0.3878326996197718,"medical_distance_percentile":0.8288973384030418,"exploratory_score_c":0.0660059642314325,"pareto_frontier":false},"geometry":{"type":"Polygon","coordinates":[[[139.44375,35.425],[139.45,35.425],[139.45,35.429166666666674],[139.44375,35.429166666666674],[139.44375,35.425]]]},"id":"533913152"},{"type":"Feature","properties":{"mesh_code":"533913161","area_label":"上土棚北二丁目バス停周辺","area_label_basis":"最寄りの実在公共交通名称（行政地名ではない）","rank":null,"population":1038,"elderly_population":294.0,"elderly_ratio":0.2832369942196532,"centroid_lat":35.42708333333334,"centroid_lon":139.453125,"city_area_fraction":0.2866928614290168,"disclosure_status":"unaffected","primary_eligible":false,"nearest_station_name":"長後","nearest_station_distance_m":1983.920852478746,"nearest_bus_stop_name":"上土棚北二丁目","nearest_bus_stop_distance_m":715.7577670199439,"nearest_public_transport_type":"bus_stop","nearest_public_transport_name":"上土棚北二丁目","nearest_public_transport_distance_m":715.7577670199439,"nearest_medical_name":"特別養護老人ホーム藤沢富士白苑医務室","nearest_medical_distance_m":468.4212675018161,"nearest_medical_access_class":"uncertain_access","nearest_hospital_name":"一般財団法人同友会　藤沢湘南台病院","nearest_hospital_distance_m":1942.750486575917,"elderly_population_percentile":null,"transport_distance_percentile":null,"medical_distance_percentile":null,"exploratory_score_c":null,"pareto_frontier":null},"geometry":{"type":"Polygon","coordinates":[[[139.45,35.425],[139.45625,35.425],[139.45625,35.429166666666674],[139.45,35.429166666666674],[139.45,35.425]]]},"id":"533913161"},{"type":"Feature","properties":{"mesh_code":"533913162","area_label":"県営サンハイツ渋谷前バス停周辺","area_label_basis":"最寄りの実在公共交通名称（行政地名ではない）","rank":null,"population":1670,"elderly_population":408.0,"elderly_ratio":0.24431137724550897,"centroid_lat":35.42708333333334,"centroid_lon":139.459375,"city_area_fraction":0.002078191777967167,"disclosure_status":"unaffected","primary_eligible":false,"nearest_station_name":"長後","nearest_station_distance_m":1731.9311666161327,"nearest_bus_stop_name":"県営サンハイツ渋谷前","nearest_bus_stop_distance_m":641.6076683526632,"nearest_public_transport_type":"bus_stop","nearest_public_transport_name":"県営サンハイツ渋谷前","nearest_public_transport_distance_m":641.6076683526632,"nearest_medical_name":"特別養護老人ホーム藤沢富士白苑医務室","nearest_medical_distance_m":860.0770711980666,"nearest_medical_access_class":"uncertain_access","nearest_hospital_name":"一般財団法人同友会　藤沢湘南台病院","nearest_hospital_distance_m":1522.2022982466435,"elderly_population_percentile":null,"transport_distance_percentile":null,"medical_distance_percentile":null,"exploratory_score_c":null,"pareto_frontier":null},"geometry":{"type":"Polygon","coordinates":[[[139.45625,35.425],[139.4625,35.425],[139.4625,35.429166666666674],[139.45625,35.429166666666674],[139.45625,35.425]]]},"id":"533913162"},{"type":"Feature","properties":{"mesh_code":"533913171","area_label":"県営サンハイツ渋谷前バス停周辺","area_label_basis":"最寄りの実在公共交通名称（行政地名ではない）","rank":null,"population":2746,"elderly_population":724.0,"elderly_ratio":0.2636562272396213,"centroid_lat":35.42708333333334,"centroid_lon":139.465625,"city_area_fraction":0.17721520377767616,"disclosure_status":"unaffected","primary_eligible":false,"nearest_station_name":"長後","nearest_station_distance_m":1645.4513101296998,"nearest_bus_stop_name":"県営サンハイツ渋谷前","nearest_bus_stop_distance_m":141.18082589460138,"nearest_public_transport_type":"bus_stop","nearest_public_transport_name":"県営サンハイツ渋谷前","nearest_public_transport_distance_m":141.18082589460138,"nearest_medical_name":"山口クリニック","nearest_medical_distance_m":1163.3590211909184,"nearest_medical_access_class":"likely_public","nearest_hospital_name":"一般財団法人同友会　藤沢湘南台病院","nearest_hospital_distance_m":1226.4442857323488,"elderly_population_percentile":null,"transport_distance_percentile":null,"medical_distance_percentile":null,"exploratory_score_c":null,"pareto_frontier":null},"geometry":{"type":"Polygon","coordinates":[[[139.4625,35.425],[139.46875,35.425],[139.46875,35.429166666666674],[139.4625,35.429166666666674],[139.4625,35.425]]]},"id":"533913171"}]}
