mesh_code,centroid_transport_distance,weighted_mean_transport_distance,weighted_median_transport_distance,weighted_p90_transport_distance,transport_difference,centroid_medical_distance,weighted_mean_medical_distance,weighted_median_medical_distance,weighted_p90_medical_distance,medical_difference,population_weighted_mean_transport_distance,population_weighted_median_transport_distance,population_weighted_p90_transport_distance,population_weighted_mean_medical_distance,population_weighted_median_medical_distance,population_weighted_p90_medical_distance,residential_building_count,estimated_population_allocated,estimated_elderly_allocated,citywide_screening_rank,label
523973584,88.73748931213254,133.7635360888991,131.63375448764268,150.931444782644,45.02604677676655,1216.8306353789494,1095.1547628108758,1090.7036713926243,1118.7975242574037,-121.6758725680736,133.7635360888991,131.63375448764268,150.931444782644,1095.1547628108758,1090.7036713926243,1118.7975242574037,25,31.999999999999996,14.0,253,湘南港桟橋周辺
523973681,317.8256670520808,161.30245038357836,156.2100993102925,178.15512884268094,-156.52321666850244,952.205796623996,961.2578802469303,936.0481586795561,1055.3921960897987,9.052083622934333,161.30245038357833,156.2100993102925,178.15512884268094,961.2578802469302,936.0481586795561,1055.3921960897987,25,85.99999999999999,33.99999999999999,<NA>,江ノ島周辺
523973682,257.9568874562816,137.8290791385077,142.34701384863885,161.4079994936355,-120.12780831777391,778.2881728860181,989.7518293751511,999.4766874927749,1054.6820001099047,211.4636564891331,137.82907913850772,142.34701384863885,161.4079994936355,989.7518293751516,999.4766874927749,1054.6820001099047,75,135.0,50.00000000000001,<NA>,江ノ島周辺
523973684,131.60911246751334,109.01964674212483,122.52243112070674,122.52243112070674,-22.589465725388507,368.95138276980515,144.20834964765763,139.56775960250624,158.75446018918996,-224.74303312214752,109.01964674212483,122.52243112070674,122.52243112070674,144.20834964765766,139.56775960250624,158.75446018918996,9,375.99999999999994,85.0,188,江ノ島海岸周辺
523973774,167.48707256837494,96.81993405790332,95.29901150447925,164.87612901396346,-70.66713851047162,392.57908603599606,274.0861229883172,279.2301698456465,325.018339795719,-118.49296304767887,96.81993405790334,95.29901150447925,164.87612901396346,274.0861229883173,279.2301698456465,325.018339795719,79,352.99999999999994,113.00000000000001,142,公園西部駐車場前周辺
523973781,124.4094554517296,136.81177298719768,124.7777701889553,210.36787965163603,12.402317535468086,452.6254778735394,310.56768077894816,299.0316618481058,381.4970106037098,-142.05779709459125,136.81177298719768,124.7777701889553,210.36787965163603,310.5676807789481,299.0316618481058,381.4970106037098,163,911.0,139.0,156,西浜周辺
523973782,179.36785087116442,157.20597722658502,145.24820374582544,284.6325528181864,-22.1618736445794,134.56331624158034,153.9276591010637,158.44218851837468,253.86605039249386,19.364342859483372,157.20597722658502,145.24820374582544,284.6325528181864,153.92765910106368,158.44218851837468,253.86605039249386,508,2527.0,633.0,144,片瀬江ノ島周辺
523973783,255.60192905078944,231.95968666923258,231.90213640172095,333.8585115423075,-23.642242381556855,184.37338967875215,195.39338178442367,198.18429698822678,285.37510551742247,11.01999210567152,231.95968666923258,231.90213640172095,333.8585115423075,195.39338178442364,198.18429698822678,285.37510551742247,835,2501.0,549.0,98,小田急ショップ前周辺
523973784,117.41466836474684,129.71691983454204,125.73157811168632,226.48191002415524,12.302251469795195,54.757732114476184,123.85339589502036,121.47589235440047,194.88329597620427,69.09566378054417,129.716919834542,125.73157811168632,226.48191002415524,123.85339589502038,121.47589235440047,194.88329597620427,760,2327.0,645.0,234,湘南海岸公園周辺
523973791,127.37339086264791,112.43376006141341,118.4131223093954,152.19975948547705,-14.9396308012345,94.19648162650513,111.25152548512247,119.4567167473178,154.76651487191322,17.05504385861734,112.43376006141338,118.4131223093954,152.19975948547705,111.25152548512249,119.4567167473178,154.76651487191322,79,2441.0,825.0000000000001,<NA>,竜口寺周辺
523973793,99.375351244285,181.61756547057627,193.18528805901582,271.3659507497155,82.24221422629127,363.622548510863,266.8663513878241,265.20956995954356,387.40148121222876,-96.75619712303887,181.61756547057627,193.18528805901582,271.3659507497155,266.8663513878241,265.20956995954356,387.40148121222876,341,1237.0,337.0,162,目白山下周辺
523973794,322.3947396406908,49.57131055198344,43.734209342895944,78.2201685498321,-272.8234290887073,495.99250533852506,261.1081893774061,251.2399428968509,304.78292546363724,-234.88431596111894,49.571310551983444,43.734209342895944,78.2201685498321,261.1081893774061,251.2399428968509,304.78292546363724,16,2194.0,663.0,<NA>,目白山周辺
523973853,84.58643695241283,92.89669396220765,108.01511451276845,132.35762623655486,8.310257009794825,355.64627446586957,262.33965277283403,264.74149270867264,312.8196602519335,-93.30662169303554,92.89669396220762,108.01511451276845,132.35762623655486,262.339652772834,264.74149270867264,312.8196602519335,116,2048.0,641.9999999999999,155,辻堂西海岸周辺
523973854,63.50867188050245,115.10706247695731,127.88272022243618,180.11936428519306,51.59839059645486,413.4520459001422,322.7847394527069,314.1069170651542,454.96059019388224,-90.6673064474353,115.10706247695735,127.88272022243618,180.11936428519306,322.7847394527069,314.1069170651542,454.96059019388224,160,2541.0,847.0,159,交通公園前周辺
523973861,137.84231735052128,156.87672997250326,156.678935596147,220.26590930278527,19.03441262198197,392.1734539259955,218.90443025887458,191.96395075281703,301.818318434081,-173.2690236671209,156.87672997250326,156.678935596147,220.26590930278527,218.90443025887456,191.96395075281703,301.818318434081,88,586.0,84.0,181,辻堂海浜公園前周辺
523973862,133.53469117933864,201.4694144734923,207.9864008510967,286.15972710733456,67.93472329415366,267.3597578337018,255.64455491576777,245.17652978641885,447.12220358584705,-11.715202917934022,201.46941447349226,207.9864008510967,286.15972710733456,255.64455491576774,245.17652978641885,447.12220358584705,485,1603.0,367.0,147,湘洋中学校前周辺
523973863,150.83579887084977,141.23680592334335,131.00863438856916,278.8617752888865,-9.598992947506417,100.41403635353143,167.40715386355197,144.59353047661367,298.64814658376105,66.99311751002054,141.23680592334335,131.00863438856916,278.8617752888865,167.40715386355203,144.59353047661367,298.64814658376105,517,3426.0,763.0000000000001,179,辻堂東海岸周辺
523973864,508.9657461388165,377.45062100132026,378.7199267164494,488.5885266893362,-131.51512513749623,233.6086700940001,212.89987877016443,193.20013063340787,374.67795015921354,-20.70879132383567,377.45062100132026,378.7199267164494,488.5885266893362,212.89987877016446,193.20013063340787,374.67795015921354,1032,3215.0000000000005,683.0000000000001,22,鵠沼車庫前周辺
523973871,196.63830651640438,201.50178962415814,208.1755398276696,283.9094806339117,4.863483107753751,464.28876167000897,411.4156130415213,398.0992591488279,575.9923071854589,-52.873148628487684,201.50178962415816,208.1755398276696,283.9094806339117,411.4156130415213,398.0992591488279,575.9923071854589,616,2411.0,601.0,20,鵠沼プールガーデン周辺
523973872,229.87257238262978,197.44262373374264,192.94141464537879,306.94052071599265,-32.42994864888715,205.0873887273123,212.98200991862623,215.1963318733807,329.5801615988163,7.894621191313945,197.44262373374264,192.94141464537879,306.94052071599265,212.98200991862623,215.1963318733807,329.5801615988163,826,2754.0,627.0,84,鵠沼海岸周辺
523973873,154.0370837119835,160.77358564451836,162.97614682720635,236.46811853074277,6.73650193253485,447.7316818665659,405.6958623997718,420.458419386272,563.8268046706698,-42.03581946679412,160.7735856445184,162.97614682720635,236.46811853074277,405.6958623997717,420.458419386272,563.8268046706698,877,3222.0,823.0,34,鵠沼車庫前周辺
523973874,176.84705216206916,150.63154968897896,144.60177549623612,243.00445862908842,-26.215502473090197,92.72403315760269,144.41401022247584,131.38345412703967,256.25787134364094,51.68997706487315,150.63154968897896,144.60177549623612,243.00445862908842,144.41401022247587,131.38345412703967,256.25787134364094,919,2517.0,704.0,174,熊倉通り周辺
523973881,507.9681889302839,399.6977087291187,409.7784394153224,498.94772567284446,-108.27048020116519,183.38837996721114,220.64215571551435,229.14132228853825,330.9588602676523,37.25377574830321,399.69770872911863,409.7784394153224,498.94772567284446,220.64215571551438,229.14132228853825,330.9588602676523,943,2307.0,638.0,55,鵠沼周辺
523973882,151.0486010746912,170.60721673128623,157.26474047367367,286.02141629009895,19.558615656595038,161.78539085716434,145.5803319222029,139.71455428104346,268.06614406049084,-16.205058934961443,170.60721673128626,157.26474047367367,286.02141629009895,145.5803319222029,139.71455428104346,268.06614406049084,849,3001.0,696.0,143,新屋敷周辺
523973883,397.36855973407876,332.7278021338096,341.51271873916886,432.85947215176765,-64.64075760026918,149.69376233315376,196.09830314281496,193.51225350306188,320.4423086809597,46.4045408096612,332.72780213380963,341.51271873916886,432.85947215176765,196.09830314281493,193.51225350306188,320.4423086809597,943,2454.0,698.0,72,中岡周辺
523973884,228.00941537883492,196.522306449812,192.46208095310976,301.83894019239114,-31.487108929022924,274.7295275283888,180.439609977537,177.1922729899674,281.73943147460216,-94.28991755085181,196.52230644981202,192.46208095310976,301.83894019239114,180.439609977537,177.1922729899674,281.73943147460216,836,2500.0,630.0,51,鵠沼周辺
523973891,320.41712587683935,234.6750443572923,232.14340332590592,355.8235499833769,-85.74208151954704,215.5906334906029,174.9988341765855,170.32338278410856,266.1263001144307,-40.59179931401741,234.6750443572923,232.14340332590592,355.8235499833769,174.99883417658552,170.32338278410856,266.1263001144307,711,1503.0,528.0,69,片瀬山周辺
523973892,289.2660012586291,158.94730431276471,161.8241931952298,247.72340180630908,-130.3186969458644,274.95509304678677,159.2374056007897,155.36378774392398,249.3074404568661,-115.71768744599706,158.9473043127647,161.8241931952298,247.72340180630908,159.23740560078974,155.36378774392398,249.3074404568661,377,1756.0,634.0,<NA>,片瀬山周辺
523973893,210.9434401542593,187.62884605948017,194.2885614489263,292.2894660866054,-23.314594094779125,241.28943344980016,134.34397068327328,137.76179788931523,210.88455065081433,-106.94546276652687,187.62884605948014,194.2885614489263,292.2894660866054,134.34397068327326,137.76179788931523,210.88455065081433,653,1749.0000000000002,530.0,88,岩屋不動入口周辺
523973894,219.64677902650817,168.47976686413497,171.4173775765059,242.10366519025143,-51.1670121623732,303.92535411157314,181.91919199113389,180.7765806692759,285.06153389100865,-122.00616212043926,168.479766864135,171.4173775765059,242.10366519025143,181.9191919911339,180.7765806692759,285.06153389100865,432,1487.0,617.0,47,片瀬中学校前周辺
523973951,303.8934646377682,209.09227622433,207.80391172629555,325.89999393746643,-94.80118841343821,319.0938818930683,252.83234237442537,244.9403967076057,379.2646752123406,-66.26153951864296,209.09227622433005,207.80391172629555,325.89999393746643,252.83234237442537,244.9403967076057,379.2646752123406,338,3121.0,686.0,<NA>,辻堂団地周辺
523973952,87.50938748203582,159.7460354011676,158.84748639872845,248.17464843973832,72.23664791913178,382.46170834850165,267.9927884223618,269.1859575580857,354.99406652249075,-114.46891992613985,159.74603540116757,158.84748639872845,248.17464843973832,267.99278842236174,269.1859575580857,354.99406652249075,639,3004.0,722.0,131,高砂周辺
523973953,617.4262443269955,404.11462019650247,404.65971576185825,457.9868810101185,-213.31162413049304,377.4994676987105,251.21864084447563,261.4945989649948,407.6889388463551,-126.28082685423485,404.11462019650247,404.65971576185825,457.9868810101185,251.21864084447566,261.4945989649948,407.6889388463551,203,3531.0,761.0,<NA>,久根下公園前周辺
523973954,50.62306447616259,192.82983664429418,182.68007801314906,306.8910806162476,142.20677216813158,108.53099207426884,157.90562730699082,154.7022007855033,250.78438806320833,49.374635232721985,192.8298366442942,182.68007801314906,306.8910806162476,157.90562730699082,154.7022007855033,250.78438806320833,1017,3277.0,730.0,244,久根下公園前周辺
523973961,13.549595849522932,135.1757537309846,131.00036815246304,207.4356811083269,121.62615788146168,171.18677457015664,136.294690413338,140.113286022534,204.57649229074434,-34.89208415681864,135.1757537309846,131.00036815246304,207.4356811083269,136.294690413338,140.113286022534,204.57649229074434,726,2390.0,561.0,260,浜見山周辺
523973962,352.6089468354142,281.4465881573777,264.7065589205486,452.73642426844725,-71.16235867803653,318.91889948808836,285.7766574746023,280.31086352638255,444.11711136573473,-33.142242013486054,281.44658815737773,264.7065589205486,452.73642426844725,285.77665747460236,280.31086352638255,444.11711136573473,961,2886.0,533.0,23,堂面周辺
523973963,175.84254251015486,178.5134899882468,158.68266511132316,320.6172437894799,2.6709474780919322,324.9323346193835,232.07216674193995,232.74990677323729,352.6696104431389,-92.86016787744353,178.51348998824682,158.68266511132316,320.6172437894799,232.07216674193995,232.74990677323729,352.6696104431389,950,2591.0,637.0,59,南町周辺
523973964,17.04712585387923,125.90985239606273,112.04687443086469,213.2860315747261,108.86272654218351,50.29167333584006,165.27168138283565,153.934052482011,268.9324792855586,114.9800080469956,125.90985239606273,112.04687443086469,213.2860315747261,165.27168138283565,153.934052482011,268.9324792855586,782,2946.0,624.0,262,東町周辺
523973971,187.13511639423476,151.3541643862406,146.60521233009297,233.68997322179217,-35.78095200799416,416.6122530591354,345.1924321572645,357.24791311326914,467.55532840025063,-71.41982090187093,151.35416438624063,146.60521233009297,233.68997322179217,345.19243215726453,357.24791311326914,467.55532840025063,662,2243.0,478.0,50,藤原周辺
523973972,338.66423235749966,250.28219395948167,254.91363013564958,339.6467585584201,-88.38203839801798,387.8718764963098,296.3783738647206,302.8463061432826,390.7302206432771,-91.49350263158925,250.28219395948167,254.91363013564958,339.6467585584201,296.3783738647206,302.8463061432826,390.7302206432771,910,2759.0,634.0,9,熊倉通り周辺
523973973,303.2578745446694,202.98215110655397,218.9483273160263,300.05777009542845,-100.27572343811542,349.03971287532255,251.33740309097493,229.97055256457384,366.1932837430037,-97.70230978434762,202.98215110655403,218.9483273160263,300.05777009542845,251.33740309097502,229.97055256457384,366.1932837430037,659,2548.9999999999995,441.0,32,太平橋周辺
523973974,127.1449244967822,160.40301452327571,162.4468048161637,231.28323051285972,33.25809002649352,128.88005656469792,120.82870426602243,117.88118533152173,184.05681725546364,-8.051352298675496,160.40301452327571,162.4468048161637,231.28323051285972,120.8287042660224,117.88118533152173,184.05681725546364,896,3199.0,671.0,178,原周辺
523973981,154.76803147049003,174.69048268937328,162.63230009395596,312.5307421430542,19.922451218883253,228.76730425962015,241.19253752267824,238.8300396013678,344.7668378807037,12.42523326305809,174.6904826893733,162.63230009395596,312.5307421430542,241.19253752267818,238.8300396013678,344.7668378807037,1004,2998.0,677.0,103,上岡周辺
523973982,81.43343052201563,169.43008928907318,149.12729048216605,309.28747999384177,87.99665876705755,278.33162190952106,201.71571489499703,181.15822019670438,349.8620506698899,-76.61590701452403,169.43008928907315,149.12729048216605,309.28747999384177,201.7157148949971,181.15822019670438,349.8620506698899,939,2971.0,748.0,170,柳小路周辺
523973983,196.03633010798265,152.47215749128512,158.83481278593163,224.9592197781391,-43.56417261669753,176.6292063084683,233.51066592359064,225.65777479229706,394.0384372233772,56.88145961512234,152.47215749128512,158.83481278593163,224.9592197781391,233.51066592359066,225.65777479229706,394.0384372233772,1007,2978.0000000000005,685.0,101,高瀬通り周辺
523973984,174.01213963056128,155.72328669852138,147.3178315807144,264.0132140931086,-18.2888529320399,164.812685878072,167.4299165166829,137.44419253369,309.12106974505633,2.61723063861092,155.72328669852138,147.3178315807144,264.0132140931086,167.42991651668288,137.44419253369,309.12106974505633,993,3541.0,829.0,120,石上周辺
523973991,306.5293250111335,261.91550850976364,263.04934318424915,421.9254413247054,-44.613816501369854,139.08504142319,168.39680942539087,169.6716680279525,286.58262587027633,29.311768002200864,261.91550850976364,263.04934318424915,421.9254413247054,168.39680942539087,169.6716680279525,286.58262587027633,596,1838.0,538.0,112,柳小路周辺
523973992,493.5845611808633,315.6988463349635,304.63396331061557,406.2930379970658,-177.88571484589983,503.44745648642345,305.7606522822334,292.1953755957463,363.01625343671765,-197.68680420419003,315.6988463349635,304.63396331061557,406.2930379970658,305.7606522822335,292.1953755957463,363.01625343671765,118,243.99999999999997,97.0,78,片瀬中学校前周辺
523973993,268.4611976653172,182.92057296453766,167.3473720134331,272.112157072228,-85.54062470077952,191.7848049010279,252.41437598813096,164.24152000219388,414.17930052919274,60.629571087103045,182.9205729645376,167.3473720134331,272.112157072228,252.41437598813096,164.24152000219388,414.17930052919274,89,1042.0,200.0,133,県合同庁舎前周辺
523973994,276.9792351838688,254.95652409741464,252.94119436252396,368.33104054667393,-22.022711086454166,476.66037831505605,454.9608763031437,469.3591141119784,560.2251150436996,-21.69950201191233,254.9565240974147,252.94119436252396,368.33104054667393,454.9608763031437,469.3591141119784,560.2251150436996,371,3349.0,688.0,5,御霊神社前周辺
523974903,402.8070834656366,286.37002287281456,259.2650113959735,386.44384373110904,-116.43706059282204,336.2747653276665,484.27009184454164,489.62689129190204,632.1330963300359,147.99532651687514,286.3700228728147,259.2650113959735,386.44384373110904,484.27009184454164,489.62689129190204,632.1330963300359,66,1514.9999999999998,428.0,<NA>,御霊神社前周辺
533903051,505.4270324688314,391.6483197892895,414.5962644979968,467.13412903822103,-113.77871267954191,301.2731158495139,128.047463530032,127.05035479649446,161.10189062266133,-173.2256523194819,391.64831978928953,414.5962644979968,467.13412903822103,128.04746353003205,127.05035479649446,161.10189062266133,55,2715.9999999999995,636.9999999999999,<NA>,辻堂周辺
533903052,141.5113771770096,192.82784052346636,202.30309321010887,320.68583228872734,51.31646334645677,97.20671166531828,104.29489995360542,109.91022457804954,145.75299739779513,7.088188288287142,192.82784052346636,202.30309321010887,320.68583228872734,104.29489995360544,109.91022457804954,145.75299739779513,563,2883.0,622.0,195,辻堂駅周辺
533903054,102.55333807342062,220.00023314175718,210.95218720206893,304.7114560615887,117.44689506833656,116.3898706075082,152.8052111683954,127.05035479649446,236.61719094730125,36.4153405608872,220.00023314175726,210.95218720206893,304.7114560615887,152.8052111683954,127.05035479649446,236.61719094730125,70,2083.0,565.0000000000001,209,神台公園前周辺
533903061,214.324121511022,170.78825714040815,146.7680483159416,330.9081274999764,-43.535864370613865,312.6190611692852,241.81245751485167,223.46746454158975,440.43080364012644,-70.80660365443353,170.78825714040815,146.7680483159416,330.9081274999764,241.81245751485173,223.46746454158975,440.43080364012644,732,2830.0,556.0,53,新町一丁目周辺
533903062,316.1490705585988,240.83599499166647,249.2138328891045,342.7714821673522,-75.31307556693233,349.1072057971764,295.2245170389165,299.9692357555411,432.943526694853,-53.88268875825992,240.83599499166647,249.2138328891045,342.7714821673522,295.2245170389164,299.9692357555411,432.943526694853,1015,3759.0,696.0,11,新町三丁目周辺
533903063,267.5612491957263,164.68057446582705,168.30693714222636,241.2425229817259,-102.88067472989925,250.6395166741809,212.77011131496593,220.89847356890292,327.4474938812997,-37.869405359214966,164.68057446582705,168.30693714222636,241.2425229817259,212.77011131496593,220.89847356890292,327.4474938812997,829,3700.0,941.0,28,新町一丁目周辺
533903064,228.1393462745407,165.25724624866515,171.2852309904611,236.91464360573968,-62.88210002587556,24.887801614230728,172.79000434729286,183.95955738905602,230.61031859764503,147.90220273306213,165.25724624866515,171.2852309904611,236.91464360573968,172.79000434729286,183.95955738905602,230.61031859764503,871,3345.0,810.0,248,住宅前周辺
533903071,135.34101046784235,156.14676519123105,156.86075723898463,230.12376087922146,20.805754723388702,136.04572569142306,151.85767902591087,149.90419041925696,232.09981748230913,15.81195333448781,156.14676519123108,156.86075723898463,230.12376087922146,151.8576790259109,149.90419041925696,232.09981748230913,613,2408.0,440.00000000000006,187,藤沢SST前周辺
533903072,195.79532362855898,151.54614533160174,154.1433553961724,221.74232909026642,-44.24917829695724,243.46450220633827,215.17513600526812,215.4177920714514,343.60907501961424,-28.289366201070152,151.54614533160174,154.1433553961724,221.74232909026642,215.17513600526806,215.4177920714514,343.60907501961424,644,2111.0,362.0,113,藤沢警察署前周辺
533903073,229.39762894515007,113.04908031185032,120.24861697773281,193.59808509997518,-116.34854863329976,101.77439602923161,194.42867287119932,183.19923645311601,288.741871359804,92.65427684196771,113.04908031185032,120.24861697773281,193.59808509997518,194.4286728711993,183.19923645311601,288.741871359804,32,202.0,47.0,237,NOK前周辺
533903074,150.60812332370978,149.4767015239381,153.36014913424043,217.65671029574307,-1.1314217997716867,527.9054034572841,483.09266036087826,502.2011341885508,565.3994577535465,-44.81274309640588,149.47670152393806,153.36014913424043,217.65671029574307,483.0926603608783,502.2011341885508,565.3994577535465,475,1699.0,341.0,91,神明町周辺
533903081,337.06033246113634,250.25319592358574,252.28797101523358,360.1040488799072,-86.8071365375506,338.1145791729482,318.3977006960031,326.46695080738476,448.2198842343079,-19.716878476945112,250.25319592358574,252.28797101523358,360.1040488799072,318.3977006960031,326.46695080738476,448.2198842343079,973,2996.0,653.0,15,鵠沼小学校前周辺
533903082,97.67281194677456,164.1356406101667,170.15588666550974,242.88181739962548,66.46282866339213,106.69084037452099,145.3817389833115,115.88794400061084,295.22903250986195,38.690898608790505,164.1356406101667,170.15588666550974,242.88181739962548,145.38173898331146,115.88794400061084,295.22903250986195,716,3720.9999999999995,915.0,211,橘通り周辺
533903083,54.42925002454894,93.42667096653247,92.47090651119542,134.31598283383576,38.99742094198353,92.96644673904079,182.74692923318597,176.58162791651185,294.9796574378366,89.78048249414518,93.42667096653246,92.47090651119542,134.31598283383576,182.74692923318594,176.58162791651185,294.9796574378366,338,2358.0,638.0,249,日本精工前周辺
533903084,14.058919484765594,143.6918111748636,130.37001802756825,233.37515233872867,129.632891690098,46.40307698642687,54.311341675451295,48.864944849063704,80.05834259218392,7.908264689024428,143.6918111748636,130.37001802756825,233.37515233872867,54.311341675451295,48.864944849063704,80.05834259218392,319,4690.0,968.0,263,三富士町周辺
533903091,152.2935910439686,165.51271582549512,170.44308018132625,220.26932818313517,13.219124781526517,95.51133877974169,147.28556768312092,145.72894466054305,227.39205621243406,51.774228903379225,165.51271582549512,170.44308018132625,220.26932818313517,147.28556768312095,145.72894466054305,227.39205621243406,214,4272.0,1110.0,177,奥田周辺
533903092,65.12355023037857,109.46871663902941,108.11050828928191,174.61370044591823,44.34516640865084,206.1372246805795,283.17505866623173,296.0989789502208,370.8218138940569,77.03783398565224,109.46871663902938,108.11050828928191,174.61370044591823,283.1750586662317,296.0989789502208,370.8218138940569,425,2303.0,391.99999999999994,220,川名周辺
533903093,219.94102879137293,146.4854144118075,139.04184061252693,210.48348051683357,-73.45561437956542,99.76080665171646,81.52380408734125,77.52702048687881,126.82931396514164,-18.237002564375217,146.48541441180754,139.04184061252693,210.48348051683357,81.52380408734126,77.52702048687881,126.82931396514164,178,2423.0,490.00000000000006,172,日ノ出町周辺
533903094,152.81026602956462,126.90570810402124,128.45429595061591,199.88066732313806,-25.904557925543372,123.23653231038966,155.07743713263443,153.0340965275772,255.67813166221794,31.840904822244767,126.90570810402122,128.45429595061591,199.88066732313806,155.07743713263443,153.0340965275772,255.67813166221794,707,3132.0,662.0,160,弥勒寺周辺
533903151,367.2314695985888,161.6772847783901,157.81723335888174,208.4376406185689,-205.55418482019869,477.4463571158382,307.734914762939,308.89772569045175,373.20649037406815,-169.7114423528992,161.67728477839012,157.81723335888174,208.4376406185689,307.73491476293907,308.89772569045175,373.20649037406815,136,3798.0000000000005,789.0000000000001,<NA>,二ツ谷周辺
533903152,179.98093400356248,139.71269958646323,146.6708354032829,198.58674232574998,-40.26823441709925,272.4880928342803,239.488151549648,217.76737991557962,353.73675240179205,-32.999941284632285,139.71269958646323,146.6708354032829,198.58674232574998,239.48815154964802,217.76737991557962,353.73675240179205,598,2787.0,588.0,83,羽鳥一丁目周辺
533903153,376.65678442985495,195.31243130003193,199.50155518367825,239.3797961980205,-181.34435312982302,165.7169464300295,163.6384632736176,165.38776175553485,216.4325192497585,-2.07848315641192,195.312431300032,199.50155518367825,239.3797961980205,163.6384632736176,165.38776175553485,216.4325192497585,69,1194.9999999999998,335.0,<NA>,城南周辺
533903154,24.18324259823268,110.34089489753362,98.57054445786288,186.65624735393442,86.15765229930093,331.4797672296348,239.92309999640443,254.96455669653022,337.0940242723988,-91.55666723323034,110.34089489753363,98.57054445786288,186.65624735393442,239.92309999640446,254.96455669653022,337.0940242723988,476,1666.9999999999998,361.0,246,大庭隧道周辺
533903161,198.4336118746972,132.1085574391211,129.8541546361441,206.8021307137373,-66.32505443557608,107.56572328855657,149.91170773483293,154.90774789003143,235.79059935823122,42.34598444627636,132.10855743912109,129.8541546361441,206.8021307137373,149.91170773483293,154.90774789003143,235.79059935823122,837,4125.0,882.0000000000001,138,羽鳥山周辺
533903162,255.7071444164697,166.79054340504788,165.47648807078153,268.0700455912184,-88.91660101142182,283.4174103741212,241.6123459680767,248.8357368145964,375.3577632192228,-41.805064406044465,166.79054340504786,165.47648807078153,268.0700455912184,241.6123459680767,248.8357368145964,375.3577632192228,1008,3343.0,563.0,46,梅ヶ枝通り周辺
533903163,225.81574579900663,150.58146273272516,135.30624976505584,279.57375821675595,-75.23428306628148,367.9869724935592,356.24685780670984,347.6220066724469,560.1225042268186,-11.740114686849381,150.58146273272519,135.30624976505584,279.57375821675595,356.24685780670984,347.6220066724469,560.1225042268186,509,1765.0,433.0,52,辻堂入口周辺
533903164,117.12712139916022,139.59014661678287,124.40221641351286,251.937486441575,22.463025217622658,626.682562910065,621.6169500395629,618.1749479877502,776.8960700926542,-5.06561287050215,139.59014661678285,124.40221641351286,251.937486441575,621.616950039563,618.1749479877502,776.8960700926542,672,2845.0,587.0,85,明治小学校前周辺
533903171,181.13545558477097,138.40167293521546,132.50552925345596,236.1173834730342,-42.73378264955551,323.7176163867311,287.3394963730855,292.5435802605931,419.71662542048364,-36.37812001364557,138.40167293521546,132.50552925345596,236.1173834730342,287.3394963730855,292.5435802605931,419.71662542048364,866,3066.0,589.0,61,湘南台周辺
533903172,151.68788315158682,138.1040859664185,122.01241016289983,225.72440204110774,-13.583797185168322,300.2877372035671,349.5701393913484,362.75124017063496,490.7707023323018,49.282402187781315,138.10408596641852,122.01241016289983,225.72440204110774,349.5701393913483,362.75124017063496,490.7707023323018,540,1798.0,427.0,118,上村周辺
533903173,120.94486231108303,147.26890143608549,136.8315190186839,261.49800302431663,26.324039125002457,477.0453408271802,411.3665777449156,427.9947393602399,578.5240027951972,-65.6787630822646,147.26890143608549,136.8315190186839,261.49800302431663,411.3665777449157,427.9947393602399,578.5240027951972,419,1565.9999999999998,275.0,130,引地橋周辺
533903174,160.45339212316287,134.81604634073378,123.71974038957177,215.252224792763,-25.637345782429094,171.13929612323653,155.78390549336436,164.75764957853428,248.576435458378,-15.355390629872176,134.81604634073378,123.71974038957177,215.252224792763,155.7839054933644,164.75764957853428,248.576435458378,730,2229.0,582.0,145,湘南高校前周辺
533903181,174.48218631296388,118.72645758729115,112.42205824950774,203.60889516474413,-55.755728725672725,42.339682209244316,138.2246693169481,130.53816239287437,254.3973842036773,95.8849871077038,118.72645758729115,112.42205824950774,203.60889516474413,138.2246693169481,130.53816239287437,254.3973842036773,696,2727.0,720.0,227,日本精工北門周辺
533903182,54.485940654953325,157.31289983757642,148.5993523362592,243.4801093975156,102.8269591826231,149.68062804715333,102.52648740701846,89.41354601080998,190.24840288731767,-47.15414064013487,157.31289983757642,148.5993523362592,243.4801093975156,102.52648740701848,89.41354601080998,190.24840288731767,704,4083.0,935.0,225,藤沢小学校前周辺
533903183,39.187860079563315,108.63225645198466,105.97847346314065,156.0317934716774,69.44439637242135,86.67629969067488,140.21680344397294,142.23490508393266,223.49692353042857,53.540503753298054,108.63225645198465,105.97847346314065,156.0317934716774,140.2168034439729,142.23490508393266,223.49692353042857,531,2935.0000000000005,512.0,257,白旗交差点周辺
533903184,111.90687645605529,138.31191287154286,120.9302490225893,261.47388943829054,26.405036415487572,152.35911455249447,187.55846562496183,171.51041476217964,318.27810341669914,35.19935107246735,138.31191287154286,120.9302490225893,261.47388943829054,187.55846562496185,171.51041476217964,318.27810341669914,719,2540.0,619.0,184,藤沢公民館前周辺
533903191,56.45016904542898,94.54292764676347,86.01080637378826,172.98349462257426,38.092758601334495,222.4652900202257,220.35892051130847,246.4169727884376,337.7616902993453,-2.1063695089172256,94.54292764676347,86.01080637378826,172.98349462257426,220.35892051130847,246.4169727884376,337.7616902993453,587,4777.0,1053.0,215,藤が岡2号周辺
533903192,93.14084117551005,122.60616980709115,98.27708728214394,246.9972168591511,29.4653286315811,14.10254012747365,188.2766497189632,188.48722077546137,265.3657573641753,174.17410959148955,122.60616980709116,98.27708728214394,246.9972168591511,188.27664971896317,188.48722077546137,265.3657573641753,980,4610.0,948.0,261,赤坂下周辺
533903193,179.48871155234224,138.83466911071176,116.02537450075519,274.23716690887267,-40.65404244163048,460.2162194339378,357.3423637519151,370.6324059521249,477.6884088969102,-102.87385568202268,138.8346691107118,116.02537450075519,274.23716690887267,357.3423637519152,370.6324059521249,477.6884088969102,650,2320.0,539.0,38,山王神社前周辺
533903194,62.576826281260274,78.18643891621349,66.33224064721517,146.32881556904013,15.609612634953216,76.6671458815643,169.41883643052392,169.12420795100022,287.8910918635184,92.75169054895963,78.18643891621348,66.33224064721517,146.32881556904013,169.41883643052392,169.12420795100022,287.8910918635184,729,2207.0,647.0,251,藤が岡8号周辺
533903251,316.036273056087,68.12641474224395,73.25883717324982,73.25883717324982,-247.90985831384305,504.28247862179427,532.6130410946087,530.3497689200333,567.7775411952088,28.330562472814393,68.12641474224395,73.25883717324982,73.25883717324982,532.6130410946088,530.3497689200333,567.7775411952088,32,326.99999999999994,92.0,96,有藤周辺
533903252,343.94494742783024,195.54993491157063,206.59777677963558,310.59537488105525,-148.3950125162596,624.0380356592555,518.1251113936945,511.99600396378287,576.6080439458332,-105.91292426556095,195.54993491157063,206.59777677963558,310.59537488105525,518.1251113936945,511.99600396378287,576.6080439458332,169,537.0,211.0,25,有藤周辺
533903253,185.46428344706231,115.00665309282618,113.57811746591759,164.03821171289945,-70.45763035423613,459.6009771704191,258.60475625219493,240.1157018261668,414.21358351120585,-200.9962209182242,115.00665309282618,113.57811746591759,164.03821171289945,258.60475625219493,240.1157018261668,414.21358351120585,42,684.0,363.0,60,西高校前周辺
533903254,382.5667989701853,273.98101854806185,270.02001762841076,404.4276543201549,-108.58578042212343,259.65776999257866,236.796291119199,225.40696642012614,397.5047995429018,-22.861478873379667,273.98101854806185,270.02001762841076,404.4276543201549,236.796291119199,225.40696642012614,397.5047995429018,844,2305.0,896.0,18,西高校前周辺
533903261,203.0404327368222,213.96676580748246,210.17863287474506,361.9598547660365,10.926333070660263,733.0205569784363,615.4294089418709,601.3162867234902,795.9614599172127,-117.59114803656541,213.96676580748243,210.17863287474506,361.9598547660365,615.4294089418709,601.3162867234902,795.9614599172127,87,138.0,41.0,168,大六天周辺
533903262,218.86926881383786,178.40432323616346,188.96633346255035,251.937486441575,-40.4649455776744,686.9798302363523,783.7361776075537,808.1016467061743,856.4772285731303,96.7563473712014,178.40432323616346,188.96633346255035,251.937486441575,783.7361776075535,808.1016467061743,856.4772285731303,150,817.0,164.0,66,観音坂下周辺
533903263,169.38844891450026,241.46787403866645,242.05235157146848,324.63246951819247,72.07942512416619,354.33870905646114,287.71376725672076,268.9979981283411,448.7913973229215,-66.62494179974038,241.46787403866645,242.05235157146848,324.63246951819247,287.7137672567208,268.9979981283411,448.7913973229215,100,331.0,81.0,169,舟地蔵周辺
533903264,364.66261965046294,38.964893052815285,39.0370115996262,57.70777891555124,-325.69772659764766,291.0762636903095,404.09307560675,404.8769132954492,415.758118110892,113.01681191644053,38.964893052815285,39.0370115996262,57.70777891555124,404.09307560675006,404.8769132954492,415.758118110892,10,17.0,5.0,252,老人センター周辺
533903271,270.3600681716386,216.7763733601759,163.12133408140247,366.2190044853333,-53.58369481146269,733.0907143776949,609.0191391510701,636.9983938696344,689.1817653124218,-124.07157522662476,216.7763733601759,163.12133408140247,366.2190044853333,609.0191391510701,636.9983938696344,689.1817653124218,611,3146.0,459.0,10,中郷周辺
533903272,52.941695252419784,174.43859917864913,168.57798332617057,285.99382290293494,121.49690392622935,193.60404842006912,256.6285127436855,276.1663257139065,385.449707265943,63.0244643236164,174.43859917864916,168.57798332617057,285.99382290293494,256.6285127436855,276.1663257139065,385.449707265943,643,2717.0,715.0000000000001,222,修道院下周辺
533903273,174.62778357704263,70.49188186793977,70.80267036096458,106.1359505615565,-104.13590170910287,393.25911825255014,482.51965612602055,478.73892289308725,582.2788965807831,89.26053787347041,70.49188186793974,70.80267036096458,106.1359505615565,482.5196561260203,478.73892289308725,582.2788965807831,156,481.0000000000001,90.0,154,関東航空前周辺
533903274,166.95109311343472,152.34338390949307,167.3022145725921,223.07024078197597,-14.607709203941653,260.9588180215702,293.49518518135704,320.12499658675705,414.43476475720945,32.536367159786835,152.34338390949304,167.3022145725921,223.07024078197597,293.49518518135704,320.12499658675705,414.43476475720945,782,2771.0,835.0,73,善行周辺
533903281,268.25425724320564,202.110667796224,205.76784234360335,285.5786251499592,-66.14358944698165,195.15401340658525,193.45351697251718,201.22974765706945,298.35360345675565,-1.7004964340680715,202.11066779622402,205.76784234360335,285.5786251499592,193.45351697251718,201.22974765706945,298.35360345675565,440,3186.0,823.0,54,白旗神社前周辺
533903282,302.92665584276455,331.160233391538,325.9618013226226,431.5403807544536,28.23357754877344,266.1884169181447,294.7470140603457,292.0608820816685,414.74459507856193,28.558597142200995,331.16023339153804,325.9618013226226,431.5403807544536,294.74701406034575,292.0608820816685,414.74459507856193,463,1209.0,334.0,81,藤沢市民病院周辺
533903283,85.91819774563376,150.0903506224316,145.94011318731864,254.97934824391928,64.17215287679784,409.1088414674474,327.45617916956695,334.32658662342095,416.7209401169578,-81.65266229788045,150.0903506224316,145.94011318731864,254.97934824391928,327.456179169567,334.32658662342095,416.7209401169578,515,1684.0,479.0,158,聖園女学院前周辺
533903284,344.27864517756694,268.9298409661709,299.59934858345434,358.2265292891759,-75.34880421139604,552.1589312794466,371.3323648550157,388.86414637733196,453.7050259267611,-180.8265664244309,268.9298409661709,299.59934858345434,358.2265292891759,371.33236485501567,388.86414637733196,453.7050259267611,178,439.0,104.0,75,水道みち下周辺
533903291,46.99422463745403,194.13547557469138,201.4807888770915,276.4071187722253,147.14125093723734,675.9008727601569,588.5554637709907,608.056444798219,706.1268012967579,-87.34540898916612,194.13547557469138,201.4807888770915,276.4071187722253,588.5554637709905,608.056444798219,706.1268012967579,828,2351.0,616.0,201,遊行寺坂上周辺
533903292,61.20145966122318,140.0846721410614,136.11224330436477,228.05021431689528,78.8832124798382,199.60124125256982,246.5114845591989,250.6602345711766,398.7278791671094,46.91024330662907,140.0846721410614,136.11224330436477,228.05021431689528,246.5114845591989,250.6602345711766,398.7278791671094,693,2505.0,435.0,223,柄沢神社入口周辺
533903293,174.4330815826593,165.16846897487733,157.61442005436624,268.5601361425235,-9.26461260778197,658.38129039702,541.9708501041877,561.0174187561743,675.7131076795046,-116.41044029283239,165.16846897487733,157.61442005436624,268.5601361425235,541.9708501041877,561.0174187561743,675.7131076795046,374,1648.0,425.0,42,緑ヶ丘周辺
533903294,211.7145674022075,200.58019430357933,205.68442770542185,275.11100924874586,-11.134373098628174,192.61887839641878,230.90481082984658,214.68337827755565,387.1539746534181,38.2859324334278,200.58019430357936,205.68442770542185,275.11100924874586,230.90481082984658,214.68337827755565,387.1539746534181,681,2194.0,499.0,114,柄沢大上周辺
533903342,696.1319853936669,396.6039792888806,395.4025691902742,430.23903624390226,-299.5280061047863,792.8146662975802,494.56884002333186,495.87345721827774,528.5574110307914,-298.2458262742483,396.60397928888057,395.4025691902742,430.23903624390226,494.5688400233318,495.87345721827774,528.5574110307914,39,254.00000000000003,40.99999999999999,<NA>,羽根沢周辺
533903344,459.13944999874946,321.66954615605084,319.0398450102569,348.6877168556861,-137.4699038426986,532.5627764000627,408.38346356725924,406.34241245665095,433.1348814189101,-124.17931283280348,321.66954615605084,319.0398450102569,348.6877168556861,408.3834635672593,406.34241245665095,433.1348814189101,26,623.0,162.0,<NA>,南大平周辺
533903351,347.69019036632005,233.82990198120527,224.1284372750842,362.4538685826744,-113.86028838511479,430.656584165204,321.1027799417004,319.6965018952617,453.37734332860987,-109.55380422350356,233.82990198120527,224.1284372750842,362.4538685826744,321.1027799417004,319.6965018952617,453.37734332860987,305,2639.0,1026.0,2,南センター前周辺
533903352,176.0688782609951,136.1019538079782,129.52835935098503,224.10062978349103,-39.9669244530169,230.55342626517418,243.84556784395338,265.86998919864214,374.2577628692789,13.292141578779194,136.1019538079782,129.52835935098503,224.10062978349103,243.84556784395338,265.86998919864214,374.2577628692789,341,2098.0,690.0,89,小糸周辺
533903353,37.278552862862036,182.6301619924298,186.81110552401512,274.9679138784277,145.35160912956778,65.81125716911792,195.53903415661352,191.09242972544334,320.0339284478893,129.7277769874956,182.6301619924298,186.81110552401512,274.9679138784277,195.53903415661352,191.09242972544334,320.0339284478893,358,2096.0,536.0,258,羽根沢周辺
533903354,138.91027360530202,172.98027245926414,156.43050495226024,291.88668351703444,34.06999885396212,289.7711721460254,283.82990467114024,307.50615813569897,444.200035697526,-5.941267474885137,172.98027245926417,156.43050495226024,291.88668351703444,283.8299046711403,307.50615813569897,444.200035697526,313,2635.0,613.0,102,ライフタウン中央周辺
533903361,229.48132307659586,153.5294307613909,150.91116763940028,240.4391179037722,-75.95189231520496,107.9107927209545,172.78290416572668,157.52482602173635,303.4812211444399,64.87211144477217,153.52943076139093,150.91116763940028,240.4391179037722,172.78290416572673,157.52482602173635,303.4812211444399,118,477.0,116.0,210,天神社前周辺
533903362,402.925627292962,228.28732398331707,186.30639910384468,358.7484680467623,-174.63830330964495,353.32832660958104,420.1998631933461,408.81830679575705,514.9574506553506,66.87153658376508,228.28732398331707,186.30639910384468,358.7484680467623,420.1998631933461,408.81830679575705,514.9574506553506,87,451.0,109.0,97,善行坂北周辺
533903363,70.92061898589151,199.91637318809336,204.04121603145552,286.4709279314194,128.99575420220185,410.9992501925264,306.2700157164054,311.48238025689005,430.51415577641455,-104.72923447612101,199.91637318809336,204.04121603145552,286.4709279314194,306.2700157164054,311.48238025689005,430.51415577641455,392,1460.0,287.0,191,弁天前周辺
533903364,155.52556983786994,98.87612321762492,92.61174930711435,151.74993023212147,-56.649446620245016,588.701337029862,456.1039746688677,468.8636335985822,577.9480893078091,-132.59736236099428,98.87612321762491,92.61174930711435,151.74993023212147,456.1039746688677,468.8636335985822,577.9480893078091,269,1375.0,366.0,68,善行団地西周辺
533903371,197.40733670315998,144.70304173846125,159.020915055442,177.01333335149445,-52.70429496469873,401.98332453440213,361.3454285929084,369.4173007027752,421.3995780914355,-40.63789594149375,144.70304173846125,159.020915055442,177.01333335149445,361.34542859290843,369.4173007027752,421.3995780914355,275,2850.0,502.0,43,善行坂南周辺
533903372,73.77428303142511,120.97818874028171,123.4124701758357,189.81427602033762,47.203905708856595,237.94278925630758,174.0331882570613,162.45165365915022,288.0973979953251,-63.909600999246265,120.9781887402817,123.4124701758357,189.81427602033762,174.0331882570613,162.45165365915022,288.0973979953251,686,2333.0000000000005,597.0000000000001,198,善行市民センター周辺
533903373,284.47342696597457,183.16001825495007,176.25939962004608,270.9187271582363,-101.3134087110245,301.25691518138433,240.02220214009398,221.0133403899873,417.02816828430844,-61.23471304129035,183.1600182549501,176.25939962004608,270.9187271582363,240.02220214009398,221.0133403899873,417.02816828430844,719,3489.0,1149.0,16,マーケット前周辺
533903374,90.97830643437935,115.0006595061116,110.53325015510947,181.37318065579586,24.022353071732255,77.58686716888501,72.5783418564277,64.89346327505504,137.3228405827265,-5.008525312457309,115.0006595061116,110.53325015510947,181.37318065579586,72.57834185642771,64.89346327505504,137.3228405827265,546,3036.0,630.0,229,善行駅入口周辺
533903381,101.5432693716293,94.31511054982816,82.99199086211654,176.72466384640887,-7.228158821801131,65.02930915147329,156.51591540471497,153.52759125169652,234.92642569377304,91.48660625324169,94.31511054982818,82.99199086211654,176.72466384640887,156.51591540471495,153.52759125169652,234.92642569377304,410,1570.9999999999998,538.9999999999999,242,藤沢翔陵高校前周辺
533903382,179.7306173248778,107.65728840462592,72.37385804255462,255.45137522726597,-72.0733289202519,476.34368818934644,336.75938019477934,333.58799879396224,458.7646641712812,-139.5843079945671,107.65728840462593,72.37385804255462,255.45137522726597,336.7593801947794,333.58799879396224,458.7646641712812,372,902.0,284.00000000000006,80,水道みち下周辺
533903383,155.46285371495995,146.25405150001544,133.48056440833335,231.33779203822368,-9.208802214944512,130.31607376957407,164.85541570352586,170.9064704101497,243.58247848989512,34.53934193395179,146.25405150001544,133.48056440833335,231.33779203822368,164.8554157035259,170.9064704101497,243.58247848989512,589,2565.0,696.0,152,渋沢台周辺
533903384,259.4496093968777,249.40019868105634,302.21048305419777,420.5056696746008,-10.049410715821352,260.5264607020012,278.55843042773193,362.3165128094882,428.9445127221773,18.031969725730733,249.4001986810563,302.21048305419777,420.5056696746008,278.55843042773193,362.3165128094882,428.9445127221773,80,91.0,42.0,202,亀井野団地入口周辺
533903391,556.5961090045288,325.99862084421034,317.3555376254981,341.86676478890536,-230.59748816031845,907.3968332149553,669.2793121836846,629.6675888917491,757.6001304653643,-238.1175210312707,325.9986208442104,317.3555376254981,341.86676478890536,669.2793121836847,629.6675888917491,757.6001304653643,14,539.0,199.0,<NA>,緑ヶ丘周辺
533903441,250.16690157631038,120.16911230074396,110.07258848551125,209.237917486493,-129.99778927556642,581.7995572342408,360.1312257981989,359.35570938525706,387.07657515926024,-221.66833143604185,120.16911230074402,110.07258848551125,209.237917486493,360.13122579819895,359.35570938525706,387.07657515926024,64,525.0,139.00000000000003,<NA>,大辻周辺
533903442,21.31673928969136,149.44021602333854,158.10558985426144,217.64446123246404,128.12347673364718,103.00534492659102,120.21164911075535,122.01556614043861,178.91493446374108,17.206304184164324,149.44021602333848,158.10558985426144,217.64446123246404,120.2116491107553,122.01556614043861,178.91493446374108,296,1926.0000000000002,771.0,256,南大平周辺
533903443,193.76535134447946,126.77605905791019,123.79662353905495,208.09156815627503,-66.98929228656927,214.90232634599224,203.99990670116514,213.66903230338832,306.0632145658117,-10.902419644827091,126.77605905791022,123.79662353905495,208.09156815627503,203.99990670116517,213.66903230338832,306.0632145658117,200,1220.0,464.0,<NA>,小出一本松周辺
533903444,220.04379719588854,168.7794589493174,171.9404993021584,239.82619591736454,-51.26433824657116,220.49231703154626,203.88745043619468,204.2548619150379,287.76846644607866,-16.60486659535158,168.77945894931742,171.9404993021584,239.82619591736454,203.8874504361947,204.2548619150379,287.76846644607866,647,2260.0,1014.0,56,滝の沢不動前周辺
533903451,307.5725856726599,176.52311924473295,160.75972508279028,304.9114605684407,-131.04946642792694,275.7042949974157,231.66421059151955,238.06154457384295,304.2273855506739,-44.040084405896124,176.52311924473304,160.75972508279028,304.9114605684407,231.66421059151966,238.06154457384295,304.2273855506739,365,3100.999999999999,1095.0,<NA>,滝の沢小学校前周辺
533903452,34.25075240381902,122.92902828584965,117.50546133318105,202.5721144423662,88.67827588203063,124.81458714764015,130.16527487341867,123.8550745978616,194.54661053614484,5.3506877257785135,122.9290282858497,117.50546133318105,202.5721144423662,130.16527487341872,123.8550745978616,194.54661053614484,351,3008.0,1276.0000000000002,250,二番構保健医療センター周辺
533903453,155.33225431883315,173.1929145740827,170.80101076761918,275.29069120846236,17.86066025524954,381.155141645423,397.5740867639452,406.57004742639623,491.84170194351054,16.41894511852223,173.1929145740827,170.80101076761918,275.29069120846236,397.57408676394516,406.57004742639623,491.84170194351054,545,2185.0,576.0,70,滝の沢周辺
533903454,60.185737786817064,148.9780794102343,149.77028334271554,217.921795642353,88.79234162341723,358.8123175104917,247.8845982250995,251.0391513782691,346.3102166116437,-110.92771928539221,148.97807941023433,149.77028334271554,217.921795642353,247.8845982250995,251.0391513782691,346.3102166116437,712,3641.0000000000005,1114.0000000000002,175,駒寄住宅北周辺
533903461,121.03763330123492,134.0504445298515,138.4381696818198,189.29876906291062,13.01281122861657,335.9244932061764,201.49906150426298,195.00758348489958,300.31408864227404,-134.42543170191342,134.0504445298515,138.4381696818198,189.29876906291062,201.49906150426298,195.00758348489958,300.31408864227404,285,1287.0,308.0,150,北の谷周辺
533903462,328.50324066639547,263.67039062498395,241.00220981156758,455.01416349821017,-64.83285004141152,535.7858895166796,459.09418973517046,419.50612481548075,675.3063024109492,-76.69169978150916,263.670390624984,241.00220981156758,455.01416349821017,459.0941897351705,419.50612481548075,675.3063024109492,149,475.99999999999994,186.0,40,善行団地周辺
533903463,131.00946698693008,140.6780963771571,142.2023060127364,213.56241355464593,9.66862939022701,431.79148338199593,336.4618805118118,338.7832894218536,429.2410361853873,-95.32960287018415,140.67809637715703,142.2023060127364,213.56241355464593,336.4618805118117,338.7832894218536,429.2410361853873,405,1481.0000000000002,199.0,137,石川橋周辺
533903464,329.3770174170948,183.12767644428317,138.2752577079437,388.24130254907647,-146.24934097281164,500.85406775043396,379.2836297528112,364.1233345931446,479.1242093882086,-121.57043799762278,183.12767644428317,138.2752577079437,388.24130254907647,379.28362975281124,364.1233345931446,479.1242093882086,137,349.0,128.0,65,5号西周辺
533903471,93.86862568466634,111.55841609765821,102.71230526112242,186.61196463296216,17.68979041299187,176.82239024638238,214.47656570731954,201.51108818392126,347.9878193922229,37.654175460937154,111.55841609765821,102.71230526112242,186.61196463296216,214.47656570731954,201.51108818392126,347.9878193922229,292,2946.0,1269.0,171,2街区グラウンド前周辺
533903472,113.32282013922428,160.1229900488859,140.9328361995016,276.9269971045811,46.80016990966162,276.9856780172477,270.0926122978945,264.0835984977212,435.4798281661865,-6.893065719353217,160.1229900488859,140.9328361995016,276.9269971045811,270.09261229789445,264.0835984977212,435.4798281661865,843,2518.0,618.0,135,善行台周辺
533903473,232.28115691512542,164.42178131792954,158.31965319129745,281.0424125518509,-67.85937559719588,114.64654522150012,289.6296420179424,349.0078614460631,406.2857477678195,174.98309679644228,164.42178131792951,158.31965319129745,281.0424125518509,289.62964201794233,349.0078614460631,406.2857477678195,104,349.0,174.0,189,天神町7号周辺
533903474,470.2286161585703,427.34405218530867,480.8254430924386,632.0513072352758,-42.884563973261606,585.3587415890612,510.7883522512286,514.6600331034554,585.7085392360168,-74.57038933783258,427.34405218530867,480.8254430924386,632.0513072352758,510.78835225122856,514.6600331034554,585.7085392360168,150,250.00000000000003,69.0,99,善行台周辺
533903481,199.8306666467647,181.39282638429435,166.65646761738634,331.1321517160171,-18.43784026247036,345.1323226621113,325.37817638711095,315.4565934506526,502.46137529764906,-19.754146275000323,181.39282638429432,166.65646761738634,331.1321517160171,325.37817638711095,315.4565934506526,502.46137529764906,448,1698.0,571.0,41,亀井野団地周辺
533903482,136.20108830585139,152.08715847463827,119.55236368453079,312.438825438222,15.886070168786887,451.7758479680025,434.16543033409164,464.9780776649192,565.3001008259151,-17.610417633910856,152.0871584746383,119.55236368453079,312.438825438222,434.1654303340916,464.9780776649192,565.3001008259151,397,826.0,240.99999999999997,123,新田周辺
533903483,583.5026893652231,536.5403563476975,527.3734046580113,698.4364029525838,-46.962333017525566,588.5335896679918,587.3751085874195,606.6790840166333,653.6374751667249,-1.158481080572301,536.5403563476978,527.3734046580113,698.4364029525838,587.3751085874196,606.6790840166333,653.6374751667249,128,173.0,64.0,104,亀井野公園周辺
533903484,376.5448622350183,306.0840375708379,311.5607060216502,426.14163365890533,-70.4608246641804,238.08404837360519,307.12205334967274,337.1040224035657,439.5969360756261,69.03800497606755,306.0840375708379,311.5607060216502,426.14163365890533,307.12205334967274,337.1040224035657,439.5969360756261,102,140.0,35.0,207,俣野原周辺
533903493,612.2140900347345,394.69065820886186,411.39174704743607,411.39174704743607,-217.5234318258726,641.8735608694587,363.5644456803338,374.10417093041355,413.84525243780223,-278.30911518912495,394.69065820886186,411.39174704743607,411.39174704743607,363.5644456803338,374.10417093041355,413.84525243780223,4,50.99999999999999,14.999999999999998,205,西俣野周辺
533903523,831.6257607343551,760.3780050646052,773.1511905145828,898.680203706907,-71.24775566974995,586.823432151208,510.6438346754464,511.60344523549446,639.4865277916806,-76.17959747576157,760.3780050646053,773.1511905145828,898.680203706907,510.64383467544644,511.60344523549446,639.4865277916806,97,365.00000000000006,115.00000000000001,48,獺郷公民館前周辺
533903524,597.886152412516,560.3067892377956,581.7819109649298,608.6174493409952,-37.57936317472047,457.42902616163815,305.76417334670964,313.6243166266922,348.4968413922358,-151.6648528149285,560.3067892377958,581.7819109649298,608.6174493409952,305.7641733467096,313.6243166266922,348.4968413922358,30,47.99999999999999,8.0,<NA>,堂の前周辺
533903541,468.5215049573409,230.01272818975016,235.92105711461767,252.03255344524732,-238.50877676759072,425.68914492856254,209.52302806955973,201.94884479194306,269.5681778432518,-216.1661168590028,230.01272818975022,235.92105711461767,252.03255344524732,209.52302806955984,201.94884479194306,269.5681778432518,28,459.0,235.00000000000003,<NA>,小出一本松周辺
533903542,186.39349784760293,121.90232643086779,125.89950191174664,185.50720565486617,-64.49117141673514,200.70333707034376,231.9429593028102,234.6373231560028,363.75580803475617,31.239622232466445,121.90232643086779,125.89950191174664,185.50720565486617,231.9429593028102,234.6373231560028,363.75580803475617,301,838.0,243.0,151,南原周辺
533903543,430.1864488984924,205.01846886913032,220.56692120436674,220.85409294024052,-225.1679800293621,517.6627759185109,279.5673883671928,278.7337026337413,292.5110312544635,-238.09538755131808,205.01846886913026,220.56692120436674,220.85409294024052,279.5673883671928,278.7337026337413,292.5110312544635,4,93.0,27.999999999999996,<NA>,刈込周辺
533903544,231.67530808687513,139.01144614060996,138.51336331808176,197.089792764177,-92.66386194626517,77.44209550259906,256.7985303150491,273.5116228308576,354.85218169914486,179.35643481245006,139.01144614060996,138.51336331808176,197.089792764177,256.79853031504905,273.5116228308576,354.85218169914486,218,405.0,169.0,218,宝泉寺周辺
533903551,156.65731903841979,168.48461442433896,169.5649508314139,243.346674203282,11.827295385919172,587.9943259113858,454.48047127056515,462.1997009854888,559.9019129926822,-133.51385464082063,168.48461442433896,169.5649508314139,243.346674203282,454.48047127056503,462.1997009854888,559.9019129926822,632,2417.0,584.9999999999999,36,矢尻周辺
533903552,362.08806425455174,252.81925973050636,254.68471084294595,341.26276397393457,-109.26880452404538,77.25549158668157,194.31836542497186,200.34366479089286,293.6577578967003,117.06287383829029,252.8192597305063,254.68471084294595,341.26276397393457,194.3183654249718,200.34366479089286,293.6577578967003,447,2126.0,302.99999999999994,193,田方周辺
533903553,275.6715725394016,184.3204021433211,198.08333665253076,307.3581961583205,-91.3511703960805,457.256907144048,458.66271665954656,461.1577357991694,590.1121765946192,1.4058095154985608,184.3204021433211,198.08333665253076,307.3581961583205,458.66271665954656,461.1577357991694,590.1121765946192,204,564.0,148.0,71,遠藤松原周辺
533903554,147.11144033131663,115.83817817299568,110.4445972990544,165.07846379093823,-31.273262158320946,314.20895476417724,444.28261316467257,450.66897615895334,497.90423042547803,130.07365840049533,115.83817817299564,110.4445972990544,165.07846379093823,444.2826131646725,450.66897615895334,497.90423042547803,47,207.0,28.0,235,寿照寺前周辺
533903561,107.55745311874793,161.49485203273798,160.33877352569706,248.06132490446396,53.93739891399005,75.01412240935954,221.962054764069,213.24413113046188,350.42551900059124,146.94793235470945,161.49485203273798,160.33877352569706,248.06132490446396,221.96205476406902,213.24413113046188,350.42551900059124,540,2629.0,396.0,239,石川周辺
533903562,70.09923714217105,84.901294562531,73.50155128692067,138.84032394536104,14.802057420359958,619.7379849778629,523.2929022836956,549.2713272969888,644.3355026048197,-96.44508269416724,84.901294562531,73.50155128692067,138.84032394536104,523.2929022836956,549.2713272969888,644.3355026048197,463,1473.0,275.0,183,4号西周辺
533903563,110.07226802342532,154.84502447598015,155.4036572957366,233.84008090869784,44.77275645255483,440.4684045503336,401.6935943064962,406.2613934786261,479.5035056336184,-38.77481024383741,154.84502447598015,155.4036572957366,233.84008090869784,401.69359430649627,406.2613934786261,479.5035056336184,553,2473.0,406.0,127,和泉橋周辺
533903564,184.22673769396184,142.00399029217138,136.4632662963696,235.53214224961724,-42.22274740179046,606.2724904405143,589.1624610101575,578.250627011223,749.2712890493875,-17.110029430356803,142.00399029217138,136.4632662963696,235.53214224961724,589.1624610101575,578.250627011223,749.2712890493875,487,1863.0,368.0,44,3号西周辺
533903571,268.56042221085784,142.6948681401966,160.23990620070913,237.54040136504634,-125.86555407066123,382.59163530412263,421.02968873631306,447.9825994996282,591.315173441994,38.43805343219043,142.69486814019663,160.23990620070913,237.54040136504634,421.029688736313,447.9825994996282,591.315173441994,206,750.0,207.0,64,天神町8号周辺
533903572,573.6666339240022,623.2117805004474,617.5720252466979,765.3439322086481,49.54514657644518,282.4640470608586,190.2690188824959,199.83899304035293,263.625260491697,-92.19502817836269,623.2117805004473,617.5720252466979,765.3439322086481,190.26901888249589,199.83899304035293,263.625260491697,92,233.0,108.00000000000001,111,西谷周辺
533903573,127.19450356724506,121.40012807626492,117.39613649256317,199.3302084949649,-5.794375490980144,522.0222750719972,504.63162320928814,523.8208453094126,698.1659954430025,-17.390651862709092,121.40012807626489,117.39613649256317,199.3302084949649,504.6316232092881,523.8208453094126,698.1659954430025,601,1957.0000000000002,478.0,94,保育園前周辺
533903574,257.9603322226671,254.25929571234238,247.92881857969377,428.5616552425155,-3.7010365103247125,111.71966164482643,151.3764568411535,154.36218050774866,263.8685694917783,39.65679519632707,254.25929571234235,247.92881857969377,428.5616552425155,151.37645684115347,154.36218050774866,263.8685694917783,536,2032.0,459.99999999999994,153,西谷周辺
533903581,487.563041817287,538.4280449198251,615.285843184682,741.1361038328017,50.86500310253808,240.08884316826428,178.9077110937725,98.8875048924968,489.04420952017637,-61.181132074491785,538.4280449198252,615.285843184682,741.1361038328017,178.9077110937725,98.8875048924968,489.04420952017637,48,115.0,34.0,208,下屋敷周辺
533903582,89.35909187455128,129.40962115704792,121.84134999914608,199.8524352317358,40.05052928249664,227.75596054588527,276.11917597630446,249.12407404736638,460.28901510547706,48.36321543041919,129.4096211570479,121.84134999914608,199.8524352317358,276.11917597630446,249.12407404736638,460.28901510547706,147,353.0,103.0,226,俣野原周辺
533903583,251.70108736465883,221.69436762789258,205.1106112661684,388.0203835181751,-30.006719736766257,378.5104306301162,348.27191136763906,334.46750385677785,538.8245015989008,-30.238519262477155,221.69436762789255,205.1106112661684,388.0203835181751,348.27191136763906,334.46750385677785,538.8245015989008,510,1590.0,383.0,49,亀井野周辺
533903584,249.49649657952256,182.47407394995423,169.74852836391247,336.2438721787301,-67.02242262956833,688.763152330941,671.021831583952,655.9977880407433,859.0803377426263,-17.741320746989004,182.4740739499542,169.74852836391247,336.2438721787301,671.0218315839519,655.9977880407433,859.0803377426263,202,450.0,136.0,63,下屋敷周辺
533903591,185.32794783464018,179.0845021323306,186.68832583312263,286.230480190008,-6.243445702309572,638.1004383591296,582.5015776691127,594.837694369373,711.3126205105267,-55.59886069001686,179.08450213233058,186.68832583312263,286.230480190008,582.5015776691129,594.837694369373,711.3126205105267,137,174.0,50.0,161,西俣野周辺
533903593,348.16571825494356,182.1896315023816,152.6079122329959,242.26551579719862,-165.97608675256197,910.8653138278684,643.9028171001056,650.8139612111939,657.7748778364471,-266.96249672776275,182.1896315023816,152.6079122329959,242.26551579719862,643.9028171001055,650.8139612111939,657.7748778364471,11,235.0,69.0,<NA>,西俣野周辺
533903612,771.6034348342025,607.475461827302,607.2801022729637,611.7589415022481,-164.12797300690056,971.3549926137212,688.1998151270095,687.8990981773728,690.6322923325223,-283.15517748671164,607.4754618273021,607.2801022729637,611.7589415022481,688.1998151270097,687.8990981773728,690.6322923325223,3,623.0,240.0,<NA>,獺郷周辺
533903621,422.2923357726906,411.39544512533354,424.6401343842092,594.8146957106298,-10.896890647357054,404.4534411177622,436.5593095748692,419.39694206307615,607.5662043240161,32.105868457106965,411.3954451253336,424.6401343842092,594.8146957106298,436.5593095748692,419.39694206307615,607.5662043240161,92,189.00000000000003,74.00000000000001,117,獺郷周辺
533903622,165.42176073706023,172.86491180014224,143.34019292576193,304.2582203754066,7.443151063082013,168.72819985389637,321.37740373685847,352.1827896062767,421.7654976106604,152.6492038829621,172.86491180014224,143.34019292576193,304.2582203754066,321.37740373685847,352.1827896062767,421.7654976106604,155,286.0,93.0,216,光友会入口周辺
533903623,96.29997761709623,121.79518795241967,98.85427388845856,239.34386375183706,25.495210335323435,640.4240429266334,560.6971686335861,570.6301108075355,687.883936812314,-79.72687429304733,121.79518795241965,98.85427388845856,239.34386375183706,560.697168633586,570.6301108075355,687.883936812314,205,659.0,195.99999999999997,157,獺郷周辺
533903624,299.38598263751805,226.199650547129,212.26985959302164,353.4080620395707,-73.18633209038904,512.20339838052,359.6846448705867,347.10036947476715,460.6649266621296,-152.51875350993328,226.19965054712898,212.26985959302164,353.4080620395707,359.6846448705867,347.10036947476715,460.6649266621296,69,148.00000000000003,45.0,148,獺郷公民館前周辺
533903631,230.76062619283354,131.30765155412573,119.32531495103483,235.93917261310634,-99.45297463870781,733.613882862391,649.4984942309943,587.7120079644507,821.1854100695333,-84.11538863139674,131.30765155412575,119.32531495103483,235.93917261310634,649.4984942309941,587.7120079644507,821.1854100695333,97,118.0,35.0,173,根下周辺
533903632,159.98626234714308,85.85407781061751,68.79351048057468,136.5264858004519,-74.13218453652557,553.9404426891039,491.25519734839594,492.01069929540375,539.756150503326,-62.68524534070792,85.85407781061751,68.79351048057468,136.5264858004519,491.2551973483959,492.01069929540375,539.756150503326,35,38.99999999999999,12.999999999999996,245,矢崎周辺
533903633,128.81164719506344,164.44363962705467,141.71803786097888,320.1819711942361,35.63199243199122,807.7071201676466,717.5709992957278,708.0623548641267,865.0829259260549,-90.13612087191882,164.44363962705464,141.71803786097888,320.1819711942361,717.5709992957279,708.0623548641267,865.0829259260549,171,161.0,63.00000000000001,182,荒井周辺
533903634,429.2439485867648,410.39699695741456,413.9868843034896,434.7812464503838,-18.846951629350258,487.2503693539082,724.6314772677555,719.7810424509346,768.498817359801,237.3811079138473,410.3969969574146,413.9868843034896,434.7812464503838,724.6314772677557,719.7810424509346,768.498817359801,18,25.000000000000004,11.000000000000002,232,遠藤西の谷周辺
533903641,146.84552986874778,197.89942248579877,195.21490236746217,235.91216277564754,51.05389261705099,324.1115700314255,404.20183957942646,418.43138046795,443.4354420674464,80.09026954800095,197.89942248579868,195.21490236746217,235.91216277564754,404.2018395794265,418.43138046795,443.4354420674464,52,73.0,20.0,247,慶応中高降車場周辺
533903642,294.24010680410447,199.17399441080943,206.11584237773033,291.2300742557827,-95.06611239329504,319.16612363092946,286.4341983517702,281.8055539455513,404.0739001542105,-32.73192527915927,199.17399441080943,206.11584237773033,291.2300742557827,286.4341983517702,281.8055539455513,404.0739001542105,168,353.0,76.0,140,宝泉寺周辺
533903643,170.32792718053616,114.63880554939448,134.18003185361545,170.8685470669797,-55.68912163114169,188.7369394833453,215.38031311726021,212.38991542346906,264.5701346204459,26.643373633914905,114.63880554939449,134.18003185361545,170.8685470669797,215.38031311726027,212.38991542346906,264.5701346204459,32,62.99999999999999,30.0,240,遠藤打越周辺
533903644,250.60860860954,132.09926102632525,120.55664921217893,207.14436058039837,-118.50934758321475,160.79531674890572,177.2751021449461,155.38978941032624,332.68565258642434,16.47978539604037,132.09926102632525,120.55664921217893,207.14436058039837,177.27510214494615,155.38978941032624,332.68565258642434,109,250.0,71.00000000000001,214,諸之木周辺
533903651,231.75558814305347,179.32928070349973,159.98949027975607,352.726976838766,-52.42630743955374,434.89545929841205,396.16893024220894,405.3058019263435,501.18585237481693,-38.726529056203105,179.32928070349973,159.98949027975607,352.726976838766,396.1689302422089,405.3058019263435,501.18585237481693,301,680.0,190.0,79,遠藤北原周辺
533903652,119.74307915249754,109.8976011021895,92.36553358728308,161.43003401354287,-9.845478050308046,263.31578941614265,169.8678754580082,139.94813305917154,347.32622473824387,-93.44791395813445,109.89760110218948,92.36553358728308,161.43003401354287,169.86787545800817,139.94813305917154,347.32622473824387,173,793.0,131.0,197,東京ラヂエーター前周辺
533903653,65.7410180587485,142.3559994345512,139.50933867808922,235.83780515309724,76.6149813758027,50.90549348114646,171.5361131375841,175.07486735137442,252.29714071371157,120.63061965643763,142.3559994345512,139.50933867808922,235.83780515309724,171.5361131375841,175.07486735137442,252.29714071371157,194,472.0,163.0,259,秋葉台小学校周辺
533903654,134.8836113420657,173.44417060101244,175.88501273711245,241.63129456165257,38.56055925894674,311.6664596210102,208.7416843376657,191.8052573576396,337.12203388622873,-102.92477528334447,173.44417060101244,175.88501273711245,241.63129456165257,208.7416843376657,191.8052573576396,337.12203388622873,372,1543.0,375.0,129,文化体育館前周辺
533903661,132.18370396824625,159.4544759038005,162.3243703367558,232.34164194189606,27.27077193555425,137.5726524665109,253.5514424741829,251.9079065604471,350.9292062314899,115.97879000767199,159.4544759038005,162.3243703367558,232.34164194189606,253.55144247418292,251.9079065604471,350.9292062314899,315,1383.0,257.0,206,丸石周辺
533903662,258.45659416046124,251.57528309265209,240.69081124775127,323.33910664709316,-6.8813110678091505,196.36971466652912,174.32340838915619,162.5284348731359,303.41642909144736,-22.046306277372935,251.57528309265209,240.69081124775127,323.33910664709316,174.3234083891562,162.5284348731359,303.41642909144736,238,1136.0,185.0,141,石川山田周辺
533903663,128.47409398087296,115.8605676152553,111.74232920472551,151.05078803111198,-12.613526365617659,114.10761581790793,265.8281723747354,250.29861598616424,341.9797101488134,151.7205565568275,115.86056761525529,111.74232920472551,151.05078803111198,265.8281723747354,250.29861598616424,341.9797101488134,104,910.0,215.0,217,団地中央周辺
533903664,100.01991776712039,156.0603712710434,167.046389779084,231.25613841752923,56.04045350392302,238.0537781043877,239.32046431631227,259.865720281243,362.6958722116275,1.266686211924565,156.06037127104338,167.046389779084,231.25613841752923,239.32046431631224,259.865720281243,362.6958722116275,375,2728.0,581.0,164,桐ヶ谷周辺
533903671,453.2822549919005,398.9506410477261,415.45828358238356,513.1538831252981,-54.33161394417442,456.23310756097834,375.2009759146954,387.2309675964494,480.0182230788261,-81.03213164628295,398.95064104772604,415.45828358238356,513.1538831252981,375.2009759146954,387.2309675964494,480.0182230788261,741,2401.0,432.0,14,天神町2号周辺
533903672,210.95243122247427,239.66787849625547,239.40782454397294,361.1379698433867,28.715447273781194,28.907378995702913,125.33975842367349,121.98092637120945,203.9992099041978,96.43237942797057,239.66787849625544,239.40782454397294,361.1379698433867,125.33975842367349,121.98092637120945,203.9992099041978,574,2613.0,680.9999999999999,243,六会日大前周辺
533903673,363.83441598569107,379.0813770075858,393.87599642597314,548.6217133231648,15.24696102189472,279.48223921322096,261.7887338070529,257.7146954613222,397.1628154662001,-17.69350540616807,379.0813770075858,393.87599642597314,548.6217133231648,261.78873380705284,257.7146954613222,397.1628154662001,759,2799.0,690.0,19,湘南台住宅前周辺
533903674,343.37208371440215,348.13746832329707,367.05552013587766,511.1202872361572,4.765384608894919,215.00280691490346,152.59147764075763,152.15528376350625,244.56282451554628,-62.41132927414583,348.13746832329707,367.05552013587766,511.1202872361572,152.59147764075763,152.15528376350625,244.56282451554628,983,3034.0,709.0,37,六会周辺
533903681,112.5254833956129,144.77239818291707,136.43904174627747,238.30305862442242,32.24691478730418,443.35680210521,405.5707629963556,384.7049088712001,643.1398166255071,-37.786039108854425,144.77239818291707,136.43904174627747,238.30305862442242,405.57076299635565,384.7049088712001,643.1398166255071,712,2162.0,558.0,105,雲昌寺周辺
533903682,505.6510412553402,369.21327065612866,367.7592425747327,506.27369835923304,-136.43777059921155,949.2278085358377,794.3677421988851,788.8945293386993,899.07249501964,-154.8600663369525,369.21327065612866,367.7592425747327,506.27369835923304,794.367742198885,788.8945293386993,899.07249501964,472,1405.0,317.99999999999994,8,亀井野三丁目周辺
533903683,232.7515087662638,172.27539250527659,157.9937346955361,306.28882905050114,-60.476116260987226,348.64867312572994,270.3793335141264,260.7319294368983,421.7281606264618,-78.26933961160353,172.27539250527656,157.9937346955361,306.28882905050114,270.37933351412636,260.7319294368983,421.7281606264618,387,1054.0,200.0,92,六会周辺
533903684,755.272861185345,477.86171360566624,490.92281638456035,526.9399364673694,-277.4111475796788,898.2865353227651,771.5950061033549,779.0647848892675,836.1289641946772,-126.6915292194102,477.86171360566624,490.92281638456035,526.9399364673694,771.5950061033551,779.0647848892675,836.1289641946772,45,154.0,41.0,<NA>,雲昌寺周辺
533903714,957.1989561816131,957.8306227175286,959.7060061073616,1023.2867602078635,0.6316665359155422,1153.4304810311307,1153.1532193651758,1154.4001774607714,1212.9234291058426,-0.2772616659549385,957.8306227175289,959.7060061073616,1023.2867602078635,1153.153219365176,1154.4001774607714,1212.9234291058426,39,98.99999999999999,25.000000000000004,176,宮原中央周辺
533903721,275.52990830253935,209.12760443898313,208.29062146999541,351.09195017805496,-66.40230386355623,510.28272436707067,460.9912923535994,434.65819315587595,619.2158503254757,-49.29143201347125,209.12760443898313,208.29062146999541,351.09195017805496,460.99129235359953,434.65819315587595,619.2158503254757,266,519.0,163.0,62,宮原南周辺
533903722,272.03150775902907,201.5670338649098,210.45778042892755,318.9361741300518,-70.46447389411927,75.57758361427416,156.28699000289424,179.039865899114,242.0406552353313,80.70940638862008,201.5670338649098,210.45778042892755,318.9361741300518,156.2869900028942,179.039865899114,242.0406552353313,103,254.99999999999997,124.0,221,宮原中央周辺
533903723,463.61596740803196,332.00730611793773,318.19664690125836,457.6412027725104,-131.60866129009423,625.4252723330708,479.76153664454694,465.49568047322407,633.9221200419469,-145.66373568852384,332.00730611793773,318.19664690125836,457.6412027725104,479.7615366445469,465.49568047322407,633.9221200419469,113,215.99999999999997,78.99999999999999,86,宮原周辺
533903724,182.17528114920617,221.2382232154894,217.58103133929276,348.10145246237727,39.06294206628323,297.633041395837,245.38324628649892,249.00890126142335,325.27351792399924,-52.249795109338066,221.2382232154894,217.58103133929276,348.10145246237727,245.38324628649892,249.00890126142335,325.27351792399924,346,796.0,313.0,106,宮原周辺
533903731,83.6505459850593,120.11232514285372,119.36025784742047,186.77468701615882,36.461779157794425,608.0026941082597,676.2930538732255,656.0254477637634,830.6589300190482,68.29035976496584,120.1123251428537,119.36025784742047,186.77468701615882,676.2930538732255,656.0254477637634,830.6589300190482,182,333.0,99.0,212,打戻大仲周辺
533903732,97.87763948952613,203.4723290237477,214.39754827842657,314.8117412469236,105.59468953422157,771.5663500090692,784.9307709481805,776.3684875593682,876.9860648788483,13.364420939111255,203.47232902374776,214.39754827842657,314.8117412469236,784.9307709481803,776.3684875593682,876.9860648788483,71,127.99999999999999,27.000000000000004,238,宇都母知神社入口周辺
533903733,240.1343162231425,190.48172885551114,192.42156307133334,291.2354756902988,-49.652587367631355,406.46707620758616,368.66839553284143,333.98870910283796,572.4911229141331,-37.79868067474473,190.4817288555111,192.42156307133334,291.2354756902988,368.6683955328414,333.98870910283796,572.4911229141331,186,408.0,150.99999999999997,93,古里団地周辺
533903734,481.10921982459513,275.4720874934736,282.34948310638634,360.46457379789524,-205.6371323311215,639.5621432928705,535.1296586508848,403.81521815855115,785.6098735902004,-104.43248464198564,275.4720874934736,282.34948310638634,360.46457379789524,535.1296586508847,403.81521815855115,785.6098735902004,36,83.0,23.0,192,西菖蒲沢周辺
533903741,314.2552460984658,159.16952900659362,134.18192049726423,295.4981404835432,-155.0857170918722,419.28074298075546,560.1987897869178,547.3192634301164,686.4240441311167,140.91804680616235,159.1695290065936,134.18192049726423,295.4981404835432,560.1987897869176,547.3192634301164,686.4240441311167,58,136.0,30.0,190,遠藤西の谷周辺
533903742,442.04169459020557,364.63994493591906,367.4503230897345,436.579926184155,-77.4017496542865,420.7292218645511,440.96506626718366,471.6642341986498,620.1770676431884,20.23584440263255,364.6399449359192,367.4503230897345,436.579926184155,440.96506626718366,471.6642341986498,620.1770676431884,124,259.0,66.00000000000001,121,藤沢ジャンボゴルフ前周辺
533903743,235.1879642800739,127.35601275141255,126.77975787166318,202.02730323624982,-107.83195152866136,821.9647868232088,694.4237578875395,703.6121938073194,747.7539744554521,-127.54102893566926,127.35601275141252,126.77975787166318,202.02730323624982,694.4237578875393,703.6121938073194,747.7539744554521,86,153.0,53.999999999999986,132,菖蒲沢周辺
533903744,84.8186040442719,166.901705493355,157.58166783820988,301.7194283158433,82.0831014490831,562.6781148362896,550.0818189065066,541.8048992159949,675.5870045054629,-12.596295929783082,166.901705493355,157.58166783820988,301.7194283158433,550.0818189065066,541.8048992159949,675.5870045054629,106,178.0,52.99999999999999,224,笹久保周辺
533903751,254.71095713514396,228.04847024294503,229.84958384126608,334.94937214716384,-26.662486892198928,491.21737316493227,469.5865205394219,463.3049563509791,590.8230340081336,-21.630852625510386,228.048470242945,229.84958384126608,334.94937214716384,469.5865205394218,463.3049563509791,590.8230340081336,581,1714.0,338.0,35,遠藤周辺
533903752,81.86507469483232,141.26376546408235,141.73038633236897,189.55536909956865,59.39869076925004,147.6227651128664,245.75906600677655,238.78310285935098,369.9052461239839,98.13630089391015,141.2637654640824,141.73038633236897,189.55536909956865,245.75906600677658,238.78310285935098,369.9052461239839,197,1440.0,251.00000000000003,233,南大山周辺
533903753,115.63273843405379,130.83577641992687,119.9539042095302,244.62848888254868,15.203037985873081,302.40322450722124,346.4570681126236,382.4048926354781,507.35400818707825,44.053843605402335,130.8357764199269,119.9539042095302,244.62848888254868,346.4570681126235,382.4048926354781,507.35400818707825,270,1060.0,292.0,163,仲之桜周辺
533903754,247.55267063822842,168.25551863117212,184.30117998024468,243.66695795406216,-79.2971520070563,303.4850845910409,240.65349769505318,239.93432998272436,395.6323558917168,-62.831586895987726,168.25551863117212,184.30117998024468,243.66695795406216,240.6534976950532,239.93432998272436,395.6323558917168,152,764.0,177.0,109,菖蒲沢団地周辺
533903762,176.7744478259792,161.89847872604614,177.4410647799521,238.9080401483784,-14.875969099933059,341.9750831376249,277.947310929912,274.64931889488935,427.49028556343745,-64.02777220771287,161.8984787260462,177.4410647799521,238.9080401483784,277.9473109299121,274.64931889488935,427.49028556343745,372,2409.0,391.0000000000001,90,円行上庭周辺
533903764,268.0510084403829,156.33651718044914,148.18047428497633,275.38149627631304,-111.71449125993374,382.07131406249636,284.5661123864481,236.5002387413977,489.604107587233,-97.50520167604827,156.3365171804491,148.18047428497633,275.38149627631304,284.566112386448,236.5002387413977,489.604107587233,276,2282.0,463.0,31,北警察署前周辺
533903771,197.94043105282742,197.7240886612369,191.12228116285627,314.3918691509186,-0.21634239159052981,30.115221695391828,96.54019079526714,95.02466236088874,141.99842790589162,66.42496909987531,197.7240886612369,191.12228116285627,314.3918691509186,96.54019079526714,95.02466236088874,141.99842790589162,433,3430.0,558.0,241,湘南台住宅前周辺
533903772,65.21511043543981,182.5598643821076,189.15137449382902,302.0585862273629,117.3447539466678,189.20516612777905,163.25423316167107,158.68904002500955,293.3781582381816,-25.950932966107985,182.5598643821076,189.15137449382902,302.0585862273629,163.25423316167107,158.68904002500955,293.3781582381816,549,2715.0,524.0,219,今田周辺
533903773,170.4615719471916,162.00995054501956,144.286510825068,289.11627732492695,-8.451621402172037,78.03404269608686,99.88665406537262,104.76066810020507,159.0921191019055,21.852611369285768,162.00995054501956,144.286510825068,289.11627732492695,99.88665406537268,104.76066810020507,159.0921191019055,308,6124.0,1103.0000000000002,180,湘南台周辺
533903774,102.47323624187683,133.86837735566064,130.54837674778454,212.25644514629153,31.395141113783808,33.96592674587439,121.89319487516136,110.85626626813857,207.28235979924648,87.92726812928697,133.86837735566064,130.54837674778454,212.25644514629153,121.89319487516136,110.85626626813857,207.28235979924648,457,2946.0,493.99999999999994,254,今田上原周辺
533903781,339.2959953439174,206.2661072141774,193.87931093413184,339.2421859479938,-133.02988812974002,427.36846565141116,268.42417903154296,266.91627528806964,366.69421078075897,-158.9442866198682,206.2661072141774,193.87931093413184,339.2421859479938,268.4241790315429,266.91627528806964,366.69421078075897,258,1010.0,142.0,67,今田西原周辺
533903783,479.97530531174317,286.94059345468776,283.07984857186483,386.2490524228584,-193.0347118570554,515.2035499403422,307.66814304178973,301.34963698522387,382.66591739105445,-207.53540689855248,286.9405934546879,283.07984857186483,386.2490524228584,307.6681430417898,301.34963698522387,382.66591739105445,169,849.9999999999999,273.0,<NA>,今田上原周辺
533903812,1174.099183807073,1058.0545762717613,1053.1711167254539,1072.09952431518,-116.04460753531157,1235.1454660254153,1191.9593897232917,1194.7179215764309,1202.4053952203944,-43.18607630212364,1058.0545762717613,1053.1711167254539,1072.09952431518,1191.9593897232915,1194.7179215764309,1202.4053952203944,4,12.0,6.999999999999999,<NA>,宮原周辺
533903821,675.1524106786799,423.25419576448326,424.31837440890666,452.36797968347264,-251.89821491419661,676.5726054476696,411.8617450332802,410.6113703683967,441.59209644041135,-264.7108604143894,423.25419576448326,424.31837440890666,452.36797968347264,411.8617450332802,410.6113703683967,441.59209644041135,22,36.0,18.0,<NA>,西用田周辺
533903822,198.3035791638195,211.32042508506615,212.30109782116398,302.8127683031869,13.016845921246642,185.72885489024796,264.00022990209936,261.9421800677824,399.561645489867,78.2713750118514,211.32042508506615,212.30109782116398,302.8127683031869,264.0002299020994,261.9421800677824,399.561645489867,361,832.0,305.0,146,中原周辺
533903824,139.97912162014714,112.25873141656551,105.95358247532117,188.64192437645818,-27.72039020358163,631.5934797185503,480.30814971430135,479.1023033638828,561.2404890938989,-151.28533000424892,112.25873141656545,105.95358247532117,188.64192437645818,480.30814971430124,479.1023033638828,561.2404890938989,162,296.00000000000006,109.0,139,西用田周辺
533903831,86.87613979107765,145.45118322533054,148.91137980252614,227.9858655000002,58.57504343425289,92.64649239572022,169.78973061969643,161.01272772386372,269.7375514347844,77.14323822397621,145.45118322533054,148.91137980252614,227.9858655000002,169.78973061969643,161.01272772386372,269.7375514347844,427,1636.0,532.0,236,御所見小学校前周辺
533903832,128.83412552164148,156.6726679931008,155.17598956672197,227.45112265895727,27.838542471459306,502.38945168727173,385.1204325235592,345.74104135602045,586.0710275045675,-117.26901916371253,156.6726679931008,155.17598956672197,227.45112265895727,385.12043252355926,345.74104135602045,586.0710275045675,328,858.0,243.00000000000003,124,御所見中学校前周辺
533903833,259.2986497158803,162.82063431709412,143.124883274792,293.37656200543364,-96.47801539878617,245.03770237538117,223.3253397582017,231.9411716492145,341.16931194389207,-21.71236261717948,162.82063431709412,143.124883274792,293.37656200543364,223.32533975820172,231.9411716492145,341.16931194389207,338,804.0,213.0,107,用田周辺
533903834,367.8329424865314,379.0182425874529,419.3431251180456,572.765185997143,11.185300100921495,376.29933119799716,295.6070526993996,297.22682675583843,390.255234643812,-80.69227849859755,379.01824258745296,419.3431251180456,572.765185997143,295.6070526993996,297.22682675583843,390.255234643812,220,482.0,146.0,76,御所見中学校前周辺
533903841,49.202722150827164,176.59704613141918,173.70213457485508,250.6994259699457,127.39432398059202,659.3833613087647,592.4320147638933,570.4177381965397,807.6081693697595,-66.9513465448714,176.5970461314192,173.70213457485508,250.6994259699457,592.4320147638933,570.4177381965397,807.6081693697595,195,486.0,111.0,231,葛野周辺
533903842,264.9854144008956,212.75514142961842,227.3327587728564,358.96882210057447,-52.230272971277174,126.68967774098859,195.63979486112174,207.25989519838856,308.5468640610482,68.95011712013316,212.75514142961836,227.3327587728564,358.96882210057447,195.63979486112166,207.25989519838856,308.5468640610482,156,270.0,100.99999999999997,200,宮の腰周辺
533903843,411.23478192322864,259.5240664109362,238.63603438887526,444.84396792627996,-151.71071551229244,493.6650750381428,487.7072725017272,509.49093012086803,611.1882476486861,-5.957802536415613,259.52406641093614,238.63603438887526,444.84396792627996,487.70727250172723,509.49093012086803,611.1882476486861,109,216.00000000000003,55.000000000000014,125,宮下周辺
533903844,90.45892451186921,115.93696318928393,105.86455482548587,196.96482329766923,25.478038677414716,377.93328382533855,439.0926424474593,447.9260992037915,619.9955286699212,61.15935862212075,115.93696318928392,105.86455482548587,196.96482329766923,439.0926424474593,447.9260992037915,619.9955286699212,266,452.0,123.0,203,出荷場前周辺
533903851,256.55869366138455,173.68222309396353,126.3367442886587,304.5005790123475,-82.87647056742102,271.49302290342786,253.86690191169558,252.788453082928,360.9547607884722,-17.62612099173228,173.68222309396347,126.3367442886587,304.5005790123475,253.86690191169552,252.788453082928,360.9547607884722,306,1375.0000000000005,347.0,87,公民館前周辺
533903852,254.69862720389048,122.52356688463064,122.30115657967906,178.15003911945053,-132.17506031925984,325.48867579585175,226.5571132716845,235.11055975126953,320.06548823429625,-98.93156252416725,122.52356688463064,122.30115657967906,178.15003911945053,226.55711327168453,235.11055975126953,320.06548823429625,76,329.0,119.00000000000001,119,菖蒲沢団地周辺
533903853,123.84056866435482,154.92723206929077,162.1301565105253,231.67767237112255,31.086663404935948,607.1590348846299,533.3740766581293,522.9398723794698,780.4495365800865,-73.78495822650063,154.92723206929077,162.1301565105253,231.67767237112255,533.3740766581293,522.9398723794698,780.4495365800865,294,841.0,195.0,128,葛原周辺
533903854,101.31907896928792,76.47040145266821,77.53283314622847,103.97030274150102,-24.848677516619702,707.8664844457517,764.6860629547273,743.5875957793504,849.1522090261969,56.81957850897561,76.4704014526682,77.53283314622847,103.97030274150102,764.6860629547273,743.5875957793504,849.1522090261969,67,488.0,74.0,194,大持周辺
533903861,600.2269217485841,506.2482017668193,510.97751762256473,552.7200306402509,-93.97871998176481,365.2824514482825,619.7376141221105,616.1241633405785,688.3058283865964,254.455162673828,506.2482017668193,510.97751762256473,552.7200306402509,619.7376141221107,616.1241633405785,688.3058283865964,58,221.99999999999997,40.00000000000001,167,下土棚周辺
533903862,237.72866105794694,191.02938218160446,116.44200885725402,443.35833176211554,-46.699278876342476,541.2915501139677,498.0386435836205,498.2259400600996,700.9518553422535,-43.25290653034716,191.02938218160443,116.44200885725402,443.35833176211554,498.0386435836204,498.2259400600996,700.9518553422535,400,1358.0,384.99999999999994,27,とどろき公園周辺
533903863,202.84049769628845,247.700062789441,300.1859906273359,394.67364129930064,44.859565093152554,727.0225196762667,734.1966141834928,743.7305612462429,808.803688650678,7.174094507226073,247.70006278944106,300.1859906273359,394.67364129930064,734.1966141834928,743.7305612462429,808.803688650678,163,342.0,91.00000000000001,108,下土棚周辺
533903864,192.8705157858054,146.02334038771124,148.2770782943276,225.03718181537388,-46.84717539809415,579.8091151574936,526.4489494266625,521.2282346633649,655.8002314637843,-53.36016573083111,146.02334038771124,148.2770782943276,225.03718181537388,526.4489494266625,521.2282346633649,655.8002314637843,512,1609.0,304.0,57,渋谷ノ里周辺
533903871,380.3271107010298,338.14198192343184,334.26229292261,517.9790399751199,-42.18512877759798,234.29048089197454,191.53155137679866,185.83728876898638,308.98651136415896,-42.75892951517588,338.1419819234318,334.26229292261,517.9790399751199,191.53155137679866,185.83728876898638,308.98651136415896,677,3313.0,642.0,33,渋谷ヶ原周辺
533903872,387.9062264249978,383.49831822461175,363.4467701208585,567.0292125780647,-4.407908200386032,333.62835368442865,282.9151855211436,278.17758879533653,394.73357996355173,-50.71316816328505,383.49831822461164,363.4467701208585,567.0292125780647,282.91518552114354,278.17758879533653,394.73357996355173,582,2242.0,436.0,26,下高倉周辺
533903873,380.2182492670703,398.87972499071196,418.11221619457086,589.6676365270888,18.661475723641672,326.47468623161564,289.943715047578,297.23822276100566,400.5069518363881,-36.53097118403764,398.8797249907119,418.11221619457086,589.6676365270888,289.943715047578,297.23822276100566,400.5069518363881,970,3131.0,851.9999999999999,7,渋谷ノ里周辺
533903874,846.0240198503583,694.7703507569165,690.2952597680098,773.6583574234891,-151.25366909344177,502.2390173025117,400.28888871152543,392.41075757484833,581.4980516387434,-101.95012859098625,694.7703507569166,690.2952597680098,773.6583574234891,400.2888887115254,392.41075757484833,581.4980516387434,321,827.0,206.0,21,下高倉周辺
533903881,631.7465982285171,345.793035982197,348.4483895569804,386.11253094710486,-285.9535622463201,594.2664898893678,312.12017322202576,310.49744394580557,365.58440935823484,-282.14631666734203,345.79303598219707,348.4483895569804,386.11253094710486,312.12017322202587,310.49744394580557,365.58440935823484,73,656.9999999999999,156.0,<NA>,今田上原周辺
533903922,508.63849814854115,318.8334171400878,318.98146614293375,412.78620803917664,-189.80508100845333,730.9662892861542,503.0865201732787,506.9683217917954,534.8255797252759,-227.87976911287546,318.8334171400878,318.98146614293375,412.78620803917664,503.08652017327853,506.9683217917954,534.8255797252759,73,208.0,75.0,82,用田神社入口周辺
533903924,756.7365920808095,514.7804820267188,514.9629854432793,514.9629854432793,-241.9561100540907,566.9211164170273,448.39053015570335,448.8939106144799,448.8939106144799,-118.53058626132395,514.7804820267188,514.9629854432793,514.9629854432793,448.39053015570335,448.8939106144799,448.8939106144799,2,142.0,49.0,<NA>,松葉周辺
533903931,187.96591095131546,193.69384437784925,197.6205285750943,314.1067938748103,5.727933426533781,187.41148527122422,294.41433360227694,280.3880516309003,434.0054593059055,107.00284833105272,193.69384437784933,197.6205285750943,314.1067938748103,294.4143336022768,280.3880516309003,434.0054593059055,213,478.0,187.0,165,用田神社入口周辺
533903932,560.3400650712437,496.9923636154492,496.8235757279076,609.1446054401825,-63.347701455794436,239.0031326249331,182.39529576174482,206.124521037824,286.4282842840331,-56.60783686318828,496.9923636154494,496.8235757279076,609.1446054401825,182.39529576174485,206.124521037824,286.4282842840331,103,292.9999999999999,131.0,115,松葉周辺
533903933,194.1442637530021,150.9517588257488,136.30352789830675,309.5060653982873,-43.19250492725328,172.49064810280512,247.20796019360836,264.22465237688294,371.5868247411258,74.71731209080323,150.9517588257488,136.30352789830675,309.5060653982873,247.20796019360833,264.22465237688294,371.5868247411258,91,135.0,40.0,230,松葉周辺
533903934,383.54074588608864,280.6147794466482,277.1578596986509,362.18054654339045,-102.92596643944046,618.4337389866574,523.8956775535033,531.9145246376233,603.4094075515723,-94.5380614331541,280.61477944664813,277.1578596986509,362.18054654339045,523.8956775535032,531.9145246376233,603.4094075515723,84,84.0,26.0,185,松葉周辺
533903941,124.98259443241147,188.60474319605927,164.14473423179416,379.1560908764514,63.6221487636478,399.0254451962042,442.40225102518804,438.4684076391265,613.5201672426928,43.376805828983834,188.60474319605927,164.14473423179416,379.1560908764514,442.40225102518804,438.4684076391265,613.5201672426928,143,241.00000000000003,88.0,186,上宮下周辺
533903942,322.8857120300461,146.17012381027703,124.23179628468291,250.10294204967866,-176.71558821976905,834.8397586641892,692.9716781513271,684.4749155734908,745.6223088448116,-141.8680805128621,146.17012381027706,124.23179628468291,250.10294204967866,692.9716781513271,684.4749155734908,745.6223088448116,83,224.00000000000003,43.00000000000001,136,宮下周辺
533903943,120.62519282101407,121.35920641890662,106.97632299739497,212.6917780324332,0.7340135978925559,708.5753495889876,674.9721321219655,644.2019373835591,896.5525414794862,-33.60321746702209,121.3592064189066,106.97632299739497,212.6917780324332,674.9721321219655,644.2019373835591,896.5525414794862,127,197.00000000000006,43.00000000000001,213,天沼周辺
533903944,285.1368252057054,259.441944205167,259.141440322821,259.141440322821,-25.69488100053843,1117.3987977768977,1036.3845938353875,1036.0278673994862,1036.0278673994862,-81.01420394151023,259.4419442051669,259.141440322821,259.141440322821,1036.3845938353875,1036.0278673994862,1036.0278673994862,2,165.0,65.0,110,長坂上周辺
533903951,345.10615010040857,377.8306167714208,423.18167470148666,452.55597025783726,32.72446667101224,960.6008791430241,862.391612357217,866.5075990948283,905.3939555925899,-98.20926678580713,377.83061677142075,423.18167470148666,452.55597025783726,862.391612357217,866.5075990948283,905.3939555925899,52,200.00000000000003,72.0,95,藤沢・綾瀬ふれあいの杜周辺
533903952,361.82360168328586,194.87447234516287,193.95967576985495,222.05204827145394,-166.949129338123,1150.4550722647873,962.4759778475807,962.4271937308393,990.3669524502199,-187.97909441720662,194.87447234516284,193.95967576985495,222.05204827145394,962.4759778475806,962.4271937308393,990.3669524502199,20,2019.0,714.9999999999999,<NA>,大持周辺
533903953,183.7149240880267,138.9123365352147,139.42593769586523,139.42593769586523,-44.802587552811985,1352.4258890795363,1205.1760407865236,1204.4444068359044,1204.4444068359044,-147.24984829301275,138.9123365352147,139.42593769586523,139.42593769586523,1205.1760407865236,1204.4444068359044,1204.4444068359044,2,1731.0,535.0,<NA>,藤沢・綾瀬ふれあいの杜周辺
533903961,241.70573670527793,203.6554146667011,199.80473336371696,303.0586836480718,-38.05032203857684,857.5825338580432,886.9080866216931,909.3986451059268,1010.4166553845162,29.325552763649853,203.65541466670106,199.80473336371696,303.0586836480718,886.908086621693,909.3986451059268,1010.4166553845162,251,1882.0000000000002,646.0,4,坂下周辺
533903962,167.88159678382883,118.58377283817082,103.22462586174339,231.64759121033404,-49.29782394565801,291.803480598792,322.96517216748265,360.35296279218005,520.405632010954,31.161691568690628,118.5837728381708,103.22462586174339,231.64759121033404,322.96517216748265,360.35296279218005,520.405632010954,477,1839.0,429.0,100,住宅前周辺
533903963,537.4699117722378,339.0809089875628,339.0809089875628,339.0809089875628,-198.38900278467497,954.8425089468302,743.2044563883428,743.2044563883428,743.2044563883428,-211.6380525584874,339.08090898756285,339.0809089875628,339.0809089875628,743.2044563883428,743.2044563883428,743.2044563883428,1,1739.0,553.0,<NA>,奥田周辺
533903964,353.09218073567433,244.35106969330266,237.52457165900717,339.47868304691525,-108.74111104237167,511.33069060837823,390.83301547585813,379.8569607450723,516.578686532593,-120.4976751325201,244.35106969330266,237.52457165900717,339.47868304691525,390.8330154758581,379.8569607450723,516.578686532593,347,781.9999999999999,187.99999999999997,39,長後市民センター前周辺
533903971,198.69325231910602,259.350373567712,260.47282981382307,394.46861543737265,60.65712124860596,67.45724473725299,133.3386282881872,125.27729140522405,235.682549071098,65.88138355093422,259.35037356771204,260.47282981382307,394.46861543737265,133.3386282881872,125.27729140522405,235.682549071098,804,2741.0,656.0,199,長後駅周辺
533903972,426.88101779100356,400.35155138115704,414.8272679369838,541.1410615442934,-26.52946640984652,532.217866828218,455.311235359809,454.7849168594265,605.9186874893019,-76.90663146840899,400.35155138115704,414.8272679369838,541.1410615442934,455.311235359809,454.7849168594265,605.9186874893019,623,1893.0,370.0,13,住宅前周辺
533903973,259.85753709307676,288.73103481273154,277.7425179514098,451.63240345726354,28.87349771965478,54.28939581196047,148.5980142156164,136.59252852952065,261.9881753709906,94.30861840365591,288.73103481273154,277.7425179514098,451.63240345726354,148.5980142156164,136.59252852952065,261.9881753709906,739,2702.0,787.0,196,長後周辺
533903974,182.10329101422613,165.53887579198306,152.79347197840121,278.69562922998335,-16.56441522224307,274.6137812397452,264.51933766963873,258.08525289591506,436.25339645193037,-10.094443570106478,165.53887579198306,152.79347197840121,278.69562922998335,264.51933766963873,258.08525289591506,436.25339645193037,834,2432.0,747.0,58,藤沢湘南台病院前周辺
533903983,342.98019351314724,174.3515081251874,155.7732149820239,322.4254771216079,-168.62868538795985,742.3210404991208,489.89777968622104,486.421024021556,533.3081429230464,-252.4232608128998,174.3515081251874,155.7732149820239,322.4254771216079,489.89777968622104,486.421024021556,533.3081429230464,107,1050.0,227.0,<NA>,上高倉周辺
533904001,143.02979292326427,137.19441425747485,139.28210491048367,233.87022212087894,-5.83537866578942,242.71185224264718,224.02471071256494,250.67437472119536,365.3733411922687,-18.687141530082243,137.19441425747482,139.28210491048367,233.87022212087894,224.0247107125649,250.67437472119536,365.3733411922687,202,1206.0,361.0,149,小塚地下道前周辺
533904002,141.65447385602863,169.7614606370358,149.97884725325213,295.99876136515536,28.10698678100718,343.75591760331423,241.99402548762458,251.9304765986223,343.56424206808447,-101.76189211568965,169.76146063703578,149.97884725325213,295.99876136515536,241.99402548762464,251.9304765986223,343.56424206808447,500,1469.0,351.0,122,村岡宮前周辺
533904003,90.13531435428351,142.53428633199474,125.21077610695907,261.96008376462237,52.39897197771123,200.62786565569732,251.68869113075672,266.44592235421277,385.7323432916583,51.0608254750594,142.53428633199474,125.21077610695907,261.96008376462237,251.68869113075675,266.44592235421277,385.7323432916583,511,2508.0,396.0,204,小塚周辺
533904004,108.52376180125158,166.94934548198412,157.48457240133192,259.62567562309755,58.425583680732544,227.22668100200227,379.7875725181192,425.94886691665914,462.27667985442963,152.56089151611693,166.94934548198412,157.48457240133192,259.62567562309755,379.7875725181192,425.94886691665914,462.27667985442963,200,665.0,69.0,228,湘南アイパーク周辺
533904013,97.06094262746291,138.78608552500785,144.83109824092008,178.3786944770002,41.72514289754494,436.03457936760225,302.15601451825626,305.38743880120484,353.06645319421966,-133.878564849346,138.78608552500785,144.83109824092008,178.3786944770002,302.15601451825626,305.38743880120484,353.06645319421966,67,819.9999999999999,262.0,<NA>,湘南車庫周辺
533904101,285.90911340463964,224.4575341955209,219.27233610060125,371.9965605874646,-61.451579209118734,331.15928947573946,338.17812772994677,335.7364176142423,513.406057744806,7.01883825420731,224.4575341955209,219.27233610060125,371.9965605874646,338.1781277299467,335.7364176142423,513.406057744806,665,2283.0,532.0,30,高谷周辺
533904102,279.14430469482716,200.59447262697196,208.32654955450394,302.31782751329536,-78.54983206785519,205.91991440269751,360.7953079147772,383.4059201789849,468.49410265952673,154.87539351207968,200.59447262697196,208.32654955450394,302.31782751329536,360.7953079147772,383.4059201789849,468.49410265952673,455,1707.0,278.0,116,高谷小学校入口周辺
533904103,148.18166957274832,125.36036420237753,109.2635907799892,238.59722588934162,-22.821305370370794,418.07188412967463,360.79849709304085,372.3247844431213,468.14308412366654,-57.27338703663378,125.36036420237753,109.2635907799892,238.59722588934162,360.7984970930408,372.3247844431213,468.14308412366654,938,2713.0,772.0,45,渡内二丁目周辺
533904104,323.1602857085247,283.00973371577305,272.31338632762834,448.4833830186113,-40.15055199275167,305.02673324,325.2339915170268,369.7598330242754,430.12127815980807,20.207258277026824,283.00973371577305,272.31338632762834,448.4833830186113,325.23399151702677,369.7598330242754,430.12127815980807,507,2054.0,542.0,29,渡内第三会館前周辺
533904201,120.13168206387378,124.42448404676455,124.24734946828825,186.96298121633396,4.292801982890765,172.85160645943526,187.7052209256331,186.32693735977722,282.7884994971536,14.853614466197854,124.42448404676452,124.24734946828825,186.96298121633396,187.7052209256331,186.32693735977722,282.7884994971536,519,2302.0,632.0,166,慈眼寺周辺
533904202,355.35104545788977,154.3266219595341,151.76832898630192,243.72981569710393,-201.02442349835567,319.24914493240055,132.73647678787293,115.9384677116376,217.9134092705641,-186.51266814452762,154.3266219595341,151.76832898630192,243.72981569710393,132.73647678787293,115.9384677116376,217.9134092705641,148,2286.0000000000005,796.0000000000002,<NA>,渡内第三会館前周辺
533904203,224.1087957379604,127.01956405271632,129.55759753519575,187.12838377511466,-97.08923168524409,188.61781387845454,165.819617886296,169.6885790459819,246.04818465500836,-22.798195992158554,127.01956405271632,129.55759753519575,187.12838377511466,165.81961788629602,169.6885790459819,246.04818465500836,297,1779.0000000000002,523.0000000000001,<NA>,柄沢十字路周辺
533913031,330.6272573029001,295.98540484568804,259.3196068686292,549.077587238619,-34.64185245721205,293.10151833657466,225.06072735533266,216.36435934396215,317.2028707723408,-68.040790981242,295.98540484568815,259.3196068686292,549.077587238619,225.06072735533263,216.36435934396215,317.2028707723408,87,180.0,53.00000000000001,<NA>,女坂周辺
533913032,293.6883533681115,248.1800426785259,169.45595539910664,549.9581531149325,-45.50831068958561,662.2669990100821,579.9147234260337,477.50158176606914,942.2652342029198,-82.35227558404847,248.1800426785259,169.45595539910664,549.9581531149325,579.9147234260336,477.50158176606914,942.2652342029198,8,105.0,24.0,<NA>,女坂周辺
533913041,357.3993160649242,540.4880789772762,548.8651515390139,556.8763037520768,183.08876291235202,1127.9535676319974,1009.0810014689326,988.6532936822244,1183.6593163078026,-118.87256616306479,540.4880789772762,548.8651515390139,556.8763037520768,1009.0810014689329,988.6532936822244,1183.6593163078026,5,125.99999999999999,43.99999999999999,126,天沼周辺
533913054,419.98024610046104,516.9721258914468,532.2446795906986,561.3187936920281,96.99187979098576,393.8842848144934,154.76429012380103,145.77509509381093,232.3931639850166,-239.11999469069238,516.9721258914467,532.2446795906986,561.3187936920281,154.76429012380103,145.77509509381093,232.3931639850166,25,2368.0,657.0,<NA>,上土棚北二丁目周辺
533913061,473.32252218841586,327.75845216160246,314.6890354614966,416.0121780102752,-145.5640700268134,520.0383783119469,555.2478389653509,570.0376264793367,597.7005959220342,35.209460653403994,327.75845216160246,314.6890354614966,416.0121780102752,555.247838965351,570.0376264793367,597.7005959220342,55,1195.0,359.00000000000006,<NA>,上谷台周辺
533913062,156.35276788571136,249.92521109720306,251.79820931363875,425.0418658017446,93.5724432114917,745.4679732697714,682.4194518816807,683.8314646249946,784.0617038159021,-63.04852138809065,249.925211097203,251.79820931363875,425.0418658017446,682.4194518816807,683.8314646249946,784.0617038159021,367,794.0,280.0,74,上谷台周辺
533913063,736.3707830193904,701.1349772347941,713.4945905779648,793.9378482587788,-35.23580578459632,176.800598255107,240.30183578459128,191.8720998133377,419.9492730335079,63.501237529484285,701.1349772347941,713.4945905779648,793.9378482587788,240.30183578459128,191.8720998133377,419.9492730335079,269,969.0,518.0,77,上谷台周辺
533913064,585.3751212538793,540.464371475885,546.0309899784444,660.7106622214718,-44.9107497779944,742.6973965808464,666.5141643913813,642.9207269885204,904.2740274357375,-76.18323218946512,540.464371475885,546.0309899784444,660.7106622214718,666.5141643913813,642.9207269885204,904.2740274357375,344,1579.0,511.0,3,上谷台周辺
533913071,613.6752101052593,528.2072446755702,531.5434520090978,660.6560372262662,-85.46796542968912,389.30687959923887,357.92287364690446,338.9399871663149,564.5502835556952,-31.384005952334405,528.2072446755703,531.5434520090978,660.6560372262662,357.92287364690446,338.9399871663149,564.5502835556952,678,2014.0,491.0,12,藤沢湘南台病院前周辺
533913072,282.39172412231443,306.1609192411947,309.70723658941455,472.95302912073265,23.769195118880248,260.9475269591122,315.81588769320933,320.62978039546954,473.2057059423603,54.86836073409711,306.1609192411946,309.70723658941455,472.95302912073265,315.8158876932093,320.62978039546954,473.2057059423603,897,2760.0,773.0,24,藤沢湘南台病院前周辺
533913073,592.5779838626122,593.1334862653118,633.8356161714147,729.4186917917573,0.5555024026996307,734.0378484741622,740.1351231517112,758.8325480897822,893.0981450257684,6.0972746775490805,593.1334862653118,633.8356161714147,729.4186917917573,740.1351231517112,758.8325480897822,893.0981450257684,718,3590.0,921.0,1,県営サンハイツ渋谷前周辺
533913074,744.0889751698176,615.463802874604,619.6661035300486,689.4827450496989,-128.6251722952136,688.3581742062479,562.5872628168818,553.1780927626397,685.477849123396,-125.77091138936612,615.463802874604,619.6661035300486,689.4827450496989,562.5872628168819,553.1780927626397,685.477849123396,376,1295.0,353.0,6,藤沢湘南台病院前周辺
533913081,290.64927354827813,186.05200541786164,193.30384098629375,309.6734592990672,-104.5972681304165,737.3580724920887,539.8278839638065,538.1253913700044,602.0572581886428,-197.53018852828222,186.05200541786164,193.30384098629375,309.6734592990672,539.8278839638065,538.1253913700044,602.0572581886428,196,1483.0,368.0,<NA>,上高倉周辺
533913161,715.7577670199439,699.5317713334396,709.0716007779415,737.4444447450727,-16.225995686504348,468.4212675018161,287.0896121767386,277.85176063578615,370.3638880951513,-181.33165532507746,699.5317713334397,709.0716007779415,737.4444447450727,287.0896121767386,277.85176063578615,370.3638880951513,31,1038.0000000000002,294.00000000000006,<NA>,上土棚北二丁目周辺
533913171,141.18082589460138,176.27205798582375,122.17073588763257,317.9425856064098,35.091232091222366,1163.3590211909184,1155.6238763761546,1242.157914232838,1335.4084902616503,-7.735144814763771,176.2720579858238,122.17073588763257,317.9425856064098,1155.623876376155,1242.157914232838,1335.4084902616503,114,2746.0,724.0000000000001,<NA>,県営サンハイツ渋谷前周辺
