{
"type": "FeatureCollection",
"name": "fujisawa_city_gap",
"crs": { "type": "name", "properties": { "name": "urn:ogc:def:crs:EPSG::6668" } },
"features": [
{ "type": "Feature", "properties": { "mesh_code": "523973574", "centroid_lat": 35.297916666666666, "centroid_lon": 139.471875, "city_area_fraction": 0.038784622362835489, "centroid_within_city": false, "population": 2, "elderly_population": null, "reported_elderly_population": null, "elderly_ratio": null, "HTKSYORI": "2", "HTKSAKI": "523973583", "GASSAN": null, "disclosure_status": "suppressed_source", "suppression_flag": true, "aggregation_target_flag": false, "aggregation_flag": false, "primary_eligible_disclosure": false, "nearest_station_name": "片瀬江ノ島", "nearest_station_distance_m": 1615.4828010414647, "nearest_bus_stop_name": "江ノ島", "nearest_bus_stop_distance_m": 1018.6229357968209, "nearest_public_transport_type": "bus_stop", "nearest_public_transport_name": "江ノ島", "nearest_public_transport_distance_m": 1018.6229357968209, "nearest_medical_name": "いしい内科医院", "nearest_medical_distance_m": 1658.5345165019924, "nearest_hospital_name": "藤沢脳神経外科病院", "nearest_medical_access_class": "likely_public", "nearest_hospital_distance_m": 2805.8735414863168, "nearest_clinic_name": "いしい内科医院", "nearest_clinic_distance_m": 1658.5345165019924, "elderly_population_percentile": "<NA>", "elderly_ratio_percentile": "<NA>", "transport_distance_percentile": "<NA>", "medical_distance_percentile": "<NA>", "exploratory_score_a": "<NA>", "exploratory_score_b": "<NA>", "exploratory_score_c": "<NA>", "rank_a_unfiltered": "<NA>", "rank_b_unfiltered": "<NA>", "rank_c_unfiltered": "<NA>", "pareto_frontier": "<NA>", "eligibility_population_threshold": false, "eligibility_elderly_threshold": false, "primary_eligible": false, "rank": null }, "geometry": { "type": "Polygon", "coordinates": [ [ [ 139.46875, 35.295833333333334 ], [ 139.475, 35.295833333333334 ], [ 139.475, 35.3 ], [ 139.46875, 35.3 ], [ 139.46875, 35.295833333333334 ] ] ] } },
{ "type": "Feature", "properties": { "mesh_code": "523973583", "centroid_lat": 35.297916666666666, "centroid_lon": 139.478125, "city_area_fraction": 0.51986874043523257, "centroid_within_city": false, "population": 57, "elderly_population": null, "reported_elderly_population": 29.0, "elderly_ratio": null, "HTKSYORI": "1", "HTKSAKI": null, "GASSAN": "523973574", "disclosure_status": "aggregation_destination", "suppression_flag": false, "aggregation_target_flag": true, "aggregation_flag": true, "primary_eligible_disclosure": false, "nearest_station_name": "片瀬江ノ島", "nearest_station_distance_m": 1337.7726845352056, "nearest_bus_stop_name": "かながわ女性センター", "nearest_bus_stop_distance_m": 484.11699355516731, "nearest_public_transport_type": "bus_stop", "nearest_public_transport_name": "かながわ女性センター", "nearest_public_transport_distance_m": 484.11699355516731, "nearest_medical_name": "いしい内科医院", "nearest_medical_distance_m": 1370.901292179454, "nearest_hospital_name": "藤沢脳神経外科病院", "nearest_medical_access_class": "likely_public", "nearest_hospital_distance_m": 2591.6887114865026, "nearest_clinic_name": "いしい内科医院", "nearest_clinic_distance_m": 1370.901292179454, "elderly_population_percentile": "<NA>", "elderly_ratio_percentile": "<NA>", "transport_distance_percentile": "<NA>", "medical_distance_percentile": "<NA>", "exploratory_score_a": "<NA>", "exploratory_score_b": "<NA>", "exploratory_score_c": "<NA>", "rank_a_unfiltered": "<NA>", "rank_b_unfiltered": "<NA>", "rank_c_unfiltered": "<NA>", "pareto_frontier": "<NA>", "eligibility_population_threshold": true, "eligibility_elderly_threshold": false, "primary_eligible": false, "rank": null }, "geometry": { "type": "Polygon", "coordinates": [ [ [ 139.475, 35.295833333333334 ], [ 139.48125, 35.295833333333334 ], [ 139.48125, 35.3 ], [ 139.475, 35.3 ], [ 139.475, 35.295833333333334 ] ] ] } },
{ "type": "Feature", "properties": { "mesh_code": "523973584", "centroid_lat": 35.297916666666666, "centroid_lon": 139.484375, "city_area_fraction": 0.45844164791299385, "centroid_within_city": true, "population": 32, "elderly_population": 14.0, "reported_elderly_population": 14.0, "elderly_ratio": 0.4375, "HTKSYORI": "0", "HTKSAKI": null, "GASSAN": null, "disclosure_status": "unaffected", "suppression_flag": false, "aggregation_target_flag": false, "aggregation_flag": false, "primary_eligible_disclosure": true, "nearest_station_name": "片瀬江ノ島", "nearest_station_distance_m": 1271.0674345396333, "nearest_bus_stop_name": "湘南港桟橋", "nearest_bus_stop_distance_m": 88.737489312132539, "nearest_public_transport_type": "bus_stop", "nearest_public_transport_name": "湘南港桟橋", "nearest_public_transport_distance_m": 88.737489312132539, "nearest_medical_name": "鵠生クリニック", "nearest_medical_distance_m": 1216.8306353789494, "nearest_hospital_name": "藤沢脳神経外科病院", "nearest_medical_access_class": "likely_public", "nearest_hospital_distance_m": 2491.347552379199, "nearest_clinic_name": "鵠生クリニック", "nearest_clinic_distance_m": 1216.8306353789494, "elderly_population_percentile": "0.019011406844106463", "elderly_ratio_percentile": "0.9619771863117871", "transport_distance_percentile": "0.12927756653992395", "medical_distance_percentile": "1.0", "exploratory_score_a": "0.002457748413306539", "exploratory_score_b": "0.019011406844106463", "exploratory_score_c": "0.002457748413306539", "rank_a_unfiltered": "263", "rank_b_unfiltered": "248", "rank_c_unfiltered": "253", "pareto_frontier": "True", "eligibility_population_threshold": true, "eligibility_elderly_threshold": true, "primary_eligible": true, "rank": 252 }, "geometry": { "type": "Polygon", "coordinates": [ [ [ 139.48125, 35.295833333333334 ], [ 139.4875, 35.295833333333334 ], [ 139.4875, 35.3 ], [ 139.48125, 35.3 ], [ 139.48125, 35.295833333333334 ] ] ] } },
{ "type": "Feature", "properties": { "mesh_code": "523973681", "centroid_lat": 35.302083333333329, "centroid_lon": 139.478125, "city_area_fraction": 0.25945440269069581, "centroid_within_city": false, "population": 86, "elderly_population": 34.0, "reported_elderly_population": 34.0, "elderly_ratio": 0.39534883720930231, "HTKSYORI": "0", "HTKSAKI": null, "GASSAN": null, "disclosure_status": "unaffected", "suppression_flag": false, "aggregation_target_flag": false, "aggregation_flag": false, "primary_eligible_disclosure": true, "nearest_station_name": "片瀬江ノ島", "nearest_station_distance_m": 913.50478941164044, "nearest_bus_stop_name": "江ノ島", "nearest_bus_stop_distance_m": 317.8256670520808, "nearest_public_transport_type": "bus_stop", "nearest_public_transport_name": "江ノ島", "nearest_public_transport_distance_m": 317.8256670520808, "nearest_medical_name": "いしい内科医院", "nearest_medical_distance_m": 952.20579662399598, "nearest_hospital_name": "藤沢脳神経外科病院", "nearest_medical_access_class": "likely_public", "nearest_hospital_distance_m": 2152.2861267820472, "nearest_clinic_name": "いしい内科医院", "nearest_clinic_distance_m": 952.20579662399598, "elderly_population_percentile": "<NA>", "elderly_ratio_percentile": "<NA>", "transport_distance_percentile": "<NA>", "medical_distance_percentile": "<NA>", "exploratory_score_a": "<NA>", "exploratory_score_b": "<NA>", "exploratory_score_c": "<NA>", "rank_a_unfiltered": "<NA>", "rank_b_unfiltered": "<NA>", "rank_c_unfiltered": "<NA>", "pareto_frontier": "<NA>", "eligibility_population_threshold": true, "eligibility_elderly_threshold": true, "primary_eligible": false, "rank": null }, "geometry": { "type": "Polygon", "coordinates": [ [ [ 139.475, 35.3 ], [ 139.48125, 35.3 ], [ 139.48125, 35.304166666666667 ], [ 139.475, 35.304166666666667 ], [ 139.475, 35.3 ] ] ] } },
{ "type": "Feature", "properties": { "mesh_code": "523973682", "centroid_lat": 35.302083333333329, "centroid_lon": 139.484375, "city_area_fraction": 0.25682528142171596, "centroid_within_city": false, "population": 135, "elderly_population": 50.0, "reported_elderly_population": 50.0, "elderly_ratio": 0.37037037037037035, "HTKSYORI": "0", "HTKSAKI": null, "GASSAN": null, "disclosure_status": "unaffected", "suppression_flag": false, "aggregation_target_flag": false, "aggregation_flag": false, "primary_eligible_disclosure": true, "nearest_station_name": "片瀬江ノ島", "nearest_station_distance_m": 812.69737093657443, "nearest_bus_stop_name": "江ノ島", "nearest_bus_stop_distance_m": 257.95688745628161, "nearest_public_transport_type": "bus_stop", "nearest_public_transport_name": "江ノ島", "nearest_public_transport_distance_m": 257.95688745628161, "nearest_medical_name": "鵠生クリニック", "nearest_medical_distance_m": 778.28817288601806, "nearest_hospital_name": "藤沢脳神経外科病院", "nearest_medical_access_class": "likely_public", "nearest_hospital_distance_m": 2030.3509303587966, "nearest_clinic_name": "鵠生クリニック", "nearest_clinic_distance_m": 778.28817288601806, "elderly_population_percentile": "<NA>", "elderly_ratio_percentile": "<NA>", "transport_distance_percentile": "<NA>", "medical_distance_percentile": "<NA>", "exploratory_score_a": "<NA>", "exploratory_score_b": "<NA>", "exploratory_score_c": "<NA>", "rank_a_unfiltered": "<NA>", "rank_b_unfiltered": "<NA>", "rank_c_unfiltered": "<NA>", "pareto_frontier": "<NA>", "eligibility_population_threshold": true, "eligibility_elderly_threshold": true, "primary_eligible": false, "rank": null }, "geometry": { "type": "Polygon", "coordinates": [ [ [ 139.48125, 35.3 ], [ 139.4875, 35.3 ], [ 139.4875, 35.304166666666667 ], [ 139.48125, 35.304166666666667 ], [ 139.48125, 35.3 ] ] ] } },
{ "type": "Feature", "properties": { "mesh_code": "523973684", "centroid_lat": 35.30625, "centroid_lon": 139.484375, "city_area_fraction": 0.54917800795129501, "centroid_within_city": true, "population": 376, "elderly_population": 85.0, "reported_elderly_population": 85.0, "elderly_ratio": 0.22606382978723405, "HTKSYORI": "0", "HTKSAKI": null, "GASSAN": null, "disclosure_status": "unaffected", "suppression_flag": false, "aggregation_target_flag": false, "aggregation_flag": false, "primary_eligible_disclosure": true, "nearest_station_name": "片瀬江ノ島", "nearest_station_distance_m": 364.23004159656364, "nearest_bus_stop_name": "江ノ島海岸", "nearest_bus_stop_distance_m": 131.60911246751334, "nearest_public_transport_type": "bus_stop", "nearest_public_transport_name": "江ノ島海岸", "nearest_public_transport_distance_m": 131.60911246751334, "nearest_medical_name": "いしい内科医院", "nearest_medical_distance_m": 368.95138276980515, "nearest_hospital_name": "藤沢脳神経外科病院", "nearest_medical_access_class": "likely_public", "nearest_hospital_distance_m": 1570.0822303279817, "nearest_clinic_name": "いしい内科医院", "nearest_clinic_distance_m": 368.95138276980515, "elderly_population_percentile": "0.17490494296577946", "elderly_ratio_percentile": "0.30798479087452474", "transport_distance_percentile": "0.27756653992395436", "medical_distance_percentile": "0.5893536121673004", "exploratory_score_a": "0.04854775983460798", "exploratory_score_b": "0.1030808599227978", "exploratory_score_c": "0.028611797621156797", "rank_a_unfiltered": "218", "rank_b_unfiltered": "182", "rank_c_unfiltered": "188", "pareto_frontier": "False", "eligibility_population_threshold": true, "eligibility_elderly_threshold": true, "primary_eligible": true, "rank": 188 }, "geometry": { "type": "Polygon", "coordinates": [ [ [ 139.48125, 35.304166666666667 ], [ 139.4875, 35.304166666666667 ], [ 139.4875, 35.308333333333337 ], [ 139.48125, 35.308333333333337 ], [ 139.48125, 35.304166666666667 ] ] ] } },
{ "type": "Feature", "properties": { "mesh_code": "523973693", "centroid_lat": 35.30625, "centroid_lon": 139.490625, "city_area_fraction": 0.036947504330615041, "centroid_within_city": false, "population": 169, "elderly_population": 68.0, "reported_elderly_population": 68.0, "elderly_ratio": 0.40236686390532544, "HTKSYORI": "0", "HTKSAKI": null, "GASSAN": null, "disclosure_status": "unaffected", "suppression_flag": false, "aggregation_target_flag": false, "aggregation_flag": false, "primary_eligible_disclosure": true, "nearest_station_name": "江ノ島", "nearest_station_distance_m": 595.80995913518018, "nearest_bus_stop_name": "東浜", "nearest_bus_stop_distance_m": 384.00983061885671, "nearest_public_transport_type": "bus_stop", "nearest_public_transport_name": "東浜", "nearest_public_transport_distance_m": 384.00983061885671, "nearest_medical_name": "鵠生クリニック", "nearest_medical_distance_m": 364.01937563629622, "nearest_hospital_name": "藤沢脳神経外科病院", "nearest_medical_access_class": "likely_public", "nearest_hospital_distance_m": 1612.8067138091226, "nearest_clinic_name": "鵠生クリニック", "nearest_clinic_distance_m": 364.01937563629622, "elderly_population_percentile": "<NA>", "elderly_ratio_percentile": "<NA>", "transport_distance_percentile": "<NA>", "medical_distance_percentile": "<NA>", "exploratory_score_a": "<NA>", "exploratory_score_b": "<NA>", "exploratory_score_c": "<NA>", "rank_a_unfiltered": "<NA>", "rank_b_unfiltered": "<NA>", "rank_c_unfiltered": "<NA>", "pareto_frontier": "<NA>", "eligibility_population_threshold": true, "eligibility_elderly_threshold": true, "primary_eligible": false, "rank": null }, "geometry": { "type": "Polygon", "coordinates": [ [ [ 139.4875, 35.304166666666667 ], [ 139.49375, 35.304166666666667 ], [ 139.49375, 35.308333333333337 ], [ 139.4875, 35.308333333333337 ], [ 139.4875, 35.304166666666667 ] ] ] } },
{ "type": "Feature", "properties": { "mesh_code": "523973774", "centroid_lat": 35.314583333333331, "centroid_lon": 139.471875, "city_area_fraction": 0.69376196624178377, "centroid_within_city": true, "population": 353, "elderly_population": 113.0, "reported_elderly_population": 113.0, "elderly_ratio": 0.32011331444759206, "HTKSYORI": "0", "HTKSAKI": null, "GASSAN": null, "disclosure_status": "unaffected", "suppression_flag": false, "aggregation_target_flag": false, "aggregation_flag": false, "primary_eligible_disclosure": true, "nearest_station_name": "鵠沼海岸", "nearest_station_distance_m": 686.98308328149255, "nearest_bus_stop_name": "公園西部駐車場前", "nearest_bus_stop_distance_m": 167.48707256837494, "nearest_public_transport_type": "bus_stop", "nearest_public_transport_name": "公園西部駐車場前", "nearest_public_transport_distance_m": 167.48707256837494, "nearest_medical_name": "のなかこどもクリニック", "nearest_medical_distance_m": 392.57908603599606, "nearest_hospital_name": "藤沢脳神経外科病院", "nearest_medical_access_class": "likely_public", "nearest_hospital_distance_m": 1448.6401476432916, "nearest_clinic_name": "のなかこどもクリニック", "nearest_clinic_distance_m": 392.57908603599606, "elderly_population_percentile": "0.23574144486692014", "elderly_ratio_percentile": "0.7984790874524715", "transport_distance_percentile": "0.40304182509505704", "medical_distance_percentile": "0.6311787072243346", "exploratory_score_a": "0.09501366218970926", "exploratory_score_b": "0.1487949804102994", "exploratory_score_c": "0.05997060046955033", "rank_a_unfiltered": "179", "rank_b_unfiltered": "150", "rank_c_unfiltered": "142", "pareto_frontier": "False", "eligibility_population_threshold": true, "eligibility_elderly_threshold": true, "primary_eligible": true, "rank": 142 }, "geometry": { "type": "Polygon", "coordinates": [ [ [ 139.46875, 35.3125 ], [ 139.475, 35.3125 ], [ 139.475, 35.31666666666667 ], [ 139.46875, 35.31666666666667 ], [ 139.46875, 35.3125 ] ] ] } },
{ "type": "Feature", "properties": { "mesh_code": "523973781", "centroid_lat": 35.310416666666669, "centroid_lon": 139.478125, "city_area_fraction": 0.59455197454915554, "centroid_within_city": true, "population": 911, "elderly_population": 139.0, "reported_elderly_population": 139.0, "elderly_ratio": 0.15257958287596049, "HTKSYORI": "0", "HTKSAKI": null, "GASSAN": null, "disclosure_status": "unaffected", "suppression_flag": false, "aggregation_target_flag": false, "aggregation_flag": false, "primary_eligible_disclosure": true, "nearest_station_name": "片瀬江ノ島", "nearest_station_distance_m": 454.05801848433424, "nearest_bus_stop_name": "西浜", "nearest_bus_stop_distance_m": 124.4094554517296, "nearest_public_transport_type": "bus_stop", "nearest_public_transport_name": "西浜", "nearest_public_transport_distance_m": 124.4094554517296, "nearest_medical_name": "のなかこどもクリニック", "nearest_medical_distance_m": 452.62547787353941, "nearest_hospital_name": "藤沢脳神経外科病院", "nearest_medical_access_class": "likely_public", "nearest_hospital_distance_m": 1321.0868701002933, "nearest_clinic_name": "のなかこどもクリニック", "nearest_clinic_distance_m": 452.62547787353941, "elderly_population_percentile": "0.2737642585551331", "elderly_ratio_percentile": "0.04182509505703422", "transport_distance_percentile": "0.24714828897338403", "medical_distance_percentile": "0.714828897338403", "exploratory_score_a": "0.06766036808396826", "exploratory_score_b": "0.19569460307363126", "exploratory_score_c": "0.04836558631097351", "rank_a_unfiltered": "202", "rank_b_unfiltered": "117", "rank_c_unfiltered": "156", "pareto_frontier": "False", "eligibility_population_threshold": true, "eligibility_elderly_threshold": true, "primary_eligible": true, "rank": 156 }, "geometry": { "type": "Polygon", "coordinates": [ [ [ 139.475, 35.30833333333333 ], [ 139.48125, 35.30833333333333 ], [ 139.48125, 35.3125 ], [ 139.475, 35.3125 ], [ 139.475, 35.30833333333333 ] ] ] } },
{ "type": "Feature", "properties": { "mesh_code": "523973782", "centroid_lat": 35.310416666666669, "centroid_lon": 139.484375, "city_area_fraction": 1.0000000000000002, "centroid_within_city": true, "population": 2527, "elderly_population": 633.0, "reported_elderly_population": 633.0, "elderly_ratio": 0.25049465769687379, "HTKSYORI": "0", "HTKSAKI": null, "GASSAN": null, "disclosure_status": "unaffected", "suppression_flag": false, "aggregation_target_flag": false, "aggregation_flag": false, "primary_eligible_disclosure": true, "nearest_station_name": "片瀬江ノ島", "nearest_station_distance_m": 179.36785087116442, "nearest_bus_stop_name": "江ノ島駅前", "nearest_bus_stop_distance_m": 294.12647395657677, "nearest_public_transport_type": "station", "nearest_public_transport_name": "片瀬江ノ島", "nearest_public_transport_distance_m": 179.36785087116442, "nearest_medical_name": "いしい内科医院", "nearest_medical_distance_m": 134.56331624158034, "nearest_hospital_name": "藤沢脳神経外科病院", "nearest_medical_access_class": "likely_public", "nearest_hospital_distance_m": 1111.4465523891188, "nearest_clinic_name": "いしい内科医院", "nearest_clinic_distance_m": 134.56331624158034, "elderly_population_percentile": "0.7680608365019012", "elderly_ratio_percentile": "0.4866920152091255", "transport_distance_percentile": "0.4524714828897338", "medical_distance_percentile": "0.17110266159695817", "exploratory_score_a": "0.3475256256415446", "exploratory_score_b": "0.1314172533938614", "exploratory_score_c": "0.059462559520416375", "rank_a_unfiltered": "62", "rank_b_unfiltered": "162", "rank_c_unfiltered": "144", "pareto_frontier": "False", "eligibility_population_threshold": true, "eligibility_elderly_threshold": true, "primary_eligible": true, "rank": 144 }, "geometry": { "type": "Polygon", "coordinates": [ [ [ 139.48125, 35.30833333333333 ], [ 139.4875, 35.30833333333333 ], [ 139.4875, 35.3125 ], [ 139.48125, 35.3125 ], [ 139.48125, 35.30833333333333 ] ] ] } },
{ "type": "Feature", "properties": { "mesh_code": "523973783", "centroid_lat": 35.314583333333331, "centroid_lon": 139.478125, "city_area_fraction": 1.0, "centroid_within_city": true, "population": 2501, "elderly_population": 549.0, "reported_elderly_population": 549.0, "elderly_ratio": 0.21951219512195122, "HTKSYORI": "0", "HTKSAKI": null, "GASSAN": null, "disclosure_status": "unaffected", "suppression_flag": false, "aggregation_target_flag": false, "aggregation_flag": false, "primary_eligible_disclosure": true, "nearest_station_name": "湘南海岸公園", "nearest_station_distance_m": 478.10469627939057, "nearest_bus_stop_name": "小田急ショップ前", "nearest_bus_stop_distance_m": 255.60192905078944, "nearest_public_transport_type": "bus_stop", "nearest_public_transport_name": "小田急ショップ前", "nearest_public_transport_distance_m": 255.60192905078944, "nearest_medical_name": "のなかこどもクリニック", "nearest_medical_distance_m": 184.37338967875215, "nearest_hospital_name": "藤沢脳神経外科病院", "nearest_medical_access_class": "likely_public", "nearest_hospital_distance_m": 970.93874033128259, "nearest_clinic_name": "のなかこどもクリニック", "nearest_clinic_distance_m": 184.37338967875215, "elderly_population_percentile": "0.6615969581749049", "elderly_ratio_percentile": "0.28517110266159695", "transport_distance_percentile": "0.6615969581749049", "medical_distance_percentile": "0.24714828897338403", "exploratory_score_a": "0.43771053506628693", "exploratory_score_b": "0.16351255620292326", "exploratory_score_c": "0.10817940980725722", "rank_a_unfiltered": "40", "rank_b_unfiltered": "139", "rank_c_unfiltered": "98", "pareto_frontier": "False", "eligibility_population_threshold": true, "eligibility_elderly_threshold": true, "primary_eligible": true, "rank": 98 }, "geometry": { "type": "Polygon", "coordinates": [ [ [ 139.475, 35.3125 ], [ 139.48125, 35.3125 ], [ 139.48125, 35.31666666666667 ], [ 139.475, 35.31666666666667 ], [ 139.475, 35.3125 ] ] ] } },
{ "type": "Feature", "properties": { "mesh_code": "523973784", "centroid_lat": 35.314583333333331, "centroid_lon": 139.484375, "city_area_fraction": 1.0, "centroid_within_city": true, "population": 2327, "elderly_population": 645.0, "reported_elderly_population": 645.0, "elderly_ratio": 0.2771809196390202, "HTKSYORI": "0", "HTKSAKI": null, "GASSAN": null, "disclosure_status": "unaffected", "suppression_flag": false, "aggregation_target_flag": false, "aggregation_flag": false, "primary_eligible_disclosure": true, "nearest_station_name": "湘南海岸公園", "nearest_station_distance_m": 117.41466836474684, "nearest_bus_stop_name": "西方", "nearest_bus_stop_distance_m": 159.79240984709557, "nearest_public_transport_type": "station", "nearest_public_transport_name": "湘南海岸公園", "nearest_public_transport_distance_m": 117.41466836474684, "nearest_medical_name": "医療法人社団清明会　湘南海岸眼科クリニック", "nearest_medical_distance_m": 54.757732114476184, "nearest_hospital_name": "藤沢脳神経外科病院", "nearest_medical_access_class": "likely_public", "nearest_hospital_distance_m": 657.8688853170612, "nearest_clinic_name": "医療法人社団清明会　湘南海岸眼科クリニック", "nearest_clinic_distance_m": 54.757732114476184, "elderly_population_percentile": "0.7946768060836502", "elderly_ratio_percentile": "0.6463878326996197", "transport_distance_percentile": "0.22053231939163498", "medical_distance_percentile": "0.04182509505703422", "exploratory_score_a": "0.1752519192123639", "exploratory_score_b": "0.033237432954069016", "exploratory_score_c": "0.007329928179984802", "rank_a_unfiltered": "132", "rank_b_unfiltered": "230", "rank_c_unfiltered": "234", "pareto_frontier": "False", "eligibility_population_threshold": true, "eligibility_elderly_threshold": true, "primary_eligible": true, "rank": 234 }, "geometry": { "type": "Polygon", "coordinates": [ [ [ 139.48125, 35.3125 ], [ 139.4875, 35.3125 ], [ 139.4875, 35.31666666666667 ], [ 139.48125, 35.31666666666667 ], [ 139.48125, 35.3125 ] ] ] } },
{ "type": "Feature", "properties": { "mesh_code": "523973791", "centroid_lat": 35.310416666666669, "centroid_lon": 139.490625, "city_area_fraction": 0.39448625433562651, "centroid_within_city": false, "population": 2441, "elderly_population": 825.0, "reported_elderly_population": 825.0, "elderly_ratio": 0.33797623924621056, "HTKSYORI": "0", "HTKSAKI": null, "GASSAN": null, "disclosure_status": "unaffected", "suppression_flag": false, "aggregation_target_flag": false, "aggregation_flag": false, "primary_eligible_disclosure": true, "nearest_station_name": "江ノ島", "nearest_station_distance_m": 280.37463756683678, "nearest_bus_stop_name": "竜口寺", "nearest_bus_stop_distance_m": 127.37339086264791, "nearest_public_transport_type": "bus_stop", "nearest_public_transport_name": "竜口寺", "nearest_public_transport_distance_m": 127.37339086264791, "nearest_medical_name": "髙橋内科クリニック", "nearest_medical_distance_m": 94.196481626505133, "nearest_hospital_name": "藤沢脳神経外科病院", "nearest_medical_access_class": "likely_public", "nearest_hospital_distance_m": 1171.0227554328746, "nearest_clinic_name": "髙橋内科クリニック", "nearest_clinic_distance_m": 94.196481626505133, "elderly_population_percentile": "<NA>", "elderly_ratio_percentile": "<NA>", "transport_distance_percentile": "<NA>", "medical_distance_percentile": "<NA>", "exploratory_score_a": "<NA>", "exploratory_score_b": "<NA>", "exploratory_score_c": "<NA>", "rank_a_unfiltered": "<NA>", "rank_b_unfiltered": "<NA>", "rank_c_unfiltered": "<NA>", "pareto_frontier": "<NA>", "eligibility_population_threshold": true, "eligibility_elderly_threshold": true, "primary_eligible": false, "rank": null }, "geometry": { "type": "Polygon", "coordinates": [ [ [ 139.4875, 35.30833333333333 ], [ 139.49375, 35.30833333333333 ], [ 139.49375, 35.3125 ], [ 139.4875, 35.3125 ], [ 139.4875, 35.30833333333333 ] ] ] } },
{ "type": "Feature", "properties": { "mesh_code": "523973793", "centroid_lat": 35.314583333333331, "centroid_lon": 139.490625, "city_area_fraction": 0.83352712064994494, "centroid_within_city": true, "population": 1237, "elderly_population": 337.0, "reported_elderly_population": 337.0, "elderly_ratio": 0.27243330638641877, "HTKSYORI": "0", "HTKSAKI": null, "GASSAN": null, "disclosure_status": "unaffected", "suppression_flag": false, "aggregation_target_flag": false, "aggregation_flag": false, "primary_eligible_disclosure": true, "nearest_station_name": "目白山下", "nearest_station_distance_m": 99.375351244285, "nearest_bus_stop_name": "目白山", "nearest_bus_stop_distance_m": 260.36073975021981, "nearest_public_transport_type": "station", "nearest_public_transport_name": "目白山下", "nearest_public_transport_distance_m": 99.375351244285, "nearest_medical_name": "佐川内科医院", "nearest_medical_distance_m": 363.622548510863, "nearest_hospital_name": "藤沢脳神経外科病院", "nearest_medical_access_class": "likely_public", "nearest_hospital_distance_m": 754.16556869656335, "nearest_clinic_name": "佐川内科医院", "nearest_clinic_distance_m": 363.622548510863, "elderly_population_percentile": "0.44866920152091255", "elderly_ratio_percentile": "0.6083650190114068", "transport_distance_percentile": "0.16730038022813687", "medical_distance_percentile": "0.5779467680608364", "exploratory_score_a": "0.07506252801110323", "exploratory_score_b": "0.2593069149474475", "exploratory_score_c": "0.04338214546649312", "rank_a_unfiltered": "193", "rank_b_unfiltered": "89", "rank_c_unfiltered": "162", "pareto_frontier": "False", "eligibility_population_threshold": true, "eligibility_elderly_threshold": true, "primary_eligible": true, "rank": 162 }, "geometry": { "type": "Polygon", "coordinates": [ [ [ 139.4875, 35.3125 ], [ 139.49375, 35.3125 ], [ 139.49375, 35.31666666666667 ], [ 139.4875, 35.31666666666667 ], [ 139.4875, 35.3125 ] ] ] } },
{ "type": "Feature", "properties": { "mesh_code": "523973794", "centroid_lat": 35.314583333333331, "centroid_lon": 139.496875, "city_area_fraction": 0.018679888931006451, "centroid_within_city": false, "population": 2194, "elderly_population": 663.0, "reported_elderly_population": 663.0, "elderly_ratio": 0.30218778486782133, "HTKSYORI": "0", "HTKSAKI": null, "GASSAN": null, "disclosure_status": "unaffected", "suppression_flag": false, "aggregation_target_flag": false, "aggregation_flag": false, "primary_eligible_disclosure": true, "nearest_station_name": "目白山下", "nearest_station_distance_m": 489.90590280160569, "nearest_bus_stop_name": "目白山", "nearest_bus_stop_distance_m": 322.39473964069077, "nearest_public_transport_type": "bus_stop", "nearest_public_transport_name": "目白山", "nearest_public_transport_distance_m": 322.39473964069077, "nearest_medical_name": "片瀬山内科医院", "nearest_medical_distance_m": 495.99250533852506, "nearest_hospital_name": "藤沢脳神経外科病院", "nearest_medical_access_class": "likely_public", "nearest_hospital_distance_m": 1162.1720565121539, "nearest_clinic_name": "片瀬山内科医院", "nearest_clinic_distance_m": 495.99250533852506, "elderly_population_percentile": "<NA>", "elderly_ratio_percentile": "<NA>", "transport_distance_percentile": "<NA>", "medical_distance_percentile": "<NA>", "exploratory_score_a": "<NA>", "exploratory_score_b": "<NA>", "exploratory_score_c": "<NA>", "rank_a_unfiltered": "<NA>", "rank_b_unfiltered": "<NA>", "rank_c_unfiltered": "<NA>", "pareto_frontier": "<NA>", "eligibility_population_threshold": true, "eligibility_elderly_threshold": true, "primary_eligible": false, "rank": null }, "geometry": { "type": "Polygon", "coordinates": [ [ [ 139.49375, 35.3125 ], [ 139.5, 35.3125 ], [ 139.5, 35.31666666666667 ], [ 139.49375, 35.31666666666667 ], [ 139.49375, 35.3125 ] ] ] } },
{ "type": "Feature", "properties": { "mesh_code": "523973853", "centroid_lat": 35.322916666666671, "centroid_lon": 139.440625, "city_area_fraction": 0.66646572319411745, "centroid_within_city": true, "population": 2048, "elderly_population": 642.0, "reported_elderly_population": 642.0, "elderly_ratio": 0.3134765625, "HTKSYORI": "0", "HTKSAKI": null, "GASSAN": null, "disclosure_status": "unaffected", "suppression_flag": false, "aggregation_target_flag": false, "aggregation_flag": false, "primary_eligible_disclosure": true, "nearest_station_name": "辻堂", "nearest_station_distance_m": 1618.3074231564676, "nearest_bus_stop_name": "辻堂西海岸", "nearest_bus_stop_distance_m": 84.586436952412825, "nearest_public_transport_type": "bus_stop", "nearest_public_transport_name": "辻堂西海岸", "nearest_public_transport_distance_m": 84.586436952412825, "nearest_medical_name": "山田医院", "nearest_medical_distance_m": 355.64627446586957, "nearest_hospital_name": "医療法人長谷川会湘南ホスピタル", "nearest_medical_access_class": "likely_public", "nearest_hospital_distance_m": 1161.4331525284865, "nearest_clinic_name": "山田医院", "nearest_clinic_distance_m": 355.64627446586957, "elderly_population_percentile": "0.7889733840304183", "elderly_ratio_percentile": "0.7832699619771863", "transport_distance_percentile": "0.11026615969581749", "medical_distance_percentile": "0.5703422053231939", "exploratory_score_a": "0.08699706515924764", "exploratory_score_b": "0.44998481978921195", "exploratory_score_c": "0.0496180979995709", "rank_a_unfiltered": "186", "rank_b_unfiltered": "24", "rank_c_unfiltered": "155", "pareto_frontier": "False", "eligibility_population_threshold": true, "eligibility_elderly_threshold": true, "primary_eligible": true, "rank": 155 }, "geometry": { "type": "Polygon", "coordinates": [ [ [ 139.4375, 35.32083333333334 ], [ 139.44375, 35.32083333333334 ], [ 139.44375, 35.325 ], [ 139.4375, 35.325 ], [ 139.4375, 35.32083333333334 ] ] ] } },
{ "type": "Feature", "properties": { "mesh_code": "523973854", "centroid_lat": 35.322916666666671, "centroid_lon": 139.446875, "city_area_fraction": 0.99999999999999978, "centroid_within_city": true, "population": 2541, "elderly_population": 847.0, "reported_elderly_population": 847.0, "elderly_ratio": 0.33333333333333331, "HTKSYORI": "0", "HTKSAKI": null, "GASSAN": null, "disclosure_status": "unaffected", "suppression_flag": false, "aggregation_target_flag": false, "aggregation_flag": false, "primary_eligible_disclosure": true, "nearest_station_name": "辻堂", "nearest_station_distance_m": 1548.0470885526772, "nearest_bus_stop_name": "交通公園前", "nearest_bus_stop_distance_m": 63.508671880502447, "nearest_public_transport_type": "bus_stop", "nearest_public_transport_name": "交通公園前", "nearest_public_transport_distance_m": 63.508671880502447, "nearest_medical_name": "山田医院", "nearest_medical_distance_m": 413.4520459001422, "nearest_hospital_name": "医療法人長谷川会湘南ホスピタル", "nearest_medical_access_class": "likely_public", "nearest_hospital_distance_m": 1140.7174104254468, "nearest_clinic_name": "山田医院", "nearest_clinic_distance_m": 413.4520459001422, "elderly_population_percentile": "0.9315589353612167", "elderly_ratio_percentile": "0.8231939163498099", "transport_distance_percentile": "0.07224334600760456", "medical_distance_percentile": "0.6653992395437263", "exploratory_score_a": "0.06729893449377611", "exploratory_score_b": "0.6198586071795168", "exploratory_score_c": "0.044780659834261674", "rank_a_unfiltered": "204", "rank_b_unfiltered": "7", "rank_c_unfiltered": "159", "pareto_frontier": "False", "eligibility_population_threshold": true, "eligibility_elderly_threshold": true, "primary_eligible": true, "rank": 159 }, "geometry": { "type": "Polygon", "coordinates": [ [ [ 139.44375, 35.32083333333334 ], [ 139.45, 35.32083333333334 ], [ 139.45, 35.325 ], [ 139.44375, 35.325 ], [ 139.44375, 35.32083333333334 ] ] ] } },
{ "type": "Feature", "properties": { "mesh_code": "523973861", "centroid_lat": 35.31875, "centroid_lon": 139.453125, "city_area_fraction": 0.70354722902539402, "centroid_within_city": true, "population": 586, "elderly_population": 84.0, "reported_elderly_population": 84.0, "elderly_ratio": 0.14334470989761092, "HTKSYORI": "0", "HTKSAKI": null, "GASSAN": null, "disclosure_status": "unaffected", "suppression_flag": false, "aggregation_target_flag": false, "aggregation_flag": false, "primary_eligible_disclosure": true, "nearest_station_name": "鵠沼海岸", "nearest_station_distance_m": 1660.9568875904922, "nearest_bus_stop_name": "辻堂海浜公園前", "nearest_bus_stop_distance_m": 137.84231735052128, "nearest_public_transport_type": "bus_stop", "nearest_public_transport_name": "辻堂海浜公園前", "nearest_public_transport_distance_m": 137.84231735052128, "nearest_medical_name": "みき辻堂東海岸クリニック", "nearest_medical_distance_m": 392.17345392599549, "nearest_hospital_name": "医療法人長谷川会湘南ホスピタル", "nearest_medical_access_class": "likely_public", "nearest_hospital_distance_m": 1772.9962979811985, "nearest_clinic_name": "みき辻堂東海岸クリニック", "nearest_clinic_distance_m": 392.17345392599549, "elderly_population_percentile": "0.17110266159695817", "elderly_ratio_percentile": "0.026615969581749048", "transport_distance_percentile": "0.30038022813688214", "medical_distance_percentile": "0.6273764258555133", "exploratory_score_a": "0.05139585652532204", "exploratory_score_b": "0.10734577628706501", "exploratory_score_c": "0.03224454877063931", "rank_a_unfiltered": "214", "rank_b_unfiltered": "178", "rank_c_unfiltered": "181", "pareto_frontier": "False", "eligibility_population_threshold": true, "eligibility_elderly_threshold": true, "primary_eligible": true, "rank": 181 }, "geometry": { "type": "Polygon", "coordinates": [ [ [ 139.45, 35.31666666666667 ], [ 139.45625, 35.31666666666667 ], [ 139.45625, 35.32083333333334 ], [ 139.45, 35.32083333333334 ], [ 139.45, 35.31666666666667 ] ] ] } },
{ "type": "Feature", "properties": { "mesh_code": "523973862", "centroid_lat": 35.31875, "centroid_lon": 139.459375, "city_area_fraction": 0.94953866102800299, "centroid_within_city": true, "population": 1603, "elderly_population": 367.0, "reported_elderly_population": 367.0, "elderly_ratio": 0.22894572676232064, "HTKSYORI": "0", "HTKSAKI": null, "GASSAN": null, "disclosure_status": "unaffected", "suppression_flag": false, "aggregation_target_flag": false, "aggregation_flag": false, "primary_eligible_disclosure": true, "nearest_station_name": "鵠沼海岸", "nearest_station_distance_m": 1100.4218080203461, "nearest_bus_stop_name": "湘洋中学校前", "nearest_bus_stop_distance_m": 133.53469117933864, "nearest_public_transport_type": "bus_stop", "nearest_public_transport_name": "湘洋中学校前", "nearest_public_transport_distance_m": 133.53469117933864, "nearest_medical_name": "奥医院", "nearest_medical_distance_m": 267.35975783370179, "nearest_hospital_name": "医療法人社団正拓会　湘南太平台病院", "nearest_medical_access_class": "likely_public", "nearest_hospital_distance_m": 1916.8894787490235, "nearest_clinic_name": "奥医院", "nearest_clinic_distance_m": 267.35975783370179, "elderly_population_percentile": "0.49049429657794674", "elderly_ratio_percentile": "0.33079847908745247", "transport_distance_percentile": "0.28517110266159695", "medical_distance_percentile": "0.4068441064638783", "exploratory_score_a": "0.13987479940435743", "exploratory_score_b": "0.19955471381688328", "exploratory_score_c": "0.05690723778048001", "rank_a_unfiltered": "156", "rank_b_unfiltered": "112", "rank_c_unfiltered": "147", "pareto_frontier": "False", "eligibility_population_threshold": true, "eligibility_elderly_threshold": true, "primary_eligible": true, "rank": 147 }, "geometry": { "type": "Polygon", "coordinates": [ [ [ 139.45625, 35.31666666666667 ], [ 139.4625, 35.31666666666667 ], [ 139.4625, 35.32083333333334 ], [ 139.45625, 35.32083333333334 ], [ 139.45625, 35.31666666666667 ] ] ] } },
{ "type": "Feature", "properties": { "mesh_code": "523973863", "centroid_lat": 35.322916666666671, "centroid_lon": 139.453125, "city_area_fraction": 0.99999999999999978, "centroid_within_city": true, "population": 3426, "elderly_population": 763.0, "reported_elderly_population": 763.0, "elderly_ratio": 0.22270869819030939, "HTKSYORI": "0", "HTKSAKI": null, "GASSAN": null, "disclosure_status": "unaffected", "suppression_flag": false, "aggregation_target_flag": false, "aggregation_flag": false, "primary_eligible_disclosure": true, "nearest_station_name": "鵠沼海岸", "nearest_station_distance_m": 1663.3881118263894, "nearest_bus_stop_name": "辻堂東海岸", "nearest_bus_stop_distance_m": 150.83579887084977, "nearest_public_transport_type": "bus_stop", "nearest_public_transport_name": "辻堂東海岸", "nearest_public_transport_distance_m": 150.83579887084977, "nearest_medical_name": "マリソル整形外科", "nearest_medical_distance_m": 100.41403635353143, "nearest_hospital_name": "医療法人長谷川会湘南ホスピタル", "nearest_medical_access_class": "likely_public", "nearest_hospital_distance_m": 1378.1461771607296, "nearest_clinic_name": "マリソル整形外科", "nearest_clinic_distance_m": 100.41403635353143, "elderly_population_percentile": "0.8935361216730038", "elderly_ratio_percentile": "0.2965779467680608", "transport_distance_percentile": "0.33840304182509506", "medical_distance_percentile": "0.11026615969581749", "exploratory_score_a": "0.3023753415547427", "exploratory_score_b": "0.09852679668637684", "exploratory_score_c": "0.03334176769995262", "rank_a_unfiltered": "79", "rank_b_unfiltered": "185", "rank_c_unfiltered": "179", "pareto_frontier": "False", "eligibility_population_threshold": true, "eligibility_elderly_threshold": true, "primary_eligible": true, "rank": 179 }, "geometry": { "type": "Polygon", "coordinates": [ [ [ 139.45, 35.32083333333334 ], [ 139.45625, 35.32083333333334 ], [ 139.45625, 35.325 ], [ 139.45, 35.325 ], [ 139.45, 35.32083333333334 ] ] ] } },
{ "type": "Feature", "properties": { "mesh_code": "523973864", "centroid_lat": 35.322916666666671, "centroid_lon": 139.459375, "city_area_fraction": 0.99999999999999978, "centroid_within_city": true, "population": 3215, "elderly_population": 683.0, "reported_elderly_population": 683.0, "elderly_ratio": 0.21244167962674962, "HTKSYORI": "0", "HTKSAKI": null, "GASSAN": null, "disclosure_status": "unaffected", "suppression_flag": false, "aggregation_target_flag": false, "aggregation_flag": false, "primary_eligible_disclosure": true, "nearest_station_name": "鵠沼海岸", "nearest_station_distance_m": 1104.1239894997345, "nearest_bus_stop_name": "鵠沼車庫前", "nearest_bus_stop_distance_m": 508.96574613881648, "nearest_public_transport_type": "bus_stop", "nearest_public_transport_name": "鵠沼車庫前", "nearest_public_transport_distance_m": 508.96574613881648, "nearest_medical_name": "奥医院", "nearest_medical_distance_m": 233.6086700940001, "nearest_hospital_name": "医療法人社団正拓会　湘南太平台病院", "nearest_medical_access_class": "likely_public", "nearest_hospital_distance_m": 1501.8770870437045, "nearest_clinic_name": "奥医院", "nearest_clinic_distance_m": 233.6086700940001, "elderly_population_percentile": "0.8288973384030418", "elderly_ratio_percentile": "0.2509505703422053", "transport_distance_percentile": "0.9467680608365019", "medical_distance_percentile": "0.33840304182509506", "exploratory_score_a": "0.7847735257123856", "exploratory_score_b": "0.2805013806763145", "exploratory_score_c": "0.2655697482448757", "rank_a_unfiltered": "5", "rank_b_unfiltered": "80", "rank_c_unfiltered": "22", "pareto_frontier": "False", "eligibility_population_threshold": true, "eligibility_elderly_threshold": true, "primary_eligible": true, "rank": 22 }, "geometry": { "type": "Polygon", "coordinates": [ [ [ 139.45625, 35.32083333333334 ], [ 139.4625, 35.32083333333334 ], [ 139.4625, 35.325 ], [ 139.45625, 35.325 ], [ 139.45625, 35.32083333333334 ] ] ] } },
{ "type": "Feature", "properties": { "mesh_code": "523973871", "centroid_lat": 35.31875, "centroid_lon": 139.465625, "city_area_fraction": 1.0, "centroid_within_city": true, "population": 2411, "elderly_population": 601.0, "reported_elderly_population": 601.0, "elderly_ratio": 0.24927416009954376, "HTKSYORI": "0", "HTKSAKI": null, "GASSAN": null, "disclosure_status": "unaffected", "suppression_flag": false, "aggregation_target_flag": false, "aggregation_flag": false, "primary_eligible_disclosure": true, "nearest_station_name": "鵠沼海岸", "nearest_station_distance_m": 555.83240946199214, "nearest_bus_stop_name": "鵠沼プールガーデン", "nearest_bus_stop_distance_m": 196.63830651640438, "nearest_public_transport_type": "bus_stop", "nearest_public_transport_name": "鵠沼プールガーデン", "nearest_public_transport_distance_m": 196.63830651640438, "nearest_medical_name": "野沢内科循環器内科", "nearest_medical_distance_m": 464.28876167000897, "nearest_hospital_name": "医療法人社団正拓会　湘南太平台病院", "nearest_medical_access_class": "likely_public", "nearest_hospital_distance_m": 1774.7425050635611, "nearest_clinic_name": "野沢内科循環器内科", "nearest_clinic_distance_m": 464.28876167000897, "elderly_population_percentile": "0.7224334600760456", "elderly_ratio_percentile": "0.4790874524714829", "transport_distance_percentile": "0.5171102661596958", "medical_distance_percentile": "0.7338403041825095", "exploratory_score_a": "0.3735777588225939", "exploratory_score_b": "0.530150790093828", "exploratory_score_c": "0.2741464161701925", "rank_a_unfiltered": "55", "rank_b_unfiltered": "15", "rank_c_unfiltered": "20", "pareto_frontier": "False", "eligibility_population_threshold": true, "eligibility_elderly_threshold": true, "primary_eligible": true, "rank": 20 }, "geometry": { "type": "Polygon", "coordinates": [ [ [ 139.4625, 35.31666666666667 ], [ 139.46875, 35.31666666666667 ], [ 139.46875, 35.32083333333334 ], [ 139.4625, 35.32083333333334 ], [ 139.4625, 35.31666666666667 ] ] ] } },
{ "type": "Feature", "properties": { "mesh_code": "523973872", "centroid_lat": 35.31875, "centroid_lon": 139.471875, "city_area_fraction": 1.0, "centroid_within_city": true, "population": 2754, "elderly_population": 627.0, "reported_elderly_population": 627.0, "elderly_ratio": 0.22766884531590414, "HTKSYORI": "0", "HTKSAKI": null, "GASSAN": null, "disclosure_status": "unaffected", "suppression_flag": false, "aggregation_target_flag": false, "aggregation_flag": false, "primary_eligible_disclosure": true, "nearest_station_name": "鵠沼海岸", "nearest_station_distance_m": 229.87257238262978, "nearest_bus_stop_name": "鵠沼海岸", "nearest_bus_stop_distance_m": 232.74660246805351, "nearest_public_transport_type": "station", "nearest_public_transport_name": "鵠沼海岸", "nearest_public_transport_distance_m": 229.87257238262978, "nearest_medical_name": "くげぬま眼科クリニック", "nearest_medical_distance_m": 205.08738872731229, "nearest_hospital_name": "藤沢脳神経外科病院", "nearest_medical_access_class": "likely_public", "nearest_hospital_distance_m": 1312.735394288854, "nearest_clinic_name": "くげぬま眼科クリニック", "nearest_clinic_distance_m": 205.08738872731229, "elderly_population_percentile": "0.752851711026616", "elderly_ratio_percentile": "0.3231939163498099", "transport_distance_percentile": "0.6007604562737643", "medical_distance_percentile": "0.2965779467680608", "exploratory_score_a": "0.45228353742283395", "exploratory_score_b": "0.22327921467709522", "exploratory_score_c": "0.1341373228858595", "rank_a_unfiltered": "37", "rank_b_unfiltered": "108", "rank_c_unfiltered": "84", "pareto_frontier": "False", "eligibility_population_threshold": true, "eligibility_elderly_threshold": true, "primary_eligible": true, "rank": 84 }, "geometry": { "type": "Polygon", "coordinates": [ [ [ 139.46875, 35.31666666666667 ], [ 139.475, 35.31666666666667 ], [ 139.475, 35.32083333333334 ], [ 139.46875, 35.32083333333334 ], [ 139.46875, 35.31666666666667 ] ] ] } },
{ "type": "Feature", "properties": { "mesh_code": "523973873", "centroid_lat": 35.322916666666671, "centroid_lon": 139.465625, "city_area_fraction": 1.0, "centroid_within_city": true, "population": 3222, "elderly_population": 823.0, "reported_elderly_population": 823.0, "elderly_ratio": 0.25543140906269396, "HTKSYORI": "0", "HTKSAKI": null, "GASSAN": null, "disclosure_status": "unaffected", "suppression_flag": false, "aggregation_target_flag": false, "aggregation_flag": false, "primary_eligible_disclosure": true, "nearest_station_name": "鵠沼海岸", "nearest_station_distance_m": 563.16743819823898, "nearest_bus_stop_name": "鵠沼車庫前", "nearest_bus_stop_distance_m": 154.03708371198351, "nearest_public_transport_type": "bus_stop", "nearest_public_transport_name": "鵠沼車庫前", "nearest_public_transport_distance_m": 154.03708371198351, "nearest_medical_name": "かわしま神経内科クリニック", "nearest_medical_distance_m": 447.73168186656591, "nearest_hospital_name": "医療法人社団正拓会　湘南太平台病院", "nearest_medical_access_class": "likely_public", "nearest_hospital_distance_m": 1315.6397910307451, "nearest_clinic_name": "かわしま神経内科クリニック", "nearest_clinic_distance_m": 447.73168186656591, "elderly_population_percentile": "0.9182509505703422", "elderly_ratio_percentile": "0.5171102661596958", "transport_distance_percentile": "0.3574144486692015", "medical_distance_percentile": "0.7072243346007605", "exploratory_score_a": "0.3281961572380691", "exploratory_score_b": "0.6494094175136261", "exploratory_score_c": "0.23210830892122", "rank_a_unfiltered": "73", "rank_b_unfiltered": "5", "rank_c_unfiltered": "34", "pareto_frontier": "False", "eligibility_population_threshold": true, "eligibility_elderly_threshold": true, "primary_eligible": true, "rank": 34 }, "geometry": { "type": "Polygon", "coordinates": [ [ [ 139.4625, 35.32083333333334 ], [ 139.46875, 35.32083333333334 ], [ 139.46875, 35.325 ], [ 139.4625, 35.325 ], [ 139.4625, 35.32083333333334 ] ] ] } },
{ "type": "Feature", "properties": { "mesh_code": "523973874", "centroid_lat": 35.322916666666671, "centroid_lon": 139.471875, "city_area_fraction": 1.0, "centroid_within_city": true, "population": 2517, "elderly_population": 704.0, "reported_elderly_population": 704.0, "elderly_ratio": 0.27969805323798175, "HTKSYORI": "0", "HTKSAKI": null, "GASSAN": null, "disclosure_status": "unaffected", "suppression_flag": false, "aggregation_target_flag": false, "aggregation_flag": false, "primary_eligible_disclosure": true, "nearest_station_name": "鵠沼海岸", "nearest_station_distance_m": 247.10813430834759, "nearest_bus_stop_name": "熊倉通り", "nearest_bus_stop_distance_m": 176.84705216206916, "nearest_public_transport_type": "bus_stop", "nearest_public_transport_name": "熊倉通り", "nearest_public_transport_distance_m": 176.84705216206916, "nearest_medical_name": "ありあけ内科クリニック", "nearest_medical_distance_m": 92.72403315760269, "nearest_hospital_name": "藤沢脳神経外科病院", "nearest_medical_access_class": "likely_public", "nearest_hospital_distance_m": 1332.4095094094146, "nearest_clinic_name": "ありあけ内科クリニック", "nearest_clinic_distance_m": 92.72403315760269, "elderly_population_percentile": "0.8631178707224335", "elderly_ratio_percentile": "0.6539923954372624", "transport_distance_percentile": "0.44866920152091255", "medical_distance_percentile": "0.09125475285171103", "exploratory_score_a": "0.38725440587546445", "exploratory_score_b": "0.07876360797467075", "exploratory_score_c": "0.0353388050989017", "rank_a_unfiltered": "51", "rank_b_unfiltered": "203", "rank_c_unfiltered": "174", "pareto_frontier": "False", "eligibility_population_threshold": true, "eligibility_elderly_threshold": true, "primary_eligible": true, "rank": 174 }, "geometry": { "type": "Polygon", "coordinates": [ [ [ 139.46875, 35.32083333333334 ], [ 139.475, 35.32083333333334 ], [ 139.475, 35.325 ], [ 139.46875, 35.325 ], [ 139.46875, 35.32083333333334 ] ] ] } },
{ "type": "Feature", "properties": { "mesh_code": "523973881", "centroid_lat": 35.31875, "centroid_lon": 139.478125, "city_area_fraction": 1.0, "centroid_within_city": true, "population": 2307, "elderly_population": 638.0, "reported_elderly_population": 638.0, "elderly_ratio": 0.27654963155613349, "HTKSYORI": "0", "HTKSAKI": null, "GASSAN": null, "disclosure_status": "unaffected", "suppression_flag": false, "aggregation_target_flag": false, "aggregation_flag": false, "primary_eligible_disclosure": true, "nearest_station_name": "鵠沼", "nearest_station_distance_m": 507.96818893028387, "nearest_bus_stop_name": "小田急ショップ前", "nearest_bus_stop_distance_m": 554.2244314683569, "nearest_public_transport_type": "station", "nearest_public_transport_name": "鵠沼", "nearest_public_transport_distance_m": 507.96818893028387, "nearest_medical_name": "海の診療所", "nearest_medical_distance_m": 183.38837996721114, "nearest_hospital_name": "藤沢脳神経外科病院", "nearest_medical_access_class": "likely_public", "nearest_hospital_distance_m": 753.32425394749487, "nearest_clinic_name": "海の診療所", "nearest_clinic_distance_m": 183.38837996721114, "elderly_population_percentile": "0.7813688212927756", "elderly_ratio_percentile": "0.6387832699619772", "transport_distance_percentile": "0.9391634980988594", "medical_distance_percentile": "0.24334600760456274", "exploratory_score_a": "0.7338330755107056", "exploratory_score_b": "0.19014298312828", "exploratory_score_c": "0.17857534917370785", "rank_a_unfiltered": "8", "rank_b_unfiltered": "123", "rank_c_unfiltered": "55", "pareto_frontier": "False", "eligibility_population_threshold": true, "eligibility_elderly_threshold": true, "primary_eligible": true, "rank": 55 }, "geometry": { "type": "Polygon", "coordinates": [ [ [ 139.475, 35.31666666666667 ], [ 139.48125, 35.31666666666667 ], [ 139.48125, 35.32083333333334 ], [ 139.475, 35.32083333333334 ], [ 139.475, 35.31666666666667 ] ] ] } },
{ "type": "Feature", "properties": { "mesh_code": "523973882", "centroid_lat": 35.31875, "centroid_lon": 139.484375, "city_area_fraction": 0.99999999999999978, "centroid_within_city": true, "population": 3001, "elderly_population": 696.0, "reported_elderly_population": 696.0, "elderly_ratio": 0.23192269243585473, "HTKSYORI": "0", "HTKSAKI": null, "GASSAN": null, "disclosure_status": "unaffected", "suppression_flag": false, "aggregation_target_flag": false, "aggregation_flag": false, "primary_eligible_disclosure": true, "nearest_station_name": "鵠沼", "nearest_station_distance_m": 332.3114701261955, "nearest_bus_stop_name": "新屋敷", "nearest_bus_stop_distance_m": 151.04860107469119, "nearest_public_transport_type": "bus_stop", "nearest_public_transport_name": "新屋敷", "nearest_public_transport_distance_m": 151.04860107469119, "nearest_medical_name": "杉本医院", "nearest_medical_distance_m": 161.78539085716434, "nearest_hospital_name": "藤沢脳神経外科病院", "nearest_medical_access_class": "likely_public", "nearest_hospital_distance_m": 239.98580745908922, "nearest_clinic_name": "杉本医院", "nearest_clinic_distance_m": 161.78539085716434, "elderly_population_percentile": "0.8517110266159695", "elderly_ratio_percentile": "0.35361216730038025", "transport_distance_percentile": "0.34220532319391633", "medical_distance_percentile": "0.20532319391634982", "exploratory_score_a": "0.29146004713094015", "exploratory_score_b": "0.1748760282785641", "exploratory_score_c": "0.05984350777593448", "rank_a_unfiltered": "86", "rank_b_unfiltered": "131", "rank_c_unfiltered": "143", "pareto_frontier": "False", "eligibility_population_threshold": true, "eligibility_elderly_threshold": true, "primary_eligible": true, "rank": 143 }, "geometry": { "type": "Polygon", "coordinates": [ [ [ 139.48125, 35.31666666666667 ], [ 139.4875, 35.31666666666667 ], [ 139.4875, 35.32083333333334 ], [ 139.48125, 35.32083333333334 ], [ 139.48125, 35.31666666666667 ] ] ] } },
{ "type": "Feature", "properties": { "mesh_code": "523973883", "centroid_lat": 35.322916666666671, "centroid_lon": 139.478125, "city_area_fraction": 1.0000000000000002, "centroid_within_city": true, "population": 2454, "elderly_population": 698.0, "reported_elderly_population": 698.0, "elderly_ratio": 0.28443357783211082, "HTKSYORI": "0", "HTKSAKI": null, "GASSAN": null, "disclosure_status": "unaffected", "suppression_flag": false, "aggregation_target_flag": false, "aggregation_flag": false, "primary_eligible_disclosure": true, "nearest_station_name": "鵠沼", "nearest_station_distance_m": 446.74541209259564, "nearest_bus_stop_name": "中岡", "nearest_bus_stop_distance_m": 397.36855973407876, "nearest_public_transport_type": "bus_stop", "nearest_public_transport_name": "中岡", "nearest_public_transport_distance_m": 397.36855973407876, "nearest_medical_name": "ＣｏＣｏ　Ｃｌｉｎｉｃ", "nearest_medical_distance_m": 149.69376233315376, "nearest_hospital_name": "藤沢脳神経外科病院", "nearest_medical_access_class": "likely_public", "nearest_hospital_distance_m": 787.14521159507137, "nearest_clinic_name": "ＣｏＣｏ　Ｃｌｉｎｉｃ", "nearest_clinic_distance_m": 149.69376233315376, "elderly_population_percentile": "0.8593155893536122", "elderly_ratio_percentile": "0.6768060836501901", "transport_distance_percentile": "0.8859315589353612", "medical_distance_percentile": "0.19391634980988592", "exploratory_score_a": "0.7612947996935043", "exploratory_score_b": "0.16663534242218334", "exploratory_score_c": "0.14762750868581262", "rank_a_unfiltered": "6", "rank_b_unfiltered": "138", "rank_c_unfiltered": "72", "pareto_frontier": "False", "eligibility_population_threshold": true, "eligibility_elderly_threshold": true, "primary_eligible": true, "rank": 72 }, "geometry": { "type": "Polygon", "coordinates": [ [ [ 139.475, 35.32083333333334 ], [ 139.48125, 35.32083333333334 ], [ 139.48125, 35.325 ], [ 139.475, 35.325 ], [ 139.475, 35.32083333333334 ] ] ] } },
{ "type": "Feature", "properties": { "mesh_code": "523973884", "centroid_lat": 35.322916666666671, "centroid_lon": 139.484375, "city_area_fraction": 1.0, "centroid_within_city": true, "population": 2500, "elderly_population": 630.0, "reported_elderly_population": 630.0, "elderly_ratio": 0.252, "HTKSYORI": "0", "HTKSAKI": null, "GASSAN": null, "disclosure_status": "unaffected", "suppression_flag": false, "aggregation_target_flag": false, "aggregation_flag": false, "primary_eligible_disclosure": true, "nearest_station_name": "鵠沼", "nearest_station_distance_m": 228.00941537883492, "nearest_bus_stop_name": "藤ヶ谷", "nearest_bus_stop_distance_m": 312.20741759289064, "nearest_public_transport_type": "station", "nearest_public_transport_name": "鵠沼", "nearest_public_transport_distance_m": 228.00941537883492, "nearest_medical_name": "くげぬま奥医院", "nearest_medical_distance_m": 274.72952752838881, "nearest_hospital_name": "藤沢脳神経外科病院", "nearest_medical_access_class": "likely_public", "nearest_hospital_distance_m": 331.23930151466016, "nearest_clinic_name": "くげぬま奥医院", "nearest_clinic_distance_m": 274.72952752838881, "elderly_population_percentile": "0.7585551330798479", "elderly_ratio_percentile": "0.49429657794676807", "transport_distance_percentile": "0.5855513307984791", "medical_distance_percentile": "0.4220532319391635", "exploratory_score_a": "0.44417296765892234", "exploratory_score_b": "0.3201506455203921", "exploratory_score_c": "0.18746463654045772", "rank_a_unfiltered": "39", "rank_b_unfiltered": "62", "rank_c_unfiltered": "51", "pareto_frontier": "False", "eligibility_population_threshold": true, "eligibility_elderly_threshold": true, "primary_eligible": true, "rank": 51 }, "geometry": { "type": "Polygon", "coordinates": [ [ [ 139.48125, 35.32083333333334 ], [ 139.4875, 35.32083333333334 ], [ 139.4875, 35.325 ], [ 139.48125, 35.325 ], [ 139.48125, 35.32083333333334 ] ] ] } },
{ "type": "Feature", "properties": { "mesh_code": "523973891", "centroid_lat": 35.31875, "centroid_lon": 139.490625, "city_area_fraction": 1.0, "centroid_within_city": true, "population": 1503, "elderly_population": 528.0, "reported_elderly_population": 528.0, "elderly_ratio": 0.35129740518962077, "HTKSYORI": "0", "HTKSAKI": null, "GASSAN": null, "disclosure_status": "unaffected", "suppression_flag": false, "aggregation_target_flag": false, "aggregation_flag": false, "primary_eligible_disclosure": true, "nearest_station_name": "目白山下", "nearest_station_distance_m": 525.22218224398569, "nearest_bus_stop_name": "片瀬山", "nearest_bus_stop_distance_m": 320.41712587683935, "nearest_public_transport_type": "bus_stop", "nearest_public_transport_name": "片瀬山", "nearest_public_transport_distance_m": 320.41712587683935, "nearest_medical_name": "中澤医院", "nearest_medical_distance_m": 215.5906334906029, "nearest_hospital_name": "藤沢脳神経外科病院", "nearest_medical_access_class": "likely_public", "nearest_hospital_distance_m": 439.95524021832807, "nearest_clinic_name": "中澤医院", "nearest_clinic_distance_m": 215.5906334906029, "elderly_population_percentile": "0.623574144486692", "elderly_ratio_percentile": "0.8479087452471483", "transport_distance_percentile": "0.7870722433460076", "medical_distance_percentile": "0.311787072243346", "exploratory_score_a": "0.49079790079370816", "exploratory_score_b": "0.1944223568361549", "exploratory_score_c": "0.15302444055165046", "rank_a_unfiltered": "31", "rank_b_unfiltered": "119", "rank_c_unfiltered": "69", "pareto_frontier": "False", "eligibility_population_threshold": true, "eligibility_elderly_threshold": true, "primary_eligible": true, "rank": 69 }, "geometry": { "type": "Polygon", "coordinates": [ [ [ 139.4875, 35.31666666666667 ], [ 139.49375, 35.31666666666667 ], [ 139.49375, 35.32083333333334 ], [ 139.4875, 35.32083333333334 ], [ 139.4875, 35.31666666666667 ] ] ] } },
{ "type": "Feature", "properties": { "mesh_code": "523973892", "centroid_lat": 35.31875, "centroid_lon": 139.496875, "city_area_fraction": 0.41974606939096853, "centroid_within_city": false, "population": 1756, "elderly_population": 634.0, "reported_elderly_population": 634.0, "elderly_ratio": 0.36104783599088835, "HTKSYORI": "0", "HTKSAKI": null, "GASSAN": null, "disclosure_status": "unaffected", "suppression_flag": false, "aggregation_target_flag": false, "aggregation_flag": false, "primary_eligible_disclosure": true, "nearest_station_name": "目白山下", "nearest_station_distance_m": 711.3218364650271, "nearest_bus_stop_name": "片瀬山", "nearest_bus_stop_distance_m": 289.2660012586291, "nearest_public_transport_type": "bus_stop", "nearest_public_transport_name": "片瀬山", "nearest_public_transport_distance_m": 289.2660012586291, "nearest_medical_name": "片瀬山内科医院", "nearest_medical_distance_m": 274.95509304678677, "nearest_hospital_name": "藤沢脳神経外科病院", "nearest_medical_access_class": "likely_public", "nearest_hospital_distance_m": 987.62283073469212, "nearest_clinic_name": "片瀬山内科医院", "nearest_clinic_distance_m": 274.95509304678677, "elderly_population_percentile": "<NA>", "elderly_ratio_percentile": "<NA>", "transport_distance_percentile": "<NA>", "medical_distance_percentile": "<NA>", "exploratory_score_a": "<NA>", "exploratory_score_b": "<NA>", "exploratory_score_c": "<NA>", "rank_a_unfiltered": "<NA>", "rank_b_unfiltered": "<NA>", "rank_c_unfiltered": "<NA>", "pareto_frontier": "<NA>", "eligibility_population_threshold": true, "eligibility_elderly_threshold": true, "primary_eligible": false, "rank": null }, "geometry": { "type": "Polygon", "coordinates": [ [ [ 139.49375, 35.31666666666667 ], [ 139.5, 35.31666666666667 ], [ 139.5, 35.32083333333334 ], [ 139.49375, 35.32083333333334 ], [ 139.49375, 35.31666666666667 ] ] ] } },
{ "type": "Feature", "properties": { "mesh_code": "523973893", "centroid_lat": 35.322916666666671, "centroid_lon": 139.490625, "city_area_fraction": 1.0000000000000002, "centroid_within_city": true, "population": 1749, "elderly_population": 530.0, "reported_elderly_population": 530.0, "elderly_ratio": 0.30303030303030304, "HTKSYORI": "0", "HTKSAKI": null, "GASSAN": null, "disclosure_status": "unaffected", "suppression_flag": false, "aggregation_target_flag": false, "aggregation_flag": false, "primary_eligible_disclosure": true, "nearest_station_name": "柳小路", "nearest_station_distance_m": 689.94152530518522, "nearest_bus_stop_name": "岩屋不動入口", "nearest_bus_stop_distance_m": 210.94344015425929, "nearest_public_transport_type": "bus_stop", "nearest_public_transport_name": "岩屋不動入口", "nearest_public_transport_distance_m": 210.94344015425929, "nearest_medical_name": "やまだ内科クリニック", "nearest_medical_distance_m": 241.28943344980016, "nearest_hospital_name": "藤沢脳神経外科病院", "nearest_medical_access_class": "likely_public", "nearest_hospital_distance_m": 495.66107620445263, "nearest_clinic_name": "やまだ内科クリニック", "nearest_clinic_distance_m": 241.28943344980016, "elderly_population_percentile": "0.6273764258555133", "elderly_ratio_percentile": "0.7642585551330798", "transport_distance_percentile": "0.5513307984790875", "medical_distance_percentile": "0.3650190114068441", "exploratory_score_a": "0.3458919458138762", "exploratory_score_b": "0.22900432274573873", "exploratory_score_c": "0.1262571361145708", "rank_a_unfiltered": "63", "rank_b_unfiltered": "107", "rank_c_unfiltered": "88", "pareto_frontier": "False", "eligibility_population_threshold": true, "eligibility_elderly_threshold": true, "primary_eligible": true, "rank": 88 }, "geometry": { "type": "Polygon", "coordinates": [ [ [ 139.4875, 35.32083333333334 ], [ 139.49375, 35.32083333333334 ], [ 139.49375, 35.325 ], [ 139.4875, 35.325 ], [ 139.4875, 35.32083333333334 ] ] ] } },
{ "type": "Feature", "properties": { "mesh_code": "523973894", "centroid_lat": 35.322916666666671, "centroid_lon": 139.496875, "city_area_fraction": 0.53307440529547312, "centroid_within_city": true, "population": 1487, "elderly_population": 617.0, "reported_elderly_population": 617.0, "elderly_ratio": 0.41492938802958979, "HTKSYORI": "0", "HTKSAKI": null, "GASSAN": null, "disclosure_status": "unaffected", "suppression_flag": false, "aggregation_target_flag": false, "aggregation_flag": false, "primary_eligible_disclosure": true, "nearest_station_name": "目白山下", "nearest_station_distance_m": 1095.1137812320928, "nearest_bus_stop_name": "片瀬中学校前", "nearest_bus_stop_distance_m": 219.64677902650817, "nearest_public_transport_type": "bus_stop", "nearest_public_transport_name": "片瀬中学校前", "nearest_public_transport_distance_m": 219.64677902650817, "nearest_medical_name": "片瀬山眼科", "nearest_medical_distance_m": 303.92535411157314, "nearest_hospital_name": "藤沢脳神経外科病院", "nearest_medical_access_class": "likely_public", "nearest_hospital_distance_m": 1013.64590188329, "nearest_clinic_name": "片瀬山眼科", "nearest_clinic_distance_m": 303.92535411157314, "elderly_population_percentile": "0.7338403041825095", "elderly_ratio_percentile": "0.9467680608365019", "transport_distance_percentile": "0.5703422053231939", "medical_distance_percentile": "0.4752851711026616", "exploratory_score_a": "0.4185400974424959", "exploratory_score_b": "0.3487834145354132", "exploratory_score_c": "0.1989259018262813", "rank_a_unfiltered": "44", "rank_b_unfiltered": "54", "rank_c_unfiltered": "47", "pareto_frontier": "False", "eligibility_population_threshold": true, "eligibility_elderly_threshold": true, "primary_eligible": true, "rank": 47 }, "geometry": { "type": "Polygon", "coordinates": [ [ [ 139.49375, 35.32083333333334 ], [ 139.5, 35.32083333333334 ], [ 139.5, 35.325 ], [ 139.49375, 35.325 ], [ 139.49375, 35.32083333333334 ] ] ] } },
{ "type": "Feature", "properties": { "mesh_code": "523973951", "centroid_lat": 35.327083333333334, "centroid_lon": 139.440625, "city_area_fraction": 0.38557139815470831, "centroid_within_city": false, "population": 3121, "elderly_population": 686.0, "reported_elderly_population": 686.0, "elderly_ratio": 0.21980134572252483, "HTKSYORI": "0", "HTKSAKI": null, "GASSAN": null, "disclosure_status": "unaffected", "suppression_flag": false, "aggregation_target_flag": false, "aggregation_flag": false, "primary_eligible_disclosure": true, "nearest_station_name": "辻堂", "nearest_station_distance_m": 1184.8079774655441, "nearest_bus_stop_name": "辻堂団地", "nearest_bus_stop_distance_m": 303.8934646377682, "nearest_public_transport_type": "bus_stop", "nearest_public_transport_name": "辻堂団地", "nearest_public_transport_distance_m": 303.8934646377682, "nearest_medical_name": "山田医院", "nearest_medical_distance_m": 319.09388189306833, "nearest_hospital_name": "医療法人長谷川会湘南ホスピタル", "nearest_medical_access_class": "likely_public", "nearest_hospital_distance_m": 729.41915794918361, "nearest_clinic_name": "山田医院", "nearest_clinic_distance_m": 319.09388189306833, "elderly_population_percentile": "<NA>", "elderly_ratio_percentile": "<NA>", "transport_distance_percentile": "<NA>", "medical_distance_percentile": "<NA>", "exploratory_score_a": "<NA>", "exploratory_score_b": "<NA>", "exploratory_score_c": "<NA>", "rank_a_unfiltered": "<NA>", "rank_b_unfiltered": "<NA>", "rank_c_unfiltered": "<NA>", "pareto_frontier": "<NA>", "eligibility_population_threshold": true, "eligibility_elderly_threshold": true, "primary_eligible": false, "rank": null }, "geometry": { "type": "Polygon", "coordinates": [ [ [ 139.4375, 35.325 ], [ 139.44375, 35.325 ], [ 139.44375, 35.329166666666673 ], [ 139.4375, 35.329166666666673 ], [ 139.4375, 35.325 ] ] ] } },
{ "type": "Feature", "properties": { "mesh_code": "523973952", "centroid_lat": 35.327083333333334, "centroid_lon": 139.446875, "city_area_fraction": 1.0, "centroid_within_city": true, "population": 3004, "elderly_population": 722.0, "reported_elderly_population": 722.0, "elderly_ratio": 0.2403462050599201, "HTKSYORI": "0", "HTKSAKI": null, "GASSAN": null, "disclosure_status": "unaffected", "suppression_flag": false, "aggregation_target_flag": false, "aggregation_flag": false, "primary_eligible_disclosure": true, "nearest_station_name": "辻堂", "nearest_station_distance_m": 1086.8821615266186, "nearest_bus_stop_name": "高砂", "nearest_bus_stop_distance_m": 87.50938748203582, "nearest_public_transport_type": "bus_stop", "nearest_public_transport_name": "高砂", "nearest_public_transport_distance_m": 87.50938748203582, "nearest_medical_name": "山田医院", "nearest_medical_distance_m": 382.46170834850165, "nearest_hospital_name": "医療法人長谷川会湘南ホスピタル", "nearest_medical_access_class": "likely_public", "nearest_hospital_distance_m": 695.96293196366662, "nearest_clinic_name": "山田医院", "nearest_clinic_distance_m": 382.46170834850165, "elderly_population_percentile": "0.8783269961977186", "elderly_ratio_percentile": "0.41064638783269963", "transport_distance_percentile": "0.12547528517110265", "medical_distance_percentile": "0.6121673003802282", "exploratory_score_a": "0.11020833032138673", "exploratory_score_b": "0.5376830661134323", "exploratory_score_c": "0.06746593605225576", "rank_a_unfiltered": "168", "rank_b_unfiltered": "13", "rank_c_unfiltered": "131", "pareto_frontier": "False", "eligibility_population_threshold": true, "eligibility_elderly_threshold": true, "primary_eligible": true, "rank": 131 }, "geometry": { "type": "Polygon", "coordinates": [ [ [ 139.44375, 35.325 ], [ 139.45, 35.325 ], [ 139.45, 35.329166666666673 ], [ 139.44375, 35.329166666666673 ], [ 139.44375, 35.325 ] ] ] } },
{ "type": "Feature", "properties": { "mesh_code": "523973953", "centroid_lat": 35.33125, "centroid_lon": 139.440625, "city_area_fraction": 0.16742800837008895, "centroid_within_city": false, "population": 3531, "elderly_population": 761.0, "reported_elderly_population": 761.0, "elderly_ratio": 0.21551968280940242, "HTKSYORI": "0", "HTKSAKI": null, "GASSAN": null, "disclosure_status": "unaffected", "suppression_flag": false, "aggregation_target_flag": false, "aggregation_flag": false, "primary_eligible_disclosure": true, "nearest_station_name": "辻堂", "nearest_station_distance_m": 784.82408145548629, "nearest_bus_stop_name": "久根下公園前", "nearest_bus_stop_distance_m": 617.42624432699552, "nearest_public_transport_type": "bus_stop", "nearest_public_transport_name": "久根下公園前", "nearest_public_transport_distance_m": 617.42624432699552, "nearest_medical_name": "医療法人長谷川会湘南ホスピタル", "nearest_medical_distance_m": 377.49946769871048, "nearest_hospital_name": "医療法人長谷川会湘南ホスピタル", "nearest_medical_access_class": "likely_public", "nearest_hospital_distance_m": 377.49946769871048, "nearest_clinic_name": "越野小児科", "nearest_clinic_distance_m": 611.88154838833884, "elderly_population_percentile": "<NA>", "elderly_ratio_percentile": "<NA>", "transport_distance_percentile": "<NA>", "medical_distance_percentile": "<NA>", "exploratory_score_a": "<NA>", "exploratory_score_b": "<NA>", "exploratory_score_c": "<NA>", "rank_a_unfiltered": "<NA>", "rank_b_unfiltered": "<NA>", "rank_c_unfiltered": "<NA>", "pareto_frontier": "<NA>", "eligibility_population_threshold": true, "eligibility_elderly_threshold": true, "primary_eligible": false, "rank": null }, "geometry": { "type": "Polygon", "coordinates": [ [ [ 139.4375, 35.329166666666673 ], [ 139.44375, 35.329166666666673 ], [ 139.44375, 35.333333333333343 ], [ 139.4375, 35.333333333333343 ], [ 139.4375, 35.329166666666673 ] ] ] } },
{ "type": "Feature", "properties": { "mesh_code": "523973954", "centroid_lat": 35.33125, "centroid_lon": 139.446875, "city_area_fraction": 0.99999999999999978, "centroid_within_city": true, "population": 3277, "elderly_population": 730.0, "reported_elderly_population": 730.0, "elderly_ratio": 0.22276472383277388, "HTKSYORI": "0", "HTKSAKI": null, "GASSAN": null, "disclosure_status": "unaffected", "suppression_flag": false, "aggregation_target_flag": false, "aggregation_flag": false, "primary_eligible_disclosure": true, "nearest_station_name": "辻堂", "nearest_station_distance_m": 627.29860085723897, "nearest_bus_stop_name": "久根下公園前", "nearest_bus_stop_distance_m": 50.62306447616259, "nearest_public_transport_type": "bus_stop", "nearest_public_transport_name": "久根下公園前", "nearest_public_transport_distance_m": 50.62306447616259, "nearest_medical_name": "小林小児クリニック", "nearest_medical_distance_m": 108.53099207426884, "nearest_hospital_name": "医療法人長谷川会湘南ホスピタル", "nearest_medical_access_class": "likely_public", "nearest_hospital_distance_m": 307.92950997027617, "nearest_clinic_name": "小林小児クリニック", "nearest_clinic_distance_m": 108.53099207426884, "elderly_population_percentile": "0.8821292775665399", "elderly_ratio_percentile": "0.30038022813688214", "transport_distance_percentile": "0.04182509505703422", "medical_distance_percentile": "0.13307984790874525", "exploratory_score_a": "0.036895140886813456", "exploratory_score_b": "0.11739363009440645", "exploratory_score_c": "0.004909999737788863", "rank_a_unfiltered": "228", "rank_b_unfiltered": "170", "rank_c_unfiltered": "244", "pareto_frontier": "False", "eligibility_population_threshold": true, "eligibility_elderly_threshold": true, "primary_eligible": true, "rank": 244 }, "geometry": { "type": "Polygon", "coordinates": [ [ [ 139.44375, 35.329166666666673 ], [ 139.45, 35.329166666666673 ], [ 139.45, 35.333333333333343 ], [ 139.44375, 35.333333333333343 ], [ 139.44375, 35.329166666666673 ] ] ] } },
{ "type": "Feature", "properties": { "mesh_code": "523973961", "centroid_lat": 35.327083333333334, "centroid_lon": 139.453125, "city_area_fraction": 0.99999999999999978, "centroid_within_city": true, "population": 2390, "elderly_population": 561.0, "reported_elderly_population": 561.0, "elderly_ratio": 0.23472803347280335, "HTKSYORI": "0", "HTKSAKI": null, "GASSAN": null, "disclosure_status": "unaffected", "suppression_flag": false, "aggregation_target_flag": false, "aggregation_flag": false, "primary_eligible_disclosure": true, "nearest_station_name": "辻堂", "nearest_station_distance_m": 1266.7017095435224, "nearest_bus_stop_name": "浜見山", "nearest_bus_stop_distance_m": 13.549595849522932, "nearest_public_transport_type": "bus_stop", "nearest_public_transport_name": "浜見山", "nearest_public_transport_distance_m": 13.549595849522932, "nearest_medical_name": "医療法人社団桐英会　はじめクリニック", "nearest_medical_distance_m": 171.18677457015664, "nearest_hospital_name": "医療法人長谷川会湘南ホスピタル", "nearest_medical_access_class": "likely_public", "nearest_hospital_distance_m": 1040.3772353400552, "nearest_clinic_name": "医療法人社団桐英会　はじめクリニック", "nearest_clinic_distance_m": 171.18677457015664, "elderly_population_percentile": "0.6768060836501901", "elderly_ratio_percentile": "0.3840304182509506", "transport_distance_percentile": "0.0038022813688212928", "medical_distance_percentile": "0.22053231939163498", "exploratory_score_a": "0.002573407162168023", "exploratory_score_b": "0.14925761540574534", "exploratory_score_c": "0.0005675194502119595", "rank_a_unfiltered": "262", "rank_b_unfiltered": "149", "rank_c_unfiltered": "260", "pareto_frontier": "False", "eligibility_population_threshold": true, "eligibility_elderly_threshold": true, "primary_eligible": true, "rank": 258 }, "geometry": { "type": "Polygon", "coordinates": [ [ [ 139.45, 35.325 ], [ 139.45625, 35.325 ], [ 139.45625, 35.329166666666673 ], [ 139.45, 35.329166666666673 ], [ 139.45, 35.325 ] ] ] } },
{ "type": "Feature", "properties": { "mesh_code": "523973962", "centroid_lat": 35.327083333333334, "centroid_lon": 139.459375, "city_area_fraction": 1.0000000000000002, "centroid_within_city": true, "population": 2886, "elderly_population": 533.0, "reported_elderly_population": 533.0, "elderly_ratio": 0.18468468468468469, "HTKSYORI": "0", "HTKSAKI": null, "GASSAN": null, "disclosure_status": "unaffected", "suppression_flag": false, "aggregation_target_flag": false, "aggregation_flag": false, "primary_eligible_disclosure": true, "nearest_station_name": "鵠沼海岸", "nearest_station_distance_m": 1286.3040378752235, "nearest_bus_stop_name": "堂面", "nearest_bus_stop_distance_m": 352.6089468354142, "nearest_public_transport_type": "bus_stop", "nearest_public_transport_name": "堂面", "nearest_public_transport_distance_m": 352.6089468354142, "nearest_medical_name": "びわた東海岸クリニック", "nearest_medical_distance_m": 318.91889948808836, "nearest_hospital_name": "医療法人社団正拓会　湘南太平台病院", "nearest_medical_access_class": "likely_public", "nearest_hospital_distance_m": 1124.335401939248, "nearest_clinic_name": "びわた東海岸クリニック", "nearest_clinic_distance_m": 318.91889948808836, "elderly_population_percentile": "0.6387832699619772", "elderly_ratio_percentile": "0.12927756653992395", "transport_distance_percentile": "0.8365019011406845", "medical_distance_percentile": "0.49429657794676807", "exploratory_score_a": "0.5343434197400571", "exploratory_score_b": "0.3157483843918519", "exploratory_score_c": "0.26412412382588374", "rank_a_unfiltered": "25", "rank_b_unfiltered": "64", "rank_c_unfiltered": "23", "pareto_frontier": "False", "eligibility_population_threshold": true, "eligibility_elderly_threshold": true, "primary_eligible": true, "rank": 23 }, "geometry": { "type": "Polygon", "coordinates": [ [ [ 139.45625, 35.325 ], [ 139.4625, 35.325 ], [ 139.4625, 35.329166666666673 ], [ 139.45625, 35.329166666666673 ], [ 139.45625, 35.325 ] ] ] } },
{ "type": "Feature", "properties": { "mesh_code": "523973963", "centroid_lat": 35.33125, "centroid_lon": 139.453125, "city_area_fraction": 1.0, "centroid_within_city": true, "population": 2591, "elderly_population": 637.0, "reported_elderly_population": 637.0, "elderly_ratio": 0.24585102277113083, "HTKSYORI": "0", "HTKSAKI": null, "GASSAN": null, "disclosure_status": "unaffected", "suppression_flag": false, "aggregation_target_flag": false, "aggregation_flag": false, "primary_eligible_disclosure": true, "nearest_station_name": "辻堂", "nearest_station_distance_m": 903.71598917809592, "nearest_bus_stop_name": "南町", "nearest_bus_stop_distance_m": 175.84254251015486, "nearest_public_transport_type": "bus_stop", "nearest_public_transport_name": "南町", "nearest_public_transport_distance_m": 175.84254251015486, "nearest_medical_name": "医療法人社団桐英会　はじめクリニック", "nearest_medical_distance_m": 324.93233461938348, "nearest_hospital_name": "医療法人長谷川会湘南ホスピタル", "nearest_medical_access_class": "likely_public", "nearest_hospital_distance_m": 832.35237399059349, "nearest_clinic_name": "医療法人社団桐英会　はじめクリニック", "nearest_clinic_distance_m": 324.93233461938348, "elderly_population_percentile": "0.7756653992395437", "elderly_ratio_percentile": "0.46387832699619774", "transport_distance_percentile": "0.4372623574144487", "medical_distance_percentile": "0.5095057034220533", "exploratory_score_a": "0.3391692810363024", "exploratory_score_b": "0.39520594485969146", "exploratory_score_c": "0.17280868311355332", "rank_a_unfiltered": "66", "rank_b_unfiltered": "33", "rank_c_unfiltered": "59", "pareto_frontier": "False", "eligibility_population_threshold": true, "eligibility_elderly_threshold": true, "primary_eligible": true, "rank": 59 }, "geometry": { "type": "Polygon", "coordinates": [ [ [ 139.45, 35.329166666666673 ], [ 139.45625, 35.329166666666673 ], [ 139.45625, 35.333333333333343 ], [ 139.45, 35.333333333333343 ], [ 139.45, 35.329166666666673 ] ] ] } },
{ "type": "Feature", "properties": { "mesh_code": "523973964", "centroid_lat": 35.33125, "centroid_lon": 139.459375, "city_area_fraction": 1.0000000000000002, "centroid_within_city": true, "population": 2946, "elderly_population": 624.0, "reported_elderly_population": 624.0, "elderly_ratio": 0.21181262729124237, "HTKSYORI": "0", "HTKSAKI": null, "GASSAN": null, "disclosure_status": "unaffected", "suppression_flag": false, "aggregation_target_flag": false, "aggregation_flag": false, "primary_eligible_disclosure": true, "nearest_station_name": "辻堂", "nearest_station_distance_m": 1373.1515061501093, "nearest_bus_stop_name": "東町", "nearest_bus_stop_distance_m": 17.04712585387923, "nearest_public_transport_type": "bus_stop", "nearest_public_transport_name": "東町", "nearest_public_transport_distance_m": 17.04712585387923, "nearest_medical_name": "辻堂太平台クリニック", "nearest_medical_distance_m": 50.291673335840059, "nearest_hospital_name": "医療法人社団正拓会　湘南太平台病院", "nearest_medical_access_class": "likely_public", "nearest_hospital_distance_m": 836.63139523192592, "nearest_clinic_name": "辻堂太平台クリニック", "nearest_clinic_distance_m": 50.291673335840059, "elderly_population_percentile": "0.7490494296577946", "elderly_ratio_percentile": "0.24714828897338403", "transport_distance_percentile": "0.011406844106463879", "medical_distance_percentile": "0.030418250950570342", "exploratory_score_a": "0.008544290072142144", "exploratory_score_b": "0.022784773525712385", "exploratory_score_c": "0.0002599023596088865", "rank_a_unfiltered": "256", "rank_b_unfiltered": "241", "rank_c_unfiltered": "262", "pareto_frontier": "False", "eligibility_population_threshold": true, "eligibility_elderly_threshold": true, "primary_eligible": true, "rank": 260 }, "geometry": { "type": "Polygon", "coordinates": [ [ [ 139.45625, 35.329166666666673 ], [ 139.4625, 35.329166666666673 ], [ 139.4625, 35.333333333333343 ], [ 139.45625, 35.333333333333343 ], [ 139.45625, 35.329166666666673 ] ] ] } },
{ "type": "Feature", "properties": { "mesh_code": "523973971", "centroid_lat": 35.327083333333334, "centroid_lon": 139.465625, "city_area_fraction": 1.0000000000000002, "centroid_within_city": true, "population": 2243, "elderly_population": 478.0, "reported_elderly_population": 478.0, "elderly_ratio": 0.21310744538564422, "HTKSYORI": "0", "HTKSAKI": null, "GASSAN": null, "disclosure_status": "unaffected", "suppression_flag": false, "aggregation_target_flag": false, "aggregation_flag": false, "primary_eligible_disclosure": true, "nearest_station_name": "鵠沼海岸", "nearest_station_distance_m": 867.57819681094895, "nearest_bus_stop_name": "藤原", "nearest_bus_stop_distance_m": 187.13511639423476, "nearest_public_transport_type": "bus_stop", "nearest_public_transport_name": "藤原", "nearest_public_transport_distance_m": 187.13511639423476, "nearest_medical_name": "野中医院", "nearest_medical_distance_m": 416.61225305913541, "nearest_hospital_name": "医療法人社団正拓会　湘南太平台病院", "nearest_medical_access_class": "likely_public", "nearest_hospital_distance_m": 859.90160005765222, "nearest_clinic_name": "野中医院", "nearest_clinic_distance_m": 416.61225305913541, "elderly_population_percentile": "0.5798479087452472", "elderly_ratio_percentile": "0.2585551330798479", "transport_distance_percentile": "0.49429657794676807", "medical_distance_percentile": "0.6692015209125475", "exploratory_score_a": "0.2866168370223655", "exploratory_score_b": "0.38803510243027944", "exploratory_score_c": "0.19180442325451075", "rank_a_unfiltered": "88", "rank_b_unfiltered": "37", "rank_c_unfiltered": "50", "pareto_frontier": "False", "eligibility_population_threshold": true, "eligibility_elderly_threshold": true, "primary_eligible": true, "rank": 50 }, "geometry": { "type": "Polygon", "coordinates": [ [ [ 139.4625, 35.325 ], [ 139.46875, 35.325 ], [ 139.46875, 35.329166666666673 ], [ 139.4625, 35.329166666666673 ], [ 139.4625, 35.325 ] ] ] } },
{ "type": "Feature", "properties": { "mesh_code": "523973972", "centroid_lat": 35.327083333333334, "centroid_lon": 139.471875, "city_area_fraction": 1.0000000000000002, "centroid_within_city": true, "population": 2759, "elderly_population": 634.0, "reported_elderly_population": 634.0, "elderly_ratio": 0.22979340340703153, "HTKSYORI": "0", "HTKSAKI": null, "GASSAN": null, "disclosure_status": "unaffected", "suppression_flag": false, "aggregation_target_flag": false, "aggregation_flag": false, "primary_eligible_disclosure": true, "nearest_station_name": "本鵠沼", "nearest_station_distance_m": 537.91507624663006, "nearest_bus_stop_name": "熊倉通り", "nearest_bus_stop_distance_m": 338.66423235749966, "nearest_public_transport_type": "bus_stop", "nearest_public_transport_name": "熊倉通り", "nearest_public_transport_distance_m": 338.66423235749966, "nearest_medical_name": "本鵠沼耳鼻咽喉科", "nearest_medical_distance_m": 387.87187649630982, "nearest_hospital_name": "医療法人社団正拓会　湘南太平台病院", "nearest_medical_access_class": "likely_public", "nearest_hospital_distance_m": 927.5907249117746, "nearest_clinic_name": "本鵠沼耳鼻咽喉科", "nearest_clinic_distance_m": 387.87187649630982, "elderly_population_percentile": "0.7718631178707225", "elderly_ratio_percentile": "0.33840304182509506", "transport_distance_percentile": "0.8098859315589354", "medical_distance_percentile": "0.6197718631178707", "exploratory_score_a": "0.6251210802527144", "exploratory_score_b": "0.4783790426347063", "exploratory_score_c": "0.38743245658248077", "rank_a_unfiltered": "18", "rank_b_unfiltered": "17", "rank_c_unfiltered": "9", "pareto_frontier": "False", "eligibility_population_threshold": true, "eligibility_elderly_threshold": true, "primary_eligible": true, "rank": 9 }, "geometry": { "type": "Polygon", "coordinates": [ [ [ 139.46875, 35.325 ], [ 139.475, 35.325 ], [ 139.475, 35.329166666666673 ], [ 139.46875, 35.329166666666673 ], [ 139.46875, 35.325 ] ] ] } },
{ "type": "Feature", "properties": { "mesh_code": "523973973", "centroid_lat": 35.33125, "centroid_lon": 139.465625, "city_area_fraction": 1.0, "centroid_within_city": true, "population": 2549, "elderly_population": 441.0, "reported_elderly_population": 441.0, "elderly_ratio": 0.1730090231463319, "HTKSYORI": "0", "HTKSAKI": null, "GASSAN": null, "disclosure_status": "unaffected", "suppression_flag": false, "aggregation_target_flag": false, "aggregation_flag": false, "primary_eligible_disclosure": true, "nearest_station_name": "本鵠沼", "nearest_station_distance_m": 879.7257773450749, "nearest_bus_stop_name": "太平橋", "nearest_bus_stop_distance_m": 303.25787454466939, "nearest_public_transport_type": "bus_stop", "nearest_public_transport_name": "太平橋", "nearest_public_transport_distance_m": 303.25787454466939, "nearest_medical_name": "野中医院", "nearest_medical_distance_m": 349.03971287532255, "nearest_hospital_name": "医療法人社団正拓会　湘南太平台病院", "nearest_medical_access_class": "likely_public", "nearest_hospital_distance_m": 418.66448235720435, "nearest_clinic_name": "野中医院", "nearest_clinic_distance_m": 349.03971287532255, "elderly_population_percentile": "0.5627376425855514", "elderly_ratio_percentile": "0.08745247148288973", "transport_distance_percentile": "0.7680608365019012", "medical_distance_percentile": "0.5551330798479087", "exploratory_score_a": "0.43221674449536646", "exploratory_score_b": "0.3123942806748688", "exploratory_score_c": "0.23993781253354943", "rank_a_unfiltered": "42", "rank_b_unfiltered": "67", "rank_c_unfiltered": "32", "pareto_frontier": "False", "eligibility_population_threshold": true, "eligibility_elderly_threshold": true, "primary_eligible": true, "rank": 32 }, "geometry": { "type": "Polygon", "coordinates": [ [ [ 139.4625, 35.329166666666673 ], [ 139.46875, 35.329166666666673 ], [ 139.46875, 35.333333333333343 ], [ 139.4625, 35.333333333333343 ], [ 139.4625, 35.329166666666673 ] ] ] } },
{ "type": "Feature", "properties": { "mesh_code": "523973974", "centroid_lat": 35.33125, "centroid_lon": 139.471875, "city_area_fraction": 0.99999999999999978, "centroid_within_city": true, "population": 3199, "elderly_population": 671.0, "reported_elderly_population": 671.0, "elderly_ratio": 0.20975304782744608, "HTKSYORI": "0", "HTKSAKI": null, "GASSAN": null, "disclosure_status": "unaffected", "suppression_flag": false, "aggregation_target_flag": false, "aggregation_flag": false, "primary_eligible_disclosure": true, "nearest_station_name": "本鵠沼", "nearest_station_distance_m": 312.10396947016847, "nearest_bus_stop_name": "原", "nearest_bus_stop_distance_m": 127.1449244967822, "nearest_public_transport_type": "bus_stop", "nearest_public_transport_name": "原", "nearest_public_transport_distance_m": 127.1449244967822, "nearest_medical_name": "早稲田医院", "nearest_medical_distance_m": 128.88005656469792, "nearest_hospital_name": "医療法人社団正拓会　湘南太平台病院", "nearest_medical_access_class": "likely_public", "nearest_hospital_distance_m": 544.30487126928847, "nearest_clinic_name": "早稲田医院", "nearest_clinic_distance_m": 128.88005656469792, "elderly_population_percentile": "0.8174904942965779", "elderly_ratio_percentile": "0.23193916349809887", "transport_distance_percentile": "0.25475285171102663", "medical_distance_percentile": "0.1634980988593156", "exploratory_score_a": "0.20825803466870998", "exploratory_score_b": "0.13365814165305268", "exploratory_score_c": "0.03404979274051152", "rank_a_unfiltered": "115", "rank_b_unfiltered": "161", "rank_c_unfiltered": "178", "pareto_frontier": "False", "eligibility_population_threshold": true, "eligibility_elderly_threshold": true, "primary_eligible": true, "rank": 178 }, "geometry": { "type": "Polygon", "coordinates": [ [ [ 139.46875, 35.329166666666673 ], [ 139.475, 35.329166666666673 ], [ 139.475, 35.333333333333343 ], [ 139.46875, 35.333333333333343 ], [ 139.46875, 35.329166666666673 ] ] ] } },
{ "type": "Feature", "properties": { "mesh_code": "523973981", "centroid_lat": 35.327083333333334, "centroid_lon": 139.478125, "city_area_fraction": 1.0, "centroid_within_city": true, "population": 2998, "elderly_population": 677.0, "reported_elderly_population": 677.0, "elderly_ratio": 0.22581721147431622, "HTKSYORI": "0", "HTKSAKI": null, "GASSAN": null, "disclosure_status": "unaffected", "suppression_flag": false, "aggregation_target_flag": false, "aggregation_flag": false, "primary_eligible_disclosure": true, "nearest_station_name": "本鵠沼", "nearest_station_distance_m": 508.45916567471852, "nearest_bus_stop_name": "上岡", "nearest_bus_stop_distance_m": 154.76803147049003, "nearest_public_transport_type": "bus_stop", "nearest_public_transport_name": "上岡", "nearest_public_transport_distance_m": 154.76803147049003, "nearest_medical_name": "丸田整形外科", "nearest_medical_distance_m": 228.76730425962015, "nearest_hospital_name": "クローバーホスピタル", "nearest_medical_access_class": "likely_public", "nearest_hospital_distance_m": 1024.0564750376636, "nearest_clinic_name": "丸田整形外科", "nearest_clinic_distance_m": 228.76730425962015, "elderly_population_percentile": "0.8212927756653993", "elderly_ratio_percentile": "0.3041825095057034", "transport_distance_percentile": "0.3612167300380228", "medical_distance_percentile": "0.33079847908745247", "exploratory_score_a": "0.2966646908297069", "exploratory_score_b": "0.27168240107562636", "exploratory_score_c": "0.09813622852541636", "rank_a_unfiltered": "85", "rank_b_unfiltered": "85", "rank_c_unfiltered": "103", "pareto_frontier": "False", "eligibility_population_threshold": true, "eligibility_elderly_threshold": true, "primary_eligible": true, "rank": 103 }, "geometry": { "type": "Polygon", "coordinates": [ [ [ 139.475, 35.325 ], [ 139.48125, 35.325 ], [ 139.48125, 35.329166666666673 ], [ 139.475, 35.329166666666673 ], [ 139.475, 35.325 ] ] ] } },
{ "type": "Feature", "properties": { "mesh_code": "523973982", "centroid_lat": 35.327083333333334, "centroid_lon": 139.484375, "city_area_fraction": 0.99999999999999978, "centroid_within_city": true, "population": 2971, "elderly_population": 748.0, "reported_elderly_population": 748.0, "elderly_ratio": 0.25176708179064289, "HTKSYORI": "0", "HTKSAKI": null, "GASSAN": null, "disclosure_status": "unaffected", "suppression_flag": false, "aggregation_target_flag": false, "aggregation_flag": false, "primary_eligible_disclosure": true, "nearest_station_name": "柳小路", "nearest_station_distance_m": 81.433430522015627, "nearest_bus_stop_name": "柳小路", "nearest_bus_stop_distance_m": 270.31739864499923, "nearest_public_transport_type": "station", "nearest_public_transport_name": "柳小路", "nearest_public_transport_distance_m": 81.433430522015627, "nearest_medical_name": "桜が岡内科クリニック", "nearest_medical_distance_m": 278.33162190952106, "nearest_hospital_name": "クローバーホスピタル", "nearest_medical_access_class": "likely_public", "nearest_hospital_distance_m": 586.31329961814902, "nearest_clinic_name": "桜が岡内科クリニック", "nearest_clinic_distance_m": 278.33162190952106, "elderly_population_percentile": "0.8897338403041825", "elderly_ratio_percentile": "0.49049429657794674", "transport_distance_percentile": "0.09885931558935361", "medical_distance_percentile": "0.4296577946768061", "exploratory_score_a": "0.08795847850915872", "exploratory_score_b": "0.3822810796744206", "exploratory_score_c": "0.03779204589937238", "rank_a_unfiltered": "185", "rank_b_unfiltered": "39", "rank_c_unfiltered": "170", "pareto_frontier": "False", "eligibility_population_threshold": true, "eligibility_elderly_threshold": true, "primary_eligible": true, "rank": 170 }, "geometry": { "type": "Polygon", "coordinates": [ [ [ 139.48125, 35.325 ], [ 139.4875, 35.325 ], [ 139.4875, 35.329166666666673 ], [ 139.48125, 35.329166666666673 ], [ 139.48125, 35.325 ] ] ] } },
{ "type": "Feature", "properties": { "mesh_code": "523973983", "centroid_lat": 35.33125, "centroid_lon": 139.478125, "city_area_fraction": 1.0, "centroid_within_city": true, "population": 2978, "elderly_population": 685.0, "reported_elderly_population": 685.0, "elderly_ratio": 0.23002014775016791, "HTKSYORI": "0", "HTKSAKI": null, "GASSAN": null, "disclosure_status": "unaffected", "suppression_flag": false, "aggregation_target_flag": false, "aggregation_flag": false, "primary_eligible_disclosure": true, "nearest_station_name": "本鵠沼", "nearest_station_distance_m": 258.04776855265681, "nearest_bus_stop_name": "高瀬通り", "nearest_bus_stop_distance_m": 196.03633010798265, "nearest_public_transport_type": "bus_stop", "nearest_public_transport_name": "高瀬通り", "nearest_public_transport_distance_m": 196.03633010798265, "nearest_medical_name": "小林内科医院", "nearest_medical_distance_m": 176.6292063084683, "nearest_hospital_name": "クローバーホスピタル", "nearest_medical_access_class": "likely_public", "nearest_hospital_distance_m": 904.57113907351845, "nearest_clinic_name": "小林内科医院", "nearest_clinic_distance_m": 176.6292063084683, "elderly_population_percentile": "0.8326996197718631", "elderly_ratio_percentile": "0.34220532319391633", "transport_distance_percentile": "0.5133079847908745", "medical_distance_percentile": "0.23193916349809887", "exploratory_score_a": "0.4274313637612225", "exploratory_score_b": "0.19313565325507093", "exploratory_score_c": "0.09913807296362956", "rank_a_unfiltered": "43", "rank_b_unfiltered": "122", "rank_c_unfiltered": "101", "pareto_frontier": "False", "eligibility_population_threshold": true, "eligibility_elderly_threshold": true, "primary_eligible": true, "rank": 101 }, "geometry": { "type": "Polygon", "coordinates": [ [ [ 139.475, 35.329166666666673 ], [ 139.48125, 35.329166666666673 ], [ 139.48125, 35.333333333333343 ], [ 139.475, 35.333333333333343 ], [ 139.475, 35.329166666666673 ] ] ] } },
{ "type": "Feature", "properties": { "mesh_code": "523973984", "centroid_lat": 35.33125, "centroid_lon": 139.484375, "city_area_fraction": 1.0000000000000002, "centroid_within_city": true, "population": 3541, "elderly_population": 829.0, "reported_elderly_population": 829.0, "elderly_ratio": 0.23411465687658853, "HTKSYORI": "0", "HTKSAKI": null, "GASSAN": null, "disclosure_status": "unaffected", "suppression_flag": false, "aggregation_target_flag": false, "aggregation_flag": false, "primary_eligible_disclosure": true, "nearest_station_name": "石上", "nearest_station_distance_m": 174.01213963056128, "nearest_bus_stop_name": "郵便局前", "nearest_bus_stop_distance_m": 200.1863742012296, "nearest_public_transport_type": "station", "nearest_public_transport_name": "石上", "nearest_public_transport_distance_m": 174.01213963056128, "nearest_medical_name": "鵠沼メンタルクリニック", "nearest_medical_distance_m": 164.81268587807199, "nearest_hospital_name": "クローバーホスピタル", "nearest_medical_access_class": "likely_public", "nearest_hospital_distance_m": 336.68508118667296, "nearest_clinic_name": "鵠沼メンタルクリニック", "nearest_clinic_distance_m": 164.81268587807199, "elderly_population_percentile": "0.9239543726235742", "elderly_ratio_percentile": "0.38022813688212925", "transport_distance_percentile": "0.4220532319391635", "medical_distance_percentile": "0.20912547528517111", "exploratory_score_a": "0.38995792913010163", "exploratory_score_b": "0.19322239731671703", "exploratory_score_c": "0.08155013727055357", "rank_a_unfiltered": "50", "rank_b_unfiltered": "121", "rank_c_unfiltered": "120", "pareto_frontier": "False", "eligibility_population_threshold": true, "eligibility_elderly_threshold": true, "primary_eligible": true, "rank": 120 }, "geometry": { "type": "Polygon", "coordinates": [ [ [ 139.48125, 35.329166666666673 ], [ 139.4875, 35.329166666666673 ], [ 139.4875, 35.333333333333343 ], [ 139.48125, 35.333333333333343 ], [ 139.48125, 35.329166666666673 ] ] ] } },
{ "type": "Feature", "properties": { "mesh_code": "523973991", "centroid_lat": 35.327083333333334, "centroid_lon": 139.490625, "city_area_fraction": 1.0, "centroid_within_city": true, "population": 1838, "elderly_population": 538.0, "reported_elderly_population": 538.0, "elderly_ratio": 0.29270946681175192, "HTKSYORI": "0", "HTKSAKI": null, "GASSAN": null, "disclosure_status": "unaffected", "suppression_flag": false, "aggregation_target_flag": false, "aggregation_flag": false, "primary_eligible_disclosure": true, "nearest_station_name": "柳小路", "nearest_station_distance_m": 490.73791039326591, "nearest_bus_stop_name": "柳小路", "nearest_bus_stop_distance_m": 306.52932501113349, "nearest_public_transport_type": "bus_stop", "nearest_public_transport_name": "柳小路", "nearest_public_transport_distance_m": 306.52932501113349, "nearest_medical_name": "ミネベアミツミ株式会社藤沢工場医務室", "nearest_medical_distance_m": 139.08504142319001, "nearest_hospital_name": "クローバーホスピタル", "nearest_medical_access_class": "uncertain_access", "nearest_hospital_distance_m": 533.43436240967355, "nearest_clinic_name": "ミネベアミツミ株式会社藤沢工場医務室", "nearest_clinic_distance_m": 139.08504142319001, "elderly_population_percentile": "0.6463878326996197", "elderly_ratio_percentile": "0.7072243346007605", "transport_distance_percentile": "0.7718631178707225", "medical_distance_percentile": "0.18250950570342206", "exploratory_score_a": "0.49892292790122744", "exploratory_score_b": "0.11797192383871387", "exploratory_score_c": "0.0910581769553571", "rank_a_unfiltered": "29", "rank_b_unfiltered": "168", "rank_c_unfiltered": "112", "pareto_frontier": "False", "eligibility_population_threshold": true, "eligibility_elderly_threshold": true, "primary_eligible": true, "rank": 112 }, "geometry": { "type": "Polygon", "coordinates": [ [ [ 139.4875, 35.325 ], [ 139.49375, 35.325 ], [ 139.49375, 35.329166666666673 ], [ 139.4875, 35.329166666666673 ], [ 139.4875, 35.325 ] ] ] } },
{ "type": "Feature", "properties": { "mesh_code": "523973992", "centroid_lat": 35.327083333333334, "centroid_lon": 139.496875, "city_area_fraction": 0.87582043321253078, "centroid_within_city": true, "population": 244, "elderly_population": 97.0, "reported_elderly_population": 97.0, "elderly_ratio": 0.39754098360655737, "HTKSYORI": "0", "HTKSAKI": null, "GASSAN": null, "disclosure_status": "unaffected", "suppression_flag": false, "aggregation_target_flag": false, "aggregation_flag": false, "primary_eligible_disclosure": true, "nearest_station_name": "柳小路", "nearest_station_distance_m": 1058.6619313392953, "nearest_bus_stop_name": "片瀬中学校前", "nearest_bus_stop_distance_m": 493.58456118086332, "nearest_public_transport_type": "bus_stop", "nearest_public_transport_name": "片瀬中学校前", "nearest_public_transport_distance_m": 493.58456118086332, "nearest_medical_name": "片瀬山眼科", "nearest_medical_distance_m": 503.44745648642345, "nearest_hospital_name": "クローバーホスピタル", "nearest_medical_access_class": "likely_public", "nearest_hospital_distance_m": 933.30467271634586, "nearest_clinic_name": "片瀬山眼科", "nearest_clinic_distance_m": 503.44745648642345, "elderly_population_percentile": "0.19771863117870722", "elderly_ratio_percentile": "0.935361216730038", "transport_distance_percentile": "0.9315589353612167", "medical_distance_percentile": "0.7718631178707225", "exploratory_score_a": "0.18418655756191357", "exploratory_score_b": "0.1526117191227284", "exploratory_score_c": "0.14216681058961392", "rank_a_unfiltered": "127", "rank_b_unfiltered": "145", "rank_c_unfiltered": "78", "pareto_frontier": "False", "eligibility_population_threshold": true, "eligibility_elderly_threshold": true, "primary_eligible": true, "rank": 78 }, "geometry": { "type": "Polygon", "coordinates": [ [ [ 139.49375, 35.325 ], [ 139.5, 35.325 ], [ 139.5, 35.329166666666673 ], [ 139.49375, 35.329166666666673 ], [ 139.49375, 35.325 ] ] ] } },
{ "type": "Feature", "properties": { "mesh_code": "523973993", "centroid_lat": 35.33125, "centroid_lon": 139.490625, "city_area_fraction": 1.0000000000000002, "centroid_within_city": true, "population": 1042, "elderly_population": 200.0, "reported_elderly_population": 200.0, "elderly_ratio": 0.19193857965451055, "HTKSYORI": "0", "HTKSAKI": null, "GASSAN": null, "disclosure_status": "unaffected", "suppression_flag": false, "aggregation_target_flag": false, "aggregation_flag": false, "primary_eligible_disclosure": true, "nearest_station_name": "石上", "nearest_station_distance_m": 477.25376165267136, "nearest_bus_stop_name": "県合同庁舎前", "nearest_bus_stop_distance_m": 268.46119766531717, "nearest_public_transport_type": "bus_stop", "nearest_public_transport_name": "県合同庁舎前", "nearest_public_transport_distance_m": 268.46119766531717, "nearest_medical_name": "藤沢市保健所", "nearest_medical_distance_m": 191.78480490102791, "nearest_hospital_name": "クローバーホスピタル", "nearest_medical_access_class": "likely_public", "nearest_hospital_distance_m": 232.69919950705213, "nearest_clinic_name": "藤沢市保健所", "nearest_clinic_distance_m": 191.78480490102791, "elderly_population_percentile": "0.3517110266159696", "elderly_ratio_percentile": "0.155893536121673", "transport_distance_percentile": "0.7072243346007605", "medical_distance_percentile": "0.2661596958174905", "exploratory_score_a": "0.24873859677022947", "exploratory_score_b": "0.09361129985976377", "exploratory_score_c": "0.06620418925443369", "rank_a_unfiltered": "97", "rank_b_unfiltered": "192", "rank_c_unfiltered": "133", "pareto_frontier": "False", "eligibility_population_threshold": true, "eligibility_elderly_threshold": true, "primary_eligible": true, "rank": 133 }, "geometry": { "type": "Polygon", "coordinates": [ [ [ 139.4875, 35.329166666666673 ], [ 139.49375, 35.329166666666673 ], [ 139.49375, 35.333333333333343 ], [ 139.4875, 35.333333333333343 ], [ 139.4875, 35.329166666666673 ] ] ] } },
{ "type": "Feature", "properties": { "mesh_code": "523973994", "centroid_lat": 35.33125, "centroid_lon": 139.496875, "city_area_fraction": 1.0000000000000002, "centroid_within_city": true, "population": 3349, "elderly_population": 688.0, "reported_elderly_population": 688.0, "elderly_ratio": 0.20543445804717828, "HTKSYORI": "0", "HTKSAKI": null, "GASSAN": null, "disclosure_status": "unaffected", "suppression_flag": false, "aggregation_target_flag": false, "aggregation_flag": false, "primary_eligible_disclosure": true, "nearest_station_name": "石上", "nearest_station_distance_m": 1034.8608316093164, "nearest_bus_stop_name": "御霊神社前", "nearest_bus_stop_distance_m": 276.97923518386881, "nearest_public_transport_type": "bus_stop", "nearest_public_transport_name": "御霊神社前", "nearest_public_transport_distance_m": 276.97923518386881, "nearest_medical_name": "アズビル株式会社　藤沢テクノセンター健康管理室", "nearest_medical_distance_m": 476.66037831505605, "nearest_hospital_name": "藤沢病院", "nearest_medical_access_class": "uncertain_access", "nearest_hospital_distance_m": 793.67275281318734, "nearest_clinic_name": "アズビル株式会社　藤沢テクノセンター健康管理室", "nearest_clinic_distance_m": 476.66037831505605, "elderly_population_percentile": "0.8365019011406845", "elderly_ratio_percentile": "0.21292775665399238", "transport_distance_percentile": "0.7338403041825095", "medical_distance_percentile": "0.7414448669201521", "exploratory_score_a": "0.6138588095823273", "exploratory_score_b": "0.620220040769709", "exploratory_score_c": "0.45514246337853165", "rank_a_unfiltered": "19", "rank_b_unfiltered": "6", "rank_c_unfiltered": "5", "pareto_frontier": "False", "eligibility_population_threshold": true, "eligibility_elderly_threshold": true, "primary_eligible": true, "rank": 5 }, "geometry": { "type": "Polygon", "coordinates": [ [ [ 139.49375, 35.329166666666673 ], [ 139.5, 35.329166666666673 ], [ 139.5, 35.333333333333343 ], [ 139.49375, 35.333333333333343 ], [ 139.49375, 35.329166666666673 ] ] ] } },
{ "type": "Feature", "properties": { "mesh_code": "523974901", "centroid_lat": 35.327083333333334, "centroid_lon": 139.503125, "city_area_fraction": 0.046772973013013301, "centroid_within_city": false, "population": 868, "elderly_population": 288.0, "reported_elderly_population": 288.0, "elderly_ratio": 0.33179723502304148, "HTKSYORI": "0", "HTKSAKI": null, "GASSAN": null, "disclosure_status": "unaffected", "suppression_flag": false, "aggregation_target_flag": false, "aggregation_flag": false, "primary_eligible_disclosure": true, "nearest_station_name": "柳小路", "nearest_station_distance_m": 1626.7927754368206, "nearest_bus_stop_name": "御霊神社前", "nearest_bus_stop_distance_m": 737.6609141639409, "nearest_public_transport_type": "bus_stop", "nearest_public_transport_name": "御霊神社前", "nearest_public_transport_distance_m": 737.6609141639409, "nearest_medical_name": "藤沢病院", "nearest_medical_distance_m": 771.0885478420546, "nearest_hospital_name": "藤沢病院", "nearest_medical_access_class": "likely_public", "nearest_hospital_distance_m": 771.0885478420546, "nearest_clinic_name": "特別養護老人ホームみどりの園医務室", "nearest_clinic_distance_m": 868.88027517959063, "elderly_population_percentile": "<NA>", "elderly_ratio_percentile": "<NA>", "transport_distance_percentile": "<NA>", "medical_distance_percentile": "<NA>", "exploratory_score_a": "<NA>", "exploratory_score_b": "<NA>", "exploratory_score_c": "<NA>", "rank_a_unfiltered": "<NA>", "rank_b_unfiltered": "<NA>", "rank_c_unfiltered": "<NA>", "pareto_frontier": "<NA>", "eligibility_population_threshold": true, "eligibility_elderly_threshold": true, "primary_eligible": false, "rank": null }, "geometry": { "type": "Polygon", "coordinates": [ [ [ 139.5, 35.325 ], [ 139.50625, 35.325 ], [ 139.50625, 35.329166666666673 ], [ 139.5, 35.329166666666673 ], [ 139.5, 35.325 ] ] ] } },
{ "type": "Feature", "properties": { "mesh_code": "523974903", "centroid_lat": 35.33125, "centroid_lon": 139.503125, "city_area_fraction": 0.38209093468829913, "centroid_within_city": false, "population": 1515, "elderly_population": 428.0, "reported_elderly_population": 428.0, "elderly_ratio": 0.28250825082508252, "HTKSYORI": "0", "HTKSAKI": null, "GASSAN": null, "disclosure_status": "unaffected", "suppression_flag": false, "aggregation_target_flag": false, "aggregation_flag": false, "primary_eligible_disclosure": true, "nearest_station_name": "藤沢", "nearest_station_distance_m": 1591.4282467557907, "nearest_bus_stop_name": "御霊神社前", "nearest_bus_stop_distance_m": 402.80708346563659, "nearest_public_transport_type": "bus_stop", "nearest_public_transport_name": "御霊神社前", "nearest_public_transport_distance_m": 402.80708346563659, "nearest_medical_name": "藤沢病院", "nearest_medical_distance_m": 336.2747653276665, "nearest_hospital_name": "藤沢病院", "nearest_medical_access_class": "likely_public", "nearest_hospital_distance_m": 336.2747653276665, "nearest_clinic_name": "特別養護老人ホームみどりの園医務室", "nearest_clinic_distance_m": 440.68017948976592, "elderly_population_percentile": "<NA>", "elderly_ratio_percentile": "<NA>", "transport_distance_percentile": "<NA>", "medical_distance_percentile": "<NA>", "exploratory_score_a": "<NA>", "exploratory_score_b": "<NA>", "exploratory_score_c": "<NA>", "rank_a_unfiltered": "<NA>", "rank_b_unfiltered": "<NA>", "rank_c_unfiltered": "<NA>", "pareto_frontier": "<NA>", "eligibility_population_threshold": true, "eligibility_elderly_threshold": true, "primary_eligible": false, "rank": null }, "geometry": { "type": "Polygon", "coordinates": [ [ [ 139.5, 35.329166666666673 ], [ 139.50625, 35.329166666666673 ], [ 139.50625, 35.333333333333343 ], [ 139.5, 35.333333333333343 ], [ 139.5, 35.329166666666673 ] ] ] } },
{ "type": "Feature", "properties": { "mesh_code": "523974904", "centroid_lat": 35.33125, "centroid_lon": 139.509375, "city_area_fraction": 0.001337420349634568, "centroid_within_city": false, "population": 1415, "elderly_population": 383.0, "reported_elderly_population": 383.0, "elderly_ratio": 0.27067137809187281, "HTKSYORI": "0", "HTKSAKI": null, "GASSAN": null, "disclosure_status": "unaffected", "suppression_flag": false, "aggregation_target_flag": false, "aggregation_flag": false, "primary_eligible_disclosure": true, "nearest_station_name": "藤沢", "nearest_station_distance_m": 2120.758270521706, "nearest_bus_stop_name": "村岡宮前", "nearest_bus_stop_distance_m": 346.29955373695549, "nearest_public_transport_type": "bus_stop", "nearest_public_transport_name": "村岡宮前", "nearest_public_transport_distance_m": 346.29955373695549, "nearest_medical_name": "藤沢病院", "nearest_medical_distance_m": 491.84137572397321, "nearest_hospital_name": "藤沢病院", "nearest_medical_access_class": "likely_public", "nearest_hospital_distance_m": 491.84137572397321, "nearest_clinic_name": "特別養護老人ホームみどりの園医務室", "nearest_clinic_distance_m": 504.80259645562677, "elderly_population_percentile": "<NA>", "elderly_ratio_percentile": "<NA>", "transport_distance_percentile": "<NA>", "medical_distance_percentile": "<NA>", "exploratory_score_a": "<NA>", "exploratory_score_b": "<NA>", "exploratory_score_c": "<NA>", "rank_a_unfiltered": "<NA>", "rank_b_unfiltered": "<NA>", "rank_c_unfiltered": "<NA>", "pareto_frontier": "<NA>", "eligibility_population_threshold": true, "eligibility_elderly_threshold": true, "primary_eligible": false, "rank": null }, "geometry": { "type": "Polygon", "coordinates": [ [ [ 139.50625, 35.329166666666673 ], [ 139.5125, 35.329166666666673 ], [ 139.5125, 35.333333333333343 ], [ 139.50625, 35.333333333333343 ], [ 139.50625, 35.329166666666673 ] ] ] } },
{ "type": "Feature", "properties": { "mesh_code": "533903051", "centroid_lat": 35.335416666666674, "centroid_lon": 139.440625, "city_area_fraction": 0.049964458891732469, "centroid_within_city": false, "population": 2716, "elderly_population": 637.0, "reported_elderly_population": 637.0, "elderly_ratio": 0.2345360824742268, "HTKSYORI": "0", "HTKSAKI": null, "GASSAN": null, "disclosure_status": "unaffected", "suppression_flag": false, "aggregation_target_flag": false, "aggregation_flag": false, "primary_eligible_disclosure": true, "nearest_station_name": "辻堂", "nearest_station_distance_m": 505.42703246883138, "nearest_bus_stop_name": "辻堂駅", "nearest_bus_stop_distance_m": 630.43811570096489, "nearest_public_transport_type": "station", "nearest_public_transport_name": "辻堂", "nearest_public_transport_distance_m": 505.42703246883138, "nearest_medical_name": "こうのクリニック辻堂西口", "nearest_medical_distance_m": 301.27311584951389, "nearest_hospital_name": "医療法人長谷川会湘南ホスピタル", "nearest_medical_access_class": "likely_public", "nearest_hospital_distance_m": 424.60389941405288, "nearest_clinic_name": "こうのクリニック辻堂西口", "nearest_clinic_distance_m": 301.27311584951389, "elderly_population_percentile": "<NA>", "elderly_ratio_percentile": "<NA>", "transport_distance_percentile": "<NA>", "medical_distance_percentile": "<NA>", "exploratory_score_a": "<NA>", "exploratory_score_b": "<NA>", "exploratory_score_c": "<NA>", "rank_a_unfiltered": "<NA>", "rank_b_unfiltered": "<NA>", "rank_c_unfiltered": "<NA>", "pareto_frontier": "<NA>", "eligibility_population_threshold": true, "eligibility_elderly_threshold": true, "primary_eligible": false, "rank": null }, "geometry": { "type": "Polygon", "coordinates": [ [ [ 139.4375, 35.333333333333336 ], [ 139.44375, 35.333333333333336 ], [ 139.44375, 35.3375 ], [ 139.4375, 35.3375 ], [ 139.4375, 35.333333333333336 ] ] ] } },
{ "type": "Feature", "properties": { "mesh_code": "533903052", "centroid_lat": 35.335416666666674, "centroid_lon": 139.446875, "city_area_fraction": 0.99803526283841748, "centroid_within_city": true, "population": 2883, "elderly_population": 622.0, "reported_elderly_population": 622.0, "elderly_ratio": 0.21574748525841136, "HTKSYORI": "0", "HTKSAKI": null, "GASSAN": null, "disclosure_status": "unaffected", "suppression_flag": false, "aggregation_target_flag": false, "aggregation_flag": false, "primary_eligible_disclosure": true, "nearest_station_name": "辻堂", "nearest_station_distance_m": 181.72170045829085, "nearest_bus_stop_name": "辻堂駅", "nearest_bus_stop_distance_m": 141.51137717700959, "nearest_public_transport_type": "bus_stop", "nearest_public_transport_name": "辻堂駅", "nearest_public_transport_distance_m": 141.51137717700959, "nearest_medical_name": "赤見整形外科", "nearest_medical_distance_m": 97.206711665318281, "nearest_hospital_name": "医療法人長谷川会湘南ホスピタル", "nearest_medical_access_class": "likely_public", "nearest_hospital_distance_m": 364.15056645301331, "nearest_clinic_name": "赤見整形外科", "nearest_clinic_distance_m": 97.206711665318281, "elderly_population_percentile": "0.7452471482889734", "elderly_ratio_percentile": "0.26996197718631176", "transport_distance_percentile": "0.311787072243346", "medical_distance_percentile": "0.10266159695817491", "exploratory_score_a": "0.23235842646272176", "exploratory_score_b": "0.0765082623718718", "exploratory_score_c": "0.023854287127351666", "rank_a_unfiltered": "103", "rank_b_unfiltered": "206", "rank_c_unfiltered": "195", "pareto_frontier": "False", "eligibility_population_threshold": true, "eligibility_elderly_threshold": true, "primary_eligible": true, "rank": 195 }, "geometry": { "type": "Polygon", "coordinates": [ [ [ 139.44375, 35.333333333333336 ], [ 139.45, 35.333333333333336 ], [ 139.45, 35.3375 ], [ 139.44375, 35.3375 ], [ 139.44375, 35.333333333333336 ] ] ] } },
{ "type": "Feature", "properties": { "mesh_code": "533903053", "centroid_lat": 35.339583333333337, "centroid_lon": 139.440625, "city_area_fraction": 0.00038491758253395762, "centroid_within_city": false, "population": 3871, "elderly_population": 808.0, "reported_elderly_population": 808.0, "elderly_ratio": 0.20873159390338414, "HTKSYORI": "0", "HTKSAKI": null, "GASSAN": null, "disclosure_status": "unaffected", "suppression_flag": false, "aggregation_target_flag": false, "aggregation_flag": false, "primary_eligible_disclosure": true, "nearest_station_name": "辻堂", "nearest_station_distance_m": 567.70922634966234, "nearest_bus_stop_name": "神台公園前", "nearest_bus_stop_distance_m": 618.1554894208623, "nearest_public_transport_type": "station", "nearest_public_transport_name": "辻堂", "nearest_public_transport_distance_m": 567.70922634966234, "nearest_medical_name": "こうのクリニック辻堂西口", "nearest_medical_distance_m": 441.91058139702341, "nearest_hospital_name": "医療法人徳洲会　湘南藤沢徳洲会病院", "nearest_medical_access_class": "likely_public", "nearest_hospital_distance_m": 453.90374316715554, "nearest_clinic_name": "こうのクリニック辻堂西口", "nearest_clinic_distance_m": 441.91058139702341, "elderly_population_percentile": "<NA>", "elderly_ratio_percentile": "<NA>", "transport_distance_percentile": "<NA>", "medical_distance_percentile": "<NA>", "exploratory_score_a": "<NA>", "exploratory_score_b": "<NA>", "exploratory_score_c": "<NA>", "rank_a_unfiltered": "<NA>", "rank_b_unfiltered": "<NA>", "rank_c_unfiltered": "<NA>", "pareto_frontier": "<NA>", "eligibility_population_threshold": true, "eligibility_elderly_threshold": true, "primary_eligible": false, "rank": null }, "geometry": { "type": "Polygon", "coordinates": [ [ [ 139.4375, 35.3375 ], [ 139.44375, 35.3375 ], [ 139.44375, 35.341666666666676 ], [ 139.4375, 35.341666666666676 ], [ 139.4375, 35.3375 ] ] ] } },
{ "type": "Feature", "properties": { "mesh_code": "533903054", "centroid_lat": 35.339583333333337, "centroid_lon": 139.446875, "city_area_fraction": 0.95790994245174843, "centroid_within_city": true, "population": 2083, "elderly_population": 565.0, "reported_elderly_population": 565.0, "elderly_ratio": 0.27124339894383104, "HTKSYORI": "0", "HTKSAKI": null, "GASSAN": null, "disclosure_status": "unaffected", "suppression_flag": false, "aggregation_target_flag": false, "aggregation_flag": false, "primary_eligible_disclosure": true, "nearest_station_name": "辻堂", "nearest_station_distance_m": 316.02443212487015, "nearest_bus_stop_name": "神台公園前", "nearest_bus_stop_distance_m": 102.55333807342062, "nearest_public_transport_type": "bus_stop", "nearest_public_transport_name": "神台公園前", "nearest_public_transport_distance_m": 102.55333807342062, "nearest_medical_name": "ラコスタ辻堂スキンクリニック", "nearest_medical_distance_m": 116.3898706075082, "nearest_hospital_name": "医療法人徳洲会　湘南藤沢徳洲会病院", "nearest_medical_access_class": "likely_public", "nearest_hospital_distance_m": 226.58312904075382, "nearest_clinic_name": "ラコスタ辻堂スキンクリニック", "nearest_clinic_distance_m": 116.3898706075082, "elderly_population_percentile": "0.6844106463878327", "elderly_ratio_percentile": "0.5931558935361216", "transport_distance_percentile": "0.18631178707224336", "medical_distance_percentile": "0.1482889733840304", "exploratory_score_a": "0.12751377061978633", "exploratory_score_b": "0.10149055212595237", "exploratory_score_c": "0.018908886137534855", "rank_a_unfiltered": "159", "rank_b_unfiltered": "184", "rank_c_unfiltered": "209", "pareto_frontier": "False", "eligibility_population_threshold": true, "eligibility_elderly_threshold": true, "primary_eligible": true, "rank": 209 }, "geometry": { "type": "Polygon", "coordinates": [ [ [ 139.44375, 35.3375 ], [ 139.45, 35.3375 ], [ 139.45, 35.341666666666676 ], [ 139.44375, 35.341666666666676 ], [ 139.44375, 35.3375 ] ] ] } },
{ "type": "Feature", "properties": { "mesh_code": "533903061", "centroid_lat": 35.335416666666674, "centroid_lon": 139.453125, "city_area_fraction": 1.0000000000000002, "centroid_within_city": true, "population": 2830, "elderly_population": 556.0, "reported_elderly_population": 556.0, "elderly_ratio": 0.19646643109540637, "HTKSYORI": "0", "HTKSAKI": null, "GASSAN": null, "disclosure_status": "unaffected", "suppression_flag": false, "aggregation_target_flag": false, "aggregation_flag": false, "primary_eligible_disclosure": true, "nearest_station_name": "辻堂", "nearest_station_distance_m": 675.42600381579302, "nearest_bus_stop_name": "新町一丁目", "nearest_bus_stop_distance_m": 214.32412151102201, "nearest_public_transport_type": "bus_stop", "nearest_public_transport_name": "新町一丁目", "nearest_public_transport_distance_m": 214.32412151102201, "nearest_medical_name": "酒井医院", "nearest_medical_distance_m": 312.6190611692852, "nearest_hospital_name": "医療法人長谷川会湘南ホスピタル", "nearest_medical_access_class": "likely_public", "nearest_hospital_distance_m": 854.73084475325095, "nearest_clinic_name": "酒井医院", "nearest_clinic_distance_m": 312.6190611692852, "elderly_population_percentile": "0.6653992395437263", "elderly_ratio_percentile": "0.18250950570342206", "transport_distance_percentile": "0.5627376425855514", "medical_distance_percentile": "0.4866920152091255", "exploratory_score_a": "0.37444519943905513", "exploratory_score_b": "0.32384449681215577", "exploratory_score_c": "0.18223948870037665", "rank_a_unfiltered": "54", "rank_b_unfiltered": "59", "rank_c_unfiltered": "53", "pareto_frontier": "False", "eligibility_population_threshold": true, "eligibility_elderly_threshold": true, "primary_eligible": true, "rank": 53 }, "geometry": { "type": "Polygon", "coordinates": [ [ [ 139.45, 35.333333333333336 ], [ 139.45625, 35.333333333333336 ], [ 139.45625, 35.3375 ], [ 139.45, 35.3375 ], [ 139.45, 35.333333333333336 ] ] ] } },
{ "type": "Feature", "properties": { "mesh_code": "533903062", "centroid_lat": 35.335416666666674, "centroid_lon": 139.459375, "city_area_fraction": 1.0, "centroid_within_city": true, "population": 3759, "elderly_population": 696.0, "reported_elderly_population": 696.0, "elderly_ratio": 0.18515562649640863, "HTKSYORI": "0", "HTKSAKI": null, "GASSAN": null, "disclosure_status": "unaffected", "suppression_flag": false, "aggregation_target_flag": false, "aggregation_flag": false, "primary_eligible_disclosure": true, "nearest_station_name": "辻堂", "nearest_station_distance_m": 1234.9040742332029, "nearest_bus_stop_name": "新町三丁目", "nearest_bus_stop_distance_m": 316.14907055859879, "nearest_public_transport_type": "bus_stop", "nearest_public_transport_name": "新町三丁目", "nearest_public_transport_distance_m": 316.14907055859879, "nearest_medical_name": "杉山内科クリニック", "nearest_medical_distance_m": 349.10720579717639, "nearest_hospital_name": "医療法人社団正拓会　湘南太平台病院", "nearest_medical_access_class": "likely_public", "nearest_hospital_distance_m": 750.40099566773529, "nearest_clinic_name": "杉山内科クリニック", "nearest_clinic_distance_m": 349.10720579717639, "elderly_population_percentile": "0.8517110266159695", "elderly_ratio_percentile": "0.13307984790874525", "transport_distance_percentile": "0.7832699619771863", "medical_distance_percentile": "0.55893536121673", "exploratory_score_a": "0.6671196634330409", "exploratory_score_b": "0.4760514103138689", "exploratory_score_c": "0.37287677005573006", "rank_a_unfiltered": "13", "rank_b_unfiltered": "20", "rank_c_unfiltered": "11", "pareto_frontier": "False", "eligibility_population_threshold": true, "eligibility_elderly_threshold": true, "primary_eligible": true, "rank": 11 }, "geometry": { "type": "Polygon", "coordinates": [ [ [ 139.45625, 35.333333333333336 ], [ 139.4625, 35.333333333333336 ], [ 139.4625, 35.3375 ], [ 139.45625, 35.3375 ], [ 139.45625, 35.333333333333336 ] ] ] } },
{ "type": "Feature", "properties": { "mesh_code": "533903063", "centroid_lat": 35.339583333333337, "centroid_lon": 139.453125, "city_area_fraction": 1.0, "centroid_within_city": true, "population": 3700, "elderly_population": 941.0, "reported_elderly_population": 941.0, "elderly_ratio": 0.25432432432432434, "HTKSYORI": "0", "HTKSAKI": null, "GASSAN": null, "disclosure_status": "unaffected", "suppression_flag": false, "aggregation_target_flag": false, "aggregation_flag": false, "primary_eligible_disclosure": true, "nearest_station_name": "辻堂", "nearest_station_distance_m": 723.20619254501321, "nearest_bus_stop_name": "新町一丁目", "nearest_bus_stop_distance_m": 267.5612491957263, "nearest_public_transport_type": "bus_stop", "nearest_public_transport_name": "新町一丁目", "nearest_public_transport_distance_m": 267.5612491957263, "nearest_medical_name": "医療法人社団小林内科医院", "nearest_medical_distance_m": 250.6395166741809, "nearest_hospital_name": "湘南中央病院", "nearest_medical_access_class": "likely_public", "nearest_hospital_distance_m": 477.85569573051674, "nearest_clinic_name": "医療法人社団小林内科医院", "nearest_clinic_distance_m": 250.6395166741809, "elderly_population_percentile": "0.9581749049429658", "elderly_ratio_percentile": "0.5057034220532319", "transport_distance_percentile": "0.6958174904942965", "medical_distance_percentile": "0.38022813688212925", "exploratory_score_a": "0.6667148578120256", "exploratory_score_b": "0.36432505891367517", "exploratory_score_c": "0.2535037482175002", "rank_a_unfiltered": "14", "rank_b_unfiltered": "46", "rank_c_unfiltered": "28", "pareto_frontier": "False", "eligibility_population_threshold": true, "eligibility_elderly_threshold": true, "primary_eligible": true, "rank": 28 }, "geometry": { "type": "Polygon", "coordinates": [ [ [ 139.45, 35.3375 ], [ 139.45625, 35.3375 ], [ 139.45625, 35.341666666666676 ], [ 139.45, 35.341666666666676 ], [ 139.45, 35.3375 ] ] ] } },
{ "type": "Feature", "properties": { "mesh_code": "533903064", "centroid_lat": 35.339583333333337, "centroid_lon": 139.459375, "city_area_fraction": 1.0, "centroid_within_city": true, "population": 3345, "elderly_population": 810.0, "reported_elderly_population": 810.0, "elderly_ratio": 0.24215246636771301, "HTKSYORI": "0", "HTKSAKI": null, "GASSAN": null, "disclosure_status": "unaffected", "suppression_flag": false, "aggregation_target_flag": false, "aggregation_flag": false, "primary_eligible_disclosure": true, "nearest_station_name": "辻堂", "nearest_station_distance_m": 1261.6497486565718, "nearest_bus_stop_name": "住宅前", "nearest_bus_stop_distance_m": 228.13934627454071, "nearest_public_transport_type": "bus_stop", "nearest_public_transport_name": "住宅前", "nearest_public_transport_distance_m": 228.13934627454071, "nearest_medical_name": "医療法人社団松和会望星藤沢クリニック", "nearest_medical_distance_m": 24.887801614230728, "nearest_hospital_name": "医療法人社団正拓会　湘南太平台病院", "nearest_medical_access_class": "likely_public", "nearest_hospital_distance_m": 923.89375360769134, "nearest_clinic_name": "医療法人社団松和会望星藤沢クリニック", "nearest_clinic_distance_m": 24.887801614230728, "elderly_population_percentile": "0.9125475285171103", "elderly_ratio_percentile": "0.4296577946768061", "transport_distance_percentile": "0.5893536121673004", "medical_distance_percentile": "0.0076045627376425855", "exploratory_score_a": "0.5378131822059016", "exploratory_score_b": "0.006939524931689051", "exploratory_score_c": "0.0040898340852159815", "rank_a_unfiltered": "24", "rank_b_unfiltered": "260", "rank_c_unfiltered": "248", "pareto_frontier": "False", "eligibility_population_threshold": true, "eligibility_elderly_threshold": true, "primary_eligible": true, "rank": 248 }, "geometry": { "type": "Polygon", "coordinates": [ [ [ 139.45625, 35.3375 ], [ 139.4625, 35.3375 ], [ 139.4625, 35.341666666666676 ], [ 139.45625, 35.341666666666676 ], [ 139.45625, 35.3375 ] ] ] } },
{ "type": "Feature", "properties": { "mesh_code": "533903071", "centroid_lat": 35.335416666666674, "centroid_lon": 139.465625, "city_area_fraction": 1.0, "centroid_within_city": true, "population": 2408, "elderly_population": 440.0, "reported_elderly_population": 440.0, "elderly_ratio": 0.18272425249169436, "HTKSYORI": "0", "HTKSAKI": null, "GASSAN": null, "disclosure_status": "unaffected", "suppression_flag": false, "aggregation_target_flag": false, "aggregation_flag": false, "primary_eligible_disclosure": true, "nearest_station_name": "本鵠沼", "nearest_station_distance_m": 1004.6224531759359, "nearest_bus_stop_name": "藤沢SST前", "nearest_bus_stop_distance_m": 135.34101046784235, "nearest_public_transport_type": "bus_stop", "nearest_public_transport_name": "藤沢SST前", "nearest_public_transport_distance_m": 135.34101046784235, "nearest_medical_name": "辻堂たいへいだい耳鼻咽喉科", "nearest_medical_distance_m": 136.04572569142306, "nearest_hospital_name": "医療法人社団正拓会　湘南太平台病院", "nearest_medical_access_class": "likely_public", "nearest_hospital_distance_m": 196.10329988121896, "nearest_clinic_name": "辻堂たいへいだい耳鼻咽喉科", "nearest_clinic_distance_m": 136.04572569142306, "elderly_population_percentile": "0.55893536121673", "elderly_ratio_percentile": "0.12547528517110265", "transport_distance_percentile": "0.29277566539923955", "medical_distance_percentile": "0.17490494296577946", "exploratory_score_a": "0.16364267229539245", "exploratory_score_b": "0.09776055747516951", "exploratory_score_c": "0.028621912264593357", "rank_a_unfiltered": "136", "rank_b_unfiltered": "186", "rank_c_unfiltered": "187", "pareto_frontier": "False", "eligibility_population_threshold": true, "eligibility_elderly_threshold": true, "primary_eligible": true, "rank": 187 }, "geometry": { "type": "Polygon", "coordinates": [ [ [ 139.4625, 35.333333333333336 ], [ 139.46875, 35.333333333333336 ], [ 139.46875, 35.3375 ], [ 139.4625, 35.3375 ], [ 139.4625, 35.333333333333336 ] ] ] } },
{ "type": "Feature", "properties": { "mesh_code": "533903072", "centroid_lat": 35.335416666666674, "centroid_lon": 139.471875, "city_area_fraction": 0.99999999999999978, "centroid_within_city": true, "population": 2111, "elderly_population": 362.0, "reported_elderly_population": 362.0, "elderly_ratio": 0.17148270961629558, "HTKSYORI": "0", "HTKSAKI": null, "GASSAN": null, "disclosure_status": "unaffected", "suppression_flag": false, "aggregation_target_flag": false, "aggregation_flag": false, "primary_eligible_disclosure": true, "nearest_station_name": "本鵠沼", "nearest_station_distance_m": 576.88155581458329, "nearest_bus_stop_name": "藤沢警察署前", "nearest_bus_stop_distance_m": 195.79532362855898, "nearest_public_transport_type": "bus_stop", "nearest_public_transport_name": "藤沢警察署前", "nearest_public_transport_distance_m": 195.79532362855898, "nearest_medical_name": "のむら医院", "nearest_medical_distance_m": 243.46450220633827, "nearest_hospital_name": "医療法人社団正拓会　湘南太平台病院", "nearest_medical_access_class": "likely_public", "nearest_hospital_distance_m": 399.29713534585295, "nearest_clinic_name": "のむら医院", "nearest_clinic_distance_m": 243.46450220633827, "elderly_population_percentile": "0.4790874524714829", "elderly_ratio_percentile": "0.08365019011406843", "transport_distance_percentile": "0.5095057034220533", "medical_distance_percentile": "0.3726235741444867", "exploratory_score_a": "0.2440977894721624", "exploratory_score_b": "0.17851927886770086", "exploratory_score_c": "0.09095659075388561", "rank_a_unfiltered": "98", "rank_b_unfiltered": "129", "rank_c_unfiltered": "113", "pareto_frontier": "False", "eligibility_population_threshold": true, "eligibility_elderly_threshold": true, "primary_eligible": true, "rank": 113 }, "geometry": { "type": "Polygon", "coordinates": [ [ [ 139.46875, 35.333333333333336 ], [ 139.475, 35.333333333333336 ], [ 139.475, 35.3375 ], [ 139.46875, 35.3375 ], [ 139.46875, 35.333333333333336 ] ] ] } },
{ "type": "Feature", "properties": { "mesh_code": "533903073", "centroid_lat": 35.339583333333337, "centroid_lon": 139.465625, "city_area_fraction": 1.0, "centroid_within_city": true, "population": 202, "elderly_population": 47.0, "reported_elderly_population": 47.0, "elderly_ratio": 0.23267326732673269, "HTKSYORI": "0", "HTKSAKI": null, "GASSAN": null, "disclosure_status": "unaffected", "suppression_flag": false, "aggregation_target_flag": false, "aggregation_flag": false, "primary_eligible_disclosure": true, "nearest_station_name": "本鵠沼", "nearest_station_distance_m": 1293.0364901892412, "nearest_bus_stop_name": "NOK前", "nearest_bus_stop_distance_m": 229.39762894515007, "nearest_public_transport_type": "bus_stop", "nearest_public_transport_name": "NOK前", "nearest_public_transport_distance_m": 229.39762894515007, "nearest_medical_name": "つちや眼科", "nearest_medical_distance_m": 101.77439602923161, "nearest_hospital_name": "医療法人社団正拓会　湘南太平台病院", "nearest_medical_access_class": "likely_public", "nearest_hospital_distance_m": 573.5514899398645, "nearest_clinic_name": "つちや眼科", "nearest_clinic_distance_m": 101.77439602923161, "elderly_population_percentile": "0.09885931558935361", "elderly_ratio_percentile": "0.3650190114068441", "transport_distance_percentile": "0.5931558935361216", "medical_distance_percentile": "0.11406844106463879", "exploratory_score_a": "0.05863898567277248", "exploratory_score_b": "0.01127672801399471", "exploratory_score_c": "0.006688857681304846", "rank_a_unfiltered": "207", "rank_b_unfiltered": "255", "rank_c_unfiltered": "237", "pareto_frontier": "False", "eligibility_population_threshold": true, "eligibility_elderly_threshold": true, "primary_eligible": true, "rank": 237 }, "geometry": { "type": "Polygon", "coordinates": [ [ [ 139.4625, 35.3375 ], [ 139.46875, 35.3375 ], [ 139.46875, 35.341666666666676 ], [ 139.4625, 35.341666666666676 ], [ 139.4625, 35.3375 ] ] ] } },
{ "type": "Feature", "properties": { "mesh_code": "533903074", "centroid_lat": 35.339583333333337, "centroid_lon": 139.471875, "city_area_fraction": 0.99999999999999978, "centroid_within_city": true, "population": 1699, "elderly_population": 341.0, "reported_elderly_population": 341.0, "elderly_ratio": 0.20070629782224839, "HTKSYORI": "0", "HTKSAKI": null, "GASSAN": null, "disclosure_status": "unaffected", "suppression_flag": false, "aggregation_target_flag": false, "aggregation_flag": false, "primary_eligible_disclosure": true, "nearest_station_name": "本鵠沼", "nearest_station_distance_m": 997.74938631475777, "nearest_bus_stop_name": "神明町", "nearest_bus_stop_distance_m": 150.60812332370978, "nearest_public_transport_type": "bus_stop", "nearest_public_transport_name": "神明町", "nearest_public_transport_distance_m": 150.60812332370978, "nearest_medical_name": "日本精工藤沢健康推進室", "nearest_medical_distance_m": 527.90540345728414, "nearest_hospital_name": "医療法人社団正拓会　湘南太平台病院", "nearest_medical_access_class": "likely_public", "nearest_hospital_distance_m": 670.77318427061039, "nearest_clinic_name": "日本精工藤沢健康推進室", "nearest_clinic_distance_m": 527.90540345728414, "elderly_population_percentile": "0.45627376425855515", "elderly_ratio_percentile": "0.19771863117870722", "transport_distance_percentile": "0.33460076045627374", "medical_distance_percentile": "0.7946768060836502", "exploratory_score_a": "0.15266954849715914", "exploratory_score_b": "0.36259017768075297", "exploratory_score_c": "0.12132294918595536", "rank_a_unfiltered": "142", "rank_b_unfiltered": "47", "rank_c_unfiltered": "91", "pareto_frontier": "False", "eligibility_population_threshold": true, "eligibility_elderly_threshold": true, "primary_eligible": true, "rank": 91 }, "geometry": { "type": "Polygon", "coordinates": [ [ [ 139.46875, 35.3375 ], [ 139.475, 35.3375 ], [ 139.475, 35.341666666666676 ], [ 139.46875, 35.341666666666676 ], [ 139.46875, 35.3375 ] ] ] } },
{ "type": "Feature", "properties": { "mesh_code": "533903081", "centroid_lat": 35.335416666666674, "centroid_lon": 139.478125, "city_area_fraction": 0.99999999999999978, "centroid_within_city": true, "population": 2996, "elderly_population": 653.0, "reported_elderly_population": 653.0, "elderly_ratio": 0.21795727636849133, "HTKSYORI": "0", "HTKSAKI": null, "GASSAN": null, "disclosure_status": "unaffected", "suppression_flag": false, "aggregation_target_flag": false, "aggregation_flag": false, "primary_eligible_disclosure": true, "nearest_station_name": "本鵠沼", "nearest_station_distance_m": 549.52121614083535, "nearest_bus_stop_name": "鵠沼小学校前", "nearest_bus_stop_distance_m": 337.06033246113634, "nearest_public_transport_type": "bus_stop", "nearest_public_transport_name": "鵠沼小学校前", "nearest_public_transport_distance_m": 337.06033246113634, "nearest_medical_name": "のむら医院", "nearest_medical_distance_m": 338.1145791729482, "nearest_hospital_name": "医療法人社団正拓会　湘南太平台病院", "nearest_medical_access_class": "likely_public", "nearest_hospital_distance_m": 962.31276114704463, "nearest_clinic_name": "のむら医院", "nearest_clinic_distance_m": 338.1145791729482, "elderly_population_percentile": "0.8060836501901141", "elderly_ratio_percentile": "0.27756653992395436", "transport_distance_percentile": "0.8060836501901141", "medical_distance_percentile": "0.5361216730038023", "exploratory_score_a": "0.6497708511038182", "exploratory_score_b": "0.4321589151209357", "exploratory_score_c": "0.3483562357628835", "rank_a_unfiltered": "15", "rank_b_unfiltered": "25", "rank_c_unfiltered": "15", "pareto_frontier": "False", "eligibility_population_threshold": true, "eligibility_elderly_threshold": true, "primary_eligible": true, "rank": 15 }, "geometry": { "type": "Polygon", "coordinates": [ [ [ 139.475, 35.333333333333336 ], [ 139.48125, 35.333333333333336 ], [ 139.48125, 35.3375 ], [ 139.475, 35.3375 ], [ 139.475, 35.333333333333336 ] ] ] } },
{ "type": "Feature", "properties": { "mesh_code": "533903082", "centroid_lat": 35.335416666666674, "centroid_lon": 139.484375, "city_area_fraction": 1.0000000000000002, "centroid_within_city": true, "population": 3721, "elderly_population": 915.0, "reported_elderly_population": 915.0, "elderly_ratio": 0.24590163934426229, "HTKSYORI": "0", "HTKSAKI": null, "GASSAN": null, "disclosure_status": "unaffected", "suppression_flag": false, "aggregation_target_flag": false, "aggregation_flag": false, "primary_eligible_disclosure": true, "nearest_station_name": "藤沢", "nearest_station_distance_m": 330.17261598996004, "nearest_bus_stop_name": "橘通り", "nearest_bus_stop_distance_m": 97.672811946774559, "nearest_public_transport_type": "bus_stop", "nearest_public_transport_name": "橘通り", "nearest_public_transport_distance_m": 97.672811946774559, "nearest_medical_name": "勝俣内科医院", "nearest_medical_distance_m": 106.69084037452099, "nearest_hospital_name": "クローバーホスピタル", "nearest_medical_access_class": "likely_public", "nearest_hospital_distance_m": 557.02493814214267, "nearest_clinic_name": "勝俣内科医院", "nearest_clinic_distance_m": 106.69084037452099, "elderly_population_percentile": "0.9467680608365019", "elderly_ratio_percentile": "0.467680608365019", "transport_distance_percentile": "0.1596958174904943", "medical_distance_percentile": "0.12167300380228137", "exploratory_score_a": "0.15119489944917522", "exploratory_score_b": "0.11519611386603826", "exploratory_score_c": "0.018396337575565046", "rank_a_unfiltered": "144", "rank_b_unfiltered": "172", "rank_c_unfiltered": "211", "pareto_frontier": "False", "eligibility_population_threshold": true, "eligibility_elderly_threshold": true, "primary_eligible": true, "rank": 211 }, "geometry": { "type": "Polygon", "coordinates": [ [ [ 139.48125, 35.333333333333336 ], [ 139.4875, 35.333333333333336 ], [ 139.4875, 35.3375 ], [ 139.48125, 35.3375 ], [ 139.48125, 35.333333333333336 ] ] ] } },
{ "type": "Feature", "properties": { "mesh_code": "533903083", "centroid_lat": 35.339583333333337, "centroid_lon": 139.478125, "city_area_fraction": 1.0000000000000002, "centroid_within_city": true, "population": 2358, "elderly_population": 638.0, "reported_elderly_population": 638.0, "elderly_ratio": 0.27056827820186596, "HTKSYORI": "0", "HTKSAKI": null, "GASSAN": null, "disclosure_status": "unaffected", "suppression_flag": false, "aggregation_target_flag": false, "aggregation_flag": false, "primary_eligible_disclosure": true, "nearest_station_name": "藤沢", "nearest_station_distance_m": 759.36217869456004, "nearest_bus_stop_name": "日本精工前", "nearest_bus_stop_distance_m": 54.429250024548942, "nearest_public_transport_type": "bus_stop", "nearest_public_transport_name": "日本精工前", "nearest_public_transport_distance_m": 54.429250024548942, "nearest_medical_name": "日本精工藤沢健康推進室", "nearest_medical_distance_m": 92.966446739040791, "nearest_hospital_name": "医療法人社団正拓会　湘南太平台病院", "nearest_medical_access_class": "likely_public", "nearest_hospital_distance_m": 1102.9527774153287, "nearest_clinic_name": "日本精工藤沢健康推進室", "nearest_clinic_distance_m": 92.966446739040791, "elderly_population_percentile": "0.7813688212927756", "elderly_ratio_percentile": "0.5893536121673004", "transport_distance_percentile": "0.049429657794676805", "medical_distance_percentile": "0.09505703422053231", "exploratory_score_a": "0.038622793447931875", "exploratory_score_b": "0.07427460278448438", "exploratory_score_c": "0.0036713681984726115", "rank_a_unfiltered": "225", "rank_b_unfiltered": "208", "rank_c_unfiltered": "249", "pareto_frontier": "False", "eligibility_population_threshold": true, "eligibility_elderly_threshold": true, "primary_eligible": true, "rank": 249 }, "geometry": { "type": "Polygon", "coordinates": [ [ [ 139.475, 35.3375 ], [ 139.48125, 35.3375 ], [ 139.48125, 35.341666666666676 ], [ 139.475, 35.341666666666676 ], [ 139.475, 35.3375 ] ] ] } },
{ "type": "Feature", "properties": { "mesh_code": "533903084", "centroid_lat": 35.339583333333337, "centroid_lon": 139.484375, "city_area_fraction": 0.99999999999999978, "centroid_within_city": true, "population": 4690, "elderly_population": 968.0, "reported_elderly_population": 968.0, "elderly_ratio": 0.20639658848614073, "HTKSYORI": "0", "HTKSAKI": null, "GASSAN": null, "disclosure_status": "unaffected", "suppression_flag": false, "aggregation_target_flag": false, "aggregation_flag": false, "primary_eligible_disclosure": true, "nearest_station_name": "藤沢", "nearest_station_distance_m": 204.3630179489291, "nearest_bus_stop_name": "三富士町", "nearest_bus_stop_distance_m": 14.058919484765594, "nearest_public_transport_type": "bus_stop", "nearest_public_transport_name": "三富士町", "nearest_public_transport_distance_m": 14.058919484765594, "nearest_medical_name": "ティー・エイチ・ピー・メディカルクリニック", "nearest_medical_distance_m": 46.403076986426868, "nearest_hospital_name": "医療法人山内龍馬財団　山内病院", "nearest_medical_access_class": "likely_public", "nearest_hospital_distance_m": 558.30706444190662, "nearest_clinic_name": "ティー・エイチ・ピー・メディカルクリニック", "nearest_clinic_distance_m": 46.403076986426868, "elderly_population_percentile": "0.9657794676806084", "elderly_ratio_percentile": "0.22433460076045628", "transport_distance_percentile": "0.0076045627376425855", "medical_distance_percentile": "0.026615969581749048", "exploratory_score_a": "0.0073443305527042466", "exploratory_score_b": "0.02570515693446486", "exploratory_score_c": "0.0001954764785890864", "rank_a_unfiltered": "257", "rank_b_unfiltered": "240", "rank_c_unfiltered": "263", "pareto_frontier": "False", "eligibility_population_threshold": true, "eligibility_elderly_threshold": true, "primary_eligible": true, "rank": 261 }, "geometry": { "type": "Polygon", "coordinates": [ [ [ 139.48125, 35.3375 ], [ 139.4875, 35.3375 ], [ 139.4875, 35.341666666666676 ], [ 139.48125, 35.341666666666676 ], [ 139.48125, 35.3375 ] ] ] } },
{ "type": "Feature", "properties": { "mesh_code": "533903091", "centroid_lat": 35.335416666666674, "centroid_lon": 139.490625, "city_area_fraction": 1.0000000000000002, "centroid_within_city": true, "population": 4272, "elderly_population": 1110.0, "reported_elderly_population": 1110.0, "elderly_ratio": 0.2598314606741573, "HTKSYORI": "0", "HTKSAKI": null, "GASSAN": null, "disclosure_status": "unaffected", "suppression_flag": false, "aggregation_target_flag": false, "aggregation_flag": false, "primary_eligible_disclosure": true, "nearest_station_name": "藤沢", "nearest_station_distance_m": 370.23851325307601, "nearest_bus_stop_name": "奥田", "nearest_bus_stop_distance_m": 152.2935910439686, "nearest_public_transport_type": "bus_stop", "nearest_public_transport_name": "奥田", "nearest_public_transport_distance_m": 152.2935910439686, "nearest_medical_name": "尾崎クリニック", "nearest_medical_distance_m": 95.511338779741692, "nearest_hospital_name": "医療法人山内龍馬財団　山内病院", "nearest_medical_access_class": "likely_public", "nearest_hospital_distance_m": 263.30163502084872, "nearest_clinic_name": "尾崎クリニック", "nearest_clinic_distance_m": 95.511338779741692, "elderly_population_percentile": "0.9847908745247148", "elderly_ratio_percentile": "0.5437262357414449", "transport_distance_percentile": "0.34980988593155893", "medical_distance_percentile": "0.09885931558935361", "exploratory_score_a": "0.34448958348393066", "exploratory_score_b": "0.09735575185415432", "exploratory_score_c": "0.03405600445088288", "rank_a_unfiltered": "64", "rank_b_unfiltered": "187", "rank_c_unfiltered": "177", "pareto_frontier": "False", "eligibility_population_threshold": true, "eligibility_elderly_threshold": true, "primary_eligible": true, "rank": 177 }, "geometry": { "type": "Polygon", "coordinates": [ [ [ 139.4875, 35.333333333333336 ], [ 139.49375, 35.333333333333336 ], [ 139.49375, 35.3375 ], [ 139.4875, 35.3375 ], [ 139.4875, 35.333333333333336 ] ] ] } },
{ "type": "Feature", "properties": { "mesh_code": "533903092", "centroid_lat": 35.335416666666674, "centroid_lon": 139.496875, "city_area_fraction": 1.0, "centroid_within_city": true, "population": 2303, "elderly_population": 392.0, "reported_elderly_population": 392.0, "elderly_ratio": 0.1702127659574468, "HTKSYORI": "0", "HTKSAKI": null, "GASSAN": null, "disclosure_status": "unaffected", "suppression_flag": false, "aggregation_target_flag": false, "aggregation_flag": false, "primary_eligible_disclosure": true, "nearest_station_name": "藤沢", "nearest_station_distance_m": 900.41258177988698, "nearest_bus_stop_name": "川名", "nearest_bus_stop_distance_m": 65.123550230378569, "nearest_public_transport_type": "bus_stop", "nearest_public_transport_name": "川名", "nearest_public_transport_distance_m": 65.123550230378569, "nearest_medical_name": "アズビル株式会社　藤沢テクノセンター健康管理室", "nearest_medical_distance_m": 206.13722468057949, "nearest_hospital_name": "医療法人山内龍馬財団　山内病院", "nearest_medical_access_class": "uncertain_access", "nearest_hospital_distance_m": 668.50236104345663, "nearest_clinic_name": "アズビル株式会社　藤沢テクノセンター健康管理室", "nearest_clinic_distance_m": 206.13722468057949, "elderly_population_percentile": "0.5171102661596958", "elderly_ratio_percentile": "0.07984790874524715", "transport_distance_percentile": "0.07604562737642585", "medical_distance_percentile": "0.3041825095057034", "exploratory_score_a": "0.03932397461290462", "exploratory_score_b": "0.15729589845161848", "exploratory_score_c": "0.011961665281491899", "rank_a_unfiltered": "224", "rank_b_unfiltered": "142", "rank_c_unfiltered": "220", "pareto_frontier": "False", "eligibility_population_threshold": true, "eligibility_elderly_threshold": true, "primary_eligible": true, "rank": 220 }, "geometry": { "type": "Polygon", "coordinates": [ [ [ 139.49375, 35.333333333333336 ], [ 139.5, 35.333333333333336 ], [ 139.5, 35.3375 ], [ 139.49375, 35.3375 ], [ 139.49375, 35.333333333333336 ] ] ] } },
{ "type": "Feature", "properties": { "mesh_code": "533903093", "centroid_lat": 35.339583333333337, "centroid_lon": 139.490625, "city_area_fraction": 1.0, "centroid_within_city": true, "population": 2423, "elderly_population": 490.0, "reported_elderly_population": 490.0, "elderly_ratio": 0.20222864217911679, "HTKSYORI": "0", "HTKSAKI": null, "GASSAN": null, "disclosure_status": "unaffected", "suppression_flag": false, "aggregation_target_flag": false, "aggregation_flag": false, "primary_eligible_disclosure": true, "nearest_station_name": "藤沢", "nearest_station_distance_m": 336.11860254544098, "nearest_bus_stop_name": "日ノ出町", "nearest_bus_stop_distance_m": 219.94102879137293, "nearest_public_transport_type": "bus_stop", "nearest_public_transport_name": "日ノ出町", "nearest_public_transport_distance_m": 219.94102879137293, "nearest_medical_name": "藤沢シティ眼科", "nearest_medical_distance_m": 99.760806651716464, "nearest_hospital_name": "医療法人山内龍馬財団　山内病院", "nearest_medical_access_class": "likely_public", "nearest_hospital_distance_m": 209.01752408954192, "nearest_clinic_name": "藤沢シティ眼科", "nearest_clinic_distance_m": 99.760806651716464, "elderly_population_percentile": "0.5893536121673004", "elderly_ratio_percentile": "0.20532319391634982", "transport_distance_percentile": "0.5741444866920152", "medical_distance_percentile": "0.10646387832699619", "exploratory_score_a": "0.33837412713787973", "exploratory_score_b": "0.06274487125735517", "exploratory_score_c": "0.036024621900610766", "rank_a_unfiltered": "67", "rank_b_unfiltered": "213", "rank_c_unfiltered": "172", "pareto_frontier": "False", "eligibility_population_threshold": true, "eligibility_elderly_threshold": true, "primary_eligible": true, "rank": 172 }, "geometry": { "type": "Polygon", "coordinates": [ [ [ 139.4875, 35.3375 ], [ 139.49375, 35.3375 ], [ 139.49375, 35.341666666666676 ], [ 139.4875, 35.341666666666676 ], [ 139.4875, 35.3375 ] ] ] } },
{ "type": "Feature", "properties": { "mesh_code": "533903094", "centroid_lat": 35.339583333333337, "centroid_lon": 139.496875, "city_area_fraction": 1.0, "centroid_within_city": true, "population": 3132, "elderly_population": 662.0, "reported_elderly_population": 662.0, "elderly_ratio": 0.21136653895274585, "HTKSYORI": "0", "HTKSAKI": null, "GASSAN": null, "disclosure_status": "unaffected", "suppression_flag": false, "aggregation_target_flag": false, "aggregation_flag": false, "primary_eligible_disclosure": true, "nearest_station_name": "藤沢", "nearest_station_distance_m": 892.70662249889335, "nearest_bus_stop_name": "弥勒寺", "nearest_bus_stop_distance_m": 152.81026602956462, "nearest_public_transport_type": "bus_stop", "nearest_public_transport_name": "弥勒寺", "nearest_public_transport_distance_m": 152.81026602956462, "nearest_medical_name": "のぞみホームクリニック", "nearest_medical_distance_m": 123.23653231038966, "nearest_hospital_name": "医療法人山内龍馬財団　山内病院", "nearest_medical_access_class": "likely_public", "nearest_hospital_distance_m": 649.02743482604399, "nearest_clinic_name": "のぞみホームクリニック", "nearest_clinic_distance_m": 123.23653231038966, "elderly_population_percentile": "0.8136882129277566", "elderly_ratio_percentile": "0.24334600760456274", "transport_distance_percentile": "0.35361216730038025", "medical_distance_percentile": "0.1520912547528517", "exploratory_score_a": "0.2877300524801573", "exploratory_score_b": "0.12375486128178807", "exploratory_score_c": "0.043761224711811", "rank_a_unfiltered": "87", "rank_b_unfiltered": "166", "rank_c_unfiltered": "160", "pareto_frontier": "False", "eligibility_population_threshold": true, "eligibility_elderly_threshold": true, "primary_eligible": true, "rank": 160 }, "geometry": { "type": "Polygon", "coordinates": [ [ [ 139.49375, 35.3375 ], [ 139.5, 35.3375 ], [ 139.5, 35.341666666666676 ], [ 139.49375, 35.341666666666676 ], [ 139.49375, 35.3375 ] ] ] } },
{ "type": "Feature", "properties": { "mesh_code": "533903151", "centroid_lat": 35.34375, "centroid_lon": 139.440625, "city_area_fraction": 0.098476932508083287, "centroid_within_city": false, "population": 3798, "elderly_population": 789.0, "reported_elderly_population": 789.0, "elderly_ratio": 0.20774091627172195, "HTKSYORI": "0", "HTKSAKI": null, "GASSAN": null, "disclosure_status": "unaffected", "suppression_flag": false, "aggregation_target_flag": false, "aggregation_flag": false, "primary_eligible_disclosure": true, "nearest_station_name": "辻堂", "nearest_station_distance_m": 903.58262696778627, "nearest_bus_stop_name": "二ツ谷", "nearest_bus_stop_distance_m": 367.23146959858877, "nearest_public_transport_type": "bus_stop", "nearest_public_transport_name": "二ツ谷", "nearest_public_transport_distance_m": 367.23146959858877, "nearest_medical_name": "特別養護老人ホームかりん医務室", "nearest_medical_distance_m": 477.44635711583823, "nearest_hospital_name": "医療法人徳洲会　湘南藤沢徳洲会病院", "nearest_medical_access_class": "uncertain_access", "nearest_hospital_distance_m": 510.89590399441636, "nearest_clinic_name": "特別養護老人ホームかりん医務室", "nearest_clinic_distance_m": 477.44635711583823, "elderly_population_percentile": "<NA>", "elderly_ratio_percentile": "<NA>", "transport_distance_percentile": "<NA>", "medical_distance_percentile": "<NA>", "exploratory_score_a": "<NA>", "exploratory_score_b": "<NA>", "exploratory_score_c": "<NA>", "rank_a_unfiltered": "<NA>", "rank_b_unfiltered": "<NA>", "rank_c_unfiltered": "<NA>", "pareto_frontier": "<NA>", "eligibility_population_threshold": true, "eligibility_elderly_threshold": true, "primary_eligible": false, "rank": null }, "geometry": { "type": "Polygon", "coordinates": [ [ [ 139.4375, 35.341666666666669 ], [ 139.44375, 35.341666666666669 ], [ 139.44375, 35.345833333333339 ], [ 139.4375, 35.345833333333339 ], [ 139.4375, 35.341666666666669 ] ] ] } },
{ "type": "Feature", "properties": { "mesh_code": "533903152", "centroid_lat": 35.34375, "centroid_lon": 139.446875, "city_area_fraction": 0.99760068851420181, "centroid_within_city": true, "population": 2787, "elderly_population": 588.0, "reported_elderly_population": 588.0, "elderly_ratio": 0.21097954790096879, "HTKSYORI": "0", "HTKSAKI": null, "GASSAN": null, "disclosure_status": "unaffected", "suppression_flag": false, "aggregation_target_flag": false, "aggregation_flag": false, "primary_eligible_disclosure": true, "nearest_station_name": "辻堂", "nearest_station_distance_m": 770.74665997868885, "nearest_bus_stop_name": "羽鳥一丁目", "nearest_bus_stop_distance_m": 179.98093400356248, "nearest_public_transport_type": "bus_stop", "nearest_public_transport_name": "羽鳥一丁目", "nearest_public_transport_distance_m": 179.98093400356248, "nearest_medical_name": "湘南中央病院", "nearest_medical_distance_m": 272.48809283428028, "nearest_hospital_name": "湘南中央病院", "nearest_medical_access_class": "likely_public", "nearest_hospital_distance_m": 272.48809283428028, "nearest_clinic_name": "四ツ谷クリニック", "nearest_clinic_distance_m": 367.83677833521648, "elderly_population_percentile": "0.7110266159695817", "elderly_ratio_percentile": "0.23954372623574144", "transport_distance_percentile": "0.46387832699619774", "medical_distance_percentile": "0.4144486692015209", "exploratory_score_a": "0.32982983706573754", "exploratory_score_b": "0.294684034755454", "exploratory_score_c": "0.1366975370348494", "rank_a_unfiltered": "71", "rank_b_unfiltered": "75", "rank_c_unfiltered": "83", "pareto_frontier": "False", "eligibility_population_threshold": true, "eligibility_elderly_threshold": true, "primary_eligible": true, "rank": 83 }, "geometry": { "type": "Polygon", "coordinates": [ [ [ 139.44375, 35.341666666666669 ], [ 139.45, 35.341666666666669 ], [ 139.45, 35.345833333333339 ], [ 139.44375, 35.345833333333339 ], [ 139.44375, 35.341666666666669 ] ] ] } },
{ "type": "Feature", "properties": { "mesh_code": "533903153", "centroid_lat": 35.347916666666677, "centroid_lon": 139.440625, "city_area_fraction": 0.26034374422173062, "centroid_within_city": false, "population": 1195, "elderly_population": 335.0, "reported_elderly_population": 335.0, "elderly_ratio": 0.28033472803347281, "HTKSYORI": "0", "HTKSAKI": null, "GASSAN": null, "disclosure_status": "unaffected", "suppression_flag": false, "aggregation_target_flag": false, "aggregation_flag": false, "primary_eligible_disclosure": true, "nearest_station_name": "辻堂", "nearest_station_distance_m": 1318.3173983407712, "nearest_bus_stop_name": "城南", "nearest_bus_stop_distance_m": 376.65678442985495, "nearest_public_transport_type": "bus_stop", "nearest_public_transport_name": "城南", "nearest_public_transport_distance_m": 376.65678442985495, "nearest_medical_name": "特別養護老人ホームかりん医務室", "nearest_medical_distance_m": 165.71694643002951, "nearest_hospital_name": "医療法人徳洲会　湘南藤沢徳洲会病院", "nearest_medical_access_class": "uncertain_access", "nearest_hospital_distance_m": 862.16689920957924, "nearest_clinic_name": "特別養護老人ホームかりん医務室", "nearest_clinic_distance_m": 165.71694643002951, "elderly_population_percentile": "<NA>", "elderly_ratio_percentile": "<NA>", "transport_distance_percentile": "<NA>", "medical_distance_percentile": "<NA>", "exploratory_score_a": "<NA>", "exploratory_score_b": "<NA>", "exploratory_score_c": "<NA>", "rank_a_unfiltered": "<NA>", "rank_b_unfiltered": "<NA>", "rank_c_unfiltered": "<NA>", "pareto_frontier": "<NA>", "eligibility_population_threshold": true, "eligibility_elderly_threshold": true, "primary_eligible": false, "rank": null }, "geometry": { "type": "Polygon", "coordinates": [ [ [ 139.4375, 35.345833333333339 ], [ 139.44375, 35.345833333333339 ], [ 139.44375, 35.35 ], [ 139.4375, 35.35 ], [ 139.4375, 35.345833333333339 ] ] ] } },
{ "type": "Feature", "properties": { "mesh_code": "533903154", "centroid_lat": 35.347916666666677, "centroid_lon": 139.446875, "city_area_fraction": 1.0, "centroid_within_city": true, "population": 1667, "elderly_population": 361.0, "reported_elderly_population": 361.0, "elderly_ratio": 0.21655668866226754, "HTKSYORI": "0", "HTKSAKI": null, "GASSAN": null, "disclosure_status": "unaffected", "suppression_flag": false, "aggregation_target_flag": false, "aggregation_flag": false, "primary_eligible_disclosure": true, "nearest_station_name": "辻堂", "nearest_station_distance_m": 1231.081060032544, "nearest_bus_stop_name": "大庭隧道", "nearest_bus_stop_distance_m": 24.183242598232681, "nearest_public_transport_type": "bus_stop", "nearest_public_transport_name": "大庭隧道", "nearest_public_transport_distance_m": 24.183242598232681, "nearest_medical_name": "四ツ谷クリニック", "nearest_medical_distance_m": 331.47976722963477, "nearest_hospital_name": "湘南中央病院", "nearest_medical_access_class": "likely_public", "nearest_hospital_distance_m": 619.73683668376702, "nearest_clinic_name": "四ツ谷クリニック", "nearest_clinic_distance_m": 331.47976722963477, "elderly_population_percentile": "0.47338403041825095", "elderly_ratio_percentile": "0.2737642585551331", "transport_distance_percentile": "0.019011406844106463", "medical_distance_percentile": "0.5247148288973384", "exploratory_score_a": "0.008999696395784238", "exploratory_score_b": "0.248391620523645", "exploratory_score_c": "0.0047222741544419205", "rank_a_unfiltered": "253", "rank_b_unfiltered": "95", "rank_c_unfiltered": "246", "pareto_frontier": "False", "eligibility_population_threshold": true, "eligibility_elderly_threshold": true, "primary_eligible": true, "rank": 246 }, "geometry": { "type": "Polygon", "coordinates": [ [ [ 139.44375, 35.345833333333339 ], [ 139.45, 35.345833333333339 ], [ 139.45, 35.35 ], [ 139.44375, 35.35 ], [ 139.44375, 35.345833333333339 ] ] ] } },
{ "type": "Feature", "properties": { "mesh_code": "533903161", "centroid_lat": 35.34375, "centroid_lon": 139.453125, "city_area_fraction": 1.0, "centroid_within_city": true, "population": 4125, "elderly_population": 882.0, "reported_elderly_population": 882.0, "elderly_ratio": 0.21381818181818182, "HTKSYORI": "0", "HTKSAKI": null, "GASSAN": null, "disclosure_status": "unaffected", "suppression_flag": false, "aggregation_target_flag": false, "aggregation_flag": false, "primary_eligible_disclosure": true, "nearest_station_name": "辻堂", "nearest_station_distance_m": 1008.555503403752, "nearest_bus_stop_name": "羽鳥山", "nearest_bus_stop_distance_m": 198.43361187469719, "nearest_public_transport_type": "bus_stop", "nearest_public_transport_name": "羽鳥山", "nearest_public_transport_distance_m": 198.43361187469719, "nearest_medical_name": "丸山医院", "nearest_medical_distance_m": 107.56572328855657, "nearest_hospital_name": "湘南中央病院", "nearest_medical_access_class": "likely_public", "nearest_hospital_distance_m": 332.92279555402246, "nearest_clinic_name": "丸山医院", "nearest_clinic_distance_m": 107.56572328855657, "elderly_population_percentile": "0.9391634980988594", "elderly_ratio_percentile": "0.2623574144486692", "transport_distance_percentile": "0.532319391634981", "medical_distance_percentile": "0.12547528517110265", "exploratory_score_a": "0.4999349419537654", "exploratory_score_b": "0.1178418077462447", "exploratory_score_c": "0.06272947940864737", "rank_a_unfiltered": "28", "rank_b_unfiltered": "169", "rank_c_unfiltered": "138", "pareto_frontier": "False", "eligibility_population_threshold": true, "eligibility_elderly_threshold": true, "primary_eligible": true, "rank": 138 }, "geometry": { "type": "Polygon", "coordinates": [ [ [ 139.45, 35.341666666666669 ], [ 139.45625, 35.341666666666669 ], [ 139.45625, 35.345833333333339 ], [ 139.45, 35.345833333333339 ], [ 139.45, 35.341666666666669 ] ] ] } },
{ "type": "Feature", "properties": { "mesh_code": "533903162", "centroid_lat": 35.34375, "centroid_lon": 139.459375, "city_area_fraction": 1.0, "centroid_within_city": true, "population": 3343, "elderly_population": 563.0, "reported_elderly_population": 563.0, "elderly_ratio": 0.16841160634160934, "HTKSYORI": "0", "HTKSAKI": null, "GASSAN": null, "disclosure_status": "unaffected", "suppression_flag": false, "aggregation_target_flag": false, "aggregation_flag": false, "primary_eligible_disclosure": true, "nearest_station_name": "辻堂", "nearest_station_distance_m": 1444.2513595338889, "nearest_bus_stop_name": "梅ヶ枝通り", "nearest_bus_stop_distance_m": 255.7071444164697, "nearest_public_transport_type": "bus_stop", "nearest_public_transport_name": "梅ヶ枝通り", "nearest_public_transport_distance_m": 255.7071444164697, "nearest_medical_name": "藤田医院", "nearest_medical_distance_m": 283.41741037412118, "nearest_hospital_name": "湘南中央病院", "nearest_medical_access_class": "likely_public", "nearest_hospital_distance_m": 890.46176746608228, "nearest_clinic_name": "藤田医院", "nearest_clinic_distance_m": 283.41741037412118, "elderly_population_percentile": "0.6806083650190115", "elderly_ratio_percentile": "0.07604562737642585", "transport_distance_percentile": "0.6653992395437263", "medical_distance_percentile": "0.44106463878326996", "exploratory_score_a": "0.45287628851074907", "exploratory_score_b": "0.3001922826699822", "exploratory_score_c": "0.1997477166055015", "rank_a_unfiltered": "36", "rank_b_unfiltered": "73", "rank_c_unfiltered": "46", "pareto_frontier": "False", "eligibility_population_threshold": true, "eligibility_elderly_threshold": true, "primary_eligible": true, "rank": 46 }, "geometry": { "type": "Polygon", "coordinates": [ [ [ 139.45625, 35.341666666666669 ], [ 139.4625, 35.341666666666669 ], [ 139.4625, 35.345833333333339 ], [ 139.45625, 35.345833333333339 ], [ 139.45625, 35.341666666666669 ] ] ] } },
{ "type": "Feature", "properties": { "mesh_code": "533903163", "centroid_lat": 35.347916666666677, "centroid_lon": 139.453125, "city_area_fraction": 1.0, "centroid_within_city": true, "population": 1765, "elderly_population": 433.0, "reported_elderly_population": 433.0, "elderly_ratio": 0.2453257790368272, "HTKSYORI": "0", "HTKSAKI": null, "GASSAN": null, "disclosure_status": "unaffected", "suppression_flag": false, "aggregation_target_flag": false, "aggregation_flag": false, "primary_eligible_disclosure": true, "nearest_station_name": "辻堂", "nearest_station_distance_m": 1392.3620899970379, "nearest_bus_stop_name": "辻堂入口", "nearest_bus_stop_distance_m": 225.81574579900663, "nearest_public_transport_type": "bus_stop", "nearest_public_transport_name": "辻堂入口", "nearest_public_transport_distance_m": 225.81574579900663, "nearest_medical_name": "四ツ谷クリニック", "nearest_medical_distance_m": 367.98697249355922, "nearest_hospital_name": "湘南中央病院", "nearest_medical_access_class": "likely_public", "nearest_hospital_distance_m": 648.58271947805918, "nearest_clinic_name": "四ツ谷クリニック", "nearest_clinic_distance_m": 367.98697249355922, "elderly_population_percentile": "0.5475285171102662", "elderly_ratio_percentile": "0.45627376425855515", "transport_distance_percentile": "0.5817490494296578", "medical_distance_percentile": "0.5855513307984791", "exploratory_score_a": "0.31852419436452745", "exploratory_score_b": "0.3206060518440342", "exploratory_score_c": "0.18651226590166245", "rank_a_unfiltered": "75", "rank_b_unfiltered": "61", "rank_c_unfiltered": "52", "pareto_frontier": "False", "eligibility_population_threshold": true, "eligibility_elderly_threshold": true, "primary_eligible": true, "rank": 52 }, "geometry": { "type": "Polygon", "coordinates": [ [ [ 139.45, 35.345833333333339 ], [ 139.45625, 35.345833333333339 ], [ 139.45625, 35.35 ], [ 139.45, 35.35 ], [ 139.45, 35.345833333333339 ] ] ] } },
{ "type": "Feature", "properties": { "mesh_code": "533903164", "centroid_lat": 35.347916666666677, "centroid_lon": 139.459375, "city_area_fraction": 0.99999999999999978, "centroid_within_city": true, "population": 2845, "elderly_population": 587.0, "reported_elderly_population": 587.0, "elderly_ratio": 0.2063268892794376, "HTKSYORI": "0", "HTKSAKI": null, "GASSAN": null, "disclosure_status": "unaffected", "suppression_flag": false, "aggregation_target_flag": false, "aggregation_flag": false, "primary_eligible_disclosure": true, "nearest_station_name": "藤沢本町", "nearest_station_distance_m": 1497.6564893013422, "nearest_bus_stop_name": "明治小学校前", "nearest_bus_stop_distance_m": 117.12712139916022, "nearest_public_transport_type": "bus_stop", "nearest_public_transport_name": "明治小学校前", "nearest_public_transport_distance_m": 117.12712139916022, "nearest_medical_name": "藤田医院", "nearest_medical_distance_m": 626.68256291006503, "nearest_hospital_name": "湘南中央病院", "nearest_medical_access_class": "likely_public", "nearest_hospital_distance_m": 1050.0994922454913, "nearest_clinic_name": "藤田医院", "nearest_clinic_distance_m": 626.68256291006503, "elderly_population_percentile": "0.7072243346007605", "elderly_ratio_percentile": "0.22053231939163498", "transport_distance_percentile": "0.21673003802281368", "medical_distance_percentile": "0.8745247148288974", "exploratory_score_a": "0.15327675692868192", "exploratory_score_b": "0.6184851595367867", "exploratory_score_c": "0.1340443121429538", "rank_a_unfiltered": "140", "rank_b_unfiltered": "8", "rank_c_unfiltered": "85", "pareto_frontier": "False", "eligibility_population_threshold": true, "eligibility_elderly_threshold": true, "primary_eligible": true, "rank": 85 }, "geometry": { "type": "Polygon", "coordinates": [ [ [ 139.45625, 35.345833333333339 ], [ 139.4625, 35.345833333333339 ], [ 139.4625, 35.35 ], [ 139.45625, 35.35 ], [ 139.45625, 35.345833333333339 ] ] ] } },
{ "type": "Feature", "properties": { "mesh_code": "533903171", "centroid_lat": 35.34375, "centroid_lon": 139.465625, "city_area_fraction": 1.0000000000000002, "centroid_within_city": true, "population": 3066, "elderly_population": 589.0, "reported_elderly_population": 589.0, "elderly_ratio": 0.19210697977821264, "HTKSYORI": "0", "HTKSAKI": null, "GASSAN": null, "disclosure_status": "unaffected", "suppression_flag": false, "aggregation_target_flag": false, "aggregation_flag": false, "primary_eligible_disclosure": true, "nearest_station_name": "藤沢本町", "nearest_station_distance_m": 1052.9242836868925, "nearest_bus_stop_name": "湘南台", "nearest_bus_stop_distance_m": 181.13545558477097, "nearest_public_transport_type": "bus_stop", "nearest_public_transport_name": "湘南台", "nearest_public_transport_distance_m": 181.13545558477097, "nearest_medical_name": "藤田医院", "nearest_medical_distance_m": 323.71761638673109, "nearest_hospital_name": "医療法人社団正拓会　湘南太平台病院", "nearest_medical_access_class": "likely_public", "nearest_hospital_distance_m": 1023.1301259044316, "nearest_clinic_name": "藤田医院", "nearest_clinic_distance_m": 323.71761638673109, "elderly_population_percentile": "0.714828897338403", "elderly_ratio_percentile": "0.1634980988593156", "transport_distance_percentile": "0.467680608365019", "medical_distance_percentile": "0.5019011406844106", "exploratory_score_a": "0.33431161358412004", "exploratory_score_b": "0.3587734389683239", "exploratory_score_c": "0.16779138020191575", "rank_a_unfiltered": "69", "rank_b_unfiltered": "49", "rank_c_unfiltered": "61", "pareto_frontier": "False", "eligibility_population_threshold": true, "eligibility_elderly_threshold": true, "primary_eligible": true, "rank": 61 }, "geometry": { "type": "Polygon", "coordinates": [ [ [ 139.4625, 35.341666666666669 ], [ 139.46875, 35.341666666666669 ], [ 139.46875, 35.345833333333339 ], [ 139.4625, 35.345833333333339 ], [ 139.4625, 35.341666666666669 ] ] ] } },
{ "type": "Feature", "properties": { "mesh_code": "533903172", "centroid_lat": 35.34375, "centroid_lon": 139.471875, "city_area_fraction": 1.0, "centroid_within_city": true, "population": 1798, "elderly_population": 427.0, "reported_elderly_population": 427.0, "elderly_ratio": 0.2374860956618465, "HTKSYORI": "0", "HTKSAKI": null, "GASSAN": null, "disclosure_status": "unaffected", "suppression_flag": false, "aggregation_target_flag": false, "aggregation_flag": false, "primary_eligible_disclosure": true, "nearest_station_name": "藤沢本町", "nearest_station_distance_m": 612.85227437719038, "nearest_bus_stop_name": "上村", "nearest_bus_stop_distance_m": 151.68788315158682, "nearest_public_transport_type": "bus_stop", "nearest_public_transport_name": "上村", "nearest_public_transport_distance_m": 151.68788315158682, "nearest_medical_name": "牧野クリニック", "nearest_medical_distance_m": 300.28773720356708, "nearest_hospital_name": "医療法人社団正拓会　湘南太平台病院", "nearest_medical_access_class": "likely_public", "nearest_hospital_distance_m": 1080.6313265149581, "nearest_clinic_name": "牧野クリニック", "nearest_clinic_distance_m": 300.28773720356708, "elderly_population_percentile": "0.5361216730038023", "elderly_ratio_percentile": "0.39543726235741444", "transport_distance_percentile": "0.34600760456273766", "medical_distance_percentile": "0.4600760456273764", "exploratory_score_a": "0.18550217583021297", "exploratory_score_b": "0.24665673929072274", "exploratory_score_c": "0.08534510751123867", "rank_a_unfiltered": "125", "rank_b_unfiltered": "97", "rank_c_unfiltered": "118", "pareto_frontier": "False", "eligibility_population_threshold": true, "eligibility_elderly_threshold": true, "primary_eligible": true, "rank": 118 }, "geometry": { "type": "Polygon", "coordinates": [ [ [ 139.46875, 35.341666666666669 ], [ 139.475, 35.341666666666669 ], [ 139.475, 35.345833333333339 ], [ 139.46875, 35.345833333333339 ], [ 139.46875, 35.341666666666669 ] ] ] } },
{ "type": "Feature", "properties": { "mesh_code": "533903173", "centroid_lat": 35.347916666666677, "centroid_lon": 139.465625, "city_area_fraction": 1.0, "centroid_within_city": true, "population": 1566, "elderly_population": 275.0, "reported_elderly_population": 275.0, "elderly_ratio": 0.1756066411238825, "HTKSYORI": "0", "HTKSAKI": null, "GASSAN": null, "disclosure_status": "unaffected", "suppression_flag": false, "aggregation_target_flag": false, "aggregation_flag": false, "primary_eligible_disclosure": true, "nearest_station_name": "藤沢本町", "nearest_station_distance_m": 929.80159146957408, "nearest_bus_stop_name": "引地橋", "nearest_bus_stop_distance_m": 120.94486231108303, "nearest_public_transport_type": "bus_stop", "nearest_public_transport_name": "引地橋", "nearest_public_transport_distance_m": 120.94486231108303, "nearest_medical_name": "仲野整形外科　スポーツ・ウェルネスクリニック", "nearest_medical_distance_m": 477.04534082718021, "nearest_hospital_name": "湘南長寿園病院", "nearest_medical_access_class": "likely_public", "nearest_hospital_distance_m": 1421.5575358626193, "nearest_clinic_name": "仲野整形外科　スポーツ・ウェルネスクリニック", "nearest_clinic_distance_m": 477.04534082718021, "elderly_population_percentile": "0.3973384030418251", "elderly_ratio_percentile": "0.10266159695817491", "transport_distance_percentile": "0.23574144486692014", "medical_distance_percentile": "0.7452471482889734", "exploratory_score_a": "0.0936691292341945", "exploratory_score_b": "0.2961153117726149", "exploratory_score_c": "0.06980665144449477", "rank_a_unfiltered": "182", "rank_b_unfiltered": "74", "rank_c_unfiltered": "130", "pareto_frontier": "False", "eligibility_population_threshold": true, "eligibility_elderly_threshold": true, "primary_eligible": true, "rank": 130 }, "geometry": { "type": "Polygon", "coordinates": [ [ [ 139.4625, 35.345833333333339 ], [ 139.46875, 35.345833333333339 ], [ 139.46875, 35.35 ], [ 139.4625, 35.35 ], [ 139.4625, 35.345833333333339 ] ] ] } },
{ "type": "Feature", "properties": { "mesh_code": "533903174", "centroid_lat": 35.347916666666677, "centroid_lon": 139.471875, "city_area_fraction": 1.0, "centroid_within_city": true, "population": 2229, "elderly_population": 582.0, "reported_elderly_population": 582.0, "elderly_ratio": 0.2611036339165545, "HTKSYORI": "0", "HTKSAKI": null, "GASSAN": null, "disclosure_status": "unaffected", "suppression_flag": false, "aggregation_target_flag": false, "aggregation_flag": false, "primary_eligible_disclosure": true, "nearest_station_name": "藤沢本町", "nearest_station_distance_m": 362.63909953355727, "nearest_bus_stop_name": "湘南高校前", "nearest_bus_stop_distance_m": 160.45339212316287, "nearest_public_transport_type": "bus_stop", "nearest_public_transport_name": "湘南高校前", "nearest_public_transport_distance_m": 160.45339212316287, "nearest_medical_name": "牧野クリニック", "nearest_medical_distance_m": 171.13929612323653, "nearest_hospital_name": "湘南長寿園病院", "nearest_medical_access_class": "likely_public", "nearest_hospital_distance_m": 918.69024452903216, "nearest_clinic_name": "牧野クリニック", "nearest_clinic_distance_m": 171.13929612323653, "elderly_population_percentile": "0.6996197718631179", "elderly_ratio_percentile": "0.5513307984790875", "transport_distance_percentile": "0.3916349809885932", "medical_distance_percentile": "0.21673003802281368", "exploratory_score_a": "0.27399557605285607", "exploratory_score_b": "0.15162861975740577", "exploratory_score_c": "0.05938307161601823", "rank_a_unfiltered": "90", "rank_b_unfiltered": "146", "rank_c_unfiltered": "145", "pareto_frontier": "False", "eligibility_population_threshold": true, "eligibility_elderly_threshold": true, "primary_eligible": true, "rank": 145 }, "geometry": { "type": "Polygon", "coordinates": [ [ [ 139.46875, 35.345833333333339 ], [ 139.475, 35.345833333333339 ], [ 139.475, 35.35 ], [ 139.46875, 35.35 ], [ 139.46875, 35.345833333333339 ] ] ] } },
{ "type": "Feature", "properties": { "mesh_code": "533903181", "centroid_lat": 35.34375, "centroid_lon": 139.478125, "city_area_fraction": 0.99999999999999978, "centroid_within_city": true, "population": 2727, "elderly_population": 720.0, "reported_elderly_population": 720.0, "elderly_ratio": 0.264026402640264, "HTKSYORI": "0", "HTKSAKI": null, "GASSAN": null, "disclosure_status": "unaffected", "suppression_flag": false, "aggregation_target_flag": false, "aggregation_flag": false, "primary_eligible_disclosure": true, "nearest_station_name": "藤沢本町", "nearest_station_distance_m": 536.63637021990871, "nearest_bus_stop_name": "日本精工北門", "nearest_bus_stop_distance_m": 174.48218631296388, "nearest_public_transport_type": "bus_stop", "nearest_public_transport_name": "日本精工北門", "nearest_public_transport_distance_m": 174.48218631296388, "nearest_medical_name": "松井ヒフ科医院", "nearest_medical_distance_m": 42.339682209244316, "nearest_hospital_name": "藤沢市民病院", "nearest_medical_access_class": "likely_public", "nearest_hospital_distance_m": 845.00917855359671, "nearest_clinic_name": "松井ヒフ科医院", "nearest_clinic_distance_m": 42.339682209244316, "elderly_population_percentile": "0.8745247148288974", "elderly_ratio_percentile": "0.5741444866920152", "transport_distance_percentile": "0.4296577946768061", "medical_distance_percentile": "0.022813688212927757", "exploratory_score_a": "0.3757463603637468", "exploratory_score_b": "0.019951134178606025", "exploratory_score_c": "0.008572160312480917", "rank_a_unfiltered": "53", "rank_b_unfiltered": "247", "rank_c_unfiltered": "227", "pareto_frontier": "False", "eligibility_population_threshold": true, "eligibility_elderly_threshold": true, "primary_eligible": true, "rank": 227 }, "geometry": { "type": "Polygon", "coordinates": [ [ [ 139.475, 35.341666666666669 ], [ 139.48125, 35.341666666666669 ], [ 139.48125, 35.345833333333339 ], [ 139.475, 35.345833333333339 ], [ 139.475, 35.341666666666669 ] ] ] } },
{ "type": "Feature", "properties": { "mesh_code": "533903182", "centroid_lat": 35.34375, "centroid_lon": 139.484375, "city_area_fraction": 1.0, "centroid_within_city": true, "population": 4083, "elderly_population": 935.0, "reported_elderly_population": 935.0, "elderly_ratio": 0.22899828557433261, "HTKSYORI": "0", "HTKSAKI": null, "GASSAN": null, "disclosure_status": "unaffected", "suppression_flag": false, "aggregation_target_flag": false, "aggregation_flag": false, "primary_eligible_disclosure": true, "nearest_station_name": "藤沢", "nearest_station_distance_m": 576.50737272626748, "nearest_bus_stop_name": "藤沢小学校前", "nearest_bus_stop_distance_m": 54.485940654953325, "nearest_public_transport_type": "bus_stop", "nearest_public_transport_name": "藤沢小学校前", "nearest_public_transport_distance_m": 54.485940654953325, "nearest_medical_name": "医療生協かながわ生活協同組合藤沢診療所", "nearest_medical_distance_m": 149.68062804715333, "nearest_hospital_name": "藤沢市民病院", "nearest_medical_access_class": "likely_public", "nearest_hospital_distance_m": 797.39215789807622, "nearest_clinic_name": "医療生協かながわ生活協同組合藤沢診療所", "nearest_clinic_distance_m": 149.68062804715333, "elderly_population_percentile": "0.9543726235741445", "elderly_ratio_percentile": "0.33460076045627374", "transport_distance_percentile": "0.053231939163498096", "medical_distance_percentile": "0.19011406844106463", "exploratory_score_a": "0.05080310543740693", "exploratory_score_b": "0.18143966227645333", "exploratory_score_c": "0.009658385064145803", "rank_a_unfiltered": "215", "rank_b_unfiltered": "127", "rank_c_unfiltered": "225", "pareto_frontier": "False", "eligibility_population_threshold": true, "eligibility_elderly_threshold": true, "primary_eligible": true, "rank": 225 }, "geometry": { "type": "Polygon", "coordinates": [ [ [ 139.48125, 35.341666666666669 ], [ 139.4875, 35.341666666666669 ], [ 139.4875, 35.345833333333339 ], [ 139.48125, 35.345833333333339 ], [ 139.48125, 35.341666666666669 ] ] ] } },
{ "type": "Feature", "properties": { "mesh_code": "533903183", "centroid_lat": 35.347916666666677, "centroid_lon": 139.478125, "city_area_fraction": 1.0, "centroid_within_city": true, "population": 2935, "elderly_population": 512.0, "reported_elderly_population": 512.0, "elderly_ratio": 0.17444633730834752, "HTKSYORI": "0", "HTKSAKI": null, "GASSAN": null, "disclosure_status": "unaffected", "suppression_flag": false, "aggregation_target_flag": false, "aggregation_flag": false, "primary_eligible_disclosure": true, "nearest_station_name": "藤沢本町", "nearest_station_distance_m": 209.52901929162687, "nearest_bus_stop_name": "白旗交差点", "nearest_bus_stop_distance_m": 39.187860079563315, "nearest_public_transport_type": "bus_stop", "nearest_public_transport_name": "白旗交差点", "nearest_public_transport_distance_m": 39.187860079563315, "nearest_medical_name": "いけだ耳鼻咽喉科", "nearest_medical_distance_m": 86.676299690674881, "nearest_hospital_name": "藤沢市民病院", "nearest_medical_access_class": "likely_public", "nearest_hospital_distance_m": 466.77930047789397, "nearest_clinic_name": "いけだ耳鼻咽喉科", "nearest_clinic_distance_m": 86.676299690674881, "elderly_population_percentile": "0.6121673003802282", "elderly_ratio_percentile": "0.09885931558935361", "transport_distance_percentile": "0.030418250950570342", "medical_distance_percentile": "0.08365019011406843", "exploratory_score_a": "0.018621058566698954", "exploratory_score_b": "0.05120791105842212", "exploratory_score_c": "0.0015576550892295702", "rank_a_unfiltered": "247", "rank_b_unfiltered": "219", "rank_c_unfiltered": "257", "pareto_frontier": "False", "eligibility_population_threshold": true, "eligibility_elderly_threshold": true, "primary_eligible": true, "rank": 255 }, "geometry": { "type": "Polygon", "coordinates": [ [ [ 139.475, 35.345833333333339 ], [ 139.48125, 35.345833333333339 ], [ 139.48125, 35.35 ], [ 139.475, 35.35 ], [ 139.475, 35.345833333333339 ] ] ] } },
{ "type": "Feature", "properties": { "mesh_code": "533903184", "centroid_lat": 35.347916666666677, "centroid_lon": 139.484375, "city_area_fraction": 1.0, "centroid_within_city": true, "population": 2540, "elderly_population": 619.0, "reported_elderly_population": 619.0, "elderly_ratio": 0.2437007874015748, "HTKSYORI": "0", "HTKSAKI": null, "GASSAN": null, "disclosure_status": "unaffected", "suppression_flag": false, "aggregation_target_flag": false, "aggregation_flag": false, "primary_eligible_disclosure": true, "nearest_station_name": "藤沢本町", "nearest_station_distance_m": 775.70354945570773, "nearest_bus_stop_name": "藤沢公民館前", "nearest_bus_stop_distance_m": 111.90687645605529, "nearest_public_transport_type": "bus_stop", "nearest_public_transport_name": "藤沢公民館前", "nearest_public_transport_distance_m": 111.90687645605529, "nearest_medical_name": "後藤内科医院", "nearest_medical_distance_m": 152.35911455249447, "nearest_hospital_name": "藤沢市民病院", "nearest_medical_access_class": "likely_public", "nearest_hospital_distance_m": 373.73907332625271, "nearest_clinic_name": "後藤内科医院", "nearest_clinic_distance_m": 152.35911455249447, "elderly_population_percentile": "0.7414448669201521", "elderly_ratio_percentile": "0.44106463878326996", "transport_distance_percentile": "0.20152091254752852", "medical_distance_percentile": "0.19771863117870722", "exploratory_score_a": "0.14941664618542988", "exploratory_score_b": "0.1465974641819312", "exploratory_score_c": "0.029542454759096403", "rank_a_unfiltered": "148", "rank_b_unfiltered": "153", "rank_c_unfiltered": "184", "pareto_frontier": "False", "eligibility_population_threshold": true, "eligibility_elderly_threshold": true, "primary_eligible": true, "rank": 184 }, "geometry": { "type": "Polygon", "coordinates": [ [ [ 139.48125, 35.345833333333339 ], [ 139.4875, 35.345833333333339 ], [ 139.4875, 35.35 ], [ 139.48125, 35.35 ], [ 139.48125, 35.345833333333339 ] ] ] } },
{ "type": "Feature", "properties": { "mesh_code": "533903191", "centroid_lat": 35.34375, "centroid_lon": 139.490625, "city_area_fraction": 1.0000000000000002, "centroid_within_city": true, "population": 4777, "elderly_population": 1053.0, "reported_elderly_population": 1053.0, "elderly_ratio": 0.2204312329914172, "HTKSYORI": "0", "HTKSAKI": null, "GASSAN": null, "disclosure_status": "unaffected", "suppression_flag": false, "aggregation_target_flag": false, "aggregation_flag": false, "primary_eligible_disclosure": true, "nearest_station_name": "藤沢", "nearest_station_distance_m": 653.96555549271852, "nearest_bus_stop_name": "藤が岡2号", "nearest_bus_stop_distance_m": 56.450169045428979, "nearest_public_transport_type": "bus_stop", "nearest_public_transport_name": "藤が岡2号", "nearest_public_transport_distance_m": 56.450169045428979, "nearest_medical_name": "長谷内科医院", "nearest_medical_distance_m": 222.46529002022569, "nearest_hospital_name": "医療法人山内龍馬財団　山内病院", "nearest_medical_access_class": "likely_public", "nearest_hospital_distance_m": 667.36523016907324, "nearest_clinic_name": "長谷内科医院", "nearest_clinic_distance_m": 222.46529002022569, "elderly_population_percentile": "0.9771863117870723", "elderly_ratio_percentile": "0.2889733840304182", "transport_distance_percentile": "0.057034220532319393", "medical_distance_percentile": "0.3193916349809886", "exploratory_score_a": "0.0557330596076277", "exploratory_score_b": "0.3121051338027151", "exploratory_score_c": "0.017800673030573106", "rank_a_unfiltered": "208", "rank_b_unfiltered": "68", "rank_c_unfiltered": "215", "pareto_frontier": "False", "eligibility_population_threshold": true, "eligibility_elderly_threshold": true, "primary_eligible": true, "rank": 215 }, "geometry": { "type": "Polygon", "coordinates": [ [ [ 139.4875, 35.341666666666669 ], [ 139.49375, 35.341666666666669 ], [ 139.49375, 35.345833333333339 ], [ 139.4875, 35.345833333333339 ], [ 139.4875, 35.341666666666669 ] ] ] } },
{ "type": "Feature", "properties": { "mesh_code": "533903192", "centroid_lat": 35.34375, "centroid_lon": 139.496875, "city_area_fraction": 1.0, "centroid_within_city": true, "population": 4610, "elderly_population": 948.0, "reported_elderly_population": 948.0, "elderly_ratio": 0.20563991323210412, "HTKSYORI": "0", "HTKSAKI": null, "GASSAN": null, "disclosure_status": "unaffected", "suppression_flag": false, "aggregation_target_flag": false, "aggregation_flag": false, "primary_eligible_disclosure": true, "nearest_station_name": "藤沢", "nearest_station_distance_m": 1054.3173607907131, "nearest_bus_stop_name": "赤坂下", "nearest_bus_stop_distance_m": 93.140841175510047, "nearest_public_transport_type": "bus_stop", "nearest_public_transport_name": "赤坂下", "nearest_public_transport_distance_m": 93.140841175510047, "nearest_medical_name": "たかはしクリニック", "nearest_medical_distance_m": 14.102540127473651, "nearest_hospital_name": "医療法人山内龍馬財団　山内病院", "nearest_medical_access_class": "likely_public", "nearest_hospital_distance_m": 907.14115749894972, "nearest_clinic_name": "たかはしクリニック", "nearest_clinic_distance_m": 14.102540127473651, "elderly_population_percentile": "0.9619771863117871", "elderly_ratio_percentile": "0.21673003802281368", "transport_distance_percentile": "0.1482889733840304", "medical_distance_percentile": "0.0038022813688212928", "exploratory_score_a": "0.14265060937703306", "exploratory_score_b": "0.0036577079327444377", "exploratory_score_c": "0.0005423977542852968", "rank_a_unfiltered": "155", "rank_b_unfiltered": "261", "rank_c_unfiltered": "261", "pareto_frontier": "False", "eligibility_population_threshold": true, "eligibility_elderly_threshold": true, "primary_eligible": true, "rank": 259 }, "geometry": { "type": "Polygon", "coordinates": [ [ [ 139.49375, 35.341666666666669 ], [ 139.5, 35.341666666666669 ], [ 139.5, 35.345833333333339 ], [ 139.49375, 35.345833333333339 ], [ 139.49375, 35.341666666666669 ] ] ] } },
{ "type": "Feature", "properties": { "mesh_code": "533903193", "centroid_lat": 35.347916666666677, "centroid_lon": 139.490625, "city_area_fraction": 1.0, "centroid_within_city": true, "population": 2320, "elderly_population": 539.0, "reported_elderly_population": 539.0, "elderly_ratio": 0.23232758620689656, "HTKSYORI": "0", "HTKSAKI": null, "GASSAN": null, "disclosure_status": "unaffected", "suppression_flag": false, "aggregation_target_flag": false, "aggregation_flag": false, "primary_eligible_disclosure": true, "nearest_station_name": "藤沢", "nearest_station_distance_m": 1077.4813865878252, "nearest_bus_stop_name": "山王神社前", "nearest_bus_stop_distance_m": 179.48871155234224, "nearest_public_transport_type": "bus_stop", "nearest_public_transport_name": "山王神社前", "nearest_public_transport_distance_m": 179.48871155234224, "nearest_medical_name": "海部胃腸内科医院", "nearest_medical_distance_m": 460.21621943393779, "nearest_hospital_name": "藤沢市民病院", "nearest_medical_access_class": "likely_public", "nearest_hospital_distance_m": 840.75979683068817, "nearest_clinic_name": "海部胃腸内科医院", "nearest_clinic_distance_m": 460.21621943393779, "elderly_population_percentile": "0.6520912547528517", "elderly_ratio_percentile": "0.3574144486692015", "transport_distance_percentile": "0.45627376425855515", "medical_distance_percentile": "0.7300380228136882", "exploratory_score_a": "0.2975321314461681", "exploratory_score_b": "0.47605141031386894", "exploratory_score_c": "0.21720976896450295", "rank_a_unfiltered": "83", "rank_b_unfiltered": "19", "rank_c_unfiltered": "38", "pareto_frontier": "False", "eligibility_population_threshold": true, "eligibility_elderly_threshold": true, "primary_eligible": true, "rank": 38 }, "geometry": { "type": "Polygon", "coordinates": [ [ [ 139.4875, 35.345833333333339 ], [ 139.49375, 35.345833333333339 ], [ 139.49375, 35.35 ], [ 139.4875, 35.35 ], [ 139.4875, 35.345833333333339 ] ] ] } },
{ "type": "Feature", "properties": { "mesh_code": "533903194", "centroid_lat": 35.347916666666677, "centroid_lon": 139.496875, "city_area_fraction": 1.0, "centroid_within_city": true, "population": 2207, "elderly_population": 647.0, "reported_elderly_population": 647.0, "elderly_ratio": 0.29315813321250567, "HTKSYORI": "0", "HTKSAKI": null, "GASSAN": null, "disclosure_status": "unaffected", "suppression_flag": false, "aggregation_target_flag": false, "aggregation_flag": false, "primary_eligible_disclosure": true, "nearest_station_name": "藤沢", "nearest_station_distance_m": 1361.459972042451, "nearest_bus_stop_name": "藤が岡8号", "nearest_bus_stop_distance_m": 62.576826281260274, "nearest_public_transport_type": "bus_stop", "nearest_public_transport_name": "藤が岡8号", "nearest_public_transport_distance_m": 62.576826281260274, "nearest_medical_name": "藤が岡皮膚科", "nearest_medical_distance_m": 76.667145881564295, "nearest_hospital_name": "医療法人山内龍馬財団　山内病院", "nearest_medical_access_class": "likely_public", "nearest_hospital_distance_m": 1285.2632788866219, "nearest_clinic_name": "藤が岡皮膚科", "nearest_clinic_distance_m": 76.667145881564295, "elderly_population_percentile": "0.8022813688212928", "elderly_ratio_percentile": "0.7110266159695817", "transport_distance_percentile": "0.06844106463878327", "medical_distance_percentile": "0.06463878326996197", "exploratory_score_a": "0.05490899102198962", "exploratory_score_b": "0.05185849152076797", "exploratory_score_c": "0.003549250370242675", "rank_a_unfiltered": "209", "rank_b_unfiltered": "218", "rank_c_unfiltered": "251", "pareto_frontier": "False", "eligibility_population_threshold": true, "eligibility_elderly_threshold": true, "primary_eligible": true, "rank": 251 }, "geometry": { "type": "Polygon", "coordinates": [ [ [ 139.49375, 35.345833333333339 ], [ 139.5, 35.345833333333339 ], [ 139.5, 35.35 ], [ 139.49375, 35.35 ], [ 139.49375, 35.345833333333339 ] ] ] } },
{ "type": "Feature", "properties": { "mesh_code": "533903242", "centroid_lat": 35.35208333333334, "centroid_lon": 139.434375, "city_area_fraction": 0.0010983621474347641, "centroid_within_city": false, "population": 457, "elderly_population": 186.0, "reported_elderly_population": 186.0, "elderly_ratio": 0.40700218818380746, "HTKSYORI": "0", "HTKSAKI": null, "GASSAN": null, "disclosure_status": "unaffected", "suppression_flag": false, "aggregation_target_flag": false, "aggregation_flag": false, "primary_eligible_disclosure": true, "nearest_station_name": "辻堂", "nearest_station_distance_m": 1988.6330230042997, "nearest_bus_stop_name": "有藤", "nearest_bus_stop_distance_m": 852.52917653261181, "nearest_public_transport_type": "bus_stop", "nearest_public_transport_name": "有藤", "nearest_public_transport_distance_m": 852.52917653261181, "nearest_medical_name": "特別養護老人ホームかりん医務室", "nearest_medical_distance_m": 874.39726721947807, "nearest_hospital_name": "医療法人徳洲会　湘南藤沢徳洲会病院", "nearest_medical_access_class": "uncertain_access", "nearest_hospital_distance_m": 1566.234978709567, "nearest_clinic_name": "特別養護老人ホームかりん医務室", "nearest_clinic_distance_m": 874.39726721947807, "elderly_population_percentile": "<NA>", "elderly_ratio_percentile": "<NA>", "transport_distance_percentile": "<NA>", "medical_distance_percentile": "<NA>", "exploratory_score_a": "<NA>", "exploratory_score_b": "<NA>", "exploratory_score_c": "<NA>", "rank_a_unfiltered": "<NA>", "rank_b_unfiltered": "<NA>", "rank_c_unfiltered": "<NA>", "pareto_frontier": "<NA>", "eligibility_population_threshold": true, "eligibility_elderly_threshold": true, "primary_eligible": false, "rank": null }, "geometry": { "type": "Polygon", "coordinates": [ [ [ 139.43125, 35.35 ], [ 139.4375, 35.35 ], [ 139.4375, 35.354166666666671 ], [ 139.43125, 35.354166666666671 ], [ 139.43125, 35.35 ] ] ] } },
{ "type": "Feature", "properties": { "mesh_code": "533903244", "centroid_lat": 35.35625, "centroid_lon": 139.434375, "city_area_fraction": 0.11563927900225321, "centroid_within_city": false, "population": 11, "elderly_population": 2.0, "reported_elderly_population": 2.0, "elderly_ratio": 0.18181818181818182, "HTKSYORI": "0", "HTKSAKI": null, "GASSAN": null, "disclosure_status": "unaffected", "suppression_flag": false, "aggregation_target_flag": false, "aggregation_flag": false, "primary_eligible_disclosure": true, "nearest_station_name": "辻堂", "nearest_station_distance_m": 2393.905233937001, "nearest_bus_stop_name": "西高校前", "nearest_bus_stop_distance_m": 753.47759437858565, "nearest_public_transport_type": "bus_stop", "nearest_public_transport_name": "西高校前", "nearest_public_transport_distance_m": 753.47759437858565, "nearest_medical_name": "石井小児科医院", "nearest_medical_distance_m": 985.6212516340446, "nearest_hospital_name": "村田会湘南大庭病院", "nearest_medical_access_class": "likely_public", "nearest_hospital_distance_m": 1835.2022761486414, "nearest_clinic_name": "石井小児科医院", "nearest_clinic_distance_m": 985.6212516340446, "elderly_population_percentile": "<NA>", "elderly_ratio_percentile": "<NA>", "transport_distance_percentile": "<NA>", "medical_distance_percentile": "<NA>", "exploratory_score_a": "<NA>", "exploratory_score_b": "<NA>", "exploratory_score_c": "<NA>", "rank_a_unfiltered": "<NA>", "rank_b_unfiltered": "<NA>", "rank_c_unfiltered": "<NA>", "pareto_frontier": "<NA>", "eligibility_population_threshold": false, "eligibility_elderly_threshold": false, "primary_eligible": false, "rank": null }, "geometry": { "type": "Polygon", "coordinates": [ [ [ 139.43125, 35.354166666666671 ], [ 139.4375, 35.354166666666671 ], [ 139.4375, 35.358333333333341 ], [ 139.43125, 35.358333333333341 ], [ 139.43125, 35.354166666666671 ] ] ] } },
{ "type": "Feature", "properties": { "mesh_code": "533903251", "centroid_lat": 35.35208333333334, "centroid_lon": 139.440625, "city_area_fraction": 0.64550687096733728, "centroid_within_city": true, "population": 327, "elderly_population": 92.0, "reported_elderly_population": 92.0, "elderly_ratio": 0.28134556574923547, "HTKSYORI": "0", "HTKSAKI": null, "GASSAN": null, "disclosure_status": "unaffected", "suppression_flag": false, "aggregation_target_flag": false, "aggregation_flag": false, "primary_eligible_disclosure": true, "nearest_station_name": "辻堂", "nearest_station_distance_m": 1756.9269325046378, "nearest_bus_stop_name": "有藤", "nearest_bus_stop_distance_m": 316.036273056087, "nearest_public_transport_type": "bus_stop", "nearest_public_transport_name": "有藤", "nearest_public_transport_distance_m": 316.036273056087, "nearest_medical_name": "特別養護老人ホームかりん医務室", "nearest_medical_distance_m": 504.28247862179427, "nearest_hospital_name": "医療法人徳洲会　湘南藤沢徳洲会病院", "nearest_medical_access_class": "uncertain_access", "nearest_hospital_distance_m": 1285.6830494397871, "nearest_clinic_name": "特別養護老人ホームかりん医務室", "nearest_clinic_distance_m": 504.28247862179427, "elderly_population_percentile": "0.19011406844106463", "elderly_ratio_percentile": "0.6615969581749049", "transport_distance_percentile": "0.779467680608365", "medical_distance_percentile": "0.7756653992395437", "exploratory_score_a": "0.1481877719787766", "exploratory_score_b": "0.14746490479839233", "exploratory_score_c": "0.11494412731433623", "rank_a_unfiltered": "149", "rank_b_unfiltered": "151", "rank_c_unfiltered": "96", "pareto_frontier": "False", "eligibility_population_threshold": true, "eligibility_elderly_threshold": true, "primary_eligible": true, "rank": 96 }, "geometry": { "type": "Polygon", "coordinates": [ [ [ 139.4375, 35.35 ], [ 139.44375, 35.35 ], [ 139.44375, 35.354166666666671 ], [ 139.4375, 35.354166666666671 ], [ 139.4375, 35.35 ] ] ] } },
{ "type": "Feature", "properties": { "mesh_code": "533903252", "centroid_lat": 35.35208333333334, "centroid_lon": 139.446875, "city_area_fraction": 1.0000000000000002, "centroid_within_city": true, "population": 537, "elderly_population": 211.0, "reported_elderly_population": 211.0, "elderly_ratio": 0.3929236499068901, "HTKSYORI": "0", "HTKSAKI": null, "GASSAN": null, "disclosure_status": "unaffected", "suppression_flag": false, "aggregation_target_flag": false, "aggregation_flag": false, "primary_eligible_disclosure": true, "nearest_station_name": "辻堂", "nearest_station_distance_m": 1692.4546707969921, "nearest_bus_stop_name": "有藤", "nearest_bus_stop_distance_m": 343.94494742783024, "nearest_public_transport_type": "bus_stop", "nearest_public_transport_name": "有藤", "nearest_public_transport_distance_m": 343.94494742783024, "nearest_medical_name": "特別養護老人ホームかりん医務室", "nearest_medical_distance_m": 624.03803565925546, "nearest_hospital_name": "湘南中央病院", "nearest_medical_access_class": "uncertain_access", "nearest_hospital_distance_m": 1058.8811355429084, "nearest_clinic_name": "特別養護老人ホームかりん医務室", "nearest_clinic_distance_m": 624.03803565925546, "elderly_population_percentile": "0.3650190114068441", "elderly_ratio_percentile": "0.9239543726235742", "transport_distance_percentile": "0.8212927756653993", "medical_distance_percentile": "0.8669201520912547", "exploratory_score_a": "0.299787477048967", "exploratory_score_b": "0.31644233688502077", "exploratory_score_c": "0.25989180519834404", "rank_a_unfiltered": "80", "rank_b_unfiltered": "63", "rank_c_unfiltered": "25", "pareto_frontier": "False", "eligibility_population_threshold": true, "eligibility_elderly_threshold": true, "primary_eligible": true, "rank": 25 }, "geometry": { "type": "Polygon", "coordinates": [ [ [ 139.44375, 35.35 ], [ 139.45, 35.35 ], [ 139.45, 35.354166666666671 ], [ 139.44375, 35.354166666666671 ], [ 139.44375, 35.35 ] ] ] } },
{ "type": "Feature", "properties": { "mesh_code": "533903253", "centroid_lat": 35.35625, "centroid_lon": 139.440625, "city_area_fraction": 1.0, "centroid_within_city": true, "population": 684, "elderly_population": 363.0, "reported_elderly_population": 363.0, "elderly_ratio": 0.5307017543859649, "HTKSYORI": "0", "HTKSAKI": null, "GASSAN": null, "disclosure_status": "unaffected", "suppression_flag": false, "aggregation_target_flag": false, "aggregation_flag": false, "primary_eligible_disclosure": true, "nearest_station_name": "辻堂", "nearest_station_distance_m": 2205.2113044905932, "nearest_bus_stop_name": "西高校前", "nearest_bus_stop_distance_m": 185.46428344706231, "nearest_public_transport_type": "bus_stop", "nearest_public_transport_name": "西高校前", "nearest_public_transport_distance_m": 185.46428344706231, "nearest_medical_name": "医療法人社団関根耳鼻咽喉科医院", "nearest_medical_distance_m": 459.60097717041913, "nearest_hospital_name": "村田会湘南大庭病院", "nearest_medical_access_class": "likely_public", "nearest_hospital_distance_m": 1451.6979220029702, "nearest_clinic_name": "医療法人社団関根耳鼻咽喉科医院", "nearest_clinic_distance_m": 459.60097717041913, "elderly_population_percentile": "0.4828897338403042", "elderly_ratio_percentile": "0.9961977186311787", "transport_distance_percentile": "0.4866920152091255", "medical_distance_percentile": "0.7262357414448669", "exploratory_score_a": "0.2350185776865359", "exploratory_score_b": "0.35069178389162775", "exploratory_score_c": "0.17067889101949946", "rank_a_unfiltered": "102", "rank_b_unfiltered": "51", "rank_c_unfiltered": "60", "pareto_frontier": "False", "eligibility_population_threshold": true, "eligibility_elderly_threshold": true, "primary_eligible": true, "rank": 60 }, "geometry": { "type": "Polygon", "coordinates": [ [ [ 139.4375, 35.354166666666671 ], [ 139.44375, 35.354166666666671 ], [ 139.44375, 35.358333333333341 ], [ 139.4375, 35.358333333333341 ], [ 139.4375, 35.354166666666671 ] ] ] } },
{ "type": "Feature", "properties": { "mesh_code": "533903254", "centroid_lat": 35.35625, "centroid_lon": 139.446875, "city_area_fraction": 1.0000000000000002, "centroid_within_city": true, "population": 2305, "elderly_population": 896.0, "reported_elderly_population": 896.0, "elderly_ratio": 0.38872017353579175, "HTKSYORI": "0", "HTKSAKI": null, "GASSAN": null, "disclosure_status": "unaffected", "suppression_flag": false, "aggregation_target_flag": false, "aggregation_flag": false, "primary_eligible_disclosure": true, "nearest_station_name": "辻堂", "nearest_station_distance_m": 2154.2000850539307, "nearest_bus_stop_name": "西高校前", "nearest_bus_stop_distance_m": 382.56679897018529, "nearest_public_transport_type": "bus_stop", "nearest_public_transport_name": "西高校前", "nearest_public_transport_distance_m": 382.56679897018529, "nearest_medical_name": "医療法人社団関根耳鼻咽喉科医院", "nearest_medical_distance_m": 259.65776999257866, "nearest_hospital_name": "村田会湘南大庭病院", "nearest_medical_access_class": "likely_public", "nearest_hospital_distance_m": 1221.5125948048674, "nearest_clinic_name": "医療法人社団関根耳鼻咽喉科医院", "nearest_clinic_distance_m": 259.65776999257866, "elderly_population_percentile": "0.9429657794676806", "elderly_ratio_percentile": "0.9011406844106464", "transport_distance_percentile": "0.8745247148288974", "medical_distance_percentile": "0.3840304182509506", "exploratory_score_a": "0.8246468793823822", "exploratory_score_b": "0.362127542685307", "exploratory_score_c": "0.31668948599855745", "rank_a_unfiltered": "2", "rank_b_unfiltered": "48", "rank_c_unfiltered": "18", "pareto_frontier": "False", "eligibility_population_threshold": true, "eligibility_elderly_threshold": true, "primary_eligible": true, "rank": 18 }, "geometry": { "type": "Polygon", "coordinates": [ [ [ 139.44375, 35.354166666666671 ], [ 139.45, 35.354166666666671 ], [ 139.45, 35.358333333333341 ], [ 139.44375, 35.358333333333341 ], [ 139.44375, 35.354166666666671 ] ] ] } },
{ "type": "Feature", "properties": { "mesh_code": "533903261", "centroid_lat": 35.35208333333334, "centroid_lon": 139.453125, "city_area_fraction": 1.0, "centroid_within_city": true, "population": 138, "elderly_population": 41.0, "reported_elderly_population": 41.0, "elderly_ratio": 0.29710144927536231, "HTKSYORI": "0", "HTKSAKI": null, "GASSAN": null, "disclosure_status": "unaffected", "suppression_flag": false, "aggregation_target_flag": false, "aggregation_flag": false, "primary_eligible_disclosure": true, "nearest_station_name": "辻堂", "nearest_station_distance_m": 1813.1442411285987, "nearest_bus_stop_name": "大六天", "nearest_bus_stop_distance_m": 203.0404327368222, "nearest_public_transport_type": "bus_stop", "nearest_public_transport_name": "大六天", "nearest_public_transport_distance_m": 203.0404327368222, "nearest_medical_name": "四ツ谷クリニック", "nearest_medical_distance_m": 733.02055697843628, "nearest_hospital_name": "湘南中央病院", "nearest_medical_access_class": "likely_public", "nearest_hospital_distance_m": 1076.0171086481009, "nearest_clinic_name": "四ツ谷クリニック", "nearest_clinic_distance_m": 733.02055697843628, "elderly_population_percentile": "0.07604562737642585", "elderly_ratio_percentile": "0.7338403041825095", "transport_distance_percentile": "0.5475285171102662", "medical_distance_percentile": "0.935361216730038", "exploratory_score_a": "0.04163714959013431", "exploratory_score_b": "0.07113013054981278", "exploratory_score_c": "0.03894577490179863", "rank_a_unfiltered": "220", "rank_b_unfiltered": "210", "rank_c_unfiltered": "168", "pareto_frontier": "False", "eligibility_population_threshold": true, "eligibility_elderly_threshold": true, "primary_eligible": true, "rank": 168 }, "geometry": { "type": "Polygon", "coordinates": [ [ [ 139.45, 35.35 ], [ 139.45625, 35.35 ], [ 139.45625, 35.354166666666671 ], [ 139.45, 35.354166666666671 ], [ 139.45, 35.35 ] ] ] } },
{ "type": "Feature", "properties": { "mesh_code": "533903262", "centroid_lat": 35.35208333333334, "centroid_lon": 139.459375, "city_area_fraction": 1.0, "centroid_within_city": true, "population": 817, "elderly_population": 164.0, "reported_elderly_population": 164.0, "elderly_ratio": 0.200734394124847, "HTKSYORI": "0", "HTKSAKI": null, "GASSAN": null, "disclosure_status": "unaffected", "suppression_flag": false, "aggregation_target_flag": false, "aggregation_flag": false, "primary_eligible_disclosure": true, "nearest_station_name": "藤沢本町", "nearest_station_distance_m": 1557.5992388992288, "nearest_bus_stop_name": "観音坂下", "nearest_bus_stop_distance_m": 218.86926881383786, "nearest_public_transport_type": "bus_stop", "nearest_public_transport_name": "観音坂下", "nearest_public_transport_distance_m": 218.86926881383786, "nearest_medical_name": "荏原製作所藤沢事業所診療所", "nearest_medical_distance_m": 686.97983023635231, "nearest_hospital_name": "湘南中央病院", "nearest_medical_access_class": "uncertain_access", "nearest_hospital_distance_m": 1356.4021664707514, "nearest_clinic_name": "荏原製作所藤沢事業所診療所", "nearest_clinic_distance_m": 686.97983023635231, "elderly_population_percentile": "0.30038022813688214", "elderly_ratio_percentile": "0.20152091254752852", "transport_distance_percentile": "0.5665399239543726", "medical_distance_percentile": "0.908745247148289", "exploratory_score_a": "0.1701773916060663", "exploratory_score_b": "0.27296910465671037", "exploratory_score_c": "0.15464789579410587", "rank_a_unfiltered": "135", "rank_b_unfiltered": "84", "rank_c_unfiltered": "66", "pareto_frontier": "False", "eligibility_population_threshold": true, "eligibility_elderly_threshold": true, "primary_eligible": true, "rank": 66 }, "geometry": { "type": "Polygon", "coordinates": [ [ [ 139.45625, 35.35 ], [ 139.4625, 35.35 ], [ 139.4625, 35.354166666666671 ], [ 139.45625, 35.354166666666671 ], [ 139.45625, 35.35 ] ] ] } },
{ "type": "Feature", "properties": { "mesh_code": "533903263", "centroid_lat": 35.35625, "centroid_lon": 139.453125, "city_area_fraction": 1.0, "centroid_within_city": true, "population": 331, "elderly_population": 81.0, "reported_elderly_population": 81.0, "elderly_ratio": 0.24471299093655588, "HTKSYORI": "0", "HTKSAKI": null, "GASSAN": null, "disclosure_status": "unaffected", "suppression_flag": false, "aggregation_target_flag": false, "aggregation_flag": false, "primary_eligible_disclosure": true, "nearest_station_name": "善行", "nearest_station_distance_m": 1961.6316746876396, "nearest_bus_stop_name": "舟地蔵", "nearest_bus_stop_distance_m": 169.38844891450026, "nearest_public_transport_type": "bus_stop", "nearest_public_transport_name": "舟地蔵", "nearest_public_transport_distance_m": 169.38844891450026, "nearest_medical_name": "医療法人社団栄友会　湘南ゆずクリニック", "nearest_medical_distance_m": 354.33870905646114, "nearest_hospital_name": "村田会湘南大庭病院", "nearest_medical_access_class": "likely_public", "nearest_hospital_distance_m": 1233.6794236429052, "nearest_clinic_name": "医療法人社団栄友会　湘南ゆずクリニック", "nearest_clinic_distance_m": 354.33870905646114, "elderly_population_percentile": "0.16730038022813687", "elderly_ratio_percentile": "0.4524714828897338", "transport_distance_percentile": "0.41064638783269963", "medical_distance_percentile": "0.5665399239543726", "exploratory_score_a": "0.0687012968237216", "exploratory_score_b": "0.09478234469198628", "exploratory_score_c": "0.03892202747807801", "rank_a_unfiltered": "199", "rank_b_unfiltered": "190", "rank_c_unfiltered": "169", "pareto_frontier": "False", "eligibility_population_threshold": true, "eligibility_elderly_threshold": true, "primary_eligible": true, "rank": 169 }, "geometry": { "type": "Polygon", "coordinates": [ [ [ 139.45, 35.354166666666671 ], [ 139.45625, 35.354166666666671 ], [ 139.45625, 35.358333333333341 ], [ 139.45, 35.358333333333341 ], [ 139.45, 35.354166666666671 ] ] ] } },
{ "type": "Feature", "properties": { "mesh_code": "533903264", "centroid_lat": 35.35625, "centroid_lon": 139.459375, "city_area_fraction": 1.0, "centroid_within_city": true, "population": 17, "elderly_population": 5.0, "reported_elderly_population": 5.0, "elderly_ratio": 0.29411764705882354, "HTKSYORI": "0", "HTKSAKI": null, "GASSAN": null, "disclosure_status": "unaffected", "suppression_flag": false, "aggregation_target_flag": false, "aggregation_flag": false, "primary_eligible_disclosure": true, "nearest_station_name": "善行", "nearest_station_distance_m": 1445.8694799390444, "nearest_bus_stop_name": "老人センター", "nearest_bus_stop_distance_m": 364.66261965046294, "nearest_public_transport_type": "bus_stop", "nearest_public_transport_name": "老人センター", "nearest_public_transport_distance_m": 364.66261965046294, "nearest_medical_name": "荏原製作所藤沢事業所診療所", "nearest_medical_distance_m": 291.07626369030947, "nearest_hospital_name": "村田会湘南大庭病院", "nearest_medical_access_class": "uncertain_access", "nearest_hospital_distance_m": 1482.2420909638074, "nearest_clinic_name": "荏原製作所藤沢事業所診療所", "nearest_clinic_distance_m": 291.07626369030947, "elderly_population_percentile": "0.0076045627376425855", "elderly_ratio_percentile": "0.7167300380228137", "transport_distance_percentile": "0.8555133079847909", "medical_distance_percentile": "0.44866920152091255", "exploratory_score_a": "0.006505804623458486", "exploratory_score_b": "0.0034119330914137835", "exploratory_score_c": "0.00291895416565818", "rank_a_unfiltered": "259", "rank_b_unfiltered": "262", "rank_c_unfiltered": "252", "pareto_frontier": "False", "eligibility_population_threshold": false, "eligibility_elderly_threshold": false, "primary_eligible": false, "rank": null }, "geometry": { "type": "Polygon", "coordinates": [ [ [ 139.45625, 35.354166666666671 ], [ 139.4625, 35.354166666666671 ], [ 139.4625, 35.358333333333341 ], [ 139.45625, 35.358333333333341 ], [ 139.45625, 35.354166666666671 ] ] ] } },
{ "type": "Feature", "properties": { "mesh_code": "533903271", "centroid_lat": 35.35208333333334, "centroid_lon": 139.465625, "city_area_fraction": 0.99999999999999978, "centroid_within_city": true, "population": 3146, "elderly_population": 459.0, "reported_elderly_population": 459.0, "elderly_ratio": 0.14589955499046409, "HTKSYORI": "0", "HTKSAKI": null, "GASSAN": null, "disclosure_status": "unaffected", "suppression_flag": false, "aggregation_target_flag": false, "aggregation_flag": false, "primary_eligible_disclosure": true, "nearest_station_name": "藤沢本町", "nearest_station_distance_m": 1023.5927571836085, "nearest_bus_stop_name": "中郷", "nearest_bus_stop_distance_m": 270.3600681716386, "nearest_public_transport_type": "bus_stop", "nearest_public_transport_name": "中郷", "nearest_public_transport_distance_m": 270.3600681716386, "nearest_medical_name": "藤沢本町ファミリークリニック", "nearest_medical_distance_m": 733.09071437769489, "nearest_hospital_name": "湘南長寿園病院", "nearest_medical_access_class": "likely_public", "nearest_hospital_distance_m": 1321.469391812866, "nearest_clinic_name": "藤沢本町ファミリークリニック", "nearest_clinic_distance_m": 733.09071437769489, "elderly_population_percentile": "0.5665399239543726", "elderly_ratio_percentile": "0.030418250950570342", "transport_distance_percentile": "0.714828897338403", "medical_distance_percentile": "0.9391634980988594", "exploratory_score_a": "0.4049791091384869", "exploratory_score_b": "0.5320736167936503", "exploratory_score_c": "0.3803415967954611", "rank_a_unfiltered": "48", "rank_b_unfiltered": "14", "rank_c_unfiltered": "10", "pareto_frontier": "False", "eligibility_population_threshold": true, "eligibility_elderly_threshold": true, "primary_eligible": true, "rank": 10 }, "geometry": { "type": "Polygon", "coordinates": [ [ [ 139.4625, 35.35 ], [ 139.46875, 35.35 ], [ 139.46875, 35.354166666666671 ], [ 139.4625, 35.354166666666671 ], [ 139.4625, 35.35 ] ] ] } },
{ "type": "Feature", "properties": { "mesh_code": "533903272", "centroid_lat": 35.35208333333334, "centroid_lon": 139.471875, "city_area_fraction": 1.0, "centroid_within_city": true, "population": 2717, "elderly_population": 715.0, "reported_elderly_population": 715.0, "elderly_ratio": 0.26315789473684209, "HTKSYORI": "0", "HTKSAKI": null, "GASSAN": null, "disclosure_status": "unaffected", "suppression_flag": false, "aggregation_target_flag": false, "aggregation_flag": false, "primary_eligible_disclosure": true, "nearest_station_name": "藤沢本町", "nearest_station_distance_m": 561.03102339549912, "nearest_bus_stop_name": "修道院下", "nearest_bus_stop_distance_m": 52.941695252419784, "nearest_public_transport_type": "bus_stop", "nearest_public_transport_name": "修道院下", "nearest_public_transport_distance_m": 52.941695252419784, "nearest_medical_name": "藤沢本町ファミリークリニック", "nearest_medical_distance_m": 193.60404842006912, "nearest_hospital_name": "湘南長寿園病院", "nearest_medical_access_class": "likely_public", "nearest_hospital_distance_m": 754.65744219553324, "nearest_clinic_name": "藤沢本町ファミリークリニック", "nearest_clinic_distance_m": 193.60404842006912, "elderly_population_percentile": "0.870722433460076", "elderly_ratio_percentile": "0.5627376425855514", "transport_distance_percentile": "0.045627376425855515", "medical_distance_percentile": "0.2737642585551331", "exploratory_score_a": "0.03972878023391982", "exploratory_score_b": "0.23837268140351892", "exploratory_score_c": "0.010876320064038885", "rank_a_unfiltered": "223", "rank_b_unfiltered": "103", "rank_c_unfiltered": "222", "pareto_frontier": "False", "eligibility_population_threshold": true, "eligibility_elderly_threshold": true, "primary_eligible": true, "rank": 222 }, "geometry": { "type": "Polygon", "coordinates": [ [ [ 139.46875, 35.35 ], [ 139.475, 35.35 ], [ 139.475, 35.354166666666671 ], [ 139.46875, 35.354166666666671 ], [ 139.46875, 35.35 ] ] ] } },
{ "type": "Feature", "properties": { "mesh_code": "533903273", "centroid_lat": 35.35625, "centroid_lon": 139.465625, "city_area_fraction": 1.0, "centroid_within_city": true, "population": 481, "elderly_population": 90.0, "reported_elderly_population": 90.0, "elderly_ratio": 0.18711018711018712, "HTKSYORI": "0", "HTKSAKI": null, "GASSAN": null, "disclosure_status": "unaffected", "suppression_flag": false, "aggregation_target_flag": false, "aggregation_flag": false, "primary_eligible_disclosure": true, "nearest_station_name": "善行", "nearest_station_distance_m": 989.09982483059207, "nearest_bus_stop_name": "関東航空前", "nearest_bus_stop_distance_m": 174.62778357704263, "nearest_public_transport_type": "bus_stop", "nearest_public_transport_name": "関東航空前", "nearest_public_transport_distance_m": 174.62778357704263, "nearest_medical_name": "荏原製作所藤沢事業所診療所", "nearest_medical_distance_m": 393.25911825255014, "nearest_hospital_name": "湘南長寿園病院", "nearest_medical_access_class": "uncertain_access", "nearest_hospital_distance_m": 1378.0663956025685, "nearest_clinic_name": "荏原製作所藤沢事業所診療所", "nearest_clinic_distance_m": 393.25911825255014, "elderly_population_percentile": "0.18250950570342206", "elderly_ratio_percentile": "0.1444866920152091", "transport_distance_percentile": "0.43346007604562736", "medical_distance_percentile": "0.6349809885931559", "exploratory_score_a": "0.07911058422125519", "exploratory_score_b": "0.11589006635920716", "exploratory_score_c": "0.05023371697699474", "rank_a_unfiltered": "189", "rank_b_unfiltered": "171", "rank_c_unfiltered": "154", "pareto_frontier": "False", "eligibility_population_threshold": true, "eligibility_elderly_threshold": true, "primary_eligible": true, "rank": 154 }, "geometry": { "type": "Polygon", "coordinates": [ [ [ 139.4625, 35.354166666666671 ], [ 139.46875, 35.354166666666671 ], [ 139.46875, 35.358333333333341 ], [ 139.4625, 35.358333333333341 ], [ 139.4625, 35.354166666666671 ] ] ] } },
{ "type": "Feature", "properties": { "mesh_code": "533903274", "centroid_lat": 35.35625, "centroid_lon": 139.471875, "city_area_fraction": 0.99999999999999978, "centroid_within_city": true, "population": 2771, "elderly_population": 835.0, "reported_elderly_population": 835.0, "elderly_ratio": 0.30133525802959221, "HTKSYORI": "0", "HTKSAKI": null, "GASSAN": null, "disclosure_status": "unaffected", "suppression_flag": false, "aggregation_target_flag": false, "aggregation_flag": false, "primary_eligible_disclosure": true, "nearest_station_name": "善行", "nearest_station_distance_m": 715.07876561834973, "nearest_bus_stop_name": "善行", "nearest_bus_stop_distance_m": 166.95109311343472, "nearest_public_transport_type": "bus_stop", "nearest_public_transport_name": "善行", "nearest_public_transport_distance_m": 166.95109311343472, "nearest_medical_name": "本藤沢内科クリニック", "nearest_medical_distance_m": 260.95881802157021, "nearest_hospital_name": "湘南長寿園病院", "nearest_medical_access_class": "likely_public", "nearest_hospital_distance_m": 849.91403342991907, "nearest_clinic_name": "本藤沢内科クリニック", "nearest_clinic_distance_m": 260.95881802157021, "elderly_population_percentile": "0.9277566539923955", "elderly_ratio_percentile": "0.752851711026616", "transport_distance_percentile": "0.39923954372623577", "medical_distance_percentile": "0.39543726235741444", "exploratory_score_a": "0.37039714322890316", "exploratory_score_b": "0.36686955138862787", "exploratory_score_c": "0.1464688323034446", "rank_a_unfiltered": "58", "rank_b_unfiltered": "44", "rank_c_unfiltered": "73", "pareto_frontier": "False", "eligibility_population_threshold": true, "eligibility_elderly_threshold": true, "primary_eligible": true, "rank": 73 }, "geometry": { "type": "Polygon", "coordinates": [ [ [ 139.46875, 35.354166666666671 ], [ 139.475, 35.354166666666671 ], [ 139.475, 35.358333333333341 ], [ 139.46875, 35.358333333333341 ], [ 139.46875, 35.354166666666671 ] ] ] } },
{ "type": "Feature", "properties": { "mesh_code": "533903281", "centroid_lat": 35.35208333333334, "centroid_lon": 139.478125, "city_area_fraction": 1.0000000000000002, "centroid_within_city": true, "population": 3186, "elderly_population": 823.0, "reported_elderly_population": 823.0, "elderly_ratio": 0.25831763967357185, "HTKSYORI": "0", "HTKSAKI": null, "GASSAN": null, "disclosure_status": "unaffected", "suppression_flag": false, "aggregation_target_flag": false, "aggregation_flag": false, "primary_eligible_disclosure": true, "nearest_station_name": "藤沢本町", "nearest_station_distance_m": 476.60834869614081, "nearest_bus_stop_name": "白旗神社前", "nearest_bus_stop_distance_m": 268.25425724320564, "nearest_public_transport_type": "bus_stop", "nearest_public_transport_name": "白旗神社前", "nearest_public_transport_distance_m": 268.25425724320564, "nearest_medical_name": "湘南長寿園病院", "nearest_medical_distance_m": 195.15401340658525, "nearest_hospital_name": "湘南長寿園病院", "nearest_medical_access_class": "likely_public", "nearest_hospital_distance_m": 195.15401340658525, "nearest_clinic_name": "白旗なのはなクリニック", "nearest_clinic_distance_m": 315.70471363116405, "elderly_population_percentile": "0.9182509505703422", "elderly_ratio_percentile": "0.5399239543726235", "transport_distance_percentile": "0.7034220532319392", "medical_distance_percentile": "0.27756653992395436", "exploratory_score_a": "0.64591796903237", "exploratory_score_b": "0.2548757391316919", "exploratory_score_c": "0.17928521573902284", "rank_a_unfiltered": "16", "rank_b_unfiltered": "92", "rank_c_unfiltered": "54", "pareto_frontier": "False", "eligibility_population_threshold": true, "eligibility_elderly_threshold": true, "primary_eligible": true, "rank": 54 }, "geometry": { "type": "Polygon", "coordinates": [ [ [ 139.475, 35.35 ], [ 139.48125, 35.35 ], [ 139.48125, 35.354166666666671 ], [ 139.475, 35.354166666666671 ], [ 139.475, 35.35 ] ] ] } },
{ "type": "Feature", "properties": { "mesh_code": "533903282", "centroid_lat": 35.35208333333334, "centroid_lon": 139.484375, "city_area_fraction": 1.0, "centroid_within_city": true, "population": 1209, "elderly_population": 334.0, "reported_elderly_population": 334.0, "elderly_ratio": 0.27626137303556658, "HTKSYORI": "0", "HTKSAKI": null, "GASSAN": null, "disclosure_status": "unaffected", "suppression_flag": false, "aggregation_target_flag": false, "aggregation_flag": false, "primary_eligible_disclosure": true, "nearest_station_name": "藤沢本町", "nearest_station_distance_m": 885.96860897074123, "nearest_bus_stop_name": "藤沢市民病院", "nearest_bus_stop_distance_m": 302.92665584276455, "nearest_public_transport_type": "bus_stop", "nearest_public_transport_name": "藤沢市民病院", "nearest_public_transport_distance_m": 302.92665584276455, "nearest_medical_name": "藤沢市民病院", "nearest_medical_distance_m": 266.1884169181447, "nearest_hospital_name": "藤沢市民病院", "nearest_medical_access_class": "likely_public", "nearest_hospital_distance_m": 266.1884169181447, "nearest_clinic_name": "白旗なのはなクリニック", "nearest_clinic_distance_m": 469.92718413393925, "elderly_population_percentile": "0.4448669201520912", "elderly_ratio_percentile": "0.6349809885931559", "transport_distance_percentile": "0.7642585551330798", "medical_distance_percentile": "0.40304182509505704", "exploratory_score_a": "0.33999334962194044", "exploratory_score_b": "0.17929997542251586", "exploratory_score_c": "0.13703154015180868", "rank_a_unfiltered": "65", "rank_b_unfiltered": "128", "rank_c_unfiltered": "81", "pareto_frontier": "False", "eligibility_population_threshold": true, "eligibility_elderly_threshold": true, "primary_eligible": true, "rank": 81 }, "geometry": { "type": "Polygon", "coordinates": [ [ [ 139.48125, 35.35 ], [ 139.4875, 35.35 ], [ 139.4875, 35.354166666666671 ], [ 139.48125, 35.354166666666671 ], [ 139.48125, 35.35 ] ] ] } },
{ "type": "Feature", "properties": { "mesh_code": "533903283", "centroid_lat": 35.35625, "centroid_lon": 139.478125, "city_area_fraction": 1.0000000000000002, "centroid_within_city": true, "population": 1684, "elderly_population": 479.0, "reported_elderly_population": 479.0, "elderly_ratio": 0.28444180522565321, "HTKSYORI": "0", "HTKSAKI": null, "GASSAN": null, "disclosure_status": "unaffected", "suppression_flag": false, "aggregation_target_flag": false, "aggregation_flag": false, "primary_eligible_disclosure": true, "nearest_station_name": "善行", "nearest_station_distance_m": 830.41868123909103, "nearest_bus_stop_name": "聖園女学院前", "nearest_bus_stop_distance_m": 85.918197745633762, "nearest_public_transport_type": "bus_stop", "nearest_public_transport_name": "聖園女学院前", "nearest_public_transport_distance_m": 85.918197745633762, "nearest_medical_name": "神奈川県立総合教育センター巡回診療型診療所", "nearest_medical_distance_m": 409.10884146744741, "nearest_hospital_name": "湘南長寿園病院", "nearest_medical_access_class": "likely_public", "nearest_hospital_distance_m": 436.98778469942636, "nearest_clinic_name": "神奈川県立総合教育センター巡回診療型診療所", "nearest_clinic_distance_m": 409.10884146744741, "elderly_population_percentile": "0.5855513307984791", "elderly_ratio_percentile": "0.6806083650190115", "transport_distance_percentile": "0.11787072243346007", "medical_distance_percentile": "0.6577946768060836", "exploratory_score_a": "0.06901935838309069", "exploratory_score_b": "0.3851725483959577", "exploratory_score_c": "0.0454005665409684", "rank_a_unfiltered": "197", "rank_b_unfiltered": "38", "rank_c_unfiltered": "158", "pareto_frontier": "False", "eligibility_population_threshold": true, "eligibility_elderly_threshold": true, "primary_eligible": true, "rank": 158 }, "geometry": { "type": "Polygon", "coordinates": [ [ [ 139.475, 35.354166666666671 ], [ 139.48125, 35.354166666666671 ], [ 139.48125, 35.358333333333341 ], [ 139.475, 35.358333333333341 ], [ 139.475, 35.354166666666671 ] ] ] } },
{ "type": "Feature", "properties": { "mesh_code": "533903284", "centroid_lat": 35.35625, "centroid_lon": 139.484375, "city_area_fraction": 1.0000000000000002, "centroid_within_city": true, "population": 439, "elderly_population": 104.0, "reported_elderly_population": 104.0, "elderly_ratio": 0.23690205011389523, "HTKSYORI": "0", "HTKSAKI": null, "GASSAN": null, "disclosure_status": "unaffected", "suppression_flag": false, "aggregation_target_flag": false, "aggregation_flag": false, "primary_eligible_disclosure": true, "nearest_station_name": "藤沢本町", "nearest_station_distance_m": 1181.3106014357388, "nearest_bus_stop_name": "水道みち下", "nearest_bus_stop_distance_m": 344.27864517756694, "nearest_public_transport_type": "bus_stop", "nearest_public_transport_name": "水道みち下", "nearest_public_transport_distance_m": 344.27864517756694, "nearest_medical_name": "湘南長寿園病院", "nearest_medical_distance_m": 552.15893127944662, "nearest_hospital_name": "湘南長寿園病院", "nearest_medical_access_class": "likely_public", "nearest_hospital_distance_m": 552.15893127944662, "nearest_clinic_name": "藤川眼科", "nearest_clinic_distance_m": 715.8812195486671, "elderly_population_percentile": "0.21673003802281368", "elderly_ratio_percentile": "0.3916349809885932", "transport_distance_percentile": "0.8250950570342205", "medical_distance_percentile": "0.8098859315589354", "exploratory_score_a": "0.17882288308346223", "exploratory_score_b": "0.17552660874090995", "exploratory_score_c": "0.1448261372501044", "rank_a_unfiltered": "131", "rank_b_unfiltered": "130", "rank_c_unfiltered": "75", "pareto_frontier": "False", "eligibility_population_threshold": true, "eligibility_elderly_threshold": true, "primary_eligible": true, "rank": 75 }, "geometry": { "type": "Polygon", "coordinates": [ [ [ 139.48125, 35.354166666666671 ], [ 139.4875, 35.354166666666671 ], [ 139.4875, 35.358333333333341 ], [ 139.48125, 35.358333333333341 ], [ 139.48125, 35.354166666666671 ] ] ] } },
{ "type": "Feature", "properties": { "mesh_code": "533903291", "centroid_lat": 35.35208333333334, "centroid_lon": 139.490625, "city_area_fraction": 1.0000000000000002, "centroid_within_city": true, "population": 2351, "elderly_population": 616.0, "reported_elderly_population": 616.0, "elderly_ratio": 0.2620161633347512, "HTKSYORI": "0", "HTKSAKI": null, "GASSAN": null, "disclosure_status": "unaffected", "suppression_flag": false, "aggregation_target_flag": false, "aggregation_flag": false, "primary_eligible_disclosure": true, "nearest_station_name": "藤沢本町", "nearest_station_distance_m": 1410.0033752796012, "nearest_bus_stop_name": "遊行寺坂上", "nearest_bus_stop_distance_m": 46.994224637454032, "nearest_public_transport_type": "bus_stop", "nearest_public_transport_name": "遊行寺坂上", "nearest_public_transport_distance_m": 46.994224637454032, "nearest_medical_name": "からさわ耳鼻咽喉科", "nearest_medical_distance_m": 675.90087276015686, "nearest_hospital_name": "藤沢市民病院", "nearest_medical_access_class": "likely_public", "nearest_hospital_distance_m": 798.76361722722925, "nearest_clinic_name": "からさわ耳鼻咽喉科", "nearest_clinic_distance_m": 675.90087276015686, "elderly_population_percentile": "0.7300380228136882", "elderly_ratio_percentile": "0.5551330798479087", "transport_distance_percentile": "0.034220532319391636", "medical_distance_percentile": "0.9049429657794676", "exploratory_score_a": "0.024982289754080587", "exploratory_score_b": "0.6606427734967977", "exploratory_score_c": "0.022607547382019696", "rank_a_unfiltered": "240", "rank_b_unfiltered": "4", "rank_c_unfiltered": "201", "pareto_frontier": "False", "eligibility_population_threshold": true, "eligibility_elderly_threshold": true, "primary_eligible": true, "rank": 201 }, "geometry": { "type": "Polygon", "coordinates": [ [ [ 139.4875, 35.35 ], [ 139.49375, 35.35 ], [ 139.49375, 35.354166666666671 ], [ 139.4875, 35.354166666666671 ], [ 139.4875, 35.35 ] ] ] } },
{ "type": "Feature", "properties": { "mesh_code": "533903292", "centroid_lat": 35.35208333333334, "centroid_lon": 139.496875, "city_area_fraction": 1.0, "centroid_within_city": true, "population": 2505, "elderly_population": 435.0, "reported_elderly_population": 435.0, "elderly_ratio": 0.17365269461077845, "HTKSYORI": "0", "HTKSAKI": null, "GASSAN": null, "disclosure_status": "unaffected", "suppression_flag": false, "aggregation_target_flag": false, "aggregation_flag": false, "primary_eligible_disclosure": true, "nearest_station_name": "藤沢", "nearest_station_distance_m": 1738.6461607945475, "nearest_bus_stop_name": "柄沢神社入口", "nearest_bus_stop_distance_m": 61.201459661223183, "nearest_public_transport_type": "bus_stop", "nearest_public_transport_name": "柄沢神社入口", "nearest_public_transport_distance_m": 61.201459661223183, "nearest_medical_name": "三宅クリニック", "nearest_medical_distance_m": 199.60124125256982, "nearest_hospital_name": "藤沢市民病院", "nearest_medical_access_class": "likely_public", "nearest_hospital_distance_m": 1360.3508833967378, "nearest_clinic_name": "三宅クリニック", "nearest_clinic_distance_m": 199.60124125256982, "elderly_population_percentile": "0.5513307984790875", "elderly_ratio_percentile": "0.09125475285171103", "transport_distance_percentile": "0.06463878326996197", "medical_distance_percentile": "0.28517110266159695", "exploratory_score_a": "0.03563735199294482", "exploratory_score_b": "0.15722361173358007", "exploratory_score_c": "0.010162742963767535", "rank_a_unfiltered": "229", "rank_b_unfiltered": "143", "rank_c_unfiltered": "223", "pareto_frontier": "False", "eligibility_population_threshold": true, "eligibility_elderly_threshold": true, "primary_eligible": true, "rank": 223 }, "geometry": { "type": "Polygon", "coordinates": [ [ [ 139.49375, 35.35 ], [ 139.5, 35.35 ], [ 139.5, 35.354166666666671 ], [ 139.49375, 35.354166666666671 ], [ 139.49375, 35.35 ] ] ] } },
{ "type": "Feature", "properties": { "mesh_code": "533903293", "centroid_lat": 35.35625, "centroid_lon": 139.490625, "city_area_fraction": 0.99989464895192148, "centroid_within_city": true, "population": 1648, "elderly_population": 425.0, "reported_elderly_population": 425.0, "elderly_ratio": 0.25788834951456313, "HTKSYORI": "0", "HTKSAKI": null, "GASSAN": null, "disclosure_status": "unaffected", "suppression_flag": false, "aggregation_target_flag": false, "aggregation_flag": false, "primary_eligible_disclosure": true, "nearest_station_name": "藤沢本町", "nearest_station_distance_m": 1612.0179317443924, "nearest_bus_stop_name": "緑ヶ丘", "nearest_bus_stop_distance_m": 174.4330815826593, "nearest_public_transport_type": "bus_stop", "nearest_public_transport_name": "緑ヶ丘", "nearest_public_transport_distance_m": 174.4330815826593, "nearest_medical_name": "からさわ耳鼻咽喉科", "nearest_medical_distance_m": 658.38129039702005, "nearest_hospital_name": "藤沢市民病院", "nearest_medical_access_class": "likely_public", "nearest_hospital_distance_m": 998.24797833093487, "nearest_clinic_name": "からさわ耳鼻咽喉科", "nearest_clinic_distance_m": 658.38129039702005, "elderly_population_percentile": "0.532319391634981", "elderly_ratio_percentile": "0.532319391634981", "transport_distance_percentile": "0.42585551330798477", "medical_distance_percentile": "0.8973384030418251", "exploratory_score_a": "0.226691147768509", "exploratory_score_b": "0.4776706327979297", "exploratory_score_c": "0.20341867252231224", "rank_a_unfiltered": "106", "rank_b_unfiltered": "18", "rank_c_unfiltered": "42", "pareto_frontier": "False", "eligibility_population_threshold": true, "eligibility_elderly_threshold": true, "primary_eligible": true, "rank": 42 }, "geometry": { "type": "Polygon", "coordinates": [ [ [ 139.4875, 35.354166666666671 ], [ 139.49375, 35.354166666666671 ], [ 139.49375, 35.358333333333341 ], [ 139.4875, 35.358333333333341 ], [ 139.4875, 35.354166666666671 ] ] ] } },
{ "type": "Feature", "properties": { "mesh_code": "533903294", "centroid_lat": 35.35625, "centroid_lon": 139.496875, "city_area_fraction": 0.77057066578309563, "centroid_within_city": true, "population": 2194, "elderly_population": 499.0, "reported_elderly_population": 499.0, "elderly_ratio": 0.22743846855059252, "HTKSYORI": "0", "HTKSAKI": null, "GASSAN": null, "disclosure_status": "unaffected", "suppression_flag": false, "aggregation_target_flag": false, "aggregation_flag": false, "primary_eligible_disclosure": true, "nearest_station_name": "藤沢本町", "nearest_station_distance_m": 2108.8051547417699, "nearest_bus_stop_name": "柄沢大上", "nearest_bus_stop_distance_m": 211.71456740220751, "nearest_public_transport_type": "bus_stop", "nearest_public_transport_name": "柄沢大上", "nearest_public_transport_distance_m": 211.71456740220751, "nearest_medical_name": "角谷整形外科", "nearest_medical_distance_m": 192.61887839641878, "nearest_hospital_name": "藤沢市民病院", "nearest_medical_access_class": "likely_public", "nearest_hospital_distance_m": 1486.259668399656, "nearest_clinic_name": "角谷整形外科", "nearest_clinic_distance_m": 192.61887839641878, "elderly_population_percentile": "0.6007604562737643", "elderly_ratio_percentile": "0.3193916349809886", "transport_distance_percentile": "0.55893536121673", "medical_distance_percentile": "0.26996197718631176", "exploratory_score_a": "0.335786262632104", "exploratory_score_b": "0.1621824805910162", "exploratory_score_c": "0.09064952337216495", "rank_a_unfiltered": "68", "rank_b_unfiltered": "141", "rank_c_unfiltered": "114", "pareto_frontier": "False", "eligibility_population_threshold": true, "eligibility_elderly_threshold": true, "primary_eligible": true, "rank": 114 }, "geometry": { "type": "Polygon", "coordinates": [ [ [ 139.49375, 35.354166666666671 ], [ 139.5, 35.354166666666671 ], [ 139.5, 35.358333333333341 ], [ 139.49375, 35.358333333333341 ], [ 139.49375, 35.354166666666671 ] ] ] } },
{ "type": "Feature", "properties": { "mesh_code": "533903342", "centroid_lat": 35.360416666666666, "centroid_lon": 139.434375, "city_area_fraction": 0.22136644345417464, "centroid_within_city": false, "population": 254, "elderly_population": 41.0, "reported_elderly_population": 41.0, "elderly_ratio": 0.16141732283464566, "HTKSYORI": "0", "HTKSAKI": null, "GASSAN": null, "disclosure_status": "unaffected", "suppression_flag": false, "aggregation_target_flag": false, "aggregation_flag": false, "primary_eligible_disclosure": true, "nearest_station_name": "辻堂", "nearest_station_distance_m": 2816.7778577376689, "nearest_bus_stop_name": "羽根沢", "nearest_bus_stop_distance_m": 696.13198539366692, "nearest_public_transport_type": "bus_stop", "nearest_public_transport_name": "羽根沢", "nearest_public_transport_distance_m": 696.13198539366692, "nearest_medical_name": "湘南あおぞらクリニック", "nearest_medical_distance_m": 792.81466629758017, "nearest_hospital_name": "村田会湘南大庭病院", "nearest_medical_access_class": "likely_public", "nearest_hospital_distance_m": 1574.0657048219091, "nearest_clinic_name": "湘南あおぞらクリニック", "nearest_clinic_distance_m": 792.81466629758017, "elderly_population_percentile": "<NA>", "elderly_ratio_percentile": "<NA>", "transport_distance_percentile": "<NA>", "medical_distance_percentile": "<NA>", "exploratory_score_a": "<NA>", "exploratory_score_b": "<NA>", "exploratory_score_c": "<NA>", "rank_a_unfiltered": "<NA>", "rank_b_unfiltered": "<NA>", "rank_c_unfiltered": "<NA>", "pareto_frontier": "<NA>", "eligibility_population_threshold": true, "eligibility_elderly_threshold": true, "primary_eligible": false, "rank": null }, "geometry": { "type": "Polygon", "coordinates": [ [ [ 139.43125, 35.358333333333334 ], [ 139.4375, 35.358333333333334 ], [ 139.4375, 35.3625 ], [ 139.43125, 35.3625 ], [ 139.43125, 35.358333333333334 ] ] ] } },
{ "type": "Feature", "properties": { "mesh_code": "533903344", "centroid_lat": 35.364583333333343, "centroid_lon": 139.434375, "city_area_fraction": 0.046487457202129226, "centroid_within_city": false, "population": 623, "elderly_population": 162.0, "reported_elderly_population": 162.0, "elderly_ratio": 0.26003210272873195, "HTKSYORI": "0", "HTKSAKI": null, "GASSAN": null, "disclosure_status": "unaffected", "suppression_flag": false, "aggregation_target_flag": false, "aggregation_flag": false, "primary_eligible_disclosure": true, "nearest_station_name": "辻堂", "nearest_station_distance_m": 3250.3888807491594, "nearest_bus_stop_name": "南大平", "nearest_bus_stop_distance_m": 459.13944999874946, "nearest_public_transport_type": "bus_stop", "nearest_public_transport_name": "南大平", "nearest_public_transport_distance_m": 459.13944999874946, "nearest_medical_name": "武内整形外科医院", "nearest_medical_distance_m": 532.56277640006272, "nearest_hospital_name": "村田会湘南大庭病院", "nearest_medical_access_class": "likely_public", "nearest_hospital_distance_m": 1419.4122633172706, "nearest_clinic_name": "武内整形外科医院", "nearest_clinic_distance_m": 532.56277640006272, "elderly_population_percentile": "<NA>", "elderly_ratio_percentile": "<NA>", "transport_distance_percentile": "<NA>", "medical_distance_percentile": "<NA>", "exploratory_score_a": "<NA>", "exploratory_score_b": "<NA>", "exploratory_score_c": "<NA>", "rank_a_unfiltered": "<NA>", "rank_b_unfiltered": "<NA>", "rank_c_unfiltered": "<NA>", "pareto_frontier": "<NA>", "eligibility_population_threshold": true, "eligibility_elderly_threshold": true, "primary_eligible": false, "rank": null }, "geometry": { "type": "Polygon", "coordinates": [ [ [ 139.43125, 35.3625 ], [ 139.4375, 35.3625 ], [ 139.4375, 35.366666666666674 ], [ 139.43125, 35.366666666666674 ], [ 139.43125, 35.3625 ] ] ] } },
{ "type": "Feature", "properties": { "mesh_code": "533903351", "centroid_lat": 35.360416666666666, "centroid_lon": 139.440625, "city_area_fraction": 1.0, "centroid_within_city": true, "population": 2639, "elderly_population": 1026.0, "reported_elderly_population": 1026.0, "elderly_ratio": 0.38878363016294049, "HTKSYORI": "0", "HTKSAKI": null, "GASSAN": null, "disclosure_status": "unaffected", "suppression_flag": false, "aggregation_target_flag": false, "aggregation_flag": false, "primary_eligible_disclosure": true, "nearest_station_name": "辻堂", "nearest_station_distance_m": 2658.2805721390632, "nearest_bus_stop_name": "南センター前", "nearest_bus_stop_distance_m": 347.69019036632005, "nearest_public_transport_type": "bus_stop", "nearest_public_transport_name": "南センター前", "nearest_public_transport_distance_m": 347.69019036632005, "nearest_medical_name": "産婦人科吉田クリニック", "nearest_medical_distance_m": 430.65658416520398, "nearest_hospital_name": "村田会湘南大庭病院", "nearest_medical_access_class": "likely_public", "nearest_hospital_distance_m": 1103.2712764278681, "nearest_clinic_name": "産婦人科吉田クリニック", "nearest_clinic_distance_m": 430.65658416520398, "elderly_population_percentile": "0.973384030418251", "elderly_ratio_percentile": "0.9049429657794676", "transport_distance_percentile": "0.8326996197718631", "medical_distance_percentile": "0.688212927756654", "exploratory_score_a": "0.8105365120212812", "exploratory_score_b": "0.6698954734057164", "exploratory_score_c": "0.5578217059918323", "rank_a_unfiltered": "4", "rank_b_unfiltered": "3", "rank_c_unfiltered": "2", "pareto_frontier": "True", "eligibility_population_threshold": true, "eligibility_elderly_threshold": true, "primary_eligible": true, "rank": 2 }, "geometry": { "type": "Polygon", "coordinates": [ [ [ 139.4375, 35.358333333333334 ], [ 139.44375, 35.358333333333334 ], [ 139.44375, 35.3625 ], [ 139.4375, 35.3625 ], [ 139.4375, 35.358333333333334 ] ] ] } },
{ "type": "Feature", "properties": { "mesh_code": "533903352", "centroid_lat": 35.360416666666666, "centroid_lon": 139.446875, "city_area_fraction": 1.0, "centroid_within_city": true, "population": 2098, "elderly_population": 690.0, "reported_elderly_population": 690.0, "elderly_ratio": 0.32888465204957101, "HTKSYORI": "0", "HTKSAKI": null, "GASSAN": null, "disclosure_status": "unaffected", "suppression_flag": false, "aggregation_target_flag": false, "aggregation_flag": false, "primary_eligible_disclosure": true, "nearest_station_name": "善行", "nearest_station_distance_m": 2411.123507071743, "nearest_bus_stop_name": "小糸", "nearest_bus_stop_distance_m": 176.06887826099509, "nearest_public_transport_type": "bus_stop", "nearest_public_transport_name": "小糸", "nearest_public_transport_distance_m": 176.06887826099509, "nearest_medical_name": "野中脳神経外科クリニック", "nearest_medical_distance_m": 230.55342626517418, "nearest_hospital_name": "村田会湘南大庭病院", "nearest_medical_access_class": "likely_public", "nearest_hospital_distance_m": 775.82583325547841, "nearest_clinic_name": "野中脳神経外科クリニック", "nearest_clinic_distance_m": 230.55342626517418, "elderly_population_percentile": "0.8422053231939164", "elderly_ratio_percentile": "0.8136882129277566", "transport_distance_percentile": "0.44106463878326996", "medical_distance_percentile": "0.33460076045627374", "exploratory_score_a": "0.37146698665587186", "exploratory_score_b": "0.2818025416010062", "exploratory_score_c": "0.12429313621945522", "rank_a_unfiltered": "57", "rank_b_unfiltered": "79", "rank_c_unfiltered": "89", "pareto_frontier": "False", "eligibility_population_threshold": true, "eligibility_elderly_threshold": true, "primary_eligible": true, "rank": 89 }, "geometry": { "type": "Polygon", "coordinates": [ [ [ 139.44375, 35.358333333333334 ], [ 139.45, 35.358333333333334 ], [ 139.45, 35.3625 ], [ 139.44375, 35.3625 ], [ 139.44375, 35.358333333333334 ] ] ] } },
{ "type": "Feature", "properties": { "mesh_code": "533903353", "centroid_lat": 35.364583333333343, "centroid_lon": 139.440625, "city_area_fraction": 0.76609893274162422, "centroid_within_city": true, "population": 2096, "elderly_population": 536.0, "reported_elderly_population": 536.0, "elderly_ratio": 0.25572519083969464, "HTKSYORI": "0", "HTKSAKI": null, "GASSAN": null, "disclosure_status": "unaffected", "suppression_flag": false, "aggregation_target_flag": false, "aggregation_flag": false, "primary_eligible_disclosure": true, "nearest_station_name": "善行", "nearest_station_distance_m": 2975.1125982357776, "nearest_bus_stop_name": "羽根沢", "nearest_bus_stop_distance_m": 37.278552862862036, "nearest_public_transport_type": "bus_stop", "nearest_public_transport_name": "羽根沢", "nearest_public_transport_distance_m": 37.278552862862036, "nearest_medical_name": "湘南あおぞらクリニック", "nearest_medical_distance_m": 65.811257169117923, "nearest_hospital_name": "村田会湘南大庭病院", "nearest_medical_access_class": "likely_public", "nearest_hospital_distance_m": 868.51645635427985, "nearest_clinic_name": "湘南あおぞらクリニック", "nearest_clinic_distance_m": 65.811257169117923, "elderly_population_percentile": "0.6425855513307985", "elderly_ratio_percentile": "0.5209125475285171", "transport_distance_percentile": "0.026615969581749048", "medical_distance_percentile": "0.049429657794676805", "exploratory_score_a": "0.017103037487891975", "exploratory_score_b": "0.0317627839060851", "exploratory_score_c": "0.0008453972902760291", "rank_a_unfiltered": "248", "rank_b_unfiltered": "232", "rank_c_unfiltered": "258", "pareto_frontier": "False", "eligibility_population_threshold": true, "eligibility_elderly_threshold": true, "primary_eligible": true, "rank": 256 }, "geometry": { "type": "Polygon", "coordinates": [ [ [ 139.4375, 35.3625 ], [ 139.44375, 35.3625 ], [ 139.44375, 35.366666666666674 ], [ 139.4375, 35.366666666666674 ], [ 139.4375, 35.3625 ] ] ] } },
{ "type": "Feature", "properties": { "mesh_code": "533903354", "centroid_lat": 35.364583333333343, "centroid_lon": 139.446875, "city_area_fraction": 0.99999999999999978, "centroid_within_city": true, "population": 2635, "elderly_population": 613.0, "reported_elderly_population": 613.0, "elderly_ratio": 0.23263757115749525, "HTKSYORI": "0", "HTKSAKI": null, "GASSAN": null, "disclosure_status": "unaffected", "suppression_flag": false, "aggregation_target_flag": false, "aggregation_flag": false, "primary_eligible_disclosure": true, "nearest_station_name": "善行", "nearest_station_distance_m": 2409.079678252594, "nearest_bus_stop_name": "ライフタウン中央", "nearest_bus_stop_distance_m": 138.91027360530202, "nearest_public_transport_type": "bus_stop", "nearest_public_transport_name": "ライフタウン中央", "nearest_public_transport_distance_m": 138.91027360530202, "nearest_medical_name": "湘南ライフタウン診療所", "nearest_medical_distance_m": 289.77117214602538, "nearest_hospital_name": "村田会湘南大庭病院", "nearest_medical_access_class": "likely_public", "nearest_hospital_distance_m": 372.89528317245947, "nearest_clinic_name": "湘南ライフタウン診療所", "nearest_clinic_distance_m": 289.77117214602538, "elderly_population_percentile": "0.7262357414448669", "elderly_ratio_percentile": "0.3612167300380228", "transport_distance_percentile": "0.3041825095057034", "medical_distance_percentile": "0.4448669201520912", "exploratory_score_a": "0.22090821032543478", "exploratory_score_b": "0.3230782576009484", "exploratory_score_c": "0.09827475516378657", "rank_a_unfiltered": "108", "rank_b_unfiltered": "60", "rank_c_unfiltered": "102", "pareto_frontier": "False", "eligibility_population_threshold": true, "eligibility_elderly_threshold": true, "primary_eligible": true, "rank": 102 }, "geometry": { "type": "Polygon", "coordinates": [ [ [ 139.44375, 35.3625 ], [ 139.45, 35.3625 ], [ 139.45, 35.366666666666674 ], [ 139.44375, 35.366666666666674 ], [ 139.44375, 35.3625 ] ] ] } },
{ "type": "Feature", "properties": { "mesh_code": "533903361", "centroid_lat": 35.360416666666666, "centroid_lon": 139.453125, "city_area_fraction": 0.99999999999999978, "centroid_within_city": true, "population": 477, "elderly_population": 116.0, "reported_elderly_population": 116.0, "elderly_ratio": 0.24318658280922431, "HTKSYORI": "0", "HTKSAKI": null, "GASSAN": null, "disclosure_status": "unaffected", "suppression_flag": false, "aggregation_target_flag": false, "aggregation_flag": false, "primary_eligible_disclosure": true, "nearest_station_name": "善行", "nearest_station_distance_m": 1846.872712227761, "nearest_bus_stop_name": "天神社前", "nearest_bus_stop_distance_m": 229.48132307659586, "nearest_public_transport_type": "bus_stop", "nearest_public_transport_name": "天神社前", "nearest_public_transport_distance_m": 229.48132307659586, "nearest_medical_name": "医療法人社団栄友会　湘南ゆずクリニック", "nearest_medical_distance_m": 107.9107927209545, "nearest_hospital_name": "村田会湘南大庭病院", "nearest_medical_access_class": "likely_public", "nearest_hospital_distance_m": 794.84371047131833, "nearest_clinic_name": "医療法人社団栄友会　湘南ゆずクリニック", "nearest_clinic_distance_m": 107.9107927209545, "elderly_population_percentile": "0.24334600760456274", "elderly_ratio_percentile": "0.4372623574144487", "transport_distance_percentile": "0.596958174904943", "medical_distance_percentile": "0.12927756653992395", "exploratory_score_a": "0.14526738857002414", "exploratory_score_b": "0.0314591796903237", "exploratory_score_c": "0.018779814491942284", "rank_a_unfiltered": "152", "rank_b_unfiltered": "233", "rank_c_unfiltered": "210", "pareto_frontier": "False", "eligibility_population_threshold": true, "eligibility_elderly_threshold": true, "primary_eligible": true, "rank": 210 }, "geometry": { "type": "Polygon", "coordinates": [ [ [ 139.45, 35.358333333333334 ], [ 139.45625, 35.358333333333334 ], [ 139.45625, 35.3625 ], [ 139.45, 35.3625 ], [ 139.45, 35.358333333333334 ] ] ] } },
{ "type": "Feature", "properties": { "mesh_code": "533903362", "centroid_lat": 35.360416666666666, "centroid_lon": 139.459375, "city_area_fraction": 1.0, "centroid_within_city": true, "population": 451, "elderly_population": 109.0, "reported_elderly_population": 109.0, "elderly_ratio": 0.24168514412416853, "HTKSYORI": "0", "HTKSAKI": null, "GASSAN": null, "disclosure_status": "unaffected", "suppression_flag": false, "aggregation_target_flag": false, "aggregation_flag": false, "primary_eligible_disclosure": true, "nearest_station_name": "善行", "nearest_station_distance_m": 1285.911751850736, "nearest_bus_stop_name": "善行坂北", "nearest_bus_stop_distance_m": 402.92562729296202, "nearest_public_transport_type": "bus_stop", "nearest_public_transport_name": "善行坂北", "nearest_public_transport_distance_m": 402.92562729296202, "nearest_medical_name": "荏原製作所藤沢事業所診療所", "nearest_medical_distance_m": 353.32832660958104, "nearest_hospital_name": "村田会湘南大庭病院", "nearest_medical_access_class": "uncertain_access", "nearest_hospital_distance_m": 1143.1618290658555, "nearest_clinic_name": "荏原製作所藤沢事業所診療所", "nearest_clinic_distance_m": 353.32832660958104, "elderly_population_percentile": "0.2262357414448669", "elderly_ratio_percentile": "0.4220532319391635", "transport_distance_percentile": "0.8897338403041825", "medical_distance_percentile": "0.5627376425855514", "exploratory_score_a": "0.20128959504980554", "exploratory_score_b": "0.12731136780927874", "exploratory_score_c": "0.11327323219532784", "rank_a_unfiltered": "120", "rank_b_unfiltered": "163", "rank_c_unfiltered": "97", "pareto_frontier": "False", "eligibility_population_threshold": true, "eligibility_elderly_threshold": true, "primary_eligible": true, "rank": 97 }, "geometry": { "type": "Polygon", "coordinates": [ [ [ 139.45625, 35.358333333333334 ], [ 139.4625, 35.358333333333334 ], [ 139.4625, 35.3625 ], [ 139.45625, 35.3625 ], [ 139.45625, 35.358333333333334 ] ] ] } },
{ "type": "Feature", "properties": { "mesh_code": "533903363", "centroid_lat": 35.364583333333343, "centroid_lon": 139.453125, "city_area_fraction": 1.0, "centroid_within_city": true, "population": 1460, "elderly_population": 287.0, "reported_elderly_population": 287.0, "elderly_ratio": 0.19657534246575342, "HTKSYORI": "0", "HTKSAKI": null, "GASSAN": null, "disclosure_status": "unaffected", "suppression_flag": false, "aggregation_target_flag": false, "aggregation_flag": false, "primary_eligible_disclosure": true, "nearest_station_name": "善行", "nearest_station_distance_m": 1844.2371301763849, "nearest_bus_stop_name": "弁天前", "nearest_bus_stop_distance_m": 70.920618985891508, "nearest_public_transport_type": "bus_stop", "nearest_public_transport_name": "弁天前", "nearest_public_transport_distance_m": 70.920618985891508, "nearest_medical_name": "村田会湘南大庭病院", "nearest_medical_distance_m": 410.9992501925264, "nearest_hospital_name": "村田会湘南大庭病院", "nearest_medical_access_class": "likely_public", "nearest_hospital_distance_m": 410.9992501925264, "nearest_clinic_name": "藤沢愛光園附属診療所", "nearest_clinic_distance_m": 448.24929676712719, "elderly_population_percentile": "0.4144486692015209", "elderly_ratio_percentile": "0.18631178707224336", "transport_distance_percentile": "0.09125475285171103", "medical_distance_percentile": "0.6615969581749049", "exploratory_score_a": "0.03782041087770533", "exploratory_score_b": "0.2741979788633636", "exploratory_score_c": "0.025021868793614933", "rank_a_unfiltered": "227", "rank_b_unfiltered": "82", "rank_c_unfiltered": "191", "pareto_frontier": "False", "eligibility_population_threshold": true, "eligibility_elderly_threshold": true, "primary_eligible": true, "rank": 191 }, "geometry": { "type": "Polygon", "coordinates": [ [ [ 139.45, 35.3625 ], [ 139.45625, 35.3625 ], [ 139.45625, 35.366666666666674 ], [ 139.45, 35.366666666666674 ], [ 139.45, 35.3625 ] ] ] } },
{ "type": "Feature", "properties": { "mesh_code": "533903364", "centroid_lat": 35.364583333333343, "centroid_lon": 139.459375, "city_area_fraction": 0.99999999999999978, "centroid_within_city": true, "population": 1375, "elderly_population": 366.0, "reported_elderly_population": 366.0, "elderly_ratio": 0.26618181818181819, "HTKSYORI": "0", "HTKSAKI": null, "GASSAN": null, "disclosure_status": "unaffected", "suppression_flag": false, "aggregation_target_flag": false, "aggregation_flag": false, "primary_eligible_disclosure": true, "nearest_station_name": "善行", "nearest_station_distance_m": 1282.1587684587419, "nearest_bus_stop_name": "善行団地西", "nearest_bus_stop_distance_m": 155.52556983786994, "nearest_public_transport_type": "bus_stop", "nearest_public_transport_name": "善行団地西", "nearest_public_transport_distance_m": 155.52556983786994, "nearest_medical_name": "善行団地石川医院", "nearest_medical_distance_m": 588.70133702986197, "nearest_hospital_name": "村田会湘南大庭病院", "nearest_medical_access_class": "likely_public", "nearest_hospital_distance_m": 918.65573850334988, "nearest_clinic_name": "善行団地石川医院", "nearest_clinic_distance_m": 588.70133702986197, "elderly_population_percentile": "0.4866920152091255", "elderly_ratio_percentile": "0.5855513307984791", "transport_distance_percentile": "0.3726235741444867", "medical_distance_percentile": "0.844106463878327", "exploratory_score_a": "0.18135291821480723", "exploratory_score_b": "0.41081987595599184", "exploratory_score_c": "0.15308117050831638", "rank_a_unfiltered": "130", "rank_b_unfiltered": "30", "rank_c_unfiltered": "68", "pareto_frontier": "False", "eligibility_population_threshold": true, "eligibility_elderly_threshold": true, "primary_eligible": true, "rank": 68 }, "geometry": { "type": "Polygon", "coordinates": [ [ [ 139.45625, 35.3625 ], [ 139.4625, 35.3625 ], [ 139.4625, 35.366666666666674 ], [ 139.45625, 35.366666666666674 ], [ 139.45625, 35.3625 ] ] ] } },
{ "type": "Feature", "properties": { "mesh_code": "533903371", "centroid_lat": 35.360416666666666, "centroid_lon": 139.465625, "city_area_fraction": 0.99999999999999978, "centroid_within_city": true, "population": 2850, "elderly_population": 502.0, "reported_elderly_population": 502.0, "elderly_ratio": 0.17614035087719299, "HTKSYORI": "0", "HTKSAKI": null, "GASSAN": null, "disclosure_status": "unaffected", "suppression_flag": false, "aggregation_target_flag": false, "aggregation_flag": false, "primary_eligible_disclosure": true, "nearest_station_name": "善行", "nearest_station_distance_m": 735.80315720988756, "nearest_bus_stop_name": "善行坂南", "nearest_bus_stop_distance_m": 197.40733670315998, "nearest_public_transport_type": "bus_stop", "nearest_public_transport_name": "善行坂南", "nearest_public_transport_distance_m": 197.40733670315998, "nearest_medical_name": "えりクリニック", "nearest_medical_distance_m": 401.98332453440213, "nearest_hospital_name": "湘南長寿園病院", "nearest_medical_access_class": "likely_public", "nearest_hospital_distance_m": 1574.5423535510129, "nearest_clinic_name": "えりクリニック", "nearest_clinic_distance_m": 401.98332453440213, "elderly_population_percentile": "0.6045627376425855", "elderly_ratio_percentile": "0.10646387832699619", "transport_distance_percentile": "0.5209125475285171", "medical_distance_percentile": "0.6425855513307985", "exploratory_score_a": "0.3149243158062138", "exploratory_score_b": "0.3884832800821177", "exploratory_score_c": "0.2023658150998104", "rank_a_unfiltered": "76", "rank_b_unfiltered": "35", "rank_c_unfiltered": "43", "pareto_frontier": "False", "eligibility_population_threshold": true, "eligibility_elderly_threshold": true, "primary_eligible": true, "rank": 43 }, "geometry": { "type": "Polygon", "coordinates": [ [ [ 139.4625, 35.358333333333334 ], [ 139.46875, 35.358333333333334 ], [ 139.46875, 35.3625 ], [ 139.4625, 35.3625 ], [ 139.4625, 35.358333333333334 ] ] ] } },
{ "type": "Feature", "properties": { "mesh_code": "533903372", "centroid_lat": 35.360416666666666, "centroid_lon": 139.471875, "city_area_fraction": 0.99999999999999978, "centroid_within_city": true, "population": 2333, "elderly_population": 597.0, "reported_elderly_population": 597.0, "elderly_ratio": 0.25589369909987142, "HTKSYORI": "0", "HTKSAKI": null, "GASSAN": null, "disclosure_status": "unaffected", "suppression_flag": false, "aggregation_target_flag": false, "aggregation_flag": false, "primary_eligible_disclosure": true, "nearest_station_name": "善行", "nearest_station_distance_m": 272.85464198738163, "nearest_bus_stop_name": "善行市民センター", "nearest_bus_stop_distance_m": 73.774283031425114, "nearest_public_transport_type": "bus_stop", "nearest_public_transport_name": "善行市民センター", "nearest_public_transport_distance_m": 73.774283031425114, "nearest_medical_name": "本藤沢内科クリニック", "nearest_medical_distance_m": 237.94278925630758, "nearest_hospital_name": "湘南長寿園病院", "nearest_medical_access_class": "likely_public", "nearest_hospital_distance_m": 1141.2846606825917, "nearest_clinic_name": "本藤沢内科クリニック", "nearest_clinic_distance_m": 237.94278925630758, "elderly_population_percentile": "0.7186311787072244", "elderly_ratio_percentile": "0.5247148288973384", "transport_distance_percentile": "0.09505703422053231", "medical_distance_percentile": "0.34600760456273766", "exploratory_score_a": "0.0683109485463141", "exploratory_score_b": "0.24865185270858334", "exploratory_score_c": "0.02363610767191857", "rank_a_unfiltered": "200", "rank_b_unfiltered": "94", "rank_c_unfiltered": "198", "pareto_frontier": "False", "eligibility_population_threshold": true, "eligibility_elderly_threshold": true, "primary_eligible": true, "rank": 198 }, "geometry": { "type": "Polygon", "coordinates": [ [ [ 139.46875, 35.358333333333334 ], [ 139.475, 35.358333333333334 ], [ 139.475, 35.3625 ], [ 139.46875, 35.3625 ], [ 139.46875, 35.358333333333334 ] ] ] } },
{ "type": "Feature", "properties": { "mesh_code": "533903373", "centroid_lat": 35.364583333333343, "centroid_lon": 139.465625, "city_area_fraction": 1.0, "centroid_within_city": true, "population": 3489, "elderly_population": 1149.0, "reported_elderly_population": 1149.0, "elderly_ratio": 0.32932072226999143, "HTKSYORI": "0", "HTKSAKI": null, "GASSAN": null, "disclosure_status": "unaffected", "suppression_flag": false, "aggregation_target_flag": false, "aggregation_flag": false, "primary_eligible_disclosure": true, "nearest_station_name": "善行", "nearest_station_distance_m": 729.26367427742957, "nearest_bus_stop_name": "マーケット前", "nearest_bus_stop_distance_m": 284.47342696597457, "nearest_public_transport_type": "bus_stop", "nearest_public_transport_name": "マーケット前", "nearest_public_transport_distance_m": 284.47342696597457, "nearest_medical_name": "善行団地石川医院", "nearest_medical_distance_m": 301.25691518138433, "nearest_hospital_name": "村田会湘南大庭病院", "nearest_medical_access_class": "likely_public", "nearest_hospital_distance_m": 1471.0791662672245, "nearest_clinic_name": "善行団地石川医院", "nearest_clinic_distance_m": 301.25691518138433, "elderly_population_percentile": "0.9923954372623575", "elderly_ratio_percentile": "0.8174904942965779", "transport_distance_percentile": "0.7452471482889734", "medical_distance_percentile": "0.46387832699619774", "exploratory_score_a": "0.7395798695947607", "exploratory_score_b": "0.4603507351559225", "exploratory_score_c": "0.3430750725876837", "rank_a_unfiltered": "7", "rank_b_unfiltered": "22", "rank_c_unfiltered": "16", "pareto_frontier": "True", "eligibility_population_threshold": true, "eligibility_elderly_threshold": true, "primary_eligible": true, "rank": 16 }, "geometry": { "type": "Polygon", "coordinates": [ [ [ 139.4625, 35.3625 ], [ 139.46875, 35.3625 ], [ 139.46875, 35.366666666666674 ], [ 139.4625, 35.366666666666674 ], [ 139.4625, 35.3625 ] ] ] } },
{ "type": "Feature", "properties": { "mesh_code": "533903374", "centroid_lat": 35.364583333333343, "centroid_lon": 139.471875, "city_area_fraction": 1.0, "centroid_within_city": true, "population": 3036, "elderly_population": 630.0, "reported_elderly_population": 630.0, "elderly_ratio": 0.2075098814229249, "HTKSYORI": "0", "HTKSAKI": null, "GASSAN": null, "disclosure_status": "unaffected", "suppression_flag": false, "aggregation_target_flag": false, "aggregation_flag": false, "primary_eligible_disclosure": true, "nearest_station_name": "善行", "nearest_station_distance_m": 254.74079443526639, "nearest_bus_stop_name": "善行駅入口", "nearest_bus_stop_distance_m": 90.978306434379348, "nearest_public_transport_type": "bus_stop", "nearest_public_transport_name": "善行駅入口", "nearest_public_transport_distance_m": 90.978306434379348, "nearest_medical_name": "石田胃腸科医院", "nearest_medical_distance_m": 77.586867168885007, "nearest_hospital_name": "湘南長寿園病院", "nearest_medical_access_class": "likely_public", "nearest_hospital_distance_m": 1519.8813034019447, "nearest_clinic_name": "石田胃腸科医院", "nearest_clinic_distance_m": 77.586867168885007, "elderly_population_percentile": "0.7585551330798479", "elderly_ratio_percentile": "0.22813688212927757", "transport_distance_percentile": "0.1444866920152091", "medical_distance_percentile": "0.07604562737642585", "exploratory_score_a": "0.10960112188986394", "exploratory_score_b": "0.05768480099466524", "exploratory_score_c": "0.008334686075274824", "rank_a_unfiltered": "170", "rank_b_unfiltered": "215", "rank_c_unfiltered": "229", "pareto_frontier": "False", "eligibility_population_threshold": true, "eligibility_elderly_threshold": true, "primary_eligible": true, "rank": 229 }, "geometry": { "type": "Polygon", "coordinates": [ [ [ 139.46875, 35.3625 ], [ 139.475, 35.3625 ], [ 139.475, 35.366666666666674 ], [ 139.46875, 35.366666666666674 ], [ 139.46875, 35.3625 ] ] ] } },
{ "type": "Feature", "properties": { "mesh_code": "533903381", "centroid_lat": 35.360416666666666, "centroid_lon": 139.478125, "city_area_fraction": 1.0, "centroid_within_city": true, "population": 1571, "elderly_population": 539.0, "reported_elderly_population": 539.0, "elderly_ratio": 0.34309357097390197, "HTKSYORI": "0", "HTKSAKI": null, "GASSAN": null, "disclosure_status": "unaffected", "suppression_flag": false, "aggregation_target_flag": false, "aggregation_flag": false, "primary_eligible_disclosure": true, "nearest_station_name": "善行", "nearest_station_distance_m": 502.69100112553593, "nearest_bus_stop_name": "藤沢翔陵高校前", "nearest_bus_stop_distance_m": 101.54326937162929, "nearest_public_transport_type": "bus_stop", "nearest_public_transport_name": "藤沢翔陵高校前", "nearest_public_transport_distance_m": 101.54326937162929, "nearest_medical_name": "神奈川県立総合教育センター巡回診療型診療所", "nearest_medical_distance_m": 65.029309151473285, "nearest_hospital_name": "湘南長寿園病院", "nearest_medical_access_class": "likely_public", "nearest_hospital_distance_m": 878.15839709689237, "nearest_clinic_name": "神奈川県立総合教育センター巡回診療型診療所", "nearest_clinic_distance_m": 65.029309151473285, "elderly_population_percentile": "0.6520912547528517", "elderly_ratio_percentile": "0.8326996197718631", "transport_distance_percentile": "0.17870722433460076", "medical_distance_percentile": "0.045627376425855515", "exploratory_score_a": "0.11653341814974916", "exploratory_score_b": "0.02975321314461681", "exploratory_score_c": "0.005317114136110228", "rank_a_unfiltered": "166", "rank_b_unfiltered": "236", "rank_c_unfiltered": "242", "pareto_frontier": "False", "eligibility_population_threshold": true, "eligibility_elderly_threshold": true, "primary_eligible": true, "rank": 242 }, "geometry": { "type": "Polygon", "coordinates": [ [ [ 139.475, 35.358333333333334 ], [ 139.48125, 35.358333333333334 ], [ 139.48125, 35.3625 ], [ 139.475, 35.3625 ], [ 139.475, 35.358333333333334 ] ] ] } },
{ "type": "Feature", "properties": { "mesh_code": "533903382", "centroid_lat": 35.360416666666666, "centroid_lon": 139.484375, "city_area_fraction": 0.82588190777808734, "centroid_within_city": true, "population": 902, "elderly_population": 284.0, "reported_elderly_population": 284.0, "elderly_ratio": 0.31485587583148561, "HTKSYORI": "0", "HTKSAKI": null, "GASSAN": null, "disclosure_status": "unaffected", "suppression_flag": false, "aggregation_target_flag": false, "aggregation_flag": false, "primary_eligible_disclosure": true, "nearest_station_name": "善行", "nearest_station_distance_m": 1037.3770604568992, "nearest_bus_stop_name": "水道みち下", "nearest_bus_stop_distance_m": 179.73061732487781, "nearest_public_transport_type": "bus_stop", "nearest_public_transport_name": "水道みち下", "nearest_public_transport_distance_m": 179.73061732487781, "nearest_medical_name": "藤川眼科", "nearest_medical_distance_m": 476.34368818934644, "nearest_hospital_name": "湘南長寿園病院", "nearest_medical_access_class": "likely_public", "nearest_hospital_distance_m": 940.7854270399913, "nearest_clinic_name": "藤川眼科", "nearest_clinic_distance_m": 476.34368818934644, "elderly_population_percentile": "0.41064638783269963", "elderly_ratio_percentile": "0.7908745247148289", "transport_distance_percentile": "0.4600760456273764", "medical_distance_percentile": "0.7376425855513308", "exploratory_score_a": "0.18892856626523444", "exploratory_score_b": "0.3029102632682271", "exploratory_score_c": "0.13936175610439347", "rank_a_unfiltered": "123", "rank_b_unfiltered": "72", "rank_c_unfiltered": "80", "pareto_frontier": "False", "eligibility_population_threshold": true, "eligibility_elderly_threshold": true, "primary_eligible": true, "rank": 80 }, "geometry": { "type": "Polygon", "coordinates": [ [ [ 139.48125, 35.358333333333334 ], [ 139.4875, 35.358333333333334 ], [ 139.4875, 35.3625 ], [ 139.48125, 35.3625 ], [ 139.48125, 35.358333333333334 ] ] ] } },
{ "type": "Feature", "properties": { "mesh_code": "533903383", "centroid_lat": 35.364583333333343, "centroid_lon": 139.478125, "city_area_fraction": 1.0, "centroid_within_city": true, "population": 2565, "elderly_population": 696.0, "reported_elderly_population": 696.0, "elderly_ratio": 0.27134502923976606, "HTKSYORI": "0", "HTKSAKI": null, "GASSAN": null, "disclosure_status": "unaffected", "suppression_flag": false, "aggregation_target_flag": false, "aggregation_flag": false, "primary_eligible_disclosure": true, "nearest_station_name": "善行", "nearest_station_distance_m": 493.0844810275093, "nearest_bus_stop_name": "渋沢台", "nearest_bus_stop_distance_m": 155.46285371495995, "nearest_public_transport_type": "bus_stop", "nearest_public_transport_name": "渋沢台", "nearest_public_transport_distance_m": 155.46285371495995, "nearest_medical_name": "善行クリニック", "nearest_medical_distance_m": 130.31607376957407, "nearest_hospital_name": "湘南長寿園病院", "nearest_medical_access_class": "likely_public", "nearest_hospital_distance_m": 1333.6781891259691, "nearest_clinic_name": "善行クリニック", "nearest_clinic_distance_m": 130.31607376957407, "elderly_population_percentile": "0.8517110266159695", "elderly_ratio_percentile": "0.596958174904943", "transport_distance_percentile": "0.3688212927756654", "medical_distance_percentile": "0.16730038022813687", "exploratory_score_a": "0.31412916190779105", "exploratory_score_b": "0.1424915785973485", "exploratory_score_c": "0.05255392822791941", "rank_a_unfiltered": "77", "rank_b_unfiltered": "156", "rank_c_unfiltered": "152", "pareto_frontier": "False", "eligibility_population_threshold": true, "eligibility_elderly_threshold": true, "primary_eligible": true, "rank": 152 }, "geometry": { "type": "Polygon", "coordinates": [ [ [ 139.475, 35.3625 ], [ 139.48125, 35.3625 ], [ 139.48125, 35.366666666666674 ], [ 139.475, 35.366666666666674 ], [ 139.475, 35.3625 ] ] ] } },
{ "type": "Feature", "properties": { "mesh_code": "533903384", "centroid_lat": 35.364583333333343, "centroid_lon": 139.484375, "city_area_fraction": 0.95751803332349261, "centroid_within_city": true, "population": 91, "elderly_population": 42.0, "reported_elderly_population": 42.0, "elderly_ratio": 0.46153846153846156, "HTKSYORI": "0", "HTKSAKI": null, "GASSAN": null, "disclosure_status": "unaffected", "suppression_flag": false, "aggregation_target_flag": false, "aggregation_flag": false, "primary_eligible_disclosure": true, "nearest_station_name": "善行", "nearest_station_distance_m": 1032.7356508367084, "nearest_bus_stop_name": "亀井野団地入口", "nearest_bus_stop_distance_m": 259.44960939687769, "nearest_public_transport_type": "bus_stop", "nearest_public_transport_name": "亀井野団地入口", "nearest_public_transport_distance_m": 259.44960939687769, "nearest_medical_name": "医療法人社団門山医院", "nearest_medical_distance_m": 260.5264607020012, "nearest_hospital_name": "湘南長寿園病院", "nearest_medical_access_class": "likely_public", "nearest_hospital_distance_m": 1375.7202686213877, "nearest_clinic_name": "医療法人社団門山医院", "nearest_clinic_distance_m": 260.5264607020012, "elderly_population_percentile": "0.07984790874524715", "elderly_ratio_percentile": "0.9771863117870723", "transport_distance_percentile": "0.6844106463878327", "medical_distance_percentile": "0.38783269961977185", "exploratory_score_a": "0.05464875883705128", "exploratory_score_b": "0.03096763000766239", "exploratory_score_c": "0.02119457567064346", "rank_a_unfiltered": "210", "rank_b_unfiltered": "234", "rank_c_unfiltered": "202", "pareto_frontier": "False", "eligibility_population_threshold": true, "eligibility_elderly_threshold": true, "primary_eligible": true, "rank": 202 }, "geometry": { "type": "Polygon", "coordinates": [ [ [ 139.48125, 35.3625 ], [ 139.4875, 35.3625 ], [ 139.4875, 35.366666666666674 ], [ 139.48125, 35.366666666666674 ], [ 139.48125, 35.3625 ] ] ] } },
{ "type": "Feature", "properties": { "mesh_code": "533903391", "centroid_lat": 35.360416666666666, "centroid_lon": 139.490625, "city_area_fraction": 0.098834416020192176, "centroid_within_city": false, "population": 539, "elderly_population": 199.0, "reported_elderly_population": 199.0, "elderly_ratio": 0.36920222634508348, "HTKSYORI": "0", "HTKSAKI": null, "GASSAN": null, "disclosure_status": "unaffected", "suppression_flag": false, "aggregation_target_flag": false, "aggregation_flag": false, "primary_eligible_disclosure": true, "nearest_station_name": "善行", "nearest_station_distance_m": 1595.2452980603575, "nearest_bus_stop_name": "緑ヶ丘", "nearest_bus_stop_distance_m": 556.59610900452878, "nearest_public_transport_type": "bus_stop", "nearest_public_transport_name": "緑ヶ丘", "nearest_public_transport_distance_m": 556.59610900452878, "nearest_medical_name": "角谷整形外科", "nearest_medical_distance_m": 907.39683321495534, "nearest_hospital_name": "湘南長寿園病院", "nearest_medical_access_class": "likely_public", "nearest_hospital_distance_m": 1282.2928519855361, "nearest_clinic_name": "角谷整形外科", "nearest_clinic_distance_m": 907.39683321495534, "elderly_population_percentile": "<NA>", "elderly_ratio_percentile": "<NA>", "transport_distance_percentile": "<NA>", "medical_distance_percentile": "<NA>", "exploratory_score_a": "<NA>", "exploratory_score_b": "<NA>", "exploratory_score_c": "<NA>", "rank_a_unfiltered": "<NA>", "rank_b_unfiltered": "<NA>", "rank_c_unfiltered": "<NA>", "pareto_frontier": "<NA>", "eligibility_population_threshold": true, "eligibility_elderly_threshold": true, "primary_eligible": false, "rank": null }, "geometry": { "type": "Polygon", "coordinates": [ [ [ 139.4875, 35.358333333333334 ], [ 139.49375, 35.358333333333334 ], [ 139.49375, 35.3625 ], [ 139.4875, 35.3625 ], [ 139.4875, 35.358333333333334 ] ] ] } },
{ "type": "Feature", "properties": { "mesh_code": "533903393", "centroid_lat": 35.364583333333343, "centroid_lon": 139.490625, "city_area_fraction": 0.074839073668271486, "centroid_within_city": false, "population": 331, "elderly_population": 150.0, "reported_elderly_population": 150.0, "elderly_ratio": 0.45317220543806647, "HTKSYORI": "0", "HTKSAKI": null, "GASSAN": null, "disclosure_status": "unaffected", "suppression_flag": false, "aggregation_target_flag": false, "aggregation_flag": false, "primary_eligible_disclosure": true, "nearest_station_name": "善行", "nearest_station_distance_m": 1592.207230917651, "nearest_bus_stop_name": "俣野子どもの家", "nearest_bus_stop_distance_m": 782.04020314056424, "nearest_public_transport_type": "bus_stop", "nearest_public_transport_name": "俣野子どもの家", "nearest_public_transport_distance_m": 782.04020314056424, "nearest_medical_name": "医療法人社団門山医院", "nearest_medical_distance_m": 818.94548328125927, "nearest_hospital_name": "湘南長寿園病院", "nearest_medical_access_class": "likely_public", "nearest_hospital_distance_m": 1628.4239454516965, "nearest_clinic_name": "医療法人社団門山医院", "nearest_clinic_distance_m": 818.94548328125927, "elderly_population_percentile": "<NA>", "elderly_ratio_percentile": "<NA>", "transport_distance_percentile": "<NA>", "medical_distance_percentile": "<NA>", "exploratory_score_a": "<NA>", "exploratory_score_b": "<NA>", "exploratory_score_c": "<NA>", "rank_a_unfiltered": "<NA>", "rank_b_unfiltered": "<NA>", "rank_c_unfiltered": "<NA>", "pareto_frontier": "<NA>", "eligibility_population_threshold": true, "eligibility_elderly_threshold": true, "primary_eligible": false, "rank": null }, "geometry": { "type": "Polygon", "coordinates": [ [ [ 139.4875, 35.3625 ], [ 139.49375, 35.3625 ], [ 139.49375, 35.366666666666674 ], [ 139.4875, 35.366666666666674 ], [ 139.4875, 35.3625 ] ] ] } },
{ "type": "Feature", "properties": { "mesh_code": "533903441", "centroid_lat": 35.36875, "centroid_lon": 139.428125, "city_area_fraction": 0.058790836776170412, "centroid_within_city": false, "population": 525, "elderly_population": 139.0, "reported_elderly_population": 139.0, "elderly_ratio": 0.26476190476190475, "HTKSYORI": "0", "HTKSAKI": null, "GASSAN": null, "disclosure_status": "unaffected", "suppression_flag": false, "aggregation_target_flag": false, "aggregation_flag": false, "primary_eligible_disclosure": true, "nearest_station_name": "辻堂", "nearest_station_distance_m": 3890.5266875807233, "nearest_bus_stop_name": "大辻", "nearest_bus_stop_distance_m": 250.16690157631038, "nearest_public_transport_type": "bus_stop", "nearest_public_transport_name": "大辻", "nearest_public_transport_distance_m": 250.16690157631038, "nearest_medical_name": "窪島医院", "nearest_medical_distance_m": 581.79955723424075, "nearest_hospital_name": "村田会湘南大庭病院", "nearest_medical_access_class": "likely_public", "nearest_hospital_distance_m": 1970.9305015956722, "nearest_clinic_name": "窪島医院", "nearest_clinic_distance_m": 581.79955723424075, "elderly_population_percentile": "<NA>", "elderly_ratio_percentile": "<NA>", "transport_distance_percentile": "<NA>", "medical_distance_percentile": "<NA>", "exploratory_score_a": "<NA>", "exploratory_score_b": "<NA>", "exploratory_score_c": "<NA>", "rank_a_unfiltered": "<NA>", "rank_b_unfiltered": "<NA>", "rank_c_unfiltered": "<NA>", "pareto_frontier": "<NA>", "eligibility_population_threshold": true, "eligibility_elderly_threshold": true, "primary_eligible": false, "rank": null }, "geometry": { "type": "Polygon", "coordinates": [ [ [ 139.425, 35.366666666666667 ], [ 139.43125, 35.366666666666667 ], [ 139.43125, 35.370833333333337 ], [ 139.425, 35.370833333333337 ], [ 139.425, 35.366666666666667 ] ] ] } },
{ "type": "Feature", "properties": { "mesh_code": "533903442", "centroid_lat": 35.36875, "centroid_lon": 139.434375, "city_area_fraction": 0.4235469877587788, "centroid_within_city": true, "population": 1926, "elderly_population": 771.0, "reported_elderly_population": 771.0, "elderly_ratio": 0.40031152647975077, "HTKSYORI": "0", "HTKSAKI": null, "GASSAN": null, "disclosure_status": "unaffected", "suppression_flag": false, "aggregation_target_flag": false, "aggregation_flag": false, "primary_eligible_disclosure": true, "nearest_station_name": "善行", "nearest_station_distance_m": 3600.1718061931724, "nearest_bus_stop_name": "南大平", "nearest_bus_stop_distance_m": 21.316739289691359, "nearest_public_transport_type": "bus_stop", "nearest_public_transport_name": "南大平", "nearest_public_transport_distance_m": 21.316739289691359, "nearest_medical_name": "武内整形外科医院", "nearest_medical_distance_m": 103.00534492659102, "nearest_hospital_name": "村田会湘南大庭病院", "nearest_medical_access_class": "likely_public", "nearest_hospital_distance_m": 1406.8096063092942, "nearest_clinic_name": "武内整形外科医院", "nearest_clinic_distance_m": 103.00534492659102, "elderly_population_percentile": "0.8973384030418251", "elderly_ratio_percentile": "0.9391634980988594", "transport_distance_percentile": "0.015209125475285171", "medical_distance_percentile": "0.11787072243346007", "exploratory_score_a": "0.013647732365655134", "exploratory_score_b": "0.10576992583382729", "exploratory_score_c": "0.0016086680735182856", "rank_a_unfiltered": "250", "rank_b_unfiltered": "180", "rank_c_unfiltered": "256", "pareto_frontier": "False", "eligibility_population_threshold": true, "eligibility_elderly_threshold": true, "primary_eligible": true, "rank": 254 }, "geometry": { "type": "Polygon", "coordinates": [ [ [ 139.43125, 35.366666666666667 ], [ 139.4375, 35.366666666666667 ], [ 139.4375, 35.370833333333337 ], [ 139.43125, 35.370833333333337 ], [ 139.43125, 35.366666666666667 ] ] ] } },
{ "type": "Feature", "properties": { "mesh_code": "533903443", "centroid_lat": 35.372916666666669, "centroid_lon": 139.428125, "city_area_fraction": 0.30773582496884372, "centroid_within_city": false, "population": 1220, "elderly_population": 464.0, "reported_elderly_population": 464.0, "elderly_ratio": 0.38032786885245901, "HTKSYORI": "0", "HTKSAKI": null, "GASSAN": null, "disclosure_status": "unaffected", "suppression_flag": false, "aggregation_target_flag": false, "aggregation_flag": false, "primary_eligible_disclosure": true, "nearest_station_name": "六会日大前", "nearest_station_distance_m": 4053.5796519889145, "nearest_bus_stop_name": "小出一本松", "nearest_bus_stop_distance_m": 193.76535134447946, "nearest_public_transport_type": "bus_stop", "nearest_public_transport_name": "小出一本松", "nearest_public_transport_distance_m": 193.76535134447946, "nearest_medical_name": "窪島医院", "nearest_medical_distance_m": 214.90232634599224, "nearest_hospital_name": "医療法人社団　健育会　湘南慶育病院", "nearest_medical_access_class": "likely_public", "nearest_hospital_distance_m": 2021.5629046850756, "nearest_clinic_name": "窪島医院", "nearest_clinic_distance_m": 214.90232634599224, "elderly_population_percentile": "<NA>", "elderly_ratio_percentile": "<NA>", "transport_distance_percentile": "<NA>", "medical_distance_percentile": "<NA>", "exploratory_score_a": "<NA>", "exploratory_score_b": "<NA>", "exploratory_score_c": "<NA>", "rank_a_unfiltered": "<NA>", "rank_b_unfiltered": "<NA>", "rank_c_unfiltered": "<NA>", "pareto_frontier": "<NA>", "eligibility_population_threshold": true, "eligibility_elderly_threshold": true, "primary_eligible": false, "rank": null }, "geometry": { "type": "Polygon", "coordinates": [ [ [ 139.425, 35.370833333333337 ], [ 139.43125, 35.370833333333337 ], [ 139.43125, 35.375 ], [ 139.425, 35.375 ], [ 139.425, 35.370833333333337 ] ] ] } },
{ "type": "Feature", "properties": { "mesh_code": "533903444", "centroid_lat": 35.372916666666669, "centroid_lon": 139.434375, "city_area_fraction": 0.81973265228606151, "centroid_within_city": true, "population": 2260, "elderly_population": 1014.0, "reported_elderly_population": 1014.0, "elderly_ratio": 0.4486725663716814, "HTKSYORI": "0", "HTKSAKI": null, "GASSAN": null, "disclosure_status": "unaffected", "suppression_flag": false, "aggregation_target_flag": false, "aggregation_flag": false, "primary_eligible_disclosure": true, "nearest_station_name": "六会日大前", "nearest_station_distance_m": 3515.3549088136347, "nearest_bus_stop_name": "滝の沢不動前", "nearest_bus_stop_distance_m": 220.04379719588854, "nearest_public_transport_type": "bus_stop", "nearest_public_transport_name": "滝の沢不動前", "nearest_public_transport_distance_m": 220.04379719588854, "nearest_medical_name": "医療法人社団　エス・ジー・シー　櫻井胃腸科クリニック", "nearest_medical_distance_m": 220.49231703154626, "nearest_hospital_name": "村田会湘南大庭病院", "nearest_medical_access_class": "likely_public", "nearest_hospital_distance_m": 1539.74998364723, "nearest_clinic_name": "医療法人社団　エス・ジー・シー　櫻井胃腸科クリニック", "nearest_clinic_distance_m": 220.49231703154626, "elderly_population_percentile": "0.9695817490494296", "elderly_ratio_percentile": "0.973384030418251", "transport_distance_percentile": "0.5779467680608364", "medical_distance_percentile": "0.3155893536121673", "exploratory_score_a": "0.5603666382338909", "exploratory_score_b": "0.30598967745666406", "exploratory_score_c": "0.1768457451460568", "rank_a_unfiltered": "23", "rank_b_unfiltered": "69", "rank_c_unfiltered": "56", "pareto_frontier": "False", "eligibility_population_threshold": true, "eligibility_elderly_threshold": true, "primary_eligible": true, "rank": 56 }, "geometry": { "type": "Polygon", "coordinates": [ [ [ 139.43125, 35.370833333333337 ], [ 139.4375, 35.370833333333337 ], [ 139.4375, 35.375 ], [ 139.43125, 35.375 ], [ 139.43125, 35.370833333333337 ] ] ] } },
{ "type": "Feature", "properties": { "mesh_code": "533903451", "centroid_lat": 35.36875, "centroid_lon": 139.440625, "city_area_fraction": 0.67122062538813732, "centroid_within_city": false, "population": 3101, "elderly_population": 1095.0, "reported_elderly_population": 1095.0, "elderly_ratio": 0.35311189938729443, "HTKSYORI": "0", "HTKSAKI": null, "GASSAN": null, "disclosure_status": "unaffected", "suppression_flag": false, "aggregation_target_flag": false, "aggregation_flag": false, "primary_eligible_disclosure": true, "nearest_station_name": "善行", "nearest_station_distance_m": 3044.4407972639333, "nearest_bus_stop_name": "滝の沢小学校前", "nearest_bus_stop_distance_m": 307.5725856726599, "nearest_public_transport_type": "bus_stop", "nearest_public_transport_name": "滝の沢小学校前", "nearest_public_transport_distance_m": 307.5725856726599, "nearest_medical_name": "医療法人社団恵信会　よしむら耳鼻咽喉科・内科・呼吸器内科", "nearest_medical_distance_m": 275.70429499741567, "nearest_hospital_name": "村田会湘南大庭病院", "nearest_medical_access_class": "likely_public", "nearest_hospital_distance_m": 847.80169677421588, "nearest_clinic_name": "医療法人社団恵信会　よしむら耳鼻咽喉科・内科・呼吸器内科", "nearest_clinic_distance_m": 275.70429499741567, "elderly_population_percentile": "<NA>", "elderly_ratio_percentile": "<NA>", "transport_distance_percentile": "<NA>", "medical_distance_percentile": "<NA>", "exploratory_score_a": "<NA>", "exploratory_score_b": "<NA>", "exploratory_score_c": "<NA>", "rank_a_unfiltered": "<NA>", "rank_b_unfiltered": "<NA>", "rank_c_unfiltered": "<NA>", "pareto_frontier": "<NA>", "eligibility_population_threshold": true, "eligibility_elderly_threshold": true, "primary_eligible": false, "rank": null }, "geometry": { "type": "Polygon", "coordinates": [ [ [ 139.4375, 35.366666666666667 ], [ 139.44375, 35.366666666666667 ], [ 139.44375, 35.370833333333337 ], [ 139.4375, 35.370833333333337 ], [ 139.4375, 35.366666666666667 ] ] ] } },
{ "type": "Feature", "properties": { "mesh_code": "533903452", "centroid_lat": 35.36875, "centroid_lon": 139.446875, "city_area_fraction": 1.0, "centroid_within_city": true, "population": 3008, "elderly_population": 1276.0, "reported_elderly_population": 1276.0, "elderly_ratio": 0.42420212765957449, "HTKSYORI": "0", "HTKSAKI": null, "GASSAN": null, "disclosure_status": "unaffected", "suppression_flag": false, "aggregation_target_flag": false, "aggregation_flag": false, "primary_eligible_disclosure": true, "nearest_station_name": "善行", "nearest_station_distance_m": 2494.2225430863314, "nearest_bus_stop_name": "二番構保健医療センター", "nearest_bus_stop_distance_m": 34.250752403819021, "nearest_public_transport_type": "bus_stop", "nearest_public_transport_name": "二番構保健医療センター", "nearest_public_transport_distance_m": 34.250752403819021, "nearest_medical_name": "藤沢市保健医療センター診療所", "nearest_medical_distance_m": 124.81458714764015, "nearest_hospital_name": "村田会湘南大庭病院", "nearest_medical_access_class": "likely_public", "nearest_hospital_distance_m": 321.7598621938406, "nearest_clinic_name": "藤沢市保健医療センター診療所", "nearest_clinic_distance_m": 124.81458714764015, "elderly_population_percentile": "1.0", "elderly_ratio_percentile": "0.9543726235741445", "transport_distance_percentile": "0.022813688212927757", "medical_distance_percentile": "0.155893536121673", "exploratory_score_a": "0.022813688212927757", "exploratory_score_b": "0.155893536121673", "exploratory_score_c": "0.003556506527490639", "rank_a_unfiltered": "242", "rank_b_unfiltered": "144", "rank_c_unfiltered": "250", "pareto_frontier": "True", "eligibility_population_threshold": true, "eligibility_elderly_threshold": true, "primary_eligible": true, "rank": 250 }, "geometry": { "type": "Polygon", "coordinates": [ [ [ 139.44375, 35.366666666666667 ], [ 139.45, 35.366666666666667 ], [ 139.45, 35.370833333333337 ], [ 139.44375, 35.370833333333337 ], [ 139.44375, 35.366666666666667 ] ] ] } },
{ "type": "Feature", "properties": { "mesh_code": "533903453", "centroid_lat": 35.372916666666669, "centroid_lon": 139.440625, "city_area_fraction": 1.0, "centroid_within_city": true, "population": 2185, "elderly_population": 576.0, "reported_elderly_population": 576.0, "elderly_ratio": 0.26361556064073227, "HTKSYORI": "0", "HTKSAKI": null, "GASSAN": null, "disclosure_status": "unaffected", "suppression_flag": false, "aggregation_target_flag": false, "aggregation_flag": false, "primary_eligible_disclosure": true, "nearest_station_name": "六会日大前", "nearest_station_distance_m": 2988.1223411369901, "nearest_bus_stop_name": "滝の沢", "nearest_bus_stop_distance_m": 155.33225431883315, "nearest_public_transport_type": "bus_stop", "nearest_public_transport_name": "滝の沢", "nearest_public_transport_distance_m": 155.33225431883315, "nearest_medical_name": "医療法人社団恵信会　よしむら耳鼻咽喉科・内科・呼吸器内科", "nearest_medical_distance_m": 381.15514164542299, "nearest_hospital_name": "村田会湘南大庭病院", "nearest_medical_access_class": "likely_public", "nearest_hospital_distance_m": 1053.8259056074944, "nearest_clinic_name": "医療法人社団恵信会　よしむら耳鼻咽喉科・内科・呼吸器内科", "nearest_clinic_distance_m": 381.15514164542299, "elderly_population_percentile": "0.6920152091254753", "elderly_ratio_percentile": "0.5665399239543726", "transport_distance_percentile": "0.3650190114068441", "medical_distance_percentile": "0.6045627376425855", "exploratory_score_a": "0.2525987075134815", "exploratory_score_b": "0.41836660931920366", "exploratory_score_c": "0.1527117661393291", "rank_a_unfiltered": "94", "rank_b_unfiltered": "29", "rank_c_unfiltered": "70", "pareto_frontier": "False", "eligibility_population_threshold": true, "eligibility_elderly_threshold": true, "primary_eligible": true, "rank": 70 }, "geometry": { "type": "Polygon", "coordinates": [ [ [ 139.4375, 35.370833333333337 ], [ 139.44375, 35.370833333333337 ], [ 139.44375, 35.375 ], [ 139.4375, 35.375 ], [ 139.4375, 35.370833333333337 ] ] ] } },
{ "type": "Feature", "properties": { "mesh_code": "533903454", "centroid_lat": 35.372916666666669, "centroid_lon": 139.446875, "city_area_fraction": 1.0, "centroid_within_city": true, "population": 3641, "elderly_population": 1114.0, "reported_elderly_population": 1114.0, "elderly_ratio": 0.30595990112606425, "HTKSYORI": "0", "HTKSAKI": null, "GASSAN": null, "disclosure_status": "unaffected", "suppression_flag": false, "aggregation_target_flag": false, "aggregation_flag": false, "primary_eligible_disclosure": true, "nearest_station_name": "六会日大前", "nearest_station_distance_m": 2478.9053995175823, "nearest_bus_stop_name": "駒寄住宅北", "nearest_bus_stop_distance_m": 60.185737786817064, "nearest_public_transport_type": "bus_stop", "nearest_public_transport_name": "駒寄住宅北", "nearest_public_transport_distance_m": 60.185737786817064, "nearest_medical_name": "医療法人社団　青木内科", "nearest_medical_distance_m": 358.81231751049171, "nearest_hospital_name": "村田会湘南大庭病院", "nearest_medical_access_class": "likely_public", "nearest_hospital_distance_m": 703.80548262724358, "nearest_clinic_name": "医療法人社団　青木内科", "nearest_clinic_distance_m": 358.81231751049171, "elderly_population_percentile": "0.9885931558935361", "elderly_ratio_percentile": "0.7718631178707225", "transport_distance_percentile": "0.060836501901140684", "medical_distance_percentile": "0.5741444866920152", "exploratory_score_a": "0.06014254940797178", "exploratory_score_b": "0.5675953100377337", "exploratory_score_c": "0.03453051315818912", "rank_a_unfiltered": "205", "rank_b_unfiltered": "12", "rank_c_unfiltered": "175", "pareto_frontier": "True", "eligibility_population_threshold": true, "eligibility_elderly_threshold": true, "primary_eligible": true, "rank": 175 }, "geometry": { "type": "Polygon", "coordinates": [ [ [ 139.44375, 35.370833333333337 ], [ 139.45, 35.370833333333337 ], [ 139.45, 35.375 ], [ 139.44375, 35.375 ], [ 139.44375, 35.370833333333337 ] ] ] } },
{ "type": "Feature", "properties": { "mesh_code": "533903461", "centroid_lat": 35.36875, "centroid_lon": 139.453125, "city_area_fraction": 0.99999999999999978, "centroid_within_city": true, "population": 1287, "elderly_population": 308.0, "reported_elderly_population": 308.0, "elderly_ratio": 0.23931623931623933, "HTKSYORI": "0", "HTKSAKI": null, "GASSAN": null, "disclosure_status": "unaffected", "suppression_flag": false, "aggregation_target_flag": false, "aggregation_flag": false, "primary_eligible_disclosure": true, "nearest_station_name": "善行", "nearest_station_distance_m": 1954.1788665178851, "nearest_bus_stop_name": "北の谷", "nearest_bus_stop_distance_m": 121.03763330123492, "nearest_public_transport_type": "bus_stop", "nearest_public_transport_name": "北の谷", "nearest_public_transport_distance_m": 121.03763330123492, "nearest_medical_name": "藤沢愛光園附属診療所", "nearest_medical_distance_m": 335.92449320617641, "nearest_hospital_name": "村田会湘南大庭病院", "nearest_medical_access_class": "likely_public", "nearest_hospital_distance_m": 365.2360644517068, "nearest_clinic_name": "藤沢愛光園附属診療所", "nearest_clinic_distance_m": 335.92449320617641, "elderly_population_percentile": "0.43346007604562736", "elderly_ratio_percentile": "0.40304182509505704", "transport_distance_percentile": "0.23954372623574144", "medical_distance_percentile": "0.532319391634981", "exploratory_score_a": "0.10383264179039743", "exploratory_score_b": "0.23073920397866096", "exploratory_score_c": "0.05527212870971726", "rank_a_unfiltered": "173", "rank_b_unfiltered": "104", "rank_c_unfiltered": "150", "pareto_frontier": "False", "eligibility_population_threshold": true, "eligibility_elderly_threshold": true, "primary_eligible": true, "rank": 150 }, "geometry": { "type": "Polygon", "coordinates": [ [ [ 139.45, 35.366666666666667 ], [ 139.45625, 35.366666666666667 ], [ 139.45625, 35.370833333333337 ], [ 139.45, 35.370833333333337 ], [ 139.45, 35.366666666666667 ] ] ] } },
{ "type": "Feature", "properties": { "mesh_code": "533903462", "centroid_lat": 35.36875, "centroid_lon": 139.459375, "city_area_fraction": 1.0, "centroid_within_city": true, "population": 476, "elderly_population": 186.0, "reported_elderly_population": 186.0, "elderly_ratio": 0.3907563025210084, "HTKSYORI": "0", "HTKSAKI": null, "GASSAN": null, "disclosure_status": "unaffected", "suppression_flag": false, "aggregation_target_flag": false, "aggregation_flag": false, "primary_eligible_disclosure": true, "nearest_station_name": "善行", "nearest_station_distance_m": 1435.8362228307858, "nearest_bus_stop_name": "善行団地", "nearest_bus_stop_distance_m": 328.50324066639547, "nearest_public_transport_type": "bus_stop", "nearest_public_transport_name": "善行団地", "nearest_public_transport_distance_m": 328.50324066639547, "nearest_medical_name": "善行団地石川医院", "nearest_medical_distance_m": 535.78588951667962, "nearest_hospital_name": "村田会湘南大庭病院", "nearest_medical_access_class": "likely_public", "nearest_hospital_distance_m": 899.09437510266559, "nearest_clinic_name": "善行団地石川医院", "nearest_clinic_distance_m": 535.78588951667962, "elderly_population_percentile": "0.3193916349809886", "elderly_ratio_percentile": "0.908745247148289", "transport_distance_percentile": "0.7984790874524715", "medical_distance_percentile": "0.8022813688212928", "exploratory_score_a": "0.25502754123957266", "exploratory_score_b": "0.25624195810261824", "exploratory_score_c": "0.20460384487281305", "rank_a_unfiltered": "93", "rank_b_unfiltered": "90", "rank_c_unfiltered": "40", "pareto_frontier": "False", "eligibility_population_threshold": true, "eligibility_elderly_threshold": true, "primary_eligible": true, "rank": 40 }, "geometry": { "type": "Polygon", "coordinates": [ [ [ 139.45625, 35.366666666666667 ], [ 139.4625, 35.366666666666667 ], [ 139.4625, 35.370833333333337 ], [ 139.45625, 35.370833333333337 ], [ 139.45625, 35.366666666666667 ] ] ] } },
{ "type": "Feature", "properties": { "mesh_code": "533903463", "centroid_lat": 35.372916666666669, "centroid_lon": 139.453125, "city_area_fraction": 1.0, "centroid_within_city": true, "population": 1481, "elderly_population": 199.0, "reported_elderly_population": 199.0, "elderly_ratio": 0.13436866981769074, "HTKSYORI": "0", "HTKSAKI": null, "GASSAN": null, "disclosure_status": "unaffected", "suppression_flag": false, "aggregation_target_flag": false, "aggregation_flag": false, "primary_eligible_disclosure": true, "nearest_station_name": "六会日大前", "nearest_station_distance_m": 2001.5018680870494, "nearest_bus_stop_name": "石川橋", "nearest_bus_stop_distance_m": 131.00946698693008, "nearest_public_transport_type": "bus_stop", "nearest_public_transport_name": "石川橋", "nearest_public_transport_distance_m": 131.00946698693008, "nearest_medical_name": "高橋まことクリニック", "nearest_medical_distance_m": 431.79148338199593, "nearest_hospital_name": "村田会湘南大庭病院", "nearest_medical_access_class": "likely_public", "nearest_hospital_distance_m": 724.71263628329302, "nearest_clinic_name": "高橋まことクリニック", "nearest_clinic_distance_m": 431.79148338199593, "elderly_population_percentile": "0.34600760456273766", "elderly_ratio_percentile": "0.011406844106463879", "transport_distance_percentile": "0.2737642585551331", "medical_distance_percentile": "0.6920152091254753", "exploratory_score_a": "0.09472451531755556", "exploratory_score_b": "0.23944252483048767", "exploratory_score_c": "0.0655508052767875", "rank_a_unfiltered": "180", "rank_b_unfiltered": "101", "rank_c_unfiltered": "137", "pareto_frontier": "False", "eligibility_population_threshold": true, "eligibility_elderly_threshold": true, "primary_eligible": true, "rank": 137 }, "geometry": { "type": "Polygon", "coordinates": [ [ [ 139.45, 35.370833333333337 ], [ 139.45625, 35.370833333333337 ], [ 139.45625, 35.375 ], [ 139.45, 35.375 ], [ 139.45, 35.370833333333337 ] ] ] } },
{ "type": "Feature", "properties": { "mesh_code": "533903464", "centroid_lat": 35.372916666666669, "centroid_lon": 139.459375, "city_area_fraction": 0.99999999999999978, "centroid_within_city": true, "population": 349, "elderly_population": 128.0, "reported_elderly_population": 128.0, "elderly_ratio": 0.36676217765042979, "HTKSYORI": "0", "HTKSAKI": null, "GASSAN": null, "disclosure_status": "unaffected", "suppression_flag": false, "aggregation_target_flag": false, "aggregation_flag": false, "primary_eligible_disclosure": true, "nearest_station_name": "六会日大前", "nearest_station_distance_m": 1584.9250514562732, "nearest_bus_stop_name": "5号西", "nearest_bus_stop_distance_m": 329.37701741709481, "nearest_public_transport_type": "bus_stop", "nearest_public_transport_name": "5号西", "nearest_public_transport_distance_m": 329.37701741709481, "nearest_medical_name": "特別養護老人ホームグリーンライフ湘南ホーム診療所", "nearest_medical_distance_m": 500.85406775043396, "nearest_hospital_name": "村田会湘南大庭病院", "nearest_medical_access_class": "likely_public", "nearest_hospital_distance_m": 1095.5121357680459, "nearest_clinic_name": "特別養護老人ホームグリーンライフ湘南ホーム診療所", "nearest_clinic_distance_m": 500.85406775043396, "elderly_population_percentile": "0.2585551330798479", "elderly_ratio_percentile": "0.8821292775665399", "transport_distance_percentile": "0.8022813688212928", "medical_distance_percentile": "0.7604562737642585", "exploratory_score_a": "0.20743396608307188", "exploratory_score_b": "0.1966198730645231", "exploratory_score_c": "0.15774446089967442", "rank_a_unfiltered": "118", "rank_b_unfiltered": "116", "rank_c_unfiltered": "65", "pareto_frontier": "False", "eligibility_population_threshold": true, "eligibility_elderly_threshold": true, "primary_eligible": true, "rank": 65 }, "geometry": { "type": "Polygon", "coordinates": [ [ [ 139.45625, 35.370833333333337 ], [ 139.4625, 35.370833333333337 ], [ 139.4625, 35.375 ], [ 139.45625, 35.375 ], [ 139.45625, 35.370833333333337 ] ] ] } },
{ "type": "Feature", "properties": { "mesh_code": "533903471", "centroid_lat": 35.36875, "centroid_lon": 139.465625, "city_area_fraction": 1.0, "centroid_within_city": true, "population": 2946, "elderly_population": 1269.0, "reported_elderly_population": 1269.0, "elderly_ratio": 0.43075356415478616, "HTKSYORI": "0", "HTKSAKI": null, "GASSAN": null, "disclosure_status": "unaffected", "suppression_flag": false, "aggregation_target_flag": false, "aggregation_flag": false, "primary_eligible_disclosure": true, "nearest_station_name": "善行", "nearest_station_distance_m": 974.46242037516504, "nearest_bus_stop_name": "2街区グラウンド前", "nearest_bus_stop_distance_m": 93.868625684666341, "nearest_public_transport_type": "bus_stop", "nearest_public_transport_name": "2街区グラウンド前", "nearest_public_transport_distance_m": 93.868625684666341, "nearest_medical_name": "善行団地石川医院", "nearest_medical_distance_m": 176.82239024638238, "nearest_hospital_name": "村田会湘南大庭病院", "nearest_medical_access_class": "likely_public", "nearest_hospital_distance_m": 1458.9202929820055, "nearest_clinic_name": "善行団地石川医院", "nearest_clinic_distance_m": 176.82239024638238, "elderly_population_percentile": "0.9961977186311787", "elderly_ratio_percentile": "0.9581749049429658", "transport_distance_percentile": "0.1520912547528517", "medical_distance_percentile": "0.23954372623574144", "exploratory_score_a": "0.15151296100854428", "exploratory_score_b": "0.23863291358845723", "exploratory_score_c": "0.0362939792529973", "rank_a_unfiltered": "143", "rank_b_unfiltered": "102", "rank_c_unfiltered": "171", "pareto_frontier": "True", "eligibility_population_threshold": true, "eligibility_elderly_threshold": true, "primary_eligible": true, "rank": 171 }, "geometry": { "type": "Polygon", "coordinates": [ [ [ 139.4625, 35.366666666666667 ], [ 139.46875, 35.366666666666667 ], [ 139.46875, 35.370833333333337 ], [ 139.4625, 35.370833333333337 ], [ 139.4625, 35.366666666666667 ] ] ] } },
{ "type": "Feature", "properties": { "mesh_code": "533903472", "centroid_lat": 35.36875, "centroid_lon": 139.471875, "city_area_fraction": 1.0, "centroid_within_city": true, "population": 2518, "elderly_population": 618.0, "reported_elderly_population": 618.0, "elderly_ratio": 0.2454328832406672, "HTKSYORI": "0", "HTKSAKI": null, "GASSAN": null, "disclosure_status": "unaffected", "suppression_flag": false, "aggregation_target_flag": false, "aggregation_flag": false, "primary_eligible_disclosure": true, "nearest_station_name": "善行", "nearest_station_distance_m": 694.74324396601673, "nearest_bus_stop_name": "善行台", "nearest_bus_stop_distance_m": 113.32282013922428, "nearest_public_transport_type": "bus_stop", "nearest_public_transport_name": "善行台", "nearest_public_transport_distance_m": 113.32282013922428, "nearest_medical_name": "青木医院", "nearest_medical_distance_m": 276.98567801724772, "nearest_hospital_name": "湘南長寿園病院", "nearest_medical_access_class": "likely_public", "nearest_hospital_distance_m": 1935.1693071489392, "nearest_clinic_name": "青木医院", "nearest_clinic_distance_m": 276.98567801724772, "elderly_population_percentile": "0.7376425855513308", "elderly_ratio_percentile": "0.4600760456273764", "transport_distance_percentile": "0.20912547528517111", "medical_distance_percentile": "0.42585551330798477", "exploratory_score_a": "0.15425985629400454", "exploratory_score_b": "0.31412916190779105", "exploratory_score_c": "0.06569241028489926", "rank_a_unfiltered": "139", "rank_b_unfiltered": "66", "rank_c_unfiltered": "135", "pareto_frontier": "False", "eligibility_population_threshold": true, "eligibility_elderly_threshold": true, "primary_eligible": true, "rank": 135 }, "geometry": { "type": "Polygon", "coordinates": [ [ [ 139.46875, 35.366666666666667 ], [ 139.475, 35.366666666666667 ], [ 139.475, 35.370833333333337 ], [ 139.46875, 35.370833333333337 ], [ 139.46875, 35.366666666666667 ] ] ] } },
{ "type": "Feature", "properties": { "mesh_code": "533903473", "centroid_lat": 35.372916666666669, "centroid_lon": 139.465625, "city_area_fraction": 1.0, "centroid_within_city": true, "population": 349, "elderly_population": 174.0, "reported_elderly_population": 174.0, "elderly_ratio": 0.49856733524355301, "HTKSYORI": "0", "HTKSAKI": null, "GASSAN": null, "disclosure_status": "unaffected", "suppression_flag": false, "aggregation_target_flag": false, "aggregation_flag": false, "primary_eligible_disclosure": true, "nearest_station_name": "六会日大前", "nearest_station_distance_m": 1289.5363967441012, "nearest_bus_stop_name": "天神町7号", "nearest_bus_stop_distance_m": 232.28115691512542, "nearest_public_transport_type": "bus_stop", "nearest_public_transport_name": "天神町7号", "nearest_public_transport_distance_m": 232.28115691512542, "nearest_medical_name": "特別養護老人ホームグリーンライフ湘南ホーム診療所", "nearest_medical_distance_m": 114.64654522150012, "nearest_hospital_name": "村田会湘南大庭病院", "nearest_medical_access_class": "likely_public", "nearest_hospital_distance_m": 1587.5000899032123, "nearest_clinic_name": "特別養護老人ホームグリーンライフ湘南ホーム診療所", "nearest_clinic_distance_m": 114.64654522150012, "elderly_population_percentile": "0.30798479087452474", "elderly_ratio_percentile": "0.9923954372623575", "transport_distance_percentile": "0.6159695817490495", "medical_distance_percentile": "0.1444866920152091", "exploratory_score_a": "0.18970926282004946", "exploratory_score_b": "0.044499703624456044", "exploratory_score_c": "0.027410463829512847", "rank_a_unfiltered": "122", "rank_b_unfiltered": "220", "rank_c_unfiltered": "189", "pareto_frontier": "False", "eligibility_population_threshold": true, "eligibility_elderly_threshold": true, "primary_eligible": true, "rank": 189 }, "geometry": { "type": "Polygon", "coordinates": [ [ [ 139.4625, 35.370833333333337 ], [ 139.46875, 35.370833333333337 ], [ 139.46875, 35.375 ], [ 139.4625, 35.375 ], [ 139.4625, 35.370833333333337 ] ] ] } },
{ "type": "Feature", "properties": { "mesh_code": "533903474", "centroid_lat": 35.372916666666669, "centroid_lon": 139.471875, "city_area_fraction": 1.0000000000000002, "centroid_within_city": true, "population": 250, "elderly_population": 69.0, "reported_elderly_population": 69.0, "elderly_ratio": 0.276, "HTKSYORI": "0", "HTKSAKI": null, "GASSAN": null, "disclosure_status": "unaffected", "suppression_flag": false, "aggregation_target_flag": false, "aggregation_flag": false, "primary_eligible_disclosure": true, "nearest_station_name": "善行", "nearest_station_distance_m": 1152.2918240139043, "nearest_bus_stop_name": "善行台", "nearest_bus_stop_distance_m": 470.22861615857028, "nearest_public_transport_type": "bus_stop", "nearest_public_transport_name": "善行台", "nearest_public_transport_distance_m": 470.22861615857028, "nearest_medical_name": "特別養護老人ホーム睦愛園医務室", "nearest_medical_distance_m": 585.3587415890612, "nearest_hospital_name": "医療法人社団いしずえ　湘南敬愛病院", "nearest_medical_access_class": "uncertain_access", "nearest_hospital_distance_m": 2076.5900400316123, "nearest_clinic_name": "特別養護老人ホーム睦愛園医務室", "nearest_clinic_distance_m": 585.3587415890612, "elderly_population_percentile": "0.13498098859315588", "elderly_ratio_percentile": "0.629277566539924", "transport_distance_percentile": "0.9201520912547528", "medical_distance_percentile": "0.8250950570342205", "exploratory_score_a": "0.12420303893362632", "exploratory_score_b": "0.11137214648180542", "exploratory_score_c": "0.10247931349276392", "rank_a_unfiltered": "160", "rank_b_unfiltered": "176", "rank_c_unfiltered": "99", "pareto_frontier": "False", "eligibility_population_threshold": true, "eligibility_elderly_threshold": true, "primary_eligible": true, "rank": 99 }, "geometry": { "type": "Polygon", "coordinates": [ [ [ 139.46875, 35.370833333333337 ], [ 139.475, 35.370833333333337 ], [ 139.475, 35.375 ], [ 139.46875, 35.375 ], [ 139.46875, 35.370833333333337 ] ] ] } },
{ "type": "Feature", "properties": { "mesh_code": "533903481", "centroid_lat": 35.36875, "centroid_lon": 139.478125, "city_area_fraction": 1.0, "centroid_within_city": true, "population": 1698, "elderly_population": 571.0, "reported_elderly_population": 571.0, "elderly_ratio": 0.33627797408716137, "HTKSYORI": "0", "HTKSAKI": null, "GASSAN": null, "disclosure_status": "unaffected", "suppression_flag": false, "aggregation_target_flag": false, "aggregation_flag": false, "primary_eligible_disclosure": true, "nearest_station_name": "善行", "nearest_station_distance_m": 812.95649241878084, "nearest_bus_stop_name": "亀井野団地", "nearest_bus_stop_distance_m": 199.83066664676471, "nearest_public_transport_type": "bus_stop", "nearest_public_transport_name": "亀井野団地", "nearest_public_transport_distance_m": 199.83066664676471, "nearest_medical_name": "善行クリニック", "nearest_medical_distance_m": 345.13232266211128, "nearest_hospital_name": "湘南長寿園病院", "nearest_medical_access_class": "likely_public", "nearest_hospital_distance_m": 1792.6419701788705, "nearest_clinic_name": "善行クリニック", "nearest_clinic_distance_m": 345.13232266211128, "elderly_population_percentile": "0.688212927756654", "elderly_ratio_percentile": "0.8288973384030418", "transport_distance_percentile": "0.5399239543726235", "medical_distance_percentile": "0.5475285171102662", "exploratory_score_a": "0.3715826454047333", "exploratory_score_b": "0.3768162037907155", "exploratory_score_c": "0.20345209482236348", "rank_a_unfiltered": "56", "rank_b_unfiltered": "40", "rank_c_unfiltered": "41", "pareto_frontier": "False", "eligibility_population_threshold": true, "eligibility_elderly_threshold": true, "primary_eligible": true, "rank": 41 }, "geometry": { "type": "Polygon", "coordinates": [ [ [ 139.475, 35.366666666666667 ], [ 139.48125, 35.366666666666667 ], [ 139.48125, 35.370833333333337 ], [ 139.475, 35.370833333333337 ], [ 139.475, 35.366666666666667 ] ] ] } },
{ "type": "Feature", "properties": { "mesh_code": "533903482", "centroid_lat": 35.36875, "centroid_lon": 139.484375, "city_area_fraction": 1.0, "centroid_within_city": true, "population": 826, "elderly_population": 241.0, "reported_elderly_population": 241.0, "elderly_ratio": 0.29176755447941888, "HTKSYORI": "0", "HTKSAKI": null, "GASSAN": null, "disclosure_status": "unaffected", "suppression_flag": false, "aggregation_target_flag": false, "aggregation_flag": false, "primary_eligible_disclosure": true, "nearest_station_name": "善行", "nearest_station_distance_m": 1218.304714789808, "nearest_bus_stop_name": "新田", "nearest_bus_stop_distance_m": 136.20108830585139, "nearest_public_transport_type": "bus_stop", "nearest_public_transport_name": "新田", "nearest_public_transport_distance_m": 136.20108830585139, "nearest_medical_name": "医療法人社団門山医院", "nearest_medical_distance_m": 451.77584796800249, "nearest_hospital_name": "湘南長寿園病院", "nearest_medical_access_class": "likely_public", "nearest_hospital_distance_m": 1824.1347216530614, "nearest_clinic_name": "医療法人社団門山医院", "nearest_clinic_distance_m": 451.77584796800249, "elderly_population_percentile": "0.376425855513308", "elderly_ratio_percentile": "0.6996197718631179", "transport_distance_percentile": "0.2965779467680608", "medical_distance_percentile": "0.7110266159695817", "exploratory_score_a": "0.11163960733854761", "exploratory_score_b": "0.2676488022090821", "exploratory_score_c": "0.07937873221410038", "rank_a_unfiltered": "167", "rank_b_unfiltered": "87", "rank_c_unfiltered": "123", "pareto_frontier": "False", "eligibility_population_threshold": true, "eligibility_elderly_threshold": true, "primary_eligible": true, "rank": 123 }, "geometry": { "type": "Polygon", "coordinates": [ [ [ 139.48125, 35.366666666666667 ], [ 139.4875, 35.366666666666667 ], [ 139.4875, 35.370833333333337 ], [ 139.48125, 35.370833333333337 ], [ 139.48125, 35.366666666666667 ] ] ] } },
{ "type": "Feature", "properties": { "mesh_code": "533903483", "centroid_lat": 35.372916666666669, "centroid_lon": 139.478125, "city_area_fraction": 1.0, "centroid_within_city": true, "population": 173, "elderly_population": 64.0, "reported_elderly_population": 64.0, "elderly_ratio": 0.36994219653179189, "HTKSYORI": "0", "HTKSAKI": null, "GASSAN": null, "disclosure_status": "unaffected", "suppression_flag": false, "aggregation_target_flag": false, "aggregation_flag": false, "primary_eligible_disclosure": true, "nearest_station_name": "善行", "nearest_station_distance_m": 1227.1906885423809, "nearest_bus_stop_name": "亀井野公園", "nearest_bus_stop_distance_m": 583.50268936522309, "nearest_public_transport_type": "bus_stop", "nearest_public_transport_name": "亀井野公園", "nearest_public_transport_distance_m": 583.50268936522309, "nearest_medical_name": "神奈川県立総合療育相談センター", "nearest_medical_distance_m": 588.53358966799181, "nearest_hospital_name": "湘南長寿園病院", "nearest_medical_access_class": "likely_public", "nearest_hospital_distance_m": 2252.9461195874269, "nearest_clinic_name": "神奈川県立総合療育相談センター", "nearest_clinic_distance_m": 588.53358966799181, "elderly_population_percentile": "0.12167300380228137", "elderly_ratio_percentile": "0.8897338403041825", "transport_distance_percentile": "0.9581749049429658", "medical_distance_percentile": "0.8403041825095057", "exploratory_score_a": "0.11658401885237606", "exploratory_score_b": "0.10224233399355202", "exploratory_score_c": "0.09796603865541866", "rank_a_unfiltered": "165", "rank_b_unfiltered": "183", "rank_c_unfiltered": "104", "pareto_frontier": "False", "eligibility_population_threshold": true, "eligibility_elderly_threshold": true, "primary_eligible": true, "rank": 104 }, "geometry": { "type": "Polygon", "coordinates": [ [ [ 139.475, 35.370833333333337 ], [ 139.48125, 35.370833333333337 ], [ 139.48125, 35.375 ], [ 139.475, 35.375 ], [ 139.475, 35.370833333333337 ] ] ] } },
{ "type": "Feature", "properties": { "mesh_code": "533903484", "centroid_lat": 35.372916666666669, "centroid_lon": 139.484375, "city_area_fraction": 1.0, "centroid_within_city": true, "population": 140, "elderly_population": 35.0, "reported_elderly_population": 35.0, "elderly_ratio": 0.25, "HTKSYORI": "0", "HTKSAKI": null, "GASSAN": null, "disclosure_status": "unaffected", "suppression_flag": false, "aggregation_target_flag": false, "aggregation_flag": false, "primary_eligible_disclosure": true, "nearest_station_name": "善行", "nearest_station_distance_m": 1526.2117842372165, "nearest_bus_stop_name": "俣野原", "nearest_bus_stop_distance_m": 376.54486223501829, "nearest_public_transport_type": "bus_stop", "nearest_public_transport_name": "俣野原", "nearest_public_transport_distance_m": 376.54486223501829, "nearest_medical_name": "神奈川県立総合療育相談センター", "nearest_medical_distance_m": 238.08404837360519, "nearest_hospital_name": "湘南長寿園病院", "nearest_medical_access_class": "likely_public", "nearest_hospital_distance_m": 2278.0829176272173, "nearest_clinic_name": "神奈川県立総合療育相談センター", "nearest_clinic_distance_m": 238.08404837360519, "elderly_population_percentile": "0.06273764258555133", "elderly_ratio_percentile": "0.4828897338403042", "transport_distance_percentile": "0.8631178707224335", "medical_distance_percentile": "0.35361216730038025", "exploratory_score_a": "0.05414998048258613", "exploratory_score_b": "0.022184793765993437", "exploratory_score_c": "0.019148091957720572", "rank_a_unfiltered": "211", "rank_b_unfiltered": "243", "rank_c_unfiltered": "207", "pareto_frontier": "False", "eligibility_population_threshold": true, "eligibility_elderly_threshold": true, "primary_eligible": true, "rank": 207 }, "geometry": { "type": "Polygon", "coordinates": [ [ [ 139.48125, 35.370833333333337 ], [ 139.4875, 35.370833333333337 ], [ 139.4875, 35.375 ], [ 139.48125, 35.375 ], [ 139.48125, 35.370833333333337 ] ] ] } },
{ "type": "Feature", "properties": { "mesh_code": "533903491", "centroid_lat": 35.36875, "centroid_lon": 139.490625, "city_area_fraction": 0.2614673665990852, "centroid_within_city": false, "population": 199, "elderly_population": 62.0, "reported_elderly_population": 62.0, "elderly_ratio": 0.31155778894472363, "HTKSYORI": "0", "HTKSAKI": null, "GASSAN": null, "disclosure_status": "unaffected", "suppression_flag": false, "aggregation_target_flag": false, "aggregation_flag": false, "primary_eligible_disclosure": true, "nearest_station_name": "善行", "nearest_station_distance_m": 1718.363078715035, "nearest_bus_stop_name": "新田", "nearest_bus_stop_distance_m": 685.37494219503026, "nearest_public_transport_type": "bus_stop", "nearest_public_transport_name": "新田", "nearest_public_transport_distance_m": 685.37494219503026, "nearest_medical_name": "医療法人社団門山医院", "nearest_medical_distance_m": 898.25834194949289, "nearest_hospital_name": "湘南長寿園病院", "nearest_medical_access_class": "likely_public", "nearest_hospital_distance_m": 2021.5306402753763, "nearest_clinic_name": "医療法人社団門山医院", "nearest_clinic_distance_m": 898.25834194949289, "elderly_population_percentile": "<NA>", "elderly_ratio_percentile": "<NA>", "transport_distance_percentile": "<NA>", "medical_distance_percentile": "<NA>", "exploratory_score_a": "<NA>", "exploratory_score_b": "<NA>", "exploratory_score_c": "<NA>", "rank_a_unfiltered": "<NA>", "rank_b_unfiltered": "<NA>", "rank_c_unfiltered": "<NA>", "pareto_frontier": "<NA>", "eligibility_population_threshold": true, "eligibility_elderly_threshold": true, "primary_eligible": false, "rank": null }, "geometry": { "type": "Polygon", "coordinates": [ [ [ 139.4875, 35.366666666666667 ], [ 139.49375, 35.366666666666667 ], [ 139.49375, 35.370833333333337 ], [ 139.4875, 35.370833333333337 ], [ 139.4875, 35.366666666666667 ] ] ] } },
{ "type": "Feature", "properties": { "mesh_code": "533903493", "centroid_lat": 35.372916666666669, "centroid_lon": 139.490625, "city_area_fraction": 0.65368066292748395, "centroid_within_city": true, "population": 51, "elderly_population": 15.0, "reported_elderly_population": 15.0, "elderly_ratio": 0.29411764705882354, "HTKSYORI": "0", "HTKSAKI": null, "GASSAN": null, "disclosure_status": "unaffected", "suppression_flag": false, "aggregation_target_flag": false, "aggregation_flag": false, "primary_eligible_disclosure": true, "nearest_station_name": "善行", "nearest_station_distance_m": 1948.7821472449839, "nearest_bus_stop_name": "西俣野", "nearest_bus_stop_distance_m": 612.21409003473445, "nearest_public_transport_type": "bus_stop", "nearest_public_transport_name": "西俣野", "nearest_public_transport_distance_m": 612.21409003473445, "nearest_medical_name": "神奈川県立総合療育相談センター", "nearest_medical_distance_m": 641.87356086945874, "nearest_hospital_name": "湘南長寿園病院", "nearest_medical_access_class": "likely_public", "nearest_hospital_distance_m": 2439.0040165579007, "nearest_clinic_name": "神奈川県立総合療育相談センター", "nearest_clinic_distance_m": 641.87356086945874, "elderly_population_percentile": "0.022813688212927757", "elderly_ratio_percentile": "0.7167300380228137", "transport_distance_percentile": "0.973384030418251", "medical_distance_percentile": "0.8935361216730038", "exploratory_score_a": "0.022206479781404966", "exploratory_score_b": "0.02038485448683659", "exploratory_score_c": "0.019842291819886566", "rank_a_unfiltered": "243", "rank_b_unfiltered": "246", "rank_c_unfiltered": "205", "pareto_frontier": "False", "eligibility_population_threshold": true, "eligibility_elderly_threshold": true, "primary_eligible": true, "rank": 205 }, "geometry": { "type": "Polygon", "coordinates": [ [ [ 139.4875, 35.370833333333337 ], [ 139.49375, 35.370833333333337 ], [ 139.49375, 35.375 ], [ 139.4875, 35.375 ], [ 139.4875, 35.370833333333337 ] ] ] } },
{ "type": "Feature", "properties": { "mesh_code": "533903521", "centroid_lat": 35.377083333333331, "centroid_lon": 139.403125, "city_area_fraction": 0.11678703794630114, "centroid_within_city": false, "population": 427, "elderly_population": 178.0, "reported_elderly_population": 178.0, "elderly_ratio": 0.41686182669789229, "HTKSYORI": "0", "HTKSAKI": null, "GASSAN": null, "disclosure_status": "unaffected", "suppression_flag": false, "aggregation_target_flag": false, "aggregation_flag": false, "primary_eligible_disclosure": true, "nearest_station_name": "辻堂", "nearest_station_distance_m": 5919.3509648968811, "nearest_bus_stop_name": "光友会入口", "nearest_bus_stop_distance_m": 1247.0640115634353, "nearest_public_transport_type": "bus_stop", "nearest_public_transport_name": "光友会入口", "nearest_public_transport_distance_m": 1247.0640115634353, "nearest_medical_name": "湘南希望の郷医務室", "nearest_medical_distance_m": 975.95058010624109, "nearest_hospital_name": "藤沢御所見病院", "nearest_medical_access_class": "uncertain_access", "nearest_hospital_distance_m": 1962.4060781486428, "nearest_clinic_name": "湘南希望の郷医務室", "nearest_clinic_distance_m": 975.95058010624109, "elderly_population_percentile": "<NA>", "elderly_ratio_percentile": "<NA>", "transport_distance_percentile": "<NA>", "medical_distance_percentile": "<NA>", "exploratory_score_a": "<NA>", "exploratory_score_b": "<NA>", "exploratory_score_c": "<NA>", "rank_a_unfiltered": "<NA>", "rank_b_unfiltered": "<NA>", "rank_c_unfiltered": "<NA>", "pareto_frontier": "<NA>", "eligibility_population_threshold": true, "eligibility_elderly_threshold": true, "primary_eligible": false, "rank": null }, "geometry": { "type": "Polygon", "coordinates": [ [ [ 139.4, 35.375 ], [ 139.40625, 35.375 ], [ 139.40625, 35.37916666666667 ], [ 139.4, 35.37916666666667 ], [ 139.4, 35.375 ] ] ] } },
{ "type": "Feature", "properties": { "mesh_code": "533903523", "centroid_lat": 35.38125, "centroid_lon": 139.403125, "city_area_fraction": 0.70864199587284826, "centroid_within_city": true, "population": 365, "elderly_population": 115.0, "reported_elderly_population": 115.0, "elderly_ratio": 0.31506849315068491, "HTKSYORI": "0", "HTKSAKI": null, "GASSAN": null, "disclosure_status": "unaffected", "suppression_flag": false, "aggregation_target_flag": false, "aggregation_flag": false, "primary_eligible_disclosure": true, "nearest_station_name": "湘南台", "nearest_station_distance_m": 5960.4320842360839, "nearest_bus_stop_name": "獺郷公民館前", "nearest_bus_stop_distance_m": 831.62576073435514, "nearest_public_transport_type": "bus_stop", "nearest_public_transport_name": "獺郷公民館前", "nearest_public_transport_distance_m": 831.62576073435514, "nearest_medical_name": "湘南希望の郷医務室", "nearest_medical_distance_m": 586.82343215120795, "nearest_hospital_name": "藤沢御所見病院", "nearest_medical_access_class": "uncertain_access", "nearest_hospital_distance_m": 1520.6470695308326, "nearest_clinic_name": "湘南希望の郷医務室", "nearest_clinic_distance_m": 586.82343215120795, "elderly_population_percentile": "0.23954372623574144", "elderly_ratio_percentile": "0.7946768060836502", "transport_distance_percentile": "0.9923954372623575", "medical_distance_percentile": "0.8326996197718631", "exploratory_score_a": "0.23772210094117308", "exploratory_score_b": "0.19946796975523717", "exploratory_score_c": "0.1979511030650833", "rank_a_unfiltered": "100", "rank_b_unfiltered": "114", "rank_c_unfiltered": "48", "pareto_frontier": "True", "eligibility_population_threshold": true, "eligibility_elderly_threshold": true, "primary_eligible": true, "rank": 48 }, "geometry": { "type": "Polygon", "coordinates": [ [ [ 139.4, 35.37916666666667 ], [ 139.40625, 35.37916666666667 ], [ 139.40625, 35.38333333333334 ], [ 139.4, 35.38333333333334 ], [ 139.4, 35.37916666666667 ] ] ] } },
{ "type": "Feature", "properties": { "mesh_code": "533903524", "centroid_lat": 35.38125, "centroid_lon": 139.409375, "city_area_fraction": 0.51612339652341277, "centroid_within_city": false, "population": 48, "elderly_population": 8.0, "reported_elderly_population": 8.0, "elderly_ratio": 0.16666666666666666, "HTKSYORI": "0", "HTKSAKI": null, "GASSAN": null, "disclosure_status": "unaffected", "suppression_flag": false, "aggregation_target_flag": false, "aggregation_flag": false, "primary_eligible_disclosure": true, "nearest_station_name": "湘南台", "nearest_station_distance_m": 5417.5127036807689, "nearest_bus_stop_name": "堂の前", "nearest_bus_stop_distance_m": 597.88615241251603, "nearest_public_transport_type": "bus_stop", "nearest_public_transport_name": "堂の前", "nearest_public_transport_distance_m": 597.88615241251603, "nearest_medical_name": "湘南希望の郷医務室", "nearest_medical_distance_m": 457.42902616163815, "nearest_hospital_name": "藤沢御所見病院", "nearest_medical_access_class": "uncertain_access", "nearest_hospital_distance_m": 1434.4513280171573, "nearest_clinic_name": "湘南希望の郷医務室", "nearest_clinic_distance_m": 457.42902616163815, "elderly_population_percentile": "<NA>", "elderly_ratio_percentile": "<NA>", "transport_distance_percentile": "<NA>", "medical_distance_percentile": "<NA>", "exploratory_score_a": "<NA>", "exploratory_score_b": "<NA>", "exploratory_score_c": "<NA>", "rank_a_unfiltered": "<NA>", "rank_b_unfiltered": "<NA>", "rank_c_unfiltered": "<NA>", "pareto_frontier": "<NA>", "eligibility_population_threshold": true, "eligibility_elderly_threshold": false, "primary_eligible": false, "rank": null }, "geometry": { "type": "Polygon", "coordinates": [ [ [ 139.40625, 35.37916666666667 ], [ 139.4125, 35.37916666666667 ], [ 139.4125, 35.38333333333334 ], [ 139.40625, 35.38333333333334 ], [ 139.40625, 35.37916666666667 ] ] ] } },
{ "type": "Feature", "properties": { "mesh_code": "533903533", "centroid_lat": 35.38125, "centroid_lon": 139.415625, "city_area_fraction": 0.027908914692403222, "centroid_within_city": false, "population": 70, "elderly_population": 28.0, "reported_elderly_population": 28.0, "elderly_ratio": 0.4, "HTKSYORI": "0", "HTKSAKI": null, "GASSAN": null, "disclosure_status": "unaffected", "suppression_flag": false, "aggregation_target_flag": false, "aggregation_flag": false, "primary_eligible_disclosure": true, "nearest_station_name": "湘南台", "nearest_station_distance_m": 4880.258011947225, "nearest_bus_stop_name": "根下", "nearest_bus_stop_distance_m": 502.37978182498432, "nearest_public_transport_type": "bus_stop", "nearest_public_transport_name": "根下", "nearest_public_transport_distance_m": 502.37978182498432, "nearest_medical_name": "湘南希望の郷医務室", "nearest_medical_distance_m": 847.93133668453595, "nearest_hospital_name": "藤沢御所見病院", "nearest_medical_access_class": "uncertain_access", "nearest_hospital_distance_m": 1564.5217287857706, "nearest_clinic_name": "湘南希望の郷医務室", "nearest_clinic_distance_m": 847.93133668453595, "elderly_population_percentile": "<NA>", "elderly_ratio_percentile": "<NA>", "transport_distance_percentile": "<NA>", "medical_distance_percentile": "<NA>", "exploratory_score_a": "<NA>", "exploratory_score_b": "<NA>", "exploratory_score_c": "<NA>", "rank_a_unfiltered": "<NA>", "rank_b_unfiltered": "<NA>", "rank_c_unfiltered": "<NA>", "pareto_frontier": "<NA>", "eligibility_population_threshold": true, "eligibility_elderly_threshold": true, "primary_eligible": false, "rank": null }, "geometry": { "type": "Polygon", "coordinates": [ [ [ 139.4125, 35.37916666666667 ], [ 139.41875, 35.37916666666667 ], [ 139.41875, 35.38333333333334 ], [ 139.4125, 35.38333333333334 ], [ 139.4125, 35.37916666666667 ] ] ] } },
{ "type": "Feature", "properties": { "mesh_code": "533903541", "centroid_lat": 35.377083333333331, "centroid_lon": 139.428125, "city_area_fraction": 0.042663759574414775, "centroid_within_city": false, "population": 459, "elderly_population": 235.0, "reported_elderly_population": 235.0, "elderly_ratio": 0.51198257080610021, "HTKSYORI": "0", "HTKSAKI": null, "GASSAN": null, "disclosure_status": "unaffected", "suppression_flag": false, "aggregation_target_flag": false, "aggregation_flag": false, "primary_eligible_disclosure": true, "nearest_station_name": "六会日大前", "nearest_station_distance_m": 3941.0636050245657, "nearest_bus_stop_name": "小出一本松", "nearest_bus_stop_distance_m": 468.52150495734088, "nearest_public_transport_type": "bus_stop", "nearest_public_transport_name": "小出一本松", "nearest_public_transport_distance_m": 468.52150495734088, "nearest_medical_name": "窪島医院", "nearest_medical_distance_m": 425.68914492856254, "nearest_hospital_name": "医療法人社団　健育会　湘南慶育病院", "nearest_medical_access_class": "likely_public", "nearest_hospital_distance_m": 1565.2027339394538, "nearest_clinic_name": "窪島医院", "nearest_clinic_distance_m": 425.68914492856254, "elderly_population_percentile": "<NA>", "elderly_ratio_percentile": "<NA>", "transport_distance_percentile": "<NA>", "medical_distance_percentile": "<NA>", "exploratory_score_a": "<NA>", "exploratory_score_b": "<NA>", "exploratory_score_c": "<NA>", "rank_a_unfiltered": "<NA>", "rank_b_unfiltered": "<NA>", "rank_c_unfiltered": "<NA>", "pareto_frontier": "<NA>", "eligibility_population_threshold": true, "eligibility_elderly_threshold": true, "primary_eligible": false, "rank": null }, "geometry": { "type": "Polygon", "coordinates": [ [ [ 139.425, 35.375 ], [ 139.43125, 35.375 ], [ 139.43125, 35.37916666666667 ], [ 139.425, 35.37916666666667 ], [ 139.425, 35.375 ] ] ] } },
{ "type": "Feature", "properties": { "mesh_code": "533903542", "centroid_lat": 35.377083333333331, "centroid_lon": 139.434375, "city_area_fraction": 0.95037298657248159, "centroid_within_city": true, "population": 838, "elderly_population": 243.0, "reported_elderly_population": 243.0, "elderly_ratio": 0.28997613365155134, "HTKSYORI": "0", "HTKSAKI": null, "GASSAN": null, "disclosure_status": "unaffected", "suppression_flag": false, "aggregation_target_flag": false, "aggregation_flag": false, "primary_eligible_disclosure": true, "nearest_station_name": "六会日大前", "nearest_station_distance_m": 3385.0264909235634, "nearest_bus_stop_name": "南原", "nearest_bus_stop_distance_m": 186.39349784760293, "nearest_public_transport_type": "bus_stop", "nearest_public_transport_name": "南原", "nearest_public_transport_distance_m": 186.39349784760293, "nearest_medical_name": "北見泌尿器科・皮フ科クリニック", "nearest_medical_distance_m": 200.70333707034376, "nearest_hospital_name": "医療法人社団　健育会　湘南慶育病院", "nearest_medical_access_class": "likely_public", "nearest_hospital_distance_m": 1565.5910778011323, "nearest_clinic_name": "北見泌尿器科・皮フ科クリニック", "nearest_clinic_distance_m": 200.70333707034376, "elderly_population_percentile": "0.3821292775665399", "elderly_ratio_percentile": "0.6920152091254753", "transport_distance_percentile": "0.49049429657794674", "medical_distance_percentile": "0.29277566539923955", "exploratory_score_a": "0.18743223120183897", "exploratory_score_b": "0.11187815350807442", "exploratory_score_c": "0.05487559620738251", "rank_a_unfiltered": "124", "rank_b_unfiltered": "175", "rank_c_unfiltered": "151", "pareto_frontier": "False", "eligibility_population_threshold": true, "eligibility_elderly_threshold": true, "primary_eligible": true, "rank": 151 }, "geometry": { "type": "Polygon", "coordinates": [ [ [ 139.43125, 35.375 ], [ 139.4375, 35.375 ], [ 139.4375, 35.37916666666667 ], [ 139.43125, 35.37916666666667 ], [ 139.43125, 35.375 ] ] ] } },
{ "type": "Feature", "properties": { "mesh_code": "533903543", "centroid_lat": 35.38125, "centroid_lon": 139.428125, "city_area_fraction": 0.024351582912405689, "centroid_within_city": false, "population": 93, "elderly_population": 28.0, "reported_elderly_population": 28.0, "elderly_ratio": 0.30107526881720431, "HTKSYORI": "0", "HTKSAKI": null, "GASSAN": null, "disclosure_status": "unaffected", "suppression_flag": false, "aggregation_target_flag": false, "aggregation_flag": false, "primary_eligible_disclosure": true, "nearest_station_name": "湘南台", "nearest_station_distance_m": 3832.2586168276202, "nearest_bus_stop_name": "刈込", "nearest_bus_stop_distance_m": 430.18644889849242, "nearest_public_transport_type": "bus_stop", "nearest_public_transport_name": "刈込", "nearest_public_transport_distance_m": 430.18644889849242, "nearest_medical_name": "特別養護老人ホーム芭蕉苑", "nearest_medical_distance_m": 517.66277591851087, "nearest_hospital_name": "医療法人社団　健育会　湘南慶育病院", "nearest_medical_access_class": "likely_public", "nearest_hospital_distance_m": 1113.704719140793, "nearest_clinic_name": "特別養護老人ホーム芭蕉苑", "nearest_clinic_distance_m": 517.66277591851087, "elderly_population_percentile": "<NA>", "elderly_ratio_percentile": "<NA>", "transport_distance_percentile": "<NA>", "medical_distance_percentile": "<NA>", "exploratory_score_a": "<NA>", "exploratory_score_b": "<NA>", "exploratory_score_c": "<NA>", "rank_a_unfiltered": "<NA>", "rank_b_unfiltered": "<NA>", "rank_c_unfiltered": "<NA>", "pareto_frontier": "<NA>", "eligibility_population_threshold": true, "eligibility_elderly_threshold": true, "primary_eligible": false, "rank": null }, "geometry": { "type": "Polygon", "coordinates": [ [ [ 139.425, 35.37916666666667 ], [ 139.43125, 35.37916666666667 ], [ 139.43125, 35.38333333333334 ], [ 139.425, 35.38333333333334 ], [ 139.425, 35.37916666666667 ] ] ] } },
{ "type": "Feature", "properties": { "mesh_code": "533903544", "centroid_lat": 35.38125, "centroid_lon": 139.434375, "city_area_fraction": 0.9118187362765976, "centroid_within_city": true, "population": 405, "elderly_population": 169.0, "reported_elderly_population": 169.0, "elderly_ratio": 0.41728395061728396, "HTKSYORI": "0", "HTKSAKI": null, "GASSAN": null, "disclosure_status": "unaffected", "suppression_flag": false, "aggregation_target_flag": false, "aggregation_flag": false, "primary_eligible_disclosure": true, "nearest_station_name": "六会日大前", "nearest_station_distance_m": 3314.5773571219929, "nearest_bus_stop_name": "宝泉寺", "nearest_bus_stop_distance_m": 231.67530808687513, "nearest_public_transport_type": "bus_stop", "nearest_public_transport_name": "宝泉寺", "nearest_public_transport_distance_m": 231.67530808687513, "nearest_medical_name": "特別養護老人ホーム芭蕉苑", "nearest_medical_distance_m": 77.442095502599059, "nearest_hospital_name": "医療法人社団　健育会　湘南慶育病院", "nearest_medical_access_class": "likely_public", "nearest_hospital_distance_m": 1114.2506817357307, "nearest_clinic_name": "特別養護老人ホーム芭蕉苑", "nearest_clinic_distance_m": 77.442095502599059, "elderly_population_percentile": "0.3041825095057034", "elderly_ratio_percentile": "0.9505703422053232", "transport_distance_percentile": "0.6083650190114068", "medical_distance_percentile": "0.07224334600760456", "exploratory_score_a": "0.1850539981783747", "exploratory_score_b": "0.021975162283681994", "exploratory_score_c": "0.013368920020490947", "rank_a_unfiltered": "126", "rank_b_unfiltered": "244", "rank_c_unfiltered": "218", "pareto_frontier": "False", "eligibility_population_threshold": true, "eligibility_elderly_threshold": true, "primary_eligible": true, "rank": 218 }, "geometry": { "type": "Polygon", "coordinates": [ [ [ 139.43125, 35.37916666666667 ], [ 139.4375, 35.37916666666667 ], [ 139.4375, 35.38333333333334 ], [ 139.43125, 35.38333333333334 ], [ 139.43125, 35.37916666666667 ] ] ] } },
{ "type": "Feature", "properties": { "mesh_code": "533903551", "centroid_lat": 35.377083333333331, "centroid_lon": 139.440625, "city_area_fraction": 1.0, "centroid_within_city": true, "population": 2417, "elderly_population": 585.0, "reported_elderly_population": 585.0, "elderly_ratio": 0.24203558129913116, "HTKSYORI": "0", "HTKSAKI": null, "GASSAN": null, "disclosure_status": "unaffected", "suppression_flag": false, "aggregation_target_flag": false, "aggregation_flag": false, "primary_eligible_disclosure": true, "nearest_station_name": "六会日大前", "nearest_station_distance_m": 2833.6788881052839, "nearest_bus_stop_name": "矢尻", "nearest_bus_stop_distance_m": 156.65731903841979, "nearest_public_transport_type": "bus_stop", "nearest_public_transport_name": "矢尻", "nearest_public_transport_distance_m": 156.65731903841979, "nearest_medical_name": "伊出診療所", "nearest_medical_distance_m": 587.99432591138577, "nearest_hospital_name": "村田会湘南大庭病院", "nearest_medical_access_class": "likely_public", "nearest_hospital_distance_m": 1389.1240713148973, "nearest_clinic_name": "伊出診療所", "nearest_clinic_distance_m": 587.99432591138577, "elderly_population_percentile": "0.7034220532319392", "elderly_ratio_percentile": "0.42585551330798477", "transport_distance_percentile": "0.38022813688212925", "medical_distance_percentile": "0.8365019011406845", "exploratory_score_a": "0.2674608567421822", "exploratory_score_b": "0.5884138848328009", "exploratory_score_c": "0.22373151514555165", "rank_a_unfiltered": "91", "rank_b_unfiltered": "10", "rank_c_unfiltered": "36", "pareto_frontier": "False", "eligibility_population_threshold": true, "eligibility_elderly_threshold": true, "primary_eligible": true, "rank": 36 }, "geometry": { "type": "Polygon", "coordinates": [ [ [ 139.4375, 35.375 ], [ 139.44375, 35.375 ], [ 139.44375, 35.37916666666667 ], [ 139.4375, 35.37916666666667 ], [ 139.4375, 35.375 ] ] ] } },
{ "type": "Feature", "properties": { "mesh_code": "533903552", "centroid_lat": 35.377083333333331, "centroid_lon": 139.446875, "city_area_fraction": 0.99999999999999978, "centroid_within_city": true, "population": 2126, "elderly_population": 303.0, "reported_elderly_population": 303.0, "elderly_ratio": 0.1425211665098777, "HTKSYORI": "0", "HTKSAKI": null, "GASSAN": null, "disclosure_status": "unaffected", "suppression_flag": false, "aggregation_target_flag": false, "aggregation_flag": false, "primary_eligible_disclosure": true, "nearest_station_name": "六会日大前", "nearest_station_distance_m": 2290.4096667626832, "nearest_bus_stop_name": "田方", "nearest_bus_stop_distance_m": 362.08806425455174, "nearest_public_transport_type": "bus_stop", "nearest_public_transport_name": "田方", "nearest_public_transport_distance_m": 362.08806425455174, "nearest_medical_name": "伊出診療所", "nearest_medical_distance_m": 77.255491586681572, "nearest_hospital_name": "村田会湘南大庭病院", "nearest_medical_access_class": "likely_public", "nearest_hospital_distance_m": 1146.5121112996092, "nearest_clinic_name": "伊出診療所", "nearest_clinic_distance_m": 77.255491586681572, "elderly_population_percentile": "0.4220532319391635", "elderly_ratio_percentile": "0.022813688212927757", "transport_distance_percentile": "0.8479087452471483", "medical_distance_percentile": "0.06844106463878327", "exploratory_score_a": "0.35786262632103977", "exploratory_score_b": "0.028885772528155676", "exploratory_score_c": "0.024492499139843027", "rank_a_unfiltered": "59", "rank_b_unfiltered": "237", "rank_c_unfiltered": "193", "pareto_frontier": "False", "eligibility_population_threshold": true, "eligibility_elderly_threshold": true, "primary_eligible": true, "rank": 193 }, "geometry": { "type": "Polygon", "coordinates": [ [ [ 139.44375, 35.375 ], [ 139.45, 35.375 ], [ 139.45, 35.37916666666667 ], [ 139.44375, 35.37916666666667 ], [ 139.44375, 35.375 ] ] ] } },
{ "type": "Feature", "properties": { "mesh_code": "533903553", "centroid_lat": 35.38125, "centroid_lon": 139.440625, "city_area_fraction": 1.0, "centroid_within_city": true, "population": 564, "elderly_population": 148.0, "reported_elderly_population": 148.0, "elderly_ratio": 0.26241134751773049, "HTKSYORI": "0", "HTKSAKI": null, "GASSAN": null, "disclosure_status": "unaffected", "suppression_flag": false, "aggregation_target_flag": false, "aggregation_flag": false, "primary_eligible_disclosure": true, "nearest_station_name": "六会日大前", "nearest_station_distance_m": 2749.1691948669127, "nearest_bus_stop_name": "遠藤松原", "nearest_bus_stop_distance_m": 275.67157253940161, "nearest_public_transport_type": "bus_stop", "nearest_public_transport_name": "遠藤松原", "nearest_public_transport_distance_m": 275.67157253940161, "nearest_medical_name": "プレス工業株式会社藤沢工場診療所", "nearest_medical_distance_m": 457.256907144048, "nearest_hospital_name": "医療法人社団　健育会　湘南慶育病院", "nearest_medical_access_class": "likely_public", "nearest_hospital_distance_m": 1373.8952651767106, "nearest_clinic_name": "プレス工業株式会社藤沢工場診療所", "nearest_clinic_distance_m": 457.256907144048, "elderly_population_percentile": "0.28517110266159695", "elderly_ratio_percentile": "0.55893536121673", "transport_distance_percentile": "0.7300380228136882", "medical_distance_percentile": "0.7224334600760456", "exploratory_score_a": "0.20818574795067155", "exploratory_score_b": "0.2060171464095187", "exploratory_score_c": "0.15040035023052317", "rank_a_unfiltered": "116", "rank_b_unfiltered": "111", "rank_c_unfiltered": "71", "pareto_frontier": "False", "eligibility_population_threshold": true, "eligibility_elderly_threshold": true, "primary_eligible": true, "rank": 71 }, "geometry": { "type": "Polygon", "coordinates": [ [ [ 139.4375, 35.37916666666667 ], [ 139.44375, 35.37916666666667 ], [ 139.44375, 35.38333333333334 ], [ 139.4375, 35.38333333333334 ], [ 139.4375, 35.37916666666667 ] ] ] } },
{ "type": "Feature", "properties": { "mesh_code": "533903554", "centroid_lat": 35.38125, "centroid_lon": 139.446875, "city_area_fraction": 1.0, "centroid_within_city": true, "population": 207, "elderly_population": 28.0, "reported_elderly_population": 28.0, "elderly_ratio": 0.13526570048309178, "HTKSYORI": "0", "HTKSAKI": null, "GASSAN": null, "disclosure_status": "unaffected", "suppression_flag": false, "aggregation_target_flag": false, "aggregation_flag": false, "primary_eligible_disclosure": true, "nearest_station_name": "六会日大前", "nearest_station_distance_m": 2185.0205976838229, "nearest_bus_stop_name": "寿照寺前", "nearest_bus_stop_distance_m": 147.11144033131663, "nearest_public_transport_type": "bus_stop", "nearest_public_transport_name": "寿照寺前", "nearest_public_transport_distance_m": 147.11144033131663, "nearest_medical_name": "プレス工業株式会社藤沢工場診療所", "nearest_medical_distance_m": 314.20895476417724, "nearest_hospital_name": "医療法人社団いしずえ　湘南敬愛病院", "nearest_medical_access_class": "likely_public", "nearest_hospital_distance_m": 1240.7760657993133, "nearest_clinic_name": "プレス工業株式会社藤沢工場診療所", "nearest_clinic_distance_m": 314.20895476417724, "elderly_population_percentile": "0.045627376425855515", "elderly_ratio_percentile": "0.015209125475285171", "transport_distance_percentile": "0.3269961977186312", "medical_distance_percentile": "0.49049429657794674", "exploratory_score_a": "0.014919978603131462", "exploratory_score_b": "0.02237996790469719", "exploratory_score_c": "0.007318164409900983", "rank_a_unfiltered": "249", "rank_b_unfiltered": "242", "rank_c_unfiltered": "235", "pareto_frontier": "False", "eligibility_population_threshold": true, "eligibility_elderly_threshold": true, "primary_eligible": true, "rank": 235 }, "geometry": { "type": "Polygon", "coordinates": [ [ [ 139.44375, 35.37916666666667 ], [ 139.45, 35.37916666666667 ], [ 139.45, 35.38333333333334 ], [ 139.44375, 35.38333333333334 ], [ 139.44375, 35.37916666666667 ] ] ] } },
{ "type": "Feature", "properties": { "mesh_code": "533903561", "centroid_lat": 35.377083333333331, "centroid_lon": 139.453125, "city_area_fraction": 1.0, "centroid_within_city": true, "population": 2629, "elderly_population": 396.0, "reported_elderly_population": 396.0, "elderly_ratio": 0.15062761506276151, "HTKSYORI": "0", "HTKSAKI": null, "GASSAN": null, "disclosure_status": "unaffected", "suppression_flag": false, "aggregation_target_flag": false, "aggregation_flag": false, "primary_eligible_disclosure": true, "nearest_station_name": "六会日大前", "nearest_station_distance_m": 1762.7037689521296, "nearest_bus_stop_name": "石川", "nearest_bus_stop_distance_m": 107.55745311874793, "nearest_public_transport_type": "bus_stop", "nearest_public_transport_name": "石川", "nearest_public_transport_distance_m": 107.55745311874793, "nearest_medical_name": "高橋まことクリニック", "nearest_medical_distance_m": 75.014122409359544, "nearest_hospital_name": "村田会湘南大庭病院", "nearest_medical_access_class": "likely_public", "nearest_hospital_distance_m": 1159.4629509932338, "nearest_clinic_name": "高橋まことクリニック", "nearest_clinic_distance_m": 75.014122409359544, "elderly_population_percentile": "0.5228136882129277", "elderly_ratio_percentile": "0.034220532319391636", "transport_distance_percentile": "0.19011406844106463", "medical_distance_percentile": "0.057034220532319393", "exploratory_score_a": "0.09939423730283796", "exploratory_score_b": "0.029818271190851394", "exploratory_score_c": "0.005668872849971747", "rank_a_unfiltered": "177", "rank_b_unfiltered": "235", "rank_c_unfiltered": "239", "pareto_frontier": "False", "eligibility_population_threshold": true, "eligibility_elderly_threshold": true, "primary_eligible": true, "rank": 239 }, "geometry": { "type": "Polygon", "coordinates": [ [ [ 139.45, 35.375 ], [ 139.45625, 35.375 ], [ 139.45625, 35.37916666666667 ], [ 139.45, 35.37916666666667 ], [ 139.45, 35.375 ] ] ] } },
{ "type": "Feature", "properties": { "mesh_code": "533903562", "centroid_lat": 35.377083333333331, "centroid_lon": 139.459375, "city_area_fraction": 0.99999999999999978, "centroid_within_city": true, "population": 1473, "elderly_population": 275.0, "reported_elderly_population": 275.0, "elderly_ratio": 0.18669382213170402, "HTKSYORI": "0", "HTKSAKI": null, "GASSAN": null, "disclosure_status": "unaffected", "suppression_flag": false, "aggregation_target_flag": false, "aggregation_flag": false, "primary_eligible_disclosure": true, "nearest_station_name": "六会日大前", "nearest_station_distance_m": 1270.1100330292322, "nearest_bus_stop_name": "4号西", "nearest_bus_stop_distance_m": 70.099237142171049, "nearest_public_transport_type": "bus_stop", "nearest_public_transport_name": "4号西", "nearest_public_transport_distance_m": 70.099237142171049, "nearest_medical_name": "特別養護老人ホームグリーンライフ湘南ホーム診療所", "nearest_medical_distance_m": 619.73798497786288, "nearest_hospital_name": "医療法人社団いしずえ　湘南敬愛病院", "nearest_medical_access_class": "likely_public", "nearest_hospital_distance_m": 1192.6643572280821, "nearest_clinic_name": "特別養護老人ホームグリーンライフ湘南ホーム診療所", "nearest_clinic_distance_m": 619.73798497786288, "elderly_population_percentile": "0.3973384030418251", "elderly_ratio_percentile": "0.14068441064638784", "transport_distance_percentile": "0.08745247148288973", "medical_distance_percentile": "0.8631178707224335", "exploratory_score_a": "0.03474822536107216", "exploratory_score_b": "0.3429498763897122", "exploratory_score_c": "0.029991814285031865", "rank_a_unfiltered": "232", "rank_b_unfiltered": "55", "rank_c_unfiltered": "183", "pareto_frontier": "False", "eligibility_population_threshold": true, "eligibility_elderly_threshold": true, "primary_eligible": true, "rank": 183 }, "geometry": { "type": "Polygon", "coordinates": [ [ [ 139.45625, 35.375 ], [ 139.4625, 35.375 ], [ 139.4625, 35.37916666666667 ], [ 139.45625, 35.37916666666667 ], [ 139.45625, 35.375 ] ] ] } },
{ "type": "Feature", "properties": { "mesh_code": "533903563", "centroid_lat": 35.38125, "centroid_lon": 139.453125, "city_area_fraction": 1.0, "centroid_within_city": true, "population": 2473, "elderly_population": 406.0, "reported_elderly_population": 406.0, "elderly_ratio": 0.16417306914678528, "HTKSYORI": "0", "HTKSAKI": null, "GASSAN": null, "disclosure_status": "unaffected", "suppression_flag": false, "aggregation_target_flag": false, "aggregation_flag": false, "primary_eligible_disclosure": true, "nearest_station_name": "六会日大前", "nearest_station_distance_m": 1623.4448983816242, "nearest_bus_stop_name": "和泉橋", "nearest_bus_stop_distance_m": 110.07226802342532, "nearest_public_transport_type": "bus_stop", "nearest_public_transport_name": "和泉橋", "nearest_public_transport_distance_m": 110.07226802342532, "nearest_medical_name": "株式会社ＨＧＳＴジャパン藤沢事業所健康管理室", "nearest_medical_distance_m": 440.46840455033362, "nearest_hospital_name": "医療法人社団いしずえ　湘南敬愛病院", "nearest_medical_access_class": "uncertain_access", "nearest_hospital_distance_m": 846.91730422353112, "nearest_clinic_name": "株式会社ＨＧＳＴジャパン藤沢事業所健康管理室", "nearest_clinic_distance_m": 440.46840455033362, "elderly_population_percentile": "0.5285171102661597", "elderly_ratio_percentile": "0.06463878326996197", "transport_distance_percentile": "0.19771863117870722", "medical_distance_percentile": "0.6996197718631179", "exploratory_score_a": "0.10449767959635096", "exploratory_score_b": "0.36976102011016493", "exploratory_score_c": "0.07310864275942425", "rank_a_unfiltered": "172", "rank_b_unfiltered": "43", "rank_c_unfiltered": "127", "pareto_frontier": "False", "eligibility_population_threshold": true, "eligibility_elderly_threshold": true, "primary_eligible": true, "rank": 127 }, "geometry": { "type": "Polygon", "coordinates": [ [ [ 139.45, 35.37916666666667 ], [ 139.45625, 35.37916666666667 ], [ 139.45625, 35.38333333333334 ], [ 139.45, 35.38333333333334 ], [ 139.45, 35.37916666666667 ] ] ] } },
{ "type": "Feature", "properties": { "mesh_code": "533903564", "centroid_lat": 35.38125, "centroid_lon": 139.459375, "city_area_fraction": 0.99999999999999978, "centroid_within_city": true, "population": 1863, "elderly_population": 368.0, "reported_elderly_population": 368.0, "elderly_ratio": 0.19753086419753085, "HTKSYORI": "0", "HTKSAKI": null, "GASSAN": null, "disclosure_status": "unaffected", "suppression_flag": false, "aggregation_target_flag": false, "aggregation_flag": false, "primary_eligible_disclosure": true, "nearest_station_name": "六会日大前", "nearest_station_distance_m": 1068.5061011271571, "nearest_bus_stop_name": "3号西", "nearest_bus_stop_distance_m": 184.22673769396184, "nearest_public_transport_type": "bus_stop", "nearest_public_transport_name": "3号西", "nearest_public_transport_distance_m": 184.22673769396184, "nearest_medical_name": "株式会社ＨＧＳＴジャパン藤沢事業所健康管理室", "nearest_medical_distance_m": 606.27249044051428, "nearest_hospital_name": "医療法人社団いしずえ　湘南敬愛病院", "nearest_medical_access_class": "uncertain_access", "nearest_hospital_distance_m": 734.74736362557439, "nearest_clinic_name": "株式会社ＨＧＳＴジャパン藤沢事業所健康管理室", "nearest_clinic_distance_m": 606.27249044051428, "elderly_population_percentile": "0.49429657794676807", "elderly_ratio_percentile": "0.19391634980988592", "transport_distance_percentile": "0.4790874524714829", "medical_distance_percentile": "0.8479087452471483", "exploratory_score_a": "0.23681128829388887", "exploratory_score_b": "0.4191183911868034", "exploratory_score_c": "0.200794362317632", "rank_a_unfiltered": "101", "rank_b_unfiltered": "28", "rank_c_unfiltered": "44", "pareto_frontier": "False", "eligibility_population_threshold": true, "eligibility_elderly_threshold": true, "primary_eligible": true, "rank": 44 }, "geometry": { "type": "Polygon", "coordinates": [ [ [ 139.45625, 35.37916666666667 ], [ 139.4625, 35.37916666666667 ], [ 139.4625, 35.38333333333334 ], [ 139.45625, 35.38333333333334 ], [ 139.45625, 35.37916666666667 ] ] ] } },
{ "type": "Feature", "properties": { "mesh_code": "533903571", "centroid_lat": 35.377083333333331, "centroid_lon": 139.465625, "city_area_fraction": 1.0, "centroid_within_city": true, "population": 750, "elderly_population": 207.0, "reported_elderly_population": 207.0, "elderly_ratio": 0.276, "HTKSYORI": "0", "HTKSAKI": null, "GASSAN": null, "disclosure_status": "unaffected", "suppression_flag": false, "aggregation_target_flag": false, "aggregation_flag": false, "primary_eligible_disclosure": true, "nearest_station_name": "六会日大前", "nearest_station_distance_m": 874.15116824066286, "nearest_bus_stop_name": "天神町8号", "nearest_bus_stop_distance_m": 268.56042221085784, "nearest_public_transport_type": "bus_stop", "nearest_public_transport_name": "天神町8号", "nearest_public_transport_distance_m": 268.56042221085784, "nearest_medical_name": "特別養護老人ホームグリーンライフ湘南ホーム診療所", "nearest_medical_distance_m": 382.59163530412263, "nearest_hospital_name": "医療法人社団いしずえ　湘南敬愛病院", "nearest_medical_access_class": "likely_public", "nearest_hospital_distance_m": 1374.7351811984111, "nearest_clinic_name": "特別養護老人ホームグリーンライフ湘南ホーム診療所", "nearest_clinic_distance_m": 382.59163530412263, "elderly_population_percentile": "0.3612167300380228", "elderly_ratio_percentile": "0.629277566539924", "transport_distance_percentile": "0.7110266159695817", "medical_distance_percentile": "0.6159695817490495", "exploratory_score_a": "0.2568347091905333", "exploratory_score_b": "0.22249851812228022", "exploratory_score_c": "0.15820236839873156", "rank_a_unfiltered": "92", "rank_b_unfiltered": "109", "rank_c_unfiltered": "64", "pareto_frontier": "False", "eligibility_population_threshold": true, "eligibility_elderly_threshold": true, "primary_eligible": true, "rank": 64 }, "geometry": { "type": "Polygon", "coordinates": [ [ [ 139.4625, 35.375 ], [ 139.46875, 35.375 ], [ 139.46875, 35.37916666666667 ], [ 139.4625, 35.37916666666667 ], [ 139.4625, 35.375 ] ] ] } },
{ "type": "Feature", "properties": { "mesh_code": "533903572", "centroid_lat": 35.377083333333331, "centroid_lon": 139.471875, "city_area_fraction": 1.0, "centroid_within_city": true, "population": 233, "elderly_population": 108.0, "reported_elderly_population": 108.0, "elderly_ratio": 0.46351931330472101, "HTKSYORI": "0", "HTKSAKI": null, "GASSAN": null, "disclosure_status": "unaffected", "suppression_flag": false, "aggregation_target_flag": false, "aggregation_flag": false, "primary_eligible_disclosure": true, "nearest_station_name": "六会日大前", "nearest_station_distance_m": 748.33546514937962, "nearest_bus_stop_name": "西谷", "nearest_bus_stop_distance_m": 573.66663392400221, "nearest_public_transport_type": "bus_stop", "nearest_public_transport_name": "西谷", "nearest_public_transport_distance_m": 573.66663392400221, "nearest_medical_name": "特別養護老人ホーム睦愛園医務室", "nearest_medical_distance_m": 282.4640470608586, "nearest_hospital_name": "医療法人社団いしずえ　湘南敬愛病院", "nearest_medical_access_class": "uncertain_access", "nearest_hospital_distance_m": 1732.6909082604573, "nearest_clinic_name": "特別養護老人ホーム睦愛園医務室", "nearest_clinic_distance_m": 282.4640470608586, "elderly_population_percentile": "0.22053231939163498", "elderly_ratio_percentile": "0.9809885931558935", "transport_distance_percentile": "0.9543726235741445", "medical_distance_percentile": "0.4372623574144487", "exploratory_score_a": "0.21047000824068587", "exploratory_score_b": "0.09643048186326245", "exploratory_score_c": "0.09203061196836075", "rank_a_unfiltered": "114", "rank_b_unfiltered": "189", "rank_c_unfiltered": "111", "pareto_frontier": "False", "eligibility_population_threshold": true, "eligibility_elderly_threshold": true, "primary_eligible": true, "rank": 111 }, "geometry": { "type": "Polygon", "coordinates": [ [ [ 139.46875, 35.375 ], [ 139.475, 35.375 ], [ 139.475, 35.37916666666667 ], [ 139.46875, 35.37916666666667 ], [ 139.46875, 35.375 ] ] ] } },
{ "type": "Feature", "properties": { "mesh_code": "533903573", "centroid_lat": 35.38125, "centroid_lon": 139.465625, "city_area_fraction": 1.0, "centroid_within_city": true, "population": 1957, "elderly_population": 478.0, "reported_elderly_population": 478.0, "elderly_ratio": 0.24425140521205926, "HTKSYORI": "0", "HTKSAKI": null, "GASSAN": null, "disclosure_status": "unaffected", "suppression_flag": false, "aggregation_target_flag": false, "aggregation_flag": false, "primary_eligible_disclosure": true, "nearest_station_name": "六会日大前", "nearest_station_distance_m": 541.02673612014371, "nearest_bus_stop_name": "保育園前", "nearest_bus_stop_distance_m": 127.19450356724506, "nearest_public_transport_type": "bus_stop", "nearest_public_transport_name": "保育園前", "nearest_public_transport_distance_m": 127.19450356724506, "nearest_medical_name": "今村内科クリニック", "nearest_medical_distance_m": 522.02227507199723, "nearest_hospital_name": "医療法人社団いしずえ　湘南敬愛病院", "nearest_medical_access_class": "likely_public", "nearest_hospital_distance_m": 1003.6327126626973, "nearest_clinic_name": "今村内科クリニック", "nearest_clinic_distance_m": 522.02227507199723, "elderly_population_percentile": "0.5798479087452472", "elderly_ratio_percentile": "0.44866920152091255", "transport_distance_percentile": "0.2585551330798479", "medical_distance_percentile": "0.7908745247148289", "exploratory_score_a": "0.14992265321169887", "exploratory_score_b": "0.4585869392357848", "exploratory_score_c": "0.11857000710278846", "rank_a_unfiltered": "146", "rank_b_unfiltered": "23", "rank_c_unfiltered": "94", "pareto_frontier": "False", "eligibility_population_threshold": true, "eligibility_elderly_threshold": true, "primary_eligible": true, "rank": 94 }, "geometry": { "type": "Polygon", "coordinates": [ [ [ 139.4625, 35.37916666666667 ], [ 139.46875, 35.37916666666667 ], [ 139.46875, 35.38333333333334 ], [ 139.4625, 35.38333333333334 ], [ 139.4625, 35.37916666666667 ] ] ] } },
{ "type": "Feature", "properties": { "mesh_code": "533903574", "centroid_lat": 35.38125, "centroid_lon": 139.471875, "city_area_fraction": 1.0000000000000002, "centroid_within_city": true, "population": 2032, "elderly_population": 460.0, "reported_elderly_population": 460.0, "elderly_ratio": 0.2263779527559055, "HTKSYORI": "0", "HTKSAKI": null, "GASSAN": null, "disclosure_status": "unaffected", "suppression_flag": false, "aggregation_target_flag": false, "aggregation_flag": false, "primary_eligible_disclosure": true, "nearest_station_name": "六会日大前", "nearest_station_distance_m": 297.63458447659741, "nearest_bus_stop_name": "西谷", "nearest_bus_stop_distance_m": 257.96033222266709, "nearest_public_transport_type": "bus_stop", "nearest_public_transport_name": "西谷", "nearest_public_transport_distance_m": 257.96033222266709, "nearest_medical_name": "むつあい内科クリニック", "nearest_medical_distance_m": 111.71966164482643, "nearest_hospital_name": "医療法人社団いしずえ　湘南敬愛病院", "nearest_medical_access_class": "likely_public", "nearest_hospital_distance_m": 1455.8649699820351, "nearest_clinic_name": "むつあい内科クリニック", "nearest_clinic_distance_m": 111.71966164482643, "elderly_population_percentile": "0.5703422053231939", "elderly_ratio_percentile": "0.3155893536121673", "transport_distance_percentile": "0.6730038022813688", "medical_distance_percentile": "0.13688212927756654", "exploratory_score_a": "0.38384247278405065", "exploratory_score_b": "0.07806965548150183", "exploratory_score_c": "0.05254117498184724", "rank_a_unfiltered": "52", "rank_b_unfiltered": "205", "rank_c_unfiltered": "153", "pareto_frontier": "False", "eligibility_population_threshold": true, "eligibility_elderly_threshold": true, "primary_eligible": true, "rank": 153 }, "geometry": { "type": "Polygon", "coordinates": [ [ [ 139.46875, 35.37916666666667 ], [ 139.475, 35.37916666666667 ], [ 139.475, 35.38333333333334 ], [ 139.46875, 35.38333333333334 ], [ 139.46875, 35.37916666666667 ] ] ] } },
{ "type": "Feature", "properties": { "mesh_code": "533903581", "centroid_lat": 35.377083333333331, "centroid_lon": 139.478125, "city_area_fraction": 1.0000000000000002, "centroid_within_city": true, "population": 115, "elderly_population": 34.0, "reported_elderly_population": 34.0, "elderly_ratio": 0.29565217391304349, "HTKSYORI": "0", "HTKSAKI": null, "GASSAN": null, "disclosure_status": "unaffected", "suppression_flag": false, "aggregation_target_flag": false, "aggregation_flag": false, "primary_eligible_disclosure": true, "nearest_station_name": "六会日大前", "nearest_station_distance_m": 1000.3877792261211, "nearest_bus_stop_name": "下屋敷", "nearest_bus_stop_distance_m": 487.563041817287, "nearest_public_transport_type": "bus_stop", "nearest_public_transport_name": "下屋敷", "nearest_public_transport_distance_m": 487.563041817287, "nearest_medical_name": "佐藤クリニック", "nearest_medical_distance_m": 240.08884316826428, "nearest_hospital_name": "湘南第一病院", "nearest_medical_access_class": "likely_public", "nearest_hospital_distance_m": 2174.8687200610061, "nearest_clinic_name": "佐藤クリニック", "nearest_clinic_distance_m": 240.08884316826428, "elderly_population_percentile": "0.057034220532319393", "elderly_ratio_percentile": "0.7224334600760456", "transport_distance_percentile": "0.9277566539923955", "medical_distance_percentile": "0.3612167300380228", "exploratory_score_a": "0.05291387760412902", "exploratory_score_b": "0.02060171464095187", "exploratory_score_c": "0.019113377841795655", "rank_a_unfiltered": "213", "rank_b_unfiltered": "245", "rank_c_unfiltered": "208", "pareto_frontier": "False", "eligibility_population_threshold": true, "eligibility_elderly_threshold": true, "primary_eligible": true, "rank": 208 }, "geometry": { "type": "Polygon", "coordinates": [ [ [ 139.475, 35.375 ], [ 139.48125, 35.375 ], [ 139.48125, 35.37916666666667 ], [ 139.475, 35.37916666666667 ], [ 139.475, 35.375 ] ] ] } },
{ "type": "Feature", "properties": { "mesh_code": "533903582", "centroid_lat": 35.377083333333331, "centroid_lon": 139.484375, "city_area_fraction": 1.0, "centroid_within_city": true, "population": 353, "elderly_population": 103.0, "reported_elderly_population": 103.0, "elderly_ratio": 0.29178470254957506, "HTKSYORI": "0", "HTKSAKI": null, "GASSAN": null, "disclosure_status": "unaffected", "suppression_flag": false, "aggregation_target_flag": false, "aggregation_flag": false, "primary_eligible_disclosure": true, "nearest_station_name": "六会日大前", "nearest_station_distance_m": 1444.454432153871, "nearest_bus_stop_name": "俣野原", "nearest_bus_stop_distance_m": 89.359091874551282, "nearest_public_transport_type": "bus_stop", "nearest_public_transport_name": "俣野原", "nearest_public_transport_distance_m": 89.359091874551282, "nearest_medical_name": "神奈川県立総合療育相談センター", "nearest_medical_distance_m": 227.75596054588527, "nearest_hospital_name": "湘南第一病院", "nearest_medical_access_class": "likely_public", "nearest_hospital_distance_m": 2451.2420975306445, "nearest_clinic_name": "神奈川県立総合療育相談センター", "nearest_clinic_distance_m": 227.75596054588527, "elderly_population_percentile": "0.21292775665399238", "elderly_ratio_percentile": "0.7034220532319392", "transport_distance_percentile": "0.13307984790874525", "medical_distance_percentile": "0.3269961977186312", "exploratory_score_a": "0.028336393471063624", "exploratory_score_b": "0.06962656681461349", "exploratory_score_c": "0.009265892922096852", "rank_a_unfiltered": "236", "rank_b_unfiltered": "212", "rank_c_unfiltered": "226", "pareto_frontier": "False", "eligibility_population_threshold": true, "eligibility_elderly_threshold": true, "primary_eligible": true, "rank": 226 }, "geometry": { "type": "Polygon", "coordinates": [ [ [ 139.48125, 35.375 ], [ 139.4875, 35.375 ], [ 139.4875, 35.37916666666667 ], [ 139.48125, 35.37916666666667 ], [ 139.48125, 35.375 ] ] ] } },
{ "type": "Feature", "properties": { "mesh_code": "533903583", "centroid_lat": 35.38125, "centroid_lon": 139.478125, "city_area_fraction": 1.0, "centroid_within_city": true, "population": 1590, "elderly_population": 383.0, "reported_elderly_population": 383.0, "elderly_ratio": 0.24088050314465409, "HTKSYORI": "0", "HTKSAKI": null, "GASSAN": null, "disclosure_status": "unaffected", "suppression_flag": false, "aggregation_target_flag": false, "aggregation_flag": false, "primary_eligible_disclosure": true, "nearest_station_name": "六会日大前", "nearest_station_distance_m": 727.55318756816962, "nearest_bus_stop_name": "亀井野", "nearest_bus_stop_distance_m": 251.70108736465883, "nearest_public_transport_type": "bus_stop", "nearest_public_transport_name": "亀井野", "nearest_public_transport_distance_m": 251.70108736465883, "nearest_medical_name": "杉田外科", "nearest_medical_distance_m": 378.51043063011622, "nearest_hospital_name": "湘南第一病院", "nearest_medical_access_class": "likely_public", "nearest_hospital_distance_m": 1757.7915515776242, "nearest_clinic_name": "杉田外科", "nearest_clinic_distance_m": 378.51043063011622, "elderly_population_percentile": "0.5057034220532319", "elderly_ratio_percentile": "0.41825095057034223", "transport_distance_percentile": "0.6501901140684411", "medical_distance_percentile": "0.6007604562737643", "exploratory_score_a": "0.3288033656695919", "exploratory_score_b": "0.3038066185719036", "exploratory_score_c": "0.19753205998401338", "rank_a_unfiltered": "72", "rank_b_unfiltered": "71", "rank_c_unfiltered": "49", "pareto_frontier": "False", "eligibility_population_threshold": true, "eligibility_elderly_threshold": true, "primary_eligible": true, "rank": 49 }, "geometry": { "type": "Polygon", "coordinates": [ [ [ 139.475, 35.37916666666667 ], [ 139.48125, 35.37916666666667 ], [ 139.48125, 35.38333333333334 ], [ 139.475, 35.38333333333334 ], [ 139.475, 35.37916666666667 ] ] ] } },
{ "type": "Feature", "properties": { "mesh_code": "533903584", "centroid_lat": 35.38125, "centroid_lon": 139.484375, "city_area_fraction": 0.90192041473487128, "centroid_within_city": true, "population": 450, "elderly_population": 136.0, "reported_elderly_population": 136.0, "elderly_ratio": 0.30222222222222223, "HTKSYORI": "0", "HTKSAKI": null, "GASSAN": null, "disclosure_status": "unaffected", "suppression_flag": false, "aggregation_target_flag": false, "aggregation_flag": false, "primary_eligible_disclosure": true, "nearest_station_name": "六会日大前", "nearest_station_distance_m": 1270.8071979139675, "nearest_bus_stop_name": "下屋敷", "nearest_bus_stop_distance_m": 249.49649657952256, "nearest_public_transport_type": "bus_stop", "nearest_public_transport_name": "下屋敷", "nearest_public_transport_distance_m": 249.49649657952256, "nearest_medical_name": "神奈川県立総合療育相談センター", "nearest_medical_distance_m": 688.76315233094101, "nearest_hospital_name": "湘南第一病院", "nearest_medical_access_class": "likely_public", "nearest_hospital_distance_m": 2090.0478496458795, "nearest_clinic_name": "神奈川県立総合療育相談センター", "nearest_clinic_distance_m": 688.76315233094101, "elderly_population_percentile": "0.26996197718631176", "elderly_ratio_percentile": "0.7566539923954373", "transport_distance_percentile": "0.6425855513307985", "medical_distance_percentile": "0.9163498098859315", "exploratory_score_a": "0.1734736659486186", "exploratory_score_b": "0.24737960647110696", "exploratory_score_c": "0.15896256081223226", "rank_a_unfiltered": "134", "rank_b_unfiltered": "96", "rank_c_unfiltered": "63", "pareto_frontier": "False", "eligibility_population_threshold": true, "eligibility_elderly_threshold": true, "primary_eligible": true, "rank": 63 }, "geometry": { "type": "Polygon", "coordinates": [ [ [ 139.48125, 35.37916666666667 ], [ 139.4875, 35.37916666666667 ], [ 139.4875, 35.38333333333334 ], [ 139.48125, 35.38333333333334 ], [ 139.48125, 35.37916666666667 ] ] ] } },
{ "type": "Feature", "properties": { "mesh_code": "533903591", "centroid_lat": 35.377083333333331, "centroid_lon": 139.490625, "city_area_fraction": 0.88534536327198843, "centroid_within_city": true, "population": 174, "elderly_population": 50.0, "reported_elderly_population": 50.0, "elderly_ratio": 0.28735632183908044, "HTKSYORI": "0", "HTKSAKI": null, "GASSAN": null, "disclosure_status": "unaffected", "suppression_flag": false, "aggregation_target_flag": false, "aggregation_flag": false, "primary_eligible_disclosure": true, "nearest_station_name": "六会日大前", "nearest_station_distance_m": 1953.7205019982962, "nearest_bus_stop_name": "西俣野", "nearest_bus_stop_distance_m": 185.32794783464018, "nearest_public_transport_type": "bus_stop", "nearest_public_transport_name": "西俣野", "nearest_public_transport_distance_m": 185.32794783464018, "nearest_medical_name": "神奈川県立総合療育相談センター", "nearest_medical_distance_m": 638.10043835912961, "nearest_hospital_name": "湘南第一病院", "nearest_medical_access_class": "likely_public", "nearest_hospital_distance_m": 2816.3688000398429, "nearest_clinic_name": "神奈川県立総合療育相談センター", "nearest_clinic_distance_m": 638.10043835912961, "elderly_population_percentile": "0.10266159695817491", "elderly_ratio_percentile": "0.688212927756654", "transport_distance_percentile": "0.4828897338403042", "medical_distance_percentile": "0.8821292775665399", "exploratory_score_a": "0.04957423123075366", "exploratory_score_b": "0.09056080035854212", "exploratory_score_c": "0.04373088078150133", "rank_a_unfiltered": "216", "rank_b_unfiltered": "193", "rank_c_unfiltered": "161", "pareto_frontier": "False", "eligibility_population_threshold": true, "eligibility_elderly_threshold": true, "primary_eligible": true, "rank": 161 }, "geometry": { "type": "Polygon", "coordinates": [ [ [ 139.4875, 35.375 ], [ 139.49375, 35.375 ], [ 139.49375, 35.37916666666667 ], [ 139.4875, 35.37916666666667 ], [ 139.4875, 35.375 ] ] ] } },
{ "type": "Feature", "properties": { "mesh_code": "533903593", "centroid_lat": 35.38125, "centroid_lon": 139.490625, "city_area_fraction": 0.22597867174282893, "centroid_within_city": false, "population": 235, "elderly_population": 69.0, "reported_elderly_population": 69.0, "elderly_ratio": 0.29361702127659572, "HTKSYORI": "0", "HTKSAKI": null, "GASSAN": null, "disclosure_status": "unaffected", "suppression_flag": false, "aggregation_target_flag": false, "aggregation_flag": false, "primary_eligible_disclosure": true, "nearest_station_name": "六会日大前", "nearest_station_distance_m": 1829.0536801515591, "nearest_bus_stop_name": "西俣野", "nearest_bus_stop_distance_m": 348.16571825494356, "nearest_public_transport_type": "bus_stop", "nearest_public_transport_name": "西俣野", "nearest_public_transport_distance_m": 348.16571825494356, "nearest_medical_name": "神奈川県立総合療育相談センター", "nearest_medical_distance_m": 910.86531382786836, "nearest_hospital_name": "湘南第一病院", "nearest_medical_access_class": "likely_public", "nearest_hospital_distance_m": 2508.2956866365157, "nearest_clinic_name": "神奈川県立総合療育相談センター", "nearest_clinic_distance_m": 910.86531382786836, "elderly_population_percentile": "<NA>", "elderly_ratio_percentile": "<NA>", "transport_distance_percentile": "<NA>", "medical_distance_percentile": "<NA>", "exploratory_score_a": "<NA>", "exploratory_score_b": "<NA>", "exploratory_score_c": "<NA>", "rank_a_unfiltered": "<NA>", "rank_b_unfiltered": "<NA>", "rank_c_unfiltered": "<NA>", "pareto_frontier": "<NA>", "eligibility_population_threshold": true, "eligibility_elderly_threshold": true, "primary_eligible": false, "rank": null }, "geometry": { "type": "Polygon", "coordinates": [ [ [ 139.4875, 35.37916666666667 ], [ 139.49375, 35.37916666666667 ], [ 139.49375, 35.38333333333334 ], [ 139.4875, 35.38333333333334 ], [ 139.4875, 35.37916666666667 ] ] ] } },
{ "type": "Feature", "properties": { "mesh_code": "533903612", "centroid_lat": 35.385416666666671, "centroid_lon": 139.396875, "city_area_fraction": 0.0066925275667896692, "centroid_within_city": false, "population": 623, "elderly_population": 240.0, "reported_elderly_population": 240.0, "elderly_ratio": 0.3852327447833066, "HTKSYORI": "0", "HTKSAKI": null, "GASSAN": null, "disclosure_status": "unaffected", "suppression_flag": false, "aggregation_target_flag": false, "aggregation_flag": false, "primary_eligible_disclosure": true, "nearest_station_name": "湘南台", "nearest_station_distance_m": 6404.900947445316, "nearest_bus_stop_name": "獺郷", "nearest_bus_stop_distance_m": 771.60343483420252, "nearest_public_transport_type": "bus_stop", "nearest_public_transport_name": "獺郷", "nearest_public_transport_distance_m": 771.60343483420252, "nearest_medical_name": "湘南希望の郷医務室", "nearest_medical_distance_m": 971.35499261372115, "nearest_hospital_name": "藤沢御所見病院", "nearest_medical_access_class": "uncertain_access", "nearest_hospital_distance_m": 1449.310515091792, "nearest_clinic_name": "湘南希望の郷医務室", "nearest_clinic_distance_m": 971.35499261372115, "elderly_population_percentile": "<NA>", "elderly_ratio_percentile": "<NA>", "transport_distance_percentile": "<NA>", "medical_distance_percentile": "<NA>", "exploratory_score_a": "<NA>", "exploratory_score_b": "<NA>", "exploratory_score_c": "<NA>", "rank_a_unfiltered": "<NA>", "rank_b_unfiltered": "<NA>", "rank_c_unfiltered": "<NA>", "pareto_frontier": "<NA>", "eligibility_population_threshold": true, "eligibility_elderly_threshold": true, "primary_eligible": false, "rank": null }, "geometry": { "type": "Polygon", "coordinates": [ [ [ 139.39375, 35.383333333333333 ], [ 139.4, 35.383333333333333 ], [ 139.4, 35.3875 ], [ 139.39375, 35.3875 ], [ 139.39375, 35.383333333333333 ] ] ] } },
{ "type": "Feature", "properties": { "mesh_code": "533903614", "centroid_lat": 35.389583333333334, "centroid_lon": 139.396875, "city_area_fraction": 0.18258985568416894, "centroid_within_city": false, "population": 285, "elderly_population": 78.0, "reported_elderly_population": 78.0, "elderly_ratio": 0.27368421052631581, "HTKSYORI": "0", "HTKSAKI": null, "GASSAN": null, "disclosure_status": "unaffected", "suppression_flag": false, "aggregation_target_flag": false, "aggregation_flag": false, "primary_eligible_disclosure": true, "nearest_station_name": "湘南台", "nearest_station_distance_m": 6334.3515446056235, "nearest_bus_stop_name": "獺郷", "nearest_bus_stop_distance_m": 652.91131792086924, "nearest_public_transport_type": "bus_stop", "nearest_public_transport_name": "獺郷", "nearest_public_transport_distance_m": 652.91131792086924, "nearest_medical_name": "湘南希望の郷医務室", "nearest_medical_distance_m": 1090.8945483271318, "nearest_hospital_name": "藤沢御所見病院", "nearest_medical_access_class": "uncertain_access", "nearest_hospital_distance_m": 1190.1516809840382, "nearest_clinic_name": "湘南希望の郷医務室", "nearest_clinic_distance_m": 1090.8945483271318, "elderly_population_percentile": "<NA>", "elderly_ratio_percentile": "<NA>", "transport_distance_percentile": "<NA>", "medical_distance_percentile": "<NA>", "exploratory_score_a": "<NA>", "exploratory_score_b": "<NA>", "exploratory_score_c": "<NA>", "rank_a_unfiltered": "<NA>", "rank_b_unfiltered": "<NA>", "rank_c_unfiltered": "<NA>", "pareto_frontier": "<NA>", "eligibility_population_threshold": true, "eligibility_elderly_threshold": true, "primary_eligible": false, "rank": null }, "geometry": { "type": "Polygon", "coordinates": [ [ [ 139.39375, 35.3875 ], [ 139.4, 35.3875 ], [ 139.4, 35.391666666666673 ], [ 139.39375, 35.391666666666673 ], [ 139.39375, 35.3875 ] ] ] } },
{ "type": "Feature", "properties": { "mesh_code": "533903621", "centroid_lat": 35.385416666666671, "centroid_lon": 139.403125, "city_area_fraction": 0.88110551575121532, "centroid_within_city": true, "population": 189, "elderly_population": 74.0, "reported_elderly_population": 74.0, "elderly_ratio": 0.39153439153439151, "HTKSYORI": "0", "HTKSAKI": null, "GASSAN": null, "disclosure_status": "unaffected", "suppression_flag": false, "aggregation_target_flag": false, "aggregation_flag": false, "primary_eligible_disclosure": true, "nearest_station_name": "湘南台", "nearest_station_distance_m": 5848.1637074077826, "nearest_bus_stop_name": "獺郷", "nearest_bus_stop_distance_m": 422.29233577269059, "nearest_public_transport_type": "bus_stop", "nearest_public_transport_name": "獺郷", "nearest_public_transport_distance_m": 422.29233577269059, "nearest_medical_name": "湘南希望の郷医務室", "nearest_medical_distance_m": 404.45344111776222, "nearest_hospital_name": "藤沢御所見病院", "nearest_medical_access_class": "uncertain_access", "nearest_hospital_distance_m": 1095.9175880744931, "nearest_clinic_name": "湘南希望の郷医務室", "nearest_clinic_distance_m": 404.45344111776222, "elderly_population_percentile": "0.15019011406844107", "elderly_ratio_percentile": "0.9201520912547528", "transport_distance_percentile": "0.8973384030418251", "medical_distance_percentile": "0.6463878326996197", "exploratory_score_a": "0.13477135711084445", "exploratory_score_b": "0.0970810623256083", "exploratory_score_c": "0.08711456543286523", "rank_a_unfiltered": "158", "rank_b_unfiltered": "188", "rank_c_unfiltered": "117", "pareto_frontier": "False", "eligibility_population_threshold": true, "eligibility_elderly_threshold": true, "primary_eligible": true, "rank": 117 }, "geometry": { "type": "Polygon", "coordinates": [ [ [ 139.4, 35.383333333333333 ], [ 139.40625, 35.383333333333333 ], [ 139.40625, 35.3875 ], [ 139.4, 35.3875 ], [ 139.4, 35.383333333333333 ] ] ] } },
{ "type": "Feature", "properties": { "mesh_code": "533903622", "centroid_lat": 35.385416666666671, "centroid_lon": 139.409375, "city_area_fraction": 1.0, "centroid_within_city": true, "population": 286, "elderly_population": 93.0, "reported_elderly_population": 93.0, "elderly_ratio": 0.32517482517482516, "HTKSYORI": "0", "HTKSAKI": null, "GASSAN": null, "disclosure_status": "unaffected", "suppression_flag": false, "aggregation_target_flag": false, "aggregation_flag": false, "primary_eligible_disclosure": true, "nearest_station_name": "湘南台", "nearest_station_distance_m": 5293.7727911962811, "nearest_bus_stop_name": "光友会入口", "nearest_bus_stop_distance_m": 165.42176073706023, "nearest_public_transport_type": "bus_stop", "nearest_public_transport_name": "光友会入口", "nearest_public_transport_distance_m": 165.42176073706023, "nearest_medical_name": "湘南希望の郷医務室", "nearest_medical_distance_m": 168.72819985389637, "nearest_hospital_name": "藤沢御所見病院", "nearest_medical_access_class": "uncertain_access", "nearest_hospital_distance_m": 972.79605412294416, "nearest_clinic_name": "湘南希望の郷医務室", "nearest_clinic_distance_m": 168.72819985389637, "elderly_population_percentile": "0.19391634980988592", "elderly_ratio_percentile": "0.8060836501901141", "transport_distance_percentile": "0.39543726235741444", "medical_distance_percentile": "0.21292775665399238", "exploratory_score_a": "0.07668175049516401", "exploratory_score_b": "0.041290173343549855", "exploratory_score_c": "0.016327673109236444", "rank_a_unfiltered": "192", "rank_b_unfiltered": "223", "rank_c_unfiltered": "216", "pareto_frontier": "False", "eligibility_population_threshold": true, "eligibility_elderly_threshold": true, "primary_eligible": true, "rank": 216 }, "geometry": { "type": "Polygon", "coordinates": [ [ [ 139.40625, 35.383333333333333 ], [ 139.4125, 35.383333333333333 ], [ 139.4125, 35.3875 ], [ 139.40625, 35.3875 ], [ 139.40625, 35.383333333333333 ] ] ] } },
{ "type": "Feature", "properties": { "mesh_code": "533903623", "centroid_lat": 35.389583333333334, "centroid_lon": 139.403125, "city_area_fraction": 0.7134901687423254, "centroid_within_city": true, "population": 659, "elderly_population": 196.0, "reported_elderly_population": 196.0, "elderly_ratio": 0.29742033383915023, "HTKSYORI": "0", "HTKSAKI": null, "GASSAN": null, "disclosure_status": "unaffected", "suppression_flag": false, "aggregation_target_flag": false, "aggregation_flag": false, "primary_eligible_disclosure": true, "nearest_station_name": "湘南台", "nearest_station_distance_m": 5770.8425217768745, "nearest_bus_stop_name": "獺郷", "nearest_bus_stop_distance_m": 96.299977617096232, "nearest_public_transport_type": "bus_stop", "nearest_public_transport_name": "獺郷", "nearest_public_transport_distance_m": 96.299977617096232, "nearest_medical_name": "湘南希望の郷医務室", "nearest_medical_distance_m": 640.42404292663343, "nearest_hospital_name": "藤沢御所見病院", "nearest_medical_access_class": "uncertain_access", "nearest_hospital_distance_m": 719.05635959319488, "nearest_clinic_name": "湘南希望の郷医務室", "nearest_clinic_distance_m": 640.42404292663343, "elderly_population_percentile": "0.34220532319391633", "elderly_ratio_percentile": "0.7414448669201521", "transport_distance_percentile": "0.155893536121673", "medical_distance_percentile": "0.8897338403041825", "exploratory_score_a": "0.05334759791235958", "exploratory_score_b": "0.3044716563778571", "exploratory_score_c": "0.04746516316156708", "rank_a_unfiltered": "212", "rank_b_unfiltered": "70", "rank_c_unfiltered": "157", "pareto_frontier": "False", "eligibility_population_threshold": true, "eligibility_elderly_threshold": true, "primary_eligible": true, "rank": 157 }, "geometry": { "type": "Polygon", "coordinates": [ [ [ 139.4, 35.3875 ], [ 139.40625, 35.3875 ], [ 139.40625, 35.391666666666673 ], [ 139.4, 35.391666666666673 ], [ 139.4, 35.3875 ] ] ] } },
{ "type": "Feature", "properties": { "mesh_code": "533903624", "centroid_lat": 35.389583333333334, "centroid_lon": 139.409375, "city_area_fraction": 0.99999999999999978, "centroid_within_city": true, "population": 148, "elderly_population": 45.0, "reported_elderly_population": 45.0, "elderly_ratio": 0.30405405405405406, "HTKSYORI": "0", "HTKSAKI": null, "GASSAN": null, "disclosure_status": "unaffected", "suppression_flag": false, "aggregation_target_flag": false, "aggregation_flag": false, "primary_eligible_disclosure": true, "nearest_station_name": "湘南台", "nearest_station_distance_m": 5208.2581714421449, "nearest_bus_stop_name": "獺郷公民館前", "nearest_bus_stop_distance_m": 299.38598263751805, "nearest_public_transport_type": "bus_stop", "nearest_public_transport_name": "獺郷公民館前", "nearest_public_transport_distance_m": 299.38598263751805, "nearest_medical_name": "藤沢御所見病院", "nearest_medical_distance_m": 512.20339838051996, "nearest_hospital_name": "藤沢御所見病院", "nearest_medical_access_class": "likely_public", "nearest_hospital_distance_m": 512.20339838051996, "nearest_clinic_name": "湘南希望の郷医務室", "nearest_clinic_distance_m": 524.4391183163292, "elderly_population_percentile": "0.09505703422053231", "elderly_ratio_percentile": "0.7680608365019012", "transport_distance_percentile": "0.7604562737642585", "medical_distance_percentile": "0.7870722433460076", "exploratory_score_a": "0.07228671803842761", "exploratory_score_b": "0.07481675316977257", "exploratory_score_c": "0.05689486933062553", "rank_a_unfiltered": "194", "rank_b_unfiltered": "207", "rank_c_unfiltered": "148", "pareto_frontier": "False", "eligibility_population_threshold": true, "eligibility_elderly_threshold": true, "primary_eligible": true, "rank": 148 }, "geometry": { "type": "Polygon", "coordinates": [ [ [ 139.40625, 35.3875 ], [ 139.4125, 35.3875 ], [ 139.4125, 35.391666666666673 ], [ 139.40625, 35.391666666666673 ], [ 139.40625, 35.3875 ] ] ] } },
{ "type": "Feature", "properties": { "mesh_code": "533903631", "centroid_lat": 35.385416666666671, "centroid_lon": 139.415625, "city_area_fraction": 0.78000549878269843, "centroid_within_city": true, "population": 118, "elderly_population": 35.0, "reported_elderly_population": 35.0, "elderly_ratio": 0.29661016949152541, "HTKSYORI": "0", "HTKSAKI": null, "GASSAN": null, "disclosure_status": "unaffected", "suppression_flag": false, "aggregation_target_flag": false, "aggregation_flag": false, "primary_eligible_disclosure": true, "nearest_station_name": "湘南台", "nearest_station_distance_m": 4742.5509929429418, "nearest_bus_stop_name": "根下", "nearest_bus_stop_distance_m": 230.76062619283354, "nearest_public_transport_type": "bus_stop", "nearest_public_transport_name": "根下", "nearest_public_transport_distance_m": 230.76062619283354, "nearest_medical_name": "湘南希望の郷医務室", "nearest_medical_distance_m": 733.61388286239105, "nearest_hospital_name": "藤沢御所見病院", "nearest_medical_access_class": "uncertain_access", "nearest_hospital_distance_m": 1156.0234977323969, "nearest_clinic_name": "湘南希望の郷医務室", "nearest_clinic_distance_m": 733.61388286239105, "elderly_population_percentile": "0.06273764258555133", "elderly_ratio_percentile": "0.7300380228136882", "transport_distance_percentile": "0.6045627376425855", "medical_distance_percentile": "0.9429657794676806", "exploratory_score_a": "0.03792884095476297", "exploratory_score_b": "0.05915945004264916", "exploratory_score_c": "0.03576559907521375", "rank_a_unfiltered": "226", "rank_b_unfiltered": "214", "rank_c_unfiltered": "173", "pareto_frontier": "False", "eligibility_population_threshold": true, "eligibility_elderly_threshold": true, "primary_eligible": true, "rank": 173 }, "geometry": { "type": "Polygon", "coordinates": [ [ [ 139.4125, 35.383333333333333 ], [ 139.41875, 35.383333333333333 ], [ 139.41875, 35.3875 ], [ 139.4125, 35.3875 ], [ 139.4125, 35.383333333333333 ] ] ] } },
{ "type": "Feature", "properties": { "mesh_code": "533903632", "centroid_lat": 35.385416666666671, "centroid_lon": 139.421875, "city_area_fraction": 0.78877418554967604, "centroid_within_city": true, "population": 39, "elderly_population": 13.0, "reported_elderly_population": 13.0, "elderly_ratio": 0.33333333333333331, "HTKSYORI": "0", "HTKSAKI": null, "GASSAN": null, "disclosure_status": "unaffected", "suppression_flag": false, "aggregation_target_flag": false, "aggregation_flag": false, "primary_eligible_disclosure": true, "nearest_station_name": "湘南台", "nearest_station_distance_m": 4195.747413708139, "nearest_bus_stop_name": "矢崎", "nearest_bus_stop_distance_m": 159.98626234714308, "nearest_public_transport_type": "bus_stop", "nearest_public_transport_name": "矢崎", "nearest_public_transport_distance_m": 159.98626234714308, "nearest_medical_name": "慶應義塾湘南藤沢診療所", "nearest_medical_distance_m": 553.94044268910386, "nearest_hospital_name": "医療法人社団　健育会　湘南慶育病院", "nearest_medical_access_class": "likely_public", "nearest_hospital_distance_m": 1049.6292760427204, "nearest_clinic_name": "慶應義塾湘南藤沢診療所", "nearest_clinic_distance_m": 553.94044268910386, "elderly_population_percentile": "0.015209125475285171", "elderly_ratio_percentile": "0.8231939163498099", "transport_distance_percentile": "0.3840304182509506", "medical_distance_percentile": "0.8136882129277566", "exploratory_score_a": "0.005840766817504952", "exploratory_score_b": "0.012375486128178808", "exploratory_score_c": "0.0047525631138633445", "rank_a_unfiltered": "260", "rank_b_unfiltered": "253", "rank_c_unfiltered": "245", "pareto_frontier": "False", "eligibility_population_threshold": true, "eligibility_elderly_threshold": true, "primary_eligible": true, "rank": 245 }, "geometry": { "type": "Polygon", "coordinates": [ [ [ 139.41875, 35.383333333333333 ], [ 139.425, 35.383333333333333 ], [ 139.425, 35.3875 ], [ 139.41875, 35.3875 ], [ 139.41875, 35.383333333333333 ] ] ] } },
{ "type": "Feature", "properties": { "mesh_code": "533903633", "centroid_lat": 35.389583333333334, "centroid_lon": 139.415625, "city_area_fraction": 1.0, "centroid_within_city": true, "population": 161, "elderly_population": 63.0, "reported_elderly_population": 63.0, "elderly_ratio": 0.39130434782608697, "HTKSYORI": "0", "HTKSAKI": null, "GASSAN": null, "disclosure_status": "unaffected", "suppression_flag": false, "aggregation_target_flag": false, "aggregation_flag": false, "primary_eligible_disclosure": true, "nearest_station_name": "湘南台", "nearest_station_distance_m": 4646.9342285111488, "nearest_bus_stop_name": "荒井", "nearest_bus_stop_distance_m": 128.81164719506344, "nearest_public_transport_type": "bus_stop", "nearest_public_transport_name": "荒井", "nearest_public_transport_distance_m": 128.81164719506344, "nearest_medical_name": "藤沢御所見病院", "nearest_medical_distance_m": 807.70712016764662, "nearest_hospital_name": "藤沢御所見病院", "nearest_medical_access_class": "likely_public", "nearest_hospital_distance_m": 807.70712016764662, "nearest_clinic_name": "御所見総合クリニック", "nearest_clinic_distance_m": 857.90858309995849, "elderly_population_percentile": "0.11787072243346007", "elderly_ratio_percentile": "0.9163498098859315", "transport_distance_percentile": "0.2661596958174905", "medical_distance_percentile": "0.9619771863117871", "exploratory_score_a": "0.031372435628677586", "exploratory_score_b": "0.11338894591507756", "exploratory_score_c": "0.030179567353822927", "rank_a_unfiltered": "235", "rank_b_unfiltered": "174", "rank_c_unfiltered": "182", "pareto_frontier": "False", "eligibility_population_threshold": true, "eligibility_elderly_threshold": true, "primary_eligible": true, "rank": 182 }, "geometry": { "type": "Polygon", "coordinates": [ [ [ 139.4125, 35.3875 ], [ 139.41875, 35.3875 ], [ 139.41875, 35.391666666666673 ], [ 139.4125, 35.391666666666673 ], [ 139.4125, 35.3875 ] ] ] } },
{ "type": "Feature", "properties": { "mesh_code": "533903634", "centroid_lat": 35.389583333333334, "centroid_lon": 139.421875, "city_area_fraction": 1.0, "centroid_within_city": true, "population": 25, "elderly_population": 11.0, "reported_elderly_population": 11.0, "elderly_ratio": 0.44, "HTKSYORI": "0", "HTKSAKI": null, "GASSAN": null, "disclosure_status": "unaffected", "suppression_flag": false, "aggregation_target_flag": false, "aggregation_flag": false, "primary_eligible_disclosure": true, "nearest_station_name": "湘南台", "nearest_station_distance_m": 4087.389874465126, "nearest_bus_stop_name": "遠藤西の谷", "nearest_bus_stop_distance_m": 429.24394858676482, "nearest_public_transport_type": "bus_stop", "nearest_public_transport_name": "遠藤西の谷", "nearest_public_transport_distance_m": 429.24394858676482, "nearest_medical_name": "慶應義塾湘南藤沢診療所", "nearest_medical_distance_m": 487.25036935390818, "nearest_hospital_name": "医療法人社団　健育会　湘南慶育病院", "nearest_medical_access_class": "likely_public", "nearest_hospital_distance_m": 864.1994878873511, "nearest_clinic_name": "慶應義塾湘南藤沢診療所", "nearest_clinic_distance_m": 487.25036935390818, "elderly_population_percentile": "0.011406844106463879", "elderly_ratio_percentile": "0.9657794676806084", "transport_distance_percentile": "0.9049429657794676", "medical_distance_percentile": "0.7490494296577946", "exploratory_score_a": "0.010322543335887464", "exploratory_score_b": "0.008544290072142144", "exploratory_score_c": "0.007732095198364373", "rank_a_unfiltered": "252", "rank_b_unfiltered": "259", "rank_c_unfiltered": "232", "pareto_frontier": "False", "eligibility_population_threshold": true, "eligibility_elderly_threshold": true, "primary_eligible": true, "rank": 232 }, "geometry": { "type": "Polygon", "coordinates": [ [ [ 139.41875, 35.3875 ], [ 139.425, 35.3875 ], [ 139.425, 35.391666666666673 ], [ 139.41875, 35.391666666666673 ], [ 139.41875, 35.3875 ] ] ] } },
{ "type": "Feature", "properties": { "mesh_code": "533903641", "centroid_lat": 35.385416666666671, "centroid_lon": 139.428125, "city_area_fraction": 0.82513422951667359, "centroid_within_city": true, "population": 73, "elderly_population": 20.0, "reported_elderly_population": 20.0, "elderly_ratio": 0.27397260273972601, "HTKSYORI": "0", "HTKSAKI": null, "GASSAN": null, "disclosure_status": "unaffected", "suppression_flag": false, "aggregation_target_flag": false, "aggregation_flag": false, "primary_eligible_disclosure": true, "nearest_station_name": "湘南台", "nearest_station_distance_m": 3655.3452153268531, "nearest_bus_stop_name": "慶応中高降車場", "nearest_bus_stop_distance_m": 146.84552986874778, "nearest_public_transport_type": "bus_stop", "nearest_public_transport_name": "慶応中高降車場", "nearest_public_transport_distance_m": 146.84552986874778, "nearest_medical_name": "慶應義塾湘南藤沢診療所", "nearest_medical_distance_m": 324.11157003142552, "nearest_hospital_name": "医療法人社団　健育会　湘南慶育病院", "nearest_medical_access_class": "likely_public", "nearest_hospital_distance_m": 676.87020213043945, "nearest_clinic_name": "慶應義塾湘南藤沢診療所", "nearest_clinic_distance_m": 324.11157003142552, "elderly_population_percentile": "0.026615969581749048", "elderly_ratio_percentile": "0.6159695817490495", "transport_distance_percentile": "0.3231939163498099", "medical_distance_percentile": "0.5057034220532319", "exploratory_score_a": "0.008602119446572886", "exploratory_score_b": "0.013459786898755223", "exploratory_score_c": "0.004350121241042562", "rank_a_unfiltered": "255", "rank_b_unfiltered": "251", "rank_c_unfiltered": "247", "pareto_frontier": "False", "eligibility_population_threshold": true, "eligibility_elderly_threshold": true, "primary_eligible": true, "rank": 247 }, "geometry": { "type": "Polygon", "coordinates": [ [ [ 139.425, 35.383333333333333 ], [ 139.43125, 35.383333333333333 ], [ 139.43125, 35.3875 ], [ 139.425, 35.3875 ], [ 139.425, 35.383333333333333 ] ] ] } },
{ "type": "Feature", "properties": { "mesh_code": "533903642", "centroid_lat": 35.385416666666671, "centroid_lon": 139.434375, "city_area_fraction": 1.0, "centroid_within_city": true, "population": 353, "elderly_population": 76.0, "reported_elderly_population": 76.0, "elderly_ratio": 0.21529745042492918, "HTKSYORI": "0", "HTKSAKI": null, "GASSAN": null, "disclosure_status": "unaffected", "suppression_flag": false, "aggregation_target_flag": false, "aggregation_flag": false, "primary_eligible_disclosure": true, "nearest_station_name": "湘南台", "nearest_station_distance_m": 3124.6673024021616, "nearest_bus_stop_name": "宝泉寺", "nearest_bus_stop_distance_m": 294.24010680410447, "nearest_public_transport_type": "bus_stop", "nearest_public_transport_name": "宝泉寺", "nearest_public_transport_distance_m": 294.24010680410447, "nearest_medical_name": "医療法人誠翔会　セントジョージクリニック", "nearest_medical_distance_m": 319.16612363092946, "nearest_hospital_name": "医療法人社団　健育会　湘南慶育病院", "nearest_medical_access_class": "likely_public", "nearest_hospital_distance_m": 677.76838822616162, "nearest_clinic_name": "医療法人誠翔会　セントジョージクリニック", "nearest_clinic_distance_m": 319.16612363092946, "elderly_population_percentile": "0.1596958174904943", "elderly_ratio_percentile": "0.2661596958174905", "transport_distance_percentile": "0.7566539923954373", "medical_distance_percentile": "0.49809885931558934", "exploratory_score_a": "0.12083447787303561", "exploratory_score_b": "0.07954430452948576", "exploratory_score_c": "0.060187515594553855", "rank_a_unfiltered": "161", "rank_b_unfiltered": "201", "rank_c_unfiltered": "140", "pareto_frontier": "False", "eligibility_population_threshold": true, "eligibility_elderly_threshold": true, "primary_eligible": true, "rank": 140 }, "geometry": { "type": "Polygon", "coordinates": [ [ [ 139.43125, 35.383333333333333 ], [ 139.4375, 35.383333333333333 ], [ 139.4375, 35.3875 ], [ 139.43125, 35.3875 ], [ 139.43125, 35.383333333333333 ] ] ] } },
{ "type": "Feature", "properties": { "mesh_code": "533903643", "centroid_lat": 35.389583333333334, "centroid_lon": 139.428125, "city_area_fraction": 1.0, "centroid_within_city": true, "population": 63, "elderly_population": 30.0, "reported_elderly_population": 30.0, "elderly_ratio": 0.47619047619047616, "HTKSYORI": "0", "HTKSAKI": null, "GASSAN": null, "disclosure_status": "unaffected", "suppression_flag": false, "aggregation_target_flag": false, "aggregation_flag": false, "primary_eligible_disclosure": true, "nearest_station_name": "湘南台", "nearest_station_distance_m": 3530.4712047172725, "nearest_bus_stop_name": "遠藤打越", "nearest_bus_stop_distance_m": 170.32792718053616, "nearest_public_transport_type": "bus_stop", "nearest_public_transport_name": "遠藤打越", "nearest_public_transport_distance_m": 170.32792718053616, "nearest_medical_name": "慶應義塾湘南藤沢診療所", "nearest_medical_distance_m": 188.73693948334531, "nearest_hospital_name": "医療法人社団　健育会　湘南慶育病院", "nearest_medical_access_class": "likely_public", "nearest_hospital_distance_m": 321.41202417696417, "nearest_clinic_name": "慶應義塾湘南藤沢診療所", "nearest_clinic_distance_m": 188.73693948334531, "elderly_population_percentile": "0.051330798479087454", "elderly_ratio_percentile": "0.9847908745247148", "transport_distance_percentile": "0.4144486692015209", "medical_distance_percentile": "0.2585551330798479", "exploratory_score_a": "0.021273981118709248", "exploratory_score_b": "0.013271841431855311", "exploratory_score_c": "0.0055004970192860415", "rank_a_unfiltered": "245", "rank_b_unfiltered": "252", "rank_c_unfiltered": "240", "pareto_frontier": "False", "eligibility_population_threshold": true, "eligibility_elderly_threshold": true, "primary_eligible": true, "rank": 240 }, "geometry": { "type": "Polygon", "coordinates": [ [ [ 139.425, 35.3875 ], [ 139.43125, 35.3875 ], [ 139.43125, 35.391666666666673 ], [ 139.425, 35.391666666666673 ], [ 139.425, 35.3875 ] ] ] } },
{ "type": "Feature", "properties": { "mesh_code": "533903644", "centroid_lat": 35.389583333333334, "centroid_lon": 139.434375, "city_area_fraction": 1.0, "centroid_within_city": true, "population": 250, "elderly_population": 71.0, "reported_elderly_population": 71.0, "elderly_ratio": 0.284, "HTKSYORI": "0", "HTKSAKI": null, "GASSAN": null, "disclosure_status": "unaffected", "suppression_flag": false, "aggregation_target_flag": false, "aggregation_flag": false, "primary_eligible_disclosure": true, "nearest_station_name": "湘南台", "nearest_station_distance_m": 2977.6516800902091, "nearest_bus_stop_name": "諸之木", "nearest_bus_stop_distance_m": 250.60860860954, "nearest_public_transport_type": "bus_stop", "nearest_public_transport_name": "諸之木", "nearest_public_transport_distance_m": 250.60860860954, "nearest_medical_name": "医療法人誠翔会　セントジョージクリニック", "nearest_medical_distance_m": 160.79531674890572, "nearest_hospital_name": "医療法人社団　健育会　湘南慶育病院", "nearest_medical_access_class": "likely_public", "nearest_hospital_distance_m": 323.29943645072268, "nearest_clinic_name": "医療法人誠翔会　セントジョージクリニック", "nearest_clinic_distance_m": 160.79531674890572, "elderly_population_percentile": "0.14068441064638784", "elderly_ratio_percentile": "0.6730038022813688", "transport_distance_percentile": "0.6463878326996197", "medical_distance_percentile": "0.20152091254752852", "exploratory_score_a": "0.09093669129234194", "exploratory_score_b": "0.028350850814671313", "exploratory_score_c": "0.018325645013285638", "rank_a_unfiltered": "183", "rank_b_unfiltered": "238", "rank_c_unfiltered": "214", "pareto_frontier": "False", "eligibility_population_threshold": true, "eligibility_elderly_threshold": true, "primary_eligible": true, "rank": 214 }, "geometry": { "type": "Polygon", "coordinates": [ [ [ 139.43125, 35.3875 ], [ 139.4375, 35.3875 ], [ 139.4375, 35.391666666666673 ], [ 139.43125, 35.391666666666673 ], [ 139.43125, 35.3875 ] ] ] } },
{ "type": "Feature", "properties": { "mesh_code": "533903651", "centroid_lat": 35.385416666666671, "centroid_lon": 139.440625, "city_area_fraction": 0.99999999999999978, "centroid_within_city": true, "population": 680, "elderly_population": 190.0, "reported_elderly_population": 190.0, "elderly_ratio": 0.27941176470588236, "HTKSYORI": "0", "HTKSAKI": null, "GASSAN": null, "disclosure_status": "unaffected", "suppression_flag": false, "aggregation_target_flag": false, "aggregation_flag": false, "primary_eligible_disclosure": true, "nearest_station_name": "湘南台", "nearest_station_distance_m": 2609.652597440685, "nearest_bus_stop_name": "遠藤北原", "nearest_bus_stop_distance_m": 231.75558814305347, "nearest_public_transport_type": "bus_stop", "nearest_public_transport_name": "遠藤北原", "nearest_public_transport_distance_m": 231.75558814305347, "nearest_medical_name": "プレス工業株式会社藤沢工場診療所", "nearest_medical_distance_m": 434.89545929841205, "nearest_hospital_name": "医療法人社団　健育会　湘南慶育病院", "nearest_medical_access_class": "likely_public", "nearest_hospital_distance_m": 1051.3661499032714, "nearest_clinic_name": "プレス工業株式会社藤沢工場診療所", "nearest_clinic_distance_m": 434.89545929841205, "elderly_population_percentile": "0.33079847908745247", "elderly_ratio_percentile": "0.6501901140684411", "transport_distance_percentile": "0.6121673003802282", "medical_distance_percentile": "0.6958174904942965", "exploratory_score_a": "0.20250401191285114", "exploratory_score_b": "0.2301753675779612", "exploratory_score_c": "0.1409058333842272", "rank_a_unfiltered": "119", "rank_b_unfiltered": "105", "rank_c_unfiltered": "79", "pareto_frontier": "False", "eligibility_population_threshold": true, "eligibility_elderly_threshold": true, "primary_eligible": true, "rank": 79 }, "geometry": { "type": "Polygon", "coordinates": [ [ [ 139.4375, 35.383333333333333 ], [ 139.44375, 35.383333333333333 ], [ 139.44375, 35.3875 ], [ 139.4375, 35.3875 ], [ 139.4375, 35.383333333333333 ] ] ] } },
{ "type": "Feature", "properties": { "mesh_code": "533903652", "centroid_lat": 35.385416666666671, "centroid_lon": 139.446875, "city_area_fraction": 1.0, "centroid_within_city": true, "population": 793, "elderly_population": 131.0, "reported_elderly_population": 131.0, "elderly_ratio": 0.16519546027742749, "HTKSYORI": "0", "HTKSAKI": null, "GASSAN": null, "disclosure_status": "unaffected", "suppression_flag": false, "aggregation_target_flag": false, "aggregation_flag": false, "primary_eligible_disclosure": true, "nearest_station_name": "湘南台", "nearest_station_distance_m": 2121.7376002415772, "nearest_bus_stop_name": "東京ラヂエーター前", "nearest_bus_stop_distance_m": 119.74307915249754, "nearest_public_transport_type": "bus_stop", "nearest_public_transport_name": "東京ラヂエーター前", "nearest_public_transport_distance_m": 119.74307915249754, "nearest_medical_name": "湘南台宮治クリニック", "nearest_medical_distance_m": 263.31578941614265, "nearest_hospital_name": "医療法人社団いしずえ　湘南敬愛病院", "nearest_medical_access_class": "likely_public", "nearest_hospital_distance_m": 1041.2557576213148, "nearest_clinic_name": "湘南台宮治クリニック", "nearest_clinic_distance_m": 263.31578941614265, "elderly_population_percentile": "0.26425855513307983", "elderly_ratio_percentile": "0.06844106463878327", "transport_distance_percentile": "0.22433460076045628", "medical_distance_percentile": "0.39923954372623577", "exploratory_score_a": "0.05928233746331449", "exploratory_score_b": "0.10550246497708511", "exploratory_score_c": "0.02366785335987841", "rank_a_unfiltered": "206", "rank_b_unfiltered": "181", "rank_c_unfiltered": "197", "pareto_frontier": "False", "eligibility_population_threshold": true, "eligibility_elderly_threshold": true, "primary_eligible": true, "rank": 197 }, "geometry": { "type": "Polygon", "coordinates": [ [ [ 139.44375, 35.383333333333333 ], [ 139.45, 35.383333333333333 ], [ 139.45, 35.3875 ], [ 139.44375, 35.3875 ], [ 139.44375, 35.383333333333333 ] ] ] } },
{ "type": "Feature", "properties": { "mesh_code": "533903653", "centroid_lat": 35.389583333333334, "centroid_lon": 139.440625, "city_area_fraction": 1.0, "centroid_within_city": true, "population": 472, "elderly_population": 163.0, "reported_elderly_population": 163.0, "elderly_ratio": 0.34533898305084748, "HTKSYORI": "0", "HTKSAKI": null, "GASSAN": null, "disclosure_status": "unaffected", "suppression_flag": false, "aggregation_target_flag": false, "aggregation_flag": false, "primary_eligible_disclosure": true, "nearest_station_name": "湘南台", "nearest_station_distance_m": 2431.7283534689054, "nearest_bus_stop_name": "秋葉台小学校", "nearest_bus_stop_distance_m": 65.741018058748494, "nearest_public_transport_type": "bus_stop", "nearest_public_transport_name": "秋葉台小学校", "nearest_public_transport_distance_m": 65.741018058748494, "nearest_medical_name": "医療法人社団芳晴会　愛児レディースクリニック", "nearest_medical_distance_m": 50.905493481146458, "nearest_hospital_name": "医療法人社団　健育会　湘南慶育病院", "nearest_medical_access_class": "likely_public", "nearest_hospital_distance_m": 866.30841815487008, "nearest_clinic_name": "医療法人社団芳晴会　愛児レディースクリニック", "nearest_clinic_distance_m": 50.905493481146458, "elderly_population_percentile": "0.2946768060836502", "elderly_ratio_percentile": "0.8403041825095057", "transport_distance_percentile": "0.08365019011406843", "medical_distance_percentile": "0.034220532319391636", "exploratory_score_a": "0.024649770851103817", "exploratory_score_b": "0.010083997166360653", "exploratory_score_c": "0.0008435282800757961", "rank_a_unfiltered": "241", "rank_b_unfiltered": "257", "rank_c_unfiltered": "259", "pareto_frontier": "False", "eligibility_population_threshold": true, "eligibility_elderly_threshold": true, "primary_eligible": true, "rank": 257 }, "geometry": { "type": "Polygon", "coordinates": [ [ [ 139.4375, 35.3875 ], [ 139.44375, 35.3875 ], [ 139.44375, 35.391666666666673 ], [ 139.4375, 35.391666666666673 ], [ 139.4375, 35.3875 ] ] ] } },
{ "type": "Feature", "properties": { "mesh_code": "533903654", "centroid_lat": 35.389583333333334, "centroid_lon": 139.446875, "city_area_fraction": 1.0, "centroid_within_city": true, "population": 1543, "elderly_population": 375.0, "reported_elderly_population": 375.0, "elderly_ratio": 0.24303305249513935, "HTKSYORI": "0", "HTKSAKI": null, "GASSAN": null, "disclosure_status": "unaffected", "suppression_flag": false, "aggregation_target_flag": false, "aggregation_flag": false, "primary_eligible_disclosure": true, "nearest_station_name": "湘南台", "nearest_station_distance_m": 1898.6589251424705, "nearest_bus_stop_name": "文化体育館前", "nearest_bus_stop_distance_m": 134.88361134206571, "nearest_public_transport_type": "bus_stop", "nearest_public_transport_name": "文化体育館前", "nearest_public_transport_distance_m": 134.88361134206571, "nearest_medical_name": "湘南台宮治クリニック", "nearest_medical_distance_m": 311.66645962101018, "nearest_hospital_name": "医療法人社団いしずえ　湘南敬愛病院", "nearest_medical_access_class": "likely_public", "nearest_hospital_distance_m": 1027.7343440587865, "nearest_clinic_name": "湘南台宮治クリニック", "nearest_clinic_distance_m": 311.66645962101018, "elderly_population_percentile": "0.5019011406844106", "elderly_ratio_percentile": "0.43346007604562736", "transport_distance_percentile": "0.2889733840304182", "medical_distance_percentile": "0.4828897338403042", "exploratory_score_a": "0.14503607107230115", "exploratory_score_b": "0.24236290823924012", "exploratory_score_c": "0.07003642975734695", "rank_a_unfiltered": "153", "rank_b_unfiltered": "100", "rank_c_unfiltered": "129", "pareto_frontier": "False", "eligibility_population_threshold": true, "eligibility_elderly_threshold": true, "primary_eligible": true, "rank": 129 }, "geometry": { "type": "Polygon", "coordinates": [ [ [ 139.44375, 35.3875 ], [ 139.45, 35.3875 ], [ 139.45, 35.391666666666673 ], [ 139.44375, 35.391666666666673 ], [ 139.44375, 35.3875 ] ] ] } },
{ "type": "Feature", "properties": { "mesh_code": "533903661", "centroid_lat": 35.385416666666671, "centroid_lon": 139.453125, "city_area_fraction": 1.0, "centroid_within_city": true, "population": 1383, "elderly_population": 257.0, "reported_elderly_population": 257.0, "elderly_ratio": 0.18582791033984092, "HTKSYORI": "0", "HTKSAKI": null, "GASSAN": null, "disclosure_status": "unaffected", "suppression_flag": false, "aggregation_target_flag": false, "aggregation_flag": false, "primary_eligible_disclosure": true, "nearest_station_name": "六会日大前", "nearest_station_distance_m": 1609.7692054725824, "nearest_bus_stop_name": "丸石", "nearest_bus_stop_distance_m": 132.18370396824625, "nearest_public_transport_type": "bus_stop", "nearest_public_transport_name": "丸石", "nearest_public_transport_distance_m": 132.18370396824625, "nearest_medical_name": "株式会社ＨＧＳＴジャパン藤沢事業所健康管理室", "nearest_medical_distance_m": 137.5726524665109, "nearest_hospital_name": "医療法人社団いしずえ　湘南敬愛病院", "nearest_medical_access_class": "uncertain_access", "nearest_hospital_distance_m": 511.85909086377086, "nearest_clinic_name": "株式会社ＨＧＳＴジャパン藤沢事業所健康管理室", "nearest_clinic_distance_m": 137.5726524665109, "elderly_population_percentile": "0.3916349809885932", "elderly_ratio_percentile": "0.13688212927756654", "transport_distance_percentile": "0.2813688212927757", "medical_distance_percentile": "0.17870722433460076", "exploratory_score_a": "0.11019387297777908", "exploratory_score_b": "0.06998800040480563", "exploratory_score_c": "0.019692441178538467", "rank_a_unfiltered": "169", "rank_b_unfiltered": "211", "rank_c_unfiltered": "206", "pareto_frontier": "False", "eligibility_population_threshold": true, "eligibility_elderly_threshold": true, "primary_eligible": true, "rank": 206 }, "geometry": { "type": "Polygon", "coordinates": [ [ [ 139.45, 35.383333333333333 ], [ 139.45625, 35.383333333333333 ], [ 139.45625, 35.3875 ], [ 139.45, 35.3875 ], [ 139.45, 35.383333333333333 ] ] ] } },
{ "type": "Feature", "properties": { "mesh_code": "533903662", "centroid_lat": 35.385416666666671, "centroid_lon": 139.459375, "city_area_fraction": 1.0000000000000002, "centroid_within_city": true, "population": 1136, "elderly_population": 185.0, "reported_elderly_population": 185.0, "elderly_ratio": 0.16285211267605634, "HTKSYORI": "0", "HTKSAKI": null, "GASSAN": null, "disclosure_status": "unaffected", "suppression_flag": false, "aggregation_target_flag": false, "aggregation_flag": false, "primary_eligible_disclosure": true, "nearest_station_name": "六会日大前", "nearest_station_distance_m": 1047.647688464373, "nearest_bus_stop_name": "石川山田", "nearest_bus_stop_distance_m": 258.45659416046124, "nearest_public_transport_type": "bus_stop", "nearest_public_transport_name": "石川山田", "nearest_public_transport_distance_m": 258.45659416046124, "nearest_medical_name": "村田会湘南台内科クリニック", "nearest_medical_distance_m": 196.36971466652912, "nearest_hospital_name": "医療法人社団いしずえ　湘南敬愛病院", "nearest_medical_access_class": "likely_public", "nearest_hospital_distance_m": 290.85019817283893, "nearest_clinic_name": "村田会湘南台内科クリニック", "nearest_clinic_distance_m": 196.36971466652912, "elderly_population_percentile": "0.3155893536121673", "elderly_ratio_percentile": "0.057034220532319393", "transport_distance_percentile": "0.6768060836501901", "medical_distance_percentile": "0.2813688212927757", "exploratory_score_a": "0.21359279445994592", "exploratory_score_b": "0.08879700443840449", "exploratory_score_c": "0.06009835281382509", "rank_a_unfiltered": "113", "rank_b_unfiltered": "195", "rank_c_unfiltered": "141", "pareto_frontier": "False", "eligibility_population_threshold": true, "eligibility_elderly_threshold": true, "primary_eligible": true, "rank": 141 }, "geometry": { "type": "Polygon", "coordinates": [ [ [ 139.45625, 35.383333333333333 ], [ 139.4625, 35.383333333333333 ], [ 139.4625, 35.3875 ], [ 139.45625, 35.3875 ], [ 139.45625, 35.383333333333333 ] ] ] } },
{ "type": "Feature", "properties": { "mesh_code": "533903663", "centroid_lat": 35.389583333333334, "centroid_lon": 139.453125, "city_area_fraction": 1.0, "centroid_within_city": true, "population": 910, "elderly_population": 215.0, "reported_elderly_population": 215.0, "elderly_ratio": 0.23626373626373626, "HTKSYORI": "0", "HTKSAKI": null, "GASSAN": null, "disclosure_status": "unaffected", "suppression_flag": false, "aggregation_target_flag": false, "aggregation_flag": false, "primary_eligible_disclosure": true, "nearest_station_name": "湘南台", "nearest_station_distance_m": 1393.2757616542647, "nearest_bus_stop_name": "団地中央", "nearest_bus_stop_distance_m": 128.47409398087296, "nearest_public_transport_type": "bus_stop", "nearest_public_transport_name": "団地中央", "nearest_public_transport_distance_m": 128.47409398087296, "nearest_medical_name": "日本精工桐原事業所健康推進室", "nearest_medical_distance_m": 114.10761581790793, "nearest_hospital_name": "医療法人社団いしずえ　湘南敬愛病院", "nearest_medical_access_class": "likely_public", "nearest_hospital_distance_m": 483.80404667982754, "nearest_clinic_name": "日本精工桐原事業所健康推進室", "nearest_clinic_distance_m": 114.10761581790793, "elderly_population_percentile": "0.3726235741444867", "elderly_ratio_percentile": "0.38783269961977185", "transport_distance_percentile": "0.2623574144486692", "medical_distance_percentile": "0.14068441064638784", "exploratory_score_a": "0.09776055747516953", "exploratory_score_b": "0.05242232792146772", "exploratory_score_c": "0.01375338641285655", "rank_a_unfiltered": "178", "rank_b_unfiltered": "217", "rank_c_unfiltered": "217", "pareto_frontier": "False", "eligibility_population_threshold": true, "eligibility_elderly_threshold": true, "primary_eligible": true, "rank": 217 }, "geometry": { "type": "Polygon", "coordinates": [ [ [ 139.45, 35.3875 ], [ 139.45625, 35.3875 ], [ 139.45625, 35.391666666666673 ], [ 139.45, 35.391666666666673 ], [ 139.45, 35.3875 ] ] ] } },
{ "type": "Feature", "properties": { "mesh_code": "533903664", "centroid_lat": 35.389583333333334, "centroid_lon": 139.459375, "city_area_fraction": 1.0, "centroid_within_city": true, "population": 2728, "elderly_population": 581.0, "reported_elderly_population": 581.0, "elderly_ratio": 0.21297653958944282, "HTKSYORI": "0", "HTKSAKI": null, "GASSAN": null, "disclosure_status": "unaffected", "suppression_flag": false, "aggregation_target_flag": false, "aggregation_flag": false, "primary_eligible_disclosure": true, "nearest_station_name": "湘南台", "nearest_station_distance_m": 960.33157720579152, "nearest_bus_stop_name": "桐ヶ谷", "nearest_bus_stop_distance_m": 100.01991776712039, "nearest_public_transport_type": "bus_stop", "nearest_public_transport_name": "桐ヶ谷", "nearest_public_transport_distance_m": 100.01991776712039, "nearest_medical_name": "医療法人社団いしずえ　湘南敬愛病院", "nearest_medical_distance_m": 238.0537781043877, "nearest_hospital_name": "医療法人社団いしずえ　湘南敬愛病院", "nearest_medical_access_class": "likely_public", "nearest_hospital_distance_m": 238.0537781043877, "nearest_clinic_name": "村田会湘南台内科クリニック", "nearest_clinic_distance_m": 289.09119761251702, "elderly_population_percentile": "0.6958174904942965", "elderly_ratio_percentile": "0.25475285171102663", "transport_distance_percentile": "0.17110266159695817", "medical_distance_percentile": "0.34980988593155893", "exploratory_score_a": "0.11905622460929027", "exploratory_score_b": "0.24340383697899345", "exploratory_score_c": "0.04164704435001789", "rank_a_unfiltered": "163", "rank_b_unfiltered": "99", "rank_c_unfiltered": "164", "pareto_frontier": "False", "eligibility_population_threshold": true, "eligibility_elderly_threshold": true, "primary_eligible": true, "rank": 164 }, "geometry": { "type": "Polygon", "coordinates": [ [ [ 139.45625, 35.3875 ], [ 139.4625, 35.3875 ], [ 139.4625, 35.391666666666673 ], [ 139.45625, 35.391666666666673 ], [ 139.45625, 35.3875 ] ] ] } },
{ "type": "Feature", "properties": { "mesh_code": "533903671", "centroid_lat": 35.385416666666671, "centroid_lon": 139.465625, "city_area_fraction": 1.0, "centroid_within_city": true, "population": 2401, "elderly_population": 432.0, "reported_elderly_population": 432.0, "elderly_ratio": 0.17992503123698458, "HTKSYORI": "0", "HTKSAKI": null, "GASSAN": null, "disclosure_status": "unaffected", "suppression_flag": false, "aggregation_target_flag": false, "aggregation_flag": false, "primary_eligible_disclosure": true, "nearest_station_name": "六会日大前", "nearest_station_distance_m": 498.61206898591763, "nearest_bus_stop_name": "天神町2号", "nearest_bus_stop_distance_m": 453.28225499190052, "nearest_public_transport_type": "bus_stop", "nearest_public_transport_name": "天神町2号", "nearest_public_transport_distance_m": 453.28225499190052, "nearest_medical_name": "今村内科クリニック", "nearest_medical_distance_m": 456.23310756097834, "nearest_hospital_name": "医療法人社団いしずえ　湘南敬愛病院", "nearest_medical_access_class": "likely_public", "nearest_hospital_distance_m": 742.96362731901149, "nearest_clinic_name": "今村内科クリニック", "nearest_clinic_distance_m": 456.23310756097834, "elderly_population_percentile": "0.5437262357414449", "elderly_ratio_percentile": "0.11026615969581749", "transport_distance_percentile": "0.9125475285171103", "medical_distance_percentile": "0.7186311787072244", "exploratory_score_a": "0.4961760326157672", "exploratory_score_b": "0.3907386256849167", "exploratory_score_c": "0.356567567164943", "rank_a_unfiltered": "30", "rank_b_unfiltered": "34", "rank_c_unfiltered": "14", "pareto_frontier": "False", "eligibility_population_threshold": true, "eligibility_elderly_threshold": true, "primary_eligible": true, "rank": 14 }, "geometry": { "type": "Polygon", "coordinates": [ [ [ 139.4625, 35.383333333333333 ], [ 139.46875, 35.383333333333333 ], [ 139.46875, 35.3875 ], [ 139.4625, 35.3875 ], [ 139.4625, 35.383333333333333 ] ] ] } },
{ "type": "Feature", "properties": { "mesh_code": "533903672", "centroid_lat": 35.385416666666671, "centroid_lon": 139.471875, "city_area_fraction": 0.99999999999999978, "centroid_within_city": true, "population": 2613, "elderly_population": 681.0, "reported_elderly_population": 681.0, "elderly_ratio": 0.26061997703788747, "HTKSYORI": "0", "HTKSAKI": null, "GASSAN": null, "disclosure_status": "unaffected", "suppression_flag": false, "aggregation_target_flag": false, "aggregation_flag": false, "primary_eligible_disclosure": true, "nearest_station_name": "六会日大前", "nearest_station_distance_m": 210.95243122247427, "nearest_bus_stop_name": "六会日大前駅西口", "nearest_bus_stop_distance_m": 251.23936823580314, "nearest_public_transport_type": "station", "nearest_public_transport_name": "六会日大前", "nearest_public_transport_distance_m": 210.95243122247427, "nearest_medical_name": "関野内科医院", "nearest_medical_distance_m": 28.907378995702913, "nearest_hospital_name": "湘南第一病院", "nearest_medical_access_class": "likely_public", "nearest_hospital_distance_m": 1115.0264423213653, "nearest_clinic_name": "関野内科医院", "nearest_clinic_distance_m": 28.907378995702913, "elderly_population_percentile": "0.8250950570342205", "elderly_ratio_percentile": "0.5475285171102662", "transport_distance_percentile": "0.5551330798479087", "medical_distance_percentile": "0.011406844106463879", "exploratory_score_a": "0.45803756017869274", "exploratory_score_b": "0.009411730688603275", "exploratory_score_c": "0.005224763043863416", "rank_a_unfiltered": "35", "rank_b_unfiltered": "258", "rank_c_unfiltered": "243", "pareto_frontier": "False", "eligibility_population_threshold": true, "eligibility_elderly_threshold": true, "primary_eligible": true, "rank": 243 }, "geometry": { "type": "Polygon", "coordinates": [ [ [ 139.46875, 35.383333333333333 ], [ 139.475, 35.383333333333333 ], [ 139.475, 35.3875 ], [ 139.46875, 35.3875 ], [ 139.46875, 35.383333333333333 ] ] ] } },
{ "type": "Feature", "properties": { "mesh_code": "533903673", "centroid_lat": 35.389583333333334, "centroid_lon": 139.465625, "city_area_fraction": 1.0, "centroid_within_city": true, "population": 2799, "elderly_population": 690.0, "reported_elderly_population": 690.0, "elderly_ratio": 0.2465166130760986, "HTKSYORI": "0", "HTKSAKI": null, "GASSAN": null, "disclosure_status": "unaffected", "suppression_flag": false, "aggregation_target_flag": false, "aggregation_flag": false, "primary_eligible_disclosure": true, "nearest_station_name": "湘南台", "nearest_station_distance_m": 740.24519826221524, "nearest_bus_stop_name": "湘南台住宅前", "nearest_bus_stop_distance_m": 363.83441598569107, "nearest_public_transport_type": "bus_stop", "nearest_public_transport_name": "湘南台住宅前", "nearest_public_transport_distance_m": 363.83441598569107, "nearest_medical_name": "湘南台ふかさわクリニック", "nearest_medical_distance_m": 279.48223921322096, "nearest_hospital_name": "湘南第一病院", "nearest_medical_access_class": "likely_public", "nearest_hospital_distance_m": 684.72561837247827, "nearest_clinic_name": "湘南台ふかさわクリニック", "nearest_clinic_distance_m": 279.48223921322096, "elderly_population_percentile": "0.8422053231939164", "elderly_ratio_percentile": "0.4714828897338403", "transport_distance_percentile": "0.8517110266159695", "medical_distance_percentile": "0.43346007604562736", "exploratory_score_a": "0.717315560438925", "exploratory_score_b": "0.36506238343766717", "exploratory_score_c": "0.31092765737656824", "rank_a_unfiltered": "9", "rank_b_unfiltered": "45", "rank_c_unfiltered": "19", "pareto_frontier": "False", "eligibility_population_threshold": true, "eligibility_elderly_threshold": true, "primary_eligible": true, "rank": 19 }, "geometry": { "type": "Polygon", "coordinates": [ [ [ 139.4625, 35.3875 ], [ 139.46875, 35.3875 ], [ 139.46875, 35.391666666666673 ], [ 139.4625, 35.391666666666673 ], [ 139.4625, 35.3875 ] ] ] } },
{ "type": "Feature", "properties": { "mesh_code": "533903674", "centroid_lat": 35.389583333333334, "centroid_lon": 139.471875, "city_area_fraction": 1.0, "centroid_within_city": true, "population": 3034, "elderly_population": 709.0, "reported_elderly_population": 709.0, "elderly_ratio": 0.23368490441661174, "HTKSYORI": "0", "HTKSAKI": null, "GASSAN": null, "disclosure_status": "unaffected", "suppression_flag": false, "aggregation_target_flag": false, "aggregation_flag": false, "primary_eligible_disclosure": true, "nearest_station_name": "六会日大前", "nearest_station_distance_m": 654.02645177738668, "nearest_bus_stop_name": "六会", "nearest_bus_stop_distance_m": 343.37208371440215, "nearest_public_transport_type": "bus_stop", "nearest_public_transport_name": "六会", "nearest_public_transport_distance_m": 343.37208371440215, "nearest_medical_name": "湘南台外科胃腸科医院", "nearest_medical_distance_m": 215.00280691490346, "nearest_hospital_name": "湘南第一病院", "nearest_medical_access_class": "likely_public", "nearest_hospital_distance_m": 676.58021596857122, "nearest_clinic_name": "湘南台外科胃腸科医院", "nearest_clinic_distance_m": 215.00280691490346, "elderly_population_percentile": "0.8669201520912547", "elderly_ratio_percentile": "0.376425855513308", "transport_distance_percentile": "0.8174904942965779", "medical_distance_percentile": "0.30798479087452474", "exploratory_score_a": "0.7086989836487444", "exploratory_score_b": "0.26699822174673626", "exploratory_score_c": "0.21826850827204677", "rank_a_unfiltered": "10", "rank_b_unfiltered": "88", "rank_c_unfiltered": "37", "pareto_frontier": "False", "eligibility_population_threshold": true, "eligibility_elderly_threshold": true, "primary_eligible": true, "rank": 37 }, "geometry": { "type": "Polygon", "coordinates": [ [ [ 139.46875, 35.3875 ], [ 139.475, 35.3875 ], [ 139.475, 35.391666666666673 ], [ 139.46875, 35.391666666666673 ], [ 139.46875, 35.3875 ] ] ] } },
{ "type": "Feature", "properties": { "mesh_code": "533903681", "centroid_lat": 35.385416666666671, "centroid_lon": 139.478125, "city_area_fraction": 1.0, "centroid_within_city": true, "population": 2162, "elderly_population": 558.0, "reported_elderly_population": 558.0, "elderly_ratio": 0.25809435707678074, "HTKSYORI": "0", "HTKSAKI": null, "GASSAN": null, "disclosure_status": "unaffected", "suppression_flag": false, "aggregation_target_flag": false, "aggregation_flag": false, "primary_eligible_disclosure": true, "nearest_station_name": "六会日大前", "nearest_station_distance_m": 696.5813524093154, "nearest_bus_stop_name": "雲昌寺", "nearest_bus_stop_distance_m": 112.52548339561289, "nearest_public_transport_type": "bus_stop", "nearest_public_transport_name": "雲昌寺", "nearest_public_transport_distance_m": 112.52548339561289, "nearest_medical_name": "杉田外科", "nearest_medical_distance_m": 443.35680210521002, "nearest_hospital_name": "湘南第一病院", "nearest_medical_access_class": "likely_public", "nearest_hospital_distance_m": 1370.0151778692441, "nearest_clinic_name": "杉田外科", "nearest_clinic_distance_m": 443.35680210521002, "elderly_population_percentile": "0.6711026615969582", "elderly_ratio_percentile": "0.5361216730038023", "transport_distance_percentile": "0.20532319391634982", "medical_distance_percentile": "0.7034220532319392", "exploratory_score_a": "0.13779294192485073", "exploratory_score_b": "0.4720684121499516", "exploratory_score_c": "0.09692659412964785", "rank_a_unfiltered": "157", "rank_b_unfiltered": "21", "rank_c_unfiltered": "105", "pareto_frontier": "False", "eligibility_population_threshold": true, "eligibility_elderly_threshold": true, "primary_eligible": true, "rank": 105 }, "geometry": { "type": "Polygon", "coordinates": [ [ [ 139.475, 35.383333333333333 ], [ 139.48125, 35.383333333333333 ], [ 139.48125, 35.3875 ], [ 139.475, 35.3875 ], [ 139.475, 35.383333333333333 ] ] ] } },
{ "type": "Feature", "properties": { "mesh_code": "533903682", "centroid_lat": 35.385416666666671, "centroid_lon": 139.484375, "city_area_fraction": 0.62202021180915623, "centroid_within_city": true, "population": 1405, "elderly_population": 318.0, "reported_elderly_population": 318.0, "elderly_ratio": 0.22633451957295372, "HTKSYORI": "0", "HTKSAKI": null, "GASSAN": null, "disclosure_status": "unaffected", "suppression_flag": false, "aggregation_target_flag": false, "aggregation_flag": false, "primary_eligible_disclosure": true, "nearest_station_name": "六会日大前", "nearest_station_distance_m": 1253.3104454996201, "nearest_bus_stop_name": "亀井野三丁目", "nearest_bus_stop_distance_m": 505.6510412553402, "nearest_public_transport_type": "bus_stop", "nearest_public_transport_name": "亀井野三丁目", "nearest_public_transport_distance_m": 505.6510412553402, "nearest_medical_name": "杉田外科", "nearest_medical_distance_m": 949.22780853583765, "nearest_hospital_name": "湘南第一病院", "nearest_medical_access_class": "likely_public", "nearest_hospital_distance_m": 1776.3291553830466, "nearest_clinic_name": "杉田外科", "nearest_clinic_distance_m": 949.22780853583765, "elderly_population_percentile": "0.44106463878326996", "elderly_ratio_percentile": "0.311787072243346", "transport_distance_percentile": "0.935361216730038", "medical_distance_percentile": "0.9771863117870723", "exploratory_score_a": "0.4125547571889141", "exploratory_score_b": "0.4310023276323208", "exploratory_score_c": "0.4031428615876461", "rank_a_unfiltered": "46", "rank_b_unfiltered": "26", "rank_c_unfiltered": "8", "pareto_frontier": "True", "eligibility_population_threshold": true, "eligibility_elderly_threshold": true, "primary_eligible": true, "rank": 8 }, "geometry": { "type": "Polygon", "coordinates": [ [ [ 139.48125, 35.383333333333333 ], [ 139.4875, 35.383333333333333 ], [ 139.4875, 35.3875 ], [ 139.48125, 35.3875 ], [ 139.48125, 35.383333333333333 ] ] ] } },
{ "type": "Feature", "properties": { "mesh_code": "533903683", "centroid_lat": 35.389583333333334, "centroid_lon": 139.478125, "city_area_fraction": 0.94032017966824166, "centroid_within_city": true, "population": 1054, "elderly_population": 200.0, "reported_elderly_population": 200.0, "elderly_ratio": 0.18975332068311196, "HTKSYORI": "0", "HTKSAKI": null, "GASSAN": null, "disclosure_status": "unaffected", "suppression_flag": false, "aggregation_target_flag": false, "aggregation_flag": false, "primary_eligible_disclosure": true, "nearest_station_name": "六会日大前", "nearest_station_distance_m": 931.90794200148093, "nearest_bus_stop_name": "六会", "nearest_bus_stop_distance_m": 232.75150876626381, "nearest_public_transport_type": "bus_stop", "nearest_public_transport_name": "六会", "nearest_public_transport_distance_m": 232.75150876626381, "nearest_medical_name": "西郡医院", "nearest_medical_distance_m": 348.64867312572994, "nearest_hospital_name": "湘南第一病院", "nearest_medical_access_class": "likely_public", "nearest_hospital_distance_m": 1044.6942997951833, "nearest_clinic_name": "西郡医院", "nearest_clinic_distance_m": 348.64867312572994, "elderly_population_percentile": "0.3517110266159696", "elderly_ratio_percentile": "0.1520912547528517", "transport_distance_percentile": "0.6197718631178707", "medical_distance_percentile": "0.5513307984790875", "exploratory_score_a": "0.21798059824487848", "exploratory_score_b": "0.19390912113808212", "exploratory_score_c": "0.12017941728329803", "rank_a_unfiltered": "110", "rank_b_unfiltered": "120", "rank_c_unfiltered": "92", "pareto_frontier": "False", "eligibility_population_threshold": true, "eligibility_elderly_threshold": true, "primary_eligible": true, "rank": 92 }, "geometry": { "type": "Polygon", "coordinates": [ [ [ 139.475, 35.3875 ], [ 139.48125, 35.3875 ], [ 139.48125, 35.391666666666673 ], [ 139.475, 35.391666666666673 ], [ 139.475, 35.3875 ] ] ] } },
{ "type": "Feature", "properties": { "mesh_code": "533903684", "centroid_lat": 35.389583333333334, "centroid_lon": 139.484375, "city_area_fraction": 0.15084145501892537, "centroid_within_city": false, "population": 154, "elderly_population": 41.0, "reported_elderly_population": 41.0, "elderly_ratio": 0.26623376623376621, "HTKSYORI": "0", "HTKSAKI": null, "GASSAN": null, "disclosure_status": "unaffected", "suppression_flag": false, "aggregation_target_flag": false, "aggregation_flag": false, "primary_eligible_disclosure": true, "nearest_station_name": "六会日大前", "nearest_station_distance_m": 1397.8404438252387, "nearest_bus_stop_name": "雲昌寺", "nearest_bus_stop_distance_m": 755.27286118534505, "nearest_public_transport_type": "bus_stop", "nearest_public_transport_name": "雲昌寺", "nearest_public_transport_distance_m": 755.27286118534505, "nearest_medical_name": "西郡医院", "nearest_medical_distance_m": 898.28653532276508, "nearest_hospital_name": "湘南第一病院", "nearest_medical_access_class": "likely_public", "nearest_hospital_distance_m": 1539.3909406850464, "nearest_clinic_name": "西郡医院", "nearest_clinic_distance_m": 898.28653532276508, "elderly_population_percentile": "<NA>", "elderly_ratio_percentile": "<NA>", "transport_distance_percentile": "<NA>", "medical_distance_percentile": "<NA>", "exploratory_score_a": "<NA>", "exploratory_score_b": "<NA>", "exploratory_score_c": "<NA>", "rank_a_unfiltered": "<NA>", "rank_b_unfiltered": "<NA>", "rank_c_unfiltered": "<NA>", "pareto_frontier": "<NA>", "eligibility_population_threshold": true, "eligibility_elderly_threshold": true, "primary_eligible": false, "rank": null }, "geometry": { "type": "Polygon", "coordinates": [ [ [ 139.48125, 35.3875 ], [ 139.4875, 35.3875 ], [ 139.4875, 35.391666666666673 ], [ 139.48125, 35.391666666666673 ], [ 139.48125, 35.3875 ] ] ] } },
{ "type": "Feature", "properties": { "mesh_code": "533903712", "centroid_lat": 35.39375, "centroid_lon": 139.396875, "city_area_fraction": 0.63484202209435503, "centroid_within_city": true, "population": 1066, "elderly_population": 192.0, "reported_elderly_population": 192.0, "elderly_ratio": 0.1801125703564728, "HTKSYORI": "0", "HTKSAKI": null, "GASSAN": null, "disclosure_status": "unaffected", "suppression_flag": false, "aggregation_target_flag": false, "aggregation_flag": false, "primary_eligible_disclosure": true, "nearest_station_name": "湘南台", "nearest_station_distance_m": 6297.0310831517854, "nearest_bus_stop_name": "宮原南", "nearest_bus_stop_distance_m": 763.56425571847683, "nearest_public_transport_type": "bus_stop", "nearest_public_transport_name": "宮原南", "nearest_public_transport_distance_m": 763.56425571847683, "nearest_medical_name": "藤沢御所見病院", "nearest_medical_distance_m": 1076.9220171721461, "nearest_hospital_name": "藤沢御所見病院", "nearest_medical_access_class": "likely_public", "nearest_hospital_distance_m": 1076.9220171721461, "nearest_clinic_name": "御所見総合クリニック", "nearest_clinic_distance_m": 1130.2340277666437, "elderly_population_percentile": "0.33460076045627374", "elderly_ratio_percentile": "0.11787072243346007", "transport_distance_percentile": "0.9885931558935361", "medical_distance_percentile": "0.9847908745247148", "exploratory_score_a": "0.33078402174384475", "exploratory_score_b": "0.32951177550636845", "exploratory_score_c": "0.32575308605192316", "rank_a_unfiltered": "70", "rank_b_unfiltered": "58", "rank_c_unfiltered": "17", "pareto_frontier": "True", "eligibility_population_threshold": true, "eligibility_elderly_threshold": true, "primary_eligible": true, "rank": 17 }, "geometry": { "type": "Polygon", "coordinates": [ [ [ 139.39375, 35.391666666666666 ], [ 139.4, 35.391666666666666 ], [ 139.4, 35.395833333333336 ], [ 139.39375, 35.395833333333336 ], [ 139.39375, 35.391666666666666 ] ] ] } },
{ "type": "Feature", "properties": { "mesh_code": "533903714", "centroid_lat": 35.397916666666674, "centroid_lon": 139.396875, "city_area_fraction": 0.77443961205047962, "centroid_within_city": true, "population": 99, "elderly_population": 25.0, "reported_elderly_population": 25.0, "elderly_ratio": 0.25252525252525254, "HTKSYORI": "0", "HTKSAKI": null, "GASSAN": null, "disclosure_status": "unaffected", "suppression_flag": false, "aggregation_target_flag": false, "aggregation_flag": false, "primary_eligible_disclosure": true, "nearest_station_name": "湘南台", "nearest_station_distance_m": 6293.5308011272227, "nearest_bus_stop_name": "宮原中央", "nearest_bus_stop_distance_m": 957.19895618161308, "nearest_public_transport_type": "bus_stop", "nearest_public_transport_name": "宮原中央", "nearest_public_transport_distance_m": 957.19895618161308, "nearest_medical_name": "藤沢御所見病院", "nearest_medical_distance_m": 1153.4304810311307, "nearest_hospital_name": "藤沢御所見病院", "nearest_medical_access_class": "likely_public", "nearest_hospital_distance_m": 1153.4304810311307, "nearest_clinic_name": "御所見総合クリニック", "nearest_clinic_distance_m": 1156.8848471927874, "elderly_population_percentile": "0.034220532319391636", "elderly_ratio_percentile": "0.5019011406844106", "transport_distance_percentile": "1.0", "medical_distance_percentile": "0.9961977186311787", "exploratory_score_a": "0.034220532319391636", "exploratory_score_b": "0.034090416226922465", "exploratory_score_c": "0.034090416226922465", "rank_a_unfiltered": "233", "rank_b_unfiltered": "228", "rank_c_unfiltered": "176", "pareto_frontier": "True", "eligibility_population_threshold": true, "eligibility_elderly_threshold": true, "primary_eligible": true, "rank": 176 }, "geometry": { "type": "Polygon", "coordinates": [ [ [ 139.39375, 35.395833333333336 ], [ 139.4, 35.395833333333336 ], [ 139.4, 35.4 ], [ 139.39375, 35.4 ], [ 139.39375, 35.395833333333336 ] ] ] } },
{ "type": "Feature", "properties": { "mesh_code": "533903721", "centroid_lat": 35.39375, "centroid_lon": 139.403125, "city_area_fraction": 1.0, "centroid_within_city": true, "population": 519, "elderly_population": 163.0, "reported_elderly_population": 163.0, "elderly_ratio": 0.31406551059730248, "HTKSYORI": "0", "HTKSAKI": null, "GASSAN": null, "disclosure_status": "unaffected", "suppression_flag": false, "aggregation_target_flag": false, "aggregation_flag": false, "primary_eligible_disclosure": true, "nearest_station_name": "湘南台", "nearest_station_distance_m": 5729.8835504628942, "nearest_bus_stop_name": "宮原南", "nearest_bus_stop_distance_m": 275.52990830253935, "nearest_public_transport_type": "bus_stop", "nearest_public_transport_name": "宮原南", "nearest_public_transport_distance_m": 275.52990830253935, "nearest_medical_name": "藤沢御所見病院", "nearest_medical_distance_m": 510.28272436707067, "nearest_hospital_name": "藤沢御所見病院", "nearest_medical_access_class": "likely_public", "nearest_hospital_distance_m": 510.28272436707067, "nearest_clinic_name": "御所見総合クリニック", "nearest_clinic_distance_m": 574.59070814225697, "elderly_population_percentile": "0.2946768060836502", "elderly_ratio_percentile": "0.7870722433460076", "transport_distance_percentile": "0.7262357414448669", "medical_distance_percentile": "0.779467680608365", "exploratory_score_a": "0.21400482875276497", "exploratory_score_b": "0.2296910465671038", "exploratory_score_c": "0.16680984750690805", "rank_a_unfiltered": "111", "rank_b_unfiltered": "106", "rank_c_unfiltered": "62", "pareto_frontier": "False", "eligibility_population_threshold": true, "eligibility_elderly_threshold": true, "primary_eligible": true, "rank": 62 }, "geometry": { "type": "Polygon", "coordinates": [ [ [ 139.4, 35.391666666666666 ], [ 139.40625, 35.391666666666666 ], [ 139.40625, 35.395833333333336 ], [ 139.4, 35.395833333333336 ], [ 139.4, 35.391666666666666 ] ] ] } },
{ "type": "Feature", "properties": { "mesh_code": "533903722", "centroid_lat": 35.39375, "centroid_lon": 139.409375, "city_area_fraction": 1.0, "centroid_within_city": true, "population": 255, "elderly_population": 124.0, "reported_elderly_population": 124.0, "elderly_ratio": 0.48627450980392156, "HTKSYORI": "0", "HTKSAKI": null, "GASSAN": null, "disclosure_status": "unaffected", "suppression_flag": false, "aggregation_target_flag": false, "aggregation_flag": false, "primary_eligible_disclosure": true, "nearest_station_name": "湘南台", "nearest_station_distance_m": 5162.8687011099, "nearest_bus_stop_name": "宮原中央", "nearest_bus_stop_distance_m": 272.03150775902907, "nearest_public_transport_type": "bus_stop", "nearest_public_transport_name": "宮原中央", "nearest_public_transport_distance_m": 272.03150775902907, "nearest_medical_name": "藤沢御所見病院", "nearest_medical_distance_m": 75.577583614274161, "nearest_hospital_name": "藤沢御所見病院", "nearest_medical_access_class": "likely_public", "nearest_hospital_distance_m": 75.577583614274161, "nearest_clinic_name": "御所見総合クリニック", "nearest_clinic_distance_m": 166.03495123646397, "elderly_population_percentile": "0.25475285171102663", "elderly_ratio_percentile": "0.9885931558935361", "transport_distance_percentile": "0.7186311787072244", "medical_distance_percentile": "0.060836501901140684", "exploratory_score_a": "0.1830733421041218", "exploratory_score_b": "0.015498272347438882", "exploratory_score_c": "0.011137541724965585", "rank_a_unfiltered": "128", "rank_b_unfiltered": "250", "rank_c_unfiltered": "221", "pareto_frontier": "False", "eligibility_population_threshold": true, "eligibility_elderly_threshold": true, "primary_eligible": true, "rank": 221 }, "geometry": { "type": "Polygon", "coordinates": [ [ [ 139.40625, 35.391666666666666 ], [ 139.4125, 35.391666666666666 ], [ 139.4125, 35.395833333333336 ], [ 139.40625, 35.395833333333336 ], [ 139.40625, 35.391666666666666 ] ] ] } },
{ "type": "Feature", "properties": { "mesh_code": "533903723", "centroid_lat": 35.397916666666674, "centroid_lon": 139.403125, "city_area_fraction": 1.0, "centroid_within_city": true, "population": 216, "elderly_population": 79.0, "reported_elderly_population": 79.0, "elderly_ratio": 0.36574074074074076, "HTKSYORI": "0", "HTKSAKI": null, "GASSAN": null, "disclosure_status": "unaffected", "suppression_flag": false, "aggregation_target_flag": false, "aggregation_flag": false, "primary_eligible_disclosure": true, "nearest_station_name": "湘南台", "nearest_station_distance_m": 5726.0672284215361, "nearest_bus_stop_name": "宮原", "nearest_bus_stop_distance_m": 463.61596740803196, "nearest_public_transport_type": "bus_stop", "nearest_public_transport_name": "宮原", "nearest_public_transport_distance_m": 463.61596740803196, "nearest_medical_name": "御所見総合クリニック", "nearest_medical_distance_m": 625.42527233307078, "nearest_hospital_name": "藤沢御所見病院", "nearest_medical_access_class": "likely_public", "nearest_hospital_distance_m": 656.56338224836941, "nearest_clinic_name": "御所見総合クリニック", "nearest_clinic_distance_m": 625.42527233307078, "elderly_population_percentile": "0.1634980988593156", "elderly_ratio_percentile": "0.8745247148288974", "transport_distance_percentile": "0.9163498098859315", "medical_distance_percentile": "0.870722433460076", "exploratory_score_a": "0.14982145180644507", "exploratory_score_b": "0.14236146250487935", "exploratory_score_c": "0.13045289910142935", "rank_a_unfiltered": "147", "rank_b_unfiltered": "157", "rank_c_unfiltered": "86", "pareto_frontier": "False", "eligibility_population_threshold": true, "eligibility_elderly_threshold": true, "primary_eligible": true, "rank": 86 }, "geometry": { "type": "Polygon", "coordinates": [ [ [ 139.4, 35.395833333333336 ], [ 139.40625, 35.395833333333336 ], [ 139.40625, 35.4 ], [ 139.4, 35.4 ], [ 139.4, 35.395833333333336 ] ] ] } },
{ "type": "Feature", "properties": { "mesh_code": "533903724", "centroid_lat": 35.397916666666674, "centroid_lon": 139.409375, "city_area_fraction": 1.0, "centroid_within_city": true, "population": 796, "elderly_population": 313.0, "reported_elderly_population": 313.0, "elderly_ratio": 0.39321608040201006, "HTKSYORI": "0", "HTKSAKI": null, "GASSAN": null, "disclosure_status": "unaffected", "suppression_flag": false, "aggregation_target_flag": false, "aggregation_flag": false, "primary_eligible_disclosure": true, "nearest_station_name": "湘南台", "nearest_station_distance_m": 5158.6637205775487, "nearest_bus_stop_name": "宮原", "nearest_bus_stop_distance_m": 182.17528114920617, "nearest_public_transport_type": "bus_stop", "nearest_public_transport_name": "宮原", "nearest_public_transport_distance_m": 182.17528114920617, "nearest_medical_name": "御所見総合クリニック", "nearest_medical_distance_m": 297.63304139583698, "nearest_hospital_name": "藤沢御所見病院", "nearest_medical_access_class": "likely_public", "nearest_hospital_distance_m": 420.01428069561001, "nearest_clinic_name": "御所見総合クリニック", "nearest_clinic_distance_m": 297.63304139583698, "elderly_population_percentile": "0.4372623574144487", "elderly_ratio_percentile": "0.9277566539923955", "transport_distance_percentile": "0.4752851711026616", "medical_distance_percentile": "0.45627376425855515", "exploratory_score_a": "0.2078243143604794", "exploratory_score_b": "0.19951134178606025", "exploratory_score_c": "0.09482478221770924", "rank_a_unfiltered": "117", "rank_b_unfiltered": "113", "rank_c_unfiltered": "106", "pareto_frontier": "False", "eligibility_population_threshold": true, "eligibility_elderly_threshold": true, "primary_eligible": true, "rank": 106 }, "geometry": { "type": "Polygon", "coordinates": [ [ [ 139.40625, 35.395833333333336 ], [ 139.4125, 35.395833333333336 ], [ 139.4125, 35.4 ], [ 139.40625, 35.4 ], [ 139.40625, 35.395833333333336 ] ] ] } },
{ "type": "Feature", "properties": { "mesh_code": "533903731", "centroid_lat": 35.39375, "centroid_lon": 139.415625, "city_area_fraction": 1.0, "centroid_within_city": true, "population": 333, "elderly_population": 99.0, "reported_elderly_population": 99.0, "elderly_ratio": 0.29729729729729731, "HTKSYORI": "0", "HTKSAKI": null, "GASSAN": null, "disclosure_status": "unaffected", "suppression_flag": false, "aggregation_target_flag": false, "aggregation_flag": false, "primary_eligible_disclosure": true, "nearest_station_name": "湘南台", "nearest_station_distance_m": 4596.0355260996057, "nearest_bus_stop_name": "打戻大仲", "nearest_bus_stop_distance_m": 83.650545985059296, "nearest_public_transport_type": "bus_stop", "nearest_public_transport_name": "打戻大仲", "nearest_public_transport_distance_m": 83.650545985059296, "nearest_medical_name": "御所見総合クリニック", "nearest_medical_distance_m": 608.00269410825967, "nearest_hospital_name": "藤沢御所見病院", "nearest_medical_access_class": "likely_public", "nearest_hospital_distance_m": 629.07115447178467, "nearest_clinic_name": "御所見総合クリニック", "nearest_clinic_distance_m": 608.00269410825967, "elderly_population_percentile": "0.20152091254752852", "elderly_ratio_percentile": "0.7376425855513308", "transport_distance_percentile": "0.10646387832699619", "medical_distance_percentile": "0.8555133079847909", "exploratory_score_a": "0.021454697913805318", "exploratory_score_b": "0.17240382252164987", "exploratory_score_c": "0.01835477958405398", "rank_a_unfiltered": "244", "rank_b_unfiltered": "135", "rank_c_unfiltered": "212", "pareto_frontier": "False", "eligibility_population_threshold": true, "eligibility_elderly_threshold": true, "primary_eligible": true, "rank": 212 }, "geometry": { "type": "Polygon", "coordinates": [ [ [ 139.4125, 35.391666666666666 ], [ 139.41875, 35.391666666666666 ], [ 139.41875, 35.395833333333336 ], [ 139.4125, 35.395833333333336 ], [ 139.4125, 35.391666666666666 ] ] ] } },
{ "type": "Feature", "properties": { "mesh_code": "533903732", "centroid_lat": 35.39375, "centroid_lon": 139.421875, "city_area_fraction": 1.0, "centroid_within_city": true, "population": 128, "elderly_population": 27.0, "reported_elderly_population": 27.0, "elderly_ratio": 0.2109375, "HTKSYORI": "0", "HTKSAKI": null, "GASSAN": null, "disclosure_status": "unaffected", "suppression_flag": false, "aggregation_target_flag": false, "aggregation_flag": false, "primary_eligible_disclosure": true, "nearest_station_name": "湘南台", "nearest_station_distance_m": 4029.4605646924988, "nearest_bus_stop_name": "宇都母知神社入口", "nearest_bus_stop_distance_m": 97.877639489526132, "nearest_public_transport_type": "bus_stop", "nearest_public_transport_name": "宇都母知神社入口", "nearest_public_transport_distance_m": 97.877639489526132, "nearest_medical_name": "慶應義塾湘南藤沢診療所", "nearest_medical_distance_m": 771.5663500090692, "nearest_hospital_name": "医療法人社団　健育会　湘南慶育病院", "nearest_medical_access_class": "likely_public", "nearest_hospital_distance_m": 905.15100639637717, "nearest_clinic_name": "慶應義塾湘南藤沢診療所", "nearest_clinic_distance_m": 771.5663500090692, "elderly_population_percentile": "0.04182509505703422", "elderly_ratio_percentile": "0.23574144486692014", "transport_distance_percentile": "0.1634980988593156", "medical_distance_percentile": "0.9581749049429658", "exploratory_score_a": "0.0068383235264352525", "exploratory_score_b": "0.040075756480504265", "exploratory_score_c": "0.006552309994911344", "rank_a_unfiltered": "258", "rank_b_unfiltered": "225", "rank_c_unfiltered": "238", "pareto_frontier": "False", "eligibility_population_threshold": true, "eligibility_elderly_threshold": true, "primary_eligible": true, "rank": 238 }, "geometry": { "type": "Polygon", "coordinates": [ [ [ 139.41875, 35.391666666666666 ], [ 139.425, 35.391666666666666 ], [ 139.425, 35.395833333333336 ], [ 139.41875, 35.395833333333336 ], [ 139.41875, 35.391666666666666 ] ] ] } },
{ "type": "Feature", "properties": { "mesh_code": "533903733", "centroid_lat": 35.397916666666674, "centroid_lon": 139.415625, "city_area_fraction": 0.99999999999999978, "centroid_within_city": true, "population": 408, "elderly_population": 151.0, "reported_elderly_population": 151.0, "elderly_ratio": 0.37009803921568629, "HTKSYORI": "0", "HTKSAKI": null, "GASSAN": null, "disclosure_status": "unaffected", "suppression_flag": false, "aggregation_target_flag": false, "aggregation_flag": false, "primary_eligible_disclosure": true, "nearest_station_name": "湘南台", "nearest_station_distance_m": 4591.3424293530952, "nearest_bus_stop_name": "古里団地", "nearest_bus_stop_distance_m": 240.13431622314249, "nearest_public_transport_type": "bus_stop", "nearest_public_transport_name": "古里団地", "nearest_public_transport_distance_m": 240.13431622314249, "nearest_medical_name": "鈴木医院", "nearest_medical_distance_m": 406.46707620758616, "nearest_hospital_name": "藤沢御所見病院", "nearest_medical_access_class": "likely_public", "nearest_hospital_distance_m": 752.60240977506965, "nearest_clinic_name": "鈴木医院", "nearest_clinic_distance_m": 406.46707620758616, "elderly_population_percentile": "0.2889733840304182", "elderly_ratio_percentile": "0.8935361216730038", "transport_distance_percentile": "0.6311787072243346", "medical_distance_percentile": "0.6501901140684411", "exploratory_score_a": "0.18239384695456054", "exploratory_score_b": "0.18788763752548104", "exploratory_score_c": "0.1185906761567675", "rank_a_unfiltered": "129", "rank_b_unfiltered": "126", "rank_c_unfiltered": "93", "pareto_frontier": "False", "eligibility_population_threshold": true, "eligibility_elderly_threshold": true, "primary_eligible": true, "rank": 93 }, "geometry": { "type": "Polygon", "coordinates": [ [ [ 139.4125, 35.395833333333336 ], [ 139.41875, 35.395833333333336 ], [ 139.41875, 35.4 ], [ 139.4125, 35.4 ], [ 139.4125, 35.395833333333336 ] ] ] } },
{ "type": "Feature", "properties": { "mesh_code": "533903734", "centroid_lat": 35.397916666666674, "centroid_lon": 139.421875, "city_area_fraction": 1.0, "centroid_within_city": true, "population": 83, "elderly_population": 23.0, "reported_elderly_population": 23.0, "elderly_ratio": 0.27710843373493976, "HTKSYORI": "0", "HTKSAKI": null, "GASSAN": null, "disclosure_status": "unaffected", "suppression_flag": false, "aggregation_target_flag": false, "aggregation_flag": false, "primary_eligible_disclosure": true, "nearest_station_name": "湘南台", "nearest_station_distance_m": 4024.1379962693909, "nearest_bus_stop_name": "西菖蒲沢", "nearest_bus_stop_distance_m": 481.10921982459513, "nearest_public_transport_type": "bus_stop", "nearest_public_transport_name": "西菖蒲沢", "nearest_public_transport_distance_m": 481.10921982459513, "nearest_medical_name": "鈴木医院", "nearest_medical_distance_m": 639.56214329287047, "nearest_hospital_name": "医療法人社団　健育会　湘南慶育病院", "nearest_medical_access_class": "likely_public", "nearest_hospital_distance_m": 1148.5187283691068, "nearest_clinic_name": "鈴木医院", "nearest_clinic_distance_m": 639.56214329287047, "elderly_population_percentile": "0.030418250950570342", "elderly_ratio_percentile": "0.6425855513307985", "transport_distance_percentile": "0.9239543726235742", "medical_distance_percentile": "0.8859315589353612", "exploratory_score_a": "0.02810507597334066", "exploratory_score_b": "0.026948488484725818", "exploratory_score_c": "0.024899173771058453", "rank_a_unfiltered": "237", "rank_b_unfiltered": "239", "rank_c_unfiltered": "192", "pareto_frontier": "False", "eligibility_population_threshold": true, "eligibility_elderly_threshold": true, "primary_eligible": true, "rank": 192 }, "geometry": { "type": "Polygon", "coordinates": [ [ [ 139.41875, 35.395833333333336 ], [ 139.425, 35.395833333333336 ], [ 139.425, 35.4 ], [ 139.41875, 35.4 ], [ 139.41875, 35.395833333333336 ] ] ] } },
{ "type": "Feature", "properties": { "mesh_code": "533903741", "centroid_lat": 35.39375, "centroid_lon": 139.428125, "city_area_fraction": 1.0, "centroid_within_city": true, "population": 136, "elderly_population": 30.0, "reported_elderly_population": 30.0, "elderly_ratio": 0.22058823529411764, "HTKSYORI": "0", "HTKSAKI": null, "GASSAN": null, "disclosure_status": "unaffected", "suppression_flag": false, "aggregation_target_flag": false, "aggregation_flag": false, "primary_eligible_disclosure": true, "nearest_station_name": "湘南台", "nearest_station_distance_m": 3463.2703969519048, "nearest_bus_stop_name": "遠藤西の谷", "nearest_bus_stop_distance_m": 314.25524609846582, "nearest_public_transport_type": "bus_stop", "nearest_public_transport_name": "遠藤西の谷", "nearest_public_transport_distance_m": 314.25524609846582, "nearest_medical_name": "医療法人社団　健育会　湘南慶育病院", "nearest_medical_distance_m": 419.28074298075546, "nearest_hospital_name": "医療法人社団　健育会　湘南慶育病院", "nearest_medical_access_class": "likely_public", "nearest_hospital_distance_m": 419.28074298075546, "nearest_clinic_name": "慶應義塾湘南藤沢診療所", "nearest_clinic_distance_m": 627.32251335795911, "elderly_population_percentile": "0.051330798479087454", "elderly_ratio_percentile": "0.29277566539923955", "transport_distance_percentile": "0.7756653992395437", "medical_distance_percentile": "0.6768060836501901", "exploratory_score_a": "0.03981552429556593", "exploratory_score_b": "0.03474099668926831", "exploratory_score_c": "0.026947389066960974", "rank_a_unfiltered": "221", "rank_b_unfiltered": "226", "rank_c_unfiltered": "190", "pareto_frontier": "False", "eligibility_population_threshold": true, "eligibility_elderly_threshold": true, "primary_eligible": true, "rank": 190 }, "geometry": { "type": "Polygon", "coordinates": [ [ [ 139.425, 35.391666666666666 ], [ 139.43125, 35.391666666666666 ], [ 139.43125, 35.395833333333336 ], [ 139.425, 35.395833333333336 ], [ 139.425, 35.391666666666666 ] ] ] } },
{ "type": "Feature", "properties": { "mesh_code": "533903742", "centroid_lat": 35.39375, "centroid_lon": 139.434375, "city_area_fraction": 1.0000000000000002, "centroid_within_city": true, "population": 259, "elderly_population": 66.0, "reported_elderly_population": 66.0, "elderly_ratio": 0.25482625482625482, "HTKSYORI": "0", "HTKSAKI": null, "GASSAN": null, "disclosure_status": "unaffected", "suppression_flag": false, "aggregation_target_flag": false, "aggregation_flag": false, "primary_eligible_disclosure": true, "nearest_station_name": "湘南台", "nearest_station_distance_m": 2897.6904142365138, "nearest_bus_stop_name": "藤沢ジャンボゴルフ前", "nearest_bus_stop_distance_m": 442.04169459020557, "nearest_public_transport_type": "bus_stop", "nearest_public_transport_name": "藤沢ジャンボゴルフ前", "nearest_public_transport_distance_m": 442.04169459020557, "nearest_medical_name": "医療法人社団　健育会　湘南慶育病院", "nearest_medical_distance_m": 420.72922186455111, "nearest_hospital_name": "医療法人社団　健育会　湘南慶育病院", "nearest_medical_access_class": "likely_public", "nearest_hospital_distance_m": 420.72922186455111, "nearest_clinic_name": "医療法人誠翔会　セントジョージクリニック", "nearest_clinic_distance_m": 614.15093823668496, "elderly_population_percentile": "0.12927756653992395", "elderly_ratio_percentile": "0.5133079847908745", "transport_distance_percentile": "0.908745247148289", "medical_distance_percentile": "0.6806083650190115", "exploratory_score_a": "0.11748037415605256", "exploratory_score_b": "0.0879873931963741", "exploratory_score_c": "0.07995812537617265", "rank_a_unfiltered": "164", "rank_b_unfiltered": "196", "rank_c_unfiltered": "121", "pareto_frontier": "False", "eligibility_population_threshold": true, "eligibility_elderly_threshold": true, "primary_eligible": true, "rank": 121 }, "geometry": { "type": "Polygon", "coordinates": [ [ [ 139.43125, 35.391666666666666 ], [ 139.4375, 35.391666666666666 ], [ 139.4375, 35.395833333333336 ], [ 139.43125, 35.395833333333336 ], [ 139.43125, 35.391666666666666 ] ] ] } },
{ "type": "Feature", "properties": { "mesh_code": "533903743", "centroid_lat": 35.397916666666674, "centroid_lon": 139.428125, "city_area_fraction": 1.0, "centroid_within_city": true, "population": 153, "elderly_population": 54.0, "reported_elderly_population": 54.0, "elderly_ratio": 0.35294117647058826, "HTKSYORI": "0", "HTKSAKI": null, "GASSAN": null, "disclosure_status": "unaffected", "suppression_flag": false, "aggregation_target_flag": false, "aggregation_flag": false, "primary_eligible_disclosure": true, "nearest_station_name": "湘南台", "nearest_station_distance_m": 3457.1077900830537, "nearest_bus_stop_name": "菖蒲沢", "nearest_bus_stop_distance_m": 235.18796428007391, "nearest_public_transport_type": "bus_stop", "nearest_public_transport_name": "菖蒲沢", "nearest_public_transport_distance_m": 235.18796428007391, "nearest_medical_name": "医療法人社団　健育会　湘南慶育病院", "nearest_medical_distance_m": 821.96478682320878, "nearest_hospital_name": "医療法人社団　健育会　湘南慶育病院", "nearest_medical_access_class": "likely_public", "nearest_hospital_distance_m": 821.96478682320878, "nearest_clinic_name": "宮本内科消化器科クリニック", "nearest_clinic_distance_m": 857.53396588880798, "elderly_population_percentile": "0.11026615969581749", "elderly_ratio_percentile": "0.8555133079847909", "transport_distance_percentile": "0.623574144486692", "medical_distance_percentile": "0.9657794676806084", "exploratory_score_a": "0.06875912619815235", "exploratory_score_b": "0.10649279301421158", "exploratory_score_c": "0.06640615229783535", "rank_a_unfiltered": "198", "rank_b_unfiltered": "179", "rank_c_unfiltered": "132", "pareto_frontier": "False", "eligibility_population_threshold": true, "eligibility_elderly_threshold": true, "primary_eligible": true, "rank": 132 }, "geometry": { "type": "Polygon", "coordinates": [ [ [ 139.425, 35.395833333333336 ], [ 139.43125, 35.395833333333336 ], [ 139.43125, 35.4 ], [ 139.425, 35.4 ], [ 139.425, 35.395833333333336 ] ] ] } },
{ "type": "Feature", "properties": { "mesh_code": "533903744", "centroid_lat": 35.397916666666674, "centroid_lon": 139.434375, "city_area_fraction": 1.0, "centroid_within_city": true, "population": 178, "elderly_population": 53.0, "reported_elderly_population": 53.0, "elderly_ratio": 0.29775280898876405, "HTKSYORI": "0", "HTKSAKI": null, "GASSAN": null, "disclosure_status": "unaffected", "suppression_flag": false, "aggregation_target_flag": false, "aggregation_flag": false, "primary_eligible_disclosure": true, "nearest_station_name": "湘南台", "nearest_station_distance_m": 2890.3541757091161, "nearest_bus_stop_name": "笹久保", "nearest_bus_stop_distance_m": 84.818604044271893, "nearest_public_transport_type": "bus_stop", "nearest_public_transport_name": "笹久保", "nearest_public_transport_distance_m": 84.818604044271893, "nearest_medical_name": "宮本内科消化器科クリニック", "nearest_medical_distance_m": 562.67811483628964, "nearest_hospital_name": "医療法人社団　健育会　湘南慶育病院", "nearest_medical_access_class": "likely_public", "nearest_hospital_distance_m": 822.70439982778214, "nearest_clinic_name": "宮本内科消化器科クリニック", "nearest_clinic_distance_m": 562.67811483628964, "elderly_population_percentile": "0.10646387832699619", "elderly_ratio_percentile": "0.7452471482889734", "transport_distance_percentile": "0.11406844106463879", "medical_distance_percentile": "0.8174904942965779", "exploratory_score_a": "0.01214416863045584", "exploratory_score_b": "0.08703320851826685", "exploratory_score_c": "0.009927742416532341", "rank_a_unfiltered": "251", "rank_b_unfiltered": "197", "rank_c_unfiltered": "224", "pareto_frontier": "False", "eligibility_population_threshold": true, "eligibility_elderly_threshold": true, "primary_eligible": true, "rank": 224 }, "geometry": { "type": "Polygon", "coordinates": [ [ [ 139.43125, 35.395833333333336 ], [ 139.4375, 35.395833333333336 ], [ 139.4375, 35.4 ], [ 139.43125, 35.4 ], [ 139.43125, 35.395833333333336 ] ] ] } },
{ "type": "Feature", "properties": { "mesh_code": "533903751", "centroid_lat": 35.39375, "centroid_lon": 139.440625, "city_area_fraction": 1.0, "centroid_within_city": true, "population": 1714, "elderly_population": 338.0, "reported_elderly_population": 338.0, "elderly_ratio": 0.1971995332555426, "HTKSYORI": "0", "HTKSAKI": null, "GASSAN": null, "disclosure_status": "unaffected", "suppression_flag": false, "aggregation_target_flag": false, "aggregation_flag": false, "primary_eligible_disclosure": true, "nearest_station_name": "湘南台", "nearest_station_distance_m": 2333.1641868885299, "nearest_bus_stop_name": "遠藤", "nearest_bus_stop_distance_m": 254.71095713514396, "nearest_public_transport_type": "bus_stop", "nearest_public_transport_name": "遠藤", "nearest_public_transport_distance_m": 254.71095713514396, "nearest_medical_name": "医療法人社団芳晴会　愛児レディースクリニック", "nearest_medical_distance_m": 491.21737316493227, "nearest_hospital_name": "医療法人社団　健育会　湘南慶育病院", "nearest_medical_access_class": "likely_public", "nearest_hospital_distance_m": 907.1645749991286, "nearest_clinic_name": "医療法人社団芳晴会　愛児レディースクリニック", "nearest_clinic_distance_m": 491.21737316493227, "elderly_population_percentile": "0.4524714828897338", "elderly_ratio_percentile": "0.19011406844106463", "transport_distance_percentile": "0.6577946768060836", "medical_distance_percentile": "0.752851711026616", "exploratory_score_a": "0.29763333285142185", "exploratory_score_b": "0.3406439300842863", "exploratory_score_c": "0.22407376389574724", "rank_a_unfiltered": "82", "rank_b_unfiltered": "56", "rank_c_unfiltered": "35", "pareto_frontier": "False", "eligibility_population_threshold": true, "eligibility_elderly_threshold": true, "primary_eligible": true, "rank": 35 }, "geometry": { "type": "Polygon", "coordinates": [ [ [ 139.4375, 35.391666666666666 ], [ 139.44375, 35.391666666666666 ], [ 139.44375, 35.395833333333336 ], [ 139.4375, 35.395833333333336 ], [ 139.4375, 35.391666666666666 ] ] ] } },
{ "type": "Feature", "properties": { "mesh_code": "533903752", "centroid_lat": 35.39375, "centroid_lon": 139.446875, "city_area_fraction": 1.0, "centroid_within_city": true, "population": 1440, "elderly_population": 251.0, "reported_elderly_population": 251.0, "elderly_ratio": 0.17430555555555555, "HTKSYORI": "0", "HTKSAKI": null, "GASSAN": null, "disclosure_status": "unaffected", "suppression_flag": false, "aggregation_target_flag": false, "aggregation_flag": false, "primary_eligible_disclosure": true, "nearest_station_name": "湘南台", "nearest_station_distance_m": 1770.6995839305716, "nearest_bus_stop_name": "南大山", "nearest_bus_stop_distance_m": 81.865074694832316, "nearest_public_transport_type": "bus_stop", "nearest_public_transport_name": "南大山", "nearest_public_transport_distance_m": 81.865074694832316, "nearest_medical_name": "みやけ眼科", "nearest_medical_distance_m": 147.6227651128664, "nearest_hospital_name": "医療法人社団いしずえ　湘南敬愛病院", "nearest_medical_access_class": "likely_public", "nearest_hospital_distance_m": 1206.4821245902415, "nearest_clinic_name": "みやけ眼科", "nearest_clinic_distance_m": 147.6227651128664, "elderly_population_percentile": "0.38783269961977185", "elderly_ratio_percentile": "0.09505703422053231", "transport_distance_percentile": "0.10266159695817491", "medical_distance_percentile": "0.18631178707224336", "exploratory_score_a": "0.03981552429556593", "exploratory_score_b": "0.07225780335121225", "exploratory_score_c": "0.007418101484725212", "rank_a_unfiltered": "221", "rank_b_unfiltered": "209", "rank_c_unfiltered": "233", "pareto_frontier": "False", "eligibility_population_threshold": true, "eligibility_elderly_threshold": true, "primary_eligible": true, "rank": 233 }, "geometry": { "type": "Polygon", "coordinates": [ [ [ 139.44375, 35.391666666666666 ], [ 139.45, 35.391666666666666 ], [ 139.45, 35.395833333333336 ], [ 139.44375, 35.395833333333336 ], [ 139.44375, 35.391666666666666 ] ] ] } },
{ "type": "Feature", "properties": { "mesh_code": "533903753", "centroid_lat": 35.397916666666674, "centroid_lon": 139.440625, "city_area_fraction": 1.0, "centroid_within_city": true, "population": 1060, "elderly_population": 292.0, "reported_elderly_population": 292.0, "elderly_ratio": 0.27547169811320754, "HTKSYORI": "0", "HTKSAKI": null, "GASSAN": null, "disclosure_status": "unaffected", "suppression_flag": false, "aggregation_target_flag": false, "aggregation_flag": false, "primary_eligible_disclosure": true, "nearest_station_name": "湘南台", "nearest_station_distance_m": 2324.0792966297718, "nearest_bus_stop_name": "仲之桜", "nearest_bus_stop_distance_m": 115.63273843405379, "nearest_public_transport_type": "bus_stop", "nearest_public_transport_name": "仲之桜", "nearest_public_transport_distance_m": 115.63273843405379, "nearest_medical_name": "医療法人知真会　湘南真心クリニック", "nearest_medical_distance_m": 302.40322450722124, "nearest_hospital_name": "医療法人社団　健育会　湘南慶育病院", "nearest_medical_access_class": "likely_public", "nearest_hospital_distance_m": 1150.1058809398344, "nearest_clinic_name": "医療法人知真会　湘南真心クリニック", "nearest_clinic_distance_m": 302.40322450722124, "elderly_population_percentile": "0.41825095057034223", "elderly_ratio_percentile": "0.623574144486692", "transport_distance_percentile": "0.21292775665399238", "medical_distance_percentile": "0.467680608365019", "exploratory_score_a": "0.08905723662334283", "exploratory_score_b": "0.19560785901198516", "exploratory_score_c": "0.04165034260331243", "rank_a_unfiltered": "184", "rank_b_unfiltered": "118", "rank_c_unfiltered": "163", "pareto_frontier": "False", "eligibility_population_threshold": true, "eligibility_elderly_threshold": true, "primary_eligible": true, "rank": 163 }, "geometry": { "type": "Polygon", "coordinates": [ [ [ 139.4375, 35.395833333333336 ], [ 139.44375, 35.395833333333336 ], [ 139.44375, 35.4 ], [ 139.4375, 35.4 ], [ 139.4375, 35.395833333333336 ] ] ] } },
{ "type": "Feature", "properties": { "mesh_code": "533903754", "centroid_lat": 35.397916666666674, "centroid_lon": 139.446875, "city_area_fraction": 1.0, "centroid_within_city": true, "population": 764, "elderly_population": 177.0, "reported_elderly_population": 177.0, "elderly_ratio": 0.23167539267015708, "HTKSYORI": "0", "HTKSAKI": null, "GASSAN": null, "disclosure_status": "unaffected", "suppression_flag": false, "aggregation_target_flag": false, "aggregation_flag": false, "primary_eligible_disclosure": true, "nearest_station_name": "湘南台", "nearest_station_distance_m": 1758.7453584331174, "nearest_bus_stop_name": "菖蒲沢団地", "nearest_bus_stop_distance_m": 247.55267063822842, "nearest_public_transport_type": "bus_stop", "nearest_public_transport_name": "菖蒲沢団地", "nearest_public_transport_distance_m": 247.55267063822842, "nearest_medical_name": "グランドヴィラ湘南台診療所", "nearest_medical_distance_m": 303.4850845910409, "nearest_hospital_name": "医療法人社団いしずえ　湘南敬愛病院", "nearest_medical_access_class": "likely_public", "nearest_hospital_distance_m": 1510.7276861808832, "nearest_clinic_name": "グランドヴィラ湘南台診療所", "nearest_clinic_distance_m": 303.4850845910409, "elderly_population_percentile": "0.311787072243346", "elderly_ratio_percentile": "0.34600760456273766", "transport_distance_percentile": "0.6387832699619772", "medical_distance_percentile": "0.4714828897338403", "exploratory_score_a": "0.19916436553947578", "exploratory_score_b": "0.1470022698029464", "exploratory_score_c": "0.09390259059655892", "rank_a_unfiltered": "121", "rank_b_unfiltered": "152", "rank_c_unfiltered": "109", "pareto_frontier": "False", "eligibility_population_threshold": true, "eligibility_elderly_threshold": true, "primary_eligible": true, "rank": 109 }, "geometry": { "type": "Polygon", "coordinates": [ [ [ 139.44375, 35.395833333333336 ], [ 139.45, 35.395833333333336 ], [ 139.45, 35.4 ], [ 139.44375, 35.4 ], [ 139.44375, 35.395833333333336 ] ] ] } },
{ "type": "Feature", "properties": { "mesh_code": "533903762", "centroid_lat": 35.39375, "centroid_lon": 139.459375, "city_area_fraction": 1.0, "centroid_within_city": true, "population": 2409, "elderly_population": 391.0, "reported_elderly_population": 391.0, "elderly_ratio": 0.16230801162308012, "HTKSYORI": "0", "HTKSAKI": null, "GASSAN": null, "disclosure_status": "unaffected", "suppression_flag": false, "aggregation_target_flag": false, "aggregation_flag": false, "primary_eligible_disclosure": true, "nearest_station_name": "湘南台", "nearest_station_distance_m": 672.93868732602675, "nearest_bus_stop_name": "円行上庭", "nearest_bus_stop_distance_m": 176.77444782597919, "nearest_public_transport_type": "bus_stop", "nearest_public_transport_name": "円行上庭", "nearest_public_transport_distance_m": 176.77444782597919, "nearest_medical_name": "桧山整形外科", "nearest_medical_distance_m": 341.97508313762489, "nearest_hospital_name": "医療法人社団いしずえ　湘南敬愛病院", "nearest_medical_access_class": "likely_public", "nearest_hospital_distance_m": 675.3383321692537, "nearest_clinic_name": "桧山整形外科", "nearest_clinic_distance_m": 341.97508313762489, "elderly_population_percentile": "0.5133079847908745", "elderly_ratio_percentile": "0.049429657794676805", "transport_distance_percentile": "0.4448669201520912", "medical_distance_percentile": "0.5399239543726235", "exploratory_score_a": "0.2283537422833928", "exploratory_score_b": "0.27714727695933145", "exploratory_score_c": "0.12329365552943641", "rank_a_unfiltered": "104", "rank_b_unfiltered": "81", "rank_c_unfiltered": "90", "pareto_frontier": "False", "eligibility_population_threshold": true, "eligibility_elderly_threshold": true, "primary_eligible": true, "rank": 90 }, "geometry": { "type": "Polygon", "coordinates": [ [ [ 139.45625, 35.391666666666666 ], [ 139.4625, 35.391666666666666 ], [ 139.4625, 35.395833333333336 ], [ 139.45625, 35.395833333333336 ], [ 139.45625, 35.391666666666666 ] ] ] } },
{ "type": "Feature", "properties": { "mesh_code": "533903763", "centroid_lat": 35.397916666666674, "centroid_lon": 139.453125, "city_area_fraction": 1.0, "centroid_within_city": true, "population": 13, "elderly_population": 0.0, "reported_elderly_population": 0.0, "elderly_ratio": 0.0, "HTKSYORI": "0", "HTKSAKI": null, "GASSAN": null, "disclosure_status": "unaffected", "suppression_flag": false, "aggregation_target_flag": false, "aggregation_flag": false, "primary_eligible_disclosure": true, "nearest_station_name": "湘南台", "nearest_station_distance_m": 1195.68736334707, "nearest_bus_stop_name": "いすゞ南門", "nearest_bus_stop_distance_m": 273.6996927820885, "nearest_public_transport_type": "bus_stop", "nearest_public_transport_name": "いすゞ南門", "nearest_public_transport_distance_m": 273.6996927820885, "nearest_medical_name": "いすゞ自動車藤沢工場健康診断診療所", "nearest_medical_distance_m": 406.98837073274922, "nearest_hospital_name": "医療法人社団いしずえ　湘南敬愛病院", "nearest_medical_access_class": "likely_public", "nearest_hospital_distance_m": 1208.3917406995922, "nearest_clinic_name": "いすゞ自動車藤沢工場健康診断診療所", "nearest_clinic_distance_m": 406.98837073274922, "elderly_population_percentile": "0.0038022813688212928", "elderly_ratio_percentile": "0.0038022813688212928", "transport_distance_percentile": "0.7224334600760456", "medical_distance_percentile": "0.6539923954372624", "exploratory_score_a": "0.0027468952854602493", "exploratory_score_b": "0.0024866631005219103", "exploratory_score_c": "0.0017964486277534711", "rank_a_unfiltered": "261", "rank_b_unfiltered": "263", "rank_c_unfiltered": "255", "pareto_frontier": "False", "eligibility_population_threshold": false, "eligibility_elderly_threshold": false, "primary_eligible": false, "rank": null }, "geometry": { "type": "Polygon", "coordinates": [ [ [ 139.45, 35.395833333333336 ], [ 139.45625, 35.395833333333336 ], [ 139.45625, 35.4 ], [ 139.45, 35.4 ], [ 139.45, 35.395833333333336 ] ] ] } },
{ "type": "Feature", "properties": { "mesh_code": "533903764", "centroid_lat": 35.397916666666674, "centroid_lon": 139.459375, "city_area_fraction": 0.99999999999999978, "centroid_within_city": true, "population": 2282, "elderly_population": 463.0, "reported_elderly_population": 463.0, "elderly_ratio": 0.20289219982471515, "HTKSYORI": "0", "HTKSAKI": null, "GASSAN": null, "disclosure_status": "unaffected", "suppression_flag": false, "aggregation_target_flag": false, "aggregation_flag": false, "primary_eligible_disclosure": true, "nearest_station_name": "湘南台", "nearest_station_distance_m": 640.93114575848836, "nearest_bus_stop_name": "北警察署前", "nearest_bus_stop_distance_m": 268.05100844038287, "nearest_public_transport_type": "bus_stop", "nearest_public_transport_name": "北警察署前", "nearest_public_transport_distance_m": 268.05100844038287, "nearest_medical_name": "すが内科クリニック", "nearest_medical_distance_m": 382.07131406249636, "nearest_hospital_name": "湘南第一病院", "nearest_medical_access_class": "likely_public", "nearest_hospital_distance_m": 914.08071648689372, "nearest_clinic_name": "すが内科クリニック", "nearest_clinic_distance_m": 382.07131406249636, "elderly_population_percentile": "0.5741444866920152", "elderly_ratio_percentile": "0.20912547528517111", "transport_distance_percentile": "0.6996197718631179", "medical_distance_percentile": "0.6083650190114068", "exploratory_score_a": "0.4016828347959346", "exploratory_score_b": "0.34928942156168225", "exploratory_score_c": "0.24436978542718454", "rank_a_unfiltered": "49", "rank_b_unfiltered": "53", "rank_c_unfiltered": "31", "pareto_frontier": "False", "eligibility_population_threshold": true, "eligibility_elderly_threshold": true, "primary_eligible": true, "rank": 31 }, "geometry": { "type": "Polygon", "coordinates": [ [ [ 139.45625, 35.395833333333336 ], [ 139.4625, 35.395833333333336 ], [ 139.4625, 35.4 ], [ 139.45625, 35.4 ], [ 139.45625, 35.395833333333336 ] ] ] } },
{ "type": "Feature", "properties": { "mesh_code": "533903771", "centroid_lat": 35.39375, "centroid_lon": 139.465625, "city_area_fraction": 1.0, "centroid_within_city": true, "population": 3430, "elderly_population": 558.0, "reported_elderly_population": 558.0, "elderly_ratio": 0.16268221574344024, "HTKSYORI": "0", "HTKSAKI": null, "GASSAN": null, "disclosure_status": "unaffected", "suppression_flag": false, "aggregation_target_flag": false, "aggregation_flag": false, "primary_eligible_disclosure": true, "nearest_station_name": "湘南台", "nearest_station_distance_m": 280.34294025662797, "nearest_bus_stop_name": "湘南台住宅前", "nearest_bus_stop_distance_m": 197.94043105282742, "nearest_public_transport_type": "bus_stop", "nearest_public_transport_name": "湘南台住宅前", "nearest_public_transport_distance_m": 197.94043105282742, "nearest_medical_name": "医療法人誠翔会　中沢内科医院", "nearest_medical_distance_m": 30.115221695391828, "nearest_hospital_name": "湘南第一病院", "nearest_medical_access_class": "likely_public", "nearest_hospital_distance_m": 332.65670531773083, "nearest_clinic_name": "医療法人誠翔会　中沢内科医院", "nearest_clinic_distance_m": 30.115221695391828, "elderly_population_percentile": "0.6711026615969582", "elderly_ratio_percentile": "0.053231939163498096", "transport_distance_percentile": "0.5247148288973384", "medical_distance_percentile": "0.015209125475285171", "exploratory_score_a": "0.35213751825239636", "exploratory_score_b": "0.01020688458702598", "exploratory_score_c": "0.005355703699656218", "rank_a_unfiltered": "61", "rank_b_unfiltered": "256", "rank_c_unfiltered": "241", "pareto_frontier": "False", "eligibility_population_threshold": true, "eligibility_elderly_threshold": true, "primary_eligible": true, "rank": 241 }, "geometry": { "type": "Polygon", "coordinates": [ [ [ 139.4625, 35.391666666666666 ], [ 139.46875, 35.391666666666666 ], [ 139.46875, 35.395833333333336 ], [ 139.4625, 35.395833333333336 ], [ 139.4625, 35.391666666666666 ] ] ] } },
{ "type": "Feature", "properties": { "mesh_code": "533903772", "centroid_lat": 35.39375, "centroid_lon": 139.471875, "city_area_fraction": 0.99999999999999978, "centroid_within_city": true, "population": 2715, "elderly_population": 524.0, "reported_elderly_population": 524.0, "elderly_ratio": 0.19300184162062614, "HTKSYORI": "0", "HTKSAKI": null, "GASSAN": null, "disclosure_status": "unaffected", "suppression_flag": false, "aggregation_target_flag": false, "aggregation_flag": false, "primary_eligible_disclosure": true, "nearest_station_name": "湘南台", "nearest_station_distance_m": 580.24826227269693, "nearest_bus_stop_name": "今田", "nearest_bus_stop_distance_m": 65.215110435439811, "nearest_public_transport_type": "bus_stop", "nearest_public_transport_name": "今田", "nearest_public_transport_distance_m": 65.215110435439811, "nearest_medical_name": "メディカルパーク湘南", "nearest_medical_distance_m": 189.20516612777905, "nearest_hospital_name": "湘南第一病院", "nearest_medical_access_class": "likely_public", "nearest_hospital_distance_m": 315.55163772460105, "nearest_clinic_name": "メディカルパーク湘南", "nearest_clinic_distance_m": 189.20516612777905, "elderly_population_percentile": "0.6197718631178707", "elderly_ratio_percentile": "0.16730038022813687", "transport_distance_percentile": "0.07984790874524715", "medical_distance_percentile": "0.2623574144486692", "exploratory_score_a": "0.049487487169107544", "exploratory_score_b": "0.16260174355563908", "exploratory_score_c": "0.012983409181248748", "rank_a_unfiltered": "217", "rank_b_unfiltered": "140", "rank_c_unfiltered": "219", "pareto_frontier": "False", "eligibility_population_threshold": true, "eligibility_elderly_threshold": true, "primary_eligible": true, "rank": 219 }, "geometry": { "type": "Polygon", "coordinates": [ [ [ 139.46875, 35.391666666666666 ], [ 139.475, 35.391666666666666 ], [ 139.475, 35.395833333333336 ], [ 139.46875, 35.395833333333336 ], [ 139.46875, 35.391666666666666 ] ] ] } },
{ "type": "Feature", "properties": { "mesh_code": "533903773", "centroid_lat": 35.397916666666674, "centroid_lon": 139.465625, "city_area_fraction": 1.0, "centroid_within_city": true, "population": 6124, "elderly_population": 1103.0, "reported_elderly_population": 1103.0, "elderly_ratio": 0.18011103853690399, "HTKSYORI": "0", "HTKSAKI": null, "GASSAN": null, "disclosure_status": "unaffected", "suppression_flag": false, "aggregation_target_flag": false, "aggregation_flag": false, "primary_eligible_disclosure": true, "nearest_station_name": "湘南台", "nearest_station_distance_m": 170.4615719471916, "nearest_bus_stop_name": "湘南台駅東口", "nearest_bus_stop_distance_m": 208.46871936625095, "nearest_public_transport_type": "station", "nearest_public_transport_name": "湘南台", "nearest_public_transport_distance_m": 170.4615719471916, "nearest_medical_name": "湘南台東口クリニック", "nearest_medical_distance_m": 78.034042696086857, "nearest_hospital_name": "湘南第一病院", "nearest_medical_access_class": "likely_public", "nearest_hospital_distance_m": 424.0378553477928, "nearest_clinic_name": "湘南台東口クリニック", "nearest_clinic_distance_m": 78.034042696086857, "elderly_population_percentile": "0.9809885931558935", "elderly_ratio_percentile": "0.11406844106463879", "transport_distance_percentile": "0.41825095057034223", "medical_distance_percentile": "0.07984790874524715", "exploratory_score_a": "0.41029941158611516", "exploratory_score_b": "0.07832988766644017", "exploratory_score_c": "0.03276154997455673", "rank_a_unfiltered": "47", "rank_b_unfiltered": "204", "rank_c_unfiltered": "180", "pareto_frontier": "False", "eligibility_population_threshold": true, "eligibility_elderly_threshold": true, "primary_eligible": true, "rank": 180 }, "geometry": { "type": "Polygon", "coordinates": [ [ [ 139.4625, 35.395833333333336 ], [ 139.46875, 35.395833333333336 ], [ 139.46875, 35.4 ], [ 139.4625, 35.4 ], [ 139.4625, 35.395833333333336 ] ] ] } },
{ "type": "Feature", "properties": { "mesh_code": "533903774", "centroid_lat": 35.397916666666674, "centroid_lon": 139.471875, "city_area_fraction": 1.0, "centroid_within_city": true, "population": 2946, "elderly_population": 494.0, "reported_elderly_population": 494.0, "elderly_ratio": 0.16768499660556688, "HTKSYORI": "0", "HTKSAKI": null, "GASSAN": null, "disclosure_status": "unaffected", "suppression_flag": false, "aggregation_target_flag": false, "aggregation_flag": false, "primary_eligible_disclosure": true, "nearest_station_name": "湘南台", "nearest_station_distance_m": 513.18675775530608, "nearest_bus_stop_name": "今田上原", "nearest_bus_stop_distance_m": 102.47323624187683, "nearest_public_transport_type": "bus_stop", "nearest_public_transport_name": "今田上原", "nearest_public_transport_distance_m": 102.47323624187683, "nearest_medical_name": "明石医院", "nearest_medical_distance_m": 33.965926745874391, "nearest_hospital_name": "湘南第一病院", "nearest_medical_access_class": "likely_public", "nearest_hospital_distance_m": 410.75661113249186, "nearest_clinic_name": "明石医院", "nearest_clinic_distance_m": 33.965926745874391, "elderly_population_percentile": "0.596958174904943", "elderly_ratio_percentile": "0.07224334600760456", "transport_distance_percentile": "0.18250950570342206", "medical_distance_percentile": "0.019011406844106463", "exploratory_score_a": "0.10895054142751812", "exploratory_score_b": "0.011349014732033137", "exploratory_score_c": "0.002071303068964223", "rank_a_unfiltered": "171", "rank_b_unfiltered": "254", "rank_c_unfiltered": "254", "pareto_frontier": "False", "eligibility_population_threshold": true, "eligibility_elderly_threshold": true, "primary_eligible": true, "rank": 253 }, "geometry": { "type": "Polygon", "coordinates": [ [ [ 139.46875, 35.395833333333336 ], [ 139.475, 35.395833333333336 ], [ 139.475, 35.4 ], [ 139.46875, 35.4 ], [ 139.46875, 35.395833333333336 ] ] ] } },
{ "type": "Feature", "properties": { "mesh_code": "533903781", "centroid_lat": 35.39375, "centroid_lon": 139.478125, "city_area_fraction": 0.54209685455988121, "centroid_within_city": true, "population": 1010, "elderly_population": 142.0, "reported_elderly_population": 142.0, "elderly_ratio": 0.14059405940594061, "HTKSYORI": "0", "HTKSAKI": null, "GASSAN": null, "disclosure_status": "unaffected", "suppression_flag": false, "aggregation_target_flag": false, "aggregation_flag": false, "primary_eligible_disclosure": true, "nearest_station_name": "湘南台", "nearest_station_distance_m": 1102.575625028516, "nearest_bus_stop_name": "今田西原", "nearest_bus_stop_distance_m": 339.29599534391741, "nearest_public_transport_type": "bus_stop", "nearest_public_transport_name": "今田西原", "nearest_public_transport_distance_m": 339.29599534391741, "nearest_medical_name": "瀬戸山産婦人科", "nearest_medical_distance_m": 427.36846565141116, "nearest_hospital_name": "湘南第一病院", "nearest_medical_access_class": "likely_public", "nearest_hospital_distance_m": 856.25101477496298, "nearest_clinic_name": "瀬戸山産婦人科", "nearest_clinic_distance_m": 427.36846565141116, "elderly_population_percentile": "0.27756653992395436", "elderly_ratio_percentile": "0.019011406844106463", "transport_distance_percentile": "0.8136882129277566", "medical_distance_percentile": "0.6844106463878327", "exploratory_score_a": "0.22585262183926322", "exploratory_score_b": "0.18996949500498778", "exploratory_score_c": "0.15457593890139687", "rank_a_unfiltered": "107", "rank_b_unfiltered": "124", "rank_c_unfiltered": "67", "pareto_frontier": "False", "eligibility_population_threshold": true, "eligibility_elderly_threshold": true, "primary_eligible": true, "rank": 67 }, "geometry": { "type": "Polygon", "coordinates": [ [ [ 139.475, 35.391666666666666 ], [ 139.48125, 35.391666666666666 ], [ 139.48125, 35.395833333333336 ], [ 139.475, 35.395833333333336 ], [ 139.475, 35.391666666666666 ] ] ] } },
{ "type": "Feature", "properties": { "mesh_code": "533903783", "centroid_lat": 35.397916666666674, "centroid_lon": 139.478125, "city_area_fraction": 0.43237548524378105, "centroid_within_city": false, "population": 850, "elderly_population": 273.0, "reported_elderly_population": 273.0, "elderly_ratio": 0.32117647058823529, "HTKSYORI": "0", "HTKSAKI": null, "GASSAN": null, "disclosure_status": "unaffected", "suppression_flag": false, "aggregation_target_flag": false, "aggregation_flag": false, "primary_eligible_disclosure": true, "nearest_station_name": "湘南台", "nearest_station_distance_m": 1068.7845561822155, "nearest_bus_stop_name": "今田上原", "nearest_bus_stop_distance_m": 479.97530531174317, "nearest_public_transport_type": "bus_stop", "nearest_public_transport_name": "今田上原", "nearest_public_transport_distance_m": 479.97530531174317, "nearest_medical_name": "牧小児科医院", "nearest_medical_distance_m": 515.20354994034221, "nearest_hospital_name": "湘南第一病院", "nearest_medical_access_class": "likely_public", "nearest_hospital_distance_m": 895.70158685674573, "nearest_clinic_name": "牧小児科医院", "nearest_clinic_distance_m": 515.20354994034221, "elderly_population_percentile": "<NA>", "elderly_ratio_percentile": "<NA>", "transport_distance_percentile": "<NA>", "medical_distance_percentile": "<NA>", "exploratory_score_a": "<NA>", "exploratory_score_b": "<NA>", "exploratory_score_c": "<NA>", "rank_a_unfiltered": "<NA>", "rank_b_unfiltered": "<NA>", "rank_c_unfiltered": "<NA>", "pareto_frontier": "<NA>", "eligibility_population_threshold": true, "eligibility_elderly_threshold": true, "primary_eligible": false, "rank": null }, "geometry": { "type": "Polygon", "coordinates": [ [ [ 139.475, 35.395833333333336 ], [ 139.48125, 35.395833333333336 ], [ 139.48125, 35.4 ], [ 139.475, 35.4 ], [ 139.475, 35.395833333333336 ] ] ] } },
{ "type": "Feature", "properties": { "mesh_code": "533903812", "centroid_lat": 35.402083333333337, "centroid_lon": 139.396875, "city_area_fraction": 0.25514315793329723, "centroid_within_city": false, "population": 12, "elderly_population": 7.0, "reported_elderly_population": 7.0, "elderly_ratio": 0.58333333333333337, "HTKSYORI": "0", "HTKSAKI": null, "GASSAN": null, "disclosure_status": "unaffected", "suppression_flag": false, "aggregation_target_flag": false, "aggregation_flag": false, "primary_eligible_disclosure": true, "nearest_station_name": "長後", "nearest_station_distance_m": 6319.3327284874113, "nearest_bus_stop_name": "宮原", "nearest_bus_stop_distance_m": 1174.0991838070729, "nearest_public_transport_type": "bus_stop", "nearest_public_transport_name": "宮原", "nearest_public_transport_distance_m": 1174.0991838070729, "nearest_medical_name": "湘南ごしょみ眼科", "nearest_medical_distance_m": 1235.1454660254153, "nearest_hospital_name": "藤沢御所見病院", "nearest_medical_access_class": "likely_public", "nearest_hospital_distance_m": 1388.6628236411441, "nearest_clinic_name": "湘南ごしょみ眼科", "nearest_clinic_distance_m": 1235.1454660254153, "elderly_population_percentile": "<NA>", "elderly_ratio_percentile": "<NA>", "transport_distance_percentile": "<NA>", "medical_distance_percentile": "<NA>", "exploratory_score_a": "<NA>", "exploratory_score_b": "<NA>", "exploratory_score_c": "<NA>", "rank_a_unfiltered": "<NA>", "rank_b_unfiltered": "<NA>", "rank_c_unfiltered": "<NA>", "pareto_frontier": "<NA>", "eligibility_population_threshold": false, "eligibility_elderly_threshold": false, "primary_eligible": false, "rank": null }, "geometry": { "type": "Polygon", "coordinates": [ [ [ 139.39375, 35.4 ], [ 139.4, 35.4 ], [ 139.4, 35.404166666666676 ], [ 139.39375, 35.404166666666676 ], [ 139.39375, 35.4 ] ] ] } },
{ "type": "Feature", "properties": { "mesh_code": "533903821", "centroid_lat": 35.402083333333337, "centroid_lon": 139.403125, "city_area_fraction": 0.59883057752017588, "centroid_within_city": false, "population": 36, "elderly_population": 18.0, "reported_elderly_population": 18.0, "elderly_ratio": 0.5, "HTKSYORI": "0", "HTKSAKI": null, "GASSAN": null, "disclosure_status": "unaffected", "suppression_flag": false, "aggregation_target_flag": false, "aggregation_flag": false, "primary_eligible_disclosure": true, "nearest_station_name": "湘南台", "nearest_station_distance_m": 5759.4674669133492, "nearest_bus_stop_name": "西用田", "nearest_bus_stop_distance_m": 675.15241067867987, "nearest_public_transport_type": "bus_stop", "nearest_public_transport_name": "西用田", "nearest_public_transport_distance_m": 675.15241067867987, "nearest_medical_name": "湘南ごしょみ眼科", "nearest_medical_distance_m": 676.57260544766962, "nearest_hospital_name": "藤沢御所見病院", "nearest_medical_access_class": "likely_public", "nearest_hospital_distance_m": 1014.4476231957357, "nearest_clinic_name": "湘南ごしょみ眼科", "nearest_clinic_distance_m": 676.57260544766962, "elderly_population_percentile": "<NA>", "elderly_ratio_percentile": "<NA>", "transport_distance_percentile": "<NA>", "medical_distance_percentile": "<NA>", "exploratory_score_a": "<NA>", "exploratory_score_b": "<NA>", "exploratory_score_c": "<NA>", "rank_a_unfiltered": "<NA>", "rank_b_unfiltered": "<NA>", "rank_c_unfiltered": "<NA>", "pareto_frontier": "<NA>", "eligibility_population_threshold": true, "eligibility_elderly_threshold": true, "primary_eligible": false, "rank": null }, "geometry": { "type": "Polygon", "coordinates": [ [ [ 139.4, 35.4 ], [ 139.40625, 35.4 ], [ 139.40625, 35.404166666666676 ], [ 139.4, 35.404166666666676 ], [ 139.4, 35.4 ] ] ] } },
{ "type": "Feature", "properties": { "mesh_code": "533903822", "centroid_lat": 35.402083333333337, "centroid_lon": 139.409375, "city_area_fraction": 1.0, "centroid_within_city": true, "population": 832, "elderly_population": 305.0, "reported_elderly_population": 305.0, "elderly_ratio": 0.36658653846153844, "HTKSYORI": "0", "HTKSAKI": null, "GASSAN": null, "disclosure_status": "unaffected", "suppression_flag": false, "aggregation_target_flag": false, "aggregation_flag": false, "primary_eligible_disclosure": true, "nearest_station_name": "湘南台", "nearest_station_distance_m": 5195.7433092320716, "nearest_bus_stop_name": "中原", "nearest_bus_stop_distance_m": 198.30357916381951, "nearest_public_transport_type": "bus_stop", "nearest_public_transport_name": "中原", "nearest_public_transport_distance_m": 198.30357916381951, "nearest_medical_name": "湘南ごしょみ眼科", "nearest_medical_distance_m": 185.72885489024796, "nearest_hospital_name": "藤沢御所見病院", "nearest_medical_access_class": "likely_public", "nearest_hospital_distance_m": 880.03027190578541, "nearest_clinic_name": "湘南ごしょみ眼科", "nearest_clinic_distance_m": 185.72885489024796, "elderly_population_percentile": "0.4296577946768061", "elderly_ratio_percentile": "0.8783269961977186", "transport_distance_percentile": "0.5285171102661597", "medical_distance_percentile": "0.2509505703422053", "exploratory_score_a": "0.22708149604591651", "exploratory_score_b": "0.10782286862611863", "exploratory_score_c": "0.05698623094688399", "rank_a_unfiltered": "105", "rank_b_unfiltered": "177", "rank_c_unfiltered": "146", "pareto_frontier": "False", "eligibility_population_threshold": true, "eligibility_elderly_threshold": true, "primary_eligible": true, "rank": 146 }, "geometry": { "type": "Polygon", "coordinates": [ [ [ 139.40625, 35.4 ], [ 139.4125, 35.4 ], [ 139.4125, 35.404166666666676 ], [ 139.40625, 35.404166666666676 ], [ 139.40625, 35.4 ] ] ] } },
{ "type": "Feature", "properties": { "mesh_code": "533903823", "centroid_lat": 35.40625, "centroid_lon": 139.403125, "city_area_fraction": 0.078804156091590208, "centroid_within_city": false, "population": 184, "elderly_population": 55.0, "reported_elderly_population": 55.0, "elderly_ratio": 0.29891304347826086, "HTKSYORI": "0", "HTKSAKI": null, "GASSAN": null, "disclosure_status": "unaffected", "suppression_flag": false, "aggregation_target_flag": false, "aggregation_flag": false, "primary_eligible_disclosure": true, "nearest_station_name": "長後", "nearest_station_distance_m": 5689.1079408192036, "nearest_bus_stop_name": "西用田", "nearest_bus_stop_distance_m": 607.92079291920504, "nearest_public_transport_type": "bus_stop", "nearest_public_transport_name": "西用田", "nearest_public_transport_distance_m": 607.92079291920504, "nearest_medical_name": "湘南ごしょみ眼科", "nearest_medical_distance_m": 906.72158017006416, "nearest_hospital_name": "藤沢御所見病院", "nearest_medical_access_class": "likely_public", "nearest_hospital_distance_m": 1433.3439427873416, "nearest_clinic_name": "湘南ごしょみ眼科", "nearest_clinic_distance_m": 906.72158017006416, "elderly_population_percentile": "<NA>", "elderly_ratio_percentile": "<NA>", "transport_distance_percentile": "<NA>", "medical_distance_percentile": "<NA>", "exploratory_score_a": "<NA>", "exploratory_score_b": "<NA>", "exploratory_score_c": "<NA>", "rank_a_unfiltered": "<NA>", "rank_b_unfiltered": "<NA>", "rank_c_unfiltered": "<NA>", "pareto_frontier": "<NA>", "eligibility_population_threshold": true, "eligibility_elderly_threshold": true, "primary_eligible": false, "rank": null }, "geometry": { "type": "Polygon", "coordinates": [ [ [ 139.4, 35.404166666666676 ], [ 139.40625, 35.404166666666676 ], [ 139.40625, 35.408333333333346 ], [ 139.4, 35.408333333333346 ], [ 139.4, 35.404166666666676 ] ] ] } },
{ "type": "Feature", "properties": { "mesh_code": "533903824", "centroid_lat": 35.40625, "centroid_lon": 139.409375, "city_area_fraction": 0.96314557153063074, "centroid_within_city": true, "population": 296, "elderly_population": 109.0, "reported_elderly_population": 109.0, "elderly_ratio": 0.36824324324324326, "HTKSYORI": "0", "HTKSAKI": null, "GASSAN": null, "disclosure_status": "unaffected", "suppression_flag": false, "aggregation_target_flag": false, "aggregation_flag": false, "primary_eligible_disclosure": true, "nearest_station_name": "長後", "nearest_station_distance_m": 5125.7920695323464, "nearest_bus_stop_name": "西用田", "nearest_bus_stop_distance_m": 139.97912162014714, "nearest_public_transport_type": "bus_stop", "nearest_public_transport_name": "西用田", "nearest_public_transport_distance_m": 139.97912162014714, "nearest_medical_name": "湘南ごしょみ眼科", "nearest_medical_distance_m": 631.59347971855027, "nearest_hospital_name": "藤沢御所見病院", "nearest_medical_access_class": "likely_public", "nearest_hospital_distance_m": 1341.5799287753248, "nearest_clinic_name": "湘南ごしょみ眼科", "nearest_clinic_distance_m": 631.59347971855027, "elderly_population_percentile": "0.2262357414448669", "elderly_ratio_percentile": "0.8859315589353612", "transport_distance_percentile": "0.30798479087452474", "medical_distance_percentile": "0.8783269961977186", "exploratory_score_a": "0.06967716751724039", "exploratory_score_b": "0.19870895921583367", "exploratory_score_c": "0.061199337248983", "rank_a_unfiltered": "196", "rank_b_unfiltered": "115", "rank_c_unfiltered": "139", "pareto_frontier": "False", "eligibility_population_threshold": true, "eligibility_elderly_threshold": true, "primary_eligible": true, "rank": 139 }, "geometry": { "type": "Polygon", "coordinates": [ [ [ 139.40625, 35.404166666666676 ], [ 139.4125, 35.404166666666676 ], [ 139.4125, 35.408333333333346 ], [ 139.40625, 35.408333333333346 ], [ 139.40625, 35.404166666666676 ] ] ] } },
{ "type": "Feature", "properties": { "mesh_code": "533903831", "centroid_lat": 35.402083333333337, "centroid_lon": 139.415625, "city_area_fraction": 1.0, "centroid_within_city": true, "population": 1636, "elderly_population": 532.0, "reported_elderly_population": 532.0, "elderly_ratio": 0.32518337408312958, "HTKSYORI": "0", "HTKSAKI": null, "GASSAN": null, "disclosure_status": "unaffected", "suppression_flag": false, "aggregation_target_flag": false, "aggregation_flag": false, "primary_eligible_disclosure": true, "nearest_station_name": "湘南台", "nearest_station_distance_m": 4632.995450798463, "nearest_bus_stop_name": "御所見小学校前", "nearest_bus_stop_distance_m": 86.876139791077648, "nearest_public_transport_type": "bus_stop", "nearest_public_transport_name": "御所見小学校前", "nearest_public_transport_distance_m": 86.876139791077648, "nearest_medical_name": "鈴木医院", "nearest_medical_distance_m": 92.646492395720216, "nearest_hospital_name": "藤沢御所見病院", "nearest_medical_access_class": "likely_public", "nearest_hospital_distance_m": 1079.0881729907283, "nearest_clinic_name": "鈴木医院", "nearest_clinic_distance_m": 92.646492395720216, "elderly_population_percentile": "0.6330798479087453", "elderly_ratio_percentile": "0.8098859315589354", "transport_distance_percentile": "0.12167300380228137", "medical_distance_percentile": "0.08745247148288973", "exploratory_score_a": "0.07702872674174847", "exploratory_score_b": "0.05536439734563171", "exploratory_score_c": "0.006736352528746064", "rank_a_unfiltered": "190", "rank_b_unfiltered": "216", "rank_c_unfiltered": "236", "pareto_frontier": "False", "eligibility_population_threshold": true, "eligibility_elderly_threshold": true, "primary_eligible": true, "rank": 236 }, "geometry": { "type": "Polygon", "coordinates": [ [ [ 139.4125, 35.4 ], [ 139.41875, 35.4 ], [ 139.41875, 35.404166666666676 ], [ 139.4125, 35.404166666666676 ], [ 139.4125, 35.4 ] ] ] } },
{ "type": "Feature", "properties": { "mesh_code": "533903832", "centroid_lat": 35.402083333333337, "centroid_lon": 139.421875, "city_area_fraction": 1.0, "centroid_within_city": true, "population": 858, "elderly_population": 243.0, "reported_elderly_population": 243.0, "elderly_ratio": 0.28321678321678323, "HTKSYORI": "0", "HTKSAKI": null, "GASSAN": null, "disclosure_status": "unaffected", "suppression_flag": false, "aggregation_target_flag": false, "aggregation_flag": false, "primary_eligible_disclosure": true, "nearest_station_name": "湘南台", "nearest_station_distance_m": 4071.6285908154232, "nearest_bus_stop_name": "御所見中学校前", "nearest_bus_stop_distance_m": 128.83412552164148, "nearest_public_transport_type": "bus_stop", "nearest_public_transport_name": "御所見中学校前", "nearest_public_transport_distance_m": 128.83412552164148, "nearest_medical_name": "鈴木医院", "nearest_medical_distance_m": 502.38945168727173, "nearest_hospital_name": "藤沢御所見病院", "nearest_medical_access_class": "likely_public", "nearest_hospital_distance_m": 1482.915022689039, "nearest_clinic_name": "鈴木医院", "nearest_clinic_distance_m": 502.38945168727173, "elderly_population_percentile": "0.3821292775665399", "elderly_ratio_percentile": "0.6653992395437263", "transport_distance_percentile": "0.26996197718631176", "medical_distance_percentile": "0.7680608365019012", "exploratory_score_a": "0.10316037531264004", "exploratory_score_b": "0.2934985325796238", "exploratory_score_c": "0.07923344415647637", "rank_a_unfiltered": "174", "rank_b_unfiltered": "76", "rank_c_unfiltered": "124", "pareto_frontier": "False", "eligibility_population_threshold": true, "eligibility_elderly_threshold": true, "primary_eligible": true, "rank": 124 }, "geometry": { "type": "Polygon", "coordinates": [ [ [ 139.41875, 35.4 ], [ 139.425, 35.4 ], [ 139.425, 35.404166666666676 ], [ 139.41875, 35.404166666666676 ], [ 139.41875, 35.4 ] ] ] } },
{ "type": "Feature", "properties": { "mesh_code": "533903833", "centroid_lat": 35.40625, "centroid_lon": 139.415625, "city_area_fraction": 0.99999999999999978, "centroid_within_city": true, "population": 804, "elderly_population": 213.0, "reported_elderly_population": 213.0, "elderly_ratio": 0.26492537313432835, "HTKSYORI": "0", "HTKSAKI": null, "GASSAN": null, "disclosure_status": "unaffected", "suppression_flag": false, "aggregation_target_flag": false, "aggregation_flag": false, "primary_eligible_disclosure": true, "nearest_station_name": "長後", "nearest_station_distance_m": 4563.5506069984822, "nearest_bus_stop_name": "用田", "nearest_bus_stop_distance_m": 259.29864971588029, "nearest_public_transport_type": "bus_stop", "nearest_public_transport_name": "用田", "nearest_public_transport_distance_m": 259.29864971588029, "nearest_medical_name": "西山内科クリニック", "nearest_medical_distance_m": 245.03770237538117, "nearest_hospital_name": "藤沢御所見病院", "nearest_medical_access_class": "likely_public", "nearest_hospital_distance_m": 1479.7952881454878, "nearest_clinic_name": "西山内科クリニック", "nearest_clinic_distance_m": 245.03770237538117, "elderly_population_percentile": "0.3688212927756654", "elderly_ratio_percentile": "0.5779467680608364", "transport_distance_percentile": "0.6806083650190115", "medical_distance_percentile": "0.376425855513308", "exploratory_score_a": "0.25102285706024374", "exploratory_score_b": "0.1388338706646041", "exploratory_score_c": "0.09449149372229708", "rank_a_unfiltered": "96", "rank_b_unfiltered": "159", "rank_c_unfiltered": "107", "pareto_frontier": "False", "eligibility_population_threshold": true, "eligibility_elderly_threshold": true, "primary_eligible": true, "rank": 107 }, "geometry": { "type": "Polygon", "coordinates": [ [ [ 139.4125, 35.404166666666676 ], [ 139.41875, 35.404166666666676 ], [ 139.41875, 35.408333333333346 ], [ 139.4125, 35.408333333333346 ], [ 139.4125, 35.404166666666676 ] ] ] } },
{ "type": "Feature", "properties": { "mesh_code": "533903834", "centroid_lat": 35.40625, "centroid_lon": 139.421875, "city_area_fraction": 1.0, "centroid_within_city": true, "population": 482, "elderly_population": 146.0, "reported_elderly_population": 146.0, "elderly_ratio": 0.30290456431535268, "HTKSYORI": "0", "HTKSAKI": null, "GASSAN": null, "disclosure_status": "unaffected", "suppression_flag": false, "aggregation_target_flag": false, "aggregation_flag": false, "primary_eligible_disclosure": true, "nearest_station_name": "長後", "nearest_station_distance_m": 4002.8361838527876, "nearest_bus_stop_name": "御所見中学校前", "nearest_bus_stop_distance_m": 367.83294248653141, "nearest_public_transport_type": "bus_stop", "nearest_public_transport_name": "御所見中学校前", "nearest_public_transport_distance_m": 367.83294248653141, "nearest_medical_name": "特別養護老人ホームかつらはら医務室", "nearest_medical_distance_m": 376.29933119799716, "nearest_hospital_name": "藤沢御所見病院", "nearest_medical_access_class": "uncertain_access", "nearest_hospital_distance_m": 1795.6464001836962, "nearest_clinic_name": "特別養護老人ホームかつらはら医務室", "nearest_clinic_distance_m": 376.29933119799716, "elderly_population_percentile": "0.2813688212927757", "elderly_ratio_percentile": "0.7604562737642585", "transport_distance_percentile": "0.8593155893536122", "medical_distance_percentile": "0.5931558935361216", "exploratory_score_a": "0.24178461449493271", "exploratory_score_b": "0.16689557460712168", "exploratory_score_c": "0.1434159690540285", "rank_a_unfiltered": "99", "rank_b_unfiltered": "137", "rank_c_unfiltered": "76", "pareto_frontier": "False", "eligibility_population_threshold": true, "eligibility_elderly_threshold": true, "primary_eligible": true, "rank": 76 }, "geometry": { "type": "Polygon", "coordinates": [ [ [ 139.41875, 35.404166666666676 ], [ 139.425, 35.404166666666676 ], [ 139.425, 35.408333333333346 ], [ 139.41875, 35.408333333333346 ], [ 139.41875, 35.404166666666676 ] ] ] } },
{ "type": "Feature", "properties": { "mesh_code": "533903841", "centroid_lat": 35.402083333333337, "centroid_lon": 139.428125, "city_area_fraction": 1.0, "centroid_within_city": true, "population": 486, "elderly_population": 111.0, "reported_elderly_population": 111.0, "elderly_ratio": 0.22839506172839505, "HTKSYORI": "0", "HTKSAKI": null, "GASSAN": null, "disclosure_status": "unaffected", "suppression_flag": false, "aggregation_target_flag": false, "aggregation_flag": false, "primary_eligible_disclosure": true, "nearest_station_name": "湘南台", "nearest_station_distance_m": 3512.3048131937767, "nearest_bus_stop_name": "葛野", "nearest_bus_stop_distance_m": 49.202722150827164, "nearest_public_transport_type": "bus_stop", "nearest_public_transport_name": "葛野", "nearest_public_transport_distance_m": 49.202722150827164, "nearest_medical_name": "宮本内科消化器科クリニック", "nearest_medical_distance_m": 659.38336130876473, "nearest_hospital_name": "医療法人社団　健育会　湘南慶育病院", "nearest_medical_access_class": "likely_public", "nearest_hospital_distance_m": 1266.0157507579595, "nearest_clinic_name": "宮本内科消化器科クリニック", "nearest_clinic_distance_m": 659.38336130876473, "elderly_population_percentile": "0.23193916349809887", "elderly_ratio_percentile": "0.3269961977186312", "transport_distance_percentile": "0.03802281368821293", "medical_distance_percentile": "0.9011406844106464", "exploratory_score_a": "0.00881897960068817", "exploratory_score_b": "0.20900981653630965", "exploratory_score_c": "0.007947141313167667", "rank_a_unfiltered": "254", "rank_b_unfiltered": "110", "rank_c_unfiltered": "231", "pareto_frontier": "False", "eligibility_population_threshold": true, "eligibility_elderly_threshold": true, "primary_eligible": true, "rank": 231 }, "geometry": { "type": "Polygon", "coordinates": [ [ [ 139.425, 35.4 ], [ 139.43125, 35.4 ], [ 139.43125, 35.404166666666676 ], [ 139.425, 35.404166666666676 ], [ 139.425, 35.4 ] ] ] } },
{ "type": "Feature", "properties": { "mesh_code": "533903842", "centroid_lat": 35.402083333333337, "centroid_lon": 139.434375, "city_area_fraction": 1.0000000000000002, "centroid_within_city": true, "population": 270, "elderly_population": 101.0, "reported_elderly_population": 101.0, "elderly_ratio": 0.37407407407407406, "HTKSYORI": "0", "HTKSAKI": null, "GASSAN": null, "disclosure_status": "unaffected", "suppression_flag": false, "aggregation_target_flag": false, "aggregation_flag": false, "primary_eligible_disclosure": true, "nearest_station_name": "湘南台", "nearest_station_distance_m": 2956.1838550301754, "nearest_bus_stop_name": "宮の腰", "nearest_bus_stop_distance_m": 264.98541440089559, "nearest_public_transport_type": "bus_stop", "nearest_public_transport_name": "宮の腰", "nearest_public_transport_distance_m": 264.98541440089559, "nearest_medical_name": "宮本内科消化器科クリニック", "nearest_medical_distance_m": 126.68967774098859, "nearest_hospital_name": "医療法人社団　健育会　湘南慶育病院", "nearest_medical_access_class": "likely_public", "nearest_hospital_distance_m": 1266.4958600865832, "nearest_clinic_name": "宮本内科消化器科クリニック", "nearest_clinic_distance_m": 126.68967774098859, "elderly_population_percentile": "0.20912547528517111", "elderly_ratio_percentile": "0.8973384030418251", "transport_distance_percentile": "0.6920152091254753", "medical_distance_percentile": "0.1596958174904943", "exploratory_score_a": "0.14471800951293212", "exploratory_score_b": "0.033396463733753566", "exploratory_score_c": "0.023110860834764827", "rank_a_unfiltered": "154", "rank_b_unfiltered": "229", "rank_c_unfiltered": "200", "pareto_frontier": "False", "eligibility_population_threshold": true, "eligibility_elderly_threshold": true, "primary_eligible": true, "rank": 200 }, "geometry": { "type": "Polygon", "coordinates": [ [ [ 139.43125, 35.4 ], [ 139.4375, 35.4 ], [ 139.4375, 35.404166666666676 ], [ 139.43125, 35.404166666666676 ], [ 139.43125, 35.4 ] ] ] } },
{ "type": "Feature", "properties": { "mesh_code": "533903843", "centroid_lat": 35.40625, "centroid_lon": 139.428125, "city_area_fraction": 0.99999999999999978, "centroid_within_city": true, "population": 216, "elderly_population": 55.0, "reported_elderly_population": 55.0, "elderly_ratio": 0.25462962962962965, "HTKSYORI": "0", "HTKSAKI": null, "GASSAN": null, "disclosure_status": "unaffected", "suppression_flag": false, "aggregation_target_flag": false, "aggregation_flag": false, "primary_eligible_disclosure": true, "nearest_station_name": "長後", "nearest_station_distance_m": 3444.3944923999757, "nearest_bus_stop_name": "宮下", "nearest_bus_stop_distance_m": 411.23478192322864, "nearest_public_transport_type": "bus_stop", "nearest_public_transport_name": "宮下", "nearest_public_transport_distance_m": 411.23478192322864, "nearest_medical_name": "特別養護老人ホームかつらはら医務室", "nearest_medical_distance_m": 493.66507503814279, "nearest_hospital_name": "医療法人社団　健育会　湘南慶育病院", "nearest_medical_access_class": "uncertain_access", "nearest_hospital_distance_m": 1719.6821033368697, "nearest_clinic_name": "特別養護老人ホームかつらはら医務室", "nearest_clinic_distance_m": 493.66507503814279, "elderly_population_percentile": "0.11406844106463879", "elderly_ratio_percentile": "0.5095057034220533", "transport_distance_percentile": "0.8935361216730038", "medical_distance_percentile": "0.7566539923954373", "exploratory_score_a": "0.10192427243418295", "exploratory_score_b": "0.08631034133788258", "exploratory_score_c": "0.07712140765932475", "rank_a_unfiltered": "175", "rank_b_unfiltered": "198", "rank_c_unfiltered": "125", "pareto_frontier": "False", "eligibility_population_threshold": true, "eligibility_elderly_threshold": true, "primary_eligible": true, "rank": 125 }, "geometry": { "type": "Polygon", "coordinates": [ [ [ 139.425, 35.404166666666676 ], [ 139.43125, 35.404166666666676 ], [ 139.43125, 35.408333333333346 ], [ 139.425, 35.408333333333346 ], [ 139.425, 35.404166666666676 ] ] ] } },
{ "type": "Feature", "properties": { "mesh_code": "533903844", "centroid_lat": 35.40625, "centroid_lon": 139.434375, "city_area_fraction": 1.0, "centroid_within_city": true, "population": 452, "elderly_population": 123.0, "reported_elderly_population": 123.0, "elderly_ratio": 0.27212389380530971, "HTKSYORI": "0", "HTKSAKI": null, "GASSAN": null, "disclosure_status": "unaffected", "suppression_flag": false, "aggregation_target_flag": false, "aggregation_flag": false, "primary_eligible_disclosure": true, "nearest_station_name": "長後", "nearest_station_distance_m": 2889.543361298448, "nearest_bus_stop_name": "出荷場前", "nearest_bus_stop_distance_m": 90.458924511869213, "nearest_public_transport_type": "bus_stop", "nearest_public_transport_name": "出荷場前", "nearest_public_transport_distance_m": 90.458924511869213, "nearest_medical_name": "宮本内科消化器科クリニック", "nearest_medical_distance_m": 377.93328382533855, "nearest_hospital_name": "医療法人社団　健育会　湘南慶育病院", "nearest_medical_access_class": "likely_public", "nearest_hospital_distance_m": 1720.0353672180752, "nearest_clinic_name": "宮本内科消化器科クリニック", "nearest_clinic_distance_m": 377.93328382533855, "elderly_population_percentile": "0.2509505703422053", "elderly_ratio_percentile": "0.6045627376425855", "transport_distance_percentile": "0.14068441064638784", "medical_distance_percentile": "0.596958174904943", "exploratory_score_a": "0.03530483308996805", "exploratory_score_b": "0.14980699446283738", "exploratory_score_c": "0.021075508726710962", "rank_a_unfiltered": "231", "rank_b_unfiltered": "148", "rank_c_unfiltered": "203", "pareto_frontier": "False", "eligibility_population_threshold": true, "eligibility_elderly_threshold": true, "primary_eligible": true, "rank": 203 }, "geometry": { "type": "Polygon", "coordinates": [ [ [ 139.43125, 35.404166666666676 ], [ 139.4375, 35.404166666666676 ], [ 139.4375, 35.408333333333346 ], [ 139.43125, 35.408333333333346 ], [ 139.43125, 35.404166666666676 ] ] ] } },
{ "type": "Feature", "properties": { "mesh_code": "533903851", "centroid_lat": 35.402083333333337, "centroid_lon": 139.440625, "city_area_fraction": 1.0, "centroid_within_city": true, "population": 1375, "elderly_population": 347.0, "reported_elderly_population": 347.0, "elderly_ratio": 0.25236363636363635, "HTKSYORI": "0", "HTKSAKI": null, "GASSAN": null, "disclosure_status": "unaffected", "suppression_flag": false, "aggregation_target_flag": false, "aggregation_flag": false, "primary_eligible_disclosure": true, "nearest_station_name": "湘南台", "nearest_station_distance_m": 2405.4878987858538, "nearest_bus_stop_name": "公民館前", "nearest_bus_stop_distance_m": 256.55869366138455, "nearest_public_transport_type": "bus_stop", "nearest_public_transport_name": "公民館前", "nearest_public_transport_distance_m": 256.55869366138455, "nearest_medical_name": "医療法人知真会　湘南真心クリニック", "nearest_medical_distance_m": 271.49302290342786, "nearest_hospital_name": "医療法人社団　健育会　湘南慶育病院", "nearest_medical_access_class": "likely_public", "nearest_hospital_distance_m": 1499.9596904756831, "nearest_clinic_name": "医療法人知真会　湘南真心クリニック", "nearest_clinic_distance_m": 271.49302290342786, "elderly_population_percentile": "0.4600760456273764", "elderly_ratio_percentile": "0.49809885931558934", "transport_distance_percentile": "0.6692015209125475", "medical_distance_percentile": "0.41064638783269963", "exploratory_score_a": "0.3078835894692709", "exploratory_score_b": "0.18892856626523444", "exploratory_score_c": "0.1264312838885219", "rank_a_unfiltered": "78", "rank_b_unfiltered": "125", "rank_c_unfiltered": "87", "pareto_frontier": "False", "eligibility_population_threshold": true, "eligibility_elderly_threshold": true, "primary_eligible": true, "rank": 87 }, "geometry": { "type": "Polygon", "coordinates": [ [ [ 139.4375, 35.4 ], [ 139.44375, 35.4 ], [ 139.44375, 35.404166666666676 ], [ 139.4375, 35.404166666666676 ], [ 139.4375, 35.4 ] ] ] } },
{ "type": "Feature", "properties": { "mesh_code": "533903852", "centroid_lat": 35.402083333333337, "centroid_lon": 139.446875, "city_area_fraction": 0.99999999999999978, "centroid_within_city": true, "population": 329, "elderly_population": 119.0, "reported_elderly_population": 119.0, "elderly_ratio": 0.36170212765957449, "HTKSYORI": "0", "HTKSAKI": null, "GASSAN": null, "disclosure_status": "unaffected", "suppression_flag": false, "aggregation_target_flag": false, "aggregation_flag": false, "primary_eligible_disclosure": true, "nearest_station_name": "湘南台", "nearest_station_distance_m": 1865.0284866240083, "nearest_bus_stop_name": "菖蒲沢団地", "nearest_bus_stop_distance_m": 254.69862720389048, "nearest_public_transport_type": "bus_stop", "nearest_public_transport_name": "菖蒲沢団地", "nearest_public_transport_distance_m": 254.69862720389048, "nearest_medical_name": "いすゞ自動車藤沢工場健康診断診療所", "nearest_medical_distance_m": 325.48867579585175, "nearest_hospital_name": "医療法人社団いしずえ　湘南敬愛病院", "nearest_medical_access_class": "likely_public", "nearest_hospital_distance_m": 1880.5147807303092, "nearest_clinic_name": "いすゞ自動車藤沢工場健康診断診療所", "nearest_clinic_distance_m": 325.48867579585175, "elderly_population_percentile": "0.24714828897338403", "elderly_ratio_percentile": "0.8669201520912547", "transport_distance_percentile": "0.6539923954372624", "medical_distance_percentile": "0.5133079847908745", "exploratory_score_a": "0.16163310153392416", "exploratory_score_b": "0.12686319015744046", "exploratory_score_c": "0.0829675616238774", "rank_a_unfiltered": "137", "rank_b_unfiltered": "164", "rank_c_unfiltered": "119", "pareto_frontier": "False", "eligibility_population_threshold": true, "eligibility_elderly_threshold": true, "primary_eligible": true, "rank": 119 }, "geometry": { "type": "Polygon", "coordinates": [ [ [ 139.44375, 35.4 ], [ 139.45, 35.4 ], [ 139.45, 35.404166666666676 ], [ 139.44375, 35.404166666666676 ], [ 139.44375, 35.4 ] ] ] } },
{ "type": "Feature", "properties": { "mesh_code": "533903853", "centroid_lat": 35.40625, "centroid_lon": 139.440625, "city_area_fraction": 0.94636807504335907, "centroid_within_city": true, "population": 841, "elderly_population": 195.0, "reported_elderly_population": 195.0, "elderly_ratio": 0.2318668252080856, "HTKSYORI": "0", "HTKSAKI": null, "GASSAN": null, "disclosure_status": "unaffected", "suppression_flag": false, "aggregation_target_flag": false, "aggregation_flag": false, "primary_eligible_disclosure": true, "nearest_station_name": "長後", "nearest_station_distance_m": 2340.8371933832827, "nearest_bus_stop_name": "葛原", "nearest_bus_stop_distance_m": 123.84056866435482, "nearest_public_transport_type": "bus_stop", "nearest_public_transport_name": "葛原", "nearest_public_transport_distance_m": 123.84056866435482, "nearest_medical_name": "宮本内科消化器科クリニック", "nearest_medical_distance_m": 607.15903488462993, "nearest_hospital_name": "医療法人社団　健育会　湘南慶育病院", "nearest_medical_access_class": "likely_public", "nearest_hospital_distance_m": 1898.5139075633579, "nearest_clinic_name": "宮本内科消化器科クリニック", "nearest_clinic_distance_m": 607.15903488462993, "elderly_population_percentile": "0.33840304182509506", "elderly_ratio_percentile": "0.34980988593155893", "transport_distance_percentile": "0.24334600760456274", "medical_distance_percentile": "0.8517110266159695", "exploratory_score_a": "0.08234902918937674", "exploratory_score_b": "0.2882216021628186", "exploratory_score_c": "0.0701375761917125", "rank_a_unfiltered": "187", "rank_b_unfiltered": "78", "rank_c_unfiltered": "128", "pareto_frontier": "False", "eligibility_population_threshold": true, "eligibility_elderly_threshold": true, "primary_eligible": true, "rank": 128 }, "geometry": { "type": "Polygon", "coordinates": [ [ [ 139.4375, 35.404166666666676 ], [ 139.44375, 35.404166666666676 ], [ 139.44375, 35.408333333333346 ], [ 139.4375, 35.408333333333346 ], [ 139.4375, 35.404166666666676 ] ] ] } },
{ "type": "Feature", "properties": { "mesh_code": "533903854", "centroid_lat": 35.40625, "centroid_lon": 139.446875, "city_area_fraction": 0.80494237870349494, "centroid_within_city": true, "population": 488, "elderly_population": 74.0, "reported_elderly_population": 74.0, "elderly_ratio": 0.15163934426229508, "HTKSYORI": "0", "HTKSAKI": null, "GASSAN": null, "disclosure_status": "unaffected", "suppression_flag": false, "aggregation_target_flag": false, "aggregation_flag": false, "primary_eligible_disclosure": true, "nearest_station_name": "長後", "nearest_station_distance_m": 1803.8919654593183, "nearest_bus_stop_name": "大持", "nearest_bus_stop_distance_m": 101.31907896928792, "nearest_public_transport_type": "bus_stop", "nearest_public_transport_name": "大持", "nearest_public_transport_distance_m": 101.31907896928792, "nearest_medical_name": "いすゞ自動車藤沢工場健康診断診療所", "nearest_medical_distance_m": 707.86648444575167, "nearest_hospital_name": "医療法人社団　健育会　湘南慶育病院", "nearest_medical_access_class": "likely_public", "nearest_hospital_distance_m": 2212.420788344753, "nearest_clinic_name": "いすゞ自動車藤沢工場健康診断診療所", "nearest_clinic_distance_m": 707.86648444575167, "elderly_population_percentile": "0.15019011406844107", "elderly_ratio_percentile": "0.03802281368821293", "transport_distance_percentile": "0.17490494296577946", "medical_distance_percentile": "0.9201520912547528", "exploratory_score_a": "0.0262689933351646", "exploratory_score_b": "0.13819774754586592", "exploratory_score_c": "0.02417146915250887", "rank_a_unfiltered": "238", "rank_b_unfiltered": "160", "rank_c_unfiltered": "194", "pareto_frontier": "False", "eligibility_population_threshold": true, "eligibility_elderly_threshold": true, "primary_eligible": true, "rank": 194 }, "geometry": { "type": "Polygon", "coordinates": [ [ [ 139.44375, 35.404166666666676 ], [ 139.45, 35.404166666666676 ], [ 139.45, 35.408333333333346 ], [ 139.44375, 35.408333333333346 ], [ 139.44375, 35.404166666666676 ] ] ] } },
{ "type": "Feature", "properties": { "mesh_code": "533903861", "centroid_lat": 35.402083333333337, "centroid_lon": 139.453125, "city_area_fraction": 1.0, "centroid_within_city": true, "population": 222, "elderly_population": 40.0, "reported_elderly_population": 40.0, "elderly_ratio": 0.18018018018018017, "HTKSYORI": "0", "HTKSAKI": null, "GASSAN": null, "disclosure_status": "unaffected", "suppression_flag": false, "aggregation_target_flag": false, "aggregation_flag": false, "primary_eligible_disclosure": true, "nearest_station_name": "湘南台", "nearest_station_distance_m": 1347.1821304078182, "nearest_bus_stop_name": "下土棚", "nearest_bus_stop_distance_m": 600.22692174858412, "nearest_public_transport_type": "bus_stop", "nearest_public_transport_name": "下土棚", "nearest_public_transport_distance_m": 600.22692174858412, "nearest_medical_name": "いすゞ自動車藤沢工場健康診断診療所", "nearest_medical_distance_m": 365.28245144828247, "nearest_hospital_name": "湘南第一病院", "nearest_medical_access_class": "likely_public", "nearest_hospital_distance_m": 1622.4404172535985, "nearest_clinic_name": "いすゞ自動車藤沢工場健康診断診療所", "nearest_clinic_distance_m": 365.28245144828247, "elderly_population_percentile": "0.07034220532319392", "elderly_ratio_percentile": "0.12167300380228137", "transport_distance_percentile": "0.9695817490494296", "medical_distance_percentile": "0.5817490494296578", "exploratory_score_a": "0.06820251846925646", "exploratory_score_b": "0.040921511081553875", "exploratory_score_c": "0.03967675028819862", "rank_a_unfiltered": "201", "rank_b_unfiltered": "224", "rank_c_unfiltered": "167", "pareto_frontier": "False", "eligibility_population_threshold": true, "eligibility_elderly_threshold": true, "primary_eligible": true, "rank": 167 }, "geometry": { "type": "Polygon", "coordinates": [ [ [ 139.45, 35.4 ], [ 139.45625, 35.4 ], [ 139.45625, 35.404166666666676 ], [ 139.45, 35.404166666666676 ], [ 139.45, 35.4 ] ] ] } },
{ "type": "Feature", "properties": { "mesh_code": "533903862", "centroid_lat": 35.402083333333337, "centroid_lon": 139.459375, "city_area_fraction": 1.0, "centroid_within_city": true, "population": 1358, "elderly_population": 385.0, "reported_elderly_population": 385.0, "elderly_ratio": 0.28350515463917525, "HTKSYORI": "0", "HTKSAKI": null, "GASSAN": null, "disclosure_status": "unaffected", "suppression_flag": false, "aggregation_target_flag": false, "aggregation_flag": false, "primary_eligible_disclosure": true, "nearest_station_name": "湘南台", "nearest_station_distance_m": 890.72536019343113, "nearest_bus_stop_name": "とどろき公園", "nearest_bus_stop_distance_m": 237.72866105794694, "nearest_public_transport_type": "bus_stop", "nearest_public_transport_name": "とどろき公園", "nearest_public_transport_distance_m": 237.72866105794694, "nearest_medical_name": "いわもと内科", "nearest_medical_distance_m": 541.29155011396767, "nearest_hospital_name": "湘南第一病院", "nearest_medical_access_class": "likely_public", "nearest_hospital_distance_m": 1154.1208184731415, "nearest_clinic_name": "いわもと内科", "nearest_clinic_distance_m": 541.29155011396767, "elderly_population_percentile": "0.5095057034220533", "elderly_ratio_percentile": "0.6692015209125475", "transport_distance_percentile": "0.6273764258555133", "medical_distance_percentile": "0.8060836501901141", "exploratory_score_a": "0.319651867165927", "exploratory_score_b": "0.4107042172071304", "exploratory_score_c": "0.2576661438751959", "rank_a_unfiltered": "74", "rank_b_unfiltered": "31", "rank_c_unfiltered": "27", "pareto_frontier": "False", "eligibility_population_threshold": true, "eligibility_elderly_threshold": true, "primary_eligible": true, "rank": 27 }, "geometry": { "type": "Polygon", "coordinates": [ [ [ 139.45625, 35.4 ], [ 139.4625, 35.4 ], [ 139.4625, 35.404166666666676 ], [ 139.45625, 35.404166666666676 ], [ 139.45625, 35.4 ] ] ] } },
{ "type": "Feature", "properties": { "mesh_code": "533903863", "centroid_lat": 35.40625, "centroid_lon": 139.453125, "city_area_fraction": 1.0, "centroid_within_city": true, "population": 342, "elderly_population": 91.0, "reported_elderly_population": 91.0, "elderly_ratio": 0.26608187134502925, "HTKSYORI": "0", "HTKSAKI": null, "GASSAN": null, "disclosure_status": "unaffected", "suppression_flag": false, "aggregation_target_flag": false, "aggregation_flag": false, "primary_eligible_disclosure": true, "nearest_station_name": "長後", "nearest_station_distance_m": 1293.4381479259855, "nearest_bus_stop_name": "下土棚", "nearest_bus_stop_distance_m": 202.84049769628845, "nearest_public_transport_type": "bus_stop", "nearest_public_transport_name": "下土棚", "nearest_public_transport_distance_m": 202.84049769628845, "nearest_medical_name": "いすゞ自動車藤沢工場健康診断診療所", "nearest_medical_distance_m": 727.02251967626671, "nearest_hospital_name": "湘南第一病院", "nearest_medical_access_class": "likely_public", "nearest_hospital_distance_m": 1885.7454810509023, "nearest_clinic_name": "いすゞ自動車藤沢工場健康診断診療所", "nearest_clinic_distance_m": 727.02251967626671, "elderly_population_percentile": "0.18631178707224336", "elderly_ratio_percentile": "0.5817490494296578", "transport_distance_percentile": "0.5437262357414449", "medical_distance_percentile": "0.9277566539923955", "exploratory_score_a": "0.10130260665905247", "exploratory_score_b": "0.17285200017348815", "exploratory_score_c": "0.09398416739471029", "rank_a_unfiltered": "176", "rank_b_unfiltered": "134", "rank_c_unfiltered": "108", "pareto_frontier": "False", "eligibility_population_threshold": true, "eligibility_elderly_threshold": true, "primary_eligible": true, "rank": 108 }, "geometry": { "type": "Polygon", "coordinates": [ [ [ 139.45, 35.404166666666676 ], [ 139.45625, 35.404166666666676 ], [ 139.45625, 35.408333333333346 ], [ 139.45, 35.408333333333346 ], [ 139.45, 35.404166666666676 ] ] ] } },
{ "type": "Feature", "properties": { "mesh_code": "533903864", "centroid_lat": 35.40625, "centroid_lon": 139.459375, "city_area_fraction": 1.0000000000000002, "centroid_within_city": true, "population": 1609, "elderly_population": 304.0, "reported_elderly_population": 304.0, "elderly_ratio": 0.1889372280919826, "HTKSYORI": "0", "HTKSAKI": null, "GASSAN": null, "disclosure_status": "unaffected", "suppression_flag": false, "aggregation_target_flag": false, "aggregation_flag": false, "primary_eligible_disclosure": true, "nearest_station_name": "長後", "nearest_station_distance_m": 858.12928895276548, "nearest_bus_stop_name": "渋谷ノ里", "nearest_bus_stop_distance_m": 192.8705157858054, "nearest_public_transport_type": "bus_stop", "nearest_public_transport_name": "渋谷ノ里", "nearest_public_transport_distance_m": 192.8705157858054, "nearest_medical_name": "赤川内科医院", "nearest_medical_distance_m": 579.80911515749358, "nearest_hospital_name": "湘南第一病院", "nearest_medical_access_class": "likely_public", "nearest_hospital_distance_m": 1501.9269108049846, "nearest_clinic_name": "赤川内科医院", "nearest_clinic_distance_m": 579.80911515749358, "elderly_population_percentile": "0.42585551330798477", "elderly_ratio_percentile": "0.1482889733840304", "transport_distance_percentile": "0.5019011406844106", "medical_distance_percentile": "0.8212927756653993", "exploratory_score_a": "0.21373736789602277", "exploratory_score_b": "0.3497520565571282", "exploratory_score_c": "0.17554095614274115", "rank_a_unfiltered": "112", "rank_b_unfiltered": "52", "rank_c_unfiltered": "57", "pareto_frontier": "False", "eligibility_population_threshold": true, "eligibility_elderly_threshold": true, "primary_eligible": true, "rank": 57 }, "geometry": { "type": "Polygon", "coordinates": [ [ [ 139.45625, 35.404166666666676 ], [ 139.4625, 35.404166666666676 ], [ 139.4625, 35.408333333333346 ], [ 139.45625, 35.408333333333346 ], [ 139.45625, 35.404166666666676 ] ] ] } },
{ "type": "Feature", "properties": { "mesh_code": "533903871", "centroid_lat": 35.402083333333337, "centroid_lon": 139.465625, "city_area_fraction": 0.99999999999999978, "centroid_within_city": true, "population": 3313, "elderly_population": 642.0, "reported_elderly_population": 642.0, "elderly_ratio": 0.19378207063084818, "HTKSYORI": "0", "HTKSAKI": null, "GASSAN": null, "disclosure_status": "unaffected", "suppression_flag": false, "aggregation_target_flag": false, "aggregation_flag": false, "primary_eligible_disclosure": true, "nearest_station_name": "湘南台", "nearest_station_distance_m": 618.93371197910494, "nearest_bus_stop_name": "渋谷ヶ原", "nearest_bus_stop_distance_m": 380.32711070102982, "nearest_public_transport_type": "bus_stop", "nearest_public_transport_name": "渋谷ヶ原", "nearest_public_transport_distance_m": 380.32711070102982, "nearest_medical_name": "石原医院", "nearest_medical_distance_m": 234.29048089197454, "nearest_hospital_name": "湘南第一病院", "nearest_medical_access_class": "likely_public", "nearest_hospital_distance_m": 822.37030236323221, "nearest_clinic_name": "石原医院", "nearest_clinic_distance_m": 234.29048089197454, "elderly_population_percentile": "0.7889733840304183", "elderly_ratio_percentile": "0.17110266159695817", "transport_distance_percentile": "0.870722433460076", "medical_distance_percentile": "0.34220532319391633", "exploratory_score_a": "0.6869768248781969", "exploratory_score_b": "0.26999089187352715", "exploratory_score_c": "0.23508712638417384", "rank_a_unfiltered": "11", "rank_b_unfiltered": "86", "rank_c_unfiltered": "33", "pareto_frontier": "False", "eligibility_population_threshold": true, "eligibility_elderly_threshold": true, "primary_eligible": true, "rank": 33 }, "geometry": { "type": "Polygon", "coordinates": [ [ [ 139.4625, 35.4 ], [ 139.46875, 35.4 ], [ 139.46875, 35.404166666666676 ], [ 139.4625, 35.404166666666676 ], [ 139.4625, 35.4 ] ] ] } },
{ "type": "Feature", "properties": { "mesh_code": "533903872", "centroid_lat": 35.402083333333337, "centroid_lon": 139.471875, "city_area_fraction": 0.99576356751576456, "centroid_within_city": true, "population": 2242, "elderly_population": 436.0, "reported_elderly_population": 436.0, "elderly_ratio": 0.19446922390722568, "HTKSYORI": "0", "HTKSAKI": null, "GASSAN": null, "disclosure_status": "unaffected", "suppression_flag": false, "aggregation_target_flag": false, "aggregation_flag": false, "primary_eligible_disclosure": true, "nearest_station_name": "湘南台", "nearest_station_distance_m": 785.7291019221899, "nearest_bus_stop_name": "下高倉", "nearest_bus_stop_distance_m": 387.90622642499778, "nearest_public_transport_type": "bus_stop", "nearest_public_transport_name": "下高倉", "nearest_public_transport_distance_m": 387.90622642499778, "nearest_medical_name": "牧小児科医院", "nearest_medical_distance_m": 333.62835368442865, "nearest_hospital_name": "湘南第一病院", "nearest_medical_access_class": "likely_public", "nearest_hospital_distance_m": 815.60170762097698, "nearest_clinic_name": "牧小児科医院", "nearest_clinic_distance_m": 333.62835368442865, "elderly_population_percentile": "0.5551330798479087", "elderly_ratio_percentile": "0.17490494296577946", "transport_distance_percentile": "0.8821292775665399", "medical_distance_percentile": "0.5285171102661597", "exploratory_score_a": "0.489699142679524", "exploratory_score_b": "0.29339733117437", "exploratory_score_c": "0.25881437578879785", "rank_a_unfiltered": "32", "rank_b_unfiltered": "77", "rank_c_unfiltered": "26", "pareto_frontier": "False", "eligibility_population_threshold": true, "eligibility_elderly_threshold": true, "primary_eligible": true, "rank": 26 }, "geometry": { "type": "Polygon", "coordinates": [ [ [ 139.46875, 35.4 ], [ 139.475, 35.4 ], [ 139.475, 35.404166666666676 ], [ 139.46875, 35.404166666666676 ], [ 139.46875, 35.4 ] ] ] } },
{ "type": "Feature", "properties": { "mesh_code": "533903873", "centroid_lat": 35.40625, "centroid_lon": 139.465625, "city_area_fraction": 1.0, "centroid_within_city": true, "population": 3131, "elderly_population": 852.0, "reported_elderly_population": 852.0, "elderly_ratio": 0.27211753433407859, "HTKSYORI": "0", "HTKSAKI": null, "GASSAN": null, "disclosure_status": "unaffected", "suppression_flag": false, "aggregation_target_flag": false, "aggregation_flag": false, "primary_eligible_disclosure": true, "nearest_station_name": "長後", "nearest_station_distance_m": 666.51046151720823, "nearest_bus_stop_name": "渋谷ノ里", "nearest_bus_stop_distance_m": 380.21824926707029, "nearest_public_transport_type": "bus_stop", "nearest_public_transport_name": "渋谷ノ里", "nearest_public_transport_distance_m": 380.21824926707029, "nearest_medical_name": "石原医院", "nearest_medical_distance_m": 326.47468623161564, "nearest_hospital_name": "一般財団法人同友会　藤沢湘南台病院", "nearest_medical_access_class": "likely_public", "nearest_hospital_distance_m": 1241.2897305069284, "nearest_clinic_name": "石原医院", "nearest_clinic_distance_m": 326.47468623161564, "elderly_population_percentile": "0.935361216730038", "elderly_ratio_percentile": "0.6007604562737643", "transport_distance_percentile": "0.8669201520912547", "medical_distance_percentile": "0.5171102661596958", "exploratory_score_a": "0.8108834882678656", "exploratory_score_b": "0.48368488773872687", "exploratory_score_c": "0.41931617644269853", "rank_a_unfiltered": "3", "rank_b_unfiltered": "16", "rank_c_unfiltered": "7", "pareto_frontier": "False", "eligibility_population_threshold": true, "eligibility_elderly_threshold": true, "primary_eligible": true, "rank": 7 }, "geometry": { "type": "Polygon", "coordinates": [ [ [ 139.4625, 35.404166666666676 ], [ 139.46875, 35.404166666666676 ], [ 139.46875, 35.408333333333346 ], [ 139.4625, 35.408333333333346 ], [ 139.4625, 35.404166666666676 ] ] ] } },
{ "type": "Feature", "properties": { "mesh_code": "533903874", "centroid_lat": 35.40625, "centroid_lon": 139.471875, "city_area_fraction": 1.0, "centroid_within_city": true, "population": 827, "elderly_population": 206.0, "reported_elderly_population": 206.0, "elderly_ratio": 0.24909310761789602, "HTKSYORI": "0", "HTKSAKI": null, "GASSAN": null, "disclosure_status": "unaffected", "suppression_flag": false, "aggregation_target_flag": false, "aggregation_flag": false, "primary_eligible_disclosure": true, "nearest_station_name": "長後", "nearest_station_distance_m": 892.48657514045601, "nearest_bus_stop_name": "下高倉", "nearest_bus_stop_distance_m": 846.02401985035829, "nearest_public_transport_type": "bus_stop", "nearest_public_transport_name": "下高倉", "nearest_public_transport_distance_m": 846.02401985035829, "nearest_medical_name": "石原医院", "nearest_medical_distance_m": 502.23901730251168, "nearest_hospital_name": "一般財団法人同友会　藤沢湘南台病院", "nearest_medical_access_class": "likely_public", "nearest_hospital_distance_m": 1171.3526155543625, "nearest_clinic_name": "石原医院", "nearest_clinic_distance_m": 502.23901730251168, "elderly_population_percentile": "0.3574144486692015", "elderly_ratio_percentile": "0.4752851711026616", "transport_distance_percentile": "0.9961977186311787", "medical_distance_percentile": "0.7642585551330798", "exploratory_score_a": "0.35605545837007907", "exploratory_score_b": "0.2731570501236103", "exploratory_score_c": "0.2721184301611631", "rank_a_unfiltered": "60", "rank_b_unfiltered": "83", "rank_c_unfiltered": "21", "pareto_frontier": "True", "eligibility_population_threshold": true, "eligibility_elderly_threshold": true, "primary_eligible": true, "rank": 21 }, "geometry": { "type": "Polygon", "coordinates": [ [ [ 139.46875, 35.404166666666676 ], [ 139.475, 35.404166666666676 ], [ 139.475, 35.408333333333346 ], [ 139.46875, 35.408333333333346 ], [ 139.46875, 35.404166666666676 ] ] ] } },
{ "type": "Feature", "properties": { "mesh_code": "533903881", "centroid_lat": 35.402083333333337, "centroid_lon": 139.478125, "city_area_fraction": 0.11266632927213809, "centroid_within_city": false, "population": 657, "elderly_population": 156.0, "reported_elderly_population": 156.0, "elderly_ratio": 0.23744292237442921, "HTKSYORI": "0", "HTKSAKI": null, "GASSAN": null, "disclosure_status": "unaffected", "suppression_flag": false, "aggregation_target_flag": false, "aggregation_flag": false, "primary_eligible_disclosure": true, "nearest_station_name": "湘南台", "nearest_station_distance_m": 1223.2189573969733, "nearest_bus_stop_name": "今田上原", "nearest_bus_stop_distance_m": 631.74659822851709, "nearest_public_transport_type": "bus_stop", "nearest_public_transport_name": "今田上原", "nearest_public_transport_distance_m": 631.74659822851709, "nearest_medical_name": "牧小児科医院", "nearest_medical_distance_m": 594.26648988936779, "nearest_hospital_name": "湘南第一病院", "nearest_medical_access_class": "likely_public", "nearest_hospital_distance_m": 1139.6199636447441, "nearest_clinic_name": "牧小児科医院", "nearest_clinic_distance_m": 594.26648988936779, "elderly_population_percentile": "<NA>", "elderly_ratio_percentile": "<NA>", "transport_distance_percentile": "<NA>", "medical_distance_percentile": "<NA>", "exploratory_score_a": "<NA>", "exploratory_score_b": "<NA>", "exploratory_score_c": "<NA>", "rank_a_unfiltered": "<NA>", "rank_b_unfiltered": "<NA>", "rank_c_unfiltered": "<NA>", "pareto_frontier": "<NA>", "eligibility_population_threshold": true, "eligibility_elderly_threshold": true, "primary_eligible": false, "rank": null }, "geometry": { "type": "Polygon", "coordinates": [ [ [ 139.475, 35.4 ], [ 139.48125, 35.4 ], [ 139.48125, 35.404166666666676 ], [ 139.475, 35.404166666666676 ], [ 139.475, 35.4 ] ] ] } },
{ "type": "Feature", "properties": { "mesh_code": "533903883", "centroid_lat": 35.40625, "centroid_lon": 139.478125, "city_area_fraction": 0.17267325685011858, "centroid_within_city": false, "population": 180, "elderly_population": 17.0, "reported_elderly_population": 17.0, "elderly_ratio": 0.094444444444444442, "HTKSYORI": "0", "HTKSAKI": null, "GASSAN": null, "disclosure_status": "unaffected", "suppression_flag": false, "aggregation_target_flag": false, "aggregation_flag": false, "primary_eligible_disclosure": true, "nearest_station_name": "長後", "nearest_station_distance_m": 1339.1315308601665, "nearest_bus_stop_name": "今田上原", "nearest_bus_stop_distance_m": 997.58135809153134, "nearest_public_transport_type": "bus_stop", "nearest_public_transport_name": "今田上原", "nearest_public_transport_distance_m": 997.58135809153134, "nearest_medical_name": "牧小児科医院", "nearest_medical_distance_m": 931.77674676085178, "nearest_hospital_name": "一般財団法人同友会　藤沢湘南台病院", "nearest_medical_access_class": "likely_public", "nearest_hospital_distance_m": 1359.3171533048569, "nearest_clinic_name": "牧小児科医院", "nearest_clinic_distance_m": 931.77674676085178, "elderly_population_percentile": "<NA>", "elderly_ratio_percentile": "<NA>", "transport_distance_percentile": "<NA>", "medical_distance_percentile": "<NA>", "exploratory_score_a": "<NA>", "exploratory_score_b": "<NA>", "exploratory_score_c": "<NA>", "rank_a_unfiltered": "<NA>", "rank_b_unfiltered": "<NA>", "rank_c_unfiltered": "<NA>", "pareto_frontier": "<NA>", "eligibility_population_threshold": true, "eligibility_elderly_threshold": true, "primary_eligible": false, "rank": null }, "geometry": { "type": "Polygon", "coordinates": [ [ [ 139.475, 35.404166666666676 ], [ 139.48125, 35.404166666666676 ], [ 139.48125, 35.408333333333346 ], [ 139.475, 35.408333333333346 ], [ 139.475, 35.404166666666676 ] ] ] } },
{ "type": "Feature", "properties": { "mesh_code": "533903922", "centroid_lat": 35.410416666666677, "centroid_lon": 139.409375, "city_area_fraction": 0.49953615678598179, "centroid_within_city": true, "population": 208, "elderly_population": 75.0, "reported_elderly_population": 75.0, "elderly_ratio": 0.36057692307692307, "HTKSYORI": "0", "HTKSAKI": null, "GASSAN": null, "disclosure_status": "unaffected", "suppression_flag": false, "aggregation_target_flag": false, "aggregation_flag": false, "primary_eligible_disclosure": true, "nearest_station_name": "長後", "nearest_station_distance_m": 5086.2941966279996, "nearest_bus_stop_name": "用田神社入口", "nearest_bus_stop_distance_m": 508.63849814854115, "nearest_public_transport_type": "bus_stop", "nearest_public_transport_name": "用田神社入口", "nearest_public_transport_distance_m": 508.63849814854115, "nearest_medical_name": "特別養護老人ホーム白鷺苑医務室", "nearest_medical_distance_m": 730.96628928615416, "nearest_hospital_name": "藤沢御所見病院", "nearest_medical_access_class": "uncertain_access", "nearest_hospital_distance_m": 1803.4863895264343, "nearest_clinic_name": "特別養護老人ホーム白鷺苑医務室", "nearest_clinic_distance_m": 730.96628928615416, "elderly_population_percentile": "0.155893536121673", "elderly_ratio_percentile": "0.8631178707224335", "transport_distance_percentile": "0.9429657794676806", "medical_distance_percentile": "0.9315589353612167", "exploratory_score_a": "0.1470022698029464", "exploratory_score_b": "0.14522401653920108", "exploratory_score_c": "0.13694127795331507", "rank_a_unfiltered": "150", "rank_b_unfiltered": "154", "rank_c_unfiltered": "82", "pareto_frontier": "False", "eligibility_population_threshold": true, "eligibility_elderly_threshold": true, "primary_eligible": true, "rank": 82 }, "geometry": { "type": "Polygon", "coordinates": [ [ [ 139.40625, 35.408333333333339 ], [ 139.4125, 35.408333333333339 ], [ 139.4125, 35.4125 ], [ 139.40625, 35.4125 ], [ 139.40625, 35.408333333333339 ] ] ] } },
{ "type": "Feature", "properties": { "mesh_code": "533903924", "centroid_lat": 35.41458333333334, "centroid_lon": 139.409375, "city_area_fraction": 0.08349093181272256, "centroid_within_city": false, "population": 142, "elderly_population": 49.0, "reported_elderly_population": 49.0, "elderly_ratio": 0.34507042253521125, "HTKSYORI": "0", "HTKSAKI": null, "GASSAN": null, "disclosure_status": "unaffected", "suppression_flag": false, "aggregation_target_flag": false, "aggregation_flag": false, "primary_eligible_disclosure": true, "nearest_station_name": "長後", "nearest_station_distance_m": 5088.6514436414718, "nearest_bus_stop_name": "松葉", "nearest_bus_stop_distance_m": 756.73659208080949, "nearest_public_transport_type": "bus_stop", "nearest_public_transport_name": "松葉", "nearest_public_transport_distance_m": 756.73659208080949, "nearest_medical_name": "ココロまち診療所", "nearest_medical_distance_m": 566.92111641702729, "nearest_hospital_name": "藤沢御所見病院", "nearest_medical_access_class": "likely_public", "nearest_hospital_distance_m": 2265.5316195150294, "nearest_clinic_name": "ココロまち診療所", "nearest_clinic_distance_m": 566.92111641702729, "elderly_population_percentile": "<NA>", "elderly_ratio_percentile": "<NA>", "transport_distance_percentile": "<NA>", "medical_distance_percentile": "<NA>", "exploratory_score_a": "<NA>", "exploratory_score_b": "<NA>", "exploratory_score_c": "<NA>", "rank_a_unfiltered": "<NA>", "rank_b_unfiltered": "<NA>", "rank_c_unfiltered": "<NA>", "pareto_frontier": "<NA>", "eligibility_population_threshold": true, "eligibility_elderly_threshold": true, "primary_eligible": false, "rank": null }, "geometry": { "type": "Polygon", "coordinates": [ [ [ 139.40625, 35.4125 ], [ 139.4125, 35.4125 ], [ 139.4125, 35.416666666666679 ], [ 139.40625, 35.416666666666679 ], [ 139.40625, 35.4125 ] ] ] } },
{ "type": "Feature", "properties": { "mesh_code": "533903931", "centroid_lat": 35.410416666666677, "centroid_lon": 139.415625, "city_area_fraction": 1.0, "centroid_within_city": true, "population": 478, "elderly_population": 187.0, "reported_elderly_population": 187.0, "elderly_ratio": 0.39121338912133891, "HTKSYORI": "0", "HTKSAKI": null, "GASSAN": null, "disclosure_status": "unaffected", "suppression_flag": false, "aggregation_target_flag": false, "aggregation_flag": false, "primary_eligible_disclosure": true, "nearest_station_name": "長後", "nearest_station_distance_m": 4519.1723857036422, "nearest_bus_stop_name": "用田神社入口", "nearest_bus_stop_distance_m": 187.96591095131546, "nearest_public_transport_type": "bus_stop", "nearest_public_transport_name": "用田神社入口", "nearest_public_transport_distance_m": 187.96591095131546, "nearest_medical_name": "特別養護老人ホーム白鷺苑医務室", "nearest_medical_distance_m": 187.41148527122422, "nearest_hospital_name": "藤沢御所見病院", "nearest_medical_access_class": "uncertain_access", "nearest_hospital_distance_m": 1908.5333898550825, "nearest_clinic_name": "特別養護老人ホーム白鷺苑医務室", "nearest_clinic_distance_m": 187.41148527122422, "elderly_population_percentile": "0.3231939163498099", "elderly_ratio_percentile": "0.9125475285171103", "transport_distance_percentile": "0.49809885931558934", "medical_distance_percentile": "0.25475285171102663", "exploratory_score_a": "0.1609825210715783", "exploratory_score_b": "0.08233457184576906", "exploratory_score_c": "0.041010756318615005", "rank_a_unfiltered": "138", "rank_b_unfiltered": "200", "rank_c_unfiltered": "165", "pareto_frontier": "False", "eligibility_population_threshold": true, "eligibility_elderly_threshold": true, "primary_eligible": true, "rank": 165 }, "geometry": { "type": "Polygon", "coordinates": [ [ [ 139.4125, 35.408333333333339 ], [ 139.41875, 35.408333333333339 ], [ 139.41875, 35.4125 ], [ 139.4125, 35.4125 ], [ 139.4125, 35.408333333333339 ] ] ] } },
{ "type": "Feature", "properties": { "mesh_code": "533903932", "centroid_lat": 35.410416666666677, "centroid_lon": 139.421875, "city_area_fraction": 1.0, "centroid_within_city": true, "population": 293, "elderly_population": 131.0, "reported_elderly_population": 131.0, "elderly_ratio": 0.44709897610921501, "HTKSYORI": "0", "HTKSAKI": null, "GASSAN": null, "disclosure_status": "unaffected", "suppression_flag": false, "aggregation_target_flag": false, "aggregation_flag": false, "primary_eligible_disclosure": true, "nearest_station_name": "長後", "nearest_station_distance_m": 3952.1981031677788, "nearest_bus_stop_name": "松葉", "nearest_bus_stop_distance_m": 560.34006507124366, "nearest_public_transport_type": "bus_stop", "nearest_public_transport_name": "松葉", "nearest_public_transport_distance_m": 560.34006507124366, "nearest_medical_name": "特別養護老人ホームかつらはら医務室", "nearest_medical_distance_m": 239.0031326249331, "nearest_hospital_name": "藤沢御所見病院", "nearest_medical_access_class": "uncertain_access", "nearest_hospital_distance_m": 2162.6367216072904, "nearest_clinic_name": "特別養護老人ホームかつらはら医務室", "nearest_clinic_distance_m": 239.0031326249331, "elderly_population_percentile": "0.26425855513307983", "elderly_ratio_percentile": "0.9695817490494296", "transport_distance_percentile": "0.9505703422053232", "medical_distance_percentile": "0.3574144486692015", "exploratory_score_a": "0.25119634518353595", "exploratory_score_b": "0.09444982578900953", "exploratory_score_c": "0.08978120322149194", "rank_a_unfiltered": "95", "rank_b_unfiltered": "191", "rank_c_unfiltered": "115", "pareto_frontier": "False", "eligibility_population_threshold": true, "eligibility_elderly_threshold": true, "primary_eligible": true, "rank": 115 }, "geometry": { "type": "Polygon", "coordinates": [ [ [ 139.41875, 35.408333333333339 ], [ 139.425, 35.408333333333339 ], [ 139.425, 35.4125 ], [ 139.41875, 35.4125 ], [ 139.41875, 35.408333333333339 ] ] ] } },
{ "type": "Feature", "properties": { "mesh_code": "533903933", "centroid_lat": 35.41458333333334, "centroid_lon": 139.415625, "city_area_fraction": 0.949597067844269, "centroid_within_city": true, "population": 135, "elderly_population": 40.0, "reported_elderly_population": 40.0, "elderly_ratio": 0.29629629629629628, "HTKSYORI": "0", "HTKSAKI": null, "GASSAN": null, "disclosure_status": "unaffected", "suppression_flag": false, "aggregation_target_flag": false, "aggregation_flag": false, "primary_eligible_disclosure": true, "nearest_station_name": "長後", "nearest_station_distance_m": 4521.8562899357203, "nearest_bus_stop_name": "松葉", "nearest_bus_stop_distance_m": 194.14426375300209, "nearest_public_transport_type": "bus_stop", "nearest_public_transport_name": "松葉", "nearest_public_transport_distance_m": 194.14426375300209, "nearest_medical_name": "ココロまち診療所", "nearest_medical_distance_m": 172.49064810280512, "nearest_hospital_name": "藤沢御所見病院", "nearest_medical_access_class": "likely_public", "nearest_hospital_distance_m": 2350.0104223352591, "nearest_clinic_name": "ココロまち診療所", "nearest_clinic_distance_m": 172.49064810280512, "elderly_population_percentile": "0.07034220532319392", "elderly_ratio_percentile": "0.7262357414448669", "transport_distance_percentile": "0.5057034220532319", "medical_distance_percentile": "0.22433460076045628", "exploratory_score_a": "0.035572293946710236", "exploratory_score_b": "0.01578019054778875", "exploratory_score_c": "0.007980096360668836", "rank_a_unfiltered": "230", "rank_b_unfiltered": "249", "rank_c_unfiltered": "230", "pareto_frontier": "False", "eligibility_population_threshold": true, "eligibility_elderly_threshold": true, "primary_eligible": true, "rank": 230 }, "geometry": { "type": "Polygon", "coordinates": [ [ [ 139.4125, 35.4125 ], [ 139.41875, 35.4125 ], [ 139.41875, 35.416666666666679 ], [ 139.4125, 35.416666666666679 ], [ 139.4125, 35.4125 ] ] ] } },
{ "type": "Feature", "properties": { "mesh_code": "533903934", "centroid_lat": 35.41458333333334, "centroid_lon": 139.421875, "city_area_fraction": 0.97551676127107079, "centroid_within_city": true, "population": 84, "elderly_population": 26.0, "reported_elderly_population": 26.0, "elderly_ratio": 0.30952380952380953, "HTKSYORI": "0", "HTKSAKI": null, "GASSAN": null, "disclosure_status": "unaffected", "suppression_flag": false, "aggregation_target_flag": false, "aggregation_flag": false, "primary_eligible_disclosure": true, "nearest_station_name": "長後", "nearest_station_distance_m": 3955.2980071091361, "nearest_bus_stop_name": "松葉", "nearest_bus_stop_distance_m": 383.54074588608864, "nearest_public_transport_type": "bus_stop", "nearest_public_transport_name": "松葉", "nearest_public_transport_distance_m": 383.54074588608864, "nearest_medical_name": "ココロまち診療所", "nearest_medical_distance_m": 618.43373898665743, "nearest_hospital_name": "藤沢御所見病院", "nearest_medical_access_class": "likely_public", "nearest_hospital_distance_m": 2560.6625380764081, "nearest_clinic_name": "ココロまち診療所", "nearest_clinic_distance_m": 618.43373898665743, "elderly_population_percentile": "0.03802281368821293", "elderly_ratio_percentile": "0.779467680608365", "transport_distance_percentile": "0.8783269961977186", "medical_distance_percentile": "0.8593155893536122", "exploratory_score_a": "0.03339646373375356", "exploratory_score_b": "0.03267359655336929", "exploratory_score_c": "0.028698101915696977", "rank_a_unfiltered": "234", "rank_b_unfiltered": "231", "rank_c_unfiltered": "185", "pareto_frontier": "False", "eligibility_population_threshold": true, "eligibility_elderly_threshold": true, "primary_eligible": true, "rank": 185 }, "geometry": { "type": "Polygon", "coordinates": [ [ [ 139.41875, 35.4125 ], [ 139.425, 35.4125 ], [ 139.425, 35.416666666666679 ], [ 139.41875, 35.416666666666679 ], [ 139.41875, 35.4125 ] ] ] } },
{ "type": "Feature", "properties": { "mesh_code": "533903941", "centroid_lat": 35.410416666666677, "centroid_lon": 139.428125, "city_area_fraction": 1.0, "centroid_within_city": true, "population": 241, "elderly_population": 88.0, "reported_elderly_population": 88.0, "elderly_ratio": 0.36514522821576761, "HTKSYORI": "0", "HTKSAKI": null, "GASSAN": null, "disclosure_status": "unaffected", "suppression_flag": false, "aggregation_target_flag": false, "aggregation_flag": false, "primary_eligible_disclosure": true, "nearest_station_name": "長後", "nearest_station_distance_m": 3385.4453182042585, "nearest_bus_stop_name": "上宮下", "nearest_bus_stop_distance_m": 124.98259443241147, "nearest_public_transport_type": "bus_stop", "nearest_public_transport_name": "上宮下", "nearest_public_transport_distance_m": 124.98259443241147, "nearest_medical_name": "特別養護老人ホームかつらはら医務室", "nearest_medical_distance_m": 399.0254451962042, "nearest_hospital_name": "医療法人社団　健育会　湘南慶育病院", "nearest_medical_access_class": "uncertain_access", "nearest_hospital_distance_m": 2176.9609461018867, "nearest_clinic_name": "特別養護老人ホームかつらはら医務室", "nearest_clinic_distance_m": 399.0254451962042, "elderly_population_percentile": "0.17870722433460076", "elderly_ratio_percentile": "0.870722433460076", "transport_distance_percentile": "0.2509505703422053", "medical_distance_percentile": "0.6387832699619772", "exploratory_score_a": "0.04484667987104049", "exploratory_score_b": "0.1141551851262849", "exploratory_score_c": "0.028647308814961227", "rank_a_unfiltered": "219", "rank_b_unfiltered": "173", "rank_c_unfiltered": "186", "pareto_frontier": "False", "eligibility_population_threshold": true, "eligibility_elderly_threshold": true, "primary_eligible": true, "rank": 186 }, "geometry": { "type": "Polygon", "coordinates": [ [ [ 139.425, 35.408333333333339 ], [ 139.43125, 35.408333333333339 ], [ 139.43125, 35.4125 ], [ 139.425, 35.4125 ], [ 139.425, 35.408333333333339 ] ] ] } },
{ "type": "Feature", "properties": { "mesh_code": "533903942", "centroid_lat": 35.410416666666677, "centroid_lon": 139.434375, "city_area_fraction": 1.0, "centroid_within_city": true, "population": 224, "elderly_population": 43.0, "reported_elderly_population": 43.0, "elderly_ratio": 0.19196428571428573, "HTKSYORI": "0", "HTKSAKI": null, "GASSAN": null, "disclosure_status": "unaffected", "suppression_flag": false, "aggregation_target_flag": false, "aggregation_flag": false, "primary_eligible_disclosure": true, "nearest_station_name": "長後", "nearest_station_distance_m": 2819.0474455216581, "nearest_bus_stop_name": "宮下", "nearest_bus_stop_distance_m": 322.88571203004608, "nearest_public_transport_type": "bus_stop", "nearest_public_transport_name": "宮下", "nearest_public_transport_distance_m": 322.88571203004608, "nearest_medical_name": "宮本内科消化器科クリニック", "nearest_medical_distance_m": 834.83975866418916, "nearest_hospital_name": "医療法人社団　健育会　湘南慶育病院", "nearest_medical_access_class": "likely_public", "nearest_hospital_distance_m": 2177.2397929738813, "nearest_clinic_name": "宮本内科消化器科クリニック", "nearest_clinic_distance_m": 834.83975866418916, "elderly_population_percentile": "0.08555133079847908", "elderly_ratio_percentile": "0.1596958174904943", "transport_distance_percentile": "0.7908745247148289", "medical_distance_percentile": "0.9695817490494296", "exploratory_score_a": "0.06766036808396825", "exploratory_score_b": "0.08294900894909568", "exploratory_score_c": "0.06560225802818213", "rank_a_unfiltered": "203", "rank_b_unfiltered": "199", "rank_c_unfiltered": "136", "pareto_frontier": "False", "eligibility_population_threshold": true, "eligibility_elderly_threshold": true, "primary_eligible": true, "rank": 136 }, "geometry": { "type": "Polygon", "coordinates": [ [ [ 139.43125, 35.408333333333339 ], [ 139.4375, 35.408333333333339 ], [ 139.4375, 35.4125 ], [ 139.43125, 35.4125 ], [ 139.43125, 35.408333333333339 ] ] ] } },
{ "type": "Feature", "properties": { "mesh_code": "533903943", "centroid_lat": 35.41458333333334, "centroid_lon": 139.428125, "city_area_fraction": 0.99999999999999978, "centroid_within_city": true, "population": 197, "elderly_population": 43.0, "reported_elderly_population": 43.0, "elderly_ratio": 0.21827411167512689, "HTKSYORI": "0", "HTKSAKI": null, "GASSAN": null, "disclosure_status": "unaffected", "suppression_flag": false, "aggregation_target_flag": false, "aggregation_flag": false, "primary_eligible_disclosure": true, "nearest_station_name": "長後", "nearest_station_distance_m": 3389.0952380574395, "nearest_bus_stop_name": "天沼", "nearest_bus_stop_distance_m": 120.62519282101407, "nearest_public_transport_type": "bus_stop", "nearest_public_transport_name": "天沼", "nearest_public_transport_distance_m": 120.62519282101407, "nearest_medical_name": "特別養護老人ホームかつらはら医務室", "nearest_medical_distance_m": 708.57534958898759, "nearest_hospital_name": "医療法人社団　健育会　湘南慶育病院", "nearest_medical_access_class": "uncertain_access", "nearest_hospital_distance_m": 2635.973072350554, "nearest_clinic_name": "特別養護老人ホームかつらはら医務室", "nearest_clinic_distance_m": 708.57534958898759, "elderly_population_percentile": "0.08555133079847908", "elderly_ratio_percentile": "0.2813688212927757", "transport_distance_percentile": "0.23193916349809887", "medical_distance_percentile": "0.9239543726235742", "exploratory_score_a": "0.01984270410154838", "exploratory_score_b": "0.0790455261750206", "exploratory_score_c": "0.018333753219301356", "rank_a_unfiltered": "246", "rank_b_unfiltered": "202", "rank_c_unfiltered": "213", "pareto_frontier": "False", "eligibility_population_threshold": true, "eligibility_elderly_threshold": true, "primary_eligible": true, "rank": 213 }, "geometry": { "type": "Polygon", "coordinates": [ [ [ 139.425, 35.4125 ], [ 139.43125, 35.4125 ], [ 139.43125, 35.416666666666679 ], [ 139.425, 35.416666666666679 ], [ 139.425, 35.4125 ] ] ] } },
{ "type": "Feature", "properties": { "mesh_code": "533903944", "centroid_lat": 35.41458333333334, "centroid_lon": 139.434375, "city_area_fraction": 0.97039779549482508, "centroid_within_city": true, "population": 165, "elderly_population": 65.0, "reported_elderly_population": 65.0, "elderly_ratio": 0.39393939393939392, "HTKSYORI": "0", "HTKSAKI": null, "GASSAN": null, "disclosure_status": "unaffected", "suppression_flag": false, "aggregation_target_flag": false, "aggregation_flag": false, "primary_eligible_disclosure": true, "nearest_station_name": "長後", "nearest_station_distance_m": 2823.4616892237359, "nearest_bus_stop_name": "長坂上", "nearest_bus_stop_distance_m": 285.13682520570541, "nearest_public_transport_type": "bus_stop", "nearest_public_transport_name": "長坂上", "nearest_public_transport_distance_m": 285.13682520570541, "nearest_medical_name": "特別養護老人ホームかつらはら医務室", "nearest_medical_distance_m": 1117.3987977768977, "nearest_hospital_name": "医療法人社団　健育会　湘南慶育病院", "nearest_medical_access_class": "uncertain_access", "nearest_hospital_distance_m": 2636.20314137683, "nearest_clinic_name": "特別養護老人ホームかつらはら医務室", "nearest_clinic_distance_m": 1117.3987977768977, "elderly_population_percentile": "0.12547528517110265", "elderly_ratio_percentile": "0.9315589353612167", "transport_distance_percentile": "0.7490494296577946", "medical_distance_percentile": "0.9885931558935361", "exploratory_score_a": "0.09398719079356357", "exploratory_score_b": "0.12404400815394179", "exploratory_score_c": "0.09291509356017692", "rank_a_unfiltered": "181", "rank_b_unfiltered": "165", "rank_c_unfiltered": "110", "pareto_frontier": "True", "eligibility_population_threshold": true, "eligibility_elderly_threshold": true, "primary_eligible": true, "rank": 110 }, "geometry": { "type": "Polygon", "coordinates": [ [ [ 139.43125, 35.4125 ], [ 139.4375, 35.4125 ], [ 139.4375, 35.416666666666679 ], [ 139.43125, 35.416666666666679 ], [ 139.43125, 35.4125 ] ] ] } },
{ "type": "Feature", "properties": { "mesh_code": "533903951", "centroid_lat": 35.410416666666677, "centroid_lon": 139.440625, "city_area_fraction": 0.65104021229527342, "centroid_within_city": true, "population": 200, "elderly_population": 72.0, "reported_elderly_population": 72.0, "elderly_ratio": 0.36, "HTKSYORI": "0", "HTKSAKI": null, "GASSAN": null, "disclosure_status": "unaffected", "suppression_flag": false, "aggregation_target_flag": false, "aggregation_flag": false, "primary_eligible_disclosure": true, "nearest_station_name": "長後", "nearest_station_distance_m": 2253.2719183439922, "nearest_bus_stop_name": "藤沢・綾瀬ふれあいの杜", "nearest_bus_stop_distance_m": 345.10615010040857, "nearest_public_transport_type": "bus_stop", "nearest_public_transport_name": "藤沢・綾瀬ふれあいの杜", "nearest_public_transport_distance_m": 345.10615010040857, "nearest_medical_name": "宮本内科消化器科クリニック", "nearest_medical_distance_m": 960.60087914302414, "nearest_hospital_name": "医療法人社団　健育会　湘南慶育病院", "nearest_medical_access_class": "likely_public", "nearest_hospital_distance_m": 2320.8128692194232, "nearest_clinic_name": "宮本内科消化器科クリニック", "nearest_clinic_distance_m": 960.60087914302414, "elderly_population_percentile": "0.1444866920152091", "elderly_ratio_percentile": "0.8593155893536122", "transport_distance_percentile": "0.8288973384030418", "medical_distance_percentile": "0.9809885931558935", "exploratory_score_a": "0.11976463444606686", "exploratory_score_b": "0.14173979672974885", "exploratory_score_c": "0.117487740255077", "rank_a_unfiltered": "162", "rank_b_unfiltered": "158", "rank_c_unfiltered": "95", "pareto_frontier": "False", "eligibility_population_threshold": true, "eligibility_elderly_threshold": true, "primary_eligible": true, "rank": 95 }, "geometry": { "type": "Polygon", "coordinates": [ [ [ 139.4375, 35.408333333333339 ], [ 139.44375, 35.408333333333339 ], [ 139.44375, 35.4125 ], [ 139.4375, 35.4125 ], [ 139.4375, 35.408333333333339 ] ] ] } },
{ "type": "Feature", "properties": { "mesh_code": "533903952", "centroid_lat": 35.410416666666677, "centroid_lon": 139.446875, "city_area_fraction": 0.035584442882374036, "centroid_within_city": false, "population": 2019, "elderly_population": 715.0, "reported_elderly_population": 715.0, "elderly_ratio": 0.35413571074789502, "HTKSYORI": "0", "HTKSAKI": null, "GASSAN": null, "disclosure_status": "unaffected", "suppression_flag": false, "aggregation_target_flag": false, "aggregation_flag": false, "primary_eligible_disclosure": true, "nearest_station_name": "長後", "nearest_station_distance_m": 1688.7440696695044, "nearest_bus_stop_name": "大持", "nearest_bus_stop_distance_m": 361.82360168328586, "nearest_public_transport_type": "bus_stop", "nearest_public_transport_name": "大持", "nearest_public_transport_distance_m": 361.82360168328586, "nearest_medical_name": "いすゞ自動車藤沢工場健康診断診療所", "nearest_medical_distance_m": 1150.4550722647873, "nearest_hospital_name": "一般財団法人同友会　藤沢湘南台病院", "nearest_medical_access_class": "likely_public", "nearest_hospital_distance_m": 2247.4950446479884, "nearest_clinic_name": "いすゞ自動車藤沢工場健康診断診療所", "nearest_clinic_distance_m": 1150.4550722647873, "elderly_population_percentile": "<NA>", "elderly_ratio_percentile": "<NA>", "transport_distance_percentile": "<NA>", "medical_distance_percentile": "<NA>", "exploratory_score_a": "<NA>", "exploratory_score_b": "<NA>", "exploratory_score_c": "<NA>", "rank_a_unfiltered": "<NA>", "rank_b_unfiltered": "<NA>", "rank_c_unfiltered": "<NA>", "pareto_frontier": "<NA>", "eligibility_population_threshold": true, "eligibility_elderly_threshold": true, "primary_eligible": false, "rank": null }, "geometry": { "type": "Polygon", "coordinates": [ [ [ 139.44375, 35.408333333333339 ], [ 139.45, 35.408333333333339 ], [ 139.45, 35.4125 ], [ 139.44375, 35.4125 ], [ 139.44375, 35.408333333333339 ] ] ] } },
{ "type": "Feature", "properties": { "mesh_code": "533903953", "centroid_lat": 35.41458333333334, "centroid_lon": 139.440625, "city_area_fraction": 0.37338634283041794, "centroid_within_city": false, "population": 1731, "elderly_population": 535.0, "reported_elderly_population": 535.0, "elderly_ratio": 0.30906990179087235, "HTKSYORI": "0", "HTKSAKI": null, "GASSAN": null, "disclosure_status": "unaffected", "suppression_flag": false, "aggregation_target_flag": false, "aggregation_flag": false, "primary_eligible_disclosure": true, "nearest_station_name": "長後", "nearest_station_distance_m": 2258.8247956665682, "nearest_bus_stop_name": "藤沢・綾瀬ふれあいの杜", "nearest_bus_stop_distance_m": 183.71492408802669, "nearest_public_transport_type": "bus_stop", "nearest_public_transport_name": "藤沢・綾瀬ふれあいの杜", "nearest_public_transport_distance_m": 183.71492408802669, "nearest_medical_name": "特別養護老人ホーム藤沢富士白苑医務室", "nearest_medical_distance_m": 1352.4258890795363, "nearest_hospital_name": "一般財団法人同友会　藤沢湘南台病院", "nearest_medical_access_class": "uncertain_access", "nearest_hospital_distance_m": 2713.381290780927, "nearest_clinic_name": "特別養護老人ホーム藤沢富士白苑医務室", "nearest_clinic_distance_m": 1352.4258890795363, "elderly_population_percentile": "<NA>", "elderly_ratio_percentile": "<NA>", "transport_distance_percentile": "<NA>", "medical_distance_percentile": "<NA>", "exploratory_score_a": "<NA>", "exploratory_score_b": "<NA>", "exploratory_score_c": "<NA>", "rank_a_unfiltered": "<NA>", "rank_b_unfiltered": "<NA>", "rank_c_unfiltered": "<NA>", "pareto_frontier": "<NA>", "eligibility_population_threshold": true, "eligibility_elderly_threshold": true, "primary_eligible": false, "rank": null }, "geometry": { "type": "Polygon", "coordinates": [ [ [ 139.4375, 35.4125 ], [ 139.44375, 35.4125 ], [ 139.44375, 35.416666666666679 ], [ 139.4375, 35.416666666666679 ], [ 139.4375, 35.4125 ] ] ] } },
{ "type": "Feature", "properties": { "mesh_code": "533903961", "centroid_lat": 35.410416666666677, "centroid_lon": 139.453125, "city_area_fraction": 0.58544708193401396, "centroid_within_city": true, "population": 1882, "elderly_population": 646.0, "reported_elderly_population": 646.0, "elderly_ratio": 0.3432518597236982, "HTKSYORI": "0", "HTKSAKI": null, "GASSAN": null, "disclosure_status": "unaffected", "suppression_flag": false, "aggregation_target_flag": false, "aggregation_flag": false, "primary_eligible_disclosure": true, "nearest_station_name": "長後", "nearest_station_distance_m": 1127.3393983606843, "nearest_bus_stop_name": "坂下", "nearest_bus_stop_distance_m": 241.70573670527793, "nearest_public_transport_type": "bus_stop", "nearest_public_transport_name": "坂下", "nearest_public_transport_distance_m": 241.70573670527793, "nearest_medical_name": "赤川内科医院", "nearest_medical_distance_m": 857.58253385804323, "nearest_hospital_name": "一般財団法人同友会　藤沢湘南台病院", "nearest_medical_access_class": "likely_public", "nearest_hospital_distance_m": 1717.3746324997153, "nearest_clinic_name": "赤川内科医院", "nearest_clinic_distance_m": 857.58253385804323, "elderly_population_percentile": "0.7984790874524715", "elderly_ratio_percentile": "0.8365019011406845", "transport_distance_percentile": "0.6349809885931559", "medical_distance_percentile": "0.973384030418251", "exploratory_score_a": "0.5070190403215313", "exploratory_score_b": "0.7772267923491738", "exploratory_score_c": "0.49352423696696585", "rank_a_unfiltered": "27", "rank_b_unfiltered": "2", "rank_c_unfiltered": "4", "pareto_frontier": "True", "eligibility_population_threshold": true, "eligibility_elderly_threshold": true, "primary_eligible": true, "rank": 4 }, "geometry": { "type": "Polygon", "coordinates": [ [ [ 139.45, 35.408333333333339 ], [ 139.45625, 35.408333333333339 ], [ 139.45625, 35.4125 ], [ 139.45, 35.4125 ], [ 139.45, 35.408333333333339 ] ] ] } },
{ "type": "Feature", "properties": { "mesh_code": "533903962", "centroid_lat": 35.410416666666677, "centroid_lon": 139.459375, "city_area_fraction": 0.97322094247849089, "centroid_within_city": true, "population": 1839, "elderly_population": 429.0, "reported_elderly_population": 429.0, "elderly_ratio": 0.23327895595432299, "HTKSYORI": "0", "HTKSAKI": null, "GASSAN": null, "disclosure_status": "unaffected", "suppression_flag": false, "aggregation_target_flag": false, "aggregation_flag": false, "primary_eligible_disclosure": true, "nearest_station_name": "長後", "nearest_station_distance_m": 578.22672813872271, "nearest_bus_stop_name": "住宅前", "nearest_bus_stop_distance_m": 167.88159678382883, "nearest_public_transport_type": "bus_stop", "nearest_public_transport_name": "住宅前", "nearest_public_transport_distance_m": 167.88159678382883, "nearest_medical_name": "赤川内科医院", "nearest_medical_distance_m": 291.80348059879202, "nearest_hospital_name": "一般財団法人同友会　藤沢湘南台病院", "nearest_medical_access_class": "likely_public", "nearest_hospital_distance_m": 1221.4320564931352, "nearest_clinic_name": "赤川内科医院", "nearest_clinic_distance_m": 291.80348059879202, "elderly_population_percentile": "0.5399239543726235", "elderly_ratio_percentile": "0.3726235741444867", "transport_distance_percentile": "0.4068441064638783", "medical_distance_percentile": "0.4524714828897338", "exploratory_score_a": "0.21966487877517382", "exploratory_score_b": "0.24430019228266994", "exploratory_score_c": "0.09939209343819652", "rank_a_unfiltered": "109", "rank_b_unfiltered": "98", "rank_c_unfiltered": "100", "pareto_frontier": "False", "eligibility_population_threshold": true, "eligibility_elderly_threshold": true, "primary_eligible": true, "rank": 100 }, "geometry": { "type": "Polygon", "coordinates": [ [ [ 139.45625, 35.408333333333339 ], [ 139.4625, 35.408333333333339 ], [ 139.4625, 35.4125 ], [ 139.45625, 35.4125 ], [ 139.45625, 35.408333333333339 ] ] ] } },
{ "type": "Feature", "properties": { "mesh_code": "533903963", "centroid_lat": 35.41458333333334, "centroid_lon": 139.453125, "city_area_fraction": 0.047705904729037879, "centroid_within_city": false, "population": 1739, "elderly_population": 553.0, "reported_elderly_population": 553.0, "elderly_ratio": 0.31799884991374355, "HTKSYORI": "0", "HTKSAKI": null, "GASSAN": null, "disclosure_status": "unaffected", "suppression_flag": false, "aggregation_target_flag": false, "aggregation_flag": false, "primary_eligible_disclosure": true, "nearest_station_name": "長後", "nearest_station_distance_m": 1138.4837037449224, "nearest_bus_stop_name": "奥田", "nearest_bus_stop_distance_m": 537.46991177223777, "nearest_public_transport_type": "bus_stop", "nearest_public_transport_name": "奥田", "nearest_public_transport_distance_m": 537.46991177223777, "nearest_medical_name": "赤川内科医院", "nearest_medical_distance_m": 954.84250894683021, "nearest_hospital_name": "一般財団法人同友会　藤沢湘南台病院", "nearest_medical_access_class": "likely_public", "nearest_hospital_distance_m": 1585.7463157520976, "nearest_clinic_name": "赤川内科医院", "nearest_clinic_distance_m": 954.84250894683021, "elderly_population_percentile": "<NA>", "elderly_ratio_percentile": "<NA>", "transport_distance_percentile": "<NA>", "medical_distance_percentile": "<NA>", "exploratory_score_a": "<NA>", "exploratory_score_b": "<NA>", "exploratory_score_c": "<NA>", "rank_a_unfiltered": "<NA>", "rank_b_unfiltered": "<NA>", "rank_c_unfiltered": "<NA>", "pareto_frontier": "<NA>", "eligibility_population_threshold": true, "eligibility_elderly_threshold": true, "primary_eligible": false, "rank": null }, "geometry": { "type": "Polygon", "coordinates": [ [ [ 139.45, 35.4125 ], [ 139.45625, 35.4125 ], [ 139.45625, 35.416666666666679 ], [ 139.45, 35.416666666666679 ], [ 139.45, 35.4125 ] ] ] } },
{ "type": "Feature", "properties": { "mesh_code": "533903964", "centroid_lat": 35.41458333333334, "centroid_lon": 139.459375, "city_area_fraction": 0.98457515869790591, "centroid_within_city": true, "population": 782, "elderly_population": 188.0, "reported_elderly_population": 188.0, "elderly_ratio": 0.24040920716112532, "HTKSYORI": "0", "HTKSAKI": null, "GASSAN": null, "disclosure_status": "unaffected", "suppression_flag": false, "aggregation_target_flag": false, "aggregation_flag": false, "primary_eligible_disclosure": true, "nearest_station_name": "長後", "nearest_station_distance_m": 599.70440215787255, "nearest_bus_stop_name": "長後市民センター前", "nearest_bus_stop_distance_m": 353.09218073567433, "nearest_public_transport_type": "bus_stop", "nearest_public_transport_name": "長後市民センター前", "nearest_public_transport_distance_m": 353.09218073567433, "nearest_medical_name": "赤川内科医院", "nearest_medical_distance_m": 511.33069060837823, "nearest_hospital_name": "一般財団法人同友会　藤沢湘南台病院", "nearest_medical_access_class": "likely_public", "nearest_hospital_distance_m": 1028.1961142987282, "nearest_clinic_name": "赤川内科医院", "nearest_clinic_distance_m": 511.33069060837823, "elderly_population_percentile": "0.3269961977186312", "elderly_ratio_percentile": "0.4144486692015209", "transport_distance_percentile": "0.8403041825095057", "medical_distance_percentile": "0.7832699619771863", "exploratory_score_a": "0.27477627260767107", "exploratory_score_b": "0.25612629935375675", "exploratory_score_c": "0.21522400059764352", "rank_a_unfiltered": "89", "rank_b_unfiltered": "91", "rank_c_unfiltered": "39", "pareto_frontier": "False", "eligibility_population_threshold": true, "eligibility_elderly_threshold": true, "primary_eligible": true, "rank": 39 }, "geometry": { "type": "Polygon", "coordinates": [ [ [ 139.45625, 35.4125 ], [ 139.4625, 35.4125 ], [ 139.4625, 35.416666666666679 ], [ 139.45625, 35.416666666666679 ], [ 139.45625, 35.4125 ] ] ] } },
{ "type": "Feature", "properties": { "mesh_code": "533903971", "centroid_lat": 35.410416666666677, "centroid_lon": 139.465625, "city_area_fraction": 1.0, "centroid_within_city": true, "population": 2741, "elderly_population": 656.0, "reported_elderly_population": 656.0, "elderly_ratio": 0.23932871214885079, "HTKSYORI": "0", "HTKSAKI": null, "GASSAN": null, "disclosure_status": "unaffected", "suppression_flag": false, "aggregation_target_flag": false, "aggregation_flag": false, "primary_eligible_disclosure": true, "nearest_station_name": "長後", "nearest_station_distance_m": 205.45484469042862, "nearest_bus_stop_name": "長後駅", "nearest_bus_stop_distance_m": 198.69325231910602, "nearest_public_transport_type": "bus_stop", "nearest_public_transport_name": "長後駅", "nearest_public_transport_distance_m": 198.69325231910602, "nearest_medical_name": "長後中央医院", "nearest_medical_distance_m": 67.457244737252992, "nearest_hospital_name": "一般財団法人同友会　藤沢湘南台病院", "nearest_medical_access_class": "likely_public", "nearest_hospital_distance_m": 823.89014122143487, "nearest_clinic_name": "長後中央医院", "nearest_clinic_distance_m": 67.457244737252992, "elderly_population_percentile": "0.8098859315589354", "elderly_ratio_percentile": "0.4068441064638783", "transport_distance_percentile": "0.5361216730038023", "medical_distance_percentile": "0.053231939163498096", "exploratory_score_a": "0.43419740056961936", "exploratory_score_b": "0.04311179863811823", "exploratory_score_c": "0.02311316961207099", "rank_a_unfiltered": "41", "rank_b_unfiltered": "222", "rank_c_unfiltered": "199", "pareto_frontier": "False", "eligibility_population_threshold": true, "eligibility_elderly_threshold": true, "primary_eligible": true, "rank": 199 }, "geometry": { "type": "Polygon", "coordinates": [ [ [ 139.4625, 35.408333333333339 ], [ 139.46875, 35.408333333333339 ], [ 139.46875, 35.4125 ], [ 139.4625, 35.4125 ], [ 139.4625, 35.408333333333339 ] ] ] } },
{ "type": "Feature", "properties": { "mesh_code": "533903972", "centroid_lat": 35.410416666666677, "centroid_lon": 139.471875, "city_area_fraction": 0.99999999999999978, "centroid_within_city": true, "population": 1893, "elderly_population": 370.0, "reported_elderly_population": 370.0, "elderly_ratio": 0.19545694664553617, "HTKSYORI": "0", "HTKSAKI": null, "GASSAN": null, "disclosure_status": "unaffected", "suppression_flag": false, "aggregation_target_flag": false, "aggregation_flag": false, "primary_eligible_disclosure": true, "nearest_station_name": "長後", "nearest_station_distance_m": 628.0842614425527, "nearest_bus_stop_name": "住宅前", "nearest_bus_stop_distance_m": 426.88101779100356, "nearest_public_transport_type": "bus_stop", "nearest_public_transport_name": "住宅前", "nearest_public_transport_distance_m": 426.88101779100356, "nearest_medical_name": "たけいハートクリニック", "nearest_medical_distance_m": 532.21786682821801, "nearest_hospital_name": "一般財団法人同友会　藤沢湘南台病院", "nearest_medical_access_class": "likely_public", "nearest_hospital_distance_m": 714.1924131792714, "nearest_clinic_name": "たけいハートクリニック", "nearest_clinic_distance_m": 532.21786682821801, "elderly_population_percentile": "0.49809885931558934", "elderly_ratio_percentile": "0.17870722433460076", "transport_distance_percentile": "0.9011406844106464", "medical_distance_percentile": "0.7984790874524715", "exploratory_score_a": "0.4488571469878125", "exploratory_score_b": "0.39772152264742877", "exploratory_score_c": "0.3584030451233484", "rank_a_unfiltered": "38", "rank_b_unfiltered": "32", "rank_c_unfiltered": "13", "pareto_frontier": "False", "eligibility_population_threshold": true, "eligibility_elderly_threshold": true, "primary_eligible": true, "rank": 13 }, "geometry": { "type": "Polygon", "coordinates": [ [ [ 139.46875, 35.408333333333339 ], [ 139.475, 35.408333333333339 ], [ 139.475, 35.4125 ], [ 139.46875, 35.4125 ], [ 139.46875, 35.408333333333339 ] ] ] } },
{ "type": "Feature", "properties": { "mesh_code": "533903973", "centroid_lat": 35.41458333333334, "centroid_lon": 139.465625, "city_area_fraction": 1.0, "centroid_within_city": true, "population": 2702, "elderly_population": 787.0, "reported_elderly_population": 787.0, "elderly_ratio": 0.29126572908956327, "HTKSYORI": "0", "HTKSAKI": null, "GASSAN": null, "disclosure_status": "unaffected", "suppression_flag": false, "aggregation_target_flag": false, "aggregation_flag": false, "primary_eligible_disclosure": true, "nearest_station_name": "長後", "nearest_station_distance_m": 259.85753709307676, "nearest_bus_stop_name": "長後駅", "nearest_bus_stop_distance_m": 266.11812308301501, "nearest_public_transport_type": "station", "nearest_public_transport_name": "長後", "nearest_public_transport_distance_m": 259.85753709307676, "nearest_medical_name": "医療法人社団ＴＡＳ長後整形外科", "nearest_medical_distance_m": 54.289395811960468, "nearest_hospital_name": "一般財団法人同友会　藤沢湘南台病院", "nearest_medical_access_class": "likely_public", "nearest_hospital_distance_m": 494.09311302097666, "nearest_clinic_name": "医療法人社団ＴＡＳ長後整形外科", "nearest_clinic_distance_m": 54.289395811960468, "elderly_population_percentile": "0.908745247148289", "elderly_ratio_percentile": "0.6958174904942965", "transport_distance_percentile": "0.688212927756654", "medical_distance_percentile": "0.03802281368821293", "exploratory_score_a": "0.625410227124868", "exploratory_score_b": "0.0345530512223684", "exploratory_score_c": "0.02377985654467179", "rank_a_unfiltered": "17", "rank_b_unfiltered": "227", "rank_c_unfiltered": "196", "pareto_frontier": "False", "eligibility_population_threshold": true, "eligibility_elderly_threshold": true, "primary_eligible": true, "rank": 196 }, "geometry": { "type": "Polygon", "coordinates": [ [ [ 139.4625, 35.4125 ], [ 139.46875, 35.4125 ], [ 139.46875, 35.416666666666679 ], [ 139.4625, 35.416666666666679 ], [ 139.4625, 35.4125 ] ] ] } },
{ "type": "Feature", "properties": { "mesh_code": "533903974", "centroid_lat": 35.41458333333334, "centroid_lon": 139.471875, "city_area_fraction": 1.0000000000000002, "centroid_within_city": true, "population": 2432, "elderly_population": 747.0, "reported_elderly_population": 747.0, "elderly_ratio": 0.30715460526315791, "HTKSYORI": "0", "HTKSAKI": null, "GASSAN": null, "disclosure_status": "unaffected", "suppression_flag": false, "aggregation_target_flag": false, "aggregation_flag": false, "primary_eligible_disclosure": true, "nearest_station_name": "長後", "nearest_station_distance_m": 647.90889855286412, "nearest_bus_stop_name": "藤沢湘南台病院前", "nearest_bus_stop_distance_m": 182.10329101422613, "nearest_public_transport_type": "bus_stop", "nearest_public_transport_name": "藤沢湘南台病院前", "nearest_public_transport_distance_m": 182.10329101422613, "nearest_medical_name": "一般財団法人同友会　藤沢湘南台病院", "nearest_medical_distance_m": 274.61378123974521, "nearest_hospital_name": "一般財団法人同友会　藤沢湘南台病院", "nearest_medical_access_class": "likely_public", "nearest_hospital_distance_m": 274.61378123974521, "nearest_clinic_name": "いたばしクリニック", "nearest_clinic_distance_m": 283.29401778013664, "elderly_population_percentile": "0.8859315589353612", "elderly_ratio_percentile": "0.7756653992395437", "transport_distance_percentile": "0.4714828897338403", "medical_distance_percentile": "0.41825095057034223", "exploratory_score_a": "0.41770157151325016", "exploratory_score_b": "0.37054171666498", "exploratory_score_c": "0.17470407934014265", "rank_a_unfiltered": "45", "rank_b_unfiltered": "41", "rank_c_unfiltered": "58", "pareto_frontier": "False", "eligibility_population_threshold": true, "eligibility_elderly_threshold": true, "primary_eligible": true, "rank": 58 }, "geometry": { "type": "Polygon", "coordinates": [ [ [ 139.46875, 35.4125 ], [ 139.475, 35.4125 ], [ 139.475, 35.416666666666679 ], [ 139.46875, 35.416666666666679 ], [ 139.46875, 35.4125 ] ] ] } },
{ "type": "Feature", "properties": { "mesh_code": "533903981", "centroid_lat": 35.410416666666677, "centroid_lon": 139.478125, "city_area_fraction": 0.13080428051339035, "centroid_within_city": false, "population": 299, "elderly_population": 67.0, "reported_elderly_population": 67.0, "elderly_ratio": 0.22408026755852842, "HTKSYORI": "0", "HTKSAKI": null, "GASSAN": null, "disclosure_status": "unaffected", "suppression_flag": false, "aggregation_target_flag": false, "aggregation_flag": false, "primary_eligible_disclosure": true, "nearest_station_name": "長後", "nearest_station_distance_m": 1179.4828078277133, "nearest_bus_stop_name": "上高倉", "nearest_bus_stop_distance_m": 760.35018432657785, "nearest_public_transport_type": "bus_stop", "nearest_public_transport_name": "上高倉", "nearest_public_transport_distance_m": 760.35018432657785, "nearest_medical_name": "一般財団法人同友会　藤沢湘南台病院", "nearest_medical_distance_m": 992.83578068087331, "nearest_hospital_name": "一般財団法人同友会　藤沢湘南台病院", "nearest_medical_access_class": "likely_public", "nearest_hospital_distance_m": 992.83578068087331, "nearest_clinic_name": "いたばしクリニック", "nearest_clinic_distance_m": 999.41412526201213, "elderly_population_percentile": "<NA>", "elderly_ratio_percentile": "<NA>", "transport_distance_percentile": "<NA>", "medical_distance_percentile": "<NA>", "exploratory_score_a": "<NA>", "exploratory_score_b": "<NA>", "exploratory_score_c": "<NA>", "rank_a_unfiltered": "<NA>", "rank_b_unfiltered": "<NA>", "rank_c_unfiltered": "<NA>", "pareto_frontier": "<NA>", "eligibility_population_threshold": true, "eligibility_elderly_threshold": true, "primary_eligible": false, "rank": null }, "geometry": { "type": "Polygon", "coordinates": [ [ [ 139.475, 35.408333333333339 ], [ 139.48125, 35.408333333333339 ], [ 139.48125, 35.4125 ], [ 139.475, 35.4125 ], [ 139.475, 35.408333333333339 ] ] ] } },
{ "type": "Feature", "properties": { "mesh_code": "533903983", "centroid_lat": 35.41458333333334, "centroid_lon": 139.478125, "city_area_fraction": 0.24991986929916893, "centroid_within_city": false, "population": 1050, "elderly_population": 227.0, "reported_elderly_population": 227.0, "elderly_ratio": 0.21619047619047618, "HTKSYORI": "0", "HTKSAKI": null, "GASSAN": null, "disclosure_status": "unaffected", "suppression_flag": false, "aggregation_target_flag": false, "aggregation_flag": false, "primary_eligible_disclosure": true, "nearest_station_name": "長後", "nearest_station_distance_m": 1190.1363282598898, "nearest_bus_stop_name": "上高倉", "nearest_bus_stop_distance_m": 342.98019351314724, "nearest_public_transport_type": "bus_stop", "nearest_public_transport_name": "上高倉", "nearest_public_transport_distance_m": 342.98019351314724, "nearest_medical_name": "一般財団法人同友会　藤沢湘南台病院", "nearest_medical_distance_m": 742.32104049912084, "nearest_hospital_name": "一般財団法人同友会　藤沢湘南台病院", "nearest_medical_access_class": "likely_public", "nearest_hospital_distance_m": 742.32104049912084, "nearest_clinic_name": "山口クリニック", "nearest_clinic_distance_m": 840.25378681309769, "elderly_population_percentile": "<NA>", "elderly_ratio_percentile": "<NA>", "transport_distance_percentile": "<NA>", "medical_distance_percentile": "<NA>", "exploratory_score_a": "<NA>", "exploratory_score_b": "<NA>", "exploratory_score_c": "<NA>", "rank_a_unfiltered": "<NA>", "rank_b_unfiltered": "<NA>", "rank_c_unfiltered": "<NA>", "pareto_frontier": "<NA>", "eligibility_population_threshold": true, "eligibility_elderly_threshold": true, "primary_eligible": false, "rank": null }, "geometry": { "type": "Polygon", "coordinates": [ [ [ 139.475, 35.4125 ], [ 139.48125, 35.4125 ], [ 139.48125, 35.416666666666679 ], [ 139.475, 35.416666666666679 ], [ 139.475, 35.4125 ] ] ] } },
{ "type": "Feature", "properties": { "mesh_code": "533904001", "centroid_lat": 35.335416666666674, "centroid_lon": 139.503125, "city_area_fraction": 0.98651254931062027, "centroid_within_city": true, "population": 1206, "elderly_population": 361.0, "reported_elderly_population": 361.0, "elderly_ratio": 0.29933665008291876, "HTKSYORI": "0", "HTKSAKI": null, "GASSAN": null, "disclosure_status": "unaffected", "suppression_flag": false, "aggregation_target_flag": false, "aggregation_flag": false, "primary_eligible_disclosure": true, "nearest_station_name": "藤沢", "nearest_station_distance_m": 1459.456030232855, "nearest_bus_stop_name": "小塚地下道前", "nearest_bus_stop_distance_m": 143.02979292326427, "nearest_public_transport_type": "bus_stop", "nearest_public_transport_name": "小塚地下道前", "nearest_public_transport_distance_m": 143.02979292326427, "nearest_medical_name": "藤沢病院", "nearest_medical_distance_m": 242.71185224264718, "nearest_hospital_name": "藤沢病院", "nearest_medical_access_class": "likely_public", "nearest_hospital_distance_m": 242.71185224264718, "nearest_clinic_name": "特別養護老人ホームみどりの園医務室", "nearest_clinic_distance_m": 246.51610742752504, "elderly_population_percentile": "0.47338403041825095", "elderly_ratio_percentile": "0.7490494296577946", "transport_distance_percentile": "0.3193916349809886", "medical_distance_percentile": "0.3688212927756654", "exploratory_score_a": "0.15119489944917522", "exploratory_score_b": "0.1745941100782142", "exploratory_score_c": "0.05576389827593154", "rank_a_unfiltered": "144", "rank_b_unfiltered": "132", "rank_c_unfiltered": "149", "pareto_frontier": "False", "eligibility_population_threshold": true, "eligibility_elderly_threshold": true, "primary_eligible": true, "rank": 149 }, "geometry": { "type": "Polygon", "coordinates": [ [ [ 139.5, 35.333333333333336 ], [ 139.50625, 35.333333333333336 ], [ 139.50625, 35.3375 ], [ 139.5, 35.3375 ], [ 139.5, 35.333333333333336 ] ] ] } },
{ "type": "Feature", "properties": { "mesh_code": "533904002", "centroid_lat": 35.335416666666674, "centroid_lon": 139.509375, "city_area_fraction": 0.7960179157933075, "centroid_within_city": true, "population": 1469, "elderly_population": 351.0, "reported_elderly_population": 351.0, "elderly_ratio": 0.23893805309734514, "HTKSYORI": "0", "HTKSAKI": null, "GASSAN": null, "disclosure_status": "unaffected", "suppression_flag": false, "aggregation_target_flag": false, "aggregation_flag": false, "primary_eligible_disclosure": true, "nearest_station_name": "藤沢", "nearest_station_distance_m": 2023.5817256839935, "nearest_bus_stop_name": "村岡宮前", "nearest_bus_stop_distance_m": 141.65447385602863, "nearest_public_transport_type": "bus_stop", "nearest_public_transport_name": "村岡宮前", "nearest_public_transport_distance_m": 141.65447385602863, "nearest_medical_name": "神戸製鋼所藤沢事業所診療所", "nearest_medical_distance_m": 343.75591760331423, "nearest_hospital_name": "藤沢病院", "nearest_medical_access_class": "uncertain_access", "nearest_hospital_distance_m": 433.27782659786919, "nearest_clinic_name": "神戸製鋼所藤沢事業所診療所", "nearest_clinic_distance_m": 343.75591760331423, "elderly_population_percentile": "0.46387832699619774", "elderly_ratio_percentile": "0.39923954372623577", "transport_distance_percentile": "0.3155893536121673", "medical_distance_percentile": "0.5437262357414449", "exploratory_score_a": "0.1463950613714236", "exploratory_score_b": "0.25222281657968165", "exploratory_score_c": "0.07959883565062197", "rank_a_unfiltered": "151", "rank_b_unfiltered": "93", "rank_c_unfiltered": "122", "pareto_frontier": "False", "eligibility_population_threshold": true, "eligibility_elderly_threshold": true, "primary_eligible": true, "rank": 122 }, "geometry": { "type": "Polygon", "coordinates": [ [ [ 139.50625, 35.333333333333336 ], [ 139.5125, 35.333333333333336 ], [ 139.5125, 35.3375 ], [ 139.50625, 35.3375 ], [ 139.50625, 35.333333333333336 ] ] ] } },
{ "type": "Feature", "properties": { "mesh_code": "533904003", "centroid_lat": 35.339583333333337, "centroid_lon": 139.503125, "city_area_fraction": 1.0, "centroid_within_city": true, "population": 2508, "elderly_population": 396.0, "reported_elderly_population": 396.0, "elderly_ratio": 0.15789473684210525, "HTKSYORI": "0", "HTKSAKI": null, "GASSAN": null, "disclosure_status": "unaffected", "suppression_flag": false, "aggregation_target_flag": false, "aggregation_flag": false, "primary_eligible_disclosure": true, "nearest_station_name": "藤沢", "nearest_station_distance_m": 1458.2295899415926, "nearest_bus_stop_name": "小塚", "nearest_bus_stop_distance_m": 90.135314354283508, "nearest_public_transport_type": "bus_stop", "nearest_public_transport_name": "小塚", "nearest_public_transport_distance_m": 90.135314354283508, "nearest_medical_name": "岩崎クリニック", "nearest_medical_distance_m": 200.62786565569732, "nearest_hospital_name": "藤沢病院", "nearest_medical_access_class": "likely_public", "nearest_hospital_distance_m": 657.31530390889088, "nearest_clinic_name": "岩崎クリニック", "nearest_clinic_distance_m": 200.62786565569732, "elderly_population_percentile": "0.5228136882129277", "elderly_ratio_percentile": "0.045627376425855515", "transport_distance_percentile": "0.13688212927756654", "medical_distance_percentile": "0.2889733840304182", "exploratory_score_a": "0.07156385085804334", "exploratory_score_b": "0.1510792407003137", "exploratory_score_c": "0.020680048156696933", "rank_a_unfiltered": "195", "rank_b_unfiltered": "147", "rank_c_unfiltered": "204", "pareto_frontier": "False", "eligibility_population_threshold": true, "eligibility_elderly_threshold": true, "primary_eligible": true, "rank": 204 }, "geometry": { "type": "Polygon", "coordinates": [ [ [ 139.5, 35.3375 ], [ 139.50625, 35.3375 ], [ 139.50625, 35.341666666666676 ], [ 139.5, 35.341666666666676 ], [ 139.5, 35.3375 ] ] ] } },
{ "type": "Feature", "properties": { "mesh_code": "533904004", "centroid_lat": 35.339583333333337, "centroid_lon": 139.509375, "city_area_fraction": 1.0, "centroid_within_city": true, "population": 665, "elderly_population": 69.0, "reported_elderly_population": 69.0, "elderly_ratio": 0.10375939849624061, "HTKSYORI": "0", "HTKSAKI": null, "GASSAN": null, "disclosure_status": "unaffected", "suppression_flag": false, "aggregation_target_flag": false, "aggregation_flag": false, "primary_eligible_disclosure": true, "nearest_station_name": "藤沢", "nearest_station_distance_m": 2025.2160793582514, "nearest_bus_stop_name": "湘南アイパーク", "nearest_bus_stop_distance_m": 108.52376180125158, "nearest_public_transport_type": "bus_stop", "nearest_public_transport_name": "湘南アイパーク", "nearest_public_transport_distance_m": 108.52376180125158, "nearest_medical_name": "神戸製鋼所藤沢事業所診療所", "nearest_medical_distance_m": 227.22668100200227, "nearest_hospital_name": "藤沢病院", "nearest_medical_access_class": "uncertain_access", "nearest_hospital_distance_m": 748.91740046664631, "nearest_clinic_name": "神戸製鋼所藤沢事業所診療所", "nearest_clinic_distance_m": 227.22668100200227, "elderly_population_percentile": "0.13498098859315588", "elderly_ratio_percentile": "0.0076045627376425855", "transport_distance_percentile": "0.19391634980988592", "medical_distance_percentile": "0.3231939163498099", "exploratory_score_a": "0.026175020601714637", "exploratory_score_b": "0.04362503433619106", "exploratory_score_c": "0.00845960741880511", "rank_a_unfiltered": "239", "rank_b_unfiltered": "221", "rank_c_unfiltered": "228", "pareto_frontier": "False", "eligibility_population_threshold": true, "eligibility_elderly_threshold": true, "primary_eligible": true, "rank": 228 }, "geometry": { "type": "Polygon", "coordinates": [ [ [ 139.50625, 35.3375 ], [ 139.5125, 35.3375 ], [ 139.5125, 35.341666666666676 ], [ 139.50625, 35.341666666666676 ], [ 139.50625, 35.3375 ] ] ] } },
{ "type": "Feature", "properties": { "mesh_code": "533904011", "centroid_lat": 35.335416666666674, "centroid_lon": 139.515625, "city_area_fraction": 0.012466205423653171, "centroid_within_city": false, "population": 450, "elderly_population": 92.0, "reported_elderly_population": 92.0, "elderly_ratio": 0.20444444444444446, "HTKSYORI": "0", "HTKSAKI": null, "GASSAN": null, "disclosure_status": "unaffected", "suppression_flag": false, "aggregation_target_flag": false, "aggregation_flag": false, "primary_eligible_disclosure": true, "nearest_station_name": "藤沢", "nearest_station_distance_m": 2589.4700824800129, "nearest_bus_stop_name": "湘南車庫", "nearest_bus_stop_distance_m": 513.42228826512053, "nearest_public_transport_type": "bus_stop", "nearest_public_transport_name": "湘南車庫", "nearest_public_transport_distance_m": 513.42228826512053, "nearest_medical_name": "神戸製鋼所藤沢事業所診療所", "nearest_medical_distance_m": 506.62550566427774, "nearest_hospital_name": "藤沢病院", "nearest_medical_access_class": "uncertain_access", "nearest_hospital_distance_m": 980.90738855465088, "nearest_clinic_name": "神戸製鋼所藤沢事業所診療所", "nearest_clinic_distance_m": 506.62550566427774, "elderly_population_percentile": "<NA>", "elderly_ratio_percentile": "<NA>", "transport_distance_percentile": "<NA>", "medical_distance_percentile": "<NA>", "exploratory_score_a": "<NA>", "exploratory_score_b": "<NA>", "exploratory_score_c": "<NA>", "rank_a_unfiltered": "<NA>", "rank_b_unfiltered": "<NA>", "rank_c_unfiltered": "<NA>", "pareto_frontier": "<NA>", "eligibility_population_threshold": true, "eligibility_elderly_threshold": true, "primary_eligible": false, "rank": null }, "geometry": { "type": "Polygon", "coordinates": [ [ [ 139.5125, 35.333333333333336 ], [ 139.51875, 35.333333333333336 ], [ 139.51875, 35.3375 ], [ 139.5125, 35.3375 ], [ 139.5125, 35.333333333333336 ] ] ] } },
{ "type": "Feature", "properties": { "mesh_code": "533904013", "centroid_lat": 35.339583333333337, "centroid_lon": 139.515625, "city_area_fraction": 0.41207898121923259, "centroid_within_city": false, "population": 820, "elderly_population": 262.0, "reported_elderly_population": 262.0, "elderly_ratio": 0.31951219512195123, "HTKSYORI": "0", "HTKSAKI": null, "GASSAN": null, "disclosure_status": "unaffected", "suppression_flag": false, "aggregation_target_flag": false, "aggregation_flag": false, "primary_eligible_disclosure": true, "nearest_station_name": "藤沢", "nearest_station_distance_m": 2592.7059626888868, "nearest_bus_stop_name": "湘南車庫", "nearest_bus_stop_distance_m": 97.060942627462907, "nearest_public_transport_type": "bus_stop", "nearest_public_transport_name": "湘南車庫", "nearest_public_transport_distance_m": 97.060942627462907, "nearest_medical_name": "神戸製鋼所藤沢事業所診療所", "nearest_medical_distance_m": 436.03457936760225, "nearest_hospital_name": "藤沢病院", "nearest_medical_access_class": "uncertain_access", "nearest_hospital_distance_m": 1155.5461898626647, "nearest_clinic_name": "神戸製鋼所藤沢事業所診療所", "nearest_clinic_distance_m": 436.03457936760225, "elderly_population_percentile": "<NA>", "elderly_ratio_percentile": "<NA>", "transport_distance_percentile": "<NA>", "medical_distance_percentile": "<NA>", "exploratory_score_a": "<NA>", "exploratory_score_b": "<NA>", "exploratory_score_c": "<NA>", "rank_a_unfiltered": "<NA>", "rank_b_unfiltered": "<NA>", "rank_c_unfiltered": "<NA>", "pareto_frontier": "<NA>", "eligibility_population_threshold": true, "eligibility_elderly_threshold": true, "primary_eligible": false, "rank": null }, "geometry": { "type": "Polygon", "coordinates": [ [ [ 139.5125, 35.3375 ], [ 139.51875, 35.3375 ], [ 139.51875, 35.341666666666676 ], [ 139.5125, 35.341666666666676 ], [ 139.5125, 35.3375 ] ] ] } },
{ "type": "Feature", "properties": { "mesh_code": "533904101", "centroid_lat": 35.34375, "centroid_lon": 139.503125, "city_area_fraction": 1.0, "centroid_within_city": true, "population": 2283, "elderly_population": 532.0, "reported_elderly_population": 532.0, "elderly_ratio": 0.23302671922908455, "HTKSYORI": "0", "HTKSAKI": null, "GASSAN": null, "disclosure_status": "unaffected", "suppression_flag": false, "aggregation_target_flag": false, "aggregation_flag": false, "primary_eligible_disclosure": true, "nearest_station_name": "藤沢", "nearest_station_distance_m": 1562.3780371964963, "nearest_bus_stop_name": "高谷", "nearest_bus_stop_distance_m": 285.90911340463964, "nearest_public_transport_type": "bus_stop", "nearest_public_transport_name": "高谷", "nearest_public_transport_distance_m": 285.90911340463964, "nearest_medical_name": "岩崎クリニック", "nearest_medical_distance_m": 331.15928947573946, "nearest_hospital_name": "藤沢病院", "nearest_medical_access_class": "likely_public", "nearest_hospital_distance_m": 1110.2002964923154, "nearest_clinic_name": "岩崎クリニック", "nearest_clinic_distance_m": 331.15928947573946, "elderly_population_percentile": "0.6330798479087453", "elderly_ratio_percentile": "0.3688212927756654", "transport_distance_percentile": "0.752851711026616", "medical_distance_percentile": "0.5209125475285171", "exploratory_score_a": "0.4766152467145687", "exploratory_score_b": "0.3297792363631107", "exploratory_score_c": "0.24827486235701868", "rank_a_unfiltered": "33", "rank_b_unfiltered": "57", "rank_c_unfiltered": "30", "pareto_frontier": "False", "eligibility_population_threshold": true, "eligibility_elderly_threshold": true, "primary_eligible": true, "rank": 30 }, "geometry": { "type": "Polygon", "coordinates": [ [ [ 139.5, 35.341666666666669 ], [ 139.50625, 35.341666666666669 ], [ 139.50625, 35.345833333333339 ], [ 139.5, 35.345833333333339 ], [ 139.5, 35.341666666666669 ] ] ] } },
{ "type": "Feature", "properties": { "mesh_code": "533904102", "centroid_lat": 35.34375, "centroid_lon": 139.509375, "city_area_fraction": 0.79411889589751172, "centroid_within_city": true, "population": 1707, "elderly_population": 278.0, "reported_elderly_population": 278.0, "elderly_ratio": 0.1628588166373755, "HTKSYORI": "0", "HTKSAKI": null, "GASSAN": null, "disclosure_status": "unaffected", "suppression_flag": false, "aggregation_target_flag": false, "aggregation_flag": false, "primary_eligible_disclosure": true, "nearest_station_name": "藤沢", "nearest_station_distance_m": 2101.4257619913615, "nearest_bus_stop_name": "高谷小学校入口", "nearest_bus_stop_distance_m": 279.14430469482716, "nearest_public_transport_type": "bus_stop", "nearest_public_transport_name": "高谷小学校入口", "nearest_public_transport_distance_m": 279.14430469482716, "nearest_medical_name": "武田薬品湘南診療所", "nearest_medical_distance_m": 205.91991440269751, "nearest_hospital_name": "藤沢病院", "nearest_medical_access_class": "likely_public", "nearest_hospital_distance_m": 1166.7697356175274, "nearest_clinic_name": "武田薬品湘南診療所", "nearest_clinic_distance_m": 205.91991440269751, "elderly_population_percentile": "0.40304182509505704", "elderly_ratio_percentile": "0.060836501901140684", "transport_distance_percentile": "0.7376425855513308", "medical_distance_percentile": "0.30038022813688214", "exploratory_score_a": "0.2973008139484451", "exploratory_score_b": "0.12106579537075858", "exploratory_score_c": "0.08930328631911469", "rank_a_unfiltered": "84", "rank_b_unfiltered": "167", "rank_c_unfiltered": "116", "pareto_frontier": "False", "eligibility_population_threshold": true, "eligibility_elderly_threshold": true, "primary_eligible": true, "rank": 116 }, "geometry": { "type": "Polygon", "coordinates": [ [ [ 139.50625, 35.341666666666669 ], [ 139.5125, 35.341666666666669 ], [ 139.5125, 35.345833333333339 ], [ 139.50625, 35.345833333333339 ], [ 139.50625, 35.341666666666669 ] ] ] } },
{ "type": "Feature", "properties": { "mesh_code": "533904103", "centroid_lat": 35.347916666666677, "centroid_lon": 139.503125, "city_area_fraction": 1.0, "centroid_within_city": true, "population": 2713, "elderly_population": 772.0, "reported_elderly_population": 772.0, "elderly_ratio": 0.28455584224106156, "HTKSYORI": "0", "HTKSAKI": null, "GASSAN": null, "disclosure_status": "unaffected", "suppression_flag": false, "aggregation_target_flag": false, "aggregation_flag": false, "primary_eligible_disclosure": true, "nearest_station_name": "藤沢", "nearest_station_distance_m": 1784.0809151447545, "nearest_bus_stop_name": "渡内二丁目", "nearest_bus_stop_distance_m": 148.18166957274832, "nearest_public_transport_type": "bus_stop", "nearest_public_transport_name": "渡内二丁目", "nearest_public_transport_distance_m": 148.18166957274832, "nearest_medical_name": "医療法人慈誠会　かすが整形外科", "nearest_medical_distance_m": 418.07188412967463, "nearest_hospital_name": "藤沢病院", "nearest_medical_access_class": "likely_public", "nearest_hospital_distance_m": 1568.5514961130636, "nearest_clinic_name": "医療法人慈誠会　かすが整形外科", "nearest_clinic_distance_m": 418.07188412967463, "elderly_population_percentile": "0.9011406844106464", "elderly_ratio_percentile": "0.6844106463878327", "transport_distance_percentile": "0.33079847908745247", "medical_distance_percentile": "0.6730038022813688", "exploratory_score_a": "0.2980959678468678", "exploratory_score_b": "0.6064711069988", "exploratory_score_c": "0.20061971980568669", "rank_a_unfiltered": "81", "rank_b_unfiltered": "9", "rank_c_unfiltered": "45", "pareto_frontier": "False", "eligibility_population_threshold": true, "eligibility_elderly_threshold": true, "primary_eligible": true, "rank": 45 }, "geometry": { "type": "Polygon", "coordinates": [ [ [ 139.5, 35.345833333333339 ], [ 139.50625, 35.345833333333339 ], [ 139.50625, 35.35 ], [ 139.5, 35.35 ], [ 139.5, 35.345833333333339 ] ] ] } },
{ "type": "Feature", "properties": { "mesh_code": "533904104", "centroid_lat": 35.347916666666677, "centroid_lon": 139.509375, "city_area_fraction": 0.72248559963286618, "centroid_within_city": true, "population": 2054, "elderly_population": 542.0, "reported_elderly_population": 542.0, "elderly_ratio": 0.26387536514118792, "HTKSYORI": "0", "HTKSAKI": null, "GASSAN": null, "disclosure_status": "unaffected", "suppression_flag": false, "aggregation_target_flag": false, "aggregation_flag": false, "primary_eligible_disclosure": true, "nearest_station_name": "藤沢", "nearest_station_distance_m": 2271.0808212139855, "nearest_bus_stop_name": "渡内第三会館前", "nearest_bus_stop_distance_m": 323.16028570852473, "nearest_public_transport_type": "bus_stop", "nearest_public_transport_name": "渡内第三会館前", "nearest_public_transport_distance_m": 323.16028570852473, "nearest_medical_name": "医療法人慈誠会　かすが整形外科", "nearest_medical_distance_m": 305.02673324, "nearest_hospital_name": "藤沢病院", "nearest_medical_access_class": "likely_public", "nearest_hospital_distance_m": 1609.0847052808301, "nearest_clinic_name": "医療法人慈誠会　かすが整形外科", "nearest_clinic_distance_m": 305.02673324, "elderly_population_percentile": "0.6577946768060836", "elderly_ratio_percentile": "0.5703422053231939", "transport_distance_percentile": "0.7946768060836502", "medical_distance_percentile": "0.4790874524714829", "exploratory_score_a": "0.5227341728230854", "exploratory_score_b": "0.31514117596032903", "exploratory_score_c": "0.25043538317759984", "rank_a_unfiltered": "26", "rank_b_unfiltered": "65", "rank_c_unfiltered": "29", "pareto_frontier": "False", "eligibility_population_threshold": true, "eligibility_elderly_threshold": true, "primary_eligible": true, "rank": 29 }, "geometry": { "type": "Polygon", "coordinates": [ [ [ 139.50625, 35.345833333333339 ], [ 139.5125, 35.345833333333339 ], [ 139.5125, 35.35 ], [ 139.50625, 35.35 ], [ 139.50625, 35.345833333333339 ] ] ] } },
{ "type": "Feature", "properties": { "mesh_code": "533904111", "centroid_lat": 35.34375, "centroid_lon": 139.515625, "city_area_fraction": 0.2637830716403855, "centroid_within_city": false, "population": 2220, "elderly_population": 451.0, "reported_elderly_population": 451.0, "elderly_ratio": 0.20315315315315316, "HTKSYORI": "0", "HTKSAKI": null, "GASSAN": null, "disclosure_status": "unaffected", "suppression_flag": false, "aggregation_target_flag": false, "aggregation_flag": false, "primary_eligible_disclosure": true, "nearest_station_name": "藤沢", "nearest_station_distance_m": 2652.636349990843, "nearest_bus_stop_name": "湘南車庫", "nearest_bus_stop_distance_m": 427.27634405288484, "nearest_public_transport_type": "bus_stop", "nearest_public_transport_name": "湘南車庫", "nearest_public_transport_distance_m": 427.27634405288484, "nearest_medical_name": "武田薬品湘南診療所", "nearest_medical_distance_m": 372.54735980852013, "nearest_hospital_name": "藤沢病院", "nearest_medical_access_class": "likely_public", "nearest_hospital_distance_m": 1461.4107074633389, "nearest_clinic_name": "武田薬品湘南診療所", "nearest_clinic_distance_m": 372.54735980852013, "elderly_population_percentile": "<NA>", "elderly_ratio_percentile": "<NA>", "transport_distance_percentile": "<NA>", "medical_distance_percentile": "<NA>", "exploratory_score_a": "<NA>", "exploratory_score_b": "<NA>", "exploratory_score_c": "<NA>", "rank_a_unfiltered": "<NA>", "rank_b_unfiltered": "<NA>", "rank_c_unfiltered": "<NA>", "pareto_frontier": "<NA>", "eligibility_population_threshold": true, "eligibility_elderly_threshold": true, "primary_eligible": false, "rank": null }, "geometry": { "type": "Polygon", "coordinates": [ [ [ 139.5125, 35.341666666666669 ], [ 139.51875, 35.341666666666669 ], [ 139.51875, 35.345833333333339 ], [ 139.5125, 35.345833333333339 ], [ 139.5125, 35.341666666666669 ] ] ] } },
{ "type": "Feature", "properties": { "mesh_code": "533904201", "centroid_lat": 35.35208333333334, "centroid_lon": 139.503125, "city_area_fraction": 0.82914723770725962, "centroid_within_city": true, "population": 2302, "elderly_population": 632.0, "reported_elderly_population": 632.0, "elderly_ratio": 0.27454387489139881, "HTKSYORI": "0", "HTKSAKI": null, "GASSAN": null, "disclosure_status": "unaffected", "suppression_flag": false, "aggregation_target_flag": false, "aggregation_flag": false, "primary_eligible_disclosure": true, "nearest_station_name": "藤沢", "nearest_station_distance_m": 2086.1910657953217, "nearest_bus_stop_name": "慈眼寺", "nearest_bus_stop_distance_m": 120.13168206387378, "nearest_public_transport_type": "bus_stop", "nearest_public_transport_name": "慈眼寺", "nearest_public_transport_distance_m": 120.13168206387378, "nearest_medical_name": "たんぽぽこども診療所", "nearest_medical_distance_m": 172.85160645943526, "nearest_hospital_name": "藤沢市民病院", "nearest_medical_access_class": "likely_public", "nearest_hospital_distance_m": 1925.7333852294844, "nearest_clinic_name": "たんぽぽこども診療所", "nearest_clinic_distance_m": 172.85160645943526, "elderly_population_percentile": "0.7642585551330798", "elderly_ratio_percentile": "0.6197718631178707", "transport_distance_percentile": "0.22813688212927757", "medical_distance_percentile": "0.22813688212927757", "exploratory_score_a": "0.17435556390868742", "exploratory_score_b": "0.17435556390868742", "exploratory_score_c": "0.039776934732019945", "rank_a_unfiltered": "133", "rank_b_unfiltered": "133", "rank_c_unfiltered": "166", "pareto_frontier": "False", "eligibility_population_threshold": true, "eligibility_elderly_threshold": true, "primary_eligible": true, "rank": 166 }, "geometry": { "type": "Polygon", "coordinates": [ [ [ 139.5, 35.35 ], [ 139.50625, 35.35 ], [ 139.50625, 35.354166666666671 ], [ 139.5, 35.354166666666671 ], [ 139.5, 35.35 ] ] ] } },
{ "type": "Feature", "properties": { "mesh_code": "533904202", "centroid_lat": 35.35208333333334, "centroid_lon": 139.509375, "city_area_fraction": 0.16040182217515278, "centroid_within_city": false, "population": 2286, "elderly_population": 796.0, "reported_elderly_population": 796.0, "elderly_ratio": 0.34820647419072615, "HTKSYORI": "0", "HTKSAKI": null, "GASSAN": null, "disclosure_status": "unaffected", "suppression_flag": false, "aggregation_target_flag": false, "aggregation_flag": false, "primary_eligible_disclosure": true, "nearest_station_name": "藤沢", "nearest_station_distance_m": 2515.3438417276998, "nearest_bus_stop_name": "渡内第三会館前", "nearest_bus_stop_distance_m": 355.35104545788977, "nearest_public_transport_type": "bus_stop", "nearest_public_transport_name": "渡内第三会館前", "nearest_public_transport_distance_m": 355.35104545788977, "nearest_medical_name": "本多こどもクリニック", "nearest_medical_distance_m": 319.24914493240055, "nearest_hospital_name": "藤沢病院", "nearest_medical_access_class": "likely_public", "nearest_hospital_distance_m": 2060.1660309925642, "nearest_clinic_name": "本多こどもクリニック", "nearest_clinic_distance_m": 319.24914493240055, "elderly_population_percentile": "<NA>", "elderly_ratio_percentile": "<NA>", "transport_distance_percentile": "<NA>", "medical_distance_percentile": "<NA>", "exploratory_score_a": "<NA>", "exploratory_score_b": "<NA>", "exploratory_score_c": "<NA>", "rank_a_unfiltered": "<NA>", "rank_b_unfiltered": "<NA>", "rank_c_unfiltered": "<NA>", "pareto_frontier": "<NA>", "eligibility_population_threshold": true, "eligibility_elderly_threshold": true, "primary_eligible": false, "rank": null }, "geometry": { "type": "Polygon", "coordinates": [ [ [ 139.50625, 35.35 ], [ 139.5125, 35.35 ], [ 139.5125, 35.354166666666671 ], [ 139.50625, 35.354166666666671 ], [ 139.50625, 35.35 ] ] ] } },
{ "type": "Feature", "properties": { "mesh_code": "533904203", "centroid_lat": 35.35625, "centroid_lon": 139.503125, "city_area_fraction": 0.29499118177040612, "centroid_within_city": false, "population": 1779, "elderly_population": 523.0, "reported_elderly_population": 523.0, "elderly_ratio": 0.29398538504777966, "HTKSYORI": "0", "HTKSAKI": null, "GASSAN": null, "disclosure_status": "unaffected", "suppression_flag": false, "aggregation_target_flag": false, "aggregation_flag": false, "primary_eligible_disclosure": true, "nearest_station_name": "藤沢", "nearest_station_distance_m": 2439.0103256957691, "nearest_bus_stop_name": "柄沢十字路", "nearest_bus_stop_distance_m": 224.10879573796041, "nearest_public_transport_type": "bus_stop", "nearest_public_transport_name": "柄沢十字路", "nearest_public_transport_distance_m": 224.10879573796041, "nearest_medical_name": "湘南柄沢クリニック", "nearest_medical_distance_m": 188.61781387845454, "nearest_hospital_name": "藤沢市民病院", "nearest_medical_access_class": "likely_public", "nearest_hospital_distance_m": 2016.6226141809816, "nearest_clinic_name": "湘南柄沢クリニック", "nearest_clinic_distance_m": 188.61781387845454, "elderly_population_percentile": "<NA>", "elderly_ratio_percentile": "<NA>", "transport_distance_percentile": "<NA>", "medical_distance_percentile": "<NA>", "exploratory_score_a": "<NA>", "exploratory_score_b": "<NA>", "exploratory_score_c": "<NA>", "rank_a_unfiltered": "<NA>", "rank_b_unfiltered": "<NA>", "rank_c_unfiltered": "<NA>", "pareto_frontier": "<NA>", "eligibility_population_threshold": true, "eligibility_elderly_threshold": true, "primary_eligible": false, "rank": null }, "geometry": { "type": "Polygon", "coordinates": [ [ [ 139.5, 35.354166666666671 ], [ 139.50625, 35.354166666666671 ], [ 139.50625, 35.358333333333341 ], [ 139.5, 35.358333333333341 ], [ 139.5, 35.354166666666671 ] ] ] } },
{ "type": "Feature", "properties": { "mesh_code": "533913031", "centroid_lat": 35.41875, "centroid_lon": 139.415625, "city_area_fraction": 0.39879491821973473, "centroid_within_city": false, "population": 180, "elderly_population": 53.0, "reported_elderly_population": 53.0, "elderly_ratio": 0.29444444444444445, "HTKSYORI": "0", "HTKSAKI": null, "GASSAN": null, "disclosure_status": "unaffected", "suppression_flag": false, "aggregation_target_flag": false, "aggregation_flag": false, "primary_eligible_disclosure": true, "nearest_station_name": "長後", "nearest_station_distance_m": 4571.5195276829327, "nearest_bus_stop_name": "女坂", "nearest_bus_stop_distance_m": 330.62725730290009, "nearest_public_transport_type": "bus_stop", "nearest_public_transport_name": "女坂", "nearest_public_transport_distance_m": 330.62725730290009, "nearest_medical_name": "ココロまち診療所", "nearest_medical_distance_m": 293.10151833657466, "nearest_hospital_name": "藤沢御所見病院", "nearest_medical_access_class": "likely_public", "nearest_hospital_distance_m": 2798.2035010777749, "nearest_clinic_name": "ココロまち診療所", "nearest_clinic_distance_m": 293.10151833657466, "elderly_population_percentile": "<NA>", "elderly_ratio_percentile": "<NA>", "transport_distance_percentile": "<NA>", "medical_distance_percentile": "<NA>", "exploratory_score_a": "<NA>", "exploratory_score_b": "<NA>", "exploratory_score_c": "<NA>", "rank_a_unfiltered": "<NA>", "rank_b_unfiltered": "<NA>", "rank_c_unfiltered": "<NA>", "pareto_frontier": "<NA>", "eligibility_population_threshold": true, "eligibility_elderly_threshold": true, "primary_eligible": false, "rank": null }, "geometry": { "type": "Polygon", "coordinates": [ [ [ 139.4125, 35.416666666666671 ], [ 139.41875, 35.416666666666671 ], [ 139.41875, 35.420833333333341 ], [ 139.4125, 35.420833333333341 ], [ 139.4125, 35.416666666666671 ] ] ] } },
{ "type": "Feature", "properties": { "mesh_code": "533913032", "centroid_lat": 35.41875, "centroid_lon": 139.421875, "city_area_fraction": 0.073153003956072618, "centroid_within_city": false, "population": 105, "elderly_population": 24.0, "reported_elderly_population": 24.0, "elderly_ratio": 0.22857142857142856, "HTKSYORI": "0", "HTKSAKI": null, "GASSAN": null, "disclosure_status": "unaffected", "suppression_flag": false, "aggregation_target_flag": false, "aggregation_flag": false, "primary_eligible_disclosure": true, "nearest_station_name": "長後", "nearest_station_distance_m": 4012.011444882568, "nearest_bus_stop_name": "女坂", "nearest_bus_stop_distance_m": 293.68835336811151, "nearest_public_transport_type": "bus_stop", "nearest_public_transport_name": "女坂", "nearest_public_transport_distance_m": 293.68835336811151, "nearest_medical_name": "ココロまち診療所", "nearest_medical_distance_m": 662.26699901008215, "nearest_hospital_name": "藤沢御所見病院", "nearest_medical_access_class": "likely_public", "nearest_hospital_distance_m": 2977.3028081275725, "nearest_clinic_name": "ココロまち診療所", "nearest_clinic_distance_m": 662.26699901008215, "elderly_population_percentile": "<NA>", "elderly_ratio_percentile": "<NA>", "transport_distance_percentile": "<NA>", "medical_distance_percentile": "<NA>", "exploratory_score_a": "<NA>", "exploratory_score_b": "<NA>", "exploratory_score_c": "<NA>", "rank_a_unfiltered": "<NA>", "rank_b_unfiltered": "<NA>", "rank_c_unfiltered": "<NA>", "pareto_frontier": "<NA>", "eligibility_population_threshold": true, "eligibility_elderly_threshold": true, "primary_eligible": false, "rank": null }, "geometry": { "type": "Polygon", "coordinates": [ [ [ 139.41875, 35.416666666666671 ], [ 139.425, 35.416666666666671 ], [ 139.425, 35.420833333333341 ], [ 139.41875, 35.420833333333341 ], [ 139.41875, 35.416666666666671 ] ] ] } },
{ "type": "Feature", "properties": { "mesh_code": "533913041", "centroid_lat": 35.41875, "centroid_lon": 139.428125, "city_area_fraction": 0.70890148343254966, "centroid_within_city": true, "population": 126, "elderly_population": 44.0, "reported_elderly_population": 44.0, "elderly_ratio": 0.34920634920634919, "HTKSYORI": "0", "HTKSAKI": null, "GASSAN": null, "disclosure_status": "unaffected", "suppression_flag": false, "aggregation_target_flag": false, "aggregation_flag": false, "primary_eligible_disclosure": true, "nearest_station_name": "長後", "nearest_station_distance_m": 3455.1460017748791, "nearest_bus_stop_name": "天沼", "nearest_bus_stop_distance_m": 357.39931606492422, "nearest_public_transport_type": "bus_stop", "nearest_public_transport_name": "天沼", "nearest_public_transport_distance_m": 357.39931606492422, "nearest_medical_name": "特別養護老人ホームかつらはら医務室", "nearest_medical_distance_m": 1127.9535676319974, "nearest_hospital_name": "医療法人社団　健育会　湘南慶育病院", "nearest_medical_access_class": "uncertain_access", "nearest_hospital_distance_m": 3095.9477793671163, "nearest_clinic_name": "特別養護老人ホームかつらはら医務室", "nearest_clinic_distance_m": 1127.9535676319974, "elderly_population_percentile": "0.09125475285171103", "elderly_ratio_percentile": "0.844106463878327", "transport_distance_percentile": "0.844106463878327", "medical_distance_percentile": "0.9923954372623575", "exploratory_score_a": "0.07702872674174847", "exploratory_score_b": "0.09056080035854212", "exploratory_score_c": "0.07644295695664012", "rank_a_unfiltered": "190", "rank_b_unfiltered": "193", "rank_c_unfiltered": "126", "pareto_frontier": "True", "eligibility_population_threshold": true, "eligibility_elderly_threshold": true, "primary_eligible": true, "rank": 126 }, "geometry": { "type": "Polygon", "coordinates": [ [ [ 139.425, 35.416666666666671 ], [ 139.43125, 35.416666666666671 ], [ 139.43125, 35.420833333333341 ], [ 139.425, 35.420833333333341 ], [ 139.425, 35.416666666666671 ] ] ] } },
{ "type": "Feature", "properties": { "mesh_code": "533913042", "centroid_lat": 35.41875, "centroid_lon": 139.434375, "city_area_fraction": 0.30344695047614295, "centroid_within_city": false, "population": 688, "elderly_population": 243.0, "reported_elderly_population": 243.0, "elderly_ratio": 0.35319767441860467, "HTKSYORI": "0", "HTKSAKI": null, "GASSAN": null, "disclosure_status": "unaffected", "suppression_flag": false, "aggregation_target_flag": false, "aggregation_flag": false, "primary_eligible_disclosure": true, "nearest_station_name": "長後", "nearest_station_distance_m": 2902.4444787460002, "nearest_bus_stop_name": "長坂上", "nearest_bus_stop_distance_m": 203.37556422600065, "nearest_public_transport_type": "bus_stop", "nearest_public_transport_name": "長坂上", "nearest_public_transport_distance_m": 203.37556422600065, "nearest_medical_name": "特別養護老人ホームかつらはら医務室", "nearest_medical_distance_m": 1420.8242230435726, "nearest_hospital_name": "医療法人社団　健育会　湘南慶育病院", "nearest_medical_access_class": "uncertain_access", "nearest_hospital_distance_m": 3096.1434411436412, "nearest_clinic_name": "特別養護老人ホームかつらはら医務室", "nearest_clinic_distance_m": 1420.8242230435726, "elderly_population_percentile": "<NA>", "elderly_ratio_percentile": "<NA>", "transport_distance_percentile": "<NA>", "medical_distance_percentile": "<NA>", "exploratory_score_a": "<NA>", "exploratory_score_b": "<NA>", "exploratory_score_c": "<NA>", "rank_a_unfiltered": "<NA>", "rank_b_unfiltered": "<NA>", "rank_c_unfiltered": "<NA>", "pareto_frontier": "<NA>", "eligibility_population_threshold": true, "eligibility_elderly_threshold": true, "primary_eligible": false, "rank": null }, "geometry": { "type": "Polygon", "coordinates": [ [ [ 139.43125, 35.416666666666671 ], [ 139.4375, 35.416666666666671 ], [ 139.4375, 35.420833333333341 ], [ 139.43125, 35.420833333333341 ], [ 139.43125, 35.416666666666671 ] ] ] } },
{ "type": "Feature", "properties": { "mesh_code": "533913054", "centroid_lat": 35.42291666666668, "centroid_lon": 139.446875, "city_area_fraction": 0.14065808710301167, "centroid_within_city": false, "population": 2368, "elderly_population": 657.0, "reported_elderly_population": 657.0, "elderly_ratio": 0.27744932432432434, "HTKSYORI": "0", "HTKSAKI": null, "GASSAN": null, "disclosure_status": "unaffected", "suppression_flag": false, "aggregation_target_flag": false, "aggregation_flag": false, "primary_eligible_disclosure": true, "nearest_station_name": "長後", "nearest_station_distance_m": 2051.6790893670463, "nearest_bus_stop_name": "上土棚北二丁目", "nearest_bus_stop_distance_m": 419.98024610046104, "nearest_public_transport_type": "bus_stop", "nearest_public_transport_name": "上土棚北二丁目", "nearest_public_transport_distance_m": 419.98024610046104, "nearest_medical_name": "特別養護老人ホーム藤沢富士白苑医務室", "nearest_medical_distance_m": 393.88428481449341, "nearest_hospital_name": "一般財団法人同友会　藤沢湘南台病院", "nearest_medical_access_class": "uncertain_access", "nearest_hospital_distance_m": 2242.4486910983487, "nearest_clinic_name": "特別養護老人ホーム藤沢富士白苑医務室", "nearest_clinic_distance_m": 393.88428481449341, "elderly_population_percentile": "<NA>", "elderly_ratio_percentile": "<NA>", "transport_distance_percentile": "<NA>", "medical_distance_percentile": "<NA>", "exploratory_score_a": "<NA>", "exploratory_score_b": "<NA>", "exploratory_score_c": "<NA>", "rank_a_unfiltered": "<NA>", "rank_b_unfiltered": "<NA>", "rank_c_unfiltered": "<NA>", "pareto_frontier": "<NA>", "eligibility_population_threshold": true, "eligibility_elderly_threshold": true, "primary_eligible": false, "rank": null }, "geometry": { "type": "Polygon", "coordinates": [ [ [ 139.44375, 35.420833333333341 ], [ 139.45, 35.420833333333341 ], [ 139.45, 35.425 ], [ 139.44375, 35.425 ], [ 139.44375, 35.420833333333341 ] ] ] } },
{ "type": "Feature", "properties": { "mesh_code": "533913061", "centroid_lat": 35.41875, "centroid_lon": 139.453125, "city_area_fraction": 0.23681000293185295, "centroid_within_city": false, "population": 1195, "elderly_population": 359.0, "reported_elderly_population": 359.0, "elderly_ratio": 0.300418410041841, "HTKSYORI": "0", "HTKSAKI": null, "GASSAN": null, "disclosure_status": "unaffected", "suppression_flag": false, "aggregation_target_flag": false, "aggregation_flag": false, "primary_eligible_disclosure": true, "nearest_station_name": "長後", "nearest_station_distance_m": 1322.3978979886031, "nearest_bus_stop_name": "上谷台", "nearest_bus_stop_distance_m": 473.32252218841586, "nearest_public_transport_type": "bus_stop", "nearest_public_transport_name": "上谷台", "nearest_public_transport_distance_m": 473.32252218841586, "nearest_medical_name": "特別養護老人ホーム藤沢富士白苑医務室", "nearest_medical_distance_m": 520.03837831194687, "nearest_hospital_name": "一般財団法人同友会　藤沢湘南台病院", "nearest_medical_access_class": "uncertain_access", "nearest_hospital_distance_m": 1583.3971945314647, "nearest_clinic_name": "特別養護老人ホーム藤沢富士白苑医務室", "nearest_clinic_distance_m": 520.03837831194687, "elderly_population_percentile": "<NA>", "elderly_ratio_percentile": "<NA>", "transport_distance_percentile": "<NA>", "medical_distance_percentile": "<NA>", "exploratory_score_a": "<NA>", "exploratory_score_b": "<NA>", "exploratory_score_c": "<NA>", "rank_a_unfiltered": "<NA>", "rank_b_unfiltered": "<NA>", "rank_c_unfiltered": "<NA>", "pareto_frontier": "<NA>", "eligibility_population_threshold": true, "eligibility_elderly_threshold": true, "primary_eligible": false, "rank": null }, "geometry": { "type": "Polygon", "coordinates": [ [ [ 139.45, 35.416666666666671 ], [ 139.45625, 35.416666666666671 ], [ 139.45625, 35.420833333333341 ], [ 139.45, 35.420833333333341 ], [ 139.45, 35.416666666666671 ] ] ] } },
{ "type": "Feature", "properties": { "mesh_code": "533913062", "centroid_lat": 35.41875, "centroid_lon": 139.459375, "city_area_fraction": 0.98755804625750088, "centroid_within_city": true, "population": 794, "elderly_population": 280.0, "reported_elderly_population": 280.0, "elderly_ratio": 0.3526448362720403, "HTKSYORI": "0", "HTKSAKI": null, "GASSAN": null, "disclosure_status": "unaffected", "suppression_flag": false, "aggregation_target_flag": false, "aggregation_flag": false, "primary_eligible_disclosure": true, "nearest_station_name": "長後", "nearest_station_distance_m": 901.26823055966986, "nearest_bus_stop_name": "上谷台", "nearest_bus_stop_distance_m": 156.35276788571136, "nearest_public_transport_type": "bus_stop", "nearest_public_transport_name": "上谷台", "nearest_public_transport_distance_m": 156.35276788571136, "nearest_medical_name": "医療法人社団ＴＡＳ長後整形外科", "nearest_medical_distance_m": 745.46797326977139, "nearest_hospital_name": "一般財団法人同友会　藤沢湘南台病院", "nearest_medical_access_class": "likely_public", "nearest_hospital_distance_m": 1024.6060616046548, "nearest_clinic_name": "医療法人社団ＴＡＳ長後整形外科", "nearest_clinic_distance_m": 745.46797326977139, "elderly_population_percentile": "0.4068441064638783", "elderly_ratio_percentile": "0.8517110266159695", "transport_distance_percentile": "0.376425855513308", "medical_distance_percentile": "0.9543726235741445", "exploratory_score_a": "0.15314664083621274", "exploratory_score_b": "0.3882808772716101", "exploratory_score_c": "0.14615896140642357", "rank_a_unfiltered": "141", "rank_b_unfiltered": "36", "rank_c_unfiltered": "74", "pareto_frontier": "False", "eligibility_population_threshold": true, "eligibility_elderly_threshold": true, "primary_eligible": true, "rank": 74 }, "geometry": { "type": "Polygon", "coordinates": [ [ [ 139.45625, 35.416666666666671 ], [ 139.4625, 35.416666666666671 ], [ 139.4625, 35.420833333333341 ], [ 139.45625, 35.420833333333341 ], [ 139.45625, 35.416666666666671 ] ] ] } },
{ "type": "Feature", "properties": { "mesh_code": "533913063", "centroid_lat": 35.42291666666668, "centroid_lon": 139.453125, "city_area_fraction": 0.89280829691060604, "centroid_within_city": true, "population": 969, "elderly_population": 518.0, "reported_elderly_population": 518.0, "elderly_ratio": 0.53457172342621262, "HTKSYORI": "0", "HTKSAKI": null, "GASSAN": null, "disclosure_status": "unaffected", "suppression_flag": false, "aggregation_target_flag": false, "aggregation_flag": false, "primary_eligible_disclosure": true, "nearest_station_name": "長後", "nearest_station_distance_m": 1621.3168025409639, "nearest_bus_stop_name": "上谷台", "nearest_bus_stop_distance_m": 736.37078301939039, "nearest_public_transport_type": "bus_stop", "nearest_public_transport_name": "上谷台", "nearest_public_transport_distance_m": 736.37078301939039, "nearest_medical_name": "特別養護老人ホーム藤沢富士白苑医務室", "nearest_medical_distance_m": 176.80059825510699, "nearest_hospital_name": "一般財団法人同友会　藤沢湘南台病院", "nearest_medical_access_class": "uncertain_access", "nearest_hospital_distance_m": 1710.8601362771874, "nearest_clinic_name": "特別養護老人ホーム藤沢富士白苑医務室", "nearest_clinic_distance_m": 176.80059825510699, "elderly_population_percentile": "0.6159695817490495", "elderly_ratio_percentile": "1.0", "transport_distance_percentile": "0.9809885931558935", "medical_distance_percentile": "0.23574144486692014", "exploratory_score_a": "0.6042591334268241", "exploratory_score_b": "0.14520955919559342", "exploratory_score_c": "0.1424489211880726", "rank_a_unfiltered": "20", "rank_b_unfiltered": "155", "rank_c_unfiltered": "77", "pareto_frontier": "True", "eligibility_population_threshold": true, "eligibility_elderly_threshold": true, "primary_eligible": true, "rank": 77 }, "geometry": { "type": "Polygon", "coordinates": [ [ [ 139.45, 35.420833333333341 ], [ 139.45625, 35.420833333333341 ], [ 139.45625, 35.425 ], [ 139.45, 35.425 ], [ 139.45, 35.420833333333341 ] ] ] } },
{ "type": "Feature", "properties": { "mesh_code": "533913064", "centroid_lat": 35.42291666666668, "centroid_lon": 139.459375, "city_area_fraction": 0.77809098831722789, "centroid_within_city": true, "population": 1579, "elderly_population": 511.0, "reported_elderly_population": 511.0, "elderly_ratio": 0.32362254591513617, "HTKSYORI": "0", "HTKSAKI": null, "GASSAN": null, "disclosure_status": "unaffected", "suppression_flag": false, "aggregation_target_flag": false, "aggregation_flag": false, "primary_eligible_disclosure": true, "nearest_station_name": "長後", "nearest_station_distance_m": 1300.8705523228966, "nearest_bus_stop_name": "上谷台", "nearest_bus_stop_distance_m": 585.37512125387934, "nearest_public_transport_type": "bus_stop", "nearest_public_transport_name": "上谷台", "nearest_public_transport_distance_m": 585.37512125387934, "nearest_medical_name": "特別養護老人ホーム藤沢富士白苑医務室", "nearest_medical_distance_m": 742.69739658084643, "nearest_hospital_name": "一般財団法人同友会　藤沢湘南台病院", "nearest_medical_access_class": "uncertain_access", "nearest_hospital_distance_m": 1212.3481963103072, "nearest_clinic_name": "特別養護老人ホーム藤沢富士白苑医務室", "nearest_clinic_distance_m": 742.69739658084643, "elderly_population_percentile": "0.6083650190114068", "elderly_ratio_percentile": "0.8022813688212928", "transport_distance_percentile": "0.9619771863117871", "medical_distance_percentile": "0.9505703422053232", "exploratory_score_a": "0.58523326923911", "exploratory_score_b": "0.578293744307421", "exploratory_score_c": "0.5563053890105608", "rank_a_unfiltered": "21", "rank_b_unfiltered": "11", "rank_c_unfiltered": "3", "pareto_frontier": "True", "eligibility_population_threshold": true, "eligibility_elderly_threshold": true, "primary_eligible": true, "rank": 3 }, "geometry": { "type": "Polygon", "coordinates": [ [ [ 139.45625, 35.420833333333341 ], [ 139.4625, 35.420833333333341 ], [ 139.4625, 35.425 ], [ 139.45625, 35.425 ], [ 139.45625, 35.420833333333341 ] ] ] } },
{ "type": "Feature", "properties": { "mesh_code": "533913071", "centroid_lat": 35.41875, "centroid_lon": 139.465625, "city_area_fraction": 0.99999999999999978, "centroid_within_city": true, "population": 2014, "elderly_population": 491.0, "reported_elderly_population": 491.0, "elderly_ratio": 0.24379344587884808, "HTKSYORI": "0", "HTKSAKI": null, "GASSAN": null, "disclosure_status": "unaffected", "suppression_flag": false, "aggregation_target_flag": false, "aggregation_flag": false, "primary_eligible_disclosure": true, "nearest_station_name": "長後", "nearest_station_distance_m": 721.23492625660413, "nearest_bus_stop_name": "藤沢湘南台病院前", "nearest_bus_stop_distance_m": 613.67521010525934, "nearest_public_transport_type": "bus_stop", "nearest_public_transport_name": "藤沢湘南台病院前", "nearest_public_transport_distance_m": 613.67521010525934, "nearest_medical_name": "山口クリニック", "nearest_medical_distance_m": 389.30687959923887, "nearest_hospital_name": "一般財団法人同友会　藤沢湘南台病院", "nearest_medical_access_class": "likely_public", "nearest_hospital_distance_m": 486.62120593034757, "nearest_clinic_name": "山口クリニック", "nearest_clinic_distance_m": 389.30687959923887, "elderly_population_percentile": "0.5931558935361216", "elderly_ratio_percentile": "0.4448669201520912", "transport_distance_percentile": "0.9771863117870723", "medical_distance_percentile": "0.623574144486692", "exploratory_score_a": "0.579623819919328", "exploratory_score_b": "0.3698766788590264", "exploratory_score_c": "0.36143842763030337", "rank_a_unfiltered": "22", "rank_b_unfiltered": "42", "rank_c_unfiltered": "12", "pareto_frontier": "True", "eligibility_population_threshold": true, "eligibility_elderly_threshold": true, "primary_eligible": true, "rank": 12 }, "geometry": { "type": "Polygon", "coordinates": [ [ [ 139.4625, 35.416666666666671 ], [ 139.46875, 35.416666666666671 ], [ 139.46875, 35.420833333333341 ], [ 139.4625, 35.420833333333341 ], [ 139.4625, 35.416666666666671 ] ] ] } },
{ "type": "Feature", "properties": { "mesh_code": "533913072", "centroid_lat": 35.41875, "centroid_lon": 139.471875, "city_area_fraction": 0.99999999999999978, "centroid_within_city": true, "population": 2760, "elderly_population": 773.0, "reported_elderly_population": 773.0, "elderly_ratio": 0.28007246376811595, "HTKSYORI": "0", "HTKSAKI": null, "GASSAN": null, "disclosure_status": "unaffected", "suppression_flag": false, "aggregation_target_flag": false, "aggregation_flag": false, "primary_eligible_disclosure": true, "nearest_station_name": "長後", "nearest_station_distance_m": 934.03505037137802, "nearest_bus_stop_name": "藤沢湘南台病院前", "nearest_bus_stop_distance_m": 282.39172412231443, "nearest_public_transport_type": "bus_stop", "nearest_public_transport_name": "藤沢湘南台病院前", "nearest_public_transport_distance_m": 282.39172412231443, "nearest_medical_name": "一般財団法人同友会　藤沢湘南台病院", "nearest_medical_distance_m": 260.94752695911222, "nearest_hospital_name": "一般財団法人同友会　藤沢湘南台病院", "nearest_medical_access_class": "likely_public", "nearest_hospital_distance_m": 260.94752695911222, "nearest_clinic_name": "山口クリニック", "nearest_clinic_distance_m": 294.24835272467527, "elderly_population_percentile": "0.9049429657794676", "elderly_ratio_percentile": "0.6577946768060836", "transport_distance_percentile": "0.7414448669201521", "medical_distance_percentile": "0.3916349809885932", "exploratory_score_a": "0.6709653168326851", "exploratory_score_b": "0.3544073211988029", "exploratory_score_c": "0.262773489101774", "rank_a_unfiltered": "12", "rank_b_unfiltered": "50", "rank_c_unfiltered": "24", "pareto_frontier": "False", "eligibility_population_threshold": true, "eligibility_elderly_threshold": true, "primary_eligible": true, "rank": 24 }, "geometry": { "type": "Polygon", "coordinates": [ [ [ 139.46875, 35.416666666666671 ], [ 139.475, 35.416666666666671 ], [ 139.475, 35.420833333333341 ], [ 139.46875, 35.420833333333341 ], [ 139.46875, 35.416666666666671 ] ] ] } },
{ "type": "Feature", "properties": { "mesh_code": "533913073", "centroid_lat": 35.42291666666668, "centroid_lon": 139.465625, "city_area_fraction": 0.76866234594233862, "centroid_within_city": true, "population": 3590, "elderly_population": 921.0, "reported_elderly_population": 921.0, "elderly_ratio": 0.25654596100278554, "HTKSYORI": "0", "HTKSAKI": null, "GASSAN": null, "disclosure_status": "unaffected", "suppression_flag": false, "aggregation_target_flag": false, "aggregation_flag": false, "primary_eligible_disclosure": true, "nearest_station_name": "長後", "nearest_station_distance_m": 1183.2895738087248, "nearest_bus_stop_name": "県営サンハイツ渋谷前", "nearest_bus_stop_distance_m": 592.5779838626122, "nearest_public_transport_type": "bus_stop", "nearest_public_transport_name": "県営サンハイツ渋谷前", "nearest_public_transport_distance_m": 592.5779838626122, "nearest_medical_name": "山口クリニック", "nearest_medical_distance_m": 734.03784847416216, "nearest_hospital_name": "一般財団法人同友会　藤沢湘南台病院", "nearest_medical_access_class": "likely_public", "nearest_hospital_distance_m": 810.43965256164165, "nearest_clinic_name": "山口クリニック", "nearest_clinic_distance_m": 734.03784847416216, "elderly_population_percentile": "0.9505703422053232", "elderly_ratio_percentile": "0.5285171102661597", "transport_distance_percentile": "0.9657794676806084", "medical_distance_percentile": "0.9467680608365019", "exploratory_score_a": "0.9180413190880308", "exploratory_score_b": "0.8999696395784239", "exploratory_score_c": "0.8691721994407592", "rank_a_unfiltered": "1", "rank_b_unfiltered": "1", "rank_c_unfiltered": "1", "pareto_frontier": "True", "eligibility_population_threshold": true, "eligibility_elderly_threshold": true, "primary_eligible": true, "rank": 1 }, "geometry": { "type": "Polygon", "coordinates": [ [ [ 139.4625, 35.420833333333341 ], [ 139.46875, 35.420833333333341 ], [ 139.46875, 35.425 ], [ 139.4625, 35.425 ], [ 139.4625, 35.420833333333341 ] ] ] } },
{ "type": "Feature", "properties": { "mesh_code": "533913074", "centroid_lat": 35.42291666666668, "centroid_lon": 139.471875, "city_area_fraction": 0.57856815055974586, "centroid_within_city": true, "population": 1295, "elderly_population": 353.0, "reported_elderly_population": 353.0, "elderly_ratio": 0.27258687258687259, "HTKSYORI": "0", "HTKSAKI": null, "GASSAN": null, "disclosure_status": "unaffected", "suppression_flag": false, "aggregation_target_flag": false, "aggregation_flag": false, "primary_eligible_disclosure": true, "nearest_station_name": "長後", "nearest_station_distance_m": 1323.7814500464733, "nearest_bus_stop_name": "藤沢湘南台病院前", "nearest_bus_stop_distance_m": 744.08897516981756, "nearest_public_transport_type": "bus_stop", "nearest_public_transport_name": "藤沢湘南台病院前", "nearest_public_transport_distance_m": 744.08897516981756, "nearest_medical_name": "山口クリニック", "nearest_medical_distance_m": 688.3581742062479, "nearest_hospital_name": "一般財団法人同友会　藤沢湘南台病院", "nearest_medical_access_class": "likely_public", "nearest_hospital_distance_m": 698.6517991783038, "nearest_clinic_name": "山口クリニック", "nearest_clinic_distance_m": 688.3581742062479, "elderly_population_percentile": "0.467680608365019", "elderly_ratio_percentile": "0.6121673003802282", "transport_distance_percentile": "0.9847908745247148", "medical_distance_percentile": "0.9125475285171103", "exploratory_score_a": "0.4605675953100377", "exploratory_score_b": "0.4267807832988767", "exploratory_score_c": "0.4202898208152436", "rank_a_unfiltered": "34", "rank_b_unfiltered": "27", "rank_c_unfiltered": "6", "pareto_frontier": "True", "eligibility_population_threshold": true, "eligibility_elderly_threshold": true, "primary_eligible": true, "rank": 6 }, "geometry": { "type": "Polygon", "coordinates": [ [ [ 139.46875, 35.420833333333341 ], [ 139.475, 35.420833333333341 ], [ 139.475, 35.425 ], [ 139.46875, 35.425 ], [ 139.46875, 35.420833333333341 ] ] ] } },
{ "type": "Feature", "properties": { "mesh_code": "533913081", "centroid_lat": 35.41875, "centroid_lon": 139.478125, "city_area_fraction": 0.47194744235184627, "centroid_within_city": false, "population": 1483, "elderly_population": 368.0, "reported_elderly_population": 368.0, "elderly_ratio": 0.24814565070802427, "HTKSYORI": "0", "HTKSAKI": null, "GASSAN": null, "disclosure_status": "unaffected", "suppression_flag": false, "aggregation_target_flag": false, "aggregation_flag": false, "primary_eligible_disclosure": true, "nearest_station_name": "長後", "nearest_station_distance_m": 1367.1168564181883, "nearest_bus_stop_name": "上高倉", "nearest_bus_stop_distance_m": 290.64927354827813, "nearest_public_transport_type": "bus_stop", "nearest_public_transport_name": "上高倉", "nearest_public_transport_distance_m": 290.64927354827813, "nearest_medical_name": "一般財団法人同友会　藤沢湘南台病院", "nearest_medical_distance_m": 737.3580724920887, "nearest_hospital_name": "一般財団法人同友会　藤沢湘南台病院", "nearest_medical_access_class": "likely_public", "nearest_hospital_distance_m": 737.3580724920887, "nearest_clinic_name": "山口クリニック", "nearest_clinic_distance_m": 816.03409855096356, "elderly_population_percentile": "<NA>", "elderly_ratio_percentile": "<NA>", "transport_distance_percentile": "<NA>", "medical_distance_percentile": "<NA>", "exploratory_score_a": "<NA>", "exploratory_score_b": "<NA>", "exploratory_score_c": "<NA>", "rank_a_unfiltered": "<NA>", "rank_b_unfiltered": "<NA>", "rank_c_unfiltered": "<NA>", "pareto_frontier": "<NA>", "eligibility_population_threshold": true, "eligibility_elderly_threshold": true, "primary_eligible": false, "rank": null }, "geometry": { "type": "Polygon", "coordinates": [ [ [ 139.475, 35.416666666666671 ], [ 139.48125, 35.416666666666671 ], [ 139.48125, 35.420833333333341 ], [ 139.475, 35.420833333333341 ], [ 139.475, 35.416666666666671 ] ] ] } },
{ "type": "Feature", "properties": { "mesh_code": "533913083", "centroid_lat": 35.42291666666668, "centroid_lon": 139.478125, "city_area_fraction": 0.0858941700092202, "centroid_within_city": false, "population": 1908, "elderly_population": 911.0, "reported_elderly_population": 911.0, "elderly_ratio": 0.47746331236897277, "HTKSYORI": "0", "HTKSAKI": null, "GASSAN": null, "disclosure_status": "unaffected", "suppression_flag": false, "aggregation_target_flag": false, "aggregation_flag": false, "primary_eligible_disclosure": true, "nearest_station_name": "長後", "nearest_station_distance_m": 1657.9905416823065, "nearest_bus_stop_name": "上高倉", "nearest_bus_stop_distance_m": 691.8511751766913, "nearest_public_transport_type": "bus_stop", "nearest_public_transport_name": "上高倉", "nearest_public_transport_distance_m": 691.8511751766913, "nearest_medical_name": "一般財団法人同友会　藤沢湘南台病院", "nearest_medical_distance_m": 981.67864990011742, "nearest_hospital_name": "一般財団法人同友会　藤沢湘南台病院", "nearest_medical_access_class": "likely_public", "nearest_hospital_distance_m": 981.67864990011742, "nearest_clinic_name": "山口クリニック", "nearest_clinic_distance_m": 1026.2244037566441, "elderly_population_percentile": "<NA>", "elderly_ratio_percentile": "<NA>", "transport_distance_percentile": "<NA>", "medical_distance_percentile": "<NA>", "exploratory_score_a": "<NA>", "exploratory_score_b": "<NA>", "exploratory_score_c": "<NA>", "rank_a_unfiltered": "<NA>", "rank_b_unfiltered": "<NA>", "rank_c_unfiltered": "<NA>", "pareto_frontier": "<NA>", "eligibility_population_threshold": true, "eligibility_elderly_threshold": true, "primary_eligible": false, "rank": null }, "geometry": { "type": "Polygon", "coordinates": [ [ [ 139.475, 35.420833333333341 ], [ 139.48125, 35.420833333333341 ], [ 139.48125, 35.425 ], [ 139.475, 35.425 ], [ 139.475, 35.420833333333341 ] ] ] } },
{ "type": "Feature", "properties": { "mesh_code": "533913151", "centroid_lat": 35.427083333333343, "centroid_lon": 139.440625, "city_area_fraction": 0.00095119318754077048, "centroid_within_city": false, "population": 136, "elderly_population": 26.0, "reported_elderly_population": 26.0, "elderly_ratio": 0.19117647058823528, "HTKSYORI": "0", "HTKSAKI": null, "GASSAN": null, "disclosure_status": "unaffected", "suppression_flag": false, "aggregation_target_flag": false, "aggregation_flag": false, "primary_eligible_disclosure": true, "nearest_station_name": "長後", "nearest_station_distance_m": 2782.355286992723, "nearest_bus_stop_name": "上土棚北二丁目", "nearest_bus_stop_distance_m": 427.98802202531954, "nearest_public_transport_type": "bus_stop", "nearest_public_transport_name": "上土棚北二丁目", "nearest_public_transport_distance_m": 427.98802202531954, "nearest_medical_name": "特別養護老人ホーム藤沢富士白苑医務室", "nearest_medical_distance_m": 1054.2171405093648, "nearest_hospital_name": "一般財団法人同友会　藤沢湘南台病院", "nearest_medical_access_class": "uncertain_access", "nearest_hospital_distance_m": 2936.2184055344192, "nearest_clinic_name": "特別養護老人ホーム藤沢富士白苑医務室", "nearest_clinic_distance_m": 1054.2171405093648, "elderly_population_percentile": "<NA>", "elderly_ratio_percentile": "<NA>", "transport_distance_percentile": "<NA>", "medical_distance_percentile": "<NA>", "exploratory_score_a": "<NA>", "exploratory_score_b": "<NA>", "exploratory_score_c": "<NA>", "rank_a_unfiltered": "<NA>", "rank_b_unfiltered": "<NA>", "rank_c_unfiltered": "<NA>", "pareto_frontier": "<NA>", "eligibility_population_threshold": true, "eligibility_elderly_threshold": true, "primary_eligible": false, "rank": null }, "geometry": { "type": "Polygon", "coordinates": [ [ [ 139.4375, 35.425 ], [ 139.44375, 35.425 ], [ 139.44375, 35.429166666666674 ], [ 139.4375, 35.429166666666674 ], [ 139.4375, 35.425 ] ] ] } },
{ "type": "Feature", "properties": { "mesh_code": "533913152", "centroid_lat": 35.427083333333343, "centroid_lon": 139.446875, "city_area_fraction": 0.57569148540498105, "centroid_within_city": true, "population": 244, "elderly_population": 100.0, "reported_elderly_population": 100.0, "elderly_ratio": 0.4098360655737705, "HTKSYORI": "0", "HTKSAKI": null, "GASSAN": null, "disclosure_status": "unaffected", "suppression_flag": false, "aggregation_target_flag": false, "aggregation_flag": false, "primary_eligible_disclosure": true, "nearest_station_name": "長後", "nearest_station_distance_m": 2348.7401074313889, "nearest_bus_stop_name": "上土棚北二丁目", "nearest_bus_stop_distance_m": 160.17868306518744, "nearest_public_transport_type": "bus_stop", "nearest_public_transport_name": "上土棚北二丁目", "nearest_public_transport_distance_m": 160.17868306518744, "nearest_medical_name": "特別養護老人ホーム藤沢富士白苑医務室", "nearest_medical_distance_m": 585.91686591517271, "nearest_hospital_name": "一般財団法人同友会　藤沢湘南台病院", "nearest_medical_access_class": "uncertain_access", "nearest_hospital_distance_m": 2423.9854302654871, "nearest_clinic_name": "特別養護老人ホーム藤沢富士白苑医務室", "nearest_clinic_distance_m": 585.91686591517271, "elderly_population_percentile": "0.20532319391634982", "elderly_ratio_percentile": "0.9429657794676806", "transport_distance_percentile": "0.38783269961977185", "medical_distance_percentile": "0.8288973384030418", "exploratory_score_a": "0.07963104859113186", "exploratory_score_b": "0.17019184894967399", "exploratory_score_c": "0.0660059642314325", "rank_a_unfiltered": "188", "rank_b_unfiltered": "136", "rank_c_unfiltered": "134", "pareto_frontier": "False", "eligibility_population_threshold": true, "eligibility_elderly_threshold": true, "primary_eligible": true, "rank": 134 }, "geometry": { "type": "Polygon", "coordinates": [ [ [ 139.44375, 35.425 ], [ 139.45, 35.425 ], [ 139.45, 35.429166666666674 ], [ 139.44375, 35.429166666666674 ], [ 139.44375, 35.425 ] ] ] } },
{ "type": "Feature", "properties": { "mesh_code": "533913161", "centroid_lat": 35.427083333333343, "centroid_lon": 139.453125, "city_area_fraction": 0.28669286142901679, "centroid_within_city": false, "population": 1038, "elderly_population": 294.0, "reported_elderly_population": 294.0, "elderly_ratio": 0.2832369942196532, "HTKSYORI": "0", "HTKSAKI": null, "GASSAN": null, "disclosure_status": "unaffected", "suppression_flag": false, "aggregation_target_flag": false, "aggregation_flag": false, "primary_eligible_disclosure": true, "nearest_station_name": "長後", "nearest_station_distance_m": 1983.9208524787459, "nearest_bus_stop_name": "上土棚北二丁目", "nearest_bus_stop_distance_m": 715.75776701994391, "nearest_public_transport_type": "bus_stop", "nearest_public_transport_name": "上土棚北二丁目", "nearest_public_transport_distance_m": 715.75776701994391, "nearest_medical_name": "特別養護老人ホーム藤沢富士白苑医務室", "nearest_medical_distance_m": 468.42126750181609, "nearest_hospital_name": "一般財団法人同友会　藤沢湘南台病院", "nearest_medical_access_class": "uncertain_access", "nearest_hospital_distance_m": 1942.750486575917, "nearest_clinic_name": "特別養護老人ホーム藤沢富士白苑医務室", "nearest_clinic_distance_m": 468.42126750181609, "elderly_population_percentile": "<NA>", "elderly_ratio_percentile": "<NA>", "transport_distance_percentile": "<NA>", "medical_distance_percentile": "<NA>", "exploratory_score_a": "<NA>", "exploratory_score_b": "<NA>", "exploratory_score_c": "<NA>", "rank_a_unfiltered": "<NA>", "rank_b_unfiltered": "<NA>", "rank_c_unfiltered": "<NA>", "pareto_frontier": "<NA>", "eligibility_population_threshold": true, "eligibility_elderly_threshold": true, "primary_eligible": false, "rank": null }, "geometry": { "type": "Polygon", "coordinates": [ [ [ 139.45, 35.425 ], [ 139.45625, 35.425 ], [ 139.45625, 35.429166666666674 ], [ 139.45, 35.429166666666674 ], [ 139.45, 35.425 ] ] ] } },
{ "type": "Feature", "properties": { "mesh_code": "533913162", "centroid_lat": 35.427083333333343, "centroid_lon": 139.459375, "city_area_fraction": 0.0020781917779671669, "centroid_within_city": false, "population": 1670, "elderly_population": 408.0, "reported_elderly_population": 408.0, "elderly_ratio": 0.24431137724550897, "HTKSYORI": "0", "HTKSAKI": null, "GASSAN": null, "disclosure_status": "unaffected", "suppression_flag": false, "aggregation_target_flag": false, "aggregation_flag": false, "primary_eligible_disclosure": true, "nearest_station_name": "長後", "nearest_station_distance_m": 1731.9311666161327, "nearest_bus_stop_name": "県営サンハイツ渋谷前", "nearest_bus_stop_distance_m": 641.60766835266315, "nearest_public_transport_type": "bus_stop", "nearest_public_transport_name": "県営サンハイツ渋谷前", "nearest_public_transport_distance_m": 641.60766835266315, "nearest_medical_name": "特別養護老人ホーム藤沢富士白苑医務室", "nearest_medical_distance_m": 860.07707119806662, "nearest_hospital_name": "一般財団法人同友会　藤沢湘南台病院", "nearest_medical_access_class": "uncertain_access", "nearest_hospital_distance_m": 1522.2022982466435, "nearest_clinic_name": "特別養護老人ホーム藤沢富士白苑医務室", "nearest_clinic_distance_m": 860.07707119806662, "elderly_population_percentile": "<NA>", "elderly_ratio_percentile": "<NA>", "transport_distance_percentile": "<NA>", "medical_distance_percentile": "<NA>", "exploratory_score_a": "<NA>", "exploratory_score_b": "<NA>", "exploratory_score_c": "<NA>", "rank_a_unfiltered": "<NA>", "rank_b_unfiltered": "<NA>", "rank_c_unfiltered": "<NA>", "pareto_frontier": "<NA>", "eligibility_population_threshold": true, "eligibility_elderly_threshold": true, "primary_eligible": false, "rank": null }, "geometry": { "type": "Polygon", "coordinates": [ [ [ 139.45625, 35.425 ], [ 139.4625, 35.425 ], [ 139.4625, 35.429166666666674 ], [ 139.45625, 35.429166666666674 ], [ 139.45625, 35.425 ] ] ] } },
{ "type": "Feature", "properties": { "mesh_code": "533913171", "centroid_lat": 35.427083333333343, "centroid_lon": 139.465625, "city_area_fraction": 0.17721520377767616, "centroid_within_city": false, "population": 2746, "elderly_population": 724.0, "reported_elderly_population": 724.0, "elderly_ratio": 0.26365622723962129, "HTKSYORI": "0", "HTKSAKI": null, "GASSAN": null, "disclosure_status": "unaffected", "suppression_flag": false, "aggregation_target_flag": false, "aggregation_flag": false, "primary_eligible_disclosure": true, "nearest_station_name": "長後", "nearest_station_distance_m": 1645.4513101296998, "nearest_bus_stop_name": "県営サンハイツ渋谷前", "nearest_bus_stop_distance_m": 141.18082589460138, "nearest_public_transport_type": "bus_stop", "nearest_public_transport_name": "県営サンハイツ渋谷前", "nearest_public_transport_distance_m": 141.18082589460138, "nearest_medical_name": "山口クリニック", "nearest_medical_distance_m": 1163.3590211909184, "nearest_hospital_name": "一般財団法人同友会　藤沢湘南台病院", "nearest_medical_access_class": "likely_public", "nearest_hospital_distance_m": 1226.4442857323488, "nearest_clinic_name": "山口クリニック", "nearest_clinic_distance_m": 1163.3590211909184, "elderly_population_percentile": "<NA>", "elderly_ratio_percentile": "<NA>", "transport_distance_percentile": "<NA>", "medical_distance_percentile": "<NA>", "exploratory_score_a": "<NA>", "exploratory_score_b": "<NA>", "exploratory_score_c": "<NA>", "rank_a_unfiltered": "<NA>", "rank_b_unfiltered": "<NA>", "rank_c_unfiltered": "<NA>", "pareto_frontier": "<NA>", "eligibility_population_threshold": true, "eligibility_elderly_threshold": true, "primary_eligible": false, "rank": null }, "geometry": { "type": "Polygon", "coordinates": [ [ [ 139.4625, 35.425 ], [ 139.46875, 35.425 ], [ 139.46875, 35.429166666666674 ], [ 139.4625, 35.429166666666674 ], [ 139.4625, 35.425 ] ] ] } }
]
}
