mesh_code,network_transport_weighted_mean_distance_m,network_transport_weighted_median_distance_m,network_transport_weighted_p90_distance_m,network_medical_weighted_mean_distance_m,network_medical_weighted_median_distance_m,network_medical_weighted_p90_distance_m,transport_elderly_weight_coverage,medical_elderly_weight_coverage,network_reachable_buildings_transport,network_reachable_buildings_medical,centroid_transport_distance,weighted_mean_transport_distance,weighted_median_transport_distance,weighted_p90_transport_distance,transport_difference,centroid_medical_distance,weighted_mean_medical_distance,weighted_median_medical_distance,weighted_p90_medical_distance,medical_difference,population_weighted_mean_transport_distance,population_weighted_median_transport_distance,population_weighted_p90_transport_distance,population_weighted_mean_medical_distance,population_weighted_median_medical_distance,population_weighted_p90_medical_distance,residential_building_count,estimated_population_allocated,estimated_elderly_allocated,citywide_screening_rank,label,network_minus_building_euclidean_transport_m,network_minus_building_euclidean_medical_m,network_transport_detour_ratio,network_medical_detour_ratio,network_metric_status
523973584,167.53788560349759,156.44666434600492,185.84813050262522,1397.2011076630113,1389.9567791034121,1414.7375423618375,1.0,1.0,25,25,88.73748931213254,133.7635360888991,131.63375448764268,150.931444782644,45.02604677676655,1216.8306353789494,1095.1547628108758,1090.7036713926243,1118.7975242574037,-121.6758725680736,133.7635360888991,131.63375448764268,150.931444782644,1095.1547628108758,1090.7036713926243,1118.7975242574037,25,32.0,14.0,253.0,湘南港桟橋周辺,33.7743495145985,302.04634485213546,1.252492947645703,1.2758024300391015,available
523973681,210.03700614741308,206.3874483073461,247.5177686270651,1273.3500114773415,1239.9149219948126,1413.4189739205788,1.0,1.0,25,25,317.8256670520808,161.30245038357836,156.2100993102925,178.15512884268094,-156.52321666850244,952.205796623996,961.2578802469304,936.048158679556,1055.3921960897987,9.052083622934331,161.30245038357833,156.2100993102925,178.15512884268094,961.2578802469302,936.048158679556,1055.3921960897987,25,85.99999999999999,33.99999999999999,,江ノ島周辺,48.73455576383472,312.09213123041104,1.302131527747679,1.3246705568231494,available
523973682,196.11733671948826,201.26451287489704,236.2820134743452,1293.093071251746,1288.4746530808422,1373.0258297995954,1.0,1.0,75,75,257.9568874562816,137.8290791385077,142.34701384863885,161.4079994936355,-120.12780831777393,778.2881728860181,989.7518293751511,999.4766874927748,1054.6820001099047,211.4636564891331,137.82907913850772,142.34701384863885,161.4079994936355,989.7518293751516,999.4766874927748,1054.6820001099047,75,135.0,50.00000000000001,,江ノ島周辺,58.28825758098057,303.34124187659495,1.4229024669199548,1.3064821229662187,available
523973684,201.5145532707611,222.17986842479525,222.17986842479525,334.6513608842618,358.8512111014906,358.8512111014906,1.0,1.0,9,9,131.60911246751334,109.01964674212483,122.52243112070674,122.52243112070674,-22.589465725388507,368.9513827698052,144.20834964765763,139.56775960250624,158.75446018918996,-224.74303312214752,109.01964674212483,122.52243112070674,122.52243112070674,144.20834964765766,139.56775960250624,158.75446018918996,9,376.0,85.0,188.0,江ノ島海岸周辺,92.49490652863626,190.44301123660418,1.848424199607102,2.3206101567760196,available
523973774,201.93754653552924,234.29834968924393,326.4612550070214,374.1640611216591,368.62228471516823,452.73015470391664,1.0,1.0,79,79,167.48707256837494,96.81993405790332,95.29901150447924,164.87612901396346,-70.66713851047162,392.57908603599606,274.0861229883172,279.2301698456465,325.018339795719,-118.49296304767888,96.81993405790334,95.29901150447924,164.87612901396346,274.0861229883173,279.2301698456465,325.018339795719,79,352.99999999999994,113.0,142.0,公園西部駐車場前周辺,105.11761247762591,100.07793813334189,2.08570216970774,1.3651331816518404,available
523973781,243.9274623210468,244.6583322984064,300.35205071296593,429.90982284388355,422.4632883212162,569.818277198333,1.0,1.0,163,163,124.4094554517296,136.81177298719768,124.7777701889553,210.36787965163603,12.402317535468086,452.6254778735394,310.56768077894816,299.0316618481058,381.4970106037098,-142.05779709459125,136.81177298719768,124.7777701889553,210.36787965163603,310.5676807789481,299.0316618481058,381.4970106037098,163,911.0,139.0,156.0,西浜周辺,107.1156893338491,119.34214206493539,1.7829420450816946,1.3842709639509436,available
523973782,251.28936817884454,237.4571313401339,395.0654637131206,264.5087639471168,262.8991223161719,403.7267981248651,1.0,1.0,508,508,179.36785087116442,157.20597722658502,145.24820374582544,284.6325528181864,-22.1618736445794,134.56331624158034,153.9276591010637,158.44218851837468,253.86605039249383,19.36434285948337,157.20597722658502,145.24820374582544,284.6325528181864,153.92765910106368,158.44218851837468,253.86605039249383,508,2527.0,633.0,144.0,片瀬江ノ島周辺,94.08339095225952,110.58110484605308,1.5984720976394855,1.7183965863695052,available
523973783,351.7499186755142,360.50933769242954,523.4989897582067,319.92702716320235,322.3704276945583,463.0568790178971,1.0,1.0,835,835,255.60192905078944,231.95968666923255,231.90213640172092,333.8585115423075,-23.64224238155685,184.37338967875212,195.39338178442367,198.1842969882268,285.37510551742247,11.01999210567152,231.95968666923255,231.90213640172092,333.8585115423075,195.39338178442364,198.1842969882268,285.37510551742247,835,2501.0,549.0,98.0,小田急ショップ前周辺,119.79023200628166,124.53364537877869,1.51642694351928,1.6373483290041824,available
523973784,216.88151419608658,195.1974827265555,388.0911143882878,238.26189867479627,228.23628773824902,351.1962884523863,1.0,1.0,760,760,117.41466836474684,129.71691983454204,125.73157811168632,226.48191002415524,12.302251469795197,54.75773211447618,123.85339589502036,121.47589235440049,194.88329597620427,69.09566378054417,129.716919834542,125.73157811168632,226.48191002415524,123.85339589502038,121.47589235440049,194.88329597620427,760,2327.0,645.0,234.0,湘南海岸公園周辺,87.16459436154454,114.40850277977592,1.671960099520754,1.9237413472033495,available
523973791,176.2261799802126,161.87441181531005,260.8818460495438,267.088173224896,281.7084916879809,311.58398156292475,0.9903417734241855,0.9903417734241855,76,76,127.37339086264792,112.4337600614134,118.4131223093954,152.19975948547705,-14.9396308012345,94.19648162650512,111.25152548512249,119.4567167473178,154.76651487191322,17.05504385861734,112.43376006141338,118.4131223093954,152.19975948547705,111.25152548512249,119.4567167473178,154.76651487191322,79,2441.0,825.0000000000001,,竜口寺周辺,63.79241991879921,155.83664773977353,1.5673778043530218,2.400759648555231,partial
523973793,288.41562364275296,292.43980991084027,431.8323737225829,368.45287827915706,357.20388008511975,556.96548794648,0.9522681820999137,0.9522681820999137,336,336,99.375351244285,181.61756547057627,193.18528805901585,271.3659507497155,82.24221422629127,363.622548510863,266.8663513878241,265.2095699595436,387.4014812122288,-96.75619712303887,181.61756547057627,193.18528805901585,271.3659507497155,266.8663513878241,265.2095699595436,387.4014812122288,341,1237.0,337.0,162.0,目白山下周辺,106.7980581721767,101.58652689133294,1.5880381553153182,1.3806644275797142,partial
523973794,79.60790384372874,86.70141946171994,123.53637347602461,314.7540914897764,303.7735600027524,348.5404583902049,1.0,1.0,16,16,322.3947396406908,49.57131055198344,43.73420934289594,78.2201685498321,-272.8234290887073,495.99250533852506,261.1081893774061,251.2399428968509,304.78292546363724,-234.88431596111892,49.57131055198344,43.73420934289594,78.2201685498321,261.1081893774061,251.2399428968509,304.78292546363724,16,2194.0,663.0,,目白山周辺,30.036593291745298,53.645902112370266,1.6059269556782674,1.2054546900282412,available
523973853,176.53485856695235,193.43206922201932,234.0885305649101,538.4767468116017,545.2582860967719,669.1670197417295,0.9802441049607186,0.9802441049607186,111,111,84.58643695241283,92.89669396220764,108.01511451276843,132.35762623655486,8.310257009794825,355.6462744658696,262.33965277283403,264.74149270867264,312.8196602519335,-93.30662169303554,92.89669396220762,108.01511451276843,132.35762623655486,262.339652772834,264.74149270867264,312.8196602519335,116,2048.0,641.9999999999999,155.0,辻堂西海岸周辺,83.63816460474472,276.1370940387677,1.9003352114852496,2.0525938077606636,partial
523973854,258.908729061198,250.94520744271813,379.9261182008712,527.6894952144912,555.4525455013619,646.9590207416209,1.0,1.0,160,160,63.50867188050245,115.10706247695732,127.88272022243618,180.11936428519306,51.59839059645486,413.4520459001422,322.7847394527069,314.1069170651542,454.96059019388224,-90.6673064474353,115.10706247695737,127.88272022243618,180.11936428519306,322.7847394527069,314.1069170651542,454.96059019388224,160,2541.0,847.0,159.0,交通公園前周辺,143.8016665842407,204.90475576178432,2.249286216586646,1.634803107821044,available
523973861,256.814305327306,281.639879416732,306.32052940115364,376.1170777871242,413.7083346555474,438.388984639969,1.0,1.0,88,88,137.84231735052128,156.87672997250326,156.678935596147,220.26590930278527,19.03441262198197,392.1734539259955,218.90443025887456,191.96395075281703,301.818318434081,-173.2690236671209,156.87672997250326,156.678935596147,220.26590930278527,218.90443025887456,191.96395075281703,301.818318434081,88,586.0,84.0,181.0,辻堂海浜公園前周辺,99.93757535480273,157.21264752824962,1.637045248025755,1.7181793778332,available
523973862,287.07761718402236,298.82933749314225,395.22322521529134,430.59400844522827,402.61891473124234,644.5006875690166,1.0,1.0,485,485,133.53469117933864,201.4694144734923,207.9864008510967,286.15972710733456,67.93472329415366,267.3597578337018,255.64455491576777,245.17652978641885,447.1222035858471,-11.715202917934022,201.46941447349224,207.9864008510967,286.15972710733456,255.6445549157677,245.17652978641885,447.1222035858471,485,1603.0,367.0,147.0,湘洋中学校前周辺,85.60820271053007,174.9494535294605,1.424919102158773,1.6843464887687694,available
523973863,241.1516820045388,243.95880815135922,350.2587015196201,287.3975947728244,258.0845201785249,436.84011625981714,1.0,1.0,517,517,150.83579887084977,141.23680592334335,131.00863438856916,278.8617752888865,-9.598992947506416,100.41403635353144,167.40715386355197,144.5935304766137,298.64814658376105,66.99311751002054,141.23680592334335,131.00863438856916,278.8617752888865,167.40715386355205,144.5935304766137,298.64814658376105,517,3426.0,763.0000000000001,179.0,辻堂東海岸周辺,99.91487608119544,119.99044090927242,1.7074280349799507,1.716758144081899,available
523973864,549.4606485105223,558.3881990348243,739.8547622240409,335.6948581453871,291.5144522661014,564.2024760105782,1.0,1.0,1032,1032,508.9657461388165,377.45062100132026,378.7199267164494,488.5885266893362,-131.51512513749623,233.6086700940001,212.89987877016443,193.20013063340787,374.6779501592136,-20.70879132383567,377.45062100132026,378.7199267164494,488.5885266893362,212.8998787701645,193.20013063340787,374.6779501592136,1032,3215.0000000000005,683.0000000000001,22.0,鵠沼車庫前周辺,172.01002750920208,122.79497937522268,1.4557153119867312,1.576773364477984,available
523973871,326.5397606008486,342.4988710788708,460.95594969651296,541.7934864578168,529.0136385587914,755.1855010276927,1.0,1.0,616,616,196.6383065164044,201.5017896241581,208.1755398276696,283.9094806339117,4.863483107753751,464.28876167000897,411.4156130415213,398.0992591488279,575.9923071854589,-52.87314862848768,201.50178962415816,208.1755398276696,283.9094806339117,411.4156130415213,398.0992591488279,575.9923071854589,616,2411.0,601.0,20.0,鵠沼プールガーデン周辺,125.03797097669047,130.37787341629553,1.6205303248666514,1.3169006456814691,available
523973872,311.23760122567046,303.6178815099942,456.68429746835716,314.13679508765495,307.86501335754986,466.96278670401125,1.0,1.0,826,826,229.87257238262976,197.44262373374264,192.9414146453788,306.94052071599265,-32.42994864888715,205.0873887273123,212.98200991862623,215.1963318733807,329.5801615988163,7.894621191313945,197.44262373374264,192.9414146453788,306.94052071599265,212.98200991862623,215.1963318733807,329.5801615988163,826,2754.0,627.0,84.0,鵠沼海岸周辺,113.79497749192782,101.15478516902871,1.5763445366557922,1.474945208788652,available
523973873,251.62720006342906,240.3440332048859,386.0512796144294,643.4460547818541,645.4038886678696,848.3976325989942,1.0,1.0,877,877,154.0370837119835,160.77358564451836,162.97614682720635,236.4681185307428,6.73650193253485,447.7316818665659,405.6958623997718,420.458419386272,563.8268046706698,-42.03581946679412,160.7735856445184,162.97614682720635,236.4681185307428,405.6958623997717,420.458419386272,563.8268046706698,877,3222.0,823.0,34.0,鵠沼車庫前周辺,90.8536144189107,237.75019238208228,1.565102868451254,1.586030606710511,available
523973874,250.7873290793503,241.9510772461345,402.5127931429757,247.22074786379233,242.86340258062975,392.36690634837584,1.0,1.0,919,919,176.84705216206916,150.63154968897896,144.60177549623612,243.0044586290884,-26.2155024730902,92.72403315760268,144.41401022247584,131.38345412703967,256.25787134364094,51.68997706487315,150.63154968897896,144.60177549623612,243.0044586290884,144.41401022247587,131.38345412703967,256.25787134364094,919,2517.0,704.0,174.0,熊倉通り周辺,100.15577939037132,102.80673764131649,1.6649057225871404,1.71188894680605,available
523973881,617.2650154637181,605.285097723381,777.6375593338087,342.31710033992385,361.02460978974443,483.72096145920716,1.0,1.0,943,943,507.9681889302839,399.6977087291187,409.7784394153224,498.94772567284446,-108.2704802011652,183.38837996721116,220.64215571551435,229.14132228853825,330.9588602676523,37.25377574830321,399.6977087291186,409.7784394153224,498.94772567284446,220.6421557155144,229.14132228853825,330.9588602676523,943,2307.0,638.0,55.0,鵠沼周辺,217.5673067345994,121.6749446244095,1.544329632077146,1.5514582842514077,available
523973882,271.7030628215686,259.02903668292686,469.6875766686287,254.17191126985972,229.48681637352934,428.04276435967324,1.0,1.0,849,849,151.0486010746912,170.60721673128623,157.26474047367367,286.0214162900989,19.55861565659504,161.78539085716434,145.5803319222029,139.71455428104346,268.06614406049084,-16.205058934961443,170.60721673128626,157.26474047367367,286.0214162900989,145.5803319222029,139.71455428104346,268.06614406049084,849,3001.0,696.0,143.0,新屋敷周辺,101.09584609028238,108.59157934765682,1.5925648869210072,1.7459220480805566,available
523973883,542.3826092789777,541.1202831171256,686.4687634371562,288.1821895059198,286.5133292735298,428.8329283375051,1.0,1.0,943,943,397.3685597340788,332.7278021338096,341.51271873916886,432.8594721517677,-64.64075760026918,149.69376233315376,196.09830314281496,193.51225350306188,320.4423086809597,46.4045408096612,332.72780213380963,341.51271873916886,432.8594721517677,196.09830314281493,193.51225350306188,320.4423086809597,943,2454.0,698.0,72.0,中岡周辺,209.65480714516815,92.08388636310482,1.6301090735449077,1.469580230360493,available
523973884,315.37210473357055,307.31778136852824,460.268591075996,282.77682069171175,288.6827298346504,419.4201916660732,1.0,1.0,836,836,228.0094153788349,196.522306449812,192.46208095310976,301.83894019239114,-31.487108929022924,274.7295275283888,180.439609977537,177.1922729899674,281.73943147460216,-94.2899175508518,196.522306449812,192.46208095310976,301.83894019239114,180.439609977537,177.1922729899674,281.73943147460216,836,2500.0,630.0,51.0,鵠沼周辺,118.84979828375856,102.33721071417474,1.6047649268461568,1.5671549097613031,available
523973891,329.2367940843068,314.82344968873434,501.8176317571311,290.038844583641,294.96182924635707,417.975415696477,0.9950769062314166,0.9950769062314166,705,705,320.4171258768393,234.6750443572923,232.14340332590592,355.8235499833769,-85.74208151954704,215.5906334906029,174.9988341765855,170.32338278410856,266.1263001144307,-40.59179931401741,234.6750443572923,232.14340332590592,355.8235499833769,174.99883417658552,170.32338278410856,266.1263001144307,711,1503.0,528.0,69.0,片瀬山周辺,94.56174972701447,115.04001040705549,1.402947616292103,1.6573758673784789,partial
523973892,231.91942405900625,235.27953196726187,351.7049580573414,269.16816448083415,271.37684929687987,376.413287098383,1.0,1.0,377,377,289.2660012586291,158.94730431276471,161.8241931952298,247.72340180630908,-130.3186969458644,274.9550930467868,159.2374056007897,155.36378774392398,249.3074404568661,-115.71768744599706,158.9473043127647,161.8241931952298,247.72340180630908,159.23740560078974,155.36378774392398,249.3074404568661,377,1756.0,634.0,,片瀬山周辺,72.97211974624153,109.93075888004444,1.4590963027762485,1.6903576359165402,available
523973893,270.6083943962698,274.6253726640551,442.2303461657579,250.43064768225074,248.82533554583503,378.6444494156022,1.0,1.0,653,653,210.9434401542593,187.62884605948017,194.2885614489263,292.2894660866054,-23.314594094779125,241.28943344980016,134.34397068327328,137.76179788931523,210.88455065081436,-106.94546276652687,187.6288460594801,194.2885614489263,292.2894660866054,134.34397068327326,137.76179788931523,210.88455065081436,653,1749.0000000000002,530.0,88.0,岩屋不動入口周辺,82.9795483367896,116.08667699897745,1.4422536836925612,1.8641003865566927,available
523973894,248.23996668771923,252.4732502496883,343.875496769068,276.86067106344814,276.96227499586763,397.3710243391812,1.0,1.0,432,432,219.64677902650817,168.47976686413497,171.4173775765059,242.10366519025143,-51.1670121623732,303.92535411157314,181.91919199113389,180.7765806692759,285.06153389100865,-122.00616212043926,168.479766864135,171.4173775765059,242.10366519025143,181.9191919911339,180.7765806692759,285.06153389100865,432,1487.0,617.0,47.0,片瀬中学校前周辺,79.76019982358426,94.94147907231425,1.473411147867413,1.5218881968041138,available
523973951,356.4303700459795,376.683712525448,525.3397253247248,389.5144230455385,405.11236373225415,519.4285347594914,1.0,1.0,338,338,303.8934646377682,209.09227622433,207.80391172629555,325.89999393746643,-94.8011884134382,319.0938818930683,252.83234237442537,244.9403967076057,379.2646752123406,-66.26153951864296,209.09227622433005,207.80391172629555,325.89999393746643,252.83234237442537,244.9403967076057,379.2646752123406,338,3121.0,686.0,,辻堂団地周辺,147.3380938216495,136.6820806711131,1.704655841345254,1.5406036244710235,available
523973952,248.55791555707023,226.95629218018928,391.2516561301168,373.59931211808254,374.7224319729824,484.2815016737078,1.0,1.0,639,639,87.50938748203582,159.7460354011676,158.84748639872845,248.17464843973832,72.23664791913178,382.4617083485017,267.9927884223618,269.1859575580857,354.99406652249075,-114.46891992613983,159.74603540116755,158.84748639872845,248.17464843973832,267.99278842236174,269.1859575580857,354.99406652249075,639,3004.0,722.0,131.0,高砂周辺,88.81188015590263,105.60652369572074,1.5559567092408322,1.3940647967335704,available
523973953,588.0999666099212,593.3342347420992,647.6053762626506,391.8781712172677,413.7754394902819,591.327210540874,1.0,1.0,203,203,617.4262443269955,404.11462019650247,404.6597157618583,457.9868810101185,-213.31162413049304,377.4994676987105,251.21864084447563,261.4945989649948,407.6889388463551,-126.28082685423485,404.11462019650247,404.6597157618583,457.9868810101185,251.2186408444757,261.4945989649948,407.6889388463551,203,3531.0,761.0,,久根下公園前周辺,183.98534641341877,140.6595303727921,1.455280104253479,1.5599088105084986,available
523973954,299.3699270223842,277.94538690086324,474.2423204275102,252.79293150928495,243.69511498169874,372.1193430674931,1.0,1.0,1017,1017,50.62306447616259,192.82983664429415,182.68007801314903,306.8910806162476,142.20677216813158,108.53099207426884,157.90562730699082,154.7022007855033,250.78438806320835,49.37463523272199,192.8298366442942,182.68007801314903,306.8910806162476,157.90562730699082,154.7022007855033,250.78438806320835,1017,3277.0,730.0,244.0,久根下公園前周辺,106.54009037809007,94.88730420229413,1.5525083266788247,1.6009114799805064,available
523973961,190.97987943563396,191.15057382562793,280.3822367776035,274.6564817578245,269.08198130421545,407.3629414009895,1.0,1.0,726,726,13.549595849522932,135.1757537309846,131.00036815246304,207.4356811083269,121.62615788146168,171.18677457015664,136.294690413338,140.113286022534,204.57649229074437,-34.89208415681864,135.1757537309846,131.00036815246304,207.4356811083269,136.294690413338,140.113286022534,204.57649229074437,726,2390.0,561.0,260.0,浜見山周辺,55.80412570464935,138.3617913444865,1.4128264438288691,2.0151664083529566,available
523973962,375.171392160934,344.9163828297735,574.8084632033623,446.873101557449,450.56295010920854,610.8529170136213,1.0,1.0,961,961,352.6089468354142,281.4465881573777,264.7065589205486,452.7364242684473,-71.16235867803653,318.9188994880884,285.7766574746023,280.31086352638255,444.11711136573473,-33.142242013486054,281.44658815737773,264.7065589205486,452.7364242684473,285.7766574746024,280.31086352638255,444.11711136573473,961,2886.0,533.0,23.0,堂面周辺,93.7248040035563,161.0964440828467,1.3330109795154022,1.5637144947612236,available
523973963,239.14954380250884,215.27909101251805,431.9302962334636,349.9762353608732,345.9164713000908,532.6645576417737,1.0,1.0,950,950,175.84254251015486,178.5134899882468,158.68266511132316,320.6172437894799,2.670947478091932,324.9323346193835,232.07216674193995,232.74990677323729,352.6696104431389,-92.86016787744352,178.51348998824682,158.68266511132316,320.6172437894799,232.07216674193995,232.74990677323729,352.6696104431389,950,2591.0,637.0,59.0,南町周辺,60.636053814262056,117.90406861893325,1.339672110036358,1.5080491567523495,available
523973964,205.91136167945837,191.08802294663374,344.87566351914836,293.16546178492933,263.007477451403,456.1272978376268,1.0,1.0,782,782,17.04712585387923,125.90985239606272,112.04687443086468,213.2860315747261,108.86272654218352,50.29167333584006,165.27168138283565,153.934052482011,268.9324792855586,114.9800080469956,125.90985239606272,112.04687443086468,213.2860315747261,165.27168138283565,153.934052482011,268.9324792855586,782,2946.0,624.0,262.0,東町周辺,80.00150928339565,127.89378040209368,1.6353872056949321,1.7738396519718358,available
523973971,219.57152527466644,218.28139447642016,336.5301515409634,536.3600731110828,559.2798813631316,697.0252924273724,1.0,1.0,662,662,187.1351163942348,151.3541643862406,146.60521233009297,233.68997322179217,-35.78095200799416,416.6122530591354,345.1924321572645,357.24791311326914,467.5553284002506,-71.41982090187093,151.35416438624063,146.60521233009297,233.68997322179217,345.19243215726453,357.24791311326914,467.5553284002506,662,2243.0,478.0,50.0,藤原周辺,68.21736088842584,191.1676409538183,1.4507134717109071,1.5538002086520981,available
523973972,371.8109863103155,375.54031771140205,492.97187211377525,460.72536211336535,468.4272455724844,577.5354421530304,1.0,1.0,910,910,338.66423235749966,250.28219395948167,254.9136301356496,339.6467585584201,-88.38203839801798,387.8718764963098,296.3783738647206,302.8463061432826,390.7302206432771,-91.49350263158924,250.28219395948167,254.9136301356496,339.6467585584201,296.3783738647206,302.8463061432826,390.7302206432771,910,2759.0,634.0,9.0,熊倉通り周辺,121.52879235083384,164.34698824864478,1.4855670730236135,1.554517477458256,available
523973973,293.3587864987806,317.64340819782973,410.3309040371371,449.17461523592345,401.5132179380138,683.8192784808721,1.0,1.0,659,659,303.2578745446694,202.982151106554,218.9483273160263,300.05777009542845,-100.27572343811542,349.0397128753225,251.33740309097493,229.97055256457384,366.1932837430037,-97.70230978434762,202.98215110655403,218.9483273160263,300.05777009542845,251.33740309097504,229.97055256457384,366.1932837430037,659,2548.9999999999995,441.0,32.0,太平橋周辺,90.3766353922266,197.83721214494852,1.4452442488146855,1.787137965586995,available
523973974,285.09674952212424,290.8584705423674,403.36232030644845,216.23201509458346,218.47823031391383,306.81381227228576,1.0,1.0,896,896,127.1449244967822,160.40301452327571,162.4468048161637,231.2832305128597,33.25809002649352,128.88005656469792,120.82870426602244,117.88118533152172,184.05681725546364,-8.051352298675496,160.40301452327571,162.4468048161637,231.2832305128597,120.8287042660224,117.88118533152172,184.05681725546364,896,3199.0,671.0,178.0,原周辺,124.69373499884853,95.40331082856102,1.7773777529645773,1.7895748895768706,available
523973981,251.57882180408927,245.21704378779881,412.9461617660725,358.1438882077588,345.4414637931707,500.473900146539,1.0,1.0,1004,1004,154.76803147049003,174.69048268937328,162.63230009395596,312.5307421430542,19.922451218883253,228.76730425962012,241.19253752267824,238.8300396013678,344.7668378807037,12.42523326305809,174.6904826893733,162.63230009395596,312.5307421430542,241.19253752267815,238.8300396013678,344.7668378807037,1004,2998.0,677.0,103.0,上岡周辺,76.88833911471599,116.95135068508054,1.4401404010740262,1.4848879318004775,available
523973982,263.3056579272067,218.09969201361253,477.370616734059,308.49230137188385,285.3887949806541,502.3507753980885,1.0,1.0,939,939,81.43343052201563,169.43008928907318,149.12729048216605,309.28747999384177,87.99665876705755,278.33162190952106,201.71571489499703,181.1582201967044,349.8620506698899,-76.61590701452403,169.43008928907315,149.12729048216605,309.28747999384177,201.7157148949971,181.1582201967044,349.8620506698899,939,2971.0,748.0,170.0,柳小路周辺,93.87556863813353,106.77658647688682,1.5540666892878023,1.5293419331878495,available
523973983,239.01066121099623,246.3525409053594,346.46580475709914,331.6353718943185,339.8372870477001,513.7670891838726,1.0,1.0,1007,1007,196.03633010798265,152.47215749128512,158.83481278593163,224.9592197781391,-43.56417261669753,176.6292063084683,233.51066592359064,225.65777479229703,394.0384372233772,56.88145961512234,152.47215749128512,158.83481278593163,224.9592197781391,233.51066592359064,225.65777479229703,394.0384372233772,1007,2978.0000000000005,685.0,101.0,高瀬通り周辺,86.53850371971112,98.12470597072786,1.5675692214472496,1.4202150920285423,available
523973984,240.8554594415095,244.26827579564886,368.8202776451406,270.56910658354025,255.2483732087273,431.22306655422864,1.0,1.0,993,993,174.01213963056128,155.72328669852138,147.3178315807144,264.0132140931086,-18.2888529320399,164.812685878072,167.4299165166829,137.44419253369,309.12106974505633,2.61723063861092,155.72328669852138,147.3178315807144,264.0132140931086,167.42991651668288,137.44419253369,309.12106974505633,993,3541.0,829.0,120.0,石上周辺,85.13217274298813,103.13919006685734,1.5466887743501272,1.6160141043645593,available
523973991,385.10564463210056,394.8623180077627,567.4512817117833,330.4789258987629,296.3717163484517,541.4457713149432,0.9977532351532125,0.9977532351532125,595,595,306.5293250111335,261.91550850976364,263.04934318424915,421.9254413247054,-44.613816501369854,139.08504142319,168.39680942539087,169.6716680279525,286.5826258702764,29.311768002200864,261.91550850976364,263.04934318424915,421.9254413247054,168.39680942539087,169.6716680279525,286.5826258702764,596,1838.0,538.0,112.0,柳小路周辺,123.19013612233692,162.08211647337203,1.470343038574765,1.9625011128561993,partial
523973992,389.5609837612205,378.17027464977826,491.78282119149503,483.90153360175145,440.1494758356584,573.8440321328674,0.9867763367217289,0.9867763367217289,117,117,493.5845611808633,315.6988463349635,304.6339633106156,406.2930379970658,-177.88571484589983,503.44745648642345,305.7606522822334,292.1953755957463,363.0162534367177,-197.68680420419005,315.6988463349635,304.6339633106156,406.2930379970658,305.7606522822335,292.1953755957463,363.0162534367177,118,244.0,97.0,78.0,片瀬中学校前周辺,73.862137426257,178.14088131951803,1.2339639130257942,1.5826154542445328,partial
523973993,264.61215377167946,270.6515983974954,328.21004574432425,405.75130129583306,283.07903029498755,599.2715679102266,1.0,1.0,89,89,268.4611976653172,182.92057296453768,167.3473720134331,272.112157072228,-85.54062470077952,191.7848049010279,252.41437598813096,164.24152000219388,414.1793005291928,60.629571087103045,182.9205729645376,167.3473720134331,272.112157072228,252.41437598813096,164.24152000219388,414.1793005291928,89,1042.0,200.0,133.0,県合同庁舎前周辺,81.69158080714178,153.3369253077021,1.44659591582943,1.6074809515402257,available
523973994,342.43242905050425,359.48207236097767,467.0745909259073,750.335474905092,747.671749017498,861.1008075568744,0.9392669310639016,0.9392669310639016,368,368,276.9792351838688,254.95652409741464,252.941194362524,368.33104054667393,-22.02271108645417,476.6603783150561,454.9608763031437,469.3591141119784,560.2251150436996,-21.69950201191233,254.9565240974147,252.941194362524,368.33104054667393,454.9608763031437,469.3591141119784,560.2251150436996,371,3349.0,688.0,5.0,御霊神社前周辺,87.47590495308961,295.3745986019483,1.3431012611376303,1.649230766834417,partial
523974903,353.4013674213514,310.847688701307,474.9407033253972,623.3389418345215,585.8797421037468,775.5074314403621,1.0,1.0,66,66,402.8070834656366,286.37002287281456,259.2650113959735,386.443843731109,-116.43706059282204,336.2747653276665,484.2700918445416,489.6268912919021,632.1330963300359,147.99532651687514,286.3700228728147,259.2650113959735,386.443843731109,484.2700918445416,489.6268912919021,632.1330963300359,66,1514.9999999999998,428.0,,御霊神社前周辺,67.03134454853682,139.06884998997992,1.2340724908148204,1.2871720808945253,available
533903051,573.9595316179157,608.3917552784679,655.5575476337013,205.15865532072874,213.75895016983884,322.2146368603857,1.0,1.0,55,55,505.4270324688314,391.6483197892895,414.5962644979968,467.134129038221,-113.77871267954193,301.2731158495139,128.047463530032,127.05035479649446,161.10189062266133,-173.2256523194819,391.64831978928953,414.5962644979968,467.134129038221,128.04746353003205,127.05035479649446,161.10189062266133,55,2715.9999999999995,636.9999999999999,,辻堂周辺,182.3112118286262,77.11119179069675,1.4654972397857122,1.6022078818657055,available
533903052,325.8626578287815,350.5314097742598,470.72740309735235,203.99490766384517,197.85726086270822,322.2146368603857,1.0,1.0,563,563,141.5113771770096,192.8278405234664,202.30309321010887,320.68583228872734,51.31646334645677,97.20671166531828,104.29489995360542,109.91022457804954,145.75299739779513,7.088188288287142,192.8278405234664,202.30309321010887,320.68583228872734,104.29489995360544,109.91022457804954,145.75299739779513,563,2883.0,622.0,195.0,辻堂駅周辺,133.0348173053151,99.70000771023975,1.689914988127066,1.955943270040916,available
533903054,379.6923130378953,413.07063176682146,470.70085990812777,311.9464371594025,322.2146368603857,442.3840869942537,1.0,1.0,70,70,102.55333807342062,220.0002331417572,210.95218720206893,304.7114560615887,117.44689506833656,116.3898706075082,152.8052111683954,127.05035479649446,236.61719094730125,36.4153405608872,220.0002331417573,210.95218720206893,304.7114560615887,152.8052111683954,127.05035479649446,236.61719094730125,70,2083.0,565.0000000000001,209.0,神台公園前周辺,159.6920798961381,159.14122599100708,1.7258723212044982,2.041464651461587,available
533903061,315.46878838312045,309.98000117163957,499.55957328863536,399.2419433002739,412.6247649615701,646.1223654473064,1.0,1.0,732,732,214.324121511022,170.78825714040815,146.7680483159416,330.9081274999764,-43.535864370613865,312.6190611692852,241.81245751485167,223.46746454158972,440.4308036401264,-70.80660365443353,170.78825714040815,146.7680483159416,330.9081274999764,241.81245751485173,223.46746454158972,440.4308036401264,732,2830.0,556.0,53.0,新町一丁目周辺,144.6805312427123,157.4294857854222,1.847133952094656,1.6510396007027601,available
533903062,393.1660423338603,390.8553337261969,524.273137735982,436.2220506548699,436.36565854911333,626.5857343835328,1.0,1.0,1015,1015,316.1490705585988,240.83599499166647,249.2138328891045,342.7714821673522,-75.31307556693233,349.1072057971764,295.2245170389165,299.9692357555411,432.943526694853,-53.88268875825992,240.83599499166647,249.2138328891045,342.7714821673522,295.2245170389164,299.9692357555411,432.943526694853,1015,3759.0,696.0,11.0,新町三丁目周辺,152.3300473421938,140.99753361595344,1.6325053169376313,1.4775942561618862,available
533903063,268.7493621982644,288.6395084397803,376.8915608211508,311.8391023151373,326.3851273054443,425.45901157387436,1.0,1.0,829,829,267.5612491957263,164.68057446582705,168.30693714222636,241.2425229817259,-102.88067472989924,250.6395166741809,212.77011131496596,220.8984735689029,327.4474938812997,-37.869405359214966,164.68057446582705,168.30693714222636,241.2425229817259,212.77011131496596,220.8984735689029,327.4474938812997,829,3700.0,941.0,28.0,新町一丁目周辺,104.06878773243736,99.06899100017137,1.6319433125006053,1.465615167411923,available
533903064,253.45527582720806,262.3936746449252,383.54639453818027,306.24919342603835,316.334071806901,424.5718032634072,1.0,1.0,871,871,228.1393462745407,165.25724624866515,171.2852309904611,236.91464360573968,-62.88210002587556,24.887801614230728,172.79000434729286,183.959557389056,230.61031859764503,147.90220273306213,165.25724624866515,171.2852309904611,236.91464360573968,172.79000434729286,183.959557389056,230.61031859764503,871,3345.0,810.0,248.0,住宅前周辺,88.1980295785429,133.45918907874548,1.5337014356745964,1.7723779484981326,available
533903071,285.411176642714,283.64866815159064,407.938108832275,289.7400154237482,283.1902818978743,392.05656815814865,1.0,1.0,613,613,135.34101046784235,156.14676519123103,156.86075723898463,230.12376087922144,20.805754723388706,136.04572569142306,151.85767902591087,149.90419041925696,232.09981748230916,15.81195333448781,156.14676519123108,156.86075723898463,230.12376087922144,151.8576790259109,149.90419041925696,232.09981748230916,613,2408.0,440.00000000000006,187.0,藤沢SST前周辺,129.26441145148297,137.88233639783735,1.8278391889398056,1.9079707873996352,available
533903072,244.8685000882641,253.01172758330694,351.445625383835,323.6416610767871,330.7104582503816,480.1873289179834,1.0,1.0,644,644,195.79532362855895,151.54614533160174,154.1433553961724,221.7423290902664,-44.24917829695724,243.46450220633827,215.1751360052681,215.4177920714514,343.60907501961424,-28.289366201070152,151.54614533160174,154.1433553961724,221.7423290902664,215.1751360052681,215.4177920714514,343.60907501961424,644,2111.0,362.0,113.0,藤沢警察署前周辺,93.32235475666238,108.46652507151902,1.6158015735237707,1.5040848449556155,available
533903073,205.2652616524188,146.0226962381625,482.2934938845756,384.2916083979368,345.96393018947623,493.7096433243494,1.0,1.0,32,32,229.39762894515007,113.04908031185032,120.2486169777328,193.5980850999752,-116.34854863329976,101.7743960292316,194.42867287119927,183.199236453116,288.741871359804,92.65427684196771,113.04908031185032,120.2486169777328,193.5980850999752,194.4286728711993,183.199236453116,288.741871359804,32,202.0,47.0,237.0,NOK前周辺,92.21618134056847,189.86293552673752,1.8157181030238063,1.9765171603702385,available
533903074,231.09483520399735,244.31568889710468,317.36052344312645,733.3524467659684,773.4804931889548,862.0908632192254,1.0,1.0,475,475,150.60812332370978,149.4767015239381,153.36014913424043,217.65671029574307,-1.1314217997716869,527.9054034572841,483.0926603608783,502.2011341885508,565.3994577535465,-44.81274309640588,149.47670152393806,153.36014913424043,217.65671029574307,483.0926603608783,502.2011341885508,565.3994577535465,475,1699.0,341.0,91.0,神明町周辺,81.61813368005926,250.25978640509004,1.5460257876173997,1.518036821793446,available
533903081,367.95111505384693,384.7058648870153,498.62924066913837,460.50061570369934,461.4582606915993,596.1898880128055,1.0,1.0,973,973,337.06033246113634,250.2531959235857,252.2879710152336,360.1040488799072,-86.8071365375506,338.1145791729482,318.3977006960031,326.4669508073848,448.2198842343079,-19.716878476945112,250.2531959235857,252.2879710152336,360.1040488799072,318.3977006960031,326.4669508073848,448.2198842343079,973,2996.0,653.0,15.0,鵠沼小学校前周辺,117.69791913026123,142.10291500769625,1.4703153488045764,1.4463063479951823,available
533903082,240.15699582365178,244.49095258214527,376.11598380572843,219.79636305094138,183.04107695129184,379.0489133963006,1.0,1.0,716,716,97.67281194677456,164.1356406101667,170.15588666550974,242.88181739962548,66.46282866339213,106.690840374521,145.3817389833115,115.88794400061084,295.22903250986195,38.690898608790505,164.1356406101667,170.15588666550974,242.88181739962548,145.38173898331146,115.88794400061084,295.22903250986195,716,3721.0,915.0,211.0,橘通り周辺,76.0213552134851,74.41462406762989,1.4631617784588358,1.5118567475394693,available
533903083,229.2316571353569,226.34065870416129,396.18437568699443,314.17490289113744,267.27991420330125,544.9065736051526,1.0,1.0,338,338,54.42925002454894,93.42667096653248,92.47090651119542,134.31598283383576,38.99742094198353,92.9664467390408,182.746929233186,176.58162791651185,294.9796574378366,89.78048249414518,93.42667096653246,92.47090651119542,134.31598283383576,182.74692923318597,176.58162791651185,294.9796574378366,338,2358.0,638.0,249.0,日本精工前周辺,135.80498616882443,131.42797365795144,2.4535997565135634,1.7191802029693681,available
533903084,230.97765924519996,219.8752810392623,344.6799073605049,105.12991917717159,103.38123832093845,170.52910143912493,1.0,1.0,319,319,14.058919484765594,143.6918111748636,130.37001802756825,233.37515233872867,129.632891690098,46.40307698642687,54.311341675451295,48.8649448490637,80.05834259218392,7.908264689024428,143.6918111748636,130.37001802756825,233.37515233872867,54.311341675451295,48.8649448490637,80.05834259218392,319,4690.0,968.0,263.0,三富士町周辺,87.28584807033636,50.81857750172029,1.607451791140103,1.9356899670311454,available
533903091,239.06740530538377,250.92513804138807,305.84540361384734,233.09682857575007,223.96742808865804,346.04705888837333,1.0,1.0,214,214,152.2935910439686,165.51271582549512,170.44308018132625,220.2693281831352,13.219124781526515,95.51133877974168,147.28556768312092,145.72894466054305,227.39205621243408,51.774228903379225,165.51271582549512,170.44308018132625,220.2693281831352,147.28556768312097,145.72894466054305,227.39205621243408,214,4272.0,1110.0,177.0,奥田周辺,73.55468947988865,85.81126089262915,1.4444050664810522,1.5826182581395123,available
533903092,209.20527609148922,189.43443305773027,367.3062236511027,527.3971544400753,515.126553449662,624.338032394217,1.0,1.0,425,425,65.12355023037857,109.4687166390294,108.11050828928192,174.61370044591823,44.34516640865084,206.1372246805795,283.17505866623173,296.0989789502208,370.8218138940569,77.03783398565224,109.46871663902938,108.11050828928192,174.61370044591823,283.1750586662317,296.0989789502208,370.8218138940569,425,2303.0,392.0,220.0,川名周辺,99.73655945245983,244.22209577384353,1.9110964530747068,1.862442112395567,available
533903093,199.63244448864012,198.60562409754644,296.9641634355136,159.0048419967875,184.4367770233039,210.74091210060664,1.0,1.0,178,178,219.94102879137293,146.4854144118075,139.04184061252693,210.4834805168336,-73.45561437956542,99.76080665171646,81.52380408734125,77.52702048687881,126.82931396514164,-18.237002564375217,146.48541441180754,139.04184061252693,210.4834805168336,81.52380408734126,77.52702048687881,126.82931396514164,178,2423.0,490.00000000000006,172.0,日ノ出町周辺,53.14703007683261,77.48103790944624,1.3628144842285996,1.9504099910062618,available
533903094,187.53247279821593,177.5163953261357,292.85444937752834,263.6222315461683,274.14963931533,355.0523712525749,1.0,1.0,707,707,152.81026602956462,126.90570810402124,128.45429595061591,199.88066732313808,-25.90455792554337,123.23653231038966,155.07743713263443,153.0340965275772,255.67813166221796,31.840904822244767,126.90570810402122,128.45429595061591,199.88066732313808,155.07743713263443,153.0340965275772,255.67813166221796,707,3132.0,662.0,160.0,弥勒寺周辺,60.62676469419469,108.54479441353385,1.477730793988404,1.69993931045364,available
533903151,224.78600421804776,222.6409047104433,297.21184943209903,650.7253498323785,696.3578107125901,750.9355070769134,0.8797144045815346,0.8797144045815346,123,123,367.2314695985888,161.6772847783901,157.81723335888174,208.4376406185689,-205.55418482019869,477.4463571158382,307.734914762939,308.8977256904517,373.20649037406815,-169.7114423528992,161.67728477839012,157.81723335888174,208.4376406185689,307.73491476293907,308.8977256904517,373.20649037406815,136,3798.000000000001,789.0000000000001,,二ツ谷周辺,63.108719439657676,342.99043506943946,1.390337576030921,2.1145645768978123,partial
533903152,226.56841999800676,235.04565148480597,307.04231477244093,420.7286566640389,408.96155498243513,579.222763820922,1.0,1.0,598,598,179.98093400356248,139.71269958646323,146.6708354032829,198.58674232575,-40.26823441709925,272.4880928342803,239.488151549648,217.7673799155796,353.73675240179205,-32.999941284632285,139.71269958646323,146.6708354032829,198.58674232575,239.488151549648,217.7673799155796,353.73675240179205,598,2787.0,588.0,83.0,羽鳥一丁目周辺,86.85572041154353,181.2405051143909,1.6216737681587179,1.7567827633293924,available
533903153,276.48386120624446,286.07815183922463,358.43848605449926,332.76067156759063,343.49443386482,415.85476808009463,0.8755684313201274,0.8755684313201274,62,62,376.65678442985495,195.31243130003196,199.50155518367825,239.3797961980205,-181.34435312982305,165.7169464300295,163.6384632736176,165.38776175553485,216.4325192497585,-2.07848315641192,195.312431300032,199.50155518367825,239.3797961980205,163.6384632736176,165.38776175553485,216.4325192497585,69,1194.9999999999998,335.0,,城南周辺,81.1714299062125,169.12220829397305,1.415597867303796,2.0335113451364193,partial
533903154,159.32030199941292,158.59323369131153,246.6905685777124,378.2275236337839,400.51934139170214,496.88905576378386,1.0,1.0,476,476,24.18324259823268,110.34089489753362,98.57054445786288,186.6562473539344,86.15765229930093,331.4797672296348,239.92309999640443,254.96455669653025,337.0940242723988,-91.55666723323034,110.34089489753364,98.57054445786288,186.6562473539344,239.9230999964045,254.96455669653025,337.0940242723988,476,1666.9999999999998,361.0,246.0,大庭隧道周辺,48.9794071018793,138.30442363737947,1.443891697156918,1.5764531370237054,available
533903161,216.66475328026502,231.11169446369314,323.52928068160116,283.42421223540276,255.82270746989101,409.76198989141636,1.0,1.0,837,837,198.4336118746972,132.1085574391211,129.8541546361441,206.8021307137373,-66.32505443557608,107.56572328855655,149.91170773483293,154.90774789003143,235.7905993582312,42.34598444627636,132.10855743912109,129.8541546361441,206.8021307137373,149.91170773483293,154.90774789003143,235.7905993582312,837,4125.0,882.0000000000001,138.0,羽鳥山周辺,84.5561958411439,133.51250450056983,1.6400508602942658,1.8906075884128386,available
533903162,243.44226302998285,237.26849221504918,380.94923602521055,354.92962006374097,371.0177847786642,505.16807216903965,1.0,1.0,1008,1008,255.7071444164697,166.79054340504788,165.47648807078153,268.0700455912184,-88.91660101142182,283.4174103741212,241.6123459680767,248.8357368145964,375.3577632192228,-41.80506440604447,166.79054340504786,165.47648807078153,268.0700455912184,241.6123459680767,248.8357368145964,375.3577632192228,1008,3343.0,563.0,46.0,梅ヶ枝通り周辺,76.65171962493497,113.31727409566426,1.459568738491292,1.469004485849562,available
533903163,261.75732328669034,241.09337243476875,500.46848241481985,516.0644346993226,515.5353743946231,715.3191790453278,1.0,1.0,509,509,225.81574579900663,150.58146273272516,135.30624976505584,279.57375821675595,-75.23428306628148,367.9869724935592,356.24685780670984,347.6220066724469,560.1225042268186,-11.74011468684938,150.5814627327252,135.30624976505584,279.57375821675595,356.24685780670984,347.6220066724469,560.1225042268186,509,1765.0,433.0,52.0,辻堂入口周辺,111.17586055396518,159.8175768926128,1.7383104037931745,1.4486146990223436,available
533903164,214.58428886147763,213.59365156949553,334.615402214509,770.7823114162478,760.8819854422289,1026.2110941217293,1.0,1.0,672,672,117.12712139916022,139.59014661678287,124.40221641351286,251.937486441575,22.463025217622658,626.682562910065,621.6169500395629,618.1749479877502,776.8960700926542,-5.06561287050215,139.59014661678285,124.40221641351286,251.937486441575,621.616950039563,618.1749479877502,776.8960700926542,672,2845.0,587.0,85.0,明治小学校前周辺,74.99414224469476,149.16536137668493,1.5372452430369339,1.2399634716640067,available
533903171,222.43191661805093,223.66789358431657,342.05037088034067,434.8628234520925,445.9869020568525,621.7561100640803,1.0,1.0,866,866,181.13545558477097,138.40167293521546,132.50552925345596,236.1173834730342,-42.73378264955551,323.7176163867311,287.3394963730855,292.5435802605931,419.7166254204837,-36.37812001364557,138.40167293521546,132.50552925345596,236.1173834730342,287.3394963730855,292.5435802605931,419.7166254204837,866,3066.0,589.0,61.0,湘南台周辺,84.03024368283548,147.523327079007,1.6071476008976369,1.513411239809026,available
533903172,202.19153672912788,201.9591342140675,321.3618099621123,509.7522630271964,527.4510762572364,734.5703996566315,1.0,1.0,540,540,151.68788315158682,138.1040859664185,122.01241016289984,225.7244020411077,-13.583797185168322,300.2877372035671,349.5701393913484,362.75124017063496,490.7707023323018,49.28240218778132,138.10408596641852,122.01241016289984,225.7244020411077,349.5701393913483,362.75124017063496,490.7707023323018,540,1798.0,427.0,118.0,上村周辺,64.08745076270938,160.18212363584803,1.4640518078392912,1.4582259912552828,available
533903173,204.9916613492658,185.94813453437158,328.9501174160431,505.8164444300524,544.9909240563924,656.0518722936603,0.9985405810216696,0.9985405810216696,418,418,120.94486231108304,147.26890143608549,136.8315190186839,261.49800302431663,26.324039125002457,477.0453408271802,411.3665777449156,427.9947393602399,578.5240027951972,-65.6787630822646,147.26890143608549,136.8315190186839,261.49800302431663,411.3665777449157,427.9947393602399,578.5240027951972,419,1565.9999999999998,275.0,130.0,引地橋周辺,57.72275991318031,94.44986668513678,1.3919548482422266,1.2296002441494025,partial
533903174,222.41574285678763,190.9654850621196,402.1337108075966,275.8836258995491,276.3563418100573,450.32686864917207,0.9993487712719862,0.9993487712719862,728,728,160.45339212316287,134.81604634073378,123.71974038957175,215.252224792763,-25.63734578242909,171.13929612323653,155.78390549336436,164.75764957853428,248.576435458378,-15.355390629872176,134.81604634073378,123.71974038957175,215.252224792763,155.7839054933644,164.75764957853428,248.576435458378,730,2229.0,582.0,145.0,湘南高校前周辺,87.59969651605385,120.09972040618473,1.6497720330312504,1.7709379221546118,partial
533903181,198.50114626100418,206.8207785403207,301.61188230822415,248.47116834772507,252.63661412017237,392.143367573246,1.0,1.0,696,696,174.48218631296388,118.72645758729116,112.42205824950774,203.60889516474413,-55.755728725672725,42.33968220924432,138.2246693169481,130.53816239287437,254.3973842036773,95.8849871077038,118.72645758729116,112.42205824950774,203.60889516474413,138.2246693169481,130.53816239287437,254.3973842036773,696,2727.0,720.0,227.0,日本精工北門周辺,79.77468867371302,110.24649903077696,1.6719200614156313,1.7975891682401683,available
533903182,216.4476043042527,211.76271295643548,331.16815421386815,174.3749077742872,168.5274717982897,263.0056806943711,1.0,1.0,704,704,54.485940654953325,157.31289983757642,148.5993523362592,243.4801093975156,102.8269591826231,149.68062804715333,102.52648740701846,89.41354601080998,190.24840288731767,-47.15414064013487,157.31289983757642,148.5993523362592,243.4801093975156,102.52648740701848,89.41354601080998,190.24840288731767,704,4083.0,935.0,225.0,藤沢小学校前周辺,59.13470446667628,71.84842036726874,1.3759049927102744,1.7007791077640133,available
533903183,177.80993252237616,178.21254638494585,249.0045883818648,227.0618963453616,224.60367643873155,325.91480638685664,1.0,1.0,531,531,39.18786007956332,108.63225645198466,105.97847346314065,156.0317934716774,69.44439637242135,86.67629969067488,140.21680344397294,142.23490508393266,223.49692353042855,53.54050375329805,108.63225645198465,105.97847346314065,156.0317934716774,140.2168034439729,142.23490508393266,223.49692353042855,531,2935.0000000000005,512.0,257.0,白旗交差点周辺,69.1776760703915,86.84509290138865,1.6368060310057901,1.6193629491495984,available
533903184,225.9134025222902,206.63145116080972,411.5693110603045,293.4794881886315,275.2283500765457,483.81779611102036,1.0,1.0,719,719,111.90687645605529,138.31191287154286,120.9302490225893,261.47388943829054,26.40503641548757,152.35911455249447,187.55846562496183,171.51041476217964,318.27810341669914,35.19935107246735,138.31191287154286,120.9302490225893,261.47388943829054,187.55846562496183,171.51041476217964,318.27810341669914,719,2540.0,619.0,184.0,藤沢公民館前周辺,87.60148965074734,105.92102256366965,1.6333618546083386,1.5647360262344394,available
533903191,158.222045797869,149.5563590733327,302.60943000412635,334.03030536750043,346.1648932753025,473.45238945701186,1.0,1.0,587,587,56.45016904542898,94.54292764676347,86.01080637378826,172.98349462257426,38.092758601334495,222.4652900202257,220.35892051130847,246.4169727884376,337.7616902993453,-2.1063695089172256,94.54292764676347,86.01080637378826,172.98349462257426,220.35892051130847,246.4169727884376,337.7616902993453,587,4777.0,1053.0,215.0,藤が岡2号周辺,63.67911815110551,113.67138485619196,1.6735471360589442,1.5158465316150362,available
533903192,192.38403153279214,170.3379393875234,339.28616805319507,286.95100505606905,294.5464856616159,391.77896542386173,1.0,1.0,980,980,93.14084117551003,122.60616980709116,98.27708728214394,246.9972168591511,29.4653286315811,14.10254012747365,188.2766497189632,188.48722077546137,265.3657573641753,174.17410959148955,122.60616980709116,98.27708728214394,246.9972168591511,188.2766497189632,188.48722077546137,265.3657573641753,980,4610.0,948.0,261.0,赤坂下周辺,69.77786172570097,98.67435533710585,1.5691219441524813,1.5240923687796395,available
533903193,206.06020817642846,174.4436588849203,373.35606377042507,494.5791353219644,490.7088853037873,665.5096681314443,0.9964172480618582,0.9964172480618582,647,647,179.48871155234224,138.83466911071176,116.0253745007552,274.23716690887267,-40.65404244163048,460.2162194339378,357.3423637519151,370.6324059521249,477.6884088969102,-102.87385568202268,138.8346691107118,116.0253745007552,274.23716690887267,357.3423637519152,370.6324059521249,477.6884088969102,650,2320.0,539.0,38.0,山王神社前周辺,67.2255390657167,137.23677157004926,1.4842129094722634,1.3840484238396258,partial
533903194,143.01762681367867,124.68082821472217,268.6384903270289,278.41018370576364,259.7829925215502,437.2500582781745,1.0,1.0,729,729,62.576826281260274,78.18643891621349,66.33224064721517,146.32881556904013,15.609612634953216,76.6671458815643,169.41883643052392,169.12420795100022,287.8910918635184,92.75169054895964,78.18643891621348,66.33224064721517,146.32881556904013,169.41883643052392,169.12420795100022,287.8910918635184,729,2207.0,647.0,251.0,藤が岡8号周辺,64.83118789746518,108.99134727523972,1.8291871173073873,1.6433248484735958,available
533903251,376.3323333455343,405.669427621528,405.669427621528,819.5291449078942,862.8889237328294,862.8889237328294,1.0,1.0,32,32,316.036273056087,68.12641474224395,73.25883717324982,73.25883717324982,-247.90985831384305,504.2824786217943,532.6130410946087,530.3497689200333,567.7775411952088,28.330562472814396,68.12641474224395,73.25883717324982,73.25883717324982,532.6130410946088,530.3497689200333,567.7775411952088,32,326.99999999999994,92.0,96.0,有藤周辺,308.20591860329034,286.91610381328553,5.52402962594445,1.5386952283849924,available
533903252,481.2991035302826,466.88285091131524,619.479922961391,647.8058415899462,649.5239347945176,749.5920179306455,1.0,1.0,169,169,343.94494742783024,195.54993491157063,206.5977767796356,310.59537488105525,-148.3950125162596,624.0380356592555,518.1251113936945,511.99600396378287,576.6080439458332,-105.91292426556096,195.54993491157063,206.5977767796356,310.59537488105525,518.1251113936945,511.99600396378287,576.6080439458332,169,537.0,211.0,25.0,有藤周辺,285.74916861871196,129.68073019625172,2.461259338940359,1.250288448377702,available
533903253,356.9268775543197,382.6095076581495,495.61618569081793,334.82542861604236,322.6410996512337,491.2663329852411,1.0,1.0,42,42,185.46428344706231,115.00665309282618,113.5781174659176,164.03821171289945,-70.45763035423613,459.6009771704191,258.60475625219493,240.1157018261668,414.21358351120585,-200.9962209182242,115.00665309282618,113.5781174659176,164.03821171289945,258.60475625219493,240.1157018261668,414.21358351120585,42,684.0,363.0,60.0,西高校前周辺,241.9202244614935,76.22067236384743,3.1035324301301994,1.2947380917059235,available
533903254,460.17037100981946,469.72040926407885,616.408977913085,345.6352107064775,350.05736510205435,502.20815028518683,1.0,1.0,844,844,382.5667989701853,273.98101854806185,270.0200176284108,404.4276543201549,-108.58578042212343,259.65776999257866,236.796291119199,225.4069664201261,397.5047995429018,-22.861478873379667,273.98101854806185,270.0200176284108,404.4276543201549,236.796291119199,225.4069664201261,397.5047995429018,844,2305.0,896.0,18.0,西高校前周辺,186.1893524617576,108.8389195872785,1.6795702616496997,1.4596310147969798,available
533903261,299.0818929896047,284.9602529785271,538.8770108009629,797.1683166248348,778.8442437919706,1026.1385692796694,1.0,1.0,87,87,203.0404327368222,213.9667658074825,210.17863287474503,361.9598547660365,10.926333070660265,733.0205569784363,615.4294089418709,601.3162867234902,795.9614599172127,-117.5911480365654,213.96676580748243,210.17863287474503,361.9598547660365,615.4294089418709,601.3162867234902,795.9614599172127,87,138.0,41.0,168.0,大六天周辺,85.1151271821222,181.73890768296394,1.3977960168763073,1.2953042299285533,available
533903262,313.7051021059634,317.26172597530984,502.8665230116814,1005.4749111896748,1000.7177299607058,1114.9510717887576,1.0,1.0,150,150,218.86926881383783,178.40432323616346,188.96633346255035,251.937486441575,-40.4649455776744,686.9798302363523,783.7361776075537,808.1016467061743,856.4772285731303,96.7563473712014,178.40432323616346,188.96633346255035,251.937486441575,783.7361776075535,808.1016467061743,856.4772285731303,150,817.0,164.0,66.0,観音坂下周辺,135.30077886979996,221.73873358212109,1.758394059154581,1.2829252239688673,available
533903263,351.4350532716066,350.8439944708026,457.17703871087883,393.64620035696385,370.15448206015594,659.2806932716593,1.0,1.0,100,100,169.38844891450026,241.46787403866645,242.05235157146848,324.63246951819247,72.07942512416619,354.33870905646114,287.7137672567208,268.9979981283411,448.7913973229215,-66.62494179974038,241.46787403866645,242.05235157146848,324.63246951819247,287.7137672567208,268.9979981283411,448.7913973229215,100,331.0,81.0,169.0,舟地蔵周辺,109.96717923294014,105.93243310024303,1.4554112205225735,1.368186875832472,available
533903264,112.431576927363,107.5423721545211,163.31601133437576,769.377299857554,771.7600062890015,794.3081312097639,1.0,1.0,10,10,364.6626196504629,38.964893052815285,39.0370115996262,57.70777891555124,-325.69772659764766,291.0762636903095,404.09307560675,404.8769132954492,415.758118110892,113.01681191644052,38.964893052815285,39.0370115996262,57.70777891555124,404.09307560675006,404.8769132954492,415.758118110892,10,17.0,5.0,252.0,老人センター周辺,73.46668387454771,365.284224250804,2.885458373386697,1.9039606127927975,available
533903271,476.229908608339,532.3635177969594,576.8922041215778,942.688833262634,995.8906777228234,1095.9899387402343,1.0,1.0,611,611,270.3600681716386,216.7763733601759,163.12133408140247,366.2190044853333,-53.58369481146269,733.0907143776949,609.0191391510701,636.9983938696344,689.1817653124218,-124.07157522662476,216.7763733601759,163.12133408140247,366.2190044853333,609.0191391510701,636.9983938696344,689.1817653124218,611,3146.0,459.0,10.0,中郷周辺,259.45353524816306,333.6696941115639,2.196871832600865,1.547880473143547,available
533903272,302.8159966052757,250.6526433782986,617.7184806617015,435.57123044500776,442.4850188060951,688.7383864997842,1.0,1.0,643,643,52.94169525241978,174.43859917864913,168.57798332617057,285.99382290293494,121.49690392622936,193.60404842006912,256.6285127436855,276.1663257139065,385.449707265943,63.0244643236164,174.43859917864916,168.57798332617057,285.99382290293494,256.6285127436855,276.1663257139065,385.449707265943,643,2717.0,715.0000000000001,222.0,修道院下周辺,128.37739742662657,178.94271770132224,1.7359460465235133,1.6972830718932856,available
533903273,161.9516562011951,137.49352796362712,299.0143339392933,768.1836788555516,758.2580964908799,968.6698222574785,1.0,1.0,156,156,174.62778357704263,70.49188186793977,70.80267036096458,106.1359505615565,-104.13590170910288,393.2591182525501,482.51965612602055,478.7389228930873,582.2788965807831,89.26053787347041,70.49188186793974,70.80267036096458,106.1359505615565,482.5196561260203,478.7389228930873,582.2788965807831,156,481.0000000000001,90.0,154.0,関東航空前周辺,91.45977433325534,285.6640227295311,2.2974511661441674,1.5920256700484006,available
533903274,340.35523796295104,294.47077385955544,613.4408381892266,452.9457241759338,462.1231927474462,652.360409071046,1.0,1.0,782,782,166.95109311343472,152.34338390949307,167.3022145725921,223.070240781976,-14.607709203941653,260.9588180215702,293.49518518135704,320.12499658675705,414.4347647572095,32.536367159786835,152.34338390949304,167.3022145725921,223.070240781976,293.49518518135704,320.12499658675705,414.4347647572095,782,2771.0,835.0,73.0,善行周辺,188.01185405345797,159.45053899457673,2.2341320589619795,1.5432816177071143,available
533903281,358.2174434235899,380.7716470226137,490.80579123540144,387.4678813384925,363.018786296228,608.2050725754522,1.0,1.0,440,440,268.25425724320564,202.110667796224,205.76784234360332,285.5786251499592,-66.14358944698165,195.15401340658525,193.4535169725172,201.22974765706945,298.35360345675565,-1.7004964340680715,202.110667796224,205.76784234360332,285.5786251499592,193.4535169725172,201.22974765706945,298.35360345675565,440,3186.0,823.0,54.0,白旗神社前周辺,156.1067756273659,194.01436436597527,1.7723826620807515,2.0028991325783845,available
533903282,676.3002276311759,657.6533158385953,879.5449384461772,692.2972713454211,720.3562218085524,943.3983172430526,1.0,1.0,463,463,302.92665584276455,331.160233391538,325.9618013226226,431.5403807544536,28.23357754877344,266.1884169181447,294.7470140603457,292.0608820816685,414.74459507856193,28.558597142200995,331.16023339153804,325.9618013226226,431.5403807544536,294.74701406034575,292.0608820816685,414.74459507856193,463,1209.0,334.0,81.0,藤沢市民病院周辺,345.1399942396379,397.5502572850754,2.0422144914711766,2.3487846808303274,available
533903283,282.3134850705518,258.1418988067039,476.7252366894138,440.9464053940254,429.04859020220954,570.5431093315943,1.0,1.0,515,515,85.91819774563376,150.0903506224316,145.94011318731864,254.97934824391928,64.17215287679784,409.1088414674474,327.4561791695669,334.3265866234209,416.7209401169578,-81.65266229788045,150.0903506224316,145.94011318731864,254.97934824391928,327.456179169567,334.3265866234209,416.7209401169578,515,1684.0,479.0,158.0,聖園女学院前周辺,132.2231344481202,113.49022622445852,1.8809569296079645,1.3465814159081413,available
533903284,397.03230442659475,404.1975039227384,543.2351272633534,482.4657188073676,484.7483399248834,658.9841741818431,1.0,1.0,178,178,344.27864517756694,268.9298409661709,299.59934858345434,358.2265292891759,-75.34880421139604,552.1589312794466,371.3323648550157,388.864146377332,453.7050259267611,-180.8265664244309,268.9298409661709,299.59934858345434,358.2265292891759,371.33236485501567,388.864146377332,453.7050259267611,178,439.0,104.0,75.0,水道みち下周辺,128.10246346042385,111.13335395235185,1.4763415729552232,1.2992827032347238,available
533903291,263.11082414881326,266.84369442080373,376.17381442807493,801.6743950701156,812.9304561221601,980.9798690486373,0.9968267978868041,0.9968267978868041,827,827,46.99422463745403,194.13547557469136,201.4807888770915,276.4071187722253,147.14125093723734,675.9008727601569,588.5554637709907,608.056444798219,706.1268012967579,-87.34540898916612,194.13547557469136,201.4807888770915,276.4071187722253,588.5554637709905,608.056444798219,706.1268012967579,828,2351.0,616.0,201.0,遊行寺坂上周辺,68.97534857412191,213.11893129912482,1.355294921600171,1.3621050936026147,partial
533903292,217.96800951899877,211.5244415924074,338.53540043401534,349.5049066337639,362.161027488511,523.367261427107,1.0,1.0,693,693,61.20145966122318,140.0846721410614,136.11224330436477,228.05021431689528,78.8832124798382,199.60124125256985,246.5114845591989,250.6602345711766,398.7278791671094,46.91024330662907,140.0846721410614,136.11224330436477,228.05021431689528,246.5114845591989,250.6602345711766,398.7278791671094,693,2505.0,435.0,223.0,柄沢神社入口周辺,77.88333737793738,102.99342207456499,1.5559732994878341,1.4178037475971286,available
533903293,243.45630020922502,207.0073556345375,356.9526855234947,801.1505687703326,813.457238992363,957.2867945204762,1.0,1.0,374,374,174.4330815826593,165.16846897487733,157.61442005436624,268.5601361425235,-9.26461260778197,658.38129039702,541.9708501041877,561.0174187561743,675.7131076795046,-116.4104402928324,165.16846897487733,157.61442005436624,268.5601361425235,541.9708501041877,561.0174187561743,675.7131076795046,374,1648.0,425.0,42.0,緑ヶ丘周辺,78.28783123434769,259.17971866614494,1.4739877515378286,1.4782170823695049,available
533903294,280.6207908574729,287.1591956747408,375.09301953907584,367.15701389356445,329.13142065452087,628.5111693897652,1.0,1.0,681,681,211.7145674022075,200.58019430357933,205.68442770542185,275.11100924874586,-11.134373098628174,192.6188783964188,230.90481082984655,214.68337827755565,387.1539746534181,38.2859324334278,200.58019430357936,205.68442770542185,275.11100924874586,230.90481082984655,214.68337827755565,387.1539746534181,681,2194.0,499.0,114.0,柄沢大上周辺,80.04059655389358,136.2522030637179,1.3990453635355027,1.5900795335274411,available
533903342,555.3467343917648,565.9759778096269,598.3134006029306,684.3056944729072,694.9349378907692,727.272360684073,1.0,1.0,39,39,696.1319853936669,396.6039792888806,395.4025691902742,430.2390362439023,-299.5280061047863,792.8146662975802,494.5688400233319,495.87345721827774,528.5574110307914,-298.2458262742483,396.60397928888057,395.4025691902742,430.2390362439023,494.5688400233318,495.87345721827774,528.5574110307914,39,254.00000000000003,40.99999999999999,,羽根沢周辺,158.7427551028842,189.73685444957533,1.400255074060309,1.3836409395315408,available
533903344,402.0101742024771,383.00818603355333,473.48692499729185,530.9691342836195,511.9671461146957,602.4458850784342,1.0,1.0,26,26,459.1394499987495,321.66954615605084,319.0398450102569,348.6877168556861,-137.4699038426986,532.5627764000627,408.3834635672592,406.34241245665095,433.1348814189101,-124.17931283280348,321.66954615605084,319.0398450102569,348.6877168556861,408.3834635672593,406.34241245665095,433.1348814189101,26,623.0,162.0,,南大平周辺,80.34062804642627,122.58567071636031,1.2497613746980287,1.3001729542268083,available
533903351,460.7364770730764,516.9953482965235,633.9214011326977,587.6988781273373,587.1091246962064,810.4019943846903,1.0,1.0,305,305,347.69019036632005,233.82990198120527,224.1284372750842,362.4538685826744,-113.8602883851148,430.656584165204,321.1027799417004,319.6965018952617,453.37734332860987,-109.55380422350356,233.82990198120527,224.1284372750842,362.4538685826744,321.1027799417004,319.6965018952617,453.37734332860987,305,2639.0,1026.0,2.0,南センター前周辺,226.90657509187113,266.59609818563683,1.9703916101804182,1.8302516042808479,available
533903352,211.3178652129988,213.59951886326365,350.01742291109383,382.1795651407196,399.16836923038795,570.2724570047357,1.0,1.0,341,341,176.0688782609951,136.1019538079782,129.52835935098503,224.10062978349103,-39.9669244530169,230.55342626517415,243.84556784395335,265.86998919864214,374.2577628692789,13.292141578779194,136.1019538079782,129.52835935098503,224.10062978349103,243.84556784395335,265.86998919864214,374.2577628692789,341,2098.0,690.0,89.0,小糸周辺,75.21591140502062,138.33399729676626,1.5526438768920268,1.5673016676903138,available
533903353,323.03793707606405,311.3869691657822,460.84621066178164,369.017720970765,387.95380042983214,524.93646366996,0.9477555515287328,0.9477555515287328,346,346,37.27855286286204,182.6301619924298,186.81110552401512,274.9679138784277,145.35160912956778,65.81125716911792,195.53903415661352,191.0924297254433,320.0339284478893,129.7277769874956,182.6301619924298,186.81110552401512,274.9679138784277,195.53903415661352,191.0924297254433,320.0339284478893,358,2096.0,536.0,258.0,羽根沢周辺,140.40777508363425,173.4786868141515,1.7688093442607487,1.8871818742604958,partial
533903354,356.69031476333856,388.7143028344185,500.2063101197433,443.27918659315424,461.9110524057725,607.3622624203066,1.0,1.0,313,313,138.91027360530202,172.98027245926414,156.43050495226024,291.88668351703444,34.06999885396212,289.7711721460254,283.82990467114024,307.50615813569897,444.200035697526,-5.941267474885137,172.98027245926417,156.43050495226024,291.88668351703444,283.8299046711403,307.50615813569897,444.200035697526,313,2635.0,613.0,102.0,ライフタウン中央周辺,183.71004230407442,159.449281922014,2.0620288642876146,1.5617775974196941,available
533903361,240.37582816006494,285.104234743294,324.083003120871,271.33737902014786,252.6667625341646,435.0218442958619,1.0,1.0,118,118,229.48132307659583,153.5294307613909,150.91116763940028,240.4391179037722,-75.95189231520496,107.9107927209545,172.78290416572668,157.52482602173637,303.4812211444399,64.87211144477217,153.52943076139093,150.91116763940028,240.4391179037722,172.78290416572673,157.52482602173637,303.4812211444399,118,477.0,116.0,210.0,天神社前周辺,86.84639739867404,98.55447485442119,1.5656661199613717,1.5703948277191333,available
533903362,364.2437655344622,310.4095300950951,554.4596644777868,856.8711731652936,884.524095390115,947.7040431592213,1.0,1.0,87,87,402.925627292962,228.2873239833171,186.30639910384468,358.7484680467623,-174.63830330964495,353.32832660958104,420.1998631933461,408.81830679575705,514.9574506553506,66.87153658376508,228.2873239833171,186.30639910384468,358.7484680467623,420.1998631933461,408.81830679575705,514.9574506553506,87,451.0,109.0,97.0,善行坂北周辺,135.95644155114513,436.6713099719475,1.595549674764599,2.039199076966435,available
533903363,340.0505981822417,333.4399280572787,482.87810909469044,410.4519094686337,439.6772278652976,562.0357244013371,1.0,1.0,392,392,70.92061898589151,199.91637318809336,204.04121603145552,286.4709279314194,128.99575420220185,410.9992501925264,306.2700157164054,311.48238025689005,430.51415577641455,-104.729234476121,199.91637318809336,204.04121603145552,286.4709279314194,306.2700157164054,311.48238025689005,430.51415577641455,392,1460.0,287.0,191.0,弁天前周辺,140.13422499414833,104.18189375222829,1.7009642219864685,1.3401635432986585,available
533903364,199.53069232813138,177.05667850014038,310.685468436678,631.8033858038359,607.7248338981811,947.9799815008042,1.0,1.0,269,269,155.52556983786994,98.87612321762492,92.61174930711437,151.74993023212147,-56.649446620245016,588.701337029862,456.1039746688677,468.8636335985822,577.9480893078091,-132.59736236099428,98.87612321762492,92.61174930711437,151.74993023212147,456.1039746688677,468.8636335985822,577.9480893078091,269,1375.0,366.0,68.0,善行団地西周辺,100.65456911050646,175.69941113496822,2.01798660622006,1.3852178908603598,available
533903371,250.5852812072374,260.99930871568927,310.4095300950951,559.9534646175042,527.349380757484,695.2491796722079,1.0,1.0,275,275,197.40733670316,144.70304173846125,159.020915055442,177.01333335149445,-52.70429496469873,401.9833245344021,361.3454285929084,369.4173007027752,421.3995780914355,-40.63789594149375,144.70304173846125,159.020915055442,177.01333335149445,361.3454285929084,369.4173007027752,421.3995780914355,275,2850.0,502.0,43.0,善行坂南周辺,105.88223946877613,198.60803602459583,1.731720896787709,1.5496348377727716,available
533903372,216.98275467158157,224.51474710373725,337.0678263625664,280.097759106008,248.6071326441238,462.34753041571093,1.0,1.0,686,686,73.77428303142511,120.97818874028172,123.4124701758357,189.8142760203376,47.2039057088566,237.9427892563076,174.0331882570613,162.45165365915022,288.0973979953251,-63.909600999246265,120.9781887402817,123.4124701758357,189.8142760203376,174.0331882570613,162.45165365915022,288.0973979953251,686,2333.0000000000005,597.0000000000001,198.0,善行市民センター周辺,96.00456593129985,106.06457084894672,1.7935692121941442,1.6094502543519493,available
533903373,286.97607374686135,288.76845268561345,405.2815138829308,352.70456875748107,355.6240337360183,548.4474352169628,1.0,1.0,719,719,284.47342696597457,183.16001825495007,176.25939962004608,270.9187271582363,-101.3134087110245,301.2569151813844,240.022202140094,221.0133403899873,417.0281682843085,-61.23471304129035,183.1600182549501,176.25939962004608,270.9187271582363,240.022202140094,221.0133403899873,417.0281682843085,719,3489.0,1149.0,16.0,マーケット前周辺,103.81605549191127,112.68236661738706,1.5668052257311103,1.4694664310746455,available
533903374,175.52881590162653,163.32278255626764,269.32364866607344,156.25523764346087,141.3728311852229,245.7773446649351,1.0,1.0,546,546,90.97830643437936,115.0006595061116,110.53325015510949,181.37318065579584,24.02235307173225,77.58686716888501,72.5783418564277,64.89346327505504,137.3228405827265,-5.008525312457309,115.0006595061116,110.53325015510949,181.37318065579584,72.57834185642771,64.89346327505504,137.3228405827265,546,3036.0,630.0,229.0,善行駅入口周辺,60.52815639551493,83.67689578703317,1.5263287763345237,2.152918262483322,available
533903381,136.03446336885452,123.32814529942607,230.0330274547477,291.453603966685,270.6036075733038,414.8522231005485,1.0,1.0,410,410,101.5432693716293,94.31511054982816,82.99199086211654,176.72466384640887,-7.228158821801131,65.02930915147329,156.51591540471497,153.52759125169652,234.92642569377304,91.48660625324167,94.31511054982818,82.99199086211654,176.72466384640887,156.51591540471497,153.52759125169652,234.92642569377304,410,1570.9999999999998,538.9999999999999,242.0,藤沢翔陵高校前周辺,41.719352819026355,134.93768856197005,1.442340072293987,1.8621339766825087,available
533903382,156.88366839986813,128.69594577620137,331.6436666865749,521.3455116652495,514.0808960011826,674.6820418496852,1.0,1.0,372,372,179.7306173248778,107.65728840462592,72.37385804255462,255.451375227266,-72.0733289202519,476.3436881893464,336.75938019477934,333.58799879396224,458.7646641712812,-139.5843079945671,107.65728840462592,72.37385804255462,255.451375227266,336.7593801947794,333.58799879396224,458.7646641712812,372,902.0,284.00000000000006,80.0,水道みち下周辺,49.22637999524221,184.5861314704702,1.4572507883556076,1.548124691771635,available
533903383,213.82607303156215,209.27836719964432,305.0134916253562,285.1281737315617,291.02743583531236,404.7480387844566,1.0,1.0,589,589,155.46285371495995,146.25405150001544,133.48056440833335,231.33779203822368,-9.208802214944512,130.31607376957407,164.85541570352586,170.9064704101497,243.58247848989512,34.53934193395179,146.25405150001544,133.48056440833335,231.33779203822368,164.8554157035259,170.9064704101497,243.58247848989512,589,2565.0,696.0,152.0,渋沢台周辺,67.57202153154671,120.27275802803581,1.4620181173684585,1.7295651011206874,available
533903384,389.22665221531855,439.0093008420718,639.4885187077357,473.00539081233956,545.7150267360115,719.1275613714918,1.0,1.0,80,80,259.4496093968777,249.40019868105637,302.21048305419777,420.5056696746008,-10.049410715821352,260.5264607020012,278.55843042773193,362.3165128094882,428.9445127221773,18.031969725730733,249.4001986810563,302.21048305419777,420.5056696746008,278.55843042773193,362.3165128094882,428.9445127221773,80,91.0,42.0,202.0,亀井野団地入口周辺,139.82645353426219,194.44696038460762,1.5606509308081116,1.6980473004749148,available
533903391,519.2420978989015,380.6601796254769,780.3327042591317,1030.8370905745285,900.3705251456303,1294.5745927484036,0.972227815103286,0.972227815103286,13,13,556.5961090045288,325.99862084421034,317.3555376254981,341.86676478890536,-230.59748816031845,907.3968332149552,669.2793121836846,629.6675888917491,757.6001304653643,-238.1175210312707,325.9986208442104,317.3555376254981,341.86676478890536,669.2793121836847,629.6675888917491,757.6001304653643,14,539.0,199.0,,緑ヶ丘周辺,193.2434770546912,361.55777839084385,1.5927739097615363,1.5402195642521426,partial
533903441,169.16994706580084,147.8010782853981,284.28736795874266,471.1306061614521,474.552714972372,504.5047635654845,1.0,1.0,64,64,250.1669015763104,120.16911230074396,110.07258848551125,209.237917486493,-129.99778927556642,581.7995572342408,360.1312257981989,359.35570938525706,387.0765751592602,-221.66833143604185,120.16911230074402,110.07258848551125,209.237917486493,360.1312257981989,359.35570938525706,387.0765751592602,64,525.0,139.00000000000003,,大辻周辺,49.00083476505688,110.99938036325318,1.4077656381651869,1.3082192612352148,available
533903442,251.20162523225002,260.9608513874832,331.4658472755624,206.96312332809538,200.4406708216165,278.43797004732016,1.0,1.0,296,296,21.31673928969136,149.44021602333854,158.10558985426144,217.64446123246404,128.12347673364718,103.00534492659102,120.21164911075536,122.0155661404386,178.91493446374108,17.206304184164324,149.44021602333848,158.10558985426144,217.64446123246404,120.2116491107553,122.0155661404386,178.91493446374108,296,1926.0,771.0,256.0,南大平周辺,101.76140920891149,86.75147421734002,1.6809506297355665,1.7216561361487748,available
533903443,301.1361956231699,307.0869349423466,445.99772145519495,437.70928559572394,455.5595218289034,538.4490280444279,0.9932792062961945,0.9932792062961945,198,198,193.76535134447943,126.7760590579102,123.79662353905496,208.09156815627503,-66.98929228656927,214.90232634599224,203.99990670116517,213.66903230338832,306.0632145658117,-10.902419644827091,126.77605905791022,123.79662353905496,208.09156815627503,203.9999067011652,213.66903230338832,306.0632145658117,200,1220.0,464.0,,小出一本松周辺,174.3601365652597,233.70937889455877,2.3753396174400208,2.145634734220317,partial
533903444,337.7665291750511,348.4355341601384,486.64421044366384,429.317257845489,419.43087490463,601.961075174296,1.0,1.0,647,647,220.04379719588852,168.7794589493174,171.9404993021584,239.82619591736452,-51.26433824657116,220.49231703154624,203.88745043619468,204.2548619150379,287.76846644607866,-16.60486659535158,168.77945894931742,171.9404993021584,239.82619591736452,203.8874504361947,204.2548619150379,287.76846644607866,647,2260.0,1014.0,56.0,滝の沢不動前周辺,168.98707022573373,225.4298074092943,2.0012300743094493,2.1056580820791675,available
533903451,395.0684833372725,379.10646257583795,588.1914793351299,376.8471182842517,367.2647328706184,514.0986169538327,0.9805840475479951,0.9805840475479951,357,357,307.5725856726599,176.52311924473295,160.75972508279028,304.9114605684407,-131.04946642792694,275.7042949974157,231.66421059151955,238.06154457384292,304.2273855506739,-44.04008440589613,176.52311924473304,160.75972508279028,304.9114605684407,231.6642105915197,238.06154457384292,304.2273855506739,365,3100.999999999999,1095.0,,滝の沢小学校前周辺,218.54536409253953,145.18290769273213,2.238055190887187,1.6266954542612755,partial
533903452,227.52601783291058,217.43315761081877,335.92498249096894,206.4585564705025,195.57705341286697,335.3905344623474,1.0,1.0,351,351,34.25075240381902,122.92902828584964,117.50546133318105,202.5721144423662,88.67827588203063,124.81458714764015,130.16527487341867,123.8550745978616,194.54661053614484,5.3506877257785135,122.9290282858497,117.50546133318105,202.5721144423662,130.16527487341872,123.8550745978616,194.54661053614484,351,3008.0,1276.0000000000002,250.0,二番構保健医療センター周辺,104.59698954706094,76.29328159708382,1.8508729874919307,1.5861262281455362,available
533903453,287.30588170710143,291.19132734849495,451.851817002458,557.7291188939394,559.3892721781012,708.3726141850358,1.0,1.0,545,545,155.33225431883315,173.1929145740827,170.80101076761918,275.2906912084624,17.86066025524954,381.155141645423,397.5740867639452,406.5700474263962,491.84170194351054,16.41894511852223,173.1929145740827,170.80101076761918,275.2906912084624,397.5740867639452,406.5700474263962,491.84170194351054,545,2185.0,576.0,70.0,滝の沢周辺,114.11296713301874,160.15503212999414,1.6588778034808538,1.4028306609054333,available
533903454,240.06102943389735,227.25205282859835,359.8004379361899,389.94033858866834,398.3774479172437,544.0701183148983,1.0,1.0,712,712,60.18573778681706,148.9780794102343,149.77028334271554,217.921795642353,88.79234162341723,358.8123175104917,247.8845982250995,251.0391513782691,346.3102166116437,-110.9277192853922,148.97807941023433,149.77028334271554,217.921795642353,247.8845982250995,251.0391513782691,346.3102166116437,712,3641.000000000001,1114.0000000000002,175.0,駒寄住宅北周辺,91.08295002366305,142.05574036356884,1.6113849123591666,1.573072072168722,available
533903461,228.00051614429847,227.28812278696074,297.87670559487447,291.7081571318215,266.417575171978,475.9844003801003,1.0,1.0,285,285,121.03763330123492,134.0504445298515,138.4381696818198,189.29876906291065,13.01281122861657,335.9244932061764,201.49906150426295,195.0075834848996,300.31408864227404,-134.42543170191342,134.0504445298515,138.4381696818198,189.29876906291065,201.49906150426295,195.0075834848996,300.31408864227404,285,1287.0,308.0,150.0,北の谷周辺,93.95007161444698,90.20909562755855,1.7008560989406147,1.4476899046284146,available
533903462,363.6096434752605,325.8068134132439,603.0677466126002,598.6993595033272,538.3698963719006,871.7752703585705,1.0,1.0,149,149,328.50324066639547,263.67039062498395,241.0022098115676,455.01416349821017,-64.83285004141152,535.7858895166796,459.09418973517046,419.5061248154808,675.3063024109492,-76.69169978150916,263.670390624984,241.0022098115676,455.01416349821017,459.0941897351705,419.5061248154808,675.3063024109492,149,476.0,186.0,40.0,善行団地周辺,99.93925285027655,139.6051697681567,1.37903100387339,1.3040882957997972,available
533903463,232.20196535271478,236.01009626517916,347.9137192346365,460.54172924215567,469.35364195146553,548.7139597094676,1.0,1.0,405,405,131.00946698693008,140.6780963771571,142.2023060127364,213.56241355464596,9.66862939022701,431.79148338199593,336.4618805118118,338.7832894218536,429.2410361853873,-95.32960287018416,140.67809637715703,142.2023060127364,213.56241355464596,336.4618805118117,338.7832894218536,429.2410361853873,405,1481.0000000000002,199.0,137.0,石川橋周辺,91.52386897555769,124.07984873034388,1.6505907552955705,1.3687783250262966,available
533903464,253.69356480729263,201.88621153153684,517.8001282155637,565.8908168794601,456.04387555237514,946.6647865272569,0.9599512519489113,0.9599512519489113,133,133,329.3770174170948,183.1276764442832,138.2752577079437,388.24130254907647,-146.24934097281164,500.854067750434,379.2836297528112,364.1233345931446,479.1242093882086,-121.57043799762278,183.1276764442832,138.2752577079437,388.24130254907647,379.2836297528112,364.1233345931446,479.1242093882086,137,349.0,128.0,65.0,5号西周辺,70.56588836300944,186.6071871266489,1.385337103233979,1.4919990542388175,partial
533903471,199.61126025846056,169.87480366670584,378.1146611874685,436.73958346772525,432.4236526919361,625.9990078798235,1.0,1.0,292,292,93.86862568466634,111.5584160976582,102.71230526112242,186.61196463296216,17.68979041299187,176.82239024638238,214.47656570731957,201.5110881839213,347.9878193922229,37.654175460937154,111.5584160976582,102.71230526112242,186.61196463296216,214.47656570731957,201.5110881839213,347.9878193922229,292,2946.0,1269.0,171.0,2街区グラウンド前周辺,88.05284416080237,222.2630177604057,1.7892980847246964,2.0363044420606387,available
533903472,251.7616321286423,211.51575653383503,446.9160125910562,450.6976366986611,452.61984712021376,657.2732804111688,1.0,1.0,843,843,113.32282013922428,160.1229900488859,140.9328361995016,276.9269971045811,46.80016990966162,276.9856780172477,270.0926122978945,264.0835984977212,435.4798281661865,-6.893065719353217,160.1229900488859,140.9328361995016,276.9269971045811,270.09261229789445,264.0835984977212,435.4798281661865,843,2518.0,618.0,135.0,善行台周辺,91.63864207975641,180.60502440076658,1.5723015917438148,1.6686781354892115,available
533903473,234.75729638730598,234.52508668162648,353.18129296377367,459.1261686867537,503.6895230463532,683.5412902228819,1.0,1.0,104,104,232.28115691512545,164.42178131792954,158.31965319129745,281.0424125518509,-67.85937559719588,114.64654522150012,289.6296420179424,349.0078614460631,406.2857477678195,174.98309679644228,164.42178131792951,158.31965319129745,281.0424125518509,289.6296420179424,349.0078614460631,406.2857477678195,104,349.0,174.0,189.0,天神町7号周辺,70.33551506937644,169.49652666881133,1.4277749243780187,1.5852181616766667,available
533903474,664.6674238167828,808.3783522341557,954.5798188266838,751.3269928630315,738.0995417595393,862.6852013286054,1.0,1.0,150,150,470.2286161585703,427.3440521853087,480.8254430924386,632.0513072352758,-42.884563973261606,585.3587415890612,510.7883522512286,514.6600331034554,585.7085392360168,-74.57038933783258,427.3440521853087,480.8254430924386,632.0513072352758,510.78835225122856,514.6600331034554,585.7085392360168,150,250.00000000000003,69.0,99.0,善行台周辺,237.32337163147412,240.53864061180286,1.5553449741908747,1.4709164560069983,available
533903481,258.8992383846822,213.7265494762248,452.72680123952455,495.4299316643982,481.9704584129581,706.3605791851536,0.9910318535124627,0.9910318535124627,440,440,199.8306666467647,181.39282638429435,166.65646761738634,331.1321517160171,-18.43784026247036,345.1323226621113,325.3781763871109,315.4565934506526,502.46137529764906,-19.754146275000323,181.39282638429432,166.65646761738634,331.1321517160171,325.3781763871109,315.4565934506526,502.46137529764906,448,1698.0,571.0,41.0,亀井野団地周辺,77.50641200038783,170.05175527728733,1.4272848797018283,1.522628029837417,partial
533903482,241.6782899984632,192.07069941318525,484.81769464400753,563.0817179256496,572.7365952730548,737.7476563884015,1.0,1.0,397,397,136.2010883058514,152.08715847463827,119.5523636845308,312.438825438222,15.886070168786889,451.7758479680025,434.1654303340917,464.9780776649192,565.3001008259151,-17.610417633910856,152.0871584746383,119.5523636845308,312.438825438222,434.1654303340916,464.9780776649192,565.3001008259151,397,826.0,241.0,123.0,新田周辺,89.59113152382494,128.91628759155793,1.5890775554121814,1.2969289551504743,available
533903483,729.0385796367274,734.6660666903364,913.2529986464092,828.5347519478976,829.0751440486987,907.9099978920335,1.0,1.0,128,128,583.5026893652231,536.5403563476975,527.3734046580113,698.4364029525838,-46.962333017525566,588.5335896679918,587.3751085874195,606.6790840166333,653.6374751667249,-1.158481080572301,536.5403563476978,527.3734046580113,698.4364029525838,587.3751085874196,606.6790840166333,653.6374751667249,128,173.0,64.0,104.0,亀井野公園周辺,192.49822328902985,241.15964336047807,1.3587767835385043,1.4105717791488368,available
533903484,405.4801563631375,371.092947633905,610.0330729852989,417.80913237134,439.94198880766885,553.6758787947691,1.0,1.0,102,102,376.5448622350183,306.0840375708379,311.5607060216502,426.1416336589053,-70.4608246641804,238.0840483736052,307.12205334967274,337.1040224035657,439.5969360756261,69.03800497606755,306.0840375708379,311.5607060216502,426.1416336589053,307.12205334967274,337.1040224035657,439.5969360756261,102,140.0,35.0,207.0,俣野原周辺,99.3961187922996,110.68707902166727,1.3247347348823968,1.3604009474879515,available
533903493,528.3233041630185,560.3245740677099,560.3245740677099,581.603002042602,612.0002757009813,620.2661824156312,1.0,1.0,4,4,612.2140900347345,394.69065820886186,411.39174704743607,411.39174704743607,-217.5234318258726,641.8735608694587,363.5644456803338,374.1041709304136,413.84525243780223,-278.3091151891249,394.69065820886186,411.39174704743607,411.39174704743607,363.5644456803338,374.1041709304136,413.84525243780223,4,50.99999999999999,14.999999999999998,205.0,西俣野周辺,133.63264595415666,218.03855636226825,1.3385756494987553,1.5997246401645664,available
533903523,900.5740190279976,902.9609010640985,1023.5947967382624,680.9836278820967,667.5487556559854,842.6536612915926,0.9910994418588804,0.9910994418588804,95,95,831.6257607343551,760.3780050646052,773.1511905145828,898.680203706907,-71.24775566974995,586.823432151208,510.6438346754464,511.60344523549446,639.4865277916806,-76.17959747576157,760.3780050646053,773.1511905145828,898.680203706907,510.6438346754464,511.60344523549446,639.4865277916806,97,365.00000000000006,115.0,48.0,獺郷公民館前周辺,140.19601396339237,170.3397932066503,1.1843767350312568,1.3335784780695814,partial
533903524,692.20289371075,715.7693096935035,743.8204645966437,440.8059045158372,449.8166254656233,471.3551956927614,1.0,1.0,30,30,597.886152412516,560.3067892377956,581.7819109649298,608.6174493409952,-37.57936317472047,457.42902616163815,305.76417334670964,313.6243166266922,348.4968413922358,-151.6648528149285,560.3067892377958,581.7819109649298,608.6174493409952,305.7641733467096,313.6243166266922,348.4968413922358,30,47.99999999999999,8.0,,堂の前周辺,131.89610447295445,135.04173116912756,1.2353997970511428,1.4416532182009503,available
533903541,317.3310457969917,331.9832777645458,350.0676374039153,482.6669551233256,489.40356910957246,546.3581990868722,0.9476449826476356,0.9476449826476356,26,26,468.5215049573409,230.01272818975016,235.92105711461767,252.0325534452473,-238.50877676759072,425.68914492856254,209.52302806955973,201.94884479194303,269.5681778432518,-216.1661168590028,230.01272818975025,235.92105711461767,252.0325534452473,209.52302806955984,201.94884479194303,269.5681778432518,28,459.0,235.00000000000003,,小出一本松周辺,87.31831760724154,273.1439270537659,1.3796238507949345,2.303646332197359,partial
533903542,250.9363212675782,263.0363659582629,392.2095345413811,373.300063725175,344.47213865283425,596.8630372919724,1.0,1.0,301,301,186.39349784760293,121.9023264308678,125.89950191174664,185.50720565486617,-64.49117141673514,200.70333707034376,231.9429593028102,234.6373231560028,363.75580803475617,31.239622232466445,121.9023264308678,125.89950191174664,185.50720565486617,231.9429593028102,234.6373231560028,363.75580803475617,301,838.0,243.0,151.0,南原周辺,129.0339948367104,141.35710442236478,2.058503136196396,1.609447705794845,available
533903543,,,,,,,0.0,0.0,0,0,430.1864488984924,205.01846886913032,220.56692120436676,220.8540929402405,-225.1679800293621,517.6627759185109,279.5673883671928,278.7337026337413,292.5110312544635,-238.09538755131808,205.01846886913023,220.56692120436676,220.8540929402405,279.5673883671928,278.7337026337413,292.5110312544635,4,93.0,28.0,,刈込周辺,,,,,unavailable
533903544,192.98202219539368,187.76620970824342,265.8811916095075,386.55915705033016,399.31506514913747,536.5010101968008,1.0,1.0,218,218,231.67530808687516,139.01144614060996,138.51336331808176,197.089792764177,-92.66386194626516,77.44209550259906,256.7985303150491,273.5116228308576,354.85218169914486,179.35643481245006,139.01144614060996,138.51336331808176,197.089792764177,256.79853031504905,273.5116228308576,354.85218169914486,218,405.0,169.0,218.0,宝泉寺周辺,53.97057605478372,129.76062673528105,1.3882455549753256,1.5053012825894538,available
533903551,311.7881423687252,329.6155921604685,429.70062065609477,616.6560466526454,623.0705703237531,766.4144250650406,1.0,1.0,632,632,156.6573190384198,168.48461442433896,169.5649508314139,243.346674203282,11.827295385919172,587.9943259113858,454.4804712705652,462.1997009854888,559.9019129926822,-133.51385464082065,168.48461442433896,169.5649508314139,243.346674203282,454.480471270565,462.1997009854888,559.9019129926822,632,2417.0,584.9999999999999,36.0,矢尻周辺,143.30352794438622,162.17557538208018,1.850543703554245,1.356837280441765,available
533903552,328.4360086497755,329.251559719915,428.1508987254198,313.71803894069086,316.7543168419717,458.15368346867547,1.0,1.0,447,447,362.0880642545517,252.8192597305064,254.68471084294595,341.26276397393457,-109.26880452404538,77.25549158668157,194.31836542497183,200.3436647908929,293.6577578967003,117.06287383829029,252.8192597305063,254.68471084294595,341.26276397393457,194.3183654249718,200.3436647908929,293.6577578967003,447,2126.0,302.99999999999994,193.0,田方周辺,75.6167489192691,119.39967351571903,1.2990940998714775,1.6144538796144845,available
533903553,258.3951656357168,265.90334445573103,400.34347387759107,691.2289446051558,719.9266628639514,837.6412102603647,1.0,1.0,204,204,275.6715725394016,184.3204021433211,198.0833366525308,307.3581961583205,-91.3511703960805,457.256907144048,458.66271665954656,461.1577357991694,590.1121765946192,1.4058095154985608,184.3204021433211,198.0833366525308,307.3581961583205,458.66271665954656,461.1577357991694,590.1121765946192,204,564.0,148.0,71.0,遠藤松原周辺,74.0747634923957,232.56622794560923,1.4018804355407046,1.5070528287962788,available
533903554,187.41449550191373,186.00791663475724,247.50258322918194,570.644797459402,589.6806912825889,638.3264316596476,1.0,1.0,47,47,147.11144033131663,115.83817817299568,110.4445972990544,165.07846379093823,-31.273262158320943,314.20895476417724,444.28261316467257,450.6689761589533,497.904230425478,130.07365840049533,115.83817817299564,110.4445972990544,165.07846379093823,444.2826131646725,450.6689761589533,497.904230425478,47,207.0,28.0,235.0,寿照寺前周辺,71.57631732891805,126.36218429472939,1.617899197465141,1.284418477227002,available
533903561,238.19639853632677,237.14818909674162,336.76964542040866,387.92013056899964,359.81489994916603,629.7811287652838,1.0,1.0,540,540,107.55745311874792,161.49485203273798,160.33877352569706,248.061324904464,53.93739891399005,75.01412240935954,221.962054764069,213.24413113046188,350.42551900059124,146.94793235470945,161.49485203273798,160.33877352569706,248.061324904464,221.96205476406905,213.24413113046188,350.42551900059124,540,2629.0,396.0,239.0,石川周辺,76.70154650358879,165.95807580493064,1.474947315893636,1.747686697986884,available
533903562,131.35084844547384,116.64752637753514,221.69938250605054,683.9883223635381,704.6338788740469,838.0822952099004,1.0,1.0,463,463,70.09923714217105,84.901294562531,73.50155128692067,138.84032394536104,14.802057420359958,619.7379849778629,523.2929022836956,549.2713272969888,644.3355026048197,-96.44508269416724,84.901294562531,73.50155128692067,138.84032394536104,523.2929022836956,549.2713272969888,644.3355026048197,463,1473.0,275.0,183.0,4号西周辺,46.44955388294284,160.6954200798425,1.5471006552053466,1.307085036656438,available
533903563,232.3710653135413,240.268678259132,324.4329219581892,572.4668342884465,586.5804023049747,666.7877689756041,1.0,1.0,553,553,110.07226802342532,154.84502447598015,155.4036572957366,233.84008090869784,44.77275645255483,440.4684045503336,401.6935943064962,406.2613934786261,479.5035056336184,-38.77481024383741,154.84502447598015,155.4036572957366,233.84008090869784,401.69359430649627,406.2613934786261,479.5035056336184,553,2473.0,406.0,127.0,和泉橋周辺,77.52604083756114,170.77323998195033,1.5006685949382061,1.4251330924925047,available
533903564,222.05495062863457,208.2017010189826,384.63247990415556,781.9561985491284,780.5554690222468,921.4113848310257,1.0,1.0,487,487,184.22673769396184,142.00399029217138,136.4632662963696,235.53214224961724,-42.22274740179046,606.2724904405143,589.1624610101575,578.250627011223,749.2712890493875,-17.110029430356803,142.00399029217138,136.4632662963696,235.53214224961724,589.1624610101575,578.250627011223,749.2712890493875,487,1863.0,368.0,44.0,3号西周辺,80.05096033646319,192.79373753897096,1.5637233163079387,1.3272335735858214,available
533903571,201.56457082064324,218.28563597126134,306.27914689168426,611.7177157410855,679.1811687152289,814.8806558479521,1.0,1.0,206,206,268.56042221085784,142.6948681401966,160.23990620070913,237.54040136504636,-125.86555407066125,382.5916353041226,421.02968873631306,447.9825994996282,591.315173441994,38.43805343219043,142.69486814019663,160.23990620070913,237.54040136504636,421.029688736313,447.9825994996282,591.315173441994,206,750.0,207.0,64.0,天神町8号周辺,58.869702680446636,190.68802700477244,1.412556551246171,1.452908742794617,available
533903572,822.7092185573563,848.1781434920803,984.8121984681119,346.5632878124208,372.59846440314465,437.29084242968264,1.0,1.0,92,92,573.6666339240022,623.2117805004474,617.5720252466979,765.3439322086481,49.54514657644518,282.4640470608586,190.2690188824959,199.83899304035293,263.625260491697,-92.19502817836268,623.2117805004473,617.5720252466979,765.3439322086481,190.26901888249589,199.83899304035293,263.625260491697,92,233.0,108.0,111.0,西谷周辺,199.4974380569089,156.2942689299249,1.320111789120401,1.8214383500156022,available
533903573,202.43940652364424,193.36707642025982,304.62705651091653,642.9600986259245,654.8594623631059,897.2676127373538,1.0,1.0,601,601,127.19450356724506,121.40012807626492,117.39613649256316,199.3302084949649,-5.794375490980144,522.0222750719972,504.63162320928814,523.8208453094126,698.1659954430025,-17.390651862709092,121.40012807626488,117.39613649256316,199.3302084949649,504.6316232092881,523.8208453094126,698.1659954430025,601,1957.0,478.0,94.0,保育園前周辺,81.03927844737932,138.32847541663637,1.6675386569318076,1.2741177307456746,available
533903574,349.26405811806524,344.12041420326676,567.3114833453939,236.2431720769333,243.70998139305084,369.5543586763103,1.0,1.0,536,536,257.9603322226671,254.2592957123424,247.92881857969377,428.5616552425155,-3.701036510324713,111.71966164482645,151.3764568411535,154.36218050774866,263.8685694917783,39.65679519632707,254.25929571234235,247.92881857969377,428.5616552425155,151.37645684115347,154.36218050774866,263.8685694917783,536,2032.0,460.0,153.0,西谷周辺,95.00476240572283,84.8667152357798,1.3736530542159882,1.5606335159821747,available
533903581,642.7097449795497,725.9449680644152,884.2915971811908,292.08554832868737,241.77075930170426,657.8848565444855,1.0,1.0,48,48,487.563041817287,538.4280449198251,615.285843184682,741.1361038328017,50.86500310253808,240.08884316826428,178.9077110937725,98.8875048924968,489.0442095201764,-61.181132074491785,538.4280449198252,615.285843184682,741.1361038328017,178.9077110937725,98.8875048924968,489.0442095201764,48,115.0,34.0,208.0,下屋敷周辺,104.28170005972459,113.17783723491488,1.1936780616159262,1.6326045788803032,available
533903582,219.88868905138534,213.86559258384736,336.63433227347645,391.0058646221701,359.4116537738914,576.8692598520441,1.0,1.0,147,147,89.35909187455128,129.40962115704792,121.84134999914608,199.8524352317358,40.05052928249664,227.75596054588527,276.11917597630446,249.1240740473664,460.28901510547706,48.36321543041919,129.4096211570479,121.84134999914608,199.8524352317358,276.11917597630446,249.1240740473664,460.28901510547706,147,353.0,103.0,226.0,俣野原周辺,90.47906789433742,114.88668864586566,1.6991680145986559,1.4160764577094234,available
533903583,308.54537647673885,304.5414431671956,460.4512237444485,475.65206686132444,452.9478650523296,713.511584641786,1.0,1.0,510,510,251.70108736465883,221.69436762789255,205.1106112661684,388.0203835181751,-30.006719736766257,378.5104306301162,348.27191136763906,334.46750385677785,538.8245015989008,-30.238519262477155,221.69436762789252,205.1106112661684,388.0203835181751,348.27191136763906,334.46750385677785,538.8245015989008,510,1590.0,383.0,49.0,亀井野周辺,86.8510088488463,127.38015549368538,1.3917601054918236,1.3657491498337393,available
533903584,286.38594511360145,295.8911862749504,495.1241536063323,900.2818213374928,919.2004603290345,1162.640902000614,1.0,1.0,202,202,249.49649657952256,182.47407394995423,169.74852836391247,336.2438721787301,-67.02242262956833,688.763152330941,671.021831583952,655.9977880407433,859.0803377426263,-17.741320746989004,182.4740739499542,169.74852836391247,336.2438721787301,671.0218315839519,655.9977880407433,859.0803377426263,202,450.0,136.0,63.0,下屋敷周辺,103.91187116364722,229.25998975354082,1.5694610139090024,1.3416580191025542,available
533903591,277.0956871863132,290.4107382419288,429.5491369196401,810.8395631290349,821.5007556963463,936.8543615191741,1.0,1.0,137,137,185.32794783464016,179.0845021323306,186.68832583312263,286.230480190008,-6.243445702309572,638.1004383591296,582.5015776691127,594.837694369373,711.3126205105267,-55.59886069001686,179.08450213233058,186.68832583312263,286.230480190008,582.5015776691129,594.837694369373,711.3126205105267,137,174.0,50.0,161.0,西俣野周辺,98.01118505398262,228.33798545992215,1.547290155691749,1.3919954798639678,available
533903593,214.2833950684697,191.88082956282142,273.84608058901904,969.7620431644082,934.5650015460367,1034.699370000454,1.0,1.0,11,11,348.1657182549436,182.1896315023816,152.6079122329959,242.26551579719865,-165.97608675256197,910.8653138278684,643.9028171001056,650.8139612111939,657.7748778364471,-266.96249672776275,182.1896315023816,152.6079122329959,242.26551579719865,643.9028171001055,650.8139612111939,657.7748778364471,11,235.0,69.0,,西俣野周辺,32.093763566088114,325.85922606430256,1.1761558179871976,1.506068955454876,available
533903612,744.9455809311974,745.1519377827905,745.1519377827905,1150.7239704192805,1150.9303272708735,1150.9303272708735,1.0,1.0,3,3,771.6034348342025,607.475461827302,607.2801022729637,611.7589415022481,-164.12797300690056,971.3549926137212,688.1998151270095,687.8990981773728,690.6322923325223,-283.15517748671164,607.4754618273021,607.2801022729637,611.7589415022481,688.1998151270097,687.8990981773728,690.6322923325223,3,623.0,240.0,,獺郷周辺,137.4701191038954,462.52415529227096,1.226297402516279,1.672078290528036,available
533903621,541.8318828581498,559.3917766160441,717.4738272504396,771.1627313847018,783.8243661100545,942.0291056290358,0.9832090264653646,0.9832090264653646,87,87,422.2923357726906,411.3954451253336,424.6401343842092,594.8146957106298,-10.896890647357054,404.4534411177622,436.5593095748692,419.39694206307615,607.5662043240161,32.105868457106965,411.3954451253336,424.6401343842092,594.8146957106298,436.5593095748692,419.39694206307615,607.5662043240161,92,189.00000000000003,74.00000000000001,117.0,獺郷周辺,130.43643773281622,334.60342180983264,1.3170585364480107,1.7664558159020285,partial
533903622,228.21841928272175,213.0384515118299,373.1698604408412,568.5892097276902,588.1601649162492,664.396013606474,0.9695353504341422,0.9695353504341422,149,149,165.42176073706025,172.86491180014224,143.34019292576193,304.2582203754066,7.443151063082013,168.72819985389637,321.37740373685847,352.1827896062767,421.7654976106604,152.6492038829621,172.86491180014224,143.34019292576193,304.2582203754066,321.37740373685847,352.1827896062767,421.7654976106604,155,286.0,93.0,216.0,光友会入口周辺,55.353507482579516,247.21180599083175,1.3202125110651517,1.769225848228107,partial
533903623,182.219364884498,158.0269796665287,321.02564673017054,822.8601867005486,830.2122285632705,958.9953960184658,1.0,1.0,205,205,96.29997761709625,121.79518795241968,98.85427388845856,239.34386375183703,25.495210335323435,640.4240429266334,560.6971686335861,570.6301108075355,687.883936812314,-79.72687429304733,121.79518795241964,98.85427388845856,239.34386375183703,560.697168633586,570.6301108075355,687.883936812314,205,659.0,196.0,157.0,獺郷周辺,60.42417693207831,262.16301806696254,1.4961130069907485,1.4675661528768755,available
533903624,297.10894588951754,298.7788265795288,401.2321660521432,527.0225408492292,499.0109611479984,623.1125244866048,1.0,1.0,69,69,299.38598263751805,226.199650547129,212.26985959302164,353.4080620395707,-73.18633209038904,512.20339838052,359.6846448705867,347.10036947476715,460.6649266621296,-152.51875350993328,226.19965054712895,212.26985959302164,353.4080620395707,359.6846448705867,347.10036947476715,460.6649266621296,69,148.00000000000003,45.0,148.0,獺郷公民館前周辺,70.90929534238853,167.33789597864256,1.3134810118887186,1.4652350284201043,available
533903631,201.29207610006006,157.59054554366577,378.80336659933033,925.3460068720611,921.6556497757696,1128.3319138853178,1.0,1.0,97,97,230.76062619283357,131.30765155412573,119.32531495103484,235.93917261310636,-99.4529746387078,733.613882862391,649.4984942309943,587.7120079644507,821.1854100695333,-84.11538863139674,131.30765155412575,119.32531495103484,235.93917261310636,649.4984942309941,587.7120079644507,821.1854100695333,97,118.0,35.0,173.0,根下周辺,69.98442454593433,275.8475126410668,1.5329805515338637,1.424708471368621,available
533903632,154.10898006749966,107.68099238800299,245.40346214787144,712.8927710924748,716.2613417900199,804.690184676496,1.0,1.0,35,35,159.98626234714308,85.85407781061751,68.79351048057468,136.5264858004519,-74.13218453652557,553.9404426891039,491.255197348396,492.01069929540375,539.756150503326,-62.68524534070792,85.85407781061751,68.79351048057468,136.5264858004519,491.2551973483959,492.01069929540375,539.756150503326,35,38.99999999999999,12.999999999999996,245.0,矢崎周辺,68.25490225688215,221.63757374407885,1.7950106040093197,1.4511658603112843,available
533903633,267.61273326223494,246.44046095448027,458.8453907584013,985.4962426709498,961.2903556064149,1239.9278856073101,1.0,1.0,171,171,128.81164719506344,164.4436396270547,141.71803786097888,320.1819711942361,35.63199243199122,807.7071201676466,717.5709992957278,708.0623548641267,865.0829259260549,-90.13612087191882,164.44363962705464,141.71803786097888,320.1819711942361,717.5709992957279,708.0623548641267,865.0829259260549,171,161.0,63.00000000000001,182.0,荒井周辺,103.16909363518025,267.92524337522195,1.627382693968339,1.3733780261997512,available
533903634,590.8285725806916,588.3541729727019,657.6448664689902,1266.1951049795027,1267.5214353096326,1326.8842144905352,1.0,1.0,18,18,429.2439485867648,410.39699695741456,413.9868843034896,434.7812464503838,-18.846951629350254,487.2503693539082,724.6314772677555,719.7810424509346,768.498817359801,237.3811079138473,410.3969969574146,413.9868843034896,434.7812464503838,724.6314772677557,719.7810424509346,768.498817359801,18,25.000000000000004,11.000000000000002,232.0,遠藤西の谷周辺,180.431575623277,541.5636277117472,1.439651305835456,1.7473642047040643,available
533903641,332.36208515200565,328.65128337554637,411.52463963692236,666.9043024006825,689.1710227533669,750.7345396997189,1.0,1.0,52,52,146.84552986874778,197.8994224857988,195.21490236746217,235.91216277564757,51.05389261705099,324.1115700314255,404.20183957942646,418.43138046795,443.4354420674464,80.09026954800095,197.89942248579868,195.21490236746217,235.91216277564757,404.2018395794265,418.43138046795,443.4354420674464,52,73.0,20.0,247.0,慶応中高降車場周辺,134.46266266620685,262.702462821256,1.6794494949870602,1.6499289144616436,available
533903642,302.98136125693514,319.0619709872684,443.50334261372024,422.5919495388964,416.6788904599265,545.1305319843536,1.0,1.0,168,168,294.24010680410447,199.17399441080943,206.11584237773036,291.2300742557827,-95.06611239329504,319.16612363092946,286.4341983517702,281.8055539455513,404.0739001542105,-32.73192527915927,199.17399441080943,206.11584237773036,291.2300742557827,286.4341983517702,281.8055539455513,404.0739001542105,168,353.0,76.0,140.0,宝泉寺周辺,103.80736684612572,136.15775118712622,1.5211893608560976,1.4753543814621979,available
533903643,183.58946041147922,207.988307332439,327.45555422222753,468.1118620658621,473.4451308964953,552.5750138273262,1.0,1.0,32,32,170.32792718053616,114.63880554939448,134.18003185361545,170.8685470669797,-55.68912163114169,188.7369394833453,215.3803131172602,212.38991542346903,264.5701346204459,26.643373633914905,114.63880554939448,134.18003185361545,170.8685470669797,215.38031311726027,212.38991542346903,264.5701346204459,32,62.99999999999999,30.0,240.0,遠藤打越周辺,68.95065486208475,252.73154894860193,1.6014599901983098,2.1734199161044327,available
533903644,235.94379407905714,234.2456927252915,325.2843955378847,276.7025250908835,270.95697365679564,478.7619094434888,1.0,1.0,109,109,250.60860860954,132.09926102632525,120.55664921217893,207.1443605803984,-118.50934758321476,160.79531674890572,177.2751021449461,155.38978941032624,332.68565258642434,16.47978539604037,132.09926102632525,120.55664921217893,207.1443605803984,177.27510214494615,155.38978941032624,332.68565258642434,109,250.0,71.00000000000001,214.0,諸之木周辺,103.84453305273189,99.42742294593742,1.78610987106156,1.5608651285088089,available
533903651,270.0867630306924,270.6993949606077,486.5450303831095,556.5418471385904,572.9190733832045,661.409532063702,1.0,1.0,301,301,231.75558814305347,179.32928070349973,159.98949027975607,352.726976838766,-52.42630743955374,434.8954592984121,396.16893024220894,405.3058019263435,501.1858523748169,-38.72652905620311,179.32928070349973,159.98949027975607,352.726976838766,396.1689302422089,405.3058019263435,501.1858523748169,301,680.0,190.0,79.0,遠藤北原周辺,90.75748232719266,160.3729168963814,1.5060940520764687,1.4048094251064387,available
533903652,168.6957644661096,169.80455193915643,250.65750162405593,271.0763382465403,259.57097546343834,484.18680781295797,1.0,1.0,173,173,119.74307915249754,109.8976011021895,92.36553358728308,161.4300340135429,-9.845478050308046,263.31578941614265,169.8678754580082,139.94813305917154,347.32622473824387,-93.44791395813444,109.89760110218948,92.36553358728308,161.4300340135429,169.86787545800817,139.94813305917154,347.32622473824387,173,793.0,131.0,197.0,東京ラヂエーター前周辺,58.79816336392011,101.20846278853207,1.5350268138177647,1.5958069618263464,available
533903653,210.45844337955623,210.7972740232726,292.4975310991532,439.06661789628737,457.87460976075687,554.1804864022808,1.0,1.0,194,194,65.7410180587485,142.3559994345512,139.50933867808922,235.83780515309724,76.6149813758027,50.90549348114646,171.5361131375841,175.07486735137442,252.2971407137116,120.63061965643764,142.3559994345512,139.50933867808922,235.83780515309724,171.5361131375841,175.07486735137442,252.2971407137116,194,472.0,163.0,259.0,秋葉台小学校周辺,68.10244394500504,267.5305047587033,1.4783953202921767,2.5596162222943977,available
533903654,260.6239617550028,274.1517486332183,354.6832491207734,411.8529084525895,445.2021637636115,532.5872964078201,1.0,1.0,372,372,134.8836113420657,173.44417060101244,175.88501273711245,241.63129456165257,38.56055925894674,311.6664596210102,208.7416843376657,191.8052573576396,337.12203388622873,-102.92477528334447,173.44417060101244,175.88501273711245,241.63129456165257,208.7416843376657,191.8052573576396,337.12203388622873,372,1543.0,375.0,129.0,文化体育館前周辺,87.17979115399038,203.11122411492377,1.5026389232448583,1.9730266609632507,available
533903661,234.17592070574685,227.34180396337302,339.4534081630762,381.2254323578947,392.87545633515276,503.13911222791126,1.0,1.0,315,315,132.18370396824625,159.4544759038005,162.3243703367558,232.34164194189609,27.27077193555425,137.5726524665109,253.5514424741829,251.9079065604471,350.9292062314899,115.978790007672,159.4544759038005,162.3243703367558,232.34164194189609,253.5514424741829,251.9079065604471,350.9292062314899,315,1383.0,257.0,206.0,丸石周辺,74.72144480194635,127.67398988371181,1.4686067567462082,1.503542747135867,available
533903662,402.0391951229697,410.9665331976336,508.71468385304877,295.53038386022905,273.85884948958,434.16397829996265,1.0,1.0,238,238,258.45659416046124,251.57528309265209,240.69081124775127,323.3391066470932,-6.881311067809151,196.36971466652912,174.3234083891562,162.5284348731359,303.41642909144736,-22.04630627737293,251.57528309265209,240.69081124775127,323.3391066470932,174.3234083891562,162.5284348731359,303.41642909144736,238,1136.0,185.0,141.0,石川山田周辺,150.46391203031763,121.20697547107284,1.5980870226225825,1.695299481527419,available
533903663,211.64568813104037,244.33296461109023,294.51631016053204,403.406499923349,423.58619908957945,487.79062330729465,1.0,1.0,104,104,128.47409398087296,115.8605676152553,111.74232920472552,151.05078803111198,-12.61352636561766,114.10761581790791,265.8281723747354,250.29861598616424,341.9797101488134,151.7205565568275,115.86056761525528,111.74232920472552,151.05078803111198,265.8281723747354,250.29861598616424,341.9797101488134,104,910.0,215.0,217.0,団地中央周辺,95.78512051578507,137.57832754861357,1.8267275267791203,1.5175460761723583,available
533903664,298.964532425692,302.8025575948541,388.0145299381256,366.4362445869687,370.09683928720045,518.2476463416255,1.0,1.0,375,375,100.0199177671204,156.0603712710434,167.046389779084,231.25613841752923,56.04045350392302,238.0537781043877,239.32046431631227,259.865720281243,362.6958722116275,1.266686211924565,156.06037127104338,167.046389779084,231.25613841752923,239.32046431631224,259.865720281243,362.6958722116275,375,2728.0,581.0,164.0,桐ヶ谷周辺,142.90416115464862,127.11578027065644,1.9156979442683417,1.5311529903378687,available
533903671,549.0339862538868,567.4339214656495,701.9477371149591,544.8085854936265,577.2882921316696,665.2750539978201,1.0,1.0,741,741,453.2822549919005,398.9506410477261,415.4582835823836,513.1538831252981,-54.33161394417442,456.2331075609784,375.2009759146954,387.2309675964494,480.0182230788261,-81.03213164628295,398.9506410477261,415.4582835823836,513.1538831252981,375.2009759146954,387.2309675964494,480.0182230788261,741,2401.0,432.0,14.0,天神町2号周辺,150.08334520616074,169.60760957893115,1.3761952727084512,1.4520446919559522,available
533903672,374.43975847552275,384.1311998839403,529.1292393539183,241.9175775161182,232.52181793774415,348.0994626555612,1.0,1.0,574,574,210.95243122247427,239.66787849625547,239.4078245439729,361.1379698433867,28.715447273781194,28.907378995702917,125.33975842367347,121.98092637120943,203.9992099041978,96.43237942797056,239.66787849625544,239.4078245439729,361.1379698433867,125.33975842367347,121.98092637120943,203.9992099041978,574,2613.0,680.9999999999999,243.0,六会日大前周辺,134.77187997926728,116.57781909244473,1.5623276712126148,1.9300944932284643,available
533903673,554.8057804768706,587.7627466580819,778.4235063325327,378.5557461684142,355.20154864428014,574.9372073950947,1.0,1.0,759,759,363.8344159856911,379.0813770075858,393.87599642597314,548.6217133231648,15.24696102189472,279.48223921322096,261.7887338070529,257.7146954613222,397.1628154662001,-17.69350540616807,379.0813770075858,393.87599642597314,548.6217133231648,261.78873380705284,257.7146954613222,397.1628154662001,759,2799.0,690.0,19.0,湘南台住宅前周辺,175.72440346928482,116.76701236136131,1.4635532477391218,1.4460352844955602,available
533903674,486.04297335061705,516.8668617510291,696.1921187228439,265.3069540173315,251.5233408834738,428.17057555517937,1.0,1.0,983,983,343.3720837144021,348.13746832329707,367.05552013587766,511.1202872361572,4.765384608894919,215.00280691490343,152.59147764075763,152.15528376350625,244.56282451554628,-62.41132927414583,348.13746832329707,367.05552013587766,511.1202872361572,152.59147764075763,152.15528376350625,244.56282451554628,983,3034.0,709.0,37.0,六会周辺,137.90550502731998,112.71547637657389,1.3961237085209524,1.7386747813133914,available
533903681,281.26698573301724,248.9588593411559,505.76621155567943,575.1617363906148,532.9483904674597,902.6456550620647,1.0,1.0,712,712,112.5254833956129,144.77239818291707,136.43904174627747,238.3030586244224,32.24691478730418,443.35680210521,405.5707629963556,384.7049088712001,643.1398166255071,-37.786039108854425,144.77239818291707,136.43904174627747,238.3030586244224,405.57076299635565,384.7049088712001,643.1398166255071,712,2162.0,558.0,105.0,雲昌寺周辺,136.49458755010016,169.5909733942592,1.9428219001915126,1.418153843589024,available
533903682,619.8970387062561,626.7593105709548,782.5038045135148,1048.3362377061976,1031.8763926714555,1197.0790225989647,1.0,1.0,472,472,505.6510412553402,369.2132706561287,367.7592425747327,506.273698359233,-136.43777059921155,949.2278085358377,794.3677421988851,788.8945293386993,899.07249501964,-154.8600663369525,369.2132706561287,367.7592425747327,506.273698359233,794.367742198885,788.8945293386993,899.07249501964,472,1405.0,317.99999999999994,8.0,亀井野三丁目周辺,250.6837680501274,253.96849550731247,1.678967382739622,1.3197114913104397,available
533903683,267.9040850419068,230.6786091832234,484.20469160401774,397.6292236485558,392.56243157662,632.303735227541,1.0,1.0,387,387,232.7515087662638,172.2753925052766,157.9937346955361,306.28882905050114,-60.476116260987226,348.64867312572994,270.3793335141264,260.7319294368983,421.7281606264618,-78.26933961160353,172.27539250527656,157.9937346955361,306.28882905050114,270.3793335141264,260.7319294368983,421.7281606264618,387,1054.0,200.0,92.0,六会周辺,95.62869253663018,127.24989013442939,1.5550920020902066,1.470634676402814,available
533903684,728.9782389290338,728.6176036769037,793.5001702817549,972.869276395742,963.2815942685777,1042.8404100959517,1.0,1.0,45,45,755.272861185345,477.86171360566624,490.9228163845604,526.9399364673694,-277.4111475796788,898.2865353227651,771.5950061033549,779.0647848892675,836.1289641946772,-126.6915292194102,477.86171360566624,490.9228163845604,526.9399364673694,771.5950061033551,779.0647848892675,836.1289641946772,45,154.0,41.0,,雲昌寺周辺,251.1165253233675,201.2742702923871,1.52550040769868,1.260854812045565,available
533903714,1092.6760031652934,1087.5161569788272,1164.5715557984392,1319.2020431633205,1314.042196976854,1391.0975957964658,1.0,1.0,39,39,957.1989561816132,957.8306227175286,959.7060061073616,1023.2867602078636,0.6316665359155422,1153.4304810311307,1153.1532193651758,1154.4001774607714,1212.9234291058426,-0.2772616659549385,957.8306227175289,959.7060061073616,1023.2867602078636,1153.153219365176,1154.4001774607714,1212.9234291058426,39,99.0,25.000000000000004,176.0,宮原中央周辺,134.8453804477648,166.04882379814467,1.1407820727898483,1.143995456119488,available
533903721,318.22454695960135,339.08150765461073,487.52246344845196,617.5330807757518,580.978095289313,804.6370749311278,1.0,1.0,266,266,275.5299083025393,209.12760443898316,208.2906214699954,351.09195017805496,-66.40230386355623,510.2827243670706,460.9912923535994,434.658193155876,619.2158503254757,-49.29143201347125,209.12760443898316,208.2906214699954,351.09195017805496,460.99129235359953,434.658193155876,619.2158503254757,266,519.0,163.0,62.0,宮原南周辺,109.0969425206182,156.54178842215242,1.5216764320199978,1.3395764540864221,available
533903722,312.89585985534285,304.2265344671233,461.2714353368696,253.65752940346812,274.0849770446147,381.5682020309432,1.0,1.0,103,103,272.03150775902907,201.5670338649098,210.45778042892755,318.9361741300518,-70.46447389411927,75.57758361427416,156.28699000289424,179.039865899114,242.0406552353313,80.70940638862008,201.5670338649098,210.45778042892755,318.9361741300518,156.2869900028942,179.039865899114,242.0406552353313,103,255.0,124.0,221.0,宮原中央周辺,111.32882599043305,97.37053940057388,1.5523166355915403,1.6230239599519491,available
533903723,458.0534129006988,465.2488363366974,580.9960489422564,706.8677383319659,687.6737762583019,872.6271854341669,1.0,1.0,113,113,463.615967408032,332.00730611793773,318.1966469012584,457.6412027725104,-131.60866129009423,625.4252723330708,479.7615366445469,465.49568047322407,633.9221200419469,-145.66373568852384,332.00730611793773,318.1966469012584,457.6412027725104,479.7615366445469,465.49568047322407,633.9221200419469,113,216.0,78.99999999999999,86.0,宮原周辺,126.04610678276106,227.10620168741906,1.3796485934498868,1.4733730912982317,available
533903724,309.0390853925381,304.2214977353847,462.7726079346062,389.7641692325529,402.36114319147686,523.3207718739066,1.0,1.0,346,346,182.17528114920617,221.2382232154894,217.5810313392928,348.10145246237727,39.06294206628323,297.633041395837,245.3832462864989,249.00890126142332,325.27351792399924,-52.24979510933807,221.2382232154894,217.5810313392928,348.10145246237727,245.3832462864989,249.00890126142332,325.27351792399924,346,796.0,313.0,106.0,宮原周辺,87.80086217704869,144.380922946054,1.3968611793249186,1.5883894892216115,available
533903731,192.10706040737782,191.26287999025243,294.2130436641606,828.6679726530665,827.9965901239858,984.7725003320929,1.0,1.0,182,182,83.6505459850593,120.11232514285372,119.36025784742048,186.7746870161588,36.461779157794425,608.0026941082597,676.2930538732255,656.0254477637634,830.6589300190482,68.29035976496584,120.1123251428537,119.36025784742048,186.7746870161588,676.2930538732255,656.0254477637634,830.6589300190482,182,333.0,99.0,212.0,打戻大仲周辺,71.9947352645241,152.37491877984098,1.5993950677326267,1.2253090105053843,available
533903732,278.2445926960084,292.33769050609254,413.63328642236144,1095.8500512106302,1091.6034295801403,1255.5183879902522,1.0,1.0,71,71,97.87763948952612,203.4723290237477,214.39754827842657,314.8117412469236,105.59468953422156,771.5663500090692,784.9307709481805,776.3684875593682,876.9860648788483,13.364420939111255,203.47232902374776,214.39754827842657,314.8117412469236,784.9307709481803,776.3684875593682,876.9860648788483,71,128.0,27.000000000000004,238.0,宇都母知神社入口周辺,74.77226367226069,310.9192802624498,1.3674812394934244,1.39611044918887,available
533903733,276.1912900522897,270.25745538158395,430.85991677069836,457.15393212167646,425.3822866936743,644.3935135227788,1.0,1.0,186,186,240.1343162231425,190.48172885551116,192.4215630713333,291.2354756902988,-49.65258736763136,406.46707620758616,368.66839553284143,333.988709102838,572.4911229141331,-37.79868067474473,190.4817288555111,192.4215630713333,291.2354756902988,368.6683955328414,333.988709102838,572.4911229141331,186,408.0,150.99999999999997,93.0,古里団地周辺,85.70956119677851,88.48553658883503,1.449962112963564,1.240013892324417,available
533903734,363.76889399729646,344.2406367204967,497.37528745105936,794.1554886774877,664.9900687879804,1096.7653983612715,1.0,1.0,36,36,481.10921982459513,275.4720874934736,282.34948310638634,360.4645737978952,-205.6371323311215,639.5621432928705,535.1296586508848,403.8152181585512,785.6098735902004,-104.43248464198564,275.4720874934736,282.34948310638634,360.4645737978952,535.1296586508847,403.8152181585512,785.6098735902004,36,83.0,23.0,192.0,西菖蒲沢周辺,88.29680650382284,259.0258300266029,1.3205290499928226,1.4840431208384763,available
533903741,223.03138423835105,179.9792032770738,355.7633002302697,908.0146348562797,899.3974272321522,1072.3531822406292,1.0,1.0,58,58,314.2552460984658,159.16952900659362,134.18192049726423,295.4981404835432,-155.0857170918722,419.28074298075546,560.1987897869178,547.3192634301164,686.4240441311167,140.91804680616235,159.1695290065936,134.18192049726423,295.4981404835432,560.1987897869176,547.3192634301164,686.4240441311167,58,136.0,30.0,190.0,遠藤西の谷周辺,63.86185523175743,347.8158450693619,1.4012191003537615,1.6208793225020357,available
533903742,471.4846407307619,474.68987758244833,549.7264692620593,628.3384781146865,612.7817375986831,882.8062058340817,1.0,1.0,124,124,442.0416945902056,364.6399449359191,367.4503230897345,436.579926184155,-77.4017496542865,420.7292218645511,440.96506626718366,471.6642341986498,620.1770676431884,20.23584440263255,364.6399449359192,367.4503230897345,436.579926184155,440.96506626718366,471.6642341986498,620.1770676431884,124,259.0,66.00000000000001,121.0,藤沢ジャンボゴルフ前周辺,106.84469579484278,187.37341184750284,1.293014238507576,1.4249166797579653,available
533903743,186.86873862059736,164.51201255565593,320.83918708170887,919.5171732135422,925.8402701829131,981.3876555418705,1.0,1.0,86,86,235.1879642800739,127.35601275141256,126.77975787166318,202.02730323624985,-107.83195152866136,821.9647868232088,694.4237578875395,703.6121938073194,747.7539744554521,-127.54102893566926,127.35601275141252,126.77975787166318,202.02730323624985,694.4237578875393,703.6121938073194,747.7539744554521,86,153.0,53.99999999999999,132.0,菖蒲沢周辺,59.51272586918479,225.09341532600263,1.4672941982358403,1.3241441738841775,available
533903744,246.16970965140993,213.51240992176386,406.7220718484183,768.1789804675429,794.1218751849221,901.3455613356205,1.0,1.0,106,106,84.8186040442719,166.901705493355,157.58166783820988,301.7194283158433,82.0831014490831,562.6781148362896,550.0818189065066,541.8048992159949,675.5870045054629,-12.596295929783082,166.901705493355,157.58166783820988,301.7194283158433,550.0818189065066,541.8048992159949,675.5870045054629,106,178.0,52.99999999999999,224.0,笹久保周辺,79.26800415805494,218.0971615610364,1.474938251372218,1.3964813125338083,available
533903751,315.68840723427485,317.52277338027454,446.6297162193048,735.9639814085218,746.0979081603637,875.6034840370329,1.0,1.0,581,581,254.710957135144,228.04847024294503,229.84958384126608,334.94937214716384,-26.662486892198928,491.2173731649322,469.5865205394219,463.3049563509791,590.8230340081336,-21.630852625510386,228.048470242945,229.84958384126608,334.94937214716384,469.5865205394218,463.3049563509791,590.8230340081336,581,1714.0,338.0,35.0,遠藤周辺,87.63993699132982,266.37746086909993,1.3843039898402523,1.5672595980035962,available
533903752,216.58859928098616,212.13970636850655,306.5962446738978,421.589453054446,395.7910133220265,562.5711537932564,1.0,1.0,197,197,81.86507469483232,141.26376546408235,141.73038633236897,189.55536909956865,59.39869076925004,147.6227651128664,245.75906600677652,238.78310285935095,369.9052461239839,98.13630089391016,141.2637654640824,141.73038633236897,189.55536909956865,245.75906600677655,238.78310285935095,369.9052461239839,197,1440.0,251.00000000000003,233.0,南大山周辺,75.3248338169038,175.83038704766946,1.533221194900513,1.715458395511729,available
533903753,208.5055766371725,208.30655003781388,364.30379358728567,495.66954477016026,541.4258455779393,729.2967523035362,1.0,1.0,270,270,115.6327384340538,130.83577641992687,119.9539042095302,244.62848888254868,15.20303798587308,302.40322450722124,346.4570681126236,382.4048926354781,507.3540081870783,44.053843605402335,130.8357764199269,119.9539042095302,244.62848888254868,346.4570681126235,382.4048926354781,507.3540081870783,270,1060.0,292.0,163.0,仲之桜周辺,77.66980021724564,149.21247665753668,1.5936434386872809,1.430681000305157,available
533903754,342.38644313883987,348.5191906085402,449.3366314792209,430.2442568150017,469.64698900599205,570.2503887148429,1.0,1.0,152,152,247.5526706382284,168.25551863117212,184.30117998024468,243.66695795406216,-79.2971520070563,303.4850845910409,240.6534976950532,239.9343299827244,395.6323558917168,-62.831586895987726,168.25551863117212,184.30117998024468,243.66695795406216,240.6534976950532,239.9343299827244,395.6323558917168,152,764.0,177.0,109.0,菖蒲沢団地周辺,174.13092450766774,189.59075911994847,2.0349195433486784,1.787816345641444,available
533903762,261.5607213414616,282.0780083227728,364.92064155804974,448.69144217548194,453.2128741863278,624.5437495974196,1.0,1.0,372,372,176.7744478259792,161.89847872604614,177.4410647799521,238.9080401483784,-14.87596909993306,341.9750831376249,277.947310929912,274.64931889488935,427.4902855634375,-64.02777220771287,161.8984787260462,177.4410647799521,238.9080401483784,277.9473109299121,274.64931889488935,427.4902855634375,372,2409.0,391.0000000000001,90.0,円行上庭周辺,99.66224261541547,170.74413124556992,1.615584799805669,1.6143039508974608,available
533903764,247.52926242518757,217.67014077244758,426.9361551656791,449.4928683306155,401.07697984708545,730.2868884256493,1.0,1.0,276,276,268.0510084403829,156.33651718044914,148.18047428497633,275.38149627631304,-111.71449125993374,382.0713140624964,284.5661123864481,236.5002387413977,489.604107587233,-97.50520167604827,156.3365171804491,148.18047428497633,275.38149627631304,284.566112386448,236.5002387413977,489.604107587233,276,2282.0,463.0,31.0,北警察署前周辺,91.19274524473843,164.92675594416744,1.5833105846888,1.579572720592228,available
533903771,317.2321046779855,310.904101376153,453.7981866788915,192.73784882013882,196.51117190784913,273.93980702263235,1.0,1.0,433,433,197.94043105282745,197.7240886612369,191.12228116285627,314.3918691509186,-0.2163423915905298,30.115221695391828,96.54019079526714,95.02466236088874,141.99842790589162,66.42496909987531,197.7240886612369,191.12228116285627,314.3918691509186,96.54019079526714,95.02466236088874,141.99842790589162,433,3430.0,558.0,241.0,湘南台住宅前周辺,119.5080160167486,96.19765802487169,1.604418090005731,1.9964519153362577,available
533903772,254.58426231427282,258.6973481697258,402.5124940627047,278.72805526880467,285.0930680258387,435.76400991692503,1.0,1.0,549,549,65.21511043543981,182.5598643821076,189.15137449382905,302.0585862273629,117.3447539466678,189.20516612777905,163.25423316167107,158.68904002500955,293.3781582381816,-25.950932966107985,182.5598643821076,189.15137449382905,302.0585862273629,163.25423316167107,158.68904002500955,293.3781582381816,549,2715.0,524.0,219.0,今田周辺,72.02439793216521,115.4738221071336,1.3945248216300943,1.7073251325298229,available
533903773,285.112304210951,316.8436485613624,462.17461941023976,218.15439621428507,238.9987488899724,322.46629065431705,1.0,1.0,308,308,170.4615719471916,162.00995054501956,144.286510825068,289.1162773249269,-8.451621402172037,78.03404269608686,99.88665406537262,104.76066810020508,159.0921191019055,21.852611369285768,162.00995054501956,144.286510825068,289.1162773249269,99.88665406537268,104.76066810020508,159.0921191019055,308,6124.0,1103.0000000000002,180.0,湘南台周辺,123.10235366593142,118.26774214891245,1.7598444000001319,2.1840194594115645,available
533903774,227.23119253515497,228.86160422431416,323.2976586822212,216.55811107581457,216.1502755111492,318.20053953871064,1.0,1.0,457,457,102.47323624187683,133.86837735566064,130.54837674778454,212.25644514629155,31.395141113783808,33.96592674587439,121.89319487516136,110.85626626813855,207.28235979924648,87.92726812928697,133.86837735566064,130.54837674778454,212.25644514629155,121.89319487516136,110.85626626813855,207.28235979924648,457,2946.0,494.0,254.0,今田上原周辺,93.36281517949433,94.66491620065321,1.697422475895473,1.776621831084218,available
533903781,299.1572227829625,303.58744612297886,496.5981269230788,446.81944574054404,435.1087765134116,583.4445694873345,1.0,1.0,258,258,339.2959953439174,206.2661072141774,193.87931093413184,339.2421859479938,-133.02988812974002,427.3684656514112,268.42417903154296,266.91627528806964,366.69421078075897,-158.9442866198682,206.2661072141774,193.87931093413184,339.2421859479938,268.4241790315429,266.91627528806964,366.69421078075897,258,1010.0,142.0,67.0,今田西原周辺,92.8911155687851,178.39526670900108,1.4503459963605712,1.6646020762832903,available
533903783,360.61453900976903,361.96131199337736,460.4806211067017,455.0610105340078,461.2433423067881,534.2806751528245,1.0,1.0,169,169,479.9753053117432,286.94059345468776,283.07984857186483,386.2490524228584,-193.0347118570554,515.2035499403422,307.66814304178973,301.34963698522387,382.6659173910545,-207.53540689855248,286.9405934546879,283.07984857186483,386.2490524228584,307.6681430417898,301.34963698522387,382.6659173910545,169,849.9999999999999,273.0,,今田上原周辺,73.67394555508127,147.39286749221804,1.256756789508472,1.4790644427304196,available
533903812,1321.773774598309,1302.2093999669094,1343.680263754852,1548.2998145963359,1528.735439964936,1570.2063037528785,1.0,1.0,4,4,1174.099183807073,1058.054576271761,1053.171116725454,1072.09952431518,-116.04460753531156,1235.145466025415,1191.9593897232917,1194.7179215764309,1202.4053952203944,-43.18607630212364,1058.054576271761,1053.171116725454,1072.09952431518,1191.9593897232917,1194.7179215764309,1202.4053952203944,4,12.0,6.999999999999999,,宮原周辺,263.71919832654794,356.3404248730442,1.2492491448369405,1.2989534945110564,available
533903821,548.0689722422645,550.8024708830297,575.3507751655148,573.238038739181,570.6907488534339,613.1602722615066,1.0,1.0,22,22,675.1524106786799,423.25419576448326,424.31837440890666,452.36797968347264,-251.8982149141966,676.5726054476696,411.8617450332802,410.6113703683967,441.59209644041135,-264.7108604143894,423.25419576448326,424.31837440890666,452.36797968347264,411.8617450332802,410.6113703683967,441.59209644041135,22,36.0,18.0,,西用田周辺,124.81477647778127,161.37629370590076,1.2948931817494223,1.3918215169337003,available
533903822,307.08704750176696,311.713325128362,452.08185344198984,410.5637954463865,392.20989030157153,594.0680031527371,1.0,1.0,361,361,198.3035791638195,211.32042508506612,212.301097821164,302.8127683031869,13.016845921246642,185.728854890248,264.00022990209936,261.9421800677824,399.561645489867,78.2713750118514,211.32042508506612,212.301097821164,302.8127683031869,264.0002299020994,261.9421800677824,399.561645489867,361,832.0,305.0,146.0,中原周辺,95.76662241670084,146.56356554428714,1.45318204512484,1.5551645375408882,available
533903824,173.64906547562606,156.16328283063794,314.03007694079986,635.0593761950488,640.9254101474611,748.6525153374041,1.0,1.0,162,162,139.97912162014714,112.25873141656552,105.95358247532116,188.64192437645815,-27.72039020358163,631.5934797185503,480.30814971430135,479.1023033638828,561.2404890938989,-151.28533000424892,112.25873141656544,105.95358247532116,188.64192437645815,480.3081497143013,479.1023033638828,561.2404890938989,162,296.00000000000006,109.0,139.0,西用田周辺,61.390334059060535,154.75122648074745,1.5468646695396508,1.3221915484315583,available
533903831,229.64964002187304,231.81746308592938,339.5606943978064,264.80231897306663,249.56820198943558,383.173527759967,1.0,1.0,427,427,86.87613979107765,145.45118322533054,148.91137980252614,227.9858655000002,58.57504343425289,92.64649239572022,169.78973061969643,161.01272772386372,269.7375514347844,77.14323822397621,145.45118322533054,148.91137980252614,227.9858655000002,169.78973061969643,161.01272772386372,269.7375514347844,427,1636.0,532.0,236.0,御所見小学校前周辺,84.1984567965425,95.0125883533702,1.578877771424545,1.5595897231628464,available
533903832,258.46360367056843,249.52390585699683,374.6623151432536,537.8041866401393,495.2703196688942,752.1476334112824,1.0,1.0,328,328,128.83412552164148,156.6726679931008,155.17598956672197,227.45112265895727,27.838542471459306,502.3894516872717,385.1204325235592,345.74104135602045,586.0710275045675,-117.26901916371251,156.6726679931008,155.17598956672197,227.45112265895727,385.12043252355926,345.74104135602045,586.0710275045675,328,858.0,243.00000000000003,124.0,御所見中学校前周辺,101.79093567746764,152.68375411658008,1.649704488864325,1.3964571630648028,available
533903833,239.78071695751217,228.59916816654953,370.0456001307126,321.88887227454427,313.3817584164161,487.5298466184582,1.0,1.0,338,338,259.2986497158803,162.82063431709412,143.124883274792,293.37656200543364,-96.47801539878616,245.0377023753812,223.3253397582017,231.9411716492145,341.16931194389207,-21.71236261717948,162.82063431709412,143.124883274792,293.37656200543364,223.3253397582017,231.9411716492145,341.16931194389207,338,804.0,213.0,107.0,用田周辺,76.96008264041805,98.56353251634258,1.4726678713862387,1.4413450467513407,available
533903834,522.5569357389047,566.2343512462697,733.0678613073884,447.4807527128564,447.9265487205918,579.8538839256647,1.0,1.0,220,220,367.8329424865314,379.0182425874529,419.3431251180456,572.765185997143,11.185300100921497,376.2993311979972,295.6070526993996,297.22682675583843,390.255234643812,-80.69227849859755,379.01824258745296,419.3431251180456,572.765185997143,295.6070526993996,297.22682675583843,390.255234643812,220,482.0,146.0,76.0,御所見中学校前周辺,143.5386931514518,151.87370001345676,1.3787118323686818,1.5137688652100458,available
533903841,267.36138193213236,279.43471353834065,361.0606652044943,712.034919247431,706.907604861071,945.8288803087404,1.0,1.0,195,195,49.20272215082717,176.59704613141918,173.70213457485508,250.6994259699457,127.39432398059202,659.3833613087647,592.4320147638933,570.4177381965397,807.6081693697595,-66.9513465448714,176.5970461314192,173.70213457485508,250.6994259699457,592.4320147638933,570.4177381965397,807.6081693697595,195,486.0,111.0,231.0,葛野周辺,90.76433580071318,119.60290448353771,1.5139629330672304,1.2018846070147036,available
533903842,286.9271330308152,313.98594868536986,454.4650218959771,383.92530072445516,329.62978472368377,629.0082947998437,0.9945924516391726,0.9945924516391726,155,155,264.9854144008956,212.7551414296184,227.3327587728564,358.96882210057447,-52.23027297127717,126.6896777409886,195.63979486112171,207.25989519838856,308.5468640610482,68.95011712013316,212.7551414296184,227.3327587728564,358.96882210057447,195.6397948611217,207.25989519838856,308.5468640610482,156,270.0,100.99999999999996,200.0,宮の腰周辺,74.1719916011968,188.28550586333344,1.3486260830304477,1.9624090333819413,partial
533903843,362.5078326028263,311.23612875196545,616.8579846000007,668.1286907940358,659.0541893509552,844.379853951695,1.0,1.0,109,109,411.23478192322864,259.5240664109362,238.6360343888753,444.84396792628,-151.71071551229244,493.6650750381428,487.7072725017272,509.490930120868,611.1882476486861,-5.957802536415613,259.52406641093614,238.6360343888753,444.84396792628,487.7072725017272,509.490930120868,611.1882476486861,109,216.00000000000003,55.000000000000014,125.0,宮下周辺,102.98376619189008,180.42141829230866,1.396817788870583,1.3699379288867786,available
533903844,176.47008073567423,169.5261487753667,294.7641681116113,685.1362744747445,684.9929898780953,908.4806952181702,1.0,1.0,266,266,90.4589245118692,115.93696318928392,105.86455482548588,196.96482329766923,25.47803867741472,377.93328382533855,439.0926424474593,447.9260992037915,619.9955286699212,61.15935862212075,115.93696318928392,105.86455482548588,196.96482329766923,439.0926424474593,447.9260992037915,619.9955286699212,266,452.0,123.0,203.0,出荷場前周辺,60.533117546390315,246.04363202728518,1.52212095160334,1.5603456041892712,available
533903851,290.23192469958207,288.2218047888381,445.8080097214905,393.15381368721535,407.38853124114655,523.0636980069803,0.6337665207974993,0.6337665207974993,302,302,256.5586936613845,173.68222309396353,126.3367442886587,304.5005790123475,-82.87647056742102,271.49302290342786,253.8669019116956,252.788453082928,360.9547607884722,-17.62612099173228,173.68222309396347,126.3367442886587,304.5005790123475,253.86690191169552,252.788453082928,360.9547607884722,306,1375.0000000000005,347.0,87.0,公民館前周辺,116.54970160561854,139.28691177551974,1.6710514152191855,1.5486611713722687,partial
533903852,219.432096766822,217.3811711036715,299.3515103369184,493.1830382922716,503.7132700078236,641.5321156449834,1.0,1.0,76,76,254.69862720389048,122.52356688463064,122.30115657967906,178.15003911945053,-132.17506031925984,325.48867579585175,226.5571132716845,235.11055975126956,320.06548823429625,-98.93156252416723,122.52356688463064,122.30115657967906,178.15003911945053,226.55711327168453,235.11055975126956,320.06548823429625,76,329.0,119.0,119.0,菖蒲沢団地周辺,96.90852988219137,266.6259250205871,1.7909378770652455,2.1768596499587836,available
533903853,233.29247652999285,230.90823592358075,354.9098116794057,706.8527273919711,677.9572977358744,956.3953659653275,1.0,1.0,294,294,123.84056866435482,154.92723206929077,162.1301565105253,231.67767237112253,31.086663404935948,607.1590348846299,533.3740766581293,522.9398723794698,780.4495365800865,-73.78495822650063,154.92723206929077,162.1301565105253,231.67767237112253,533.3740766581293,522.9398723794698,780.4495365800865,294,841.0,195.0,128.0,葛原周辺,78.36524446070209,173.47865073384185,1.5058196897602447,1.3252476232455415,available
533903854,176.62461534286206,189.07896244061294,254.31315790381228,1434.1590924629743,1433.7099534410554,1590.3274971690971,1.0,1.0,67,67,101.31907896928792,76.47040145266821,77.53283314622847,103.97030274150102,-24.848677516619706,707.8664844457517,764.6860629547273,743.5875957793504,849.1522090261969,56.81957850897561,76.4704014526682,77.53283314622847,103.97030274150102,764.6860629547273,743.5875957793504,849.1522090261969,67,488.0,74.0,194.0,大持周辺,100.15421389019384,669.473029508247,2.3097121498987403,1.8754874214934956,available
533903861,672.1412692605282,688.8448464465744,744.8615702785451,1172.4172443053346,1178.3503207693839,1284.6705904688881,1.0,1.0,58,58,600.2269217485841,506.2482017668193,510.97751762256473,552.7200306402509,-93.9787199817648,365.2824514482825,619.7376141221105,616.1241633405785,688.3058283865964,254.455162673828,506.2482017668193,510.97751762256473,552.7200306402509,619.7376141221107,616.1241633405785,688.3058283865964,58,222.0,40.00000000000001,167.0,下土棚周辺,165.89306749370894,552.6796301832242,1.3276911738446435,1.891796169199965,available
533903862,281.85544061894996,185.1190830538352,589.7218507748432,728.1851538778047,675.9837774257151,1076.4432440047456,1.0,1.0,400,400,237.7286610579469,191.0293821816045,116.44200885725402,443.35833176211554,-46.69927887634248,541.2915501139677,498.0386435836205,498.2259400600996,700.9518553422535,-43.25290653034716,191.02938218160443,116.44200885725402,443.35833176211554,498.0386435836204,498.2259400600996,700.9518553422535,400,1358.0,385.0,27.0,とどろき公園周辺,90.82605843734547,230.14651029418422,1.475455960753726,1.4621057286602754,available
533903863,405.61874826305063,479.2928119212797,606.3618148283822,1273.3520351216534,1277.395956302546,1383.212225788258,1.0,1.0,163,163,202.84049769628845,247.700062789441,300.1859906273359,394.67364129930064,44.85956509315256,727.0225196762667,734.1966141834928,743.7305612462429,808.803688650678,7.174094507226073,247.70006278944103,300.1859906273359,394.67364129930064,734.1966141834928,743.7305612462429,808.803688650678,163,342.0,91.0,108.0,下土棚周辺,157.91868547360963,539.1554209381607,1.6375399493049358,1.7343474629582167,available
533903864,226.14432157314235,231.17685928725396,327.6200895543867,698.0261225210255,693.6889628184233,840.8283962513644,1.0,1.0,512,512,192.8705157858054,146.02334038771124,148.2770782943276,225.03718181537388,-46.84717539809415,579.8091151574936,526.4489494266625,521.2282346633649,655.8002314637843,-53.36016573083111,146.02334038771124,148.2770782943276,225.03718181537388,526.4489494266625,521.2282346633649,655.8002314637843,512,1609.0,304.0,57.0,渋谷ノ里周辺,80.1209811854311,171.57717309436305,1.54868612766082,1.325914171319407,available
533903871,509.69343231023026,537.2756005934069,706.4849936296358,311.90647736175794,310.4002514451158,464.72142302355877,1.0,1.0,677,677,380.3271107010298,338.14198192343184,334.26229292261,517.9790399751199,-42.18512877759798,234.2904808919745,191.53155137679863,185.8372887689864,308.98651136415896,-42.75892951517588,338.1419819234318,334.26229292261,517.9790399751199,191.53155137679863,185.8372887689864,308.98651136415896,677,3313.0,642.0,33.0,渋谷ヶ原周辺,171.55145038679842,120.3749259849593,1.5073355559430186,1.628486142986158,available
533903872,508.0661114331076,504.4324821836717,735.6361128993384,368.6192907447339,371.14939819405924,497.68894321168585,1.0,1.0,582,582,387.9062264249978,383.49831822461175,363.4467701208585,567.0292125780647,-4.407908200386032,333.62835368442865,282.9151855211436,278.17758879533653,394.7335799635517,-50.71316816328505,383.4983182246117,363.4467701208585,567.0292125780647,282.91518552114354,278.17758879533653,394.7335799635517,582,2242.0,436.0,26.0,下高倉周辺,124.56779320849586,85.70410522359032,1.324819659666767,1.3029321493143577,available
533903873,556.4741573856251,579.5160006285762,840.3212337917774,431.0688639708058,437.54778060175545,587.0674981241709,1.0,1.0,970,970,380.2182492670703,398.879724990712,418.11221619457086,589.6676365270888,18.661475723641672,326.47468623161564,289.943715047578,297.23822276100566,400.5069518363881,-36.53097118403764,398.8797249907119,418.11221619457086,589.6676365270888,289.943715047578,297.23822276100566,400.5069518363881,970,3131.0,851.9999999999999,7.0,渋谷ノ里周辺,157.59443239491304,141.1251489232278,1.3950926119360483,1.4867329126277837,available
533903874,847.9917651679185,850.4516209323995,954.2243125809389,581.0845547420846,588.59422150345,757.784506279567,1.0,1.0,321,321,846.0240198503583,694.7703507569165,690.2952597680098,773.6583574234891,-151.25366909344177,502.2390173025117,400.28888871152543,392.41075757484833,581.4980516387434,-101.95012859098624,694.7703507569166,690.2952597680098,773.6583574234891,400.2888887115254,392.41075757484833,581.4980516387434,321,827.0,206.0,21.0,下高倉周辺,153.221414411002,180.79566603055918,1.2205353383950182,1.4516629642469352,available
533903881,474.32163642242773,466.683097969696,547.8750255903583,413.0110126049313,408.4202568699069,487.4685133468113,1.0,1.0,73,73,631.7465982285171,345.793035982197,348.4483895569804,386.11253094710486,-285.9535622463201,594.2664898893678,312.12017322202576,310.4974439458056,365.5844093582349,-282.14631666734203,345.79303598219707,348.4483895569804,386.11253094710486,312.12017322202587,310.4974439458056,365.5844093582349,73,656.9999999999999,156.0,,今田上原周辺,128.52860044023072,100.89083938290554,1.3716922756271122,1.323243571030371,available
533903922,559.433952163048,558.5810437668201,721.8692879034411,726.9925888502007,741.4246278925242,798.2744287913654,1.0,1.0,73,73,508.6384981485412,318.8334171400878,318.9814661429337,412.78620803917664,-189.80508100845333,730.9662892861542,503.0865201732787,506.9683217917954,534.8255797252759,-227.87976911287544,318.8334171400878,318.9814661429337,412.78620803917664,503.0865201732785,506.9683217917954,534.8255797252759,73,208.0,75.0,82.0,用田神社入口周辺,240.60053502296023,223.90606867692202,1.7546277212129433,1.4450647347891608,available
533903924,653.1607389363003,653.0307072460488,653.0307072460488,542.7381604554819,542.6081287652305,542.6081287652305,1.0,1.0,2,2,756.7365920808095,514.7804820267188,514.9629854432793,514.9629854432793,-241.9561100540907,566.9211164170273,448.39053015570335,448.8939106144799,448.8939106144799,-118.53058626132396,514.7804820267188,514.9629854432793,514.9629854432793,448.39053015570335,448.8939106144799,448.8939106144799,2,142.0,49.0,,松葉周辺,138.38025690958148,94.34763029977853,1.2688141095885588,1.2104139671884158,available
533903931,320.0863337518442,352.1013369322706,519.2085967220219,504.10269649375874,552.3924521769934,724.4907771300005,1.0,1.0,213,213,187.96591095131544,193.69384437784925,197.6205285750943,314.1067938748103,5.727933426533781,187.41148527122425,294.41433360227694,280.3880516309003,434.0054593059055,107.00284833105272,193.69384437784933,197.6205285750943,314.1067938748103,294.4143336022768,280.3880516309003,434.0054593059055,213,478.0,187.0,165.0,用田神社入口周辺,126.39248937399498,209.6883628914818,1.6525374607539627,1.7122219911166041,available
533903932,644.5213913174814,657.6146195642908,790.1438488448347,355.80935825005884,348.8122681165611,515.3305331142891,1.0,1.0,103,103,560.3400650712437,496.9923636154492,496.8235757279076,609.1446054401825,-63.34770145579444,239.0031326249331,182.3952957617448,206.124521037824,286.4282842840331,-56.60783686318828,496.9923636154494,496.8235757279076,609.1446054401825,182.39529576174485,206.124521037824,286.4282842840331,103,292.9999999999999,131.0,115.0,松葉周辺,147.52902770203218,173.41406248831404,1.2968436509342096,1.9507595125415813,available
533903933,212.30292111776845,169.13991230531872,389.76488657278065,397.3905138349141,420.0330184858985,600.8780154074277,1.0,1.0,91,91,194.1442637530021,150.9517588257488,136.30352789830675,309.5060653982873,-43.19250492725328,172.49064810280512,247.2079601936084,264.22465237688294,371.5868247411258,74.71731209080323,150.9517588257488,136.30352789830675,309.5060653982873,247.20796019360836,264.22465237688294,371.5868247411258,91,135.0,40.0,230.0,松葉周辺,61.35116229201964,150.1825536413057,1.406428933119225,1.607515039255555,available
533903934,444.91567670427145,433.2260581909243,618.6388815858899,734.914445219536,715.243910313398,999.1635695843802,1.0,1.0,84,84,383.54074588608864,280.6147794466482,277.1578596986509,362.1805465433905,-102.92596643944046,618.4337389866574,523.8956775535033,531.9145246376233,603.4094075515723,-94.5380614331541,280.61477944664813,277.1578596986509,362.1805465433905,523.8956775535032,531.9145246376233,603.4094075515723,84,84.0,26.0,185.0,松葉周辺,164.30089725762326,211.01876766603266,1.5855033636560862,1.4027877623488927,available
533903941,278.6756165896753,245.59965746270012,586.1716174512466,648.6007163129956,665.767220391081,929.6961031790863,1.0,1.0,143,143,124.98259443241147,188.60474319605927,164.14473423179416,379.1560908764514,63.6221487636478,399.0254451962042,442.402251025188,438.4684076391265,613.5201672426928,43.37680582898384,188.60474319605927,164.14473423179416,379.1560908764514,442.402251025188,438.4684076391265,613.5201672426928,143,241.00000000000003,88.0,186.0,上宮下周辺,90.07087339361604,206.1984652878076,1.4775642004930127,1.4660881919338782,available
533903942,203.34831631151755,210.6818032141423,328.4761544517977,999.5559903736727,993.527342587425,1120.515544621963,1.0,1.0,83,83,322.8857120300461,146.17012381027703,124.23179628468291,250.10294204967863,-176.71558821976905,834.8397586641892,692.9716781513271,684.4749155734908,745.6223088448116,-141.8680805128621,146.17012381027706,124.23179628468291,250.10294204967863,692.9716781513271,684.4749155734908,745.6223088448116,83,224.00000000000003,43.00000000000001,136.0,宮下周辺,57.17819250124052,306.5843122223456,1.3911756452738284,1.4424196859534504,available
533903943,171.2230186022369,151.90418661890885,297.4447475006906,866.4553552632722,844.6550508456083,1092.7554025530997,0.9962459076330347,0.9962459076330347,124,124,120.62519282101408,121.35920641890662,106.97632299739496,212.6917780324332,0.7340135978925559,708.5753495889876,674.9721321219655,644.2019373835591,896.5525414794862,-33.60321746702209,121.3592064189066,106.97632299739496,212.6917780324332,674.9721321219655,644.2019373835591,896.5525414794862,127,197.00000000000009,43.00000000000001,213.0,天沼周辺,49.86381218333027,191.48322314130667,1.4108778695471262,1.2836905614744791,partial
533903944,375.9245188100787,376.19640660527625,376.19640660527625,1315.5251492436375,1315.7970370388352,1315.7970370388352,1.0,1.0,2,2,285.1368252057054,259.441944205167,259.141440322821,259.141440322821,-25.69488100053843,1117.3987977768977,1036.3845938353877,1036.0278673994862,1036.0278673994862,-81.01420394151023,259.4419442051669,259.141440322821,259.141440322821,1036.3845938353877,1036.0278673994862,1036.0278673994862,2,165.0,65.0,110.0,長坂上周辺,116.48257460491175,279.14055540824984,1.4489735650176796,1.269340703314803,available
533903951,471.69870854367696,511.6782418131865,532.5832654461868,1117.9605223542576,1120.8620897370824,1238.3246111876804,1.0,1.0,52,52,345.10615010040857,377.8306167714208,423.18167470148666,452.55597025783726,32.72446667101224,960.600879143024,862.391612357217,866.5075990948283,905.39395559259,-98.20926678580712,377.8306167714208,423.18167470148666,452.55597025783726,862.391612357217,866.5075990948283,905.39395559259,52,200.00000000000003,72.0,95.0,藤沢・綾瀬ふれあいの杜周辺,93.86809177225615,255.56890999704058,1.248439611840785,1.2963490209494055,available
533903952,406.10299621492766,408.1196491173617,452.8755952515615,1445.6289083551671,1433.1014527753853,1486.7157690477543,1.0,1.0,20,20,361.82360168328586,194.87447234516287,193.95967576985493,222.05204827145397,-166.949129338123,1150.4550722647873,962.4759778475808,962.4271937308392,990.36695245022,-187.97909441720665,194.87447234516284,193.95967576985493,222.05204827145397,962.4759778475806,962.4271937308392,990.36695245022,20,2019.0,714.9999999999999,,大持周辺,211.22852386976479,483.15293050758635,2.0839209534619574,1.501989599354031,available
533903953,195.42416376558324,196.15877855274093,196.15877855274093,1708.3313908262069,1709.0660056133647,1709.0660056133647,1.0,1.0,2,2,183.7149240880267,138.9123365352147,139.42593769586523,139.42593769586523,-44.80258755281199,1352.4258890795363,1205.1760407865236,1204.4444068359044,1204.4444068359044,-147.24984829301275,138.9123365352147,139.42593769586523,139.42593769586523,1205.1760407865236,1204.4444068359044,1204.4444068359044,2,1731.0,535.0,,藤沢・綾瀬ふれあいの杜周辺,56.51182723036854,503.1553500396833,1.4068164760589323,1.417495314386862,available
533903961,308.5101037828125,315.57434037051223,423.844416640041,1163.1989211261584,1164.028956059792,1350.5049017588512,0.999586761682942,0.999586761682942,250,250,241.70573670527796,203.6554146667011,199.80473336371696,303.0586836480718,-38.05032203857684,857.5825338580432,886.9080866216931,909.3986451059268,1010.4166553845162,29.325552763649853,203.65541466670103,199.80473336371696,303.0586836480718,886.908086621693,909.3986451059268,1010.4166553845162,251,1882.0,646.0,4.0,坂下周辺,104.85468911611142,276.29083450446535,1.514863252164028,1.3115213838638908,partial
533903962,199.6936757831735,207.25478501145489,323.3859181082639,478.49785046154534,514.8293162329353,727.0816987007847,1.0,1.0,477,477,167.88159678382883,118.58377283817082,103.2246258617434,231.64759121033404,-49.29782394565801,291.803480598792,322.96517216748265,360.3529627921801,520.405632010954,31.161691568690628,118.5837728381708,103.2246258617434,231.64759121033404,322.96517216748265,360.3529627921801,520.405632010954,477,1839.0,429.0,100.0,住宅前周辺,81.10990294500267,155.5326782940627,1.6839882135955644,1.4815772463954933,available
533903963,379.9413833124455,379.9413833124455,379.9413833124455,1165.1020204109918,1165.1020204109918,1165.1020204109918,1.0,1.0,1,1,537.4699117722378,339.0809089875628,339.0809089875628,339.0809089875628,-198.38900278467497,954.8425089468302,743.2044563883428,743.2044563883428,743.2044563883428,-211.6380525584874,339.08090898756285,339.0809089875628,339.0809089875628,743.2044563883428,743.2044563883428,743.2044563883428,1,1739.0,553.0,,奥田周辺,40.860474324882716,421.897564022649,1.1205036120933056,1.5676736198177437,available
533903964,360.4204186233952,360.82954417693884,475.8729882958021,530.6236145266723,514.4395028634802,704.0089939785122,1.0,1.0,347,347,353.09218073567433,244.35106969330263,237.5245716590072,339.47868304691525,-108.74111104237168,511.33069060837823,390.8330154758581,379.8569607450723,516.578686532593,-120.4976751325201,244.35106969330263,237.5245716590072,339.47868304691525,390.8330154758581,379.8569607450723,516.578686532593,347,781.9999999999999,188.0,39.0,長後市民センター前周辺,116.06934893009259,139.79059905081425,1.475010602882881,1.357673465432833,available
533903971,376.56337934014454,385.4009694863088,533.8234003291459,232.8284525372683,224.46824513444435,372.54748560698636,1.0,1.0,804,804,198.693252319106,259.350373567712,260.47282981382307,394.4686154373727,60.65712124860596,67.45724473725299,133.3386282881872,125.27729140522403,235.682549071098,65.88138355093422,259.35037356771204,260.47282981382307,394.4686154373727,133.3386282881872,125.27729140522403,235.682549071098,804,2741.0,656.0,199.0,長後駅周辺,117.21300577243255,99.4898242490811,1.4519484747988236,1.7461440508751291,available
533903972,515.6629405842773,528.054701465857,700.0380106225598,625.8608730887735,630.1381877272673,826.4250116030514,1.0,1.0,623,623,426.8810177910036,400.351551381157,414.8272679369838,541.1410615442934,-26.52946640984652,532.217866828218,455.311235359809,454.7849168594265,605.9186874893019,-76.90663146840899,400.351551381157,414.8272679369838,541.1410615442934,455.311235359809,454.7849168594265,605.9186874893019,623,1893.0,370.0,13.0,住宅前周辺,115.31138920312031,170.54963772896446,1.2880253337480825,1.3745781445392795,available
533903973,362.31521128107255,339.0021434956107,528.9771957778695,252.05584612358427,240.57567002607672,437.0792297346485,1.0,1.0,739,739,259.8575370930768,288.73103481273154,277.7425179514098,451.63240345726354,28.87349771965478,54.28939581196047,148.5980142156164,136.59252852952065,261.9881753709906,94.30861840365591,288.73103481273154,277.7425179514098,451.63240345726354,148.5980142156164,136.59252852952065,261.9881753709906,739,2702.0,787.0,196.0,長後周辺,73.58417646834101,103.45783190796789,1.25485371365107,1.6962262076924535,available
533903974,250.84562467392567,245.2423236773004,382.2081279136409,413.937876851925,425.41332773098793,622.1103785576719,1.0,1.0,834,834,182.10329101422613,165.53887579198306,152.7934719784012,278.6956292299833,-16.56441522224307,274.6137812397452,264.5193376696388,258.08525289591506,436.2533964519304,-10.094443570106478,165.53887579198306,152.7934719784012,278.6956292299833,264.5193376696388,258.08525289591506,436.2533964519304,834,2432.0,747.0,58.0,藤沢湘南台病院前周辺,85.30674888194261,149.41853918228622,1.5153275837703495,1.564868113229955,available
533903983,227.33752599575246,199.075183666544,369.91237944650754,675.9878221000442,673.8009685599084,725.7380781416109,1.0,1.0,107,107,342.98019351314724,174.3515081251874,155.7732149820239,322.4254771216079,-168.62868538795985,742.3210404991208,489.897779686221,486.421024021556,533.3081429230464,-252.4232608128998,174.3515081251874,155.7732149820239,322.4254771216079,489.897779686221,486.421024021556,533.3081429230464,107,1050.0,227.0,,上高倉周辺,52.986017870565064,186.09004241382326,1.3039034100727147,1.3798548393769283,available
533904001,284.48471102759396,257.36799095596695,478.2372803399087,416.28796403486217,492.1572835202136,587.7295974753101,1.0,1.0,202,202,143.02979292326427,137.19441425747485,139.28210491048367,233.8702221208789,-5.83537866578942,242.7118522426472,224.0247107125649,250.67437472119536,365.3733411922687,-18.687141530082243,137.19441425747482,139.28210491048367,233.8702221208789,224.0247107125649,250.67437472119536,365.3733411922687,202,1206.0,361.0,149.0,小塚地下道前周辺,147.2902967701191,192.26325332229726,2.07358814545975,1.8582234196877538,available
533904002,237.69499411820996,232.33109723309366,394.47850291589236,316.4207372696418,330.3045080859605,411.7360218963561,1.0,1.0,500,500,141.65447385602863,169.7614606370358,149.97884725325213,295.99876136515536,28.10698678100718,343.75591760331423,241.99402548762455,251.9304765986223,343.56424206808447,-101.76189211568963,169.76146063703578,149.97884725325213,295.99876136515536,241.99402548762464,251.9304765986223,343.56424206808447,500,1469.0,351.0,122.0,村岡宮前周辺,67.93353348117415,74.42671178201724,1.4001705288482509,1.3075559887565216,available
533904003,215.62506304779868,191.44656375281122,368.45273845407945,392.67887745660613,420.53141782659884,573.4284244842954,1.0,1.0,511,511,90.13531435428352,142.53428633199474,125.21077610695907,261.9600837646224,52.39897197771123,200.6278656556973,251.68869113075672,266.4459223542128,385.7323432916583,51.0608254750594,142.53428633199474,125.21077610695907,261.9600837646224,251.68869113075675,266.4459223542128,385.7323432916583,511,2508.0,396.0,204.0,小塚周辺,73.09077671580394,140.9901863258494,1.5127943500243788,1.5601768823717332,available
533904004,386.1960967486598,373.040964604264,527.0049348983871,556.1735113511015,610.8307386311268,695.126619685936,1.0,1.0,200,200,108.52376180125158,166.94934548198412,157.48457240133192,259.62567562309755,58.425583680732544,227.22668100200227,379.7875725181192,425.9488669166592,462.2766798544296,152.56089151611693,166.94934548198412,157.48457240133192,259.62567562309755,379.7875725181192,425.9488669166592,462.2766798544296,200,665.0,69.0,228.0,湘南アイパーク周辺,219.24675126667566,176.38593883298233,2.3132531345583205,1.4644331505201298,available
533904013,193.86358456826486,190.28667843333292,258.644246788613,806.3237165676295,809.9016495833703,855.6205494239663,1.0,1.0,67,67,97.06094262746292,138.78608552500785,144.83109824092008,178.3786944770002,41.72514289754494,436.0345793676023,302.15601451825626,305.38743880120484,353.06645319421966,-133.878564849346,138.78608552500785,144.83109824092008,178.3786944770002,302.15601451825626,305.38743880120484,353.06645319421966,67,819.9999999999999,262.0,,湘南車庫周辺,55.077499043257006,504.16770204937325,1.3968517365044681,2.6685674877370724,available
533904101,301.58576883125414,292.46524393454195,476.7763212419689,498.1652160775445,497.0859033,736.4191225547977,1.0,1.0,665,665,285.90911340463964,224.4575341955209,219.27233610060125,371.9965605874646,-61.451579209118734,331.15928947573946,338.1781277299468,335.7364176142423,513.406057744806,7.01883825420731,224.4575341955209,219.27233610060125,371.9965605874646,338.1781277299467,335.7364176142423,513.406057744806,665,2283.0,532.0,30.0,高谷周辺,77.12823463573324,159.9870883475977,1.3436206091819054,1.4730852625553474,available
533904102,329.4674241226178,344.5105954825034,540.7378447036056,534.1246926453335,553.8007956210686,712.6167718673121,0.9920560350192886,0.9920560350192886,453,453,279.1443046948272,200.594472626972,208.32654955450397,302.31782751329536,-78.54983206785519,205.91991440269751,360.7953079147772,383.4059201789849,468.49410265952673,154.87539351207968,200.594472626972,208.32654955450397,302.31782751329536,360.7953079147772,383.4059201789849,468.49410265952673,455,1707.0,278.0,116.0,高谷小学校入口周辺,128.8729514956458,173.32938473055634,1.6424551474820523,1.4804091985905155,partial
533904103,191.59994504104785,172.48432251288003,325.6149756371149,495.17180648872085,510.69084823027816,658.1815364018468,1.0,1.0,938,938,148.18166957274832,125.36036420237753,109.2635907799892,238.5972258893416,-22.821305370370798,418.0718841296746,360.7984970930409,372.3247844431213,468.14308412366654,-57.27338703663378,125.36036420237753,109.2635907799892,238.5972258893416,360.7984970930408,372.3247844431213,468.14308412366654,938,2713.0,772.0,45.0,渡内二丁目周辺,66.23958083867032,134.37330939567994,1.5283933343695093,1.3724331184257357,available
533904104,393.30330049832355,365.1560111837075,645.4365720931203,467.75702600492446,505.3931429364773,672.9906595883022,0.9950309263127106,0.9950309263127106,505,505,323.1602857085247,283.00973371577305,272.31338632762834,448.4833830186113,-40.15055199275167,305.02673324,325.2339915170268,369.7598330242754,430.12127815980807,20.207258277026824,283.00973371577305,272.31338632762834,448.4833830186113,325.2339915170268,369.7598330242754,430.12127815980807,507,2054.0,542.0,29.0,渡内第三会館前周辺,110.2935667825505,142.52303448789763,1.3897165137553835,1.438216909072483,partial
533904201,235.1415289493868,235.61441650728244,343.1218877301508,368.46234791699504,364.6607603932424,503.98829312713457,1.0,1.0,519,519,120.13168206387378,124.42448404676456,124.24734946828823,186.962981216334,4.292801982890765,172.85160645943526,187.7052209256331,186.3269373597772,282.7884994971536,14.853614466197854,124.42448404676452,124.24734946828823,186.962981216334,187.7052209256331,186.3269373597772,282.7884994971536,519,2302.0,632.0,166.0,慈眼寺周辺,110.71704490262225,180.75712699136193,1.8898332651394365,1.9629840134440164,available
533904202,188.83872084459628,192.166161539161,286.74808586914855,220.41788478454816,213.19355397179706,325.4560832472136,0.8544751115237483,0.8544751115237483,123,123,355.35104545788977,154.3266219595341,151.76832898630192,243.72981569710396,-201.02442349835567,319.2491449324005,132.73647678787293,115.9384677116376,217.9134092705641,-186.5126681445276,154.3266219595341,151.76832898630192,243.72981569710396,132.73647678787293,115.9384677116376,217.9134092705641,148,2286.0000000000005,796.0000000000002,,渡内第三会館前周辺,34.51209888506219,87.68140799667523,1.223630235968695,1.6605675404267322,partial
533904203,196.6423903645101,199.84958287139315,264.84069964953926,346.4903717404155,370.6535980127049,435.5721242798067,0.9713775429243606,0.9713775429243606,286,286,224.1087957379604,127.01956405271632,129.55759753519575,187.12838377511463,-97.08923168524409,188.6178138784545,165.819617886296,169.6885790459819,246.0481846550084,-22.798195992158558,127.01956405271632,129.55759753519575,187.12838377511463,165.81961788629602,169.6885790459819,246.0481846550084,297,1779.0000000000002,523.0000000000001,,柄沢十字路周辺,69.62282631179379,180.67075385411954,1.548126793152105,2.0895619960842455,partial
533913031,362.65571400356646,295.0828328062844,626.5911933886382,366.60362856558066,375.4624532676424,470.681692447326,1.0,1.0,87,87,330.6272573029001,295.98540484568804,259.3196068686292,549.077587238619,-34.64185245721205,293.10151833657466,225.06072735533263,216.36435934396212,317.2028707723408,-68.040790981242,295.9854048456881,259.3196068686292,549.077587238619,225.06072735533263,216.36435934396212,317.2028707723408,87,180.0,53.00000000000001,,女坂周辺,66.67030915787842,141.54290121024803,1.2252486374881795,1.628909818578769,available
533913032,228.24506428200021,184.5082006420372,518.6517615206317,605.2671785366248,594.8844557005086,707.0107734244476,0.7537158627525775,0.7537158627525775,6,6,293.6883533681115,248.1800426785259,169.45595539910664,549.9581531149325,-45.50831068958561,662.2669990100821,579.9147234260337,477.50158176606914,942.2652342029198,-82.35227558404847,248.1800426785259,169.45595539910664,549.9581531149325,579.9147234260336,477.50158176606914,942.2652342029198,8,105.0,24.0,,女坂周辺,-19.93497839652568,25.35245511059111,0.9196753365767287,1.0437175572311965,partial
533913041,549.7303285854357,549.7303285854357,549.7303285854357,1390.7185450409856,1390.7185450409856,1390.7185450409856,0.1200350537894355,0.1200350537894355,1,1,357.3993160649242,540.4880789772762,548.8651515390139,556.8763037520768,183.088762912352,1127.9535676319974,1009.0810014689326,988.6532936822244,1183.6593163078026,-118.8725661630648,540.4880789772762,548.8651515390139,556.8763037520768,1009.0810014689328,988.6532936822244,1183.6593163078026,5,126.0,43.99999999999999,126.0,天沼周辺,9.242249608159455,381.637543572053,1.017099821379313,1.3782030808393957,partial
533913054,548.1306629469196,568.6998992926694,591.0474941775749,661.3650562866725,658.2067949867842,742.7714086203437,1.0,1.0,25,25,419.980246100461,516.9721258914468,532.2446795906986,561.3187936920281,96.99187979098576,393.8842848144934,154.76429012380103,145.77509509381093,232.3931639850166,-239.1199946906924,516.9721258914467,532.2446795906986,561.3187936920281,154.76429012380103,145.77509509381093,232.3931639850166,25,2368.0,657.0,,上土棚北二丁目周辺,31.158537055472834,506.6007661628714,1.0602712128854999,4.2733698824039115,available
533913061,405.6023239499546,390.6030088480832,504.27591564295864,832.341642600768,845.588202342854,908.7951472049746,1.0,1.0,55,55,473.3225221884159,327.75845216160246,314.6890354614966,416.0121780102752,-145.5640700268134,520.0383783119469,555.2478389653509,570.0376264793367,597.7005959220342,35.209460653403994,327.75845216160246,314.6890354614966,416.0121780102752,555.247838965351,570.0376264793367,597.7005959220342,55,1195.0,359.00000000000006,,上谷台周辺,77.84387178835215,277.0938036354171,1.2375037814432042,1.4990452626555988,available
533913062,340.30682179223794,328.8664862660894,574.2050150161953,933.4523805911264,929.8608283756126,1043.5848631298475,1.0,1.0,367,367,156.35276788571136,249.92521109720303,251.79820931363875,425.0418658017446,93.5724432114917,745.4679732697714,682.4194518816807,683.8314646249946,784.0617038159021,-63.04852138809065,249.925211097203,251.79820931363875,425.0418658017446,682.4194518816807,683.8314646249946,784.0617038159021,367,794.0,280.0,74.0,上谷台周辺,90.38161069503491,251.03292870944563,1.3616346278082483,1.3678572291825148,available
533913063,911.8580083181611,939.4393266089924,1024.5755354540759,407.05484487427344,359.47862885652745,665.8603980731607,1.0,1.0,269,269,736.3707830193904,701.1349772347941,713.4945905779648,793.9378482587788,-35.23580578459632,176.800598255107,240.30183578459128,191.8720998133377,419.9492730335079,63.501237529484285,701.1349772347941,713.4945905779648,793.9378482587788,240.30183578459128,191.8720998133377,419.9492730335079,269,969.0,518.0,77.0,上谷台周辺,210.723031083367,166.75300908968217,1.3005455981021479,1.6939314822345388,available
533913064,705.955777192127,707.2097869101046,1047.8087294097304,844.6889538127475,828.5884818422131,1103.643235437911,0.9341855396479201,0.9341855396479201,319,319,585.3751212538793,540.464371475885,546.0309899784444,660.7106622214718,-44.9107497779944,742.6973965808464,666.5141643913813,642.9207269885204,904.2740274357376,-76.18323218946512,540.464371475885,546.0309899784444,660.7106622214718,666.5141643913813,642.9207269885204,904.2740274357376,344,1579.0,511.0,3.0,上谷台周辺,165.49140571624207,178.1747894213662,1.306202248381929,1.2673233352573448,partial
533913071,672.6308491959942,700.1661643841903,869.5335072955922,507.596611986775,477.67161898945574,760.8125124680091,1.0,1.0,678,678,613.6752101052593,528.2072446755702,531.5434520090978,660.6560372262662,-85.46796542968912,389.30687959923887,357.92287364690446,338.9399871663149,564.5502835556952,-31.384005952334405,528.2072446755703,531.5434520090978,660.6560372262662,357.92287364690446,338.9399871663149,564.5502835556952,678,2014.0,491.0,12.0,藤沢湘南台病院前周辺,144.42360452042396,149.6737383398705,1.2734222333681362,1.418173157850553,available
533913072,402.53548480929425,402.6177285071465,593.584559866515,515.8253935926356,496.21949241073986,749.1771764574255,1.0,1.0,897,897,282.39172412231443,306.1609192411947,309.7072365894145,472.9530291207327,23.769195118880248,260.9475269591122,315.81588769320933,320.62978039546954,473.2057059423603,54.86836073409711,306.1609192411946,309.7072365894145,472.9530291207327,315.8158876932093,320.62978039546954,473.2057059423603,897,2760.0,773.0,24.0,藤沢湘南台病院前周辺,96.37456556809957,200.00950589942624,1.3147840220984421,1.6333104624987074,available
533913073,837.4990093916356,849.6642025751333,1026.3066459392405,958.5516245346704,984.0097937388604,1146.5792227368497,0.9973285196811553,0.9973285196811553,715,715,592.5779838626122,593.1334862653118,633.8356161714147,729.4186917917573,0.5555024026996307,734.0378484741622,740.1351231517112,758.8325480897822,893.0981450257684,6.0972746775490805,593.1334862653118,633.8356161714147,729.4186917917573,740.1351231517112,758.8325480897822,893.0981450257684,718,3590.0,921.0,1.0,県営サンハイツ渋谷前周辺,244.36552312632375,218.41650138295915,1.4119907723723049,1.2951035487315856,partial
533913074,791.6162910045381,791.9227826142518,936.984159618319,730.930526774682,732.411670249346,853.560551195173,1.0,1.0,376,376,744.0889751698176,615.463802874604,619.6661035300486,689.4827450496989,-128.6251722952136,688.3581742062479,562.5872628168818,553.1780927626397,685.477849123396,-125.77091138936612,615.463802874604,619.6661035300486,689.4827450496989,562.5872628168819,553.1780927626397,685.477849123396,376,1295.0,353.0,6.0,藤沢湘南台病院前周辺,176.1524881299341,168.34326395780022,1.286210963678434,1.2992304929103857,available
533913081,257.4720276837706,268.61246976115495,430.37098508574735,806.0600298923362,816.4041767510496,928.4554684321113,1.0,1.0,196,196,290.64927354827813,186.05200541786164,193.30384098629372,309.6734592990672,-104.5972681304165,737.3580724920887,539.8278839638065,538.1253913700044,602.0572581886428,-197.53018852828225,186.05200541786164,193.30384098629372,309.6734592990672,539.8278839638065,538.1253913700044,602.0572581886428,196,1483.0,368.0,,上高倉周辺,71.42002226590895,266.2321459285297,1.3838712842976557,1.493179685298323,available
533913161,883.2062093668782,880.9497209932241,912.8879564371249,433.7592965385247,445.2652521975169,503.00773545865906,1.0,1.0,31,31,715.7577670199439,699.5317713334396,709.0716007779415,737.4444447450727,-16.225995686504348,468.4212675018161,287.0896121767386,277.8517606357861,370.3638880951513,-181.33165532507743,699.5317713334397,709.0716007779415,737.4444447450727,287.0896121767386,277.8517606357861,370.3638880951513,31,1038.0000000000002,294.00000000000006,,上土棚北二丁目周辺,183.6744380334386,146.6696843617861,1.262567685358051,1.5108846790022241,available
533913171,230.38109754465737,180.5141384997494,396.24238954626134,1327.0568529043503,1428.8085509206048,1526.921065651868,0.9420671785996678,0.9420671785996678,103,103,141.18082589460138,176.27205798582375,122.17073588763256,317.9425856064098,35.091232091222366,1163.3590211909184,1155.6238763761546,1242.157914232838,1335.4084902616505,-7.735144814763771,176.2720579858238,122.17073588763256,317.9425856064098,1155.623876376155,1242.157914232838,1335.4084902616505,114,2746.0,724.0000000000001,,県営サンハイツ渋谷前周辺,54.109039558833615,171.4329765281957,1.3069632259197042,1.1483466896390035,partial
