mesh_code,centroid_lat,centroid_lon,city_area_fraction,centroid_within_city,population,elderly_population,reported_elderly_population,elderly_ratio,HTKSYORI,HTKSAKI,GASSAN,disclosure_status,suppression_flag,aggregation_target_flag,aggregation_flag,primary_eligible_disclosure,nearest_station_name,nearest_station_distance_m,nearest_bus_stop_name,nearest_bus_stop_distance_m,nearest_public_transport_type,nearest_public_transport_name,nearest_public_transport_distance_m,nearest_medical_name,nearest_medical_distance_m,nearest_hospital_name,nearest_hospital_distance_m,nearest_clinic_name,nearest_clinic_distance_m,elderly_population_percentile,elderly_ratio_percentile,transport_distance_percentile,medical_distance_percentile,exploratory_score_a,exploratory_score_b,exploratory_score_c,rank_a_unfiltered,rank_b_unfiltered,rank_c_unfiltered,pareto_frontier,eligibility_population_threshold,eligibility_elderly_threshold,primary_eligible,rank
523973574,35.297916666666666,139.471875,0.03878462236283549,False,2,,,,2,523973583,,suppressed_source,True,False,False,False,片瀬江ノ島,1615.4828010414647,江ノ島,1018.6229357968209,bus_stop,江ノ島,1018.6229357968209,いしい内科医院,1658.5345165019924,藤沢脳神経外科病院,2805.8735414863168,いしい内科医院,1658.5345165019924,,,,,,,,,,,,False,False,False,
523973583,35.297916666666666,139.47812499999998,0.5198687404352326,False,57,,29.0,,1,,523973574,aggregation_destination,False,True,True,False,片瀬江ノ島,1337.7726845352056,かながわ女性センター,484.1169935551673,bus_stop,かながわ女性センター,484.1169935551673,いしい内科医院,1370.901292179454,藤沢脳神経外科病院,2591.6887114865026,いしい内科医院,1370.901292179454,,,,,,,,,,,,True,False,False,
523973584,35.297916666666666,139.484375,0.45844164791299385,True,32,14.0,14.0,0.4375,0,,,unaffected,False,False,False,True,片瀬江ノ島,1271.0674345396333,湘南港桟橋,88.73748931213254,bus_stop,湘南港桟橋,88.73748931213254,鵠生クリニック,1216.8306353789494,藤沢脳神経外科病院,2491.347552379199,鵠生クリニック,1216.8306353789494,0.019011406844106463,0.9619771863117871,0.12927756653992395,1.0,0.002457748413306539,0.019011406844106463,0.002457748413306539,263,248,253,True,True,True,True,252
523973681,35.30208333333333,139.47812499999998,0.2594544026906958,False,86,34.0,34.0,0.3953488372093023,0,,,unaffected,False,False,False,True,片瀬江ノ島,913.5047894116404,江ノ島,317.8256670520808,bus_stop,江ノ島,317.8256670520808,いしい内科医院,952.205796623996,藤沢脳神経外科病院,2152.286126782047,いしい内科医院,952.205796623996,,,,,,,,,,,,True,True,False,
523973682,35.30208333333333,139.484375,0.25682528142171596,False,135,50.0,50.0,0.37037037037037035,0,,,unaffected,False,False,False,True,片瀬江ノ島,812.6973709365744,江ノ島,257.9568874562816,bus_stop,江ノ島,257.9568874562816,鵠生クリニック,778.2881728860181,藤沢脳神経外科病院,2030.3509303587966,鵠生クリニック,778.2881728860181,,,,,,,,,,,,True,True,False,
523973684,35.306250000000006,139.484375,0.549178007951295,True,376,85.0,85.0,0.22606382978723405,0,,,unaffected,False,False,False,True,片瀬江ノ島,364.23004159656364,江ノ島海岸,131.60911246751334,bus_stop,江ノ島海岸,131.60911246751334,いしい内科医院,368.95138276980515,藤沢脳神経外科病院,1570.0822303279817,いしい内科医院,368.95138276980515,0.17490494296577946,0.30798479087452474,0.27756653992395436,0.5893536121673004,0.04854775983460798,0.1030808599227978,0.028611797621156797,218,182,188,False,True,True,True,188
523973693,35.306250000000006,139.49062500000002,0.03694750433061504,False,169,68.0,68.0,0.40236686390532544,0,,,unaffected,False,False,False,True,江ノ島,595.8099591351802,東浜,384.0098306188567,bus_stop,東浜,384.0098306188567,鵠生クリニック,364.0193756362962,藤沢脳神経外科病院,1612.8067138091226,鵠生クリニック,364.0193756362962,,,,,,,,,,,,True,True,False,
523973774,35.31458333333333,139.471875,0.6937619662417838,True,353,113.0,113.0,0.32011331444759206,0,,,unaffected,False,False,False,True,鵠沼海岸,686.9830832814926,公園西部駐車場前,167.48707256837494,bus_stop,公園西部駐車場前,167.48707256837494,のなかこどもクリニック,392.57908603599606,藤沢脳神経外科病院,1448.6401476432916,のなかこどもクリニック,392.57908603599606,0.23574144486692014,0.7984790874524715,0.40304182509505704,0.6311787072243346,0.09501366218970926,0.1487949804102994,0.05997060046955033,179,150,142,False,True,True,True,142
523973781,35.31041666666667,139.47812499999998,0.5945519745491555,True,911,139.0,139.0,0.1525795828759605,0,,,unaffected,False,False,False,True,片瀬江ノ島,454.05801848433424,西浜,124.4094554517296,bus_stop,西浜,124.4094554517296,のなかこどもクリニック,452.6254778735394,藤沢脳神経外科病院,1321.0868701002933,のなかこどもクリニック,452.6254778735394,0.2737642585551331,0.04182509505703422,0.24714828897338403,0.714828897338403,0.06766036808396826,0.19569460307363126,0.04836558631097351,202,117,156,False,True,True,True,156
523973782,35.31041666666667,139.484375,1.0000000000000002,True,2527,633.0,633.0,0.2504946576968738,0,,,unaffected,False,False,False,True,片瀬江ノ島,179.36785087116442,江ノ島駅前,294.1264739565768,station,片瀬江ノ島,179.36785087116442,いしい内科医院,134.56331624158034,藤沢脳神経外科病院,1111.4465523891188,いしい内科医院,134.56331624158034,0.7680608365019012,0.4866920152091255,0.4524714828897338,0.17110266159695817,0.3475256256415446,0.1314172533938614,0.059462559520416375,62,162,144,False,True,True,True,144
523973783,35.31458333333333,139.47812499999998,1.0,True,2501,549.0,549.0,0.21951219512195122,0,,,unaffected,False,False,False,True,湘南海岸公園,478.10469627939057,小田急ショップ前,255.60192905078944,bus_stop,小田急ショップ前,255.60192905078944,のなかこどもクリニック,184.37338967875215,藤沢脳神経外科病院,970.9387403312826,のなかこどもクリニック,184.37338967875215,0.6615969581749049,0.28517110266159695,0.6615969581749049,0.24714828897338403,0.43771053506628693,0.16351255620292326,0.10817940980725722,40,139,98,False,True,True,True,98
523973784,35.31458333333333,139.484375,1.0,True,2327,645.0,645.0,0.2771809196390202,0,,,unaffected,False,False,False,True,湘南海岸公園,117.41466836474684,西方,159.79240984709557,station,湘南海岸公園,117.41466836474684,医療法人社団清明会　湘南海岸眼科クリニック,54.757732114476184,藤沢脳神経外科病院,657.8688853170612,医療法人社団清明会　湘南海岸眼科クリニック,54.757732114476184,0.7946768060836502,0.6463878326996197,0.22053231939163498,0.04182509505703422,0.1752519192123639,0.033237432954069016,0.007329928179984802,132,230,234,False,True,True,True,234
523973791,35.31041666666667,139.49062500000002,0.3944862543356265,False,2441,825.0,825.0,0.33797623924621056,0,,,unaffected,False,False,False,True,江ノ島,280.3746375668368,竜口寺,127.37339086264791,bus_stop,竜口寺,127.37339086264791,髙橋内科クリニック,94.19648162650513,藤沢脳神経外科病院,1171.0227554328746,髙橋内科クリニック,94.19648162650513,,,,,,,,,,,,True,True,False,
523973793,35.31458333333333,139.49062500000002,0.8335271206499449,True,1237,337.0,337.0,0.27243330638641877,0,,,unaffected,False,False,False,True,目白山下,99.375351244285,目白山,260.3607397502198,station,目白山下,99.375351244285,佐川内科医院,363.622548510863,藤沢脳神経外科病院,754.1655686965634,佐川内科医院,363.622548510863,0.44866920152091255,0.6083650190114068,0.16730038022813687,0.5779467680608364,0.07506252801110323,0.2593069149474475,0.04338214546649312,193,89,162,False,True,True,True,162
523973794,35.31458333333333,139.496875,0.01867988893100645,False,2194,663.0,663.0,0.30218778486782133,0,,,unaffected,False,False,False,True,目白山下,489.9059028016057,目白山,322.3947396406908,bus_stop,目白山,322.3947396406908,片瀬山内科医院,495.99250533852506,藤沢脳神経外科病院,1162.1720565121539,片瀬山内科医院,495.99250533852506,,,,,,,,,,,,True,True,False,
523973853,35.32291666666667,139.440625,0.6664657231941175,True,2048,642.0,642.0,0.3134765625,0,,,unaffected,False,False,False,True,辻堂,1618.3074231564676,辻堂西海岸,84.58643695241283,bus_stop,辻堂西海岸,84.58643695241283,山田医院,355.64627446586957,医療法人長谷川会湘南ホスピタル,1161.4331525284865,山田医院,355.64627446586957,0.7889733840304183,0.7832699619771863,0.11026615969581749,0.5703422053231939,0.08699706515924764,0.44998481978921195,0.0496180979995709,186,24,155,False,True,True,True,155
523973854,35.32291666666667,139.44687499999998,0.9999999999999998,True,2541,847.0,847.0,0.3333333333333333,0,,,unaffected,False,False,False,True,辻堂,1548.0470885526772,交通公園前,63.50867188050245,bus_stop,交通公園前,63.50867188050245,山田医院,413.4520459001422,医療法人長谷川会湘南ホスピタル,1140.7174104254468,山田医院,413.4520459001422,0.9315589353612167,0.8231939163498099,0.07224334600760456,0.6653992395437263,0.06729893449377611,0.6198586071795168,0.044780659834261674,204,7,159,False,True,True,True,159
523973861,35.31875000000001,139.453125,0.703547229025394,True,586,84.0,84.0,0.14334470989761092,0,,,unaffected,False,False,False,True,鵠沼海岸,1660.9568875904922,辻堂海浜公園前,137.84231735052128,bus_stop,辻堂海浜公園前,137.84231735052128,みき辻堂東海岸クリニック,392.1734539259955,医療法人長谷川会湘南ホスピタル,1772.9962979811985,みき辻堂東海岸クリニック,392.1734539259955,0.17110266159695817,0.026615969581749048,0.30038022813688214,0.6273764258555133,0.05139585652532204,0.10734577628706501,0.03224454877063931,214,178,181,False,True,True,True,181
523973862,35.31875000000001,139.45937499999997,0.949538661028003,True,1603,367.0,367.0,0.22894572676232064,0,,,unaffected,False,False,False,True,鵠沼海岸,1100.4218080203461,湘洋中学校前,133.53469117933864,bus_stop,湘洋中学校前,133.53469117933864,奥医院,267.3597578337018,医療法人社団正拓会　湘南太平台病院,1916.8894787490235,奥医院,267.3597578337018,0.49049429657794674,0.33079847908745247,0.28517110266159695,0.4068441064638783,0.13987479940435743,0.19955471381688328,0.05690723778048001,156,112,147,False,True,True,True,147
523973863,35.32291666666667,139.453125,0.9999999999999998,True,3426,763.0,763.0,0.2227086981903094,0,,,unaffected,False,False,False,True,鵠沼海岸,1663.3881118263894,辻堂東海岸,150.83579887084977,bus_stop,辻堂東海岸,150.83579887084977,マリソル整形外科,100.41403635353143,医療法人長谷川会湘南ホスピタル,1378.1461771607296,マリソル整形外科,100.41403635353143,0.8935361216730038,0.2965779467680608,0.33840304182509506,0.11026615969581749,0.3023753415547427,0.09852679668637684,0.03334176769995262,79,185,179,False,True,True,True,179
523973864,35.32291666666667,139.45937499999997,0.9999999999999998,True,3215,683.0,683.0,0.21244167962674962,0,,,unaffected,False,False,False,True,鵠沼海岸,1104.1239894997345,鵠沼車庫前,508.9657461388165,bus_stop,鵠沼車庫前,508.9657461388165,奥医院,233.6086700940001,医療法人社団正拓会　湘南太平台病院,1501.8770870437045,奥医院,233.6086700940001,0.8288973384030418,0.2509505703422053,0.9467680608365019,0.33840304182509506,0.7847735257123856,0.2805013806763145,0.2655697482448757,5,80,22,False,True,True,True,22
523973871,35.31875000000001,139.465625,1.0,True,2411,601.0,601.0,0.24927416009954376,0,,,unaffected,False,False,False,True,鵠沼海岸,555.8324094619921,鵠沼プールガーデン,196.63830651640438,bus_stop,鵠沼プールガーデン,196.63830651640438,野沢内科循環器内科,464.28876167000897,医療法人社団正拓会　湘南太平台病院,1774.742505063561,野沢内科循環器内科,464.28876167000897,0.7224334600760456,0.4790874524714829,0.5171102661596958,0.7338403041825095,0.3735777588225939,0.530150790093828,0.2741464161701925,55,15,20,False,True,True,True,20
523973872,35.31875000000001,139.471875,1.0,True,2754,627.0,627.0,0.22766884531590414,0,,,unaffected,False,False,False,True,鵠沼海岸,229.87257238262978,鵠沼海岸,232.7466024680535,station,鵠沼海岸,229.87257238262978,くげぬま眼科クリニック,205.0873887273123,藤沢脳神経外科病院,1312.735394288854,くげぬま眼科クリニック,205.0873887273123,0.752851711026616,0.3231939163498099,0.6007604562737643,0.2965779467680608,0.45228353742283395,0.22327921467709522,0.1341373228858595,37,108,84,False,True,True,True,84
523973873,35.32291666666667,139.465625,1.0,True,3222,823.0,823.0,0.25543140906269396,0,,,unaffected,False,False,False,True,鵠沼海岸,563.167438198239,鵠沼車庫前,154.0370837119835,bus_stop,鵠沼車庫前,154.0370837119835,かわしま神経内科クリニック,447.7316818665659,医療法人社団正拓会　湘南太平台病院,1315.639791030745,かわしま神経内科クリニック,447.7316818665659,0.9182509505703422,0.5171102661596958,0.3574144486692015,0.7072243346007605,0.3281961572380691,0.6494094175136261,0.23210830892122,73,5,34,False,True,True,True,34
523973874,35.32291666666667,139.471875,1.0,True,2517,704.0,704.0,0.27969805323798175,0,,,unaffected,False,False,False,True,鵠沼海岸,247.1081343083476,熊倉通り,176.84705216206916,bus_stop,熊倉通り,176.84705216206916,ありあけ内科クリニック,92.72403315760269,藤沢脳神経外科病院,1332.4095094094146,ありあけ内科クリニック,92.72403315760269,0.8631178707224335,0.6539923954372624,0.44866920152091255,0.09125475285171103,0.38725440587546445,0.07876360797467075,0.0353388050989017,51,203,174,False,True,True,True,174
523973881,35.31875000000001,139.47812499999998,1.0,True,2307,638.0,638.0,0.2765496315561335,0,,,unaffected,False,False,False,True,鵠沼,507.9681889302839,小田急ショップ前,554.2244314683569,station,鵠沼,507.9681889302839,海の診療所,183.38837996721114,藤沢脳神経外科病院,753.3242539474949,海の診療所,183.38837996721114,0.7813688212927756,0.6387832699619772,0.9391634980988594,0.24334600760456274,0.7338330755107056,0.19014298312828,0.17857534917370785,8,123,55,False,True,True,True,55
523973882,35.31875000000001,139.484375,0.9999999999999998,True,3001,696.0,696.0,0.23192269243585473,0,,,unaffected,False,False,False,True,鵠沼,332.3114701261955,新屋敷,151.0486010746912,bus_stop,新屋敷,151.0486010746912,杉本医院,161.78539085716434,藤沢脳神経外科病院,239.98580745908922,杉本医院,161.78539085716434,0.8517110266159695,0.35361216730038025,0.34220532319391633,0.20532319391634982,0.29146004713094015,0.1748760282785641,0.05984350777593448,86,131,143,False,True,True,True,143
523973883,35.32291666666667,139.47812499999998,1.0000000000000002,True,2454,698.0,698.0,0.2844335778321108,0,,,unaffected,False,False,False,True,鵠沼,446.74541209259564,中岡,397.36855973407876,bus_stop,中岡,397.36855973407876,ＣｏＣｏ　Ｃｌｉｎｉｃ,149.69376233315376,藤沢脳神経外科病院,787.1452115950714,ＣｏＣｏ　Ｃｌｉｎｉｃ,149.69376233315376,0.8593155893536122,0.6768060836501901,0.8859315589353612,0.19391634980988592,0.7612947996935043,0.16663534242218334,0.14762750868581262,6,138,72,False,True,True,True,72
523973884,35.32291666666667,139.484375,1.0,True,2500,630.0,630.0,0.252,0,,,unaffected,False,False,False,True,鵠沼,228.00941537883492,藤ヶ谷,312.20741759289064,station,鵠沼,228.00941537883492,くげぬま奥医院,274.7295275283888,藤沢脳神経外科病院,331.23930151466016,くげぬま奥医院,274.7295275283888,0.7585551330798479,0.49429657794676807,0.5855513307984791,0.4220532319391635,0.44417296765892234,0.3201506455203921,0.18746463654045772,39,62,51,False,True,True,True,51
523973891,35.31875000000001,139.49062500000002,1.0,True,1503,528.0,528.0,0.35129740518962077,0,,,unaffected,False,False,False,True,目白山下,525.2221822439857,片瀬山,320.41712587683935,bus_stop,片瀬山,320.41712587683935,中澤医院,215.5906334906029,藤沢脳神経外科病院,439.9552402183281,中澤医院,215.5906334906029,0.623574144486692,0.8479087452471483,0.7870722433460076,0.311787072243346,0.49079790079370816,0.1944223568361549,0.15302444055165046,31,119,69,False,True,True,True,69
523973892,35.31875000000001,139.496875,0.41974606939096853,False,1756,634.0,634.0,0.36104783599088835,0,,,unaffected,False,False,False,True,目白山下,711.3218364650271,片瀬山,289.2660012586291,bus_stop,片瀬山,289.2660012586291,片瀬山内科医院,274.95509304678677,藤沢脳神経外科病院,987.6228307346921,片瀬山内科医院,274.95509304678677,,,,,,,,,,,,True,True,False,
523973893,35.32291666666667,139.49062500000002,1.0000000000000002,True,1749,530.0,530.0,0.30303030303030304,0,,,unaffected,False,False,False,True,柳小路,689.9415253051852,岩屋不動入口,210.9434401542593,bus_stop,岩屋不動入口,210.9434401542593,やまだ内科クリニック,241.28943344980016,藤沢脳神経外科病院,495.6610762044526,やまだ内科クリニック,241.28943344980016,0.6273764258555133,0.7642585551330798,0.5513307984790875,0.3650190114068441,0.3458919458138762,0.22900432274573873,0.1262571361145708,63,107,88,False,True,True,True,88
523973894,35.32291666666667,139.496875,0.5330744052954731,True,1487,617.0,617.0,0.4149293880295898,0,,,unaffected,False,False,False,True,目白山下,1095.1137812320928,片瀬中学校前,219.64677902650817,bus_stop,片瀬中学校前,219.64677902650817,片瀬山眼科,303.92535411157314,藤沢脳神経外科病院,1013.64590188329,片瀬山眼科,303.92535411157314,0.7338403041825095,0.9467680608365019,0.5703422053231939,0.4752851711026616,0.4185400974424959,0.3487834145354132,0.1989259018262813,44,54,47,False,True,True,True,47
523973951,35.327083333333334,139.440625,0.3855713981547083,False,3121,686.0,686.0,0.21980134572252483,0,,,unaffected,False,False,False,True,辻堂,1184.8079774655441,辻堂団地,303.8934646377682,bus_stop,辻堂団地,303.8934646377682,山田医院,319.0938818930683,医療法人長谷川会湘南ホスピタル,729.4191579491836,山田医院,319.0938818930683,,,,,,,,,,,,True,True,False,
523973952,35.327083333333334,139.44687499999998,1.0,True,3004,722.0,722.0,0.2403462050599201,0,,,unaffected,False,False,False,True,辻堂,1086.8821615266186,高砂,87.50938748203582,bus_stop,高砂,87.50938748203582,山田医院,382.46170834850165,医療法人長谷川会湘南ホスピタル,695.9629319636666,山田医院,382.46170834850165,0.8783269961977186,0.41064638783269963,0.12547528517110265,0.6121673003802282,0.11020833032138673,0.5376830661134323,0.06746593605225576,168,13,131,False,True,True,True,131
523973953,35.33125000000001,139.440625,0.16742800837008895,False,3531,761.0,761.0,0.21551968280940242,0,,,unaffected,False,False,False,True,辻堂,784.8240814554863,久根下公園前,617.4262443269955,bus_stop,久根下公園前,617.4262443269955,医療法人長谷川会湘南ホスピタル,377.4994676987105,医療法人長谷川会湘南ホスピタル,377.4994676987105,越野小児科,611.8815483883388,,,,,,,,,,,,True,True,False,
523973954,35.33125000000001,139.44687499999998,0.9999999999999998,True,3277,730.0,730.0,0.22276472383277388,0,,,unaffected,False,False,False,True,辻堂,627.298600857239,久根下公園前,50.62306447616259,bus_stop,久根下公園前,50.62306447616259,小林小児クリニック,108.53099207426884,医療法人長谷川会湘南ホスピタル,307.9295099702762,小林小児クリニック,108.53099207426884,0.8821292775665399,0.30038022813688214,0.04182509505703422,0.13307984790874525,0.036895140886813456,0.11739363009440645,0.004909999737788863,228,170,244,False,True,True,True,244
523973961,35.327083333333334,139.453125,0.9999999999999998,True,2390,561.0,561.0,0.23472803347280335,0,,,unaffected,False,False,False,True,辻堂,1266.7017095435224,浜見山,13.549595849522932,bus_stop,浜見山,13.549595849522932,医療法人社団桐英会　はじめクリニック,171.18677457015664,医療法人長谷川会湘南ホスピタル,1040.3772353400552,医療法人社団桐英会　はじめクリニック,171.18677457015664,0.6768060836501901,0.3840304182509506,0.0038022813688212928,0.22053231939163498,0.002573407162168023,0.14925761540574534,0.0005675194502119595,262,149,260,False,True,True,True,258
523973962,35.327083333333334,139.45937499999997,1.0000000000000002,True,2886,533.0,533.0,0.18468468468468469,0,,,unaffected,False,False,False,True,鵠沼海岸,1286.3040378752235,堂面,352.6089468354142,bus_stop,堂面,352.6089468354142,びわた東海岸クリニック,318.91889948808836,医療法人社団正拓会　湘南太平台病院,1124.335401939248,びわた東海岸クリニック,318.91889948808836,0.6387832699619772,0.12927756653992395,0.8365019011406845,0.49429657794676807,0.5343434197400571,0.3157483843918519,0.26412412382588374,25,64,23,False,True,True,True,23
523973963,35.33125000000001,139.453125,1.0,True,2591,637.0,637.0,0.24585102277113083,0,,,unaffected,False,False,False,True,辻堂,903.7159891780959,南町,175.84254251015486,bus_stop,南町,175.84254251015486,医療法人社団桐英会　はじめクリニック,324.9323346193835,医療法人長谷川会湘南ホスピタル,832.3523739905935,医療法人社団桐英会　はじめクリニック,324.9323346193835,0.7756653992395437,0.46387832699619774,0.4372623574144487,0.5095057034220533,0.3391692810363024,0.39520594485969146,0.17280868311355332,66,33,59,False,True,True,True,59
523973964,35.33125000000001,139.45937499999997,1.0000000000000002,True,2946,624.0,624.0,0.21181262729124237,0,,,unaffected,False,False,False,True,辻堂,1373.1515061501093,東町,17.04712585387923,bus_stop,東町,17.04712585387923,辻堂太平台クリニック,50.29167333584006,医療法人社団正拓会　湘南太平台病院,836.6313952319259,辻堂太平台クリニック,50.29167333584006,0.7490494296577946,0.24714828897338403,0.011406844106463879,0.030418250950570342,0.008544290072142144,0.022784773525712385,0.0002599023596088865,256,241,262,False,True,True,True,260
523973971,35.327083333333334,139.465625,1.0000000000000002,True,2243,478.0,478.0,0.21310744538564422,0,,,unaffected,False,False,False,True,鵠沼海岸,867.578196810949,藤原,187.13511639423476,bus_stop,藤原,187.13511639423476,野中医院,416.6122530591354,医療法人社団正拓会　湘南太平台病院,859.9016000576522,野中医院,416.6122530591354,0.5798479087452472,0.2585551330798479,0.49429657794676807,0.6692015209125475,0.2866168370223655,0.38803510243027944,0.19180442325451075,88,37,50,False,True,True,True,50
523973972,35.327083333333334,139.471875,1.0000000000000002,True,2759,634.0,634.0,0.22979340340703153,0,,,unaffected,False,False,False,True,本鵠沼,537.9150762466301,熊倉通り,338.66423235749966,bus_stop,熊倉通り,338.66423235749966,本鵠沼耳鼻咽喉科,387.8718764963098,医療法人社団正拓会　湘南太平台病院,927.5907249117746,本鵠沼耳鼻咽喉科,387.8718764963098,0.7718631178707225,0.33840304182509506,0.8098859315589354,0.6197718631178707,0.6251210802527144,0.4783790426347063,0.38743245658248077,18,17,9,False,True,True,True,9
523973973,35.33125000000001,139.465625,1.0,True,2549,441.0,441.0,0.1730090231463319,0,,,unaffected,False,False,False,True,本鵠沼,879.7257773450749,太平橋,303.2578745446694,bus_stop,太平橋,303.2578745446694,野中医院,349.03971287532255,医療法人社団正拓会　湘南太平台病院,418.66448235720435,野中医院,349.03971287532255,0.5627376425855514,0.08745247148288973,0.7680608365019012,0.5551330798479087,0.43221674449536646,0.3123942806748688,0.23993781253354943,42,67,32,False,True,True,True,32
523973974,35.33125000000001,139.471875,0.9999999999999998,True,3199,671.0,671.0,0.20975304782744608,0,,,unaffected,False,False,False,True,本鵠沼,312.10396947016847,原,127.1449244967822,bus_stop,原,127.1449244967822,早稲田医院,128.88005656469792,医療法人社団正拓会　湘南太平台病院,544.3048712692885,早稲田医院,128.88005656469792,0.8174904942965779,0.23193916349809887,0.25475285171102663,0.1634980988593156,0.20825803466870998,0.13365814165305268,0.03404979274051152,115,161,178,False,True,True,True,178
523973981,35.327083333333334,139.47812499999998,1.0,True,2998,677.0,677.0,0.22581721147431622,0,,,unaffected,False,False,False,True,本鵠沼,508.4591656747185,上岡,154.76803147049003,bus_stop,上岡,154.76803147049003,丸田整形外科,228.76730425962015,クローバーホスピタル,1024.0564750376636,丸田整形外科,228.76730425962015,0.8212927756653993,0.3041825095057034,0.3612167300380228,0.33079847908745247,0.2966646908297069,0.27168240107562636,0.09813622852541636,85,85,103,False,True,True,True,103
523973982,35.327083333333334,139.484375,0.9999999999999998,True,2971,748.0,748.0,0.2517670817906429,0,,,unaffected,False,False,False,True,柳小路,81.43343052201563,柳小路,270.31739864499923,station,柳小路,81.43343052201563,桜が岡内科クリニック,278.33162190952106,クローバーホスピタル,586.313299618149,桜が岡内科クリニック,278.33162190952106,0.8897338403041825,0.49049429657794674,0.09885931558935361,0.4296577946768061,0.08795847850915872,0.3822810796744206,0.03779204589937238,185,39,170,False,True,True,True,170
523973983,35.33125000000001,139.47812499999998,1.0,True,2978,685.0,685.0,0.2300201477501679,0,,,unaffected,False,False,False,True,本鵠沼,258.0477685526568,高瀬通り,196.03633010798265,bus_stop,高瀬通り,196.03633010798265,小林内科医院,176.6292063084683,クローバーホスピタル,904.5711390735185,小林内科医院,176.6292063084683,0.8326996197718631,0.34220532319391633,0.5133079847908745,0.23193916349809887,0.4274313637612225,0.19313565325507093,0.09913807296362956,43,122,101,False,True,True,True,101
523973984,35.33125000000001,139.484375,1.0000000000000002,True,3541,829.0,829.0,0.23411465687658853,0,,,unaffected,False,False,False,True,石上,174.01213963056128,郵便局前,200.1863742012296,station,石上,174.01213963056128,鵠沼メンタルクリニック,164.812685878072,クローバーホスピタル,336.68508118667296,鵠沼メンタルクリニック,164.812685878072,0.9239543726235742,0.38022813688212925,0.4220532319391635,0.20912547528517111,0.38995792913010163,0.19322239731671703,0.08155013727055357,50,121,120,False,True,True,True,120
523973991,35.327083333333334,139.49062500000002,1.0,True,1838,538.0,538.0,0.2927094668117519,0,,,unaffected,False,False,False,True,柳小路,490.7379103932659,柳小路,306.5293250111335,bus_stop,柳小路,306.5293250111335,ミネベアミツミ株式会社藤沢工場医務室,139.08504142319,クローバーホスピタル,533.4343624096736,ミネベアミツミ株式会社藤沢工場医務室,139.08504142319,0.6463878326996197,0.7072243346007605,0.7718631178707225,0.18250950570342206,0.49892292790122744,0.11797192383871387,0.0910581769553571,29,168,112,False,True,True,True,112
523973992,35.327083333333334,139.496875,0.8758204332125308,True,244,97.0,97.0,0.3975409836065574,0,,,unaffected,False,False,False,True,柳小路,1058.6619313392953,片瀬中学校前,493.5845611808633,bus_stop,片瀬中学校前,493.5845611808633,片瀬山眼科,503.44745648642345,クローバーホスピタル,933.3046727163459,片瀬山眼科,503.44745648642345,0.19771863117870722,0.935361216730038,0.9315589353612167,0.7718631178707225,0.18418655756191357,0.1526117191227284,0.14216681058961392,127,145,78,False,True,True,True,78
523973993,35.33125000000001,139.49062500000002,1.0000000000000002,True,1042,200.0,200.0,0.19193857965451055,0,,,unaffected,False,False,False,True,石上,477.25376165267136,県合同庁舎前,268.4611976653172,bus_stop,県合同庁舎前,268.4611976653172,藤沢市保健所,191.7848049010279,クローバーホスピタル,232.69919950705213,藤沢市保健所,191.7848049010279,0.3517110266159696,0.155893536121673,0.7072243346007605,0.2661596958174905,0.24873859677022947,0.09361129985976377,0.06620418925443369,97,192,133,False,True,True,True,133
523973994,35.33125000000001,139.496875,1.0000000000000002,True,3349,688.0,688.0,0.20543445804717828,0,,,unaffected,False,False,False,True,石上,1034.8608316093164,御霊神社前,276.9792351838688,bus_stop,御霊神社前,276.9792351838688,アズビル株式会社　藤沢テクノセンター健康管理室,476.66037831505605,藤沢病院,793.6727528131873,アズビル株式会社　藤沢テクノセンター健康管理室,476.66037831505605,0.8365019011406845,0.21292775665399238,0.7338403041825095,0.7414448669201521,0.6138588095823273,0.620220040769709,0.45514246337853165,19,6,5,False,True,True,True,5
523974901,35.327083333333334,139.503125,0.0467729730130133,False,868,288.0,288.0,0.3317972350230415,0,,,unaffected,False,False,False,True,柳小路,1626.7927754368206,御霊神社前,737.6609141639409,bus_stop,御霊神社前,737.6609141639409,藤沢病院,771.0885478420546,藤沢病院,771.0885478420546,特別養護老人ホームみどりの園医務室,868.8802751795906,,,,,,,,,,,,True,True,False,
523974903,35.33125000000001,139.503125,0.38209093468829913,False,1515,428.0,428.0,0.2825082508250825,0,,,unaffected,False,False,False,True,藤沢,1591.4282467557907,御霊神社前,402.8070834656366,bus_stop,御霊神社前,402.8070834656366,藤沢病院,336.2747653276665,藤沢病院,336.2747653276665,特別養護老人ホームみどりの園医務室,440.6801794897659,,,,,,,,,,,,True,True,False,
523974904,35.33125000000001,139.50937499999998,0.001337420349634568,False,1415,383.0,383.0,0.2706713780918728,0,,,unaffected,False,False,False,True,藤沢,2120.758270521706,村岡宮前,346.2995537369555,bus_stop,村岡宮前,346.2995537369555,藤沢病院,491.8413757239732,藤沢病院,491.8413757239732,特別養護老人ホームみどりの園医務室,504.80259645562677,,,,,,,,,,,,True,True,False,
533903051,35.335416666666674,139.440625,0.04996445889173247,False,2716,637.0,637.0,0.2345360824742268,0,,,unaffected,False,False,False,True,辻堂,505.4270324688314,辻堂駅,630.4381157009649,station,辻堂,505.4270324688314,こうのクリニック辻堂西口,301.2731158495139,医療法人長谷川会湘南ホスピタル,424.6038994140529,こうのクリニック辻堂西口,301.2731158495139,,,,,,,,,,,,True,True,False,
533903052,35.335416666666674,139.44687499999998,0.9980352628384175,True,2883,622.0,622.0,0.21574748525841136,0,,,unaffected,False,False,False,True,辻堂,181.72170045829085,辻堂駅,141.5113771770096,bus_stop,辻堂駅,141.5113771770096,赤見整形外科,97.20671166531828,医療法人長谷川会湘南ホスピタル,364.1505664530133,赤見整形外科,97.20671166531828,0.7452471482889734,0.26996197718631176,0.311787072243346,0.10266159695817491,0.23235842646272176,0.0765082623718718,0.023854287127351666,103,206,195,False,True,True,True,195
533903053,35.33958333333334,139.440625,0.0003849175825339576,False,3871,808.0,808.0,0.20873159390338414,0,,,unaffected,False,False,False,True,辻堂,567.7092263496623,神台公園前,618.1554894208623,station,辻堂,567.7092263496623,こうのクリニック辻堂西口,441.9105813970234,医療法人徳洲会　湘南藤沢徳洲会病院,453.90374316715554,こうのクリニック辻堂西口,441.9105813970234,,,,,,,,,,,,True,True,False,
533903054,35.33958333333334,139.44687499999998,0.9579099424517484,True,2083,565.0,565.0,0.27124339894383104,0,,,unaffected,False,False,False,True,辻堂,316.02443212487015,神台公園前,102.55333807342062,bus_stop,神台公園前,102.55333807342062,ラコスタ辻堂スキンクリニック,116.3898706075082,医療法人徳洲会　湘南藤沢徳洲会病院,226.58312904075382,ラコスタ辻堂スキンクリニック,116.3898706075082,0.6844106463878327,0.5931558935361216,0.18631178707224336,0.1482889733840304,0.12751377061978633,0.10149055212595237,0.018908886137534855,159,184,209,False,True,True,True,209
533903061,35.335416666666674,139.453125,1.0000000000000002,True,2830,556.0,556.0,0.19646643109540637,0,,,unaffected,False,False,False,True,辻堂,675.426003815793,新町一丁目,214.324121511022,bus_stop,新町一丁目,214.324121511022,酒井医院,312.6190611692852,医療法人長谷川会湘南ホスピタル,854.730844753251,酒井医院,312.6190611692852,0.6653992395437263,0.18250950570342206,0.5627376425855514,0.4866920152091255,0.37444519943905513,0.32384449681215577,0.18223948870037665,54,59,53,False,True,True,True,53
533903062,35.335416666666674,139.45937499999997,1.0,True,3759,696.0,696.0,0.18515562649640863,0,,,unaffected,False,False,False,True,辻堂,1234.904074233203,新町三丁目,316.1490705585988,bus_stop,新町三丁目,316.1490705585988,杉山内科クリニック,349.1072057971764,医療法人社団正拓会　湘南太平台病院,750.4009956677353,杉山内科クリニック,349.1072057971764,0.8517110266159695,0.13307984790874525,0.7832699619771863,0.55893536121673,0.6671196634330409,0.4760514103138689,0.37287677005573006,13,20,11,False,True,True,True,11
533903063,35.33958333333334,139.453125,1.0,True,3700,941.0,941.0,0.25432432432432434,0,,,unaffected,False,False,False,True,辻堂,723.2061925450132,新町一丁目,267.5612491957263,bus_stop,新町一丁目,267.5612491957263,医療法人社団小林内科医院,250.6395166741809,湘南中央病院,477.85569573051674,医療法人社団小林内科医院,250.6395166741809,0.9581749049429658,0.5057034220532319,0.6958174904942965,0.38022813688212925,0.6667148578120256,0.36432505891367517,0.2535037482175002,14,46,28,False,True,True,True,28
533903064,35.33958333333334,139.45937499999997,1.0,True,3345,810.0,810.0,0.242152466367713,0,,,unaffected,False,False,False,True,辻堂,1261.6497486565718,住宅前,228.1393462745407,bus_stop,住宅前,228.1393462745407,医療法人社団松和会望星藤沢クリニック,24.887801614230728,医療法人社団正拓会　湘南太平台病院,923.8937536076913,医療法人社団松和会望星藤沢クリニック,24.887801614230728,0.9125475285171103,0.4296577946768061,0.5893536121673004,0.0076045627376425855,0.5378131822059016,0.006939524931689051,0.0040898340852159815,24,260,248,False,True,True,True,248
533903071,35.335416666666674,139.465625,1.0,True,2408,440.0,440.0,0.18272425249169436,0,,,unaffected,False,False,False,True,本鵠沼,1004.6224531759359,藤沢SST前,135.34101046784235,bus_stop,藤沢SST前,135.34101046784235,辻堂たいへいだい耳鼻咽喉科,136.04572569142306,医療法人社団正拓会　湘南太平台病院,196.10329988121896,辻堂たいへいだい耳鼻咽喉科,136.04572569142306,0.55893536121673,0.12547528517110265,0.29277566539923955,0.17490494296577946,0.16364267229539245,0.09776055747516951,0.028621912264593357,136,186,187,False,True,True,True,187
533903072,35.335416666666674,139.471875,0.9999999999999998,True,2111,362.0,362.0,0.17148270961629558,0,,,unaffected,False,False,False,True,本鵠沼,576.8815558145833,藤沢警察署前,195.79532362855898,bus_stop,藤沢警察署前,195.79532362855898,のむら医院,243.46450220633827,医療法人社団正拓会　湘南太平台病院,399.29713534585295,のむら医院,243.46450220633827,0.4790874524714829,0.08365019011406843,0.5095057034220533,0.3726235741444867,0.2440977894721624,0.17851927886770086,0.09095659075388561,98,129,113,False,True,True,True,113
533903073,35.33958333333334,139.465625,1.0,True,202,47.0,47.0,0.23267326732673269,0,,,unaffected,False,False,False,True,本鵠沼,1293.0364901892412,NOK前,229.39762894515007,bus_stop,NOK前,229.39762894515007,つちや眼科,101.77439602923161,医療法人社団正拓会　湘南太平台病院,573.5514899398645,つちや眼科,101.77439602923161,0.09885931558935361,0.3650190114068441,0.5931558935361216,0.11406844106463879,0.05863898567277248,0.01127672801399471,0.006688857681304846,207,255,237,False,True,True,True,237
533903074,35.33958333333334,139.471875,0.9999999999999998,True,1699,341.0,341.0,0.2007062978222484,0,,,unaffected,False,False,False,True,本鵠沼,997.7493863147578,神明町,150.60812332370978,bus_stop,神明町,150.60812332370978,日本精工藤沢健康推進室,527.9054034572841,医療法人社団正拓会　湘南太平台病院,670.7731842706104,日本精工藤沢健康推進室,527.9054034572841,0.45627376425855515,0.19771863117870722,0.33460076045627374,0.7946768060836502,0.15266954849715914,0.36259017768075297,0.12132294918595536,142,47,91,False,True,True,True,91
533903081,35.335416666666674,139.47812499999998,0.9999999999999998,True,2996,653.0,653.0,0.21795727636849133,0,,,unaffected,False,False,False,True,本鵠沼,549.5212161408353,鵠沼小学校前,337.06033246113634,bus_stop,鵠沼小学校前,337.06033246113634,のむら医院,338.1145791729482,医療法人社団正拓会　湘南太平台病院,962.3127611470446,のむら医院,338.1145791729482,0.8060836501901141,0.27756653992395436,0.8060836501901141,0.5361216730038023,0.6497708511038182,0.4321589151209357,0.3483562357628835,15,25,15,False,True,True,True,15
533903082,35.335416666666674,139.484375,1.0000000000000002,True,3721,915.0,915.0,0.2459016393442623,0,,,unaffected,False,False,False,True,藤沢,330.17261598996004,橘通り,97.67281194677456,bus_stop,橘通り,97.67281194677456,勝俣内科医院,106.69084037452099,クローバーホスピタル,557.0249381421427,勝俣内科医院,106.69084037452099,0.9467680608365019,0.467680608365019,0.1596958174904943,0.12167300380228137,0.15119489944917522,0.11519611386603826,0.018396337575565046,144,172,211,False,True,True,True,211
533903083,35.33958333333334,139.47812499999998,1.0000000000000002,True,2358,638.0,638.0,0.27056827820186596,0,,,unaffected,False,False,False,True,藤沢,759.36217869456,日本精工前,54.42925002454894,bus_stop,日本精工前,54.42925002454894,日本精工藤沢健康推進室,92.96644673904079,医療法人社団正拓会　湘南太平台病院,1102.9527774153287,日本精工藤沢健康推進室,92.96644673904079,0.7813688212927756,0.5893536121673004,0.049429657794676805,0.09505703422053231,0.038622793447931875,0.07427460278448438,0.0036713681984726115,225,208,249,False,True,True,True,249
533903084,35.33958333333334,139.484375,0.9999999999999998,True,4690,968.0,968.0,0.20639658848614073,0,,,unaffected,False,False,False,True,藤沢,204.3630179489291,三富士町,14.058919484765594,bus_stop,三富士町,14.058919484765594,ティー・エイチ・ピー・メディカルクリニック,46.40307698642687,医療法人山内龍馬財団　山内病院,558.3070644419066,ティー・エイチ・ピー・メディカルクリニック,46.40307698642687,0.9657794676806084,0.22433460076045628,0.0076045627376425855,0.026615969581749048,0.0073443305527042466,0.02570515693446486,0.0001954764785890864,257,240,263,False,True,True,True,261
533903091,35.335416666666674,139.49062500000002,1.0000000000000002,True,4272,1110.0,1110.0,0.2598314606741573,0,,,unaffected,False,False,False,True,藤沢,370.238513253076,奥田,152.2935910439686,bus_stop,奥田,152.2935910439686,尾崎クリニック,95.51133877974169,医療法人山内龍馬財団　山内病院,263.3016350208487,尾崎クリニック,95.51133877974169,0.9847908745247148,0.5437262357414449,0.34980988593155893,0.09885931558935361,0.34448958348393066,0.09735575185415432,0.03405600445088288,64,187,177,False,True,True,True,177
533903092,35.335416666666674,139.496875,1.0,True,2303,392.0,392.0,0.1702127659574468,0,,,unaffected,False,False,False,True,藤沢,900.412581779887,川名,65.12355023037857,bus_stop,川名,65.12355023037857,アズビル株式会社　藤沢テクノセンター健康管理室,206.1372246805795,医療法人山内龍馬財団　山内病院,668.5023610434566,アズビル株式会社　藤沢テクノセンター健康管理室,206.1372246805795,0.5171102661596958,0.07984790874524715,0.07604562737642585,0.3041825095057034,0.03932397461290462,0.15729589845161848,0.011961665281491899,224,142,220,False,True,True,True,220
533903093,35.33958333333334,139.49062500000002,1.0,True,2423,490.0,490.0,0.2022286421791168,0,,,unaffected,False,False,False,True,藤沢,336.118602545441,日ノ出町,219.94102879137293,bus_stop,日ノ出町,219.94102879137293,藤沢シティ眼科,99.76080665171646,医療法人山内龍馬財団　山内病院,209.01752408954192,藤沢シティ眼科,99.76080665171646,0.5893536121673004,0.20532319391634982,0.5741444866920152,0.10646387832699619,0.33837412713787973,0.06274487125735517,0.036024621900610766,67,213,172,False,True,True,True,172
533903094,35.33958333333334,139.496875,1.0,True,3132,662.0,662.0,0.21136653895274585,0,,,unaffected,False,False,False,True,藤沢,892.7066224988934,弥勒寺,152.81026602956462,bus_stop,弥勒寺,152.81026602956462,のぞみホームクリニック,123.23653231038966,医療法人山内龍馬財団　山内病院,649.027434826044,のぞみホームクリニック,123.23653231038966,0.8136882129277566,0.24334600760456274,0.35361216730038025,0.1520912547528517,0.2877300524801573,0.12375486128178807,0.043761224711811,87,166,160,False,True,True,True,160
533903151,35.34375,139.440625,0.09847693250808329,False,3798,789.0,789.0,0.20774091627172195,0,,,unaffected,False,False,False,True,辻堂,903.5826269677863,二ツ谷,367.2314695985888,bus_stop,二ツ谷,367.2314695985888,特別養護老人ホームかりん医務室,477.4463571158382,医療法人徳洲会　湘南藤沢徳洲会病院,510.89590399441636,特別養護老人ホームかりん医務室,477.4463571158382,,,,,,,,,,,,True,True,False,
533903152,35.34375,139.44687499999998,0.9976006885142018,True,2787,588.0,588.0,0.2109795479009688,0,,,unaffected,False,False,False,True,辻堂,770.7466599786889,羽鳥一丁目,179.98093400356248,bus_stop,羽鳥一丁目,179.98093400356248,湘南中央病院,272.4880928342803,湘南中央病院,272.4880928342803,四ツ谷クリニック,367.8367783352165,0.7110266159695817,0.23954372623574144,0.46387832699619774,0.4144486692015209,0.32982983706573754,0.294684034755454,0.1366975370348494,71,75,83,False,True,True,True,83
533903153,35.34791666666668,139.440625,0.2603437442217306,False,1195,335.0,335.0,0.2803347280334728,0,,,unaffected,False,False,False,True,辻堂,1318.3173983407712,城南,376.65678442985495,bus_stop,城南,376.65678442985495,特別養護老人ホームかりん医務室,165.7169464300295,医療法人徳洲会　湘南藤沢徳洲会病院,862.1668992095792,特別養護老人ホームかりん医務室,165.7169464300295,,,,,,,,,,,,True,True,False,
533903154,35.34791666666668,139.44687499999998,1.0,True,1667,361.0,361.0,0.21655668866226754,0,,,unaffected,False,False,False,True,辻堂,1231.081060032544,大庭隧道,24.18324259823268,bus_stop,大庭隧道,24.18324259823268,四ツ谷クリニック,331.4797672296348,湘南中央病院,619.736836683767,四ツ谷クリニック,331.4797672296348,0.47338403041825095,0.2737642585551331,0.019011406844106463,0.5247148288973384,0.008999696395784238,0.248391620523645,0.0047222741544419205,253,95,246,False,True,True,True,246
533903161,35.34375,139.453125,1.0,True,4125,882.0,882.0,0.21381818181818182,0,,,unaffected,False,False,False,True,辻堂,1008.555503403752,羽鳥山,198.4336118746972,bus_stop,羽鳥山,198.4336118746972,丸山医院,107.56572328855657,湘南中央病院,332.92279555402246,丸山医院,107.56572328855657,0.9391634980988594,0.2623574144486692,0.532319391634981,0.12547528517110265,0.4999349419537654,0.1178418077462447,0.06272947940864737,28,169,138,False,True,True,True,138
533903162,35.34375,139.45937499999997,1.0,True,3343,563.0,563.0,0.16841160634160934,0,,,unaffected,False,False,False,True,辻堂,1444.251359533889,梅ヶ枝通り,255.7071444164697,bus_stop,梅ヶ枝通り,255.7071444164697,藤田医院,283.4174103741212,湘南中央病院,890.4617674660823,藤田医院,283.4174103741212,0.6806083650190115,0.07604562737642585,0.6653992395437263,0.44106463878326996,0.45287628851074907,0.3001922826699822,0.1997477166055015,36,73,46,False,True,True,True,46
533903163,35.34791666666668,139.453125,1.0,True,1765,433.0,433.0,0.2453257790368272,0,,,unaffected,False,False,False,True,辻堂,1392.3620899970379,辻堂入口,225.81574579900663,bus_stop,辻堂入口,225.81574579900663,四ツ谷クリニック,367.9869724935592,湘南中央病院,648.5827194780592,四ツ谷クリニック,367.9869724935592,0.5475285171102662,0.45627376425855515,0.5817490494296578,0.5855513307984791,0.31852419436452745,0.3206060518440342,0.18651226590166245,75,61,52,False,True,True,True,52
533903164,35.34791666666668,139.45937499999997,0.9999999999999998,True,2845,587.0,587.0,0.2063268892794376,0,,,unaffected,False,False,False,True,藤沢本町,1497.6564893013422,明治小学校前,117.12712139916022,bus_stop,明治小学校前,117.12712139916022,藤田医院,626.682562910065,湘南中央病院,1050.0994922454913,藤田医院,626.682562910065,0.7072243346007605,0.22053231939163498,0.21673003802281368,0.8745247148288974,0.15327675692868192,0.6184851595367867,0.1340443121429538,140,8,85,False,True,True,True,85
533903171,35.34375,139.465625,1.0000000000000002,True,3066,589.0,589.0,0.19210697977821264,0,,,unaffected,False,False,False,True,藤沢本町,1052.9242836868925,湘南台,181.13545558477097,bus_stop,湘南台,181.13545558477097,藤田医院,323.7176163867311,医療法人社団正拓会　湘南太平台病院,1023.1301259044316,藤田医院,323.7176163867311,0.714828897338403,0.1634980988593156,0.467680608365019,0.5019011406844106,0.33431161358412004,0.3587734389683239,0.16779138020191575,69,49,61,False,True,True,True,61
533903172,35.34375,139.471875,1.0,True,1798,427.0,427.0,0.2374860956618465,0,,,unaffected,False,False,False,True,藤沢本町,612.8522743771904,上村,151.68788315158682,bus_stop,上村,151.68788315158682,牧野クリニック,300.2877372035671,医療法人社団正拓会　湘南太平台病院,1080.6313265149581,牧野クリニック,300.2877372035671,0.5361216730038023,0.39543726235741444,0.34600760456273766,0.4600760456273764,0.18550217583021297,0.24665673929072274,0.08534510751123867,125,97,118,False,True,True,True,118
533903173,35.34791666666668,139.465625,1.0,True,1566,275.0,275.0,0.1756066411238825,0,,,unaffected,False,False,False,True,藤沢本町,929.8015914695741,引地橋,120.94486231108303,bus_stop,引地橋,120.94486231108303,仲野整形外科　スポーツ・ウェルネスクリニック,477.0453408271802,湘南長寿園病院,1421.5575358626193,仲野整形外科　スポーツ・ウェルネスクリニック,477.0453408271802,0.3973384030418251,0.10266159695817491,0.23574144486692014,0.7452471482889734,0.0936691292341945,0.2961153117726149,0.06980665144449477,182,74,130,False,True,True,True,130
533903174,35.34791666666668,139.471875,1.0,True,2229,582.0,582.0,0.2611036339165545,0,,,unaffected,False,False,False,True,藤沢本町,362.63909953355727,湘南高校前,160.45339212316287,bus_stop,湘南高校前,160.45339212316287,牧野クリニック,171.13929612323653,湘南長寿園病院,918.6902445290322,牧野クリニック,171.13929612323653,0.6996197718631179,0.5513307984790875,0.3916349809885932,0.21673003802281368,0.27399557605285607,0.15162861975740577,0.05938307161601823,90,146,145,False,True,True,True,145
533903181,35.34375,139.47812499999998,0.9999999999999998,True,2727,720.0,720.0,0.264026402640264,0,,,unaffected,False,False,False,True,藤沢本町,536.6363702199087,日本精工北門,174.48218631296388,bus_stop,日本精工北門,174.48218631296388,松井ヒフ科医院,42.339682209244316,藤沢市民病院,845.0091785535967,松井ヒフ科医院,42.339682209244316,0.8745247148288974,0.5741444866920152,0.4296577946768061,0.022813688212927757,0.3757463603637468,0.019951134178606025,0.008572160312480917,53,247,227,False,True,True,True,227
533903182,35.34375,139.484375,1.0,True,4083,935.0,935.0,0.2289982855743326,0,,,unaffected,False,False,False,True,藤沢,576.5073727262675,藤沢小学校前,54.485940654953325,bus_stop,藤沢小学校前,54.485940654953325,医療生協かながわ生活協同組合藤沢診療所,149.68062804715333,藤沢市民病院,797.3921578980762,医療生協かながわ生活協同組合藤沢診療所,149.68062804715333,0.9543726235741445,0.33460076045627374,0.053231939163498096,0.19011406844106463,0.05080310543740693,0.18143966227645333,0.009658385064145803,215,127,225,False,True,True,True,225
533903183,35.34791666666668,139.47812499999998,1.0,True,2935,512.0,512.0,0.17444633730834752,0,,,unaffected,False,False,False,True,藤沢本町,209.52901929162687,白旗交差点,39.187860079563315,bus_stop,白旗交差点,39.187860079563315,いけだ耳鼻咽喉科,86.67629969067488,藤沢市民病院,466.77930047789397,いけだ耳鼻咽喉科,86.67629969067488,0.6121673003802282,0.09885931558935361,0.030418250950570342,0.08365019011406843,0.018621058566698954,0.05120791105842212,0.0015576550892295702,247,219,257,False,True,True,True,255
533903184,35.34791666666668,139.484375,1.0,True,2540,619.0,619.0,0.2437007874015748,0,,,unaffected,False,False,False,True,藤沢本町,775.7035494557077,藤沢公民館前,111.90687645605529,bus_stop,藤沢公民館前,111.90687645605529,後藤内科医院,152.35911455249447,藤沢市民病院,373.7390733262527,後藤内科医院,152.35911455249447,0.7414448669201521,0.44106463878326996,0.20152091254752852,0.19771863117870722,0.14941664618542988,0.1465974641819312,0.029542454759096403,148,153,184,False,True,True,True,184
533903191,35.34375,139.49062500000002,1.0000000000000002,True,4777,1053.0,1053.0,0.2204312329914172,0,,,unaffected,False,False,False,True,藤沢,653.9655554927185,藤が岡2号,56.45016904542898,bus_stop,藤が岡2号,56.45016904542898,長谷内科医院,222.4652900202257,医療法人山内龍馬財団　山内病院,667.3652301690732,長谷内科医院,222.4652900202257,0.9771863117870723,0.2889733840304182,0.057034220532319393,0.3193916349809886,0.0557330596076277,0.3121051338027151,0.017800673030573106,208,68,215,False,True,True,True,215
533903192,35.34375,139.496875,1.0,True,4610,948.0,948.0,0.20563991323210412,0,,,unaffected,False,False,False,True,藤沢,1054.317360790713,赤坂下,93.14084117551005,bus_stop,赤坂下,93.14084117551005,たかはしクリニック,14.10254012747365,医療法人山内龍馬財団　山内病院,907.1411574989497,たかはしクリニック,14.10254012747365,0.9619771863117871,0.21673003802281368,0.1482889733840304,0.0038022813688212928,0.14265060937703306,0.0036577079327444377,0.0005423977542852968,155,261,261,False,True,True,True,259
533903193,35.34791666666668,139.49062500000002,1.0,True,2320,539.0,539.0,0.23232758620689656,0,,,unaffected,False,False,False,True,藤沢,1077.4813865878252,山王神社前,179.48871155234224,bus_stop,山王神社前,179.48871155234224,海部胃腸内科医院,460.2162194339378,藤沢市民病院,840.7597968306882,海部胃腸内科医院,460.2162194339378,0.6520912547528517,0.3574144486692015,0.45627376425855515,0.7300380228136882,0.2975321314461681,0.47605141031386894,0.21720976896450295,83,19,38,False,True,True,True,38
533903194,35.34791666666668,139.496875,1.0,True,2207,647.0,647.0,0.29315813321250567,0,,,unaffected,False,False,False,True,藤沢,1361.459972042451,藤が岡8号,62.576826281260274,bus_stop,藤が岡8号,62.576826281260274,藤が岡皮膚科,76.6671458815643,医療法人山内龍馬財団　山内病院,1285.263278886622,藤が岡皮膚科,76.6671458815643,0.8022813688212928,0.7110266159695817,0.06844106463878327,0.06463878326996197,0.05490899102198962,0.05185849152076797,0.003549250370242675,209,218,251,False,True,True,True,251
533903242,35.35208333333334,139.434375,0.0010983621474347641,False,457,186.0,186.0,0.40700218818380746,0,,,unaffected,False,False,False,True,辻堂,1988.6330230042997,有藤,852.5291765326118,bus_stop,有藤,852.5291765326118,特別養護老人ホームかりん医務室,874.3972672194781,医療法人徳洲会　湘南藤沢徳洲会病院,1566.234978709567,特別養護老人ホームかりん医務室,874.3972672194781,,,,,,,,,,,,True,True,False,
533903244,35.35625,139.434375,0.11563927900225321,False,11,2.0,2.0,0.18181818181818182,0,,,unaffected,False,False,False,True,辻堂,2393.905233937001,西高校前,753.4775943785856,bus_stop,西高校前,753.4775943785856,石井小児科医院,985.6212516340446,村田会湘南大庭病院,1835.2022761486414,石井小児科医院,985.6212516340446,,,,,,,,,,,,False,False,False,
533903251,35.35208333333334,139.440625,0.6455068709673373,True,327,92.0,92.0,0.28134556574923547,0,,,unaffected,False,False,False,True,辻堂,1756.9269325046378,有藤,316.036273056087,bus_stop,有藤,316.036273056087,特別養護老人ホームかりん医務室,504.28247862179427,医療法人徳洲会　湘南藤沢徳洲会病院,1285.683049439787,特別養護老人ホームかりん医務室,504.28247862179427,0.19011406844106463,0.6615969581749049,0.779467680608365,0.7756653992395437,0.1481877719787766,0.14746490479839233,0.11494412731433623,149,151,96,False,True,True,True,96
533903252,35.35208333333334,139.44687499999998,1.0000000000000002,True,537,211.0,211.0,0.3929236499068901,0,,,unaffected,False,False,False,True,辻堂,1692.454670796992,有藤,343.94494742783024,bus_stop,有藤,343.94494742783024,特別養護老人ホームかりん医務室,624.0380356592555,湘南中央病院,1058.8811355429084,特別養護老人ホームかりん医務室,624.0380356592555,0.3650190114068441,0.9239543726235742,0.8212927756653993,0.8669201520912547,0.299787477048967,0.31644233688502077,0.25989180519834404,80,63,25,False,True,True,True,25
533903253,35.35625,139.440625,1.0,True,684,363.0,363.0,0.5307017543859649,0,,,unaffected,False,False,False,True,辻堂,2205.211304490593,西高校前,185.46428344706231,bus_stop,西高校前,185.46428344706231,医療法人社団関根耳鼻咽喉科医院,459.6009771704191,村田会湘南大庭病院,1451.6979220029702,医療法人社団関根耳鼻咽喉科医院,459.6009771704191,0.4828897338403042,0.9961977186311787,0.4866920152091255,0.7262357414448669,0.2350185776865359,0.35069178389162775,0.17067889101949946,102,51,60,False,True,True,True,60
533903254,35.35625,139.44687499999998,1.0000000000000002,True,2305,896.0,896.0,0.38872017353579175,0,,,unaffected,False,False,False,True,辻堂,2154.2000850539307,西高校前,382.5667989701853,bus_stop,西高校前,382.5667989701853,医療法人社団関根耳鼻咽喉科医院,259.65776999257866,村田会湘南大庭病院,1221.5125948048674,医療法人社団関根耳鼻咽喉科医院,259.65776999257866,0.9429657794676806,0.9011406844106464,0.8745247148288974,0.3840304182509506,0.8246468793823822,0.362127542685307,0.31668948599855745,2,48,18,False,True,True,True,18
533903261,35.35208333333334,139.453125,1.0,True,138,41.0,41.0,0.2971014492753623,0,,,unaffected,False,False,False,True,辻堂,1813.1442411285987,大六天,203.0404327368222,bus_stop,大六天,203.0404327368222,四ツ谷クリニック,733.0205569784363,湘南中央病院,1076.017108648101,四ツ谷クリニック,733.0205569784363,0.07604562737642585,0.7338403041825095,0.5475285171102662,0.935361216730038,0.04163714959013431,0.07113013054981278,0.03894577490179863,220,210,168,False,True,True,True,168
533903262,35.35208333333334,139.45937499999997,1.0,True,817,164.0,164.0,0.200734394124847,0,,,unaffected,False,False,False,True,藤沢本町,1557.5992388992288,観音坂下,218.86926881383786,bus_stop,観音坂下,218.86926881383786,荏原製作所藤沢事業所診療所,686.9798302363523,湘南中央病院,1356.4021664707514,荏原製作所藤沢事業所診療所,686.9798302363523,0.30038022813688214,0.20152091254752852,0.5665399239543726,0.908745247148289,0.1701773916060663,0.27296910465671037,0.15464789579410587,135,84,66,False,True,True,True,66
533903263,35.35625,139.453125,1.0,True,331,81.0,81.0,0.24471299093655588,0,,,unaffected,False,False,False,True,善行,1961.6316746876396,舟地蔵,169.38844891450026,bus_stop,舟地蔵,169.38844891450026,医療法人社団栄友会　湘南ゆずクリニック,354.33870905646114,村田会湘南大庭病院,1233.6794236429052,医療法人社団栄友会　湘南ゆずクリニック,354.33870905646114,0.16730038022813687,0.4524714828897338,0.41064638783269963,0.5665399239543726,0.0687012968237216,0.09478234469198628,0.03892202747807801,199,190,169,False,True,True,True,169
533903264,35.35625,139.45937499999997,1.0,True,17,5.0,5.0,0.29411764705882354,0,,,unaffected,False,False,False,True,善行,1445.8694799390444,老人センター,364.66261965046294,bus_stop,老人センター,364.66261965046294,荏原製作所藤沢事業所診療所,291.0762636903095,村田会湘南大庭病院,1482.2420909638074,荏原製作所藤沢事業所診療所,291.0762636903095,0.0076045627376425855,0.7167300380228137,0.8555133079847909,0.44866920152091255,0.006505804623458486,0.0034119330914137835,0.00291895416565818,259,262,252,False,False,False,False,
533903271,35.35208333333334,139.465625,0.9999999999999998,True,3146,459.0,459.0,0.1458995549904641,0,,,unaffected,False,False,False,True,藤沢本町,1023.5927571836085,中郷,270.3600681716386,bus_stop,中郷,270.3600681716386,藤沢本町ファミリークリニック,733.0907143776949,湘南長寿園病院,1321.469391812866,藤沢本町ファミリークリニック,733.0907143776949,0.5665399239543726,0.030418250950570342,0.714828897338403,0.9391634980988594,0.4049791091384869,0.5320736167936503,0.3803415967954611,48,14,10,False,True,True,True,10
533903272,35.35208333333334,139.471875,1.0,True,2717,715.0,715.0,0.2631578947368421,0,,,unaffected,False,False,False,True,藤沢本町,561.0310233954991,修道院下,52.941695252419784,bus_stop,修道院下,52.941695252419784,藤沢本町ファミリークリニック,193.60404842006912,湘南長寿園病院,754.6574421955332,藤沢本町ファミリークリニック,193.60404842006912,0.870722433460076,0.5627376425855514,0.045627376425855515,0.2737642585551331,0.03972878023391982,0.23837268140351892,0.010876320064038885,223,103,222,False,True,True,True,222
533903273,35.35625,139.465625,1.0,True,481,90.0,90.0,0.18711018711018712,0,,,unaffected,False,False,False,True,善行,989.0998248305921,関東航空前,174.62778357704263,bus_stop,関東航空前,174.62778357704263,荏原製作所藤沢事業所診療所,393.25911825255014,湘南長寿園病院,1378.0663956025685,荏原製作所藤沢事業所診療所,393.25911825255014,0.18250950570342206,0.1444866920152091,0.43346007604562736,0.6349809885931559,0.07911058422125519,0.11589006635920716,0.05023371697699474,189,171,154,False,True,True,True,154
533903274,35.35625,139.471875,0.9999999999999998,True,2771,835.0,835.0,0.3013352580295922,0,,,unaffected,False,False,False,True,善行,715.0787656183497,善行,166.95109311343472,bus_stop,善行,166.95109311343472,本藤沢内科クリニック,260.9588180215702,湘南長寿園病院,849.9140334299191,本藤沢内科クリニック,260.9588180215702,0.9277566539923955,0.752851711026616,0.39923954372623577,0.39543726235741444,0.37039714322890316,0.36686955138862787,0.1464688323034446,58,44,73,False,True,True,True,73
533903281,35.35208333333334,139.47812499999998,1.0000000000000002,True,3186,823.0,823.0,0.25831763967357185,0,,,unaffected,False,False,False,True,藤沢本町,476.6083486961408,白旗神社前,268.25425724320564,bus_stop,白旗神社前,268.25425724320564,湘南長寿園病院,195.15401340658525,湘南長寿園病院,195.15401340658525,白旗なのはなクリニック,315.70471363116405,0.9182509505703422,0.5399239543726235,0.7034220532319392,0.27756653992395436,0.64591796903237,0.2548757391316919,0.17928521573902284,16,92,54,False,True,True,True,54
533903282,35.35208333333334,139.484375,1.0,True,1209,334.0,334.0,0.2762613730355666,0,,,unaffected,False,False,False,True,藤沢本町,885.9686089707412,藤沢市民病院,302.92665584276455,bus_stop,藤沢市民病院,302.92665584276455,藤沢市民病院,266.1884169181447,藤沢市民病院,266.1884169181447,白旗なのはなクリニック,469.92718413393925,0.4448669201520912,0.6349809885931559,0.7642585551330798,0.40304182509505704,0.33999334962194044,0.17929997542251586,0.13703154015180868,65,128,81,False,True,True,True,81
533903283,35.35625,139.47812499999998,1.0000000000000002,True,1684,479.0,479.0,0.2844418052256532,0,,,unaffected,False,False,False,True,善行,830.418681239091,聖園女学院前,85.91819774563376,bus_stop,聖園女学院前,85.91819774563376,神奈川県立総合教育センター巡回診療型診療所,409.1088414674474,湘南長寿園病院,436.98778469942636,神奈川県立総合教育センター巡回診療型診療所,409.1088414674474,0.5855513307984791,0.6806083650190115,0.11787072243346007,0.6577946768060836,0.06901935838309069,0.3851725483959577,0.0454005665409684,197,38,158,False,True,True,True,158
533903284,35.35625,139.484375,1.0000000000000002,True,439,104.0,104.0,0.23690205011389523,0,,,unaffected,False,False,False,True,藤沢本町,1181.3106014357388,水道みち下,344.27864517756694,bus_stop,水道みち下,344.27864517756694,湘南長寿園病院,552.1589312794466,湘南長寿園病院,552.1589312794466,藤川眼科,715.8812195486671,0.21673003802281368,0.3916349809885932,0.8250950570342205,0.8098859315589354,0.17882288308346223,0.17552660874090995,0.1448261372501044,131,130,75,False,True,True,True,75
533903291,35.35208333333334,139.49062500000002,1.0000000000000002,True,2351,616.0,616.0,0.2620161633347512,0,,,unaffected,False,False,False,True,藤沢本町,1410.0033752796012,遊行寺坂上,46.99422463745403,bus_stop,遊行寺坂上,46.99422463745403,からさわ耳鼻咽喉科,675.9008727601569,藤沢市民病院,798.7636172272292,からさわ耳鼻咽喉科,675.9008727601569,0.7300380228136882,0.5551330798479087,0.034220532319391636,0.9049429657794676,0.024982289754080587,0.6606427734967977,0.022607547382019696,240,4,201,False,True,True,True,201
533903292,35.35208333333334,139.496875,1.0,True,2505,435.0,435.0,0.17365269461077845,0,,,unaffected,False,False,False,True,藤沢,1738.6461607945475,柄沢神社入口,61.20145966122318,bus_stop,柄沢神社入口,61.20145966122318,三宅クリニック,199.60124125256982,藤沢市民病院,1360.3508833967378,三宅クリニック,199.60124125256982,0.5513307984790875,0.09125475285171103,0.06463878326996197,0.28517110266159695,0.03563735199294482,0.15722361173358007,0.010162742963767535,229,143,223,False,True,True,True,223
533903293,35.35625,139.49062500000002,0.9998946489519215,True,1648,425.0,425.0,0.25788834951456313,0,,,unaffected,False,False,False,True,藤沢本町,1612.0179317443924,緑ヶ丘,174.4330815826593,bus_stop,緑ヶ丘,174.4330815826593,からさわ耳鼻咽喉科,658.38129039702,藤沢市民病院,998.2479783309349,からさわ耳鼻咽喉科,658.38129039702,0.532319391634981,0.532319391634981,0.42585551330798477,0.8973384030418251,0.226691147768509,0.4776706327979297,0.20341867252231224,106,18,42,False,True,True,True,42
533903294,35.35625,139.496875,0.7705706657830956,True,2194,499.0,499.0,0.22743846855059252,0,,,unaffected,False,False,False,True,藤沢本町,2108.80515474177,柄沢大上,211.7145674022075,bus_stop,柄沢大上,211.7145674022075,角谷整形外科,192.61887839641878,藤沢市民病院,1486.259668399656,角谷整形外科,192.61887839641878,0.6007604562737643,0.3193916349809886,0.55893536121673,0.26996197718631176,0.335786262632104,0.1621824805910162,0.09064952337216495,68,141,114,False,True,True,True,114
533903342,35.360416666666666,139.434375,0.22136644345417464,False,254,41.0,41.0,0.16141732283464566,0,,,unaffected,False,False,False,True,辻堂,2816.777857737669,羽根沢,696.1319853936669,bus_stop,羽根沢,696.1319853936669,湘南あおぞらクリニック,792.8146662975802,村田会湘南大庭病院,1574.065704821909,湘南あおぞらクリニック,792.8146662975802,,,,,,,,,,,,True,True,False,
533903344,35.36458333333334,139.434375,0.046487457202129226,False,623,162.0,162.0,0.26003210272873195,0,,,unaffected,False,False,False,True,辻堂,3250.3888807491594,南大平,459.13944999874946,bus_stop,南大平,459.13944999874946,武内整形外科医院,532.5627764000627,村田会湘南大庭病院,1419.4122633172706,武内整形外科医院,532.5627764000627,,,,,,,,,,,,True,True,False,
533903351,35.360416666666666,139.440625,1.0,True,2639,1026.0,1026.0,0.3887836301629405,0,,,unaffected,False,False,False,True,辻堂,2658.280572139063,南センター前,347.69019036632005,bus_stop,南センター前,347.69019036632005,産婦人科吉田クリニック,430.656584165204,村田会湘南大庭病院,1103.271276427868,産婦人科吉田クリニック,430.656584165204,0.973384030418251,0.9049429657794676,0.8326996197718631,0.688212927756654,0.8105365120212812,0.6698954734057164,0.5578217059918323,4,3,2,True,True,True,True,2
533903352,35.360416666666666,139.44687499999998,1.0,True,2098,690.0,690.0,0.328884652049571,0,,,unaffected,False,False,False,True,善行,2411.123507071743,小糸,176.0688782609951,bus_stop,小糸,176.0688782609951,野中脳神経外科クリニック,230.55342626517418,村田会湘南大庭病院,775.8258332554784,野中脳神経外科クリニック,230.55342626517418,0.8422053231939164,0.8136882129277566,0.44106463878326996,0.33460076045627374,0.37146698665587186,0.2818025416010062,0.12429313621945522,57,79,89,False,True,True,True,89
533903353,35.36458333333334,139.440625,0.7660989327416242,True,2096,536.0,536.0,0.25572519083969464,0,,,unaffected,False,False,False,True,善行,2975.1125982357776,羽根沢,37.278552862862036,bus_stop,羽根沢,37.278552862862036,湘南あおぞらクリニック,65.81125716911792,村田会湘南大庭病院,868.5164563542799,湘南あおぞらクリニック,65.81125716911792,0.6425855513307985,0.5209125475285171,0.026615969581749048,0.049429657794676805,0.017103037487891975,0.0317627839060851,0.0008453972902760291,248,232,258,False,True,True,True,256
533903354,35.36458333333334,139.44687499999998,0.9999999999999998,True,2635,613.0,613.0,0.23263757115749525,0,,,unaffected,False,False,False,True,善行,2409.079678252594,ライフタウン中央,138.91027360530202,bus_stop,ライフタウン中央,138.91027360530202,湘南ライフタウン診療所,289.7711721460254,村田会湘南大庭病院,372.8952831724595,湘南ライフタウン診療所,289.7711721460254,0.7262357414448669,0.3612167300380228,0.3041825095057034,0.4448669201520912,0.22090821032543478,0.3230782576009484,0.09827475516378657,108,60,102,False,True,True,True,102
533903361,35.360416666666666,139.453125,0.9999999999999998,True,477,116.0,116.0,0.2431865828092243,0,,,unaffected,False,False,False,True,善行,1846.872712227761,天神社前,229.48132307659586,bus_stop,天神社前,229.48132307659586,医療法人社団栄友会　湘南ゆずクリニック,107.9107927209545,村田会湘南大庭病院,794.8437104713183,医療法人社団栄友会　湘南ゆずクリニック,107.9107927209545,0.24334600760456274,0.4372623574144487,0.596958174904943,0.12927756653992395,0.14526738857002414,0.0314591796903237,0.018779814491942284,152,233,210,False,True,True,True,210
533903362,35.360416666666666,139.45937499999997,1.0,True,451,109.0,109.0,0.24168514412416853,0,,,unaffected,False,False,False,True,善行,1285.911751850736,善行坂北,402.925627292962,bus_stop,善行坂北,402.925627292962,荏原製作所藤沢事業所診療所,353.32832660958104,村田会湘南大庭病院,1143.1618290658555,荏原製作所藤沢事業所診療所,353.32832660958104,0.2262357414448669,0.4220532319391635,0.8897338403041825,0.5627376425855514,0.20128959504980554,0.12731136780927874,0.11327323219532784,120,163,97,False,True,True,True,97
533903363,35.36458333333334,139.453125,1.0,True,1460,287.0,287.0,0.19657534246575342,0,,,unaffected,False,False,False,True,善行,1844.2371301763849,弁天前,70.92061898589151,bus_stop,弁天前,70.92061898589151,村田会湘南大庭病院,410.9992501925264,村田会湘南大庭病院,410.9992501925264,藤沢愛光園附属診療所,448.2492967671272,0.4144486692015209,0.18631178707224336,0.09125475285171103,0.6615969581749049,0.03782041087770533,0.2741979788633636,0.025021868793614933,227,82,191,False,True,True,True,191
533903364,35.36458333333334,139.45937499999997,0.9999999999999998,True,1375,366.0,366.0,0.2661818181818182,0,,,unaffected,False,False,False,True,善行,1282.1587684587419,善行団地西,155.52556983786994,bus_stop,善行団地西,155.52556983786994,善行団地石川医院,588.701337029862,村田会湘南大庭病院,918.6557385033499,善行団地石川医院,588.701337029862,0.4866920152091255,0.5855513307984791,0.3726235741444867,0.844106463878327,0.18135291821480723,0.41081987595599184,0.15308117050831638,130,30,68,False,True,True,True,68
533903371,35.360416666666666,139.465625,0.9999999999999998,True,2850,502.0,502.0,0.17614035087719299,0,,,unaffected,False,False,False,True,善行,735.8031572098876,善行坂南,197.40733670315998,bus_stop,善行坂南,197.40733670315998,えりクリニック,401.98332453440213,湘南長寿園病院,1574.5423535510129,えりクリニック,401.98332453440213,0.6045627376425855,0.10646387832699619,0.5209125475285171,0.6425855513307985,0.3149243158062138,0.3884832800821177,0.2023658150998104,76,35,43,False,True,True,True,43
533903372,35.360416666666666,139.471875,0.9999999999999998,True,2333,597.0,597.0,0.2558936990998714,0,,,unaffected,False,False,False,True,善行,272.8546419873816,善行市民センター,73.77428303142511,bus_stop,善行市民センター,73.77428303142511,本藤沢内科クリニック,237.94278925630758,湘南長寿園病院,1141.2846606825917,本藤沢内科クリニック,237.94278925630758,0.7186311787072244,0.5247148288973384,0.09505703422053231,0.34600760456273766,0.0683109485463141,0.24865185270858334,0.02363610767191857,200,94,198,False,True,True,True,198
533903373,35.36458333333334,139.465625,1.0,True,3489,1149.0,1149.0,0.32932072226999143,0,,,unaffected,False,False,False,True,善行,729.2636742774296,マーケット前,284.47342696597457,bus_stop,マーケット前,284.47342696597457,善行団地石川医院,301.25691518138433,村田会湘南大庭病院,1471.0791662672245,善行団地石川医院,301.25691518138433,0.9923954372623575,0.8174904942965779,0.7452471482889734,0.46387832699619774,0.7395798695947607,0.4603507351559225,0.3430750725876837,7,22,16,True,True,True,True,16
533903374,35.36458333333334,139.471875,1.0,True,3036,630.0,630.0,0.2075098814229249,0,,,unaffected,False,False,False,True,善行,254.7407944352664,善行駅入口,90.97830643437935,bus_stop,善行駅入口,90.97830643437935,石田胃腸科医院,77.58686716888501,湘南長寿園病院,1519.8813034019447,石田胃腸科医院,77.58686716888501,0.7585551330798479,0.22813688212927757,0.1444866920152091,0.07604562737642585,0.10960112188986394,0.05768480099466524,0.008334686075274824,170,215,229,False,True,True,True,229
533903381,35.360416666666666,139.47812499999998,1.0,True,1571,539.0,539.0,0.343093570973902,0,,,unaffected,False,False,False,True,善行,502.69100112553593,藤沢翔陵高校前,101.5432693716293,bus_stop,藤沢翔陵高校前,101.5432693716293,神奈川県立総合教育センター巡回診療型診療所,65.02930915147329,湘南長寿園病院,878.1583970968924,神奈川県立総合教育センター巡回診療型診療所,65.02930915147329,0.6520912547528517,0.8326996197718631,0.17870722433460076,0.045627376425855515,0.11653341814974916,0.02975321314461681,0.005317114136110228,166,236,242,False,True,True,True,242
533903382,35.360416666666666,139.484375,0.8258819077780873,True,902,284.0,284.0,0.3148558758314856,0,,,unaffected,False,False,False,True,善行,1037.3770604568992,水道みち下,179.7306173248778,bus_stop,水道みち下,179.7306173248778,藤川眼科,476.34368818934644,湘南長寿園病院,940.7854270399913,藤川眼科,476.34368818934644,0.41064638783269963,0.7908745247148289,0.4600760456273764,0.7376425855513308,0.18892856626523444,0.3029102632682271,0.13936175610439347,123,72,80,False,True,True,True,80
533903383,35.36458333333334,139.47812499999998,1.0,True,2565,696.0,696.0,0.27134502923976606,0,,,unaffected,False,False,False,True,善行,493.0844810275093,渋沢台,155.46285371495995,bus_stop,渋沢台,155.46285371495995,善行クリニック,130.31607376957407,湘南長寿園病院,1333.678189125969,善行クリニック,130.31607376957407,0.8517110266159695,0.596958174904943,0.3688212927756654,0.16730038022813687,0.31412916190779105,0.1424915785973485,0.05255392822791941,77,156,152,False,True,True,True,152
533903384,35.36458333333334,139.484375,0.9575180333234926,True,91,42.0,42.0,0.46153846153846156,0,,,unaffected,False,False,False,True,善行,1032.7356508367084,亀井野団地入口,259.4496093968777,bus_stop,亀井野団地入口,259.4496093968777,医療法人社団門山医院,260.5264607020012,湘南長寿園病院,1375.7202686213877,医療法人社団門山医院,260.5264607020012,0.07984790874524715,0.9771863117870723,0.6844106463878327,0.38783269961977185,0.05464875883705128,0.03096763000766239,0.02119457567064346,210,234,202,False,True,True,True,202
533903391,35.360416666666666,139.49062500000002,0.09883441602019218,False,539,199.0,199.0,0.3692022263450835,0,,,unaffected,False,False,False,True,善行,1595.2452980603575,緑ヶ丘,556.5961090045288,bus_stop,緑ヶ丘,556.5961090045288,角谷整形外科,907.3968332149553,湘南長寿園病院,1282.2928519855361,角谷整形外科,907.3968332149553,,,,,,,,,,,,True,True,False,
533903393,35.36458333333334,139.49062500000002,0.07483907366827149,False,331,150.0,150.0,0.45317220543806647,0,,,unaffected,False,False,False,True,善行,1592.207230917651,俣野子どもの家,782.0402031405642,bus_stop,俣野子どもの家,782.0402031405642,医療法人社団門山医院,818.9454832812593,湘南長寿園病院,1628.4239454516965,医療法人社団門山医院,818.9454832812593,,,,,,,,,,,,True,True,False,
533903441,35.368750000000006,139.42812500000002,0.05879083677617041,False,525,139.0,139.0,0.26476190476190475,0,,,unaffected,False,False,False,True,辻堂,3890.5266875807233,大辻,250.16690157631038,bus_stop,大辻,250.16690157631038,窪島医院,581.7995572342408,村田会湘南大庭病院,1970.9305015956722,窪島医院,581.7995572342408,,,,,,,,,,,,True,True,False,
533903442,35.368750000000006,139.434375,0.4235469877587788,True,1926,771.0,771.0,0.40031152647975077,0,,,unaffected,False,False,False,True,善行,3600.1718061931724,南大平,21.31673928969136,bus_stop,南大平,21.31673928969136,武内整形外科医院,103.00534492659102,村田会湘南大庭病院,1406.8096063092942,武内整形外科医院,103.00534492659102,0.8973384030418251,0.9391634980988594,0.015209125475285171,0.11787072243346007,0.013647732365655134,0.10576992583382729,0.0016086680735182856,250,180,256,False,True,True,True,254
533903443,35.37291666666667,139.42812500000002,0.3077358249688437,False,1220,464.0,464.0,0.380327868852459,0,,,unaffected,False,False,False,True,六会日大前,4053.5796519889145,小出一本松,193.76535134447946,bus_stop,小出一本松,193.76535134447946,窪島医院,214.90232634599224,医療法人社団　健育会　湘南慶育病院,2021.5629046850756,窪島医院,214.90232634599224,,,,,,,,,,,,True,True,False,
533903444,35.37291666666667,139.434375,0.8197326522860615,True,2260,1014.0,1014.0,0.4486725663716814,0,,,unaffected,False,False,False,True,六会日大前,3515.3549088136347,滝の沢不動前,220.04379719588854,bus_stop,滝の沢不動前,220.04379719588854,医療法人社団　エス・ジー・シー　櫻井胃腸科クリニック,220.49231703154626,村田会湘南大庭病院,1539.74998364723,医療法人社団　エス・ジー・シー　櫻井胃腸科クリニック,220.49231703154626,0.9695817490494296,0.973384030418251,0.5779467680608364,0.3155893536121673,0.5603666382338909,0.30598967745666406,0.1768457451460568,23,69,56,False,True,True,True,56
533903451,35.368750000000006,139.440625,0.6712206253881373,False,3101,1095.0,1095.0,0.3531118993872944,0,,,unaffected,False,False,False,True,善行,3044.4407972639333,滝の沢小学校前,307.5725856726599,bus_stop,滝の沢小学校前,307.5725856726599,医療法人社団恵信会　よしむら耳鼻咽喉科・内科・呼吸器内科,275.7042949974157,村田会湘南大庭病院,847.8016967742159,医療法人社団恵信会　よしむら耳鼻咽喉科・内科・呼吸器内科,275.7042949974157,,,,,,,,,,,,True,True,False,
533903452,35.368750000000006,139.44687499999998,1.0,True,3008,1276.0,1276.0,0.4242021276595745,0,,,unaffected,False,False,False,True,善行,2494.2225430863314,二番構保健医療センター,34.25075240381902,bus_stop,二番構保健医療センター,34.25075240381902,藤沢市保健医療センター診療所,124.81458714764015,村田会湘南大庭病院,321.7598621938406,藤沢市保健医療センター診療所,124.81458714764015,1.0,0.9543726235741445,0.022813688212927757,0.155893536121673,0.022813688212927757,0.155893536121673,0.003556506527490639,242,144,250,True,True,True,True,250
533903453,35.37291666666667,139.440625,1.0,True,2185,576.0,576.0,0.26361556064073227,0,,,unaffected,False,False,False,True,六会日大前,2988.12234113699,滝の沢,155.33225431883315,bus_stop,滝の沢,155.33225431883315,医療法人社団恵信会　よしむら耳鼻咽喉科・内科・呼吸器内科,381.155141645423,村田会湘南大庭病院,1053.8259056074944,医療法人社団恵信会　よしむら耳鼻咽喉科・内科・呼吸器内科,381.155141645423,0.6920152091254753,0.5665399239543726,0.3650190114068441,0.6045627376425855,0.2525987075134815,0.41836660931920366,0.1527117661393291,94,29,70,False,True,True,True,70
533903454,35.37291666666667,139.44687499999998,1.0,True,3641,1114.0,1114.0,0.30595990112606425,0,,,unaffected,False,False,False,True,六会日大前,2478.9053995175823,駒寄住宅北,60.185737786817064,bus_stop,駒寄住宅北,60.185737786817064,医療法人社団　青木内科,358.8123175104917,村田会湘南大庭病院,703.8054826272436,医療法人社団　青木内科,358.8123175104917,0.9885931558935361,0.7718631178707225,0.060836501901140684,0.5741444866920152,0.06014254940797178,0.5675953100377337,0.03453051315818912,205,12,175,True,True,True,True,175
533903461,35.368750000000006,139.453125,0.9999999999999998,True,1287,308.0,308.0,0.23931623931623933,0,,,unaffected,False,False,False,True,善行,1954.1788665178851,北の谷,121.03763330123492,bus_stop,北の谷,121.03763330123492,藤沢愛光園附属診療所,335.9244932061764,村田会湘南大庭病院,365.2360644517068,藤沢愛光園附属診療所,335.9244932061764,0.43346007604562736,0.40304182509505704,0.23954372623574144,0.532319391634981,0.10383264179039743,0.23073920397866096,0.05527212870971726,173,104,150,False,True,True,True,150
533903462,35.368750000000006,139.45937499999997,1.0,True,476,186.0,186.0,0.3907563025210084,0,,,unaffected,False,False,False,True,善行,1435.8362228307858,善行団地,328.50324066639547,bus_stop,善行団地,328.50324066639547,善行団地石川医院,535.7858895166796,村田会湘南大庭病院,899.0943751026656,善行団地石川医院,535.7858895166796,0.3193916349809886,0.908745247148289,0.7984790874524715,0.8022813688212928,0.25502754123957266,0.25624195810261824,0.20460384487281305,93,90,40,False,True,True,True,40
533903463,35.37291666666667,139.453125,1.0,True,1481,199.0,199.0,0.13436866981769074,0,,,unaffected,False,False,False,True,六会日大前,2001.5018680870494,石川橋,131.00946698693008,bus_stop,石川橋,131.00946698693008,高橋まことクリニック,431.79148338199593,村田会湘南大庭病院,724.712636283293,高橋まことクリニック,431.79148338199593,0.34600760456273766,0.011406844106463879,0.2737642585551331,0.6920152091254753,0.09472451531755556,0.23944252483048767,0.0655508052767875,180,101,137,False,True,True,True,137
533903464,35.37291666666667,139.45937499999997,0.9999999999999998,True,349,128.0,128.0,0.3667621776504298,0,,,unaffected,False,False,False,True,六会日大前,1584.9250514562732,5号西,329.3770174170948,bus_stop,5号西,329.3770174170948,特別養護老人ホームグリーンライフ湘南ホーム診療所,500.85406775043396,村田会湘南大庭病院,1095.512135768046,特別養護老人ホームグリーンライフ湘南ホーム診療所,500.85406775043396,0.2585551330798479,0.8821292775665399,0.8022813688212928,0.7604562737642585,0.20743396608307188,0.1966198730645231,0.15774446089967442,118,116,65,False,True,True,True,65
533903471,35.368750000000006,139.465625,1.0,True,2946,1269.0,1269.0,0.43075356415478616,0,,,unaffected,False,False,False,True,善行,974.462420375165,2街区グラウンド前,93.86862568466634,bus_stop,2街区グラウンド前,93.86862568466634,善行団地石川医院,176.82239024638238,村田会湘南大庭病院,1458.9202929820055,善行団地石川医院,176.82239024638238,0.9961977186311787,0.9581749049429658,0.1520912547528517,0.23954372623574144,0.15151296100854428,0.23863291358845723,0.0362939792529973,143,102,171,True,True,True,True,171
533903472,35.368750000000006,139.471875,1.0,True,2518,618.0,618.0,0.2454328832406672,0,,,unaffected,False,False,False,True,善行,694.7432439660167,善行台,113.32282013922428,bus_stop,善行台,113.32282013922428,青木医院,276.9856780172477,湘南長寿園病院,1935.1693071489392,青木医院,276.9856780172477,0.7376425855513308,0.4600760456273764,0.20912547528517111,0.42585551330798477,0.15425985629400454,0.31412916190779105,0.06569241028489926,139,66,135,False,True,True,True,135
533903473,35.37291666666667,139.465625,1.0,True,349,174.0,174.0,0.498567335243553,0,,,unaffected,False,False,False,True,六会日大前,1289.5363967441012,天神町7号,232.28115691512542,bus_stop,天神町7号,232.28115691512542,特別養護老人ホームグリーンライフ湘南ホーム診療所,114.64654522150012,村田会湘南大庭病院,1587.5000899032123,特別養護老人ホームグリーンライフ湘南ホーム診療所,114.64654522150012,0.30798479087452474,0.9923954372623575,0.6159695817490495,0.1444866920152091,0.18970926282004946,0.044499703624456044,0.027410463829512847,122,220,189,False,True,True,True,189
533903474,35.37291666666667,139.471875,1.0000000000000002,True,250,69.0,69.0,0.276,0,,,unaffected,False,False,False,True,善行,1152.2918240139043,善行台,470.2286161585703,bus_stop,善行台,470.2286161585703,特別養護老人ホーム睦愛園医務室,585.3587415890612,医療法人社団いしずえ　湘南敬愛病院,2076.5900400316123,特別養護老人ホーム睦愛園医務室,585.3587415890612,0.13498098859315588,0.629277566539924,0.9201520912547528,0.8250950570342205,0.12420303893362632,0.11137214648180542,0.10247931349276392,160,176,99,False,True,True,True,99
533903481,35.368750000000006,139.47812499999998,1.0,True,1698,571.0,571.0,0.33627797408716137,0,,,unaffected,False,False,False,True,善行,812.9564924187808,亀井野団地,199.8306666467647,bus_stop,亀井野団地,199.8306666467647,善行クリニック,345.1323226621113,湘南長寿園病院,1792.6419701788705,善行クリニック,345.1323226621113,0.688212927756654,0.8288973384030418,0.5399239543726235,0.5475285171102662,0.3715826454047333,0.3768162037907155,0.20345209482236348,56,40,41,False,True,True,True,41
533903482,35.368750000000006,139.484375,1.0,True,826,241.0,241.0,0.2917675544794189,0,,,unaffected,False,False,False,True,善行,1218.304714789808,新田,136.20108830585139,bus_stop,新田,136.20108830585139,医療法人社団門山医院,451.7758479680025,湘南長寿園病院,1824.1347216530614,医療法人社団門山医院,451.7758479680025,0.376425855513308,0.6996197718631179,0.2965779467680608,0.7110266159695817,0.11163960733854761,0.2676488022090821,0.07937873221410038,167,87,123,False,True,True,True,123
533903483,35.37291666666667,139.47812499999998,1.0,True,173,64.0,64.0,0.3699421965317919,0,,,unaffected,False,False,False,True,善行,1227.190688542381,亀井野公園,583.5026893652231,bus_stop,亀井野公園,583.5026893652231,神奈川県立総合療育相談センター,588.5335896679918,湘南長寿園病院,2252.946119587427,神奈川県立総合療育相談センター,588.5335896679918,0.12167300380228137,0.8897338403041825,0.9581749049429658,0.8403041825095057,0.11658401885237606,0.10224233399355202,0.09796603865541866,165,183,104,False,True,True,True,104
533903484,35.37291666666667,139.484375,1.0,True,140,35.0,35.0,0.25,0,,,unaffected,False,False,False,True,善行,1526.2117842372165,俣野原,376.5448622350183,bus_stop,俣野原,376.5448622350183,神奈川県立総合療育相談センター,238.08404837360519,湘南長寿園病院,2278.0829176272173,神奈川県立総合療育相談センター,238.08404837360519,0.06273764258555133,0.4828897338403042,0.8631178707224335,0.35361216730038025,0.05414998048258613,0.022184793765993437,0.019148091957720572,211,243,207,False,True,True,True,207
533903491,35.368750000000006,139.49062500000002,0.2614673665990852,False,199,62.0,62.0,0.31155778894472363,0,,,unaffected,False,False,False,True,善行,1718.363078715035,新田,685.3749421950303,bus_stop,新田,685.3749421950303,医療法人社団門山医院,898.2583419494929,湘南長寿園病院,2021.5306402753763,医療法人社団門山医院,898.2583419494929,,,,,,,,,,,,True,True,False,
533903493,35.37291666666667,139.49062500000002,0.653680662927484,True,51,15.0,15.0,0.29411764705882354,0,,,unaffected,False,False,False,True,善行,1948.782147244984,西俣野,612.2140900347345,bus_stop,西俣野,612.2140900347345,神奈川県立総合療育相談センター,641.8735608694587,湘南長寿園病院,2439.0040165579007,神奈川県立総合療育相談センター,641.8735608694587,0.022813688212927757,0.7167300380228137,0.973384030418251,0.8935361216730038,0.022206479781404966,0.02038485448683659,0.019842291819886566,243,246,205,False,True,True,True,205
533903521,35.37708333333333,139.403125,0.11678703794630114,False,427,178.0,178.0,0.4168618266978923,0,,,unaffected,False,False,False,True,辻堂,5919.350964896881,光友会入口,1247.0640115634353,bus_stop,光友会入口,1247.0640115634353,湘南希望の郷医務室,975.9505801062411,藤沢御所見病院,1962.4060781486428,湘南希望の郷医務室,975.9505801062411,,,,,,,,,,,,True,True,False,
533903523,35.38125000000001,139.403125,0.7086419958728483,True,365,115.0,115.0,0.3150684931506849,0,,,unaffected,False,False,False,True,湘南台,5960.432084236084,獺郷公民館前,831.6257607343551,bus_stop,獺郷公民館前,831.6257607343551,湘南希望の郷医務室,586.823432151208,藤沢御所見病院,1520.6470695308326,湘南希望の郷医務室,586.823432151208,0.23954372623574144,0.7946768060836502,0.9923954372623575,0.8326996197718631,0.23772210094117308,0.19946796975523717,0.1979511030650833,100,114,48,True,True,True,True,48
533903524,35.38125000000001,139.409375,0.5161233965234128,False,48,8.0,8.0,0.16666666666666666,0,,,unaffected,False,False,False,True,湘南台,5417.512703680769,堂の前,597.886152412516,bus_stop,堂の前,597.886152412516,湘南希望の郷医務室,457.42902616163815,藤沢御所見病院,1434.4513280171573,湘南希望の郷医務室,457.42902616163815,,,,,,,,,,,,True,False,False,
533903533,35.38125000000001,139.41562499999998,0.02790891469240322,False,70,28.0,28.0,0.4,0,,,unaffected,False,False,False,True,湘南台,4880.258011947225,根下,502.3797818249843,bus_stop,根下,502.3797818249843,湘南希望の郷医務室,847.931336684536,藤沢御所見病院,1564.5217287857706,湘南希望の郷医務室,847.931336684536,,,,,,,,,,,,True,True,False,
533903541,35.37708333333333,139.42812500000002,0.042663759574414775,False,459,235.0,235.0,0.5119825708061002,0,,,unaffected,False,False,False,True,六会日大前,3941.0636050245657,小出一本松,468.5215049573409,bus_stop,小出一本松,468.5215049573409,窪島医院,425.68914492856254,医療法人社団　健育会　湘南慶育病院,1565.2027339394538,窪島医院,425.68914492856254,,,,,,,,,,,,True,True,False,
533903542,35.37708333333333,139.434375,0.9503729865724816,True,838,243.0,243.0,0.28997613365155134,0,,,unaffected,False,False,False,True,六会日大前,3385.0264909235634,南原,186.39349784760293,bus_stop,南原,186.39349784760293,北見泌尿器科・皮フ科クリニック,200.70333707034376,医療法人社団　健育会　湘南慶育病院,1565.5910778011323,北見泌尿器科・皮フ科クリニック,200.70333707034376,0.3821292775665399,0.6920152091254753,0.49049429657794674,0.29277566539923955,0.18743223120183897,0.11187815350807442,0.05487559620738251,124,175,151,False,True,True,True,151
533903543,35.38125000000001,139.42812500000002,0.02435158291240569,False,93,28.0,28.0,0.3010752688172043,0,,,unaffected,False,False,False,True,湘南台,3832.2586168276202,刈込,430.1864488984924,bus_stop,刈込,430.1864488984924,特別養護老人ホーム芭蕉苑,517.6627759185109,医療法人社団　健育会　湘南慶育病院,1113.704719140793,特別養護老人ホーム芭蕉苑,517.6627759185109,,,,,,,,,,,,True,True,False,
533903544,35.38125000000001,139.434375,0.9118187362765976,True,405,169.0,169.0,0.41728395061728396,0,,,unaffected,False,False,False,True,六会日大前,3314.577357121993,宝泉寺,231.67530808687513,bus_stop,宝泉寺,231.67530808687513,特別養護老人ホーム芭蕉苑,77.44209550259906,医療法人社団　健育会　湘南慶育病院,1114.2506817357307,特別養護老人ホーム芭蕉苑,77.44209550259906,0.3041825095057034,0.9505703422053232,0.6083650190114068,0.07224334600760456,0.1850539981783747,0.021975162283681994,0.013368920020490947,126,244,218,False,True,True,True,218
533903551,35.37708333333333,139.440625,1.0,True,2417,585.0,585.0,0.24203558129913116,0,,,unaffected,False,False,False,True,六会日大前,2833.678888105284,矢尻,156.65731903841979,bus_stop,矢尻,156.65731903841979,伊出診療所,587.9943259113858,村田会湘南大庭病院,1389.1240713148973,伊出診療所,587.9943259113858,0.7034220532319392,0.42585551330798477,0.38022813688212925,0.8365019011406845,0.2674608567421822,0.5884138848328009,0.22373151514555165,91,10,36,False,True,True,True,36
533903552,35.37708333333333,139.44687499999998,0.9999999999999998,True,2126,303.0,303.0,0.1425211665098777,0,,,unaffected,False,False,False,True,六会日大前,2290.409666762683,田方,362.08806425455174,bus_stop,田方,362.08806425455174,伊出診療所,77.25549158668157,村田会湘南大庭病院,1146.5121112996092,伊出診療所,77.25549158668157,0.4220532319391635,0.022813688212927757,0.8479087452471483,0.06844106463878327,0.35786262632103977,0.028885772528155676,0.024492499139843027,59,237,193,False,True,True,True,193
533903553,35.38125000000001,139.440625,1.0,True,564,148.0,148.0,0.2624113475177305,0,,,unaffected,False,False,False,True,六会日大前,2749.1691948669127,遠藤松原,275.6715725394016,bus_stop,遠藤松原,275.6715725394016,プレス工業株式会社藤沢工場診療所,457.256907144048,医療法人社団　健育会　湘南慶育病院,1373.8952651767106,プレス工業株式会社藤沢工場診療所,457.256907144048,0.28517110266159695,0.55893536121673,0.7300380228136882,0.7224334600760456,0.20818574795067155,0.2060171464095187,0.15040035023052317,116,111,71,False,True,True,True,71
533903554,35.38125000000001,139.44687499999998,1.0,True,207,28.0,28.0,0.13526570048309178,0,,,unaffected,False,False,False,True,六会日大前,2185.020597683823,寿照寺前,147.11144033131663,bus_stop,寿照寺前,147.11144033131663,プレス工業株式会社藤沢工場診療所,314.20895476417724,医療法人社団いしずえ　湘南敬愛病院,1240.7760657993133,プレス工業株式会社藤沢工場診療所,314.20895476417724,0.045627376425855515,0.015209125475285171,0.3269961977186312,0.49049429657794674,0.014919978603131462,0.02237996790469719,0.007318164409900983,249,242,235,False,True,True,True,235
533903561,35.37708333333333,139.453125,1.0,True,2629,396.0,396.0,0.1506276150627615,0,,,unaffected,False,False,False,True,六会日大前,1762.7037689521296,石川,107.55745311874793,bus_stop,石川,107.55745311874793,高橋まことクリニック,75.01412240935954,村田会湘南大庭病院,1159.4629509932338,高橋まことクリニック,75.01412240935954,0.5228136882129277,0.034220532319391636,0.19011406844106463,0.057034220532319393,0.09939423730283796,0.029818271190851394,0.005668872849971747,177,235,239,False,True,True,True,239
533903562,35.37708333333333,139.45937499999997,0.9999999999999998,True,1473,275.0,275.0,0.18669382213170402,0,,,unaffected,False,False,False,True,六会日大前,1270.1100330292322,4号西,70.09923714217105,bus_stop,4号西,70.09923714217105,特別養護老人ホームグリーンライフ湘南ホーム診療所,619.7379849778629,医療法人社団いしずえ　湘南敬愛病院,1192.664357228082,特別養護老人ホームグリーンライフ湘南ホーム診療所,619.7379849778629,0.3973384030418251,0.14068441064638784,0.08745247148288973,0.8631178707224335,0.03474822536107216,0.3429498763897122,0.029991814285031865,232,55,183,False,True,True,True,183
533903563,35.38125000000001,139.453125,1.0,True,2473,406.0,406.0,0.16417306914678528,0,,,unaffected,False,False,False,True,六会日大前,1623.4448983816242,和泉橋,110.07226802342532,bus_stop,和泉橋,110.07226802342532,株式会社ＨＧＳＴジャパン藤沢事業所健康管理室,440.4684045503336,医療法人社団いしずえ　湘南敬愛病院,846.9173042235311,株式会社ＨＧＳＴジャパン藤沢事業所健康管理室,440.4684045503336,0.5285171102661597,0.06463878326996197,0.19771863117870722,0.6996197718631179,0.10449767959635096,0.36976102011016493,0.07310864275942425,172,43,127,False,True,True,True,127
533903564,35.38125000000001,139.45937499999997,0.9999999999999998,True,1863,368.0,368.0,0.19753086419753085,0,,,unaffected,False,False,False,True,六会日大前,1068.506101127157,3号西,184.22673769396184,bus_stop,3号西,184.22673769396184,株式会社ＨＧＳＴジャパン藤沢事業所健康管理室,606.2724904405143,医療法人社団いしずえ　湘南敬愛病院,734.7473636255744,株式会社ＨＧＳＴジャパン藤沢事業所健康管理室,606.2724904405143,0.49429657794676807,0.19391634980988592,0.4790874524714829,0.8479087452471483,0.23681128829388887,0.4191183911868034,0.200794362317632,101,28,44,False,True,True,True,44
533903571,35.37708333333333,139.465625,1.0,True,750,207.0,207.0,0.276,0,,,unaffected,False,False,False,True,六会日大前,874.1511682406629,天神町8号,268.56042221085784,bus_stop,天神町8号,268.56042221085784,特別養護老人ホームグリーンライフ湘南ホーム診療所,382.59163530412263,医療法人社団いしずえ　湘南敬愛病院,1374.735181198411,特別養護老人ホームグリーンライフ湘南ホーム診療所,382.59163530412263,0.3612167300380228,0.629277566539924,0.7110266159695817,0.6159695817490495,0.2568347091905333,0.22249851812228022,0.15820236839873156,92,109,64,False,True,True,True,64
533903572,35.37708333333333,139.471875,1.0,True,233,108.0,108.0,0.463519313304721,0,,,unaffected,False,False,False,True,六会日大前,748.3354651493796,西谷,573.6666339240022,bus_stop,西谷,573.6666339240022,特別養護老人ホーム睦愛園医務室,282.4640470608586,医療法人社団いしずえ　湘南敬愛病院,1732.6909082604573,特別養護老人ホーム睦愛園医務室,282.4640470608586,0.22053231939163498,0.9809885931558935,0.9543726235741445,0.4372623574144487,0.21047000824068587,0.09643048186326245,0.09203061196836075,114,189,111,False,True,True,True,111
533903573,35.38125000000001,139.465625,1.0,True,1957,478.0,478.0,0.24425140521205926,0,,,unaffected,False,False,False,True,六会日大前,541.0267361201437,保育園前,127.19450356724506,bus_stop,保育園前,127.19450356724506,今村内科クリニック,522.0222750719972,医療法人社団いしずえ　湘南敬愛病院,1003.6327126626973,今村内科クリニック,522.0222750719972,0.5798479087452472,0.44866920152091255,0.2585551330798479,0.7908745247148289,0.14992265321169887,0.4585869392357848,0.11857000710278846,146,23,94,False,True,True,True,94
533903574,35.38125000000001,139.471875,1.0000000000000002,True,2032,460.0,460.0,0.2263779527559055,0,,,unaffected,False,False,False,True,六会日大前,297.6345844765974,西谷,257.9603322226671,bus_stop,西谷,257.9603322226671,むつあい内科クリニック,111.71966164482643,医療法人社団いしずえ　湘南敬愛病院,1455.864969982035,むつあい内科クリニック,111.71966164482643,0.5703422053231939,0.3155893536121673,0.6730038022813688,0.13688212927756654,0.38384247278405065,0.07806965548150183,0.05254117498184724,52,205,153,False,True,True,True,153
533903581,35.37708333333333,139.47812499999998,1.0000000000000002,True,115,34.0,34.0,0.2956521739130435,0,,,unaffected,False,False,False,True,六会日大前,1000.3877792261211,下屋敷,487.563041817287,bus_stop,下屋敷,487.563041817287,佐藤クリニック,240.08884316826428,湘南第一病院,2174.868720061006,佐藤クリニック,240.08884316826428,0.057034220532319393,0.7224334600760456,0.9277566539923955,0.3612167300380228,0.05291387760412902,0.02060171464095187,0.019113377841795655,213,245,208,False,True,True,True,208
533903582,35.37708333333333,139.484375,1.0,True,353,103.0,103.0,0.29178470254957506,0,,,unaffected,False,False,False,True,六会日大前,1444.454432153871,俣野原,89.35909187455128,bus_stop,俣野原,89.35909187455128,神奈川県立総合療育相談センター,227.75596054588527,湘南第一病院,2451.2420975306445,神奈川県立総合療育相談センター,227.75596054588527,0.21292775665399238,0.7034220532319392,0.13307984790874525,0.3269961977186312,0.028336393471063624,0.06962656681461349,0.009265892922096852,236,212,226,False,True,True,True,226
533903583,35.38125000000001,139.47812499999998,1.0,True,1590,383.0,383.0,0.2408805031446541,0,,,unaffected,False,False,False,True,六会日大前,727.5531875681696,亀井野,251.70108736465883,bus_stop,亀井野,251.70108736465883,杉田外科,378.5104306301162,湘南第一病院,1757.7915515776242,杉田外科,378.5104306301162,0.5057034220532319,0.41825095057034223,0.6501901140684411,0.6007604562737643,0.3288033656695919,0.3038066185719036,0.19753205998401338,72,71,49,False,True,True,True,49
533903584,35.38125000000001,139.484375,0.9019204147348713,True,450,136.0,136.0,0.3022222222222222,0,,,unaffected,False,False,False,True,六会日大前,1270.8071979139675,下屋敷,249.49649657952256,bus_stop,下屋敷,249.49649657952256,神奈川県立総合療育相談センター,688.763152330941,湘南第一病院,2090.0478496458795,神奈川県立総合療育相談センター,688.763152330941,0.26996197718631176,0.7566539923954373,0.6425855513307985,0.9163498098859315,0.1734736659486186,0.24737960647110696,0.15896256081223226,134,96,63,False,True,True,True,63
533903591,35.37708333333333,139.49062500000002,0.8853453632719884,True,174,50.0,50.0,0.28735632183908044,0,,,unaffected,False,False,False,True,六会日大前,1953.7205019982962,西俣野,185.32794783464018,bus_stop,西俣野,185.32794783464018,神奈川県立総合療育相談センター,638.1004383591296,湘南第一病院,2816.368800039843,神奈川県立総合療育相談センター,638.1004383591296,0.10266159695817491,0.688212927756654,0.4828897338403042,0.8821292775665399,0.04957423123075366,0.09056080035854212,0.04373088078150133,216,193,161,False,True,True,True,161
533903593,35.38125000000001,139.49062500000002,0.22597867174282893,False,235,69.0,69.0,0.2936170212765957,0,,,unaffected,False,False,False,True,六会日大前,1829.053680151559,西俣野,348.16571825494356,bus_stop,西俣野,348.16571825494356,神奈川県立総合療育相談センター,910.8653138278684,湘南第一病院,2508.2956866365157,神奈川県立総合療育相談センター,910.8653138278684,,,,,,,,,,,,True,True,False,
533903612,35.38541666666667,139.39687499999997,0.006692527566789669,False,623,240.0,240.0,0.3852327447833066,0,,,unaffected,False,False,False,True,湘南台,6404.900947445316,獺郷,771.6034348342025,bus_stop,獺郷,771.6034348342025,湘南希望の郷医務室,971.3549926137212,藤沢御所見病院,1449.310515091792,湘南希望の郷医務室,971.3549926137212,,,,,,,,,,,,True,True,False,
533903614,35.389583333333334,139.39687499999997,0.18258985568416894,False,285,78.0,78.0,0.2736842105263158,0,,,unaffected,False,False,False,True,湘南台,6334.3515446056235,獺郷,652.9113179208692,bus_stop,獺郷,652.9113179208692,湘南希望の郷医務室,1090.8945483271318,藤沢御所見病院,1190.1516809840382,湘南希望の郷医務室,1090.8945483271318,,,,,,,,,,,,True,True,False,
533903621,35.38541666666667,139.403125,0.8811055157512153,True,189,74.0,74.0,0.3915343915343915,0,,,unaffected,False,False,False,True,湘南台,5848.163707407783,獺郷,422.2923357726906,bus_stop,獺郷,422.2923357726906,湘南希望の郷医務室,404.4534411177622,藤沢御所見病院,1095.917588074493,湘南希望の郷医務室,404.4534411177622,0.15019011406844107,0.9201520912547528,0.8973384030418251,0.6463878326996197,0.13477135711084445,0.0970810623256083,0.08711456543286523,158,188,117,False,True,True,True,117
533903622,35.38541666666667,139.409375,1.0,True,286,93.0,93.0,0.32517482517482516,0,,,unaffected,False,False,False,True,湘南台,5293.772791196281,光友会入口,165.42176073706023,bus_stop,光友会入口,165.42176073706023,湘南希望の郷医務室,168.72819985389637,藤沢御所見病院,972.7960541229442,湘南希望の郷医務室,168.72819985389637,0.19391634980988592,0.8060836501901141,0.39543726235741444,0.21292775665399238,0.07668175049516401,0.041290173343549855,0.016327673109236444,192,223,216,False,True,True,True,216
533903623,35.389583333333334,139.403125,0.7134901687423254,True,659,196.0,196.0,0.29742033383915023,0,,,unaffected,False,False,False,True,湘南台,5770.8425217768745,獺郷,96.29997761709623,bus_stop,獺郷,96.29997761709623,湘南希望の郷医務室,640.4240429266334,藤沢御所見病院,719.0563595931949,湘南希望の郷医務室,640.4240429266334,0.34220532319391633,0.7414448669201521,0.155893536121673,0.8897338403041825,0.05334759791235958,0.3044716563778571,0.04746516316156708,212,70,157,False,True,True,True,157
533903624,35.389583333333334,139.409375,0.9999999999999998,True,148,45.0,45.0,0.30405405405405406,0,,,unaffected,False,False,False,True,湘南台,5208.258171442145,獺郷公民館前,299.38598263751805,bus_stop,獺郷公民館前,299.38598263751805,藤沢御所見病院,512.20339838052,藤沢御所見病院,512.20339838052,湘南希望の郷医務室,524.4391183163292,0.09505703422053231,0.7680608365019012,0.7604562737642585,0.7870722433460076,0.07228671803842761,0.07481675316977257,0.05689486933062553,194,207,148,False,True,True,True,148
533903631,35.38541666666667,139.41562499999998,0.7800054987826984,True,118,35.0,35.0,0.2966101694915254,0,,,unaffected,False,False,False,True,湘南台,4742.550992942942,根下,230.76062619283354,bus_stop,根下,230.76062619283354,湘南希望の郷医務室,733.613882862391,藤沢御所見病院,1156.023497732397,湘南希望の郷医務室,733.613882862391,0.06273764258555133,0.7300380228136882,0.6045627376425855,0.9429657794676806,0.03792884095476297,0.05915945004264916,0.03576559907521375,226,214,173,False,True,True,True,173
533903632,35.38541666666667,139.421875,0.788774185549676,True,39,13.0,13.0,0.3333333333333333,0,,,unaffected,False,False,False,True,湘南台,4195.747413708139,矢崎,159.98626234714308,bus_stop,矢崎,159.98626234714308,慶應義塾湘南藤沢診療所,553.9404426891039,医療法人社団　健育会　湘南慶育病院,1049.6292760427204,慶應義塾湘南藤沢診療所,553.9404426891039,0.015209125475285171,0.8231939163498099,0.3840304182509506,0.8136882129277566,0.005840766817504952,0.012375486128178808,0.0047525631138633445,260,253,245,False,True,True,True,245
533903633,35.389583333333334,139.41562499999998,1.0,True,161,63.0,63.0,0.391304347826087,0,,,unaffected,False,False,False,True,湘南台,4646.934228511149,荒井,128.81164719506344,bus_stop,荒井,128.81164719506344,藤沢御所見病院,807.7071201676466,藤沢御所見病院,807.7071201676466,御所見総合クリニック,857.9085830999585,0.11787072243346007,0.9163498098859315,0.2661596958174905,0.9619771863117871,0.031372435628677586,0.11338894591507756,0.030179567353822927,235,174,182,False,True,True,True,182
533903634,35.389583333333334,139.421875,1.0,True,25,11.0,11.0,0.44,0,,,unaffected,False,False,False,True,湘南台,4087.389874465126,遠藤西の谷,429.2439485867648,bus_stop,遠藤西の谷,429.2439485867648,慶應義塾湘南藤沢診療所,487.2503693539082,医療法人社団　健育会　湘南慶育病院,864.1994878873511,慶應義塾湘南藤沢診療所,487.2503693539082,0.011406844106463879,0.9657794676806084,0.9049429657794676,0.7490494296577946,0.010322543335887464,0.008544290072142144,0.007732095198364373,252,259,232,False,True,True,True,232
533903641,35.38541666666667,139.42812500000002,0.8251342295166736,True,73,20.0,20.0,0.273972602739726,0,,,unaffected,False,False,False,True,湘南台,3655.345215326853,慶応中高降車場,146.84552986874778,bus_stop,慶応中高降車場,146.84552986874778,慶應義塾湘南藤沢診療所,324.1115700314255,医療法人社団　健育会　湘南慶育病院,676.8702021304395,慶應義塾湘南藤沢診療所,324.1115700314255,0.026615969581749048,0.6159695817490495,0.3231939163498099,0.5057034220532319,0.008602119446572886,0.013459786898755223,0.004350121241042562,255,251,247,False,True,True,True,247
533903642,35.38541666666667,139.434375,1.0,True,353,76.0,76.0,0.21529745042492918,0,,,unaffected,False,False,False,True,湘南台,3124.6673024021616,宝泉寺,294.24010680410447,bus_stop,宝泉寺,294.24010680410447,医療法人誠翔会　セントジョージクリニック,319.16612363092946,医療法人社団　健育会　湘南慶育病院,677.7683882261616,医療法人誠翔会　セントジョージクリニック,319.16612363092946,0.1596958174904943,0.2661596958174905,0.7566539923954373,0.49809885931558934,0.12083447787303561,0.07954430452948576,0.060187515594553855,161,201,140,False,True,True,True,140
533903643,35.389583333333334,139.42812500000002,1.0,True,63,30.0,30.0,0.47619047619047616,0,,,unaffected,False,False,False,True,湘南台,3530.4712047172725,遠藤打越,170.32792718053616,bus_stop,遠藤打越,170.32792718053616,慶應義塾湘南藤沢診療所,188.7369394833453,医療法人社団　健育会　湘南慶育病院,321.41202417696417,慶應義塾湘南藤沢診療所,188.7369394833453,0.051330798479087454,0.9847908745247148,0.4144486692015209,0.2585551330798479,0.021273981118709248,0.013271841431855311,0.0055004970192860415,245,252,240,False,True,True,True,240
533903644,35.389583333333334,139.434375,1.0,True,250,71.0,71.0,0.284,0,,,unaffected,False,False,False,True,湘南台,2977.651680090209,諸之木,250.60860860954,bus_stop,諸之木,250.60860860954,医療法人誠翔会　セントジョージクリニック,160.79531674890572,医療法人社団　健育会　湘南慶育病院,323.2994364507227,医療法人誠翔会　セントジョージクリニック,160.79531674890572,0.14068441064638784,0.6730038022813688,0.6463878326996197,0.20152091254752852,0.09093669129234194,0.028350850814671313,0.018325645013285638,183,238,214,False,True,True,True,214
533903651,35.38541666666667,139.440625,0.9999999999999998,True,680,190.0,190.0,0.27941176470588236,0,,,unaffected,False,False,False,True,湘南台,2609.652597440685,遠藤北原,231.75558814305347,bus_stop,遠藤北原,231.75558814305347,プレス工業株式会社藤沢工場診療所,434.89545929841205,医療法人社団　健育会　湘南慶育病院,1051.3661499032714,プレス工業株式会社藤沢工場診療所,434.89545929841205,0.33079847908745247,0.6501901140684411,0.6121673003802282,0.6958174904942965,0.20250401191285114,0.2301753675779612,0.1409058333842272,119,105,79,False,True,True,True,79
533903652,35.38541666666667,139.44687499999998,1.0,True,793,131.0,131.0,0.16519546027742749,0,,,unaffected,False,False,False,True,湘南台,2121.737600241577,東京ラヂエーター前,119.74307915249754,bus_stop,東京ラヂエーター前,119.74307915249754,湘南台宮治クリニック,263.31578941614265,医療法人社団いしずえ　湘南敬愛病院,1041.2557576213148,湘南台宮治クリニック,263.31578941614265,0.26425855513307983,0.06844106463878327,0.22433460076045628,0.39923954372623577,0.05928233746331449,0.10550246497708511,0.02366785335987841,206,181,197,False,True,True,True,197
533903653,35.389583333333334,139.440625,1.0,True,472,163.0,163.0,0.3453389830508475,0,,,unaffected,False,False,False,True,湘南台,2431.7283534689054,秋葉台小学校,65.7410180587485,bus_stop,秋葉台小学校,65.7410180587485,医療法人社団芳晴会　愛児レディースクリニック,50.90549348114646,医療法人社団　健育会　湘南慶育病院,866.3084181548701,医療法人社団芳晴会　愛児レディースクリニック,50.90549348114646,0.2946768060836502,0.8403041825095057,0.08365019011406843,0.034220532319391636,0.024649770851103817,0.010083997166360653,0.0008435282800757961,241,257,259,False,True,True,True,257
533903654,35.389583333333334,139.44687499999998,1.0,True,1543,375.0,375.0,0.24303305249513935,0,,,unaffected,False,False,False,True,湘南台,1898.6589251424705,文化体育館前,134.8836113420657,bus_stop,文化体育館前,134.8836113420657,湘南台宮治クリニック,311.6664596210102,医療法人社団いしずえ　湘南敬愛病院,1027.7343440587865,湘南台宮治クリニック,311.6664596210102,0.5019011406844106,0.43346007604562736,0.2889733840304182,0.4828897338403042,0.14503607107230115,0.24236290823924012,0.07003642975734695,153,100,129,False,True,True,True,129
533903661,35.38541666666667,139.453125,1.0,True,1383,257.0,257.0,0.18582791033984092,0,,,unaffected,False,False,False,True,六会日大前,1609.7692054725824,丸石,132.18370396824625,bus_stop,丸石,132.18370396824625,株式会社ＨＧＳＴジャパン藤沢事業所健康管理室,137.5726524665109,医療法人社団いしずえ　湘南敬愛病院,511.85909086377086,株式会社ＨＧＳＴジャパン藤沢事業所健康管理室,137.5726524665109,0.3916349809885932,0.13688212927756654,0.2813688212927757,0.17870722433460076,0.11019387297777908,0.06998800040480563,0.019692441178538467,169,211,206,False,True,True,True,206
533903662,35.38541666666667,139.45937499999997,1.0000000000000002,True,1136,185.0,185.0,0.16285211267605634,0,,,unaffected,False,False,False,True,六会日大前,1047.647688464373,石川山田,258.45659416046124,bus_stop,石川山田,258.45659416046124,村田会湘南台内科クリニック,196.36971466652912,医療法人社団いしずえ　湘南敬愛病院,290.85019817283893,村田会湘南台内科クリニック,196.36971466652912,0.3155893536121673,0.057034220532319393,0.6768060836501901,0.2813688212927757,0.21359279445994592,0.08879700443840449,0.06009835281382509,113,195,141,False,True,True,True,141
533903663,35.389583333333334,139.453125,1.0,True,910,215.0,215.0,0.23626373626373626,0,,,unaffected,False,False,False,True,湘南台,1393.2757616542647,団地中央,128.47409398087296,bus_stop,団地中央,128.47409398087296,日本精工桐原事業所健康推進室,114.10761581790793,医療法人社団いしずえ　湘南敬愛病院,483.80404667982754,日本精工桐原事業所健康推進室,114.10761581790793,0.3726235741444867,0.38783269961977185,0.2623574144486692,0.14068441064638784,0.09776055747516953,0.05242232792146772,0.01375338641285655,178,217,217,False,True,True,True,217
533903664,35.389583333333334,139.45937499999997,1.0,True,2728,581.0,581.0,0.21297653958944282,0,,,unaffected,False,False,False,True,湘南台,960.3315772057915,桐ヶ谷,100.01991776712039,bus_stop,桐ヶ谷,100.01991776712039,医療法人社団いしずえ　湘南敬愛病院,238.0537781043877,医療法人社団いしずえ　湘南敬愛病院,238.0537781043877,村田会湘南台内科クリニック,289.091197612517,0.6958174904942965,0.25475285171102663,0.17110266159695817,0.34980988593155893,0.11905622460929027,0.24340383697899345,0.04164704435001789,163,99,164,False,True,True,True,164
533903671,35.38541666666667,139.465625,1.0,True,2401,432.0,432.0,0.17992503123698458,0,,,unaffected,False,False,False,True,六会日大前,498.61206898591763,天神町2号,453.2822549919005,bus_stop,天神町2号,453.2822549919005,今村内科クリニック,456.23310756097834,医療法人社団いしずえ　湘南敬愛病院,742.9636273190115,今村内科クリニック,456.23310756097834,0.5437262357414449,0.11026615969581749,0.9125475285171103,0.7186311787072244,0.4961760326157672,0.3907386256849167,0.356567567164943,30,34,14,False,True,True,True,14
533903672,35.38541666666667,139.471875,0.9999999999999998,True,2613,681.0,681.0,0.2606199770378875,0,,,unaffected,False,False,False,True,六会日大前,210.95243122247427,六会日大前駅西口,251.23936823580314,station,六会日大前,210.95243122247427,関野内科医院,28.907378995702913,湘南第一病院,1115.0264423213653,関野内科医院,28.907378995702913,0.8250950570342205,0.5475285171102662,0.5551330798479087,0.011406844106463879,0.45803756017869274,0.009411730688603275,0.005224763043863416,35,258,243,False,True,True,True,243
533903673,35.389583333333334,139.465625,1.0,True,2799,690.0,690.0,0.2465166130760986,0,,,unaffected,False,False,False,True,湘南台,740.2451982622152,湘南台住宅前,363.83441598569107,bus_stop,湘南台住宅前,363.83441598569107,湘南台ふかさわクリニック,279.48223921322096,湘南第一病院,684.7256183724783,湘南台ふかさわクリニック,279.48223921322096,0.8422053231939164,0.4714828897338403,0.8517110266159695,0.43346007604562736,0.717315560438925,0.36506238343766717,0.31092765737656824,9,45,19,False,True,True,True,19
533903674,35.389583333333334,139.471875,1.0,True,3034,709.0,709.0,0.23368490441661174,0,,,unaffected,False,False,False,True,六会日大前,654.0264517773867,六会,343.37208371440215,bus_stop,六会,343.37208371440215,湘南台外科胃腸科医院,215.00280691490346,湘南第一病院,676.5802159685712,湘南台外科胃腸科医院,215.00280691490346,0.8669201520912547,0.376425855513308,0.8174904942965779,0.30798479087452474,0.7086989836487444,0.26699822174673626,0.21826850827204677,10,88,37,False,True,True,True,37
533903681,35.38541666666667,139.47812499999998,1.0,True,2162,558.0,558.0,0.25809435707678074,0,,,unaffected,False,False,False,True,六会日大前,696.5813524093154,雲昌寺,112.5254833956129,bus_stop,雲昌寺,112.5254833956129,杉田外科,443.35680210521,湘南第一病院,1370.015177869244,杉田外科,443.35680210521,0.6711026615969582,0.5361216730038023,0.20532319391634982,0.7034220532319392,0.13779294192485073,0.4720684121499516,0.09692659412964785,157,21,105,False,True,True,True,105
533903682,35.38541666666667,139.484375,0.6220202118091562,True,1405,318.0,318.0,0.22633451957295372,0,,,unaffected,False,False,False,True,六会日大前,1253.31044549962,亀井野三丁目,505.6510412553402,bus_stop,亀井野三丁目,505.6510412553402,杉田外科,949.2278085358377,湘南第一病院,1776.3291553830466,杉田外科,949.2278085358377,0.44106463878326996,0.311787072243346,0.935361216730038,0.9771863117870723,0.4125547571889141,0.4310023276323208,0.4031428615876461,46,26,8,True,True,True,True,8
533903683,35.389583333333334,139.47812499999998,0.9403201796682417,True,1054,200.0,200.0,0.18975332068311196,0,,,unaffected,False,False,False,True,六会日大前,931.9079420014809,六会,232.7515087662638,bus_stop,六会,232.7515087662638,西郡医院,348.64867312572994,湘南第一病院,1044.6942997951833,西郡医院,348.64867312572994,0.3517110266159696,0.1520912547528517,0.6197718631178707,0.5513307984790875,0.21798059824487848,0.19390912113808212,0.12017941728329803,110,120,92,False,True,True,True,92
533903684,35.389583333333334,139.484375,0.15084145501892537,False,154,41.0,41.0,0.2662337662337662,0,,,unaffected,False,False,False,True,六会日大前,1397.8404438252387,雲昌寺,755.272861185345,bus_stop,雲昌寺,755.272861185345,西郡医院,898.2865353227651,湘南第一病院,1539.3909406850464,西郡医院,898.2865353227651,,,,,,,,,,,,True,True,False,
533903712,35.39375,139.39687499999997,0.634842022094355,True,1066,192.0,192.0,0.1801125703564728,0,,,unaffected,False,False,False,True,湘南台,6297.031083151785,宮原南,763.5642557184768,bus_stop,宮原南,763.5642557184768,藤沢御所見病院,1076.922017172146,藤沢御所見病院,1076.922017172146,御所見総合クリニック,1130.2340277666437,0.33460076045627374,0.11787072243346007,0.9885931558935361,0.9847908745247148,0.33078402174384475,0.32951177550636845,0.32575308605192316,70,58,17,True,True,True,True,17
533903714,35.397916666666674,139.39687499999997,0.7744396120504796,True,99,25.0,25.0,0.25252525252525254,0,,,unaffected,False,False,False,True,湘南台,6293.530801127223,宮原中央,957.1989561816131,bus_stop,宮原中央,957.1989561816131,藤沢御所見病院,1153.4304810311307,藤沢御所見病院,1153.4304810311307,御所見総合クリニック,1156.8848471927874,0.034220532319391636,0.5019011406844106,1.0,0.9961977186311787,0.034220532319391636,0.034090416226922465,0.034090416226922465,233,228,176,True,True,True,True,176
533903721,35.39375,139.403125,1.0,True,519,163.0,163.0,0.3140655105973025,0,,,unaffected,False,False,False,True,湘南台,5729.883550462894,宮原南,275.52990830253935,bus_stop,宮原南,275.52990830253935,藤沢御所見病院,510.28272436707067,藤沢御所見病院,510.28272436707067,御所見総合クリニック,574.590708142257,0.2946768060836502,0.7870722433460076,0.7262357414448669,0.779467680608365,0.21400482875276497,0.2296910465671038,0.16680984750690805,111,106,62,False,True,True,True,62
533903722,35.39375,139.409375,1.0,True,255,124.0,124.0,0.48627450980392156,0,,,unaffected,False,False,False,True,湘南台,5162.8687011099,宮原中央,272.03150775902907,bus_stop,宮原中央,272.03150775902907,藤沢御所見病院,75.57758361427416,藤沢御所見病院,75.57758361427416,御所見総合クリニック,166.03495123646397,0.25475285171102663,0.9885931558935361,0.7186311787072244,0.060836501901140684,0.1830733421041218,0.015498272347438882,0.011137541724965585,128,250,221,False,True,True,True,221
533903723,35.397916666666674,139.403125,1.0,True,216,79.0,79.0,0.36574074074074076,0,,,unaffected,False,False,False,True,湘南台,5726.067228421536,宮原,463.61596740803196,bus_stop,宮原,463.61596740803196,御所見総合クリニック,625.4252723330708,藤沢御所見病院,656.5633822483694,御所見総合クリニック,625.4252723330708,0.1634980988593156,0.8745247148288974,0.9163498098859315,0.870722433460076,0.14982145180644507,0.14236146250487935,0.13045289910142935,147,157,86,False,True,True,True,86
533903724,35.397916666666674,139.409375,1.0,True,796,313.0,313.0,0.39321608040201006,0,,,unaffected,False,False,False,True,湘南台,5158.663720577549,宮原,182.17528114920617,bus_stop,宮原,182.17528114920617,御所見総合クリニック,297.633041395837,藤沢御所見病院,420.01428069561,御所見総合クリニック,297.633041395837,0.4372623574144487,0.9277566539923955,0.4752851711026616,0.45627376425855515,0.2078243143604794,0.19951134178606025,0.09482478221770924,117,113,106,False,True,True,True,106
533903731,35.39375,139.41562499999998,1.0,True,333,99.0,99.0,0.2972972972972973,0,,,unaffected,False,False,False,True,湘南台,4596.035526099606,打戻大仲,83.6505459850593,bus_stop,打戻大仲,83.6505459850593,御所見総合クリニック,608.0026941082597,藤沢御所見病院,629.0711544717847,御所見総合クリニック,608.0026941082597,0.20152091254752852,0.7376425855513308,0.10646387832699619,0.8555133079847909,0.021454697913805318,0.17240382252164987,0.01835477958405398,244,135,212,False,True,True,True,212
533903732,35.39375,139.421875,1.0,True,128,27.0,27.0,0.2109375,0,,,unaffected,False,False,False,True,湘南台,4029.460564692499,宇都母知神社入口,97.87763948952613,bus_stop,宇都母知神社入口,97.87763948952613,慶應義塾湘南藤沢診療所,771.5663500090692,医療法人社団　健育会　湘南慶育病院,905.1510063963772,慶應義塾湘南藤沢診療所,771.5663500090692,0.04182509505703422,0.23574144486692014,0.1634980988593156,0.9581749049429658,0.0068383235264352525,0.040075756480504265,0.006552309994911344,258,225,238,False,True,True,True,238
533903733,35.397916666666674,139.41562499999998,0.9999999999999998,True,408,151.0,151.0,0.3700980392156863,0,,,unaffected,False,False,False,True,湘南台,4591.342429353095,古里団地,240.1343162231425,bus_stop,古里団地,240.1343162231425,鈴木医院,406.46707620758616,藤沢御所見病院,752.6024097750696,鈴木医院,406.46707620758616,0.2889733840304182,0.8935361216730038,0.6311787072243346,0.6501901140684411,0.18239384695456054,0.18788763752548104,0.1185906761567675,129,126,93,False,True,True,True,93
533903734,35.397916666666674,139.421875,1.0,True,83,23.0,23.0,0.27710843373493976,0,,,unaffected,False,False,False,True,湘南台,4024.137996269391,西菖蒲沢,481.10921982459513,bus_stop,西菖蒲沢,481.10921982459513,鈴木医院,639.5621432928705,医療法人社団　健育会　湘南慶育病院,1148.5187283691068,鈴木医院,639.5621432928705,0.030418250950570342,0.6425855513307985,0.9239543726235742,0.8859315589353612,0.02810507597334066,0.026948488484725818,0.024899173771058453,237,239,192,False,True,True,True,192
533903741,35.39375,139.42812500000002,1.0,True,136,30.0,30.0,0.22058823529411764,0,,,unaffected,False,False,False,True,湘南台,3463.270396951905,遠藤西の谷,314.2552460984658,bus_stop,遠藤西の谷,314.2552460984658,医療法人社団　健育会　湘南慶育病院,419.28074298075546,医療法人社団　健育会　湘南慶育病院,419.28074298075546,慶應義塾湘南藤沢診療所,627.3225133579591,0.051330798479087454,0.29277566539923955,0.7756653992395437,0.6768060836501901,0.03981552429556593,0.03474099668926831,0.026947389066960974,221,226,190,False,True,True,True,190
533903742,35.39375,139.434375,1.0000000000000002,True,259,66.0,66.0,0.2548262548262548,0,,,unaffected,False,False,False,True,湘南台,2897.690414236514,藤沢ジャンボゴルフ前,442.04169459020557,bus_stop,藤沢ジャンボゴルフ前,442.04169459020557,医療法人社団　健育会　湘南慶育病院,420.7292218645511,医療法人社団　健育会　湘南慶育病院,420.7292218645511,医療法人誠翔会　セントジョージクリニック,614.150938236685,0.12927756653992395,0.5133079847908745,0.908745247148289,0.6806083650190115,0.11748037415605256,0.0879873931963741,0.07995812537617265,164,196,121,False,True,True,True,121
533903743,35.397916666666674,139.42812500000002,1.0,True,153,54.0,54.0,0.35294117647058826,0,,,unaffected,False,False,False,True,湘南台,3457.1077900830537,菖蒲沢,235.1879642800739,bus_stop,菖蒲沢,235.1879642800739,医療法人社団　健育会　湘南慶育病院,821.9647868232088,医療法人社団　健育会　湘南慶育病院,821.9647868232088,宮本内科消化器科クリニック,857.533965888808,0.11026615969581749,0.8555133079847909,0.623574144486692,0.9657794676806084,0.06875912619815235,0.10649279301421158,0.06640615229783535,198,179,132,False,True,True,True,132
533903744,35.397916666666674,139.434375,1.0,True,178,53.0,53.0,0.29775280898876405,0,,,unaffected,False,False,False,True,湘南台,2890.354175709116,笹久保,84.8186040442719,bus_stop,笹久保,84.8186040442719,宮本内科消化器科クリニック,562.6781148362896,医療法人社団　健育会　湘南慶育病院,822.7043998277821,宮本内科消化器科クリニック,562.6781148362896,0.10646387832699619,0.7452471482889734,0.11406844106463879,0.8174904942965779,0.01214416863045584,0.08703320851826685,0.009927742416532341,251,197,224,False,True,True,True,224
533903751,35.39375,139.440625,1.0,True,1714,338.0,338.0,0.1971995332555426,0,,,unaffected,False,False,False,True,湘南台,2333.16418688853,遠藤,254.71095713514396,bus_stop,遠藤,254.71095713514396,医療法人社団芳晴会　愛児レディースクリニック,491.21737316493227,医療法人社団　健育会　湘南慶育病院,907.1645749991286,医療法人社団芳晴会　愛児レディースクリニック,491.21737316493227,0.4524714828897338,0.19011406844106463,0.6577946768060836,0.752851711026616,0.29763333285142185,0.3406439300842863,0.22407376389574724,82,56,35,False,True,True,True,35
533903752,35.39375,139.44687499999998,1.0,True,1440,251.0,251.0,0.17430555555555555,0,,,unaffected,False,False,False,True,湘南台,1770.6995839305716,南大山,81.86507469483232,bus_stop,南大山,81.86507469483232,みやけ眼科,147.6227651128664,医療法人社団いしずえ　湘南敬愛病院,1206.4821245902415,みやけ眼科,147.6227651128664,0.38783269961977185,0.09505703422053231,0.10266159695817491,0.18631178707224336,0.03981552429556593,0.07225780335121225,0.007418101484725212,221,209,233,False,True,True,True,233
533903753,35.397916666666674,139.440625,1.0,True,1060,292.0,292.0,0.27547169811320754,0,,,unaffected,False,False,False,True,湘南台,2324.0792966297718,仲之桜,115.63273843405379,bus_stop,仲之桜,115.63273843405379,医療法人知真会　湘南真心クリニック,302.40322450722124,医療法人社団　健育会　湘南慶育病院,1150.1058809398344,医療法人知真会　湘南真心クリニック,302.40322450722124,0.41825095057034223,0.623574144486692,0.21292775665399238,0.467680608365019,0.08905723662334283,0.19560785901198516,0.04165034260331243,184,118,163,False,True,True,True,163
533903754,35.397916666666674,139.44687499999998,1.0,True,764,177.0,177.0,0.23167539267015708,0,,,unaffected,False,False,False,True,湘南台,1758.7453584331174,菖蒲沢団地,247.55267063822842,bus_stop,菖蒲沢団地,247.55267063822842,グランドヴィラ湘南台診療所,303.4850845910409,医療法人社団いしずえ　湘南敬愛病院,1510.7276861808832,グランドヴィラ湘南台診療所,303.4850845910409,0.311787072243346,0.34600760456273766,0.6387832699619772,0.4714828897338403,0.19916436553947578,0.1470022698029464,0.09390259059655892,121,152,109,False,True,True,True,109
533903762,35.39375,139.45937499999997,1.0,True,2409,391.0,391.0,0.16230801162308012,0,,,unaffected,False,False,False,True,湘南台,672.9386873260268,円行上庭,176.7744478259792,bus_stop,円行上庭,176.7744478259792,桧山整形外科,341.9750831376249,医療法人社団いしずえ　湘南敬愛病院,675.3383321692537,桧山整形外科,341.9750831376249,0.5133079847908745,0.049429657794676805,0.4448669201520912,0.5399239543726235,0.2283537422833928,0.27714727695933145,0.12329365552943641,104,81,90,False,True,True,True,90
533903763,35.397916666666674,139.453125,1.0,True,13,0.0,0.0,0.0,0,,,unaffected,False,False,False,True,湘南台,1195.68736334707,いすゞ南門,273.6996927820885,bus_stop,いすゞ南門,273.6996927820885,いすゞ自動車藤沢工場健康診断診療所,406.9883707327492,医療法人社団いしずえ　湘南敬愛病院,1208.3917406995922,いすゞ自動車藤沢工場健康診断診療所,406.9883707327492,0.0038022813688212928,0.0038022813688212928,0.7224334600760456,0.6539923954372624,0.0027468952854602493,0.0024866631005219103,0.0017964486277534711,261,263,255,False,False,False,False,
533903764,35.397916666666674,139.45937499999997,0.9999999999999998,True,2282,463.0,463.0,0.20289219982471515,0,,,unaffected,False,False,False,True,湘南台,640.9311457584884,北警察署前,268.0510084403829,bus_stop,北警察署前,268.0510084403829,すが内科クリニック,382.07131406249636,湘南第一病院,914.0807164868937,すが内科クリニック,382.07131406249636,0.5741444866920152,0.20912547528517111,0.6996197718631179,0.6083650190114068,0.4016828347959346,0.34928942156168225,0.24436978542718454,49,53,31,False,True,True,True,31
533903771,35.39375,139.465625,1.0,True,3430,558.0,558.0,0.16268221574344024,0,,,unaffected,False,False,False,True,湘南台,280.34294025662797,湘南台住宅前,197.94043105282742,bus_stop,湘南台住宅前,197.94043105282742,医療法人誠翔会　中沢内科医院,30.115221695391828,湘南第一病院,332.6567053177308,医療法人誠翔会　中沢内科医院,30.115221695391828,0.6711026615969582,0.053231939163498096,0.5247148288973384,0.015209125475285171,0.35213751825239636,0.01020688458702598,0.005355703699656218,61,256,241,False,True,True,True,241
533903772,35.39375,139.471875,0.9999999999999998,True,2715,524.0,524.0,0.19300184162062614,0,,,unaffected,False,False,False,True,湘南台,580.2482622726969,今田,65.21511043543981,bus_stop,今田,65.21511043543981,メディカルパーク湘南,189.20516612777905,湘南第一病院,315.55163772460105,メディカルパーク湘南,189.20516612777905,0.6197718631178707,0.16730038022813687,0.07984790874524715,0.2623574144486692,0.049487487169107544,0.16260174355563908,0.012983409181248748,217,140,219,False,True,True,True,219
533903773,35.397916666666674,139.465625,1.0,True,6124,1103.0,1103.0,0.180111038536904,0,,,unaffected,False,False,False,True,湘南台,170.4615719471916,湘南台駅東口,208.46871936625095,station,湘南台,170.4615719471916,湘南台東口クリニック,78.03404269608686,湘南第一病院,424.0378553477928,湘南台東口クリニック,78.03404269608686,0.9809885931558935,0.11406844106463879,0.41825095057034223,0.07984790874524715,0.41029941158611516,0.07832988766644017,0.03276154997455673,47,204,180,False,True,True,True,180
533903774,35.397916666666674,139.471875,1.0,True,2946,494.0,494.0,0.16768499660556688,0,,,unaffected,False,False,False,True,湘南台,513.1867577553061,今田上原,102.47323624187683,bus_stop,今田上原,102.47323624187683,明石医院,33.96592674587439,湘南第一病院,410.75661113249186,明石医院,33.96592674587439,0.596958174904943,0.07224334600760456,0.18250950570342206,0.019011406844106463,0.10895054142751812,0.011349014732033137,0.002071303068964223,171,254,254,False,True,True,True,253
533903781,35.39375,139.47812499999998,0.5420968545598812,True,1010,142.0,142.0,0.1405940594059406,0,,,unaffected,False,False,False,True,湘南台,1102.575625028516,今田西原,339.2959953439174,bus_stop,今田西原,339.2959953439174,瀬戸山産婦人科,427.36846565141116,湘南第一病院,856.251014774963,瀬戸山産婦人科,427.36846565141116,0.27756653992395436,0.019011406844106463,0.8136882129277566,0.6844106463878327,0.22585262183926322,0.18996949500498778,0.15457593890139687,107,124,67,False,True,True,True,67
533903783,35.397916666666674,139.47812499999998,0.43237548524378105,False,850,273.0,273.0,0.3211764705882353,0,,,unaffected,False,False,False,True,湘南台,1068.7845561822155,今田上原,479.97530531174317,bus_stop,今田上原,479.97530531174317,牧小児科医院,515.2035499403422,湘南第一病院,895.7015868567457,牧小児科医院,515.2035499403422,,,,,,,,,,,,True,True,False,
533903812,35.40208333333334,139.39687499999997,0.2551431579332972,False,12,7.0,7.0,0.5833333333333334,0,,,unaffected,False,False,False,True,長後,6319.332728487411,宮原,1174.099183807073,bus_stop,宮原,1174.099183807073,湘南ごしょみ眼科,1235.1454660254153,藤沢御所見病院,1388.662823641144,湘南ごしょみ眼科,1235.1454660254153,,,,,,,,,,,,False,False,False,
533903821,35.40208333333334,139.403125,0.5988305775201759,False,36,18.0,18.0,0.5,0,,,unaffected,False,False,False,True,湘南台,5759.467466913349,西用田,675.1524106786799,bus_stop,西用田,675.1524106786799,湘南ごしょみ眼科,676.5726054476696,藤沢御所見病院,1014.4476231957357,湘南ごしょみ眼科,676.5726054476696,,,,,,,,,,,,True,True,False,
533903822,35.40208333333334,139.409375,1.0,True,832,305.0,305.0,0.36658653846153844,0,,,unaffected,False,False,False,True,湘南台,5195.743309232072,中原,198.3035791638195,bus_stop,中原,198.3035791638195,湘南ごしょみ眼科,185.72885489024796,藤沢御所見病院,880.0302719057854,湘南ごしょみ眼科,185.72885489024796,0.4296577946768061,0.8783269961977186,0.5285171102661597,0.2509505703422053,0.22708149604591651,0.10782286862611863,0.05698623094688399,105,177,146,False,True,True,True,146
533903823,35.406250000000014,139.403125,0.07880415609159021,False,184,55.0,55.0,0.29891304347826086,0,,,unaffected,False,False,False,True,長後,5689.107940819204,西用田,607.920792919205,bus_stop,西用田,607.920792919205,湘南ごしょみ眼科,906.7215801700642,藤沢御所見病院,1433.3439427873416,湘南ごしょみ眼科,906.7215801700642,,,,,,,,,,,,True,True,False,
533903824,35.406250000000014,139.409375,0.9631455715306307,True,296,109.0,109.0,0.36824324324324326,0,,,unaffected,False,False,False,True,長後,5125.792069532346,西用田,139.97912162014714,bus_stop,西用田,139.97912162014714,湘南ごしょみ眼科,631.5934797185503,藤沢御所見病院,1341.5799287753248,湘南ごしょみ眼科,631.5934797185503,0.2262357414448669,0.8859315589353612,0.30798479087452474,0.8783269961977186,0.06967716751724039,0.19870895921583367,0.061199337248983,196,115,139,False,True,True,True,139
533903831,35.40208333333334,139.41562499999998,1.0,True,1636,532.0,532.0,0.3251833740831296,0,,,unaffected,False,False,False,True,湘南台,4632.995450798463,御所見小学校前,86.87613979107765,bus_stop,御所見小学校前,86.87613979107765,鈴木医院,92.64649239572022,藤沢御所見病院,1079.0881729907283,鈴木医院,92.64649239572022,0.6330798479087453,0.8098859315589354,0.12167300380228137,0.08745247148288973,0.07702872674174847,0.05536439734563171,0.006736352528746064,190,216,236,False,True,True,True,236
533903832,35.40208333333334,139.421875,1.0,True,858,243.0,243.0,0.28321678321678323,0,,,unaffected,False,False,False,True,湘南台,4071.628590815423,御所見中学校前,128.83412552164148,bus_stop,御所見中学校前,128.83412552164148,鈴木医院,502.38945168727173,藤沢御所見病院,1482.915022689039,鈴木医院,502.38945168727173,0.3821292775665399,0.6653992395437263,0.26996197718631176,0.7680608365019012,0.10316037531264004,0.2934985325796238,0.07923344415647637,174,76,124,False,True,True,True,124
533903833,35.406250000000014,139.41562499999998,0.9999999999999998,True,804,213.0,213.0,0.26492537313432835,0,,,unaffected,False,False,False,True,長後,4563.550606998482,用田,259.2986497158803,bus_stop,用田,259.2986497158803,西山内科クリニック,245.03770237538117,藤沢御所見病院,1479.7952881454878,西山内科クリニック,245.03770237538117,0.3688212927756654,0.5779467680608364,0.6806083650190115,0.376425855513308,0.25102285706024374,0.1388338706646041,0.09449149372229708,96,159,107,False,True,True,True,107
533903834,35.406250000000014,139.421875,1.0,True,482,146.0,146.0,0.3029045643153527,0,,,unaffected,False,False,False,True,長後,4002.8361838527876,御所見中学校前,367.8329424865314,bus_stop,御所見中学校前,367.8329424865314,特別養護老人ホームかつらはら医務室,376.29933119799716,藤沢御所見病院,1795.6464001836962,特別養護老人ホームかつらはら医務室,376.29933119799716,0.2813688212927757,0.7604562737642585,0.8593155893536122,0.5931558935361216,0.24178461449493271,0.16689557460712168,0.1434159690540285,99,137,76,False,True,True,True,76
533903841,35.40208333333334,139.42812500000002,1.0,True,486,111.0,111.0,0.22839506172839505,0,,,unaffected,False,False,False,True,湘南台,3512.3048131937767,葛野,49.202722150827164,bus_stop,葛野,49.202722150827164,宮本内科消化器科クリニック,659.3833613087647,医療法人社団　健育会　湘南慶育病院,1266.0157507579595,宮本内科消化器科クリニック,659.3833613087647,0.23193916349809887,0.3269961977186312,0.03802281368821293,0.9011406844106464,0.00881897960068817,0.20900981653630965,0.007947141313167667,254,110,231,False,True,True,True,231
533903842,35.40208333333334,139.434375,1.0000000000000002,True,270,101.0,101.0,0.37407407407407406,0,,,unaffected,False,False,False,True,湘南台,2956.1838550301754,宮の腰,264.9854144008956,bus_stop,宮の腰,264.9854144008956,宮本内科消化器科クリニック,126.68967774098859,医療法人社団　健育会　湘南慶育病院,1266.4958600865832,宮本内科消化器科クリニック,126.68967774098859,0.20912547528517111,0.8973384030418251,0.6920152091254753,0.1596958174904943,0.14471800951293212,0.033396463733753566,0.023110860834764827,154,229,200,False,True,True,True,200
533903843,35.406250000000014,139.42812500000002,0.9999999999999998,True,216,55.0,55.0,0.25462962962962965,0,,,unaffected,False,False,False,True,長後,3444.3944923999757,宮下,411.23478192322864,bus_stop,宮下,411.23478192322864,特別養護老人ホームかつらはら医務室,493.6650750381428,医療法人社団　健育会　湘南慶育病院,1719.6821033368697,特別養護老人ホームかつらはら医務室,493.6650750381428,0.11406844106463879,0.5095057034220533,0.8935361216730038,0.7566539923954373,0.10192427243418295,0.08631034133788258,0.07712140765932475,175,198,125,False,True,True,True,125
533903844,35.406250000000014,139.434375,1.0,True,452,123.0,123.0,0.2721238938053097,0,,,unaffected,False,False,False,True,長後,2889.543361298448,出荷場前,90.45892451186921,bus_stop,出荷場前,90.45892451186921,宮本内科消化器科クリニック,377.93328382533855,医療法人社団　健育会　湘南慶育病院,1720.0353672180752,宮本内科消化器科クリニック,377.93328382533855,0.2509505703422053,0.6045627376425855,0.14068441064638784,0.596958174904943,0.03530483308996805,0.14980699446283738,0.021075508726710962,231,148,203,False,True,True,True,203
533903851,35.40208333333334,139.440625,1.0,True,1375,347.0,347.0,0.25236363636363635,0,,,unaffected,False,False,False,True,湘南台,2405.4878987858538,公民館前,256.55869366138455,bus_stop,公民館前,256.55869366138455,医療法人知真会　湘南真心クリニック,271.49302290342786,医療法人社団　健育会　湘南慶育病院,1499.9596904756831,医療法人知真会　湘南真心クリニック,271.49302290342786,0.4600760456273764,0.49809885931558934,0.6692015209125475,0.41064638783269963,0.3078835894692709,0.18892856626523444,0.1264312838885219,78,125,87,False,True,True,True,87
533903852,35.40208333333334,139.44687499999998,0.9999999999999998,True,329,119.0,119.0,0.3617021276595745,0,,,unaffected,False,False,False,True,湘南台,1865.0284866240083,菖蒲沢団地,254.69862720389048,bus_stop,菖蒲沢団地,254.69862720389048,いすゞ自動車藤沢工場健康診断診療所,325.48867579585175,医療法人社団いしずえ　湘南敬愛病院,1880.5147807303092,いすゞ自動車藤沢工場健康診断診療所,325.48867579585175,0.24714828897338403,0.8669201520912547,0.6539923954372624,0.5133079847908745,0.16163310153392416,0.12686319015744046,0.0829675616238774,137,164,119,False,True,True,True,119
533903853,35.406250000000014,139.440625,0.9463680750433591,True,841,195.0,195.0,0.2318668252080856,0,,,unaffected,False,False,False,True,長後,2340.8371933832827,葛原,123.84056866435482,bus_stop,葛原,123.84056866435482,宮本内科消化器科クリニック,607.1590348846299,医療法人社団　健育会　湘南慶育病院,1898.5139075633579,宮本内科消化器科クリニック,607.1590348846299,0.33840304182509506,0.34980988593155893,0.24334600760456274,0.8517110266159695,0.08234902918937674,0.2882216021628186,0.0701375761917125,187,78,128,False,True,True,True,128
533903854,35.406250000000014,139.44687499999998,0.8049423787034949,True,488,74.0,74.0,0.15163934426229508,0,,,unaffected,False,False,False,True,長後,1803.8919654593183,大持,101.31907896928792,bus_stop,大持,101.31907896928792,いすゞ自動車藤沢工場健康診断診療所,707.8664844457517,医療法人社団　健育会　湘南慶育病院,2212.420788344753,いすゞ自動車藤沢工場健康診断診療所,707.8664844457517,0.15019011406844107,0.03802281368821293,0.17490494296577946,0.9201520912547528,0.0262689933351646,0.13819774754586592,0.02417146915250887,238,160,194,False,True,True,True,194
533903861,35.40208333333334,139.453125,1.0,True,222,40.0,40.0,0.18018018018018017,0,,,unaffected,False,False,False,True,湘南台,1347.1821304078182,下土棚,600.2269217485841,bus_stop,下土棚,600.2269217485841,いすゞ自動車藤沢工場健康診断診療所,365.2824514482825,湘南第一病院,1622.4404172535985,いすゞ自動車藤沢工場健康診断診療所,365.2824514482825,0.07034220532319392,0.12167300380228137,0.9695817490494296,0.5817490494296578,0.06820251846925646,0.040921511081553875,0.03967675028819862,201,224,167,False,True,True,True,167
533903862,35.40208333333334,139.45937499999997,1.0,True,1358,385.0,385.0,0.28350515463917525,0,,,unaffected,False,False,False,True,湘南台,890.7253601934311,とどろき公園,237.72866105794694,bus_stop,とどろき公園,237.72866105794694,いわもと内科,541.2915501139677,湘南第一病院,1154.1208184731415,いわもと内科,541.2915501139677,0.5095057034220533,0.6692015209125475,0.6273764258555133,0.8060836501901141,0.319651867165927,0.4107042172071304,0.2576661438751959,74,31,27,False,True,True,True,27
533903863,35.406250000000014,139.453125,1.0,True,342,91.0,91.0,0.26608187134502925,0,,,unaffected,False,False,False,True,長後,1293.4381479259855,下土棚,202.84049769628845,bus_stop,下土棚,202.84049769628845,いすゞ自動車藤沢工場健康診断診療所,727.0225196762667,湘南第一病院,1885.7454810509023,いすゞ自動車藤沢工場健康診断診療所,727.0225196762667,0.18631178707224336,0.5817490494296578,0.5437262357414449,0.9277566539923955,0.10130260665905247,0.17285200017348815,0.09398416739471029,176,134,108,False,True,True,True,108
533903864,35.406250000000014,139.45937499999997,1.0000000000000002,True,1609,304.0,304.0,0.1889372280919826,0,,,unaffected,False,False,False,True,長後,858.1292889527655,渋谷ノ里,192.8705157858054,bus_stop,渋谷ノ里,192.8705157858054,赤川内科医院,579.8091151574936,湘南第一病院,1501.9269108049846,赤川内科医院,579.8091151574936,0.42585551330798477,0.1482889733840304,0.5019011406844106,0.8212927756653993,0.21373736789602277,0.3497520565571282,0.17554095614274115,112,52,57,False,True,True,True,57
533903871,35.40208333333334,139.465625,0.9999999999999998,True,3313,642.0,642.0,0.19378207063084818,0,,,unaffected,False,False,False,True,湘南台,618.9337119791049,渋谷ヶ原,380.3271107010298,bus_stop,渋谷ヶ原,380.3271107010298,石原医院,234.29048089197454,湘南第一病院,822.3703023632322,石原医院,234.29048089197454,0.7889733840304183,0.17110266159695817,0.870722433460076,0.34220532319391633,0.6869768248781969,0.26999089187352715,0.23508712638417384,11,86,33,False,True,True,True,33
533903872,35.40208333333334,139.471875,0.9957635675157646,True,2242,436.0,436.0,0.19446922390722568,0,,,unaffected,False,False,False,True,湘南台,785.7291019221899,下高倉,387.9062264249978,bus_stop,下高倉,387.9062264249978,牧小児科医院,333.62835368442865,湘南第一病院,815.601707620977,牧小児科医院,333.62835368442865,0.5551330798479087,0.17490494296577946,0.8821292775665399,0.5285171102661597,0.489699142679524,0.29339733117437,0.25881437578879785,32,77,26,False,True,True,True,26
533903873,35.406250000000014,139.465625,1.0,True,3131,852.0,852.0,0.2721175343340786,0,,,unaffected,False,False,False,True,長後,666.5104615172082,渋谷ノ里,380.2182492670703,bus_stop,渋谷ノ里,380.2182492670703,石原医院,326.47468623161564,一般財団法人同友会　藤沢湘南台病院,1241.2897305069284,石原医院,326.47468623161564,0.935361216730038,0.6007604562737643,0.8669201520912547,0.5171102661596958,0.8108834882678656,0.48368488773872687,0.41931617644269853,3,16,7,False,True,True,True,7
533903874,35.406250000000014,139.471875,1.0,True,827,206.0,206.0,0.24909310761789602,0,,,unaffected,False,False,False,True,長後,892.486575140456,下高倉,846.0240198503583,bus_stop,下高倉,846.0240198503583,石原医院,502.2390173025117,一般財団法人同友会　藤沢湘南台病院,1171.3526155543625,石原医院,502.2390173025117,0.3574144486692015,0.4752851711026616,0.9961977186311787,0.7642585551330798,0.35605545837007907,0.2731570501236103,0.2721184301611631,60,83,21,True,True,True,True,21
533903881,35.40208333333334,139.47812499999998,0.11266632927213809,False,657,156.0,156.0,0.2374429223744292,0,,,unaffected,False,False,False,True,湘南台,1223.2189573969733,今田上原,631.7465982285171,bus_stop,今田上原,631.7465982285171,牧小児科医院,594.2664898893678,湘南第一病院,1139.619963644744,牧小児科医院,594.2664898893678,,,,,,,,,,,,True,True,False,
533903883,35.406250000000014,139.47812499999998,0.17267325685011858,False,180,17.0,17.0,0.09444444444444444,0,,,unaffected,False,False,False,True,長後,1339.1315308601665,今田上原,997.5813580915313,bus_stop,今田上原,997.5813580915313,牧小児科医院,931.7767467608518,一般財団法人同友会　藤沢湘南台病院,1359.317153304857,牧小児科医院,931.7767467608518,,,,,,,,,,,,True,True,False,
533903922,35.41041666666668,139.409375,0.4995361567859818,True,208,75.0,75.0,0.3605769230769231,0,,,unaffected,False,False,False,True,長後,5086.294196628,用田神社入口,508.63849814854115,bus_stop,用田神社入口,508.63849814854115,特別養護老人ホーム白鷺苑医務室,730.9662892861542,藤沢御所見病院,1803.4863895264343,特別養護老人ホーム白鷺苑医務室,730.9662892861542,0.155893536121673,0.8631178707224335,0.9429657794676806,0.9315589353612167,0.1470022698029464,0.14522401653920108,0.13694127795331507,150,154,82,False,True,True,True,82
533903924,35.41458333333334,139.409375,0.08349093181272256,False,142,49.0,49.0,0.34507042253521125,0,,,unaffected,False,False,False,True,長後,5088.651443641472,松葉,756.7365920808095,bus_stop,松葉,756.7365920808095,ココロまち診療所,566.9211164170273,藤沢御所見病院,2265.5316195150294,ココロまち診療所,566.9211164170273,,,,,,,,,,,,True,True,False,
533903931,35.41041666666668,139.41562499999998,1.0,True,478,187.0,187.0,0.3912133891213389,0,,,unaffected,False,False,False,True,長後,4519.172385703642,用田神社入口,187.96591095131546,bus_stop,用田神社入口,187.96591095131546,特別養護老人ホーム白鷺苑医務室,187.41148527122422,藤沢御所見病院,1908.5333898550825,特別養護老人ホーム白鷺苑医務室,187.41148527122422,0.3231939163498099,0.9125475285171103,0.49809885931558934,0.25475285171102663,0.1609825210715783,0.08233457184576906,0.041010756318615005,138,200,165,False,True,True,True,165
533903932,35.41041666666668,139.421875,1.0,True,293,131.0,131.0,0.447098976109215,0,,,unaffected,False,False,False,True,長後,3952.1981031677788,松葉,560.3400650712437,bus_stop,松葉,560.3400650712437,特別養護老人ホームかつらはら医務室,239.0031326249331,藤沢御所見病院,2162.6367216072904,特別養護老人ホームかつらはら医務室,239.0031326249331,0.26425855513307983,0.9695817490494296,0.9505703422053232,0.3574144486692015,0.25119634518353595,0.09444982578900953,0.08978120322149194,95,191,115,False,True,True,True,115
533903933,35.41458333333334,139.41562499999998,0.949597067844269,True,135,40.0,40.0,0.2962962962962963,0,,,unaffected,False,False,False,True,長後,4521.85628993572,松葉,194.1442637530021,bus_stop,松葉,194.1442637530021,ココロまち診療所,172.49064810280512,藤沢御所見病院,2350.010422335259,ココロまち診療所,172.49064810280512,0.07034220532319392,0.7262357414448669,0.5057034220532319,0.22433460076045628,0.035572293946710236,0.01578019054778875,0.007980096360668836,230,249,230,False,True,True,True,230
533903934,35.41458333333334,139.421875,0.9755167612710708,True,84,26.0,26.0,0.30952380952380953,0,,,unaffected,False,False,False,True,長後,3955.298007109136,松葉,383.54074588608864,bus_stop,松葉,383.54074588608864,ココロまち診療所,618.4337389866574,藤沢御所見病院,2560.662538076408,ココロまち診療所,618.4337389866574,0.03802281368821293,0.779467680608365,0.8783269961977186,0.8593155893536122,0.03339646373375356,0.03267359655336929,0.028698101915696977,234,231,185,False,True,True,True,185
533903941,35.41041666666668,139.42812500000002,1.0,True,241,88.0,88.0,0.3651452282157676,0,,,unaffected,False,False,False,True,長後,3385.4453182042585,上宮下,124.98259443241147,bus_stop,上宮下,124.98259443241147,特別養護老人ホームかつらはら医務室,399.0254451962042,医療法人社団　健育会　湘南慶育病院,2176.9609461018867,特別養護老人ホームかつらはら医務室,399.0254451962042,0.17870722433460076,0.870722433460076,0.2509505703422053,0.6387832699619772,0.04484667987104049,0.1141551851262849,0.028647308814961227,219,173,186,False,True,True,True,186
533903942,35.41041666666668,139.434375,1.0,True,224,43.0,43.0,0.19196428571428573,0,,,unaffected,False,False,False,True,長後,2819.047445521658,宮下,322.8857120300461,bus_stop,宮下,322.8857120300461,宮本内科消化器科クリニック,834.8397586641892,医療法人社団　健育会　湘南慶育病院,2177.2397929738813,宮本内科消化器科クリニック,834.8397586641892,0.08555133079847908,0.1596958174904943,0.7908745247148289,0.9695817490494296,0.06766036808396825,0.08294900894909568,0.06560225802818213,203,199,136,False,True,True,True,136
533903943,35.41458333333334,139.42812500000002,0.9999999999999998,True,197,43.0,43.0,0.2182741116751269,0,,,unaffected,False,False,False,True,長後,3389.0952380574395,天沼,120.62519282101407,bus_stop,天沼,120.62519282101407,特別養護老人ホームかつらはら医務室,708.5753495889876,医療法人社団　健育会　湘南慶育病院,2635.973072350554,特別養護老人ホームかつらはら医務室,708.5753495889876,0.08555133079847908,0.2813688212927757,0.23193916349809887,0.9239543726235742,0.01984270410154838,0.0790455261750206,0.018333753219301356,246,202,213,False,True,True,True,213
533903944,35.41458333333334,139.434375,0.9703977954948251,True,165,65.0,65.0,0.3939393939393939,0,,,unaffected,False,False,False,True,長後,2823.461689223736,長坂上,285.1368252057054,bus_stop,長坂上,285.1368252057054,特別養護老人ホームかつらはら医務室,1117.3987977768977,医療法人社団　健育会　湘南慶育病院,2636.20314137683,特別養護老人ホームかつらはら医務室,1117.3987977768977,0.12547528517110265,0.9315589353612167,0.7490494296577946,0.9885931558935361,0.09398719079356357,0.12404400815394179,0.09291509356017692,181,165,110,True,True,True,True,110
533903951,35.41041666666668,139.440625,0.6510402122952734,True,200,72.0,72.0,0.36,0,,,unaffected,False,False,False,True,長後,2253.271918343992,藤沢・綾瀬ふれあいの杜,345.10615010040857,bus_stop,藤沢・綾瀬ふれあいの杜,345.10615010040857,宮本内科消化器科クリニック,960.6008791430241,医療法人社団　健育会　湘南慶育病院,2320.812869219423,宮本内科消化器科クリニック,960.6008791430241,0.1444866920152091,0.8593155893536122,0.8288973384030418,0.9809885931558935,0.11976463444606686,0.14173979672974885,0.117487740255077,162,158,95,False,True,True,True,95
533903952,35.41041666666668,139.44687499999998,0.035584442882374036,False,2019,715.0,715.0,0.354135710747895,0,,,unaffected,False,False,False,True,長後,1688.7440696695044,大持,361.82360168328586,bus_stop,大持,361.82360168328586,いすゞ自動車藤沢工場健康診断診療所,1150.4550722647873,一般財団法人同友会　藤沢湘南台病院,2247.4950446479884,いすゞ自動車藤沢工場健康診断診療所,1150.4550722647873,,,,,,,,,,,,True,True,False,
533903953,35.41458333333334,139.440625,0.37338634283041794,False,1731,535.0,535.0,0.30906990179087235,0,,,unaffected,False,False,False,True,長後,2258.824795666568,藤沢・綾瀬ふれあいの杜,183.7149240880267,bus_stop,藤沢・綾瀬ふれあいの杜,183.7149240880267,特別養護老人ホーム藤沢富士白苑医務室,1352.4258890795363,一般財団法人同友会　藤沢湘南台病院,2713.381290780927,特別養護老人ホーム藤沢富士白苑医務室,1352.4258890795363,,,,,,,,,,,,True,True,False,
533903961,35.41041666666668,139.453125,0.585447081934014,True,1882,646.0,646.0,0.3432518597236982,0,,,unaffected,False,False,False,True,長後,1127.3393983606843,坂下,241.70573670527793,bus_stop,坂下,241.70573670527793,赤川内科医院,857.5825338580432,一般財団法人同友会　藤沢湘南台病院,1717.3746324997153,赤川内科医院,857.5825338580432,0.7984790874524715,0.8365019011406845,0.6349809885931559,0.973384030418251,0.5070190403215313,0.7772267923491738,0.49352423696696585,27,2,4,True,True,True,True,4
533903962,35.41041666666668,139.45937499999997,0.9732209424784909,True,1839,429.0,429.0,0.233278955954323,0,,,unaffected,False,False,False,True,長後,578.2267281387227,住宅前,167.88159678382883,bus_stop,住宅前,167.88159678382883,赤川内科医院,291.803480598792,一般財団法人同友会　藤沢湘南台病院,1221.4320564931352,赤川内科医院,291.803480598792,0.5399239543726235,0.3726235741444867,0.4068441064638783,0.4524714828897338,0.21966487877517382,0.24430019228266994,0.09939209343819652,109,98,100,False,True,True,True,100
533903963,35.41458333333334,139.453125,0.04770590472903788,False,1739,553.0,553.0,0.31799884991374355,0,,,unaffected,False,False,False,True,長後,1138.4837037449224,奥田,537.4699117722378,bus_stop,奥田,537.4699117722378,赤川内科医院,954.8425089468302,一般財団法人同友会　藤沢湘南台病院,1585.7463157520976,赤川内科医院,954.8425089468302,,,,,,,,,,,,True,True,False,
533903964,35.41458333333334,139.45937499999997,0.9845751586979059,True,782,188.0,188.0,0.24040920716112532,0,,,unaffected,False,False,False,True,長後,599.7044021578726,長後市民センター前,353.09218073567433,bus_stop,長後市民センター前,353.09218073567433,赤川内科医院,511.33069060837823,一般財団法人同友会　藤沢湘南台病院,1028.1961142987282,赤川内科医院,511.33069060837823,0.3269961977186312,0.4144486692015209,0.8403041825095057,0.7832699619771863,0.27477627260767107,0.25612629935375675,0.21522400059764352,89,91,39,False,True,True,True,39
533903971,35.41041666666668,139.465625,1.0,True,2741,656.0,656.0,0.2393287121488508,0,,,unaffected,False,False,False,True,長後,205.45484469042862,長後駅,198.69325231910602,bus_stop,長後駅,198.69325231910602,長後中央医院,67.45724473725299,一般財団法人同友会　藤沢湘南台病院,823.8901412214349,長後中央医院,67.45724473725299,0.8098859315589354,0.4068441064638783,0.5361216730038023,0.053231939163498096,0.43419740056961936,0.04311179863811823,0.02311316961207099,41,222,199,False,True,True,True,199
533903972,35.41041666666668,139.471875,0.9999999999999998,True,1893,370.0,370.0,0.19545694664553617,0,,,unaffected,False,False,False,True,長後,628.0842614425527,住宅前,426.88101779100356,bus_stop,住宅前,426.88101779100356,たけいハートクリニック,532.217866828218,一般財団法人同友会　藤沢湘南台病院,714.1924131792714,たけいハートクリニック,532.217866828218,0.49809885931558934,0.17870722433460076,0.9011406844106464,0.7984790874524715,0.4488571469878125,0.39772152264742877,0.3584030451233484,38,32,13,False,True,True,True,13
533903973,35.41458333333334,139.465625,1.0,True,2702,787.0,787.0,0.2912657290895633,0,,,unaffected,False,False,False,True,長後,259.85753709307676,長後駅,266.118123083015,station,長後,259.85753709307676,医療法人社団ＴＡＳ長後整形外科,54.28939581196047,一般財団法人同友会　藤沢湘南台病院,494.09311302097666,医療法人社団ＴＡＳ長後整形外科,54.28939581196047,0.908745247148289,0.6958174904942965,0.688212927756654,0.03802281368821293,0.625410227124868,0.0345530512223684,0.02377985654467179,17,227,196,False,True,True,True,196
533903974,35.41458333333334,139.471875,1.0000000000000002,True,2432,747.0,747.0,0.3071546052631579,0,,,unaffected,False,False,False,True,長後,647.9088985528641,藤沢湘南台病院前,182.10329101422613,bus_stop,藤沢湘南台病院前,182.10329101422613,一般財団法人同友会　藤沢湘南台病院,274.6137812397452,一般財団法人同友会　藤沢湘南台病院,274.6137812397452,いたばしクリニック,283.29401778013664,0.8859315589353612,0.7756653992395437,0.4714828897338403,0.41825095057034223,0.41770157151325016,0.37054171666498,0.17470407934014265,45,41,58,False,True,True,True,58
533903981,35.41041666666668,139.47812499999998,0.13080428051339035,False,299,67.0,67.0,0.22408026755852842,0,,,unaffected,False,False,False,True,長後,1179.4828078277133,上高倉,760.3501843265778,bus_stop,上高倉,760.3501843265778,一般財団法人同友会　藤沢湘南台病院,992.8357806808733,一般財団法人同友会　藤沢湘南台病院,992.8357806808733,いたばしクリニック,999.4141252620121,,,,,,,,,,,,True,True,False,
533903983,35.41458333333334,139.47812499999998,0.24991986929916893,False,1050,227.0,227.0,0.21619047619047618,0,,,unaffected,False,False,False,True,長後,1190.1363282598898,上高倉,342.98019351314724,bus_stop,上高倉,342.98019351314724,一般財団法人同友会　藤沢湘南台病院,742.3210404991208,一般財団法人同友会　藤沢湘南台病院,742.3210404991208,山口クリニック,840.2537868130977,,,,,,,,,,,,True,True,False,
533904001,35.335416666666674,139.503125,0.9865125493106203,True,1206,361.0,361.0,0.29933665008291876,0,,,unaffected,False,False,False,True,藤沢,1459.456030232855,小塚地下道前,143.02979292326427,bus_stop,小塚地下道前,143.02979292326427,藤沢病院,242.71185224264718,藤沢病院,242.71185224264718,特別養護老人ホームみどりの園医務室,246.51610742752504,0.47338403041825095,0.7490494296577946,0.3193916349809886,0.3688212927756654,0.15119489944917522,0.1745941100782142,0.05576389827593154,144,132,149,False,True,True,True,149
533904002,35.335416666666674,139.50937499999998,0.7960179157933075,True,1469,351.0,351.0,0.23893805309734514,0,,,unaffected,False,False,False,True,藤沢,2023.5817256839935,村岡宮前,141.65447385602863,bus_stop,村岡宮前,141.65447385602863,神戸製鋼所藤沢事業所診療所,343.75591760331423,藤沢病院,433.2778265978692,神戸製鋼所藤沢事業所診療所,343.75591760331423,0.46387832699619774,0.39923954372623577,0.3155893536121673,0.5437262357414449,0.1463950613714236,0.25222281657968165,0.07959883565062197,151,93,122,False,True,True,True,122
533904003,35.33958333333334,139.503125,1.0,True,2508,396.0,396.0,0.15789473684210525,0,,,unaffected,False,False,False,True,藤沢,1458.2295899415926,小塚,90.13531435428351,bus_stop,小塚,90.13531435428351,岩崎クリニック,200.62786565569732,藤沢病院,657.3153039088909,岩崎クリニック,200.62786565569732,0.5228136882129277,0.045627376425855515,0.13688212927756654,0.2889733840304182,0.07156385085804334,0.1510792407003137,0.020680048156696933,195,147,204,False,True,True,True,204
533904004,35.33958333333334,139.50937499999998,1.0,True,665,69.0,69.0,0.1037593984962406,0,,,unaffected,False,False,False,True,藤沢,2025.2160793582514,湘南アイパーク,108.52376180125158,bus_stop,湘南アイパーク,108.52376180125158,神戸製鋼所藤沢事業所診療所,227.22668100200227,藤沢病院,748.9174004666463,神戸製鋼所藤沢事業所診療所,227.22668100200227,0.13498098859315588,0.0076045627376425855,0.19391634980988592,0.3231939163498099,0.026175020601714637,0.04362503433619106,0.00845960741880511,239,221,228,False,True,True,True,228
533904011,35.335416666666674,139.515625,0.012466205423653171,False,450,92.0,92.0,0.20444444444444446,0,,,unaffected,False,False,False,True,藤沢,2589.470082480013,湘南車庫,513.4222882651205,bus_stop,湘南車庫,513.4222882651205,神戸製鋼所藤沢事業所診療所,506.62550566427774,藤沢病院,980.9073885546509,神戸製鋼所藤沢事業所診療所,506.62550566427774,,,,,,,,,,,,True,True,False,
533904013,35.33958333333334,139.515625,0.4120789812192326,False,820,262.0,262.0,0.3195121951219512,0,,,unaffected,False,False,False,True,藤沢,2592.7059626888868,湘南車庫,97.06094262746291,bus_stop,湘南車庫,97.06094262746291,神戸製鋼所藤沢事業所診療所,436.03457936760225,藤沢病院,1155.5461898626647,神戸製鋼所藤沢事業所診療所,436.03457936760225,,,,,,,,,,,,True,True,False,
533904101,35.34375,139.503125,1.0,True,2283,532.0,532.0,0.23302671922908455,0,,,unaffected,False,False,False,True,藤沢,1562.3780371964963,高谷,285.90911340463964,bus_stop,高谷,285.90911340463964,岩崎クリニック,331.15928947573946,藤沢病院,1110.2002964923154,岩崎クリニック,331.15928947573946,0.6330798479087453,0.3688212927756654,0.752851711026616,0.5209125475285171,0.4766152467145687,0.3297792363631107,0.24827486235701868,33,57,30,False,True,True,True,30
533904102,35.34375,139.50937499999998,0.7941188958975117,True,1707,278.0,278.0,0.1628588166373755,0,,,unaffected,False,False,False,True,藤沢,2101.4257619913615,高谷小学校入口,279.14430469482716,bus_stop,高谷小学校入口,279.14430469482716,武田薬品湘南診療所,205.91991440269751,藤沢病院,1166.7697356175274,武田薬品湘南診療所,205.91991440269751,0.40304182509505704,0.060836501901140684,0.7376425855513308,0.30038022813688214,0.2973008139484451,0.12106579537075858,0.08930328631911469,84,167,116,False,True,True,True,116
533904103,35.34791666666668,139.503125,1.0,True,2713,772.0,772.0,0.28455584224106156,0,,,unaffected,False,False,False,True,藤沢,1784.0809151447545,渡内二丁目,148.18166957274832,bus_stop,渡内二丁目,148.18166957274832,医療法人慈誠会　かすが整形外科,418.07188412967463,藤沢病院,1568.5514961130636,医療法人慈誠会　かすが整形外科,418.07188412967463,0.9011406844106464,0.6844106463878327,0.33079847908745247,0.6730038022813688,0.2980959678468678,0.6064711069988,0.20061971980568669,81,9,45,False,True,True,True,45
533904104,35.34791666666668,139.50937499999998,0.7224855996328662,True,2054,542.0,542.0,0.2638753651411879,0,,,unaffected,False,False,False,True,藤沢,2271.0808212139855,渡内第三会館前,323.1602857085247,bus_stop,渡内第三会館前,323.1602857085247,医療法人慈誠会　かすが整形外科,305.02673324,藤沢病院,1609.0847052808301,医療法人慈誠会　かすが整形外科,305.02673324,0.6577946768060836,0.5703422053231939,0.7946768060836502,0.4790874524714829,0.5227341728230854,0.31514117596032903,0.25043538317759984,26,65,29,False,True,True,True,29
533904111,35.34375,139.515625,0.2637830716403855,False,2220,451.0,451.0,0.20315315315315316,0,,,unaffected,False,False,False,True,藤沢,2652.636349990843,湘南車庫,427.27634405288484,bus_stop,湘南車庫,427.27634405288484,武田薬品湘南診療所,372.5473598085201,藤沢病院,1461.410707463339,武田薬品湘南診療所,372.5473598085201,,,,,,,,,,,,True,True,False,
533904201,35.35208333333334,139.503125,0.8291472377072596,True,2302,632.0,632.0,0.2745438748913988,0,,,unaffected,False,False,False,True,藤沢,2086.1910657953217,慈眼寺,120.13168206387378,bus_stop,慈眼寺,120.13168206387378,たんぽぽこども診療所,172.85160645943526,藤沢市民病院,1925.7333852294844,たんぽぽこども診療所,172.85160645943526,0.7642585551330798,0.6197718631178707,0.22813688212927757,0.22813688212927757,0.17435556390868742,0.17435556390868742,0.039776934732019945,133,133,166,False,True,True,True,166
533904202,35.35208333333334,139.50937499999998,0.16040182217515278,False,2286,796.0,796.0,0.34820647419072615,0,,,unaffected,False,False,False,True,藤沢,2515.3438417277,渡内第三会館前,355.35104545788977,bus_stop,渡内第三会館前,355.35104545788977,本多こどもクリニック,319.24914493240055,藤沢病院,2060.166030992564,本多こどもクリニック,319.24914493240055,,,,,,,,,,,,True,True,False,
533904203,35.35625,139.503125,0.2949911817704061,False,1779,523.0,523.0,0.29398538504777966,0,,,unaffected,False,False,False,True,藤沢,2439.010325695769,柄沢十字路,224.1087957379604,bus_stop,柄沢十字路,224.1087957379604,湘南柄沢クリニック,188.61781387845454,藤沢市民病院,2016.6226141809816,湘南柄沢クリニック,188.61781387845454,,,,,,,,,,,,True,True,False,
533913031,35.41875,139.41562499999998,0.39879491821973473,False,180,53.0,53.0,0.29444444444444445,0,,,unaffected,False,False,False,True,長後,4571.519527682933,女坂,330.6272573029001,bus_stop,女坂,330.6272573029001,ココロまち診療所,293.10151833657466,藤沢御所見病院,2798.203501077775,ココロまち診療所,293.10151833657466,,,,,,,,,,,,True,True,False,
533913032,35.41875,139.421875,0.07315300395607262,False,105,24.0,24.0,0.22857142857142856,0,,,unaffected,False,False,False,True,長後,4012.011444882568,女坂,293.6883533681115,bus_stop,女坂,293.6883533681115,ココロまち診療所,662.2669990100821,藤沢御所見病院,2977.3028081275725,ココロまち診療所,662.2669990100821,,,,,,,,,,,,True,True,False,
533913041,35.41875,139.42812500000002,0.7089014834325497,True,126,44.0,44.0,0.3492063492063492,0,,,unaffected,False,False,False,True,長後,3455.146001774879,天沼,357.3993160649242,bus_stop,天沼,357.3993160649242,特別養護老人ホームかつらはら医務室,1127.9535676319974,医療法人社団　健育会　湘南慶育病院,3095.9477793671163,特別養護老人ホームかつらはら医務室,1127.9535676319974,0.09125475285171103,0.844106463878327,0.844106463878327,0.9923954372623575,0.07702872674174847,0.09056080035854212,0.07644295695664012,190,193,126,True,True,True,True,126
533913042,35.41875,139.434375,0.30344695047614295,False,688,243.0,243.0,0.35319767441860467,0,,,unaffected,False,False,False,True,長後,2902.444478746,長坂上,203.37556422600065,bus_stop,長坂上,203.37556422600065,特別養護老人ホームかつらはら医務室,1420.8242230435726,医療法人社団　健育会　湘南慶育病院,3096.143441143641,特別養護老人ホームかつらはら医務室,1420.8242230435726,,,,,,,,,,,,True,True,False,
533913054,35.42291666666668,139.44687499999998,0.14065808710301167,False,2368,657.0,657.0,0.27744932432432434,0,,,unaffected,False,False,False,True,長後,2051.6790893670463,上土棚北二丁目,419.98024610046104,bus_stop,上土棚北二丁目,419.98024610046104,特別養護老人ホーム藤沢富士白苑医務室,393.8842848144934,一般財団法人同友会　藤沢湘南台病院,2242.4486910983487,特別養護老人ホーム藤沢富士白苑医務室,393.8842848144934,,,,,,,,,,,,True,True,False,
533913061,35.41875,139.453125,0.23681000293185295,False,1195,359.0,359.0,0.300418410041841,0,,,unaffected,False,False,False,True,長後,1322.397897988603,上谷台,473.32252218841586,bus_stop,上谷台,473.32252218841586,特別養護老人ホーム藤沢富士白苑医務室,520.0383783119469,一般財団法人同友会　藤沢湘南台病院,1583.3971945314647,特別養護老人ホーム藤沢富士白苑医務室,520.0383783119469,,,,,,,,,,,,True,True,False,
533913062,35.41875,139.45937499999997,0.9875580462575009,True,794,280.0,280.0,0.3526448362720403,0,,,unaffected,False,False,False,True,長後,901.2682305596699,上谷台,156.35276788571136,bus_stop,上谷台,156.35276788571136,医療法人社団ＴＡＳ長後整形外科,745.4679732697714,一般財団法人同友会　藤沢湘南台病院,1024.6060616046548,医療法人社団ＴＡＳ長後整形外科,745.4679732697714,0.4068441064638783,0.8517110266159695,0.376425855513308,0.9543726235741445,0.15314664083621274,0.3882808772716101,0.14615896140642357,141,36,74,False,True,True,True,74
533913063,35.42291666666668,139.453125,0.892808296910606,True,969,518.0,518.0,0.5345717234262126,0,,,unaffected,False,False,False,True,長後,1621.3168025409639,上谷台,736.3707830193904,bus_stop,上谷台,736.3707830193904,特別養護老人ホーム藤沢富士白苑医務室,176.800598255107,一般財団法人同友会　藤沢湘南台病院,1710.8601362771874,特別養護老人ホーム藤沢富士白苑医務室,176.800598255107,0.6159695817490495,1.0,0.9809885931558935,0.23574144486692014,0.6042591334268241,0.14520955919559342,0.1424489211880726,20,155,77,True,True,True,True,77
533913064,35.42291666666668,139.45937499999997,0.7780909883172279,True,1579,511.0,511.0,0.3236225459151362,0,,,unaffected,False,False,False,True,長後,1300.8705523228966,上谷台,585.3751212538793,bus_stop,上谷台,585.3751212538793,特別養護老人ホーム藤沢富士白苑医務室,742.6973965808464,一般財団法人同友会　藤沢湘南台病院,1212.3481963103072,特別養護老人ホーム藤沢富士白苑医務室,742.6973965808464,0.6083650190114068,0.8022813688212928,0.9619771863117871,0.9505703422053232,0.58523326923911,0.578293744307421,0.5563053890105608,21,11,3,True,True,True,True,3
533913071,35.41875,139.465625,0.9999999999999998,True,2014,491.0,491.0,0.24379344587884808,0,,,unaffected,False,False,False,True,長後,721.2349262566041,藤沢湘南台病院前,613.6752101052593,bus_stop,藤沢湘南台病院前,613.6752101052593,山口クリニック,389.30687959923887,一般財団法人同友会　藤沢湘南台病院,486.62120593034757,山口クリニック,389.30687959923887,0.5931558935361216,0.4448669201520912,0.9771863117870723,0.623574144486692,0.579623819919328,0.3698766788590264,0.36143842763030337,22,42,12,True,True,True,True,12
533913072,35.41875,139.471875,0.9999999999999998,True,2760,773.0,773.0,0.28007246376811595,0,,,unaffected,False,False,False,True,長後,934.035050371378,藤沢湘南台病院前,282.39172412231443,bus_stop,藤沢湘南台病院前,282.39172412231443,一般財団法人同友会　藤沢湘南台病院,260.9475269591122,一般財団法人同友会　藤沢湘南台病院,260.9475269591122,山口クリニック,294.24835272467527,0.9049429657794676,0.6577946768060836,0.7414448669201521,0.3916349809885932,0.6709653168326851,0.3544073211988029,0.262773489101774,12,50,24,False,True,True,True,24
533913073,35.42291666666668,139.465625,0.7686623459423386,True,3590,921.0,921.0,0.25654596100278554,0,,,unaffected,False,False,False,True,長後,1183.2895738087248,県営サンハイツ渋谷前,592.5779838626122,bus_stop,県営サンハイツ渋谷前,592.5779838626122,山口クリニック,734.0378484741622,一般財団法人同友会　藤沢湘南台病院,810.4396525616417,山口クリニック,734.0378484741622,0.9505703422053232,0.5285171102661597,0.9657794676806084,0.9467680608365019,0.9180413190880308,0.8999696395784239,0.8691721994407592,1,1,1,True,True,True,True,1
533913074,35.42291666666668,139.471875,0.5785681505597459,True,1295,353.0,353.0,0.2725868725868726,0,,,unaffected,False,False,False,True,長後,1323.7814500464733,藤沢湘南台病院前,744.0889751698176,bus_stop,藤沢湘南台病院前,744.0889751698176,山口クリニック,688.3581742062479,一般財団法人同友会　藤沢湘南台病院,698.6517991783038,山口クリニック,688.3581742062479,0.467680608365019,0.6121673003802282,0.9847908745247148,0.9125475285171103,0.4605675953100377,0.4267807832988767,0.4202898208152436,34,27,6,True,True,True,True,6
533913081,35.41875,139.47812499999998,0.47194744235184627,False,1483,368.0,368.0,0.24814565070802427,0,,,unaffected,False,False,False,True,長後,1367.1168564181883,上高倉,290.64927354827813,bus_stop,上高倉,290.64927354827813,一般財団法人同友会　藤沢湘南台病院,737.3580724920887,一般財団法人同友会　藤沢湘南台病院,737.3580724920887,山口クリニック,816.0340985509636,,,,,,,,,,,,True,True,False,
533913083,35.42291666666668,139.47812499999998,0.0858941700092202,False,1908,911.0,911.0,0.47746331236897277,0,,,unaffected,False,False,False,True,長後,1657.9905416823065,上高倉,691.8511751766913,bus_stop,上高倉,691.8511751766913,一般財団法人同友会　藤沢湘南台病院,981.6786499001174,一般財団法人同友会　藤沢湘南台病院,981.6786499001174,山口クリニック,1026.224403756644,,,,,,,,,,,,True,True,False,
533913151,35.42708333333334,139.440625,0.0009511931875407705,False,136,26.0,26.0,0.19117647058823528,0,,,unaffected,False,False,False,True,長後,2782.355286992723,上土棚北二丁目,427.98802202531954,bus_stop,上土棚北二丁目,427.98802202531954,特別養護老人ホーム藤沢富士白苑医務室,1054.2171405093648,一般財団法人同友会　藤沢湘南台病院,2936.218405534419,特別養護老人ホーム藤沢富士白苑医務室,1054.2171405093648,,,,,,,,,,,,True,True,False,
533913152,35.42708333333334,139.44687499999998,0.575691485404981,True,244,100.0,100.0,0.4098360655737705,0,,,unaffected,False,False,False,True,長後,2348.740107431389,上土棚北二丁目,160.17868306518744,bus_stop,上土棚北二丁目,160.17868306518744,特別養護老人ホーム藤沢富士白苑医務室,585.9168659151727,一般財団法人同友会　藤沢湘南台病院,2423.985430265487,特別養護老人ホーム藤沢富士白苑医務室,585.9168659151727,0.20532319391634982,0.9429657794676806,0.38783269961977185,0.8288973384030418,0.07963104859113186,0.17019184894967399,0.0660059642314325,188,136,134,False,True,True,True,134
533913161,35.42708333333334,139.453125,0.2866928614290168,False,1038,294.0,294.0,0.2832369942196532,0,,,unaffected,False,False,False,True,長後,1983.920852478746,上土棚北二丁目,715.7577670199439,bus_stop,上土棚北二丁目,715.7577670199439,特別養護老人ホーム藤沢富士白苑医務室,468.4212675018161,一般財団法人同友会　藤沢湘南台病院,1942.750486575917,特別養護老人ホーム藤沢富士白苑医務室,468.4212675018161,,,,,,,,,,,,True,True,False,
533913162,35.42708333333334,139.45937499999997,0.002078191777967167,False,1670,408.0,408.0,0.24431137724550897,0,,,unaffected,False,False,False,True,長後,1731.9311666161327,県営サンハイツ渋谷前,641.6076683526632,bus_stop,県営サンハイツ渋谷前,641.6076683526632,特別養護老人ホーム藤沢富士白苑医務室,860.0770711980666,一般財団法人同友会　藤沢湘南台病院,1522.2022982466435,特別養護老人ホーム藤沢富士白苑医務室,860.0770711980666,,,,,,,,,,,,True,True,False,
533913171,35.42708333333334,139.465625,0.17721520377767616,False,2746,724.0,724.0,0.2636562272396213,0,,,unaffected,False,False,False,True,長後,1645.4513101296998,県営サンハイツ渋谷前,141.18082589460138,bus_stop,県営サンハイツ渋谷前,141.18082589460138,山口クリニック,1163.3590211909184,一般財団法人同友会　藤沢湘南台病院,1226.4442857323488,山口クリニック,1163.3590211909184,,,,,,,,,,,,True,True,False,
