mesh_code,centroid_lat,centroid_lon,city_area_fraction,centroid_within_city,population,elderly_population,reported_elderly_population,elderly_ratio,HTKSYORI,HTKSAKI,GASSAN,disclosure_status,suppression_flag,aggregation_target_flag,aggregation_flag,primary_eligible_disclosure,nearest_station_name,nearest_station_distance_m,nearest_bus_stop_name,nearest_bus_stop_distance_m,nearest_public_transport_type,nearest_public_transport_name,nearest_public_transport_distance_m,nearest_medical_name,nearest_medical_distance_m,nearest_hospital_name,nearest_medical_access_class,nearest_hospital_distance_m,nearest_clinic_name,nearest_clinic_distance_m,elderly_population_percentile,elderly_ratio_percentile,transport_distance_percentile,medical_distance_percentile,exploratory_score_a,exploratory_score_b,exploratory_score_c,rank_a_unfiltered,rank_b_unfiltered,rank_c_unfiltered,pareto_frontier,eligibility_population_threshold,eligibility_elderly_threshold,primary_eligible,rank
533501791,35.39375,135.24062500000002,0.00013137984273234806,False,1,,,,2,533501782,,suppressed_source,True,False,False,False,四所駅,7370.03639696137,薬師口,3676.79365084442,bus_stop,薬師口,3676.79365084442,ライフ・ステージ舞夢診療所,3726.256510174137,舞鶴赤十字病院,likely_public,10436.296851428373,ライフ・ステージ舞夢診療所,3726.256510174137,,,,,,,,,,,,False,False,False,
533501883,35.406250000000014,135.22812499999998,1.0,True,4,,,,2,533501981,,suppressed_source,True,False,False,False,四所駅,7190.637510074996,由良川橋,2386.078571372837,bus_stop,由良川橋,2386.078571372837,ライフ・ステージ舞夢診療所,1962.2862500137915,舞鶴赤十字病院,likely_public,10784.953589676905,ライフ・ステージ舞夢診療所,1962.2862500137915,,,,,,,,,,,,False,False,False,
533501891,35.40208333333334,135.24062500000002,1.0,True,5,,,,2,533501981,,suppressed_source,True,False,False,False,四所駅,6665.374445934972,薬師口,2753.1724361914376,bus_stop,薬師口,2753.1724361914376,ライフ・ステージ舞夢診療所,2981.9723947060334,舞鶴赤十字病院,likely_public,9964.667080275827,ライフ・ステージ舞夢診療所,2981.9723947060334,,,,,,,,,,,,False,False,False,
533501963,35.41458333333334,135.203125,0.2291842650801626,False,31,,19.0,,1,,533501961;533501964,aggregation_destination,False,True,True,False,四所駅,8675.82815082577,地頭,1667.6222089754272,bus_stop,地頭,1667.6222089754272,ライフ・ステージ舞夢診療所,1668.175838516086,舞鶴赤十字病院,likely_public,12623.879034619742,ライフ・ステージ舞夢診療所,1668.175838516086,,,,,,,,,,,,True,False,False,
533501964,35.41458333333334,135.20937499999997,0.756350748277713,True,2,,,,2,533501963,,suppressed_source,True,False,False,False,四所駅,8159.702187232033,地頭,1344.4584339117032,bus_stop,地頭,1344.4584339117032,ライフ・ステージ舞夢診療所,1214.9661736875491,舞鶴赤十字病院,likely_public,12077.637592814575,ライフ・ステージ舞夢診療所,1214.9661736875491,,,,,,,,,,,,False,False,False,
533501981,35.41041666666668,135.22812499999998,1.0,True,20,,23.0,,1,,533501883;533501891,aggregation_destination,False,True,True,False,四所駅,6915.777519198917,由良川橋,1955.4403068421625,bus_stop,由良川橋,1955.4403068421625,ライフ・ステージ舞夢診療所,1556.5201635136941,舞鶴赤十字病院,likely_public,10609.980777499548,ライフ・ステージ舞夢診療所,1556.5201635136941,,,,,,,,,,,,True,False,False,
533501982,35.41041666666668,135.234375,1.0,True,17,,14.0,,1,,533501983,aggregation_destination,False,True,True,False,四所駅,6458.724574456352,薬師口,1957.7188003391302,bus_stop,薬師口,1957.7188003391302,ライフ・ステージ舞夢診療所,1921.8740702255423,舞鶴赤十字病院,likely_public,10082.406067384556,ライフ・ステージ舞夢診療所,1921.8740702255423,,,,,,,,,,,,False,False,False,
533501983,35.41458333333334,135.22812499999998,1.0,True,8,,,,2,533501982,,suppressed_source,True,False,False,False,四所駅,6661.686105710835,由良川橋,1543.2112490700067,bus_stop,由良川橋,1543.2112490700067,ライフ・ステージ舞夢診療所,1192.6111574403774,舞鶴赤十字病院,likely_public,10452.536984701715,ライフ・ステージ舞夢診療所,1192.6111574403774,,,,,,,,,,,,False,False,False,
533502544,35.38125000000001,135.309375,0.023732441336712522,False,9,,16.0,,1,,533502632,aggregation_destination,False,True,True,False,真倉駅,3228.1492105999223,真倉,1609.112707600893,bus_stop,真倉,1609.112707600893,特別養護老人ﾎｰﾑｸﾞﾚｲｽｳﾞｨﾙまいづる診療所,4613.7420532171445,舞鶴赤十字病院,likely_public,7486.545656255215,特別養護老人ﾎｰﾑｸﾞﾚｲｽｳﾞｨﾙまいづる診療所,4613.7420532171445,,,,,,,,,,,,False,False,False,
533502653,35.389583333333334,135.315625,1.0,True,9,,,,2,533502751,,suppressed_source,True,False,False,False,真倉駅,2146.790584923304,真倉,525.6842383939857,bus_stop,真倉,525.6842383939857,特別養護老人ﾎｰﾑｸﾞﾚｲｽｳﾞｨﾙまいづる診療所,3552.963857466917,舞鶴赤十字病院,likely_public,6428.619474285313,特別養護老人ﾎｰﾑｸﾞﾚｲｽｳﾞｨﾙまいづる診療所,3552.963857466917,,,,,,,,,,,,False,False,False,
533502751,35.39375,135.315625,0.9999999999999998,True,42,,27.0,,1,,533502653,aggregation_destination,False,True,True,False,真倉駅,1742.3602532186392,真倉,318.4770136854252,bus_stop,真倉,318.4770136854252,特別養護老人ﾎｰﾑｸﾞﾚｲｽｳﾞｨﾙまいづる診療所,3245.121461255482,舞鶴赤十字病院,likely_public,5989.913747454286,特別養護老人ﾎｰﾑｸﾞﾚｲｽｳﾞｨﾙまいづる診療所,3245.121461255482,,,,,,,,,,,,True,False,False,
533502752,35.39375,135.32187499999998,1.0000000000000002,True,44,19.0,19.0,0.4318181818181818,0,,,unaffected,False,False,False,True,真倉駅,1515.3552737971743,真倉,255.53663248442385,bus_stop,真倉,255.53663248442385,特別養護老人ﾎｰﾑｸﾞﾚｲｽｳﾞｨﾙまいづる診療所,2824.9608918122685,市立舞鶴市民病院,likely_public,5826.066596082572,特別養護老人ﾎｰﾑｸﾞﾚｲｽｳﾞｨﾙまいづる診療所,2824.9608918122685,0.3986013986013986,0.583916083916084,0.25874125874125875,0.8251748251748252,0.10313462761015209,0.3289158394053499,0.08510409830767796,200,58,136,False,True,True,True,117
533502754,35.397916666666674,135.32187499999998,1.0,True,20,5.0,5.0,0.25,0,,,unaffected,False,False,False,True,真倉駅,1072.7599897578314,真倉,563.6928077576123,bus_stop,真倉,563.6928077576123,特別養護老人ﾎｰﾑｸﾞﾚｲｽｳﾞｨﾙまいづる診療所,2512.9982753768727,市立舞鶴市民病院,likely_public,5381.416475160004,特別養護老人ﾎｰﾑｸﾞﾚｲｽｳﾞｨﾙまいづる診療所,2512.9982753768727,0.06468531468531469,0.1451048951048951,0.5454545454545454,0.7657342657342657,0.035282898919262555,0.049531761944349356,0.02701732469691783,256,249,213,False,True,False,False,
533502852,35.40208333333334,135.32187499999998,1.0,True,57,29.0,29.0,0.5087719298245614,0,,,unaffected,False,False,False,True,真倉駅,657.7923801420189,真倉駅前,543.5481918283396,bus_stop,真倉駅前,543.5481918283396,特別養護老人ﾎｰﾑｸﾞﾚｲｽｳﾞｨﾙまいづる診療所,2253.2819758396276,舞鶴赤十字病院,likely_public,4936.289436700401,特別養護老人ﾎｰﾑｸﾞﾚｲｽｳﾞｨﾙまいづる診療所,2253.2819758396276,0.5332167832167832,0.7482517482517482,0.5244755244755245,0.7342657342657343,0.27965915203677444,0.3915228128514842,0.2053441326144148,90,40,46,False,True,True,True,44
533502854,35.406250000000014,135.32187499999998,1.0,True,45,25.0,25.0,0.5555555555555556,0,,,unaffected,False,False,False,True,真倉駅,376.7398903575668,真倉駅前,320.60100605264955,bus_stop,真倉駅前,320.60100605264955,特別養護老人ﾎｰﾑｸﾞﾚｲｽｳﾞｨﾙまいづる診療所,2065.6144151335866,舞鶴赤十字病院,likely_public,4494.558648964165,特別養護老人ﾎｰﾑｸﾞﾚｲｽｳﾞｨﾙまいづる診療所,2065.6144151335866,0.48426573426573427,0.8164335664335665,0.34965034965034963,0.7132867132867133,0.1693236833096973,0.3454203139517825,0.1207763335495743,158,48,98,False,True,True,True,87
533502863,35.406250000000014,135.328125,1.0,True,11,7.0,7.0,0.6363636363636364,0,,,unaffected,False,False,False,True,真倉駅,216.93730570746249,真倉駅前,248.93524375323082,station,真倉駅,216.93730570746249,特別養護老人ﾎｰﾑｸﾞﾚｲｽｳﾞｨﾙまいづる診療所,1536.633409137068,市立舞鶴市民病院,likely_public,4342.722856179072,特別養護老人ﾎｰﾑｸﾞﾚｲｽｳﾞｨﾙまいづる診療所,1536.633409137068,0.12062937062937062,0.9143356643356644,0.22377622377622378,0.6293706293706294,0.026993985035943076,0.0759205829135899,0.016989221351292844,262,225,239,False,False,False,False,
533502872,35.40208333333334,135.346875,1.0,True,18,6.0,6.0,0.3333333333333333,0,,,unaffected,False,False,False,True,真倉駅,1980.038162577306,真倉駅前,1999.8953525826378,station,真倉駅,1980.038162577306,特別養護老人ﾎｰﾑｸﾞﾚｲｽｳﾞｨﾙまいづる診療所,1149.7541394308905,市立舞鶴市民病院,likely_public,4754.598052156729,特別養護老人ﾎｰﾑｸﾞﾚｲｽｳﾞｨﾙまいづる診療所,1149.7541394308905,0.09090909090909091,0.3531468531468531,0.8741258741258742,0.513986013986014,0.07946598855689765,0.04672600127145581,0.04084440670581802,220,252,190,False,False,False,False,
533502873,35.406250000000014,135.340625,1.0,True,50,26.0,26.0,0.52,0,,,unaffected,False,False,False,True,真倉駅,1338.2467363954568,真倉駅前,1383.453575167155,station,真倉駅,1338.2467363954568,特別養護老人ﾎｰﾑｸﾞﾚｲｽｳﾞｨﾙまいづる診療所,695.4633931093729,市立舞鶴市民病院,likely_public,4237.994830445716,特別養護老人ﾎｰﾑｸﾞﾚｲｽｳﾞｨﾙまいづる診療所,695.4633931093729,0.5,0.756993006993007,0.7832167832167832,0.3146853146853147,0.3916083916083916,0.15734265734265734,0.12323340994669667,45,154,92,False,True,True,True,83
533502874,35.406250000000014,135.346875,1.0,True,95,47.0,47.0,0.49473684210526314,0,,,unaffected,False,False,False,True,真倉駅,1905.1547830477728,真倉駅前,1951.08478037989,station,真倉駅,1905.1547830477728,特別養護老人ﾎｰﾑｸﾞﾚｲｽｳﾞｨﾙまいづる診療所,715.2718565604349,市立舞鶴市民病院,likely_public,4298.560614955461,特別養護老人ﾎｰﾑｸﾞﾚｲｽｳﾞｨﾙまいづる診療所,715.2718565604349,0.6083916083916084,0.7027972027972028,0.8636363636363636,0.3321678321678322,0.5254291163382073,0.2020881216685413,0.17453065053192202,9,128,59,False,True,True,True,54
533502883,35.406250000000014,135.35312499999998,1.0,True,54,17.0,17.0,0.3148148148148148,0,,,unaffected,False,False,False,True,真倉駅,2472.417667749318,真倉駅前,2518.7400364061305,station,真倉駅,2472.417667749318,特別養護老人ﾎｰﾑｸﾞﾚｲｽｳﾞｨﾙまいづる診療所,1088.1376157078691,市立舞鶴市民病院,likely_public,4431.576887808186,特別養護老人ﾎｰﾑｸﾞﾚｲｽｳﾞｨﾙまいづる診療所,1088.1376157078691,0.3811188811188811,0.29895104895104896,0.916083916083916,0.479020979020979,0.34913687710890506,0.18256393955694653,0.16724388868503495,57,137,66,False,True,True,True,60
533502903,35.41458333333334,135.253125,1.0,True,48,24.0,24.0,0.5,0,,,unaffected,False,False,False,True,四所駅,4877.8018045406625,加佐分室前,1649.5360847941731,bus_stop,加佐分室前,1649.5360847941731,ライフ・ステージ舞夢診療所,3220.4937181374457,舞鶴赤十字病院,likely_public,8334.014605519125,ライフ・ステージ舞夢診療所,3220.4937181374457,0.46503496503496505,0.7202797202797203,0.8286713286713286,0.8636363636363636,0.38536114235414937,0.4016211061665607,0.33281189566949265,48,34,14,False,True,True,True,14
533502904,35.41458333333334,135.25937499999998,1.0000000000000002,True,14,5.0,5.0,0.35714285714285715,0,,,unaffected,False,False,False,True,四所駅,4500.788726869699,加佐分室前,1900.832433862319,bus_stop,加佐分室前,1900.832433862319,ライフ・ステージ舞夢診療所,3770.9121506546408,舞鶴赤十字病院,likely_public,7817.693463768712,ライフ・ステージ舞夢診療所,3770.9121506546408,0.06468531468531469,0.4353146853146853,0.8601398601398601,0.9055944055944056,0.05563841752652941,0.05857865910313463,0.050385839648150764,239,239,177,False,False,False,False,
533502943,35.41458333333334,135.30312500000002,1.0,True,39,29.0,29.0,0.7435897435897436,0,,,unaffected,False,False,False,True,真倉駅,2234.7022517557107,真倉駅前,2233.571331621769,bus_stop,真倉駅前,2233.571331621769,医療法人荒木クリニック,2565.255555909651,舞鶴赤十字病院,likely_public,4558.184329896581,医療法人荒木クリニック,2565.255555909651,0.5332167832167832,0.9615384615384616,0.8986013986013986,0.7797202797202797,0.4791493471563402,0.4157599393613379,0.37360246299253097,22,31,10,False,True,True,True,10
533502961,35.41041666666668,135.328125,1.0,True,2,,,,2,533502964,,suppressed_source,True,False,False,False,真倉駅,428.5730742110611,真倉駅前,544.6809262631665,station,真倉駅,428.5730742110611,特別養護老人ﾎｰﾑｸﾞﾚｲｽｳﾞｨﾙまいづる診療所,1406.4809588570154,市立舞鶴市民病院,likely_public,3893.326971202966,特別養護老人ﾎｰﾑｸﾞﾚｲｽｳﾞｨﾙまいづる診療所,1406.4809588570154,,,,,,,,,,,,False,False,False,
533502964,35.41458333333334,135.33437499999997,1.0,True,15,,10.0,,1,,533502961,aggregation_destination,False,True,True,False,真倉駅,1138.9710988875574,京田,1002.852789846176,bus_stop,京田,1002.852789846176,特別養護老人ﾎｰﾑｸﾞﾚｲｽｳﾞｨﾙまいづる診療所,872.6969253910595,市立舞鶴市民病院,likely_public,3333.5807549092533,特別養護老人ﾎｰﾑｸﾞﾚｲｽｳﾞｨﾙまいづる診療所,872.6969253910595,,,,,,,,,,,,False,False,False,
533502971,35.41041666666668,135.340625,1.0,True,44,22.0,22.0,0.5,0,,,unaffected,False,False,False,True,真倉駅,1388.3182008333997,真倉駅前,1465.7955631722048,station,真倉駅,1388.3182008333997,特別養護老人ﾎｰﾑｸﾞﾚｲｽｳﾞｨﾙまいづる診療所,317.3532268932559,市立舞鶴市民病院,likely_public,3776.1628400024974,特別養護老人ﾎｰﾑｸﾞﾚｲｽｳﾞｨﾙまいづる診療所,317.3532268932559,0.43356643356643354,0.7202797202797203,0.7937062937062938,0.13636363636363635,0.34412440706147,0.05912269548633184,0.04692605550838227,58,238,182,False,True,True,True,147
533502973,35.41458333333334,135.340625,1.0,True,95,48.0,48.0,0.5052631578947369,0,,,unaffected,False,False,False,True,真倉駅,1578.390477089467,京田,1353.016714919805,bus_stop,京田,1353.016714919805,特別養護老人ﾎｰﾑｸﾞﾚｲｽｳﾞｨﾙまいづる診療所,380.9480538792145,市立舞鶴市民病院,likely_public,3314.4492767864895,特別養護老人ﾎｰﾑｸﾞﾚｲｽｳﾞｨﾙまいづる診療所,380.9480538792145,0.6153846153846154,0.7447552447552448,0.7867132867132867,0.15734265734265734,0.48413125336202256,0.09682625067240452,0.07617449790661195,20,211,147,False,True,True,True,126
533502981,35.41041666666668,135.35312499999998,0.9999999999999998,True,60,23.0,23.0,0.38333333333333336,0,,,unaffected,False,False,False,True,真倉駅,2499.8299038483315,京田,2541.513980692251,station,真倉駅,2499.8299038483315,特別養護老人ﾎｰﾑｸﾞﾚｲｽｳﾞｨﾙまいづる診療所,895.0149706943404,市立舞鶴市民病院,likely_public,3992.1922656300385,特別養護老人ﾎｰﾑｸﾞﾚｲｽｳﾞｨﾙまいづる診療所,895.0149706943404,0.4493006993006993,0.4755244755244755,0.9230769230769231,0.4160839160839161,0.4147391070467994,0.186946794464277,0.17256627181317877,37,133,60,False,True,True,True,55
533502982,35.41041666666668,135.359375,1.0,True,134,101.0,101.0,0.753731343283582,0,,,unaffected,False,False,False,True,真倉駅,3062.1471550244173,京田,3036.0128312650872,bus_stop,京田,3036.0128312650872,特別養護老人ﾎｰﾑｸﾞﾚｲｽｳﾞｨﾙまいづる診療所,1455.2998050380395,市立舞鶴市民病院,likely_public,4212.242291392144,特別養護老人ﾎｰﾑｸﾞﾚｲｽｳﾞｨﾙまいづる診療所,1455.2998050380395,0.7307692307692307,0.965034965034965,0.9440559440559441,0.6083916083916084,0.6898870360408822,0.44459386767079073,0.41972148346543187,1,24,4,True,True,True,True,4
533502984,35.41458333333334,135.359375,0.9999999999999998,True,64,31.0,31.0,0.484375,0,,,unaffected,False,False,False,True,真倉駅,3152.8161066387884,京田,2858.5795221621497,bus_stop,京田,2858.5795221621497,特別養護老人ﾎｰﾑｸﾞﾚｲｽｳﾞｨﾙまいづる診療所,1470.442764048323,市立舞鶴市民病院,likely_public,3803.811525179407,特別養護老人ﾎｰﾑｸﾞﾚｲｽｳﾞｨﾙまいづる診療所,1470.442764048323,0.548951048951049,0.6853146853146853,0.9300699300699301,0.6153846153846154,0.5105628637097169,0.33781603012372247,0.314192531513672,11,51,17,True,True,True,True,17
533502993,35.41458333333334,135.36562500000002,1.0000000000000002,True,12,4.0,4.0,0.3333333333333333,0,,,unaffected,False,False,False,True,真倉駅,3702.990419823615,京田,3402.0208968242764,bus_stop,京田,3402.0208968242764,特別養護老人ﾎｰﾑｸﾞﾚｲｽｳﾞｨﾙまいづる診療所,2030.6145497251766,市立舞鶴市民病院,likely_public,4113.202588202231,特別養護老人ﾎｰﾑｸﾞﾚｲｽｳﾞｨﾙまいづる診療所,2030.6145497251766,0.043706293706293704,0.3531468531468531,0.9615384615384616,0.7027972027972028,0.04202528240989779,0.030716660961416207,0.02953525092443866,248,263,211,False,False,False,False,
533503811,35.40208333333334,135.390625,1.0,True,2,,,,2,533503813,,suppressed_source,True,False,False,False,真倉駅,5902.516135869853,常口,5536.079827751386,bus_stop,常口,5536.079827751386,特別養護老人ﾎｰﾑｸﾞﾚｲｽｳﾞｨﾙまいづる診療所,4423.1183913647155,市立舞鶴市民病院,likely_public,6653.174378474342,特別養護老人ﾎｰﾑｸﾞﾚｲｽｳﾞｨﾙまいづる診療所,4423.1183913647155,,,,,,,,,,,,False,False,False,
533503813,35.406250000000014,135.390625,0.9999999999999998,True,34,,21.0,,1,,533503811,aggregation_destination,False,True,True,False,真倉駅,5877.684140461522,常口,5084.725830965503,bus_stop,常口,5084.725830965503,特別養護老人ﾎｰﾑｸﾞﾚｲｽｳﾞｨﾙまいづる診療所,4330.441241348876,京都府立舞鶴こども療育センター,likely_public,6293.837509214465,特別養護老人ﾎｰﾑｸﾞﾚｲｽｳﾞｨﾙまいづる診療所,4330.441241348876,,,,,,,,,,,,True,False,False,
533511061,35.41875,135.203125,0.2967732393953833,False,20,,12.0,,1,,533511042,aggregation_destination,False,True,True,False,四所駅,8499.75574028407,地頭,1367.6334949417558,bus_stop,地頭,1367.6334949417558,ライフ・ステージ舞夢診療所,1486.500652137352,舞鶴赤十字病院,likely_public,12508.83439171364,ライフ・ステージ舞夢診療所,1486.500652137352,,,,,,,,,,,,True,False,False,
533511062,35.41875,135.20937499999997,1.0,True,23,,18.0,,1,,533511063,aggregation_destination,False,True,True,False,四所駅,7972.267165840957,地頭,947.1415210279922,bus_stop,地頭,947.1415210279922,ライフ・ステージ舞夢診療所,950.3074338092649,舞鶴赤十字病院,likely_public,11957.36774622003,ライフ・ステージ舞夢診療所,950.3074338092649,,,,,,,,,,,,True,False,False,
533511063,35.42291666666668,135.203125,0.2385405127164825,False,8,,,,2,533511062,,suppressed_source,True,False,False,False,四所駅,8345.602235087505,地頭,1177.8204563071738,bus_stop,地頭,1177.8204563071738,ライフ・ステージ舞夢診療所,1436.6418700852419,舞鶴赤十字病院,likely_public,12409.952705160023,ライフ・ステージ舞夢診療所,1436.6418700852419,,,,,,,,,,,,False,False,False,
533511064,35.42291666666668,135.20937499999997,1.0,True,13,7.0,7.0,0.5384615384615384,0,,,unaffected,False,False,False,True,四所駅,7807.734808349865,地頭,643.4029232042492,bus_stop,地頭,643.4029232042492,ライフ・ステージ舞夢診療所,870.2915165649769,舞鶴赤十字病院,likely_public,11853.916188330213,ライフ・ステージ舞夢診療所,870.2915165649769,0.12062937062937062,0.7867132867132867,0.6188811188811189,0.4090909090909091,0.07465523986503007,0.04934837889383344,0.030540779944785032,224,250,210,False,False,False,False,
533511071,35.41875,135.215625,1.0000000000000002,True,2,,,,2,533511074,,suppressed_source,True,False,False,False,四所駅,7450.663649647536,地頭,753.6829535125564,bus_stop,地頭,753.6829535125564,ライフ・ステージ舞夢診療所,490.73009804151866,舞鶴赤十字病院,likely_public,11407.476192582582,ライフ・ステージ舞夢診療所,490.73009804151866,,,,,,,,,,,,False,False,False,
533511072,35.41875,135.221875,1.0000000000000002,True,3,,,,2,533511074,,suppressed_source,True,False,False,False,四所駅,6936.272835627767,由良川橋,893.3256511698372,bus_stop,由良川橋,893.3256511698372,ライフ・ステージ舞夢診療所,472.0992311327451,舞鶴赤十字病院,likely_public,10859.398917724015,ライフ・ステージ舞夢診療所,472.0992311327451,,,,,,,,,,,,False,False,False,
533511073,35.42291666666668,135.215625,1.0,True,12,4.0,4.0,0.3333333333333333,0,,,unaffected,False,False,False,True,四所駅,7274.37177724848,地頭,291.45442578936553,bus_stop,地頭,291.45442578936553,ライフ・ステージ舞夢診療所,308.5018373549555,舞鶴赤十字病院,likely_public,11299.020433179736,ライフ・ステージ舞夢診療所,308.5018373549555,0.043706293706293704,0.3531468531468531,0.32167832167832167,0.12937062937062938,0.014059367206220351,0.005654310724240794,0.001818869184021514,269,279,274,False,False,False,False,
533511074,35.42291666666668,135.221875,1.0,True,95,,75.0,,1,,533511071;533511072,aggregation_destination,False,True,True,False,四所駅,6746.581389918541,由良川橋,458.88218857499686,bus_stop,由良川橋,458.88218857499686,ライフ・ステージ舞夢診療所,277.91384781740135,舞鶴赤十字病院,likely_public,10745.442076058816,ライフ・ステージ舞夢診療所,277.91384781740135,,,,,,,,,,,,True,False,False,
533511084,35.42291666666668,135.234375,1.0,True,34,20.0,20.0,0.5882352941176471,0,,,unaffected,False,False,False,True,四所駅,5713.881817286034,岡田由里,785.9365165930571,bus_stop,岡田由里,785.9365165930571,ライフ・ステージ舞夢診療所,1405.077894611365,舞鶴赤十字病院,likely_public,9643.144177186401,ライフ・ステージ舞夢診療所,1405.077894611365,0.41083916083916083,0.8583916083916084,0.6608391608391608,0.5944055944055944,0.27149860628881606,0.244205095603697,0.16138029045139415,96,99,70,False,True,True,True,64
533511091,35.41875,135.24062500000002,1.0,True,4,,,,2,533511093,,suppressed_source,True,False,False,False,四所駅,5456.667426848621,薬師口,911.4547119829189,bus_stop,薬師口,911.4547119829189,ライフ・ステージ舞夢診療所,2008.7365743882535,舞鶴赤十字病院,likely_public,9229.279128076952,ライフ・ステージ舞夢診療所,2008.7365743882535,,,,,,,,,,,,False,False,False,
533511093,35.42291666666668,135.24062500000002,1.0,True,21,,16.0,,1,,533511091,aggregation_destination,False,True,True,False,四所駅,5213.506579769184,薬師口,460.3146557945977,bus_stop,薬師口,460.3146557945977,ライフ・ステージ舞夢診療所,1972.1017134112785,舞鶴赤十字病院,likely_public,9095.013320332087,ライフ・ステージ舞夢診療所,1972.1017134112785,,,,,,,,,,,,True,False,False,
533511094,35.42291666666668,135.246875,1.0,True,17,5.0,5.0,0.29411764705882354,0,,,unaffected,False,False,False,True,四所駅,4728.314963780272,薬師口,611.6870369213183,bus_stop,薬師口,611.6870369213183,ライフ・ステージ舞夢診療所,2539.3730615552768,舞鶴赤十字病院,likely_public,8549.41086451209,ライフ・ステージ舞夢診療所,2539.3730615552768,0.06468531468531469,0.22377622377622378,0.5909090909090909,0.7692307692307693,0.03822314049586777,0.04975793437331899,0.029402415766052136,254,248,212,False,False,False,False,
533511162,35.42708333333334,135.20937499999997,1.0,True,2,,,,2,533511164,,suppressed_source,True,False,False,False,四所駅,7667.579662735967,地頭,598.531653865407,bus_stop,地頭,598.531653865407,ライフ・ステージ舞夢診療所,1019.3689206296535,舞鶴赤十字病院,likely_public,11767.726519873779,ライフ・ステージ舞夢診療所,1019.3689206296535,,,,,,,,,,,,False,False,False,
533511164,35.431250000000006,135.20937499999997,1.0,True,25,,12.0,,1,,533511162,aggregation_destination,False,True,True,False,四所駅,7553.158927388714,地頭,854.3397428128432,bus_stop,地頭,854.3397428128432,ライフ・ステージ舞夢診療所,1322.1959440345186,舞鶴赤十字病院,likely_public,11699.18029763002,ライフ・ステージ舞夢診療所,1322.1959440345186,,,,,,,,,,,,True,False,False,
533511171,35.42708333333334,135.215625,1.0,True,44,22.0,22.0,0.5,0,,,unaffected,False,False,False,True,四所駅,7123.759981558609,地頭,170.98392573420148,bus_stop,地頭,170.98392573420148,ライフ・ステージ舞夢診療所,613.9323104201528,舞鶴赤十字病院,likely_public,11208.594243695501,ライフ・ステージ舞夢診療所,613.9323104201528,0.43356643356643354,0.7202797202797203,0.15734265734265734,0.24475524475524477,0.06821849479192137,0.106117658565211,0.016696834389631106,228,204,240,False,True,True,True,188
533511172,35.42708333333334,135.221875,1.0,True,20,7.0,7.0,0.35,0,,,unaffected,False,False,False,True,四所駅,6583.936152024254,地頭下,130.23302690053833,bus_stop,地頭下,130.23302690053833,ライフ・ステージ舞夢診療所,599.1462670068604,舞鶴赤十字病院,likely_public,10650.346384565908,ライフ・ステージ舞夢診療所,599.1462670068604,0.12062937062937062,0.41083916083916083,0.08041958041958042,0.23776223776223776,0.009700963372292043,0.02868110910068952,0.0023065227598456604,273,265,271,False,True,False,False,
533511173,35.431250000000006,135.215625,1.0,True,20,8.0,8.0,0.4,0,,,unaffected,False,False,False,True,四所駅,7000.486001854369,由良川橋,627.2799012599788,bus_stop,由良川橋,627.2799012599788,ライフ・ステージ舞夢診療所,1042.130222984292,舞鶴赤十字病院,likely_public,11136.636856518935,ライフ・ステージ舞夢診療所,1042.130222984292,0.15734265734265734,0.506993006993007,0.6048951048951049,0.46853146853146854,0.09517580321776126,0.0737199863073989,0.04459285885027975,208,228,183,False,True,False,False,
533511181,35.42708333333334,135.22812499999998,0.9999999999999998,True,4,,,,2,533511183,,suppressed_source,True,False,False,False,四所駅,6049.177867769614,岡田由里,402.9454274965124,bus_stop,岡田由里,402.9454274965124,ライフ・ステージ舞夢診療所,992.623383424479,舞鶴赤十字病院,likely_public,10093.12959672192,ライフ・ステージ舞夢診療所,992.623383424479,,,,,,,,,,,,False,False,False,
533511183,35.431250000000006,135.22812499999998,1.0,True,29,,18.0,,1,,533511181,aggregation_destination,False,True,True,False,四所駅,5903.569552802834,岡田由里,349.2788681152102,bus_stop,岡田由里,349.2788681152102,ライフ・ステージ舞夢診療所,1301.6877356916157,舞鶴赤十字病院,likely_public,10013.220648745493,ライフ・ステージ舞夢診療所,1301.6877356916157,,,,,,,,,,,,True,False,False,
533511184,35.431250000000006,135.234375,1.0,True,17,10.0,10.0,0.5882352941176471,0,,,unaffected,False,False,False,True,四所駅,5361.0506726190515,岡田由里,331.02655075035744,bus_stop,岡田由里,331.02655075035744,ライフ・ステージ舞夢診療所,1721.891232640755,舞鶴赤十字病院,likely_public,9452.546233593986,ライフ・ステージ舞夢診療所,1721.891232640755,0.22727272727272727,0.8583916083916084,0.35664335664335667,0.6713286713286714,0.0810553083280356,0.15257469802924348,0.054414752443995934,217,159,170,False,False,True,False,
533511191,35.42708333333334,135.24062500000002,1.0,True,23,9.0,9.0,0.391304347826087,0,,,unaffected,False,False,False,True,四所駅,5001.3454544149745,薬師口,142.85679209386706,bus_stop,薬師口,142.85679209386706,ライフ・ステージ舞夢診療所,2042.2360682862554,舞鶴赤十字病院,likely_public,8982.556007984518,ライフ・ステージ舞夢診療所,2042.2360682862554,0.19230769230769232,0.49125874125874125,0.11188811188811189,0.7062937062937062,0.021516944593867673,0.13582571274878968,0.015197282545319124,265,176,242,False,True,False,False,
533511192,35.42708333333334,135.246875,1.0,True,23,15.0,15.0,0.6521739130434783,0,,,unaffected,False,False,False,True,四所駅,4493.330436187461,加佐分室前,195.70112494981336,bus_stop,加佐分室前,195.70112494981336,ライフ・ステージ舞夢診療所,2594.190906286011,舞鶴赤十字病院,likely_public,8429.707529445195,ライフ・ステージ舞夢診療所,2594.190906286011,0.3339160839160839,0.9230769230769231,0.19230769230769232,0.7867132867132867,0.06421463152232383,0.262696219864052,0.050518503820010004,232,87,175,False,True,True,True,144
533511193,35.431250000000006,135.24062500000002,1.0000000000000002,True,6,,,,2,533511194,,suppressed_source,True,False,False,False,四所駅,4824.275777488379,薬師口,506.2667407264672,bus_stop,薬師口,506.2667407264672,ライフ・ステージ舞夢診療所,2208.9935435807033,舞鶴赤十字病院,likely_public,8892.734648100482,ライフ・ステージ舞夢診療所,2208.9935435807033,,,,,,,,,,,,False,False,False,
533511194,35.431250000000006,135.246875,1.0000000000000002,True,23,,13.0,,1,,533511193,aggregation_destination,False,True,True,False,四所駅,4295.398580047399,加佐分室前,285.4155198553282,bus_stop,加佐分室前,285.4155198553282,ライフ・ステージ舞夢診療所,2727.3830448372523,舞鶴赤十字病院,likely_public,8333.959654298818,ライフ・ステージ舞夢診療所,2727.3830448372523,,,,,,,,,,,,True,False,False,
533511243,35.439583333333346,135.17812500000002,0.9999999999999998,True,2,,,,2,533511253,,suppressed_source,True,False,False,False,四所駅,10233.370149578028,地頭,3749.969730229553,bus_stop,地頭,3749.969730229553,ライフ・ステージ舞夢診療所,4173.915129374509,舞鶴赤十字病院,likely_public,14450.60166213474,ライフ・ステージ舞夢診療所,4173.915129374509,,,,,,,,,,,,False,False,False,
533511244,35.439583333333346,135.184375,0.9999999999999998,True,5,,,,2,533511253,,suppressed_source,True,False,False,False,四所駅,9667.437885312924,地頭,3242.314054240367,bus_stop,地頭,3242.314054240367,ライフ・ステージ舞夢診療所,3679.486004951403,舞鶴赤十字病院,likely_public,13883.625755012914,ライフ・ステージ舞夢診療所,3679.486004951403,,,,,,,,,,,,False,False,False,
533511253,35.439583333333346,135.190625,0.9999999999999998,True,30,,13.0,,1,,533511243;533511244;533511351,aggregation_destination,False,True,True,False,四所駅,9101.694178466774,地頭,2758.0926600503835,bus_stop,地頭,2758.0926600503835,ライフ・ステージ舞夢診療所,3209.3365052071895,舞鶴赤十字病院,likely_public,13316.690506255845,ライフ・ステージ舞夢診療所,3209.3365052071895,,,,,,,,,,,,True,False,False,
533511254,35.439583333333346,135.19687499999998,1.0,True,9,5.0,5.0,0.5555555555555556,0,,,unaffected,False,False,False,True,四所駅,8536.176400479979,地頭,2312.0759196849526,bus_stop,地頭,2312.0759196849526,ライフ・ステージ舞夢診療所,2775.830709955055,舞鶴赤十字病院,likely_public,12749.80125912945,ライフ・ステージ舞夢診療所,2775.830709955055,0.06468531468531469,0.8164335664335665,0.9055944055944056,0.8111888111888111,0.05857865910313463,0.05247200352095457,0.04751835283890641,236,244,180,False,False,False,False,
533511261,35.43541666666667,135.203125,0.9999999999999998,True,19,10.0,10.0,0.5263157894736842,0,,,unaffected,False,False,False,True,四所駅,8026.3955417308425,地頭,1581.796888256714,bus_stop,地頭,1581.796888256714,ライフ・ステージ舞夢診療所,2047.1952386267328,舞鶴赤十字病院,likely_public,12213.89102292993,ライフ・ステージ舞夢診療所,2047.1952386267328,0.22727272727272727,0.763986013986014,0.8181818181818182,0.7097902097902098,0.18595041322314051,0.16131595677050223,0.1319857828122291,141,152,88,False,False,True,False,
533511262,35.43541666666667,135.20937499999997,0.9999999999999998,True,30,,24.0,,1,,533511264,aggregation_destination,False,True,True,False,四所駅,7465.655993264023,地頭,1236.5019070282542,bus_stop,地頭,1236.5019070282542,ライフ・ステージ舞夢診療所,1698.4332651414772,舞鶴赤十字病院,likely_public,11648.589032502416,ライフ・ステージ舞夢診療所,1698.4332651414772,,,,,,,,,,,,True,False,False,
533511263,35.439583333333346,135.203125,1.0,True,21,10.0,10.0,0.47619047619047616,0,,,unaffected,False,False,False,True,四所駅,7970.932512263063,地頭,1930.9216064883913,bus_stop,地頭,1930.9216064883913,ライフ・ステージ舞夢診療所,2398.9166830922186,舞鶴赤十字病院,likely_public,12182.964351636125,ライフ・ステージ舞夢診療所,2398.9166830922186,0.22727272727272727,0.6713286713286714,0.8671328671328671,0.7517482517482518,0.19707565162110616,0.17085187539732993,0.14815127656831406,136,142,78,False,True,True,True,71
533511264,35.439583333333346,135.20937499999997,1.0,True,6,,,,2,533511262,,suppressed_source,True,False,False,False,四所駅,7406.025090751076,地頭,1659.9285311818876,bus_stop,地頭,1659.9285311818876,ライフ・ステージ舞夢診療所,2109.1548543600134,舞鶴赤十字病院,likely_public,11616.18735902969,ライフ・ステージ舞夢診療所,2109.1548543600134,,,,,,,,,,,,False,False,False,
533511272,35.43541666666667,135.221875,1.0,True,23,7.0,7.0,0.30434782608695654,0,,,unaffected,False,False,False,True,四所駅,6347.759760874325,地頭下,806.8708836687651,bus_stop,地頭下,806.8708836687651,ライフ・ステージ舞夢診療所,1484.7913006113865,舞鶴赤十字病院,likely_public,10518.683542398552,ライフ・ステージ舞夢診療所,1484.7913006113865,0.12062937062937062,0.26223776223776224,0.6713286713286714,0.6223776223776224,0.08098195510782924,0.07507702088121669,0.050401356675502114,218,227,176,False,True,False,False,
533511273,35.439583333333346,135.215625,1.0,True,9,,,,2,533511274,,suppressed_source,True,False,False,False,四所駅,6841.537338095886,地頭下,1410.8034183320033,bus_stop,地頭下,1410.8034183320033,ライフ・ステージ舞夢診療所,1945.8759003645996,舞鶴赤十字病院,likely_public,11049.479410718348,ライフ・ステージ舞夢診療所,1945.8759003645996,,,,,,,,,,,,False,False,False,
533511274,35.439583333333346,135.221875,1.0,True,19,,11.0,,1,,533511273,aggregation_destination,False,True,True,False,四所駅,6277.58231037343,地頭下,1268.5250201706908,bus_stop,地頭下,1268.5250201706908,ライフ・ステージ舞夢診療所,1941.261388306484,舞鶴赤十字病院,likely_public,10482.851609894773,ライフ・ステージ舞夢診療所,1941.261388306484,,,,,,,,,,,,False,False,False,
533511281,35.43541666666667,135.22812499999998,1.0,True,35,,21.0,,1,,533511283,aggregation_destination,False,True,True,False,四所駅,5791.294382795231,岡田由里,713.4480659302634,bus_stop,岡田由里,713.4480659302634,ライフ・ステージ舞夢診療所,1682.5171005792317,舞鶴赤十字病院,likely_public,9954.159131141,ライフ・ステージ舞夢診療所,1682.5171005792317,,,,,,,,,,,,True,False,False,
533511283,35.439583333333346,135.22812499999998,1.0,True,6,,,,2,533511281,,suppressed_source,True,False,False,False,四所駅,5714.3175659754725,岡田由里,1150.3926030948444,bus_stop,岡田由里,1150.3926030948444,ライフ・ステージ舞夢診療所,2096.358880842984,舞鶴赤十字病院,likely_public,9916.317596662924,ライフ・ステージ舞夢診療所,2096.358880842984,,,,,,,,,,,,False,False,False,
533511292,35.43541666666667,135.246875,1.0,True,79,,36.0,,1,,533511293,aggregation_destination,False,True,True,False,四所駅,4139.837549193709,間口,577.1383399624077,bus_stop,間口,577.1383399624077,市立舞鶴市民病院加佐診療所,2476.91009014652,舞鶴赤十字病院,likely_public,8263.00008905817,市立舞鶴市民病院加佐診療所,2476.91009014652,,,,,,,,,,,,True,False,False,
533511293,35.439583333333346,135.24062500000002,1.0,True,6,,,,2,533511292,,suppressed_source,True,False,False,False,四所駅,4590.874199490419,間口,1287.5042058706229,bus_stop,間口,1287.5042058706229,市立舞鶴市民病院加佐診療所,2553.0534194765632,舞鶴赤十字病院,likely_public,8783.60307866276,市立舞鶴市民病院加佐診療所,2553.0534194765632,,,,,,,,,,,,False,False,False,
533511344,35.44791666666667,135.184375,1.0,True,15,11.0,11.0,0.7333333333333333,0,,,unaffected,False,False,False,True,東雲駅,9611.590249078637,地頭,3774.496877966582,bus_stop,地頭,3774.496877966582,ライフ・ステージ舞夢診療所,4236.457797781582,舞鶴赤十字病院,likely_public,13875.28731303902,ライフ・ステージ舞夢診療所,4236.457797781582,0.25874125874125875,0.9562937062937062,0.9790209790209791,0.9230769230769231,0.2533131204459876,0.23883808499193115,0.23382749579629625,107,103,33,True,False,True,False,
533511351,35.44375000000001,135.190625,1.0,True,2,,,,2,533511253,,suppressed_source,True,False,False,False,四所駅,9076.340709616728,地頭,3043.1302892385424,bus_stop,地頭,3043.1302892385424,ライフ・ステージ舞夢診療所,3505.8223062576053,舞鶴赤十字病院,likely_public,13304.345858052668,ライフ・ステージ舞夢診療所,3505.8223062576053,,,,,,,,,,,,False,False,False,
533511362,35.44375000000001,135.20937499999997,1.0,True,16,,12.0,,1,,533511363,aggregation_destination,False,True,True,False,四所駅,7374.9423974708125,地頭下,2097.8856158454732,bus_stop,地頭下,2097.8856158454732,ライフ・ステージ舞夢診療所,2537.6719494922904,舞鶴赤十字病院,likely_public,11602.127712228086,ライフ・ステージ舞夢診療所,2537.6719494922904,,,,,,,,,,,,False,False,False,
533511363,35.44791666666667,135.203125,1.0,True,2,,,,2,533511362,,suppressed_source,True,False,False,False,四所駅,7939.986464171617,地頭,2731.917335159385,bus_stop,地頭,2731.917335159385,ライフ・ステージ舞夢診療所,3188.1887421715646,舞鶴赤十字病院,likely_public,12173.648772340157,ライフ・ステージ舞夢診療所,3188.1887421715646,,,,,,,,,,,,False,False,False,
533511371,35.44375000000001,135.215625,1.0,True,25,10.0,10.0,0.4,0,,,unaffected,False,False,False,True,四所駅,6807.908328158145,地頭下,1837.3480065527974,bus_stop,地頭下,1837.3480065527974,ライフ・ステージ舞夢診療所,2403.6867254935673,舞鶴赤十字病院,likely_public,11034.727736781933,ライフ・ステージ舞夢診療所,2403.6867254935673,0.22727272727272727,0.506993006993007,0.8461538461538461,0.7552447552447552,0.1923076923076923,0.17164653528289892,0.14523937600860676,139,140,82,False,True,True,True,74
533511372,35.44375000000001,135.221875,1.0,True,8,,,,2,533511373,,suppressed_source,True,False,False,False,四所駅,6240.945766622256,地頭下,1730.5072697420615,bus_stop,地頭下,1730.5072697420615,ライフ・ステージ舞夢診療所,2399.952412485338,舞鶴赤十字病院,likely_public,10467.33146247715,ライフ・ステージ舞夢診療所,2399.952412485338,,,,,,,,,,,,False,False,False,
533511373,35.44791666666667,135.215625,1.0,True,30,,22.0,,1,,533511372,aggregation_destination,False,True,True,False,四所駅,6805.584357026497,地頭下,2277.8751039433982,bus_stop,地頭下,2277.8751039433982,ライフ・ステージ舞夢診療所,2862.930887043367,舞鶴赤十字病院,likely_public,11039.330328431908,ライフ・ステージ舞夢診療所,2862.930887043367,,,,,,,,,,,,True,False,False,
533511384,35.44791666666667,135.234375,1.0,True,10,6.0,6.0,0.6,0,,,unaffected,False,False,False,True,四所駅,5104.333786564338,岡田由里,2054.7325371306697,bus_stop,岡田由里,2054.7325371306697,市立舞鶴市民病院加佐診療所,2684.320972794819,舞鶴赤十字病院,likely_public,9338.08957383472,市立舞鶴市民病院加佐診療所,2684.320972794819,0.09090909090909091,0.8688811188811189,0.8846153846153846,0.7937062937062938,0.08041958041958042,0.07215511760966307,0.0638295271162404,219,232,156,False,False,False,False,
533511391,35.44375000000001,135.24062500000002,1.0,True,29,,21.0,,1,,533511392;533511394,aggregation_destination,False,True,True,False,四所駅,4540.752843831273,志高下境,1483.8310498167168,bus_stop,志高下境,1483.8310498167168,市立舞鶴市民病院加佐診療所,2307.4419858537967,舞鶴赤十字病院,likely_public,8765.17091896238,市立舞鶴市民病院加佐診療所,2307.4419858537967,,,,,,,,,,,,True,False,False,
533511392,35.44375000000001,135.246875,1.0000000000000002,True,3,,,,2,533511391,,suppressed_source,True,False,False,False,四所駅,3974.4177753187737,志高下境,988.7712165741464,bus_stop,志高下境,988.7712165741464,市立舞鶴市民病院加佐診療所,1822.1765814664652,舞鶴赤十字病院,likely_public,8197.796367765988,市立舞鶴市民病院加佐診療所,1822.1765814664652,,,,,,,,,,,,False,False,False,
533511394,35.44791666666667,135.246875,1.0000000000000002,True,2,,,,2,533511391,,suppressed_source,True,False,False,False,四所駅,3970.633974278894,小津田,1195.8647649201343,bus_stop,小津田,1195.8647649201343,市立舞鶴市民病院加佐診療所,1598.1295361215102,舞鶴赤十字病院,likely_public,8204.16204795312,市立舞鶴市民病院加佐診療所,1598.1295361215102,,,,,,,,,,,,False,False,False,
533511432,35.452083333333334,135.171875,0.934659945607051,True,4,,,,2,533511441,,suppressed_source,True,False,False,False,東雲駅,10574.292627617504,地頭,4949.478126964947,bus_stop,地頭,4949.478126964947,ライフ・ステージ舞夢診療所,5403.880853453517,舞鶴赤十字病院,likely_public,15027.226085159351,ライフ・ステージ舞夢診療所,5403.880853453517,,,,,,,,,,,,False,False,False,
533511441,35.452083333333334,135.17812500000002,1.0,True,8,,10.0,,1,,533511432,aggregation_destination,False,True,True,False,東雲駅,10024.586558735858,地頭,4506.013075588714,bus_stop,地頭,4506.013075588714,ライフ・ステージ舞夢診療所,4967.443469588285,舞鶴赤十字病院,likely_public,14460.680291674844,ライフ・ステージ舞夢診療所,4967.443469588285,,,,,,,,,,,,False,False,False,
533511442,35.452083333333334,135.184375,1.0000000000000002,True,9,7.0,7.0,0.7777777777777778,0,,,unaffected,False,False,False,True,東雲駅,9476.954652666882,地頭,4093.290077869674,bus_stop,地頭,4093.290077869674,ライフ・ステージ舞夢診療所,4559.949257756713,舞鶴赤十字病院,likely_public,13894.205047258298,ライフ・ステージ舞夢診療所,4559.949257756713,0.12062937062937062,0.9702797202797203,0.986013986013986,0.9300699300699301,0.11894224656462418,0.11219375030563841,0.1106246069447204,186,196,110,False,False,False,False,
533511461,35.452083333333334,135.203125,1.0,True,4,,,,2,533511471,,suppressed_source,True,False,False,False,東雲駅,7850.836059827029,地頭,3157.8333242188755,bus_stop,地頭,3157.8333242188755,ライフ・ステージ舞夢診療所,3607.0074172437644,舞鶴赤十字病院,likely_public,12195.300068272714,ライフ・ステージ舞夢診療所,3607.0074172437644,,,,,,,,,,,,False,False,False,
533511463,35.45625000000001,135.203125,1.0,True,1,,,,2,533511471,,suppressed_source,True,False,False,False,東雲駅,7713.2658845442775,地頭下,3576.429256524479,bus_stop,地頭下,3576.429256524479,ライフ・ステージ舞夢診療所,4035.324856638588,舞鶴赤十字病院,likely_public,12234.391789209574,ライフ・ステージ舞夢診療所,4035.324856638588,,,,,,,,,,,,False,False,False,
533511471,35.452083333333334,135.215625,1.0000000000000002,True,24,,26.0,,1,,533511461;533511463;533511472;533511473;533511474;533511561;533511571,aggregation_destination,False,True,True,False,東雲駅,6787.430165134827,地頭下,2725.613516178805,bus_stop,地頭下,2725.613516178805,ライフ・ステージ舞夢診療所,3323.014304378472,舞鶴赤十字病院,likely_public,11063.263069848237,ライフ・ステージ舞夢診療所,3323.014304378472,,,,,,,,,,,,True,False,False,
533511472,35.452083333333334,135.221875,0.9999999999999998,True,2,,,,2,533511471,,suppressed_source,True,False,False,False,東雲駅,6265.099837463644,岡田由里,2643.353184970055,bus_stop,岡田由里,2643.353184970055,ライフ・ステージ舞夢診療所,3320.3136003311724,舞鶴赤十字病院,likely_public,10497.46915129276,ライフ・ステージ舞夢診療所,3320.3136003311724,,,,,,,,,,,,False,False,False,
533511473,35.45625000000001,135.215625,1.0,True,5,,,,2,533511471,,suppressed_source,True,False,False,False,東雲駅,6627.884949251067,地頭下,3177.5164400758094,bus_stop,地頭下,3177.5164400758094,ライフ・ステージ舞夢診療所,3783.630949526249,舞鶴赤十字病院,likely_public,11106.401039988335,ライフ・ステージ舞夢診療所,3783.630949526249,,,,,,,,,,,,False,False,False,
533511474,35.45625000000001,135.221875,1.0,True,8,,,,2,533511471,,suppressed_source,True,False,False,False,東雲駅,6091.919259502402,岡田由里,3084.02639685205,bus_stop,岡田由里,3084.02639685205,市立舞鶴市民病院加佐診療所,3765.7446576609746,舞鶴赤十字病院,likely_public,10542.952191245373,市立舞鶴市民病院加佐診療所,3765.7446576609746,,,,,,,,,,,,False,False,False,
533511483,35.45625000000001,135.22812499999998,0.9999999999999998,True,15,9.0,9.0,0.6,0,,,unaffected,False,False,False,True,東雲駅,5562.168388223953,岡田由里,2975.7060576562035,bus_stop,岡田由里,2975.7060576562035,市立舞鶴市民病院加佐診療所,3200.911583991589,舞鶴赤十字病院,likely_public,9979.949857462347,市立舞鶴市民病院加佐診療所,3200.911583991589,0.19230769230769232,0.8688811188811189,0.9405594405594405,0.8601398601398601,0.1808768154922001,0.16541151156535772,0.15557935878000428,146,149,75,False,False,False,False,
533511561,35.460416666666674,135.203125,1.0,True,8,,,,2,533511471,,suppressed_source,True,False,False,False,東雲駅,7601.36146472129,地頭下,3985.692374620137,bus_stop,地頭下,3985.692374620137,ライフ・ステージ舞夢診療所,4470.411715454417,舞鶴赤十字病院,likely_public,12290.757560092623,ライフ・ステージ舞夢診療所,4470.411715454417,,,,,,,,,,,,False,False,False,
533511571,35.460416666666674,135.215625,0.9999999999999998,True,1,,,,2,533511471,,suppressed_source,True,False,False,False,東雲駅,6497.375664305755,地頭下,3632.0298635651097,bus_stop,地頭下,3632.0298635651097,ライフ・ステージ舞夢診療所,4244.607334942985,舞鶴赤十字病院,likely_public,11168.521742123681,ライフ・ステージ舞夢診療所,4244.607334942985,,,,,,,,,,,,False,False,False,
533511581,35.460416666666674,135.22812499999998,1.0,True,4,,,,2,533511584,,suppressed_source,True,False,False,False,東雲駅,5406.0542076491265,大川,3342.1768447048025,bus_stop,大川,3342.1768447048025,市立舞鶴市民病院加佐診療所,3280.4360567029075,舞鶴赤十字病院,likely_public,10049.097229232857,市立舞鶴市民病院加佐診療所,3280.4360567029075,,,,,,,,,,,,False,False,False,
533511582,35.460416666666674,135.234375,0.9999999999999998,True,2,,,,2,533511584,,suppressed_source,True,False,False,False,東雲駅,4867.808488464429,大川,2839.2760248981904,bus_stop,大川,2839.2760248981904,市立舞鶴市民病院加佐診療所,2733.1696872504804,舞鶴赤十字病院,likely_public,9490.749923203348,市立舞鶴市民病院加佐診療所,2733.1696872504804,,,,,,,,,,,,False,False,False,
533511584,35.46458333333334,135.234375,0.9999999999999998,True,4,,7.0,,1,,533511581;533511582,aggregation_destination,False,True,True,False,東雲駅,4734.018580797964,大川,3097.117654033351,bus_stop,大川,3097.117654033351,市立舞鶴市民病院加佐診療所,2900.550837748159,舞鶴赤十字病院,likely_public,9585.782736924712,市立舞鶴市民病院加佐診療所,2900.550837748159,,,,,,,,,,,,False,False,False,
533511591,35.460416666666674,135.24062500000002,1.0000000000000002,True,9,,,,2,533511593,,suppressed_source,True,False,False,False,東雲駅,4336.966149790867,大川,2365.718805995138,bus_stop,大川,2365.718805995138,市立舞鶴市民病院加佐診療所,2196.115144208045,舞鶴赤十字病院,likely_public,8933.540027755018,市立舞鶴市民病院加佐診療所,2196.115144208045,,,,,,,,,,,,False,False,False,
533511593,35.46458333333334,135.24062500000002,1.0,True,8,,7.0,,1,,533511591,aggregation_destination,False,True,True,False,東雲駅,4186.275322777629,八田・由良川学園前,2601.448404499021,bus_stop,八田・由良川学園前,2601.448404499021,市立舞鶴市民病院加佐診療所,2401.257164612735,舞鶴赤十字病院,likely_public,9034.465215123704,市立舞鶴市民病院加佐診療所,2401.257164612735,,,,,,,,,,,,False,False,False,
533511682,35.46875,135.234375,1.0,True,8,,,,2,533511684,,suppressed_source,True,False,False,False,東雲駅,4642.5947410360395,八田・由良川学園前,3328.296416566407,bus_stop,八田・由良川学園前,3328.296416566407,市立舞鶴市民病院加佐診療所,3127.868015058031,舞鶴赤十字病院,likely_public,9701.933182164908,市立舞鶴市民病院加佐診療所,3127.868015058031,,,,,,,,,,,,False,False,False,
533511684,35.47291666666668,135.234375,1.0,True,4,,5.0,,1,,533511682,aggregation_destination,False,True,True,False,東雲駅,4596.065967537846,八田・由良川学園前,3602.868472006755,bus_stop,八田・由良川学園前,3602.868472006755,市立舞鶴市民病院加佐診療所,3403.1319237155317,舞鶴赤十字病院,likely_public,9838.453402806146,市立舞鶴市民病院加佐診療所,3403.1319237155317,,,,,,,,,,,,False,False,False,
533511691,35.46875,135.24062500000002,1.0,True,9,,,,2,533511692,,suppressed_source,True,False,False,False,東雲駅,4082.634927013072,八田・由良川学園前,2871.131728031004,bus_stop,八田・由良川学園前,2871.131728031004,市立舞鶴市民病院加佐診療所,2671.4292709310207,舞鶴赤十字病院,likely_public,9157.639754723963,市立舞鶴市民病院加佐診療所,2671.4292709310207,,,,,,,,,,,,False,False,False,
533511692,35.46875,135.246875,1.0,True,5,,12.0,,1,,533511691;533511693,aggregation_destination,False,True,True,False,東雲駅,3525.002154864391,八田・由良川学園前,2460.2697477364313,bus_stop,八田・由良川学園前,2460.2697477364313,市立舞鶴市民病院加佐診療所,2265.654758163076,舞鶴赤十字病院,likely_public,8616.320579635427,市立舞鶴市民病院加佐診療所,2265.654758163076,,,,,,,,,,,,False,False,False,
533511693,35.47291666666668,135.24062500000002,1.0,True,2,,,,2,533511692,,suppressed_source,True,False,False,False,東雲駅,4029.6770182209175,八田・由良川学園前,3185.380034611888,bus_stop,八田・由良川学園前,3185.380034611888,市立舞鶴市民病院加佐診療所,2989.0496387302255,舞鶴赤十字病院,likely_public,9302.17989339361,市立舞鶴市民病院加佐診療所,2989.0496387302255,,,,,,,,,,,,False,False,False,
533511771,35.47708333333334,135.215625,1.0,True,14,,,,2,533511773,,suppressed_source,True,False,False,False,東雲駅,6295.859295973075,八田・由良川学園前,5260.65802708208,bus_stop,八田・由良川学園前,5260.65802708208,市立舞鶴市民病院加佐診療所,5060.475578991517,舞鶴赤十字病院,likely_public,11599.33731753763,市立舞鶴市民病院加佐診療所,5060.475578991517,,,,,,,,,,,,False,False,False,
533511773,35.48125,135.215625,1.0,True,17,,8.0,,1,,533511771,aggregation_destination,False,True,True,False,東雲駅,6329.438673534684,八田・由良川学園前,5516.499844408389,bus_stop,八田・由良川学園前,5516.499844408389,市立舞鶴市民病院加佐診療所,5316.044947125019,舞鶴赤十字病院,likely_public,11750.117910439987,市立舞鶴市民病院加佐診療所,5316.044947125019,,,,,,,,,,,,False,False,False,
533511782,35.47708333333334,135.234375,1.0,True,6,,,,2,533511784,,suppressed_source,True,False,False,False,東雲駅,4595.796138637363,八田・由良川学園前,3912.9466723540027,bus_stop,八田・由良川学園前,3912.9466723540027,市立舞鶴市民病院加佐診療所,3715.7020538942734,舞鶴赤十字病院,likely_public,9994.508753459288,市立舞鶴市民病院加佐診療所,3715.7020538942734,,,,,,,,,,,,False,False,False,
533511784,35.48125,135.234375,1.0,True,14,,9.0,,1,,533511782,aggregation_destination,False,True,True,False,東雲駅,4641.793416191954,八田・由良川学園前,4250.7680739025045,bus_stop,八田・由良川学園前,4250.7680739025045,市立舞鶴市民病院加佐診療所,4056.9648492662923,舞鶴赤十字病院,likely_public,10169.199965684826,市立舞鶴市民病院加佐診療所,4056.9648492662923,,,,,,,,,,,,False,False,False,
533511791,35.47708333333334,135.24062500000002,1.0,True,10,5.0,5.0,0.5,0,,,unaffected,False,False,False,True,東雲駅,4029.4005421545307,八田・由良川学園前,3532.3194046077488,bus_stop,八田・由良川学園前,3532.3194046077488,市立舞鶴市民病院加佐診療所,3340.611774737912,舞鶴赤十字病院,likely_public,9467.107122987443,市立舞鶴市民病院加佐診療所,3340.611774737912,0.06468531468531469,0.7202797202797203,0.9685314685314685,0.8741258741258742,0.062649762824588,0.05654310724240794,0.05476377869282169,233,242,169,False,False,False,False,
533511891,35.48541666666668,135.24062500000002,0.9999999999999998,True,9,4.0,4.0,0.4444444444444444,0,,,unaffected,False,False,False,True,東雲駅,4184.945013321586,八田・由良川学園前,4291.935490476733,station,東雲駅,4184.945013321586,市立舞鶴市民病院加佐診療所,4110.034890484252,舞鶴赤十字病院,likely_public,9853.902712466352,市立舞鶴市民病院加佐診療所,4110.034890484252,0.043706293706293704,0.6136363636363636,0.9895104895104895,0.9195804195804196,0.04324783608000391,0.04019145190473861,0.0397698632483952,247,259,193,False,False,False,False,
533511893,35.48958333333334,135.24062500000002,1.0,True,9,0.0,0.0,0.0,0,,,unaffected,False,False,False,True,東雲駅,4335.169051014765,八田・由良川学園前,4693.986310195198,station,東雲駅,4335.169051014765,市立舞鶴市民病院加佐診療所,4516.615884114996,舞鶴赤十字病院,likely_public,10073.585027474492,市立舞鶴市民病院加佐診療所,4516.615884114996,0.013986013986013986,0.013986013986013986,0.993006993006993,0.9265734265734266,0.013888209692405496,0.012959068903124846,0.012868446043662435,270,273,244,False,False,False,False,
533511991,35.493750000000006,135.24062500000002,1.0,True,8,7.0,7.0,0.875,0,,,unaffected,False,False,False,True,東雲駅,4527.803340363579,八田・由良川学園前,5106.240698406247,station,東雲駅,4527.803340363579,市立舞鶴市民病院加佐診療所,4933.015375971266,舞鶴赤十字病院,likely_public,10309.326703570116,市立舞鶴市民病院加佐診療所,4933.015375971266,0.12062937062937062,0.9895104895104895,1.0,0.9405594405594405,0.12062937062937062,0.11345909335419824,0.11345909335419824,184,195,105,True,False,False,False,
533512001,35.41875,135.253125,1.0,True,53,31.0,31.0,0.5849056603773585,0,,,unaffected,False,False,False,True,四所駅,4557.573708249108,加佐分室前,1217.369181155044,bus_stop,加佐分室前,1217.369181155044,ライフ・ステージ舞夢診療所,3130.1864356931937,舞鶴赤十字病院,likely_public,8158.986891921594,ライフ・ステージ舞夢診療所,3130.1864356931937,0.548951048951049,0.8531468531468531,0.7517482517482518,0.8566433566433567,0.41267299134432006,0.47025526920631816,0.3535135765012532,38,19,11,False,True,True,True,11
533512002,35.41875,135.25937499999998,1.0,True,17,11.0,11.0,0.6470588235294118,0,,,unaffected,False,False,False,True,四所駅,4151.603513028003,志高,1526.416639991043,bus_stop,志高,1526.416639991043,ライフ・ステージ舞夢診療所,3694.058498730569,舞鶴赤十字病院,likely_public,7630.860426593622,ライフ・ステージ舞夢診療所,3694.058498730569,0.25874125874125875,0.9195804195804196,0.8076923076923077,0.8951048951048951,0.20898332436793976,0.23160056726490294,0.187061996637037,130,109,51,False,False,True,False,
533512003,35.42291666666668,135.253125,1.0000000000000002,True,52,24.0,24.0,0.46153846153846156,0,,,unaffected,False,False,False,True,四所駅,4263.4936572638335,加佐分室前,818.768927498345,bus_stop,加佐分室前,818.768927498345,ライフ・ステージ舞夢診療所,3106.7560536488486,舞鶴赤十字病院,likely_public,8006.8535785301765,ライフ・ステージ舞夢診療所,3106.7560536488486,0.46503496503496505,0.6573426573426573,0.6748251748251748,0.8496503496503497,0.31381730157953935,0.3951171206415962,0.26663498001338487,76,38,25,False,True,True,True,25
533512004,35.42291666666668,135.25937499999998,1.0,True,56,27.0,27.0,0.48214285714285715,0,,,unaffected,False,False,False,True,四所駅,3826.473089823269,志高,1148.135748530928,bus_stop,志高,1148.135748530928,市立舞鶴市民病院加佐診療所,3389.0565632567414,舞鶴赤十字病院,likely_public,7468.005069286602,市立舞鶴市民病院加佐診療所,3389.0565632567414,0.5157342657342657,0.6748251748251748,0.7342657342657343,0.8811188811188811,0.37868599931536995,0.4544231991784439,0.3336673840121442,51,21,13,False,True,True,True,13
533512032,35.41875,135.296875,1.0,True,11,8.0,8.0,0.7272727272727273,0,,,unaffected,False,False,False,True,真倉駅,2942.3830965359766,真倉駅前,2949.0093483331784,station,真倉駅,2942.3830965359766,医療法人荒木クリニック,2891.6954853236666,舞鶴赤十字病院,likely_public,4660.780269469015,医療法人荒木クリニック,2891.6954853236666,0.15734265734265734,0.951048951048951,0.9370629370629371,0.8356643356643356,0.1474399726147978,0.13148564721991296,0.12321032676551284,168,180,93,False,False,False,False,
533512034,35.42291666666668,135.296875,0.9999999999999998,True,25,15.0,15.0,0.6,0,,,unaffected,False,False,False,True,四所駅,2637.2434969205806,上福井,2496.3193110236407,bus_stop,上福井,2496.3193110236407,医療法人荒木クリニック,2786.5105091351825,舞鶴赤十字病院,likely_public,4389.286390767658,医療法人荒木クリニック,2786.5105091351825,0.3339160839160839,0.8688811188811189,0.9195804195804196,0.8146853146853147,0.30706269255220303,0.2720365299036628,0.25015946631001157,80,83,28,False,True,True,True,28
533512041,35.41875,135.30312500000002,1.0,True,28,10.0,10.0,0.35714285714285715,0,,,unaffected,False,False,False,True,真倉駅,2446.431350418368,京田,2434.673237196632,bus_stop,京田,2434.673237196632,医療法人荒木クリニック,2357.127628005175,舞鶴赤十字病院,likely_public,4229.992849293778,医療法人荒木クリニック,2357.127628005175,0.22727272727272727,0.4353146853146853,0.9125874125874126,0.7482517482517482,0.20740623013350284,0.17005721551176095,0.15519207429569792,131,144,76,False,True,True,True,69
533512053,35.42291666666668,135.315625,1.0,True,70,40.0,40.0,0.5714285714285714,0,,,unaffected,False,False,False,True,真倉駅,1997.9550135535924,城南中学校前,1251.4077371948351,bus_stop,城南中学校前,1251.4077371948351,医療法人荒木クリニック,1131.4845508086535,舞鶴赤十字病院,likely_public,3115.8692152044437,医療法人荒木クリニック,1131.4845508086535,0.5874125874125874,0.8286713286713286,0.7552447552447552,0.5034965034965035,0.44364027580810794,0.295760183872072,0.22337132767960682,30,70,40,False,True,True,True,39
533512054,35.42291666666668,135.32187499999998,0.9999999999999998,True,13,8.0,8.0,0.6153846153846154,0,,,unaffected,False,False,False,True,真倉駅,1803.488886206553,京田,692.7104880952567,bus_stop,京田,692.7104880952567,医療法人荒木クリニック,638.1885099746444,舞鶴赤十字病院,likely_public,2794.836509477954,医療法人荒木クリニック,638.1885099746444,0.15734265734265734,0.8863636363636364,0.6433566433566433,0.26573426573426573,0.10122744388478654,0.04181133551762922,0.026899600472880338,204,258,214,False,False,False,False,
533512061,35.41875,135.328125,0.9999999999999998,True,100,40.0,40.0,0.4,0,,,unaffected,False,False,False,True,真倉駅,1318.7122668578675,京田,454.92031393021045,bus_stop,京田,454.92031393021045,医療法人荒木クリニック,880.5804798111204,舞鶴赤十字病院,likely_public,3002.3410446128587,医療法人荒木クリニック,880.5804798111204,0.5874125874125874,0.506993006993007,0.46853146853146854,0.4125874125874126,0.2752212822142892,0.24235903956183677,0.11355283671778367,92,100,104,False,True,True,True,93
533512062,35.41875,135.33437499999997,0.9999999999999998,True,49,13.0,13.0,0.2653061224489796,0,,,unaffected,False,False,False,True,真倉駅,1512.8031593858786,京田,622.5335504488768,bus_stop,京田,622.5335504488768,医療法人荒木クリニック,1091.3071733529719,市立舞鶴市民病院,likely_public,2875.1145026548115,医療法人荒木クリニック,1091.3071733529719,0.28846153846153844,0.17482517482517482,0.5979020979020979,0.4825174825174825,0.17247175901022055,0.13918773534158146,0.08322063896297355,154,175,139,False,True,True,True,119
533512063,35.42291666666668,135.328125,1.0,True,272,65.0,65.0,0.23897058823529413,0,,,unaffected,False,False,False,True,真倉駅,1776.9968713288952,京田,127.13268442538889,bus_stop,京田,127.13268442538889,医療法人荒木クリニック,422.5556570871397,舞鶴赤十字病院,likely_public,2560.7965947676917,医療法人荒木クリニック,422.5556570871397,0.6468531468531469,0.13286713286713286,0.07692307692307693,0.17832167832167833,0.04975793437331899,0.11534793877451222,0.00887291836727017,242,193,248,False,True,True,True,193
533512064,35.42291666666668,135.33437499999997,1.0,True,295,83.0,83.0,0.28135593220338984,0,,,unaffected,False,False,False,True,真倉駅,1925.4245590789722,京田,443.5641006456482,bus_stop,京田,443.5641006456482,医療法人荒木クリニック,770.7540193434103,市立舞鶴市民病院,likely_public,2418.0924051772645,医療法人荒木クリニック,770.7540193434103,0.6940559440559441,0.20279720279720279,0.45104895104895104,0.34615384615384615,0.313053205535723,0.2402501344809037,0.10836457114698105,77,102,112,False,True,True,True,97
533512071,35.41875,135.340625,1.0,True,117,60.0,60.0,0.5128205128205128,0,,,unaffected,False,False,False,True,真倉駅,1866.1651647344731,京田,1101.1115210581902,bus_stop,京田,1101.1115210581902,特別養護老人ﾎｰﾑｸﾞﾚｲｽｳﾞｨﾙまいづる診療所,785.4268005220027,市立舞鶴市民病院,likely_public,2852.911794231826,特別養護老人ﾎｰﾑｸﾞﾚｲｽｳﾞｨﾙまいづる診療所,785.4268005220027,0.6328671328671329,0.7517482517482518,0.7202797202797203,0.35664335664335667,0.4558413614357671,0.22570785857499148,0.16257279323932952,26,114,69,False,True,True,True,63
533512072,35.41875,135.346875,1.0,True,9,8.0,8.0,0.8888888888888888,0,,,unaffected,False,False,False,True,真倉駅,2306.728742129011,京田,1637.5733724192894,bus_stop,京田,1637.5733724192894,特別養護老人ﾎｰﾑｸﾞﾚｲｽｳﾞｨﾙまいづる診療所,803.0163947830671,市立舞鶴市民病院,likely_public,2942.1178135437235,特別養護老人ﾎｰﾑｸﾞﾚｲｽｳﾞｨﾙまいづる診療所,803.0163947830671,0.15734265734265734,0.9982517482517482,0.8216783216783217,0.36713286713286714,0.12928505061372195,0.05776566091251406,0.04746479130923358,182,240,181,False,False,False,False,
533512073,35.42291666666668,135.340625,1.0,True,250,109.0,109.0,0.436,0,,,unaffected,False,False,False,True,真倉駅,2213.8645123201804,京田,1010.7449506974776,bus_stop,京田,1010.7449506974776,特別養護老人ﾎｰﾑｸﾞﾚｲｽｳﾞｨﾙまいづる診療所,1231.2739210946563,市立舞鶴市民病院,likely_public,2391.6525179084383,特別養護老人ﾎｰﾑｸﾞﾚｲｽｳﾞｨﾙまいづる診療所,1231.2739210946563,0.756993006993007,0.5979020979020979,0.7097902097902098,0.5384615384615384,0.5373062252432882,0.40761161915008065,0.28931873666946284,5,33,20,True,True,True,True,20
533512074,35.42291666666668,135.346875,1.0,True,29,12.0,12.0,0.41379310344827586,0,,,unaffected,False,False,False,True,西舞鶴駅,2559.8837861997163,京田,1578.2046218790076,bus_stop,京田,1578.2046218790076,特別養護老人ﾎｰﾑｸﾞﾚｲｽｳﾞｨﾙまいづる診療所,1242.5672424470945,市立舞鶴市民病院,likely_public,2497.384368899256,特別養護老人ﾎｰﾑｸﾞﾚｲｽｳﾞｨﾙまいづる診療所,1242.5672424470945,0.27797202797202797,0.5384615384615384,0.8146853146853147,0.541958041958042,0.2264597290821067,0.15064917599882635,0.1227316713556872,118,164,94,False,True,True,True,84
533512083,35.42291666666668,135.35312499999998,1.0000000000000002,True,11,6.0,6.0,0.5454545454545454,0,,,unaffected,False,False,False,True,西舞鶴駅,2925.4501905359216,京田,2145.7215396778242,bus_stop,京田,2145.7215396778242,特別養護老人ﾎｰﾑｸﾞﾚｲｽｳﾞｨﾙまいづる診療所,1488.7120883379291,市立舞鶴市民病院,likely_public,2719.9172837823126,特別養護老人ﾎｰﾑｸﾞﾚｲｽｳﾞｨﾙまいづる診療所,1488.7120883379291,0.09090909090909091,0.798951048951049,0.8951048951048951,0.6258741258741258,0.08137317228226319,0.05689764780673871,0.05092936307176612,216,241,173,False,False,False,False,
533512094,35.42291666666668,135.371875,1.0,True,11,6.0,6.0,0.5454545454545454,0,,,unaffected,False,False,False,True,西舞鶴駅,4294.030220001371,福来西,3351.8751486971496,bus_stop,福来西,3351.8751486971496,特別養護老人ﾎｰﾑｸﾞﾚｲｽｳﾞｨﾙまいづる診療所,2845.9152325743353,市立舞鶴市民病院,likely_public,3839.995416784284,特別養護老人ﾎｰﾑｸﾞﾚｲｽｳﾞｨﾙまいづる診療所,2845.9152325743353,0.09090909090909091,0.798951048951049,0.958041958041958,0.8286713286713286,0.08709472345835982,0.07533375715193898,0.07217290020850096,212,226,151,False,False,False,False,
533512101,35.42708333333334,135.253125,1.0,True,4,,,,2,533512102,,suppressed_source,True,False,False,False,四所駅,4001.3312161683366,志高,443.4377342565257,bus_stop,志高,443.4377342565257,市立舞鶴市民病院加佐診療所,3049.4229092211895,舞鶴赤十字病院,likely_public,7878.941026589162,市立舞鶴市民病院加佐診療所,3049.4229092211895,,,,,,,,,,,,False,False,False,
533512102,35.42708333333334,135.25937499999998,1.0,True,60,,32.0,,1,,533512101,aggregation_destination,False,True,True,False,四所駅,3532.0466837501044,志高,856.656379336186,bus_stop,志高,856.656379336186,市立舞鶴市民病院加佐診療所,2929.6108048964643,舞鶴赤十字病院,likely_public,7330.725650767944,市立舞鶴市民病院加佐診療所,2929.6108048964643,,,,,,,,,,,,True,False,False,
533512103,35.431250000000006,135.253125,1.0,True,84,36.0,36.0,0.42857142857142855,0,,,unaffected,False,False,False,True,四所駅,3777.7372847959814,志高,199.2144568214852,bus_stop,志高,199.2144568214852,市立舞鶴市民病院加佐診療所,2612.131494473556,舞鶴赤十字病院,likely_public,7776.4445859917805,市立舞鶴市民病院加佐診療所,2612.131494473556,0.5786713286713286,0.5769230769230769,0.1958041958041958,0.7902097902097902,0.11330627414543498,0.4572717492297912,0.08953572712191715,192,20,134,False,True,True,True,115
533512132,35.42708333333334,135.296875,1.0,True,91,43.0,43.0,0.4725274725274725,0,,,unaffected,False,False,False,True,四所駅,2188.3597823318564,上福井,2034.4406233132956,bus_stop,上福井,2034.4406233132956,医療法人荒木クリニック,2755.8571381536417,舞鶴赤十字病院,likely_public,4151.64607693823,医療法人荒木クリニック,2755.8571381536417,0.6013986013986014,0.6678321678321678,0.8811188811188811,0.8076923076923077,0.5299036627707956,0.4857450242065626,0.4279991122379503,8,15,3,False,True,True,True,3
533512134,35.431250000000006,135.296875,1.0,True,87,49.0,49.0,0.5632183908045977,0,,,unaffected,False,False,False,True,四所駅,1746.4693729778996,上福井,1572.7868203833443,bus_stop,上福井,1572.7868203833443,医療法人荒木クリニック,2802.1825252561243,舞鶴赤十字病院,likely_public,3953.9681313852543,医療法人荒木クリニック,2802.1825252561243,0.6223776223776224,0.8251748251748252,0.8111888111888111,0.8216783216783217,0.5048657636070223,0.5113942002053891,0.4148372533134624,14,11,6,False,True,True,True,6
533512142,35.42708333333334,135.309375,1.0,True,22,11.0,11.0,0.5,0,,,unaffected,False,False,False,True,西舞鶴駅,2516.42140292316,城南中学校前,1719.1288542671962,bus_stop,城南中学校前,1719.1288542671962,医療法人荒木クリニック,1621.0604461399944,舞鶴赤十字病院,likely_public,3197.0244710916936,医療法人荒木クリニック,1621.0604461399944,0.25874125874125875,0.7202797202797203,0.8426573426573427,0.6538461538461539,0.21803022152672505,0.16917697686928457,0.14255822176747407,123,147,85,False,True,True,True,77
533512143,35.431250000000006,135.30312500000002,1.0,True,89,31.0,31.0,0.34831460674157305,0,,,unaffected,False,False,False,True,四所駅,2005.802273279405,上福井,1702.881241399832,bus_stop,上福井,1702.881241399832,医療法人荒木クリニック,2246.5103452882036,舞鶴赤十字病院,likely_public,3435.7572547641807,医療法人荒木クリニック,2246.5103452882036,0.548951048951049,0.40559440559440557,0.8356643356643356,0.7307692307692307,0.4587388136339185,0.4011565357719204,0.3352322099632481,25,35,12,False,True,True,True,12
533512144,35.431250000000006,135.309375,1.0,True,238,105.0,105.0,0.4411764705882353,0,,,unaffected,False,False,False,True,西舞鶴駅,2245.92173377601,中筋小学校口,1705.6630165732704,bus_stop,中筋小学校口,1705.6630165732704,医療法人荒木クリニック,1698.696764706336,舞鶴赤十字病院,likely_public,2935.8181980973845,医療法人荒木クリニック,1698.696764706336,0.7482517482517482,0.6083916083916084,0.8391608391608392,0.6608391608391608,0.627903564966502,0.4944740574111203,0.4149432649603807,2,13,5,True,True,True,True,5
533512151,35.42708333333334,135.315625,1.0,True,142,83.0,83.0,0.5845070422535211,0,,,unaffected,False,False,False,True,西舞鶴駅,2114.9497131740277,城南中学校前,1151.7006435533108,bus_stop,城南中学校前,1151.7006435533108,医療法人荒木クリニック,1053.8972644632004,舞鶴赤十字病院,likely_public,2771.1854271627026,医療法人荒木クリニック,1053.8972644632004,0.6940559440559441,0.8496503496503497,0.7377622377622378,0.47202797202797203,0.5120482664188958,0.3276138197466869,0.2417011047781501,10,59,32,False,True,True,True,32
533512152,35.42708333333334,135.32187499999998,1.0,True,1065,205.0,205.0,0.19248826291079812,0,,,unaffected,False,False,False,True,西舞鶴駅,1804.9205219293126,城南中学校前,584.490635976334,bus_stop,城南中学校前,584.490635976334,医療法人荒木クリニック,487.6185352077382,舞鶴赤十字病院,likely_public,2404.586929520218,医療法人荒木クリニック,487.6185352077382,0.8601398601398601,0.07692307692307693,0.5734265734265734,0.1993006993006993,0.4932270526676121,0.1714264756222798,0.09830049651067793,18,141,123,True,True,True,True,106
533512153,35.431250000000006,135.315625,0.9999999999999998,True,68,23.0,23.0,0.3382352941176471,0,,,unaffected,False,False,False,True,西舞鶴駅,1784.6279574061039,中筋小学校口,1138.2890663259252,bus_stop,中筋小学校口,1138.2890663259252,医療法人荒木クリニック,1169.8337894180893,舞鶴赤十字病院,likely_public,2465.2918702506468,医療法人荒木クリニック,1169.8337894180893,0.4493006993006993,0.3776223776223776,0.7272727272727273,0.5174825174825175,0.3267641449459632,0.23250525698078148,0.16909473234965927,66,108,64,False,True,True,True,58
533512154,35.431250000000006,135.32187499999998,1.0,True,554,143.0,143.0,0.2581227436823105,0,,,unaffected,False,False,False,True,西舞鶴駅,1403.4551863785769,中筋小学校口,571.1879544577747,bus_stop,中筋小学校口,571.1879544577747,医療法人荒木クリニック,704.0086845540078,舞鶴赤十字病院,likely_public,2044.586206790982,医療法人荒木クリニック,704.0086845540078,0.8059440559440559,0.16433566433566432,0.5629370629370629,0.3181818181818182,0.4536957797447308,0.2564367450731087,0.14435774810059615,27,90,83,False,True,True,True,75
533512161,35.42708333333334,135.328125,1.0000000000000002,True,887,214.0,214.0,0.24126268320180383,0,,,unaffected,False,False,False,True,西舞鶴駅,1639.0705917033554,城南中学校前,32.359472213734264,bus_stop,城南中学校前,32.359472213734264,医療法人荒木クリニック,95.14447060254072,舞鶴赤十字病院,likely_public,2128.067827789402,医療法人荒木クリニック,95.14447060254072,0.8758741258741258,0.13986013986013987,0.01048951048951049,0.024475524475524476,0.009187490830847474,0.021437478605310773,0.00022486865669906405,275,268,285,False,True,True,True,217
533512162,35.42708333333334,135.33437499999997,1.0,True,686,143.0,143.0,0.20845481049562684,0,,,unaffected,False,False,False,True,西舞鶴駅,1661.160309319742,城南中学校前,551.9657691035717,bus_stop,城南中学校前,551.9657691035717,医療法人荒木クリニック,651.567103141086,市立舞鶴市民病院,likely_public,1963.5233534723002,医療法人荒木クリニック,651.567103141086,0.8059440559440559,0.09090909090909091,0.534965034965035,0.28321678321678323,0.431151890067974,0.2282568829771627,0.12210945138288774,35,111,96,False,True,True,True,85
533512163,35.431250000000006,135.328125,0.9999999999999998,True,683,181.0,181.0,0.26500732064421667,0,,,unaffected,False,False,False,True,西舞鶴駅,1182.5951546235008,中筋小学校口,30.75212570229139,bus_stop,中筋小学校口,30.75212570229139,医療法人荒木クリニック,516.6434191856881,舞鶴赤十字病院,likely_public,1710.8574073079822,医療法人荒木クリニック,516.6434191856881,0.8461538461538461,0.17132867132867133,0.006993006993006993,0.21678321678321677,0.005917159763313609,0.1834319526627219,0.0012827409277113419,280,136,276,False,True,True,True,213
533512164,35.431250000000006,135.33437499999997,1.0,True,1401,225.0,225.0,0.16059957173447537,0,,,unaffected,False,False,False,True,西舞鶴駅,1213.0250644485502,中筋小学校口,565.4824337511279,bus_stop,中筋小学校口,565.4824337511279,井上耳鼻いんこう科,808.8707244193123,市立舞鶴市民病院,likely_public,1513.61934537887,井上耳鼻いんこう科,808.8707244193123,0.8951048951048951,0.05944055944055944,0.5524475524475524,0.3706293706293706,0.4944985084845224,0.33175216391999607,0.18327567097678105,17,56,53,True,True,True,True,50
533512171,35.42708333333334,135.340625,1.0,True,231,,113.0,,1,,533512172;533512174,aggregation_destination,False,True,True,False,西舞鶴駅,1864.5213745262151,城南中学校前,1119.1447127554827,bus_stop,城南中学校前,1119.1447127554827,医療法人荒木クリニック,1218.2905463038608,市立舞鶴市民病院,likely_public,1930.8710653597984,医療法人荒木クリニック,1218.2905463038608,,,,,,,,,,,,True,False,False,
533512172,35.42708333333334,135.346875,1.0,True,4,,,,2,533512171,,suppressed_source,True,False,False,False,西舞鶴駅,2199.4340022947636,京田,1651.4175868311381,bus_stop,京田,1651.4175868311381,特別養護老人ﾎｰﾑｸﾞﾚｲｽｳﾞｨﾙまいづる診療所,1694.2485852591476,市立舞鶴市民病院,likely_public,2060.379826140504,特別養護老人ﾎｰﾑｸﾞﾚｲｽｳﾞｨﾙまいづる診療所,1694.2485852591476,,,,,,,,,,,,False,False,False,
533512173,35.431250000000006,135.340625,1.0,True,78,26.0,26.0,0.3333333333333333,0,,,unaffected,False,False,False,True,西舞鶴駅,1479.3175256479688,中筋小学校口,1132.5758732814022,bus_stop,中筋小学校口,1132.5758732814022,井上耳鼻いんこう科,1139.5024287983188,市立舞鶴市民病院,likely_public,1471.0168251996597,井上耳鼻いんこう科,1139.5024287983188,0.5,0.3531468531468531,0.7237762237762237,0.5104895104895105,0.3618881118881119,0.25524475524475526,0.18474008508973544,55,92,52,False,True,True,True,49
533512174,35.431250000000006,135.346875,1.0,True,1,,,,2,533512171,,suppressed_source,True,False,False,False,西舞鶴駅,1883.9801701532904,倉谷,1606.841240042014,bus_stop,倉谷,1606.841240042014,医療法人秀仁会さくら眼科米田クリニック,1604.138521624263,市立舞鶴市民病院,likely_public,1637.304838802224,医療法人秀仁会さくら眼科米田クリニック,1604.138521624263,,,,,,,,,,,,False,False,False,
533512201,35.43541666666667,135.253125,1.0,True,33,,14.0,,1,,533512202,aggregation_destination,False,True,True,False,四所駅,3599.9057652782767,間口,181.22962877378492,bus_stop,間口,181.22962877378492,市立舞鶴市民病院加佐診療所,2185.1448722441305,舞鶴赤十字病院,likely_public,7700.379289539221,市立舞鶴市民病院加佐診療所,2185.1448722441305,,,,,,,,,,,,True,False,False,
533512202,35.43541666666667,135.25937499999998,1.0,True,9,,,,2,533512201,,suppressed_source,True,False,False,False,四所駅,3069.9170842831536,志高下境,478.35200086508274,bus_stop,志高下境,478.35200086508274,市立舞鶴市民病院加佐診療所,2014.5906724953381,舞鶴赤十字病院,likely_public,7138.5243397448585,市立舞鶴市民病院加佐診療所,2014.5906724953381,,,,,,,,,,,,False,False,False,
533512203,35.439583333333346,135.253125,1.0000000000000002,True,33,15.0,15.0,0.45454545454545453,0,,,unaffected,False,False,False,True,四所駅,3474.869775748574,志高下境,259.9121098844036,bus_stop,志高下境,259.9121098844036,市立舞鶴市民病院加佐診療所,1775.9117272795556,舞鶴赤十字病院,likely_public,7651.533505840895,市立舞鶴市民病院加佐診療所,1775.9117272795556,0.3339160839160839,0.6328671328671329,0.2727272727272727,0.6748251748251748,0.09106802288620469,0.22533497970560906,0.0614549944651661,211,115,161,False,True,True,True,136
533512211,35.43541666666667,135.265625,1.0,True,11,,,,2,533512212,,suppressed_source,True,False,False,False,四所駅,2556.063624414663,志高下境,967.8792267911019,bus_stop,志高下境,967.8792267911019,市立舞鶴市民病院加佐診療所,1996.5555747209983,舞鶴赤十字病院,likely_public,6577.631355867383,市立舞鶴市民病院加佐診療所,1996.5555747209983,,,,,,,,,,,,False,False,False,
533512212,35.43541666666667,135.27187499999997,1.0000000000000002,True,39,,30.0,,1,,533512211;533512213;533512221,aggregation_destination,False,True,True,False,四所駅,2070.393861520928,小津田,1464.0608256697294,bus_stop,小津田,1464.0608256697294,市立舞鶴市民病院加佐診療所,2134.907974493158,舞鶴赤十字病院,likely_public,6017.969165550857,市立舞鶴市民病院加佐診療所,2134.907974493158,,,,,,,,,,,,True,False,False,
533512213,35.439583333333346,135.265625,0.9999999999999998,True,6,,,,2,533512212,,suppressed_source,True,False,False,False,四所駅,2376.8029907380082,小津田,746.097013363295,bus_stop,小津田,746.097013363295,市立舞鶴市民病院加佐診療所,1537.9473971466975,舞鶴赤十字病院,likely_public,6520.443654566823,市立舞鶴市民病院加佐診療所,1537.9473971466975,,,,,,,,,,,,False,False,False,
533512221,35.43541666666667,135.278125,1.0,True,3,,,,2,533512212,,suppressed_source,True,False,False,False,四所駅,1638.168969097538,ふじつ温泉前,1521.5100675915173,bus_stop,ふじつ温泉前,1521.5100675915173,市立舞鶴市民病院加佐診療所,2402.7832770622886,舞鶴赤十字病院,likely_public,5459.9160981839495,市立舞鶴市民病院加佐診療所,2402.7832770622886,,,,,,,,,,,,False,False,False,
533512234,35.439583333333346,135.296875,1.0000000000000002,True,67,20.0,20.0,0.29850746268656714,0,,,unaffected,False,False,False,True,四所駅,924.5250857193789,上福井,652.0697222473042,bus_stop,上福井,652.0697222473042,国土交通省共済組合第八管区 海上保安本部支部診療所,2238.009491792024,舞鶴赤十字病院,likely_public,3702.8868871237273,国土交通省共済組合第八管区 海上保安本部支部診療所,2238.009491792024,0.41083916083916083,0.2517482517482518,0.6328671328671329,0.7272727272727273,0.2600066017898186,0.29879211697393515,0.18909571039259535,100,68,50,False,True,True,True,48
533512252,35.43541666666667,135.32187499999998,0.9999999999999998,True,309,156.0,156.0,0.5048543689320388,0,,,unaffected,False,False,False,True,西舞鶴駅,1053.0923908133034,西高前,696.2413471410347,bus_stop,西高前,696.2413471410347,藤井内科医院,758.7913678813773,舞鶴赤十字病院,likely_public,1733.7806554139274,藤井内科医院,758.7913678813773,0.8251748251748252,0.7412587412587412,0.6468531468531469,0.33916083916083917,0.5337669323683311,0.2798669861606925,0.18103284069835004,7,81,56,True,True,True,True,51
533512254,35.439583333333346,135.32187499999998,1.0000000000000002,True,485,163.0,163.0,0.33608247422680415,0,,,unaffected,False,False,False,True,西舞鶴駅,822.0038570681836,西高前,607.6107067474304,bus_stop,西高前,607.6107067474304,藤井内科医院,621.9713886276198,舞鶴赤十字病院,likely_public,1503.0059860818562,藤井内科医院,621.9713886276198,0.8286713286713286,0.36713286713286714,0.583916083916084,0.2517482517482518,0.4838745170913003,0.20861655826690792,0.12181456374326442,21,126,97,True,True,True,True,86
533512261,35.43541666666667,135.328125,1.0,True,1230,292.0,292.0,0.23739837398373984,0,,,unaffected,False,False,False,True,西舞鶴駅,733.4020624728137,西高前,357.43647138685685,bus_stop,西高前,357.43647138685685,井上耳鼻いんこう科,409.3611939412069,舞鶴赤十字病院,likely_public,1323.918896879486,井上耳鼻いんこう科,409.3611939412069,0.9335664335664335,0.1258741258741259,0.3881118881118881,0.17132867132867133,0.3623282312093501,0.15994669665998337,0.06207721443796557,54,153,159,False,True,True,True,134
533512262,35.43541666666667,135.33437499999997,1.0,True,1129,221.0,221.0,0.19574844995571303,0,,,unaffected,False,False,False,True,西舞鶴駅,781.5203565161822,西高前,644.0610364271614,bus_stop,西高前,644.0610364271614,井上耳鼻いんこう科,409.4994473361805,舞鶴赤十字病院,likely_public,1069.3567415351195,井上耳鼻いんこう科,409.4994473361805,0.8881118881118881,0.08391608391608392,0.6223776223776224,0.17482517482517482,0.5527409653283779,0.15526431610347693,0.09663303589656956,4,156,126,True,True,True,True,109
533512263,35.439583333333346,135.328125,1.0,True,1100,335.0,335.0,0.30454545454545456,0,,,unaffected,False,False,False,True,西舞鶴駅,323.4117213154296,西高前,110.53543204709044,bus_stop,西高前,110.53543204709044,藤井内科医院,60.2365368364778,舞鶴赤十字病院,likely_public,1002.9247689632836,藤井内科医院,60.2365368364778,0.9667832167832168,0.26573426573426573,0.06643356643356643,0.006993006993006993,0.0642268570590249,0.006760721795686831,0.00044913886055262164,231,277,283,False,True,True,True,216
533512264,35.439583333333346,135.33437499999997,1.0,True,631,170.0,170.0,0.2694136291600634,0,,,unaffected,False,False,False,True,西舞鶴駅,421.29234001675223,西舞鶴駅前,526.1617445352632,station,西舞鶴駅,421.29234001675223,医療法人秀仁会さくら眼科米田クリニック,140.69695611481558,舞鶴赤十字病院,likely_public,629.8037096088486,医療法人秀仁会さくら眼科米田クリニック,140.69695611481558,0.8356643356643356,0.17832167832167833,0.4370629370629371,0.05244755244755245,0.36523790894420266,0.043828549073304315,0.019155834385185453,53,256,233,False,True,True,True,183
533512271,35.43541666666667,135.340625,1.0,True,14,,4.0,,1,,533512273;533512274,aggregation_destination,False,True,True,False,西舞鶴駅,1152.2536139401345,倉谷西,1084.9004481432544,bus_stop,倉谷西,1084.9004481432544,医療法人秀仁会さくら眼科米田クリニック,872.2326791770478,市立舞鶴市民病院,likely_public,1013.3533114719345,医療法人秀仁会さくら眼科米田クリニック,872.2326791770478,,,,,,,,,,,,False,False,False,
533512273,35.439583333333346,135.340625,1.0,True,3,,,,2,533512271,,suppressed_source,True,False,False,False,西舞鶴駅,945.708720535029,倉谷西,623.9283848366438,bus_stop,倉谷西,623.9283848366438,市立舞鶴市民病院,563.2470623045403,市立舞鶴市民病院,likely_public,563.2470623045403,京都府中丹東保健所,588.9507177772051,,,,,,,,,,,,False,False,False,
533512274,35.439583333333346,135.346875,1.0000000000000002,True,6,,,,2,533512271,,suppressed_source,True,False,False,False,西舞鶴駅,1501.7412442282994,福来西,712.346158230271,bus_stop,福来西,712.346158230271,京都府中丹東保健所,867.8987291428579,市立舞鶴市民病院,likely_public,913.2755158577164,京都府中丹東保健所,867.8987291428579,,,,,,,,,,,,False,False,False,
533512301,35.44375000000001,135.253125,1.0000000000000002,True,8,,,,2,533512302,,suppressed_source,True,False,False,False,四所駅,3408.444687925222,小津田,479.7675550362654,bus_stop,小津田,479.7675550362654,市立舞鶴市民病院加佐診療所,1400.0874524876842,舞鶴赤十字病院,likely_public,7630.430043123948,市立舞鶴市民病院加佐診療所,1400.0874524876842,,,,,,,,,,,,False,False,False,
533512302,35.44375000000001,135.25937499999998,1.0,True,18,,16.0,,1,,533512301,aggregation_destination,False,True,True,False,四所駅,2843.0494450652886,小津田,203.2215081672769,bus_stop,小津田,203.2215081672769,市立舞鶴市民病院加佐診療所,1115.364880082738,舞鶴赤十字病院,likely_public,7063.073794847038,市立舞鶴市民病院加佐診療所,1115.364880082738,,,,,,,,,,,,False,False,False,
533512304,35.44791666666667,135.25937499999998,1.0,True,19,15.0,15.0,0.7894736842105263,0,,,unaffected,False,False,False,True,四所駅,2837.8275598623322,大川,190.3170540213378,bus_stop,大川,190.3170540213378,市立舞鶴市民病院加佐診療所,691.2581325036692,舞鶴赤十字病院,likely_public,7070.524266886964,市立舞鶴市民病院加佐診療所,691.2581325036692,0.3339160839160839,0.9790209790209791,0.17832167832167833,0.3111888111888112,0.05954447650251846,0.10391094919066947,0.018529574855678823,234,206,236,False,False,True,False,
533512311,35.44375000000001,135.265625,1.0,True,82,44.0,44.0,0.5365853658536586,0,,,unaffected,False,False,False,True,四所駅,2278.6618188056377,大川,570.188667034912,bus_stop,大川,570.188667034912,市立舞鶴市民病院加佐診療所,1082.454382934751,舞鶴赤十字病院,likely_public,6495.730120321468,市立舞鶴市民病院加佐診療所,1082.454382934751,0.6048951048951049,0.7832167832167832,0.5594405594405595,0.4755244755244755,0.3384028558853734,0.28764242750256735,0.16091884056087685,61,74,72,False,True,True,True,66
533512313,35.44791666666667,135.265625,1.0000000000000002,True,11,,,,2,533512314,,suppressed_source,True,False,False,False,四所駅,2272.1760087095663,大川,382.8020613678551,bus_stop,大川,382.8020613678551,市立舞鶴市民病院加佐診療所,636.7973982871582,舞鶴赤十字病院,likely_public,6503.861019752138,市立舞鶴市民病院加佐診療所,636.7973982871582,,,,,,,,,,,,False,False,False,
533512314,35.44791666666667,135.27187499999997,1.0,True,3,,9.0,,1,,533512313,aggregation_destination,False,True,True,False,四所駅,1707.6890643679394,藤津,332.20487130941075,bus_stop,藤津,332.20487130941075,市立舞鶴市民病院加佐診療所,988.4451327023775,舞鶴赤十字病院,likely_public,5937.340942444693,市立舞鶴市民病院加佐診療所,988.4451327023775,,,,,,,,,,,,False,False,False,
533512323,35.44791666666667,135.278125,1.0000000000000002,True,8,,,,2,533512324,,suppressed_source,True,False,False,False,四所駅,1146.0880576665422,ふじつ温泉前,183.47455680235393,bus_stop,ふじつ温泉前,183.47455680235393,市立舞鶴市民病院加佐診療所,1480.6669366176218,舞鶴赤十字病院,likely_public,5371.009169210251,市立舞鶴市民病院加佐診療所,1480.6669366176218,,,,,,,,,,,,False,False,False,
533512324,35.44791666666667,135.284375,1.0,True,61,,27.0,,1,,533512323,aggregation_destination,False,True,True,False,四所駅,595.5919047333258,一盃水,134.40112427731233,bus_stop,一盃水,134.40112427731233,市立舞鶴市民病院加佐診療所,2012.8491112178988,舞鶴赤十字病院,likely_public,4804.932096137274,市立舞鶴市民病院加佐診療所,2012.8491112178988,,,,,,,,,,,,True,False,False,
533512331,35.44375000000001,135.29062499999998,1.0,True,48,15.0,15.0,0.3125,0,,,unaffected,False,False,False,True,四所駅,262.84504692420705,四所,424.7759308884387,station,四所駅,262.84504692420705,国土交通省共済組合第八管区 海上保安本部支部診療所,2556.3479828136865,舞鶴赤十字病院,likely_public,4226.5781092246025,国土交通省共済組合第八管区 海上保安本部支部診療所,2556.3479828136865,0.3339160839160839,0.2902097902097902,0.27972027972027974,0.7762237762237763,0.0934031003961074,0.259193603599198,0.07250170730047498,210,89,148,False,True,True,True,127
533512332,35.44375000000001,135.296875,1.0,True,258,89.0,89.0,0.3449612403100775,0,,,unaffected,False,False,False,True,四所駅,630.9540579958947,上福井,204.99631716078486,bus_stop,上福井,204.99631716078486,国土交通省共済組合第八管区 海上保安本部支部診療所,2022.0015190659756,舞鶴赤十字病院,likely_public,3659.3963351516686,国土交通省共済組合第八管区 海上保安本部支部診療所,2022.0015190659756,0.7097902097902098,0.3951048951048951,0.2097902097902098,0.6993006993006993,0.14890703701892513,0.49635679006308375,0.10413079511812946,166,12,116,True,True,True,True,100
533512333,35.44791666666667,135.29062499999998,1.0,True,25,15.0,15.0,0.6,0,,,unaffected,False,False,False,True,四所駅,199.58912266529856,四所,38.756812919052834,bus_stop,四所,38.756812919052834,国土交通省共済組合第八管区 海上保安本部支部診療所,2458.0409166478476,舞鶴赤十字病院,likely_public,4239.21154701216,国土交通省共済組合第八管区 海上保安本部支部診療所,2458.0409166478476,0.3339160839160839,0.8688811188811189,0.013986013986013986,0.7622377622377622,0.00467015501980537,0.25452344857939263,0.003559768511599897,281,93,261,False,True,True,True,205
533512334,35.44791666666667,135.296875,1.0,True,92,30.0,30.0,0.32608695652173914,0,,,unaffected,False,False,False,True,四所駅,607.3173722566062,上福井,293.6439376364264,bus_stop,上福井,293.6439376364264,国土交通省共済組合第八管区 海上保安本部支部診療所,1896.2243582860187,舞鶴赤十字病院,likely_public,3674.0119766134353,国土交通省共済組合第八管区 海上保安本部支部診療所,1896.2243582860187,0.5384615384615384,0.3321678321678322,0.32517482517482516,0.6818181818181818,0.17509413663259815,0.3671328671328671,0.11938236588586237,151,45,101,False,True,True,True,90
533512343,35.44791666666667,135.30312500000002,1.0,True,233,85.0,85.0,0.3648068669527897,0,,,unaffected,False,False,False,True,四所駅,1158.3279782246557,福井小学校口,288.79290171976805,bus_stop,福井小学校口,288.79290171976805,国土交通省共済組合第八管区 海上保安本部支部診療所,1339.1137757869292,舞鶴赤十字病院,likely_public,3109.617193706766,国土交通省共済組合第八管区 海上保安本部支部診療所,1339.1137757869292,0.7062937062937062,0.45104895104895104,0.3146853146853147,0.5664335664335665,0.2222602572252922,0.40006846300552595,0.1258956701765641,121,36,91,False,True,True,True,82
533512344,35.44791666666667,135.309375,0.9999999999999998,True,421,131.0,131.0,0.31116389548693585,0,,,unaffected,False,False,False,True,四所駅,1720.0296651729052,福井小学校口,278.6765336226648,bus_stop,福井小学校口,278.6765336226648,国土交通省共済組合第八管区 海上保安本部支部診療所,796.6430113411278,舞鶴赤十字病院,likely_public,2546.5620099407265,国土交通省共済組合第八管区 海上保安本部支部診療所,796.6430113411278,0.791958041958042,0.28321678321678323,0.2972027972027972,0.36013986013986016,0.2353721453371803,0.28521565846740676,0.08476689150255094,113,75,137,False,True,True,True,118
533512352,35.44375000000001,135.32187499999998,1.0,True,259,77.0,77.0,0.2972972972972973,0,,,unaffected,False,False,False,True,西舞鶴駅,818.3810926888868,千日前,624.0944360921821,bus_stop,千日前,624.0944360921821,いいだクリニック,497.137808133289,舞鶴赤十字病院,likely_public,1392.6336692395405,いいだクリニック,497.137808133289,0.6713286713286714,0.23776223776223776,0.6013986013986014,0.21328671328671328,0.4037361240158443,0.1431854858428285,0.0861115509264563,40,171,135,False,True,True,True,116
533512353,35.44791666666667,135.315625,0.9999999999999998,True,193,81.0,81.0,0.41968911917098445,0,,,unaffected,False,False,False,True,西舞鶴駅,1518.5965718350146,舞鶴港とれとれセンター前,215.25422245420427,bus_stop,舞鶴港とれとれセンター前,215.25422245420427,国土交通省共済組合第八管区 海上保安本部支部診療所,346.27772205016925,舞鶴赤十字病院,likely_public,1985.9857069385878,国土交通省共済組合第八管区 海上保安本部支部診療所,346.27772205016925,0.6853146853146853,0.5524475524475524,0.2202797202797203,0.14685314685314685,0.15096092718470341,0.1006406181231356,0.022169087208942458,165,207,227,False,True,True,True,177
533512354,35.44791666666667,135.32187499999998,0.9999999999999998,True,474,180.0,180.0,0.379746835443038,0,,,unaffected,False,False,False,True,西舞鶴駅,1044.5938347098272,西町,341.63578259485473,bus_stop,西町,341.63578259485473,いいだクリニック,221.69863616936814,舞鶴赤十字病院,likely_public,1430.804273483836,いいだクリニック,221.69863616936814,0.8426573426573427,0.47202797202797203,0.3776223776223776,0.0979020979020979,0.31820626925522033,0.08249792165876083,0.031153061325685908,72,220,207,False,True,True,True,166
533512361,35.44375000000001,135.328125,0.9999999999999998,True,1223,429.0,429.0,0.3507767784137367,0,,,unaffected,False,False,False,True,西舞鶴駅,314.13667236801246,千日前,163.80467894627742,bus_stop,千日前,163.80467894627742,医療法人鶴洋会河﨑内科医院,20.09678804020568,舞鶴赤十字病院,likely_public,828.447034310559,医療法人鶴洋会河﨑内科医院,20.09678804020568,0.9965034965034965,0.4160839160839161,0.14335664335664336,0.0034965034965034965,0.14285539635189984,0.003484277959802435,0.0004994943928388106,170,284,282,True,True,True,True,215
533512362,35.44375000000001,135.33437499999997,0.9999999999999998,True,1074,320.0,320.0,0.297951582867784,0,,,unaffected,False,False,False,True,西舞鶴駅,414.21032320177375,東田辺,147.8574957551451,bus_stop,東田辺,147.8574957551451,医療法人虹樹会 おおえ乳腺クリニック,94.64209602778459,舞鶴赤十字病院,likely_public,277.76028286943534,医療法人虹樹会 おおえ乳腺クリニック,94.64209602778459,0.9440559440559441,0.24825174825174826,0.11888111888111888,0.02097902097902098,0.1122304269157416,0.019805369455719108,0.002354484480749824,194,269,270,False,True,True,True,211
533512363,35.44791666666667,135.328125,1.0,True,895,334.0,334.0,0.37318435754189944,0,,,unaffected,False,False,False,True,西舞鶴駅,721.2070355173856,本町,62.73342482680828,bus_stop,本町,62.73342482680828,医療法人たなか内科クリニック,176.1061818370378,舞鶴赤十字病院,likely_public,891.1572899389696,医療法人たなか内科クリニック,176.1061818370378,0.9615384615384616,0.46153846153846156,0.027972027972027972,0.07342657342657342,0.02689618074233459,0.0706024744486283,0.001974894390171421,263,233,273,False,True,True,True,212
533512364,35.44791666666667,135.33437499999997,1.0000000000000002,True,701,206.0,206.0,0.29386590584878747,0,,,unaffected,False,False,False,True,西舞鶴駅,770.0803961454227,東田辺,325.3254761812133,bus_stop,東田辺,325.3254761812133,医療法人社団鳥井医院,323.06385966569076,舞鶴赤十字病院,likely_public,430.13824241851995,医療法人社団鳥井医院,323.06385966569076,0.8636363636363636,0.2202797202797203,0.3531468531468531,0.13986013986013987,0.30499046408137315,0.12078830260648443,0.04265600896242981,81,188,188,False,True,True,True,151
533512371,35.44375000000001,135.340625,1.0,True,561,256.0,256.0,0.4563279857397504,0,,,unaffected,False,False,False,True,西舞鶴駅,942.5555697690411,倉谷西,170.096794129985,bus_stop,倉谷西,170.096794129985,京都府中丹東保健所,142.86127321770732,市立舞鶴市民病院,likely_public,187.0249679752372,京都府中丹東保健所,142.86127321770732,0.9090909090909091,0.6363636363636364,0.15384615384615385,0.055944055944055944,0.13986013986013987,0.05085823267641449,0.007824343488679154,172,247,250,False,True,True,True,195
533512372,35.44375000000001,135.346875,1.0000000000000002,True,603,127.0,127.0,0.21061359867330018,0,,,unaffected,False,False,False,True,西舞鶴駅,1499.7341957925405,福来西,262.7081776272447,bus_stop,福来西,262.7081776272447,京都府中丹東保健所,653.2793652516577,市立舞鶴市民病院,likely_public,742.8168379917063,京都府中丹東保健所,653.2793652516577,0.7762237762237763,0.0944055944055944,0.2762237762237762,0.2902097902097902,0.2144114626632109,0.22526773925375324,0.0622243055980647,125,116,158,False,True,True,True,133
533512373,35.44791666666667,135.340625,1.0,True,1059,329.0,329.0,0.31067044381491976,0,,,unaffected,False,False,False,True,西舞鶴駅,1144.476878558464,倉谷西,309.7559248791224,bus_stop,倉谷西,309.7559248791224,医療法人社団ながうちこころのクリニック,206.12923173719253,市立舞鶴市民病院,likely_public,424.3572444719309,医療法人社団ながうちこころのクリニック,206.12923173719253,0.9493006993006993,0.27972027972027974,0.3321678321678322,0.08391608391608392,0.3153271553621204,0.07966159714411462,0.02646102003038773,75,221,218,False,True,True,True,170
533512374,35.44791666666667,135.346875,1.0,True,740,237.0,237.0,0.3202702702702703,0,,,unaffected,False,False,False,True,西舞鶴駅,1634.1812915716803,福来西,240.75460785975258,bus_stop,福来西,240.75460785975258,公益社団法人京都保健会まいづる協立診療所,468.4086440630451,市立舞鶴市民病院,likely_public,834.7759159523462,公益社団法人京都保健会まいづる協立診療所,468.4086440630451,0.9020979020979021,0.32167832167832167,0.2517482517482518,0.1888111888111888,0.22710156975891244,0.1703261773191843,0.042879317367067384,116,143,187,False,True,True,True,150
533512381,35.44375000000001,135.35312499999998,1.0,True,262,78.0,78.0,0.29770992366412213,0,,,unaffected,False,False,False,True,西舞鶴駅,2062.5090438069783,福来東,510.15636743177885,bus_stop,福来東,510.15636743177885,白鳥産婦人科,933.3061333666161,市立舞鶴市民病院,likely_public,1308.6267071079465,白鳥産婦人科,933.3061333666161,0.6783216783216783,0.24125874125874125,0.4965034965034965,0.43356643356643354,0.3367890850408333,0.29409751088072766,0.1460204424652564,62,72,81,False,True,True,True,73
533512383,35.44791666666667,135.35312499999998,1.0,True,386,98.0,98.0,0.2538860103626943,0,,,unaffected,False,False,False,True,西舞鶴駅,2162.217777516156,福来東,207.85693497164772,bus_stop,福来東,207.85693497164772,白鳥産婦人科,496.79992595009793,市立舞鶴市民病院,likely_public,1362.9078798006374,白鳥産婦人科,496.79992595009793,0.7237762237762237,0.15384615384615385,0.21678321678321677,0.2097902097902098,0.15690253802141912,0.1518411658271798,0.03291661636812988,164,161,205,False,True,True,True,164
533512384,35.44791666666667,135.359375,1.0000000000000002,True,22,15.0,15.0,0.6818181818181818,0,,,unaffected,False,False,False,True,西舞鶴駅,2706.2404569662804,昭和台,532.8445937659077,bus_stop,昭和台,532.8445937659077,特別養護老人ホーム真愛の家寿荘医務室,491.6798802331391,市立舞鶴市民病院,uncertain_access,1913.655836060714,特別養護老人ホーム真愛の家寿荘医務室,491.6798802331391,0.3339160839160839,0.9370629370629371,0.513986013986014,0.20279720279720279,0.1716281969778473,0.06771724778717784,0.03480571826823477,155,235,202,False,True,True,True,162
533512393,35.44791666666667,135.36562500000002,1.0000000000000002,True,38,24.0,24.0,0.631578947368421,0,,,unaffected,False,False,False,True,西舞鶴駅,3258.2513724949486,清道,851.2360842247131,bus_stop,清道,851.2360842247131,特別養護老人ホーム真愛の家寿荘医務室,920.4604969936344,市立舞鶴市民病院,uncertain_access,2471.948941405898,特別養護老人ホーム真愛の家寿荘医務室,920.4604969936344,0.46503496503496505,0.9090909090909091,0.6818181818181818,0.42657342657342656,0.3170692943420216,0.19837155851141866,0.13525333534869452,73,130,87,False,True,True,True,79
533512402,35.452083333333334,135.25937499999998,1.0,True,2,,,,2,533512502,,suppressed_source,True,False,False,False,四所駅,2907.0566796062353,八田・由良川学園前,512.7832689820307,bus_stop,八田・由良川学園前,512.7832689820307,市立舞鶴市民病院加佐診療所,372.8487835910826,舞鶴赤十字病院,likely_public,7108.093320234495,市立舞鶴市民病院加佐診療所,372.8487835910826,,,,,,,,,,,,False,False,False,
533512403,35.45625000000001,135.253125,1.0000000000000002,True,2,,,,2,533512502,,suppressed_source,True,False,False,False,東雲駅,3560.727756603112,八田・由良川学園前,1166.24738837078,bus_stop,八田・由良川学園前,1166.24738837078,市立舞鶴市民病院加佐診療所,971.4264084451764,舞鶴赤十字病院,likely_public,7734.352434132677,市立舞鶴市民病院加佐診療所,971.4264084451764,,,,,,,,,,,,False,False,False,
533512411,35.452083333333334,135.265625,1.0000000000000002,True,6,,,,2,533512413,,suppressed_source,True,False,False,False,四所駅,2358.1021450427265,八田・由良川学園前,59.02059157078995,bus_stop,八田・由良川学園前,59.02059157078995,市立舞鶴市民病院加佐診療所,258.2506180495684,舞鶴赤十字病院,likely_public,6544.714007242102,市立舞鶴市民病院加佐診療所,258.2506180495684,,,,,,,,,,,,False,False,False,
533512412,35.452083333333334,135.27187499999997,0.9999999999999998,True,47,16.0,16.0,0.3404255319148936,0,,,unaffected,False,False,False,True,四所駅,1820.4887516863573,藤津,258.71527462164283,bus_stop,藤津,258.71527462164283,市立舞鶴市民病院加佐診療所,798.8598678338445,舞鶴赤十字病院,likely_public,5982.094414180859,市立舞鶴市民病院加佐診療所,798.8598678338445,0.36363636363636365,0.3811188811188811,0.2692307692307692,0.36363636363636365,0.0979020979020979,0.1322314049586777,0.03560076287349015,206,179,199,False,True,True,True,160
533512413,35.45625000000001,135.265625,1.0000000000000002,True,21,,16.0,,1,,533512411,aggregation_destination,False,True,True,False,四所駅,2527.0311236136677,八田・由良川学園前,444.3527252907149,bus_stop,八田・由良川学園前,444.3527252907149,市立舞鶴市民病院加佐診療所,394.02504528965056,舞鶴赤十字病院,likely_public,6617.6831665437485,市立舞鶴市民病院加佐診療所,394.02504528965056,,,,,,,,,,,,True,False,False,
533512414,35.45625000000001,135.27187499999997,1.0,True,35,16.0,16.0,0.45714285714285713,0,,,unaffected,False,False,False,True,四所駅,2034.5847060842348,藤津,671.480745059388,bus_stop,藤津,671.480745059388,市立舞鶴市民病院加佐診療所,852.4728125906612,舞鶴赤十字病院,likely_public,6061.869770806468,市立舞鶴市民病院加佐診療所,852.4728125906612,0.36363636363636365,0.6433566433566433,0.6398601398601399,0.3951048951048951,0.23267641449459633,0.14367450731087095,0.09193159034227058,115,170,129,False,True,True,True,111
533512421,35.452083333333334,135.278125,0.9999999999999998,True,15,11.0,11.0,0.7333333333333333,0,,,unaffected,False,False,False,True,四所駅,1308.2726943446082,ふじつ温泉前,357.7337022253057,bus_stop,ふじつ温泉前,357.7337022253057,市立舞鶴市民病院加佐診療所,1361.4204146986117,舞鶴赤十字病院,likely_public,5420.470944441453,市立舞鶴市民病院加佐診療所,1361.4204146986117,0.25874125874125875,0.9562937062937062,0.3916083916083916,0.5734265734265734,0.10132524817839504,0.14836911340407843,0.05810258986453422,203,166,165,False,False,True,False,
533512423,35.45625000000001,135.278125,1.0,True,20,11.0,11.0,0.55,0,,,unaffected,False,False,False,True,四所駅,1592.800973678931,ふじつ温泉前,806.0162920130529,bus_stop,ふじつ温泉前,806.0162920130529,市立舞鶴市民病院加佐診療所,1393.5334994045315,舞鶴赤十字病院,likely_public,5508.415932814024,市立舞鶴市民病院加佐診療所,1393.5334994045315,0.25874125874125875,0.8094405594405595,0.6678321678321678,0.583916083916084,0.17279573573279866,0.15108318255171405,0.10089820932649433,153,163,121,False,True,True,True,104
533512424,35.45625000000001,135.284375,0.9999999999999998,True,40,,12.0,,1,,533512433,aggregation_destination,False,True,True,False,四所駅,1256.3138792149864,一盃水,897.6215705423307,bus_stop,一盃水,897.6215705423307,市立舞鶴市民病院加佐診療所,1949.5976809709955,舞鶴赤十字病院,likely_public,4958.111697286109,市立舞鶴市民病院加佐診療所,1949.5976809709955,,,,,,,,,,,,True,False,False,
533512433,35.45625000000001,135.29062499999998,1.0,True,4,,,,2,533512424,,suppressed_source,True,False,False,False,四所駅,1124.0382666688413,四所,962.1675308325667,bus_stop,四所,962.1675308325667,市立舞鶴市民病院加佐診療所,2510.7159642567103,舞鶴赤十字病院,likely_public,4412.135523261059,市立舞鶴市民病院加佐診療所,2510.7159642567103,,,,,,,,,,,,False,False,False,
533512441,35.452083333333334,135.30312500000002,1.0,True,98,41.0,41.0,0.41836734693877553,0,,,unaffected,False,False,False,True,四所駅,1319.007363427869,福井小学校口,548.9209169499675,bus_stop,福井小学校口,548.9209169499675,国土交通省共済組合第八管区 海上保安本部支部診療所,1314.484403856397,舞鶴赤十字病院,likely_public,3194.4438571595933,国土交通省共済組合第八管区 海上保安本部支部診療所,1314.484403856397,0.5961538461538461,0.548951048951049,0.5314685314685315,0.5629370629370629,0.3168370091447014,0.3355970952124798,0.17835929535768155,74,53,57,False,True,True,True,52
533512442,35.452083333333334,135.309375,1.0,True,20,8.0,8.0,0.4,0,,,unaffected,False,False,False,True,四所駅,1832.0685232620058,下福井,437.822141726399,bus_stop,下福井,437.822141726399,国土交通省共済組合第八管区 海上保安本部支部診療所,754.5484830119393,舞鶴赤十字病院,likely_public,2649.508301005481,国土交通省共済組合第八管区 海上保安本部支部診療所,754.5484830119393,0.15734265734265734,0.506993006993007,0.44405594405594406,0.3356643356643357,0.06986894224656462,0.05281431854858429,0.02345251208276295,226,243,223,False,True,False,False,
533512443,35.45625000000001,135.30312500000002,1.0000000000000002,True,50,16.0,16.0,0.32,0,,,unaffected,False,False,False,True,四所駅,1601.6283894395317,福井小学校口,972.9348813705788,bus_stop,福井小学校口,972.9348813705788,国土交通省共済組合第八管区 海上保安本部支部診療所,1445.6442154317745,舞鶴赤十字病院,likely_public,3341.6459492929016,国土交通省共済組合第八管区 海上保安本部支部診療所,1445.6442154317745,0.36363636363636365,0.3181818181818182,0.7062937062937062,0.6013986013986014,0.25683407501589317,0.21869040050858232,0.1544596535060616,104,121,77,False,True,True,True,70
533512444,35.45625000000001,135.309375,0.8719415924528341,True,152,15.0,15.0,0.09868421052631579,0,,,unaffected,False,False,False,True,四所駅,2044.9508716554496,下福井,835.6845590971143,bus_stop,下福井,835.6845590971143,国土交通省共済組合第八管区 海上保安本部支部診療所,965.1014324802917,舞鶴赤十字病院,likely_public,2825.275857891291,国土交通省共済組合第八管区 海上保安本部支部診療所,965.1014324802917,0.3339160839160839,0.045454545454545456,0.6783216783216783,0.45104895104895104,0.2265025184605604,0.15061249938872315,0.10216372336158144,117,165,119,False,True,True,True,103
533512452,35.452083333333334,135.32187499999998,0.8472857819487496,True,562,,124.0,,1,,533512454,aggregation_destination,False,True,True,False,西舞鶴駅,1392.8306506698846,西町,121.09426040085351,bus_stop,西町,121.09426040085351,隅山医院,249.87888910755058,舞鶴赤十字病院,likely_public,1606.9676013058859,隅山医院,249.87888910755058,,,,,,,,,,,,True,False,False,
533512454,35.45625000000001,135.32187499999998,0.47188950799251944,True,3,,,,2,533512452,,suppressed_source,True,False,False,False,西舞鶴駅,1793.3631308850624,吉原小学校前,565.2411571105656,bus_stop,吉原小学校前,565.2411571105656,隅山医院,506.6724672026504,舞鶴赤十字病院,likely_public,1882.7802381425129,隅山医院,506.6724672026504,,,,,,,,,,,,False,False,False,
533512461,35.452083333333334,135.328125,1.0,True,1026,385.0,385.0,0.37524366471734893,0,,,unaffected,False,False,False,True,西舞鶴駅,1170.0295891623346,平野屋,140.20193080394685,bus_stop,平野屋,140.20193080394685,医療法人泰山会あいおい橋四方クリニック,251.2269619320982,舞鶴赤十字病院,likely_public,1152.982850280299,医療法人泰山会あいおい橋四方クリニック,251.2269619320982,0.9825174825174825,0.46853146853146854,0.10839160839160839,0.11188811188811189,0.1064966502029439,0.1099320260159421,0.011915709113616101,198,199,245,False,True,True,True,190
533512462,35.452083333333334,135.33437499999997,1.0,True,378,,132.0,,1,,533512464,aggregation_destination,False,True,True,False,西舞鶴駅,1200.7701655462536,税務署前,262.40244243818023,bus_stop,税務署前,262.40244243818023,医療法人泰山会あいおい橋四方クリニック,345.74765256898536,舞鶴赤十字病院,likely_public,848.6801469733758,医療法人泰山会あいおい橋四方クリニック,345.74765256898536,,,,,,,,,,,,True,False,False,
533512463,35.45625000000001,135.328125,0.959644340465238,True,566,274.0,274.0,0.4840989399293286,0,,,unaffected,False,False,False,True,西舞鶴駅,1626.3983779768207,吉原小学校前,18.258176453928733,bus_stop,吉原小学校前,18.258176453928733,隅山医院,544.1271258511263,舞鶴赤十字病院,likely_public,1513.9186841445037,隅山医院,544.1271258511263,0.9195804195804196,0.6818181818181818,0.0034965034965034965,0.22727272727272727,0.0032153161523790896,0.2089955499046408,0.0007307536709952476,284,125,279,False,True,True,True,214
533512464,35.45625000000001,135.33437499999997,1.0,True,4,,,,2,533512462,,suppressed_source,True,False,False,False,西舞鶴駅,1648.6499308234545,東吉原,562.5479905310835,bus_stop,東吉原,562.5479905310835,医療法人泰山会あいおい橋四方クリニック,646.413338570445,舞鶴赤十字病院,likely_public,1297.2543730180798,医療法人泰山会あいおい橋四方クリニック,646.413338570445,,,,,,,,,,,,False,False,False,
533512471,35.452083333333334,135.340625,0.9999999999999998,True,448,75.0,75.0,0.16741071428571427,0,,,unaffected,False,False,False,True,西舞鶴駅,1469.2225274669827,倉谷口,250.53001573661703,bus_stop,倉谷口,250.53001573661703,公益社団法人京都保健会まいづる協立診療所,299.64104827144797,市立舞鶴市民病院,likely_public,867.4965883737568,公益社団法人京都保健会まいづる協立診療所,299.64104827144797,0.6678321678321678,0.06643356643356643,0.25524475524475526,0.1258741258741259,0.170460658222896,0.08406279035649665,0.02145658634973516,157,217,229,False,True,True,True,179
533512472,35.452083333333334,135.346875,0.9999999999999998,True,226,101.0,101.0,0.4469026548672566,0,,,unaffected,False,False,False,True,西舞鶴駅,1875.9704562038926,上安,59.59801626920296,bus_stop,上安,59.59801626920296,特別養護老人ホーム安寿苑,437.2520816462997,市立舞鶴市民病院,likely_public,1126.629918776181,特別養護老人ホーム安寿苑,437.2520816462997,0.7307692307692307,0.6223776223776224,0.02097902097902098,0.1853146853146853,0.015330823023130715,0.13542227003765464,0.002841026644146601,268,177,268,False,True,True,True,210
533512473,35.45625000000001,135.340625,1.0000000000000002,True,157,48.0,48.0,0.3057324840764331,0,,,unaffected,False,False,False,True,西舞鶴駅,1853.3144395697248,倉谷口,643.229235982327,bus_stop,倉谷口,643.229235982327,特別養護老人ホーム安寿苑,379.0427431498539,舞鶴赤十字病院,likely_public,1310.578941545666,特別養護老人ホーム安寿苑,379.0427431498539,0.6153846153846154,0.2692307692307692,0.6153846153846154,0.15384615384615385,0.37869822485207105,0.09467455621301776,0.058261265361857086,50,212,164,False,True,True,True,139
533512474,35.45625000000001,135.346875,1.0,True,100,83.0,83.0,0.83,0,,,unaffected,False,False,False,True,西舞鶴駅,2189.8295631022843,五老トンネル西口,407.3977676720435,bus_stop,五老トンネル西口,407.3977676720435,特別養護老人ホーム安寿苑,207.4698632698153,市立舞鶴市民病院,likely_public,1506.3565872079039,特別養護老人ホーム安寿苑,207.4698632698153,0.6940559440559441,0.9825174825174825,0.42657342657342656,0.08741258741258741,0.2960658222895985,0.06066922587901609,0.025879879570769097,85,237,219,False,True,True,True,171
533512481,35.452083333333334,135.35312499999998,1.0000000000000002,True,393,135.0,135.0,0.3435114503816794,0,,,unaffected,False,False,False,True,西舞鶴駅,2350.2762261195558,昭和台,203.81836879734527,bus_stop,昭和台,203.81836879734527,白鳥産婦人科,223.44648207730202,市立舞鶴市民病院,likely_public,1558.814206185773,白鳥産婦人科,223.44648207730202,0.7972027972027972,0.3916083916083916,0.20279720279720279,0.10839160839160839,0.161670497334833,0.0864100934031004,0.017523725235593784,162,216,238,False,True,True,True,187
533512482,35.452083333333334,135.359375,0.9999999999999998,True,1398,314.0,314.0,0.2246065808297568,0,,,unaffected,False,False,False,True,西舞鶴駅,2858.7082413722364,天台,193.63335969534182,bus_stop,天台,193.63335969534182,特別養護老人ホーム真愛の家寿荘医務室,252.8965954960703,市立舞鶴市民病院,uncertain_access,2057.758248357542,特別養護老人ホーム真愛の家寿荘医務室,252.8965954960703,0.9370629370629371,0.10839160839160839,0.1888111888111888,0.11538461538461539,0.17692796713775735,0.10812264658418505,0.020414765438972002,148,203,231,False,True,True,True,181
533512483,35.45625000000001,135.35312499999998,1.0000000000000002,True,2,,,,2,533512484,,suppressed_source,True,False,False,False,西舞鶴駅,2607.6392200178143,五老トンネル西口,208.56834420848477,bus_stop,五老トンネル西口,208.56834420848477,白鳥産婦人科,529.5429268805332,市立舞鶴市民病院,likely_public,1851.9331147047312,白鳥産婦人科,529.5429268805332,,,,,,,,,,,,False,False,False,
533512484,35.45625000000001,135.359375,1.0,True,330,,176.0,,1,,533512483,aggregation_destination,False,True,True,False,西舞鶴駅,3073.7695401055003,清道,241.7589850713765,bus_stop,清道,241.7589850713765,特別養護老人ホーム真愛の家寿荘医務室,559.9402594330834,市立舞鶴市民病院,uncertain_access,2287.800186037408,特別養護老人ホーム真愛の家寿荘医務室,559.9402594330834,,,,,,,,,,,,True,False,False,
533512491,35.452083333333334,135.36562500000002,1.0,True,18,0.0,0.0,0.0,0,,,unaffected,False,False,False,True,東舞鶴駅,3220.4400352668426,清道,543.8605211760222,bus_stop,清道,543.8605211760222,特別養護老人ホーム真愛の家寿荘医務室,818.1833785911913,市立舞鶴市民病院,uncertain_access,2585.0909540647112,特別養護老人ホーム真愛の家寿荘医務室,818.1833785911913,0.013986013986013986,0.013986013986013986,0.527972027972028,0.3776223776223776,0.007384224167440952,0.005281431854858428,0.002788448287005674,277,281,269,False,False,False,False,
533512502,35.460416666666674,135.25937499999998,1.0,True,93,,45.0,,1,,533512402;533512403,aggregation_destination,False,True,True,False,東雲駅,2830.525646501612,八田・由良川学園前,1038.380109271552,bus_stop,八田・由良川学園前,1038.380109271552,市立舞鶴市民病院加佐診療所,862.273048972413,舞鶴赤十字病院,likely_public,7271.346122871288,市立舞鶴市民病院加佐診療所,862.273048972413,,,,,,,,,,,,True,False,False,
533512511,35.460416666666674,135.265625,0.9999999999999998,True,24,9.0,9.0,0.375,0,,,unaffected,False,False,False,True,東雲駅,2387.4435549701134,八田・由良川学園前,904.8734685343136,bus_stop,八田・由良川学園前,904.8734685343136,市立舞鶴市民病院加佐診療所,819.2672761127379,舞鶴赤十字病院,likely_public,6721.7227116614295,市立舞鶴市民病院加佐診療所,819.2672761127379,0.19230769230769232,0.46503496503496505,0.6923076923076923,0.3811188811188811,0.13313609467455623,0.07329209252286176,0.05074067943890429,178,230,174,False,True,False,False,
533512512,35.460416666666674,135.27187499999997,1.0,True,19,10.0,10.0,0.5263157894736842,0,,,unaffected,False,False,False,True,東雲駅,2007.8514100005373,八田・由良川学園前,1096.8624585091352,bus_stop,八田・由良川学園前,1096.8624585091352,市立舞鶴市民病院加佐診療所,1114.7300494931792,舞鶴赤十字病院,likely_public,6175.3099485598905,市立舞鶴市民病院加佐診療所,1114.7300494931792,0.22727272727272727,0.763986013986014,0.7167832167832168,0.493006993006993,0.16290527654164016,0.11204704386522568,0.08031344053276666,161,197,141,False,False,True,False,
533512513,35.46458333333334,135.265625,1.0000000000000002,True,65,27.0,27.0,0.4153846153846154,0,,,unaffected,False,False,False,True,東雲駅,2101.4741009065183,八田・由良川学園前,1366.5739125686553,bus_stop,八田・由良川学園前,1366.5739125686553,市立舞鶴市民病院加佐診療所,1270.6390759872465,舞鶴赤十字病院,likely_public,6855.418256788643,市立舞鶴市民病院加佐診療所,1270.6390759872465,0.5157342657342657,0.541958041958042,0.7902097902097902,0.5454545454545454,0.4075382659298743,0.28130959949141765,0.22229359959811323,39,78,41,False,True,True,True,40
533512514,35.46458333333334,135.27187499999997,1.0,True,71,24.0,24.0,0.3380281690140845,0,,,unaffected,False,False,False,True,東雲駅,1657.6673946623553,八田・由良川学園前,1500.6047860624283,bus_stop,八田・由良川学園前,1500.6047860624283,市立舞鶴市民病院加佐診療所,1478.4848762071501,舞鶴赤十字病院,likely_public,6320.602660171639,市立舞鶴市民病院加佐診療所,1478.4848762071501,0.46503496503496505,0.3741258741258741,0.8041958041958042,0.6188811188811189,0.3739791676854614,0.28780135947968116,0.23144864573540794,52,73,34,False,True,True,True,33
533512521,35.460416666666674,135.278125,0.9999999999999998,True,48,26.0,26.0,0.5416666666666666,0,,,unaffected,False,False,False,True,東雲駅,1733.9594306688039,ふじつ温泉前,1264.4091017436722,bus_stop,ふじつ温泉前,1264.4091017436722,市立舞鶴市民病院加佐診療所,1567.7326500634208,舞鶴赤十字病院,likely_public,5633.0420612400785,市立舞鶴市民病院加佐診療所,1567.7326500634208,0.5,0.7937062937062938,0.7587412587412588,0.6398601398601399,0.3793706293706294,0.31993006993006995,0.2427441439679202,49,61,31,False,True,True,True,31
533512522,35.460416666666674,135.284375,0.9999999999999998,True,9,7.0,7.0,0.7777777777777778,0,,,unaffected,False,False,False,True,東雲駅,1620.2867079771252,ふじつ温泉前,1331.4358444545169,bus_stop,ふじつ温泉前,1331.4358444545169,市立舞鶴市民病院加佐診療所,2077.6633111531432,舞鶴赤十字病院,likely_public,5096.242156677637,市立舞鶴市民病院加佐診療所,2077.6633111531432,0.12062937062937062,0.9702797202797203,0.7797202797202797,0.7167832167832168,0.09405716660961415,0.08646510831825517,0.0674185984439542,209,215,152,False,False,False,False,
533512523,35.46458333333334,135.278125,1.0,True,24,10.0,10.0,0.4166666666666667,0,,,unaffected,False,False,False,True,東雲駅,1312.6550385413923,ふじつ温泉前,1724.87061029312,station,東雲駅,1312.6550385413923,市立舞鶴市民病院加佐診療所,1844.1845269997152,舞鶴赤十字病院,likely_public,5791.982084226043,市立舞鶴市民病院加佐診療所,1844.1845269997152,0.22727272727272727,0.5454545454545454,0.7762237762237763,0.6783216783216783,0.17641449459631278,0.15416401780038144,0.11966577605484154,149,157,100,False,True,True,True,89
533512524,35.46458333333334,135.284375,1.0,True,20,5.0,5.0,0.25,0,,,unaffected,False,False,False,True,東雲駅,1158.3599586735502,ふじつ温泉前,1774.5871139782469,station,東雲駅,1158.3599586735502,市立舞鶴市民病院加佐診療所,2293.429530492388,舞鶴赤十字病院,likely_public,5271.420406563412,市立舞鶴市民病院加佐診療所,2293.429530492388,0.06468531468531469,0.1451048951048951,0.7412587412587412,0.7412587412587412,0.04794855494156194,0.04794855494156194,0.0355422854811578,244,251,200,False,True,False,False,
533512531,35.460416666666674,135.29062499999998,0.9999999999999998,True,50,,31.0,,1,,533512533,aggregation_destination,False,True,True,False,四所駅,1586.298109654042,一盃水,1419.7455921109902,bus_stop,一盃水,1419.7455921109902,市立舞鶴市民病院加佐診療所,2611.3825546451953,舞鶴赤十字病院,likely_public,4566.838615954901,市立舞鶴市民病院加佐診療所,2611.3825546451953,,,,,,,,,,,,True,False,False,
533512533,35.46458333333334,135.29062499999998,0.9999999999999998,True,6,,,,2,533512531,,suppressed_source,True,False,False,False,東雲駅,1266.5161114332584,一盃水,1864.924765242536,station,東雲駅,1266.5161114332584,市立舞鶴市民病院加佐診療所,2786.0945965079372,舞鶴赤十字病院,likely_public,4761.561311191294,市立舞鶴市民病院加佐診療所,2786.0945965079372,,,,,,,,,,,,False,False,False,
533512542,35.460416666666674,135.309375,0.9687555895764107,True,173,69.0,69.0,0.3988439306358382,0,,,unaffected,False,False,False,True,四所駅,2331.212111760532,下福井,1277.6636645903181,bus_stop,下福井,1277.6636645903181,国土交通省共済組合第八管区 海上保安本部支部診療所,1311.820511022164,舞鶴赤十字病院,likely_public,3061.347294762786,国土交通省共済組合第八管区 海上保安本部支部診療所,1311.820511022164,0.6608391608391608,0.4965034965034965,0.7692307692307693,0.5594405594405595,0.5083378160301237,0.36970022984009,0.28438479218468465,12,44,22,False,True,True,True,22
533512551,35.460416666666674,135.315625,0.5416383385772581,True,37,13.0,13.0,0.35135135135135137,0,,,unaffected,False,False,False,True,西舞鶴駅,2476.7870558923432,合同庁舎前,1143.3089616982988,bus_stop,合同庁舎前,1143.3089616982988,国土交通省共済組合第八管区 海上保安本部支部診療所,1098.280423972322,舞鶴赤十字病院,likely_public,2613.6944879449634,国土交通省共済組合第八管区 海上保安本部支部診療所,1098.280423972322,0.28846153846153844,0.4195804195804196,0.7307692307692307,0.48951048951048953,0.2107988165680473,0.14120494889725657,0.10318823188645673,127,174,117,False,True,True,True,101
533512553,35.46458333333334,135.315625,0.7578554303836922,True,21,9.0,9.0,0.42857142857142855,0,,,unaffected,False,False,False,True,西舞鶴駅,2874.9498018506692,二尾,1306.4595930769244,bus_stop,二尾,1306.4595930769244,国土交通省共済組合第八管区 海上保安本部支部診療所,1556.6224480496833,舞鶴赤十字病院,likely_public,2940.844594240611,国土交通省共済組合第八管区 海上保安本部支部診療所,1556.6224480496833,0.19230769230769232,0.5769230769230769,0.7727272727272727,0.6328671328671329,0.1486013986013986,0.12170521785906403,0.0940449410729131,167,186,127,False,True,False,False,
533512561,35.460416666666674,135.328125,0.7378082637062175,True,246,104.0,104.0,0.42276422764227645,0,,,unaffected,False,False,False,True,西舞鶴駅,2085.365148329868,東吉原,311.8748319816084,bus_stop,東吉原,311.8748319816084,隅山医院,957.9785692244318,舞鶴赤十字病院,likely_public,1918.828596719226,隅山医院,957.9785692244318,0.743006993006993,0.5559440559440559,0.3356643356643357,0.44755244755244755,0.24940094870164803,0.332534598268864,0.11162000501332499,108,54,108,False,True,True,True,95
533512563,35.46458333333334,135.328125,0.5238145485621385,True,67,22.0,22.0,0.3283582089552239,0,,,unaffected,False,False,False,True,西舞鶴駅,2545.525186326431,二尾,184.38741202237432,bus_stop,二尾,184.38741202237432,隅山医院,1402.4071112461568,舞鶴赤十字病院,likely_public,2345.0438243158856,隅山医院,1402.4071112461568,0.43356643356643354,0.33916083916083917,0.16433566433566432,0.5909090909090909,0.07125042789378452,0.256198347107438,0.04210252557359995,225,91,189,False,True,True,True,152
533512564,35.46458333333334,135.33437499999997,0.9999999999999998,True,22,6.0,6.0,0.2727272727272727,0,,,unaffected,False,False,False,True,西舞鶴駅,2559.7973778109017,二尾,403.7292201976042,bus_stop,二尾,403.7292201976042,特別養護老人ホーム安寿苑,1368.8613717361702,舞鶴赤十字病院,likely_public,2211.3818668289646,特別養護老人ホーム安寿苑,1368.8613717361702,0.09090909090909091,0.18356643356643357,0.4230769230769231,0.5769230769230769,0.038461538461538464,0.05244755244755244,0.022189349112426034,253,245,226,False,True,False,False,
533512581,35.460416666666674,135.35312499999998,0.9999999999999998,True,127,68.0,68.0,0.5354330708661418,0,,,unaffected,False,False,False,True,西舞鶴駅,2916.014143756674,五老トンネル西口,391.564166873634,bus_stop,五老トンネル西口,391.564166873634,特別養護老人ホーム安寿苑,930.2425990980211,市立舞鶴市民病院,likely_public,2203.8108733932945,特別養護老人ホーム安寿苑,930.2425990980211,0.6573426573426573,0.7797202797202797,0.4160839160839161,0.43006993006993005,0.27350970707614064,0.2827033106753386,0.11762830059568286,95,76,102,False,True,True,True,91
533512582,35.460416666666674,135.359375,1.0,True,34,21.0,21.0,0.6176470588235294,0,,,unaffected,False,False,False,True,西舞鶴駅,3339.3528446742393,五老ヶ岳公園口,156.38218560847886,bus_stop,五老ヶ岳公園口,156.38218560847886,特別養護老人ホーム真愛の家寿荘医務室,995.2282171336259,市立舞鶴市民病院,uncertain_access,2580.903250355295,特別養護老人ホーム真愛の家寿荘医務室,995.2282171336259,0.4195804195804196,0.8951048951048951,0.13986013986013987,0.45454545454545453,0.058682576165093654,0.19071837253655435,0.02667389825686075,235,132,217,False,True,True,True,169
533512584,35.46458333333334,135.359375,1.0000000000000002,True,47,12.0,12.0,0.2553191489361702,0,,,unaffected,False,False,False,True,東舞鶴駅,3246.816887485821,五老ヶ岳公園口,339.39266214500185,bus_stop,五老ヶ岳公園口,339.39266214500185,医療法人社団外松医院,771.5003850409812,市立舞鶴市民病院,likely_public,2918.1270670256436,医療法人社団外松医院,771.5003850409812,0.27797202797202797,0.15734265734265734,0.3706293706293706,0.34965034965034963,0.10302459777984253,0.09719301677343635,0.03602258663630858,201,210,198,False,True,True,True,159
533512593,35.46458333333334,135.36562500000002,1.0,True,62,28.0,28.0,0.45161290322580644,0,,,unaffected,False,False,False,True,東舞鶴駅,2686.0152100114988,道芝口,387.84480067289763,bus_stop,道芝口,387.84480067289763,医療法人社団外松医院,580.3246239794789,国家公務員共済組合連合会 舞鶴共済病院,likely_public,2395.796760567063,医療法人社団外松医院,580.3246239794789,0.5262237762237763,0.6293706293706294,0.4125874125874126,0.23076923076923078,0.21711330627414546,0.12143625605164068,0.050103070678648956,124,187,178,False,True,True,True,145
533512594,35.46458333333334,135.371875,1.0,True,33,14.0,14.0,0.42424242424242425,0,,,unaffected,False,False,False,True,東舞鶴駅,2128.6393402209324,舞鶴市リサイクルプラザ前,725.6273654718804,bus_stop,舞鶴市リサイクルプラザ前,725.6273654718804,医療法人社団外松医院,849.6460459260143,国家公務員共済組合連合会 舞鶴共済病院,likely_public,1848.8753782194372,医療法人社団外松医院,849.6460459260143,0.30244755244755245,0.5594405594405595,0.6538461538461539,0.3916083916083916,0.19775416890801506,0.11844099955988067,0.07744219201992199,135,191,143,False,True,True,True,122
533512621,35.46875,135.278125,0.9999999999999998,True,2,,,,2,533512622,,suppressed_source,True,False,False,False,東雲駅,931.0693004494667,藤津,2166.8000715549447,station,東雲駅,931.0693004494667,市立舞鶴市民病院加佐診療所,2184.405918415392,舞鶴赤十字病院,likely_public,5982.501798564369,市立舞鶴市民病院加佐診療所,2184.405918415392,,,,,,,,,,,,False,False,False,
533512622,35.46875,135.284375,0.9999999999999998,True,29,,12.0,,1,,533512621;533512623;533512624,aggregation_destination,False,True,True,False,東雲駅,696.8823666010505,ふじつ温泉前,2225.528715579238,station,東雲駅,696.8823666010505,市立舞鶴市民病院加佐診療所,2574.9435970537434,舞鶴赤十字病院,likely_public,5480.094837922566,市立舞鶴市民病院加佐診療所,2574.9435970537434,,,,,,,,,,,,True,False,False,
533512623,35.47291666666668,135.278125,1.0000000000000002,True,7,,,,2,533512622,,suppressed_source,True,False,False,False,東雲駅,661.8886334919114,八田・由良川学園前,2580.5564646412668,station,東雲駅,661.8886334919114,市立舞鶴市民病院加佐診療所,2563.127870839859,舞鶴赤十字病院,likely_public,6201.691516135454,市立舞鶴市民病院加佐診療所,2563.127870839859,,,,,,,,,,,,False,False,False,
533512624,35.47291666666668,135.284375,1.0,True,1,,,,2,533512622,,suppressed_source,True,False,False,False,東雲駅,238.4776992817227,ふじつ温泉前,2680.3317339904984,station,東雲駅,238.4776992817227,市立舞鶴市民病院加佐診療所,2903.1417920061667,舞鶴赤十字病院,likely_public,5718.599827702553,市立舞鶴市民病院加佐診療所,2903.1417920061667,,,,,,,,,,,,False,False,False,
533512631,35.46875,135.29062499999998,1.0,True,13,8.0,8.0,0.6153846153846154,0,,,unaffected,False,False,False,True,東雲駅,864.8106990787932,一盃水,2316.8062326778495,station,東雲駅,864.8106990787932,市立舞鶴市民病院加佐診療所,3022.0371101503065,舞鶴赤十字病院,likely_public,4991.622410003726,市立舞鶴市民病院加佐診療所,3022.0371101503065,0.15734265734265734,0.8863636363636364,0.6888111888111889,0.8461538461538461,0.10837938285490734,0.1331360946745562,0.09170563164646005,196,178,130,False,False,False,False,
533512633,35.47291666666668,135.29062499999998,1.0,True,74,34.0,34.0,0.4594594594594595,0,,,unaffected,False,False,False,True,東雲駅,564.8990913221178,一盃水,2772.114471977421,station,東雲駅,564.8990913221178,市立舞鶴市民病院加佐診療所,3306.1269349601184,舞鶴赤十字病院,likely_public,5252.380442804056,市立舞鶴市民病院加佐診療所,3306.1269349601184,0.5681818181818182,0.6503496503496503,0.548951048951049,0.8671328671328671,0.3119040050858233,0.4926891290527654,0.2704622142002943,78,14,24,False,True,True,True,24
533512644,35.47291666666668,135.309375,1.0,True,13,8.0,8.0,0.6153846153846154,0,,,unaffected,False,False,False,True,東雲駅,2228.5864738882033,二尾,2120.2270518007467,bus_stop,二尾,2120.2270518007467,国土交通省共済組合第八管区 海上保安本部支部診療所,2579.435634079029,舞鶴赤十字病院,likely_public,4013.1149648945866,国土交通省共済組合第八管区 海上保安本部支部診療所,2579.435634079029,0.15734265734265734,0.8863636363636364,0.8881118881118881,0.7832167832167832,0.13973788449312924,0.12323340994669667,0.10944505638622709,173,185,111,False,False,False,False,
533512651,35.46875,135.315625,0.9755449414698503,True,1,,,,2,533512653,,suppressed_source,True,False,False,False,東雲駅,2869.119761500274,二尾,1409.462503547122,bus_stop,二尾,1409.462503547122,隅山医院,2002.0285892133995,舞鶴赤十字病院,likely_public,3300.4712588566326,隅山医院,2002.0285892133995,,,,,,,,,,,,False,False,False,
533512653,35.47291666666668,135.315625,0.7158606250070791,True,7,,9.0,,1,,533512651;533512654,aggregation_destination,False,True,True,False,東雲駅,2793.327239598382,二尾,1641.2519423627311,bus_stop,二尾,1641.2519423627311,隅山医院,2431.4329771533185,舞鶴赤十字病院,likely_public,3683.0735216964376,隅山医院,2431.4329771533185,,,,,,,,,,,,False,False,False,
533512654,35.47291666666668,135.32187499999998,0.08587203142181299,False,5,,,,2,533512653,,suppressed_source,True,False,False,False,東雲駅,3358.900451763522,二尾,1239.1937714402866,bus_stop,二尾,1239.1937714402866,隅山医院,2303.8169057675887,舞鶴赤十字病院,likely_public,3415.943612068622,隅山医院,2303.8169057675887,,,,,,,,,,,,False,False,False,
533512661,35.46875,135.328125,0.10923965469238112,False,10,,8.0,,1,,533512662,aggregation_destination,False,True,True,False,西舞鶴駅,3006.3307505625057,二尾,560.2074651924175,bus_stop,二尾,560.2074651924175,隅山医院,1855.570938983065,舞鶴赤十字病院,likely_public,2782.7922535044454,隅山医院,1855.570938983065,,,,,,,,,,,,False,False,False,
533512662,35.46875,135.33437499999997,0.857041640117197,True,11,,,,2,533512661,,suppressed_source,True,False,False,False,西舞鶴駅,3018.4238924200386,二尾,665.4502823753319,bus_stop,二尾,665.4502823753319,特別養護老人ホーム安寿苑,1734.2748288305595,舞鶴赤十字病院,likely_public,2671.1311197524897,特別養護老人ホーム安寿苑,1734.2748288305595,,,,,,,,,,,,False,False,False,
533512673,35.47291666666668,135.340625,0.6473417058754173,True,135,,,,2,533512674,,suppressed_source,True,False,False,False,西舞鶴駅,3579.5462013486135,藤の森,456.1306049771821,bus_stop,藤の森,456.1306049771821,特別養護老人ホーム安寿苑,1955.7070296509148,舞鶴赤十字病院,likely_public,3137.1615786991842,特別養護老人ホーム安寿苑,1955.7070296509148,,,,,,,,,,,,True,False,False,
533512674,35.47291666666668,135.346875,0.9974133274163374,True,85,,155.0,,1,,533512673,aggregation_destination,False,True,True,False,西舞鶴駅,3764.763156942099,藤の森,264.8904039302848,bus_stop,藤の森,264.8904039302848,医療法人社団外松医院,1682.0101241945777,舞鶴赤十字病院,likely_public,3243.4875953458845,医療法人社団外松医院,1682.0101241945777,,,,,,,,,,,,True,False,False,
533512682,35.46875,135.359375,1.0,True,61,34.0,34.0,0.5573770491803278,0,,,unaffected,False,False,False,True,東舞鶴駅,3216.2396004037705,道芝口,473.85612468306607,bus_stop,道芝口,473.85612468306607,医療法人社団外松医院,524.2617694726932,国家公務員共済組合連合会 舞鶴共済病院,likely_public,2898.6505043257257,医療法人社団外松医院,524.2617694726932,0.5681818181818182,0.8216783216783217,0.4825174825174825,0.2202797202797203,0.2741576605212969,0.1251589319771138,0.060391372772173796,94,183,162,False,True,True,True,137
533512683,35.47291666666668,135.35312499999998,1.0,True,49,10.0,10.0,0.20408163265306123,0,,,unaffected,False,False,False,True,東舞鶴駅,3813.692114224284,和田,601.7824126283984,bus_stop,和田,601.7824126283984,医療法人社団外松医院,1133.0317676139662,市立舞鶴市民病院,likely_public,3420.876923385919,医療法人社団外松医院,1133.0317676139662,0.22727272727272727,0.08741258741258741,0.5804195804195804,0.506993006993007,0.1319135410044501,0.11522568340750158,0.06687924281694148,180,194,154,False,True,True,True,131
533512684,35.47291666666668,135.359375,1.0,True,62,24.0,24.0,0.3870967741935484,0,,,unaffected,False,False,False,True,東舞鶴駅,3251.7600573512073,上四丁目,644.1455499838265,bus_stop,上四丁目,644.1455499838265,医療法人社団外松医院,617.947061143473,国家公務員共済組合連合会 舞鶴共済病院,likely_public,2920.0707377007375,医療法人社団外松医院,617.947061143473,0.46503496503496505,0.4825174825174825,0.6258741258741258,0.24825174825174826,0.29105335224216344,0.1154457430681207,0.07225450352864897,89,192,150,False,True,True,True,129
533512691,35.46875,135.36562500000002,1.0,True,686,243.0,243.0,0.35422740524781343,0,,,unaffected,False,False,False,True,東舞鶴駅,2649.0048604824865,道芝口,134.41291403715854,bus_stop,道芝口,134.41291403715854,医療法人社団外松医院,128.17104742033453,国家公務員共済組合連合会 舞鶴共済病院,likely_public,2331.7942682723324,医療法人社団外松医院,128.17104742033453,0.9055944055944056,0.42657342657342656,0.0944055944055944,0.04195804195804196,0.08549317815052081,0.03799696806689814,0.003587126355965908,213,260,260,False,True,True,True,204
533512692,35.46875,135.371875,1.0,True,77,24.0,24.0,0.3116883116883117,0,,,unaffected,False,False,False,True,東舞鶴駅,2081.7764196903317,上四丁目,664.3777972596554,bus_stop,上四丁目,664.3777972596554,医療法人社団外松医院,633.6639040263276,国家公務員共済組合連合会 舞鶴共済病院,likely_public,1765.1862628512838,医療法人社団外松医院,633.6639040263276,0.46503496503496505,0.2867132867132867,0.6363636363636364,0.25874125874125875,0.29593134138588684,0.12032373221184411,0.07656964777117352,86,190,146,False,True,True,True,125
533512693,35.47291666666668,135.36562500000002,0.9999999999999998,True,781,284.0,284.0,0.36363636363636365,0,,,unaffected,False,False,False,True,東舞鶴駅,2692.052098750701,上四丁目,78.05816029913835,bus_stop,上四丁目,78.05816029913835,医療法人社団大橋医院,210.1190682329488,国家公務員共済組合連合会 舞鶴共済病院,likely_public,2358.4010963866112,医療法人社団大橋医院,210.1190682329488,0.9230769230769231,0.44755244755244755,0.04195804195804196,0.09090909090909091,0.03873050026896181,0.08391608391608392,0.0035209545699056194,251,218,262,False,True,True,True,206
533512694,35.47291666666668,135.371875,1.0,True,731,0.0,0.0,0.0,0,,,unaffected,False,False,False,True,東舞鶴駅,2136.316704874189,造船所前,457.8957066188121,bus_stop,造船所前,457.8957066188121,海上自衛隊舞鶴衛生隊第一医務室,210.52011017642198,国家公務員共済組合連合会 舞鶴共済病院,uncertain_access,1800.2203813165704,海上自衛隊舞鶴衛生隊第一医務室,210.52011017642198,0.013986013986013986,0.013986013986013986,0.47202797202797203,0.0944055944055944,0.006601789818573035,0.001320357963714607,0.0006232458919631886,278,285,280,False,True,False,False,
533512703,35.48125,135.253125,0.9999999999999998,True,2,,,,2,533512714,,suppressed_source,True,False,False,False,東雲駅,2970.0860170426927,八田・由良川学園前,3390.960617022334,station,東雲駅,2970.0860170426927,市立舞鶴市民病院加佐診療所,3232.621907502752,舞鶴赤十字病院,likely_public,8634.402729367699,市立舞鶴市民病院加佐診療所,3232.621907502752,,,,,,,,,,,,False,False,False,
533512712,35.47708333333334,135.27187499999997,1.0,True,32,20.0,20.0,0.625,0,,,unaffected,False,False,False,True,東雲駅,1208.8514596024083,八田・由良川学園前,2821.7429424328757,station,東雲駅,1208.8514596024083,市立舞鶴市民病院加佐診療所,2753.1976350321047,舞鶴赤十字病院,likely_public,6925.3869910021795,市立舞鶴市民病院加佐診療所,2753.1976350321047,0.41083916083916083,0.9003496503496503,0.7482517482517482,0.8041958041958042,0.3074111203481833,0.33039512934617826,0.2472187331471404,79,57,29,False,True,True,True,29
533512714,35.48125,135.27187499999997,0.9999999999999998,True,19,,9.0,,1,,533512703;533512801;533512821,aggregation_destination,False,True,True,False,東雲駅,1373.7678057379428,八田・由良川学園前,3274.213549487114,station,東雲駅,1373.7678057379428,市立舞鶴市民病院加佐診療所,3198.894417852039,舞鶴赤十字病院,likely_public,7175.3792610557275,市立舞鶴市民病院加佐診療所,3198.894417852039,,,,,,,,,,,,False,False,False,
533512721,35.47708333333334,135.278125,1.0,True,49,,27.0,,1,,533512723,aggregation_destination,False,True,True,False,東雲駅,660.8204694408067,八田・由良川学園前,2998.345024463132,station,東雲駅,660.8204694408067,市立舞鶴市民病院加佐診療所,2965.63707272812,舞鶴赤十字病院,likely_public,6446.627569404828,市立舞鶴市民病院加佐診療所,2965.63707272812,,,,,,,,,,,,True,False,False,
533512722,35.47708333333334,135.284375,1.0,True,35,,22.0,,1,,533512724,aggregation_destination,False,True,True,False,東雲駅,235.53856243024518,ふじつ温泉前,3137.3174411065597,station,東雲駅,235.53856243024518,市立舞鶴市民病院加佐診療所,3263.971982231512,舞鶴赤十字病院,likely_public,5983.36925597249,市立舞鶴市民病院加佐診療所,3263.971982231512,,,,,,,,,,,,True,False,False,
533512723,35.48125,135.278125,1.0,True,2,,,,2,533512721,,suppressed_source,True,False,False,False,東雲駅,928.790779057549,八田・由良川学園前,3427.5732584167313,station,東雲駅,928.790779057549,市立舞鶴市民病院加佐診療所,3383.454801083008,舞鶴赤十字病院,likely_public,6714.493035365776,市立舞鶴市民病院加佐診療所,3383.454801083008,,,,,,,,,,,,False,False,False,
533512724,35.48125,135.284375,1.0000000000000002,True,5,,,,2,533512722,,suppressed_source,True,False,False,False,東雲駅,693.8777391982013,ふじつ温泉前,3595.6538362474744,station,東雲駅,693.8777391982013,市立舞鶴市民病院加佐診療所,3647.7634129679714,舞鶴赤十字病院,likely_public,6271.077363956084,市立舞鶴市民病院加佐診療所,3647.7634129679714,,,,,,,,,,,,False,False,False,
533512753,35.48125,135.315625,0.9252786886166328,True,91,56.0,56.0,0.6153846153846154,0,,,unaffected,False,False,False,True,東雲駅,2868.182441818349,二尾,2321.6556089062638,bus_stop,二尾,2321.6556089062638,隅山医院,3316.8502371714594,舞鶴赤十字病院,likely_public,4493.440047277211,隅山医院,3316.8502371714594,0.6293706293706294,0.8863636363636364,0.9090909090909091,0.8706293706293706,0.5721551176096631,0.5479485549415619,0.4981350499468745,3,5,1,True,True,True,True,1
533512772,35.47708333333334,135.346875,0.5144291185899807,False,241,71.0,71.0,0.2946058091286307,0,,,unaffected,False,False,False,True,西舞鶴駅,4193.614398921234,和田,135.7276983751817,bus_stop,和田,135.7276983751817,国土交通省共済組合海上保安学校診療所,1351.7426610518594,舞鶴赤十字病院,likely_public,3690.481417209815,国土交通省共済組合海上保安学校診療所,1351.7426610518594,0.6643356643356644,0.22727272727272727,0.0979020979020979,0.5699300699300699,0.06503985524964546,0.37862487163186465,0.037068169250672064,229,42,197,False,True,True,True,158
533512774,35.48125,135.346875,0.6088447650478436,False,56,25.0,25.0,0.44642857142857145,0,,,unaffected,False,False,False,True,東舞鶴駅,4571.5181874981035,加津良,419.1914856808429,bus_stop,加津良,419.1914856808429,国土交通省共済組合海上保安学校診療所,943.1379879323548,舞鶴赤十字病院,likely_public,4140.82972368686,国土交通省共済組合海上保安学校診療所,943.1379879323548,0.48426573426573427,0.6188811188811189,0.43356643356643354,0.4405594405594406,0.20996136730402465,0.2133478409702186,0.09250046251855631,129,123,128,False,True,True,True,110
533512781,35.47708333333334,135.35312499999998,1.0,True,828,335.0,335.0,0.40458937198067635,0,,,unaffected,False,False,False,True,東舞鶴駅,3898.86643086672,和田,446.60142735947244,bus_stop,和田,446.60142735947244,西村医院,1038.193208938622,国家公務員共済組合連合会 舞鶴共済病院,likely_public,3561.866059271264,西村医院,1038.193208938622,0.9667832167832168,0.5174825174825175,0.458041958041958,0.46153846153846156,0.44282727761748736,0.44620763851533085,0.20438182043884032,31,23,47,True,True,True,True,45
533512782,35.47708333333334,135.359375,0.9999999999999998,True,367,131.0,131.0,0.3569482288828338,0,,,unaffected,False,False,False,True,東舞鶴駅,3351.277322527276,下四丁目,373.58713289576485,bus_stop,下四丁目,373.58713289576485,西村医院,474.4616453481453,国家公務員共済組合連合会 舞鶴共済病院,likely_public,3013.108282450192,西村医院,474.4616453481453,0.791958041958042,0.43006993006993005,0.40559440559440557,0.19230769230769232,0.32121375128368135,0.15229962345346962,0.0617718752468618,70,160,160,False,True,True,True,135
533512783,35.48125,135.35312499999998,1.0,True,204,102.0,102.0,0.5,0,,,unaffected,False,False,False,True,東舞鶴駅,4035.522577957452,加津良上,118.05523659047964,bus_stop,加津良上,118.05523659047964,国土交通省共済組合海上保安学校診療所,784.2023868169337,国家公務員共済組合連合会 舞鶴共済病院,likely_public,3696.766663204172,国土交通省共済組合海上保安学校診療所,784.2023868169337,0.7377622377622378,0.7202797202797203,0.07342657342657342,0.3531468531468531,0.05417135312240207,0.2605384126363147,0.01913044288588325,240,88,234,False,True,True,True,184
533512784,35.48125,135.359375,1.0,True,174,114.0,114.0,0.6551724137931034,0,,,unaffected,False,False,False,True,東舞鶴駅,3509.3513238850137,長浜口,97.04775351127807,bus_stop,長浜口,97.04775351127807,西村医院,606.1113773719546,国家公務員共済組合連合会 舞鶴共済病院,likely_public,3171.466672304953,西村医院,606.1113773719546,0.7692307692307693,0.9265734265734266,0.05244755244755245,0.24125874125874125,0.04034427111350188,0.18558364712210867,0.00973340806584486,249,134,246,False,True,True,True,191
533512791,35.47708333333334,135.36562500000002,1.0,True,662,207.0,207.0,0.31268882175226587,0,,,unaffected,False,False,False,True,東舞鶴駅,2811.4821437401984,中舞鶴,176.0376723901252,bus_stop,中舞鶴,176.0376723901252,西村医院,125.61346025893292,国家公務員共済組合連合会 舞鶴共済病院,likely_public,2472.6942118209777,西村医院,125.61346025893292,0.8671328671328671,0.2937062937062937,0.16083916083916083,0.038461538461538464,0.13946892268570588,0.03335126412049489,0.005364189334065611,174,262,254,False,True,True,True,198
533512792,35.47708333333334,135.371875,0.7344888458948092,False,519,6.0,6.0,0.011560693641618497,0,,,unaffected,False,False,False,True,東舞鶴駅,2285.0107938980605,安全祈願碑前,146.00884180961884,bus_stop,安全祈願碑前,146.00884180961884,海上自衛隊舞鶴衛生隊第一医務室,257.50623738615417,国家公務員共済組合連合会 舞鶴共済病院,uncertain_access,1947.5814956186928,海上自衛隊舞鶴衛生隊第一医務室,257.50623738615417,0.09090909090909091,0.03146853146853147,0.11538461538461539,0.12237762237762238,0.01048951048951049,0.011125238397965672,0.0012836813536114236,272,274,275,False,True,False,False,
533512793,35.48125,135.36562500000002,0.9999999999999998,True,460,78.0,78.0,0.16956521739130434,0,,,unaffected,False,False,False,True,東舞鶴駅,2998.1810584150326,長浜,363.45701256384194,bus_stop,長浜,363.45701256384194,西村医院,397.55072370856,国家公務員共済組合連合会 舞鶴共済病院,likely_public,2663.4091297382784,西村医院,397.55072370856,0.6783216783216783,0.06993006993006994,0.3986013986013986,0.16433566433566432,0.27037996968066896,0.1114724436402758,0.04443307194052951,98,198,184,False,True,True,True,148
533512794,35.48125,135.371875,0.7894347170786089,True,113,1.0,1.0,0.008849557522123894,0,,,unaffected,False,False,False,True,東舞鶴駅,2511.188909147164,本館前,151.42893619333802,bus_stop,本館前,151.42893619333802,ジャパンマリンユナイテッド（株） 舞鶴診療所,385.2092979339459,国家公務員共済組合連合会 舞鶴共済病院,likely_public,2184.6565420169873,ジャパンマリンユナイテッド（株） 舞鶴診療所,385.2092979339459,0.027972027972027972,0.027972027972027972,0.13286713286713286,0.16083916083916083,0.0037165631571225975,0.004498997505990513,0.0005977688993973408,283,283,281,False,True,False,False,
533512801,35.48541666666668,135.253125,1.0,True,2,,,,2,533512714,,suppressed_source,True,False,False,False,東雲駅,3110.3624114039135,八田・由良川学園前,3831.9980989265127,station,東雲駅,3110.3624114039135,市立舞鶴市民病院加佐診療所,3678.3224136758845,舞鶴赤十字病院,likely_public,8860.259316564172,市立舞鶴市民病院加佐診療所,3678.3224136758845,,,,,,,,,,,,False,False,False,
533512821,35.48541666666668,135.278125,1.0,True,4,,,,2,533512714,,suppressed_source,True,False,False,False,東雲駅,1309.963090496803,八田・由良川学園前,3864.431292638411,station,東雲駅,1309.963090496803,市立舞鶴市民病院加佐診療所,3811.5501825126676,舞鶴赤十字病院,likely_public,7002.657185076756,市立舞鶴市民病院加佐診療所,3811.5501825126676,,,,,,,,,,,,False,False,False,
533512833,35.48958333333334,135.29062499999998,1.0,True,18,8.0,8.0,0.4444444444444444,0,,,unaffected,False,False,False,True,東雲駅,1696.3996796405852,二尾,4567.454362051858,station,東雲駅,1696.3996796405852,市立舞鶴市民病院加佐診療所,4732.375637886209,舞鶴赤十字病院,likely_public,6522.738744780533,市立舞鶴市民病院加佐診療所,4732.375637886209,0.15734265734265734,0.6136363636363636,0.8321678321678322,0.9370629370629371,0.1309354980683652,0.1474399726147978,0.12269480238574083,181,168,95,False,False,False,False,
533512851,35.48541666666668,135.315625,1.0,True,1,,,,2,533512854,,suppressed_source,True,False,False,False,東雲駅,3013.210392779238,二尾,2716.4940578904557,bus_stop,二尾,2716.4940578904557,国土交通省共済組合海上保安学校診療所,3376.4690342462604,舞鶴赤十字病院,likely_public,4913.76211031625,国土交通省共済組合海上保安学校診療所,3376.4690342462604,,,,,,,,,,,,False,False,False,
533512853,35.48958333333334,135.315625,0.9999999999999998,True,6,,,,2,533512854,,suppressed_source,True,False,False,False,丹後神崎駅,2738.5128039326532,二尾,3129.852104911163,station,丹後神崎駅,2738.5128039326532,国土交通省共済組合海上保安学校診療所,3364.078246094217,舞鶴赤十字病院,likely_public,5341.019813769229,国土交通省共済組合海上保安学校診療所,3364.078246094217,,,,,,,,,,,,False,False,False,
533512854,35.48958333333334,135.32187499999998,0.9186049690144207,True,118,,63.0,,1,,533512851;533512853,aggregation_destination,False,True,True,False,丹後神崎駅,3174.6902342721337,藤の森,2669.3948129045,bus_stop,藤の森,2669.3948129045,国土交通省共済組合海上保安学校診療所,2797.574834912104,舞鶴赤十字病院,likely_public,5160.475886016659,国土交通省共済組合海上保安学校診療所,2797.574834912104,,,,,,,,,,,,True,False,False,
533512882,35.48541666666668,135.359375,1.0,True,68,24.0,24.0,0.35294117647058826,0,,,unaffected,False,False,False,True,東舞鶴駅,3718.5219399783787,高倉神社前,316.63331866013084,bus_stop,高倉神社前,316.63331866013084,国土交通省共済組合海上保安学校診療所,688.0316184948528,国家公務員共済組合連合会 舞鶴共済病院,likely_public,3385.9935011880434,国土交通省共済組合海上保安学校診療所,688.0316184948528,0.46503496503496505,0.4230769230769231,0.34265734265734266,0.3076923076923077,0.15934764536163137,0.14308768154922002,0.04903004472665581,163,172,179,False,True,True,True,146
533512883,35.48958333333334,135.35312499999998,0.6435748015694523,True,418,0.0,0.0,0.0,0,,,unaffected,False,False,False,True,東舞鶴駅,4442.535925543796,海上保安学校前,287.1315001480539,bus_stop,海上保安学校前,287.1315001480539,国土交通省共済組合海上保安学校診療所,147.3946505034291,国家公務員共済組合連合会 舞鶴共済病院,likely_public,4111.762264873975,国土交通省共済組合海上保安学校診療所,147.3946505034291,0.013986013986013986,0.013986013986013986,0.3111888111888112,0.06293706293706294,0.004352291065577779,0.0008802386424764047,0.0002739204167146854,282,286,284,False,True,False,False,
533512891,35.48541666666668,135.36562500000002,0.9999999999999998,True,72,14.0,14.0,0.19444444444444445,0,,,unaffected,False,False,False,True,東舞鶴駅,3240.5429834356323,高倉神社前,288.8570444872327,bus_stop,高倉神社前,288.8570444872327,西村医院,853.0455944355106,国家公務員共済組合連合会 舞鶴共済病院,likely_public,2915.5876242576337,西村医院,853.0455944355106,0.30244755244755245,0.08041958041958042,0.3181818181818182,0.3986013986013986,0.09623331214240305,0.12055601740916426,0.03835873281200681,207,189,194,False,True,True,True,155
533512893,35.48958333333334,135.36562500000002,0.3957636003312356,True,170,0.0,0.0,0.0,0,,,unaffected,False,False,False,True,東舞鶴駅,3527.1121660202903,高倉神社前,446.3080467774811,bus_stop,高倉神社前,446.3080467774811,国土交通省共済組合海上保安学校診療所,1184.2082732617214,国家公務員共済組合連合会 舞鶴共済病院,likely_public,3214.7980580381254,国土交通省共済組合海上保安学校診療所,1184.2082732617214,0.013986013986013986,0.013986013986013986,0.45454545454545453,0.5209790209790209,0.006357279084551811,0.007286419873832461,0.003312009033560209,279,276,264,False,True,False,False,
533512894,35.48958333333334,135.371875,0.5915918461676086,True,10,0.0,0.0,0.0,0,,,unaffected,False,False,False,True,東舞鶴駅,3123.743670094406,飛行場前,153.31072728064603,bus_stop,飛行場前,153.31072728064603,ジャパンマリンユナイテッド（株） 舞鶴診療所,860.8030444143153,自衛隊舞鶴病院,likely_public,2769.9510022849695,ジャパンマリンユナイテッド（株） 舞鶴診療所,860.8030444143153,0.013986013986013986,0.013986013986013986,0.13636363636363635,0.4020979020979021,0.0019071837253655435,0.005623746882488141,0.0007668745748847464,285,280,277,False,False,False,False,
533512924,35.49791666666668,135.284375,0.2143699004641044,False,22,15.0,15.0,0.6818181818181818,0,,,unaffected,False,False,False,True,丹後神崎駅,1275.5383880482461,八田・由良川学園前,5359.651635190647,station,丹後神崎駅,1275.5383880482461,市立舞鶴市民病院加佐診療所,5309.490991077704,舞鶴赤十字病院,likely_public,7596.251930661348,市立舞鶴市民病院加佐診療所,5309.490991077704,0.3339160839160839,0.9370629370629371,0.7657342657342657,0.951048951048951,0.255690987334344,0.3175705413467651,0.24317464529699848,105,63,30,False,True,True,True,30
533512931,35.493750000000006,135.29062499999998,0.9999999999999999,True,50,26.0,26.0,0.52,0,,,unaffected,False,False,False,True,丹後神崎駅,1445.144076140371,二尾,4868.787552390223,station,丹後神崎駅,1445.144076140371,市立舞鶴市民病院加佐診療所,5131.283318861712,舞鶴赤十字病院,likely_public,6881.440932808576,市立舞鶴市民病院加佐診療所,5131.283318861712,0.5,0.756993006993007,0.7972027972027972,0.9440559440559441,0.3986013986013986,0.47202797202797203,0.376302019658663,42,16,9,True,True,True,True,9
533512933,35.49791666666668,135.29062499999998,0.9958122699961404,True,4,,,,2,533512934,,suppressed_source,True,False,False,False,丹後神崎駅,995.4356652572596,二尾,5193.83551480652,station,丹後神崎駅,995.4356652572596,市立舞鶴市民病院加佐診療所,5540.049180369674,舞鶴赤十字病院,likely_public,7251.877070252705,市立舞鶴市民病院加佐診療所,5540.049180369674,,,,,,,,,,,,False,False,False,
533512934,35.49791666666668,135.296875,1.0000000000000002,True,24,,16.0,,1,,533512933,aggregation_destination,False,True,True,False,丹後神崎駅,998.8989417390828,二尾,4821.282197542662,station,丹後神崎駅,998.8989417390828,国土交通省共済組合海上保安学校診療所,5173.178245794387,舞鶴赤十字病院,likely_public,6936.851431519142,国土交通省共済組合海上保安学校診療所,5173.178245794387,,,,,,,,,,,,True,False,False,
533512962,35.493750000000006,135.33437499999997,0.03810966533040617,False,6,,,,2,533512964,,suppressed_source,True,False,False,False,丹後神崎駅,3954.8273636202007,海上保安学校前,1979.415550341533,bus_stop,海上保安学校前,1979.415550341533,国土交通省共済組合海上保安学校診療所,1766.1225163759482,舞鶴赤十字病院,likely_public,5438.588507651522,国土交通省共済組合海上保安学校診療所,1766.1225163759482,,,,,,,,,,,,False,False,False,
533512963,35.49791666666668,135.328125,1.0000000000000002,True,5,,,,2,533512964,,suppressed_source,True,False,False,False,丹後神崎駅,3267.639539419931,海上保安学校前,2684.1480215950783,bus_stop,海上保安学校前,2684.1480215950783,国土交通省共済組合海上保安学校診療所,2468.7631424678816,舞鶴赤十字病院,likely_public,5951.757504544845,国土交通省共済組合海上保安学校診療所,2468.7631424678816,,,,,,,,,,,,False,False,False,
533512964,35.49791666666668,135.33437499999997,0.19747451930894713,False,78,,48.0,,1,,533512962;533512963,aggregation_destination,False,True,True,False,丹後神崎駅,3813.4521288639908,海上保安学校前,2187.949394668442,bus_stop,海上保安学校前,2187.949394668442,国土交通省共済組合海上保安学校診療所,1972.5267344692643,舞鶴赤十字病院,likely_public,5900.391736794101,国土交通省共済組合海上保安学校診療所,1972.5267344692643,,,,,,,,,,,,True,False,False,
533513003,35.42291666666668,135.378125,0.9999999999999998,True,23,14.0,14.0,0.6086956521739131,0,,,unaffected,False,False,False,True,西舞鶴駅,4797.957310100668,福来東,3721.848748044285,bus_stop,福来東,3721.848748044285,特別養護老人ﾎｰﾑｸﾞﾚｲｽｳﾞｨﾙまいづる診療所,3368.815500450091,市立舞鶴市民病院,likely_public,4299.179935920221,特別養護老人ﾎｰﾑｸﾞﾚｲｽｳﾞｨﾙまいづる診療所,3368.815500450091,0.30244755244755245,0.8776223776223776,0.9755244755244755,0.8776223776223776,0.2950449899750599,0.2654347400850897,0.25893808560748266,87,86,27,False,True,True,True,27
533513004,35.42291666666668,135.38437499999998,1.0,True,17,9.0,9.0,0.5294117647058824,0,,,unaffected,False,False,False,True,東舞鶴駅,5154.710810183437,常団地前,3520.1215637149626,bus_stop,常団地前,3520.1215637149626,特別養護老人ﾎｰﾑｸﾞﾚｲｽｳﾞｨﾙまいづる診療所,3904.221676767324,京都府立舞鶴こども療育センター,likely_public,4654.825618459619,特別養護老人ﾎｰﾑｸﾞﾚｲｽｳﾞｨﾙまいづる診療所,3904.221676767324,0.19230769230769232,0.7727272727272727,0.965034965034965,0.916083916083916,0.18558364712210867,0.17616998386229155,0.1700101942167569,142,138,63,False,False,False,False,
533513011,35.41875,135.390625,0.9999999999999998,True,22,,13.0,,1,,533513012,aggregation_destination,False,True,True,False,東舞鶴駅,5542.18755131558,常口,3746.6439526487384,bus_stop,常口,3746.6439526487384,特別養護老人ﾎｰﾑｸﾞﾚｲｽｳﾞｨﾙまいづる診療所,4345.471809831922,京都府立舞鶴こども療育センター,likely_public,4933.877381846547,特別養護老人ﾎｰﾑｸﾞﾚｲｽｳﾞｨﾙまいづる診療所,4345.471809831922,,,,,,,,,,,,True,False,False,
533513012,35.41875,135.39687499999997,1.0,True,3,,,,2,533513011,,suppressed_source,True,False,False,False,東舞鶴駅,5532.309602123843,常,3604.447130139197,bus_stop,常,3604.447130139197,鹿野医院,4641.727690828796,京都府立舞鶴こども療育センター,likely_public,4840.2223430884915,鹿野医院,4641.727690828796,,,,,,,,,,,,False,False,False,
533513102,35.42708333333334,135.38437499999998,0.9999999999999998,True,14,11.0,11.0,0.7857142857142857,0,,,unaffected,False,False,False,True,東舞鶴駅,4701.093485419572,常団地前,3110.8301576335675,bus_stop,常団地前,3110.8301576335675,特別養護老人ホーム真愛の家寿荘医務室,3718.574904492273,京都府立舞鶴こども療育センター,uncertain_access,4226.0667729720835,特別養護老人ホーム真愛の家寿荘医務室,3718.574904492273,0.25874125874125875,0.9755244755244755,0.951048951048951,0.9020979020979021,0.24607560271895937,0.23340994669666,0.22198428497025005,109,107,42,False,False,True,False,
533513111,35.42708333333334,135.390625,0.9999999999999998,True,11,7.0,7.0,0.6363636363636364,0,,,unaffected,False,False,False,True,東舞鶴駅,4620.285980489409,常団地前,2873.042469082202,bus_stop,常団地前,2873.042469082202,鹿野医院,3700.172042058365,京都府立舞鶴こども療育センター,likely_public,4037.379406539762,鹿野医院,3700.172042058365,0.12062937062937062,0.9143356643356644,0.9335664335664335,0.8986013986013986,0.11261553132182502,0.10839772115995892,0.10119647395003158,193,202,120,False,False,False,False,
533513314,35.44791666666667,135.39687499999997,1.0,True,471,200.0,200.0,0.42462845010615713,0,,,unaffected,False,False,False,True,東舞鶴駅,2300.9776090802347,常団地前,562.5974946252306,bus_stop,常団地前,562.5974946252306,鹿野医院,1450.5478993305774,京都府立舞鶴こども療育センター,likely_public,1660.539735245431,鹿野医院,1450.5478993305774,0.8531468531468531,0.5629370629370629,0.541958041958042,0.6048951048951049,0.4623697980341337,0.5160643552251943,0.27968522748218577,24,9,23,True,True,True,True,23
533513323,35.44791666666667,135.403125,1.0,True,601,265.0,265.0,0.44093178036605657,0,,,unaffected,False,False,False,True,東舞鶴駅,2414.3029358434237,常口,331.59077769872783,bus_stop,常口,331.59077769872783,京都府立舞鶴こども療育センター,1576.7345062953968,京都府立舞鶴こども療育センター,likely_public,1576.7345062953968,医療法人社団悠慈会指宿医院,1636.4894882226704,0.9125874125874126,0.6048951048951049,0.36013986013986016,0.6468531468531469,0.32865910313462765,0.5903100396107389,0.21259417510456685,64,3,44,True,True,True,True,42
533513324,35.44791666666667,135.409375,1.0000000000000002,True,206,95.0,95.0,0.46116504854368934,0,,,unaffected,False,False,False,True,東舞鶴駅,2647.0574252702168,常,283.5371752053144,bus_stop,常,283.5371752053144,京都府立舞鶴こども療育センター,1690.720834357258,京都府立舞鶴こども療育センター,likely_public,1690.720834357258,厚生労働省第二共済組合 舞鶴医療センター診療部,1818.8867444449104,0.7167832167832168,0.6538461538461539,0.3041958041958042,0.6573426573426573,0.2180424470634261,0.4711721844588977,0.1433286015661682,122,17,84,False,True,True,True,76
533513332,35.44375000000001,135.421875,1.0,True,29,14.0,14.0,0.4827586206896552,0,,,unaffected,False,False,False,True,東舞鶴駅,3691.6542673873078,与保呂小学校前,858.1507445541758,bus_stop,与保呂小学校前,858.1507445541758,京都府立舞鶴こども療育センター,2684.3294341746955,京都府立舞鶴こども療育センター,likely_public,2684.3294341746955,厚生労働省第二共済組合 舞鶴医療センター診療部,2796.572521716145,0.30244755244755245,0.6783216783216783,0.6853146853146853,0.7972027972027972,0.2072717492297912,0.24111203481832852,0.16523761826710626,132,101,67,False,True,True,True,61
533513333,35.44791666666667,135.41562499999998,1.0,True,40,14.0,14.0,0.35,0,,,unaffected,False,False,False,True,東舞鶴駅,2971.306033887983,与保呂小学校前,140.08065111029052,bus_stop,与保呂小学校前,140.08065111029052,京都府立舞鶴こども療育センター,1968.432490013917,京都府立舞鶴こども療育センター,likely_public,1968.432490013917,厚生労働省第二共済組合 舞鶴医療センター診療部,2085.042775866489,0.30244755244755245,0.41083916083916083,0.1048951048951049,0.6958041958041958,0.03172526773925376,0.21044427600371657,0.02207457440598426,260,124,228,False,True,True,True,178
533513334,35.44791666666667,135.421875,0.9999999999999998,True,74,40.0,40.0,0.5405405405405406,0,,,unaffected,False,False,False,True,東舞鶴駅,3360.6691054810512,与保呂小学校前,635.164735235141,bus_stop,与保呂小学校前,635.164735235141,京都府立舞鶴こども療育センター,2352.5855673130177,京都府立舞鶴こども療育センター,likely_public,2352.5855673130177,厚生労働省第二共済組合 舞鶴医療センター診療部,2455.6447853019795,0.5874125874125874,0.7902097902097902,0.6083916083916084,0.7447552447552448,0.35737688884542035,0.43747860531077315,0.26615831232193893,56,27,26,False,True,True,True,26
533513341,35.44375000000001,135.42812500000002,1.0,True,87,,50.0,,1,,533513051,aggregation_destination,False,True,True,False,東舞鶴駅,4091.160765514479,与保呂小学校前,1328.2068196800294,bus_stop,与保呂小学校前,1328.2068196800294,京都府立舞鶴こども療育センター,3083.7340759048707,京都府立舞鶴こども療育センター,likely_public,3083.7340759048707,厚生労働省第二共済組合 舞鶴医療センター診療部,3185.5072657933174,,,,,,,,,,,,True,False,False,
533513342,35.44375000000001,135.434375,1.0000000000000002,True,24,14.0,14.0,0.5833333333333334,0,,,unaffected,False,False,False,True,東舞鶴駅,4526.654695001383,与保呂小学校前,1853.5700882120311,bus_stop,与保呂小学校前,1853.5700882120311,京都府立舞鶴こども療育センター,3529.4447752071915,京都府立舞鶴こども療育センター,likely_public,3529.4447752071915,厚生労働省第二共済組合 舞鶴医療センター診療部,3621.8585192529217,0.30244755244755245,0.8426573426573427,0.8496503496503497,0.8916083916083916,0.25697466868795543,0.2696647757836569,0.22912077103296724,103,84,35,False,True,True,True,34
533513343,35.44791666666667,135.42812500000002,1.0,True,41,16.0,16.0,0.3902439024390244,0,,,unaffected,False,False,False,True,東舞鶴駅,3795.1578974371305,与保呂小学校前,1196.2826468071419,bus_stop,与保呂小学校前,1196.2826468071419,京都府立舞鶴こども療育センター,2799.7022472114922,京都府立舞鶴こども療育センター,likely_public,2799.7022472114922,厚生労働省第二共済組合 舞鶴医療センター診療部,2890.79770553866,0.36363636363636365,0.486013986013986,0.7447552447552448,0.8181818181818182,0.2708200890019072,0.2975206611570248,0.22158007281974226,97,69,43,False,True,True,True,41
533513404,35.45625000000001,135.38437499999998,0.9999999999999998,True,324,97.0,97.0,0.2993827160493827,0,,,unaffected,False,False,False,True,東舞鶴駅,1664.6422283339796,白鳥団地前,450.30270908013193,bus_stop,白鳥団地前,450.30270908013193,鹿野医院,844.8305929473295,国家公務員共済組合連合会 舞鶴共済病院,likely_public,1610.2015197561802,鹿野医院,844.8305929473295,0.7202797202797203,0.25874125874125875,0.46503496503496505,0.3881118881118881,0.33495525453567415,0.2795491222064649,0.13000011627083857,63,82,90,False,True,True,True,81
533513411,35.452083333333334,135.390625,1.0,True,200,63.0,63.0,0.315,0,,,unaffected,False,False,False,True,東舞鶴駅,1870.1004671188414,上地橋,639.2297566465631,bus_stop,上地橋,639.2297566465631,鹿野医院,934.5460819926172,京都府立舞鶴こども療育センター,likely_public,1558.5015230326283,鹿野医院,934.5460819926172,0.6416083916083916,0.3041958041958042,0.6118881118881119,0.4370629370629371,0.392592547312827,0.2804232480805907,0.17158765179756424,43,79,62,False,True,True,True,57
533513412,35.452083333333334,135.39687499999997,0.9999999999999998,True,1300,290.0,290.0,0.2230769230769231,0,,,unaffected,False,False,False,True,東舞鶴駅,1840.6380584229598,上地橋,226.65812828068368,bus_stop,上地橋,226.65812828068368,鹿野医院,1017.9252595901263,京都府立舞鶴こども療育センター,likely_public,1230.4175703238936,鹿野医院,1017.9252595901263,0.9300699300699301,0.0979020979020979,0.24125874125874125,0.458041958041958,0.22438750061127682,0.42601105188517774,0.1027788901401303,120,29,118,False,True,True,True,102
533513413,35.45625000000001,135.390625,1.0,True,809,236.0,236.0,0.29171817058096416,0,,,unaffected,False,False,False,True,東舞鶴駅,1420.5924921894261,丸山口,565.7589538983921,bus_stop,丸山口,565.7589538983921,鹿野医院,482.5258150977189,京都府立舞鶴こども療育センター,likely_public,1269.9519552643487,鹿野医院,482.5258150977189,0.8986013986013986,0.21678321678321677,0.5559440559440559,0.1958041958041958,0.4995721062154629,0.17594992420167246,0.097818314503727,15,139,125,True,True,True,True,108
533513414,35.45625000000001,135.39687499999997,1.0,True,1235,364.0,364.0,0.29473684210526313,0,,,unaffected,False,False,False,True,東舞鶴駅,1381.579714779182,上地橋,239.78374044285513,bus_stop,上地橋,239.78374044285513,医療法人社団悠慈会指宿医院,586.4176376990416,京都府立舞鶴こども療育センター,likely_public,835.3599048782431,医療法人社団悠慈会指宿医院,586.4176376990416,0.9755244755244755,0.23076923076923078,0.24825174825174826,0.23426573426573427,0.24217565651132084,0.22853195755293657,0.05673345799391083,110,110,168,True,True,True,True,141
533513421,35.452083333333334,135.403125,1.0,True,719,215.0,215.0,0.29902642559109877,0,,,unaffected,False,False,False,True,東舞鶴駅,1980.4754673859738,常口,131.2643416774291,bus_stop,常口,131.2643416774291,京都府立舞鶴こども療育センター,1114.738453753337,京都府立舞鶴こども療育センター,likely_public,1114.738453753337,医療法人社団悠慈会指宿医院,1224.318703130237,0.8828671328671329,0.25524475524475526,0.08741258741258741,0.4965034965034965,0.07717370042544867,0.43834661841654854,0.038317012099348645,222,26,195,False,True,True,True,156
533513422,35.452083333333334,135.409375,1.0,True,31,18.0,18.0,0.5806451612903226,0,,,unaffected,False,False,False,True,東舞鶴駅,2258.379537074244,常,278.42430710200995,bus_stop,常,278.42430710200995,京都府立舞鶴こども療育センター,1270.8535693294746,京都府立舞鶴こども療育センター,likely_public,1270.8535693294746,厚生労働省第二共済組合 舞鶴医療センター診療部,1394.7121761127469,0.3916083916083916,0.8356643356643356,0.2937062937062937,0.548951048951049,0.11501784928358355,0.21497383735145972,0.06313916901231685,190,122,157,False,True,True,True,132
533513423,35.45625000000001,135.403125,1.0000000000000002,True,300,128.0,128.0,0.4266666666666667,0,,,unaffected,False,False,False,True,東舞鶴駅,1563.0325335497105,常団地前,556.4427979861277,bus_stop,常団地前,556.4427979861277,京都府立舞鶴こども療育センター,653.111936359659,京都府立舞鶴こども療育センター,likely_public,653.111936359659,厚生労働省第二共済組合 舞鶴医療センター診療部,783.6948440214378,0.7797202797202797,0.5681818181818182,0.5384615384615384,0.2867132867132867,0.4198493813878429,0.22355616411560467,0.12037639606224866,36,117,99,False,True,True,True,88
533513454,35.45625000000001,135.44687499999998,1.0,True,6,,,,2,533513552,,suppressed_source,True,False,False,False,松尾寺駅,3312.051498205368,堂の奥,2677.9291849485394,bus_stop,堂の奥,2677.9291849485394,特別養護老人ホームグリーンプラザ博愛苑医務室,3455.817260092347,京都府立舞鶴こども療育センター,uncertain_access,4068.242899744888,特別養護老人ホームグリーンプラザ博愛苑医務室,3455.817260092347,,,,,,,,,,,,False,False,False,
533513501,35.460416666666674,135.378125,1.0,True,159,8.0,8.0,0.050314465408805034,0,,,unaffected,False,False,False,True,東舞鶴駅,1765.1276754987173,舞鶴市リサイクルプラザ前,284.97080547437565,bus_stop,舞鶴市リサイクルプラザ前,284.97080547437565,鹿野医院,1274.7862782824507,国家公務員共済組合連合会 舞鶴共済病院,likely_public,1571.666709076093,鹿野医院,1274.7862782824507,0.15734265734265734,0.038461538461538464,0.3076923076923077,0.5524475524475524,0.04841312533620226,0.08692356594454496,0.026745712598321526,243,214,216,False,True,False,False,
533513502,35.460416666666674,135.38437499999998,1.0,True,907,209.0,209.0,0.23042998897464168,0,,,unaffected,False,False,False,True,東舞鶴駅,1311.1697559176675,白鳥団地前,134.27948766494703,bus_stop,白鳥団地前,134.27948766494703,鹿野医院,707.4842883784464,国家公務員共済組合連合会 舞鶴共済病院,likely_public,1198.2064334108418,鹿野医院,707.4842883784464,0.8706293706293706,0.11538461538461539,0.09090909090909091,0.32167832167832167,0.07914812460267005,0.2800625947479094,0.025460235886173584,221,80,220,False,True,True,True,172
533513504,35.46458333333334,135.38437499999998,1.0000000000000002,True,39,19.0,19.0,0.48717948717948717,0,,,unaffected,False,False,False,True,東舞鶴駅,1046.2621425375544,白鳥団地前,510.5454180468817,bus_stop,白鳥団地前,510.5454180468817,国家公務員共済組合連合会 舞鶴共済病院,840.2466643420112,国家公務員共済組合連合会 舞鶴共済病院,likely_public,840.2466643420112,鹿野医院,845.3969394376436,0.3986013986013986,0.6905594405594405,0.5,0.38461538461538464,0.1993006993006993,0.15330823023130716,0.07665411511565358,134,158,145,False,True,True,True,124
533513511,35.460416666666674,135.390625,1.0,True,902,286.0,286.0,0.3170731707317073,0,,,unaffected,False,False,False,True,東舞鶴駅,982.982732433602,丸山口,113.62286737861056,bus_stop,丸山口,113.62286737861056,鹿野医院,140.18349823738052,国家公務員共済組合連合会 舞鶴共済病院,likely_public,1022.1795942032435,鹿野医院,140.18349823738052,0.9265734265734266,0.3111888111888112,0.06993006993006994,0.04895104895104895,0.06479534451562424,0.045356741160936964,0.0031718000811844036,230,254,266,False,True,True,True,209
533513512,35.460416666666674,135.39687499999997,0.9999999999999998,True,1151,422.0,422.0,0.366637706342311,0,,,unaffected,False,False,False,True,東舞鶴駅,925.711066040507,行永,185.30074325557842,bus_stop,行永,185.30074325557842,医療法人社団悠慈会指宿医院,139.6166654384056,京都府立舞鶴こども療育センター,likely_public,555.9581046198193,医療法人社団悠慈会指宿医院,139.6166654384056,0.993006993006993,0.45454545454545453,0.16783216783216784,0.045454545454545456,0.16665851630886597,0.04513668150031787,0.007575387104948453,159,255,251,True,True,True,True,196
533513513,35.46458333333334,135.390625,1.0,True,1299,387.0,387.0,0.2979214780600462,0,,,unaffected,False,False,False,True,東舞鶴駅,584.630403788521,森町,207.03429189056158,bus_stop,森町,207.03429189056158,渡辺医院,353.94583482033465,国家公務員共済組合連合会 舞鶴共済病院,likely_public,561.4157520220799,渡辺医院,353.94583482033465,0.986013986013986,0.24475524475524477,0.21328671328671328,0.15034965034965034,0.21030368233165436,0.14824685803706783,0.03161908510580817,128,167,206,True,True,True,True,165
533513514,35.46458333333334,135.39687499999997,1.0,True,1918,499.0,499.0,0.2601668404588113,0,,,unaffected,False,False,False,True,東舞鶴駅,482.1667267956745,行永郵便局前,102.52394591183787,bus_stop,行永郵便局前,102.52394591183787,医療法人豊永会　髙田内科医院,174.74883467012285,独立行政法人国立病院機構 舞鶴医療センター,likely_public,522.6332712350336,医療法人豊永会　髙田内科医院,174.74883467012285,1.0,0.16783216783216784,0.055944055944055944,0.06993006993006994,0.055944055944055944,0.06993006993006994,0.003912171744339577,238,234,257,True,True,True,True,201
533513521,35.460416666666674,135.403125,1.0,True,1387,401.0,401.0,0.2891131939437635,0,,,unaffected,False,False,False,True,東舞鶴駅,1179.5009198520895,舞鶴医療センター前,433.3799410085032,bus_stop,舞鶴医療センター前,433.3799410085032,京都府立舞鶴こども療育センター,194.50637176121816,京都府立舞鶴こども療育センター,likely_public,194.50637176121816,厚生労働省第二共済組合 舞鶴医療センター診療部,325.264958561714,0.9895104895104895,0.2097902097902098,0.4405594405594406,0.08041958041958042,0.43593818768643944,0.0795760183872072,0.035057966142615755,32,222,201,True,True,True,True,161
533513522,35.460416666666674,135.409375,0.9999999999999998,True,236,106.0,106.0,0.4491525423728814,0,,,unaffected,False,False,False,True,東舞鶴駅,1602.8405756789534,溝尻,543.0450586233042,bus_stop,溝尻,543.0450586233042,京都府立舞鶴こども療育センター,640.485914656108,京都府立舞鶴こども療育センター,likely_public,640.485914656108,厚生労働省第二共済組合 舞鶴医療センター診療部,707.8542744329857,0.7517482517482518,0.6258741258741258,0.5209790209790209,0.2727272727272727,0.39164506821849476,0.20502225047679593,0.10681229133231675,44,127,113,False,True,True,True,98
533513523,35.46458333333334,135.403125,0.9999999999999998,True,1277,202.0,202.0,0.1581832419733751,0,,,unaffected,False,False,False,True,東舞鶴駅,875.636406169119,舞鶴医療センター前,149.3726608053634,bus_stop,舞鶴医療センター前,149.3726608053634,舞鶴市休日急病診療所,145.01399485126993,独立行政法人国立病院機構 舞鶴医療センター,likely_public,157.4227913034591,舞鶴市休日急病診療所,145.01399485126993,0.8566433566433567,0.055944055944055944,0.1258741258741259,0.05944055944055944,0.10782923370335959,0.0509193603599198,0.006409429975374521,197,246,252,False,True,True,True,197
533513524,35.46458333333334,135.409375,1.0,True,512,129.0,129.0,0.251953125,0,,,unaffected,False,False,False,True,東舞鶴駅,1394.4727791287592,溝尻,223.62784081884226,bus_stop,溝尻,223.62784081884226,厚生労働省第二共済組合 舞鶴医療センター診療部,648.0910371102367,独立行政法人国立病院機構 舞鶴医療センター,likely_public,648.0910371102367,厚生労働省第二共済組合 舞鶴医療センター診療部,648.0910371102367,0.7832167832167832,0.15034965034965034,0.23426573426573427,0.27972027972027974,0.18348085480952614,0.21908161768301632,0.05132331603063669,143,120,172,False,True,True,True,143
533513532,35.460416666666674,135.421875,0.9999999999999998,True,6,,,,2,533513534,,suppressed_source,True,False,False,False,東舞鶴駅,2618.324895563939,堂の奥,504.37791124600005,bus_stop,堂の奥,504.37791124600005,特別養護老人ホームグリーンプラザ博愛苑医務室,1714.525287429196,京都府立舞鶴こども療育センター,uncertain_access,1756.6826291543855,特別養護老人ホームグリーンプラザ博愛苑医務室,1714.525287429196,,,,,,,,,,,,False,False,False,
533513533,35.46458333333334,135.41562499999998,1.0,True,136,22.0,22.0,0.16176470588235295,0,,,unaffected,False,False,False,True,東舞鶴駅,1940.600152158538,堂の奥,314.79290907585516,bus_stop,堂の奥,314.79290907585516,特別養護老人ホームグリーンプラザ博愛苑医務室,1191.980853639388,独立行政法人国立病院機構 舞鶴医療センター,uncertain_access,1207.8345312409956,特別養護老人ホームグリーンプラザ博愛苑医務室,1191.980853639388,0.43356643356643354,0.06293706293706294,0.33916083916083917,0.5244755244755245,0.14704875544036383,0.22739498263973787,0.07712347313305795,169,112,144,False,True,True,True,123
533513534,35.46458333333334,135.421875,1.0,True,94,,44.0,,1,,533513532,aggregation_destination,False,True,True,False,東舞鶴駅,2496.1693733717,堂の奥,254.93154101844388,bus_stop,堂の奥,254.93154101844388,特別養護老人ホームグリーンプラザ博愛苑医務室,1275.8807451898188,京都府立舞鶴こども療育センター,uncertain_access,1767.6026509659243,特別養護老人ホームグリーンプラザ博愛苑医務室,1275.8807451898188,,,,,,,,,,,,True,False,False,
533513541,35.460416666666674,135.42812500000002,0.9999999999999998,True,12,7.0,7.0,0.5833333333333334,0,,,unaffected,False,False,False,True,東舞鶴駅,3156.623871989379,堂の奥,929.4708676115221,bus_stop,堂の奥,929.4708676115221,特別養護老人ホームグリーンプラザ博愛苑医務室,1946.8430976113152,京都府立舞鶴こども療育センター,uncertain_access,2321.4765088894146,特別養護老人ホームグリーンプラザ博愛苑医務室,1946.8430976113152,0.12062937062937062,0.8426573426573427,0.6958041958041958,0.6888111888111889,0.08393442222113551,0.08309086018876229,0.057814969152320615,214,219,166,False,False,False,False,
533513543,35.46458333333334,135.42812500000002,0.9999999999999998,True,42,,11.0,,1,,533513544,aggregation_destination,False,True,True,False,東舞鶴駅,3056.0351254126654,堂の奥,821.2659807201028,bus_stop,堂の奥,821.2659807201028,特別養護老人ホームグリーンプラザ博愛苑医務室,1574.3029731119377,京都府立舞鶴こども療育センター,uncertain_access,2329.7252281671967,特別養護老人ホームグリーンプラザ博愛苑医務室,1574.3029731119377,,,,,,,,,,,,True,False,False,
533513544,35.46458333333334,135.434375,1.0000000000000002,True,3,,,,2,533513543,,suppressed_source,True,False,False,False,松尾寺駅,2777.6966258330226,堂の奥,1388.364624668774,bus_stop,堂の奥,1388.364624668774,特別養護老人ホームグリーンプラザ博愛苑医務室,1993.1110044946067,京都府立舞鶴こども療育センター,uncertain_access,2893.860295662122,特別養護老人ホームグリーンプラザ博愛苑医務室,1993.1110044946067,,,,,,,,,,,,False,False,False,
533513551,35.460416666666674,135.440625,1.0000000000000002,True,75,32.0,32.0,0.4266666666666667,0,,,unaffected,False,False,False,True,松尾寺駅,2967.707837138069,堂の奥,2003.4531987291318,bus_stop,堂の奥,2003.4531987291318,特別養護老人ホームグリーンプラザ博愛苑医務室,2724.336391902835,京都府立舞鶴こども療育センター,uncertain_access,3453.5216544259165,特別養護老人ホームグリーンプラザ博愛苑医務室,2724.336391902835,0.5594405594405595,0.5681818181818182,0.8776223776223776,0.8006993006993007,0.4909775539146169,0.4479436647268816,0.39312538407848696,19,22,7,False,True,True,True,7
533513552,35.460416666666674,135.44687499999998,1.0000000000000002,True,35,,20.0,,1,,533513454;533513554,aggregation_destination,False,True,True,False,松尾寺駅,2852.1416577575565,鹿原,2380.654495139495,bus_stop,鹿原,2380.654495139495,特別養護老人ホームグリーンプラザ博愛苑医務室,3194.2472765540933,京都府立舞鶴こども療育センター,uncertain_access,4020.0806442613107,特別養護老人ホームグリーンプラザ博愛苑医務室,3194.2472765540933,,,,,,,,,,,,True,False,False,
533513554,35.46458333333334,135.44687499999998,1.0000000000000002,True,9,,,,2,533513552,,suppressed_source,True,False,False,False,松尾寺駅,2393.1355446728376,鹿原,1936.211595042876,bus_stop,鹿原,1936.211595042876,地域密着型特別養護老人ホームやすらぎの郷,2900.3759225175427,京都府立舞鶴こども療育センター,likely_public,4024.7806451337806,地域密着型特別養護老人ホームやすらぎの郷,2900.3759225175427,,,,,,,,,,,,False,False,False,
533513561,35.460416666666674,135.453125,1.0000000000000002,True,38,12.0,12.0,0.3157894736842105,0,,,unaffected,False,False,False,True,松尾寺駅,2847.0307589046347,鹿原,2580.439810724259,bus_stop,鹿原,2580.439810724259,地域密着型特別養護老人ホームやすらぎの郷,3517.0303441512974,京都府立舞鶴こども療育センター,likely_public,4586.820393429489,地域密着型特別養護老人ホームやすらぎの郷,3517.0303441512974,0.27797202797202797,0.3076923076923077,0.9265734265734266,0.8881118881118881,0.25756149444960635,0.24687026260452835,0.22874342514055948,102,97,36,False,True,True,True,35
533513601,35.46875,135.378125,0.9999999999999998,True,251,91.0,91.0,0.36254980079681276,0,,,unaffected,False,False,False,True,東舞鶴駅,1514.560841595389,三宅団地前,706.6065340673392,bus_stop,三宅団地前,706.6065340673392,海上自衛隊舞鶴衛生隊第一医務室,901.5356432007736,国家公務員共済組合連合会 舞鶴共済病院,uncertain_access,1199.1777559015522,海上自衛隊舞鶴衛生隊第一医務室,901.5356432007736,0.7132867132867133,0.44405594405594406,0.6503496503496503,0.4230769230769231,0.4638857645850653,0.3017751479289941,0.19625936193983531,23,66,48,False,True,True,True,46
533513602,35.46875,135.38437499999998,1.0000000000000002,True,330,109.0,109.0,0.3303030303030303,0,,,unaffected,False,False,False,True,東舞鶴駅,947.3804179340572,市役所前,610.315184455642,bus_stop,市役所前,610.315184455642,国家公務員共済組合連合会 舞鶴共済病院,635.371714458563,国家公務員共済組合連合会 舞鶴共済病院,likely_public,635.371714458563,医療法人正秋会石川眼科医院,855.6645070726038,0.756993006993007,0.34265734265734266,0.5874125874125874,0.26223776223776224,0.4446672208909971,0.19851215218348084,0.11660853694693979,29,129,103,False,True,True,True,92
533513603,35.47291666666668,135.378125,1.0,True,408,215.0,215.0,0.5269607843137255,0,,,unaffected,False,False,False,True,東舞鶴駅,1588.7276663240173,三宅団地前,352.0548083880494,bus_stop,三宅団地前,352.0548083880494,海上自衛隊舞鶴衛生隊第一医務室,638.2544597796258,国家公務員共済組合連合会 舞鶴共済病院,uncertain_access,1250.2098335839187,海上自衛隊舞鶴衛生隊第一医務室,638.2544597796258,0.8828671328671329,0.7692307692307693,0.38461538461538464,0.2692307692307692,0.33956428187197424,0.23769499731038193,0.09142115281168536,60,104,131,False,True,True,True,112
533513604,35.47291666666668,135.38437499999998,1.0,True,83,36.0,36.0,0.43373493975903615,0,,,unaffected,False,False,False,True,東舞鶴駅,1061.9616597315503,市役所前,224.2445524093509,bus_stop,市役所前,224.2445524093509,医療法人信天翁会 澤田医院,665.754853489431,国家公務員共済組合連合会 舞鶴共済病院,likely_public,727.1504759098315,医療法人信天翁会 澤田医院,665.754853489431,0.5786713286713286,0.5874125874125874,0.23776223776223776,0.2937062937062937,0.13758619003374248,0.16995941121815247,0.040409929939980306,175,145,191,False,True,True,True,153
533513611,35.46875,135.390625,1.0,True,508,174.0,174.0,0.3425196850393701,0,,,unaffected,False,False,False,True,東舞鶴駅,380.39043229055477,共済病院前,148.37113344284307,bus_stop,共済病院前,148.37113344284307,国家公務員共済組合連合会 舞鶴共済病院,113.53765496381014,国家公務員共済組合連合会 舞鶴共済病院,likely_public,113.53765496381014,医療法人正秋会石川眼科医院,346.91675027157515,0.8391608391608392,0.3881118881118881,0.12237762237762238,0.03146853146853147,0.10269450828891388,0.026407159274292144,0.0032316453657350525,202,267,265,False,True,True,True,208
533513612,35.46875,135.39687499999997,1.0,True,1186,365.0,365.0,0.3077571669477234,0,,,unaffected,False,False,False,True,東舞鶴駅,188.13482953669188,東舞鶴駅前,231.4388528382846,station,東舞鶴駅,188.13482953669188,特別養護老人ホームやすらぎ苑,109.46716026907215,医療法人岸本病院,likely_public,330.6914226305635,特別養護老人ホームやすらぎ苑,109.46716026907215,0.9790209790209791,0.2727272727272727,0.17482517482517482,0.027972027972027972,0.17115751381485647,0.027385202210377036,0.004787622764051929,156,266,255,False,True,True,True,199
533513613,35.47291666666668,135.390625,0.9999999999999998,True,1077,353.0,353.0,0.3277623026926648,0,,,unaffected,False,False,False,True,東舞鶴駅,612.3466746486578,大門通三条,192.58500781268117,bus_stop,大門通三条,192.58500781268117,医療法人信天翁会 澤田医院,222.60443815312564,国家公務員共済組合連合会 舞鶴共済病院,likely_public,371.43163849952083,医療法人信天翁会 澤田医院,222.60443815312564,0.972027972027972,0.3356643356643357,0.1853146853146853,0.10139860139860139,0.18013105775343535,0.09856227688395519,0.018265037324649038,147,208,237,False,True,True,True,186
533513614,35.47291666666668,135.39687499999997,1.0000000000000002,True,979,329.0,329.0,0.33605720122574056,0,,,unaffected,False,False,False,True,東舞鶴駅,515.4335502296942,七条,266.21368619471804,bus_stop,七条,266.21368619471804,医療法人肥後内科医院,66.96435227515086,医療法人岸本病院,likely_public,422.6217989973398,医療法人肥後内科医院,66.96435227515086,0.9493006993006993,0.36363636363636365,0.28321678321678323,0.013986013986013986,0.26885789036138685,0.013276932857352437,0.0037602502148445715,99,272,258,False,True,True,True,202
533513621,35.46875,135.403125,1.0,True,848,316.0,316.0,0.37264150943396224,0,,,unaffected,False,False,False,True,東舞鶴駅,754.732847122904,中町,168.42261281344187,bus_stop,中町,168.42261281344187,曽我内科医院,309.394089361232,独立行政法人国立病院機構 舞鶴医療センター,likely_public,609.2063824440938,曽我内科医院,309.394089361232,0.9405594405594405,0.458041958041958,0.15034965034965034,0.13286713286713286,0.1414127830211746,0.12496943615824734,0.018789111030785437,171,184,235,False,True,True,True,185
533513622,35.46875,135.409375,1.0,True,1018,330.0,330.0,0.3241650294695481,0,,,unaffected,False,False,False,True,東舞鶴駅,1321.8836117689314,梅ヶ谷口,273.22389285317445,bus_stop,梅ヶ谷口,273.22389285317445,曽我内科医院,712.0910697651327,独立行政法人国立病院機構 舞鶴医療センター,likely_public,875.4152307225493,曽我内科医院,712.0910697651327,0.9545454545454546,0.32517482517482516,0.2902097902097902,0.32517482517482516,0.27701843610934523,0.3103941513032422,0.0900794215320598,91,65,133,False,True,True,True,114
533513623,35.47291666666668,135.403125,0.9999999999999998,True,1021,332.0,332.0,0.32517140058765914,0,,,unaffected,False,False,False,True,東舞鶴駅,894.3550559559674,西町三丁目,151.13165734385836,bus_stop,西町三丁目,151.13165734385836,曽我内科医院,181.22747212911653,医療法人岸本病院,likely_public,911.5890924839243,曽我内科医院,181.22747212911653,0.958041958041958,0.32867132867132864,0.12937062937062938,0.07692307692307693,0.12394249107535821,0.07369553523399677,0.009534037775027555,183,229,247,False,True,True,True,192
533513624,35.47291666666668,135.409375,0.9999999999999998,True,68,28.0,28.0,0.4117647058823529,0,,,unaffected,False,False,False,True,東舞鶴駅,1406.2590967356016,中町,585.8789224992578,bus_stop,中町,585.8789224992578,曽我内科医院,666.4617111394427,独立行政法人国立病院機構 舞鶴医療センター,likely_public,1240.9867273181987,曽我内科医院,666.4617111394427,0.5262237762237763,0.534965034965035,0.5769230769230769,0.2972027972027972,0.30359064012910164,0.1563951782483251,0.09022798745095678,83,155,132,False,True,True,True,113
533513631,35.46875,135.41562499999998,1.0,True,31,,6.0,,1,,533513632;533513633,aggregation_destination,False,True,True,False,東舞鶴駅,1889.0889609165713,溝尻,550.8797895306913,bus_stop,溝尻,550.8797895306913,特別養護老人ホームグリーンプラザ博愛苑医務室,732.4386661733733,独立行政法人国立病院機構 舞鶴医療センター,uncertain_access,1343.555077780156,特別養護老人ホームグリーンプラザ博愛苑医務室,732.4386661733733,,,,,,,,,,,,True,False,False,
533513632,35.46875,135.421875,1.0,True,6,,,,2,533513631,,suppressed_source,True,False,False,False,東舞鶴駅,2456.3107898980466,堂の奥,550.4062686853975,bus_stop,堂の奥,550.4062686853975,特別養護老人ホームグリーンプラザ博愛苑医務室,862.2700809241035,独立行政法人国立病院機構 舞鶴医療センター,uncertain_access,1867.4839341209524,特別養護老人ホームグリーンプラザ博愛苑医務室,862.2700809241035,,,,,,,,,,,,False,False,False,
533513633,35.47291666666668,135.41562499999998,1.0,True,5,,,,2,533513631,,suppressed_source,True,False,False,False,東舞鶴駅,1949.038567749335,東高口,822.4114145531734,bus_stop,東高口,822.4114145531734,特別養護老人ホームグリーンプラザ博愛苑医務室,281.9201027692961,独立行政法人国立病院機構 舞鶴医療センター,uncertain_access,1605.8587461770276,特別養護老人ホームグリーンプラザ博愛苑医務室,281.9201027692961,,,,,,,,,,,,False,False,False,
533513701,35.47708333333334,135.378125,0.6012558101326942,True,14,,,,2,533513702,,suppressed_source,True,False,False,False,東舞鶴駅,1783.6999712503864,自衛隊桟橋前,232.5596377090607,bus_stop,自衛隊桟橋前,232.5596377090607,ジャパンマリンユナイテッド（株） 舞鶴診療所,639.1592031326362,国家公務員共済組合連合会 舞鶴共済病院,likely_public,1454.4383857367293,ジャパンマリンユナイテッド（株） 舞鶴診療所,639.1592031326362,,,,,,,,,,,,False,False,False,
533513702,35.47708333333334,135.38437499999998,0.6298675864692286,False,31,,0.0,,1,,533513701,aggregation_destination,False,True,True,False,東舞鶴駅,1336.1751696933843,三宅団地前,388.65933888837594,bus_stop,三宅団地前,388.65933888837594,医療法人信天翁会 澤田医院,677.954315787924,国家公務員共済組合連合会 舞鶴共済病院,likely_public,1039.7918714838704,医療法人信天翁会 澤田医院,677.954315787924,,,,,,,,,,,,True,False,False,
533513711,35.47708333333334,135.390625,0.9970365741738018,True,215,48.0,48.0,0.22325581395348837,0,,,unaffected,False,False,False,True,東舞鶴駅,1016.1733601490224,大門通三条,337.2803810277101,bus_stop,大門通三条,337.2803810277101,医療法人信天翁会 澤田医院,256.83762334493366,医療法人岸本病院,likely_public,816.2892462000071,医療法人信天翁会 澤田医院,256.83762334493366,0.6153846153846154,0.10139860139860139,0.36713286713286714,0.11888111888111888,0.22592791823561056,0.07315761161915009,0.026858563706331325,119,231,215,False,True,True,True,168
533513712,35.47708333333334,135.39687499999997,0.8270397089745918,True,810,224.0,224.0,0.2765432098765432,0,,,unaffected,False,False,False,True,東舞鶴駅,960.8937122723618,七条,220.69644102116607,bus_stop,七条,220.69644102116607,あらが湾岸クリニック,68.45790417949165,医療法人岸本病院,likely_public,821.7234651705277,あらが湾岸クリニック,68.45790417949165,0.8916083916083916,0.19230769230769232,0.23076923076923078,0.017482517482517484,0.2057557826788596,0.015587559293853,0.003597129067812231,133,271,259,False,True,True,True,203
533513713,35.48125,135.390625,0.5000763871331733,True,39,0.0,0.0,0.0,0,,,unaffected,False,False,False,True,東舞鶴駅,1455.2035275962453,大門通三条,786.0000232421693,bus_stop,大門通三条,786.0000232421693,医療法人信天翁会 澤田医院,713.9658939997252,自衛隊舞鶴病院,likely_public,1101.2295437834412,医療法人信天翁会 澤田医院,713.9658939997252,0.013986013986013986,0.013986013986013986,0.6643356643356644,0.32867132867132864,0.009291407892806495,0.004596801799599002,0.003053819377355981,274,282,267,False,True,False,False,
533513721,35.47708333333334,135.403125,1.0,True,936,271.0,271.0,0.28952991452991456,0,,,unaffected,False,False,False,True,東舞鶴駅,1207.2646290922903,市場,52.282694004482124,bus_stop,市場,52.282694004482124,西川医院,66.29273522734431,自衛隊舞鶴病院,likely_public,882.2769573164886,西川医院,66.29273522734431,0.916083916083916,0.21328671328671328,0.017482517482517484,0.01048951048951049,0.01601545307839014,0.009609271847034084,0.00016799426306003646,267,275,286,False,True,True,True,218
533513722,35.47708333333334,135.409375,1.0,True,341,118.0,118.0,0.3460410557184751,0,,,unaffected,False,False,False,True,東舞鶴駅,1623.3053644232318,市場,515.568288923447,bus_stop,市場,515.568288923447,西川医院,627.876080750062,自衛隊舞鶴病院,likely_public,1108.4290204030488,西川医院,627.876080750062,0.7727272727272727,0.3986013986013986,0.5034965034965035,0.25524475524475526,0.3890654799745709,0.19723458359821996,0.09930692321029258,47,131,122,False,True,True,True,105
533513723,35.48125,135.403125,1.0,True,456,165.0,165.0,0.3618421052631579,0,,,unaffected,False,False,False,True,東舞鶴駅,1594.5135020770817,市場,473.02987353489937,bus_stop,市場,473.02987353489937,自衛隊舞鶴病院,427.9833556101608,自衛隊舞鶴病院,likely_public,427.9833556101608,西川医院,438.3463035924154,0.8321678321678322,0.4405594405594406,0.479020979020979,0.18181818181818182,0.39862584967480075,0.15130324221233313,0.07247742721360013,41,162,149,False,True,True,True,128
533513724,35.48125,135.409375,1.0,True,776,214.0,214.0,0.2757731958762887,0,,,unaffected,False,False,False,True,東舞鶴駅,1928.741595531588,東高口,491.8521885248211,bus_stop,東高口,491.8521885248211,西川医院,762.8635982700614,自衛隊舞鶴病院,likely_public,795.8324148244831,西川医院,762.8635982700614,0.8758741258741258,0.1888111888111888,0.493006993006993,0.34265734265734266,0.43181206904983127,0.3001247004743508,0.14796357610798413,33,67,79,False,True,True,True,72
533513731,35.47708333333334,135.41562499999998,1.0,True,115,101.0,101.0,0.8782608695652174,0,,,unaffected,False,False,False,True,東舞鶴駅,2110.974311014126,東高口,366.03103944623035,bus_stop,東高口,366.03103944623035,特別養護老人ホームグリーンプラザ博愛苑医務室,223.2865236640111,自衛隊舞鶴病院,uncertain_access,1523.8592424650321,特別養護老人ホームグリーンプラザ博愛苑医務室,223.2865236640111,0.7307692307692307,0.993006993006993,0.4020979020979021,0.1048951048951049,0.29384077461000535,0.07665411511565358,0.030822458875175388,88,224,208,False,True,True,True,167
533513733,35.48125,135.41562499999998,1.0,True,638,147.0,147.0,0.2304075235109718,0,,,unaffected,False,False,False,True,東舞鶴駅,2353.941714260349,東高口,137.7059405216422,bus_stop,東高口,137.7059405216422,特別養護老人ホームグリーンプラザ博愛苑医務室,669.0299425017765,自衛隊舞鶴病院,uncertain_access,1314.0872661241476,特別養護老人ホームグリーンプラザ博愛苑医務室,669.0299425017765,0.8164335664335665,0.11188811188811189,0.10139860139860139,0.3006993006993007,0.08278522177123576,0.24550100249400947,0.024893458294847116,215,98,221,False,True,True,True,173
533513734,35.48125,135.421875,1.0,True,763,183.0,183.0,0.2398427260812582,0,,,unaffected,False,False,False,True,松尾寺駅,2630.5053308884035,田中橋,84.38464393334291,bus_stop,田中橋,84.38464393334291,特別養護老人ホームグリーンプラザ博愛苑医務室,809.0811925676635,自衛隊舞鶴病院,uncertain_access,1861.074058377486,特別養護老人ホームグリーンプラザ博愛苑医務室,809.0811925676635,0.8496503496503497,0.13636363636363635,0.045454545454545456,0.3741258741258741,0.03862047043865226,0.31787617976429167,0.014448917262013257,252,62,243,False,True,True,True,189
533513741,35.47708333333334,135.42812500000002,0.9999999999999998,True,119,,57.0,,1,,533513742,aggregation_destination,False,True,True,False,松尾寺駅,2239.5703000113967,小倉,451.9917896910636,bus_stop,小倉,451.9917896910636,特別養護老人ホームグリーンプラザ博愛苑医務室,1052.2864185344888,自衛隊舞鶴病院,uncertain_access,2537.5568900827634,特別養護老人ホームグリーンプラザ博愛苑医務室,1052.2864185344888,,,,,,,,,,,,True,False,False,
533513742,35.47708333333334,135.434375,0.9999999999999998,True,1,,,,2,533513741,,suppressed_source,True,False,False,False,松尾寺駅,1748.3142934560572,田園町口,434.06742445313273,bus_stop,田園町口,434.06742445313273,地域密着型特別養護老人ホームやすらぎの郷,1477.44490525387,自衛隊舞鶴病院,likely_public,3076.1514979799767,地域密着型特別養護老人ホームやすらぎの郷,1477.44490525387,,,,,,,,,,,,False,False,False,
533513743,35.48125,135.42812500000002,1.0,True,448,104.0,104.0,0.23214285714285715,0,,,unaffected,False,False,False,True,松尾寺駅,2077.811258938824,小倉,165.63974742330063,bus_stop,小倉,165.63974742330063,特別養護老人ホームグリーンプラザ博愛苑医務室,1226.7826813852112,自衛隊舞鶴病院,uncertain_access,2417.3666954260866,特別養護老人ホームグリーンプラザ博愛苑医務室,1226.7826813852112,0.743006993006993,0.11888111888111888,0.14685314685314685,0.534965034965035,0.109112915056971,0.39748276199325155,0.058371594418589384,195,37,163,False,True,True,True,138
533513744,35.48125,135.434375,1.0,True,751,111.0,111.0,0.1478029294274301,0,,,unaffected,False,False,False,True,松尾寺駅,1535.6851783035731,田園町口,103.86109514267088,bus_stop,田園町口,103.86109514267088,地域密着型特別養護老人ホームやすらぎの郷,1040.735962717664,自衛隊舞鶴病院,likely_public,2977.75405521179,地域密着型特別養護老人ホームやすらぎの郷,1040.735962717664,0.7657342657342657,0.05244755244755245,0.05944055944055944,0.46503496503496505,0.04551567313805076,0.3560932074918089,0.021166379466296334,246,46,230,False,True,True,True,180
533513751,35.47708333333334,135.440625,1.0,True,30,12.0,12.0,0.4,0,,,unaffected,False,False,False,True,松尾寺駅,1319.4129072173005,鹿原,457.9102552391184,bus_stop,鹿原,457.9102552391184,地域密着型特別養護老人ホームやすらぎの郷,1429.751240862773,自衛隊舞鶴病院,likely_public,3623.471444996966,地域密着型特別養護老人ホームやすらぎの郷,1429.751240862773,0.27797202797202797,0.506993006993007,0.4755244755244755,0.5979020979020979,0.13218250281187344,0.16620005868257617,0.07903219573716909,179,148,142,False,True,True,True,121
533513752,35.47708333333334,135.44687499999998,1.0,True,42,17.0,17.0,0.40476190476190477,0,,,unaffected,False,False,False,True,松尾寺駅,1033.6422978647847,庵の谷,647.8294718909459,bus_stop,庵の谷,647.8294718909459,地域密着型特別養護老人ホームやすらぎの郷,1596.5024827425675,自衛隊舞鶴病院,likely_public,4176.08733511553,地域密着型特別養護老人ホームやすらぎの郷,1596.5024827425675,0.3811188811188811,0.5209790209790209,0.6293706293706294,0.6503496503496503,0.23986503007482027,0.24786053107731426,0.15599613844026772,111,96,74,False,True,True,True,68
533513753,35.48125,135.440625,1.0,True,317,,121.0,,1,,533513754,aggregation_destination,False,True,True,False,松尾寺駅,1021.0998548533452,鹿原,23.37396906766753,bus_stop,鹿原,23.37396906766753,地域密着型特別養護老人ホームやすらぎの郷,971.8458963840975,自衛隊舞鶴病院,likely_public,3540.292034610591,地域密着型特別養護老人ホームやすらぎの郷,971.8458963840975,,,,,,,,,,,,True,False,False,
533513754,35.48125,135.44687499999998,1.0,True,3,,,,2,533513753,,suppressed_source,True,False,False,False,松尾寺駅,608.478501080642,庵の谷,240.40252946142874,bus_stop,庵の谷,240.40252946142874,地域密着型特別養護老人ホームやすらぎの郷,1203.7818522927864,自衛隊舞鶴病院,likely_public,4104.096223150566,地域密着型特別養護老人ホームやすらぎの郷,1203.7818522927864,,,,,,,,,,,,False,False,False,
533513812,35.48541666666668,135.39687499999997,0.7179714261686774,True,29,,,,2,533513814,,suppressed_source,True,False,False,False,東舞鶴駅,1876.3565947502075,教育隊前,288.5648365588471,bus_stop,教育隊前,288.5648365588471,海上自衛隊舞鶴衛生隊第二医務室,164.81229641603375,自衛隊舞鶴病院,uncertain_access,456.51204649887984,海上自衛隊舞鶴衛生隊第二医務室,164.81229641603375,,,,,,,,,,,,True,False,False,
533513814,35.48958333333334,135.39687499999997,0.5786468377054481,True,5,,3.0,,1,,533513812,aggregation_destination,False,True,True,False,東舞鶴駅,2336.7644720355534,さくらどおりマンション前,460.84241495219703,bus_stop,さくらどおりマンション前,460.84241495219703,海上自衛隊舞鶴衛生隊第二医務室,500.04343313514715,自衛隊舞鶴病院,uncertain_access,684.0228169532993,海上自衛隊舞鶴衛生隊第二医務室,500.04343313514715,,,,,,,,,,,,False,False,False,
533513821,35.48541666666668,135.403125,0.9999999999999998,True,526,9.0,9.0,0.017110266159695818,0,,,unaffected,False,False,False,True,東舞鶴駅,2013.6603783343373,教育隊前,280.0739054362432,bus_stop,教育隊前,280.0739054362432,自衛隊舞鶴病院,123.6719102824248,自衛隊舞鶴病院,likely_public,123.6719102824248,海上自衛隊舞鶴衛生隊第二医務室,402.7365533509059,0.19230769230769232,0.03496503496503497,0.3006993006993007,0.03496503496503497,0.05782678859601936,0.006724045185583648,0.0020219156851755023,237,278,272,False,True,False,False,
533513822,35.48541666666668,135.409375,1.0000000000000002,True,571,147.0,147.0,0.2574430823117338,0,,,unaffected,False,False,False,True,東舞鶴駅,2287.430225811936,東高口,744.4853286885959,bus_stop,東高口,744.4853286885959,自衛隊舞鶴病院,682.2397767196807,自衛隊舞鶴病院,likely_public,682.2397767196807,海上自衛隊舞鶴衛生隊第二医務室,969.7897478409698,0.8164335664335665,0.16083916083916083,0.6573426573426573,0.3041958041958042,0.5366766101031835,0.2483556653137073,0.16325477300341595,6,95,68,True,True,True,True,62
533513831,35.48541666666668,135.41562499999998,0.9999999999999998,True,319,130.0,130.0,0.40752351097178685,0,,,unaffected,False,False,False,True,東舞鶴駅,2655.793549595833,東高口,575.5988445307456,bus_stop,東高口,575.5988445307456,特別養護老人ホームグリーンプラザ博愛苑医務室,1128.1455596236635,自衛隊舞鶴病院,uncertain_access,1248.547520980852,特別養護老人ホームグリーンプラザ博愛苑医務室,1128.1455596236635,0.7867132867132867,0.527972027972028,0.5699300699300699,0.5,0.4483715585114186,0.39335664335664333,0.2241857792557093,28,39,39,True,True,True,True,38
533513832,35.48541666666668,135.421875,1.0,True,232,66.0,66.0,0.28448275862068967,0,,,unaffected,False,False,False,True,松尾寺駅,2578.4515484315393,田中橋,491.37086173677966,bus_stop,田中橋,491.37086173677966,特別養護老人ホームグリーンプラザ博愛苑医務室,1216.434307126815,自衛隊舞鶴病院,uncertain_access,1815.3657223239484,特別養護老人ホームグリーンプラザ博愛苑医務室,1216.434307126815,0.6503496503496503,0.2062937062937063,0.48951048951048953,0.527972027972028,0.31835297569563303,0.34336642378600424,0.16808146618895312,71,50,65,False,True,True,True,59
533513841,35.48541666666668,135.42812500000002,1.0,True,203,63.0,63.0,0.3103448275862069,0,,,unaffected,False,False,False,True,松尾寺駅,2011.5387702805751,安岡,518.3674048145631,bus_stop,安岡,518.3674048145631,地域密着型特別養護老人ホームやすらぎの郷,1092.0823953165598,自衛隊舞鶴病院,likely_public,2382.3297585343694,地域密着型特別養護老人ホームやすらぎの郷,1092.0823953165598,0.6416083916083916,0.2762237762237762,0.506993006993007,0.486013986013986,0.3252909677734852,0.31183065186561687,0.1580959598619386,68,64,73,False,True,True,True,67
533513842,35.48541666666668,135.434375,1.0,True,582,136.0,136.0,0.23367697594501718,0,,,unaffected,False,False,False,True,松尾寺駅,1444.7902493491822,安岡,75.63472918025295,bus_stop,安岡,75.63472918025295,地域密着型特別養護老人ホームやすらぎの郷,640.9238052826852,自衛隊舞鶴病院,likely_public,2949.355290964055,地域密着型特別養護老人ホームやすらぎの郷,640.9238052826852,0.8006993006993007,0.12237762237762238,0.038461538461538464,0.2762237762237762,0.030796126949973107,0.22117218445889772,0.008506622479188375,261,119,249,False,True,True,True,194
533513844,35.48958333333334,135.434375,1.0,True,119,51.0,51.0,0.42857142857142855,0,,,unaffected,False,False,False,True,松尾寺駅,1497.9564228370014,中山,351.4289579665768,bus_stop,中山,351.4289579665768,地域密着型特別養護老人ホームやすらぎの郷,407.1857942398133,自衛隊舞鶴病院,likely_public,2992.9485759340646,地域密着型特別養護老人ホームやすらぎの郷,407.1857942398133,0.6258741258741258,0.5769230769230769,0.3811188811188811,0.16783216783216784,0.2385324465744046,0.10504181133551763,0.04003341760689308,112,205,192,False,True,True,True,154
533513851,35.48541666666668,135.440625,1.0,True,58,,23.0,,1,,533513852,aggregation_destination,False,True,True,False,松尾寺駅,878.52314090636,鹿原,467.7341147064107,bus_stop,鹿原,467.7341147064107,地域密着型特別養護老人ホームやすらぎの郷,521.6742870188472,自衛隊舞鶴病院,likely_public,3516.4123745417305,地域密着型特別養護老人ホームやすらぎの郷,521.6742870188472,,,,,,,,,,,,True,False,False,
533513852,35.48541666666668,135.44687499999998,1.0,True,6,,,,2,533513851,,suppressed_source,True,False,False,False,松尾寺駅,315.33946210296557,庵の谷,351.0946042416791,station,松尾寺駅,315.33946210296557,地域密着型特別養護老人ホームやすらぎの郷,881.3199158335842,自衛隊舞鶴病院,likely_public,4083.487698376626,地域密着型特別養護老人ホームやすらぎの郷,881.3199158335842,,,,,,,,,,,,False,False,False,
533513853,35.48958333333334,135.440625,1.0,True,116,84.0,84.0,0.7241379310344828,0,,,unaffected,False,False,False,True,松尾寺駅,963.4963877195623,中山,475.9682933482583,bus_stop,中山,475.9682933482583,地域密着型特別養護老人ホームやすらぎの郷,164.828213003644,自衛隊舞鶴病院,likely_public,3553.02843894322,地域密着型特別養護老人ホームやすらぎの郷,164.828213003644,0.7027972027972028,0.9475524475524476,0.486013986013986,0.06643356643356643,0.3415692698909482,0.04668932466135264,0.02269166478296509,59,253,224,False,True,True,True,175
533513861,35.48541666666668,135.453125,1.0000000000000002,True,108,,45.0,,1,,533513864,aggregation_destination,False,True,True,False,松尾寺駅,265.1899369870083,松尾寺駅前,195.94732802644197,bus_stop,松尾寺駅前,195.94732802644197,地域密着型特別養護老人ホームやすらぎの郷,1387.272201890406,自衛隊舞鶴病院,likely_public,4650.574445500349,地域密着型特別養護老人ホームやすらぎの郷,1387.272201890406,,,,,,,,,,,,True,False,False,
533513862,35.48541666666668,135.45937499999997,1.0,True,29,4.0,4.0,0.13793103448275862,0,,,unaffected,False,False,False,True,松尾寺駅,827.3220305345783,吉坂,62.473102598846225,bus_stop,吉坂,62.473102598846225,地域密着型特別養護老人ホームやすらぎの郷,1927.573818255259,自衛隊舞鶴病院,likely_public,5217.668764148814,地域密着型特別養護老人ホームやすらぎの郷,1927.573818255259,0.043706293706293704,0.04895104895104895,0.024475524475524476,0.6853146853146853,0.001069734461342853,0.029952564917599882,0.0007331047357454517,286,264,278,False,True,False,False,
533513864,35.48958333333334,135.45937499999997,0.9999999999999999,True,3,,,,2,533513861,,suppressed_source,True,False,False,False,松尾寺駅,917.0541441839549,吉坂,406.6872624934621,bus_stop,吉坂,406.6872624934621,地域密着型特別養護老人ホームやすらぎの郷,1862.8977077227707,自衛隊舞鶴病院,likely_public,5242.342499621396,地域密着型特別養護老人ホームやすらぎの郷,1862.8977077227707,,,,,,,,,,,,False,False,False,
533513912,35.493750000000006,135.39687499999997,0.13599575367311864,False,76,17.0,17.0,0.2236842105263158,0,,,unaffected,False,False,False,True,東舞鶴駅,2797.7837308223448,さくらどおりマンション前,255.86970883964537,bus_stop,さくらどおりマンション前,255.86970883964537,海上自衛隊舞鶴衛生隊第二医務室,948.8381698148319,医療法人医誠会　東舞鶴医誠会病院,uncertain_access,983.8036986061119,海上自衛隊舞鶴衛生隊第二医務室,948.8381698148319,0.3811188811188811,0.1048951048951049,0.26223776223776224,0.44405594405594406,0.09994376253117511,0.16923810455278987,0.044380621823284054,205,146,185,False,True,True,True,149
533513921,35.493750000000006,135.403125,0.9684947663864932,True,12,,6.0,,1,,533513923,aggregation_destination,False,True,True,False,東舞鶴駅,2891.651678933824,滝ケ浦,316.53600651357306,bus_stop,滝ケ浦,316.53600651357306,自衛隊舞鶴病院,980.6384879953616,自衛隊舞鶴病院,likely_public,980.6384879953616,海上自衛隊舞鶴衛生隊第二医務室,1017.5032703291736,,,,,,,,,,,,False,False,False,
533513923,35.49791666666668,135.403125,0.9975857299057904,True,5,,,,2,533513921,,suppressed_source,True,False,False,False,東舞鶴駅,3340.077498960295,板硝子工場前,213.08174825725607,bus_stop,板硝子工場前,213.08174825725607,医療法人医誠会　東舞鶴医誠会病院,593.759016667335,医療法人医誠会　東舞鶴医誠会病院,likely_public,593.759016667335,海上自衛隊舞鶴衛生隊第二医務室,1453.5909083922265,,,,,,,,,,,,False,False,False,
533513934,35.49791666666668,135.421875,1.0000000000000002,True,53,26.0,26.0,0.49056603773584906,0,,,unaffected,False,False,False,True,松尾寺駅,2898.1321331797362,中宮,533.5142598180629,bus_stop,中宮,533.5142598180629,養護老人ホーム安岡園,1703.4994545995528,医療法人医誠会　東舞鶴医誠会病院,likely_public,2091.1109663336842,養護老人ホーム安岡園,1703.4994545995528,0.5,0.6958041958041958,0.5174825174825175,0.6643356643356644,0.25874125874125875,0.3321678321678322,0.17189104601692015,101,55,61,False,True,True,True,56
533513942,35.493750000000006,135.434375,1.0,True,48,22.0,22.0,0.4583333333333333,0,,,unaffected,False,False,False,True,松尾寺駅,1681.5747351768696,中山,255.87800925265512,bus_stop,中山,255.87800925265512,養護老人ホーム安岡園,493.35617438799176,自衛隊舞鶴病院,likely_public,3105.5037809620744,養護老人ホーム安岡園,493.35617438799176,0.43356643356643354,0.6468531468531469,0.26573426573426573,0.2062937062937063,0.11521345787080052,0.08944202650496356,0.023767811239081227,188,213,222,False,True,True,True,174
533513943,35.49791666666668,135.42812500000002,1.0,True,452,144.0,144.0,0.3185840707964602,0,,,unaffected,False,False,False,True,松尾寺駅,2407.7889081152125,中宮,341.11916887929453,bus_stop,中宮,341.11916887929453,養護老人ホーム安岡園,1224.9382193345193,医療法人医誠会　東舞鶴医誠会病院,likely_public,2645.535193357944,養護老人ホーム安岡園,1224.9382193345193,0.8111888111888111,0.3146853146853147,0.3741258741258741,0.5314685314685315,0.30348672306714264,0.4311213262262213,0.1612936430286912,84,28,71,False,True,True,True,65
533513944,35.49791666666668,135.434375,1.0000000000000002,True,249,83.0,83.0,0.3333333333333333,0,,,unaffected,False,False,False,True,松尾寺駅,1959.3060463580812,朝来中,361.84623533522074,bus_stop,朝来中,361.84623533522074,養護老人ホーム安岡園,861.4820947975419,医療法人医誠会　東舞鶴医誠会病院,likely_public,3204.3702417717536,養護老人ホーム安岡園,861.4820947975419,0.6940559440559441,0.3531468531468531,0.3951048951048951,0.40559440559440557,0.2742249009731527,0.28150520807863466,0.1112240857093906,93,77,109,False,True,True,True,96
533513951,35.493750000000006,135.440625,1.0,True,140,,,,2,533513953,,suppressed_source,True,False,False,False,松尾寺駅,1229.720674215292,国立高専前,258.70514262153677,bus_stop,国立高専前,258.70514262153677,養護老人ホーム安岡園,358.03015923369196,自衛隊舞鶴病院,likely_public,3648.3193217464864,養護老人ホーム安岡園,358.03015923369196,,,,,,,,,,,,True,False,False,
533513953,35.49791666666668,135.440625,0.9999999999999999,True,445,,5.0,,1,,533513951,aggregation_destination,False,True,True,False,松尾寺駅,1588.5423300618427,国立高専前,413.9515242372879,bus_stop,国立高専前,413.9515242372879,養護老人ホーム安岡園,791.7968636749043,医療法人医誠会　東舞鶴医誠会病院,likely_public,3765.6526999768257,養護老人ホーム安岡園,791.7968636749043,,,,,,,,,,,,True,False,False,
533513974,35.49791666666668,135.471875,0.798183459891059,True,9,6.0,6.0,0.6666666666666666,0,,,unaffected,False,False,False,True,松尾寺駅,2365.0916872707207,松尾寺口,1639.768480403779,bus_stop,松尾寺口,1639.768480403779,養護老人ホーム安岡園,3114.088282176693,自衛隊舞鶴病院,likely_public,6511.574413873348,養護老人ホーム安岡園,3114.088282176693,0.09090909090909091,0.9300699300699301,0.8251748251748252,0.8531468531468531,0.07501589319771139,0.0775588048315321,0.06399957321762789,223,223,155,False,False,False,False,
533521091,35.50208333333333,135.24062500000002,1.0000000000000002,True,33,,23.0,,1,,533521093,aggregation_destination,False,True,True,False,丹後神崎駅,4838.686502317982,八田・由良川学園前,5952.834523124797,station,丹後神崎駅,4838.686502317982,市立舞鶴市民病院加佐診療所,5786.748289130206,舞鶴赤十字病院,likely_public,10824.720761267978,市立舞鶴市民病院加佐診療所,5786.748289130206,,,,,,,,,,,,True,False,False,
533521093,35.50625000000001,135.24062500000002,0.898003583222134,True,7,,,,2,533521091,,suppressed_source,True,False,False,False,丹後神崎駅,4813.409271673246,八田・由良川学園前,6384.246143358506,station,丹後神崎駅,4813.409271673246,市立舞鶴市民病院加佐診療所,6221.209764055632,舞鶴赤十字病院,likely_public,11102.334980653915,市立舞鶴市民病院加佐診療所,6221.209764055632,,,,,,,,,,,,False,False,False,
533522031,35.50208333333333,135.29062499999998,0.9719898987453938,True,2,,,,2,533522034,,suppressed_source,True,False,False,False,丹後神崎駅,566.3261295460022,二尾,5538.424469441263,station,丹後神崎駅,566.3261295460022,国土交通省共済組合海上保安学校診療所,5832.856208599603,舞鶴赤十字病院,likely_public,7632.3388816479055,国土交通省共済組合海上保安学校診療所,5832.856208599603,,,,,,,,,,,,False,False,False,
533522032,35.50208333333333,135.296875,0.9999999999999999,True,13,5.0,5.0,0.38461538461538464,0,,,unaffected,False,False,False,True,丹後神崎駅,572.3918765432769,二尾,5190.681040500021,station,丹後神崎駅,572.3918765432769,国土交通省共済組合海上保安学校診療所,5287.688414226943,舞鶴赤十字病院,likely_public,7333.690020812272,国土交通省共済組合海上保安学校診療所,5287.688414226943,0.06468531468531469,0.479020979020979,0.5664335664335665,0.9475524475524476,0.03663993349308035,0.061292728250770215,0.034718258659527185,255,236,203,False,False,False,False,
533522034,35.50625000000001,135.296875,1.0,True,32,,15.0,,1,,533522031,aggregation_destination,False,True,True,False,丹後神崎駅,291.28796939395994,二尾,5573.953798058155,station,丹後神崎駅,291.28796939395994,国土交通省共済組合海上保安学校診療所,5439.200760539198,舞鶴赤十字病院,likely_public,7737.796547760104,国土交通省共済組合海上保安学校診療所,5439.200760539198,,,,,,,,,,,,True,False,False,
533522062,35.50208333333333,135.33437499999997,0.3267605920771994,False,4,,,,2,533522172,,suppressed_source,True,False,False,False,丹後神崎駅,3724.4535815320214,海上保安学校前,2466.4826564474647,bus_stop,海上保安学校前,2466.4826564474647,国土交通省共済組合海上保安学校診療所,2256.0833882236766,医療法人医誠会　東舞鶴医誠会病院,likely_public,5906.049428896336,国土交通省共済組合海上保安学校診療所,2256.0833882236766,,,,,,,,,,,,False,False,False,
533522064,35.50625000000001,135.33437499999997,0.45626922175065704,False,2,,,,2,533522172,,suppressed_source,True,False,False,False,丹後神崎駅,3691.6219176264126,海上保安学校前,2794.159842437366,bus_stop,海上保安学校前,2794.159842437366,国土交通省共済組合海上保安学校診療所,2591.5904833683885,医療法人医誠会　東舞鶴医誠会病院,likely_public,5921.57332766593,国土交通省共済組合海上保安学校診療所,2591.5904833683885,,,,,,,,,,,,False,False,False,
533522084,35.50625000000001,135.359375,0.8466735856837255,True,74,25.0,25.0,0.33783783783783783,0,,,unaffected,False,False,False,True,東舞鶴駅,5272.314958526276,海上保安学校前,2137.549860159808,bus_stop,海上保安学校前,2137.549860159808,国土交通省共済組合海上保安学校診療所,2081.4321061013543,医療法人医誠会　東舞鶴医誠会病院,likely_public,3663.355600851402,国土交通省共済組合海上保安学校診療所,2081.4321061013543,0.48426573426573427,0.3706293706293706,0.8916083916083916,0.7202797202797203,0.43177539243972807,0.34880678761797645,0.3109990588901538,34,47,18,False,True,True,True,18
533522094,35.50625000000001,135.371875,0.668826389093474,True,62,34.0,34.0,0.5483870967741935,0,,,unaffected,False,False,False,True,東舞鶴駅,4667.940082176108,平,1951.2934557905219,bus_stop,平,1951.2934557905219,医療法人医誠会　東舞鶴医誠会病院,2540.782700682857,医療法人医誠会　東舞鶴医誠会病院,likely_public,2540.782700682857,国土交通省共済組合海上保安学校診療所,2645.533640236885,0.5681818181818182,0.8041958041958042,0.8706293706293706,0.7727272727272727,0.4946757787666879,0.4390495867768595,0.38224946541062244,16,25,8,False,True,True,True,8
533522131,35.51041666666667,135.29062499999998,0.9291725568600515,True,2,,,,2,533522132,,suppressed_source,True,False,False,False,丹後神崎駅,512.3886463787169,二尾,6273.17583025003,station,丹後神崎駅,512.3886463787169,国土交通省共済組合海上保安学校診療所,6139.990409273059,舞鶴赤十字病院,likely_public,8417.868135581532,国土交通省共済組合海上保安学校診療所,6139.990409273059,,,,,,,,,,,,False,False,False,
533522132,35.51041666666667,135.296875,0.9999999999999999,True,129,,67.0,,1,,533522131,aggregation_destination,False,True,True,False,丹後神崎駅,519.084423538646,海上保安学校前,5840.154363530091,station,丹後神崎駅,519.084423538646,国土交通省共済組合海上保安学校診療所,5624.725992089919,舞鶴赤十字病院,likely_public,8148.089772661255,国土交通省共済組合海上保安学校診療所,5624.725992089919,,,,,,,,,,,,True,False,False,
533522133,35.514583333333334,135.29062499999998,0.7296968902196966,True,22,15.0,15.0,0.6818181818181818,0,,,unaffected,False,False,False,True,丹後神崎駅,935.1618066399287,海上保安学校前,6554.384056666302,station,丹後神崎駅,935.1618066399287,国土交通省共済組合海上保安学校診療所,6338.705791213038,舞鶴赤十字病院,likely_public,8820.744701623587,国土交通省共済組合海上保安学校診療所,6338.705791213038,0.3339160839160839,0.9370629370629371,0.6993006993006993,0.972027972027972,0.23350775099026846,0.32457577387647313,0.2269760656478833,114,60,37,False,True,True,True,36
533522134,35.514583333333334,135.296875,0.6865067828707139,True,44,22.0,22.0,0.5,0,,,unaffected,False,False,False,True,丹後神崎駅,938.8467467761465,海上保安学校前,6056.791279769646,station,丹後神崎駅,938.8467467761465,国土交通省共済組合海上保安学校診療所,5841.024085276589,舞鶴赤十字病院,likely_public,8563.680563217686,国土交通省共済組合海上保安学校診療所,5841.024085276589,0.43356643356643354,0.7202797202797203,0.7027972027972028,0.958041958041958,0.30470927673724874,0.4153748349552545,0.29192427211890265,82,32,19,True,True,True,True,19
533522141,35.51041666666667,135.30312500000002,0.9999999999999998,True,102,,37.0,,1,,533522143,aggregation_destination,False,True,True,False,丹後神崎駅,958.7839861902004,海上保安学校前,5336.18976480573,station,丹後神崎駅,958.7839861902004,国土交通省共済組合海上保安学校診療所,5120.4164784778495,舞鶴赤十字病院,likely_public,7909.8443547138495,国土交通省共済組合海上保安学校診療所,5120.4164784778495,,,,,,,,,,,,True,False,False,
533522143,35.514583333333334,135.30312500000002,0.3207156206504356,False,7,,,,2,533522141,,suppressed_source,True,False,False,False,丹後神崎駅,1237.4236093527236,海上保安学校前,5572.479480688987,station,丹後神崎駅,1237.4236093527236,国土交通省共済組合海上保安学校診療所,5357.141269478138,舞鶴赤十字病院,likely_public,8337.330932234652,国土交通省共済組合海上保安学校診療所,5357.141269478138,,,,,,,,,,,,False,False,False,
533522172,35.51041666666667,135.346875,0.58121386989652,False,59,,35.0,,1,,533522062;533522064,aggregation_destination,False,True,True,False,丹後神崎駅,4844.520240384681,海上保安学校前,2655.816840457838,bus_stop,海上保安学校前,2655.816840457838,国土交通省共済組合海上保安学校診療所,2508.4097125356975,医療法人医誠会　東舞鶴医誠会病院,likely_public,4854.715809927126,国土交通省共済組合海上保安学校診療所,2508.4097125356975,,,,,,,,,,,,True,False,False,
533522174,35.514583333333334,135.346875,0.8262327651774877,True,46,20.0,20.0,0.43478260869565216,0,,,unaffected,False,False,False,True,丹後神崎駅,4907.153759433436,海上保安学校前,3103.55616027062,bus_stop,海上保安学校前,3103.55616027062,国土交通省共済組合海上保安学校診療所,2961.997921075227,医療法人医誠会　東舞鶴医誠会病院,likely_public,4960.56976716159,国土交通省共済組合海上保安学校診療所,2961.997921075227,0.41083916083916083,0.5926573426573427,0.9475524475524476,0.8391608391608392,0.3892916524035405,0.3447601349699252,0.32667830970926476,46,49,15,False,True,True,True,15
533522272,35.51875,135.346875,0.12765157404076102,False,26,15.0,15.0,0.5769230769230769,0,,,unaffected,False,False,False,True,丹後神崎駅,5011.818244555188,海上保安学校前,3555.0160233018487,bus_stop,海上保安学校前,3555.0160233018487,国土交通省共済組合海上保安学校診療所,3417.9122969393043,医療法人医誠会　東舞鶴医誠会病院,likely_public,5106.233051907712,国土交通省共済組合海上保安学校診療所,3417.9122969393043,0.3339160839160839,0.8321678321678322,0.972027972027972,0.8846153846153846,0.32457577387647313,0.2953873050026896,0.28712472304457237,69,71,21,False,True,True,True,21
533522274,35.522916666666674,135.346875,0.9095638705233795,True,58,27.0,27.0,0.46551724137931033,0,,,unaffected,False,False,False,True,丹後神崎駅,5155.954764566428,赤野,3898.3555479908027,bus_stop,赤野,3898.3555479908027,国土交通省共済組合海上保安学校診療所,3875.3320532675343,医療法人医誠会　東舞鶴医誠会病院,likely_public,5288.41726545676,国土交通省共済組合海上保安学校診療所,3875.3320532675343,0.5157342657342657,0.6608391608391608,0.9825174825174825,0.9125874125874126,0.5067179324172331,0.4706525991491026,0.4624244068562861,13,18,2,True,True,True,True,2
533522283,35.522916666666674,135.35312499999998,1.0,True,12,7.0,7.0,0.5833333333333334,0,,,unaffected,False,False,False,True,丹後神崎駅,5689.992939282048,赤野,3331.7055811179307,bus_stop,赤野,3331.7055811179307,国土交通省共済組合海上保安学校診療所,3839.7646761530523,医療法人医誠会　東舞鶴医誠会病院,likely_public,4783.166171067143,国土交通省共済組合海上保安学校診療所,3839.7646761530523,0.12062937062937062,0.8426573426573427,0.9545454545454546,0.9090909090909091,0.1151462174189447,0.10966306420851875,0.1046783794717679,189,200,114,False,False,False,False,
533522474,35.53958333333334,135.346875,1.0000000000000002,True,23,9.0,9.0,0.391304347826087,0,,,unaffected,False,False,False,True,丹後神崎駅,6059.695540135246,赤野,4356.943883833283,bus_stop,赤野,4356.943883833283,国土交通省共済組合海上保安学校診療所,5712.821112092053,医療法人医誠会　東舞鶴医誠会病院,likely_public,6310.001256925062,国土交通省共済組合海上保安学校診療所,5712.821112092053,0.19230769230769232,0.49125874125874125,0.9965034965034965,0.9545454545454546,0.19163528778913394,0.1835664335664336,0.18292459288962787,140,135,54,True,True,False,False,
533522572,35.54375,135.346875,0.4354666578007468,False,50,,28.0,,1,,533522581,aggregation_destination,False,True,True,False,丹後神崎駅,6349.991124605748,赤野,4582.341846839647,bus_stop,赤野,4582.341846839647,国土交通省共済組合海上保安学校診療所,6173.274551083413,医療法人医誠会　東舞鶴医誠会病院,likely_public,6621.688487387426,国土交通省共済組合海上保安学校診療所,6173.274551083413,,,,,,,,,,,,True,False,False,
533522581,35.54375,135.35312499999998,0.8008892267748678,True,2,,,,2,533522572,,suppressed_source,True,False,False,False,丹後神崎駅,6790.657459511291,おおしあま展望の里,4019.4794842203564,bus_stop,おおしあま展望の里,4019.4794842203564,国土交通省共済組合海上保安学校診療所,6151.013319835258,医療法人医誠会　東舞鶴医誠会病院,likely_public,6225.703357879093,国土交通省共済組合海上保安学校診療所,6151.013319835258,,,,,,,,,,,,False,False,False,
533523012,35.50208333333333,135.39687499999997,0.9384137031608486,True,466,,374.0,,1,,533523014,aggregation_destination,False,True,True,False,東舞鶴駅,3720.7476380266953,若浦中学校前,397.2083584772424,bus_stop,若浦中学校前,397.2083584772424,医療法人医誠会　東舞鶴医誠会病院,237.84942241853085,医療法人医誠会　東舞鶴医誠会病院,likely_public,237.84942241853085,海上自衛隊舞鶴衛生隊第二医務室,1866.255224522827,,,,,,,,,,,,True,False,False,
533523014,35.50625000000001,135.39687499999997,0.9999999999999998,True,4,,,,2,533523012,,suppressed_source,True,False,False,False,東舞鶴駅,4182.488293519553,若浦中学校前,163.8451011535893,bus_stop,若浦中学校前,163.8451011535893,医療法人医誠会　東舞鶴医誠会病院,491.9151048822456,医療法人医誠会　東舞鶴医誠会病院,likely_public,491.9151048822456,海上自衛隊舞鶴衛生隊第二医務室,2327.0742534023043,,,,,,,,,,,,False,False,False,
533523021,35.50208333333333,135.403125,0.9793786725381375,True,190,78.0,78.0,0.4105263157894737,0,,,unaffected,False,False,False,True,東舞鶴駅,3791.827907826462,大波下,94.64881985489899,bus_stop,大波下,94.64881985489899,医療法人医誠会　東舞鶴医誠会病院,332.5414078800896,医療法人医誠会　東舞鶴医誠会病院,likely_public,332.5414078800896,海上自衛隊舞鶴衛生隊第二医務室,1902.080883471936,0.6783216783216783,0.5314685314685315,0.04895104895104895,0.14335664335664336,0.03320455768008216,0.0972419189202406,0.004760093933158631,259,209,256,False,True,True,True,200
533523022,35.50208333333333,135.409375,1.0000000000000002,True,27,11.0,11.0,0.4074074074074074,0,,,unaffected,False,False,False,True,東舞鶴駅,3944.0102513687107,久原口,65.9113472465246,bus_stop,久原口,65.9113472465246,医療法人医誠会　東舞鶴医誠会病院,898.6592840201365,医療法人医誠会　東舞鶴医誠会病院,likely_public,898.6592840201365,海上自衛隊舞鶴衛生隊第二医務室,2096.6744580865316,0.25874125874125875,0.5244755244755245,0.03146853146853147,0.4195804195804196,0.008142207442906745,0.10856276590542326,0.003416310815205627,276,201,263,False,True,True,True,207
533523023,35.50625000000001,135.403125,1.0,True,143,34.0,34.0,0.23776223776223776,0,,,unaffected,False,False,False,True,東舞鶴駅,4245.841950117102,若浦中学校前,438.97362693582943,bus_stop,若浦中学校前,438.97362693582943,医療法人医誠会　東舞鶴医誠会病院,544.0486925355285,医療法人医誠会　東舞鶴医誠会病院,likely_public,544.0486925355285,海上自衛隊舞鶴衛生隊第二医務室,2355.900944976656,0.5681818181818182,0.12937062937062938,0.44755244755244755,0.22377622377622378,0.25429116338207247,0.12714558169103624,0.05690431628130293,106,182,167,False,True,True,True,140
533523031,35.50208333333333,135.41562499999998,1.0000000000000002,True,58,31.0,31.0,0.5344827586206896,0,,,unaffected,False,False,False,True,松尾寺駅,3616.9328010860654,大波上,227.60145447164106,bus_stop,大波上,227.60145447164106,医療法人医誠会　東舞鶴医誠会病院,1465.464111208557,医療法人医誠会　東舞鶴医誠会病院,likely_public,1465.464111208557,海上自衛隊舞鶴衛生隊第二医務室,2411.9086636577536,0.548951048951049,0.7762237762237763,0.24475524475524477,0.6118881118881119,0.13435864834466235,0.33589662086165584,0.08221245965145424,177,52,140,False,True,True,True,120
533523032,35.50208333333333,135.421875,1.0000000000000002,True,629,110.0,110.0,0.17488076311605724,0,,,unaffected,False,False,False,True,松尾寺駅,3136.477380939247,大波上,411.1773727537705,bus_stop,大波上,411.1773727537705,養護老人ホーム安岡園,1956.506793087419,医療法人医誠会　東舞鶴医誠会病院,likely_public,2032.3808733479023,養護老人ホーム安岡園,1956.506793087419,0.7622377622377622,0.07342657342657342,0.43006993006993005,0.6923076923076923,0.32781554110225436,0.5277030661646046,0.22694922076309917,65,7,38,True,True,True,True,37
533523033,35.50625000000001,135.41562499999998,1.0,True,6,,,,2,533523034,,suppressed_source,True,False,False,False,松尾寺駅,3866.228908866884,大波上,369.89041094287865,bus_stop,大波上,369.89041094287865,医療法人医誠会　東舞鶴医誠会病院,1527.3783948098198,医療法人医誠会　東舞鶴医誠会病院,likely_public,1527.3783948098198,養護老人ホーム安岡園,2688.05496127576,,,,,,,,,,,,False,False,False,
533523034,35.50625000000001,135.421875,1.0,True,40,,16.0,,1,,533523033,aggregation_destination,False,True,True,False,松尾寺駅,3420.9910362181945,大波上,504.0607169503764,bus_stop,大波上,504.0607169503764,医療法人医誠会　東舞鶴医誠会病院,2077.442936161178,医療法人医誠会　東舞鶴医誠会病院,likely_public,2077.442936161178,養護老人ホーム安岡園,2276.246100872079,,,,,,,,,,,,True,False,False,
533523041,35.50208333333333,135.42812500000002,0.9999999999999999,True,324,148.0,148.0,0.4567901234567901,0,,,unaffected,False,False,False,True,松尾寺駅,2689.963055493368,中宮,201.18092358450718,bus_stop,中宮,201.18092358450718,養護老人ホーム安岡園,1557.7399594126932,医療法人医誠会　東舞鶴医誠会病院,likely_public,2599.3360603749293,養護老人ホーム安岡園,1557.7399594126932,0.8216783216783217,0.6398601398601399,0.1993006993006993,0.6363636363636364,0.16376106411071445,0.5228862047043865,0.10421158625227284,160,8,115,False,True,True,True,99
533523042,35.50208333333333,135.434375,0.9999999999999998,True,73,25.0,25.0,0.3424657534246575,0,,,unaffected,False,False,False,True,松尾寺駅,2297.2666600922835,朝来中,334.4657665520449,bus_stop,朝来中,334.4657665520449,養護老人ホーム安岡園,1291.6152811441746,医療法人医誠会　東舞鶴医誠会病院,likely_public,3166.3088110569533,養護老人ホーム安岡園,1291.6152811441746,0.48426573426573427,0.38461538461538464,0.36363636363636365,0.5559440559440559,0.1760966306420852,0.2692246564624187,0.09789987507724317,150,85,124,False,True,True,True,107
533523051,35.50208333333333,135.440625,1.0,True,2,,,,2,533523054,,suppressed_source,True,False,False,False,松尾寺駅,1990.49932568901,国立高専前,838.5406240328064,bus_stop,国立高専前,838.5406240328064,養護老人ホーム安岡園,1246.2207660311653,医療法人医誠会　東舞鶴医誠会病院,likely_public,3733.290938745989,養護老人ホーム安岡園,1246.2207660311653,,,,,,,,,,,,False,False,False,
533523053,35.50625000000001,135.440625,1.0,True,18,5.0,5.0,0.2777777777777778,0,,,unaffected,False,False,False,True,松尾寺駅,2414.1409058307468,朝来中,1066.0126298956382,bus_stop,朝来中,1066.0126298956382,養護老人ホーム安岡園,1704.863117981552,医療法人医誠会　東舞鶴医誠会病院,likely_public,3757.9451075605575,養護老人ホーム安岡園,1704.863117981552,0.06468531468531469,0.19755244755244755,0.7132867132867133,0.6678321678321678,0.04613917550980488,0.043198933933199665,0.03081322560270186,245,257,209,False,False,False,False,
533523054,35.50625000000001,135.44687499999998,0.9999999999999998,True,38,,20.0,,1,,533523051;533523152,aggregation_destination,False,True,True,False,松尾寺駅,2270.6568183849845,国立高専前,1498.2598182560373,bus_stop,国立高専前,1498.2598182560373,養護老人ホーム安岡園,1853.2147011700663,医療法人医誠会　東舞鶴医誠会病院,likely_public,4321.672203351462,養護老人ホーム安岡園,1853.2147011700663,,,,,,,,,,,,True,False,False,
533523063,35.50625000000001,135.453125,1.0000000000000002,True,23,10.0,10.0,0.43478260869565216,0,,,unaffected,False,False,False,True,松尾寺駅,2264.2378638578234,国立高専前,1862.8648580895162,bus_stop,国立高専前,1862.8648580895162,養護老人ホーム安岡園,2145.9951484323424,医療法人医誠会　東舞鶴医誠会病院,likely_public,4886.153920844123,養護老人ホーム安岡園,2145.9951484323424,0.22727272727272727,0.5926573426573427,0.8531468531468531,0.7237762237762237,0.19389701207883026,0.16449459631277813,0.1403380472039086,138,150,86,False,True,True,True,78
533523064,35.50625000000001,135.45937499999997,0.9999999999999999,True,18,,14.0,,1,,533523162,aggregation_destination,False,True,True,False,松尾寺駅,2395.9856260041806,吉坂,2254.9965188404626,bus_stop,吉坂,2254.9965188404626,養護老人ホーム安岡園,2533.6195958110893,医療法人医誠会　東舞鶴医誠会病院,likely_public,5451.155714345836,養護老人ホーム安岡園,2533.6195958110893,,,,,,,,,,,,False,False,False,
533523073,35.50625000000001,135.465625,0.9999999999999999,True,13,9.0,9.0,0.6923076923076923,0,,,unaffected,False,False,False,True,松尾寺駅,2645.33610481343,松尾寺口,2286.072504065643,bus_stop,松尾寺口,2286.072504065643,養護老人ホーム安岡園,2979.2956623818745,医療法人医誠会　東舞鶴医誠会病院,likely_public,6016.530958833748,養護老人ホーム安岡園,2979.2956623818745,0.19230769230769232,0.9440559440559441,0.9020979020979021,0.8426573426573427,0.17348036578805812,0.1620494889725659,0.14618450403818883,152,151,80,False,False,False,False,
533523102,35.51041666666667,135.38437499999998,0.5141211055991282,True,2,,,,2,533523104,,suppressed_source,True,False,False,False,東舞鶴駅,4736.195932588591,平,821.6155997548613,bus_stop,平,821.6155997548613,医療法人医誠会　東舞鶴医誠会病院,1635.7068595814837,医療法人医誠会　東舞鶴医誠会病院,likely_public,1635.7068595814837,海上自衛隊舞鶴衛生隊第二医務室,3071.520140528454,,,,,,,,,,,,False,False,False,
533523104,35.514583333333334,135.38437499999998,0.9396143227185755,True,100,,48.0,,1,,533523102,aggregation_destination,False,True,True,False,東舞鶴駅,5189.943215869089,平,495.04466719107614,bus_stop,平,495.04466719107614,医療法人医誠会　東舞鶴医誠会病院,1927.5887084408564,医療法人医誠会　東舞鶴医誠会病院,likely_public,1927.5887084408564,海上自衛隊舞鶴衛生隊第二医務室,3495.8931189313475,,,,,,,,,,,,True,False,False,
533523113,35.514583333333334,135.390625,0.12551320344471006,False,54,16.0,16.0,0.2962962962962963,0,,,unaffected,False,False,False,True,東舞鶴駅,5116.940983495857,平,267.9445889309561,bus_stop,平,267.9445889309561,医療法人医誠会　東舞鶴医誠会病院,1576.0102112511838,医療法人医誠会　東舞鶴医誠会病院,likely_public,1576.0102112511838,海上自衛隊舞鶴衛生隊第二医務室,3327.1883596494035,0.36363636363636365,0.23426573426573427,0.2867132867132867,0.6433566433566433,0.10425937698664972,0.23394787031150668,0.06707596281658583,199,106,153,False,True,True,True,130
533523114,35.514583333333334,135.39687499999997,0.5970845710703085,True,36,2.0,2.0,0.05555555555555555,0,,,unaffected,False,False,False,True,東舞鶴駅,5106.253510606534,大浦小学校前,318.49579341660194,bus_stop,大浦小学校前,318.49579341660194,医療法人医誠会　東舞鶴医誠会病院,1376.5590225719407,医療法人医誠会　東舞鶴医誠会病院,likely_public,1376.5590225719407,海上自衛隊舞鶴衛生隊第二医務室,3249.942826206784,0.03146853146853147,0.04195804195804196,0.34615384615384615,0.5804195804195804,0.01089295320064551,0.0182649518313854,0.006322483326248792,271,270,253,False,True,False,False,
533523123,35.514583333333334,135.403125,1.0000000000000002,True,39,19.0,19.0,0.48717948717948717,0,,,unaffected,False,False,False,True,東舞鶴駅,5158.267999932099,平口,130.83063111255427,bus_stop,平口,130.83063111255427,医療法人医誠会　東舞鶴医誠会病院,1396.0359647953164,医療法人医誠会　東舞鶴医誠会病院,likely_public,1396.0359647953164,海上自衛隊舞鶴衛生隊第二医務室,3270.6429328331005,0.3986013986013986,0.6905594405594405,0.08391608391608392,0.5874125874125874,0.03344906841410338,0.23414347889872364,0.019648403823669117,258,105,232,False,True,True,True,182
533523152,35.51041666666667,135.44687499999998,0.9999999999999999,True,6,,,,2,533523054,,suppressed_source,True,False,False,False,松尾寺駅,2729.3356412599333,朝来中,1797.5374288629753,bus_stop,朝来中,1797.5374288629753,養護老人ホーム安岡園,2283.6893988922575,医療法人医誠会　東舞鶴医誠会病院,likely_public,4391.887431601428,養護老人ホーム安岡園,2283.6893988922575,,,,,,,,,,,,False,False,False,
533523162,35.51041666666667,135.45937499999997,0.9999999999999999,True,4,,,,2,533523064,,suppressed_source,True,False,False,False,松尾寺駅,2834.449573297749,国立高専前,2593.2795388205564,bus_stop,国立高専前,2593.2795388205564,養護老人ホーム安岡園,2863.547474114138,医療法人医誠会　東舞鶴医誠会病院,likely_public,5506.936727962158,養護老人ホーム安岡園,2863.547474114138,,,,,,,,,,,,False,False,False,
533523202,35.51875,135.38437499999998,1.0000000000000002,True,13,,,,2,533523211,,suppressed_source,True,False,False,False,東舞鶴駅,5645.072779389209,平,492.40286866011337,bus_stop,平,492.40286866011337,医療法人医誠会　東舞鶴医誠会病院,2276.6278404138766,医療法人医誠会　東舞鶴医誠会病院,likely_public,2276.6278404138766,海上自衛隊舞鶴衛生隊第二医務室,3928.8264742410593,,,,,,,,,,,,False,False,False,
533523211,35.51875,135.390625,0.9397615252879992,True,55,,37.0,,1,,533523202;533523212,aggregation_destination,False,True,True,False,東舞鶴駅,5578.033361757685,平,263.04870549255963,bus_stop,平,263.04870549255963,医療法人医誠会　東舞鶴医誠会病院,1987.7894244651432,医療法人医誠会　東舞鶴医誠会病院,likely_public,1987.7894244651432,海上自衛隊舞鶴衛生隊第二医務室,3779.503689034902,,,,,,,,,,,,True,False,False,
533523212,35.51875,135.39687499999997,0.9778989862760615,True,7,,,,2,533523211,,suppressed_source,True,False,False,False,東舞鶴駅,5568.231131100782,大浦小学校前,169.00886712735576,bus_stop,大浦小学校前,169.00886712735576,医療法人医誠会　東舞鶴医誠会病院,1833.696446283766,医療法人医誠会　東舞鶴医誠会病院,likely_public,1833.696446283766,海上自衛隊舞鶴衛生隊第二医務室,3711.68666695554,,,,,,,,,,,,False,False,False,
533523213,35.522916666666674,135.390625,0.9999999999999999,True,53,,25.0,,1,,533523311,aggregation_destination,False,True,True,False,東舞鶴駅,6039.305036614464,赤野,122.65750109939908,bus_stop,赤野,122.65750109939908,医療法人医誠会　東舞鶴医誠会病院,2417.8876648808537,医療法人医誠会　東舞鶴医誠会病院,likely_public,2417.8876648808537,海上自衛隊舞鶴衛生隊第二医務室,4233.968645138636,,,,,,,,,,,,True,False,False,
533523214,35.522916666666674,135.39687499999997,1.0,True,26,9.0,9.0,0.34615384615384615,0,,,unaffected,False,False,False,True,東舞鶴駅,6030.252780868427,大浦小学校前,618.9204199755819,bus_stop,大浦小学校前,618.9204199755819,医療法人医誠会　東舞鶴医誠会病院,2292.8902286410644,医療法人医誠会　東舞鶴医誠会病院,likely_public,2292.8902286410644,海上自衛隊舞鶴衛生隊第二医務室,4173.545701953751,0.19230769230769232,0.4020979020979021,0.5944055944055944,0.7377622377622378,0.114308768154922,0.14187735341581498,0.08433269258982008,191,173,138,False,True,False,False,
533523221,35.51875,135.403125,1.0000000000000002,True,4,,,,2,533523223,,suppressed_source,True,False,False,False,松尾寺駅,5614.765808319886,河辺中,366.6262563863652,bus_stop,河辺中,366.6262563863652,医療法人医誠会　東舞鶴医誠会病院,1848.3615510425213,医療法人医誠会　東舞鶴医誠会病院,likely_public,1848.3615510425213,海上自衛隊舞鶴衛生隊第二医務室,3729.823764684356,,,,,,,,,,,,False,False,False,
533523223,35.522916666666674,135.403125,0.9999999999999999,True,40,,18.0,,1,,533523221,aggregation_destination,False,True,True,False,松尾寺駅,5924.539960942015,河辺中,318.60318959881096,bus_stop,河辺中,318.60318959881096,医療法人医誠会　東舞鶴医誠会病院,2304.634273759414,医療法人医誠会　東舞鶴医誠会病院,likely_public,2304.634273759414,海上自衛隊舞鶴衛生隊第二医務室,4189.682730773283,,,,,,,,,,,,True,False,False,
533523224,35.522916666666674,135.409375,1.0,True,24,15.0,15.0,0.625,0,,,unaffected,False,False,False,True,松尾寺駅,5529.047862389808,西屋,204.79261657023585,bus_stop,西屋,204.79261657023585,医療法人医誠会　東舞鶴医誠会病院,2451.154809450582,医療法人医誠会　東舞鶴医誠会病院,likely_public,2451.154809450582,海上自衛隊舞鶴衛生隊第二医務室,4281.513984210452,0.3339160839160839,0.9003496503496503,0.2062937062937063,0.7587412587412588,0.0688847865421292,0.2533559098244413,0.052265729649098036,227,94,171,False,True,True,True,142
533523233,35.522916666666674,135.41562499999998,1.0,True,12,,11.0,,1,,533523234,aggregation_destination,False,True,True,False,松尾寺駅,5165.610036551629,室牛,325.29462557522294,bus_stop,室牛,325.29462557522294,医療法人医誠会　東舞鶴医誠会病院,2710.6837596832397,医療法人医誠会　東舞鶴医誠会病院,likely_public,2710.6837596832397,養護老人ホーム安岡園,4112.47396219413,,,,,,,,,,,,False,False,False,
533523234,35.522916666666674,135.421875,1.0000000000000002,True,9,,,,2,533523233,,suppressed_source,True,False,False,False,松尾寺駅,4841.450469971487,河辺由里,545.2866409686277,bus_stop,河辺由里,545.2866409686277,医療法人医誠会　東舞鶴医誠会病院,3054.550268215841,医療法人医誠会　東舞鶴医誠会病院,likely_public,3054.550268215841,養護老人ホーム安岡園,3855.971252291423,,,,,,,,,,,,False,False,False,
533523303,35.53125,135.378125,1.0,True,8,,,,2,533523304,,suppressed_source,True,False,False,False,東舞鶴駅,7114.804974857593,赤野,1476.1411345885629,bus_stop,赤野,1476.1411345885629,医療法人医誠会　東舞鶴医誠会病院,3744.8507846518037,医療法人医誠会　東舞鶴医誠会病院,likely_public,3744.8507846518037,国土交通省共済組合海上保安学校診療所,5294.277150150053,,,,,,,,,,,,False,False,False,
533523304,35.53125,135.38437499999998,1.0,True,8,,6.0,,1,,533523303;533523414,aggregation_destination,False,True,True,False,東舞鶴駅,7016.06217072336,赤野,1138.2281747279426,bus_stop,赤野,1138.2281747279426,医療法人医誠会　東舞鶴医誠会病院,3485.6276638522654,医療法人医誠会　東舞鶴医誠会病院,likely_public,3485.6276638522654,海上自衛隊舞鶴衛生隊第二医務室,5257.67713244414,,,,,,,,,,,,False,False,False,
533523311,35.52708333333334,135.390625,1.0,True,5,,,,2,533523213,,suppressed_source,True,False,False,False,東舞鶴駅,6500.717908997844,赤野,566.7497223840753,bus_stop,赤野,566.7497223840753,医療法人医誠会　東舞鶴医誠会病院,2858.0467036761065,医療法人医誠会　東舞鶴医誠会病院,likely_public,2858.0467036761065,海上自衛隊舞鶴衛生隊第二医務室,4689.958456203943,,,,,,,,,,,,False,False,False,
533523322,35.52708333333334,135.409375,1.0,True,16,8.0,8.0,0.5,0,,,unaffected,False,False,False,True,松尾寺駅,5879.843041226612,西屋,296.9582744054188,bus_stop,西屋,296.9582744054188,医療法人医誠会　東舞鶴医誠会病院,2886.2426150100328,医療法人医誠会　東舞鶴医誠会病院,likely_public,2886.2426150100328,海上自衛隊舞鶴衛生隊第二医務室,4732.922102011598,0.15734265734265734,0.7202797202797203,0.32867132867132864,0.8321678321678322,0.051714020245488775,0.1309354980683652,0.04303474412037178,241,181,186,False,False,False,False,
533523331,35.52708333333334,135.41562499999998,1.0,True,7,,,,2,533523332,,suppressed_source,True,False,False,False,松尾寺駅,5539.48634020894,室牛,137.05389523506722,bus_stop,室牛,137.05389523506722,医療法人医誠会　東舞鶴医誠会病院,3109.6578591957878,医療法人医誠会　東舞鶴医誠会病院,likely_public,3109.6578591957878,養護老人ホーム安岡園,4516.920957209014,,,,,,,,,,,,False,False,False,
533523332,35.52708333333334,135.421875,0.9999999999999998,True,41,,30.0,,1,,533523331,aggregation_destination,False,True,True,False,松尾寺駅,5238.529302327352,河辺由里,286.6248996876285,bus_stop,河辺由里,286.6248996876285,医療法人医誠会　東舞鶴医誠会病院,3413.552212979281,医療法人医誠会　東舞鶴医誠会病院,likely_public,3413.552212979281,養護老人ホーム安岡園,4284.711218571149,,,,,,,,,,,,True,False,False,
533523333,35.53125,135.41562499999998,1.0000000000000002,True,7,,,,2,533523334,,suppressed_source,True,False,False,False,松尾寺駅,5925.847212108036,河辺由里,539.1753264174359,bus_stop,河辺由里,539.1753264174359,医療法人医誠会　東舞鶴医誠会病院,3524.1329965531695,医療法人医誠会　東舞鶴医誠会病院,likely_public,3524.1329965531695,養護老人ホーム安岡園,4931.539558779215,,,,,,,,,,,,False,False,False,
533523334,35.53125,135.421875,1.0000000000000002,True,9,,11.0,,1,,533523333,aggregation_destination,False,True,True,False,松尾寺駅,5645.538942986337,原,414.54633712740036,bus_stop,原,414.54633712740036,医療法人医誠会　東舞鶴医誠会病院,3794.9671375966664,医療法人医誠会　東舞鶴医誠会病院,likely_public,3794.9671375966664,養護老人ホーム安岡園,4719.783945626393,,,,,,,,,,,,False,False,False,
533523341,35.52708333333334,135.42812500000002,1.0000000000000002,True,24,,14.0,,1,,533523343,aggregation_destination,False,True,True,False,松尾寺駅,4984.114141005223,原,334.8315676567644,bus_stop,原,334.8315676567644,医療法人医誠会　東舞鶴医誠会病院,3778.5572840664236,医療法人医誠会　東舞鶴医誠会病院,likely_public,3778.5572840664236,養護老人ホーム安岡園,4117.986036846312,,,,,,,,,,,,True,False,False,
533523343,35.53125,135.42812500000002,1.0,True,2,,,,2,533523341,,suppressed_source,True,False,False,False,松尾寺駅,5410.3092064548255,原,440.5032733746061,bus_stop,原,440.5032733746061,医療法人医誠会　東舞鶴医誠会病院,4126.353631523859,医療法人医誠会　東舞鶴医誠会病院,likely_public,4126.353631523859,養護老人ホーム安岡園,4568.970216723484,,,,,,,,,,,,False,False,False,
533523344,35.53125,135.434375,0.9999999999999999,True,56,,28.0,,1,,533523353,aggregation_destination,False,True,True,False,松尾寺駅,5226.248274273792,栃尾,187.40919564676568,bus_stop,栃尾,187.40919564676568,養護老人ホーム安岡園,4485.249831772366,医療法人医誠会　東舞鶴医誠会病院,likely_public,4504.949293174218,養護老人ホーム安岡園,4485.249831772366,,,,,,,,,,,,True,False,False,
533523353,35.53125,135.440625,1.0,True,7,,,,2,533523344,,suppressed_source,True,False,False,False,松尾寺駅,5098.900323039312,栃尾,387.04574176942765,bus_stop,栃尾,387.04574176942765,養護老人ホーム安岡園,4472.392059886839,医療法人医誠会　東舞鶴医誠会病院,likely_public,4919.867449851577,養護老人ホーム安岡園,4472.392059886839,,,,,,,,,,,,False,False,False,
533523414,35.53958333333334,135.39687499999997,1.0,True,3,,,,2,533523304,,suppressed_source,True,False,False,False,松尾寺駅,7670.980902538985,舞鶴自然文化園,167.31321641828322,bus_stop,舞鶴自然文化園,167.31321641828322,医療法人医誠会　東舞鶴医誠会病院,4136.511249563942,医療法人医誠会　東舞鶴医誠会病院,likely_public,4136.511249563942,海上自衛隊舞鶴衛生隊第二医務室,6021.605048259386,,,,,,,,,,,,False,False,False,
533523434,35.53958333333334,135.421875,1.0000000000000002,True,9,8.0,8.0,0.8888888888888888,0,,,unaffected,False,False,False,True,松尾寺駅,6481.826688712552,原,1271.9409157791738,bus_stop,原,1271.9409157791738,医療法人医誠会　東舞鶴医誠会病院,4602.475347270825,医療法人医誠会　東舞鶴医誠会病院,likely_public,4602.475347270825,養護老人ホーム安岡園,5603.008796736468,0.15734265734265734,0.9982517482517482,0.7622377622377622,0.9335664335664335,0.11993251503741013,0.14688982346325002,0.11196497033212764,185,169,107,False,False,False,False,
533523561,35.54375,135.453125,0.9999999999999999,True,11,3.0,3.0,0.2727272727272727,0,,,unaffected,False,False,False,True,松尾寺駅,6415.03308920645,野原口,449.7897773158055,bus_stop,野原口,449.7897773158055,養護老人ホーム安岡園,6001.466575942915,医療法人医誠会　東舞鶴医誠会病院,likely_public,6690.58347829017,養護老人ホーム安岡園,6001.466575942915,0.03496503496503497,0.18356643356643357,0.46153846153846156,0.965034965034965,0.016137708445400755,0.03374248129492885,0.015573452905351778,266,261,241,False,False,False,False,
533523563,35.547916666666666,135.453125,0.9999999999999999,True,36,10.0,10.0,0.2777777777777778,0,,,unaffected,False,False,False,True,松尾寺駅,6876.946538719146,野原口,186.45311787088565,bus_stop,野原口,186.45311787088565,養護老人ホーム安岡園,6453.272601572698,医療法人医誠会　東舞鶴医誠会病院,likely_public,7015.826947701015,養護老人ホーム安岡園,6453.272601572698,0.22727272727272727,0.19755244755244755,0.17132867132867133,0.9790209790209791,0.038938334392879845,0.22250476795931343,0.038121446258763486,250,118,196,False,True,True,True,157
533523613,35.556250000000006,135.390625,0.7405155926289598,True,40,22.0,22.0,0.55,0,,,unaffected,False,False,False,True,松尾寺駅,9490.329840333236,三浜,402.28716054643235,bus_stop,三浜,402.28716054643235,医療法人医誠会　東舞鶴医誠会病院,6032.478025640396,医療法人医誠会　東舞鶴医誠会病院,likely_public,6032.478025640396,海上自衛隊舞鶴衛生隊第二医務室,7902.334639285058,0.43356643356643354,0.8094405594405595,0.4195804195804196,0.9685314685314685,0.1819159861117903,0.4199227346080493,0.1761913571782025,145,30,58,True,True,True,True,53
533523614,35.556250000000006,135.39687499999997,0.9899401799885159,True,87,41.0,41.0,0.47126436781609193,0,,,unaffected,False,False,False,True,松尾寺駅,9178.943520222014,三浜,218.01928928657358,bus_stop,三浜,218.01928928657358,医療法人医誠会　東舞鶴医誠会病院,5983.491967029658,医療法人医誠会　東舞鶴医誠会病院,likely_public,5983.491967029658,海上自衛隊舞鶴衛生隊第二医務室,7870.137354262618,0.5961538461538461,0.6643356643356644,0.22727272727272727,0.9615384615384616,0.1354895104895105,0.5732248520710059,0.13027837547068316,176,4,89,True,True,True,True,80
533523721,35.56041666666667,135.403125,0.8861520660343936,True,123,62.0,62.0,0.5040650406504065,0,,,unaffected,False,False,False,True,松尾寺駅,9300.716257090042,小橋車庫,191.03400404375563,bus_stop,小橋車庫,191.03400404375563,医療法人医誠会　東舞鶴医誠会病院,6449.607344320949,医療法人医誠会　東舞鶴医誠会病院,likely_public,6449.607344320949,海上自衛隊舞鶴衛生隊第二医務室,8340.396232484543,0.6363636363636364,0.7377622377622378,0.18181818181818182,0.9755244755244755,0.11570247933884298,0.6207883026064844,0.11287060047390626,187,2,106,True,True,True,True,94
533523763,35.56458333333333,135.453125,0.9999999999999999,True,63,31.0,31.0,0.49206349206349204,0,,,unaffected,False,False,False,True,松尾寺駅,8724.972755721265,田井,107.50734475424905,bus_stop,田井,107.50734475424905,養護老人ホーム安岡園,8272.062218244944,医療法人医誠会　東舞鶴医誠会病院,likely_public,8445.549206621932,養護老人ホーム安岡園,8272.062218244944,0.548951048951049,0.6993006993006993,0.06293706293706294,0.9895104895104895,0.03454936671719889,0.5431928211648491,0.034186960772612886,257,6,204,True,True,True,True,163
533523771,35.56041666666667,135.465625,0.9547280682269863,True,8,,,,2,533523772,,suppressed_source,True,False,False,False,松尾寺駅,8375.295709904025,田井,1198.4966492998203,bus_stop,田井,1198.4966492998203,養護老人ホーム安岡園,8084.450077181233,医療法人医誠会　東舞鶴医誠会病院,likely_public,8802.02641416953,養護老人ホーム安岡園,8084.450077181233,,,,,,,,,,,,False,False,False,
533523772,35.56041666666667,135.471875,0.5357292093600104,False,2,,8.0,,1,,533523771,aggregation_destination,False,True,True,False,松尾寺駅,8487.897004245122,田井,1722.2015168826613,bus_stop,田井,1722.2015168826613,養護老人ホーム安岡園,8273.827790508545,医療法人医誠会　東舞鶴医誠会病院,likely_public,9197.68149655488,養護老人ホーム安岡園,8273.827790508545,,,,,,,,,,,,False,False,False,
533523841,35.56875000000001,135.42812500000002,0.636094884968182,True,153,67.0,67.0,0.43790849673202614,0,,,unaffected,False,False,False,True,松尾寺駅,9400.738289762185,野原,66.0896305693486,bus_stop,野原,66.0896305693486,医療法人医誠会　東舞鶴医誠会病院,7810.4106793175215,医療法人医誠会　東舞鶴医誠会病院,likely_public,7810.4106793175215,養護老人ホーム安岡園,8681.393020189298,0.6538461538461539,0.6013986013986014,0.03496503496503497,0.9825174825174825,0.022861753630984402,0.6424152770306616,0.022462072623449708,264,1,225,True,True,True,True,176
533523843,35.57291666666667,135.42812500000002,0.9273432815081029,True,54,17.0,17.0,0.3148148148148148,0,,,unaffected,False,False,False,True,松尾寺駅,9852.802597631247,野原,527.9154085349953,bus_stop,野原,527.9154085349953,医療法人医誠会　東舞鶴医誠会病院,8247.764206610767,医療法人医誠会　東舞鶴医誠会病院,likely_public,8247.764206610767,養護老人ホーム安岡園,9141.009438647401,0.3811188811188811,0.29895104895104896,0.5104895104895105,0.986013986013986,0.19455719106068756,0.37578854711721843,0.1918361114654332,137,43,49,False,True,True,True,47
533523861,35.56875000000001,135.453125,0.47615424926459576,False,54,27.0,27.0,0.5,0,,,unaffected,False,False,False,True,松尾寺駅,9187.044562501733,田井,383.6846769404338,bus_stop,田井,383.6846769404338,養護老人ホーム安岡園,8728.747595769579,医療法人医誠会　東舞鶴医誠会病院,likely_public,8827.35080085778,養護老人ホーム安岡園,8728.747595769579,0.5157342657342657,0.7202797202797203,0.4090909090909091,0.993006993006993,0.21098219961856327,0.5121277324074527,0.20950679962123067,126,10,45,True,True,True,True,43
533523952,35.577083333333334,135.44687499999998,0.8565922670024049,True,12,10.0,10.0,0.8333333333333334,0,,,unaffected,False,False,False,True,松尾寺駅,10112.683163244388,田井,1448.1166074761547,bus_stop,田井,1448.1166074761547,医療法人医誠会　東舞鶴医誠会病院,9338.141101640733,医療法人医誠会　東舞鶴医誠会病院,likely_public,9338.141101640733,養護老人ホーム安岡園,9582.871341961149,0.22727272727272727,0.986013986013986,0.8006993006993007,0.9965034965034965,0.1819771137952956,0.22647806738715828,0.18134083018062672,144,113,55,False,False,True,False,
533523954,35.58125000000001,135.44687499999998,0.9693126752471557,True,27,17.0,17.0,0.6296296296296297,0,,,unaffected,False,False,False,True,松尾寺駅,10574.741185597975,田井,1874.7821090027292,bus_stop,田井,1874.7821090027292,医療法人医誠会　東舞鶴医誠会病院,9750.801260528693,医療法人医誠会　東舞鶴医誠会病院,likely_public,9750.801260528693,養護老人ホーム安岡園,10043.787080643035,0.3811188811188811,0.9055944055944056,0.8566433566433567,1.0,0.3264829576018387,0.3811188811188811,0.3264829576018387,67,41,16,True,True,True,True,16
