{
"type": "FeatureCollection",
"name": "maizuru_city_gap",
"crs": { "type": "name", "properties": { "name": "urn:ogc:def:crs:EPSG::6668" } },
"features": [
{ "type": "Feature", "properties": { "mesh_code": "533501791", "centroid_lat": 35.39375, "centroid_lon": 135.240625, "city_area_fraction": 0.00013137984273234806, "centroid_within_city": false, "population": 1, "elderly_population": null, "reported_elderly_population": null, "elderly_ratio": null, "HTKSYORI": "2", "HTKSAKI": "533501782", "GASSAN": null, "disclosure_status": "suppressed_source", "suppression_flag": true, "aggregation_target_flag": false, "aggregation_flag": false, "primary_eligible_disclosure": false, "nearest_station_name": "四所駅", "nearest_station_distance_m": 7370.03639696137, "nearest_bus_stop_name": "薬師口", "nearest_bus_stop_distance_m": 3676.79365084442, "nearest_public_transport_type": "bus_stop", "nearest_public_transport_name": "薬師口", "nearest_public_transport_distance_m": 3676.79365084442, "nearest_medical_name": "ライフ・ステージ舞夢診療所", "nearest_medical_distance_m": 3726.256510174137, "nearest_hospital_name": "舞鶴赤十字病院", "nearest_hospital_distance_m": 10436.296851428373, "nearest_clinic_name": "ライフ・ステージ舞夢診療所", "nearest_clinic_distance_m": 3726.256510174137, "elderly_population_percentile": "<NA>", "elderly_ratio_percentile": "<NA>", "transport_distance_percentile": "<NA>", "medical_distance_percentile": "<NA>", "exploratory_score_a": "<NA>", "exploratory_score_b": "<NA>", "exploratory_score_c": "<NA>", "rank_a_unfiltered": "<NA>", "rank_b_unfiltered": "<NA>", "rank_c_unfiltered": "<NA>", "pareto_frontier": "<NA>", "eligibility_population_threshold": false, "eligibility_elderly_threshold": false, "primary_eligible": false, "rank": null }, "geometry": { "type": "Polygon", "coordinates": [ [ [ 135.2375, 35.391666666666666 ], [ 135.24375, 35.391666666666666 ], [ 135.24375, 35.395833333333336 ], [ 135.2375, 35.395833333333336 ], [ 135.2375, 35.391666666666666 ] ] ] } },
{ "type": "Feature", "properties": { "mesh_code": "533501883", "centroid_lat": 35.40625, "centroid_lon": 135.228125, "city_area_fraction": 1.0, "centroid_within_city": true, "population": 4, "elderly_population": null, "reported_elderly_population": null, "elderly_ratio": null, "HTKSYORI": "2", "HTKSAKI": "533501981", "GASSAN": null, "disclosure_status": "suppressed_source", "suppression_flag": true, "aggregation_target_flag": false, "aggregation_flag": false, "primary_eligible_disclosure": false, "nearest_station_name": "四所駅", "nearest_station_distance_m": 7190.6375100749956, "nearest_bus_stop_name": "由良川橋", "nearest_bus_stop_distance_m": 2386.0785713728369, "nearest_public_transport_type": "bus_stop", "nearest_public_transport_name": "由良川橋", "nearest_public_transport_distance_m": 2386.0785713728369, "nearest_medical_name": "ライフ・ステージ舞夢診療所", "nearest_medical_distance_m": 1962.2862500137915, "nearest_hospital_name": "舞鶴赤十字病院", "nearest_hospital_distance_m": 10784.953589676905, "nearest_clinic_name": "ライフ・ステージ舞夢診療所", "nearest_clinic_distance_m": 1962.2862500137915, "elderly_population_percentile": "<NA>", "elderly_ratio_percentile": "<NA>", "transport_distance_percentile": "<NA>", "medical_distance_percentile": "<NA>", "exploratory_score_a": "<NA>", "exploratory_score_b": "<NA>", "exploratory_score_c": "<NA>", "rank_a_unfiltered": "<NA>", "rank_b_unfiltered": "<NA>", "rank_c_unfiltered": "<NA>", "pareto_frontier": "<NA>", "eligibility_population_threshold": false, "eligibility_elderly_threshold": false, "primary_eligible": false, "rank": null }, "geometry": { "type": "Polygon", "coordinates": [ [ [ 135.225, 35.404166666666676 ], [ 135.23125, 35.404166666666676 ], [ 135.23125, 35.408333333333346 ], [ 135.225, 35.408333333333346 ], [ 135.225, 35.404166666666676 ] ] ] } },
{ "type": "Feature", "properties": { "mesh_code": "533501891", "centroid_lat": 35.402083333333337, "centroid_lon": 135.240625, "city_area_fraction": 1.0, "centroid_within_city": true, "population": 5, "elderly_population": null, "reported_elderly_population": null, "elderly_ratio": null, "HTKSYORI": "2", "HTKSAKI": "533501981", "GASSAN": null, "disclosure_status": "suppressed_source", "suppression_flag": true, "aggregation_target_flag": false, "aggregation_flag": false, "primary_eligible_disclosure": false, "nearest_station_name": "四所駅", "nearest_station_distance_m": 6665.3744459349718, "nearest_bus_stop_name": "薬師口", "nearest_bus_stop_distance_m": 2753.1724361914376, "nearest_public_transport_type": "bus_stop", "nearest_public_transport_name": "薬師口", "nearest_public_transport_distance_m": 2753.1724361914376, "nearest_medical_name": "ライフ・ステージ舞夢診療所", "nearest_medical_distance_m": 2981.9723947060334, "nearest_hospital_name": "舞鶴赤十字病院", "nearest_hospital_distance_m": 9964.6670802758272, "nearest_clinic_name": "ライフ・ステージ舞夢診療所", "nearest_clinic_distance_m": 2981.9723947060334, "elderly_population_percentile": "<NA>", "elderly_ratio_percentile": "<NA>", "transport_distance_percentile": "<NA>", "medical_distance_percentile": "<NA>", "exploratory_score_a": "<NA>", "exploratory_score_b": "<NA>", "exploratory_score_c": "<NA>", "rank_a_unfiltered": "<NA>", "rank_b_unfiltered": "<NA>", "rank_c_unfiltered": "<NA>", "pareto_frontier": "<NA>", "eligibility_population_threshold": false, "eligibility_elderly_threshold": false, "primary_eligible": false, "rank": null }, "geometry": { "type": "Polygon", "coordinates": [ [ [ 135.2375, 35.4 ], [ 135.24375, 35.4 ], [ 135.24375, 35.404166666666676 ], [ 135.2375, 35.404166666666676 ], [ 135.2375, 35.4 ] ] ] } },
{ "type": "Feature", "properties": { "mesh_code": "533501963", "centroid_lat": 35.41458333333334, "centroid_lon": 135.203125, "city_area_fraction": 0.2291842650801626, "centroid_within_city": false, "population": 31, "elderly_population": null, "reported_elderly_population": 19.0, "elderly_ratio": null, "HTKSYORI": "1", "HTKSAKI": null, "GASSAN": "533501961;533501964", "disclosure_status": "aggregation_destination", "suppression_flag": false, "aggregation_target_flag": true, "aggregation_flag": true, "primary_eligible_disclosure": false, "nearest_station_name": "四所駅", "nearest_station_distance_m": 8675.8281508257696, "nearest_bus_stop_name": "地頭", "nearest_bus_stop_distance_m": 1667.6222089754272, "nearest_public_transport_type": "bus_stop", "nearest_public_transport_name": "地頭", "nearest_public_transport_distance_m": 1667.6222089754272, "nearest_medical_name": "ライフ・ステージ舞夢診療所", "nearest_medical_distance_m": 1668.1758385160861, "nearest_hospital_name": "舞鶴赤十字病院", "nearest_hospital_distance_m": 12623.879034619742, "nearest_clinic_name": "ライフ・ステージ舞夢診療所", "nearest_clinic_distance_m": 1668.1758385160861, "elderly_population_percentile": "<NA>", "elderly_ratio_percentile": "<NA>", "transport_distance_percentile": "<NA>", "medical_distance_percentile": "<NA>", "exploratory_score_a": "<NA>", "exploratory_score_b": "<NA>", "exploratory_score_c": "<NA>", "rank_a_unfiltered": "<NA>", "rank_b_unfiltered": "<NA>", "rank_c_unfiltered": "<NA>", "pareto_frontier": "<NA>", "eligibility_population_threshold": true, "eligibility_elderly_threshold": false, "primary_eligible": false, "rank": null }, "geometry": { "type": "Polygon", "coordinates": [ [ [ 135.2, 35.4125 ], [ 135.20625, 35.4125 ], [ 135.20625, 35.416666666666679 ], [ 135.2, 35.416666666666679 ], [ 135.2, 35.4125 ] ] ] } },
{ "type": "Feature", "properties": { "mesh_code": "533501964", "centroid_lat": 35.41458333333334, "centroid_lon": 135.209375, "city_area_fraction": 0.75635074827771298, "centroid_within_city": true, "population": 2, "elderly_population": null, "reported_elderly_population": null, "elderly_ratio": null, "HTKSYORI": "2", "HTKSAKI": "533501963", "GASSAN": null, "disclosure_status": "suppressed_source", "suppression_flag": true, "aggregation_target_flag": false, "aggregation_flag": false, "primary_eligible_disclosure": false, "nearest_station_name": "四所駅", "nearest_station_distance_m": 8159.7021872320329, "nearest_bus_stop_name": "地頭", "nearest_bus_stop_distance_m": 1344.4584339117032, "nearest_public_transport_type": "bus_stop", "nearest_public_transport_name": "地頭", "nearest_public_transport_distance_m": 1344.4584339117032, "nearest_medical_name": "ライフ・ステージ舞夢診療所", "nearest_medical_distance_m": 1214.9661736875491, "nearest_hospital_name": "舞鶴赤十字病院", "nearest_hospital_distance_m": 12077.637592814575, "nearest_clinic_name": "ライフ・ステージ舞夢診療所", "nearest_clinic_distance_m": 1214.9661736875491, "elderly_population_percentile": "<NA>", "elderly_ratio_percentile": "<NA>", "transport_distance_percentile": "<NA>", "medical_distance_percentile": "<NA>", "exploratory_score_a": "<NA>", "exploratory_score_b": "<NA>", "exploratory_score_c": "<NA>", "rank_a_unfiltered": "<NA>", "rank_b_unfiltered": "<NA>", "rank_c_unfiltered": "<NA>", "pareto_frontier": "<NA>", "eligibility_population_threshold": false, "eligibility_elderly_threshold": false, "primary_eligible": false, "rank": null }, "geometry": { "type": "Polygon", "coordinates": [ [ [ 135.20625, 35.4125 ], [ 135.2125, 35.4125 ], [ 135.2125, 35.416666666666679 ], [ 135.20625, 35.416666666666679 ], [ 135.20625, 35.4125 ] ] ] } },
{ "type": "Feature", "properties": { "mesh_code": "533501981", "centroid_lat": 35.410416666666677, "centroid_lon": 135.228125, "city_area_fraction": 1.0, "centroid_within_city": true, "population": 20, "elderly_population": null, "reported_elderly_population": 23.0, "elderly_ratio": null, "HTKSYORI": "1", "HTKSAKI": null, "GASSAN": "533501883;533501891", "disclosure_status": "aggregation_destination", "suppression_flag": false, "aggregation_target_flag": true, "aggregation_flag": true, "primary_eligible_disclosure": false, "nearest_station_name": "四所駅", "nearest_station_distance_m": 6915.7775191989167, "nearest_bus_stop_name": "由良川橋", "nearest_bus_stop_distance_m": 1955.4403068421625, "nearest_public_transport_type": "bus_stop", "nearest_public_transport_name": "由良川橋", "nearest_public_transport_distance_m": 1955.4403068421625, "nearest_medical_name": "ライフ・ステージ舞夢診療所", "nearest_medical_distance_m": 1556.5201635136941, "nearest_hospital_name": "舞鶴赤十字病院", "nearest_hospital_distance_m": 10609.980777499548, "nearest_clinic_name": "ライフ・ステージ舞夢診療所", "nearest_clinic_distance_m": 1556.5201635136941, "elderly_population_percentile": "<NA>", "elderly_ratio_percentile": "<NA>", "transport_distance_percentile": "<NA>", "medical_distance_percentile": "<NA>", "exploratory_score_a": "<NA>", "exploratory_score_b": "<NA>", "exploratory_score_c": "<NA>", "rank_a_unfiltered": "<NA>", "rank_b_unfiltered": "<NA>", "rank_c_unfiltered": "<NA>", "pareto_frontier": "<NA>", "eligibility_population_threshold": true, "eligibility_elderly_threshold": false, "primary_eligible": false, "rank": null }, "geometry": { "type": "Polygon", "coordinates": [ [ [ 135.225, 35.408333333333339 ], [ 135.23125, 35.408333333333339 ], [ 135.23125, 35.4125 ], [ 135.225, 35.4125 ], [ 135.225, 35.408333333333339 ] ] ] } },
{ "type": "Feature", "properties": { "mesh_code": "533501982", "centroid_lat": 35.410416666666677, "centroid_lon": 135.234375, "city_area_fraction": 1.0, "centroid_within_city": true, "population": 17, "elderly_population": null, "reported_elderly_population": 14.0, "elderly_ratio": null, "HTKSYORI": "1", "HTKSAKI": null, "GASSAN": "533501983", "disclosure_status": "aggregation_destination", "suppression_flag": false, "aggregation_target_flag": true, "aggregation_flag": true, "primary_eligible_disclosure": false, "nearest_station_name": "四所駅", "nearest_station_distance_m": 6458.7245744563515, "nearest_bus_stop_name": "薬師口", "nearest_bus_stop_distance_m": 1957.7188003391302, "nearest_public_transport_type": "bus_stop", "nearest_public_transport_name": "薬師口", "nearest_public_transport_distance_m": 1957.7188003391302, "nearest_medical_name": "ライフ・ステージ舞夢診療所", "nearest_medical_distance_m": 1921.8740702255423, "nearest_hospital_name": "舞鶴赤十字病院", "nearest_hospital_distance_m": 10082.406067384556, "nearest_clinic_name": "ライフ・ステージ舞夢診療所", "nearest_clinic_distance_m": 1921.8740702255423, "elderly_population_percentile": "<NA>", "elderly_ratio_percentile": "<NA>", "transport_distance_percentile": "<NA>", "medical_distance_percentile": "<NA>", "exploratory_score_a": "<NA>", "exploratory_score_b": "<NA>", "exploratory_score_c": "<NA>", "rank_a_unfiltered": "<NA>", "rank_b_unfiltered": "<NA>", "rank_c_unfiltered": "<NA>", "pareto_frontier": "<NA>", "eligibility_population_threshold": false, "eligibility_elderly_threshold": false, "primary_eligible": false, "rank": null }, "geometry": { "type": "Polygon", "coordinates": [ [ [ 135.23125, 35.408333333333339 ], [ 135.2375, 35.408333333333339 ], [ 135.2375, 35.4125 ], [ 135.23125, 35.4125 ], [ 135.23125, 35.408333333333339 ] ] ] } },
{ "type": "Feature", "properties": { "mesh_code": "533501983", "centroid_lat": 35.41458333333334, "centroid_lon": 135.228125, "city_area_fraction": 1.0, "centroid_within_city": true, "population": 8, "elderly_population": null, "reported_elderly_population": null, "elderly_ratio": null, "HTKSYORI": "2", "HTKSAKI": "533501982", "GASSAN": null, "disclosure_status": "suppressed_source", "suppression_flag": true, "aggregation_target_flag": false, "aggregation_flag": false, "primary_eligible_disclosure": false, "nearest_station_name": "四所駅", "nearest_station_distance_m": 6661.6861057108354, "nearest_bus_stop_name": "由良川橋", "nearest_bus_stop_distance_m": 1543.2112490700067, "nearest_public_transport_type": "bus_stop", "nearest_public_transport_name": "由良川橋", "nearest_public_transport_distance_m": 1543.2112490700067, "nearest_medical_name": "ライフ・ステージ舞夢診療所", "nearest_medical_distance_m": 1192.6111574403774, "nearest_hospital_name": "舞鶴赤十字病院", "nearest_hospital_distance_m": 10452.536984701715, "nearest_clinic_name": "ライフ・ステージ舞夢診療所", "nearest_clinic_distance_m": 1192.6111574403774, "elderly_population_percentile": "<NA>", "elderly_ratio_percentile": "<NA>", "transport_distance_percentile": "<NA>", "medical_distance_percentile": "<NA>", "exploratory_score_a": "<NA>", "exploratory_score_b": "<NA>", "exploratory_score_c": "<NA>", "rank_a_unfiltered": "<NA>", "rank_b_unfiltered": "<NA>", "rank_c_unfiltered": "<NA>", "pareto_frontier": "<NA>", "eligibility_population_threshold": false, "eligibility_elderly_threshold": false, "primary_eligible": false, "rank": null }, "geometry": { "type": "Polygon", "coordinates": [ [ [ 135.225, 35.4125 ], [ 135.23125, 35.4125 ], [ 135.23125, 35.416666666666679 ], [ 135.225, 35.416666666666679 ], [ 135.225, 35.4125 ] ] ] } },
{ "type": "Feature", "properties": { "mesh_code": "533502544", "centroid_lat": 35.38125, "centroid_lon": 135.309375, "city_area_fraction": 0.023732441336712522, "centroid_within_city": false, "population": 9, "elderly_population": null, "reported_elderly_population": 16.0, "elderly_ratio": null, "HTKSYORI": "1", "HTKSAKI": null, "GASSAN": "533502632", "disclosure_status": "aggregation_destination", "suppression_flag": false, "aggregation_target_flag": true, "aggregation_flag": true, "primary_eligible_disclosure": false, "nearest_station_name": "真倉駅", "nearest_station_distance_m": 3228.1492105999223, "nearest_bus_stop_name": "真倉", "nearest_bus_stop_distance_m": 1609.1127076008929, "nearest_public_transport_type": "bus_stop", "nearest_public_transport_name": "真倉", "nearest_public_transport_distance_m": 1609.1127076008929, "nearest_medical_name": "特別養護老人ﾎｰﾑｸﾞﾚｲｽｳﾞｨﾙまいづる診療所", "nearest_medical_distance_m": 4613.7420532171445, "nearest_hospital_name": "舞鶴赤十字病院", "nearest_hospital_distance_m": 7486.5456562552154, "nearest_clinic_name": "特別養護老人ﾎｰﾑｸﾞﾚｲｽｳﾞｨﾙまいづる診療所", "nearest_clinic_distance_m": 4613.7420532171445, "elderly_population_percentile": "<NA>", "elderly_ratio_percentile": "<NA>", "transport_distance_percentile": "<NA>", "medical_distance_percentile": "<NA>", "exploratory_score_a": "<NA>", "exploratory_score_b": "<NA>", "exploratory_score_c": "<NA>", "rank_a_unfiltered": "<NA>", "rank_b_unfiltered": "<NA>", "rank_c_unfiltered": "<NA>", "pareto_frontier": "<NA>", "eligibility_population_threshold": false, "eligibility_elderly_threshold": false, "primary_eligible": false, "rank": null }, "geometry": { "type": "Polygon", "coordinates": [ [ [ 135.30625, 35.37916666666667 ], [ 135.3125, 35.37916666666667 ], [ 135.3125, 35.38333333333334 ], [ 135.30625, 35.38333333333334 ], [ 135.30625, 35.37916666666667 ] ] ] } },
{ "type": "Feature", "properties": { "mesh_code": "533502653", "centroid_lat": 35.389583333333334, "centroid_lon": 135.315625, "city_area_fraction": 1.0, "centroid_within_city": true, "population": 9, "elderly_population": null, "reported_elderly_population": null, "elderly_ratio": null, "HTKSYORI": "2", "HTKSAKI": "533502751", "GASSAN": null, "disclosure_status": "suppressed_source", "suppression_flag": true, "aggregation_target_flag": false, "aggregation_flag": false, "primary_eligible_disclosure": false, "nearest_station_name": "真倉駅", "nearest_station_distance_m": 2146.7905849233039, "nearest_bus_stop_name": "真倉", "nearest_bus_stop_distance_m": 525.68423839398565, "nearest_public_transport_type": "bus_stop", "nearest_public_transport_name": "真倉", "nearest_public_transport_distance_m": 525.68423839398565, "nearest_medical_name": "特別養護老人ﾎｰﾑｸﾞﾚｲｽｳﾞｨﾙまいづる診療所", "nearest_medical_distance_m": 3552.963857466917, "nearest_hospital_name": "舞鶴赤十字病院", "nearest_hospital_distance_m": 6428.6194742853131, "nearest_clinic_name": "特別養護老人ﾎｰﾑｸﾞﾚｲｽｳﾞｨﾙまいづる診療所", "nearest_clinic_distance_m": 3552.963857466917, "elderly_population_percentile": "<NA>", "elderly_ratio_percentile": "<NA>", "transport_distance_percentile": "<NA>", "medical_distance_percentile": "<NA>", "exploratory_score_a": "<NA>", "exploratory_score_b": "<NA>", "exploratory_score_c": "<NA>", "rank_a_unfiltered": "<NA>", "rank_b_unfiltered": "<NA>", "rank_c_unfiltered": "<NA>", "pareto_frontier": "<NA>", "eligibility_population_threshold": false, "eligibility_elderly_threshold": false, "primary_eligible": false, "rank": null }, "geometry": { "type": "Polygon", "coordinates": [ [ [ 135.3125, 35.3875 ], [ 135.31875, 35.3875 ], [ 135.31875, 35.391666666666673 ], [ 135.3125, 35.391666666666673 ], [ 135.3125, 35.3875 ] ] ] } },
{ "type": "Feature", "properties": { "mesh_code": "533502751", "centroid_lat": 35.39375, "centroid_lon": 135.315625, "city_area_fraction": 0.99999999999999978, "centroid_within_city": true, "population": 42, "elderly_population": null, "reported_elderly_population": 27.0, "elderly_ratio": null, "HTKSYORI": "1", "HTKSAKI": null, "GASSAN": "533502653", "disclosure_status": "aggregation_destination", "suppression_flag": false, "aggregation_target_flag": true, "aggregation_flag": true, "primary_eligible_disclosure": false, "nearest_station_name": "真倉駅", "nearest_station_distance_m": 1742.3602532186392, "nearest_bus_stop_name": "真倉", "nearest_bus_stop_distance_m": 318.47701368542522, "nearest_public_transport_type": "bus_stop", "nearest_public_transport_name": "真倉", "nearest_public_transport_distance_m": 318.47701368542522, "nearest_medical_name": "特別養護老人ﾎｰﾑｸﾞﾚｲｽｳﾞｨﾙまいづる診療所", "nearest_medical_distance_m": 3245.1214612554818, "nearest_hospital_name": "舞鶴赤十字病院", "nearest_hospital_distance_m": 5989.9137474542858, "nearest_clinic_name": "特別養護老人ﾎｰﾑｸﾞﾚｲｽｳﾞｨﾙまいづる診療所", "nearest_clinic_distance_m": 3245.1214612554818, "elderly_population_percentile": "<NA>", "elderly_ratio_percentile": "<NA>", "transport_distance_percentile": "<NA>", "medical_distance_percentile": "<NA>", "exploratory_score_a": "<NA>", "exploratory_score_b": "<NA>", "exploratory_score_c": "<NA>", "rank_a_unfiltered": "<NA>", "rank_b_unfiltered": "<NA>", "rank_c_unfiltered": "<NA>", "pareto_frontier": "<NA>", "eligibility_population_threshold": true, "eligibility_elderly_threshold": false, "primary_eligible": false, "rank": null }, "geometry": { "type": "Polygon", "coordinates": [ [ [ 135.3125, 35.391666666666666 ], [ 135.31875, 35.391666666666666 ], [ 135.31875, 35.395833333333336 ], [ 135.3125, 35.395833333333336 ], [ 135.3125, 35.391666666666666 ] ] ] } },
{ "type": "Feature", "properties": { "mesh_code": "533502752", "centroid_lat": 35.39375, "centroid_lon": 135.321875, "city_area_fraction": 1.0000000000000002, "centroid_within_city": true, "population": 44, "elderly_population": 19.0, "reported_elderly_population": 19.0, "elderly_ratio": 0.43181818181818182, "HTKSYORI": "0", "HTKSAKI": null, "GASSAN": null, "disclosure_status": "unaffected", "suppression_flag": false, "aggregation_target_flag": false, "aggregation_flag": false, "primary_eligible_disclosure": true, "nearest_station_name": "真倉駅", "nearest_station_distance_m": 1515.3552737971743, "nearest_bus_stop_name": "真倉", "nearest_bus_stop_distance_m": 255.53663248442385, "nearest_public_transport_type": "bus_stop", "nearest_public_transport_name": "真倉", "nearest_public_transport_distance_m": 255.53663248442385, "nearest_medical_name": "特別養護老人ﾎｰﾑｸﾞﾚｲｽｳﾞｨﾙまいづる診療所", "nearest_medical_distance_m": 2824.9608918122685, "nearest_hospital_name": "市立舞鶴市民病院", "nearest_hospital_distance_m": 5826.0665960825718, "nearest_clinic_name": "特別養護老人ﾎｰﾑｸﾞﾚｲｽｳﾞｨﾙまいづる診療所", "nearest_clinic_distance_m": 2824.9608918122685, "elderly_population_percentile": "0.3986013986013986", "elderly_ratio_percentile": "0.583916083916084", "transport_distance_percentile": "0.25874125874125875", "medical_distance_percentile": "0.8251748251748252", "exploratory_score_a": "0.10313462761015209", "exploratory_score_b": "0.3289158394053499", "exploratory_score_c": "0.08510409830767796", "rank_a_unfiltered": "200", "rank_b_unfiltered": "58", "rank_c_unfiltered": "136", "pareto_frontier": "False", "eligibility_population_threshold": true, "eligibility_elderly_threshold": true, "primary_eligible": true, "rank": 117 }, "geometry": { "type": "Polygon", "coordinates": [ [ [ 135.31875, 35.391666666666666 ], [ 135.325, 35.391666666666666 ], [ 135.325, 35.395833333333336 ], [ 135.31875, 35.395833333333336 ], [ 135.31875, 35.391666666666666 ] ] ] } },
{ "type": "Feature", "properties": { "mesh_code": "533502754", "centroid_lat": 35.397916666666674, "centroid_lon": 135.321875, "city_area_fraction": 1.0, "centroid_within_city": true, "population": 20, "elderly_population": 5.0, "reported_elderly_population": 5.0, "elderly_ratio": 0.25, "HTKSYORI": "0", "HTKSAKI": null, "GASSAN": null, "disclosure_status": "unaffected", "suppression_flag": false, "aggregation_target_flag": false, "aggregation_flag": false, "primary_eligible_disclosure": true, "nearest_station_name": "真倉駅", "nearest_station_distance_m": 1072.7599897578314, "nearest_bus_stop_name": "真倉", "nearest_bus_stop_distance_m": 563.69280775761229, "nearest_public_transport_type": "bus_stop", "nearest_public_transport_name": "真倉", "nearest_public_transport_distance_m": 563.69280775761229, "nearest_medical_name": "特別養護老人ﾎｰﾑｸﾞﾚｲｽｳﾞｨﾙまいづる診療所", "nearest_medical_distance_m": 2512.9982753768727, "nearest_hospital_name": "市立舞鶴市民病院", "nearest_hospital_distance_m": 5381.4164751600038, "nearest_clinic_name": "特別養護老人ﾎｰﾑｸﾞﾚｲｽｳﾞｨﾙまいづる診療所", "nearest_clinic_distance_m": 2512.9982753768727, "elderly_population_percentile": "0.06468531468531469", "elderly_ratio_percentile": "0.1451048951048951", "transport_distance_percentile": "0.5454545454545454", "medical_distance_percentile": "0.7657342657342657", "exploratory_score_a": "0.035282898919262555", "exploratory_score_b": "0.049531761944349356", "exploratory_score_c": "0.02701732469691783", "rank_a_unfiltered": "256", "rank_b_unfiltered": "249", "rank_c_unfiltered": "213", "pareto_frontier": "False", "eligibility_population_threshold": true, "eligibility_elderly_threshold": false, "primary_eligible": false, "rank": null }, "geometry": { "type": "Polygon", "coordinates": [ [ [ 135.31875, 35.395833333333336 ], [ 135.325, 35.395833333333336 ], [ 135.325, 35.4 ], [ 135.31875, 35.4 ], [ 135.31875, 35.395833333333336 ] ] ] } },
{ "type": "Feature", "properties": { "mesh_code": "533502852", "centroid_lat": 35.402083333333337, "centroid_lon": 135.321875, "city_area_fraction": 1.0, "centroid_within_city": true, "population": 57, "elderly_population": 29.0, "reported_elderly_population": 29.0, "elderly_ratio": 0.50877192982456143, "HTKSYORI": "0", "HTKSAKI": null, "GASSAN": null, "disclosure_status": "unaffected", "suppression_flag": false, "aggregation_target_flag": false, "aggregation_flag": false, "primary_eligible_disclosure": true, "nearest_station_name": "真倉駅", "nearest_station_distance_m": 657.79238014201894, "nearest_bus_stop_name": "真倉駅前", "nearest_bus_stop_distance_m": 543.54819182833955, "nearest_public_transport_type": "bus_stop", "nearest_public_transport_name": "真倉駅前", "nearest_public_transport_distance_m": 543.54819182833955, "nearest_medical_name": "特別養護老人ﾎｰﾑｸﾞﾚｲｽｳﾞｨﾙまいづる診療所", "nearest_medical_distance_m": 2253.2819758396276, "nearest_hospital_name": "舞鶴赤十字病院", "nearest_hospital_distance_m": 4936.289436700401, "nearest_clinic_name": "特別養護老人ﾎｰﾑｸﾞﾚｲｽｳﾞｨﾙまいづる診療所", "nearest_clinic_distance_m": 2253.2819758396276, "elderly_population_percentile": "0.5332167832167832", "elderly_ratio_percentile": "0.7482517482517482", "transport_distance_percentile": "0.5244755244755245", "medical_distance_percentile": "0.7342657342657343", "exploratory_score_a": "0.27965915203677444", "exploratory_score_b": "0.3915228128514842", "exploratory_score_c": "0.2053441326144148", "rank_a_unfiltered": "90", "rank_b_unfiltered": "40", "rank_c_unfiltered": "46", "pareto_frontier": "False", "eligibility_population_threshold": true, "eligibility_elderly_threshold": true, "primary_eligible": true, "rank": 44 }, "geometry": { "type": "Polygon", "coordinates": [ [ [ 135.31875, 35.4 ], [ 135.325, 35.4 ], [ 135.325, 35.404166666666676 ], [ 135.31875, 35.404166666666676 ], [ 135.31875, 35.4 ] ] ] } },
{ "type": "Feature", "properties": { "mesh_code": "533502854", "centroid_lat": 35.40625, "centroid_lon": 135.321875, "city_area_fraction": 1.0, "centroid_within_city": true, "population": 45, "elderly_population": 25.0, "reported_elderly_population": 25.0, "elderly_ratio": 0.55555555555555558, "HTKSYORI": "0", "HTKSAKI": null, "GASSAN": null, "disclosure_status": "unaffected", "suppression_flag": false, "aggregation_target_flag": false, "aggregation_flag": false, "primary_eligible_disclosure": true, "nearest_station_name": "真倉駅", "nearest_station_distance_m": 376.73989035756682, "nearest_bus_stop_name": "真倉駅前", "nearest_bus_stop_distance_m": 320.60100605264955, "nearest_public_transport_type": "bus_stop", "nearest_public_transport_name": "真倉駅前", "nearest_public_transport_distance_m": 320.60100605264955, "nearest_medical_name": "特別養護老人ﾎｰﾑｸﾞﾚｲｽｳﾞｨﾙまいづる診療所", "nearest_medical_distance_m": 2065.6144151335866, "nearest_hospital_name": "舞鶴赤十字病院", "nearest_hospital_distance_m": 4494.5586489641646, "nearest_clinic_name": "特別養護老人ﾎｰﾑｸﾞﾚｲｽｳﾞｨﾙまいづる診療所", "nearest_clinic_distance_m": 2065.6144151335866, "elderly_population_percentile": "0.48426573426573427", "elderly_ratio_percentile": "0.8164335664335665", "transport_distance_percentile": "0.34965034965034963", "medical_distance_percentile": "0.7132867132867133", "exploratory_score_a": "0.1693236833096973", "exploratory_score_b": "0.3454203139517825", "exploratory_score_c": "0.1207763335495743", "rank_a_unfiltered": "158", "rank_b_unfiltered": "48", "rank_c_unfiltered": "98", "pareto_frontier": "False", "eligibility_population_threshold": true, "eligibility_elderly_threshold": true, "primary_eligible": true, "rank": 87 }, "geometry": { "type": "Polygon", "coordinates": [ [ [ 135.31875, 35.404166666666676 ], [ 135.325, 35.404166666666676 ], [ 135.325, 35.408333333333346 ], [ 135.31875, 35.408333333333346 ], [ 135.31875, 35.404166666666676 ] ] ] } },
{ "type": "Feature", "properties": { "mesh_code": "533502863", "centroid_lat": 35.40625, "centroid_lon": 135.328125, "city_area_fraction": 1.0, "centroid_within_city": true, "population": 11, "elderly_population": 7.0, "reported_elderly_population": 7.0, "elderly_ratio": 0.63636363636363635, "HTKSYORI": "0", "HTKSAKI": null, "GASSAN": null, "disclosure_status": "unaffected", "suppression_flag": false, "aggregation_target_flag": false, "aggregation_flag": false, "primary_eligible_disclosure": true, "nearest_station_name": "真倉駅", "nearest_station_distance_m": 216.93730570746249, "nearest_bus_stop_name": "真倉駅前", "nearest_bus_stop_distance_m": 248.93524375323082, "nearest_public_transport_type": "station", "nearest_public_transport_name": "真倉駅", "nearest_public_transport_distance_m": 216.93730570746249, "nearest_medical_name": "特別養護老人ﾎｰﾑｸﾞﾚｲｽｳﾞｨﾙまいづる診療所", "nearest_medical_distance_m": 1536.6334091370679, "nearest_hospital_name": "市立舞鶴市民病院", "nearest_hospital_distance_m": 4342.7228561790716, "nearest_clinic_name": "特別養護老人ﾎｰﾑｸﾞﾚｲｽｳﾞｨﾙまいづる診療所", "nearest_clinic_distance_m": 1536.6334091370679, "elderly_population_percentile": "0.12062937062937062", "elderly_ratio_percentile": "0.9143356643356644", "transport_distance_percentile": "0.22377622377622378", "medical_distance_percentile": "0.6293706293706294", "exploratory_score_a": "0.026993985035943076", "exploratory_score_b": "0.0759205829135899", "exploratory_score_c": "0.016989221351292844", "rank_a_unfiltered": "262", "rank_b_unfiltered": "225", "rank_c_unfiltered": "239", "pareto_frontier": "False", "eligibility_population_threshold": false, "eligibility_elderly_threshold": false, "primary_eligible": false, "rank": null }, "geometry": { "type": "Polygon", "coordinates": [ [ [ 135.325, 35.404166666666676 ], [ 135.33125, 35.404166666666676 ], [ 135.33125, 35.408333333333346 ], [ 135.325, 35.408333333333346 ], [ 135.325, 35.404166666666676 ] ] ] } },
{ "type": "Feature", "properties": { "mesh_code": "533502872", "centroid_lat": 35.402083333333337, "centroid_lon": 135.346875, "city_area_fraction": 1.0, "centroid_within_city": true, "population": 18, "elderly_population": 6.0, "reported_elderly_population": 6.0, "elderly_ratio": 0.33333333333333331, "HTKSYORI": "0", "HTKSAKI": null, "GASSAN": null, "disclosure_status": "unaffected", "suppression_flag": false, "aggregation_target_flag": false, "aggregation_flag": false, "primary_eligible_disclosure": true, "nearest_station_name": "真倉駅", "nearest_station_distance_m": 1980.0381625773059, "nearest_bus_stop_name": "真倉駅前", "nearest_bus_stop_distance_m": 1999.8953525826378, "nearest_public_transport_type": "station", "nearest_public_transport_name": "真倉駅", "nearest_public_transport_distance_m": 1980.0381625773059, "nearest_medical_name": "特別養護老人ﾎｰﾑｸﾞﾚｲｽｳﾞｨﾙまいづる診療所", "nearest_medical_distance_m": 1149.7541394308905, "nearest_hospital_name": "市立舞鶴市民病院", "nearest_hospital_distance_m": 4754.598052156729, "nearest_clinic_name": "特別養護老人ﾎｰﾑｸﾞﾚｲｽｳﾞｨﾙまいづる診療所", "nearest_clinic_distance_m": 1149.7541394308905, "elderly_population_percentile": "0.09090909090909091", "elderly_ratio_percentile": "0.3531468531468531", "transport_distance_percentile": "0.8741258741258742", "medical_distance_percentile": "0.513986013986014", "exploratory_score_a": "0.07946598855689765", "exploratory_score_b": "0.04672600127145581", "exploratory_score_c": "0.04084440670581802", "rank_a_unfiltered": "220", "rank_b_unfiltered": "252", "rank_c_unfiltered": "190", "pareto_frontier": "False", "eligibility_population_threshold": false, "eligibility_elderly_threshold": false, "primary_eligible": false, "rank": null }, "geometry": { "type": "Polygon", "coordinates": [ [ [ 135.34375, 35.4 ], [ 135.35, 35.4 ], [ 135.35, 35.404166666666676 ], [ 135.34375, 35.404166666666676 ], [ 135.34375, 35.4 ] ] ] } },
{ "type": "Feature", "properties": { "mesh_code": "533502873", "centroid_lat": 35.40625, "centroid_lon": 135.340625, "city_area_fraction": 1.0, "centroid_within_city": true, "population": 50, "elderly_population": 26.0, "reported_elderly_population": 26.0, "elderly_ratio": 0.52, "HTKSYORI": "0", "HTKSAKI": null, "GASSAN": null, "disclosure_status": "unaffected", "suppression_flag": false, "aggregation_target_flag": false, "aggregation_flag": false, "primary_eligible_disclosure": true, "nearest_station_name": "真倉駅", "nearest_station_distance_m": 1338.2467363954568, "nearest_bus_stop_name": "真倉駅前", "nearest_bus_stop_distance_m": 1383.4535751671549, "nearest_public_transport_type": "station", "nearest_public_transport_name": "真倉駅", "nearest_public_transport_distance_m": 1338.2467363954568, "nearest_medical_name": "特別養護老人ﾎｰﾑｸﾞﾚｲｽｳﾞｨﾙまいづる診療所", "nearest_medical_distance_m": 695.46339310937287, "nearest_hospital_name": "市立舞鶴市民病院", "nearest_hospital_distance_m": 4237.9948304457157, "nearest_clinic_name": "特別養護老人ﾎｰﾑｸﾞﾚｲｽｳﾞｨﾙまいづる診療所", "nearest_clinic_distance_m": 695.46339310937287, "elderly_population_percentile": "0.5", "elderly_ratio_percentile": "0.756993006993007", "transport_distance_percentile": "0.7832167832167832", "medical_distance_percentile": "0.3146853146853147", "exploratory_score_a": "0.3916083916083916", "exploratory_score_b": "0.15734265734265734", "exploratory_score_c": "0.12323340994669667", "rank_a_unfiltered": "45", "rank_b_unfiltered": "154", "rank_c_unfiltered": "92", "pareto_frontier": "False", "eligibility_population_threshold": true, "eligibility_elderly_threshold": true, "primary_eligible": true, "rank": 83 }, "geometry": { "type": "Polygon", "coordinates": [ [ [ 135.3375, 35.404166666666676 ], [ 135.34375, 35.404166666666676 ], [ 135.34375, 35.408333333333346 ], [ 135.3375, 35.408333333333346 ], [ 135.3375, 35.404166666666676 ] ] ] } },
{ "type": "Feature", "properties": { "mesh_code": "533502874", "centroid_lat": 35.40625, "centroid_lon": 135.346875, "city_area_fraction": 1.0, "centroid_within_city": true, "population": 95, "elderly_population": 47.0, "reported_elderly_population": 47.0, "elderly_ratio": 0.49473684210526314, "HTKSYORI": "0", "HTKSAKI": null, "GASSAN": null, "disclosure_status": "unaffected", "suppression_flag": false, "aggregation_target_flag": false, "aggregation_flag": false, "primary_eligible_disclosure": true, "nearest_station_name": "真倉駅", "nearest_station_distance_m": 1905.1547830477728, "nearest_bus_stop_name": "真倉駅前", "nearest_bus_stop_distance_m": 1951.0847803798899, "nearest_public_transport_type": "station", "nearest_public_transport_name": "真倉駅", "nearest_public_transport_distance_m": 1905.1547830477728, "nearest_medical_name": "特別養護老人ﾎｰﾑｸﾞﾚｲｽｳﾞｨﾙまいづる診療所", "nearest_medical_distance_m": 715.27185656043491, "nearest_hospital_name": "市立舞鶴市民病院", "nearest_hospital_distance_m": 4298.5606149554606, "nearest_clinic_name": "特別養護老人ﾎｰﾑｸﾞﾚｲｽｳﾞｨﾙまいづる診療所", "nearest_clinic_distance_m": 715.27185656043491, "elderly_population_percentile": "0.6083916083916084", "elderly_ratio_percentile": "0.7027972027972028", "transport_distance_percentile": "0.8636363636363636", "medical_distance_percentile": "0.3321678321678322", "exploratory_score_a": "0.5254291163382073", "exploratory_score_b": "0.2020881216685413", "exploratory_score_c": "0.17453065053192202", "rank_a_unfiltered": "9", "rank_b_unfiltered": "128", "rank_c_unfiltered": "59", "pareto_frontier": "False", "eligibility_population_threshold": true, "eligibility_elderly_threshold": true, "primary_eligible": true, "rank": 54 }, "geometry": { "type": "Polygon", "coordinates": [ [ [ 135.34375, 35.404166666666676 ], [ 135.35, 35.404166666666676 ], [ 135.35, 35.408333333333346 ], [ 135.34375, 35.408333333333346 ], [ 135.34375, 35.404166666666676 ] ] ] } },
{ "type": "Feature", "properties": { "mesh_code": "533502883", "centroid_lat": 35.40625, "centroid_lon": 135.353125, "city_area_fraction": 1.0, "centroid_within_city": true, "population": 54, "elderly_population": 17.0, "reported_elderly_population": 17.0, "elderly_ratio": 0.31481481481481483, "HTKSYORI": "0", "HTKSAKI": null, "GASSAN": null, "disclosure_status": "unaffected", "suppression_flag": false, "aggregation_target_flag": false, "aggregation_flag": false, "primary_eligible_disclosure": true, "nearest_station_name": "真倉駅", "nearest_station_distance_m": 2472.4176677493178, "nearest_bus_stop_name": "真倉駅前", "nearest_bus_stop_distance_m": 2518.7400364061305, "nearest_public_transport_type": "station", "nearest_public_transport_name": "真倉駅", "nearest_public_transport_distance_m": 2472.4176677493178, "nearest_medical_name": "特別養護老人ﾎｰﾑｸﾞﾚｲｽｳﾞｨﾙまいづる診療所", "nearest_medical_distance_m": 1088.1376157078691, "nearest_hospital_name": "市立舞鶴市民病院", "nearest_hospital_distance_m": 4431.5768878081863, "nearest_clinic_name": "特別養護老人ﾎｰﾑｸﾞﾚｲｽｳﾞｨﾙまいづる診療所", "nearest_clinic_distance_m": 1088.1376157078691, "elderly_population_percentile": "0.3811188811188811", "elderly_ratio_percentile": "0.29895104895104896", "transport_distance_percentile": "0.916083916083916", "medical_distance_percentile": "0.479020979020979", "exploratory_score_a": "0.34913687710890506", "exploratory_score_b": "0.18256393955694653", "exploratory_score_c": "0.16724388868503495", "rank_a_unfiltered": "57", "rank_b_unfiltered": "137", "rank_c_unfiltered": "66", "pareto_frontier": "False", "eligibility_population_threshold": true, "eligibility_elderly_threshold": true, "primary_eligible": true, "rank": 60 }, "geometry": { "type": "Polygon", "coordinates": [ [ [ 135.35, 35.404166666666676 ], [ 135.35625, 35.404166666666676 ], [ 135.35625, 35.408333333333346 ], [ 135.35, 35.408333333333346 ], [ 135.35, 35.404166666666676 ] ] ] } },
{ "type": "Feature", "properties": { "mesh_code": "533502903", "centroid_lat": 35.41458333333334, "centroid_lon": 135.253125, "city_area_fraction": 1.0, "centroid_within_city": true, "population": 48, "elderly_population": 24.0, "reported_elderly_population": 24.0, "elderly_ratio": 0.5, "HTKSYORI": "0", "HTKSAKI": null, "GASSAN": null, "disclosure_status": "unaffected", "suppression_flag": false, "aggregation_target_flag": false, "aggregation_flag": false, "primary_eligible_disclosure": true, "nearest_station_name": "四所駅", "nearest_station_distance_m": 4877.8018045406625, "nearest_bus_stop_name": "加佐分室前", "nearest_bus_stop_distance_m": 1649.5360847941731, "nearest_public_transport_type": "bus_stop", "nearest_public_transport_name": "加佐分室前", "nearest_public_transport_distance_m": 1649.5360847941731, "nearest_medical_name": "ライフ・ステージ舞夢診療所", "nearest_medical_distance_m": 3220.4937181374457, "nearest_hospital_name": "舞鶴赤十字病院", "nearest_hospital_distance_m": 8334.0146055191253, "nearest_clinic_name": "ライフ・ステージ舞夢診療所", "nearest_clinic_distance_m": 3220.4937181374457, "elderly_population_percentile": "0.46503496503496505", "elderly_ratio_percentile": "0.7202797202797203", "transport_distance_percentile": "0.8286713286713286", "medical_distance_percentile": "0.8636363636363636", "exploratory_score_a": "0.38536114235414937", "exploratory_score_b": "0.4016211061665607", "exploratory_score_c": "0.33281189566949265", "rank_a_unfiltered": "48", "rank_b_unfiltered": "34", "rank_c_unfiltered": "14", "pareto_frontier": "False", "eligibility_population_threshold": true, "eligibility_elderly_threshold": true, "primary_eligible": true, "rank": 14 }, "geometry": { "type": "Polygon", "coordinates": [ [ [ 135.25, 35.4125 ], [ 135.25625, 35.4125 ], [ 135.25625, 35.416666666666679 ], [ 135.25, 35.416666666666679 ], [ 135.25, 35.4125 ] ] ] } },
{ "type": "Feature", "properties": { "mesh_code": "533502904", "centroid_lat": 35.41458333333334, "centroid_lon": 135.259375, "city_area_fraction": 1.0000000000000002, "centroid_within_city": true, "population": 14, "elderly_population": 5.0, "reported_elderly_population": 5.0, "elderly_ratio": 0.35714285714285715, "HTKSYORI": "0", "HTKSAKI": null, "GASSAN": null, "disclosure_status": "unaffected", "suppression_flag": false, "aggregation_target_flag": false, "aggregation_flag": false, "primary_eligible_disclosure": true, "nearest_station_name": "四所駅", "nearest_station_distance_m": 4500.7887268696986, "nearest_bus_stop_name": "加佐分室前", "nearest_bus_stop_distance_m": 1900.832433862319, "nearest_public_transport_type": "bus_stop", "nearest_public_transport_name": "加佐分室前", "nearest_public_transport_distance_m": 1900.832433862319, "nearest_medical_name": "ライフ・ステージ舞夢診療所", "nearest_medical_distance_m": 3770.9121506546408, "nearest_hospital_name": "舞鶴赤十字病院", "nearest_hospital_distance_m": 7817.6934637687118, "nearest_clinic_name": "ライフ・ステージ舞夢診療所", "nearest_clinic_distance_m": 3770.9121506546408, "elderly_population_percentile": "0.06468531468531469", "elderly_ratio_percentile": "0.4353146853146853", "transport_distance_percentile": "0.8601398601398601", "medical_distance_percentile": "0.9055944055944056", "exploratory_score_a": "0.05563841752652941", "exploratory_score_b": "0.05857865910313463", "exploratory_score_c": "0.050385839648150764", "rank_a_unfiltered": "239", "rank_b_unfiltered": "239", "rank_c_unfiltered": "177", "pareto_frontier": "False", "eligibility_population_threshold": false, "eligibility_elderly_threshold": false, "primary_eligible": false, "rank": null }, "geometry": { "type": "Polygon", "coordinates": [ [ [ 135.25625, 35.4125 ], [ 135.2625, 35.4125 ], [ 135.2625, 35.416666666666679 ], [ 135.25625, 35.416666666666679 ], [ 135.25625, 35.4125 ] ] ] } },
{ "type": "Feature", "properties": { "mesh_code": "533502943", "centroid_lat": 35.41458333333334, "centroid_lon": 135.303125, "city_area_fraction": 1.0, "centroid_within_city": true, "population": 39, "elderly_population": 29.0, "reported_elderly_population": 29.0, "elderly_ratio": 0.74358974358974361, "HTKSYORI": "0", "HTKSAKI": null, "GASSAN": null, "disclosure_status": "unaffected", "suppression_flag": false, "aggregation_target_flag": false, "aggregation_flag": false, "primary_eligible_disclosure": true, "nearest_station_name": "真倉駅", "nearest_station_distance_m": 2234.7022517557107, "nearest_bus_stop_name": "真倉駅前", "nearest_bus_stop_distance_m": 2233.5713316217689, "nearest_public_transport_type": "bus_stop", "nearest_public_transport_name": "真倉駅前", "nearest_public_transport_distance_m": 2233.5713316217689, "nearest_medical_name": "医療法人荒木クリニック", "nearest_medical_distance_m": 2565.2555559096509, "nearest_hospital_name": "舞鶴赤十字病院", "nearest_hospital_distance_m": 4558.1843298965814, "nearest_clinic_name": "医療法人荒木クリニック", "nearest_clinic_distance_m": 2565.2555559096509, "elderly_population_percentile": "0.5332167832167832", "elderly_ratio_percentile": "0.9615384615384616", "transport_distance_percentile": "0.8986013986013986", "medical_distance_percentile": "0.7797202797202797", "exploratory_score_a": "0.4791493471563402", "exploratory_score_b": "0.4157599393613379", "exploratory_score_c": "0.37360246299253097", "rank_a_unfiltered": "22", "rank_b_unfiltered": "31", "rank_c_unfiltered": "10", "pareto_frontier": "False", "eligibility_population_threshold": true, "eligibility_elderly_threshold": true, "primary_eligible": true, "rank": 10 }, "geometry": { "type": "Polygon", "coordinates": [ [ [ 135.3, 35.4125 ], [ 135.30625, 35.4125 ], [ 135.30625, 35.416666666666679 ], [ 135.3, 35.416666666666679 ], [ 135.3, 35.4125 ] ] ] } },
{ "type": "Feature", "properties": { "mesh_code": "533502961", "centroid_lat": 35.410416666666677, "centroid_lon": 135.328125, "city_area_fraction": 1.0, "centroid_within_city": true, "population": 2, "elderly_population": null, "reported_elderly_population": null, "elderly_ratio": null, "HTKSYORI": "2", "HTKSAKI": "533502964", "GASSAN": null, "disclosure_status": "suppressed_source", "suppression_flag": true, "aggregation_target_flag": false, "aggregation_flag": false, "primary_eligible_disclosure": false, "nearest_station_name": "真倉駅", "nearest_station_distance_m": 428.57307421106111, "nearest_bus_stop_name": "真倉駅前", "nearest_bus_stop_distance_m": 544.6809262631665, "nearest_public_transport_type": "station", "nearest_public_transport_name": "真倉駅", "nearest_public_transport_distance_m": 428.57307421106111, "nearest_medical_name": "特別養護老人ﾎｰﾑｸﾞﾚｲｽｳﾞｨﾙまいづる診療所", "nearest_medical_distance_m": 1406.4809588570154, "nearest_hospital_name": "市立舞鶴市民病院", "nearest_hospital_distance_m": 3893.326971202966, "nearest_clinic_name": "特別養護老人ﾎｰﾑｸﾞﾚｲｽｳﾞｨﾙまいづる診療所", "nearest_clinic_distance_m": 1406.4809588570154, "elderly_population_percentile": "<NA>", "elderly_ratio_percentile": "<NA>", "transport_distance_percentile": "<NA>", "medical_distance_percentile": "<NA>", "exploratory_score_a": "<NA>", "exploratory_score_b": "<NA>", "exploratory_score_c": "<NA>", "rank_a_unfiltered": "<NA>", "rank_b_unfiltered": "<NA>", "rank_c_unfiltered": "<NA>", "pareto_frontier": "<NA>", "eligibility_population_threshold": false, "eligibility_elderly_threshold": false, "primary_eligible": false, "rank": null }, "geometry": { "type": "Polygon", "coordinates": [ [ [ 135.325, 35.408333333333339 ], [ 135.33125, 35.408333333333339 ], [ 135.33125, 35.4125 ], [ 135.325, 35.4125 ], [ 135.325, 35.408333333333339 ] ] ] } },
{ "type": "Feature", "properties": { "mesh_code": "533502964", "centroid_lat": 35.41458333333334, "centroid_lon": 135.334375, "city_area_fraction": 1.0, "centroid_within_city": true, "population": 15, "elderly_population": null, "reported_elderly_population": 10.0, "elderly_ratio": null, "HTKSYORI": "1", "HTKSAKI": null, "GASSAN": "533502961", "disclosure_status": "aggregation_destination", "suppression_flag": false, "aggregation_target_flag": true, "aggregation_flag": true, "primary_eligible_disclosure": false, "nearest_station_name": "真倉駅", "nearest_station_distance_m": 1138.9710988875574, "nearest_bus_stop_name": "京田", "nearest_bus_stop_distance_m": 1002.8527898461761, "nearest_public_transport_type": "bus_stop", "nearest_public_transport_name": "京田", "nearest_public_transport_distance_m": 1002.8527898461761, "nearest_medical_name": "特別養護老人ﾎｰﾑｸﾞﾚｲｽｳﾞｨﾙまいづる診療所", "nearest_medical_distance_m": 872.69692539105949, "nearest_hospital_name": "市立舞鶴市民病院", "nearest_hospital_distance_m": 3333.5807549092533, "nearest_clinic_name": "特別養護老人ﾎｰﾑｸﾞﾚｲｽｳﾞｨﾙまいづる診療所", "nearest_clinic_distance_m": 872.69692539105949, "elderly_population_percentile": "<NA>", "elderly_ratio_percentile": "<NA>", "transport_distance_percentile": "<NA>", "medical_distance_percentile": "<NA>", "exploratory_score_a": "<NA>", "exploratory_score_b": "<NA>", "exploratory_score_c": "<NA>", "rank_a_unfiltered": "<NA>", "rank_b_unfiltered": "<NA>", "rank_c_unfiltered": "<NA>", "pareto_frontier": "<NA>", "eligibility_population_threshold": false, "eligibility_elderly_threshold": false, "primary_eligible": false, "rank": null }, "geometry": { "type": "Polygon", "coordinates": [ [ [ 135.33125, 35.4125 ], [ 135.3375, 35.4125 ], [ 135.3375, 35.416666666666679 ], [ 135.33125, 35.416666666666679 ], [ 135.33125, 35.4125 ] ] ] } },
{ "type": "Feature", "properties": { "mesh_code": "533502971", "centroid_lat": 35.410416666666677, "centroid_lon": 135.340625, "city_area_fraction": 1.0, "centroid_within_city": true, "population": 44, "elderly_population": 22.0, "reported_elderly_population": 22.0, "elderly_ratio": 0.5, "HTKSYORI": "0", "HTKSAKI": null, "GASSAN": null, "disclosure_status": "unaffected", "suppression_flag": false, "aggregation_target_flag": false, "aggregation_flag": false, "primary_eligible_disclosure": true, "nearest_station_name": "真倉駅", "nearest_station_distance_m": 1388.3182008333997, "nearest_bus_stop_name": "真倉駅前", "nearest_bus_stop_distance_m": 1465.7955631722048, "nearest_public_transport_type": "station", "nearest_public_transport_name": "真倉駅", "nearest_public_transport_distance_m": 1388.3182008333997, "nearest_medical_name": "特別養護老人ﾎｰﾑｸﾞﾚｲｽｳﾞｨﾙまいづる診療所", "nearest_medical_distance_m": 317.35322689325591, "nearest_hospital_name": "市立舞鶴市民病院", "nearest_hospital_distance_m": 3776.1628400024974, "nearest_clinic_name": "特別養護老人ﾎｰﾑｸﾞﾚｲｽｳﾞｨﾙまいづる診療所", "nearest_clinic_distance_m": 317.35322689325591, "elderly_population_percentile": "0.43356643356643354", "elderly_ratio_percentile": "0.7202797202797203", "transport_distance_percentile": "0.7937062937062938", "medical_distance_percentile": "0.13636363636363635", "exploratory_score_a": "0.34412440706147", "exploratory_score_b": "0.05912269548633184", "exploratory_score_c": "0.04692605550838227", "rank_a_unfiltered": "58", "rank_b_unfiltered": "238", "rank_c_unfiltered": "182", "pareto_frontier": "False", "eligibility_population_threshold": true, "eligibility_elderly_threshold": true, "primary_eligible": true, "rank": 147 }, "geometry": { "type": "Polygon", "coordinates": [ [ [ 135.3375, 35.408333333333339 ], [ 135.34375, 35.408333333333339 ], [ 135.34375, 35.4125 ], [ 135.3375, 35.4125 ], [ 135.3375, 35.408333333333339 ] ] ] } },
{ "type": "Feature", "properties": { "mesh_code": "533502973", "centroid_lat": 35.41458333333334, "centroid_lon": 135.340625, "city_area_fraction": 1.0, "centroid_within_city": true, "population": 95, "elderly_population": 48.0, "reported_elderly_population": 48.0, "elderly_ratio": 0.50526315789473686, "HTKSYORI": "0", "HTKSAKI": null, "GASSAN": null, "disclosure_status": "unaffected", "suppression_flag": false, "aggregation_target_flag": false, "aggregation_flag": false, "primary_eligible_disclosure": true, "nearest_station_name": "真倉駅", "nearest_station_distance_m": 1578.3904770894669, "nearest_bus_stop_name": "京田", "nearest_bus_stop_distance_m": 1353.0167149198051, "nearest_public_transport_type": "bus_stop", "nearest_public_transport_name": "京田", "nearest_public_transport_distance_m": 1353.0167149198051, "nearest_medical_name": "特別養護老人ﾎｰﾑｸﾞﾚｲｽｳﾞｨﾙまいづる診療所", "nearest_medical_distance_m": 380.94805387921451, "nearest_hospital_name": "市立舞鶴市民病院", "nearest_hospital_distance_m": 3314.4492767864895, "nearest_clinic_name": "特別養護老人ﾎｰﾑｸﾞﾚｲｽｳﾞｨﾙまいづる診療所", "nearest_clinic_distance_m": 380.94805387921451, "elderly_population_percentile": "0.6153846153846154", "elderly_ratio_percentile": "0.7447552447552448", "transport_distance_percentile": "0.7867132867132867", "medical_distance_percentile": "0.15734265734265734", "exploratory_score_a": "0.48413125336202256", "exploratory_score_b": "0.09682625067240452", "exploratory_score_c": "0.07617449790661195", "rank_a_unfiltered": "20", "rank_b_unfiltered": "211", "rank_c_unfiltered": "147", "pareto_frontier": "False", "eligibility_population_threshold": true, "eligibility_elderly_threshold": true, "primary_eligible": true, "rank": 126 }, "geometry": { "type": "Polygon", "coordinates": [ [ [ 135.3375, 35.4125 ], [ 135.34375, 35.4125 ], [ 135.34375, 35.416666666666679 ], [ 135.3375, 35.416666666666679 ], [ 135.3375, 35.4125 ] ] ] } },
{ "type": "Feature", "properties": { "mesh_code": "533502981", "centroid_lat": 35.410416666666677, "centroid_lon": 135.353125, "city_area_fraction": 0.99999999999999978, "centroid_within_city": true, "population": 60, "elderly_population": 23.0, "reported_elderly_population": 23.0, "elderly_ratio": 0.38333333333333336, "HTKSYORI": "0", "HTKSAKI": null, "GASSAN": null, "disclosure_status": "unaffected", "suppression_flag": false, "aggregation_target_flag": false, "aggregation_flag": false, "primary_eligible_disclosure": true, "nearest_station_name": "真倉駅", "nearest_station_distance_m": 2499.8299038483315, "nearest_bus_stop_name": "京田", "nearest_bus_stop_distance_m": 2541.5139806922512, "nearest_public_transport_type": "station", "nearest_public_transport_name": "真倉駅", "nearest_public_transport_distance_m": 2499.8299038483315, "nearest_medical_name": "特別養護老人ﾎｰﾑｸﾞﾚｲｽｳﾞｨﾙまいづる診療所", "nearest_medical_distance_m": 895.01497069434038, "nearest_hospital_name": "市立舞鶴市民病院", "nearest_hospital_distance_m": 3992.1922656300385, "nearest_clinic_name": "特別養護老人ﾎｰﾑｸﾞﾚｲｽｳﾞｨﾙまいづる診療所", "nearest_clinic_distance_m": 895.01497069434038, "elderly_population_percentile": "0.4493006993006993", "elderly_ratio_percentile": "0.4755244755244755", "transport_distance_percentile": "0.9230769230769231", "medical_distance_percentile": "0.4160839160839161", "exploratory_score_a": "0.4147391070467994", "exploratory_score_b": "0.186946794464277", "exploratory_score_c": "0.17256627181317877", "rank_a_unfiltered": "37", "rank_b_unfiltered": "133", "rank_c_unfiltered": "60", "pareto_frontier": "False", "eligibility_population_threshold": true, "eligibility_elderly_threshold": true, "primary_eligible": true, "rank": 55 }, "geometry": { "type": "Polygon", "coordinates": [ [ [ 135.35, 35.408333333333339 ], [ 135.35625, 35.408333333333339 ], [ 135.35625, 35.4125 ], [ 135.35, 35.4125 ], [ 135.35, 35.408333333333339 ] ] ] } },
{ "type": "Feature", "properties": { "mesh_code": "533502982", "centroid_lat": 35.410416666666677, "centroid_lon": 135.359375, "city_area_fraction": 1.0, "centroid_within_city": true, "population": 134, "elderly_population": 101.0, "reported_elderly_population": 101.0, "elderly_ratio": 0.75373134328358204, "HTKSYORI": "0", "HTKSAKI": null, "GASSAN": null, "disclosure_status": "unaffected", "suppression_flag": false, "aggregation_target_flag": false, "aggregation_flag": false, "primary_eligible_disclosure": true, "nearest_station_name": "真倉駅", "nearest_station_distance_m": 3062.1471550244173, "nearest_bus_stop_name": "京田", "nearest_bus_stop_distance_m": 3036.0128312650872, "nearest_public_transport_type": "bus_stop", "nearest_public_transport_name": "京田", "nearest_public_transport_distance_m": 3036.0128312650872, "nearest_medical_name": "特別養護老人ﾎｰﾑｸﾞﾚｲｽｳﾞｨﾙまいづる診療所", "nearest_medical_distance_m": 1455.2998050380395, "nearest_hospital_name": "市立舞鶴市民病院", "nearest_hospital_distance_m": 4212.2422913921437, "nearest_clinic_name": "特別養護老人ﾎｰﾑｸﾞﾚｲｽｳﾞｨﾙまいづる診療所", "nearest_clinic_distance_m": 1455.2998050380395, "elderly_population_percentile": "0.7307692307692307", "elderly_ratio_percentile": "0.965034965034965", "transport_distance_percentile": "0.9440559440559441", "medical_distance_percentile": "0.6083916083916084", "exploratory_score_a": "0.6898870360408822", "exploratory_score_b": "0.44459386767079073", "exploratory_score_c": "0.41972148346543187", "rank_a_unfiltered": "1", "rank_b_unfiltered": "24", "rank_c_unfiltered": "4", "pareto_frontier": "True", "eligibility_population_threshold": true, "eligibility_elderly_threshold": true, "primary_eligible": true, "rank": 4 }, "geometry": { "type": "Polygon", "coordinates": [ [ [ 135.35625, 35.408333333333339 ], [ 135.3625, 35.408333333333339 ], [ 135.3625, 35.4125 ], [ 135.35625, 35.4125 ], [ 135.35625, 35.408333333333339 ] ] ] } },
{ "type": "Feature", "properties": { "mesh_code": "533502984", "centroid_lat": 35.41458333333334, "centroid_lon": 135.359375, "city_area_fraction": 0.99999999999999978, "centroid_within_city": true, "population": 64, "elderly_population": 31.0, "reported_elderly_population": 31.0, "elderly_ratio": 0.484375, "HTKSYORI": "0", "HTKSAKI": null, "GASSAN": null, "disclosure_status": "unaffected", "suppression_flag": false, "aggregation_target_flag": false, "aggregation_flag": false, "primary_eligible_disclosure": true, "nearest_station_name": "真倉駅", "nearest_station_distance_m": 3152.8161066387884, "nearest_bus_stop_name": "京田", "nearest_bus_stop_distance_m": 2858.5795221621497, "nearest_public_transport_type": "bus_stop", "nearest_public_transport_name": "京田", "nearest_public_transport_distance_m": 2858.5795221621497, "nearest_medical_name": "特別養護老人ﾎｰﾑｸﾞﾚｲｽｳﾞｨﾙまいづる診療所", "nearest_medical_distance_m": 1470.4427640483229, "nearest_hospital_name": "市立舞鶴市民病院", "nearest_hospital_distance_m": 3803.811525179407, "nearest_clinic_name": "特別養護老人ﾎｰﾑｸﾞﾚｲｽｳﾞｨﾙまいづる診療所", "nearest_clinic_distance_m": 1470.4427640483229, "elderly_population_percentile": "0.548951048951049", "elderly_ratio_percentile": "0.6853146853146853", "transport_distance_percentile": "0.9300699300699301", "medical_distance_percentile": "0.6153846153846154", "exploratory_score_a": "0.5105628637097169", "exploratory_score_b": "0.33781603012372247", "exploratory_score_c": "0.314192531513672", "rank_a_unfiltered": "11", "rank_b_unfiltered": "51", "rank_c_unfiltered": "17", "pareto_frontier": "True", "eligibility_population_threshold": true, "eligibility_elderly_threshold": true, "primary_eligible": true, "rank": 17 }, "geometry": { "type": "Polygon", "coordinates": [ [ [ 135.35625, 35.4125 ], [ 135.3625, 35.4125 ], [ 135.3625, 35.416666666666679 ], [ 135.35625, 35.416666666666679 ], [ 135.35625, 35.4125 ] ] ] } },
{ "type": "Feature", "properties": { "mesh_code": "533502993", "centroid_lat": 35.41458333333334, "centroid_lon": 135.365625, "city_area_fraction": 1.0000000000000002, "centroid_within_city": true, "population": 12, "elderly_population": 4.0, "reported_elderly_population": 4.0, "elderly_ratio": 0.33333333333333331, "HTKSYORI": "0", "HTKSAKI": null, "GASSAN": null, "disclosure_status": "unaffected", "suppression_flag": false, "aggregation_target_flag": false, "aggregation_flag": false, "primary_eligible_disclosure": true, "nearest_station_name": "真倉駅", "nearest_station_distance_m": 3702.990419823615, "nearest_bus_stop_name": "京田", "nearest_bus_stop_distance_m": 3402.0208968242764, "nearest_public_transport_type": "bus_stop", "nearest_public_transport_name": "京田", "nearest_public_transport_distance_m": 3402.0208968242764, "nearest_medical_name": "特別養護老人ﾎｰﾑｸﾞﾚｲｽｳﾞｨﾙまいづる診療所", "nearest_medical_distance_m": 2030.6145497251766, "nearest_hospital_name": "市立舞鶴市民病院", "nearest_hospital_distance_m": 4113.2025882022308, "nearest_clinic_name": "特別養護老人ﾎｰﾑｸﾞﾚｲｽｳﾞｨﾙまいづる診療所", "nearest_clinic_distance_m": 2030.6145497251766, "elderly_population_percentile": "0.043706293706293704", "elderly_ratio_percentile": "0.3531468531468531", "transport_distance_percentile": "0.9615384615384616", "medical_distance_percentile": "0.7027972027972028", "exploratory_score_a": "0.04202528240989779", "exploratory_score_b": "0.030716660961416207", "exploratory_score_c": "0.02953525092443866", "rank_a_unfiltered": "248", "rank_b_unfiltered": "263", "rank_c_unfiltered": "211", "pareto_frontier": "False", "eligibility_population_threshold": false, "eligibility_elderly_threshold": false, "primary_eligible": false, "rank": null }, "geometry": { "type": "Polygon", "coordinates": [ [ [ 135.3625, 35.4125 ], [ 135.36875, 35.4125 ], [ 135.36875, 35.416666666666679 ], [ 135.3625, 35.416666666666679 ], [ 135.3625, 35.4125 ] ] ] } },
{ "type": "Feature", "properties": { "mesh_code": "533503811", "centroid_lat": 35.402083333333337, "centroid_lon": 135.390625, "city_area_fraction": 1.0, "centroid_within_city": true, "population": 2, "elderly_population": null, "reported_elderly_population": null, "elderly_ratio": null, "HTKSYORI": "2", "HTKSAKI": "533503813", "GASSAN": null, "disclosure_status": "suppressed_source", "suppression_flag": true, "aggregation_target_flag": false, "aggregation_flag": false, "primary_eligible_disclosure": false, "nearest_station_name": "真倉駅", "nearest_station_distance_m": 5902.5161358698533, "nearest_bus_stop_name": "常口", "nearest_bus_stop_distance_m": 5536.0798277513859, "nearest_public_transport_type": "bus_stop", "nearest_public_transport_name": "常口", "nearest_public_transport_distance_m": 5536.0798277513859, "nearest_medical_name": "特別養護老人ﾎｰﾑｸﾞﾚｲｽｳﾞｨﾙまいづる診療所", "nearest_medical_distance_m": 4423.1183913647155, "nearest_hospital_name": "市立舞鶴市民病院", "nearest_hospital_distance_m": 6653.1743784743421, "nearest_clinic_name": "特別養護老人ﾎｰﾑｸﾞﾚｲｽｳﾞｨﾙまいづる診療所", "nearest_clinic_distance_m": 4423.1183913647155, "elderly_population_percentile": "<NA>", "elderly_ratio_percentile": "<NA>", "transport_distance_percentile": "<NA>", "medical_distance_percentile": "<NA>", "exploratory_score_a": "<NA>", "exploratory_score_b": "<NA>", "exploratory_score_c": "<NA>", "rank_a_unfiltered": "<NA>", "rank_b_unfiltered": "<NA>", "rank_c_unfiltered": "<NA>", "pareto_frontier": "<NA>", "eligibility_population_threshold": false, "eligibility_elderly_threshold": false, "primary_eligible": false, "rank": null }, "geometry": { "type": "Polygon", "coordinates": [ [ [ 135.3875, 35.4 ], [ 135.39375, 35.4 ], [ 135.39375, 35.404166666666676 ], [ 135.3875, 35.404166666666676 ], [ 135.3875, 35.4 ] ] ] } },
{ "type": "Feature", "properties": { "mesh_code": "533503813", "centroid_lat": 35.40625, "centroid_lon": 135.390625, "city_area_fraction": 0.99999999999999978, "centroid_within_city": true, "population": 34, "elderly_population": null, "reported_elderly_population": 21.0, "elderly_ratio": null, "HTKSYORI": "1", "HTKSAKI": null, "GASSAN": "533503811", "disclosure_status": "aggregation_destination", "suppression_flag": false, "aggregation_target_flag": true, "aggregation_flag": true, "primary_eligible_disclosure": false, "nearest_station_name": "真倉駅", "nearest_station_distance_m": 5877.6841404615216, "nearest_bus_stop_name": "常口", "nearest_bus_stop_distance_m": 5084.7258309655026, "nearest_public_transport_type": "bus_stop", "nearest_public_transport_name": "常口", "nearest_public_transport_distance_m": 5084.7258309655026, "nearest_medical_name": "特別養護老人ﾎｰﾑｸﾞﾚｲｽｳﾞｨﾙまいづる診療所", "nearest_medical_distance_m": 4330.4412413488762, "nearest_hospital_name": "京都府立舞鶴こども療育センター", "nearest_hospital_distance_m": 6293.8375092144652, "nearest_clinic_name": "特別養護老人ﾎｰﾑｸﾞﾚｲｽｳﾞｨﾙまいづる診療所", "nearest_clinic_distance_m": 4330.4412413488762, "elderly_population_percentile": "<NA>", "elderly_ratio_percentile": "<NA>", "transport_distance_percentile": "<NA>", "medical_distance_percentile": "<NA>", "exploratory_score_a": "<NA>", "exploratory_score_b": "<NA>", "exploratory_score_c": "<NA>", "rank_a_unfiltered": "<NA>", "rank_b_unfiltered": "<NA>", "rank_c_unfiltered": "<NA>", "pareto_frontier": "<NA>", "eligibility_population_threshold": true, "eligibility_elderly_threshold": false, "primary_eligible": false, "rank": null }, "geometry": { "type": "Polygon", "coordinates": [ [ [ 135.3875, 35.404166666666676 ], [ 135.39375, 35.404166666666676 ], [ 135.39375, 35.408333333333346 ], [ 135.3875, 35.408333333333346 ], [ 135.3875, 35.404166666666676 ] ] ] } },
{ "type": "Feature", "properties": { "mesh_code": "533511061", "centroid_lat": 35.41875, "centroid_lon": 135.203125, "city_area_fraction": 0.2967732393953833, "centroid_within_city": false, "population": 20, "elderly_population": null, "reported_elderly_population": 12.0, "elderly_ratio": null, "HTKSYORI": "1", "HTKSAKI": null, "GASSAN": "533511042", "disclosure_status": "aggregation_destination", "suppression_flag": false, "aggregation_target_flag": true, "aggregation_flag": true, "primary_eligible_disclosure": false, "nearest_station_name": "四所駅", "nearest_station_distance_m": 8499.7557402840703, "nearest_bus_stop_name": "地頭", "nearest_bus_stop_distance_m": 1367.6334949417558, "nearest_public_transport_type": "bus_stop", "nearest_public_transport_name": "地頭", "nearest_public_transport_distance_m": 1367.6334949417558, "nearest_medical_name": "ライフ・ステージ舞夢診療所", "nearest_medical_distance_m": 1486.5006521373521, "nearest_hospital_name": "舞鶴赤十字病院", "nearest_hospital_distance_m": 12508.834391713641, "nearest_clinic_name": "ライフ・ステージ舞夢診療所", "nearest_clinic_distance_m": 1486.5006521373521, "elderly_population_percentile": "<NA>", "elderly_ratio_percentile": "<NA>", "transport_distance_percentile": "<NA>", "medical_distance_percentile": "<NA>", "exploratory_score_a": "<NA>", "exploratory_score_b": "<NA>", "exploratory_score_c": "<NA>", "rank_a_unfiltered": "<NA>", "rank_b_unfiltered": "<NA>", "rank_c_unfiltered": "<NA>", "pareto_frontier": "<NA>", "eligibility_population_threshold": true, "eligibility_elderly_threshold": false, "primary_eligible": false, "rank": null }, "geometry": { "type": "Polygon", "coordinates": [ [ [ 135.2, 35.416666666666671 ], [ 135.20625, 35.416666666666671 ], [ 135.20625, 35.420833333333341 ], [ 135.2, 35.420833333333341 ], [ 135.2, 35.416666666666671 ] ] ] } },
{ "type": "Feature", "properties": { "mesh_code": "533511062", "centroid_lat": 35.41875, "centroid_lon": 135.209375, "city_area_fraction": 1.0, "centroid_within_city": true, "population": 23, "elderly_population": null, "reported_elderly_population": 18.0, "elderly_ratio": null, "HTKSYORI": "1", "HTKSAKI": null, "GASSAN": "533511063", "disclosure_status": "aggregation_destination", "suppression_flag": false, "aggregation_target_flag": true, "aggregation_flag": true, "primary_eligible_disclosure": false, "nearest_station_name": "四所駅", "nearest_station_distance_m": 7972.2671658409572, "nearest_bus_stop_name": "地頭", "nearest_bus_stop_distance_m": 947.14152102799221, "nearest_public_transport_type": "bus_stop", "nearest_public_transport_name": "地頭", "nearest_public_transport_distance_m": 947.14152102799221, "nearest_medical_name": "ライフ・ステージ舞夢診療所", "nearest_medical_distance_m": 950.30743380926492, "nearest_hospital_name": "舞鶴赤十字病院", "nearest_hospital_distance_m": 11957.36774622003, "nearest_clinic_name": "ライフ・ステージ舞夢診療所", "nearest_clinic_distance_m": 950.30743380926492, "elderly_population_percentile": "<NA>", "elderly_ratio_percentile": "<NA>", "transport_distance_percentile": "<NA>", "medical_distance_percentile": "<NA>", "exploratory_score_a": "<NA>", "exploratory_score_b": "<NA>", "exploratory_score_c": "<NA>", "rank_a_unfiltered": "<NA>", "rank_b_unfiltered": "<NA>", "rank_c_unfiltered": "<NA>", "pareto_frontier": "<NA>", "eligibility_population_threshold": true, "eligibility_elderly_threshold": false, "primary_eligible": false, "rank": null }, "geometry": { "type": "Polygon", "coordinates": [ [ [ 135.20625, 35.416666666666671 ], [ 135.2125, 35.416666666666671 ], [ 135.2125, 35.420833333333341 ], [ 135.20625, 35.420833333333341 ], [ 135.20625, 35.416666666666671 ] ] ] } },
{ "type": "Feature", "properties": { "mesh_code": "533511063", "centroid_lat": 35.42291666666668, "centroid_lon": 135.203125, "city_area_fraction": 0.23854051271648249, "centroid_within_city": false, "population": 8, "elderly_population": null, "reported_elderly_population": null, "elderly_ratio": null, "HTKSYORI": "2", "HTKSAKI": "533511062", "GASSAN": null, "disclosure_status": "suppressed_source", "suppression_flag": true, "aggregation_target_flag": false, "aggregation_flag": false, "primary_eligible_disclosure": false, "nearest_station_name": "四所駅", "nearest_station_distance_m": 8345.6022350875046, "nearest_bus_stop_name": "地頭", "nearest_bus_stop_distance_m": 1177.8204563071738, "nearest_public_transport_type": "bus_stop", "nearest_public_transport_name": "地頭", "nearest_public_transport_distance_m": 1177.8204563071738, "nearest_medical_name": "ライフ・ステージ舞夢診療所", "nearest_medical_distance_m": 1436.6418700852419, "nearest_hospital_name": "舞鶴赤十字病院", "nearest_hospital_distance_m": 12409.952705160023, "nearest_clinic_name": "ライフ・ステージ舞夢診療所", "nearest_clinic_distance_m": 1436.6418700852419, "elderly_population_percentile": "<NA>", "elderly_ratio_percentile": "<NA>", "transport_distance_percentile": "<NA>", "medical_distance_percentile": "<NA>", "exploratory_score_a": "<NA>", "exploratory_score_b": "<NA>", "exploratory_score_c": "<NA>", "rank_a_unfiltered": "<NA>", "rank_b_unfiltered": "<NA>", "rank_c_unfiltered": "<NA>", "pareto_frontier": "<NA>", "eligibility_population_threshold": false, "eligibility_elderly_threshold": false, "primary_eligible": false, "rank": null }, "geometry": { "type": "Polygon", "coordinates": [ [ [ 135.2, 35.420833333333341 ], [ 135.20625, 35.420833333333341 ], [ 135.20625, 35.425 ], [ 135.2, 35.425 ], [ 135.2, 35.420833333333341 ] ] ] } },
{ "type": "Feature", "properties": { "mesh_code": "533511064", "centroid_lat": 35.42291666666668, "centroid_lon": 135.209375, "city_area_fraction": 1.0, "centroid_within_city": true, "population": 13, "elderly_population": 7.0, "reported_elderly_population": 7.0, "elderly_ratio": 0.53846153846153844, "HTKSYORI": "0", "HTKSAKI": null, "GASSAN": null, "disclosure_status": "unaffected", "suppression_flag": false, "aggregation_target_flag": false, "aggregation_flag": false, "primary_eligible_disclosure": true, "nearest_station_name": "四所駅", "nearest_station_distance_m": 7807.7348083498646, "nearest_bus_stop_name": "地頭", "nearest_bus_stop_distance_m": 643.40292320424919, "nearest_public_transport_type": "bus_stop", "nearest_public_transport_name": "地頭", "nearest_public_transport_distance_m": 643.40292320424919, "nearest_medical_name": "ライフ・ステージ舞夢診療所", "nearest_medical_distance_m": 870.29151656497686, "nearest_hospital_name": "舞鶴赤十字病院", "nearest_hospital_distance_m": 11853.916188330213, "nearest_clinic_name": "ライフ・ステージ舞夢診療所", "nearest_clinic_distance_m": 870.29151656497686, "elderly_population_percentile": "0.12062937062937062", "elderly_ratio_percentile": "0.7867132867132867", "transport_distance_percentile": "0.6188811188811189", "medical_distance_percentile": "0.4090909090909091", "exploratory_score_a": "0.07465523986503007", "exploratory_score_b": "0.04934837889383344", "exploratory_score_c": "0.030540779944785032", "rank_a_unfiltered": "224", "rank_b_unfiltered": "250", "rank_c_unfiltered": "210", "pareto_frontier": "False", "eligibility_population_threshold": false, "eligibility_elderly_threshold": false, "primary_eligible": false, "rank": null }, "geometry": { "type": "Polygon", "coordinates": [ [ [ 135.20625, 35.420833333333341 ], [ 135.2125, 35.420833333333341 ], [ 135.2125, 35.425 ], [ 135.20625, 35.425 ], [ 135.20625, 35.420833333333341 ] ] ] } },
{ "type": "Feature", "properties": { "mesh_code": "533511071", "centroid_lat": 35.41875, "centroid_lon": 135.215625, "city_area_fraction": 1.0000000000000002, "centroid_within_city": true, "population": 2, "elderly_population": null, "reported_elderly_population": null, "elderly_ratio": null, "HTKSYORI": "2", "HTKSAKI": "533511074", "GASSAN": null, "disclosure_status": "suppressed_source", "suppression_flag": true, "aggregation_target_flag": false, "aggregation_flag": false, "primary_eligible_disclosure": false, "nearest_station_name": "四所駅", "nearest_station_distance_m": 7450.6636496475357, "nearest_bus_stop_name": "地頭", "nearest_bus_stop_distance_m": 753.68295351255642, "nearest_public_transport_type": "bus_stop", "nearest_public_transport_name": "地頭", "nearest_public_transport_distance_m": 753.68295351255642, "nearest_medical_name": "ライフ・ステージ舞夢診療所", "nearest_medical_distance_m": 490.73009804151866, "nearest_hospital_name": "舞鶴赤十字病院", "nearest_hospital_distance_m": 11407.476192582582, "nearest_clinic_name": "ライフ・ステージ舞夢診療所", "nearest_clinic_distance_m": 490.73009804151866, "elderly_population_percentile": "<NA>", "elderly_ratio_percentile": "<NA>", "transport_distance_percentile": "<NA>", "medical_distance_percentile": "<NA>", "exploratory_score_a": "<NA>", "exploratory_score_b": "<NA>", "exploratory_score_c": "<NA>", "rank_a_unfiltered": "<NA>", "rank_b_unfiltered": "<NA>", "rank_c_unfiltered": "<NA>", "pareto_frontier": "<NA>", "eligibility_population_threshold": false, "eligibility_elderly_threshold": false, "primary_eligible": false, "rank": null }, "geometry": { "type": "Polygon", "coordinates": [ [ [ 135.2125, 35.416666666666671 ], [ 135.21875, 35.416666666666671 ], [ 135.21875, 35.420833333333341 ], [ 135.2125, 35.420833333333341 ], [ 135.2125, 35.416666666666671 ] ] ] } },
{ "type": "Feature", "properties": { "mesh_code": "533511072", "centroid_lat": 35.41875, "centroid_lon": 135.221875, "city_area_fraction": 1.0000000000000002, "centroid_within_city": true, "population": 3, "elderly_population": null, "reported_elderly_population": null, "elderly_ratio": null, "HTKSYORI": "2", "HTKSAKI": "533511074", "GASSAN": null, "disclosure_status": "suppressed_source", "suppression_flag": true, "aggregation_target_flag": false, "aggregation_flag": false, "primary_eligible_disclosure": false, "nearest_station_name": "四所駅", "nearest_station_distance_m": 6936.2728356277667, "nearest_bus_stop_name": "由良川橋", "nearest_bus_stop_distance_m": 893.32565116983722, "nearest_public_transport_type": "bus_stop", "nearest_public_transport_name": "由良川橋", "nearest_public_transport_distance_m": 893.32565116983722, "nearest_medical_name": "ライフ・ステージ舞夢診療所", "nearest_medical_distance_m": 472.0992311327451, "nearest_hospital_name": "舞鶴赤十字病院", "nearest_hospital_distance_m": 10859.398917724015, "nearest_clinic_name": "ライフ・ステージ舞夢診療所", "nearest_clinic_distance_m": 472.0992311327451, "elderly_population_percentile": "<NA>", "elderly_ratio_percentile": "<NA>", "transport_distance_percentile": "<NA>", "medical_distance_percentile": "<NA>", "exploratory_score_a": "<NA>", "exploratory_score_b": "<NA>", "exploratory_score_c": "<NA>", "rank_a_unfiltered": "<NA>", "rank_b_unfiltered": "<NA>", "rank_c_unfiltered": "<NA>", "pareto_frontier": "<NA>", "eligibility_population_threshold": false, "eligibility_elderly_threshold": false, "primary_eligible": false, "rank": null }, "geometry": { "type": "Polygon", "coordinates": [ [ [ 135.21875, 35.416666666666671 ], [ 135.225, 35.416666666666671 ], [ 135.225, 35.420833333333341 ], [ 135.21875, 35.420833333333341 ], [ 135.21875, 35.416666666666671 ] ] ] } },
{ "type": "Feature", "properties": { "mesh_code": "533511073", "centroid_lat": 35.42291666666668, "centroid_lon": 135.215625, "city_area_fraction": 1.0, "centroid_within_city": true, "population": 12, "elderly_population": 4.0, "reported_elderly_population": 4.0, "elderly_ratio": 0.33333333333333331, "HTKSYORI": "0", "HTKSAKI": null, "GASSAN": null, "disclosure_status": "unaffected", "suppression_flag": false, "aggregation_target_flag": false, "aggregation_flag": false, "primary_eligible_disclosure": true, "nearest_station_name": "四所駅", "nearest_station_distance_m": 7274.3717772484797, "nearest_bus_stop_name": "地頭", "nearest_bus_stop_distance_m": 291.45442578936553, "nearest_public_transport_type": "bus_stop", "nearest_public_transport_name": "地頭", "nearest_public_transport_distance_m": 291.45442578936553, "nearest_medical_name": "ライフ・ステージ舞夢診療所", "nearest_medical_distance_m": 308.50183735495551, "nearest_hospital_name": "舞鶴赤十字病院", "nearest_hospital_distance_m": 11299.020433179736, "nearest_clinic_name": "ライフ・ステージ舞夢診療所", "nearest_clinic_distance_m": 308.50183735495551, "elderly_population_percentile": "0.043706293706293704", "elderly_ratio_percentile": "0.3531468531468531", "transport_distance_percentile": "0.32167832167832167", "medical_distance_percentile": "0.12937062937062938", "exploratory_score_a": "0.014059367206220351", "exploratory_score_b": "0.005654310724240794", "exploratory_score_c": "0.001818869184021514", "rank_a_unfiltered": "269", "rank_b_unfiltered": "279", "rank_c_unfiltered": "274", "pareto_frontier": "False", "eligibility_population_threshold": false, "eligibility_elderly_threshold": false, "primary_eligible": false, "rank": null }, "geometry": { "type": "Polygon", "coordinates": [ [ [ 135.2125, 35.420833333333341 ], [ 135.21875, 35.420833333333341 ], [ 135.21875, 35.425 ], [ 135.2125, 35.425 ], [ 135.2125, 35.420833333333341 ] ] ] } },
{ "type": "Feature", "properties": { "mesh_code": "533511074", "centroid_lat": 35.42291666666668, "centroid_lon": 135.221875, "city_area_fraction": 1.0, "centroid_within_city": true, "population": 95, "elderly_population": null, "reported_elderly_population": 75.0, "elderly_ratio": null, "HTKSYORI": "1", "HTKSAKI": null, "GASSAN": "533511071;533511072", "disclosure_status": "aggregation_destination", "suppression_flag": false, "aggregation_target_flag": true, "aggregation_flag": true, "primary_eligible_disclosure": false, "nearest_station_name": "四所駅", "nearest_station_distance_m": 6746.5813899185414, "nearest_bus_stop_name": "由良川橋", "nearest_bus_stop_distance_m": 458.88218857499686, "nearest_public_transport_type": "bus_stop", "nearest_public_transport_name": "由良川橋", "nearest_public_transport_distance_m": 458.88218857499686, "nearest_medical_name": "ライフ・ステージ舞夢診療所", "nearest_medical_distance_m": 277.91384781740135, "nearest_hospital_name": "舞鶴赤十字病院", "nearest_hospital_distance_m": 10745.442076058816, "nearest_clinic_name": "ライフ・ステージ舞夢診療所", "nearest_clinic_distance_m": 277.91384781740135, "elderly_population_percentile": "<NA>", "elderly_ratio_percentile": "<NA>", "transport_distance_percentile": "<NA>", "medical_distance_percentile": "<NA>", "exploratory_score_a": "<NA>", "exploratory_score_b": "<NA>", "exploratory_score_c": "<NA>", "rank_a_unfiltered": "<NA>", "rank_b_unfiltered": "<NA>", "rank_c_unfiltered": "<NA>", "pareto_frontier": "<NA>", "eligibility_population_threshold": true, "eligibility_elderly_threshold": false, "primary_eligible": false, "rank": null }, "geometry": { "type": "Polygon", "coordinates": [ [ [ 135.21875, 35.420833333333341 ], [ 135.225, 35.420833333333341 ], [ 135.225, 35.425 ], [ 135.21875, 35.425 ], [ 135.21875, 35.420833333333341 ] ] ] } },
{ "type": "Feature", "properties": { "mesh_code": "533511084", "centroid_lat": 35.42291666666668, "centroid_lon": 135.234375, "city_area_fraction": 1.0, "centroid_within_city": true, "population": 34, "elderly_population": 20.0, "reported_elderly_population": 20.0, "elderly_ratio": 0.58823529411764708, "HTKSYORI": "0", "HTKSAKI": null, "GASSAN": null, "disclosure_status": "unaffected", "suppression_flag": false, "aggregation_target_flag": false, "aggregation_flag": false, "primary_eligible_disclosure": true, "nearest_station_name": "四所駅", "nearest_station_distance_m": 5713.8818172860338, "nearest_bus_stop_name": "岡田由里", "nearest_bus_stop_distance_m": 785.93651659305715, "nearest_public_transport_type": "bus_stop", "nearest_public_transport_name": "岡田由里", "nearest_public_transport_distance_m": 785.93651659305715, "nearest_medical_name": "ライフ・ステージ舞夢診療所", "nearest_medical_distance_m": 1405.0778946113651, "nearest_hospital_name": "舞鶴赤十字病院", "nearest_hospital_distance_m": 9643.1441771864011, "nearest_clinic_name": "ライフ・ステージ舞夢診療所", "nearest_clinic_distance_m": 1405.0778946113651, "elderly_population_percentile": "0.41083916083916083", "elderly_ratio_percentile": "0.8583916083916084", "transport_distance_percentile": "0.6608391608391608", "medical_distance_percentile": "0.5944055944055944", "exploratory_score_a": "0.27149860628881606", "exploratory_score_b": "0.244205095603697", "exploratory_score_c": "0.16138029045139415", "rank_a_unfiltered": "96", "rank_b_unfiltered": "99", "rank_c_unfiltered": "70", "pareto_frontier": "False", "eligibility_population_threshold": true, "eligibility_elderly_threshold": true, "primary_eligible": true, "rank": 64 }, "geometry": { "type": "Polygon", "coordinates": [ [ [ 135.23125, 35.420833333333341 ], [ 135.2375, 35.420833333333341 ], [ 135.2375, 35.425 ], [ 135.23125, 35.425 ], [ 135.23125, 35.420833333333341 ] ] ] } },
{ "type": "Feature", "properties": { "mesh_code": "533511091", "centroid_lat": 35.41875, "centroid_lon": 135.240625, "city_area_fraction": 1.0, "centroid_within_city": true, "population": 4, "elderly_population": null, "reported_elderly_population": null, "elderly_ratio": null, "HTKSYORI": "2", "HTKSAKI": "533511093", "GASSAN": null, "disclosure_status": "suppressed_source", "suppression_flag": true, "aggregation_target_flag": false, "aggregation_flag": false, "primary_eligible_disclosure": false, "nearest_station_name": "四所駅", "nearest_station_distance_m": 5456.6674268486213, "nearest_bus_stop_name": "薬師口", "nearest_bus_stop_distance_m": 911.45471198291887, "nearest_public_transport_type": "bus_stop", "nearest_public_transport_name": "薬師口", "nearest_public_transport_distance_m": 911.45471198291887, "nearest_medical_name": "ライフ・ステージ舞夢診療所", "nearest_medical_distance_m": 2008.7365743882535, "nearest_hospital_name": "舞鶴赤十字病院", "nearest_hospital_distance_m": 9229.2791280769525, "nearest_clinic_name": "ライフ・ステージ舞夢診療所", "nearest_clinic_distance_m": 2008.7365743882535, "elderly_population_percentile": "<NA>", "elderly_ratio_percentile": "<NA>", "transport_distance_percentile": "<NA>", "medical_distance_percentile": "<NA>", "exploratory_score_a": "<NA>", "exploratory_score_b": "<NA>", "exploratory_score_c": "<NA>", "rank_a_unfiltered": "<NA>", "rank_b_unfiltered": "<NA>", "rank_c_unfiltered": "<NA>", "pareto_frontier": "<NA>", "eligibility_population_threshold": false, "eligibility_elderly_threshold": false, "primary_eligible": false, "rank": null }, "geometry": { "type": "Polygon", "coordinates": [ [ [ 135.2375, 35.416666666666671 ], [ 135.24375, 35.416666666666671 ], [ 135.24375, 35.420833333333341 ], [ 135.2375, 35.420833333333341 ], [ 135.2375, 35.416666666666671 ] ] ] } },
{ "type": "Feature", "properties": { "mesh_code": "533511093", "centroid_lat": 35.42291666666668, "centroid_lon": 135.240625, "city_area_fraction": 1.0, "centroid_within_city": true, "population": 21, "elderly_population": null, "reported_elderly_population": 16.0, "elderly_ratio": null, "HTKSYORI": "1", "HTKSAKI": null, "GASSAN": "533511091", "disclosure_status": "aggregation_destination", "suppression_flag": false, "aggregation_target_flag": true, "aggregation_flag": true, "primary_eligible_disclosure": false, "nearest_station_name": "四所駅", "nearest_station_distance_m": 5213.5065797691841, "nearest_bus_stop_name": "薬師口", "nearest_bus_stop_distance_m": 460.31465579459768, "nearest_public_transport_type": "bus_stop", "nearest_public_transport_name": "薬師口", "nearest_public_transport_distance_m": 460.31465579459768, "nearest_medical_name": "ライフ・ステージ舞夢診療所", "nearest_medical_distance_m": 1972.1017134112785, "nearest_hospital_name": "舞鶴赤十字病院", "nearest_hospital_distance_m": 9095.0133203320875, "nearest_clinic_name": "ライフ・ステージ舞夢診療所", "nearest_clinic_distance_m": 1972.1017134112785, "elderly_population_percentile": "<NA>", "elderly_ratio_percentile": "<NA>", "transport_distance_percentile": "<NA>", "medical_distance_percentile": "<NA>", "exploratory_score_a": "<NA>", "exploratory_score_b": "<NA>", "exploratory_score_c": "<NA>", "rank_a_unfiltered": "<NA>", "rank_b_unfiltered": "<NA>", "rank_c_unfiltered": "<NA>", "pareto_frontier": "<NA>", "eligibility_population_threshold": true, "eligibility_elderly_threshold": false, "primary_eligible": false, "rank": null }, "geometry": { "type": "Polygon", "coordinates": [ [ [ 135.2375, 35.420833333333341 ], [ 135.24375, 35.420833333333341 ], [ 135.24375, 35.425 ], [ 135.2375, 35.425 ], [ 135.2375, 35.420833333333341 ] ] ] } },
{ "type": "Feature", "properties": { "mesh_code": "533511094", "centroid_lat": 35.42291666666668, "centroid_lon": 135.246875, "city_area_fraction": 1.0, "centroid_within_city": true, "population": 17, "elderly_population": 5.0, "reported_elderly_population": 5.0, "elderly_ratio": 0.29411764705882354, "HTKSYORI": "0", "HTKSAKI": null, "GASSAN": null, "disclosure_status": "unaffected", "suppression_flag": false, "aggregation_target_flag": false, "aggregation_flag": false, "primary_eligible_disclosure": true, "nearest_station_name": "四所駅", "nearest_station_distance_m": 4728.3149637802717, "nearest_bus_stop_name": "薬師口", "nearest_bus_stop_distance_m": 611.68703692131828, "nearest_public_transport_type": "bus_stop", "nearest_public_transport_name": "薬師口", "nearest_public_transport_distance_m": 611.68703692131828, "nearest_medical_name": "ライフ・ステージ舞夢診療所", "nearest_medical_distance_m": 2539.3730615552768, "nearest_hospital_name": "舞鶴赤十字病院", "nearest_hospital_distance_m": 8549.4108645120905, "nearest_clinic_name": "ライフ・ステージ舞夢診療所", "nearest_clinic_distance_m": 2539.3730615552768, "elderly_population_percentile": "0.06468531468531469", "elderly_ratio_percentile": "0.22377622377622378", "transport_distance_percentile": "0.5909090909090909", "medical_distance_percentile": "0.7692307692307693", "exploratory_score_a": "0.03822314049586777", "exploratory_score_b": "0.04975793437331899", "exploratory_score_c": "0.029402415766052136", "rank_a_unfiltered": "254", "rank_b_unfiltered": "248", "rank_c_unfiltered": "212", "pareto_frontier": "False", "eligibility_population_threshold": false, "eligibility_elderly_threshold": false, "primary_eligible": false, "rank": null }, "geometry": { "type": "Polygon", "coordinates": [ [ [ 135.24375, 35.420833333333341 ], [ 135.25, 35.420833333333341 ], [ 135.25, 35.425 ], [ 135.24375, 35.425 ], [ 135.24375, 35.420833333333341 ] ] ] } },
{ "type": "Feature", "properties": { "mesh_code": "533511162", "centroid_lat": 35.427083333333343, "centroid_lon": 135.209375, "city_area_fraction": 1.0, "centroid_within_city": true, "population": 2, "elderly_population": null, "reported_elderly_population": null, "elderly_ratio": null, "HTKSYORI": "2", "HTKSAKI": "533511164", "GASSAN": null, "disclosure_status": "suppressed_source", "suppression_flag": true, "aggregation_target_flag": false, "aggregation_flag": false, "primary_eligible_disclosure": false, "nearest_station_name": "四所駅", "nearest_station_distance_m": 7667.5796627359668, "nearest_bus_stop_name": "地頭", "nearest_bus_stop_distance_m": 598.53165386540695, "nearest_public_transport_type": "bus_stop", "nearest_public_transport_name": "地頭", "nearest_public_transport_distance_m": 598.53165386540695, "nearest_medical_name": "ライフ・ステージ舞夢診療所", "nearest_medical_distance_m": 1019.3689206296535, "nearest_hospital_name": "舞鶴赤十字病院", "nearest_hospital_distance_m": 11767.726519873779, "nearest_clinic_name": "ライフ・ステージ舞夢診療所", "nearest_clinic_distance_m": 1019.3689206296535, "elderly_population_percentile": "<NA>", "elderly_ratio_percentile": "<NA>", "transport_distance_percentile": "<NA>", "medical_distance_percentile": "<NA>", "exploratory_score_a": "<NA>", "exploratory_score_b": "<NA>", "exploratory_score_c": "<NA>", "rank_a_unfiltered": "<NA>", "rank_b_unfiltered": "<NA>", "rank_c_unfiltered": "<NA>", "pareto_frontier": "<NA>", "eligibility_population_threshold": false, "eligibility_elderly_threshold": false, "primary_eligible": false, "rank": null }, "geometry": { "type": "Polygon", "coordinates": [ [ [ 135.20625, 35.425 ], [ 135.2125, 35.425 ], [ 135.2125, 35.429166666666674 ], [ 135.20625, 35.429166666666674 ], [ 135.20625, 35.425 ] ] ] } },
{ "type": "Feature", "properties": { "mesh_code": "533511164", "centroid_lat": 35.43125, "centroid_lon": 135.209375, "city_area_fraction": 1.0, "centroid_within_city": true, "population": 25, "elderly_population": null, "reported_elderly_population": 12.0, "elderly_ratio": null, "HTKSYORI": "1", "HTKSAKI": null, "GASSAN": "533511162", "disclosure_status": "aggregation_destination", "suppression_flag": false, "aggregation_target_flag": true, "aggregation_flag": true, "primary_eligible_disclosure": false, "nearest_station_name": "四所駅", "nearest_station_distance_m": 7553.1589273887139, "nearest_bus_stop_name": "地頭", "nearest_bus_stop_distance_m": 854.33974281284316, "nearest_public_transport_type": "bus_stop", "nearest_public_transport_name": "地頭", "nearest_public_transport_distance_m": 854.33974281284316, "nearest_medical_name": "ライフ・ステージ舞夢診療所", "nearest_medical_distance_m": 1322.1959440345186, "nearest_hospital_name": "舞鶴赤十字病院", "nearest_hospital_distance_m": 11699.180297630021, "nearest_clinic_name": "ライフ・ステージ舞夢診療所", "nearest_clinic_distance_m": 1322.1959440345186, "elderly_population_percentile": "<NA>", "elderly_ratio_percentile": "<NA>", "transport_distance_percentile": "<NA>", "medical_distance_percentile": "<NA>", "exploratory_score_a": "<NA>", "exploratory_score_b": "<NA>", "exploratory_score_c": "<NA>", "rank_a_unfiltered": "<NA>", "rank_b_unfiltered": "<NA>", "rank_c_unfiltered": "<NA>", "pareto_frontier": "<NA>", "eligibility_population_threshold": true, "eligibility_elderly_threshold": false, "primary_eligible": false, "rank": null }, "geometry": { "type": "Polygon", "coordinates": [ [ [ 135.20625, 35.429166666666674 ], [ 135.2125, 35.429166666666674 ], [ 135.2125, 35.433333333333344 ], [ 135.20625, 35.433333333333344 ], [ 135.20625, 35.429166666666674 ] ] ] } },
{ "type": "Feature", "properties": { "mesh_code": "533511171", "centroid_lat": 35.427083333333343, "centroid_lon": 135.215625, "city_area_fraction": 1.0, "centroid_within_city": true, "population": 44, "elderly_population": 22.0, "reported_elderly_population": 22.0, "elderly_ratio": 0.5, "HTKSYORI": "0", "HTKSAKI": null, "GASSAN": null, "disclosure_status": "unaffected", "suppression_flag": false, "aggregation_target_flag": false, "aggregation_flag": false, "primary_eligible_disclosure": true, "nearest_station_name": "四所駅", "nearest_station_distance_m": 7123.7599815586091, "nearest_bus_stop_name": "地頭", "nearest_bus_stop_distance_m": 170.98392573420148, "nearest_public_transport_type": "bus_stop", "nearest_public_transport_name": "地頭", "nearest_public_transport_distance_m": 170.98392573420148, "nearest_medical_name": "ライフ・ステージ舞夢診療所", "nearest_medical_distance_m": 613.93231042015282, "nearest_hospital_name": "舞鶴赤十字病院", "nearest_hospital_distance_m": 11208.594243695501, "nearest_clinic_name": "ライフ・ステージ舞夢診療所", "nearest_clinic_distance_m": 613.93231042015282, "elderly_population_percentile": "0.43356643356643354", "elderly_ratio_percentile": "0.7202797202797203", "transport_distance_percentile": "0.15734265734265734", "medical_distance_percentile": "0.24475524475524477", "exploratory_score_a": "0.06821849479192137", "exploratory_score_b": "0.106117658565211", "exploratory_score_c": "0.016696834389631106", "rank_a_unfiltered": "228", "rank_b_unfiltered": "204", "rank_c_unfiltered": "240", "pareto_frontier": "False", "eligibility_population_threshold": true, "eligibility_elderly_threshold": true, "primary_eligible": true, "rank": 188 }, "geometry": { "type": "Polygon", "coordinates": [ [ [ 135.2125, 35.425 ], [ 135.21875, 35.425 ], [ 135.21875, 35.429166666666674 ], [ 135.2125, 35.429166666666674 ], [ 135.2125, 35.425 ] ] ] } },
{ "type": "Feature", "properties": { "mesh_code": "533511172", "centroid_lat": 35.427083333333343, "centroid_lon": 135.221875, "city_area_fraction": 1.0, "centroid_within_city": true, "population": 20, "elderly_population": 7.0, "reported_elderly_population": 7.0, "elderly_ratio": 0.35, "HTKSYORI": "0", "HTKSAKI": null, "GASSAN": null, "disclosure_status": "unaffected", "suppression_flag": false, "aggregation_target_flag": false, "aggregation_flag": false, "primary_eligible_disclosure": true, "nearest_station_name": "四所駅", "nearest_station_distance_m": 6583.9361520242537, "nearest_bus_stop_name": "地頭下", "nearest_bus_stop_distance_m": 130.23302690053833, "nearest_public_transport_type": "bus_stop", "nearest_public_transport_name": "地頭下", "nearest_public_transport_distance_m": 130.23302690053833, "nearest_medical_name": "ライフ・ステージ舞夢診療所", "nearest_medical_distance_m": 599.1462670068604, "nearest_hospital_name": "舞鶴赤十字病院", "nearest_hospital_distance_m": 10650.346384565908, "nearest_clinic_name": "ライフ・ステージ舞夢診療所", "nearest_clinic_distance_m": 599.1462670068604, "elderly_population_percentile": "0.12062937062937062", "elderly_ratio_percentile": "0.41083916083916083", "transport_distance_percentile": "0.08041958041958042", "medical_distance_percentile": "0.23776223776223776", "exploratory_score_a": "0.009700963372292043", "exploratory_score_b": "0.02868110910068952", "exploratory_score_c": "0.0023065227598456604", "rank_a_unfiltered": "273", "rank_b_unfiltered": "265", "rank_c_unfiltered": "271", "pareto_frontier": "False", "eligibility_population_threshold": true, "eligibility_elderly_threshold": false, "primary_eligible": false, "rank": null }, "geometry": { "type": "Polygon", "coordinates": [ [ [ 135.21875, 35.425 ], [ 135.225, 35.425 ], [ 135.225, 35.429166666666674 ], [ 135.21875, 35.429166666666674 ], [ 135.21875, 35.425 ] ] ] } },
{ "type": "Feature", "properties": { "mesh_code": "533511173", "centroid_lat": 35.43125, "centroid_lon": 135.215625, "city_area_fraction": 1.0, "centroid_within_city": true, "population": 20, "elderly_population": 8.0, "reported_elderly_population": 8.0, "elderly_ratio": 0.4, "HTKSYORI": "0", "HTKSAKI": null, "GASSAN": null, "disclosure_status": "unaffected", "suppression_flag": false, "aggregation_target_flag": false, "aggregation_flag": false, "primary_eligible_disclosure": true, "nearest_station_name": "四所駅", "nearest_station_distance_m": 7000.4860018543686, "nearest_bus_stop_name": "由良川橋", "nearest_bus_stop_distance_m": 627.27990125997883, "nearest_public_transport_type": "bus_stop", "nearest_public_transport_name": "由良川橋", "nearest_public_transport_distance_m": 627.27990125997883, "nearest_medical_name": "ライフ・ステージ舞夢診療所", "nearest_medical_distance_m": 1042.130222984292, "nearest_hospital_name": "舞鶴赤十字病院", "nearest_hospital_distance_m": 11136.636856518935, "nearest_clinic_name": "ライフ・ステージ舞夢診療所", "nearest_clinic_distance_m": 1042.130222984292, "elderly_population_percentile": "0.15734265734265734", "elderly_ratio_percentile": "0.506993006993007", "transport_distance_percentile": "0.6048951048951049", "medical_distance_percentile": "0.46853146853146854", "exploratory_score_a": "0.09517580321776126", "exploratory_score_b": "0.0737199863073989", "exploratory_score_c": "0.04459285885027975", "rank_a_unfiltered": "208", "rank_b_unfiltered": "228", "rank_c_unfiltered": "183", "pareto_frontier": "False", "eligibility_population_threshold": true, "eligibility_elderly_threshold": false, "primary_eligible": false, "rank": null }, "geometry": { "type": "Polygon", "coordinates": [ [ [ 135.2125, 35.429166666666674 ], [ 135.21875, 35.429166666666674 ], [ 135.21875, 35.433333333333344 ], [ 135.2125, 35.433333333333344 ], [ 135.2125, 35.429166666666674 ] ] ] } },
{ "type": "Feature", "properties": { "mesh_code": "533511181", "centroid_lat": 35.427083333333343, "centroid_lon": 135.228125, "city_area_fraction": 0.99999999999999978, "centroid_within_city": true, "population": 4, "elderly_population": null, "reported_elderly_population": null, "elderly_ratio": null, "HTKSYORI": "2", "HTKSAKI": "533511183", "GASSAN": null, "disclosure_status": "suppressed_source", "suppression_flag": true, "aggregation_target_flag": false, "aggregation_flag": false, "primary_eligible_disclosure": false, "nearest_station_name": "四所駅", "nearest_station_distance_m": 6049.1778677696138, "nearest_bus_stop_name": "岡田由里", "nearest_bus_stop_distance_m": 402.94542749651242, "nearest_public_transport_type": "bus_stop", "nearest_public_transport_name": "岡田由里", "nearest_public_transport_distance_m": 402.94542749651242, "nearest_medical_name": "ライフ・ステージ舞夢診療所", "nearest_medical_distance_m": 992.62338342447902, "nearest_hospital_name": "舞鶴赤十字病院", "nearest_hospital_distance_m": 10093.129596721919, "nearest_clinic_name": "ライフ・ステージ舞夢診療所", "nearest_clinic_distance_m": 992.62338342447902, "elderly_population_percentile": "<NA>", "elderly_ratio_percentile": "<NA>", "transport_distance_percentile": "<NA>", "medical_distance_percentile": "<NA>", "exploratory_score_a": "<NA>", "exploratory_score_b": "<NA>", "exploratory_score_c": "<NA>", "rank_a_unfiltered": "<NA>", "rank_b_unfiltered": "<NA>", "rank_c_unfiltered": "<NA>", "pareto_frontier": "<NA>", "eligibility_population_threshold": false, "eligibility_elderly_threshold": false, "primary_eligible": false, "rank": null }, "geometry": { "type": "Polygon", "coordinates": [ [ [ 135.225, 35.425 ], [ 135.23125, 35.425 ], [ 135.23125, 35.429166666666674 ], [ 135.225, 35.429166666666674 ], [ 135.225, 35.425 ] ] ] } },
{ "type": "Feature", "properties": { "mesh_code": "533511183", "centroid_lat": 35.43125, "centroid_lon": 135.228125, "city_area_fraction": 1.0, "centroid_within_city": true, "population": 29, "elderly_population": null, "reported_elderly_population": 18.0, "elderly_ratio": null, "HTKSYORI": "1", "HTKSAKI": null, "GASSAN": "533511181", "disclosure_status": "aggregation_destination", "suppression_flag": false, "aggregation_target_flag": true, "aggregation_flag": true, "primary_eligible_disclosure": false, "nearest_station_name": "四所駅", "nearest_station_distance_m": 5903.5695528028336, "nearest_bus_stop_name": "岡田由里", "nearest_bus_stop_distance_m": 349.27886811521017, "nearest_public_transport_type": "bus_stop", "nearest_public_transport_name": "岡田由里", "nearest_public_transport_distance_m": 349.27886811521017, "nearest_medical_name": "ライフ・ステージ舞夢診療所", "nearest_medical_distance_m": 1301.6877356916157, "nearest_hospital_name": "舞鶴赤十字病院", "nearest_hospital_distance_m": 10013.220648745493, "nearest_clinic_name": "ライフ・ステージ舞夢診療所", "nearest_clinic_distance_m": 1301.6877356916157, "elderly_population_percentile": "<NA>", "elderly_ratio_percentile": "<NA>", "transport_distance_percentile": "<NA>", "medical_distance_percentile": "<NA>", "exploratory_score_a": "<NA>", "exploratory_score_b": "<NA>", "exploratory_score_c": "<NA>", "rank_a_unfiltered": "<NA>", "rank_b_unfiltered": "<NA>", "rank_c_unfiltered": "<NA>", "pareto_frontier": "<NA>", "eligibility_population_threshold": true, "eligibility_elderly_threshold": false, "primary_eligible": false, "rank": null }, "geometry": { "type": "Polygon", "coordinates": [ [ [ 135.225, 35.429166666666674 ], [ 135.23125, 35.429166666666674 ], [ 135.23125, 35.433333333333344 ], [ 135.225, 35.433333333333344 ], [ 135.225, 35.429166666666674 ] ] ] } },
{ "type": "Feature", "properties": { "mesh_code": "533511184", "centroid_lat": 35.43125, "centroid_lon": 135.234375, "city_area_fraction": 1.0, "centroid_within_city": true, "population": 17, "elderly_population": 10.0, "reported_elderly_population": 10.0, "elderly_ratio": 0.58823529411764708, "HTKSYORI": "0", "HTKSAKI": null, "GASSAN": null, "disclosure_status": "unaffected", "suppression_flag": false, "aggregation_target_flag": false, "aggregation_flag": false, "primary_eligible_disclosure": true, "nearest_station_name": "四所駅", "nearest_station_distance_m": 5361.0506726190515, "nearest_bus_stop_name": "岡田由里", "nearest_bus_stop_distance_m": 331.02655075035744, "nearest_public_transport_type": "bus_stop", "nearest_public_transport_name": "岡田由里", "nearest_public_transport_distance_m": 331.02655075035744, "nearest_medical_name": "ライフ・ステージ舞夢診療所", "nearest_medical_distance_m": 1721.8912326407551, "nearest_hospital_name": "舞鶴赤十字病院", "nearest_hospital_distance_m": 9452.5462335939865, "nearest_clinic_name": "ライフ・ステージ舞夢診療所", "nearest_clinic_distance_m": 1721.8912326407551, "elderly_population_percentile": "0.22727272727272727", "elderly_ratio_percentile": "0.8583916083916084", "transport_distance_percentile": "0.35664335664335667", "medical_distance_percentile": "0.6713286713286714", "exploratory_score_a": "0.0810553083280356", "exploratory_score_b": "0.15257469802924348", "exploratory_score_c": "0.054414752443995934", "rank_a_unfiltered": "217", "rank_b_unfiltered": "159", "rank_c_unfiltered": "170", "pareto_frontier": "False", "eligibility_population_threshold": false, "eligibility_elderly_threshold": true, "primary_eligible": false, "rank": null }, "geometry": { "type": "Polygon", "coordinates": [ [ [ 135.23125, 35.429166666666674 ], [ 135.2375, 35.429166666666674 ], [ 135.2375, 35.433333333333344 ], [ 135.23125, 35.433333333333344 ], [ 135.23125, 35.429166666666674 ] ] ] } },
{ "type": "Feature", "properties": { "mesh_code": "533511191", "centroid_lat": 35.427083333333343, "centroid_lon": 135.240625, "city_area_fraction": 1.0, "centroid_within_city": true, "population": 23, "elderly_population": 9.0, "reported_elderly_population": 9.0, "elderly_ratio": 0.39130434782608697, "HTKSYORI": "0", "HTKSAKI": null, "GASSAN": null, "disclosure_status": "unaffected", "suppression_flag": false, "aggregation_target_flag": false, "aggregation_flag": false, "primary_eligible_disclosure": true, "nearest_station_name": "四所駅", "nearest_station_distance_m": 5001.3454544149745, "nearest_bus_stop_name": "薬師口", "nearest_bus_stop_distance_m": 142.85679209386706, "nearest_public_transport_type": "bus_stop", "nearest_public_transport_name": "薬師口", "nearest_public_transport_distance_m": 142.85679209386706, "nearest_medical_name": "ライフ・ステージ舞夢診療所", "nearest_medical_distance_m": 2042.2360682862554, "nearest_hospital_name": "舞鶴赤十字病院", "nearest_hospital_distance_m": 8982.5560079845181, "nearest_clinic_name": "ライフ・ステージ舞夢診療所", "nearest_clinic_distance_m": 2042.2360682862554, "elderly_population_percentile": "0.19230769230769232", "elderly_ratio_percentile": "0.49125874125874125", "transport_distance_percentile": "0.11188811188811189", "medical_distance_percentile": "0.7062937062937062", "exploratory_score_a": "0.021516944593867673", "exploratory_score_b": "0.13582571274878968", "exploratory_score_c": "0.015197282545319124", "rank_a_unfiltered": "265", "rank_b_unfiltered": "176", "rank_c_unfiltered": "242", "pareto_frontier": "False", "eligibility_population_threshold": true, "eligibility_elderly_threshold": false, "primary_eligible": false, "rank": null }, "geometry": { "type": "Polygon", "coordinates": [ [ [ 135.2375, 35.425 ], [ 135.24375, 35.425 ], [ 135.24375, 35.429166666666674 ], [ 135.2375, 35.429166666666674 ], [ 135.2375, 35.425 ] ] ] } },
{ "type": "Feature", "properties": { "mesh_code": "533511192", "centroid_lat": 35.427083333333343, "centroid_lon": 135.246875, "city_area_fraction": 1.0, "centroid_within_city": true, "population": 23, "elderly_population": 15.0, "reported_elderly_population": 15.0, "elderly_ratio": 0.65217391304347827, "HTKSYORI": "0", "HTKSAKI": null, "GASSAN": null, "disclosure_status": "unaffected", "suppression_flag": false, "aggregation_target_flag": false, "aggregation_flag": false, "primary_eligible_disclosure": true, "nearest_station_name": "四所駅", "nearest_station_distance_m": 4493.3304361874607, "nearest_bus_stop_name": "加佐分室前", "nearest_bus_stop_distance_m": 195.70112494981336, "nearest_public_transport_type": "bus_stop", "nearest_public_transport_name": "加佐分室前", "nearest_public_transport_distance_m": 195.70112494981336, "nearest_medical_name": "ライフ・ステージ舞夢診療所", "nearest_medical_distance_m": 2594.1909062860109, "nearest_hospital_name": "舞鶴赤十字病院", "nearest_hospital_distance_m": 8429.7075294451952, "nearest_clinic_name": "ライフ・ステージ舞夢診療所", "nearest_clinic_distance_m": 2594.1909062860109, "elderly_population_percentile": "0.3339160839160839", "elderly_ratio_percentile": "0.9230769230769231", "transport_distance_percentile": "0.19230769230769232", "medical_distance_percentile": "0.7867132867132867", "exploratory_score_a": "0.06421463152232383", "exploratory_score_b": "0.262696219864052", "exploratory_score_c": "0.050518503820010004", "rank_a_unfiltered": "232", "rank_b_unfiltered": "87", "rank_c_unfiltered": "175", "pareto_frontier": "False", "eligibility_population_threshold": true, "eligibility_elderly_threshold": true, "primary_eligible": true, "rank": 144 }, "geometry": { "type": "Polygon", "coordinates": [ [ [ 135.24375, 35.425 ], [ 135.25, 35.425 ], [ 135.25, 35.429166666666674 ], [ 135.24375, 35.429166666666674 ], [ 135.24375, 35.425 ] ] ] } },
{ "type": "Feature", "properties": { "mesh_code": "533511193", "centroid_lat": 35.43125, "centroid_lon": 135.240625, "city_area_fraction": 1.0000000000000002, "centroid_within_city": true, "population": 6, "elderly_population": null, "reported_elderly_population": null, "elderly_ratio": null, "HTKSYORI": "2", "HTKSAKI": "533511194", "GASSAN": null, "disclosure_status": "suppressed_source", "suppression_flag": true, "aggregation_target_flag": false, "aggregation_flag": false, "primary_eligible_disclosure": false, "nearest_station_name": "四所駅", "nearest_station_distance_m": 4824.2757774883794, "nearest_bus_stop_name": "薬師口", "nearest_bus_stop_distance_m": 506.26674072646722, "nearest_public_transport_type": "bus_stop", "nearest_public_transport_name": "薬師口", "nearest_public_transport_distance_m": 506.26674072646722, "nearest_medical_name": "ライフ・ステージ舞夢診療所", "nearest_medical_distance_m": 2208.9935435807033, "nearest_hospital_name": "舞鶴赤十字病院", "nearest_hospital_distance_m": 8892.7346481004824, "nearest_clinic_name": "ライフ・ステージ舞夢診療所", "nearest_clinic_distance_m": 2208.9935435807033, "elderly_population_percentile": "<NA>", "elderly_ratio_percentile": "<NA>", "transport_distance_percentile": "<NA>", "medical_distance_percentile": "<NA>", "exploratory_score_a": "<NA>", "exploratory_score_b": "<NA>", "exploratory_score_c": "<NA>", "rank_a_unfiltered": "<NA>", "rank_b_unfiltered": "<NA>", "rank_c_unfiltered": "<NA>", "pareto_frontier": "<NA>", "eligibility_population_threshold": false, "eligibility_elderly_threshold": false, "primary_eligible": false, "rank": null }, "geometry": { "type": "Polygon", "coordinates": [ [ [ 135.2375, 35.429166666666674 ], [ 135.24375, 35.429166666666674 ], [ 135.24375, 35.433333333333344 ], [ 135.2375, 35.433333333333344 ], [ 135.2375, 35.429166666666674 ] ] ] } },
{ "type": "Feature", "properties": { "mesh_code": "533511194", "centroid_lat": 35.43125, "centroid_lon": 135.246875, "city_area_fraction": 1.0000000000000002, "centroid_within_city": true, "population": 23, "elderly_population": null, "reported_elderly_population": 13.0, "elderly_ratio": null, "HTKSYORI": "1", "HTKSAKI": null, "GASSAN": "533511193", "disclosure_status": "aggregation_destination", "suppression_flag": false, "aggregation_target_flag": true, "aggregation_flag": true, "primary_eligible_disclosure": false, "nearest_station_name": "四所駅", "nearest_station_distance_m": 4295.3985800473993, "nearest_bus_stop_name": "加佐分室前", "nearest_bus_stop_distance_m": 285.41551985532823, "nearest_public_transport_type": "bus_stop", "nearest_public_transport_name": "加佐分室前", "nearest_public_transport_distance_m": 285.41551985532823, "nearest_medical_name": "ライフ・ステージ舞夢診療所", "nearest_medical_distance_m": 2727.3830448372523, "nearest_hospital_name": "舞鶴赤十字病院", "nearest_hospital_distance_m": 8333.9596542988184, "nearest_clinic_name": "ライフ・ステージ舞夢診療所", "nearest_clinic_distance_m": 2727.3830448372523, "elderly_population_percentile": "<NA>", "elderly_ratio_percentile": "<NA>", "transport_distance_percentile": "<NA>", "medical_distance_percentile": "<NA>", "exploratory_score_a": "<NA>", "exploratory_score_b": "<NA>", "exploratory_score_c": "<NA>", "rank_a_unfiltered": "<NA>", "rank_b_unfiltered": "<NA>", "rank_c_unfiltered": "<NA>", "pareto_frontier": "<NA>", "eligibility_population_threshold": true, "eligibility_elderly_threshold": false, "primary_eligible": false, "rank": null }, "geometry": { "type": "Polygon", "coordinates": [ [ [ 135.24375, 35.429166666666674 ], [ 135.25, 35.429166666666674 ], [ 135.25, 35.433333333333344 ], [ 135.24375, 35.433333333333344 ], [ 135.24375, 35.429166666666674 ] ] ] } },
{ "type": "Feature", "properties": { "mesh_code": "533511243", "centroid_lat": 35.439583333333346, "centroid_lon": 135.178125, "city_area_fraction": 0.99999999999999978, "centroid_within_city": true, "population": 2, "elderly_population": null, "reported_elderly_population": null, "elderly_ratio": null, "HTKSYORI": "2", "HTKSAKI": "533511253", "GASSAN": null, "disclosure_status": "suppressed_source", "suppression_flag": true, "aggregation_target_flag": false, "aggregation_flag": false, "primary_eligible_disclosure": false, "nearest_station_name": "四所駅", "nearest_station_distance_m": 10233.370149578028, "nearest_bus_stop_name": "地頭", "nearest_bus_stop_distance_m": 3749.9697302295531, "nearest_public_transport_type": "bus_stop", "nearest_public_transport_name": "地頭", "nearest_public_transport_distance_m": 3749.9697302295531, "nearest_medical_name": "ライフ・ステージ舞夢診療所", "nearest_medical_distance_m": 4173.915129374509, "nearest_hospital_name": "舞鶴赤十字病院", "nearest_hospital_distance_m": 14450.601662134741, "nearest_clinic_name": "ライフ・ステージ舞夢診療所", "nearest_clinic_distance_m": 4173.915129374509, "elderly_population_percentile": "<NA>", "elderly_ratio_percentile": "<NA>", "transport_distance_percentile": "<NA>", "medical_distance_percentile": "<NA>", "exploratory_score_a": "<NA>", "exploratory_score_b": "<NA>", "exploratory_score_c": "<NA>", "rank_a_unfiltered": "<NA>", "rank_b_unfiltered": "<NA>", "rank_c_unfiltered": "<NA>", "pareto_frontier": "<NA>", "eligibility_population_threshold": false, "eligibility_elderly_threshold": false, "primary_eligible": false, "rank": null }, "geometry": { "type": "Polygon", "coordinates": [ [ [ 135.175, 35.4375 ], [ 135.18125, 35.4375 ], [ 135.18125, 35.441666666666677 ], [ 135.175, 35.441666666666677 ], [ 135.175, 35.4375 ] ] ] } },
{ "type": "Feature", "properties": { "mesh_code": "533511244", "centroid_lat": 35.439583333333346, "centroid_lon": 135.184375, "city_area_fraction": 0.99999999999999978, "centroid_within_city": true, "population": 5, "elderly_population": null, "reported_elderly_population": null, "elderly_ratio": null, "HTKSYORI": "2", "HTKSAKI": "533511253", "GASSAN": null, "disclosure_status": "suppressed_source", "suppression_flag": true, "aggregation_target_flag": false, "aggregation_flag": false, "primary_eligible_disclosure": false, "nearest_station_name": "四所駅", "nearest_station_distance_m": 9667.4378853129238, "nearest_bus_stop_name": "地頭", "nearest_bus_stop_distance_m": 3242.3140542403671, "nearest_public_transport_type": "bus_stop", "nearest_public_transport_name": "地頭", "nearest_public_transport_distance_m": 3242.3140542403671, "nearest_medical_name": "ライフ・ステージ舞夢診療所", "nearest_medical_distance_m": 3679.4860049514032, "nearest_hospital_name": "舞鶴赤十字病院", "nearest_hospital_distance_m": 13883.625755012914, "nearest_clinic_name": "ライフ・ステージ舞夢診療所", "nearest_clinic_distance_m": 3679.4860049514032, "elderly_population_percentile": "<NA>", "elderly_ratio_percentile": "<NA>", "transport_distance_percentile": "<NA>", "medical_distance_percentile": "<NA>", "exploratory_score_a": "<NA>", "exploratory_score_b": "<NA>", "exploratory_score_c": "<NA>", "rank_a_unfiltered": "<NA>", "rank_b_unfiltered": "<NA>", "rank_c_unfiltered": "<NA>", "pareto_frontier": "<NA>", "eligibility_population_threshold": false, "eligibility_elderly_threshold": false, "primary_eligible": false, "rank": null }, "geometry": { "type": "Polygon", "coordinates": [ [ [ 135.18125, 35.4375 ], [ 135.1875, 35.4375 ], [ 135.1875, 35.441666666666677 ], [ 135.18125, 35.441666666666677 ], [ 135.18125, 35.4375 ] ] ] } },
{ "type": "Feature", "properties": { "mesh_code": "533511253", "centroid_lat": 35.439583333333346, "centroid_lon": 135.190625, "city_area_fraction": 0.99999999999999978, "centroid_within_city": true, "population": 30, "elderly_population": null, "reported_elderly_population": 13.0, "elderly_ratio": null, "HTKSYORI": "1", "HTKSAKI": null, "GASSAN": "533511243;533511244;533511351", "disclosure_status": "aggregation_destination", "suppression_flag": false, "aggregation_target_flag": true, "aggregation_flag": true, "primary_eligible_disclosure": false, "nearest_station_name": "四所駅", "nearest_station_distance_m": 9101.6941784667742, "nearest_bus_stop_name": "地頭", "nearest_bus_stop_distance_m": 2758.0926600503835, "nearest_public_transport_type": "bus_stop", "nearest_public_transport_name": "地頭", "nearest_public_transport_distance_m": 2758.0926600503835, "nearest_medical_name": "ライフ・ステージ舞夢診療所", "nearest_medical_distance_m": 3209.3365052071895, "nearest_hospital_name": "舞鶴赤十字病院", "nearest_hospital_distance_m": 13316.690506255845, "nearest_clinic_name": "ライフ・ステージ舞夢診療所", "nearest_clinic_distance_m": 3209.3365052071895, "elderly_population_percentile": "<NA>", "elderly_ratio_percentile": "<NA>", "transport_distance_percentile": "<NA>", "medical_distance_percentile": "<NA>", "exploratory_score_a": "<NA>", "exploratory_score_b": "<NA>", "exploratory_score_c": "<NA>", "rank_a_unfiltered": "<NA>", "rank_b_unfiltered": "<NA>", "rank_c_unfiltered": "<NA>", "pareto_frontier": "<NA>", "eligibility_population_threshold": true, "eligibility_elderly_threshold": false, "primary_eligible": false, "rank": null }, "geometry": { "type": "Polygon", "coordinates": [ [ [ 135.1875, 35.4375 ], [ 135.19375, 35.4375 ], [ 135.19375, 35.441666666666677 ], [ 135.1875, 35.441666666666677 ], [ 135.1875, 35.4375 ] ] ] } },
{ "type": "Feature", "properties": { "mesh_code": "533511254", "centroid_lat": 35.439583333333346, "centroid_lon": 135.196875, "city_area_fraction": 1.0, "centroid_within_city": true, "population": 9, "elderly_population": 5.0, "reported_elderly_population": 5.0, "elderly_ratio": 0.55555555555555558, "HTKSYORI": "0", "HTKSAKI": null, "GASSAN": null, "disclosure_status": "unaffected", "suppression_flag": false, "aggregation_target_flag": false, "aggregation_flag": false, "primary_eligible_disclosure": true, "nearest_station_name": "四所駅", "nearest_station_distance_m": 8536.1764004799788, "nearest_bus_stop_name": "地頭", "nearest_bus_stop_distance_m": 2312.0759196849526, "nearest_public_transport_type": "bus_stop", "nearest_public_transport_name": "地頭", "nearest_public_transport_distance_m": 2312.0759196849526, "nearest_medical_name": "ライフ・ステージ舞夢診療所", "nearest_medical_distance_m": 2775.8307099550552, "nearest_hospital_name": "舞鶴赤十字病院", "nearest_hospital_distance_m": 12749.80125912945, "nearest_clinic_name": "ライフ・ステージ舞夢診療所", "nearest_clinic_distance_m": 2775.8307099550552, "elderly_population_percentile": "0.06468531468531469", "elderly_ratio_percentile": "0.8164335664335665", "transport_distance_percentile": "0.9055944055944056", "medical_distance_percentile": "0.8111888111888111", "exploratory_score_a": "0.05857865910313463", "exploratory_score_b": "0.05247200352095457", "exploratory_score_c": "0.04751835283890641", "rank_a_unfiltered": "236", "rank_b_unfiltered": "244", "rank_c_unfiltered": "180", "pareto_frontier": "False", "eligibility_population_threshold": false, "eligibility_elderly_threshold": false, "primary_eligible": false, "rank": null }, "geometry": { "type": "Polygon", "coordinates": [ [ [ 135.19375, 35.4375 ], [ 135.2, 35.4375 ], [ 135.2, 35.441666666666677 ], [ 135.19375, 35.441666666666677 ], [ 135.19375, 35.4375 ] ] ] } },
{ "type": "Feature", "properties": { "mesh_code": "533511261", "centroid_lat": 35.435416666666669, "centroid_lon": 135.203125, "city_area_fraction": 0.99999999999999978, "centroid_within_city": true, "population": 19, "elderly_population": 10.0, "reported_elderly_population": 10.0, "elderly_ratio": 0.52631578947368418, "HTKSYORI": "0", "HTKSAKI": null, "GASSAN": null, "disclosure_status": "unaffected", "suppression_flag": false, "aggregation_target_flag": false, "aggregation_flag": false, "primary_eligible_disclosure": true, "nearest_station_name": "四所駅", "nearest_station_distance_m": 8026.3955417308425, "nearest_bus_stop_name": "地頭", "nearest_bus_stop_distance_m": 1581.7968882567141, "nearest_public_transport_type": "bus_stop", "nearest_public_transport_name": "地頭", "nearest_public_transport_distance_m": 1581.7968882567141, "nearest_medical_name": "ライフ・ステージ舞夢診療所", "nearest_medical_distance_m": 2047.1952386267328, "nearest_hospital_name": "舞鶴赤十字病院", "nearest_hospital_distance_m": 12213.891022929931, "nearest_clinic_name": "ライフ・ステージ舞夢診療所", "nearest_clinic_distance_m": 2047.1952386267328, "elderly_population_percentile": "0.22727272727272727", "elderly_ratio_percentile": "0.763986013986014", "transport_distance_percentile": "0.8181818181818182", "medical_distance_percentile": "0.7097902097902098", "exploratory_score_a": "0.18595041322314051", "exploratory_score_b": "0.16131595677050223", "exploratory_score_c": "0.1319857828122291", "rank_a_unfiltered": "141", "rank_b_unfiltered": "152", "rank_c_unfiltered": "88", "pareto_frontier": "False", "eligibility_population_threshold": false, "eligibility_elderly_threshold": true, "primary_eligible": false, "rank": null }, "geometry": { "type": "Polygon", "coordinates": [ [ [ 135.2, 35.433333333333337 ], [ 135.20625, 35.433333333333337 ], [ 135.20625, 35.4375 ], [ 135.2, 35.4375 ], [ 135.2, 35.433333333333337 ] ] ] } },
{ "type": "Feature", "properties": { "mesh_code": "533511262", "centroid_lat": 35.435416666666669, "centroid_lon": 135.209375, "city_area_fraction": 0.99999999999999978, "centroid_within_city": true, "population": 30, "elderly_population": null, "reported_elderly_population": 24.0, "elderly_ratio": null, "HTKSYORI": "1", "HTKSAKI": null, "GASSAN": "533511264", "disclosure_status": "aggregation_destination", "suppression_flag": false, "aggregation_target_flag": true, "aggregation_flag": true, "primary_eligible_disclosure": false, "nearest_station_name": "四所駅", "nearest_station_distance_m": 7465.655993264023, "nearest_bus_stop_name": "地頭", "nearest_bus_stop_distance_m": 1236.5019070282542, "nearest_public_transport_type": "bus_stop", "nearest_public_transport_name": "地頭", "nearest_public_transport_distance_m": 1236.5019070282542, "nearest_medical_name": "ライフ・ステージ舞夢診療所", "nearest_medical_distance_m": 1698.4332651414772, "nearest_hospital_name": "舞鶴赤十字病院", "nearest_hospital_distance_m": 11648.589032502416, "nearest_clinic_name": "ライフ・ステージ舞夢診療所", "nearest_clinic_distance_m": 1698.4332651414772, "elderly_population_percentile": "<NA>", "elderly_ratio_percentile": "<NA>", "transport_distance_percentile": "<NA>", "medical_distance_percentile": "<NA>", "exploratory_score_a": "<NA>", "exploratory_score_b": "<NA>", "exploratory_score_c": "<NA>", "rank_a_unfiltered": "<NA>", "rank_b_unfiltered": "<NA>", "rank_c_unfiltered": "<NA>", "pareto_frontier": "<NA>", "eligibility_population_threshold": true, "eligibility_elderly_threshold": false, "primary_eligible": false, "rank": null }, "geometry": { "type": "Polygon", "coordinates": [ [ [ 135.20625, 35.433333333333337 ], [ 135.2125, 35.433333333333337 ], [ 135.2125, 35.4375 ], [ 135.20625, 35.4375 ], [ 135.20625, 35.433333333333337 ] ] ] } },
{ "type": "Feature", "properties": { "mesh_code": "533511263", "centroid_lat": 35.439583333333346, "centroid_lon": 135.203125, "city_area_fraction": 1.0, "centroid_within_city": true, "population": 21, "elderly_population": 10.0, "reported_elderly_population": 10.0, "elderly_ratio": 0.47619047619047616, "HTKSYORI": "0", "HTKSAKI": null, "GASSAN": null, "disclosure_status": "unaffected", "suppression_flag": false, "aggregation_target_flag": false, "aggregation_flag": false, "primary_eligible_disclosure": true, "nearest_station_name": "四所駅", "nearest_station_distance_m": 7970.9325122630626, "nearest_bus_stop_name": "地頭", "nearest_bus_stop_distance_m": 1930.9216064883913, "nearest_public_transport_type": "bus_stop", "nearest_public_transport_name": "地頭", "nearest_public_transport_distance_m": 1930.9216064883913, "nearest_medical_name": "ライフ・ステージ舞夢診療所", "nearest_medical_distance_m": 2398.9166830922186, "nearest_hospital_name": "舞鶴赤十字病院", "nearest_hospital_distance_m": 12182.964351636125, "nearest_clinic_name": "ライフ・ステージ舞夢診療所", "nearest_clinic_distance_m": 2398.9166830922186, "elderly_population_percentile": "0.22727272727272727", "elderly_ratio_percentile": "0.6713286713286714", "transport_distance_percentile": "0.8671328671328671", "medical_distance_percentile": "0.7517482517482518", "exploratory_score_a": "0.19707565162110616", "exploratory_score_b": "0.17085187539732993", "exploratory_score_c": "0.14815127656831406", "rank_a_unfiltered": "136", "rank_b_unfiltered": "142", "rank_c_unfiltered": "78", "pareto_frontier": "False", "eligibility_population_threshold": true, "eligibility_elderly_threshold": true, "primary_eligible": true, "rank": 71 }, "geometry": { "type": "Polygon", "coordinates": [ [ [ 135.2, 35.4375 ], [ 135.20625, 35.4375 ], [ 135.20625, 35.441666666666677 ], [ 135.2, 35.441666666666677 ], [ 135.2, 35.4375 ] ] ] } },
{ "type": "Feature", "properties": { "mesh_code": "533511264", "centroid_lat": 35.439583333333346, "centroid_lon": 135.209375, "city_area_fraction": 1.0, "centroid_within_city": true, "population": 6, "elderly_population": null, "reported_elderly_population": null, "elderly_ratio": null, "HTKSYORI": "2", "HTKSAKI": "533511262", "GASSAN": null, "disclosure_status": "suppressed_source", "suppression_flag": true, "aggregation_target_flag": false, "aggregation_flag": false, "primary_eligible_disclosure": false, "nearest_station_name": "四所駅", "nearest_station_distance_m": 7406.0250907510763, "nearest_bus_stop_name": "地頭", "nearest_bus_stop_distance_m": 1659.9285311818876, "nearest_public_transport_type": "bus_stop", "nearest_public_transport_name": "地頭", "nearest_public_transport_distance_m": 1659.9285311818876, "nearest_medical_name": "ライフ・ステージ舞夢診療所", "nearest_medical_distance_m": 2109.1548543600134, "nearest_hospital_name": "舞鶴赤十字病院", "nearest_hospital_distance_m": 11616.187359029689, "nearest_clinic_name": "ライフ・ステージ舞夢診療所", "nearest_clinic_distance_m": 2109.1548543600134, "elderly_population_percentile": "<NA>", "elderly_ratio_percentile": "<NA>", "transport_distance_percentile": "<NA>", "medical_distance_percentile": "<NA>", "exploratory_score_a": "<NA>", "exploratory_score_b": "<NA>", "exploratory_score_c": "<NA>", "rank_a_unfiltered": "<NA>", "rank_b_unfiltered": "<NA>", "rank_c_unfiltered": "<NA>", "pareto_frontier": "<NA>", "eligibility_population_threshold": false, "eligibility_elderly_threshold": false, "primary_eligible": false, "rank": null }, "geometry": { "type": "Polygon", "coordinates": [ [ [ 135.20625, 35.4375 ], [ 135.2125, 35.4375 ], [ 135.2125, 35.441666666666677 ], [ 135.20625, 35.441666666666677 ], [ 135.20625, 35.4375 ] ] ] } },
{ "type": "Feature", "properties": { "mesh_code": "533511272", "centroid_lat": 35.435416666666669, "centroid_lon": 135.221875, "city_area_fraction": 1.0, "centroid_within_city": true, "population": 23, "elderly_population": 7.0, "reported_elderly_population": 7.0, "elderly_ratio": 0.30434782608695654, "HTKSYORI": "0", "HTKSAKI": null, "GASSAN": null, "disclosure_status": "unaffected", "suppression_flag": false, "aggregation_target_flag": false, "aggregation_flag": false, "primary_eligible_disclosure": true, "nearest_station_name": "四所駅", "nearest_station_distance_m": 6347.7597608743254, "nearest_bus_stop_name": "地頭下", "nearest_bus_stop_distance_m": 806.87088366876515, "nearest_public_transport_type": "bus_stop", "nearest_public_transport_name": "地頭下", "nearest_public_transport_distance_m": 806.87088366876515, "nearest_medical_name": "ライフ・ステージ舞夢診療所", "nearest_medical_distance_m": 1484.7913006113865, "nearest_hospital_name": "舞鶴赤十字病院", "nearest_hospital_distance_m": 10518.683542398552, "nearest_clinic_name": "ライフ・ステージ舞夢診療所", "nearest_clinic_distance_m": 1484.7913006113865, "elderly_population_percentile": "0.12062937062937062", "elderly_ratio_percentile": "0.26223776223776224", "transport_distance_percentile": "0.6713286713286714", "medical_distance_percentile": "0.6223776223776224", "exploratory_score_a": "0.08098195510782924", "exploratory_score_b": "0.07507702088121669", "exploratory_score_c": "0.050401356675502114", "rank_a_unfiltered": "218", "rank_b_unfiltered": "227", "rank_c_unfiltered": "176", "pareto_frontier": "False", "eligibility_population_threshold": true, "eligibility_elderly_threshold": false, "primary_eligible": false, "rank": null }, "geometry": { "type": "Polygon", "coordinates": [ [ [ 135.21875, 35.433333333333337 ], [ 135.225, 35.433333333333337 ], [ 135.225, 35.4375 ], [ 135.21875, 35.4375 ], [ 135.21875, 35.433333333333337 ] ] ] } },
{ "type": "Feature", "properties": { "mesh_code": "533511273", "centroid_lat": 35.439583333333346, "centroid_lon": 135.215625, "city_area_fraction": 1.0, "centroid_within_city": true, "population": 9, "elderly_population": null, "reported_elderly_population": null, "elderly_ratio": null, "HTKSYORI": "2", "HTKSAKI": "533511274", "GASSAN": null, "disclosure_status": "suppressed_source", "suppression_flag": true, "aggregation_target_flag": false, "aggregation_flag": false, "primary_eligible_disclosure": false, "nearest_station_name": "四所駅", "nearest_station_distance_m": 6841.5373380958863, "nearest_bus_stop_name": "地頭下", "nearest_bus_stop_distance_m": 1410.8034183320033, "nearest_public_transport_type": "bus_stop", "nearest_public_transport_name": "地頭下", "nearest_public_transport_distance_m": 1410.8034183320033, "nearest_medical_name": "ライフ・ステージ舞夢診療所", "nearest_medical_distance_m": 1945.8759003645996, "nearest_hospital_name": "舞鶴赤十字病院", "nearest_hospital_distance_m": 11049.479410718348, "nearest_clinic_name": "ライフ・ステージ舞夢診療所", "nearest_clinic_distance_m": 1945.8759003645996, "elderly_population_percentile": "<NA>", "elderly_ratio_percentile": "<NA>", "transport_distance_percentile": "<NA>", "medical_distance_percentile": "<NA>", "exploratory_score_a": "<NA>", "exploratory_score_b": "<NA>", "exploratory_score_c": "<NA>", "rank_a_unfiltered": "<NA>", "rank_b_unfiltered": "<NA>", "rank_c_unfiltered": "<NA>", "pareto_frontier": "<NA>", "eligibility_population_threshold": false, "eligibility_elderly_threshold": false, "primary_eligible": false, "rank": null }, "geometry": { "type": "Polygon", "coordinates": [ [ [ 135.2125, 35.4375 ], [ 135.21875, 35.4375 ], [ 135.21875, 35.441666666666677 ], [ 135.2125, 35.441666666666677 ], [ 135.2125, 35.4375 ] ] ] } },
{ "type": "Feature", "properties": { "mesh_code": "533511274", "centroid_lat": 35.439583333333346, "centroid_lon": 135.221875, "city_area_fraction": 1.0, "centroid_within_city": true, "population": 19, "elderly_population": null, "reported_elderly_population": 11.0, "elderly_ratio": null, "HTKSYORI": "1", "HTKSAKI": null, "GASSAN": "533511273", "disclosure_status": "aggregation_destination", "suppression_flag": false, "aggregation_target_flag": true, "aggregation_flag": true, "primary_eligible_disclosure": false, "nearest_station_name": "四所駅", "nearest_station_distance_m": 6277.5823103734301, "nearest_bus_stop_name": "地頭下", "nearest_bus_stop_distance_m": 1268.5250201706908, "nearest_public_transport_type": "bus_stop", "nearest_public_transport_name": "地頭下", "nearest_public_transport_distance_m": 1268.5250201706908, "nearest_medical_name": "ライフ・ステージ舞夢診療所", "nearest_medical_distance_m": 1941.2613883064839, "nearest_hospital_name": "舞鶴赤十字病院", "nearest_hospital_distance_m": 10482.851609894773, "nearest_clinic_name": "ライフ・ステージ舞夢診療所", "nearest_clinic_distance_m": 1941.2613883064839, "elderly_population_percentile": "<NA>", "elderly_ratio_percentile": "<NA>", "transport_distance_percentile": "<NA>", "medical_distance_percentile": "<NA>", "exploratory_score_a": "<NA>", "exploratory_score_b": "<NA>", "exploratory_score_c": "<NA>", "rank_a_unfiltered": "<NA>", "rank_b_unfiltered": "<NA>", "rank_c_unfiltered": "<NA>", "pareto_frontier": "<NA>", "eligibility_population_threshold": false, "eligibility_elderly_threshold": false, "primary_eligible": false, "rank": null }, "geometry": { "type": "Polygon", "coordinates": [ [ [ 135.21875, 35.4375 ], [ 135.225, 35.4375 ], [ 135.225, 35.441666666666677 ], [ 135.21875, 35.441666666666677 ], [ 135.21875, 35.4375 ] ] ] } },
{ "type": "Feature", "properties": { "mesh_code": "533511281", "centroid_lat": 35.435416666666669, "centroid_lon": 135.228125, "city_area_fraction": 1.0, "centroid_within_city": true, "population": 35, "elderly_population": null, "reported_elderly_population": 21.0, "elderly_ratio": null, "HTKSYORI": "1", "HTKSAKI": null, "GASSAN": "533511283", "disclosure_status": "aggregation_destination", "suppression_flag": false, "aggregation_target_flag": true, "aggregation_flag": true, "primary_eligible_disclosure": false, "nearest_station_name": "四所駅", "nearest_station_distance_m": 5791.2943827952313, "nearest_bus_stop_name": "岡田由里", "nearest_bus_stop_distance_m": 713.4480659302634, "nearest_public_transport_type": "bus_stop", "nearest_public_transport_name": "岡田由里", "nearest_public_transport_distance_m": 713.4480659302634, "nearest_medical_name": "ライフ・ステージ舞夢診療所", "nearest_medical_distance_m": 1682.5171005792317, "nearest_hospital_name": "舞鶴赤十字病院", "nearest_hospital_distance_m": 9954.1591311409993, "nearest_clinic_name": "ライフ・ステージ舞夢診療所", "nearest_clinic_distance_m": 1682.5171005792317, "elderly_population_percentile": "<NA>", "elderly_ratio_percentile": "<NA>", "transport_distance_percentile": "<NA>", "medical_distance_percentile": "<NA>", "exploratory_score_a": "<NA>", "exploratory_score_b": "<NA>", "exploratory_score_c": "<NA>", "rank_a_unfiltered": "<NA>", "rank_b_unfiltered": "<NA>", "rank_c_unfiltered": "<NA>", "pareto_frontier": "<NA>", "eligibility_population_threshold": true, "eligibility_elderly_threshold": false, "primary_eligible": false, "rank": null }, "geometry": { "type": "Polygon", "coordinates": [ [ [ 135.225, 35.433333333333337 ], [ 135.23125, 35.433333333333337 ], [ 135.23125, 35.4375 ], [ 135.225, 35.4375 ], [ 135.225, 35.433333333333337 ] ] ] } },
{ "type": "Feature", "properties": { "mesh_code": "533511283", "centroid_lat": 35.439583333333346, "centroid_lon": 135.228125, "city_area_fraction": 1.0, "centroid_within_city": true, "population": 6, "elderly_population": null, "reported_elderly_population": null, "elderly_ratio": null, "HTKSYORI": "2", "HTKSAKI": "533511281", "GASSAN": null, "disclosure_status": "suppressed_source", "suppression_flag": true, "aggregation_target_flag": false, "aggregation_flag": false, "primary_eligible_disclosure": false, "nearest_station_name": "四所駅", "nearest_station_distance_m": 5714.3175659754725, "nearest_bus_stop_name": "岡田由里", "nearest_bus_stop_distance_m": 1150.3926030948444, "nearest_public_transport_type": "bus_stop", "nearest_public_transport_name": "岡田由里", "nearest_public_transport_distance_m": 1150.3926030948444, "nearest_medical_name": "ライフ・ステージ舞夢診療所", "nearest_medical_distance_m": 2096.358880842984, "nearest_hospital_name": "舞鶴赤十字病院", "nearest_hospital_distance_m": 9916.3175966629242, "nearest_clinic_name": "ライフ・ステージ舞夢診療所", "nearest_clinic_distance_m": 2096.358880842984, "elderly_population_percentile": "<NA>", "elderly_ratio_percentile": "<NA>", "transport_distance_percentile": "<NA>", "medical_distance_percentile": "<NA>", "exploratory_score_a": "<NA>", "exploratory_score_b": "<NA>", "exploratory_score_c": "<NA>", "rank_a_unfiltered": "<NA>", "rank_b_unfiltered": "<NA>", "rank_c_unfiltered": "<NA>", "pareto_frontier": "<NA>", "eligibility_population_threshold": false, "eligibility_elderly_threshold": false, "primary_eligible": false, "rank": null }, "geometry": { "type": "Polygon", "coordinates": [ [ [ 135.225, 35.4375 ], [ 135.23125, 35.4375 ], [ 135.23125, 35.441666666666677 ], [ 135.225, 35.441666666666677 ], [ 135.225, 35.4375 ] ] ] } },
{ "type": "Feature", "properties": { "mesh_code": "533511292", "centroid_lat": 35.435416666666669, "centroid_lon": 135.246875, "city_area_fraction": 1.0, "centroid_within_city": true, "population": 79, "elderly_population": null, "reported_elderly_population": 36.0, "elderly_ratio": null, "HTKSYORI": "1", "HTKSAKI": null, "GASSAN": "533511293", "disclosure_status": "aggregation_destination", "suppression_flag": false, "aggregation_target_flag": true, "aggregation_flag": true, "primary_eligible_disclosure": false, "nearest_station_name": "四所駅", "nearest_station_distance_m": 4139.8375491937086, "nearest_bus_stop_name": "間口", "nearest_bus_stop_distance_m": 577.13833996240771, "nearest_public_transport_type": "bus_stop", "nearest_public_transport_name": "間口", "nearest_public_transport_distance_m": 577.13833996240771, "nearest_medical_name": "市立舞鶴市民病院加佐診療所", "nearest_medical_distance_m": 2476.9100901465199, "nearest_hospital_name": "舞鶴赤十字病院", "nearest_hospital_distance_m": 8263.0000890581705, "nearest_clinic_name": "市立舞鶴市民病院加佐診療所", "nearest_clinic_distance_m": 2476.9100901465199, "elderly_population_percentile": "<NA>", "elderly_ratio_percentile": "<NA>", "transport_distance_percentile": "<NA>", "medical_distance_percentile": "<NA>", "exploratory_score_a": "<NA>", "exploratory_score_b": "<NA>", "exploratory_score_c": "<NA>", "rank_a_unfiltered": "<NA>", "rank_b_unfiltered": "<NA>", "rank_c_unfiltered": "<NA>", "pareto_frontier": "<NA>", "eligibility_population_threshold": true, "eligibility_elderly_threshold": false, "primary_eligible": false, "rank": null }, "geometry": { "type": "Polygon", "coordinates": [ [ [ 135.24375, 35.433333333333337 ], [ 135.25, 35.433333333333337 ], [ 135.25, 35.4375 ], [ 135.24375, 35.4375 ], [ 135.24375, 35.433333333333337 ] ] ] } },
{ "type": "Feature", "properties": { "mesh_code": "533511293", "centroid_lat": 35.439583333333346, "centroid_lon": 135.240625, "city_area_fraction": 1.0, "centroid_within_city": true, "population": 6, "elderly_population": null, "reported_elderly_population": null, "elderly_ratio": null, "HTKSYORI": "2", "HTKSAKI": "533511292", "GASSAN": null, "disclosure_status": "suppressed_source", "suppression_flag": true, "aggregation_target_flag": false, "aggregation_flag": false, "primary_eligible_disclosure": false, "nearest_station_name": "四所駅", "nearest_station_distance_m": 4590.8741994904194, "nearest_bus_stop_name": "間口", "nearest_bus_stop_distance_m": 1287.5042058706229, "nearest_public_transport_type": "bus_stop", "nearest_public_transport_name": "間口", "nearest_public_transport_distance_m": 1287.5042058706229, "nearest_medical_name": "市立舞鶴市民病院加佐診療所", "nearest_medical_distance_m": 2553.0534194765632, "nearest_hospital_name": "舞鶴赤十字病院", "nearest_hospital_distance_m": 8783.6030786627598, "nearest_clinic_name": "市立舞鶴市民病院加佐診療所", "nearest_clinic_distance_m": 2553.0534194765632, "elderly_population_percentile": "<NA>", "elderly_ratio_percentile": "<NA>", "transport_distance_percentile": "<NA>", "medical_distance_percentile": "<NA>", "exploratory_score_a": "<NA>", "exploratory_score_b": "<NA>", "exploratory_score_c": "<NA>", "rank_a_unfiltered": "<NA>", "rank_b_unfiltered": "<NA>", "rank_c_unfiltered": "<NA>", "pareto_frontier": "<NA>", "eligibility_population_threshold": false, "eligibility_elderly_threshold": false, "primary_eligible": false, "rank": null }, "geometry": { "type": "Polygon", "coordinates": [ [ [ 135.2375, 35.4375 ], [ 135.24375, 35.4375 ], [ 135.24375, 35.441666666666677 ], [ 135.2375, 35.441666666666677 ], [ 135.2375, 35.4375 ] ] ] } },
{ "type": "Feature", "properties": { "mesh_code": "533511344", "centroid_lat": 35.447916666666671, "centroid_lon": 135.184375, "city_area_fraction": 1.0, "centroid_within_city": true, "population": 15, "elderly_population": 11.0, "reported_elderly_population": 11.0, "elderly_ratio": 0.73333333333333328, "HTKSYORI": "0", "HTKSAKI": null, "GASSAN": null, "disclosure_status": "unaffected", "suppression_flag": false, "aggregation_target_flag": false, "aggregation_flag": false, "primary_eligible_disclosure": true, "nearest_station_name": "東雲駅", "nearest_station_distance_m": 9611.5902490786375, "nearest_bus_stop_name": "地頭", "nearest_bus_stop_distance_m": 3774.4968779665819, "nearest_public_transport_type": "bus_stop", "nearest_public_transport_name": "地頭", "nearest_public_transport_distance_m": 3774.4968779665819, "nearest_medical_name": "ライフ・ステージ舞夢診療所", "nearest_medical_distance_m": 4236.4577977815816, "nearest_hospital_name": "舞鶴赤十字病院", "nearest_hospital_distance_m": 13875.28731303902, "nearest_clinic_name": "ライフ・ステージ舞夢診療所", "nearest_clinic_distance_m": 4236.4577977815816, "elderly_population_percentile": "0.25874125874125875", "elderly_ratio_percentile": "0.9562937062937062", "transport_distance_percentile": "0.9790209790209791", "medical_distance_percentile": "0.9230769230769231", "exploratory_score_a": "0.2533131204459876", "exploratory_score_b": "0.23883808499193115", "exploratory_score_c": "0.23382749579629625", "rank_a_unfiltered": "107", "rank_b_unfiltered": "103", "rank_c_unfiltered": "33", "pareto_frontier": "True", "eligibility_population_threshold": false, "eligibility_elderly_threshold": true, "primary_eligible": false, "rank": null }, "geometry": { "type": "Polygon", "coordinates": [ [ [ 135.18125, 35.44583333333334 ], [ 135.1875, 35.44583333333334 ], [ 135.1875, 35.45 ], [ 135.18125, 35.45 ], [ 135.18125, 35.44583333333334 ] ] ] } },
{ "type": "Feature", "properties": { "mesh_code": "533511351", "centroid_lat": 35.44375, "centroid_lon": 135.190625, "city_area_fraction": 1.0, "centroid_within_city": true, "population": 2, "elderly_population": null, "reported_elderly_population": null, "elderly_ratio": null, "HTKSYORI": "2", "HTKSAKI": "533511253", "GASSAN": null, "disclosure_status": "suppressed_source", "suppression_flag": true, "aggregation_target_flag": false, "aggregation_flag": false, "primary_eligible_disclosure": false, "nearest_station_name": "四所駅", "nearest_station_distance_m": 9076.3407096167284, "nearest_bus_stop_name": "地頭", "nearest_bus_stop_distance_m": 3043.1302892385424, "nearest_public_transport_type": "bus_stop", "nearest_public_transport_name": "地頭", "nearest_public_transport_distance_m": 3043.1302892385424, "nearest_medical_name": "ライフ・ステージ舞夢診療所", "nearest_medical_distance_m": 3505.8223062576053, "nearest_hospital_name": "舞鶴赤十字病院", "nearest_hospital_distance_m": 13304.345858052668, "nearest_clinic_name": "ライフ・ステージ舞夢診療所", "nearest_clinic_distance_m": 3505.8223062576053, "elderly_population_percentile": "<NA>", "elderly_ratio_percentile": "<NA>", "transport_distance_percentile": "<NA>", "medical_distance_percentile": "<NA>", "exploratory_score_a": "<NA>", "exploratory_score_b": "<NA>", "exploratory_score_c": "<NA>", "rank_a_unfiltered": "<NA>", "rank_b_unfiltered": "<NA>", "rank_c_unfiltered": "<NA>", "pareto_frontier": "<NA>", "eligibility_population_threshold": false, "eligibility_elderly_threshold": false, "primary_eligible": false, "rank": null }, "geometry": { "type": "Polygon", "coordinates": [ [ [ 135.1875, 35.44166666666667 ], [ 135.19375, 35.44166666666667 ], [ 135.19375, 35.44583333333334 ], [ 135.1875, 35.44583333333334 ], [ 135.1875, 35.44166666666667 ] ] ] } },
{ "type": "Feature", "properties": { "mesh_code": "533511362", "centroid_lat": 35.44375, "centroid_lon": 135.209375, "city_area_fraction": 1.0, "centroid_within_city": true, "population": 16, "elderly_population": null, "reported_elderly_population": 12.0, "elderly_ratio": null, "HTKSYORI": "1", "HTKSAKI": null, "GASSAN": "533511363", "disclosure_status": "aggregation_destination", "suppression_flag": false, "aggregation_target_flag": true, "aggregation_flag": true, "primary_eligible_disclosure": false, "nearest_station_name": "四所駅", "nearest_station_distance_m": 7374.9423974708125, "nearest_bus_stop_name": "地頭下", "nearest_bus_stop_distance_m": 2097.8856158454732, "nearest_public_transport_type": "bus_stop", "nearest_public_transport_name": "地頭下", "nearest_public_transport_distance_m": 2097.8856158454732, "nearest_medical_name": "ライフ・ステージ舞夢診療所", "nearest_medical_distance_m": 2537.6719494922904, "nearest_hospital_name": "舞鶴赤十字病院", "nearest_hospital_distance_m": 11602.127712228086, "nearest_clinic_name": "ライフ・ステージ舞夢診療所", "nearest_clinic_distance_m": 2537.6719494922904, "elderly_population_percentile": "<NA>", "elderly_ratio_percentile": "<NA>", "transport_distance_percentile": "<NA>", "medical_distance_percentile": "<NA>", "exploratory_score_a": "<NA>", "exploratory_score_b": "<NA>", "exploratory_score_c": "<NA>", "rank_a_unfiltered": "<NA>", "rank_b_unfiltered": "<NA>", "rank_c_unfiltered": "<NA>", "pareto_frontier": "<NA>", "eligibility_population_threshold": false, "eligibility_elderly_threshold": false, "primary_eligible": false, "rank": null }, "geometry": { "type": "Polygon", "coordinates": [ [ [ 135.20625, 35.44166666666667 ], [ 135.2125, 35.44166666666667 ], [ 135.2125, 35.44583333333334 ], [ 135.20625, 35.44583333333334 ], [ 135.20625, 35.44166666666667 ] ] ] } },
{ "type": "Feature", "properties": { "mesh_code": "533511363", "centroid_lat": 35.447916666666671, "centroid_lon": 135.203125, "city_area_fraction": 1.0, "centroid_within_city": true, "population": 2, "elderly_population": null, "reported_elderly_population": null, "elderly_ratio": null, "HTKSYORI": "2", "HTKSAKI": "533511362", "GASSAN": null, "disclosure_status": "suppressed_source", "suppression_flag": true, "aggregation_target_flag": false, "aggregation_flag": false, "primary_eligible_disclosure": false, "nearest_station_name": "四所駅", "nearest_station_distance_m": 7939.9864641716167, "nearest_bus_stop_name": "地頭", "nearest_bus_stop_distance_m": 2731.9173351593849, "nearest_public_transport_type": "bus_stop", "nearest_public_transport_name": "地頭", "nearest_public_transport_distance_m": 2731.9173351593849, "nearest_medical_name": "ライフ・ステージ舞夢診療所", "nearest_medical_distance_m": 3188.1887421715646, "nearest_hospital_name": "舞鶴赤十字病院", "nearest_hospital_distance_m": 12173.648772340157, "nearest_clinic_name": "ライフ・ステージ舞夢診療所", "nearest_clinic_distance_m": 3188.1887421715646, "elderly_population_percentile": "<NA>", "elderly_ratio_percentile": "<NA>", "transport_distance_percentile": "<NA>", "medical_distance_percentile": "<NA>", "exploratory_score_a": "<NA>", "exploratory_score_b": "<NA>", "exploratory_score_c": "<NA>", "rank_a_unfiltered": "<NA>", "rank_b_unfiltered": "<NA>", "rank_c_unfiltered": "<NA>", "pareto_frontier": "<NA>", "eligibility_population_threshold": false, "eligibility_elderly_threshold": false, "primary_eligible": false, "rank": null }, "geometry": { "type": "Polygon", "coordinates": [ [ [ 135.2, 35.44583333333334 ], [ 135.20625, 35.44583333333334 ], [ 135.20625, 35.45 ], [ 135.2, 35.45 ], [ 135.2, 35.44583333333334 ] ] ] } },
{ "type": "Feature", "properties": { "mesh_code": "533511371", "centroid_lat": 35.44375, "centroid_lon": 135.215625, "city_area_fraction": 1.0, "centroid_within_city": true, "population": 25, "elderly_population": 10.0, "reported_elderly_population": 10.0, "elderly_ratio": 0.4, "HTKSYORI": "0", "HTKSAKI": null, "GASSAN": null, "disclosure_status": "unaffected", "suppression_flag": false, "aggregation_target_flag": false, "aggregation_flag": false, "primary_eligible_disclosure": true, "nearest_station_name": "四所駅", "nearest_station_distance_m": 6807.9083281581452, "nearest_bus_stop_name": "地頭下", "nearest_bus_stop_distance_m": 1837.3480065527974, "nearest_public_transport_type": "bus_stop", "nearest_public_transport_name": "地頭下", "nearest_public_transport_distance_m": 1837.3480065527974, "nearest_medical_name": "ライフ・ステージ舞夢診療所", "nearest_medical_distance_m": 2403.6867254935673, "nearest_hospital_name": "舞鶴赤十字病院", "nearest_hospital_distance_m": 11034.727736781933, "nearest_clinic_name": "ライフ・ステージ舞夢診療所", "nearest_clinic_distance_m": 2403.6867254935673, "elderly_population_percentile": "0.22727272727272727", "elderly_ratio_percentile": "0.506993006993007", "transport_distance_percentile": "0.8461538461538461", "medical_distance_percentile": "0.7552447552447552", "exploratory_score_a": "0.1923076923076923", "exploratory_score_b": "0.17164653528289892", "exploratory_score_c": "0.14523937600860676", "rank_a_unfiltered": "139", "rank_b_unfiltered": "140", "rank_c_unfiltered": "82", "pareto_frontier": "False", "eligibility_population_threshold": true, "eligibility_elderly_threshold": true, "primary_eligible": true, "rank": 74 }, "geometry": { "type": "Polygon", "coordinates": [ [ [ 135.2125, 35.44166666666667 ], [ 135.21875, 35.44166666666667 ], [ 135.21875, 35.44583333333334 ], [ 135.2125, 35.44583333333334 ], [ 135.2125, 35.44166666666667 ] ] ] } },
{ "type": "Feature", "properties": { "mesh_code": "533511372", "centroid_lat": 35.44375, "centroid_lon": 135.221875, "city_area_fraction": 1.0, "centroid_within_city": true, "population": 8, "elderly_population": null, "reported_elderly_population": null, "elderly_ratio": null, "HTKSYORI": "2", "HTKSAKI": "533511373", "GASSAN": null, "disclosure_status": "suppressed_source", "suppression_flag": true, "aggregation_target_flag": false, "aggregation_flag": false, "primary_eligible_disclosure": false, "nearest_station_name": "四所駅", "nearest_station_distance_m": 6240.9457666222561, "nearest_bus_stop_name": "地頭下", "nearest_bus_stop_distance_m": 1730.5072697420615, "nearest_public_transport_type": "bus_stop", "nearest_public_transport_name": "地頭下", "nearest_public_transport_distance_m": 1730.5072697420615, "nearest_medical_name": "ライフ・ステージ舞夢診療所", "nearest_medical_distance_m": 2399.9524124853378, "nearest_hospital_name": "舞鶴赤十字病院", "nearest_hospital_distance_m": 10467.33146247715, "nearest_clinic_name": "ライフ・ステージ舞夢診療所", "nearest_clinic_distance_m": 2399.9524124853378, "elderly_population_percentile": "<NA>", "elderly_ratio_percentile": "<NA>", "transport_distance_percentile": "<NA>", "medical_distance_percentile": "<NA>", "exploratory_score_a": "<NA>", "exploratory_score_b": "<NA>", "exploratory_score_c": "<NA>", "rank_a_unfiltered": "<NA>", "rank_b_unfiltered": "<NA>", "rank_c_unfiltered": "<NA>", "pareto_frontier": "<NA>", "eligibility_population_threshold": false, "eligibility_elderly_threshold": false, "primary_eligible": false, "rank": null }, "geometry": { "type": "Polygon", "coordinates": [ [ [ 135.21875, 35.44166666666667 ], [ 135.225, 35.44166666666667 ], [ 135.225, 35.44583333333334 ], [ 135.21875, 35.44583333333334 ], [ 135.21875, 35.44166666666667 ] ] ] } },
{ "type": "Feature", "properties": { "mesh_code": "533511373", "centroid_lat": 35.447916666666671, "centroid_lon": 135.215625, "city_area_fraction": 1.0, "centroid_within_city": true, "population": 30, "elderly_population": null, "reported_elderly_population": 22.0, "elderly_ratio": null, "HTKSYORI": "1", "HTKSAKI": null, "GASSAN": "533511372", "disclosure_status": "aggregation_destination", "suppression_flag": false, "aggregation_target_flag": true, "aggregation_flag": true, "primary_eligible_disclosure": false, "nearest_station_name": "四所駅", "nearest_station_distance_m": 6805.5843570264969, "nearest_bus_stop_name": "地頭下", "nearest_bus_stop_distance_m": 2277.8751039433982, "nearest_public_transport_type": "bus_stop", "nearest_public_transport_name": "地頭下", "nearest_public_transport_distance_m": 2277.8751039433982, "nearest_medical_name": "ライフ・ステージ舞夢診療所", "nearest_medical_distance_m": 2862.930887043367, "nearest_hospital_name": "舞鶴赤十字病院", "nearest_hospital_distance_m": 11039.330328431908, "nearest_clinic_name": "ライフ・ステージ舞夢診療所", "nearest_clinic_distance_m": 2862.930887043367, "elderly_population_percentile": "<NA>", "elderly_ratio_percentile": "<NA>", "transport_distance_percentile": "<NA>", "medical_distance_percentile": "<NA>", "exploratory_score_a": "<NA>", "exploratory_score_b": "<NA>", "exploratory_score_c": "<NA>", "rank_a_unfiltered": "<NA>", "rank_b_unfiltered": "<NA>", "rank_c_unfiltered": "<NA>", "pareto_frontier": "<NA>", "eligibility_population_threshold": true, "eligibility_elderly_threshold": false, "primary_eligible": false, "rank": null }, "geometry": { "type": "Polygon", "coordinates": [ [ [ 135.2125, 35.44583333333334 ], [ 135.21875, 35.44583333333334 ], [ 135.21875, 35.45 ], [ 135.2125, 35.45 ], [ 135.2125, 35.44583333333334 ] ] ] } },
{ "type": "Feature", "properties": { "mesh_code": "533511384", "centroid_lat": 35.447916666666671, "centroid_lon": 135.234375, "city_area_fraction": 1.0, "centroid_within_city": true, "population": 10, "elderly_population": 6.0, "reported_elderly_population": 6.0, "elderly_ratio": 0.6, "HTKSYORI": "0", "HTKSAKI": null, "GASSAN": null, "disclosure_status": "unaffected", "suppression_flag": false, "aggregation_target_flag": false, "aggregation_flag": false, "primary_eligible_disclosure": true, "nearest_station_name": "四所駅", "nearest_station_distance_m": 5104.333786564338, "nearest_bus_stop_name": "岡田由里", "nearest_bus_stop_distance_m": 2054.7325371306697, "nearest_public_transport_type": "bus_stop", "nearest_public_transport_name": "岡田由里", "nearest_public_transport_distance_m": 2054.7325371306697, "nearest_medical_name": "市立舞鶴市民病院加佐診療所", "nearest_medical_distance_m": 2684.3209727948192, "nearest_hospital_name": "舞鶴赤十字病院", "nearest_hospital_distance_m": 9338.0895738347208, "nearest_clinic_name": "市立舞鶴市民病院加佐診療所", "nearest_clinic_distance_m": 2684.3209727948192, "elderly_population_percentile": "0.09090909090909091", "elderly_ratio_percentile": "0.8688811188811189", "transport_distance_percentile": "0.8846153846153846", "medical_distance_percentile": "0.7937062937062938", "exploratory_score_a": "0.08041958041958042", "exploratory_score_b": "0.07215511760966307", "exploratory_score_c": "0.0638295271162404", "rank_a_unfiltered": "219", "rank_b_unfiltered": "232", "rank_c_unfiltered": "156", "pareto_frontier": "False", "eligibility_population_threshold": false, "eligibility_elderly_threshold": false, "primary_eligible": false, "rank": null }, "geometry": { "type": "Polygon", "coordinates": [ [ [ 135.23125, 35.44583333333334 ], [ 135.2375, 35.44583333333334 ], [ 135.2375, 35.45 ], [ 135.23125, 35.45 ], [ 135.23125, 35.44583333333334 ] ] ] } },
{ "type": "Feature", "properties": { "mesh_code": "533511391", "centroid_lat": 35.44375, "centroid_lon": 135.240625, "city_area_fraction": 1.0, "centroid_within_city": true, "population": 29, "elderly_population": null, "reported_elderly_population": 21.0, "elderly_ratio": null, "HTKSYORI": "1", "HTKSAKI": null, "GASSAN": "533511392;533511394", "disclosure_status": "aggregation_destination", "suppression_flag": false, "aggregation_target_flag": true, "aggregation_flag": true, "primary_eligible_disclosure": false, "nearest_station_name": "四所駅", "nearest_station_distance_m": 4540.7528438312729, "nearest_bus_stop_name": "志高下境", "nearest_bus_stop_distance_m": 1483.8310498167168, "nearest_public_transport_type": "bus_stop", "nearest_public_transport_name": "志高下境", "nearest_public_transport_distance_m": 1483.8310498167168, "nearest_medical_name": "市立舞鶴市民病院加佐診療所", "nearest_medical_distance_m": 2307.4419858537967, "nearest_hospital_name": "舞鶴赤十字病院", "nearest_hospital_distance_m": 8765.1709189623798, "nearest_clinic_name": "市立舞鶴市民病院加佐診療所", "nearest_clinic_distance_m": 2307.4419858537967, "elderly_population_percentile": "<NA>", "elderly_ratio_percentile": "<NA>", "transport_distance_percentile": "<NA>", "medical_distance_percentile": "<NA>", "exploratory_score_a": "<NA>", "exploratory_score_b": "<NA>", "exploratory_score_c": "<NA>", "rank_a_unfiltered": "<NA>", "rank_b_unfiltered": "<NA>", "rank_c_unfiltered": "<NA>", "pareto_frontier": "<NA>", "eligibility_population_threshold": true, "eligibility_elderly_threshold": false, "primary_eligible": false, "rank": null }, "geometry": { "type": "Polygon", "coordinates": [ [ [ 135.2375, 35.44166666666667 ], [ 135.24375, 35.44166666666667 ], [ 135.24375, 35.44583333333334 ], [ 135.2375, 35.44583333333334 ], [ 135.2375, 35.44166666666667 ] ] ] } },
{ "type": "Feature", "properties": { "mesh_code": "533511392", "centroid_lat": 35.44375, "centroid_lon": 135.246875, "city_area_fraction": 1.0000000000000002, "centroid_within_city": true, "population": 3, "elderly_population": null, "reported_elderly_population": null, "elderly_ratio": null, "HTKSYORI": "2", "HTKSAKI": "533511391", "GASSAN": null, "disclosure_status": "suppressed_source", "suppression_flag": true, "aggregation_target_flag": false, "aggregation_flag": false, "primary_eligible_disclosure": false, "nearest_station_name": "四所駅", "nearest_station_distance_m": 3974.4177753187737, "nearest_bus_stop_name": "志高下境", "nearest_bus_stop_distance_m": 988.77121657414637, "nearest_public_transport_type": "bus_stop", "nearest_public_transport_name": "志高下境", "nearest_public_transport_distance_m": 988.77121657414637, "nearest_medical_name": "市立舞鶴市民病院加佐診療所", "nearest_medical_distance_m": 1822.1765814664652, "nearest_hospital_name": "舞鶴赤十字病院", "nearest_hospital_distance_m": 8197.7963677659882, "nearest_clinic_name": "市立舞鶴市民病院加佐診療所", "nearest_clinic_distance_m": 1822.1765814664652, "elderly_population_percentile": "<NA>", "elderly_ratio_percentile": "<NA>", "transport_distance_percentile": "<NA>", "medical_distance_percentile": "<NA>", "exploratory_score_a": "<NA>", "exploratory_score_b": "<NA>", "exploratory_score_c": "<NA>", "rank_a_unfiltered": "<NA>", "rank_b_unfiltered": "<NA>", "rank_c_unfiltered": "<NA>", "pareto_frontier": "<NA>", "eligibility_population_threshold": false, "eligibility_elderly_threshold": false, "primary_eligible": false, "rank": null }, "geometry": { "type": "Polygon", "coordinates": [ [ [ 135.24375, 35.44166666666667 ], [ 135.25, 35.44166666666667 ], [ 135.25, 35.44583333333334 ], [ 135.24375, 35.44583333333334 ], [ 135.24375, 35.44166666666667 ] ] ] } },
{ "type": "Feature", "properties": { "mesh_code": "533511394", "centroid_lat": 35.447916666666671, "centroid_lon": 135.246875, "city_area_fraction": 1.0000000000000002, "centroid_within_city": true, "population": 2, "elderly_population": null, "reported_elderly_population": null, "elderly_ratio": null, "HTKSYORI": "2", "HTKSAKI": "533511391", "GASSAN": null, "disclosure_status": "suppressed_source", "suppression_flag": true, "aggregation_target_flag": false, "aggregation_flag": false, "primary_eligible_disclosure": false, "nearest_station_name": "四所駅", "nearest_station_distance_m": 3970.6339742788941, "nearest_bus_stop_name": "小津田", "nearest_bus_stop_distance_m": 1195.8647649201343, "nearest_public_transport_type": "bus_stop", "nearest_public_transport_name": "小津田", "nearest_public_transport_distance_m": 1195.8647649201343, "nearest_medical_name": "市立舞鶴市民病院加佐診療所", "nearest_medical_distance_m": 1598.1295361215102, "nearest_hospital_name": "舞鶴赤十字病院", "nearest_hospital_distance_m": 8204.1620479531193, "nearest_clinic_name": "市立舞鶴市民病院加佐診療所", "nearest_clinic_distance_m": 1598.1295361215102, "elderly_population_percentile": "<NA>", "elderly_ratio_percentile": "<NA>", "transport_distance_percentile": "<NA>", "medical_distance_percentile": "<NA>", "exploratory_score_a": "<NA>", "exploratory_score_b": "<NA>", "exploratory_score_c": "<NA>", "rank_a_unfiltered": "<NA>", "rank_b_unfiltered": "<NA>", "rank_c_unfiltered": "<NA>", "pareto_frontier": "<NA>", "eligibility_population_threshold": false, "eligibility_elderly_threshold": false, "primary_eligible": false, "rank": null }, "geometry": { "type": "Polygon", "coordinates": [ [ [ 135.24375, 35.44583333333334 ], [ 135.25, 35.44583333333334 ], [ 135.25, 35.45 ], [ 135.24375, 35.45 ], [ 135.24375, 35.44583333333334 ] ] ] } },
{ "type": "Feature", "properties": { "mesh_code": "533511432", "centroid_lat": 35.452083333333334, "centroid_lon": 135.171875, "city_area_fraction": 0.93465994560705101, "centroid_within_city": true, "population": 4, "elderly_population": null, "reported_elderly_population": null, "elderly_ratio": null, "HTKSYORI": "2", "HTKSAKI": "533511441", "GASSAN": null, "disclosure_status": "suppressed_source", "suppression_flag": true, "aggregation_target_flag": false, "aggregation_flag": false, "primary_eligible_disclosure": false, "nearest_station_name": "東雲駅", "nearest_station_distance_m": 10574.292627617504, "nearest_bus_stop_name": "地頭", "nearest_bus_stop_distance_m": 4949.4781269649466, "nearest_public_transport_type": "bus_stop", "nearest_public_transport_name": "地頭", "nearest_public_transport_distance_m": 4949.4781269649466, "nearest_medical_name": "ライフ・ステージ舞夢診療所", "nearest_medical_distance_m": 5403.8808534535174, "nearest_hospital_name": "舞鶴赤十字病院", "nearest_hospital_distance_m": 15027.226085159351, "nearest_clinic_name": "ライフ・ステージ舞夢診療所", "nearest_clinic_distance_m": 5403.8808534535174, "elderly_population_percentile": "<NA>", "elderly_ratio_percentile": "<NA>", "transport_distance_percentile": "<NA>", "medical_distance_percentile": "<NA>", "exploratory_score_a": "<NA>", "exploratory_score_b": "<NA>", "exploratory_score_c": "<NA>", "rank_a_unfiltered": "<NA>", "rank_b_unfiltered": "<NA>", "rank_c_unfiltered": "<NA>", "pareto_frontier": "<NA>", "eligibility_population_threshold": false, "eligibility_elderly_threshold": false, "primary_eligible": false, "rank": null }, "geometry": { "type": "Polygon", "coordinates": [ [ [ 135.16875, 35.45 ], [ 135.175, 35.45 ], [ 135.175, 35.454166666666673 ], [ 135.16875, 35.454166666666673 ], [ 135.16875, 35.45 ] ] ] } },
{ "type": "Feature", "properties": { "mesh_code": "533511441", "centroid_lat": 35.452083333333334, "centroid_lon": 135.178125, "city_area_fraction": 1.0, "centroid_within_city": true, "population": 8, "elderly_population": null, "reported_elderly_population": 10.0, "elderly_ratio": null, "HTKSYORI": "1", "HTKSAKI": null, "GASSAN": "533511432", "disclosure_status": "aggregation_destination", "suppression_flag": false, "aggregation_target_flag": true, "aggregation_flag": true, "primary_eligible_disclosure": false, "nearest_station_name": "東雲駅", "nearest_station_distance_m": 10024.586558735858, "nearest_bus_stop_name": "地頭", "nearest_bus_stop_distance_m": 4506.0130755887139, "nearest_public_transport_type": "bus_stop", "nearest_public_transport_name": "地頭", "nearest_public_transport_distance_m": 4506.0130755887139, "nearest_medical_name": "ライフ・ステージ舞夢診療所", "nearest_medical_distance_m": 4967.4434695882846, "nearest_hospital_name": "舞鶴赤十字病院", "nearest_hospital_distance_m": 14460.680291674844, "nearest_clinic_name": "ライフ・ステージ舞夢診療所", "nearest_clinic_distance_m": 4967.4434695882846, "elderly_population_percentile": "<NA>", "elderly_ratio_percentile": "<NA>", "transport_distance_percentile": "<NA>", "medical_distance_percentile": "<NA>", "exploratory_score_a": "<NA>", "exploratory_score_b": "<NA>", "exploratory_score_c": "<NA>", "rank_a_unfiltered": "<NA>", "rank_b_unfiltered": "<NA>", "rank_c_unfiltered": "<NA>", "pareto_frontier": "<NA>", "eligibility_population_threshold": false, "eligibility_elderly_threshold": false, "primary_eligible": false, "rank": null }, "geometry": { "type": "Polygon", "coordinates": [ [ [ 135.175, 35.45 ], [ 135.18125, 35.45 ], [ 135.18125, 35.454166666666673 ], [ 135.175, 35.454166666666673 ], [ 135.175, 35.45 ] ] ] } },
{ "type": "Feature", "properties": { "mesh_code": "533511442", "centroid_lat": 35.452083333333334, "centroid_lon": 135.184375, "city_area_fraction": 1.0000000000000002, "centroid_within_city": true, "population": 9, "elderly_population": 7.0, "reported_elderly_population": 7.0, "elderly_ratio": 0.77777777777777779, "HTKSYORI": "0", "HTKSAKI": null, "GASSAN": null, "disclosure_status": "unaffected", "suppression_flag": false, "aggregation_target_flag": false, "aggregation_flag": false, "primary_eligible_disclosure": true, "nearest_station_name": "東雲駅", "nearest_station_distance_m": 9476.9546526668819, "nearest_bus_stop_name": "地頭", "nearest_bus_stop_distance_m": 4093.290077869674, "nearest_public_transport_type": "bus_stop", "nearest_public_transport_name": "地頭", "nearest_public_transport_distance_m": 4093.290077869674, "nearest_medical_name": "ライフ・ステージ舞夢診療所", "nearest_medical_distance_m": 4559.9492577567135, "nearest_hospital_name": "舞鶴赤十字病院", "nearest_hospital_distance_m": 13894.205047258298, "nearest_clinic_name": "ライフ・ステージ舞夢診療所", "nearest_clinic_distance_m": 4559.9492577567135, "elderly_population_percentile": "0.12062937062937062", "elderly_ratio_percentile": "0.9702797202797203", "transport_distance_percentile": "0.986013986013986", "medical_distance_percentile": "0.9300699300699301", "exploratory_score_a": "0.11894224656462418", "exploratory_score_b": "0.11219375030563841", "exploratory_score_c": "0.1106246069447204", "rank_a_unfiltered": "186", "rank_b_unfiltered": "196", "rank_c_unfiltered": "110", "pareto_frontier": "False", "eligibility_population_threshold": false, "eligibility_elderly_threshold": false, "primary_eligible": false, "rank": null }, "geometry": { "type": "Polygon", "coordinates": [ [ [ 135.18125, 35.45 ], [ 135.1875, 35.45 ], [ 135.1875, 35.454166666666673 ], [ 135.18125, 35.454166666666673 ], [ 135.18125, 35.45 ] ] ] } },
{ "type": "Feature", "properties": { "mesh_code": "533511461", "centroid_lat": 35.452083333333334, "centroid_lon": 135.203125, "city_area_fraction": 1.0, "centroid_within_city": true, "population": 4, "elderly_population": null, "reported_elderly_population": null, "elderly_ratio": null, "HTKSYORI": "2", "HTKSAKI": "533511471", "GASSAN": null, "disclosure_status": "suppressed_source", "suppression_flag": true, "aggregation_target_flag": false, "aggregation_flag": false, "primary_eligible_disclosure": false, "nearest_station_name": "東雲駅", "nearest_station_distance_m": 7850.8360598270292, "nearest_bus_stop_name": "地頭", "nearest_bus_stop_distance_m": 3157.8333242188755, "nearest_public_transport_type": "bus_stop", "nearest_public_transport_name": "地頭", "nearest_public_transport_distance_m": 3157.8333242188755, "nearest_medical_name": "ライフ・ステージ舞夢診療所", "nearest_medical_distance_m": 3607.0074172437644, "nearest_hospital_name": "舞鶴赤十字病院", "nearest_hospital_distance_m": 12195.300068272714, "nearest_clinic_name": "ライフ・ステージ舞夢診療所", "nearest_clinic_distance_m": 3607.0074172437644, "elderly_population_percentile": "<NA>", "elderly_ratio_percentile": "<NA>", "transport_distance_percentile": "<NA>", "medical_distance_percentile": "<NA>", "exploratory_score_a": "<NA>", "exploratory_score_b": "<NA>", "exploratory_score_c": "<NA>", "rank_a_unfiltered": "<NA>", "rank_b_unfiltered": "<NA>", "rank_c_unfiltered": "<NA>", "pareto_frontier": "<NA>", "eligibility_population_threshold": false, "eligibility_elderly_threshold": false, "primary_eligible": false, "rank": null }, "geometry": { "type": "Polygon", "coordinates": [ [ [ 135.2, 35.45 ], [ 135.20625, 35.45 ], [ 135.20625, 35.454166666666673 ], [ 135.2, 35.454166666666673 ], [ 135.2, 35.45 ] ] ] } },
{ "type": "Feature", "properties": { "mesh_code": "533511463", "centroid_lat": 35.45625, "centroid_lon": 135.203125, "city_area_fraction": 1.0, "centroid_within_city": true, "population": 1, "elderly_population": null, "reported_elderly_population": null, "elderly_ratio": null, "HTKSYORI": "2", "HTKSAKI": "533511471", "GASSAN": null, "disclosure_status": "suppressed_source", "suppression_flag": true, "aggregation_target_flag": false, "aggregation_flag": false, "primary_eligible_disclosure": false, "nearest_station_name": "東雲駅", "nearest_station_distance_m": 7713.2658845442775, "nearest_bus_stop_name": "地頭下", "nearest_bus_stop_distance_m": 3576.4292565244791, "nearest_public_transport_type": "bus_stop", "nearest_public_transport_name": "地頭下", "nearest_public_transport_distance_m": 3576.4292565244791, "nearest_medical_name": "ライフ・ステージ舞夢診療所", "nearest_medical_distance_m": 4035.3248566385878, "nearest_hospital_name": "舞鶴赤十字病院", "nearest_hospital_distance_m": 12234.391789209574, "nearest_clinic_name": "ライフ・ステージ舞夢診療所", "nearest_clinic_distance_m": 4035.3248566385878, "elderly_population_percentile": "<NA>", "elderly_ratio_percentile": "<NA>", "transport_distance_percentile": "<NA>", "medical_distance_percentile": "<NA>", "exploratory_score_a": "<NA>", "exploratory_score_b": "<NA>", "exploratory_score_c": "<NA>", "rank_a_unfiltered": "<NA>", "rank_b_unfiltered": "<NA>", "rank_c_unfiltered": "<NA>", "pareto_frontier": "<NA>", "eligibility_population_threshold": false, "eligibility_elderly_threshold": false, "primary_eligible": false, "rank": null }, "geometry": { "type": "Polygon", "coordinates": [ [ [ 135.2, 35.454166666666673 ], [ 135.20625, 35.454166666666673 ], [ 135.20625, 35.458333333333343 ], [ 135.2, 35.458333333333343 ], [ 135.2, 35.454166666666673 ] ] ] } },
{ "type": "Feature", "properties": { "mesh_code": "533511471", "centroid_lat": 35.452083333333334, "centroid_lon": 135.215625, "city_area_fraction": 1.0000000000000002, "centroid_within_city": true, "population": 24, "elderly_population": null, "reported_elderly_population": 26.0, "elderly_ratio": null, "HTKSYORI": "1", "HTKSAKI": null, "GASSAN": "533511461;533511463;533511472;533511473;533511474;533511561;533511571", "disclosure_status": "aggregation_destination", "suppression_flag": false, "aggregation_target_flag": true, "aggregation_flag": true, "primary_eligible_disclosure": false, "nearest_station_name": "東雲駅", "nearest_station_distance_m": 6787.4301651348269, "nearest_bus_stop_name": "地頭下", "nearest_bus_stop_distance_m": 2725.6135161788052, "nearest_public_transport_type": "bus_stop", "nearest_public_transport_name": "地頭下", "nearest_public_transport_distance_m": 2725.6135161788052, "nearest_medical_name": "ライフ・ステージ舞夢診療所", "nearest_medical_distance_m": 3323.0143043784719, "nearest_hospital_name": "舞鶴赤十字病院", "nearest_hospital_distance_m": 11063.263069848237, "nearest_clinic_name": "ライフ・ステージ舞夢診療所", "nearest_clinic_distance_m": 3323.0143043784719, "elderly_population_percentile": "<NA>", "elderly_ratio_percentile": "<NA>", "transport_distance_percentile": "<NA>", "medical_distance_percentile": "<NA>", "exploratory_score_a": "<NA>", "exploratory_score_b": "<NA>", "exploratory_score_c": "<NA>", "rank_a_unfiltered": "<NA>", "rank_b_unfiltered": "<NA>", "rank_c_unfiltered": "<NA>", "pareto_frontier": "<NA>", "eligibility_population_threshold": true, "eligibility_elderly_threshold": false, "primary_eligible": false, "rank": null }, "geometry": { "type": "Polygon", "coordinates": [ [ [ 135.2125, 35.45 ], [ 135.21875, 35.45 ], [ 135.21875, 35.454166666666673 ], [ 135.2125, 35.454166666666673 ], [ 135.2125, 35.45 ] ] ] } },
{ "type": "Feature", "properties": { "mesh_code": "533511472", "centroid_lat": 35.452083333333334, "centroid_lon": 135.221875, "city_area_fraction": 0.99999999999999978, "centroid_within_city": true, "population": 2, "elderly_population": null, "reported_elderly_population": null, "elderly_ratio": null, "HTKSYORI": "2", "HTKSAKI": "533511471", "GASSAN": null, "disclosure_status": "suppressed_source", "suppression_flag": true, "aggregation_target_flag": false, "aggregation_flag": false, "primary_eligible_disclosure": false, "nearest_station_name": "東雲駅", "nearest_station_distance_m": 6265.0998374636438, "nearest_bus_stop_name": "岡田由里", "nearest_bus_stop_distance_m": 2643.3531849700548, "nearest_public_transport_type": "bus_stop", "nearest_public_transport_name": "岡田由里", "nearest_public_transport_distance_m": 2643.3531849700548, "nearest_medical_name": "ライフ・ステージ舞夢診療所", "nearest_medical_distance_m": 3320.3136003311724, "nearest_hospital_name": "舞鶴赤十字病院", "nearest_hospital_distance_m": 10497.46915129276, "nearest_clinic_name": "ライフ・ステージ舞夢診療所", "nearest_clinic_distance_m": 3320.3136003311724, "elderly_population_percentile": "<NA>", "elderly_ratio_percentile": "<NA>", "transport_distance_percentile": "<NA>", "medical_distance_percentile": "<NA>", "exploratory_score_a": "<NA>", "exploratory_score_b": "<NA>", "exploratory_score_c": "<NA>", "rank_a_unfiltered": "<NA>", "rank_b_unfiltered": "<NA>", "rank_c_unfiltered": "<NA>", "pareto_frontier": "<NA>", "eligibility_population_threshold": false, "eligibility_elderly_threshold": false, "primary_eligible": false, "rank": null }, "geometry": { "type": "Polygon", "coordinates": [ [ [ 135.21875, 35.45 ], [ 135.225, 35.45 ], [ 135.225, 35.454166666666673 ], [ 135.21875, 35.454166666666673 ], [ 135.21875, 35.45 ] ] ] } },
{ "type": "Feature", "properties": { "mesh_code": "533511473", "centroid_lat": 35.45625, "centroid_lon": 135.215625, "city_area_fraction": 1.0, "centroid_within_city": true, "population": 5, "elderly_population": null, "reported_elderly_population": null, "elderly_ratio": null, "HTKSYORI": "2", "HTKSAKI": "533511471", "GASSAN": null, "disclosure_status": "suppressed_source", "suppression_flag": true, "aggregation_target_flag": false, "aggregation_flag": false, "primary_eligible_disclosure": false, "nearest_station_name": "東雲駅", "nearest_station_distance_m": 6627.8849492510672, "nearest_bus_stop_name": "地頭下", "nearest_bus_stop_distance_m": 3177.5164400758094, "nearest_public_transport_type": "bus_stop", "nearest_public_transport_name": "地頭下", "nearest_public_transport_distance_m": 3177.5164400758094, "nearest_medical_name": "ライフ・ステージ舞夢診療所", "nearest_medical_distance_m": 3783.630949526249, "nearest_hospital_name": "舞鶴赤十字病院", "nearest_hospital_distance_m": 11106.401039988335, "nearest_clinic_name": "ライフ・ステージ舞夢診療所", "nearest_clinic_distance_m": 3783.630949526249, "elderly_population_percentile": "<NA>", "elderly_ratio_percentile": "<NA>", "transport_distance_percentile": "<NA>", "medical_distance_percentile": "<NA>", "exploratory_score_a": "<NA>", "exploratory_score_b": "<NA>", "exploratory_score_c": "<NA>", "rank_a_unfiltered": "<NA>", "rank_b_unfiltered": "<NA>", "rank_c_unfiltered": "<NA>", "pareto_frontier": "<NA>", "eligibility_population_threshold": false, "eligibility_elderly_threshold": false, "primary_eligible": false, "rank": null }, "geometry": { "type": "Polygon", "coordinates": [ [ [ 135.2125, 35.454166666666673 ], [ 135.21875, 35.454166666666673 ], [ 135.21875, 35.458333333333343 ], [ 135.2125, 35.458333333333343 ], [ 135.2125, 35.454166666666673 ] ] ] } },
{ "type": "Feature", "properties": { "mesh_code": "533511474", "centroid_lat": 35.45625, "centroid_lon": 135.221875, "city_area_fraction": 1.0, "centroid_within_city": true, "population": 8, "elderly_population": null, "reported_elderly_population": null, "elderly_ratio": null, "HTKSYORI": "2", "HTKSAKI": "533511471", "GASSAN": null, "disclosure_status": "suppressed_source", "suppression_flag": true, "aggregation_target_flag": false, "aggregation_flag": false, "primary_eligible_disclosure": false, "nearest_station_name": "東雲駅", "nearest_station_distance_m": 6091.9192595024024, "nearest_bus_stop_name": "岡田由里", "nearest_bus_stop_distance_m": 3084.0263968520499, "nearest_public_transport_type": "bus_stop", "nearest_public_transport_name": "岡田由里", "nearest_public_transport_distance_m": 3084.0263968520499, "nearest_medical_name": "市立舞鶴市民病院加佐診療所", "nearest_medical_distance_m": 3765.7446576609746, "nearest_hospital_name": "舞鶴赤十字病院", "nearest_hospital_distance_m": 10542.952191245373, "nearest_clinic_name": "市立舞鶴市民病院加佐診療所", "nearest_clinic_distance_m": 3765.7446576609746, "elderly_population_percentile": "<NA>", "elderly_ratio_percentile": "<NA>", "transport_distance_percentile": "<NA>", "medical_distance_percentile": "<NA>", "exploratory_score_a": "<NA>", "exploratory_score_b": "<NA>", "exploratory_score_c": "<NA>", "rank_a_unfiltered": "<NA>", "rank_b_unfiltered": "<NA>", "rank_c_unfiltered": "<NA>", "pareto_frontier": "<NA>", "eligibility_population_threshold": false, "eligibility_elderly_threshold": false, "primary_eligible": false, "rank": null }, "geometry": { "type": "Polygon", "coordinates": [ [ [ 135.21875, 35.454166666666673 ], [ 135.225, 35.454166666666673 ], [ 135.225, 35.458333333333343 ], [ 135.21875, 35.458333333333343 ], [ 135.21875, 35.454166666666673 ] ] ] } },
{ "type": "Feature", "properties": { "mesh_code": "533511483", "centroid_lat": 35.45625, "centroid_lon": 135.228125, "city_area_fraction": 0.99999999999999978, "centroid_within_city": true, "population": 15, "elderly_population": 9.0, "reported_elderly_population": 9.0, "elderly_ratio": 0.6, "HTKSYORI": "0", "HTKSAKI": null, "GASSAN": null, "disclosure_status": "unaffected", "suppression_flag": false, "aggregation_target_flag": false, "aggregation_flag": false, "primary_eligible_disclosure": true, "nearest_station_name": "東雲駅", "nearest_station_distance_m": 5562.1683882239531, "nearest_bus_stop_name": "岡田由里", "nearest_bus_stop_distance_m": 2975.7060576562035, "nearest_public_transport_type": "bus_stop", "nearest_public_transport_name": "岡田由里", "nearest_public_transport_distance_m": 2975.7060576562035, "nearest_medical_name": "市立舞鶴市民病院加佐診療所", "nearest_medical_distance_m": 3200.9115839915889, "nearest_hospital_name": "舞鶴赤十字病院", "nearest_hospital_distance_m": 9979.9498574623467, "nearest_clinic_name": "市立舞鶴市民病院加佐診療所", "nearest_clinic_distance_m": 3200.9115839915889, "elderly_population_percentile": "0.19230769230769232", "elderly_ratio_percentile": "0.8688811188811189", "transport_distance_percentile": "0.9405594405594405", "medical_distance_percentile": "0.8601398601398601", "exploratory_score_a": "0.1808768154922001", "exploratory_score_b": "0.16541151156535772", "exploratory_score_c": "0.15557935878000428", "rank_a_unfiltered": "146", "rank_b_unfiltered": "149", "rank_c_unfiltered": "75", "pareto_frontier": "False", "eligibility_population_threshold": false, "eligibility_elderly_threshold": false, "primary_eligible": false, "rank": null }, "geometry": { "type": "Polygon", "coordinates": [ [ [ 135.225, 35.454166666666673 ], [ 135.23125, 35.454166666666673 ], [ 135.23125, 35.458333333333343 ], [ 135.225, 35.458333333333343 ], [ 135.225, 35.454166666666673 ] ] ] } },
{ "type": "Feature", "properties": { "mesh_code": "533511561", "centroid_lat": 35.460416666666674, "centroid_lon": 135.203125, "city_area_fraction": 1.0, "centroid_within_city": true, "population": 8, "elderly_population": null, "reported_elderly_population": null, "elderly_ratio": null, "HTKSYORI": "2", "HTKSAKI": "533511471", "GASSAN": null, "disclosure_status": "suppressed_source", "suppression_flag": true, "aggregation_target_flag": false, "aggregation_flag": false, "primary_eligible_disclosure": false, "nearest_station_name": "東雲駅", "nearest_station_distance_m": 7601.3614647212898, "nearest_bus_stop_name": "地頭下", "nearest_bus_stop_distance_m": 3985.6923746201369, "nearest_public_transport_type": "bus_stop", "nearest_public_transport_name": "地頭下", "nearest_public_transport_distance_m": 3985.6923746201369, "nearest_medical_name": "ライフ・ステージ舞夢診療所", "nearest_medical_distance_m": 4470.4117154544174, "nearest_hospital_name": "舞鶴赤十字病院", "nearest_hospital_distance_m": 12290.757560092623, "nearest_clinic_name": "ライフ・ステージ舞夢診療所", "nearest_clinic_distance_m": 4470.4117154544174, "elderly_population_percentile": "<NA>", "elderly_ratio_percentile": "<NA>", "transport_distance_percentile": "<NA>", "medical_distance_percentile": "<NA>", "exploratory_score_a": "<NA>", "exploratory_score_b": "<NA>", "exploratory_score_c": "<NA>", "rank_a_unfiltered": "<NA>", "rank_b_unfiltered": "<NA>", "rank_c_unfiltered": "<NA>", "pareto_frontier": "<NA>", "eligibility_population_threshold": false, "eligibility_elderly_threshold": false, "primary_eligible": false, "rank": null }, "geometry": { "type": "Polygon", "coordinates": [ [ [ 135.2, 35.458333333333336 ], [ 135.20625, 35.458333333333336 ], [ 135.20625, 35.4625 ], [ 135.2, 35.4625 ], [ 135.2, 35.458333333333336 ] ] ] } },
{ "type": "Feature", "properties": { "mesh_code": "533511571", "centroid_lat": 35.460416666666674, "centroid_lon": 135.215625, "city_area_fraction": 0.99999999999999978, "centroid_within_city": true, "population": 1, "elderly_population": null, "reported_elderly_population": null, "elderly_ratio": null, "HTKSYORI": "2", "HTKSAKI": "533511471", "GASSAN": null, "disclosure_status": "suppressed_source", "suppression_flag": true, "aggregation_target_flag": false, "aggregation_flag": false, "primary_eligible_disclosure": false, "nearest_station_name": "東雲駅", "nearest_station_distance_m": 6497.375664305755, "nearest_bus_stop_name": "地頭下", "nearest_bus_stop_distance_m": 3632.0298635651097, "nearest_public_transport_type": "bus_stop", "nearest_public_transport_name": "地頭下", "nearest_public_transport_distance_m": 3632.0298635651097, "nearest_medical_name": "ライフ・ステージ舞夢診療所", "nearest_medical_distance_m": 4244.6073349429853, "nearest_hospital_name": "舞鶴赤十字病院", "nearest_hospital_distance_m": 11168.521742123681, "nearest_clinic_name": "ライフ・ステージ舞夢診療所", "nearest_clinic_distance_m": 4244.6073349429853, "elderly_population_percentile": "<NA>", "elderly_ratio_percentile": "<NA>", "transport_distance_percentile": "<NA>", "medical_distance_percentile": "<NA>", "exploratory_score_a": "<NA>", "exploratory_score_b": "<NA>", "exploratory_score_c": "<NA>", "rank_a_unfiltered": "<NA>", "rank_b_unfiltered": "<NA>", "rank_c_unfiltered": "<NA>", "pareto_frontier": "<NA>", "eligibility_population_threshold": false, "eligibility_elderly_threshold": false, "primary_eligible": false, "rank": null }, "geometry": { "type": "Polygon", "coordinates": [ [ [ 135.2125, 35.458333333333336 ], [ 135.21875, 35.458333333333336 ], [ 135.21875, 35.4625 ], [ 135.2125, 35.4625 ], [ 135.2125, 35.458333333333336 ] ] ] } },
{ "type": "Feature", "properties": { "mesh_code": "533511581", "centroid_lat": 35.460416666666674, "centroid_lon": 135.228125, "city_area_fraction": 1.0, "centroid_within_city": true, "population": 4, "elderly_population": null, "reported_elderly_population": null, "elderly_ratio": null, "HTKSYORI": "2", "HTKSAKI": "533511584", "GASSAN": null, "disclosure_status": "suppressed_source", "suppression_flag": true, "aggregation_target_flag": false, "aggregation_flag": false, "primary_eligible_disclosure": false, "nearest_station_name": "東雲駅", "nearest_station_distance_m": 5406.0542076491265, "nearest_bus_stop_name": "大川", "nearest_bus_stop_distance_m": 3342.1768447048025, "nearest_public_transport_type": "bus_stop", "nearest_public_transport_name": "大川", "nearest_public_transport_distance_m": 3342.1768447048025, "nearest_medical_name": "市立舞鶴市民病院加佐診療所", "nearest_medical_distance_m": 3280.4360567029075, "nearest_hospital_name": "舞鶴赤十字病院", "nearest_hospital_distance_m": 10049.097229232857, "nearest_clinic_name": "市立舞鶴市民病院加佐診療所", "nearest_clinic_distance_m": 3280.4360567029075, "elderly_population_percentile": "<NA>", "elderly_ratio_percentile": "<NA>", "transport_distance_percentile": "<NA>", "medical_distance_percentile": "<NA>", "exploratory_score_a": "<NA>", "exploratory_score_b": "<NA>", "exploratory_score_c": "<NA>", "rank_a_unfiltered": "<NA>", "rank_b_unfiltered": "<NA>", "rank_c_unfiltered": "<NA>", "pareto_frontier": "<NA>", "eligibility_population_threshold": false, "eligibility_elderly_threshold": false, "primary_eligible": false, "rank": null }, "geometry": { "type": "Polygon", "coordinates": [ [ [ 135.225, 35.458333333333336 ], [ 135.23125, 35.458333333333336 ], [ 135.23125, 35.4625 ], [ 135.225, 35.4625 ], [ 135.225, 35.458333333333336 ] ] ] } },
{ "type": "Feature", "properties": { "mesh_code": "533511582", "centroid_lat": 35.460416666666674, "centroid_lon": 135.234375, "city_area_fraction": 0.99999999999999978, "centroid_within_city": true, "population": 2, "elderly_population": null, "reported_elderly_population": null, "elderly_ratio": null, "HTKSYORI": "2", "HTKSAKI": "533511584", "GASSAN": null, "disclosure_status": "suppressed_source", "suppression_flag": true, "aggregation_target_flag": false, "aggregation_flag": false, "primary_eligible_disclosure": false, "nearest_station_name": "東雲駅", "nearest_station_distance_m": 4867.8084884644286, "nearest_bus_stop_name": "大川", "nearest_bus_stop_distance_m": 2839.2760248981904, "nearest_public_transport_type": "bus_stop", "nearest_public_transport_name": "大川", "nearest_public_transport_distance_m": 2839.2760248981904, "nearest_medical_name": "市立舞鶴市民病院加佐診療所", "nearest_medical_distance_m": 2733.1696872504804, "nearest_hospital_name": "舞鶴赤十字病院", "nearest_hospital_distance_m": 9490.7499232033479, "nearest_clinic_name": "市立舞鶴市民病院加佐診療所", "nearest_clinic_distance_m": 2733.1696872504804, "elderly_population_percentile": "<NA>", "elderly_ratio_percentile": "<NA>", "transport_distance_percentile": "<NA>", "medical_distance_percentile": "<NA>", "exploratory_score_a": "<NA>", "exploratory_score_b": "<NA>", "exploratory_score_c": "<NA>", "rank_a_unfiltered": "<NA>", "rank_b_unfiltered": "<NA>", "rank_c_unfiltered": "<NA>", "pareto_frontier": "<NA>", "eligibility_population_threshold": false, "eligibility_elderly_threshold": false, "primary_eligible": false, "rank": null }, "geometry": { "type": "Polygon", "coordinates": [ [ [ 135.23125, 35.458333333333336 ], [ 135.2375, 35.458333333333336 ], [ 135.2375, 35.4625 ], [ 135.23125, 35.4625 ], [ 135.23125, 35.458333333333336 ] ] ] } },
{ "type": "Feature", "properties": { "mesh_code": "533511584", "centroid_lat": 35.464583333333337, "centroid_lon": 135.234375, "city_area_fraction": 0.99999999999999978, "centroid_within_city": true, "population": 4, "elderly_population": null, "reported_elderly_population": 7.0, "elderly_ratio": null, "HTKSYORI": "1", "HTKSAKI": null, "GASSAN": "533511581;533511582", "disclosure_status": "aggregation_destination", "suppression_flag": false, "aggregation_target_flag": true, "aggregation_flag": true, "primary_eligible_disclosure": false, "nearest_station_name": "東雲駅", "nearest_station_distance_m": 4734.0185807979642, "nearest_bus_stop_name": "大川", "nearest_bus_stop_distance_m": 3097.1176540333508, "nearest_public_transport_type": "bus_stop", "nearest_public_transport_name": "大川", "nearest_public_transport_distance_m": 3097.1176540333508, "nearest_medical_name": "市立舞鶴市民病院加佐診療所", "nearest_medical_distance_m": 2900.5508377481592, "nearest_hospital_name": "舞鶴赤十字病院", "nearest_hospital_distance_m": 9585.7827369247116, "nearest_clinic_name": "市立舞鶴市民病院加佐診療所", "nearest_clinic_distance_m": 2900.5508377481592, "elderly_population_percentile": "<NA>", "elderly_ratio_percentile": "<NA>", "transport_distance_percentile": "<NA>", "medical_distance_percentile": "<NA>", "exploratory_score_a": "<NA>", "exploratory_score_b": "<NA>", "exploratory_score_c": "<NA>", "rank_a_unfiltered": "<NA>", "rank_b_unfiltered": "<NA>", "rank_c_unfiltered": "<NA>", "pareto_frontier": "<NA>", "eligibility_population_threshold": false, "eligibility_elderly_threshold": false, "primary_eligible": false, "rank": null }, "geometry": { "type": "Polygon", "coordinates": [ [ [ 135.23125, 35.4625 ], [ 135.2375, 35.4625 ], [ 135.2375, 35.466666666666676 ], [ 135.23125, 35.466666666666676 ], [ 135.23125, 35.4625 ] ] ] } },
{ "type": "Feature", "properties": { "mesh_code": "533511591", "centroid_lat": 35.460416666666674, "centroid_lon": 135.240625, "city_area_fraction": 1.0000000000000002, "centroid_within_city": true, "population": 9, "elderly_population": null, "reported_elderly_population": null, "elderly_ratio": null, "HTKSYORI": "2", "HTKSAKI": "533511593", "GASSAN": null, "disclosure_status": "suppressed_source", "suppression_flag": true, "aggregation_target_flag": false, "aggregation_flag": false, "primary_eligible_disclosure": false, "nearest_station_name": "東雲駅", "nearest_station_distance_m": 4336.9661497908673, "nearest_bus_stop_name": "大川", "nearest_bus_stop_distance_m": 2365.7188059951382, "nearest_public_transport_type": "bus_stop", "nearest_public_transport_name": "大川", "nearest_public_transport_distance_m": 2365.7188059951382, "nearest_medical_name": "市立舞鶴市民病院加佐診療所", "nearest_medical_distance_m": 2196.115144208045, "nearest_hospital_name": "舞鶴赤十字病院", "nearest_hospital_distance_m": 8933.5400277550179, "nearest_clinic_name": "市立舞鶴市民病院加佐診療所", "nearest_clinic_distance_m": 2196.115144208045, "elderly_population_percentile": "<NA>", "elderly_ratio_percentile": "<NA>", "transport_distance_percentile": "<NA>", "medical_distance_percentile": "<NA>", "exploratory_score_a": "<NA>", "exploratory_score_b": "<NA>", "exploratory_score_c": "<NA>", "rank_a_unfiltered": "<NA>", "rank_b_unfiltered": "<NA>", "rank_c_unfiltered": "<NA>", "pareto_frontier": "<NA>", "eligibility_population_threshold": false, "eligibility_elderly_threshold": false, "primary_eligible": false, "rank": null }, "geometry": { "type": "Polygon", "coordinates": [ [ [ 135.2375, 35.458333333333336 ], [ 135.24375, 35.458333333333336 ], [ 135.24375, 35.4625 ], [ 135.2375, 35.4625 ], [ 135.2375, 35.458333333333336 ] ] ] } },
{ "type": "Feature", "properties": { "mesh_code": "533511593", "centroid_lat": 35.464583333333337, "centroid_lon": 135.240625, "city_area_fraction": 1.0, "centroid_within_city": true, "population": 8, "elderly_population": null, "reported_elderly_population": 7.0, "elderly_ratio": null, "HTKSYORI": "1", "HTKSAKI": null, "GASSAN": "533511591", "disclosure_status": "aggregation_destination", "suppression_flag": false, "aggregation_target_flag": true, "aggregation_flag": true, "primary_eligible_disclosure": false, "nearest_station_name": "東雲駅", "nearest_station_distance_m": 4186.2753227776293, "nearest_bus_stop_name": "八田・由良川学園前", "nearest_bus_stop_distance_m": 2601.4484044990209, "nearest_public_transport_type": "bus_stop", "nearest_public_transport_name": "八田・由良川学園前", "nearest_public_transport_distance_m": 2601.4484044990209, "nearest_medical_name": "市立舞鶴市民病院加佐診療所", "nearest_medical_distance_m": 2401.2571646127349, "nearest_hospital_name": "舞鶴赤十字病院", "nearest_hospital_distance_m": 9034.4652151237042, "nearest_clinic_name": "市立舞鶴市民病院加佐診療所", "nearest_clinic_distance_m": 2401.2571646127349, "elderly_population_percentile": "<NA>", "elderly_ratio_percentile": "<NA>", "transport_distance_percentile": "<NA>", "medical_distance_percentile": "<NA>", "exploratory_score_a": "<NA>", "exploratory_score_b": "<NA>", "exploratory_score_c": "<NA>", "rank_a_unfiltered": "<NA>", "rank_b_unfiltered": "<NA>", "rank_c_unfiltered": "<NA>", "pareto_frontier": "<NA>", "eligibility_population_threshold": false, "eligibility_elderly_threshold": false, "primary_eligible": false, "rank": null }, "geometry": { "type": "Polygon", "coordinates": [ [ [ 135.2375, 35.4625 ], [ 135.24375, 35.4625 ], [ 135.24375, 35.466666666666676 ], [ 135.2375, 35.466666666666676 ], [ 135.2375, 35.4625 ] ] ] } },
{ "type": "Feature", "properties": { "mesh_code": "533511682", "centroid_lat": 35.46875, "centroid_lon": 135.234375, "city_area_fraction": 1.0, "centroid_within_city": true, "population": 8, "elderly_population": null, "reported_elderly_population": null, "elderly_ratio": null, "HTKSYORI": "2", "HTKSAKI": "533511684", "GASSAN": null, "disclosure_status": "suppressed_source", "suppression_flag": true, "aggregation_target_flag": false, "aggregation_flag": false, "primary_eligible_disclosure": false, "nearest_station_name": "東雲駅", "nearest_station_distance_m": 4642.5947410360395, "nearest_bus_stop_name": "八田・由良川学園前", "nearest_bus_stop_distance_m": 3328.2964165664071, "nearest_public_transport_type": "bus_stop", "nearest_public_transport_name": "八田・由良川学園前", "nearest_public_transport_distance_m": 3328.2964165664071, "nearest_medical_name": "市立舞鶴市民病院加佐診療所", "nearest_medical_distance_m": 3127.8680150580308, "nearest_hospital_name": "舞鶴赤十字病院", "nearest_hospital_distance_m": 9701.9331821649084, "nearest_clinic_name": "市立舞鶴市民病院加佐診療所", "nearest_clinic_distance_m": 3127.8680150580308, "elderly_population_percentile": "<NA>", "elderly_ratio_percentile": "<NA>", "transport_distance_percentile": "<NA>", "medical_distance_percentile": "<NA>", "exploratory_score_a": "<NA>", "exploratory_score_b": "<NA>", "exploratory_score_c": "<NA>", "rank_a_unfiltered": "<NA>", "rank_b_unfiltered": "<NA>", "rank_c_unfiltered": "<NA>", "pareto_frontier": "<NA>", "eligibility_population_threshold": false, "eligibility_elderly_threshold": false, "primary_eligible": false, "rank": null }, "geometry": { "type": "Polygon", "coordinates": [ [ [ 135.23125, 35.466666666666669 ], [ 135.2375, 35.466666666666669 ], [ 135.2375, 35.470833333333339 ], [ 135.23125, 35.470833333333339 ], [ 135.23125, 35.466666666666669 ] ] ] } },
{ "type": "Feature", "properties": { "mesh_code": "533511684", "centroid_lat": 35.472916666666677, "centroid_lon": 135.234375, "city_area_fraction": 1.0, "centroid_within_city": true, "population": 4, "elderly_population": null, "reported_elderly_population": 5.0, "elderly_ratio": null, "HTKSYORI": "1", "HTKSAKI": null, "GASSAN": "533511682", "disclosure_status": "aggregation_destination", "suppression_flag": false, "aggregation_target_flag": true, "aggregation_flag": true, "primary_eligible_disclosure": false, "nearest_station_name": "東雲駅", "nearest_station_distance_m": 4596.0659675378456, "nearest_bus_stop_name": "八田・由良川学園前", "nearest_bus_stop_distance_m": 3602.8684720067549, "nearest_public_transport_type": "bus_stop", "nearest_public_transport_name": "八田・由良川学園前", "nearest_public_transport_distance_m": 3602.8684720067549, "nearest_medical_name": "市立舞鶴市民病院加佐診療所", "nearest_medical_distance_m": 3403.1319237155317, "nearest_hospital_name": "舞鶴赤十字病院", "nearest_hospital_distance_m": 9838.4534028061462, "nearest_clinic_name": "市立舞鶴市民病院加佐診療所", "nearest_clinic_distance_m": 3403.1319237155317, "elderly_population_percentile": "<NA>", "elderly_ratio_percentile": "<NA>", "transport_distance_percentile": "<NA>", "medical_distance_percentile": "<NA>", "exploratory_score_a": "<NA>", "exploratory_score_b": "<NA>", "exploratory_score_c": "<NA>", "rank_a_unfiltered": "<NA>", "rank_b_unfiltered": "<NA>", "rank_c_unfiltered": "<NA>", "pareto_frontier": "<NA>", "eligibility_population_threshold": false, "eligibility_elderly_threshold": false, "primary_eligible": false, "rank": null }, "geometry": { "type": "Polygon", "coordinates": [ [ [ 135.23125, 35.470833333333339 ], [ 135.2375, 35.470833333333339 ], [ 135.2375, 35.475 ], [ 135.23125, 35.475 ], [ 135.23125, 35.470833333333339 ] ] ] } },
{ "type": "Feature", "properties": { "mesh_code": "533511691", "centroid_lat": 35.46875, "centroid_lon": 135.240625, "city_area_fraction": 1.0, "centroid_within_city": true, "population": 9, "elderly_population": null, "reported_elderly_population": null, "elderly_ratio": null, "HTKSYORI": "2", "HTKSAKI": "533511692", "GASSAN": null, "disclosure_status": "suppressed_source", "suppression_flag": true, "aggregation_target_flag": false, "aggregation_flag": false, "primary_eligible_disclosure": false, "nearest_station_name": "東雲駅", "nearest_station_distance_m": 4082.6349270130718, "nearest_bus_stop_name": "八田・由良川学園前", "nearest_bus_stop_distance_m": 2871.1317280310041, "nearest_public_transport_type": "bus_stop", "nearest_public_transport_name": "八田・由良川学園前", "nearest_public_transport_distance_m": 2871.1317280310041, "nearest_medical_name": "市立舞鶴市民病院加佐診療所", "nearest_medical_distance_m": 2671.4292709310207, "nearest_hospital_name": "舞鶴赤十字病院", "nearest_hospital_distance_m": 9157.6397547239631, "nearest_clinic_name": "市立舞鶴市民病院加佐診療所", "nearest_clinic_distance_m": 2671.4292709310207, "elderly_population_percentile": "<NA>", "elderly_ratio_percentile": "<NA>", "transport_distance_percentile": "<NA>", "medical_distance_percentile": "<NA>", "exploratory_score_a": "<NA>", "exploratory_score_b": "<NA>", "exploratory_score_c": "<NA>", "rank_a_unfiltered": "<NA>", "rank_b_unfiltered": "<NA>", "rank_c_unfiltered": "<NA>", "pareto_frontier": "<NA>", "eligibility_population_threshold": false, "eligibility_elderly_threshold": false, "primary_eligible": false, "rank": null }, "geometry": { "type": "Polygon", "coordinates": [ [ [ 135.2375, 35.466666666666669 ], [ 135.24375, 35.466666666666669 ], [ 135.24375, 35.470833333333339 ], [ 135.2375, 35.470833333333339 ], [ 135.2375, 35.466666666666669 ] ] ] } },
{ "type": "Feature", "properties": { "mesh_code": "533511692", "centroid_lat": 35.46875, "centroid_lon": 135.246875, "city_area_fraction": 1.0, "centroid_within_city": true, "population": 5, "elderly_population": null, "reported_elderly_population": 12.0, "elderly_ratio": null, "HTKSYORI": "1", "HTKSAKI": null, "GASSAN": "533511691;533511693", "disclosure_status": "aggregation_destination", "suppression_flag": false, "aggregation_target_flag": true, "aggregation_flag": true, "primary_eligible_disclosure": false, "nearest_station_name": "東雲駅", "nearest_station_distance_m": 3525.0021548643908, "nearest_bus_stop_name": "八田・由良川学園前", "nearest_bus_stop_distance_m": 2460.2697477364313, "nearest_public_transport_type": "bus_stop", "nearest_public_transport_name": "八田・由良川学園前", "nearest_public_transport_distance_m": 2460.2697477364313, "nearest_medical_name": "市立舞鶴市民病院加佐診療所", "nearest_medical_distance_m": 2265.6547581630762, "nearest_hospital_name": "舞鶴赤十字病院", "nearest_hospital_distance_m": 8616.3205796354268, "nearest_clinic_name": "市立舞鶴市民病院加佐診療所", "nearest_clinic_distance_m": 2265.6547581630762, "elderly_population_percentile": "<NA>", "elderly_ratio_percentile": "<NA>", "transport_distance_percentile": "<NA>", "medical_distance_percentile": "<NA>", "exploratory_score_a": "<NA>", "exploratory_score_b": "<NA>", "exploratory_score_c": "<NA>", "rank_a_unfiltered": "<NA>", "rank_b_unfiltered": "<NA>", "rank_c_unfiltered": "<NA>", "pareto_frontier": "<NA>", "eligibility_population_threshold": false, "eligibility_elderly_threshold": false, "primary_eligible": false, "rank": null }, "geometry": { "type": "Polygon", "coordinates": [ [ [ 135.24375, 35.466666666666669 ], [ 135.25, 35.466666666666669 ], [ 135.25, 35.470833333333339 ], [ 135.24375, 35.470833333333339 ], [ 135.24375, 35.466666666666669 ] ] ] } },
{ "type": "Feature", "properties": { "mesh_code": "533511693", "centroid_lat": 35.472916666666677, "centroid_lon": 135.240625, "city_area_fraction": 1.0, "centroid_within_city": true, "population": 2, "elderly_population": null, "reported_elderly_population": null, "elderly_ratio": null, "HTKSYORI": "2", "HTKSAKI": "533511692", "GASSAN": null, "disclosure_status": "suppressed_source", "suppression_flag": true, "aggregation_target_flag": false, "aggregation_flag": false, "primary_eligible_disclosure": false, "nearest_station_name": "東雲駅", "nearest_station_distance_m": 4029.6770182209175, "nearest_bus_stop_name": "八田・由良川学園前", "nearest_bus_stop_distance_m": 3185.3800346118878, "nearest_public_transport_type": "bus_stop", "nearest_public_transport_name": "八田・由良川学園前", "nearest_public_transport_distance_m": 3185.3800346118878, "nearest_medical_name": "市立舞鶴市民病院加佐診療所", "nearest_medical_distance_m": 2989.0496387302255, "nearest_hospital_name": "舞鶴赤十字病院", "nearest_hospital_distance_m": 9302.1798933936097, "nearest_clinic_name": "市立舞鶴市民病院加佐診療所", "nearest_clinic_distance_m": 2989.0496387302255, "elderly_population_percentile": "<NA>", "elderly_ratio_percentile": "<NA>", "transport_distance_percentile": "<NA>", "medical_distance_percentile": "<NA>", "exploratory_score_a": "<NA>", "exploratory_score_b": "<NA>", "exploratory_score_c": "<NA>", "rank_a_unfiltered": "<NA>", "rank_b_unfiltered": "<NA>", "rank_c_unfiltered": "<NA>", "pareto_frontier": "<NA>", "eligibility_population_threshold": false, "eligibility_elderly_threshold": false, "primary_eligible": false, "rank": null }, "geometry": { "type": "Polygon", "coordinates": [ [ [ 135.2375, 35.470833333333339 ], [ 135.24375, 35.470833333333339 ], [ 135.24375, 35.475 ], [ 135.2375, 35.475 ], [ 135.2375, 35.470833333333339 ] ] ] } },
{ "type": "Feature", "properties": { "mesh_code": "533511771", "centroid_lat": 35.47708333333334, "centroid_lon": 135.215625, "city_area_fraction": 1.0, "centroid_within_city": true, "population": 14, "elderly_population": null, "reported_elderly_population": null, "elderly_ratio": null, "HTKSYORI": "2", "HTKSAKI": "533511773", "GASSAN": null, "disclosure_status": "suppressed_source", "suppression_flag": true, "aggregation_target_flag": false, "aggregation_flag": false, "primary_eligible_disclosure": false, "nearest_station_name": "東雲駅", "nearest_station_distance_m": 6295.8592959730749, "nearest_bus_stop_name": "八田・由良川学園前", "nearest_bus_stop_distance_m": 5260.6580270820796, "nearest_public_transport_type": "bus_stop", "nearest_public_transport_name": "八田・由良川学園前", "nearest_public_transport_distance_m": 5260.6580270820796, "nearest_medical_name": "市立舞鶴市民病院加佐診療所", "nearest_medical_distance_m": 5060.4755789915171, "nearest_hospital_name": "舞鶴赤十字病院", "nearest_hospital_distance_m": 11599.337317537629, "nearest_clinic_name": "市立舞鶴市民病院加佐診療所", "nearest_clinic_distance_m": 5060.4755789915171, "elderly_population_percentile": "<NA>", "elderly_ratio_percentile": "<NA>", "transport_distance_percentile": "<NA>", "medical_distance_percentile": "<NA>", "exploratory_score_a": "<NA>", "exploratory_score_b": "<NA>", "exploratory_score_c": "<NA>", "rank_a_unfiltered": "<NA>", "rank_b_unfiltered": "<NA>", "rank_c_unfiltered": "<NA>", "pareto_frontier": "<NA>", "eligibility_population_threshold": false, "eligibility_elderly_threshold": false, "primary_eligible": false, "rank": null }, "geometry": { "type": "Polygon", "coordinates": [ [ [ 135.2125, 35.475 ], [ 135.21875, 35.475 ], [ 135.21875, 35.479166666666671 ], [ 135.2125, 35.479166666666671 ], [ 135.2125, 35.475 ] ] ] } },
{ "type": "Feature", "properties": { "mesh_code": "533511773", "centroid_lat": 35.48125, "centroid_lon": 135.215625, "city_area_fraction": 1.0, "centroid_within_city": true, "population": 17, "elderly_population": null, "reported_elderly_population": 8.0, "elderly_ratio": null, "HTKSYORI": "1", "HTKSAKI": null, "GASSAN": "533511771", "disclosure_status": "aggregation_destination", "suppression_flag": false, "aggregation_target_flag": true, "aggregation_flag": true, "primary_eligible_disclosure": false, "nearest_station_name": "東雲駅", "nearest_station_distance_m": 6329.4386735346843, "nearest_bus_stop_name": "八田・由良川学園前", "nearest_bus_stop_distance_m": 5516.4998444083894, "nearest_public_transport_type": "bus_stop", "nearest_public_transport_name": "八田・由良川学園前", "nearest_public_transport_distance_m": 5516.4998444083894, "nearest_medical_name": "市立舞鶴市民病院加佐診療所", "nearest_medical_distance_m": 5316.0449471250186, "nearest_hospital_name": "舞鶴赤十字病院", "nearest_hospital_distance_m": 11750.117910439987, "nearest_clinic_name": "市立舞鶴市民病院加佐診療所", "nearest_clinic_distance_m": 5316.0449471250186, "elderly_population_percentile": "<NA>", "elderly_ratio_percentile": "<NA>", "transport_distance_percentile": "<NA>", "medical_distance_percentile": "<NA>", "exploratory_score_a": "<NA>", "exploratory_score_b": "<NA>", "exploratory_score_c": "<NA>", "rank_a_unfiltered": "<NA>", "rank_b_unfiltered": "<NA>", "rank_c_unfiltered": "<NA>", "pareto_frontier": "<NA>", "eligibility_population_threshold": false, "eligibility_elderly_threshold": false, "primary_eligible": false, "rank": null }, "geometry": { "type": "Polygon", "coordinates": [ [ [ 135.2125, 35.479166666666671 ], [ 135.21875, 35.479166666666671 ], [ 135.21875, 35.483333333333341 ], [ 135.2125, 35.483333333333341 ], [ 135.2125, 35.479166666666671 ] ] ] } },
{ "type": "Feature", "properties": { "mesh_code": "533511782", "centroid_lat": 35.47708333333334, "centroid_lon": 135.234375, "city_area_fraction": 1.0, "centroid_within_city": true, "population": 6, "elderly_population": null, "reported_elderly_population": null, "elderly_ratio": null, "HTKSYORI": "2", "HTKSAKI": "533511784", "GASSAN": null, "disclosure_status": "suppressed_source", "suppression_flag": true, "aggregation_target_flag": false, "aggregation_flag": false, "primary_eligible_disclosure": false, "nearest_station_name": "東雲駅", "nearest_station_distance_m": 4595.7961386373627, "nearest_bus_stop_name": "八田・由良川学園前", "nearest_bus_stop_distance_m": 3912.9466723540027, "nearest_public_transport_type": "bus_stop", "nearest_public_transport_name": "八田・由良川学園前", "nearest_public_transport_distance_m": 3912.9466723540027, "nearest_medical_name": "市立舞鶴市民病院加佐診療所", "nearest_medical_distance_m": 3715.7020538942734, "nearest_hospital_name": "舞鶴赤十字病院", "nearest_hospital_distance_m": 9994.5087534592876, "nearest_clinic_name": "市立舞鶴市民病院加佐診療所", "nearest_clinic_distance_m": 3715.7020538942734, "elderly_population_percentile": "<NA>", "elderly_ratio_percentile": "<NA>", "transport_distance_percentile": "<NA>", "medical_distance_percentile": "<NA>", "exploratory_score_a": "<NA>", "exploratory_score_b": "<NA>", "exploratory_score_c": "<NA>", "rank_a_unfiltered": "<NA>", "rank_b_unfiltered": "<NA>", "rank_c_unfiltered": "<NA>", "pareto_frontier": "<NA>", "eligibility_population_threshold": false, "eligibility_elderly_threshold": false, "primary_eligible": false, "rank": null }, "geometry": { "type": "Polygon", "coordinates": [ [ [ 135.23125, 35.475 ], [ 135.2375, 35.475 ], [ 135.2375, 35.479166666666671 ], [ 135.23125, 35.479166666666671 ], [ 135.23125, 35.475 ] ] ] } },
{ "type": "Feature", "properties": { "mesh_code": "533511784", "centroid_lat": 35.48125, "centroid_lon": 135.234375, "city_area_fraction": 1.0, "centroid_within_city": true, "population": 14, "elderly_population": null, "reported_elderly_population": 9.0, "elderly_ratio": null, "HTKSYORI": "1", "HTKSAKI": null, "GASSAN": "533511782", "disclosure_status": "aggregation_destination", "suppression_flag": false, "aggregation_target_flag": true, "aggregation_flag": true, "primary_eligible_disclosure": false, "nearest_station_name": "東雲駅", "nearest_station_distance_m": 4641.7934161919538, "nearest_bus_stop_name": "八田・由良川学園前", "nearest_bus_stop_distance_m": 4250.7680739025045, "nearest_public_transport_type": "bus_stop", "nearest_public_transport_name": "八田・由良川学園前", "nearest_public_transport_distance_m": 4250.7680739025045, "nearest_medical_name": "市立舞鶴市民病院加佐診療所", "nearest_medical_distance_m": 4056.9648492662923, "nearest_hospital_name": "舞鶴赤十字病院", "nearest_hospital_distance_m": 10169.199965684826, "nearest_clinic_name": "市立舞鶴市民病院加佐診療所", "nearest_clinic_distance_m": 4056.9648492662923, "elderly_population_percentile": "<NA>", "elderly_ratio_percentile": "<NA>", "transport_distance_percentile": "<NA>", "medical_distance_percentile": "<NA>", "exploratory_score_a": "<NA>", "exploratory_score_b": "<NA>", "exploratory_score_c": "<NA>", "rank_a_unfiltered": "<NA>", "rank_b_unfiltered": "<NA>", "rank_c_unfiltered": "<NA>", "pareto_frontier": "<NA>", "eligibility_population_threshold": false, "eligibility_elderly_threshold": false, "primary_eligible": false, "rank": null }, "geometry": { "type": "Polygon", "coordinates": [ [ [ 135.23125, 35.479166666666671 ], [ 135.2375, 35.479166666666671 ], [ 135.2375, 35.483333333333341 ], [ 135.23125, 35.483333333333341 ], [ 135.23125, 35.479166666666671 ] ] ] } },
{ "type": "Feature", "properties": { "mesh_code": "533511791", "centroid_lat": 35.47708333333334, "centroid_lon": 135.240625, "city_area_fraction": 1.0, "centroid_within_city": true, "population": 10, "elderly_population": 5.0, "reported_elderly_population": 5.0, "elderly_ratio": 0.5, "HTKSYORI": "0", "HTKSAKI": null, "GASSAN": null, "disclosure_status": "unaffected", "suppression_flag": false, "aggregation_target_flag": false, "aggregation_flag": false, "primary_eligible_disclosure": true, "nearest_station_name": "東雲駅", "nearest_station_distance_m": 4029.4005421545307, "nearest_bus_stop_name": "八田・由良川学園前", "nearest_bus_stop_distance_m": 3532.3194046077488, "nearest_public_transport_type": "bus_stop", "nearest_public_transport_name": "八田・由良川学園前", "nearest_public_transport_distance_m": 3532.3194046077488, "nearest_medical_name": "市立舞鶴市民病院加佐診療所", "nearest_medical_distance_m": 3340.6117747379121, "nearest_hospital_name": "舞鶴赤十字病院", "nearest_hospital_distance_m": 9467.1071229874433, "nearest_clinic_name": "市立舞鶴市民病院加佐診療所", "nearest_clinic_distance_m": 3340.6117747379121, "elderly_population_percentile": "0.06468531468531469", "elderly_ratio_percentile": "0.7202797202797203", "transport_distance_percentile": "0.9685314685314685", "medical_distance_percentile": "0.8741258741258742", "exploratory_score_a": "0.062649762824588", "exploratory_score_b": "0.05654310724240794", "exploratory_score_c": "0.05476377869282169", "rank_a_unfiltered": "233", "rank_b_unfiltered": "242", "rank_c_unfiltered": "169", "pareto_frontier": "False", "eligibility_population_threshold": false, "eligibility_elderly_threshold": false, "primary_eligible": false, "rank": null }, "geometry": { "type": "Polygon", "coordinates": [ [ [ 135.2375, 35.475 ], [ 135.24375, 35.475 ], [ 135.24375, 35.479166666666671 ], [ 135.2375, 35.479166666666671 ], [ 135.2375, 35.475 ] ] ] } },
{ "type": "Feature", "properties": { "mesh_code": "533511891", "centroid_lat": 35.48541666666668, "centroid_lon": 135.240625, "city_area_fraction": 0.99999999999999978, "centroid_within_city": true, "population": 9, "elderly_population": 4.0, "reported_elderly_population": 4.0, "elderly_ratio": 0.44444444444444442, "HTKSYORI": "0", "HTKSAKI": null, "GASSAN": null, "disclosure_status": "unaffected", "suppression_flag": false, "aggregation_target_flag": false, "aggregation_flag": false, "primary_eligible_disclosure": true, "nearest_station_name": "東雲駅", "nearest_station_distance_m": 4184.945013321586, "nearest_bus_stop_name": "八田・由良川学園前", "nearest_bus_stop_distance_m": 4291.9354904767333, "nearest_public_transport_type": "station", "nearest_public_transport_name": "東雲駅", "nearest_public_transport_distance_m": 4184.945013321586, "nearest_medical_name": "市立舞鶴市民病院加佐診療所", "nearest_medical_distance_m": 4110.0348904842522, "nearest_hospital_name": "舞鶴赤十字病院", "nearest_hospital_distance_m": 9853.9027124663517, "nearest_clinic_name": "市立舞鶴市民病院加佐診療所", "nearest_clinic_distance_m": 4110.0348904842522, "elderly_population_percentile": "0.043706293706293704", "elderly_ratio_percentile": "0.6136363636363636", "transport_distance_percentile": "0.9895104895104895", "medical_distance_percentile": "0.9195804195804196", "exploratory_score_a": "0.04324783608000391", "exploratory_score_b": "0.04019145190473861", "exploratory_score_c": "0.0397698632483952", "rank_a_unfiltered": "247", "rank_b_unfiltered": "259", "rank_c_unfiltered": "193", "pareto_frontier": "False", "eligibility_population_threshold": false, "eligibility_elderly_threshold": false, "primary_eligible": false, "rank": null }, "geometry": { "type": "Polygon", "coordinates": [ [ [ 135.2375, 35.483333333333341 ], [ 135.24375, 35.483333333333341 ], [ 135.24375, 35.4875 ], [ 135.2375, 35.4875 ], [ 135.2375, 35.483333333333341 ] ] ] } },
{ "type": "Feature", "properties": { "mesh_code": "533511893", "centroid_lat": 35.489583333333343, "centroid_lon": 135.240625, "city_area_fraction": 1.0, "centroid_within_city": true, "population": 9, "elderly_population": 0.0, "reported_elderly_population": 0.0, "elderly_ratio": 0.0, "HTKSYORI": "0", "HTKSAKI": null, "GASSAN": null, "disclosure_status": "unaffected", "suppression_flag": false, "aggregation_target_flag": false, "aggregation_flag": false, "primary_eligible_disclosure": true, "nearest_station_name": "東雲駅", "nearest_station_distance_m": 4335.1690510147646, "nearest_bus_stop_name": "八田・由良川学園前", "nearest_bus_stop_distance_m": 4693.9863101951978, "nearest_public_transport_type": "station", "nearest_public_transport_name": "東雲駅", "nearest_public_transport_distance_m": 4335.1690510147646, "nearest_medical_name": "市立舞鶴市民病院加佐診療所", "nearest_medical_distance_m": 4516.6158841149963, "nearest_hospital_name": "舞鶴赤十字病院", "nearest_hospital_distance_m": 10073.585027474492, "nearest_clinic_name": "市立舞鶴市民病院加佐診療所", "nearest_clinic_distance_m": 4516.6158841149963, "elderly_population_percentile": "0.013986013986013986", "elderly_ratio_percentile": "0.013986013986013986", "transport_distance_percentile": "0.993006993006993", "medical_distance_percentile": "0.9265734265734266", "exploratory_score_a": "0.013888209692405496", "exploratory_score_b": "0.012959068903124846", "exploratory_score_c": "0.012868446043662435", "rank_a_unfiltered": "270", "rank_b_unfiltered": "273", "rank_c_unfiltered": "244", "pareto_frontier": "False", "eligibility_population_threshold": false, "eligibility_elderly_threshold": false, "primary_eligible": false, "rank": null }, "geometry": { "type": "Polygon", "coordinates": [ [ [ 135.2375, 35.4875 ], [ 135.24375, 35.4875 ], [ 135.24375, 35.491666666666681 ], [ 135.2375, 35.491666666666681 ], [ 135.2375, 35.4875 ] ] ] } },
{ "type": "Feature", "properties": { "mesh_code": "533511991", "centroid_lat": 35.49375, "centroid_lon": 135.240625, "city_area_fraction": 1.0, "centroid_within_city": true, "population": 8, "elderly_population": 7.0, "reported_elderly_population": 7.0, "elderly_ratio": 0.875, "HTKSYORI": "0", "HTKSAKI": null, "GASSAN": null, "disclosure_status": "unaffected", "suppression_flag": false, "aggregation_target_flag": false, "aggregation_flag": false, "primary_eligible_disclosure": true, "nearest_station_name": "東雲駅", "nearest_station_distance_m": 4527.8033403635791, "nearest_bus_stop_name": "八田・由良川学園前", "nearest_bus_stop_distance_m": 5106.2406984062472, "nearest_public_transport_type": "station", "nearest_public_transport_name": "東雲駅", "nearest_public_transport_distance_m": 4527.8033403635791, "nearest_medical_name": "市立舞鶴市民病院加佐診療所", "nearest_medical_distance_m": 4933.0153759712657, "nearest_hospital_name": "舞鶴赤十字病院", "nearest_hospital_distance_m": 10309.326703570116, "nearest_clinic_name": "市立舞鶴市民病院加佐診療所", "nearest_clinic_distance_m": 4933.0153759712657, "elderly_population_percentile": "0.12062937062937062", "elderly_ratio_percentile": "0.9895104895104895", "transport_distance_percentile": "1.0", "medical_distance_percentile": "0.9405594405594405", "exploratory_score_a": "0.12062937062937062", "exploratory_score_b": "0.11345909335419824", "exploratory_score_c": "0.11345909335419824", "rank_a_unfiltered": "184", "rank_b_unfiltered": "195", "rank_c_unfiltered": "105", "pareto_frontier": "True", "eligibility_population_threshold": false, "eligibility_elderly_threshold": false, "primary_eligible": false, "rank": null }, "geometry": { "type": "Polygon", "coordinates": [ [ [ 135.2375, 35.491666666666674 ], [ 135.24375, 35.491666666666674 ], [ 135.24375, 35.495833333333344 ], [ 135.2375, 35.495833333333344 ], [ 135.2375, 35.491666666666674 ] ] ] } },
{ "type": "Feature", "properties": { "mesh_code": "533512001", "centroid_lat": 35.41875, "centroid_lon": 135.253125, "city_area_fraction": 1.0, "centroid_within_city": true, "population": 53, "elderly_population": 31.0, "reported_elderly_population": 31.0, "elderly_ratio": 0.58490566037735847, "HTKSYORI": "0", "HTKSAKI": null, "GASSAN": null, "disclosure_status": "unaffected", "suppression_flag": false, "aggregation_target_flag": false, "aggregation_flag": false, "primary_eligible_disclosure": true, "nearest_station_name": "四所駅", "nearest_station_distance_m": 4557.5737082491078, "nearest_bus_stop_name": "加佐分室前", "nearest_bus_stop_distance_m": 1217.3691811550441, "nearest_public_transport_type": "bus_stop", "nearest_public_transport_name": "加佐分室前", "nearest_public_transport_distance_m": 1217.3691811550441, "nearest_medical_name": "ライフ・ステージ舞夢診療所", "nearest_medical_distance_m": 3130.1864356931937, "nearest_hospital_name": "舞鶴赤十字病院", "nearest_hospital_distance_m": 8158.9868919215942, "nearest_clinic_name": "ライフ・ステージ舞夢診療所", "nearest_clinic_distance_m": 3130.1864356931937, "elderly_population_percentile": "0.548951048951049", "elderly_ratio_percentile": "0.8531468531468531", "transport_distance_percentile": "0.7517482517482518", "medical_distance_percentile": "0.8566433566433567", "exploratory_score_a": "0.41267299134432006", "exploratory_score_b": "0.47025526920631816", "exploratory_score_c": "0.3535135765012532", "rank_a_unfiltered": "38", "rank_b_unfiltered": "19", "rank_c_unfiltered": "11", "pareto_frontier": "False", "eligibility_population_threshold": true, "eligibility_elderly_threshold": true, "primary_eligible": true, "rank": 11 }, "geometry": { "type": "Polygon", "coordinates": [ [ [ 135.25, 35.416666666666671 ], [ 135.25625, 35.416666666666671 ], [ 135.25625, 35.420833333333341 ], [ 135.25, 35.420833333333341 ], [ 135.25, 35.416666666666671 ] ] ] } },
{ "type": "Feature", "properties": { "mesh_code": "533512002", "centroid_lat": 35.41875, "centroid_lon": 135.259375, "city_area_fraction": 1.0, "centroid_within_city": true, "population": 17, "elderly_population": 11.0, "reported_elderly_population": 11.0, "elderly_ratio": 0.6470588235294118, "HTKSYORI": "0", "HTKSAKI": null, "GASSAN": null, "disclosure_status": "unaffected", "suppression_flag": false, "aggregation_target_flag": false, "aggregation_flag": false, "primary_eligible_disclosure": true, "nearest_station_name": "四所駅", "nearest_station_distance_m": 4151.6035130280034, "nearest_bus_stop_name": "志高", "nearest_bus_stop_distance_m": 1526.416639991043, "nearest_public_transport_type": "bus_stop", "nearest_public_transport_name": "志高", "nearest_public_transport_distance_m": 1526.416639991043, "nearest_medical_name": "ライフ・ステージ舞夢診療所", "nearest_medical_distance_m": 3694.0584987305692, "nearest_hospital_name": "舞鶴赤十字病院", "nearest_hospital_distance_m": 7630.8604265936219, "nearest_clinic_name": "ライフ・ステージ舞夢診療所", "nearest_clinic_distance_m": 3694.0584987305692, "elderly_population_percentile": "0.25874125874125875", "elderly_ratio_percentile": "0.9195804195804196", "transport_distance_percentile": "0.8076923076923077", "medical_distance_percentile": "0.8951048951048951", "exploratory_score_a": "0.20898332436793976", "exploratory_score_b": "0.23160056726490294", "exploratory_score_c": "0.187061996637037", "rank_a_unfiltered": "130", "rank_b_unfiltered": "109", "rank_c_unfiltered": "51", "pareto_frontier": "False", "eligibility_population_threshold": false, "eligibility_elderly_threshold": true, "primary_eligible": false, "rank": null }, "geometry": { "type": "Polygon", "coordinates": [ [ [ 135.25625, 35.416666666666671 ], [ 135.2625, 35.416666666666671 ], [ 135.2625, 35.420833333333341 ], [ 135.25625, 35.420833333333341 ], [ 135.25625, 35.416666666666671 ] ] ] } },
{ "type": "Feature", "properties": { "mesh_code": "533512003", "centroid_lat": 35.42291666666668, "centroid_lon": 135.253125, "city_area_fraction": 1.0000000000000002, "centroid_within_city": true, "population": 52, "elderly_population": 24.0, "reported_elderly_population": 24.0, "elderly_ratio": 0.46153846153846156, "HTKSYORI": "0", "HTKSAKI": null, "GASSAN": null, "disclosure_status": "unaffected", "suppression_flag": false, "aggregation_target_flag": false, "aggregation_flag": false, "primary_eligible_disclosure": true, "nearest_station_name": "四所駅", "nearest_station_distance_m": 4263.4936572638335, "nearest_bus_stop_name": "加佐分室前", "nearest_bus_stop_distance_m": 818.76892749834496, "nearest_public_transport_type": "bus_stop", "nearest_public_transport_name": "加佐分室前", "nearest_public_transport_distance_m": 818.76892749834496, "nearest_medical_name": "ライフ・ステージ舞夢診療所", "nearest_medical_distance_m": 3106.7560536488486, "nearest_hospital_name": "舞鶴赤十字病院", "nearest_hospital_distance_m": 8006.8535785301765, "nearest_clinic_name": "ライフ・ステージ舞夢診療所", "nearest_clinic_distance_m": 3106.7560536488486, "elderly_population_percentile": "0.46503496503496505", "elderly_ratio_percentile": "0.6573426573426573", "transport_distance_percentile": "0.6748251748251748", "medical_distance_percentile": "0.8496503496503497", "exploratory_score_a": "0.31381730157953935", "exploratory_score_b": "0.3951171206415962", "exploratory_score_c": "0.26663498001338487", "rank_a_unfiltered": "76", "rank_b_unfiltered": "38", "rank_c_unfiltered": "25", "pareto_frontier": "False", "eligibility_population_threshold": true, "eligibility_elderly_threshold": true, "primary_eligible": true, "rank": 25 }, "geometry": { "type": "Polygon", "coordinates": [ [ [ 135.25, 35.420833333333341 ], [ 135.25625, 35.420833333333341 ], [ 135.25625, 35.425 ], [ 135.25, 35.425 ], [ 135.25, 35.420833333333341 ] ] ] } },
{ "type": "Feature", "properties": { "mesh_code": "533512004", "centroid_lat": 35.42291666666668, "centroid_lon": 135.259375, "city_area_fraction": 1.0, "centroid_within_city": true, "population": 56, "elderly_population": 27.0, "reported_elderly_population": 27.0, "elderly_ratio": 0.48214285714285715, "HTKSYORI": "0", "HTKSAKI": null, "GASSAN": null, "disclosure_status": "unaffected", "suppression_flag": false, "aggregation_target_flag": false, "aggregation_flag": false, "primary_eligible_disclosure": true, "nearest_station_name": "四所駅", "nearest_station_distance_m": 3826.4730898232692, "nearest_bus_stop_name": "志高", "nearest_bus_stop_distance_m": 1148.1357485309279, "nearest_public_transport_type": "bus_stop", "nearest_public_transport_name": "志高", "nearest_public_transport_distance_m": 1148.1357485309279, "nearest_medical_name": "市立舞鶴市民病院加佐診療所", "nearest_medical_distance_m": 3389.0565632567414, "nearest_hospital_name": "舞鶴赤十字病院", "nearest_hospital_distance_m": 7468.0050692866016, "nearest_clinic_name": "市立舞鶴市民病院加佐診療所", "nearest_clinic_distance_m": 3389.0565632567414, "elderly_population_percentile": "0.5157342657342657", "elderly_ratio_percentile": "0.6748251748251748", "transport_distance_percentile": "0.7342657342657343", "medical_distance_percentile": "0.8811188811188811", "exploratory_score_a": "0.37868599931536995", "exploratory_score_b": "0.4544231991784439", "exploratory_score_c": "0.3336673840121442", "rank_a_unfiltered": "51", "rank_b_unfiltered": "21", "rank_c_unfiltered": "13", "pareto_frontier": "False", "eligibility_population_threshold": true, "eligibility_elderly_threshold": true, "primary_eligible": true, "rank": 13 }, "geometry": { "type": "Polygon", "coordinates": [ [ [ 135.25625, 35.420833333333341 ], [ 135.2625, 35.420833333333341 ], [ 135.2625, 35.425 ], [ 135.25625, 35.425 ], [ 135.25625, 35.420833333333341 ] ] ] } },
{ "type": "Feature", "properties": { "mesh_code": "533512032", "centroid_lat": 35.41875, "centroid_lon": 135.296875, "city_area_fraction": 1.0, "centroid_within_city": true, "population": 11, "elderly_population": 8.0, "reported_elderly_population": 8.0, "elderly_ratio": 0.72727272727272729, "HTKSYORI": "0", "HTKSAKI": null, "GASSAN": null, "disclosure_status": "unaffected", "suppression_flag": false, "aggregation_target_flag": false, "aggregation_flag": false, "primary_eligible_disclosure": true, "nearest_station_name": "真倉駅", "nearest_station_distance_m": 2942.3830965359766, "nearest_bus_stop_name": "真倉駅前", "nearest_bus_stop_distance_m": 2949.0093483331784, "nearest_public_transport_type": "station", "nearest_public_transport_name": "真倉駅", "nearest_public_transport_distance_m": 2942.3830965359766, "nearest_medical_name": "医療法人荒木クリニック", "nearest_medical_distance_m": 2891.6954853236666, "nearest_hospital_name": "舞鶴赤十字病院", "nearest_hospital_distance_m": 4660.7802694690154, "nearest_clinic_name": "医療法人荒木クリニック", "nearest_clinic_distance_m": 2891.6954853236666, "elderly_population_percentile": "0.15734265734265734", "elderly_ratio_percentile": "0.951048951048951", "transport_distance_percentile": "0.9370629370629371", "medical_distance_percentile": "0.8356643356643356", "exploratory_score_a": "0.1474399726147978", "exploratory_score_b": "0.13148564721991296", "exploratory_score_c": "0.12321032676551284", "rank_a_unfiltered": "168", "rank_b_unfiltered": "180", "rank_c_unfiltered": "93", "pareto_frontier": "False", "eligibility_population_threshold": false, "eligibility_elderly_threshold": false, "primary_eligible": false, "rank": null }, "geometry": { "type": "Polygon", "coordinates": [ [ [ 135.29375, 35.416666666666671 ], [ 135.3, 35.416666666666671 ], [ 135.3, 35.420833333333341 ], [ 135.29375, 35.420833333333341 ], [ 135.29375, 35.416666666666671 ] ] ] } },
{ "type": "Feature", "properties": { "mesh_code": "533512034", "centroid_lat": 35.42291666666668, "centroid_lon": 135.296875, "city_area_fraction": 0.99999999999999978, "centroid_within_city": true, "population": 25, "elderly_population": 15.0, "reported_elderly_population": 15.0, "elderly_ratio": 0.6, "HTKSYORI": "0", "HTKSAKI": null, "GASSAN": null, "disclosure_status": "unaffected", "suppression_flag": false, "aggregation_target_flag": false, "aggregation_flag": false, "primary_eligible_disclosure": true, "nearest_station_name": "四所駅", "nearest_station_distance_m": 2637.2434969205806, "nearest_bus_stop_name": "上福井", "nearest_bus_stop_distance_m": 2496.3193110236407, "nearest_public_transport_type": "bus_stop", "nearest_public_transport_name": "上福井", "nearest_public_transport_distance_m": 2496.3193110236407, "nearest_medical_name": "医療法人荒木クリニック", "nearest_medical_distance_m": 2786.5105091351825, "nearest_hospital_name": "舞鶴赤十字病院", "nearest_hospital_distance_m": 4389.2863907676583, "nearest_clinic_name": "医療法人荒木クリニック", "nearest_clinic_distance_m": 2786.5105091351825, "elderly_population_percentile": "0.3339160839160839", "elderly_ratio_percentile": "0.8688811188811189", "transport_distance_percentile": "0.9195804195804196", "medical_distance_percentile": "0.8146853146853147", "exploratory_score_a": "0.30706269255220303", "exploratory_score_b": "0.2720365299036628", "exploratory_score_c": "0.25015946631001157", "rank_a_unfiltered": "80", "rank_b_unfiltered": "83", "rank_c_unfiltered": "28", "pareto_frontier": "False", "eligibility_population_threshold": true, "eligibility_elderly_threshold": true, "primary_eligible": true, "rank": 28 }, "geometry": { "type": "Polygon", "coordinates": [ [ [ 135.29375, 35.420833333333341 ], [ 135.3, 35.420833333333341 ], [ 135.3, 35.425 ], [ 135.29375, 35.425 ], [ 135.29375, 35.420833333333341 ] ] ] } },
{ "type": "Feature", "properties": { "mesh_code": "533512041", "centroid_lat": 35.41875, "centroid_lon": 135.303125, "city_area_fraction": 1.0, "centroid_within_city": true, "population": 28, "elderly_population": 10.0, "reported_elderly_population": 10.0, "elderly_ratio": 0.35714285714285715, "HTKSYORI": "0", "HTKSAKI": null, "GASSAN": null, "disclosure_status": "unaffected", "suppression_flag": false, "aggregation_target_flag": false, "aggregation_flag": false, "primary_eligible_disclosure": true, "nearest_station_name": "真倉駅", "nearest_station_distance_m": 2446.4313504183679, "nearest_bus_stop_name": "京田", "nearest_bus_stop_distance_m": 2434.6732371966318, "nearest_public_transport_type": "bus_stop", "nearest_public_transport_name": "京田", "nearest_public_transport_distance_m": 2434.6732371966318, "nearest_medical_name": "医療法人荒木クリニック", "nearest_medical_distance_m": 2357.1276280051752, "nearest_hospital_name": "舞鶴赤十字病院", "nearest_hospital_distance_m": 4229.9928492937779, "nearest_clinic_name": "医療法人荒木クリニック", "nearest_clinic_distance_m": 2357.1276280051752, "elderly_population_percentile": "0.22727272727272727", "elderly_ratio_percentile": "0.4353146853146853", "transport_distance_percentile": "0.9125874125874126", "medical_distance_percentile": "0.7482517482517482", "exploratory_score_a": "0.20740623013350284", "exploratory_score_b": "0.17005721551176095", "exploratory_score_c": "0.15519207429569792", "rank_a_unfiltered": "131", "rank_b_unfiltered": "144", "rank_c_unfiltered": "76", "pareto_frontier": "False", "eligibility_population_threshold": true, "eligibility_elderly_threshold": true, "primary_eligible": true, "rank": 69 }, "geometry": { "type": "Polygon", "coordinates": [ [ [ 135.3, 35.416666666666671 ], [ 135.30625, 35.416666666666671 ], [ 135.30625, 35.420833333333341 ], [ 135.3, 35.420833333333341 ], [ 135.3, 35.416666666666671 ] ] ] } },
{ "type": "Feature", "properties": { "mesh_code": "533512053", "centroid_lat": 35.42291666666668, "centroid_lon": 135.315625, "city_area_fraction": 1.0, "centroid_within_city": true, "population": 70, "elderly_population": 40.0, "reported_elderly_population": 40.0, "elderly_ratio": 0.5714285714285714, "HTKSYORI": "0", "HTKSAKI": null, "GASSAN": null, "disclosure_status": "unaffected", "suppression_flag": false, "aggregation_target_flag": false, "aggregation_flag": false, "primary_eligible_disclosure": true, "nearest_station_name": "真倉駅", "nearest_station_distance_m": 1997.9550135535924, "nearest_bus_stop_name": "城南中学校前", "nearest_bus_stop_distance_m": 1251.4077371948351, "nearest_public_transport_type": "bus_stop", "nearest_public_transport_name": "城南中学校前", "nearest_public_transport_distance_m": 1251.4077371948351, "nearest_medical_name": "医療法人荒木クリニック", "nearest_medical_distance_m": 1131.4845508086535, "nearest_hospital_name": "舞鶴赤十字病院", "nearest_hospital_distance_m": 3115.8692152044437, "nearest_clinic_name": "医療法人荒木クリニック", "nearest_clinic_distance_m": 1131.4845508086535, "elderly_population_percentile": "0.5874125874125874", "elderly_ratio_percentile": "0.8286713286713286", "transport_distance_percentile": "0.7552447552447552", "medical_distance_percentile": "0.5034965034965035", "exploratory_score_a": "0.44364027580810794", "exploratory_score_b": "0.295760183872072", "exploratory_score_c": "0.22337132767960682", "rank_a_unfiltered": "30", "rank_b_unfiltered": "70", "rank_c_unfiltered": "40", "pareto_frontier": "False", "eligibility_population_threshold": true, "eligibility_elderly_threshold": true, "primary_eligible": true, "rank": 39 }, "geometry": { "type": "Polygon", "coordinates": [ [ [ 135.3125, 35.420833333333341 ], [ 135.31875, 35.420833333333341 ], [ 135.31875, 35.425 ], [ 135.3125, 35.425 ], [ 135.3125, 35.420833333333341 ] ] ] } },
{ "type": "Feature", "properties": { "mesh_code": "533512054", "centroid_lat": 35.42291666666668, "centroid_lon": 135.321875, "city_area_fraction": 0.99999999999999978, "centroid_within_city": true, "population": 13, "elderly_population": 8.0, "reported_elderly_population": 8.0, "elderly_ratio": 0.61538461538461542, "HTKSYORI": "0", "HTKSAKI": null, "GASSAN": null, "disclosure_status": "unaffected", "suppression_flag": false, "aggregation_target_flag": false, "aggregation_flag": false, "primary_eligible_disclosure": true, "nearest_station_name": "真倉駅", "nearest_station_distance_m": 1803.4888862065529, "nearest_bus_stop_name": "京田", "nearest_bus_stop_distance_m": 692.71048809525666, "nearest_public_transport_type": "bus_stop", "nearest_public_transport_name": "京田", "nearest_public_transport_distance_m": 692.71048809525666, "nearest_medical_name": "医療法人荒木クリニック", "nearest_medical_distance_m": 638.18850997464438, "nearest_hospital_name": "舞鶴赤十字病院", "nearest_hospital_distance_m": 2794.8365094779542, "nearest_clinic_name": "医療法人荒木クリニック", "nearest_clinic_distance_m": 638.18850997464438, "elderly_population_percentile": "0.15734265734265734", "elderly_ratio_percentile": "0.8863636363636364", "transport_distance_percentile": "0.6433566433566433", "medical_distance_percentile": "0.26573426573426573", "exploratory_score_a": "0.10122744388478654", "exploratory_score_b": "0.04181133551762922", "exploratory_score_c": "0.026899600472880338", "rank_a_unfiltered": "204", "rank_b_unfiltered": "258", "rank_c_unfiltered": "214", "pareto_frontier": "False", "eligibility_population_threshold": false, "eligibility_elderly_threshold": false, "primary_eligible": false, "rank": null }, "geometry": { "type": "Polygon", "coordinates": [ [ [ 135.31875, 35.420833333333341 ], [ 135.325, 35.420833333333341 ], [ 135.325, 35.425 ], [ 135.31875, 35.425 ], [ 135.31875, 35.420833333333341 ] ] ] } },
{ "type": "Feature", "properties": { "mesh_code": "533512061", "centroid_lat": 35.41875, "centroid_lon": 135.328125, "city_area_fraction": 0.99999999999999978, "centroid_within_city": true, "population": 100, "elderly_population": 40.0, "reported_elderly_population": 40.0, "elderly_ratio": 0.4, "HTKSYORI": "0", "HTKSAKI": null, "GASSAN": null, "disclosure_status": "unaffected", "suppression_flag": false, "aggregation_target_flag": false, "aggregation_flag": false, "primary_eligible_disclosure": true, "nearest_station_name": "真倉駅", "nearest_station_distance_m": 1318.7122668578675, "nearest_bus_stop_name": "京田", "nearest_bus_stop_distance_m": 454.92031393021045, "nearest_public_transport_type": "bus_stop", "nearest_public_transport_name": "京田", "nearest_public_transport_distance_m": 454.92031393021045, "nearest_medical_name": "医療法人荒木クリニック", "nearest_medical_distance_m": 880.58047981112043, "nearest_hospital_name": "舞鶴赤十字病院", "nearest_hospital_distance_m": 3002.3410446128587, "nearest_clinic_name": "医療法人荒木クリニック", "nearest_clinic_distance_m": 880.58047981112043, "elderly_population_percentile": "0.5874125874125874", "elderly_ratio_percentile": "0.506993006993007", "transport_distance_percentile": "0.46853146853146854", "medical_distance_percentile": "0.4125874125874126", "exploratory_score_a": "0.2752212822142892", "exploratory_score_b": "0.24235903956183677", "exploratory_score_c": "0.11355283671778367", "rank_a_unfiltered": "92", "rank_b_unfiltered": "100", "rank_c_unfiltered": "104", "pareto_frontier": "False", "eligibility_population_threshold": true, "eligibility_elderly_threshold": true, "primary_eligible": true, "rank": 93 }, "geometry": { "type": "Polygon", "coordinates": [ [ [ 135.325, 35.416666666666671 ], [ 135.33125, 35.416666666666671 ], [ 135.33125, 35.420833333333341 ], [ 135.325, 35.420833333333341 ], [ 135.325, 35.416666666666671 ] ] ] } },
{ "type": "Feature", "properties": { "mesh_code": "533512062", "centroid_lat": 35.41875, "centroid_lon": 135.334375, "city_area_fraction": 0.99999999999999978, "centroid_within_city": true, "population": 49, "elderly_population": 13.0, "reported_elderly_population": 13.0, "elderly_ratio": 0.26530612244897961, "HTKSYORI": "0", "HTKSAKI": null, "GASSAN": null, "disclosure_status": "unaffected", "suppression_flag": false, "aggregation_target_flag": false, "aggregation_flag": false, "primary_eligible_disclosure": true, "nearest_station_name": "真倉駅", "nearest_station_distance_m": 1512.8031593858786, "nearest_bus_stop_name": "京田", "nearest_bus_stop_distance_m": 622.53355044887678, "nearest_public_transport_type": "bus_stop", "nearest_public_transport_name": "京田", "nearest_public_transport_distance_m": 622.53355044887678, "nearest_medical_name": "医療法人荒木クリニック", "nearest_medical_distance_m": 1091.3071733529719, "nearest_hospital_name": "市立舞鶴市民病院", "nearest_hospital_distance_m": 2875.1145026548115, "nearest_clinic_name": "医療法人荒木クリニック", "nearest_clinic_distance_m": 1091.3071733529719, "elderly_population_percentile": "0.28846153846153844", "elderly_ratio_percentile": "0.17482517482517482", "transport_distance_percentile": "0.5979020979020979", "medical_distance_percentile": "0.4825174825174825", "exploratory_score_a": "0.17247175901022055", "exploratory_score_b": "0.13918773534158146", "exploratory_score_c": "0.08322063896297355", "rank_a_unfiltered": "154", "rank_b_unfiltered": "175", "rank_c_unfiltered": "139", "pareto_frontier": "False", "eligibility_population_threshold": true, "eligibility_elderly_threshold": true, "primary_eligible": true, "rank": 119 }, "geometry": { "type": "Polygon", "coordinates": [ [ [ 135.33125, 35.416666666666671 ], [ 135.3375, 35.416666666666671 ], [ 135.3375, 35.420833333333341 ], [ 135.33125, 35.420833333333341 ], [ 135.33125, 35.416666666666671 ] ] ] } },
{ "type": "Feature", "properties": { "mesh_code": "533512063", "centroid_lat": 35.42291666666668, "centroid_lon": 135.328125, "city_area_fraction": 1.0, "centroid_within_city": true, "population": 272, "elderly_population": 65.0, "reported_elderly_population": 65.0, "elderly_ratio": 0.23897058823529413, "HTKSYORI": "0", "HTKSAKI": null, "GASSAN": null, "disclosure_status": "unaffected", "suppression_flag": false, "aggregation_target_flag": false, "aggregation_flag": false, "primary_eligible_disclosure": true, "nearest_station_name": "真倉駅", "nearest_station_distance_m": 1776.9968713288952, "nearest_bus_stop_name": "京田", "nearest_bus_stop_distance_m": 127.13268442538889, "nearest_public_transport_type": "bus_stop", "nearest_public_transport_name": "京田", "nearest_public_transport_distance_m": 127.13268442538889, "nearest_medical_name": "医療法人荒木クリニック", "nearest_medical_distance_m": 422.55565708713971, "nearest_hospital_name": "舞鶴赤十字病院", "nearest_hospital_distance_m": 2560.7965947676917, "nearest_clinic_name": "医療法人荒木クリニック", "nearest_clinic_distance_m": 422.55565708713971, "elderly_population_percentile": "0.6468531468531469", "elderly_ratio_percentile": "0.13286713286713286", "transport_distance_percentile": "0.07692307692307693", "medical_distance_percentile": "0.17832167832167833", "exploratory_score_a": "0.04975793437331899", "exploratory_score_b": "0.11534793877451222", "exploratory_score_c": "0.00887291836727017", "rank_a_unfiltered": "242", "rank_b_unfiltered": "193", "rank_c_unfiltered": "248", "pareto_frontier": "False", "eligibility_population_threshold": true, "eligibility_elderly_threshold": true, "primary_eligible": true, "rank": 193 }, "geometry": { "type": "Polygon", "coordinates": [ [ [ 135.325, 35.420833333333341 ], [ 135.33125, 35.420833333333341 ], [ 135.33125, 35.425 ], [ 135.325, 35.425 ], [ 135.325, 35.420833333333341 ] ] ] } },
{ "type": "Feature", "properties": { "mesh_code": "533512064", "centroid_lat": 35.42291666666668, "centroid_lon": 135.334375, "city_area_fraction": 1.0, "centroid_within_city": true, "population": 295, "elderly_population": 83.0, "reported_elderly_population": 83.0, "elderly_ratio": 0.28135593220338984, "HTKSYORI": "0", "HTKSAKI": null, "GASSAN": null, "disclosure_status": "unaffected", "suppression_flag": false, "aggregation_target_flag": false, "aggregation_flag": false, "primary_eligible_disclosure": true, "nearest_station_name": "真倉駅", "nearest_station_distance_m": 1925.4245590789722, "nearest_bus_stop_name": "京田", "nearest_bus_stop_distance_m": 443.56410064564818, "nearest_public_transport_type": "bus_stop", "nearest_public_transport_name": "京田", "nearest_public_transport_distance_m": 443.56410064564818, "nearest_medical_name": "医療法人荒木クリニック", "nearest_medical_distance_m": 770.75401934341028, "nearest_hospital_name": "市立舞鶴市民病院", "nearest_hospital_distance_m": 2418.0924051772645, "nearest_clinic_name": "医療法人荒木クリニック", "nearest_clinic_distance_m": 770.75401934341028, "elderly_population_percentile": "0.6940559440559441", "elderly_ratio_percentile": "0.20279720279720279", "transport_distance_percentile": "0.45104895104895104", "medical_distance_percentile": "0.34615384615384615", "exploratory_score_a": "0.313053205535723", "exploratory_score_b": "0.2402501344809037", "exploratory_score_c": "0.10836457114698105", "rank_a_unfiltered": "77", "rank_b_unfiltered": "102", "rank_c_unfiltered": "112", "pareto_frontier": "False", "eligibility_population_threshold": true, "eligibility_elderly_threshold": true, "primary_eligible": true, "rank": 97 }, "geometry": { "type": "Polygon", "coordinates": [ [ [ 135.33125, 35.420833333333341 ], [ 135.3375, 35.420833333333341 ], [ 135.3375, 35.425 ], [ 135.33125, 35.425 ], [ 135.33125, 35.420833333333341 ] ] ] } },
{ "type": "Feature", "properties": { "mesh_code": "533512071", "centroid_lat": 35.41875, "centroid_lon": 135.340625, "city_area_fraction": 1.0, "centroid_within_city": true, "population": 117, "elderly_population": 60.0, "reported_elderly_population": 60.0, "elderly_ratio": 0.51282051282051277, "HTKSYORI": "0", "HTKSAKI": null, "GASSAN": null, "disclosure_status": "unaffected", "suppression_flag": false, "aggregation_target_flag": false, "aggregation_flag": false, "primary_eligible_disclosure": true, "nearest_station_name": "真倉駅", "nearest_station_distance_m": 1866.1651647344731, "nearest_bus_stop_name": "京田", "nearest_bus_stop_distance_m": 1101.1115210581902, "nearest_public_transport_type": "bus_stop", "nearest_public_transport_name": "京田", "nearest_public_transport_distance_m": 1101.1115210581902, "nearest_medical_name": "特別養護老人ﾎｰﾑｸﾞﾚｲｽｳﾞｨﾙまいづる診療所", "nearest_medical_distance_m": 785.42680052200274, "nearest_hospital_name": "市立舞鶴市民病院", "nearest_hospital_distance_m": 2852.9117942318262, "nearest_clinic_name": "特別養護老人ﾎｰﾑｸﾞﾚｲｽｳﾞｨﾙまいづる診療所", "nearest_clinic_distance_m": 785.42680052200274, "elderly_population_percentile": "0.6328671328671329", "elderly_ratio_percentile": "0.7517482517482518", "transport_distance_percentile": "0.7202797202797203", "medical_distance_percentile": "0.35664335664335667", "exploratory_score_a": "0.4558413614357671", "exploratory_score_b": "0.22570785857499148", "exploratory_score_c": "0.16257279323932952", "rank_a_unfiltered": "26", "rank_b_unfiltered": "114", "rank_c_unfiltered": "69", "pareto_frontier": "False", "eligibility_population_threshold": true, "eligibility_elderly_threshold": true, "primary_eligible": true, "rank": 63 }, "geometry": { "type": "Polygon", "coordinates": [ [ [ 135.3375, 35.416666666666671 ], [ 135.34375, 35.416666666666671 ], [ 135.34375, 35.420833333333341 ], [ 135.3375, 35.420833333333341 ], [ 135.3375, 35.416666666666671 ] ] ] } },
{ "type": "Feature", "properties": { "mesh_code": "533512072", "centroid_lat": 35.41875, "centroid_lon": 135.346875, "city_area_fraction": 1.0, "centroid_within_city": true, "population": 9, "elderly_population": 8.0, "reported_elderly_population": 8.0, "elderly_ratio": 0.88888888888888884, "HTKSYORI": "0", "HTKSAKI": null, "GASSAN": null, "disclosure_status": "unaffected", "suppression_flag": false, "aggregation_target_flag": false, "aggregation_flag": false, "primary_eligible_disclosure": true, "nearest_station_name": "真倉駅", "nearest_station_distance_m": 2306.7287421290112, "nearest_bus_stop_name": "京田", "nearest_bus_stop_distance_m": 1637.5733724192894, "nearest_public_transport_type": "bus_stop", "nearest_public_transport_name": "京田", "nearest_public_transport_distance_m": 1637.5733724192894, "nearest_medical_name": "特別養護老人ﾎｰﾑｸﾞﾚｲｽｳﾞｨﾙまいづる診療所", "nearest_medical_distance_m": 803.01639478306708, "nearest_hospital_name": "市立舞鶴市民病院", "nearest_hospital_distance_m": 2942.1178135437235, "nearest_clinic_name": "特別養護老人ﾎｰﾑｸﾞﾚｲｽｳﾞｨﾙまいづる診療所", "nearest_clinic_distance_m": 803.01639478306708, "elderly_population_percentile": "0.15734265734265734", "elderly_ratio_percentile": "0.9982517482517482", "transport_distance_percentile": "0.8216783216783217", "medical_distance_percentile": "0.36713286713286714", "exploratory_score_a": "0.12928505061372195", "exploratory_score_b": "0.05776566091251406", "exploratory_score_c": "0.04746479130923358", "rank_a_unfiltered": "182", "rank_b_unfiltered": "240", "rank_c_unfiltered": "181", "pareto_frontier": "False", "eligibility_population_threshold": false, "eligibility_elderly_threshold": false, "primary_eligible": false, "rank": null }, "geometry": { "type": "Polygon", "coordinates": [ [ [ 135.34375, 35.416666666666671 ], [ 135.35, 35.416666666666671 ], [ 135.35, 35.420833333333341 ], [ 135.34375, 35.420833333333341 ], [ 135.34375, 35.416666666666671 ] ] ] } },
{ "type": "Feature", "properties": { "mesh_code": "533512073", "centroid_lat": 35.42291666666668, "centroid_lon": 135.340625, "city_area_fraction": 1.0, "centroid_within_city": true, "population": 250, "elderly_population": 109.0, "reported_elderly_population": 109.0, "elderly_ratio": 0.436, "HTKSYORI": "0", "HTKSAKI": null, "GASSAN": null, "disclosure_status": "unaffected", "suppression_flag": false, "aggregation_target_flag": false, "aggregation_flag": false, "primary_eligible_disclosure": true, "nearest_station_name": "真倉駅", "nearest_station_distance_m": 2213.8645123201804, "nearest_bus_stop_name": "京田", "nearest_bus_stop_distance_m": 1010.7449506974776, "nearest_public_transport_type": "bus_stop", "nearest_public_transport_name": "京田", "nearest_public_transport_distance_m": 1010.7449506974776, "nearest_medical_name": "特別養護老人ﾎｰﾑｸﾞﾚｲｽｳﾞｨﾙまいづる診療所", "nearest_medical_distance_m": 1231.2739210946563, "nearest_hospital_name": "市立舞鶴市民病院", "nearest_hospital_distance_m": 2391.6525179084383, "nearest_clinic_name": "特別養護老人ﾎｰﾑｸﾞﾚｲｽｳﾞｨﾙまいづる診療所", "nearest_clinic_distance_m": 1231.2739210946563, "elderly_population_percentile": "0.756993006993007", "elderly_ratio_percentile": "0.5979020979020979", "transport_distance_percentile": "0.7097902097902098", "medical_distance_percentile": "0.5384615384615384", "exploratory_score_a": "0.5373062252432882", "exploratory_score_b": "0.40761161915008065", "exploratory_score_c": "0.28931873666946284", "rank_a_unfiltered": "5", "rank_b_unfiltered": "33", "rank_c_unfiltered": "20", "pareto_frontier": "True", "eligibility_population_threshold": true, "eligibility_elderly_threshold": true, "primary_eligible": true, "rank": 20 }, "geometry": { "type": "Polygon", "coordinates": [ [ [ 135.3375, 35.420833333333341 ], [ 135.34375, 35.420833333333341 ], [ 135.34375, 35.425 ], [ 135.3375, 35.425 ], [ 135.3375, 35.420833333333341 ] ] ] } },
{ "type": "Feature", "properties": { "mesh_code": "533512074", "centroid_lat": 35.42291666666668, "centroid_lon": 135.346875, "city_area_fraction": 1.0, "centroid_within_city": true, "population": 29, "elderly_population": 12.0, "reported_elderly_population": 12.0, "elderly_ratio": 0.41379310344827586, "HTKSYORI": "0", "HTKSAKI": null, "GASSAN": null, "disclosure_status": "unaffected", "suppression_flag": false, "aggregation_target_flag": false, "aggregation_flag": false, "primary_eligible_disclosure": true, "nearest_station_name": "西舞鶴駅", "nearest_station_distance_m": 2559.8837861997163, "nearest_bus_stop_name": "京田", "nearest_bus_stop_distance_m": 1578.2046218790076, "nearest_public_transport_type": "bus_stop", "nearest_public_transport_name": "京田", "nearest_public_transport_distance_m": 1578.2046218790076, "nearest_medical_name": "特別養護老人ﾎｰﾑｸﾞﾚｲｽｳﾞｨﾙまいづる診療所", "nearest_medical_distance_m": 1242.5672424470945, "nearest_hospital_name": "市立舞鶴市民病院", "nearest_hospital_distance_m": 2497.3843688992561, "nearest_clinic_name": "特別養護老人ﾎｰﾑｸﾞﾚｲｽｳﾞｨﾙまいづる診療所", "nearest_clinic_distance_m": 1242.5672424470945, "elderly_population_percentile": "0.27797202797202797", "elderly_ratio_percentile": "0.5384615384615384", "transport_distance_percentile": "0.8146853146853147", "medical_distance_percentile": "0.541958041958042", "exploratory_score_a": "0.2264597290821067", "exploratory_score_b": "0.15064917599882635", "exploratory_score_c": "0.1227316713556872", "rank_a_unfiltered": "118", "rank_b_unfiltered": "164", "rank_c_unfiltered": "94", "pareto_frontier": "False", "eligibility_population_threshold": true, "eligibility_elderly_threshold": true, "primary_eligible": true, "rank": 84 }, "geometry": { "type": "Polygon", "coordinates": [ [ [ 135.34375, 35.420833333333341 ], [ 135.35, 35.420833333333341 ], [ 135.35, 35.425 ], [ 135.34375, 35.425 ], [ 135.34375, 35.420833333333341 ] ] ] } },
{ "type": "Feature", "properties": { "mesh_code": "533512083", "centroid_lat": 35.42291666666668, "centroid_lon": 135.353125, "city_area_fraction": 1.0000000000000002, "centroid_within_city": true, "population": 11, "elderly_population": 6.0, "reported_elderly_population": 6.0, "elderly_ratio": 0.54545454545454541, "HTKSYORI": "0", "HTKSAKI": null, "GASSAN": null, "disclosure_status": "unaffected", "suppression_flag": false, "aggregation_target_flag": false, "aggregation_flag": false, "primary_eligible_disclosure": true, "nearest_station_name": "西舞鶴駅", "nearest_station_distance_m": 2925.4501905359216, "nearest_bus_stop_name": "京田", "nearest_bus_stop_distance_m": 2145.7215396778242, "nearest_public_transport_type": "bus_stop", "nearest_public_transport_name": "京田", "nearest_public_transport_distance_m": 2145.7215396778242, "nearest_medical_name": "特別養護老人ﾎｰﾑｸﾞﾚｲｽｳﾞｨﾙまいづる診療所", "nearest_medical_distance_m": 1488.7120883379291, "nearest_hospital_name": "市立舞鶴市民病院", "nearest_hospital_distance_m": 2719.9172837823126, "nearest_clinic_name": "特別養護老人ﾎｰﾑｸﾞﾚｲｽｳﾞｨﾙまいづる診療所", "nearest_clinic_distance_m": 1488.7120883379291, "elderly_population_percentile": "0.09090909090909091", "elderly_ratio_percentile": "0.798951048951049", "transport_distance_percentile": "0.8951048951048951", "medical_distance_percentile": "0.6258741258741258", "exploratory_score_a": "0.08137317228226319", "exploratory_score_b": "0.05689764780673871", "exploratory_score_c": "0.05092936307176612", "rank_a_unfiltered": "216", "rank_b_unfiltered": "241", "rank_c_unfiltered": "173", "pareto_frontier": "False", "eligibility_population_threshold": false, "eligibility_elderly_threshold": false, "primary_eligible": false, "rank": null }, "geometry": { "type": "Polygon", "coordinates": [ [ [ 135.35, 35.420833333333341 ], [ 135.35625, 35.420833333333341 ], [ 135.35625, 35.425 ], [ 135.35, 35.425 ], [ 135.35, 35.420833333333341 ] ] ] } },
{ "type": "Feature", "properties": { "mesh_code": "533512094", "centroid_lat": 35.42291666666668, "centroid_lon": 135.371875, "city_area_fraction": 1.0, "centroid_within_city": true, "population": 11, "elderly_population": 6.0, "reported_elderly_population": 6.0, "elderly_ratio": 0.54545454545454541, "HTKSYORI": "0", "HTKSAKI": null, "GASSAN": null, "disclosure_status": "unaffected", "suppression_flag": false, "aggregation_target_flag": false, "aggregation_flag": false, "primary_eligible_disclosure": true, "nearest_station_name": "西舞鶴駅", "nearest_station_distance_m": 4294.0302200013712, "nearest_bus_stop_name": "福来西", "nearest_bus_stop_distance_m": 3351.8751486971496, "nearest_public_transport_type": "bus_stop", "nearest_public_transport_name": "福来西", "nearest_public_transport_distance_m": 3351.8751486971496, "nearest_medical_name": "特別養護老人ﾎｰﾑｸﾞﾚｲｽｳﾞｨﾙまいづる診療所", "nearest_medical_distance_m": 2845.9152325743353, "nearest_hospital_name": "市立舞鶴市民病院", "nearest_hospital_distance_m": 3839.9954167842839, "nearest_clinic_name": "特別養護老人ﾎｰﾑｸﾞﾚｲｽｳﾞｨﾙまいづる診療所", "nearest_clinic_distance_m": 2845.9152325743353, "elderly_population_percentile": "0.09090909090909091", "elderly_ratio_percentile": "0.798951048951049", "transport_distance_percentile": "0.958041958041958", "medical_distance_percentile": "0.8286713286713286", "exploratory_score_a": "0.08709472345835982", "exploratory_score_b": "0.07533375715193898", "exploratory_score_c": "0.07217290020850096", "rank_a_unfiltered": "212", "rank_b_unfiltered": "226", "rank_c_unfiltered": "151", "pareto_frontier": "False", "eligibility_population_threshold": false, "eligibility_elderly_threshold": false, "primary_eligible": false, "rank": null }, "geometry": { "type": "Polygon", "coordinates": [ [ [ 135.36875, 35.420833333333341 ], [ 135.375, 35.420833333333341 ], [ 135.375, 35.425 ], [ 135.36875, 35.425 ], [ 135.36875, 35.420833333333341 ] ] ] } },
{ "type": "Feature", "properties": { "mesh_code": "533512101", "centroid_lat": 35.427083333333343, "centroid_lon": 135.253125, "city_area_fraction": 1.0, "centroid_within_city": true, "population": 4, "elderly_population": null, "reported_elderly_population": null, "elderly_ratio": null, "HTKSYORI": "2", "HTKSAKI": "533512102", "GASSAN": null, "disclosure_status": "suppressed_source", "suppression_flag": true, "aggregation_target_flag": false, "aggregation_flag": false, "primary_eligible_disclosure": false, "nearest_station_name": "四所駅", "nearest_station_distance_m": 4001.3312161683366, "nearest_bus_stop_name": "志高", "nearest_bus_stop_distance_m": 443.43773425652569, "nearest_public_transport_type": "bus_stop", "nearest_public_transport_name": "志高", "nearest_public_transport_distance_m": 443.43773425652569, "nearest_medical_name": "市立舞鶴市民病院加佐診療所", "nearest_medical_distance_m": 3049.4229092211895, "nearest_hospital_name": "舞鶴赤十字病院", "nearest_hospital_distance_m": 7878.941026589162, "nearest_clinic_name": "市立舞鶴市民病院加佐診療所", "nearest_clinic_distance_m": 3049.4229092211895, "elderly_population_percentile": "<NA>", "elderly_ratio_percentile": "<NA>", "transport_distance_percentile": "<NA>", "medical_distance_percentile": "<NA>", "exploratory_score_a": "<NA>", "exploratory_score_b": "<NA>", "exploratory_score_c": "<NA>", "rank_a_unfiltered": "<NA>", "rank_b_unfiltered": "<NA>", "rank_c_unfiltered": "<NA>", "pareto_frontier": "<NA>", "eligibility_population_threshold": false, "eligibility_elderly_threshold": false, "primary_eligible": false, "rank": null }, "geometry": { "type": "Polygon", "coordinates": [ [ [ 135.25, 35.425 ], [ 135.25625, 35.425 ], [ 135.25625, 35.429166666666674 ], [ 135.25, 35.429166666666674 ], [ 135.25, 35.425 ] ] ] } },
{ "type": "Feature", "properties": { "mesh_code": "533512102", "centroid_lat": 35.427083333333343, "centroid_lon": 135.259375, "city_area_fraction": 1.0, "centroid_within_city": true, "population": 60, "elderly_population": null, "reported_elderly_population": 32.0, "elderly_ratio": null, "HTKSYORI": "1", "HTKSAKI": null, "GASSAN": "533512101", "disclosure_status": "aggregation_destination", "suppression_flag": false, "aggregation_target_flag": true, "aggregation_flag": true, "primary_eligible_disclosure": false, "nearest_station_name": "四所駅", "nearest_station_distance_m": 3532.0466837501044, "nearest_bus_stop_name": "志高", "nearest_bus_stop_distance_m": 856.65637933618598, "nearest_public_transport_type": "bus_stop", "nearest_public_transport_name": "志高", "nearest_public_transport_distance_m": 856.65637933618598, "nearest_medical_name": "市立舞鶴市民病院加佐診療所", "nearest_medical_distance_m": 2929.6108048964643, "nearest_hospital_name": "舞鶴赤十字病院", "nearest_hospital_distance_m": 7330.725650767944, "nearest_clinic_name": "市立舞鶴市民病院加佐診療所", "nearest_clinic_distance_m": 2929.6108048964643, "elderly_population_percentile": "<NA>", "elderly_ratio_percentile": "<NA>", "transport_distance_percentile": "<NA>", "medical_distance_percentile": "<NA>", "exploratory_score_a": "<NA>", "exploratory_score_b": "<NA>", "exploratory_score_c": "<NA>", "rank_a_unfiltered": "<NA>", "rank_b_unfiltered": "<NA>", "rank_c_unfiltered": "<NA>", "pareto_frontier": "<NA>", "eligibility_population_threshold": true, "eligibility_elderly_threshold": false, "primary_eligible": false, "rank": null }, "geometry": { "type": "Polygon", "coordinates": [ [ [ 135.25625, 35.425 ], [ 135.2625, 35.425 ], [ 135.2625, 35.429166666666674 ], [ 135.25625, 35.429166666666674 ], [ 135.25625, 35.425 ] ] ] } },
{ "type": "Feature", "properties": { "mesh_code": "533512103", "centroid_lat": 35.43125, "centroid_lon": 135.253125, "city_area_fraction": 1.0, "centroid_within_city": true, "population": 84, "elderly_population": 36.0, "reported_elderly_population": 36.0, "elderly_ratio": 0.42857142857142855, "HTKSYORI": "0", "HTKSAKI": null, "GASSAN": null, "disclosure_status": "unaffected", "suppression_flag": false, "aggregation_target_flag": false, "aggregation_flag": false, "primary_eligible_disclosure": true, "nearest_station_name": "四所駅", "nearest_station_distance_m": 3777.7372847959814, "nearest_bus_stop_name": "志高", "nearest_bus_stop_distance_m": 199.21445682148519, "nearest_public_transport_type": "bus_stop", "nearest_public_transport_name": "志高", "nearest_public_transport_distance_m": 199.21445682148519, "nearest_medical_name": "市立舞鶴市民病院加佐診療所", "nearest_medical_distance_m": 2612.1314944735559, "nearest_hospital_name": "舞鶴赤十字病院", "nearest_hospital_distance_m": 7776.4445859917805, "nearest_clinic_name": "市立舞鶴市民病院加佐診療所", "nearest_clinic_distance_m": 2612.1314944735559, "elderly_population_percentile": "0.5786713286713286", "elderly_ratio_percentile": "0.5769230769230769", "transport_distance_percentile": "0.1958041958041958", "medical_distance_percentile": "0.7902097902097902", "exploratory_score_a": "0.11330627414543498", "exploratory_score_b": "0.4572717492297912", "exploratory_score_c": "0.08953572712191715", "rank_a_unfiltered": "192", "rank_b_unfiltered": "20", "rank_c_unfiltered": "134", "pareto_frontier": "False", "eligibility_population_threshold": true, "eligibility_elderly_threshold": true, "primary_eligible": true, "rank": 115 }, "geometry": { "type": "Polygon", "coordinates": [ [ [ 135.25, 35.429166666666674 ], [ 135.25625, 35.429166666666674 ], [ 135.25625, 35.433333333333344 ], [ 135.25, 35.433333333333344 ], [ 135.25, 35.429166666666674 ] ] ] } },
{ "type": "Feature", "properties": { "mesh_code": "533512132", "centroid_lat": 35.427083333333343, "centroid_lon": 135.296875, "city_area_fraction": 1.0, "centroid_within_city": true, "population": 91, "elderly_population": 43.0, "reported_elderly_population": 43.0, "elderly_ratio": 0.47252747252747251, "HTKSYORI": "0", "HTKSAKI": null, "GASSAN": null, "disclosure_status": "unaffected", "suppression_flag": false, "aggregation_target_flag": false, "aggregation_flag": false, "primary_eligible_disclosure": true, "nearest_station_name": "四所駅", "nearest_station_distance_m": 2188.3597823318564, "nearest_bus_stop_name": "上福井", "nearest_bus_stop_distance_m": 2034.4406233132956, "nearest_public_transport_type": "bus_stop", "nearest_public_transport_name": "上福井", "nearest_public_transport_distance_m": 2034.4406233132956, "nearest_medical_name": "医療法人荒木クリニック", "nearest_medical_distance_m": 2755.8571381536417, "nearest_hospital_name": "舞鶴赤十字病院", "nearest_hospital_distance_m": 4151.6460769382302, "nearest_clinic_name": "医療法人荒木クリニック", "nearest_clinic_distance_m": 2755.8571381536417, "elderly_population_percentile": "0.6013986013986014", "elderly_ratio_percentile": "0.6678321678321678", "transport_distance_percentile": "0.8811188811188811", "medical_distance_percentile": "0.8076923076923077", "exploratory_score_a": "0.5299036627707956", "exploratory_score_b": "0.4857450242065626", "exploratory_score_c": "0.4279991122379503", "rank_a_unfiltered": "8", "rank_b_unfiltered": "15", "rank_c_unfiltered": "3", "pareto_frontier": "False", "eligibility_population_threshold": true, "eligibility_elderly_threshold": true, "primary_eligible": true, "rank": 3 }, "geometry": { "type": "Polygon", "coordinates": [ [ [ 135.29375, 35.425 ], [ 135.3, 35.425 ], [ 135.3, 35.429166666666674 ], [ 135.29375, 35.429166666666674 ], [ 135.29375, 35.425 ] ] ] } },
{ "type": "Feature", "properties": { "mesh_code": "533512134", "centroid_lat": 35.43125, "centroid_lon": 135.296875, "city_area_fraction": 1.0, "centroid_within_city": true, "population": 87, "elderly_population": 49.0, "reported_elderly_population": 49.0, "elderly_ratio": 0.56321839080459768, "HTKSYORI": "0", "HTKSAKI": null, "GASSAN": null, "disclosure_status": "unaffected", "suppression_flag": false, "aggregation_target_flag": false, "aggregation_flag": false, "primary_eligible_disclosure": true, "nearest_station_name": "四所駅", "nearest_station_distance_m": 1746.4693729778996, "nearest_bus_stop_name": "上福井", "nearest_bus_stop_distance_m": 1572.7868203833443, "nearest_public_transport_type": "bus_stop", "nearest_public_transport_name": "上福井", "nearest_public_transport_distance_m": 1572.7868203833443, "nearest_medical_name": "医療法人荒木クリニック", "nearest_medical_distance_m": 2802.1825252561243, "nearest_hospital_name": "舞鶴赤十字病院", "nearest_hospital_distance_m": 3953.9681313852543, "nearest_clinic_name": "医療法人荒木クリニック", "nearest_clinic_distance_m": 2802.1825252561243, "elderly_population_percentile": "0.6223776223776224", "elderly_ratio_percentile": "0.8251748251748252", "transport_distance_percentile": "0.8111888111888111", "medical_distance_percentile": "0.8216783216783217", "exploratory_score_a": "0.5048657636070223", "exploratory_score_b": "0.5113942002053891", "exploratory_score_c": "0.4148372533134624", "rank_a_unfiltered": "14", "rank_b_unfiltered": "11", "rank_c_unfiltered": "6", "pareto_frontier": "False", "eligibility_population_threshold": true, "eligibility_elderly_threshold": true, "primary_eligible": true, "rank": 6 }, "geometry": { "type": "Polygon", "coordinates": [ [ [ 135.29375, 35.429166666666674 ], [ 135.3, 35.429166666666674 ], [ 135.3, 35.433333333333344 ], [ 135.29375, 35.433333333333344 ], [ 135.29375, 35.429166666666674 ] ] ] } },
{ "type": "Feature", "properties": { "mesh_code": "533512142", "centroid_lat": 35.427083333333343, "centroid_lon": 135.309375, "city_area_fraction": 1.0, "centroid_within_city": true, "population": 22, "elderly_population": 11.0, "reported_elderly_population": 11.0, "elderly_ratio": 0.5, "HTKSYORI": "0", "HTKSAKI": null, "GASSAN": null, "disclosure_status": "unaffected", "suppression_flag": false, "aggregation_target_flag": false, "aggregation_flag": false, "primary_eligible_disclosure": true, "nearest_station_name": "西舞鶴駅", "nearest_station_distance_m": 2516.4214029231598, "nearest_bus_stop_name": "城南中学校前", "nearest_bus_stop_distance_m": 1719.1288542671962, "nearest_public_transport_type": "bus_stop", "nearest_public_transport_name": "城南中学校前", "nearest_public_transport_distance_m": 1719.1288542671962, "nearest_medical_name": "医療法人荒木クリニック", "nearest_medical_distance_m": 1621.0604461399944, "nearest_hospital_name": "舞鶴赤十字病院", "nearest_hospital_distance_m": 3197.0244710916936, "nearest_clinic_name": "医療法人荒木クリニック", "nearest_clinic_distance_m": 1621.0604461399944, "elderly_population_percentile": "0.25874125874125875", "elderly_ratio_percentile": "0.7202797202797203", "transport_distance_percentile": "0.8426573426573427", "medical_distance_percentile": "0.6538461538461539", "exploratory_score_a": "0.21803022152672505", "exploratory_score_b": "0.16917697686928457", "exploratory_score_c": "0.14255822176747407", "rank_a_unfiltered": "123", "rank_b_unfiltered": "147", "rank_c_unfiltered": "85", "pareto_frontier": "False", "eligibility_population_threshold": true, "eligibility_elderly_threshold": true, "primary_eligible": true, "rank": 77 }, "geometry": { "type": "Polygon", "coordinates": [ [ [ 135.30625, 35.425 ], [ 135.3125, 35.425 ], [ 135.3125, 35.429166666666674 ], [ 135.30625, 35.429166666666674 ], [ 135.30625, 35.425 ] ] ] } },
{ "type": "Feature", "properties": { "mesh_code": "533512143", "centroid_lat": 35.43125, "centroid_lon": 135.303125, "city_area_fraction": 1.0, "centroid_within_city": true, "population": 89, "elderly_population": 31.0, "reported_elderly_population": 31.0, "elderly_ratio": 0.34831460674157305, "HTKSYORI": "0", "HTKSAKI": null, "GASSAN": null, "disclosure_status": "unaffected", "suppression_flag": false, "aggregation_target_flag": false, "aggregation_flag": false, "primary_eligible_disclosure": true, "nearest_station_name": "四所駅", "nearest_station_distance_m": 2005.802273279405, "nearest_bus_stop_name": "上福井", "nearest_bus_stop_distance_m": 1702.8812413998321, "nearest_public_transport_type": "bus_stop", "nearest_public_transport_name": "上福井", "nearest_public_transport_distance_m": 1702.8812413998321, "nearest_medical_name": "医療法人荒木クリニック", "nearest_medical_distance_m": 2246.5103452882036, "nearest_hospital_name": "舞鶴赤十字病院", "nearest_hospital_distance_m": 3435.7572547641807, "nearest_clinic_name": "医療法人荒木クリニック", "nearest_clinic_distance_m": 2246.5103452882036, "elderly_population_percentile": "0.548951048951049", "elderly_ratio_percentile": "0.40559440559440557", "transport_distance_percentile": "0.8356643356643356", "medical_distance_percentile": "0.7307692307692307", "exploratory_score_a": "0.4587388136339185", "exploratory_score_b": "0.4011565357719204", "exploratory_score_c": "0.3352322099632481", "rank_a_unfiltered": "25", "rank_b_unfiltered": "35", "rank_c_unfiltered": "12", "pareto_frontier": "False", "eligibility_population_threshold": true, "eligibility_elderly_threshold": true, "primary_eligible": true, "rank": 12 }, "geometry": { "type": "Polygon", "coordinates": [ [ [ 135.3, 35.429166666666674 ], [ 135.30625, 35.429166666666674 ], [ 135.30625, 35.433333333333344 ], [ 135.3, 35.433333333333344 ], [ 135.3, 35.429166666666674 ] ] ] } },
{ "type": "Feature", "properties": { "mesh_code": "533512144", "centroid_lat": 35.43125, "centroid_lon": 135.309375, "city_area_fraction": 1.0, "centroid_within_city": true, "population": 238, "elderly_population": 105.0, "reported_elderly_population": 105.0, "elderly_ratio": 0.44117647058823528, "HTKSYORI": "0", "HTKSAKI": null, "GASSAN": null, "disclosure_status": "unaffected", "suppression_flag": false, "aggregation_target_flag": false, "aggregation_flag": false, "primary_eligible_disclosure": true, "nearest_station_name": "西舞鶴駅", "nearest_station_distance_m": 2245.9217337760101, "nearest_bus_stop_name": "中筋小学校口", "nearest_bus_stop_distance_m": 1705.6630165732704, "nearest_public_transport_type": "bus_stop", "nearest_public_transport_name": "中筋小学校口", "nearest_public_transport_distance_m": 1705.6630165732704, "nearest_medical_name": "医療法人荒木クリニック", "nearest_medical_distance_m": 1698.6967647063359, "nearest_hospital_name": "舞鶴赤十字病院", "nearest_hospital_distance_m": 2935.8181980973845, "nearest_clinic_name": "医療法人荒木クリニック", "nearest_clinic_distance_m": 1698.6967647063359, "elderly_population_percentile": "0.7482517482517482", "elderly_ratio_percentile": "0.6083916083916084", "transport_distance_percentile": "0.8391608391608392", "medical_distance_percentile": "0.6608391608391608", "exploratory_score_a": "0.627903564966502", "exploratory_score_b": "0.4944740574111203", "exploratory_score_c": "0.4149432649603807", "rank_a_unfiltered": "2", "rank_b_unfiltered": "13", "rank_c_unfiltered": "5", "pareto_frontier": "True", "eligibility_population_threshold": true, "eligibility_elderly_threshold": true, "primary_eligible": true, "rank": 5 }, "geometry": { "type": "Polygon", "coordinates": [ [ [ 135.30625, 35.429166666666674 ], [ 135.3125, 35.429166666666674 ], [ 135.3125, 35.433333333333344 ], [ 135.30625, 35.433333333333344 ], [ 135.30625, 35.429166666666674 ] ] ] } },
{ "type": "Feature", "properties": { "mesh_code": "533512151", "centroid_lat": 35.427083333333343, "centroid_lon": 135.315625, "city_area_fraction": 1.0, "centroid_within_city": true, "population": 142, "elderly_population": 83.0, "reported_elderly_population": 83.0, "elderly_ratio": 0.58450704225352113, "HTKSYORI": "0", "HTKSAKI": null, "GASSAN": null, "disclosure_status": "unaffected", "suppression_flag": false, "aggregation_target_flag": false, "aggregation_flag": false, "primary_eligible_disclosure": true, "nearest_station_name": "西舞鶴駅", "nearest_station_distance_m": 2114.9497131740277, "nearest_bus_stop_name": "城南中学校前", "nearest_bus_stop_distance_m": 1151.7006435533108, "nearest_public_transport_type": "bus_stop", "nearest_public_transport_name": "城南中学校前", "nearest_public_transport_distance_m": 1151.7006435533108, "nearest_medical_name": "医療法人荒木クリニック", "nearest_medical_distance_m": 1053.8972644632004, "nearest_hospital_name": "舞鶴赤十字病院", "nearest_hospital_distance_m": 2771.1854271627026, "nearest_clinic_name": "医療法人荒木クリニック", "nearest_clinic_distance_m": 1053.8972644632004, "elderly_population_percentile": "0.6940559440559441", "elderly_ratio_percentile": "0.8496503496503497", "transport_distance_percentile": "0.7377622377622378", "medical_distance_percentile": "0.47202797202797203", "exploratory_score_a": "0.5120482664188958", "exploratory_score_b": "0.3276138197466869", "exploratory_score_c": "0.2417011047781501", "rank_a_unfiltered": "10", "rank_b_unfiltered": "59", "rank_c_unfiltered": "32", "pareto_frontier": "False", "eligibility_population_threshold": true, "eligibility_elderly_threshold": true, "primary_eligible": true, "rank": 32 }, "geometry": { "type": "Polygon", "coordinates": [ [ [ 135.3125, 35.425 ], [ 135.31875, 35.425 ], [ 135.31875, 35.429166666666674 ], [ 135.3125, 35.429166666666674 ], [ 135.3125, 35.425 ] ] ] } },
{ "type": "Feature", "properties": { "mesh_code": "533512152", "centroid_lat": 35.427083333333343, "centroid_lon": 135.321875, "city_area_fraction": 1.0, "centroid_within_city": true, "population": 1065, "elderly_population": 205.0, "reported_elderly_population": 205.0, "elderly_ratio": 0.19248826291079812, "HTKSYORI": "0", "HTKSAKI": null, "GASSAN": null, "disclosure_status": "unaffected", "suppression_flag": false, "aggregation_target_flag": false, "aggregation_flag": false, "primary_eligible_disclosure": true, "nearest_station_name": "西舞鶴駅", "nearest_station_distance_m": 1804.9205219293126, "nearest_bus_stop_name": "城南中学校前", "nearest_bus_stop_distance_m": 584.49063597633403, "nearest_public_transport_type": "bus_stop", "nearest_public_transport_name": "城南中学校前", "nearest_public_transport_distance_m": 584.49063597633403, "nearest_medical_name": "医療法人荒木クリニック", "nearest_medical_distance_m": 487.6185352077382, "nearest_hospital_name": "舞鶴赤十字病院", "nearest_hospital_distance_m": 2404.5869295202178, "nearest_clinic_name": "医療法人荒木クリニック", "nearest_clinic_distance_m": 487.6185352077382, "elderly_population_percentile": "0.8601398601398601", "elderly_ratio_percentile": "0.07692307692307693", "transport_distance_percentile": "0.5734265734265734", "medical_distance_percentile": "0.1993006993006993", "exploratory_score_a": "0.4932270526676121", "exploratory_score_b": "0.1714264756222798", "exploratory_score_c": "0.09830049651067793", "rank_a_unfiltered": "18", "rank_b_unfiltered": "141", "rank_c_unfiltered": "123", "pareto_frontier": "True", "eligibility_population_threshold": true, "eligibility_elderly_threshold": true, "primary_eligible": true, "rank": 106 }, "geometry": { "type": "Polygon", "coordinates": [ [ [ 135.31875, 35.425 ], [ 135.325, 35.425 ], [ 135.325, 35.429166666666674 ], [ 135.31875, 35.429166666666674 ], [ 135.31875, 35.425 ] ] ] } },
{ "type": "Feature", "properties": { "mesh_code": "533512153", "centroid_lat": 35.43125, "centroid_lon": 135.315625, "city_area_fraction": 0.99999999999999978, "centroid_within_city": true, "population": 68, "elderly_population": 23.0, "reported_elderly_population": 23.0, "elderly_ratio": 0.33823529411764708, "HTKSYORI": "0", "HTKSAKI": null, "GASSAN": null, "disclosure_status": "unaffected", "suppression_flag": false, "aggregation_target_flag": false, "aggregation_flag": false, "primary_eligible_disclosure": true, "nearest_station_name": "西舞鶴駅", "nearest_station_distance_m": 1784.6279574061039, "nearest_bus_stop_name": "中筋小学校口", "nearest_bus_stop_distance_m": 1138.2890663259252, "nearest_public_transport_type": "bus_stop", "nearest_public_transport_name": "中筋小学校口", "nearest_public_transport_distance_m": 1138.2890663259252, "nearest_medical_name": "医療法人荒木クリニック", "nearest_medical_distance_m": 1169.8337894180893, "nearest_hospital_name": "舞鶴赤十字病院", "nearest_hospital_distance_m": 2465.2918702506468, "nearest_clinic_name": "医療法人荒木クリニック", "nearest_clinic_distance_m": 1169.8337894180893, "elderly_population_percentile": "0.4493006993006993", "elderly_ratio_percentile": "0.3776223776223776", "transport_distance_percentile": "0.7272727272727273", "medical_distance_percentile": "0.5174825174825175", "exploratory_score_a": "0.3267641449459632", "exploratory_score_b": "0.23250525698078148", "exploratory_score_c": "0.16909473234965927", "rank_a_unfiltered": "66", "rank_b_unfiltered": "108", "rank_c_unfiltered": "64", "pareto_frontier": "False", "eligibility_population_threshold": true, "eligibility_elderly_threshold": true, "primary_eligible": true, "rank": 58 }, "geometry": { "type": "Polygon", "coordinates": [ [ [ 135.3125, 35.429166666666674 ], [ 135.31875, 35.429166666666674 ], [ 135.31875, 35.433333333333344 ], [ 135.3125, 35.433333333333344 ], [ 135.3125, 35.429166666666674 ] ] ] } },
{ "type": "Feature", "properties": { "mesh_code": "533512154", "centroid_lat": 35.43125, "centroid_lon": 135.321875, "city_area_fraction": 1.0, "centroid_within_city": true, "population": 554, "elderly_population": 143.0, "reported_elderly_population": 143.0, "elderly_ratio": 0.25812274368231047, "HTKSYORI": "0", "HTKSAKI": null, "GASSAN": null, "disclosure_status": "unaffected", "suppression_flag": false, "aggregation_target_flag": false, "aggregation_flag": false, "primary_eligible_disclosure": true, "nearest_station_name": "西舞鶴駅", "nearest_station_distance_m": 1403.4551863785769, "nearest_bus_stop_name": "中筋小学校口", "nearest_bus_stop_distance_m": 571.18795445777471, "nearest_public_transport_type": "bus_stop", "nearest_public_transport_name": "中筋小学校口", "nearest_public_transport_distance_m": 571.18795445777471, "nearest_medical_name": "医療法人荒木クリニック", "nearest_medical_distance_m": 704.0086845540078, "nearest_hospital_name": "舞鶴赤十字病院", "nearest_hospital_distance_m": 2044.586206790982, "nearest_clinic_name": "医療法人荒木クリニック", "nearest_clinic_distance_m": 704.0086845540078, "elderly_population_percentile": "0.8059440559440559", "elderly_ratio_percentile": "0.16433566433566432", "transport_distance_percentile": "0.5629370629370629", "medical_distance_percentile": "0.3181818181818182", "exploratory_score_a": "0.4536957797447308", "exploratory_score_b": "0.2564367450731087", "exploratory_score_c": "0.14435774810059615", "rank_a_unfiltered": "27", "rank_b_unfiltered": "90", "rank_c_unfiltered": "83", "pareto_frontier": "False", "eligibility_population_threshold": true, "eligibility_elderly_threshold": true, "primary_eligible": true, "rank": 75 }, "geometry": { "type": "Polygon", "coordinates": [ [ [ 135.31875, 35.429166666666674 ], [ 135.325, 35.429166666666674 ], [ 135.325, 35.433333333333344 ], [ 135.31875, 35.433333333333344 ], [ 135.31875, 35.429166666666674 ] ] ] } },
{ "type": "Feature", "properties": { "mesh_code": "533512161", "centroid_lat": 35.427083333333343, "centroid_lon": 135.328125, "city_area_fraction": 1.0000000000000002, "centroid_within_city": true, "population": 887, "elderly_population": 214.0, "reported_elderly_population": 214.0, "elderly_ratio": 0.24126268320180383, "HTKSYORI": "0", "HTKSAKI": null, "GASSAN": null, "disclosure_status": "unaffected", "suppression_flag": false, "aggregation_target_flag": false, "aggregation_flag": false, "primary_eligible_disclosure": true, "nearest_station_name": "西舞鶴駅", "nearest_station_distance_m": 1639.0705917033554, "nearest_bus_stop_name": "城南中学校前", "nearest_bus_stop_distance_m": 32.359472213734264, "nearest_public_transport_type": "bus_stop", "nearest_public_transport_name": "城南中学校前", "nearest_public_transport_distance_m": 32.359472213734264, "nearest_medical_name": "医療法人荒木クリニック", "nearest_medical_distance_m": 95.144470602540721, "nearest_hospital_name": "舞鶴赤十字病院", "nearest_hospital_distance_m": 2128.0678277894021, "nearest_clinic_name": "医療法人荒木クリニック", "nearest_clinic_distance_m": 95.144470602540721, "elderly_population_percentile": "0.8758741258741258", "elderly_ratio_percentile": "0.13986013986013987", "transport_distance_percentile": "0.01048951048951049", "medical_distance_percentile": "0.024475524475524476", "exploratory_score_a": "0.009187490830847474", "exploratory_score_b": "0.021437478605310773", "exploratory_score_c": "0.00022486865669906405", "rank_a_unfiltered": "275", "rank_b_unfiltered": "268", "rank_c_unfiltered": "285", "pareto_frontier": "False", "eligibility_population_threshold": true, "eligibility_elderly_threshold": true, "primary_eligible": true, "rank": 217 }, "geometry": { "type": "Polygon", "coordinates": [ [ [ 135.325, 35.425 ], [ 135.33125, 35.425 ], [ 135.33125, 35.429166666666674 ], [ 135.325, 35.429166666666674 ], [ 135.325, 35.425 ] ] ] } },
{ "type": "Feature", "properties": { "mesh_code": "533512162", "centroid_lat": 35.427083333333343, "centroid_lon": 135.334375, "city_area_fraction": 1.0, "centroid_within_city": true, "population": 686, "elderly_population": 143.0, "reported_elderly_population": 143.0, "elderly_ratio": 0.20845481049562684, "HTKSYORI": "0", "HTKSAKI": null, "GASSAN": null, "disclosure_status": "unaffected", "suppression_flag": false, "aggregation_target_flag": false, "aggregation_flag": false, "primary_eligible_disclosure": true, "nearest_station_name": "西舞鶴駅", "nearest_station_distance_m": 1661.1603093197421, "nearest_bus_stop_name": "城南中学校前", "nearest_bus_stop_distance_m": 551.96576910357169, "nearest_public_transport_type": "bus_stop", "nearest_public_transport_name": "城南中学校前", "nearest_public_transport_distance_m": 551.96576910357169, "nearest_medical_name": "医療法人荒木クリニック", "nearest_medical_distance_m": 651.56710314108602, "nearest_hospital_name": "市立舞鶴市民病院", "nearest_hospital_distance_m": 1963.5233534723002, "nearest_clinic_name": "医療法人荒木クリニック", "nearest_clinic_distance_m": 651.56710314108602, "elderly_population_percentile": "0.8059440559440559", "elderly_ratio_percentile": "0.09090909090909091", "transport_distance_percentile": "0.534965034965035", "medical_distance_percentile": "0.28321678321678323", "exploratory_score_a": "0.431151890067974", "exploratory_score_b": "0.2282568829771627", "exploratory_score_c": "0.12210945138288774", "rank_a_unfiltered": "35", "rank_b_unfiltered": "111", "rank_c_unfiltered": "96", "pareto_frontier": "False", "eligibility_population_threshold": true, "eligibility_elderly_threshold": true, "primary_eligible": true, "rank": 85 }, "geometry": { "type": "Polygon", "coordinates": [ [ [ 135.33125, 35.425 ], [ 135.3375, 35.425 ], [ 135.3375, 35.429166666666674 ], [ 135.33125, 35.429166666666674 ], [ 135.33125, 35.425 ] ] ] } },
{ "type": "Feature", "properties": { "mesh_code": "533512163", "centroid_lat": 35.43125, "centroid_lon": 135.328125, "city_area_fraction": 0.99999999999999978, "centroid_within_city": true, "population": 683, "elderly_population": 181.0, "reported_elderly_population": 181.0, "elderly_ratio": 0.26500732064421667, "HTKSYORI": "0", "HTKSAKI": null, "GASSAN": null, "disclosure_status": "unaffected", "suppression_flag": false, "aggregation_target_flag": false, "aggregation_flag": false, "primary_eligible_disclosure": true, "nearest_station_name": "西舞鶴駅", "nearest_station_distance_m": 1182.5951546235008, "nearest_bus_stop_name": "中筋小学校口", "nearest_bus_stop_distance_m": 30.752125702291391, "nearest_public_transport_type": "bus_stop", "nearest_public_transport_name": "中筋小学校口", "nearest_public_transport_distance_m": 30.752125702291391, "nearest_medical_name": "医療法人荒木クリニック", "nearest_medical_distance_m": 516.64341918568812, "nearest_hospital_name": "舞鶴赤十字病院", "nearest_hospital_distance_m": 1710.8574073079822, "nearest_clinic_name": "医療法人荒木クリニック", "nearest_clinic_distance_m": 516.64341918568812, "elderly_population_percentile": "0.8461538461538461", "elderly_ratio_percentile": "0.17132867132867133", "transport_distance_percentile": "0.006993006993006993", "medical_distance_percentile": "0.21678321678321677", "exploratory_score_a": "0.005917159763313609", "exploratory_score_b": "0.1834319526627219", "exploratory_score_c": "0.0012827409277113419", "rank_a_unfiltered": "280", "rank_b_unfiltered": "136", "rank_c_unfiltered": "276", "pareto_frontier": "False", "eligibility_population_threshold": true, "eligibility_elderly_threshold": true, "primary_eligible": true, "rank": 213 }, "geometry": { "type": "Polygon", "coordinates": [ [ [ 135.325, 35.429166666666674 ], [ 135.33125, 35.429166666666674 ], [ 135.33125, 35.433333333333344 ], [ 135.325, 35.433333333333344 ], [ 135.325, 35.429166666666674 ] ] ] } },
{ "type": "Feature", "properties": { "mesh_code": "533512164", "centroid_lat": 35.43125, "centroid_lon": 135.334375, "city_area_fraction": 1.0, "centroid_within_city": true, "population": 1401, "elderly_population": 225.0, "reported_elderly_population": 225.0, "elderly_ratio": 0.16059957173447537, "HTKSYORI": "0", "HTKSAKI": null, "GASSAN": null, "disclosure_status": "unaffected", "suppression_flag": false, "aggregation_target_flag": false, "aggregation_flag": false, "primary_eligible_disclosure": true, "nearest_station_name": "西舞鶴駅", "nearest_station_distance_m": 1213.0250644485502, "nearest_bus_stop_name": "中筋小学校口", "nearest_bus_stop_distance_m": 565.48243375112793, "nearest_public_transport_type": "bus_stop", "nearest_public_transport_name": "中筋小学校口", "nearest_public_transport_distance_m": 565.48243375112793, "nearest_medical_name": "井上耳鼻いんこう科", "nearest_medical_distance_m": 808.8707244193123, "nearest_hospital_name": "市立舞鶴市民病院", "nearest_hospital_distance_m": 1513.6193453788701, "nearest_clinic_name": "井上耳鼻いんこう科", "nearest_clinic_distance_m": 808.8707244193123, "elderly_population_percentile": "0.8951048951048951", "elderly_ratio_percentile": "0.05944055944055944", "transport_distance_percentile": "0.5524475524475524", "medical_distance_percentile": "0.3706293706293706", "exploratory_score_a": "0.4944985084845224", "exploratory_score_b": "0.33175216391999607", "exploratory_score_c": "0.18327567097678105", "rank_a_unfiltered": "17", "rank_b_unfiltered": "56", "rank_c_unfiltered": "53", "pareto_frontier": "True", "eligibility_population_threshold": true, "eligibility_elderly_threshold": true, "primary_eligible": true, "rank": 50 }, "geometry": { "type": "Polygon", "coordinates": [ [ [ 135.33125, 35.429166666666674 ], [ 135.3375, 35.429166666666674 ], [ 135.3375, 35.433333333333344 ], [ 135.33125, 35.433333333333344 ], [ 135.33125, 35.429166666666674 ] ] ] } },
{ "type": "Feature", "properties": { "mesh_code": "533512171", "centroid_lat": 35.427083333333343, "centroid_lon": 135.340625, "city_area_fraction": 1.0, "centroid_within_city": true, "population": 231, "elderly_population": null, "reported_elderly_population": 113.0, "elderly_ratio": null, "HTKSYORI": "1", "HTKSAKI": null, "GASSAN": "533512172;533512174", "disclosure_status": "aggregation_destination", "suppression_flag": false, "aggregation_target_flag": true, "aggregation_flag": true, "primary_eligible_disclosure": false, "nearest_station_name": "西舞鶴駅", "nearest_station_distance_m": 1864.5213745262151, "nearest_bus_stop_name": "城南中学校前", "nearest_bus_stop_distance_m": 1119.1447127554827, "nearest_public_transport_type": "bus_stop", "nearest_public_transport_name": "城南中学校前", "nearest_public_transport_distance_m": 1119.1447127554827, "nearest_medical_name": "医療法人荒木クリニック", "nearest_medical_distance_m": 1218.2905463038608, "nearest_hospital_name": "市立舞鶴市民病院", "nearest_hospital_distance_m": 1930.8710653597984, "nearest_clinic_name": "医療法人荒木クリニック", "nearest_clinic_distance_m": 1218.2905463038608, "elderly_population_percentile": "<NA>", "elderly_ratio_percentile": "<NA>", "transport_distance_percentile": "<NA>", "medical_distance_percentile": "<NA>", "exploratory_score_a": "<NA>", "exploratory_score_b": "<NA>", "exploratory_score_c": "<NA>", "rank_a_unfiltered": "<NA>", "rank_b_unfiltered": "<NA>", "rank_c_unfiltered": "<NA>", "pareto_frontier": "<NA>", "eligibility_population_threshold": true, "eligibility_elderly_threshold": false, "primary_eligible": false, "rank": null }, "geometry": { "type": "Polygon", "coordinates": [ [ [ 135.3375, 35.425 ], [ 135.34375, 35.425 ], [ 135.34375, 35.429166666666674 ], [ 135.3375, 35.429166666666674 ], [ 135.3375, 35.425 ] ] ] } },
{ "type": "Feature", "properties": { "mesh_code": "533512172", "centroid_lat": 35.427083333333343, "centroid_lon": 135.346875, "city_area_fraction": 1.0, "centroid_within_city": true, "population": 4, "elderly_population": null, "reported_elderly_population": null, "elderly_ratio": null, "HTKSYORI": "2", "HTKSAKI": "533512171", "GASSAN": null, "disclosure_status": "suppressed_source", "suppression_flag": true, "aggregation_target_flag": false, "aggregation_flag": false, "primary_eligible_disclosure": false, "nearest_station_name": "西舞鶴駅", "nearest_station_distance_m": 2199.4340022947636, "nearest_bus_stop_name": "京田", "nearest_bus_stop_distance_m": 1651.4175868311381, "nearest_public_transport_type": "bus_stop", "nearest_public_transport_name": "京田", "nearest_public_transport_distance_m": 1651.4175868311381, "nearest_medical_name": "特別養護老人ﾎｰﾑｸﾞﾚｲｽｳﾞｨﾙまいづる診療所", "nearest_medical_distance_m": 1694.2485852591476, "nearest_hospital_name": "市立舞鶴市民病院", "nearest_hospital_distance_m": 2060.3798261405041, "nearest_clinic_name": "特別養護老人ﾎｰﾑｸﾞﾚｲｽｳﾞｨﾙまいづる診療所", "nearest_clinic_distance_m": 1694.2485852591476, "elderly_population_percentile": "<NA>", "elderly_ratio_percentile": "<NA>", "transport_distance_percentile": "<NA>", "medical_distance_percentile": "<NA>", "exploratory_score_a": "<NA>", "exploratory_score_b": "<NA>", "exploratory_score_c": "<NA>", "rank_a_unfiltered": "<NA>", "rank_b_unfiltered": "<NA>", "rank_c_unfiltered": "<NA>", "pareto_frontier": "<NA>", "eligibility_population_threshold": false, "eligibility_elderly_threshold": false, "primary_eligible": false, "rank": null }, "geometry": { "type": "Polygon", "coordinates": [ [ [ 135.34375, 35.425 ], [ 135.35, 35.425 ], [ 135.35, 35.429166666666674 ], [ 135.34375, 35.429166666666674 ], [ 135.34375, 35.425 ] ] ] } },
{ "type": "Feature", "properties": { "mesh_code": "533512173", "centroid_lat": 35.43125, "centroid_lon": 135.340625, "city_area_fraction": 1.0, "centroid_within_city": true, "population": 78, "elderly_population": 26.0, "reported_elderly_population": 26.0, "elderly_ratio": 0.33333333333333331, "HTKSYORI": "0", "HTKSAKI": null, "GASSAN": null, "disclosure_status": "unaffected", "suppression_flag": false, "aggregation_target_flag": false, "aggregation_flag": false, "primary_eligible_disclosure": true, "nearest_station_name": "西舞鶴駅", "nearest_station_distance_m": 1479.3175256479688, "nearest_bus_stop_name": "中筋小学校口", "nearest_bus_stop_distance_m": 1132.5758732814022, "nearest_public_transport_type": "bus_stop", "nearest_public_transport_name": "中筋小学校口", "nearest_public_transport_distance_m": 1132.5758732814022, "nearest_medical_name": "井上耳鼻いんこう科", "nearest_medical_distance_m": 1139.5024287983188, "nearest_hospital_name": "市立舞鶴市民病院", "nearest_hospital_distance_m": 1471.0168251996597, "nearest_clinic_name": "井上耳鼻いんこう科", "nearest_clinic_distance_m": 1139.5024287983188, "elderly_population_percentile": "0.5", "elderly_ratio_percentile": "0.3531468531468531", "transport_distance_percentile": "0.7237762237762237", "medical_distance_percentile": "0.5104895104895105", "exploratory_score_a": "0.3618881118881119", "exploratory_score_b": "0.25524475524475526", "exploratory_score_c": "0.18474008508973544", "rank_a_unfiltered": "55", "rank_b_unfiltered": "92", "rank_c_unfiltered": "52", "pareto_frontier": "False", "eligibility_population_threshold": true, "eligibility_elderly_threshold": true, "primary_eligible": true, "rank": 49 }, "geometry": { "type": "Polygon", "coordinates": [ [ [ 135.3375, 35.429166666666674 ], [ 135.34375, 35.429166666666674 ], [ 135.34375, 35.433333333333344 ], [ 135.3375, 35.433333333333344 ], [ 135.3375, 35.429166666666674 ] ] ] } },
{ "type": "Feature", "properties": { "mesh_code": "533512174", "centroid_lat": 35.43125, "centroid_lon": 135.346875, "city_area_fraction": 1.0, "centroid_within_city": true, "population": 1, "elderly_population": null, "reported_elderly_population": null, "elderly_ratio": null, "HTKSYORI": "2", "HTKSAKI": "533512171", "GASSAN": null, "disclosure_status": "suppressed_source", "suppression_flag": true, "aggregation_target_flag": false, "aggregation_flag": false, "primary_eligible_disclosure": false, "nearest_station_name": "西舞鶴駅", "nearest_station_distance_m": 1883.9801701532904, "nearest_bus_stop_name": "倉谷", "nearest_bus_stop_distance_m": 1606.8412400420141, "nearest_public_transport_type": "bus_stop", "nearest_public_transport_name": "倉谷", "nearest_public_transport_distance_m": 1606.8412400420141, "nearest_medical_name": "医療法人秀仁会さくら眼科米田クリニック", "nearest_medical_distance_m": 1604.1385216242629, "nearest_hospital_name": "市立舞鶴市民病院", "nearest_hospital_distance_m": 1637.3048388022239, "nearest_clinic_name": "医療法人秀仁会さくら眼科米田クリニック", "nearest_clinic_distance_m": 1604.1385216242629, "elderly_population_percentile": "<NA>", "elderly_ratio_percentile": "<NA>", "transport_distance_percentile": "<NA>", "medical_distance_percentile": "<NA>", "exploratory_score_a": "<NA>", "exploratory_score_b": "<NA>", "exploratory_score_c": "<NA>", "rank_a_unfiltered": "<NA>", "rank_b_unfiltered": "<NA>", "rank_c_unfiltered": "<NA>", "pareto_frontier": "<NA>", "eligibility_population_threshold": false, "eligibility_elderly_threshold": false, "primary_eligible": false, "rank": null }, "geometry": { "type": "Polygon", "coordinates": [ [ [ 135.34375, 35.429166666666674 ], [ 135.35, 35.429166666666674 ], [ 135.35, 35.433333333333344 ], [ 135.34375, 35.433333333333344 ], [ 135.34375, 35.429166666666674 ] ] ] } },
{ "type": "Feature", "properties": { "mesh_code": "533512201", "centroid_lat": 35.435416666666669, "centroid_lon": 135.253125, "city_area_fraction": 1.0, "centroid_within_city": true, "population": 33, "elderly_population": null, "reported_elderly_population": 14.0, "elderly_ratio": null, "HTKSYORI": "1", "HTKSAKI": null, "GASSAN": "533512202", "disclosure_status": "aggregation_destination", "suppression_flag": false, "aggregation_target_flag": true, "aggregation_flag": true, "primary_eligible_disclosure": false, "nearest_station_name": "四所駅", "nearest_station_distance_m": 3599.9057652782767, "nearest_bus_stop_name": "間口", "nearest_bus_stop_distance_m": 181.22962877378492, "nearest_public_transport_type": "bus_stop", "nearest_public_transport_name": "間口", "nearest_public_transport_distance_m": 181.22962877378492, "nearest_medical_name": "市立舞鶴市民病院加佐診療所", "nearest_medical_distance_m": 2185.1448722441305, "nearest_hospital_name": "舞鶴赤十字病院", "nearest_hospital_distance_m": 7700.3792895392207, "nearest_clinic_name": "市立舞鶴市民病院加佐診療所", "nearest_clinic_distance_m": 2185.1448722441305, "elderly_population_percentile": "<NA>", "elderly_ratio_percentile": "<NA>", "transport_distance_percentile": "<NA>", "medical_distance_percentile": "<NA>", "exploratory_score_a": "<NA>", "exploratory_score_b": "<NA>", "exploratory_score_c": "<NA>", "rank_a_unfiltered": "<NA>", "rank_b_unfiltered": "<NA>", "rank_c_unfiltered": "<NA>", "pareto_frontier": "<NA>", "eligibility_population_threshold": true, "eligibility_elderly_threshold": false, "primary_eligible": false, "rank": null }, "geometry": { "type": "Polygon", "coordinates": [ [ [ 135.25, 35.433333333333337 ], [ 135.25625, 35.433333333333337 ], [ 135.25625, 35.4375 ], [ 135.25, 35.4375 ], [ 135.25, 35.433333333333337 ] ] ] } },
{ "type": "Feature", "properties": { "mesh_code": "533512202", "centroid_lat": 35.435416666666669, "centroid_lon": 135.259375, "city_area_fraction": 1.0, "centroid_within_city": true, "population": 9, "elderly_population": null, "reported_elderly_population": null, "elderly_ratio": null, "HTKSYORI": "2", "HTKSAKI": "533512201", "GASSAN": null, "disclosure_status": "suppressed_source", "suppression_flag": true, "aggregation_target_flag": false, "aggregation_flag": false, "primary_eligible_disclosure": false, "nearest_station_name": "四所駅", "nearest_station_distance_m": 3069.9170842831536, "nearest_bus_stop_name": "志高下境", "nearest_bus_stop_distance_m": 478.35200086508274, "nearest_public_transport_type": "bus_stop", "nearest_public_transport_name": "志高下境", "nearest_public_transport_distance_m": 478.35200086508274, "nearest_medical_name": "市立舞鶴市民病院加佐診療所", "nearest_medical_distance_m": 2014.5906724953381, "nearest_hospital_name": "舞鶴赤十字病院", "nearest_hospital_distance_m": 7138.5243397448585, "nearest_clinic_name": "市立舞鶴市民病院加佐診療所", "nearest_clinic_distance_m": 2014.5906724953381, "elderly_population_percentile": "<NA>", "elderly_ratio_percentile": "<NA>", "transport_distance_percentile": "<NA>", "medical_distance_percentile": "<NA>", "exploratory_score_a": "<NA>", "exploratory_score_b": "<NA>", "exploratory_score_c": "<NA>", "rank_a_unfiltered": "<NA>", "rank_b_unfiltered": "<NA>", "rank_c_unfiltered": "<NA>", "pareto_frontier": "<NA>", "eligibility_population_threshold": false, "eligibility_elderly_threshold": false, "primary_eligible": false, "rank": null }, "geometry": { "type": "Polygon", "coordinates": [ [ [ 135.25625, 35.433333333333337 ], [ 135.2625, 35.433333333333337 ], [ 135.2625, 35.4375 ], [ 135.25625, 35.4375 ], [ 135.25625, 35.433333333333337 ] ] ] } },
{ "type": "Feature", "properties": { "mesh_code": "533512203", "centroid_lat": 35.439583333333346, "centroid_lon": 135.253125, "city_area_fraction": 1.0000000000000002, "centroid_within_city": true, "population": 33, "elderly_population": 15.0, "reported_elderly_population": 15.0, "elderly_ratio": 0.45454545454545453, "HTKSYORI": "0", "HTKSAKI": null, "GASSAN": null, "disclosure_status": "unaffected", "suppression_flag": false, "aggregation_target_flag": false, "aggregation_flag": false, "primary_eligible_disclosure": true, "nearest_station_name": "四所駅", "nearest_station_distance_m": 3474.8697757485738, "nearest_bus_stop_name": "志高下境", "nearest_bus_stop_distance_m": 259.91210988440361, "nearest_public_transport_type": "bus_stop", "nearest_public_transport_name": "志高下境", "nearest_public_transport_distance_m": 259.91210988440361, "nearest_medical_name": "市立舞鶴市民病院加佐診療所", "nearest_medical_distance_m": 1775.9117272795556, "nearest_hospital_name": "舞鶴赤十字病院", "nearest_hospital_distance_m": 7651.5335058408946, "nearest_clinic_name": "市立舞鶴市民病院加佐診療所", "nearest_clinic_distance_m": 1775.9117272795556, "elderly_population_percentile": "0.3339160839160839", "elderly_ratio_percentile": "0.6328671328671329", "transport_distance_percentile": "0.2727272727272727", "medical_distance_percentile": "0.6748251748251748", "exploratory_score_a": "0.09106802288620469", "exploratory_score_b": "0.22533497970560906", "exploratory_score_c": "0.0614549944651661", "rank_a_unfiltered": "211", "rank_b_unfiltered": "115", "rank_c_unfiltered": "161", "pareto_frontier": "False", "eligibility_population_threshold": true, "eligibility_elderly_threshold": true, "primary_eligible": true, "rank": 136 }, "geometry": { "type": "Polygon", "coordinates": [ [ [ 135.25, 35.4375 ], [ 135.25625, 35.4375 ], [ 135.25625, 35.441666666666677 ], [ 135.25, 35.441666666666677 ], [ 135.25, 35.4375 ] ] ] } },
{ "type": "Feature", "properties": { "mesh_code": "533512211", "centroid_lat": 35.435416666666669, "centroid_lon": 135.265625, "city_area_fraction": 1.0, "centroid_within_city": true, "population": 11, "elderly_population": null, "reported_elderly_population": null, "elderly_ratio": null, "HTKSYORI": "2", "HTKSAKI": "533512212", "GASSAN": null, "disclosure_status": "suppressed_source", "suppression_flag": true, "aggregation_target_flag": false, "aggregation_flag": false, "primary_eligible_disclosure": false, "nearest_station_name": "四所駅", "nearest_station_distance_m": 2556.0636244146631, "nearest_bus_stop_name": "志高下境", "nearest_bus_stop_distance_m": 967.87922679110193, "nearest_public_transport_type": "bus_stop", "nearest_public_transport_name": "志高下境", "nearest_public_transport_distance_m": 967.87922679110193, "nearest_medical_name": "市立舞鶴市民病院加佐診療所", "nearest_medical_distance_m": 1996.5555747209983, "nearest_hospital_name": "舞鶴赤十字病院", "nearest_hospital_distance_m": 6577.6313558673828, "nearest_clinic_name": "市立舞鶴市民病院加佐診療所", "nearest_clinic_distance_m": 1996.5555747209983, "elderly_population_percentile": "<NA>", "elderly_ratio_percentile": "<NA>", "transport_distance_percentile": "<NA>", "medical_distance_percentile": "<NA>", "exploratory_score_a": "<NA>", "exploratory_score_b": "<NA>", "exploratory_score_c": "<NA>", "rank_a_unfiltered": "<NA>", "rank_b_unfiltered": "<NA>", "rank_c_unfiltered": "<NA>", "pareto_frontier": "<NA>", "eligibility_population_threshold": false, "eligibility_elderly_threshold": false, "primary_eligible": false, "rank": null }, "geometry": { "type": "Polygon", "coordinates": [ [ [ 135.2625, 35.433333333333337 ], [ 135.26875, 35.433333333333337 ], [ 135.26875, 35.4375 ], [ 135.2625, 35.4375 ], [ 135.2625, 35.433333333333337 ] ] ] } },
{ "type": "Feature", "properties": { "mesh_code": "533512212", "centroid_lat": 35.435416666666669, "centroid_lon": 135.271875, "city_area_fraction": 1.0000000000000002, "centroid_within_city": true, "population": 39, "elderly_population": null, "reported_elderly_population": 30.0, "elderly_ratio": null, "HTKSYORI": "1", "HTKSAKI": null, "GASSAN": "533512211;533512213;533512221", "disclosure_status": "aggregation_destination", "suppression_flag": false, "aggregation_target_flag": true, "aggregation_flag": true, "primary_eligible_disclosure": false, "nearest_station_name": "四所駅", "nearest_station_distance_m": 2070.3938615209281, "nearest_bus_stop_name": "小津田", "nearest_bus_stop_distance_m": 1464.0608256697294, "nearest_public_transport_type": "bus_stop", "nearest_public_transport_name": "小津田", "nearest_public_transport_distance_m": 1464.0608256697294, "nearest_medical_name": "市立舞鶴市民病院加佐診療所", "nearest_medical_distance_m": 2134.9079744931578, "nearest_hospital_name": "舞鶴赤十字病院", "nearest_hospital_distance_m": 6017.9691655508568, "nearest_clinic_name": "市立舞鶴市民病院加佐診療所", "nearest_clinic_distance_m": 2134.9079744931578, "elderly_population_percentile": "<NA>", "elderly_ratio_percentile": "<NA>", "transport_distance_percentile": "<NA>", "medical_distance_percentile": "<NA>", "exploratory_score_a": "<NA>", "exploratory_score_b": "<NA>", "exploratory_score_c": "<NA>", "rank_a_unfiltered": "<NA>", "rank_b_unfiltered": "<NA>", "rank_c_unfiltered": "<NA>", "pareto_frontier": "<NA>", "eligibility_population_threshold": true, "eligibility_elderly_threshold": false, "primary_eligible": false, "rank": null }, "geometry": { "type": "Polygon", "coordinates": [ [ [ 135.26875, 35.433333333333337 ], [ 135.275, 35.433333333333337 ], [ 135.275, 35.4375 ], [ 135.26875, 35.4375 ], [ 135.26875, 35.433333333333337 ] ] ] } },
{ "type": "Feature", "properties": { "mesh_code": "533512213", "centroid_lat": 35.439583333333346, "centroid_lon": 135.265625, "city_area_fraction": 0.99999999999999978, "centroid_within_city": true, "population": 6, "elderly_population": null, "reported_elderly_population": null, "elderly_ratio": null, "HTKSYORI": "2", "HTKSAKI": "533512212", "GASSAN": null, "disclosure_status": "suppressed_source", "suppression_flag": true, "aggregation_target_flag": false, "aggregation_flag": false, "primary_eligible_disclosure": false, "nearest_station_name": "四所駅", "nearest_station_distance_m": 2376.8029907380082, "nearest_bus_stop_name": "小津田", "nearest_bus_stop_distance_m": 746.09701336329499, "nearest_public_transport_type": "bus_stop", "nearest_public_transport_name": "小津田", "nearest_public_transport_distance_m": 746.09701336329499, "nearest_medical_name": "市立舞鶴市民病院加佐診療所", "nearest_medical_distance_m": 1537.9473971466975, "nearest_hospital_name": "舞鶴赤十字病院", "nearest_hospital_distance_m": 6520.4436545668232, "nearest_clinic_name": "市立舞鶴市民病院加佐診療所", "nearest_clinic_distance_m": 1537.9473971466975, "elderly_population_percentile": "<NA>", "elderly_ratio_percentile": "<NA>", "transport_distance_percentile": "<NA>", "medical_distance_percentile": "<NA>", "exploratory_score_a": "<NA>", "exploratory_score_b": "<NA>", "exploratory_score_c": "<NA>", "rank_a_unfiltered": "<NA>", "rank_b_unfiltered": "<NA>", "rank_c_unfiltered": "<NA>", "pareto_frontier": "<NA>", "eligibility_population_threshold": false, "eligibility_elderly_threshold": false, "primary_eligible": false, "rank": null }, "geometry": { "type": "Polygon", "coordinates": [ [ [ 135.2625, 35.4375 ], [ 135.26875, 35.4375 ], [ 135.26875, 35.441666666666677 ], [ 135.2625, 35.441666666666677 ], [ 135.2625, 35.4375 ] ] ] } },
{ "type": "Feature", "properties": { "mesh_code": "533512221", "centroid_lat": 35.435416666666669, "centroid_lon": 135.278125, "city_area_fraction": 1.0, "centroid_within_city": true, "population": 3, "elderly_population": null, "reported_elderly_population": null, "elderly_ratio": null, "HTKSYORI": "2", "HTKSAKI": "533512212", "GASSAN": null, "disclosure_status": "suppressed_source", "suppression_flag": true, "aggregation_target_flag": false, "aggregation_flag": false, "primary_eligible_disclosure": false, "nearest_station_name": "四所駅", "nearest_station_distance_m": 1638.1689690975379, "nearest_bus_stop_name": "ふじつ温泉前", "nearest_bus_stop_distance_m": 1521.5100675915173, "nearest_public_transport_type": "bus_stop", "nearest_public_transport_name": "ふじつ温泉前", "nearest_public_transport_distance_m": 1521.5100675915173, "nearest_medical_name": "市立舞鶴市民病院加佐診療所", "nearest_medical_distance_m": 2402.7832770622886, "nearest_hospital_name": "舞鶴赤十字病院", "nearest_hospital_distance_m": 5459.9160981839495, "nearest_clinic_name": "市立舞鶴市民病院加佐診療所", "nearest_clinic_distance_m": 2402.7832770622886, "elderly_population_percentile": "<NA>", "elderly_ratio_percentile": "<NA>", "transport_distance_percentile": "<NA>", "medical_distance_percentile": "<NA>", "exploratory_score_a": "<NA>", "exploratory_score_b": "<NA>", "exploratory_score_c": "<NA>", "rank_a_unfiltered": "<NA>", "rank_b_unfiltered": "<NA>", "rank_c_unfiltered": "<NA>", "pareto_frontier": "<NA>", "eligibility_population_threshold": false, "eligibility_elderly_threshold": false, "primary_eligible": false, "rank": null }, "geometry": { "type": "Polygon", "coordinates": [ [ [ 135.275, 35.433333333333337 ], [ 135.28125, 35.433333333333337 ], [ 135.28125, 35.4375 ], [ 135.275, 35.4375 ], [ 135.275, 35.433333333333337 ] ] ] } },
{ "type": "Feature", "properties": { "mesh_code": "533512234", "centroid_lat": 35.439583333333346, "centroid_lon": 135.296875, "city_area_fraction": 1.0000000000000002, "centroid_within_city": true, "population": 67, "elderly_population": 20.0, "reported_elderly_population": 20.0, "elderly_ratio": 0.29850746268656714, "HTKSYORI": "0", "HTKSAKI": null, "GASSAN": null, "disclosure_status": "unaffected", "suppression_flag": false, "aggregation_target_flag": false, "aggregation_flag": false, "primary_eligible_disclosure": true, "nearest_station_name": "四所駅", "nearest_station_distance_m": 924.52508571937892, "nearest_bus_stop_name": "上福井", "nearest_bus_stop_distance_m": 652.06972224730418, "nearest_public_transport_type": "bus_stop", "nearest_public_transport_name": "上福井", "nearest_public_transport_distance_m": 652.06972224730418, "nearest_medical_name": "国土交通省共済組合第八管区 海上保安本部支部診療所", "nearest_medical_distance_m": 2238.0094917920242, "nearest_hospital_name": "舞鶴赤十字病院", "nearest_hospital_distance_m": 3702.8868871237273, "nearest_clinic_name": "国土交通省共済組合第八管区 海上保安本部支部診療所", "nearest_clinic_distance_m": 2238.0094917920242, "elderly_population_percentile": "0.41083916083916083", "elderly_ratio_percentile": "0.2517482517482518", "transport_distance_percentile": "0.6328671328671329", "medical_distance_percentile": "0.7272727272727273", "exploratory_score_a": "0.2600066017898186", "exploratory_score_b": "0.29879211697393515", "exploratory_score_c": "0.18909571039259535", "rank_a_unfiltered": "100", "rank_b_unfiltered": "68", "rank_c_unfiltered": "50", "pareto_frontier": "False", "eligibility_population_threshold": true, "eligibility_elderly_threshold": true, "primary_eligible": true, "rank": 48 }, "geometry": { "type": "Polygon", "coordinates": [ [ [ 135.29375, 35.4375 ], [ 135.3, 35.4375 ], [ 135.3, 35.441666666666677 ], [ 135.29375, 35.441666666666677 ], [ 135.29375, 35.4375 ] ] ] } },
{ "type": "Feature", "properties": { "mesh_code": "533512252", "centroid_lat": 35.435416666666669, "centroid_lon": 135.321875, "city_area_fraction": 0.99999999999999978, "centroid_within_city": true, "population": 309, "elderly_population": 156.0, "reported_elderly_population": 156.0, "elderly_ratio": 0.50485436893203883, "HTKSYORI": "0", "HTKSAKI": null, "GASSAN": null, "disclosure_status": "unaffected", "suppression_flag": false, "aggregation_target_flag": false, "aggregation_flag": false, "primary_eligible_disclosure": true, "nearest_station_name": "西舞鶴駅", "nearest_station_distance_m": 1053.0923908133034, "nearest_bus_stop_name": "西高前", "nearest_bus_stop_distance_m": 696.24134714103468, "nearest_public_transport_type": "bus_stop", "nearest_public_transport_name": "西高前", "nearest_public_transport_distance_m": 696.24134714103468, "nearest_medical_name": "藤井内科医院", "nearest_medical_distance_m": 758.79136788137725, "nearest_hospital_name": "舞鶴赤十字病院", "nearest_hospital_distance_m": 1733.7806554139274, "nearest_clinic_name": "藤井内科医院", "nearest_clinic_distance_m": 758.79136788137725, "elderly_population_percentile": "0.8251748251748252", "elderly_ratio_percentile": "0.7412587412587412", "transport_distance_percentile": "0.6468531468531469", "medical_distance_percentile": "0.33916083916083917", "exploratory_score_a": "0.5337669323683311", "exploratory_score_b": "0.2798669861606925", "exploratory_score_c": "0.18103284069835004", "rank_a_unfiltered": "7", "rank_b_unfiltered": "81", "rank_c_unfiltered": "56", "pareto_frontier": "True", "eligibility_population_threshold": true, "eligibility_elderly_threshold": true, "primary_eligible": true, "rank": 51 }, "geometry": { "type": "Polygon", "coordinates": [ [ [ 135.31875, 35.433333333333337 ], [ 135.325, 35.433333333333337 ], [ 135.325, 35.4375 ], [ 135.31875, 35.4375 ], [ 135.31875, 35.433333333333337 ] ] ] } },
{ "type": "Feature", "properties": { "mesh_code": "533512254", "centroid_lat": 35.439583333333346, "centroid_lon": 135.321875, "city_area_fraction": 1.0000000000000002, "centroid_within_city": true, "population": 485, "elderly_population": 163.0, "reported_elderly_population": 163.0, "elderly_ratio": 0.33608247422680415, "HTKSYORI": "0", "HTKSAKI": null, "GASSAN": null, "disclosure_status": "unaffected", "suppression_flag": false, "aggregation_target_flag": false, "aggregation_flag": false, "primary_eligible_disclosure": true, "nearest_station_name": "西舞鶴駅", "nearest_station_distance_m": 822.00385706818361, "nearest_bus_stop_name": "西高前", "nearest_bus_stop_distance_m": 607.61070674743041, "nearest_public_transport_type": "bus_stop", "nearest_public_transport_name": "西高前", "nearest_public_transport_distance_m": 607.61070674743041, "nearest_medical_name": "藤井内科医院", "nearest_medical_distance_m": 621.97138862761983, "nearest_hospital_name": "舞鶴赤十字病院", "nearest_hospital_distance_m": 1503.0059860818562, "nearest_clinic_name": "藤井内科医院", "nearest_clinic_distance_m": 621.97138862761983, "elderly_population_percentile": "0.8286713286713286", "elderly_ratio_percentile": "0.36713286713286714", "transport_distance_percentile": "0.583916083916084", "medical_distance_percentile": "0.2517482517482518", "exploratory_score_a": "0.4838745170913003", "exploratory_score_b": "0.20861655826690792", "exploratory_score_c": "0.12181456374326442", "rank_a_unfiltered": "21", "rank_b_unfiltered": "126", "rank_c_unfiltered": "97", "pareto_frontier": "True", "eligibility_population_threshold": true, "eligibility_elderly_threshold": true, "primary_eligible": true, "rank": 86 }, "geometry": { "type": "Polygon", "coordinates": [ [ [ 135.31875, 35.4375 ], [ 135.325, 35.4375 ], [ 135.325, 35.441666666666677 ], [ 135.31875, 35.441666666666677 ], [ 135.31875, 35.4375 ] ] ] } },
{ "type": "Feature", "properties": { "mesh_code": "533512261", "centroid_lat": 35.435416666666669, "centroid_lon": 135.328125, "city_area_fraction": 1.0, "centroid_within_city": true, "population": 1230, "elderly_population": 292.0, "reported_elderly_population": 292.0, "elderly_ratio": 0.23739837398373984, "HTKSYORI": "0", "HTKSAKI": null, "GASSAN": null, "disclosure_status": "unaffected", "suppression_flag": false, "aggregation_target_flag": false, "aggregation_flag": false, "primary_eligible_disclosure": true, "nearest_station_name": "西舞鶴駅", "nearest_station_distance_m": 733.40206247281367, "nearest_bus_stop_name": "西高前", "nearest_bus_stop_distance_m": 357.43647138685685, "nearest_public_transport_type": "bus_stop", "nearest_public_transport_name": "西高前", "nearest_public_transport_distance_m": 357.43647138685685, "nearest_medical_name": "井上耳鼻いんこう科", "nearest_medical_distance_m": 409.36119394120692, "nearest_hospital_name": "舞鶴赤十字病院", "nearest_hospital_distance_m": 1323.9188968794861, "nearest_clinic_name": "井上耳鼻いんこう科", "nearest_clinic_distance_m": 409.36119394120692, "elderly_population_percentile": "0.9335664335664335", "elderly_ratio_percentile": "0.1258741258741259", "transport_distance_percentile": "0.3881118881118881", "medical_distance_percentile": "0.17132867132867133", "exploratory_score_a": "0.3623282312093501", "exploratory_score_b": "0.15994669665998337", "exploratory_score_c": "0.06207721443796557", "rank_a_unfiltered": "54", "rank_b_unfiltered": "153", "rank_c_unfiltered": "159", "pareto_frontier": "False", "eligibility_population_threshold": true, "eligibility_elderly_threshold": true, "primary_eligible": true, "rank": 134 }, "geometry": { "type": "Polygon", "coordinates": [ [ [ 135.325, 35.433333333333337 ], [ 135.33125, 35.433333333333337 ], [ 135.33125, 35.4375 ], [ 135.325, 35.4375 ], [ 135.325, 35.433333333333337 ] ] ] } },
{ "type": "Feature", "properties": { "mesh_code": "533512262", "centroid_lat": 35.435416666666669, "centroid_lon": 135.334375, "city_area_fraction": 1.0, "centroid_within_city": true, "population": 1129, "elderly_population": 221.0, "reported_elderly_population": 221.0, "elderly_ratio": 0.19574844995571303, "HTKSYORI": "0", "HTKSAKI": null, "GASSAN": null, "disclosure_status": "unaffected", "suppression_flag": false, "aggregation_target_flag": false, "aggregation_flag": false, "primary_eligible_disclosure": true, "nearest_station_name": "西舞鶴駅", "nearest_station_distance_m": 781.52035651618223, "nearest_bus_stop_name": "西高前", "nearest_bus_stop_distance_m": 644.06103642716141, "nearest_public_transport_type": "bus_stop", "nearest_public_transport_name": "西高前", "nearest_public_transport_distance_m": 644.06103642716141, "nearest_medical_name": "井上耳鼻いんこう科", "nearest_medical_distance_m": 409.49944733618048, "nearest_hospital_name": "舞鶴赤十字病院", "nearest_hospital_distance_m": 1069.3567415351195, "nearest_clinic_name": "井上耳鼻いんこう科", "nearest_clinic_distance_m": 409.49944733618048, "elderly_population_percentile": "0.8881118881118881", "elderly_ratio_percentile": "0.08391608391608392", "transport_distance_percentile": "0.6223776223776224", "medical_distance_percentile": "0.17482517482517482", "exploratory_score_a": "0.5527409653283779", "exploratory_score_b": "0.15526431610347693", "exploratory_score_c": "0.09663303589656956", "rank_a_unfiltered": "4", "rank_b_unfiltered": "156", "rank_c_unfiltered": "126", "pareto_frontier": "True", "eligibility_population_threshold": true, "eligibility_elderly_threshold": true, "primary_eligible": true, "rank": 109 }, "geometry": { "type": "Polygon", "coordinates": [ [ [ 135.33125, 35.433333333333337 ], [ 135.3375, 35.433333333333337 ], [ 135.3375, 35.4375 ], [ 135.33125, 35.4375 ], [ 135.33125, 35.433333333333337 ] ] ] } },
{ "type": "Feature", "properties": { "mesh_code": "533512263", "centroid_lat": 35.439583333333346, "centroid_lon": 135.328125, "city_area_fraction": 1.0, "centroid_within_city": true, "population": 1100, "elderly_population": 335.0, "reported_elderly_population": 335.0, "elderly_ratio": 0.30454545454545456, "HTKSYORI": "0", "HTKSAKI": null, "GASSAN": null, "disclosure_status": "unaffected", "suppression_flag": false, "aggregation_target_flag": false, "aggregation_flag": false, "primary_eligible_disclosure": true, "nearest_station_name": "西舞鶴駅", "nearest_station_distance_m": 323.41172131542959, "nearest_bus_stop_name": "西高前", "nearest_bus_stop_distance_m": 110.53543204709044, "nearest_public_transport_type": "bus_stop", "nearest_public_transport_name": "西高前", "nearest_public_transport_distance_m": 110.53543204709044, "nearest_medical_name": "藤井内科医院", "nearest_medical_distance_m": 60.236536836477804, "nearest_hospital_name": "舞鶴赤十字病院", "nearest_hospital_distance_m": 1002.9247689632836, "nearest_clinic_name": "藤井内科医院", "nearest_clinic_distance_m": 60.236536836477804, "elderly_population_percentile": "0.9667832167832168", "elderly_ratio_percentile": "0.26573426573426573", "transport_distance_percentile": "0.06643356643356643", "medical_distance_percentile": "0.006993006993006993", "exploratory_score_a": "0.0642268570590249", "exploratory_score_b": "0.006760721795686831", "exploratory_score_c": "0.00044913886055262164", "rank_a_unfiltered": "231", "rank_b_unfiltered": "277", "rank_c_unfiltered": "283", "pareto_frontier": "False", "eligibility_population_threshold": true, "eligibility_elderly_threshold": true, "primary_eligible": true, "rank": 216 }, "geometry": { "type": "Polygon", "coordinates": [ [ [ 135.325, 35.4375 ], [ 135.33125, 35.4375 ], [ 135.33125, 35.441666666666677 ], [ 135.325, 35.441666666666677 ], [ 135.325, 35.4375 ] ] ] } },
{ "type": "Feature", "properties": { "mesh_code": "533512264", "centroid_lat": 35.439583333333346, "centroid_lon": 135.334375, "city_area_fraction": 1.0, "centroid_within_city": true, "population": 631, "elderly_population": 170.0, "reported_elderly_population": 170.0, "elderly_ratio": 0.26941362916006339, "HTKSYORI": "0", "HTKSAKI": null, "GASSAN": null, "disclosure_status": "unaffected", "suppression_flag": false, "aggregation_target_flag": false, "aggregation_flag": false, "primary_eligible_disclosure": true, "nearest_station_name": "西舞鶴駅", "nearest_station_distance_m": 421.29234001675223, "nearest_bus_stop_name": "西舞鶴駅前", "nearest_bus_stop_distance_m": 526.16174453526321, "nearest_public_transport_type": "station", "nearest_public_transport_name": "西舞鶴駅", "nearest_public_transport_distance_m": 421.29234001675223, "nearest_medical_name": "医療法人秀仁会さくら眼科米田クリニック", "nearest_medical_distance_m": 140.69695611481558, "nearest_hospital_name": "舞鶴赤十字病院", "nearest_hospital_distance_m": 629.80370960884864, "nearest_clinic_name": "医療法人秀仁会さくら眼科米田クリニック", "nearest_clinic_distance_m": 140.69695611481558, "elderly_population_percentile": "0.8356643356643356", "elderly_ratio_percentile": "0.17832167832167833", "transport_distance_percentile": "0.4370629370629371", "medical_distance_percentile": "0.05244755244755245", "exploratory_score_a": "0.36523790894420266", "exploratory_score_b": "0.043828549073304315", "exploratory_score_c": "0.019155834385185453", "rank_a_unfiltered": "53", "rank_b_unfiltered": "256", "rank_c_unfiltered": "233", "pareto_frontier": "False", "eligibility_population_threshold": true, "eligibility_elderly_threshold": true, "primary_eligible": true, "rank": 183 }, "geometry": { "type": "Polygon", "coordinates": [ [ [ 135.33125, 35.4375 ], [ 135.3375, 35.4375 ], [ 135.3375, 35.441666666666677 ], [ 135.33125, 35.441666666666677 ], [ 135.33125, 35.4375 ] ] ] } },
{ "type": "Feature", "properties": { "mesh_code": "533512271", "centroid_lat": 35.435416666666669, "centroid_lon": 135.340625, "city_area_fraction": 1.0, "centroid_within_city": true, "population": 14, "elderly_population": null, "reported_elderly_population": 4.0, "elderly_ratio": null, "HTKSYORI": "1", "HTKSAKI": null, "GASSAN": "533512273;533512274", "disclosure_status": "aggregation_destination", "suppression_flag": false, "aggregation_target_flag": true, "aggregation_flag": true, "primary_eligible_disclosure": false, "nearest_station_name": "西舞鶴駅", "nearest_station_distance_m": 1152.2536139401345, "nearest_bus_stop_name": "倉谷西", "nearest_bus_stop_distance_m": 1084.9004481432544, "nearest_public_transport_type": "bus_stop", "nearest_public_transport_name": "倉谷西", "nearest_public_transport_distance_m": 1084.9004481432544, "nearest_medical_name": "医療法人秀仁会さくら眼科米田クリニック", "nearest_medical_distance_m": 872.23267917704777, "nearest_hospital_name": "市立舞鶴市民病院", "nearest_hospital_distance_m": 1013.3533114719345, "nearest_clinic_name": "医療法人秀仁会さくら眼科米田クリニック", "nearest_clinic_distance_m": 872.23267917704777, "elderly_population_percentile": "<NA>", "elderly_ratio_percentile": "<NA>", "transport_distance_percentile": "<NA>", "medical_distance_percentile": "<NA>", "exploratory_score_a": "<NA>", "exploratory_score_b": "<NA>", "exploratory_score_c": "<NA>", "rank_a_unfiltered": "<NA>", "rank_b_unfiltered": "<NA>", "rank_c_unfiltered": "<NA>", "pareto_frontier": "<NA>", "eligibility_population_threshold": false, "eligibility_elderly_threshold": false, "primary_eligible": false, "rank": null }, "geometry": { "type": "Polygon", "coordinates": [ [ [ 135.3375, 35.433333333333337 ], [ 135.34375, 35.433333333333337 ], [ 135.34375, 35.4375 ], [ 135.3375, 35.4375 ], [ 135.3375, 35.433333333333337 ] ] ] } },
{ "type": "Feature", "properties": { "mesh_code": "533512273", "centroid_lat": 35.439583333333346, "centroid_lon": 135.340625, "city_area_fraction": 1.0, "centroid_within_city": true, "population": 3, "elderly_population": null, "reported_elderly_population": null, "elderly_ratio": null, "HTKSYORI": "2", "HTKSAKI": "533512271", "GASSAN": null, "disclosure_status": "suppressed_source", "suppression_flag": true, "aggregation_target_flag": false, "aggregation_flag": false, "primary_eligible_disclosure": false, "nearest_station_name": "西舞鶴駅", "nearest_station_distance_m": 945.70872053502899, "nearest_bus_stop_name": "倉谷西", "nearest_bus_stop_distance_m": 623.92838483664377, "nearest_public_transport_type": "bus_stop", "nearest_public_transport_name": "倉谷西", "nearest_public_transport_distance_m": 623.92838483664377, "nearest_medical_name": "市立舞鶴市民病院", "nearest_medical_distance_m": 563.24706230454035, "nearest_hospital_name": "市立舞鶴市民病院", "nearest_hospital_distance_m": 563.24706230454035, "nearest_clinic_name": "京都府中丹東保健所", "nearest_clinic_distance_m": 588.95071777720511, "elderly_population_percentile": "<NA>", "elderly_ratio_percentile": "<NA>", "transport_distance_percentile": "<NA>", "medical_distance_percentile": "<NA>", "exploratory_score_a": "<NA>", "exploratory_score_b": "<NA>", "exploratory_score_c": "<NA>", "rank_a_unfiltered": "<NA>", "rank_b_unfiltered": "<NA>", "rank_c_unfiltered": "<NA>", "pareto_frontier": "<NA>", "eligibility_population_threshold": false, "eligibility_elderly_threshold": false, "primary_eligible": false, "rank": null }, "geometry": { "type": "Polygon", "coordinates": [ [ [ 135.3375, 35.4375 ], [ 135.34375, 35.4375 ], [ 135.34375, 35.441666666666677 ], [ 135.3375, 35.441666666666677 ], [ 135.3375, 35.4375 ] ] ] } },
{ "type": "Feature", "properties": { "mesh_code": "533512274", "centroid_lat": 35.439583333333346, "centroid_lon": 135.346875, "city_area_fraction": 1.0000000000000002, "centroid_within_city": true, "population": 6, "elderly_population": null, "reported_elderly_population": null, "elderly_ratio": null, "HTKSYORI": "2", "HTKSAKI": "533512271", "GASSAN": null, "disclosure_status": "suppressed_source", "suppression_flag": true, "aggregation_target_flag": false, "aggregation_flag": false, "primary_eligible_disclosure": false, "nearest_station_name": "西舞鶴駅", "nearest_station_distance_m": 1501.7412442282994, "nearest_bus_stop_name": "福来西", "nearest_bus_stop_distance_m": 712.34615823027104, "nearest_public_transport_type": "bus_stop", "nearest_public_transport_name": "福来西", "nearest_public_transport_distance_m": 712.34615823027104, "nearest_medical_name": "京都府中丹東保健所", "nearest_medical_distance_m": 867.89872914285786, "nearest_hospital_name": "市立舞鶴市民病院", "nearest_hospital_distance_m": 913.27551585771641, "nearest_clinic_name": "京都府中丹東保健所", "nearest_clinic_distance_m": 867.89872914285786, "elderly_population_percentile": "<NA>", "elderly_ratio_percentile": "<NA>", "transport_distance_percentile": "<NA>", "medical_distance_percentile": "<NA>", "exploratory_score_a": "<NA>", "exploratory_score_b": "<NA>", "exploratory_score_c": "<NA>", "rank_a_unfiltered": "<NA>", "rank_b_unfiltered": "<NA>", "rank_c_unfiltered": "<NA>", "pareto_frontier": "<NA>", "eligibility_population_threshold": false, "eligibility_elderly_threshold": false, "primary_eligible": false, "rank": null }, "geometry": { "type": "Polygon", "coordinates": [ [ [ 135.34375, 35.4375 ], [ 135.35, 35.4375 ], [ 135.35, 35.441666666666677 ], [ 135.34375, 35.441666666666677 ], [ 135.34375, 35.4375 ] ] ] } },
{ "type": "Feature", "properties": { "mesh_code": "533512301", "centroid_lat": 35.44375, "centroid_lon": 135.253125, "city_area_fraction": 1.0000000000000002, "centroid_within_city": true, "population": 8, "elderly_population": null, "reported_elderly_population": null, "elderly_ratio": null, "HTKSYORI": "2", "HTKSAKI": "533512302", "GASSAN": null, "disclosure_status": "suppressed_source", "suppression_flag": true, "aggregation_target_flag": false, "aggregation_flag": false, "primary_eligible_disclosure": false, "nearest_station_name": "四所駅", "nearest_station_distance_m": 3408.4446879252218, "nearest_bus_stop_name": "小津田", "nearest_bus_stop_distance_m": 479.76755503626538, "nearest_public_transport_type": "bus_stop", "nearest_public_transport_name": "小津田", "nearest_public_transport_distance_m": 479.76755503626538, "nearest_medical_name": "市立舞鶴市民病院加佐診療所", "nearest_medical_distance_m": 1400.0874524876842, "nearest_hospital_name": "舞鶴赤十字病院", "nearest_hospital_distance_m": 7630.4300431239481, "nearest_clinic_name": "市立舞鶴市民病院加佐診療所", "nearest_clinic_distance_m": 1400.0874524876842, "elderly_population_percentile": "<NA>", "elderly_ratio_percentile": "<NA>", "transport_distance_percentile": "<NA>", "medical_distance_percentile": "<NA>", "exploratory_score_a": "<NA>", "exploratory_score_b": "<NA>", "exploratory_score_c": "<NA>", "rank_a_unfiltered": "<NA>", "rank_b_unfiltered": "<NA>", "rank_c_unfiltered": "<NA>", "pareto_frontier": "<NA>", "eligibility_population_threshold": false, "eligibility_elderly_threshold": false, "primary_eligible": false, "rank": null }, "geometry": { "type": "Polygon", "coordinates": [ [ [ 135.25, 35.44166666666667 ], [ 135.25625, 35.44166666666667 ], [ 135.25625, 35.44583333333334 ], [ 135.25, 35.44583333333334 ], [ 135.25, 35.44166666666667 ] ] ] } },
{ "type": "Feature", "properties": { "mesh_code": "533512302", "centroid_lat": 35.44375, "centroid_lon": 135.259375, "city_area_fraction": 1.0, "centroid_within_city": true, "population": 18, "elderly_population": null, "reported_elderly_population": 16.0, "elderly_ratio": null, "HTKSYORI": "1", "HTKSAKI": null, "GASSAN": "533512301", "disclosure_status": "aggregation_destination", "suppression_flag": false, "aggregation_target_flag": true, "aggregation_flag": true, "primary_eligible_disclosure": false, "nearest_station_name": "四所駅", "nearest_station_distance_m": 2843.0494450652886, "nearest_bus_stop_name": "小津田", "nearest_bus_stop_distance_m": 203.22150816727691, "nearest_public_transport_type": "bus_stop", "nearest_public_transport_name": "小津田", "nearest_public_transport_distance_m": 203.22150816727691, "nearest_medical_name": "市立舞鶴市民病院加佐診療所", "nearest_medical_distance_m": 1115.364880082738, "nearest_hospital_name": "舞鶴赤十字病院", "nearest_hospital_distance_m": 7063.0737948470378, "nearest_clinic_name": "市立舞鶴市民病院加佐診療所", "nearest_clinic_distance_m": 1115.364880082738, "elderly_population_percentile": "<NA>", "elderly_ratio_percentile": "<NA>", "transport_distance_percentile": "<NA>", "medical_distance_percentile": "<NA>", "exploratory_score_a": "<NA>", "exploratory_score_b": "<NA>", "exploratory_score_c": "<NA>", "rank_a_unfiltered": "<NA>", "rank_b_unfiltered": "<NA>", "rank_c_unfiltered": "<NA>", "pareto_frontier": "<NA>", "eligibility_population_threshold": false, "eligibility_elderly_threshold": false, "primary_eligible": false, "rank": null }, "geometry": { "type": "Polygon", "coordinates": [ [ [ 135.25625, 35.44166666666667 ], [ 135.2625, 35.44166666666667 ], [ 135.2625, 35.44583333333334 ], [ 135.25625, 35.44583333333334 ], [ 135.25625, 35.44166666666667 ] ] ] } },
{ "type": "Feature", "properties": { "mesh_code": "533512304", "centroid_lat": 35.447916666666671, "centroid_lon": 135.259375, "city_area_fraction": 1.0, "centroid_within_city": true, "population": 19, "elderly_population": 15.0, "reported_elderly_population": 15.0, "elderly_ratio": 0.78947368421052633, "HTKSYORI": "0", "HTKSAKI": null, "GASSAN": null, "disclosure_status": "unaffected", "suppression_flag": false, "aggregation_target_flag": false, "aggregation_flag": false, "primary_eligible_disclosure": true, "nearest_station_name": "四所駅", "nearest_station_distance_m": 2837.8275598623322, "nearest_bus_stop_name": "大川", "nearest_bus_stop_distance_m": 190.31705402133781, "nearest_public_transport_type": "bus_stop", "nearest_public_transport_name": "大川", "nearest_public_transport_distance_m": 190.31705402133781, "nearest_medical_name": "市立舞鶴市民病院加佐診療所", "nearest_medical_distance_m": 691.25813250366923, "nearest_hospital_name": "舞鶴赤十字病院", "nearest_hospital_distance_m": 7070.5242668869641, "nearest_clinic_name": "市立舞鶴市民病院加佐診療所", "nearest_clinic_distance_m": 691.25813250366923, "elderly_population_percentile": "0.3339160839160839", "elderly_ratio_percentile": "0.9790209790209791", "transport_distance_percentile": "0.17832167832167833", "medical_distance_percentile": "0.3111888111888112", "exploratory_score_a": "0.05954447650251846", "exploratory_score_b": "0.10391094919066947", "exploratory_score_c": "0.018529574855678823", "rank_a_unfiltered": "234", "rank_b_unfiltered": "206", "rank_c_unfiltered": "236", "pareto_frontier": "False", "eligibility_population_threshold": false, "eligibility_elderly_threshold": true, "primary_eligible": false, "rank": null }, "geometry": { "type": "Polygon", "coordinates": [ [ [ 135.25625, 35.44583333333334 ], [ 135.2625, 35.44583333333334 ], [ 135.2625, 35.45 ], [ 135.25625, 35.45 ], [ 135.25625, 35.44583333333334 ] ] ] } },
{ "type": "Feature", "properties": { "mesh_code": "533512311", "centroid_lat": 35.44375, "centroid_lon": 135.265625, "city_area_fraction": 1.0, "centroid_within_city": true, "population": 82, "elderly_population": 44.0, "reported_elderly_population": 44.0, "elderly_ratio": 0.53658536585365857, "HTKSYORI": "0", "HTKSAKI": null, "GASSAN": null, "disclosure_status": "unaffected", "suppression_flag": false, "aggregation_target_flag": false, "aggregation_flag": false, "primary_eligible_disclosure": true, "nearest_station_name": "四所駅", "nearest_station_distance_m": 2278.6618188056377, "nearest_bus_stop_name": "大川", "nearest_bus_stop_distance_m": 570.18866703491199, "nearest_public_transport_type": "bus_stop", "nearest_public_transport_name": "大川", "nearest_public_transport_distance_m": 570.18866703491199, "nearest_medical_name": "市立舞鶴市民病院加佐診療所", "nearest_medical_distance_m": 1082.454382934751, "nearest_hospital_name": "舞鶴赤十字病院", "nearest_hospital_distance_m": 6495.7301203214683, "nearest_clinic_name": "市立舞鶴市民病院加佐診療所", "nearest_clinic_distance_m": 1082.454382934751, "elderly_population_percentile": "0.6048951048951049", "elderly_ratio_percentile": "0.7832167832167832", "transport_distance_percentile": "0.5594405594405595", "medical_distance_percentile": "0.4755244755244755", "exploratory_score_a": "0.3384028558853734", "exploratory_score_b": "0.28764242750256735", "exploratory_score_c": "0.16091884056087685", "rank_a_unfiltered": "61", "rank_b_unfiltered": "74", "rank_c_unfiltered": "72", "pareto_frontier": "False", "eligibility_population_threshold": true, "eligibility_elderly_threshold": true, "primary_eligible": true, "rank": 66 }, "geometry": { "type": "Polygon", "coordinates": [ [ [ 135.2625, 35.44166666666667 ], [ 135.26875, 35.44166666666667 ], [ 135.26875, 35.44583333333334 ], [ 135.2625, 35.44583333333334 ], [ 135.2625, 35.44166666666667 ] ] ] } },
{ "type": "Feature", "properties": { "mesh_code": "533512313", "centroid_lat": 35.447916666666671, "centroid_lon": 135.265625, "city_area_fraction": 1.0000000000000002, "centroid_within_city": true, "population": 11, "elderly_population": null, "reported_elderly_population": null, "elderly_ratio": null, "HTKSYORI": "2", "HTKSAKI": "533512314", "GASSAN": null, "disclosure_status": "suppressed_source", "suppression_flag": true, "aggregation_target_flag": false, "aggregation_flag": false, "primary_eligible_disclosure": false, "nearest_station_name": "四所駅", "nearest_station_distance_m": 2272.1760087095663, "nearest_bus_stop_name": "大川", "nearest_bus_stop_distance_m": 382.80206136785512, "nearest_public_transport_type": "bus_stop", "nearest_public_transport_name": "大川", "nearest_public_transport_distance_m": 382.80206136785512, "nearest_medical_name": "市立舞鶴市民病院加佐診療所", "nearest_medical_distance_m": 636.79739828715822, "nearest_hospital_name": "舞鶴赤十字病院", "nearest_hospital_distance_m": 6503.8610197521384, "nearest_clinic_name": "市立舞鶴市民病院加佐診療所", "nearest_clinic_distance_m": 636.79739828715822, "elderly_population_percentile": "<NA>", "elderly_ratio_percentile": "<NA>", "transport_distance_percentile": "<NA>", "medical_distance_percentile": "<NA>", "exploratory_score_a": "<NA>", "exploratory_score_b": "<NA>", "exploratory_score_c": "<NA>", "rank_a_unfiltered": "<NA>", "rank_b_unfiltered": "<NA>", "rank_c_unfiltered": "<NA>", "pareto_frontier": "<NA>", "eligibility_population_threshold": false, "eligibility_elderly_threshold": false, "primary_eligible": false, "rank": null }, "geometry": { "type": "Polygon", "coordinates": [ [ [ 135.2625, 35.44583333333334 ], [ 135.26875, 35.44583333333334 ], [ 135.26875, 35.45 ], [ 135.2625, 35.45 ], [ 135.2625, 35.44583333333334 ] ] ] } },
{ "type": "Feature", "properties": { "mesh_code": "533512314", "centroid_lat": 35.447916666666671, "centroid_lon": 135.271875, "city_area_fraction": 1.0, "centroid_within_city": true, "population": 3, "elderly_population": null, "reported_elderly_population": 9.0, "elderly_ratio": null, "HTKSYORI": "1", "HTKSAKI": null, "GASSAN": "533512313", "disclosure_status": "aggregation_destination", "suppression_flag": false, "aggregation_target_flag": true, "aggregation_flag": true, "primary_eligible_disclosure": false, "nearest_station_name": "四所駅", "nearest_station_distance_m": 1707.6890643679394, "nearest_bus_stop_name": "藤津", "nearest_bus_stop_distance_m": 332.20487130941075, "nearest_public_transport_type": "bus_stop", "nearest_public_transport_name": "藤津", "nearest_public_transport_distance_m": 332.20487130941075, "nearest_medical_name": "市立舞鶴市民病院加佐診療所", "nearest_medical_distance_m": 988.44513270237746, "nearest_hospital_name": "舞鶴赤十字病院", "nearest_hospital_distance_m": 5937.3409424446927, "nearest_clinic_name": "市立舞鶴市民病院加佐診療所", "nearest_clinic_distance_m": 988.44513270237746, "elderly_population_percentile": "<NA>", "elderly_ratio_percentile": "<NA>", "transport_distance_percentile": "<NA>", "medical_distance_percentile": "<NA>", "exploratory_score_a": "<NA>", "exploratory_score_b": "<NA>", "exploratory_score_c": "<NA>", "rank_a_unfiltered": "<NA>", "rank_b_unfiltered": "<NA>", "rank_c_unfiltered": "<NA>", "pareto_frontier": "<NA>", "eligibility_population_threshold": false, "eligibility_elderly_threshold": false, "primary_eligible": false, "rank": null }, "geometry": { "type": "Polygon", "coordinates": [ [ [ 135.26875, 35.44583333333334 ], [ 135.275, 35.44583333333334 ], [ 135.275, 35.45 ], [ 135.26875, 35.45 ], [ 135.26875, 35.44583333333334 ] ] ] } },
{ "type": "Feature", "properties": { "mesh_code": "533512323", "centroid_lat": 35.447916666666671, "centroid_lon": 135.278125, "city_area_fraction": 1.0000000000000002, "centroid_within_city": true, "population": 8, "elderly_population": null, "reported_elderly_population": null, "elderly_ratio": null, "HTKSYORI": "2", "HTKSAKI": "533512324", "GASSAN": null, "disclosure_status": "suppressed_source", "suppression_flag": true, "aggregation_target_flag": false, "aggregation_flag": false, "primary_eligible_disclosure": false, "nearest_station_name": "四所駅", "nearest_station_distance_m": 1146.0880576665422, "nearest_bus_stop_name": "ふじつ温泉前", "nearest_bus_stop_distance_m": 183.47455680235393, "nearest_public_transport_type": "bus_stop", "nearest_public_transport_name": "ふじつ温泉前", "nearest_public_transport_distance_m": 183.47455680235393, "nearest_medical_name": "市立舞鶴市民病院加佐診療所", "nearest_medical_distance_m": 1480.6669366176218, "nearest_hospital_name": "舞鶴赤十字病院", "nearest_hospital_distance_m": 5371.0091692102505, "nearest_clinic_name": "市立舞鶴市民病院加佐診療所", "nearest_clinic_distance_m": 1480.6669366176218, "elderly_population_percentile": "<NA>", "elderly_ratio_percentile": "<NA>", "transport_distance_percentile": "<NA>", "medical_distance_percentile": "<NA>", "exploratory_score_a": "<NA>", "exploratory_score_b": "<NA>", "exploratory_score_c": "<NA>", "rank_a_unfiltered": "<NA>", "rank_b_unfiltered": "<NA>", "rank_c_unfiltered": "<NA>", "pareto_frontier": "<NA>", "eligibility_population_threshold": false, "eligibility_elderly_threshold": false, "primary_eligible": false, "rank": null }, "geometry": { "type": "Polygon", "coordinates": [ [ [ 135.275, 35.44583333333334 ], [ 135.28125, 35.44583333333334 ], [ 135.28125, 35.45 ], [ 135.275, 35.45 ], [ 135.275, 35.44583333333334 ] ] ] } },
{ "type": "Feature", "properties": { "mesh_code": "533512324", "centroid_lat": 35.447916666666671, "centroid_lon": 135.284375, "city_area_fraction": 1.0, "centroid_within_city": true, "population": 61, "elderly_population": null, "reported_elderly_population": 27.0, "elderly_ratio": null, "HTKSYORI": "1", "HTKSAKI": null, "GASSAN": "533512323", "disclosure_status": "aggregation_destination", "suppression_flag": false, "aggregation_target_flag": true, "aggregation_flag": true, "primary_eligible_disclosure": false, "nearest_station_name": "四所駅", "nearest_station_distance_m": 595.5919047333258, "nearest_bus_stop_name": "一盃水", "nearest_bus_stop_distance_m": 134.40112427731233, "nearest_public_transport_type": "bus_stop", "nearest_public_transport_name": "一盃水", "nearest_public_transport_distance_m": 134.40112427731233, "nearest_medical_name": "市立舞鶴市民病院加佐診療所", "nearest_medical_distance_m": 2012.8491112178988, "nearest_hospital_name": "舞鶴赤十字病院", "nearest_hospital_distance_m": 4804.9320961372741, "nearest_clinic_name": "市立舞鶴市民病院加佐診療所", "nearest_clinic_distance_m": 2012.8491112178988, "elderly_population_percentile": "<NA>", "elderly_ratio_percentile": "<NA>", "transport_distance_percentile": "<NA>", "medical_distance_percentile": "<NA>", "exploratory_score_a": "<NA>", "exploratory_score_b": "<NA>", "exploratory_score_c": "<NA>", "rank_a_unfiltered": "<NA>", "rank_b_unfiltered": "<NA>", "rank_c_unfiltered": "<NA>", "pareto_frontier": "<NA>", "eligibility_population_threshold": true, "eligibility_elderly_threshold": false, "primary_eligible": false, "rank": null }, "geometry": { "type": "Polygon", "coordinates": [ [ [ 135.28125, 35.44583333333334 ], [ 135.2875, 35.44583333333334 ], [ 135.2875, 35.45 ], [ 135.28125, 35.45 ], [ 135.28125, 35.44583333333334 ] ] ] } },
{ "type": "Feature", "properties": { "mesh_code": "533512331", "centroid_lat": 35.44375, "centroid_lon": 135.290625, "city_area_fraction": 1.0, "centroid_within_city": true, "population": 48, "elderly_population": 15.0, "reported_elderly_population": 15.0, "elderly_ratio": 0.3125, "HTKSYORI": "0", "HTKSAKI": null, "GASSAN": null, "disclosure_status": "unaffected", "suppression_flag": false, "aggregation_target_flag": false, "aggregation_flag": false, "primary_eligible_disclosure": true, "nearest_station_name": "四所駅", "nearest_station_distance_m": 262.84504692420705, "nearest_bus_stop_name": "四所", "nearest_bus_stop_distance_m": 424.77593088843872, "nearest_public_transport_type": "station", "nearest_public_transport_name": "四所駅", "nearest_public_transport_distance_m": 262.84504692420705, "nearest_medical_name": "国土交通省共済組合第八管区 海上保安本部支部診療所", "nearest_medical_distance_m": 2556.3479828136865, "nearest_hospital_name": "舞鶴赤十字病院", "nearest_hospital_distance_m": 4226.5781092246025, "nearest_clinic_name": "国土交通省共済組合第八管区 海上保安本部支部診療所", "nearest_clinic_distance_m": 2556.3479828136865, "elderly_population_percentile": "0.3339160839160839", "elderly_ratio_percentile": "0.2902097902097902", "transport_distance_percentile": "0.27972027972027974", "medical_distance_percentile": "0.7762237762237763", "exploratory_score_a": "0.0934031003961074", "exploratory_score_b": "0.259193603599198", "exploratory_score_c": "0.07250170730047498", "rank_a_unfiltered": "210", "rank_b_unfiltered": "89", "rank_c_unfiltered": "148", "pareto_frontier": "False", "eligibility_population_threshold": true, "eligibility_elderly_threshold": true, "primary_eligible": true, "rank": 127 }, "geometry": { "type": "Polygon", "coordinates": [ [ [ 135.2875, 35.44166666666667 ], [ 135.29375, 35.44166666666667 ], [ 135.29375, 35.44583333333334 ], [ 135.2875, 35.44583333333334 ], [ 135.2875, 35.44166666666667 ] ] ] } },
{ "type": "Feature", "properties": { "mesh_code": "533512332", "centroid_lat": 35.44375, "centroid_lon": 135.296875, "city_area_fraction": 1.0, "centroid_within_city": true, "population": 258, "elderly_population": 89.0, "reported_elderly_population": 89.0, "elderly_ratio": 0.34496124031007752, "HTKSYORI": "0", "HTKSAKI": null, "GASSAN": null, "disclosure_status": "unaffected", "suppression_flag": false, "aggregation_target_flag": false, "aggregation_flag": false, "primary_eligible_disclosure": true, "nearest_station_name": "四所駅", "nearest_station_distance_m": 630.95405799589469, "nearest_bus_stop_name": "上福井", "nearest_bus_stop_distance_m": 204.99631716078486, "nearest_public_transport_type": "bus_stop", "nearest_public_transport_name": "上福井", "nearest_public_transport_distance_m": 204.99631716078486, "nearest_medical_name": "国土交通省共済組合第八管区 海上保安本部支部診療所", "nearest_medical_distance_m": 2022.0015190659756, "nearest_hospital_name": "舞鶴赤十字病院", "nearest_hospital_distance_m": 3659.3963351516686, "nearest_clinic_name": "国土交通省共済組合第八管区 海上保安本部支部診療所", "nearest_clinic_distance_m": 2022.0015190659756, "elderly_population_percentile": "0.7097902097902098", "elderly_ratio_percentile": "0.3951048951048951", "transport_distance_percentile": "0.2097902097902098", "medical_distance_percentile": "0.6993006993006993", "exploratory_score_a": "0.14890703701892513", "exploratory_score_b": "0.49635679006308375", "exploratory_score_c": "0.10413079511812946", "rank_a_unfiltered": "166", "rank_b_unfiltered": "12", "rank_c_unfiltered": "116", "pareto_frontier": "True", "eligibility_population_threshold": true, "eligibility_elderly_threshold": true, "primary_eligible": true, "rank": 100 }, "geometry": { "type": "Polygon", "coordinates": [ [ [ 135.29375, 35.44166666666667 ], [ 135.3, 35.44166666666667 ], [ 135.3, 35.44583333333334 ], [ 135.29375, 35.44583333333334 ], [ 135.29375, 35.44166666666667 ] ] ] } },
{ "type": "Feature", "properties": { "mesh_code": "533512333", "centroid_lat": 35.447916666666671, "centroid_lon": 135.290625, "city_area_fraction": 1.0, "centroid_within_city": true, "population": 25, "elderly_population": 15.0, "reported_elderly_population": 15.0, "elderly_ratio": 0.6, "HTKSYORI": "0", "HTKSAKI": null, "GASSAN": null, "disclosure_status": "unaffected", "suppression_flag": false, "aggregation_target_flag": false, "aggregation_flag": false, "primary_eligible_disclosure": true, "nearest_station_name": "四所駅", "nearest_station_distance_m": 199.58912266529856, "nearest_bus_stop_name": "四所", "nearest_bus_stop_distance_m": 38.756812919052834, "nearest_public_transport_type": "bus_stop", "nearest_public_transport_name": "四所", "nearest_public_transport_distance_m": 38.756812919052834, "nearest_medical_name": "国土交通省共済組合第八管区 海上保安本部支部診療所", "nearest_medical_distance_m": 2458.0409166478476, "nearest_hospital_name": "舞鶴赤十字病院", "nearest_hospital_distance_m": 4239.2115470121598, "nearest_clinic_name": "国土交通省共済組合第八管区 海上保安本部支部診療所", "nearest_clinic_distance_m": 2458.0409166478476, "elderly_population_percentile": "0.3339160839160839", "elderly_ratio_percentile": "0.8688811188811189", "transport_distance_percentile": "0.013986013986013986", "medical_distance_percentile": "0.7622377622377622", "exploratory_score_a": "0.00467015501980537", "exploratory_score_b": "0.25452344857939263", "exploratory_score_c": "0.003559768511599897", "rank_a_unfiltered": "281", "rank_b_unfiltered": "93", "rank_c_unfiltered": "261", "pareto_frontier": "False", "eligibility_population_threshold": true, "eligibility_elderly_threshold": true, "primary_eligible": true, "rank": 205 }, "geometry": { "type": "Polygon", "coordinates": [ [ [ 135.2875, 35.44583333333334 ], [ 135.29375, 35.44583333333334 ], [ 135.29375, 35.45 ], [ 135.2875, 35.45 ], [ 135.2875, 35.44583333333334 ] ] ] } },
{ "type": "Feature", "properties": { "mesh_code": "533512334", "centroid_lat": 35.447916666666671, "centroid_lon": 135.296875, "city_area_fraction": 1.0, "centroid_within_city": true, "population": 92, "elderly_population": 30.0, "reported_elderly_population": 30.0, "elderly_ratio": 0.32608695652173914, "HTKSYORI": "0", "HTKSAKI": null, "GASSAN": null, "disclosure_status": "unaffected", "suppression_flag": false, "aggregation_target_flag": false, "aggregation_flag": false, "primary_eligible_disclosure": true, "nearest_station_name": "四所駅", "nearest_station_distance_m": 607.31737225660618, "nearest_bus_stop_name": "上福井", "nearest_bus_stop_distance_m": 293.64393763642641, "nearest_public_transport_type": "bus_stop", "nearest_public_transport_name": "上福井", "nearest_public_transport_distance_m": 293.64393763642641, "nearest_medical_name": "国土交通省共済組合第八管区 海上保安本部支部診療所", "nearest_medical_distance_m": 1896.2243582860187, "nearest_hospital_name": "舞鶴赤十字病院", "nearest_hospital_distance_m": 3674.0119766134353, "nearest_clinic_name": "国土交通省共済組合第八管区 海上保安本部支部診療所", "nearest_clinic_distance_m": 1896.2243582860187, "elderly_population_percentile": "0.5384615384615384", "elderly_ratio_percentile": "0.3321678321678322", "transport_distance_percentile": "0.32517482517482516", "medical_distance_percentile": "0.6818181818181818", "exploratory_score_a": "0.17509413663259815", "exploratory_score_b": "0.3671328671328671", "exploratory_score_c": "0.11938236588586237", "rank_a_unfiltered": "151", "rank_b_unfiltered": "45", "rank_c_unfiltered": "101", "pareto_frontier": "False", "eligibility_population_threshold": true, "eligibility_elderly_threshold": true, "primary_eligible": true, "rank": 90 }, "geometry": { "type": "Polygon", "coordinates": [ [ [ 135.29375, 35.44583333333334 ], [ 135.3, 35.44583333333334 ], [ 135.3, 35.45 ], [ 135.29375, 35.45 ], [ 135.29375, 35.44583333333334 ] ] ] } },
{ "type": "Feature", "properties": { "mesh_code": "533512343", "centroid_lat": 35.447916666666671, "centroid_lon": 135.303125, "city_area_fraction": 1.0, "centroid_within_city": true, "population": 233, "elderly_population": 85.0, "reported_elderly_population": 85.0, "elderly_ratio": 0.36480686695278969, "HTKSYORI": "0", "HTKSAKI": null, "GASSAN": null, "disclosure_status": "unaffected", "suppression_flag": false, "aggregation_target_flag": false, "aggregation_flag": false, "primary_eligible_disclosure": true, "nearest_station_name": "四所駅", "nearest_station_distance_m": 1158.3279782246557, "nearest_bus_stop_name": "福井小学校口", "nearest_bus_stop_distance_m": 288.79290171976805, "nearest_public_transport_type": "bus_stop", "nearest_public_transport_name": "福井小学校口", "nearest_public_transport_distance_m": 288.79290171976805, "nearest_medical_name": "国土交通省共済組合第八管区 海上保安本部支部診療所", "nearest_medical_distance_m": 1339.1137757869292, "nearest_hospital_name": "舞鶴赤十字病院", "nearest_hospital_distance_m": 3109.6171937067661, "nearest_clinic_name": "国土交通省共済組合第八管区 海上保安本部支部診療所", "nearest_clinic_distance_m": 1339.1137757869292, "elderly_population_percentile": "0.7062937062937062", "elderly_ratio_percentile": "0.45104895104895104", "transport_distance_percentile": "0.3146853146853147", "medical_distance_percentile": "0.5664335664335665", "exploratory_score_a": "0.2222602572252922", "exploratory_score_b": "0.40006846300552595", "exploratory_score_c": "0.1258956701765641", "rank_a_unfiltered": "121", "rank_b_unfiltered": "36", "rank_c_unfiltered": "91", "pareto_frontier": "False", "eligibility_population_threshold": true, "eligibility_elderly_threshold": true, "primary_eligible": true, "rank": 82 }, "geometry": { "type": "Polygon", "coordinates": [ [ [ 135.3, 35.44583333333334 ], [ 135.30625, 35.44583333333334 ], [ 135.30625, 35.45 ], [ 135.3, 35.45 ], [ 135.3, 35.44583333333334 ] ] ] } },
{ "type": "Feature", "properties": { "mesh_code": "533512344", "centroid_lat": 35.447916666666671, "centroid_lon": 135.309375, "city_area_fraction": 0.99999999999999978, "centroid_within_city": true, "population": 421, "elderly_population": 131.0, "reported_elderly_population": 131.0, "elderly_ratio": 0.31116389548693585, "HTKSYORI": "0", "HTKSAKI": null, "GASSAN": null, "disclosure_status": "unaffected", "suppression_flag": false, "aggregation_target_flag": false, "aggregation_flag": false, "primary_eligible_disclosure": true, "nearest_station_name": "四所駅", "nearest_station_distance_m": 1720.0296651729052, "nearest_bus_stop_name": "福井小学校口", "nearest_bus_stop_distance_m": 278.67653362266481, "nearest_public_transport_type": "bus_stop", "nearest_public_transport_name": "福井小学校口", "nearest_public_transport_distance_m": 278.67653362266481, "nearest_medical_name": "国土交通省共済組合第八管区 海上保安本部支部診療所", "nearest_medical_distance_m": 796.64301134112782, "nearest_hospital_name": "舞鶴赤十字病院", "nearest_hospital_distance_m": 2546.5620099407265, "nearest_clinic_name": "国土交通省共済組合第八管区 海上保安本部支部診療所", "nearest_clinic_distance_m": 796.64301134112782, "elderly_population_percentile": "0.791958041958042", "elderly_ratio_percentile": "0.28321678321678323", "transport_distance_percentile": "0.2972027972027972", "medical_distance_percentile": "0.36013986013986016", "exploratory_score_a": "0.2353721453371803", "exploratory_score_b": "0.28521565846740676", "exploratory_score_c": "0.08476689150255094", "rank_a_unfiltered": "113", "rank_b_unfiltered": "75", "rank_c_unfiltered": "137", "pareto_frontier": "False", "eligibility_population_threshold": true, "eligibility_elderly_threshold": true, "primary_eligible": true, "rank": 118 }, "geometry": { "type": "Polygon", "coordinates": [ [ [ 135.30625, 35.44583333333334 ], [ 135.3125, 35.44583333333334 ], [ 135.3125, 35.45 ], [ 135.30625, 35.45 ], [ 135.30625, 35.44583333333334 ] ] ] } },
{ "type": "Feature", "properties": { "mesh_code": "533512352", "centroid_lat": 35.44375, "centroid_lon": 135.321875, "city_area_fraction": 1.0, "centroid_within_city": true, "population": 259, "elderly_population": 77.0, "reported_elderly_population": 77.0, "elderly_ratio": 0.29729729729729731, "HTKSYORI": "0", "HTKSAKI": null, "GASSAN": null, "disclosure_status": "unaffected", "suppression_flag": false, "aggregation_target_flag": false, "aggregation_flag": false, "primary_eligible_disclosure": true, "nearest_station_name": "西舞鶴駅", "nearest_station_distance_m": 818.38109268888684, "nearest_bus_stop_name": "千日前", "nearest_bus_stop_distance_m": 624.09443609218215, "nearest_public_transport_type": "bus_stop", "nearest_public_transport_name": "千日前", "nearest_public_transport_distance_m": 624.09443609218215, "nearest_medical_name": "いいだクリニック", "nearest_medical_distance_m": 497.13780813328901, "nearest_hospital_name": "舞鶴赤十字病院", "nearest_hospital_distance_m": 1392.6336692395405, "nearest_clinic_name": "いいだクリニック", "nearest_clinic_distance_m": 497.13780813328901, "elderly_population_percentile": "0.6713286713286714", "elderly_ratio_percentile": "0.23776223776223776", "transport_distance_percentile": "0.6013986013986014", "medical_distance_percentile": "0.21328671328671328", "exploratory_score_a": "0.4037361240158443", "exploratory_score_b": "0.1431854858428285", "exploratory_score_c": "0.0861115509264563", "rank_a_unfiltered": "40", "rank_b_unfiltered": "171", "rank_c_unfiltered": "135", "pareto_frontier": "False", "eligibility_population_threshold": true, "eligibility_elderly_threshold": true, "primary_eligible": true, "rank": 116 }, "geometry": { "type": "Polygon", "coordinates": [ [ [ 135.31875, 35.44166666666667 ], [ 135.325, 35.44166666666667 ], [ 135.325, 35.44583333333334 ], [ 135.31875, 35.44583333333334 ], [ 135.31875, 35.44166666666667 ] ] ] } },
{ "type": "Feature", "properties": { "mesh_code": "533512353", "centroid_lat": 35.447916666666671, "centroid_lon": 135.315625, "city_area_fraction": 0.99999999999999978, "centroid_within_city": true, "population": 193, "elderly_population": 81.0, "reported_elderly_population": 81.0, "elderly_ratio": 0.41968911917098445, "HTKSYORI": "0", "HTKSAKI": null, "GASSAN": null, "disclosure_status": "unaffected", "suppression_flag": false, "aggregation_target_flag": false, "aggregation_flag": false, "primary_eligible_disclosure": true, "nearest_station_name": "西舞鶴駅", "nearest_station_distance_m": 1518.5965718350146, "nearest_bus_stop_name": "舞鶴港とれとれセンター前", "nearest_bus_stop_distance_m": 215.25422245420427, "nearest_public_transport_type": "bus_stop", "nearest_public_transport_name": "舞鶴港とれとれセンター前", "nearest_public_transport_distance_m": 215.25422245420427, "nearest_medical_name": "国土交通省共済組合第八管区 海上保安本部支部診療所", "nearest_medical_distance_m": 346.27772205016925, "nearest_hospital_name": "舞鶴赤十字病院", "nearest_hospital_distance_m": 1985.9857069385878, "nearest_clinic_name": "国土交通省共済組合第八管区 海上保安本部支部診療所", "nearest_clinic_distance_m": 346.27772205016925, "elderly_population_percentile": "0.6853146853146853", "elderly_ratio_percentile": "0.5524475524475524", "transport_distance_percentile": "0.2202797202797203", "medical_distance_percentile": "0.14685314685314685", "exploratory_score_a": "0.15096092718470341", "exploratory_score_b": "0.1006406181231356", "exploratory_score_c": "0.022169087208942458", "rank_a_unfiltered": "165", "rank_b_unfiltered": "207", "rank_c_unfiltered": "227", "pareto_frontier": "False", "eligibility_population_threshold": true, "eligibility_elderly_threshold": true, "primary_eligible": true, "rank": 177 }, "geometry": { "type": "Polygon", "coordinates": [ [ [ 135.3125, 35.44583333333334 ], [ 135.31875, 35.44583333333334 ], [ 135.31875, 35.45 ], [ 135.3125, 35.45 ], [ 135.3125, 35.44583333333334 ] ] ] } },
{ "type": "Feature", "properties": { "mesh_code": "533512354", "centroid_lat": 35.447916666666671, "centroid_lon": 135.321875, "city_area_fraction": 0.99999999999999978, "centroid_within_city": true, "population": 474, "elderly_population": 180.0, "reported_elderly_population": 180.0, "elderly_ratio": 0.379746835443038, "HTKSYORI": "0", "HTKSAKI": null, "GASSAN": null, "disclosure_status": "unaffected", "suppression_flag": false, "aggregation_target_flag": false, "aggregation_flag": false, "primary_eligible_disclosure": true, "nearest_station_name": "西舞鶴駅", "nearest_station_distance_m": 1044.5938347098272, "nearest_bus_stop_name": "西町", "nearest_bus_stop_distance_m": 341.63578259485473, "nearest_public_transport_type": "bus_stop", "nearest_public_transport_name": "西町", "nearest_public_transport_distance_m": 341.63578259485473, "nearest_medical_name": "いいだクリニック", "nearest_medical_distance_m": 221.69863616936814, "nearest_hospital_name": "舞鶴赤十字病院", "nearest_hospital_distance_m": 1430.8042734838359, "nearest_clinic_name": "いいだクリニック", "nearest_clinic_distance_m": 221.69863616936814, "elderly_population_percentile": "0.8426573426573427", "elderly_ratio_percentile": "0.47202797202797203", "transport_distance_percentile": "0.3776223776223776", "medical_distance_percentile": "0.0979020979020979", "exploratory_score_a": "0.31820626925522033", "exploratory_score_b": "0.08249792165876083", "exploratory_score_c": "0.031153061325685908", "rank_a_unfiltered": "72", "rank_b_unfiltered": "220", "rank_c_unfiltered": "207", "pareto_frontier": "False", "eligibility_population_threshold": true, "eligibility_elderly_threshold": true, "primary_eligible": true, "rank": 166 }, "geometry": { "type": "Polygon", "coordinates": [ [ [ 135.31875, 35.44583333333334 ], [ 135.325, 35.44583333333334 ], [ 135.325, 35.45 ], [ 135.31875, 35.45 ], [ 135.31875, 35.44583333333334 ] ] ] } },
{ "type": "Feature", "properties": { "mesh_code": "533512361", "centroid_lat": 35.44375, "centroid_lon": 135.328125, "city_area_fraction": 0.99999999999999978, "centroid_within_city": true, "population": 1223, "elderly_population": 429.0, "reported_elderly_population": 429.0, "elderly_ratio": 0.35077677841373672, "HTKSYORI": "0", "HTKSAKI": null, "GASSAN": null, "disclosure_status": "unaffected", "suppression_flag": false, "aggregation_target_flag": false, "aggregation_flag": false, "primary_eligible_disclosure": true, "nearest_station_name": "西舞鶴駅", "nearest_station_distance_m": 314.13667236801246, "nearest_bus_stop_name": "千日前", "nearest_bus_stop_distance_m": 163.80467894627742, "nearest_public_transport_type": "bus_stop", "nearest_public_transport_name": "千日前", "nearest_public_transport_distance_m": 163.80467894627742, "nearest_medical_name": "医療法人鶴洋会河﨑内科医院", "nearest_medical_distance_m": 20.096788040205681, "nearest_hospital_name": "舞鶴赤十字病院", "nearest_hospital_distance_m": 828.44703431055905, "nearest_clinic_name": "医療法人鶴洋会河﨑内科医院", "nearest_clinic_distance_m": 20.096788040205681, "elderly_population_percentile": "0.9965034965034965", "elderly_ratio_percentile": "0.4160839160839161", "transport_distance_percentile": "0.14335664335664336", "medical_distance_percentile": "0.0034965034965034965", "exploratory_score_a": "0.14285539635189984", "exploratory_score_b": "0.003484277959802435", "exploratory_score_c": "0.0004994943928388106", "rank_a_unfiltered": "170", "rank_b_unfiltered": "284", "rank_c_unfiltered": "282", "pareto_frontier": "True", "eligibility_population_threshold": true, "eligibility_elderly_threshold": true, "primary_eligible": true, "rank": 215 }, "geometry": { "type": "Polygon", "coordinates": [ [ [ 135.325, 35.44166666666667 ], [ 135.33125, 35.44166666666667 ], [ 135.33125, 35.44583333333334 ], [ 135.325, 35.44583333333334 ], [ 135.325, 35.44166666666667 ] ] ] } },
{ "type": "Feature", "properties": { "mesh_code": "533512362", "centroid_lat": 35.44375, "centroid_lon": 135.334375, "city_area_fraction": 0.99999999999999978, "centroid_within_city": true, "population": 1074, "elderly_population": 320.0, "reported_elderly_population": 320.0, "elderly_ratio": 0.297951582867784, "HTKSYORI": "0", "HTKSAKI": null, "GASSAN": null, "disclosure_status": "unaffected", "suppression_flag": false, "aggregation_target_flag": false, "aggregation_flag": false, "primary_eligible_disclosure": true, "nearest_station_name": "西舞鶴駅", "nearest_station_distance_m": 414.21032320177375, "nearest_bus_stop_name": "東田辺", "nearest_bus_stop_distance_m": 147.8574957551451, "nearest_public_transport_type": "bus_stop", "nearest_public_transport_name": "東田辺", "nearest_public_transport_distance_m": 147.8574957551451, "nearest_medical_name": "医療法人虹樹会 おおえ乳腺クリニック", "nearest_medical_distance_m": 94.642096027784589, "nearest_hospital_name": "舞鶴赤十字病院", "nearest_hospital_distance_m": 277.76028286943534, "nearest_clinic_name": "医療法人虹樹会 おおえ乳腺クリニック", "nearest_clinic_distance_m": 94.642096027784589, "elderly_population_percentile": "0.9440559440559441", "elderly_ratio_percentile": "0.24825174825174826", "transport_distance_percentile": "0.11888111888111888", "medical_distance_percentile": "0.02097902097902098", "exploratory_score_a": "0.1122304269157416", "exploratory_score_b": "0.019805369455719108", "exploratory_score_c": "0.002354484480749824", "rank_a_unfiltered": "194", "rank_b_unfiltered": "269", "rank_c_unfiltered": "270", "pareto_frontier": "False", "eligibility_population_threshold": true, "eligibility_elderly_threshold": true, "primary_eligible": true, "rank": 211 }, "geometry": { "type": "Polygon", "coordinates": [ [ [ 135.33125, 35.44166666666667 ], [ 135.3375, 35.44166666666667 ], [ 135.3375, 35.44583333333334 ], [ 135.33125, 35.44583333333334 ], [ 135.33125, 35.44166666666667 ] ] ] } },
{ "type": "Feature", "properties": { "mesh_code": "533512363", "centroid_lat": 35.447916666666671, "centroid_lon": 135.328125, "city_area_fraction": 1.0, "centroid_within_city": true, "population": 895, "elderly_population": 334.0, "reported_elderly_population": 334.0, "elderly_ratio": 0.37318435754189944, "HTKSYORI": "0", "HTKSAKI": null, "GASSAN": null, "disclosure_status": "unaffected", "suppression_flag": false, "aggregation_target_flag": false, "aggregation_flag": false, "primary_eligible_disclosure": true, "nearest_station_name": "西舞鶴駅", "nearest_station_distance_m": 721.20703551738563, "nearest_bus_stop_name": "本町", "nearest_bus_stop_distance_m": 62.733424826808282, "nearest_public_transport_type": "bus_stop", "nearest_public_transport_name": "本町", "nearest_public_transport_distance_m": 62.733424826808282, "nearest_medical_name": "医療法人たなか内科クリニック", "nearest_medical_distance_m": 176.10618183703781, "nearest_hospital_name": "舞鶴赤十字病院", "nearest_hospital_distance_m": 891.1572899389696, "nearest_clinic_name": "医療法人たなか内科クリニック", "nearest_clinic_distance_m": 176.10618183703781, "elderly_population_percentile": "0.9615384615384616", "elderly_ratio_percentile": "0.46153846153846156", "transport_distance_percentile": "0.027972027972027972", "medical_distance_percentile": "0.07342657342657342", "exploratory_score_a": "0.02689618074233459", "exploratory_score_b": "0.0706024744486283", "exploratory_score_c": "0.001974894390171421", "rank_a_unfiltered": "263", "rank_b_unfiltered": "233", "rank_c_unfiltered": "273", "pareto_frontier": "False", "eligibility_population_threshold": true, "eligibility_elderly_threshold": true, "primary_eligible": true, "rank": 212 }, "geometry": { "type": "Polygon", "coordinates": [ [ [ 135.325, 35.44583333333334 ], [ 135.33125, 35.44583333333334 ], [ 135.33125, 35.45 ], [ 135.325, 35.45 ], [ 135.325, 35.44583333333334 ] ] ] } },
{ "type": "Feature", "properties": { "mesh_code": "533512364", "centroid_lat": 35.447916666666671, "centroid_lon": 135.334375, "city_area_fraction": 1.0000000000000002, "centroid_within_city": true, "population": 701, "elderly_population": 206.0, "reported_elderly_population": 206.0, "elderly_ratio": 0.29386590584878747, "HTKSYORI": "0", "HTKSAKI": null, "GASSAN": null, "disclosure_status": "unaffected", "suppression_flag": false, "aggregation_target_flag": false, "aggregation_flag": false, "primary_eligible_disclosure": true, "nearest_station_name": "西舞鶴駅", "nearest_station_distance_m": 770.0803961454227, "nearest_bus_stop_name": "東田辺", "nearest_bus_stop_distance_m": 325.32547618121328, "nearest_public_transport_type": "bus_stop", "nearest_public_transport_name": "東田辺", "nearest_public_transport_distance_m": 325.32547618121328, "nearest_medical_name": "医療法人社団鳥井医院", "nearest_medical_distance_m": 323.06385966569076, "nearest_hospital_name": "舞鶴赤十字病院", "nearest_hospital_distance_m": 430.13824241851995, "nearest_clinic_name": "医療法人社団鳥井医院", "nearest_clinic_distance_m": 323.06385966569076, "elderly_population_percentile": "0.8636363636363636", "elderly_ratio_percentile": "0.2202797202797203", "transport_distance_percentile": "0.3531468531468531", "medical_distance_percentile": "0.13986013986013987", "exploratory_score_a": "0.30499046408137315", "exploratory_score_b": "0.12078830260648443", "exploratory_score_c": "0.04265600896242981", "rank_a_unfiltered": "81", "rank_b_unfiltered": "188", "rank_c_unfiltered": "188", "pareto_frontier": "False", "eligibility_population_threshold": true, "eligibility_elderly_threshold": true, "primary_eligible": true, "rank": 151 }, "geometry": { "type": "Polygon", "coordinates": [ [ [ 135.33125, 35.44583333333334 ], [ 135.3375, 35.44583333333334 ], [ 135.3375, 35.45 ], [ 135.33125, 35.45 ], [ 135.33125, 35.44583333333334 ] ] ] } },
{ "type": "Feature", "properties": { "mesh_code": "533512371", "centroid_lat": 35.44375, "centroid_lon": 135.340625, "city_area_fraction": 1.0, "centroid_within_city": true, "population": 561, "elderly_population": 256.0, "reported_elderly_population": 256.0, "elderly_ratio": 0.45632798573975042, "HTKSYORI": "0", "HTKSAKI": null, "GASSAN": null, "disclosure_status": "unaffected", "suppression_flag": false, "aggregation_target_flag": false, "aggregation_flag": false, "primary_eligible_disclosure": true, "nearest_station_name": "西舞鶴駅", "nearest_station_distance_m": 942.55556976904109, "nearest_bus_stop_name": "倉谷西", "nearest_bus_stop_distance_m": 170.096794129985, "nearest_public_transport_type": "bus_stop", "nearest_public_transport_name": "倉谷西", "nearest_public_transport_distance_m": 170.096794129985, "nearest_medical_name": "京都府中丹東保健所", "nearest_medical_distance_m": 142.86127321770732, "nearest_hospital_name": "市立舞鶴市民病院", "nearest_hospital_distance_m": 187.02496797523719, "nearest_clinic_name": "京都府中丹東保健所", "nearest_clinic_distance_m": 142.86127321770732, "elderly_population_percentile": "0.9090909090909091", "elderly_ratio_percentile": "0.6363636363636364", "transport_distance_percentile": "0.15384615384615385", "medical_distance_percentile": "0.055944055944055944", "exploratory_score_a": "0.13986013986013987", "exploratory_score_b": "0.05085823267641449", "exploratory_score_c": "0.007824343488679154", "rank_a_unfiltered": "172", "rank_b_unfiltered": "247", "rank_c_unfiltered": "250", "pareto_frontier": "False", "eligibility_population_threshold": true, "eligibility_elderly_threshold": true, "primary_eligible": true, "rank": 195 }, "geometry": { "type": "Polygon", "coordinates": [ [ [ 135.3375, 35.44166666666667 ], [ 135.34375, 35.44166666666667 ], [ 135.34375, 35.44583333333334 ], [ 135.3375, 35.44583333333334 ], [ 135.3375, 35.44166666666667 ] ] ] } },
{ "type": "Feature", "properties": { "mesh_code": "533512372", "centroid_lat": 35.44375, "centroid_lon": 135.346875, "city_area_fraction": 1.0000000000000002, "centroid_within_city": true, "population": 603, "elderly_population": 127.0, "reported_elderly_population": 127.0, "elderly_ratio": 0.21061359867330018, "HTKSYORI": "0", "HTKSAKI": null, "GASSAN": null, "disclosure_status": "unaffected", "suppression_flag": false, "aggregation_target_flag": false, "aggregation_flag": false, "primary_eligible_disclosure": true, "nearest_station_name": "西舞鶴駅", "nearest_station_distance_m": 1499.7341957925405, "nearest_bus_stop_name": "福来西", "nearest_bus_stop_distance_m": 262.70817762724471, "nearest_public_transport_type": "bus_stop", "nearest_public_transport_name": "福来西", "nearest_public_transport_distance_m": 262.70817762724471, "nearest_medical_name": "京都府中丹東保健所", "nearest_medical_distance_m": 653.27936525165774, "nearest_hospital_name": "市立舞鶴市民病院", "nearest_hospital_distance_m": 742.81683799170628, "nearest_clinic_name": "京都府中丹東保健所", "nearest_clinic_distance_m": 653.27936525165774, "elderly_population_percentile": "0.7762237762237763", "elderly_ratio_percentile": "0.0944055944055944", "transport_distance_percentile": "0.2762237762237762", "medical_distance_percentile": "0.2902097902097902", "exploratory_score_a": "0.2144114626632109", "exploratory_score_b": "0.22526773925375324", "exploratory_score_c": "0.0622243055980647", "rank_a_unfiltered": "125", "rank_b_unfiltered": "116", "rank_c_unfiltered": "158", "pareto_frontier": "False", "eligibility_population_threshold": true, "eligibility_elderly_threshold": true, "primary_eligible": true, "rank": 133 }, "geometry": { "type": "Polygon", "coordinates": [ [ [ 135.34375, 35.44166666666667 ], [ 135.35, 35.44166666666667 ], [ 135.35, 35.44583333333334 ], [ 135.34375, 35.44583333333334 ], [ 135.34375, 35.44166666666667 ] ] ] } },
{ "type": "Feature", "properties": { "mesh_code": "533512373", "centroid_lat": 35.447916666666671, "centroid_lon": 135.340625, "city_area_fraction": 1.0, "centroid_within_city": true, "population": 1059, "elderly_population": 329.0, "reported_elderly_population": 329.0, "elderly_ratio": 0.31067044381491976, "HTKSYORI": "0", "HTKSAKI": null, "GASSAN": null, "disclosure_status": "unaffected", "suppression_flag": false, "aggregation_target_flag": false, "aggregation_flag": false, "primary_eligible_disclosure": true, "nearest_station_name": "西舞鶴駅", "nearest_station_distance_m": 1144.476878558464, "nearest_bus_stop_name": "倉谷西", "nearest_bus_stop_distance_m": 309.7559248791224, "nearest_public_transport_type": "bus_stop", "nearest_public_transport_name": "倉谷西", "nearest_public_transport_distance_m": 309.7559248791224, "nearest_medical_name": "医療法人社団ながうちこころのクリニック", "nearest_medical_distance_m": 206.12923173719253, "nearest_hospital_name": "市立舞鶴市民病院", "nearest_hospital_distance_m": 424.35724447193093, "nearest_clinic_name": "医療法人社団ながうちこころのクリニック", "nearest_clinic_distance_m": 206.12923173719253, "elderly_population_percentile": "0.9493006993006993", "elderly_ratio_percentile": "0.27972027972027974", "transport_distance_percentile": "0.3321678321678322", "medical_distance_percentile": "0.08391608391608392", "exploratory_score_a": "0.3153271553621204", "exploratory_score_b": "0.07966159714411462", "exploratory_score_c": "0.02646102003038773", "rank_a_unfiltered": "75", "rank_b_unfiltered": "221", "rank_c_unfiltered": "218", "pareto_frontier": "False", "eligibility_population_threshold": true, "eligibility_elderly_threshold": true, "primary_eligible": true, "rank": 170 }, "geometry": { "type": "Polygon", "coordinates": [ [ [ 135.3375, 35.44583333333334 ], [ 135.34375, 35.44583333333334 ], [ 135.34375, 35.45 ], [ 135.3375, 35.45 ], [ 135.3375, 35.44583333333334 ] ] ] } },
{ "type": "Feature", "properties": { "mesh_code": "533512374", "centroid_lat": 35.447916666666671, "centroid_lon": 135.346875, "city_area_fraction": 1.0, "centroid_within_city": true, "population": 740, "elderly_population": 237.0, "reported_elderly_population": 237.0, "elderly_ratio": 0.32027027027027027, "HTKSYORI": "0", "HTKSAKI": null, "GASSAN": null, "disclosure_status": "unaffected", "suppression_flag": false, "aggregation_target_flag": false, "aggregation_flag": false, "primary_eligible_disclosure": true, "nearest_station_name": "西舞鶴駅", "nearest_station_distance_m": 1634.1812915716803, "nearest_bus_stop_name": "福来西", "nearest_bus_stop_distance_m": 240.75460785975258, "nearest_public_transport_type": "bus_stop", "nearest_public_transport_name": "福来西", "nearest_public_transport_distance_m": 240.75460785975258, "nearest_medical_name": "公益社団法人京都保健会まいづる協立診療所", "nearest_medical_distance_m": 468.40864406304507, "nearest_hospital_name": "市立舞鶴市民病院", "nearest_hospital_distance_m": 834.77591595234617, "nearest_clinic_name": "公益社団法人京都保健会まいづる協立診療所", "nearest_clinic_distance_m": 468.40864406304507, "elderly_population_percentile": "0.9020979020979021", "elderly_ratio_percentile": "0.32167832167832167", "transport_distance_percentile": "0.2517482517482518", "medical_distance_percentile": "0.1888111888111888", "exploratory_score_a": "0.22710156975891244", "exploratory_score_b": "0.1703261773191843", "exploratory_score_c": "0.042879317367067384", "rank_a_unfiltered": "116", "rank_b_unfiltered": "143", "rank_c_unfiltered": "187", "pareto_frontier": "False", "eligibility_population_threshold": true, "eligibility_elderly_threshold": true, "primary_eligible": true, "rank": 150 }, "geometry": { "type": "Polygon", "coordinates": [ [ [ 135.34375, 35.44583333333334 ], [ 135.35, 35.44583333333334 ], [ 135.35, 35.45 ], [ 135.34375, 35.45 ], [ 135.34375, 35.44583333333334 ] ] ] } },
{ "type": "Feature", "properties": { "mesh_code": "533512381", "centroid_lat": 35.44375, "centroid_lon": 135.353125, "city_area_fraction": 1.0, "centroid_within_city": true, "population": 262, "elderly_population": 78.0, "reported_elderly_population": 78.0, "elderly_ratio": 0.29770992366412213, "HTKSYORI": "0", "HTKSAKI": null, "GASSAN": null, "disclosure_status": "unaffected", "suppression_flag": false, "aggregation_target_flag": false, "aggregation_flag": false, "primary_eligible_disclosure": true, "nearest_station_name": "西舞鶴駅", "nearest_station_distance_m": 2062.5090438069783, "nearest_bus_stop_name": "福来東", "nearest_bus_stop_distance_m": 510.15636743177885, "nearest_public_transport_type": "bus_stop", "nearest_public_transport_name": "福来東", "nearest_public_transport_distance_m": 510.15636743177885, "nearest_medical_name": "白鳥産婦人科", "nearest_medical_distance_m": 933.30613336661611, "nearest_hospital_name": "市立舞鶴市民病院", "nearest_hospital_distance_m": 1308.6267071079465, "nearest_clinic_name": "白鳥産婦人科", "nearest_clinic_distance_m": 933.30613336661611, "elderly_population_percentile": "0.6783216783216783", "elderly_ratio_percentile": "0.24125874125874125", "transport_distance_percentile": "0.4965034965034965", "medical_distance_percentile": "0.43356643356643354", "exploratory_score_a": "0.3367890850408333", "exploratory_score_b": "0.29409751088072766", "exploratory_score_c": "0.1460204424652564", "rank_a_unfiltered": "62", "rank_b_unfiltered": "72", "rank_c_unfiltered": "81", "pareto_frontier": "False", "eligibility_population_threshold": true, "eligibility_elderly_threshold": true, "primary_eligible": true, "rank": 73 }, "geometry": { "type": "Polygon", "coordinates": [ [ [ 135.35, 35.44166666666667 ], [ 135.35625, 35.44166666666667 ], [ 135.35625, 35.44583333333334 ], [ 135.35, 35.44583333333334 ], [ 135.35, 35.44166666666667 ] ] ] } },
{ "type": "Feature", "properties": { "mesh_code": "533512383", "centroid_lat": 35.447916666666671, "centroid_lon": 135.353125, "city_area_fraction": 1.0, "centroid_within_city": true, "population": 386, "elderly_population": 98.0, "reported_elderly_population": 98.0, "elderly_ratio": 0.25388601036269431, "HTKSYORI": "0", "HTKSAKI": null, "GASSAN": null, "disclosure_status": "unaffected", "suppression_flag": false, "aggregation_target_flag": false, "aggregation_flag": false, "primary_eligible_disclosure": true, "nearest_station_name": "西舞鶴駅", "nearest_station_distance_m": 2162.2177775161558, "nearest_bus_stop_name": "福来東", "nearest_bus_stop_distance_m": 207.85693497164772, "nearest_public_transport_type": "bus_stop", "nearest_public_transport_name": "福来東", "nearest_public_transport_distance_m": 207.85693497164772, "nearest_medical_name": "白鳥産婦人科", "nearest_medical_distance_m": 496.79992595009793, "nearest_hospital_name": "市立舞鶴市民病院", "nearest_hospital_distance_m": 1362.9078798006374, "nearest_clinic_name": "白鳥産婦人科", "nearest_clinic_distance_m": 496.79992595009793, "elderly_population_percentile": "0.7237762237762237", "elderly_ratio_percentile": "0.15384615384615385", "transport_distance_percentile": "0.21678321678321677", "medical_distance_percentile": "0.2097902097902098", "exploratory_score_a": "0.15690253802141912", "exploratory_score_b": "0.1518411658271798", "exploratory_score_c": "0.03291661636812988", "rank_a_unfiltered": "164", "rank_b_unfiltered": "161", "rank_c_unfiltered": "205", "pareto_frontier": "False", "eligibility_population_threshold": true, "eligibility_elderly_threshold": true, "primary_eligible": true, "rank": 164 }, "geometry": { "type": "Polygon", "coordinates": [ [ [ 135.35, 35.44583333333334 ], [ 135.35625, 35.44583333333334 ], [ 135.35625, 35.45 ], [ 135.35, 35.45 ], [ 135.35, 35.44583333333334 ] ] ] } },
{ "type": "Feature", "properties": { "mesh_code": "533512384", "centroid_lat": 35.447916666666671, "centroid_lon": 135.359375, "city_area_fraction": 1.0000000000000002, "centroid_within_city": true, "population": 22, "elderly_population": 15.0, "reported_elderly_population": 15.0, "elderly_ratio": 0.68181818181818177, "HTKSYORI": "0", "HTKSAKI": null, "GASSAN": null, "disclosure_status": "unaffected", "suppression_flag": false, "aggregation_target_flag": false, "aggregation_flag": false, "primary_eligible_disclosure": true, "nearest_station_name": "西舞鶴駅", "nearest_station_distance_m": 2706.2404569662804, "nearest_bus_stop_name": "昭和台", "nearest_bus_stop_distance_m": 532.84459376590769, "nearest_public_transport_type": "bus_stop", "nearest_public_transport_name": "昭和台", "nearest_public_transport_distance_m": 532.84459376590769, "nearest_medical_name": "特別養護老人ホーム真愛の家寿荘医務室", "nearest_medical_distance_m": 491.6798802331391, "nearest_hospital_name": "市立舞鶴市民病院", "nearest_hospital_distance_m": 1913.6558360607139, "nearest_clinic_name": "特別養護老人ホーム真愛の家寿荘医務室", "nearest_clinic_distance_m": 491.6798802331391, "elderly_population_percentile": "0.3339160839160839", "elderly_ratio_percentile": "0.9370629370629371", "transport_distance_percentile": "0.513986013986014", "medical_distance_percentile": "0.20279720279720279", "exploratory_score_a": "0.1716281969778473", "exploratory_score_b": "0.06771724778717784", "exploratory_score_c": "0.03480571826823477", "rank_a_unfiltered": "155", "rank_b_unfiltered": "235", "rank_c_unfiltered": "202", "pareto_frontier": "False", "eligibility_population_threshold": true, "eligibility_elderly_threshold": true, "primary_eligible": true, "rank": 162 }, "geometry": { "type": "Polygon", "coordinates": [ [ [ 135.35625, 35.44583333333334 ], [ 135.3625, 35.44583333333334 ], [ 135.3625, 35.45 ], [ 135.35625, 35.45 ], [ 135.35625, 35.44583333333334 ] ] ] } },
{ "type": "Feature", "properties": { "mesh_code": "533512393", "centroid_lat": 35.447916666666671, "centroid_lon": 135.365625, "city_area_fraction": 1.0000000000000002, "centroid_within_city": true, "population": 38, "elderly_population": 24.0, "reported_elderly_population": 24.0, "elderly_ratio": 0.63157894736842102, "HTKSYORI": "0", "HTKSAKI": null, "GASSAN": null, "disclosure_status": "unaffected", "suppression_flag": false, "aggregation_target_flag": false, "aggregation_flag": false, "primary_eligible_disclosure": true, "nearest_station_name": "西舞鶴駅", "nearest_station_distance_m": 3258.2513724949486, "nearest_bus_stop_name": "清道", "nearest_bus_stop_distance_m": 851.23608422471307, "nearest_public_transport_type": "bus_stop", "nearest_public_transport_name": "清道", "nearest_public_transport_distance_m": 851.23608422471307, "nearest_medical_name": "特別養護老人ホーム真愛の家寿荘医務室", "nearest_medical_distance_m": 920.46049699363437, "nearest_hospital_name": "市立舞鶴市民病院", "nearest_hospital_distance_m": 2471.948941405898, "nearest_clinic_name": "特別養護老人ホーム真愛の家寿荘医務室", "nearest_clinic_distance_m": 920.46049699363437, "elderly_population_percentile": "0.46503496503496505", "elderly_ratio_percentile": "0.9090909090909091", "transport_distance_percentile": "0.6818181818181818", "medical_distance_percentile": "0.42657342657342656", "exploratory_score_a": "0.3170692943420216", "exploratory_score_b": "0.19837155851141866", "exploratory_score_c": "0.13525333534869452", "rank_a_unfiltered": "73", "rank_b_unfiltered": "130", "rank_c_unfiltered": "87", "pareto_frontier": "False", "eligibility_population_threshold": true, "eligibility_elderly_threshold": true, "primary_eligible": true, "rank": 79 }, "geometry": { "type": "Polygon", "coordinates": [ [ [ 135.3625, 35.44583333333334 ], [ 135.36875, 35.44583333333334 ], [ 135.36875, 35.45 ], [ 135.3625, 35.45 ], [ 135.3625, 35.44583333333334 ] ] ] } },
{ "type": "Feature", "properties": { "mesh_code": "533512402", "centroid_lat": 35.452083333333334, "centroid_lon": 135.259375, "city_area_fraction": 1.0, "centroid_within_city": true, "population": 2, "elderly_population": null, "reported_elderly_population": null, "elderly_ratio": null, "HTKSYORI": "2", "HTKSAKI": "533512502", "GASSAN": null, "disclosure_status": "suppressed_source", "suppression_flag": true, "aggregation_target_flag": false, "aggregation_flag": false, "primary_eligible_disclosure": false, "nearest_station_name": "四所駅", "nearest_station_distance_m": 2907.0566796062353, "nearest_bus_stop_name": "八田・由良川学園前", "nearest_bus_stop_distance_m": 512.78326898203068, "nearest_public_transport_type": "bus_stop", "nearest_public_transport_name": "八田・由良川学園前", "nearest_public_transport_distance_m": 512.78326898203068, "nearest_medical_name": "市立舞鶴市民病院加佐診療所", "nearest_medical_distance_m": 372.84878359108262, "nearest_hospital_name": "舞鶴赤十字病院", "nearest_hospital_distance_m": 7108.093320234495, "nearest_clinic_name": "市立舞鶴市民病院加佐診療所", "nearest_clinic_distance_m": 372.84878359108262, "elderly_population_percentile": "<NA>", "elderly_ratio_percentile": "<NA>", "transport_distance_percentile": "<NA>", "medical_distance_percentile": "<NA>", "exploratory_score_a": "<NA>", "exploratory_score_b": "<NA>", "exploratory_score_c": "<NA>", "rank_a_unfiltered": "<NA>", "rank_b_unfiltered": "<NA>", "rank_c_unfiltered": "<NA>", "pareto_frontier": "<NA>", "eligibility_population_threshold": false, "eligibility_elderly_threshold": false, "primary_eligible": false, "rank": null }, "geometry": { "type": "Polygon", "coordinates": [ [ [ 135.25625, 35.45 ], [ 135.2625, 35.45 ], [ 135.2625, 35.454166666666673 ], [ 135.25625, 35.454166666666673 ], [ 135.25625, 35.45 ] ] ] } },
{ "type": "Feature", "properties": { "mesh_code": "533512403", "centroid_lat": 35.45625, "centroid_lon": 135.253125, "city_area_fraction": 1.0000000000000002, "centroid_within_city": true, "population": 2, "elderly_population": null, "reported_elderly_population": null, "elderly_ratio": null, "HTKSYORI": "2", "HTKSAKI": "533512502", "GASSAN": null, "disclosure_status": "suppressed_source", "suppression_flag": true, "aggregation_target_flag": false, "aggregation_flag": false, "primary_eligible_disclosure": false, "nearest_station_name": "東雲駅", "nearest_station_distance_m": 3560.7277566031121, "nearest_bus_stop_name": "八田・由良川学園前", "nearest_bus_stop_distance_m": 1166.2473883707801, "nearest_public_transport_type": "bus_stop", "nearest_public_transport_name": "八田・由良川学園前", "nearest_public_transport_distance_m": 1166.2473883707801, "nearest_medical_name": "市立舞鶴市民病院加佐診療所", "nearest_medical_distance_m": 971.42640844517643, "nearest_hospital_name": "舞鶴赤十字病院", "nearest_hospital_distance_m": 7734.3524341326774, "nearest_clinic_name": "市立舞鶴市民病院加佐診療所", "nearest_clinic_distance_m": 971.42640844517643, "elderly_population_percentile": "<NA>", "elderly_ratio_percentile": "<NA>", "transport_distance_percentile": "<NA>", "medical_distance_percentile": "<NA>", "exploratory_score_a": "<NA>", "exploratory_score_b": "<NA>", "exploratory_score_c": "<NA>", "rank_a_unfiltered": "<NA>", "rank_b_unfiltered": "<NA>", "rank_c_unfiltered": "<NA>", "pareto_frontier": "<NA>", "eligibility_population_threshold": false, "eligibility_elderly_threshold": false, "primary_eligible": false, "rank": null }, "geometry": { "type": "Polygon", "coordinates": [ [ [ 135.25, 35.454166666666673 ], [ 135.25625, 35.454166666666673 ], [ 135.25625, 35.458333333333343 ], [ 135.25, 35.458333333333343 ], [ 135.25, 35.454166666666673 ] ] ] } },
{ "type": "Feature", "properties": { "mesh_code": "533512411", "centroid_lat": 35.452083333333334, "centroid_lon": 135.265625, "city_area_fraction": 1.0000000000000002, "centroid_within_city": true, "population": 6, "elderly_population": null, "reported_elderly_population": null, "elderly_ratio": null, "HTKSYORI": "2", "HTKSAKI": "533512413", "GASSAN": null, "disclosure_status": "suppressed_source", "suppression_flag": true, "aggregation_target_flag": false, "aggregation_flag": false, "primary_eligible_disclosure": false, "nearest_station_name": "四所駅", "nearest_station_distance_m": 2358.1021450427265, "nearest_bus_stop_name": "八田・由良川学園前", "nearest_bus_stop_distance_m": 59.020591570789954, "nearest_public_transport_type": "bus_stop", "nearest_public_transport_name": "八田・由良川学園前", "nearest_public_transport_distance_m": 59.020591570789954, "nearest_medical_name": "市立舞鶴市民病院加佐診療所", "nearest_medical_distance_m": 258.2506180495684, "nearest_hospital_name": "舞鶴赤十字病院", "nearest_hospital_distance_m": 6544.7140072421016, "nearest_clinic_name": "市立舞鶴市民病院加佐診療所", "nearest_clinic_distance_m": 258.2506180495684, "elderly_population_percentile": "<NA>", "elderly_ratio_percentile": "<NA>", "transport_distance_percentile": "<NA>", "medical_distance_percentile": "<NA>", "exploratory_score_a": "<NA>", "exploratory_score_b": "<NA>", "exploratory_score_c": "<NA>", "rank_a_unfiltered": "<NA>", "rank_b_unfiltered": "<NA>", "rank_c_unfiltered": "<NA>", "pareto_frontier": "<NA>", "eligibility_population_threshold": false, "eligibility_elderly_threshold": false, "primary_eligible": false, "rank": null }, "geometry": { "type": "Polygon", "coordinates": [ [ [ 135.2625, 35.45 ], [ 135.26875, 35.45 ], [ 135.26875, 35.454166666666673 ], [ 135.2625, 35.454166666666673 ], [ 135.2625, 35.45 ] ] ] } },
{ "type": "Feature", "properties": { "mesh_code": "533512412", "centroid_lat": 35.452083333333334, "centroid_lon": 135.271875, "city_area_fraction": 0.99999999999999978, "centroid_within_city": true, "population": 47, "elderly_population": 16.0, "reported_elderly_population": 16.0, "elderly_ratio": 0.34042553191489361, "HTKSYORI": "0", "HTKSAKI": null, "GASSAN": null, "disclosure_status": "unaffected", "suppression_flag": false, "aggregation_target_flag": false, "aggregation_flag": false, "primary_eligible_disclosure": true, "nearest_station_name": "四所駅", "nearest_station_distance_m": 1820.4887516863573, "nearest_bus_stop_name": "藤津", "nearest_bus_stop_distance_m": 258.71527462164283, "nearest_public_transport_type": "bus_stop", "nearest_public_transport_name": "藤津", "nearest_public_transport_distance_m": 258.71527462164283, "nearest_medical_name": "市立舞鶴市民病院加佐診療所", "nearest_medical_distance_m": 798.85986783384453, "nearest_hospital_name": "舞鶴赤十字病院", "nearest_hospital_distance_m": 5982.0944141808586, "nearest_clinic_name": "市立舞鶴市民病院加佐診療所", "nearest_clinic_distance_m": 798.85986783384453, "elderly_population_percentile": "0.36363636363636365", "elderly_ratio_percentile": "0.3811188811188811", "transport_distance_percentile": "0.2692307692307692", "medical_distance_percentile": "0.36363636363636365", "exploratory_score_a": "0.0979020979020979", "exploratory_score_b": "0.1322314049586777", "exploratory_score_c": "0.03560076287349015", "rank_a_unfiltered": "206", "rank_b_unfiltered": "179", "rank_c_unfiltered": "199", "pareto_frontier": "False", "eligibility_population_threshold": true, "eligibility_elderly_threshold": true, "primary_eligible": true, "rank": 160 }, "geometry": { "type": "Polygon", "coordinates": [ [ [ 135.26875, 35.45 ], [ 135.275, 35.45 ], [ 135.275, 35.454166666666673 ], [ 135.26875, 35.454166666666673 ], [ 135.26875, 35.45 ] ] ] } },
{ "type": "Feature", "properties": { "mesh_code": "533512413", "centroid_lat": 35.45625, "centroid_lon": 135.265625, "city_area_fraction": 1.0000000000000002, "centroid_within_city": true, "population": 21, "elderly_population": null, "reported_elderly_population": 16.0, "elderly_ratio": null, "HTKSYORI": "1", "HTKSAKI": null, "GASSAN": "533512411", "disclosure_status": "aggregation_destination", "suppression_flag": false, "aggregation_target_flag": true, "aggregation_flag": true, "primary_eligible_disclosure": false, "nearest_station_name": "四所駅", "nearest_station_distance_m": 2527.0311236136677, "nearest_bus_stop_name": "八田・由良川学園前", "nearest_bus_stop_distance_m": 444.35272529071489, "nearest_public_transport_type": "bus_stop", "nearest_public_transport_name": "八田・由良川学園前", "nearest_public_transport_distance_m": 444.35272529071489, "nearest_medical_name": "市立舞鶴市民病院加佐診療所", "nearest_medical_distance_m": 394.02504528965056, "nearest_hospital_name": "舞鶴赤十字病院", "nearest_hospital_distance_m": 6617.6831665437485, "nearest_clinic_name": "市立舞鶴市民病院加佐診療所", "nearest_clinic_distance_m": 394.02504528965056, "elderly_population_percentile": "<NA>", "elderly_ratio_percentile": "<NA>", "transport_distance_percentile": "<NA>", "medical_distance_percentile": "<NA>", "exploratory_score_a": "<NA>", "exploratory_score_b": "<NA>", "exploratory_score_c": "<NA>", "rank_a_unfiltered": "<NA>", "rank_b_unfiltered": "<NA>", "rank_c_unfiltered": "<NA>", "pareto_frontier": "<NA>", "eligibility_population_threshold": true, "eligibility_elderly_threshold": false, "primary_eligible": false, "rank": null }, "geometry": { "type": "Polygon", "coordinates": [ [ [ 135.2625, 35.454166666666673 ], [ 135.26875, 35.454166666666673 ], [ 135.26875, 35.458333333333343 ], [ 135.2625, 35.458333333333343 ], [ 135.2625, 35.454166666666673 ] ] ] } },
{ "type": "Feature", "properties": { "mesh_code": "533512414", "centroid_lat": 35.45625, "centroid_lon": 135.271875, "city_area_fraction": 1.0, "centroid_within_city": true, "population": 35, "elderly_population": 16.0, "reported_elderly_population": 16.0, "elderly_ratio": 0.45714285714285713, "HTKSYORI": "0", "HTKSAKI": null, "GASSAN": null, "disclosure_status": "unaffected", "suppression_flag": false, "aggregation_target_flag": false, "aggregation_flag": false, "primary_eligible_disclosure": true, "nearest_station_name": "四所駅", "nearest_station_distance_m": 2034.5847060842348, "nearest_bus_stop_name": "藤津", "nearest_bus_stop_distance_m": 671.48074505938803, "nearest_public_transport_type": "bus_stop", "nearest_public_transport_name": "藤津", "nearest_public_transport_distance_m": 671.48074505938803, "nearest_medical_name": "市立舞鶴市民病院加佐診療所", "nearest_medical_distance_m": 852.47281259066119, "nearest_hospital_name": "舞鶴赤十字病院", "nearest_hospital_distance_m": 6061.8697708064683, "nearest_clinic_name": "市立舞鶴市民病院加佐診療所", "nearest_clinic_distance_m": 852.47281259066119, "elderly_population_percentile": "0.36363636363636365", "elderly_ratio_percentile": "0.6433566433566433", "transport_distance_percentile": "0.6398601398601399", "medical_distance_percentile": "0.3951048951048951", "exploratory_score_a": "0.23267641449459633", "exploratory_score_b": "0.14367450731087095", "exploratory_score_c": "0.09193159034227058", "rank_a_unfiltered": "115", "rank_b_unfiltered": "170", "rank_c_unfiltered": "129", "pareto_frontier": "False", "eligibility_population_threshold": true, "eligibility_elderly_threshold": true, "primary_eligible": true, "rank": 111 }, "geometry": { "type": "Polygon", "coordinates": [ [ [ 135.26875, 35.454166666666673 ], [ 135.275, 35.454166666666673 ], [ 135.275, 35.458333333333343 ], [ 135.26875, 35.458333333333343 ], [ 135.26875, 35.454166666666673 ] ] ] } },
{ "type": "Feature", "properties": { "mesh_code": "533512421", "centroid_lat": 35.452083333333334, "centroid_lon": 135.278125, "city_area_fraction": 0.99999999999999978, "centroid_within_city": true, "population": 15, "elderly_population": 11.0, "reported_elderly_population": 11.0, "elderly_ratio": 0.73333333333333328, "HTKSYORI": "0", "HTKSAKI": null, "GASSAN": null, "disclosure_status": "unaffected", "suppression_flag": false, "aggregation_target_flag": false, "aggregation_flag": false, "primary_eligible_disclosure": true, "nearest_station_name": "四所駅", "nearest_station_distance_m": 1308.2726943446082, "nearest_bus_stop_name": "ふじつ温泉前", "nearest_bus_stop_distance_m": 357.73370222530571, "nearest_public_transport_type": "bus_stop", "nearest_public_transport_name": "ふじつ温泉前", "nearest_public_transport_distance_m": 357.73370222530571, "nearest_medical_name": "市立舞鶴市民病院加佐診療所", "nearest_medical_distance_m": 1361.4204146986117, "nearest_hospital_name": "舞鶴赤十字病院", "nearest_hospital_distance_m": 5420.470944441453, "nearest_clinic_name": "市立舞鶴市民病院加佐診療所", "nearest_clinic_distance_m": 1361.4204146986117, "elderly_population_percentile": "0.25874125874125875", "elderly_ratio_percentile": "0.9562937062937062", "transport_distance_percentile": "0.3916083916083916", "medical_distance_percentile": "0.5734265734265734", "exploratory_score_a": "0.10132524817839504", "exploratory_score_b": "0.14836911340407843", "exploratory_score_c": "0.05810258986453422", "rank_a_unfiltered": "203", "rank_b_unfiltered": "166", "rank_c_unfiltered": "165", "pareto_frontier": "False", "eligibility_population_threshold": false, "eligibility_elderly_threshold": true, "primary_eligible": false, "rank": null }, "geometry": { "type": "Polygon", "coordinates": [ [ [ 135.275, 35.45 ], [ 135.28125, 35.45 ], [ 135.28125, 35.454166666666673 ], [ 135.275, 35.454166666666673 ], [ 135.275, 35.45 ] ] ] } },
{ "type": "Feature", "properties": { "mesh_code": "533512423", "centroid_lat": 35.45625, "centroid_lon": 135.278125, "city_area_fraction": 1.0, "centroid_within_city": true, "population": 20, "elderly_population": 11.0, "reported_elderly_population": 11.0, "elderly_ratio": 0.55, "HTKSYORI": "0", "HTKSAKI": null, "GASSAN": null, "disclosure_status": "unaffected", "suppression_flag": false, "aggregation_target_flag": false, "aggregation_flag": false, "primary_eligible_disclosure": true, "nearest_station_name": "四所駅", "nearest_station_distance_m": 1592.8009736789311, "nearest_bus_stop_name": "ふじつ温泉前", "nearest_bus_stop_distance_m": 806.01629201305286, "nearest_public_transport_type": "bus_stop", "nearest_public_transport_name": "ふじつ温泉前", "nearest_public_transport_distance_m": 806.01629201305286, "nearest_medical_name": "市立舞鶴市民病院加佐診療所", "nearest_medical_distance_m": 1393.5334994045315, "nearest_hospital_name": "舞鶴赤十字病院", "nearest_hospital_distance_m": 5508.415932814024, "nearest_clinic_name": "市立舞鶴市民病院加佐診療所", "nearest_clinic_distance_m": 1393.5334994045315, "elderly_population_percentile": "0.25874125874125875", "elderly_ratio_percentile": "0.8094405594405595", "transport_distance_percentile": "0.6678321678321678", "medical_distance_percentile": "0.583916083916084", "exploratory_score_a": "0.17279573573279866", "exploratory_score_b": "0.15108318255171405", "exploratory_score_c": "0.10089820932649433", "rank_a_unfiltered": "153", "rank_b_unfiltered": "163", "rank_c_unfiltered": "121", "pareto_frontier": "False", "eligibility_population_threshold": true, "eligibility_elderly_threshold": true, "primary_eligible": true, "rank": 104 }, "geometry": { "type": "Polygon", "coordinates": [ [ [ 135.275, 35.454166666666673 ], [ 135.28125, 35.454166666666673 ], [ 135.28125, 35.458333333333343 ], [ 135.275, 35.458333333333343 ], [ 135.275, 35.454166666666673 ] ] ] } },
{ "type": "Feature", "properties": { "mesh_code": "533512424", "centroid_lat": 35.45625, "centroid_lon": 135.284375, "city_area_fraction": 0.99999999999999978, "centroid_within_city": true, "population": 40, "elderly_population": null, "reported_elderly_population": 12.0, "elderly_ratio": null, "HTKSYORI": "1", "HTKSAKI": null, "GASSAN": "533512433", "disclosure_status": "aggregation_destination", "suppression_flag": false, "aggregation_target_flag": true, "aggregation_flag": true, "primary_eligible_disclosure": false, "nearest_station_name": "四所駅", "nearest_station_distance_m": 1256.3138792149864, "nearest_bus_stop_name": "一盃水", "nearest_bus_stop_distance_m": 897.62157054233069, "nearest_public_transport_type": "bus_stop", "nearest_public_transport_name": "一盃水", "nearest_public_transport_distance_m": 897.62157054233069, "nearest_medical_name": "市立舞鶴市民病院加佐診療所", "nearest_medical_distance_m": 1949.5976809709955, "nearest_hospital_name": "舞鶴赤十字病院", "nearest_hospital_distance_m": 4958.1116972861091, "nearest_clinic_name": "市立舞鶴市民病院加佐診療所", "nearest_clinic_distance_m": 1949.5976809709955, "elderly_population_percentile": "<NA>", "elderly_ratio_percentile": "<NA>", "transport_distance_percentile": "<NA>", "medical_distance_percentile": "<NA>", "exploratory_score_a": "<NA>", "exploratory_score_b": "<NA>", "exploratory_score_c": "<NA>", "rank_a_unfiltered": "<NA>", "rank_b_unfiltered": "<NA>", "rank_c_unfiltered": "<NA>", "pareto_frontier": "<NA>", "eligibility_population_threshold": true, "eligibility_elderly_threshold": false, "primary_eligible": false, "rank": null }, "geometry": { "type": "Polygon", "coordinates": [ [ [ 135.28125, 35.454166666666673 ], [ 135.2875, 35.454166666666673 ], [ 135.2875, 35.458333333333343 ], [ 135.28125, 35.458333333333343 ], [ 135.28125, 35.454166666666673 ] ] ] } },
{ "type": "Feature", "properties": { "mesh_code": "533512433", "centroid_lat": 35.45625, "centroid_lon": 135.290625, "city_area_fraction": 1.0, "centroid_within_city": true, "population": 4, "elderly_population": null, "reported_elderly_population": null, "elderly_ratio": null, "HTKSYORI": "2", "HTKSAKI": "533512424", "GASSAN": null, "disclosure_status": "suppressed_source", "suppression_flag": true, "aggregation_target_flag": false, "aggregation_flag": false, "primary_eligible_disclosure": false, "nearest_station_name": "四所駅", "nearest_station_distance_m": 1124.0382666688413, "nearest_bus_stop_name": "四所", "nearest_bus_stop_distance_m": 962.16753083256674, "nearest_public_transport_type": "bus_stop", "nearest_public_transport_name": "四所", "nearest_public_transport_distance_m": 962.16753083256674, "nearest_medical_name": "市立舞鶴市民病院加佐診療所", "nearest_medical_distance_m": 2510.7159642567103, "nearest_hospital_name": "舞鶴赤十字病院", "nearest_hospital_distance_m": 4412.1355232610586, "nearest_clinic_name": "市立舞鶴市民病院加佐診療所", "nearest_clinic_distance_m": 2510.7159642567103, "elderly_population_percentile": "<NA>", "elderly_ratio_percentile": "<NA>", "transport_distance_percentile": "<NA>", "medical_distance_percentile": "<NA>", "exploratory_score_a": "<NA>", "exploratory_score_b": "<NA>", "exploratory_score_c": "<NA>", "rank_a_unfiltered": "<NA>", "rank_b_unfiltered": "<NA>", "rank_c_unfiltered": "<NA>", "pareto_frontier": "<NA>", "eligibility_population_threshold": false, "eligibility_elderly_threshold": false, "primary_eligible": false, "rank": null }, "geometry": { "type": "Polygon", "coordinates": [ [ [ 135.2875, 35.454166666666673 ], [ 135.29375, 35.454166666666673 ], [ 135.29375, 35.458333333333343 ], [ 135.2875, 35.458333333333343 ], [ 135.2875, 35.454166666666673 ] ] ] } },
{ "type": "Feature", "properties": { "mesh_code": "533512441", "centroid_lat": 35.452083333333334, "centroid_lon": 135.303125, "city_area_fraction": 1.0, "centroid_within_city": true, "population": 98, "elderly_population": 41.0, "reported_elderly_population": 41.0, "elderly_ratio": 0.41836734693877553, "HTKSYORI": "0", "HTKSAKI": null, "GASSAN": null, "disclosure_status": "unaffected", "suppression_flag": false, "aggregation_target_flag": false, "aggregation_flag": false, "primary_eligible_disclosure": true, "nearest_station_name": "四所駅", "nearest_station_distance_m": 1319.007363427869, "nearest_bus_stop_name": "福井小学校口", "nearest_bus_stop_distance_m": 548.92091694996748, "nearest_public_transport_type": "bus_stop", "nearest_public_transport_name": "福井小学校口", "nearest_public_transport_distance_m": 548.92091694996748, "nearest_medical_name": "国土交通省共済組合第八管区 海上保安本部支部診療所", "nearest_medical_distance_m": 1314.484403856397, "nearest_hospital_name": "舞鶴赤十字病院", "nearest_hospital_distance_m": 3194.4438571595933, "nearest_clinic_name": "国土交通省共済組合第八管区 海上保安本部支部診療所", "nearest_clinic_distance_m": 1314.484403856397, "elderly_population_percentile": "0.5961538461538461", "elderly_ratio_percentile": "0.548951048951049", "transport_distance_percentile": "0.5314685314685315", "medical_distance_percentile": "0.5629370629370629", "exploratory_score_a": "0.3168370091447014", "exploratory_score_b": "0.3355970952124798", "exploratory_score_c": "0.17835929535768155", "rank_a_unfiltered": "74", "rank_b_unfiltered": "53", "rank_c_unfiltered": "57", "pareto_frontier": "False", "eligibility_population_threshold": true, "eligibility_elderly_threshold": true, "primary_eligible": true, "rank": 52 }, "geometry": { "type": "Polygon", "coordinates": [ [ [ 135.3, 35.45 ], [ 135.30625, 35.45 ], [ 135.30625, 35.454166666666673 ], [ 135.3, 35.454166666666673 ], [ 135.3, 35.45 ] ] ] } },
{ "type": "Feature", "properties": { "mesh_code": "533512442", "centroid_lat": 35.452083333333334, "centroid_lon": 135.309375, "city_area_fraction": 1.0, "centroid_within_city": true, "population": 20, "elderly_population": 8.0, "reported_elderly_population": 8.0, "elderly_ratio": 0.4, "HTKSYORI": "0", "HTKSAKI": null, "GASSAN": null, "disclosure_status": "unaffected", "suppression_flag": false, "aggregation_target_flag": false, "aggregation_flag": false, "primary_eligible_disclosure": true, "nearest_station_name": "四所駅", "nearest_station_distance_m": 1832.0685232620058, "nearest_bus_stop_name": "下福井", "nearest_bus_stop_distance_m": 437.82214172639902, "nearest_public_transport_type": "bus_stop", "nearest_public_transport_name": "下福井", "nearest_public_transport_distance_m": 437.82214172639902, "nearest_medical_name": "国土交通省共済組合第八管区 海上保安本部支部診療所", "nearest_medical_distance_m": 754.54848301193931, "nearest_hospital_name": "舞鶴赤十字病院", "nearest_hospital_distance_m": 2649.5083010054809, "nearest_clinic_name": "国土交通省共済組合第八管区 海上保安本部支部診療所", "nearest_clinic_distance_m": 754.54848301193931, "elderly_population_percentile": "0.15734265734265734", "elderly_ratio_percentile": "0.506993006993007", "transport_distance_percentile": "0.44405594405594406", "medical_distance_percentile": "0.3356643356643357", "exploratory_score_a": "0.06986894224656462", "exploratory_score_b": "0.05281431854858429", "exploratory_score_c": "0.02345251208276295", "rank_a_unfiltered": "226", "rank_b_unfiltered": "243", "rank_c_unfiltered": "223", "pareto_frontier": "False", "eligibility_population_threshold": true, "eligibility_elderly_threshold": false, "primary_eligible": false, "rank": null }, "geometry": { "type": "Polygon", "coordinates": [ [ [ 135.30625, 35.45 ], [ 135.3125, 35.45 ], [ 135.3125, 35.454166666666673 ], [ 135.30625, 35.454166666666673 ], [ 135.30625, 35.45 ] ] ] } },
{ "type": "Feature", "properties": { "mesh_code": "533512443", "centroid_lat": 35.45625, "centroid_lon": 135.303125, "city_area_fraction": 1.0000000000000002, "centroid_within_city": true, "population": 50, "elderly_population": 16.0, "reported_elderly_population": 16.0, "elderly_ratio": 0.32, "HTKSYORI": "0", "HTKSAKI": null, "GASSAN": null, "disclosure_status": "unaffected", "suppression_flag": false, "aggregation_target_flag": false, "aggregation_flag": false, "primary_eligible_disclosure": true, "nearest_station_name": "四所駅", "nearest_station_distance_m": 1601.6283894395317, "nearest_bus_stop_name": "福井小学校口", "nearest_bus_stop_distance_m": 972.93488137057875, "nearest_public_transport_type": "bus_stop", "nearest_public_transport_name": "福井小学校口", "nearest_public_transport_distance_m": 972.93488137057875, "nearest_medical_name": "国土交通省共済組合第八管区 海上保安本部支部診療所", "nearest_medical_distance_m": 1445.6442154317745, "nearest_hospital_name": "舞鶴赤十字病院", "nearest_hospital_distance_m": 3341.6459492929016, "nearest_clinic_name": "国土交通省共済組合第八管区 海上保安本部支部診療所", "nearest_clinic_distance_m": 1445.6442154317745, "elderly_population_percentile": "0.36363636363636365", "elderly_ratio_percentile": "0.3181818181818182", "transport_distance_percentile": "0.7062937062937062", "medical_distance_percentile": "0.6013986013986014", "exploratory_score_a": "0.25683407501589317", "exploratory_score_b": "0.21869040050858232", "exploratory_score_c": "0.1544596535060616", "rank_a_unfiltered": "104", "rank_b_unfiltered": "121", "rank_c_unfiltered": "77", "pareto_frontier": "False", "eligibility_population_threshold": true, "eligibility_elderly_threshold": true, "primary_eligible": true, "rank": 70 }, "geometry": { "type": "Polygon", "coordinates": [ [ [ 135.3, 35.454166666666673 ], [ 135.30625, 35.454166666666673 ], [ 135.30625, 35.458333333333343 ], [ 135.3, 35.458333333333343 ], [ 135.3, 35.454166666666673 ] ] ] } },
{ "type": "Feature", "properties": { "mesh_code": "533512444", "centroid_lat": 35.45625, "centroid_lon": 135.309375, "city_area_fraction": 0.87194159245283409, "centroid_within_city": true, "population": 152, "elderly_population": 15.0, "reported_elderly_population": 15.0, "elderly_ratio": 0.098684210526315791, "HTKSYORI": "0", "HTKSAKI": null, "GASSAN": null, "disclosure_status": "unaffected", "suppression_flag": false, "aggregation_target_flag": false, "aggregation_flag": false, "primary_eligible_disclosure": true, "nearest_station_name": "四所駅", "nearest_station_distance_m": 2044.9508716554496, "nearest_bus_stop_name": "下福井", "nearest_bus_stop_distance_m": 835.68455909711429, "nearest_public_transport_type": "bus_stop", "nearest_public_transport_name": "下福井", "nearest_public_transport_distance_m": 835.68455909711429, "nearest_medical_name": "国土交通省共済組合第八管区 海上保安本部支部診療所", "nearest_medical_distance_m": 965.10143248029169, "nearest_hospital_name": "舞鶴赤十字病院", "nearest_hospital_distance_m": 2825.2758578912908, "nearest_clinic_name": "国土交通省共済組合第八管区 海上保安本部支部診療所", "nearest_clinic_distance_m": 965.10143248029169, "elderly_population_percentile": "0.3339160839160839", "elderly_ratio_percentile": "0.045454545454545456", "transport_distance_percentile": "0.6783216783216783", "medical_distance_percentile": "0.45104895104895104", "exploratory_score_a": "0.2265025184605604", "exploratory_score_b": "0.15061249938872315", "exploratory_score_c": "0.10216372336158144", "rank_a_unfiltered": "117", "rank_b_unfiltered": "165", "rank_c_unfiltered": "119", "pareto_frontier": "False", "eligibility_population_threshold": true, "eligibility_elderly_threshold": true, "primary_eligible": true, "rank": 103 }, "geometry": { "type": "Polygon", "coordinates": [ [ [ 135.30625, 35.454166666666673 ], [ 135.3125, 35.454166666666673 ], [ 135.3125, 35.458333333333343 ], [ 135.30625, 35.458333333333343 ], [ 135.30625, 35.454166666666673 ] ] ] } },
{ "type": "Feature", "properties": { "mesh_code": "533512452", "centroid_lat": 35.452083333333334, "centroid_lon": 135.321875, "city_area_fraction": 0.84728578194874959, "centroid_within_city": true, "population": 562, "elderly_population": null, "reported_elderly_population": 124.0, "elderly_ratio": null, "HTKSYORI": "1", "HTKSAKI": null, "GASSAN": "533512454", "disclosure_status": "aggregation_destination", "suppression_flag": false, "aggregation_target_flag": true, "aggregation_flag": true, "primary_eligible_disclosure": false, "nearest_station_name": "西舞鶴駅", "nearest_station_distance_m": 1392.8306506698846, "nearest_bus_stop_name": "西町", "nearest_bus_stop_distance_m": 121.09426040085351, "nearest_public_transport_type": "bus_stop", "nearest_public_transport_name": "西町", "nearest_public_transport_distance_m": 121.09426040085351, "nearest_medical_name": "隅山医院", "nearest_medical_distance_m": 249.87888910755058, "nearest_hospital_name": "舞鶴赤十字病院", "nearest_hospital_distance_m": 1606.9676013058859, "nearest_clinic_name": "隅山医院", "nearest_clinic_distance_m": 249.87888910755058, "elderly_population_percentile": "<NA>", "elderly_ratio_percentile": "<NA>", "transport_distance_percentile": "<NA>", "medical_distance_percentile": "<NA>", "exploratory_score_a": "<NA>", "exploratory_score_b": "<NA>", "exploratory_score_c": "<NA>", "rank_a_unfiltered": "<NA>", "rank_b_unfiltered": "<NA>", "rank_c_unfiltered": "<NA>", "pareto_frontier": "<NA>", "eligibility_population_threshold": true, "eligibility_elderly_threshold": false, "primary_eligible": false, "rank": null }, "geometry": { "type": "Polygon", "coordinates": [ [ [ 135.31875, 35.45 ], [ 135.325, 35.45 ], [ 135.325, 35.454166666666673 ], [ 135.31875, 35.454166666666673 ], [ 135.31875, 35.45 ] ] ] } },
{ "type": "Feature", "properties": { "mesh_code": "533512454", "centroid_lat": 35.45625, "centroid_lon": 135.321875, "city_area_fraction": 0.47188950799251944, "centroid_within_city": true, "population": 3, "elderly_population": null, "reported_elderly_population": null, "elderly_ratio": null, "HTKSYORI": "2", "HTKSAKI": "533512452", "GASSAN": null, "disclosure_status": "suppressed_source", "suppression_flag": true, "aggregation_target_flag": false, "aggregation_flag": false, "primary_eligible_disclosure": false, "nearest_station_name": "西舞鶴駅", "nearest_station_distance_m": 1793.3631308850624, "nearest_bus_stop_name": "吉原小学校前", "nearest_bus_stop_distance_m": 565.24115711056561, "nearest_public_transport_type": "bus_stop", "nearest_public_transport_name": "吉原小学校前", "nearest_public_transport_distance_m": 565.24115711056561, "nearest_medical_name": "隅山医院", "nearest_medical_distance_m": 506.67246720265041, "nearest_hospital_name": "舞鶴赤十字病院", "nearest_hospital_distance_m": 1882.7802381425129, "nearest_clinic_name": "隅山医院", "nearest_clinic_distance_m": 506.67246720265041, "elderly_population_percentile": "<NA>", "elderly_ratio_percentile": "<NA>", "transport_distance_percentile": "<NA>", "medical_distance_percentile": "<NA>", "exploratory_score_a": "<NA>", "exploratory_score_b": "<NA>", "exploratory_score_c": "<NA>", "rank_a_unfiltered": "<NA>", "rank_b_unfiltered": "<NA>", "rank_c_unfiltered": "<NA>", "pareto_frontier": "<NA>", "eligibility_population_threshold": false, "eligibility_elderly_threshold": false, "primary_eligible": false, "rank": null }, "geometry": { "type": "Polygon", "coordinates": [ [ [ 135.31875, 35.454166666666673 ], [ 135.325, 35.454166666666673 ], [ 135.325, 35.458333333333343 ], [ 135.31875, 35.458333333333343 ], [ 135.31875, 35.454166666666673 ] ] ] } },
{ "type": "Feature", "properties": { "mesh_code": "533512461", "centroid_lat": 35.452083333333334, "centroid_lon": 135.328125, "city_area_fraction": 1.0, "centroid_within_city": true, "population": 1026, "elderly_population": 385.0, "reported_elderly_population": 385.0, "elderly_ratio": 0.37524366471734893, "HTKSYORI": "0", "HTKSAKI": null, "GASSAN": null, "disclosure_status": "unaffected", "suppression_flag": false, "aggregation_target_flag": false, "aggregation_flag": false, "primary_eligible_disclosure": true, "nearest_station_name": "西舞鶴駅", "nearest_station_distance_m": 1170.0295891623346, "nearest_bus_stop_name": "平野屋", "nearest_bus_stop_distance_m": 140.20193080394685, "nearest_public_transport_type": "bus_stop", "nearest_public_transport_name": "平野屋", "nearest_public_transport_distance_m": 140.20193080394685, "nearest_medical_name": "医療法人泰山会あいおい橋四方クリニック", "nearest_medical_distance_m": 251.22696193209819, "nearest_hospital_name": "舞鶴赤十字病院", "nearest_hospital_distance_m": 1152.9828502802991, "nearest_clinic_name": "医療法人泰山会あいおい橋四方クリニック", "nearest_clinic_distance_m": 251.22696193209819, "elderly_population_percentile": "0.9825174825174825", "elderly_ratio_percentile": "0.46853146853146854", "transport_distance_percentile": "0.10839160839160839", "medical_distance_percentile": "0.11188811188811189", "exploratory_score_a": "0.1064966502029439", "exploratory_score_b": "0.1099320260159421", "exploratory_score_c": "0.011915709113616101", "rank_a_unfiltered": "198", "rank_b_unfiltered": "199", "rank_c_unfiltered": "245", "pareto_frontier": "False", "eligibility_population_threshold": true, "eligibility_elderly_threshold": true, "primary_eligible": true, "rank": 190 }, "geometry": { "type": "Polygon", "coordinates": [ [ [ 135.325, 35.45 ], [ 135.33125, 35.45 ], [ 135.33125, 35.454166666666673 ], [ 135.325, 35.454166666666673 ], [ 135.325, 35.45 ] ] ] } },
{ "type": "Feature", "properties": { "mesh_code": "533512462", "centroid_lat": 35.452083333333334, "centroid_lon": 135.334375, "city_area_fraction": 1.0, "centroid_within_city": true, "population": 378, "elderly_population": null, "reported_elderly_population": 132.0, "elderly_ratio": null, "HTKSYORI": "1", "HTKSAKI": null, "GASSAN": "533512464", "disclosure_status": "aggregation_destination", "suppression_flag": false, "aggregation_target_flag": true, "aggregation_flag": true, "primary_eligible_disclosure": false, "nearest_station_name": "西舞鶴駅", "nearest_station_distance_m": 1200.7701655462536, "nearest_bus_stop_name": "税務署前", "nearest_bus_stop_distance_m": 262.40244243818023, "nearest_public_transport_type": "bus_stop", "nearest_public_transport_name": "税務署前", "nearest_public_transport_distance_m": 262.40244243818023, "nearest_medical_name": "医療法人泰山会あいおい橋四方クリニック", "nearest_medical_distance_m": 345.74765256898536, "nearest_hospital_name": "舞鶴赤十字病院", "nearest_hospital_distance_m": 848.68014697337583, "nearest_clinic_name": "医療法人泰山会あいおい橋四方クリニック", "nearest_clinic_distance_m": 345.74765256898536, "elderly_population_percentile": "<NA>", "elderly_ratio_percentile": "<NA>", "transport_distance_percentile": "<NA>", "medical_distance_percentile": "<NA>", "exploratory_score_a": "<NA>", "exploratory_score_b": "<NA>", "exploratory_score_c": "<NA>", "rank_a_unfiltered": "<NA>", "rank_b_unfiltered": "<NA>", "rank_c_unfiltered": "<NA>", "pareto_frontier": "<NA>", "eligibility_population_threshold": true, "eligibility_elderly_threshold": false, "primary_eligible": false, "rank": null }, "geometry": { "type": "Polygon", "coordinates": [ [ [ 135.33125, 35.45 ], [ 135.3375, 35.45 ], [ 135.3375, 35.454166666666673 ], [ 135.33125, 35.454166666666673 ], [ 135.33125, 35.45 ] ] ] } },
{ "type": "Feature", "properties": { "mesh_code": "533512463", "centroid_lat": 35.45625, "centroid_lon": 135.328125, "city_area_fraction": 0.95964434046523805, "centroid_within_city": true, "population": 566, "elderly_population": 274.0, "reported_elderly_population": 274.0, "elderly_ratio": 0.48409893992932862, "HTKSYORI": "0", "HTKSAKI": null, "GASSAN": null, "disclosure_status": "unaffected", "suppression_flag": false, "aggregation_target_flag": false, "aggregation_flag": false, "primary_eligible_disclosure": true, "nearest_station_name": "西舞鶴駅", "nearest_station_distance_m": 1626.3983779768207, "nearest_bus_stop_name": "吉原小学校前", "nearest_bus_stop_distance_m": 18.258176453928733, "nearest_public_transport_type": "bus_stop", "nearest_public_transport_name": "吉原小学校前", "nearest_public_transport_distance_m": 18.258176453928733, "nearest_medical_name": "隅山医院", "nearest_medical_distance_m": 544.12712585112627, "nearest_hospital_name": "舞鶴赤十字病院", "nearest_hospital_distance_m": 1513.9186841445037, "nearest_clinic_name": "隅山医院", "nearest_clinic_distance_m": 544.12712585112627, "elderly_population_percentile": "0.9195804195804196", "elderly_ratio_percentile": "0.6818181818181818", "transport_distance_percentile": "0.0034965034965034965", "medical_distance_percentile": "0.22727272727272727", "exploratory_score_a": "0.0032153161523790896", "exploratory_score_b": "0.2089955499046408", "exploratory_score_c": "0.0007307536709952476", "rank_a_unfiltered": "284", "rank_b_unfiltered": "125", "rank_c_unfiltered": "279", "pareto_frontier": "False", "eligibility_population_threshold": true, "eligibility_elderly_threshold": true, "primary_eligible": true, "rank": 214 }, "geometry": { "type": "Polygon", "coordinates": [ [ [ 135.325, 35.454166666666673 ], [ 135.33125, 35.454166666666673 ], [ 135.33125, 35.458333333333343 ], [ 135.325, 35.458333333333343 ], [ 135.325, 35.454166666666673 ] ] ] } },
{ "type": "Feature", "properties": { "mesh_code": "533512464", "centroid_lat": 35.45625, "centroid_lon": 135.334375, "city_area_fraction": 1.0, "centroid_within_city": true, "population": 4, "elderly_population": null, "reported_elderly_population": null, "elderly_ratio": null, "HTKSYORI": "2", "HTKSAKI": "533512462", "GASSAN": null, "disclosure_status": "suppressed_source", "suppression_flag": true, "aggregation_target_flag": false, "aggregation_flag": false, "primary_eligible_disclosure": false, "nearest_station_name": "西舞鶴駅", "nearest_station_distance_m": 1648.6499308234545, "nearest_bus_stop_name": "東吉原", "nearest_bus_stop_distance_m": 562.54799053108354, "nearest_public_transport_type": "bus_stop", "nearest_public_transport_name": "東吉原", "nearest_public_transport_distance_m": 562.54799053108354, "nearest_medical_name": "医療法人泰山会あいおい橋四方クリニック", "nearest_medical_distance_m": 646.41333857044503, "nearest_hospital_name": "舞鶴赤十字病院", "nearest_hospital_distance_m": 1297.2543730180798, "nearest_clinic_name": "医療法人泰山会あいおい橋四方クリニック", "nearest_clinic_distance_m": 646.41333857044503, "elderly_population_percentile": "<NA>", "elderly_ratio_percentile": "<NA>", "transport_distance_percentile": "<NA>", "medical_distance_percentile": "<NA>", "exploratory_score_a": "<NA>", "exploratory_score_b": "<NA>", "exploratory_score_c": "<NA>", "rank_a_unfiltered": "<NA>", "rank_b_unfiltered": "<NA>", "rank_c_unfiltered": "<NA>", "pareto_frontier": "<NA>", "eligibility_population_threshold": false, "eligibility_elderly_threshold": false, "primary_eligible": false, "rank": null }, "geometry": { "type": "Polygon", "coordinates": [ [ [ 135.33125, 35.454166666666673 ], [ 135.3375, 35.454166666666673 ], [ 135.3375, 35.458333333333343 ], [ 135.33125, 35.458333333333343 ], [ 135.33125, 35.454166666666673 ] ] ] } },
{ "type": "Feature", "properties": { "mesh_code": "533512471", "centroid_lat": 35.452083333333334, "centroid_lon": 135.340625, "city_area_fraction": 0.99999999999999978, "centroid_within_city": true, "population": 448, "elderly_population": 75.0, "reported_elderly_population": 75.0, "elderly_ratio": 0.16741071428571427, "HTKSYORI": "0", "HTKSAKI": null, "GASSAN": null, "disclosure_status": "unaffected", "suppression_flag": false, "aggregation_target_flag": false, "aggregation_flag": false, "primary_eligible_disclosure": true, "nearest_station_name": "西舞鶴駅", "nearest_station_distance_m": 1469.2225274669827, "nearest_bus_stop_name": "倉谷口", "nearest_bus_stop_distance_m": 250.53001573661703, "nearest_public_transport_type": "bus_stop", "nearest_public_transport_name": "倉谷口", "nearest_public_transport_distance_m": 250.53001573661703, "nearest_medical_name": "公益社団法人京都保健会まいづる協立診療所", "nearest_medical_distance_m": 299.64104827144797, "nearest_hospital_name": "市立舞鶴市民病院", "nearest_hospital_distance_m": 867.49658837375682, "nearest_clinic_name": "公益社団法人京都保健会まいづる協立診療所", "nearest_clinic_distance_m": 299.64104827144797, "elderly_population_percentile": "0.6678321678321678", "elderly_ratio_percentile": "0.06643356643356643", "transport_distance_percentile": "0.25524475524475526", "medical_distance_percentile": "0.1258741258741259", "exploratory_score_a": "0.170460658222896", "exploratory_score_b": "0.08406279035649665", "exploratory_score_c": "0.02145658634973516", "rank_a_unfiltered": "157", "rank_b_unfiltered": "217", "rank_c_unfiltered": "229", "pareto_frontier": "False", "eligibility_population_threshold": true, "eligibility_elderly_threshold": true, "primary_eligible": true, "rank": 179 }, "geometry": { "type": "Polygon", "coordinates": [ [ [ 135.3375, 35.45 ], [ 135.34375, 35.45 ], [ 135.34375, 35.454166666666673 ], [ 135.3375, 35.454166666666673 ], [ 135.3375, 35.45 ] ] ] } },
{ "type": "Feature", "properties": { "mesh_code": "533512472", "centroid_lat": 35.452083333333334, "centroid_lon": 135.346875, "city_area_fraction": 0.99999999999999978, "centroid_within_city": true, "population": 226, "elderly_population": 101.0, "reported_elderly_population": 101.0, "elderly_ratio": 0.44690265486725661, "HTKSYORI": "0", "HTKSAKI": null, "GASSAN": null, "disclosure_status": "unaffected", "suppression_flag": false, "aggregation_target_flag": false, "aggregation_flag": false, "primary_eligible_disclosure": true, "nearest_station_name": "西舞鶴駅", "nearest_station_distance_m": 1875.9704562038926, "nearest_bus_stop_name": "上安", "nearest_bus_stop_distance_m": 59.598016269202958, "nearest_public_transport_type": "bus_stop", "nearest_public_transport_name": "上安", "nearest_public_transport_distance_m": 59.598016269202958, "nearest_medical_name": "特別養護老人ホーム安寿苑", "nearest_medical_distance_m": 437.2520816462997, "nearest_hospital_name": "市立舞鶴市民病院", "nearest_hospital_distance_m": 1126.6299187761811, "nearest_clinic_name": "特別養護老人ホーム安寿苑", "nearest_clinic_distance_m": 437.2520816462997, "elderly_population_percentile": "0.7307692307692307", "elderly_ratio_percentile": "0.6223776223776224", "transport_distance_percentile": "0.02097902097902098", "medical_distance_percentile": "0.1853146853146853", "exploratory_score_a": "0.015330823023130715", "exploratory_score_b": "0.13542227003765464", "exploratory_score_c": "0.002841026644146601", "rank_a_unfiltered": "268", "rank_b_unfiltered": "177", "rank_c_unfiltered": "268", "pareto_frontier": "False", "eligibility_population_threshold": true, "eligibility_elderly_threshold": true, "primary_eligible": true, "rank": 210 }, "geometry": { "type": "Polygon", "coordinates": [ [ [ 135.34375, 35.45 ], [ 135.35, 35.45 ], [ 135.35, 35.454166666666673 ], [ 135.34375, 35.454166666666673 ], [ 135.34375, 35.45 ] ] ] } },
{ "type": "Feature", "properties": { "mesh_code": "533512473", "centroid_lat": 35.45625, "centroid_lon": 135.340625, "city_area_fraction": 1.0000000000000002, "centroid_within_city": true, "population": 157, "elderly_population": 48.0, "reported_elderly_population": 48.0, "elderly_ratio": 0.30573248407643311, "HTKSYORI": "0", "HTKSAKI": null, "GASSAN": null, "disclosure_status": "unaffected", "suppression_flag": false, "aggregation_target_flag": false, "aggregation_flag": false, "primary_eligible_disclosure": true, "nearest_station_name": "西舞鶴駅", "nearest_station_distance_m": 1853.3144395697248, "nearest_bus_stop_name": "倉谷口", "nearest_bus_stop_distance_m": 643.22923598232705, "nearest_public_transport_type": "bus_stop", "nearest_public_transport_name": "倉谷口", "nearest_public_transport_distance_m": 643.22923598232705, "nearest_medical_name": "特別養護老人ホーム安寿苑", "nearest_medical_distance_m": 379.04274314985389, "nearest_hospital_name": "舞鶴赤十字病院", "nearest_hospital_distance_m": 1310.5789415456661, "nearest_clinic_name": "特別養護老人ホーム安寿苑", "nearest_clinic_distance_m": 379.04274314985389, "elderly_population_percentile": "0.6153846153846154", "elderly_ratio_percentile": "0.2692307692307692", "transport_distance_percentile": "0.6153846153846154", "medical_distance_percentile": "0.15384615384615385", "exploratory_score_a": "0.37869822485207105", "exploratory_score_b": "0.09467455621301776", "exploratory_score_c": "0.058261265361857086", "rank_a_unfiltered": "50", "rank_b_unfiltered": "212", "rank_c_unfiltered": "164", "pareto_frontier": "False", "eligibility_population_threshold": true, "eligibility_elderly_threshold": true, "primary_eligible": true, "rank": 139 }, "geometry": { "type": "Polygon", "coordinates": [ [ [ 135.3375, 35.454166666666673 ], [ 135.34375, 35.454166666666673 ], [ 135.34375, 35.458333333333343 ], [ 135.3375, 35.458333333333343 ], [ 135.3375, 35.454166666666673 ] ] ] } },
{ "type": "Feature", "properties": { "mesh_code": "533512474", "centroid_lat": 35.45625, "centroid_lon": 135.346875, "city_area_fraction": 1.0, "centroid_within_city": true, "population": 100, "elderly_population": 83.0, "reported_elderly_population": 83.0, "elderly_ratio": 0.83, "HTKSYORI": "0", "HTKSAKI": null, "GASSAN": null, "disclosure_status": "unaffected", "suppression_flag": false, "aggregation_target_flag": false, "aggregation_flag": false, "primary_eligible_disclosure": true, "nearest_station_name": "西舞鶴駅", "nearest_station_distance_m": 2189.8295631022843, "nearest_bus_stop_name": "五老トンネル西口", "nearest_bus_stop_distance_m": 407.39776767204353, "nearest_public_transport_type": "bus_stop", "nearest_public_transport_name": "五老トンネル西口", "nearest_public_transport_distance_m": 407.39776767204353, "nearest_medical_name": "特別養護老人ホーム安寿苑", "nearest_medical_distance_m": 207.46986326981531, "nearest_hospital_name": "市立舞鶴市民病院", "nearest_hospital_distance_m": 1506.3565872079039, "nearest_clinic_name": "特別養護老人ホーム安寿苑", "nearest_clinic_distance_m": 207.46986326981531, "elderly_population_percentile": "0.6940559440559441", "elderly_ratio_percentile": "0.9825174825174825", "transport_distance_percentile": "0.42657342657342656", "medical_distance_percentile": "0.08741258741258741", "exploratory_score_a": "0.2960658222895985", "exploratory_score_b": "0.06066922587901609", "exploratory_score_c": "0.025879879570769097", "rank_a_unfiltered": "85", "rank_b_unfiltered": "237", "rank_c_unfiltered": "219", "pareto_frontier": "False", "eligibility_population_threshold": true, "eligibility_elderly_threshold": true, "primary_eligible": true, "rank": 171 }, "geometry": { "type": "Polygon", "coordinates": [ [ [ 135.34375, 35.454166666666673 ], [ 135.35, 35.454166666666673 ], [ 135.35, 35.458333333333343 ], [ 135.34375, 35.458333333333343 ], [ 135.34375, 35.454166666666673 ] ] ] } },
{ "type": "Feature", "properties": { "mesh_code": "533512481", "centroid_lat": 35.452083333333334, "centroid_lon": 135.353125, "city_area_fraction": 1.0000000000000002, "centroid_within_city": true, "population": 393, "elderly_population": 135.0, "reported_elderly_population": 135.0, "elderly_ratio": 0.34351145038167941, "HTKSYORI": "0", "HTKSAKI": null, "GASSAN": null, "disclosure_status": "unaffected", "suppression_flag": false, "aggregation_target_flag": false, "aggregation_flag": false, "primary_eligible_disclosure": true, "nearest_station_name": "西舞鶴駅", "nearest_station_distance_m": 2350.2762261195558, "nearest_bus_stop_name": "昭和台", "nearest_bus_stop_distance_m": 203.81836879734527, "nearest_public_transport_type": "bus_stop", "nearest_public_transport_name": "昭和台", "nearest_public_transport_distance_m": 203.81836879734527, "nearest_medical_name": "白鳥産婦人科", "nearest_medical_distance_m": 223.44648207730202, "nearest_hospital_name": "市立舞鶴市民病院", "nearest_hospital_distance_m": 1558.8142061857729, "nearest_clinic_name": "白鳥産婦人科", "nearest_clinic_distance_m": 223.44648207730202, "elderly_population_percentile": "0.7972027972027972", "elderly_ratio_percentile": "0.3916083916083916", "transport_distance_percentile": "0.20279720279720279", "medical_distance_percentile": "0.10839160839160839", "exploratory_score_a": "0.161670497334833", "exploratory_score_b": "0.0864100934031004", "exploratory_score_c": "0.017523725235593784", "rank_a_unfiltered": "162", "rank_b_unfiltered": "216", "rank_c_unfiltered": "238", "pareto_frontier": "False", "eligibility_population_threshold": true, "eligibility_elderly_threshold": true, "primary_eligible": true, "rank": 187 }, "geometry": { "type": "Polygon", "coordinates": [ [ [ 135.35, 35.45 ], [ 135.35625, 35.45 ], [ 135.35625, 35.454166666666673 ], [ 135.35, 35.454166666666673 ], [ 135.35, 35.45 ] ] ] } },
{ "type": "Feature", "properties": { "mesh_code": "533512482", "centroid_lat": 35.452083333333334, "centroid_lon": 135.359375, "city_area_fraction": 0.99999999999999978, "centroid_within_city": true, "population": 1398, "elderly_population": 314.0, "reported_elderly_population": 314.0, "elderly_ratio": 0.22460658082975679, "HTKSYORI": "0", "HTKSAKI": null, "GASSAN": null, "disclosure_status": "unaffected", "suppression_flag": false, "aggregation_target_flag": false, "aggregation_flag": false, "primary_eligible_disclosure": true, "nearest_station_name": "西舞鶴駅", "nearest_station_distance_m": 2858.7082413722364, "nearest_bus_stop_name": "天台", "nearest_bus_stop_distance_m": 193.63335969534182, "nearest_public_transport_type": "bus_stop", "nearest_public_transport_name": "天台", "nearest_public_transport_distance_m": 193.63335969534182, "nearest_medical_name": "特別養護老人ホーム真愛の家寿荘医務室", "nearest_medical_distance_m": 252.89659549607029, "nearest_hospital_name": "市立舞鶴市民病院", "nearest_hospital_distance_m": 2057.758248357542, "nearest_clinic_name": "特別養護老人ホーム真愛の家寿荘医務室", "nearest_clinic_distance_m": 252.89659549607029, "elderly_population_percentile": "0.9370629370629371", "elderly_ratio_percentile": "0.10839160839160839", "transport_distance_percentile": "0.1888111888111888", "medical_distance_percentile": "0.11538461538461539", "exploratory_score_a": "0.17692796713775735", "exploratory_score_b": "0.10812264658418505", "exploratory_score_c": "0.020414765438972002", "rank_a_unfiltered": "148", "rank_b_unfiltered": "203", "rank_c_unfiltered": "231", "pareto_frontier": "False", "eligibility_population_threshold": true, "eligibility_elderly_threshold": true, "primary_eligible": true, "rank": 181 }, "geometry": { "type": "Polygon", "coordinates": [ [ [ 135.35625, 35.45 ], [ 135.3625, 35.45 ], [ 135.3625, 35.454166666666673 ], [ 135.35625, 35.454166666666673 ], [ 135.35625, 35.45 ] ] ] } },
{ "type": "Feature", "properties": { "mesh_code": "533512483", "centroid_lat": 35.45625, "centroid_lon": 135.353125, "city_area_fraction": 1.0000000000000002, "centroid_within_city": true, "population": 2, "elderly_population": null, "reported_elderly_population": null, "elderly_ratio": null, "HTKSYORI": "2", "HTKSAKI": "533512484", "GASSAN": null, "disclosure_status": "suppressed_source", "suppression_flag": true, "aggregation_target_flag": false, "aggregation_flag": false, "primary_eligible_disclosure": false, "nearest_station_name": "西舞鶴駅", "nearest_station_distance_m": 2607.6392200178143, "nearest_bus_stop_name": "五老トンネル西口", "nearest_bus_stop_distance_m": 208.56834420848477, "nearest_public_transport_type": "bus_stop", "nearest_public_transport_name": "五老トンネル西口", "nearest_public_transport_distance_m": 208.56834420848477, "nearest_medical_name": "白鳥産婦人科", "nearest_medical_distance_m": 529.54292688053317, "nearest_hospital_name": "市立舞鶴市民病院", "nearest_hospital_distance_m": 1851.9331147047312, "nearest_clinic_name": "白鳥産婦人科", "nearest_clinic_distance_m": 529.54292688053317, "elderly_population_percentile": "<NA>", "elderly_ratio_percentile": "<NA>", "transport_distance_percentile": "<NA>", "medical_distance_percentile": "<NA>", "exploratory_score_a": "<NA>", "exploratory_score_b": "<NA>", "exploratory_score_c": "<NA>", "rank_a_unfiltered": "<NA>", "rank_b_unfiltered": "<NA>", "rank_c_unfiltered": "<NA>", "pareto_frontier": "<NA>", "eligibility_population_threshold": false, "eligibility_elderly_threshold": false, "primary_eligible": false, "rank": null }, "geometry": { "type": "Polygon", "coordinates": [ [ [ 135.35, 35.454166666666673 ], [ 135.35625, 35.454166666666673 ], [ 135.35625, 35.458333333333343 ], [ 135.35, 35.458333333333343 ], [ 135.35, 35.454166666666673 ] ] ] } },
{ "type": "Feature", "properties": { "mesh_code": "533512484", "centroid_lat": 35.45625, "centroid_lon": 135.359375, "city_area_fraction": 1.0, "centroid_within_city": true, "population": 330, "elderly_population": null, "reported_elderly_population": 176.0, "elderly_ratio": null, "HTKSYORI": "1", "HTKSAKI": null, "GASSAN": "533512483", "disclosure_status": "aggregation_destination", "suppression_flag": false, "aggregation_target_flag": true, "aggregation_flag": true, "primary_eligible_disclosure": false, "nearest_station_name": "西舞鶴駅", "nearest_station_distance_m": 3073.7695401055003, "nearest_bus_stop_name": "清道", "nearest_bus_stop_distance_m": 241.75898507137649, "nearest_public_transport_type": "bus_stop", "nearest_public_transport_name": "清道", "nearest_public_transport_distance_m": 241.75898507137649, "nearest_medical_name": "特別養護老人ホーム真愛の家寿荘医務室", "nearest_medical_distance_m": 559.94025943308338, "nearest_hospital_name": "市立舞鶴市民病院", "nearest_hospital_distance_m": 2287.8001860374079, "nearest_clinic_name": "特別養護老人ホーム真愛の家寿荘医務室", "nearest_clinic_distance_m": 559.94025943308338, "elderly_population_percentile": "<NA>", "elderly_ratio_percentile": "<NA>", "transport_distance_percentile": "<NA>", "medical_distance_percentile": "<NA>", "exploratory_score_a": "<NA>", "exploratory_score_b": "<NA>", "exploratory_score_c": "<NA>", "rank_a_unfiltered": "<NA>", "rank_b_unfiltered": "<NA>", "rank_c_unfiltered": "<NA>", "pareto_frontier": "<NA>", "eligibility_population_threshold": true, "eligibility_elderly_threshold": false, "primary_eligible": false, "rank": null }, "geometry": { "type": "Polygon", "coordinates": [ [ [ 135.35625, 35.454166666666673 ], [ 135.3625, 35.454166666666673 ], [ 135.3625, 35.458333333333343 ], [ 135.35625, 35.458333333333343 ], [ 135.35625, 35.454166666666673 ] ] ] } },
{ "type": "Feature", "properties": { "mesh_code": "533512491", "centroid_lat": 35.452083333333334, "centroid_lon": 135.365625, "city_area_fraction": 1.0, "centroid_within_city": true, "population": 18, "elderly_population": 0.0, "reported_elderly_population": 0.0, "elderly_ratio": 0.0, "HTKSYORI": "0", "HTKSAKI": null, "GASSAN": null, "disclosure_status": "unaffected", "suppression_flag": false, "aggregation_target_flag": false, "aggregation_flag": false, "primary_eligible_disclosure": true, "nearest_station_name": "東舞鶴駅", "nearest_station_distance_m": 3220.4400352668426, "nearest_bus_stop_name": "清道", "nearest_bus_stop_distance_m": 543.86052117602219, "nearest_public_transport_type": "bus_stop", "nearest_public_transport_name": "清道", "nearest_public_transport_distance_m": 543.86052117602219, "nearest_medical_name": "特別養護老人ホーム真愛の家寿荘医務室", "nearest_medical_distance_m": 818.18337859119129, "nearest_hospital_name": "市立舞鶴市民病院", "nearest_hospital_distance_m": 2585.0909540647112, "nearest_clinic_name": "特別養護老人ホーム真愛の家寿荘医務室", "nearest_clinic_distance_m": 818.18337859119129, "elderly_population_percentile": "0.013986013986013986", "elderly_ratio_percentile": "0.013986013986013986", "transport_distance_percentile": "0.527972027972028", "medical_distance_percentile": "0.3776223776223776", "exploratory_score_a": "0.007384224167440952", "exploratory_score_b": "0.005281431854858428", "exploratory_score_c": "0.002788448287005674", "rank_a_unfiltered": "277", "rank_b_unfiltered": "281", "rank_c_unfiltered": "269", "pareto_frontier": "False", "eligibility_population_threshold": false, "eligibility_elderly_threshold": false, "primary_eligible": false, "rank": null }, "geometry": { "type": "Polygon", "coordinates": [ [ [ 135.3625, 35.45 ], [ 135.36875, 35.45 ], [ 135.36875, 35.454166666666673 ], [ 135.3625, 35.454166666666673 ], [ 135.3625, 35.45 ] ] ] } },
{ "type": "Feature", "properties": { "mesh_code": "533512502", "centroid_lat": 35.460416666666674, "centroid_lon": 135.259375, "city_area_fraction": 1.0, "centroid_within_city": true, "population": 93, "elderly_population": null, "reported_elderly_population": 45.0, "elderly_ratio": null, "HTKSYORI": "1", "HTKSAKI": null, "GASSAN": "533512402;533512403", "disclosure_status": "aggregation_destination", "suppression_flag": false, "aggregation_target_flag": true, "aggregation_flag": true, "primary_eligible_disclosure": false, "nearest_station_name": "東雲駅", "nearest_station_distance_m": 2830.5256465016118, "nearest_bus_stop_name": "八田・由良川学園前", "nearest_bus_stop_distance_m": 1038.3801092715521, "nearest_public_transport_type": "bus_stop", "nearest_public_transport_name": "八田・由良川学園前", "nearest_public_transport_distance_m": 1038.3801092715521, "nearest_medical_name": "市立舞鶴市民病院加佐診療所", "nearest_medical_distance_m": 862.27304897241299, "nearest_hospital_name": "舞鶴赤十字病院", "nearest_hospital_distance_m": 7271.3461228712877, "nearest_clinic_name": "市立舞鶴市民病院加佐診療所", "nearest_clinic_distance_m": 862.27304897241299, "elderly_population_percentile": "<NA>", "elderly_ratio_percentile": "<NA>", "transport_distance_percentile": "<NA>", "medical_distance_percentile": "<NA>", "exploratory_score_a": "<NA>", "exploratory_score_b": "<NA>", "exploratory_score_c": "<NA>", "rank_a_unfiltered": "<NA>", "rank_b_unfiltered": "<NA>", "rank_c_unfiltered": "<NA>", "pareto_frontier": "<NA>", "eligibility_population_threshold": true, "eligibility_elderly_threshold": false, "primary_eligible": false, "rank": null }, "geometry": { "type": "Polygon", "coordinates": [ [ [ 135.25625, 35.458333333333336 ], [ 135.2625, 35.458333333333336 ], [ 135.2625, 35.4625 ], [ 135.25625, 35.4625 ], [ 135.25625, 35.458333333333336 ] ] ] } },
{ "type": "Feature", "properties": { "mesh_code": "533512511", "centroid_lat": 35.460416666666674, "centroid_lon": 135.265625, "city_area_fraction": 0.99999999999999978, "centroid_within_city": true, "population": 24, "elderly_population": 9.0, "reported_elderly_population": 9.0, "elderly_ratio": 0.375, "HTKSYORI": "0", "HTKSAKI": null, "GASSAN": null, "disclosure_status": "unaffected", "suppression_flag": false, "aggregation_target_flag": false, "aggregation_flag": false, "primary_eligible_disclosure": true, "nearest_station_name": "東雲駅", "nearest_station_distance_m": 2387.4435549701134, "nearest_bus_stop_name": "八田・由良川学園前", "nearest_bus_stop_distance_m": 904.87346853431359, "nearest_public_transport_type": "bus_stop", "nearest_public_transport_name": "八田・由良川学園前", "nearest_public_transport_distance_m": 904.87346853431359, "nearest_medical_name": "市立舞鶴市民病院加佐診療所", "nearest_medical_distance_m": 819.26727611273793, "nearest_hospital_name": "舞鶴赤十字病院", "nearest_hospital_distance_m": 6721.7227116614295, "nearest_clinic_name": "市立舞鶴市民病院加佐診療所", "nearest_clinic_distance_m": 819.26727611273793, "elderly_population_percentile": "0.19230769230769232", "elderly_ratio_percentile": "0.46503496503496505", "transport_distance_percentile": "0.6923076923076923", "medical_distance_percentile": "0.3811188811188811", "exploratory_score_a": "0.13313609467455623", "exploratory_score_b": "0.07329209252286176", "exploratory_score_c": "0.05074067943890429", "rank_a_unfiltered": "178", "rank_b_unfiltered": "230", "rank_c_unfiltered": "174", "pareto_frontier": "False", "eligibility_population_threshold": true, "eligibility_elderly_threshold": false, "primary_eligible": false, "rank": null }, "geometry": { "type": "Polygon", "coordinates": [ [ [ 135.2625, 35.458333333333336 ], [ 135.26875, 35.458333333333336 ], [ 135.26875, 35.4625 ], [ 135.2625, 35.4625 ], [ 135.2625, 35.458333333333336 ] ] ] } },
{ "type": "Feature", "properties": { "mesh_code": "533512512", "centroid_lat": 35.460416666666674, "centroid_lon": 135.271875, "city_area_fraction": 1.0, "centroid_within_city": true, "population": 19, "elderly_population": 10.0, "reported_elderly_population": 10.0, "elderly_ratio": 0.52631578947368418, "HTKSYORI": "0", "HTKSAKI": null, "GASSAN": null, "disclosure_status": "unaffected", "suppression_flag": false, "aggregation_target_flag": false, "aggregation_flag": false, "primary_eligible_disclosure": true, "nearest_station_name": "東雲駅", "nearest_station_distance_m": 2007.8514100005373, "nearest_bus_stop_name": "八田・由良川学園前", "nearest_bus_stop_distance_m": 1096.8624585091352, "nearest_public_transport_type": "bus_stop", "nearest_public_transport_name": "八田・由良川学園前", "nearest_public_transport_distance_m": 1096.8624585091352, "nearest_medical_name": "市立舞鶴市民病院加佐診療所", "nearest_medical_distance_m": 1114.7300494931792, "nearest_hospital_name": "舞鶴赤十字病院", "nearest_hospital_distance_m": 6175.3099485598905, "nearest_clinic_name": "市立舞鶴市民病院加佐診療所", "nearest_clinic_distance_m": 1114.7300494931792, "elderly_population_percentile": "0.22727272727272727", "elderly_ratio_percentile": "0.763986013986014", "transport_distance_percentile": "0.7167832167832168", "medical_distance_percentile": "0.493006993006993", "exploratory_score_a": "0.16290527654164016", "exploratory_score_b": "0.11204704386522568", "exploratory_score_c": "0.08031344053276666", "rank_a_unfiltered": "161", "rank_b_unfiltered": "197", "rank_c_unfiltered": "141", "pareto_frontier": "False", "eligibility_population_threshold": false, "eligibility_elderly_threshold": true, "primary_eligible": false, "rank": null }, "geometry": { "type": "Polygon", "coordinates": [ [ [ 135.26875, 35.458333333333336 ], [ 135.275, 35.458333333333336 ], [ 135.275, 35.4625 ], [ 135.26875, 35.4625 ], [ 135.26875, 35.458333333333336 ] ] ] } },
{ "type": "Feature", "properties": { "mesh_code": "533512513", "centroid_lat": 35.464583333333337, "centroid_lon": 135.265625, "city_area_fraction": 1.0000000000000002, "centroid_within_city": true, "population": 65, "elderly_population": 27.0, "reported_elderly_population": 27.0, "elderly_ratio": 0.41538461538461541, "HTKSYORI": "0", "HTKSAKI": null, "GASSAN": null, "disclosure_status": "unaffected", "suppression_flag": false, "aggregation_target_flag": false, "aggregation_flag": false, "primary_eligible_disclosure": true, "nearest_station_name": "東雲駅", "nearest_station_distance_m": 2101.4741009065183, "nearest_bus_stop_name": "八田・由良川学園前", "nearest_bus_stop_distance_m": 1366.5739125686553, "nearest_public_transport_type": "bus_stop", "nearest_public_transport_name": "八田・由良川学園前", "nearest_public_transport_distance_m": 1366.5739125686553, "nearest_medical_name": "市立舞鶴市民病院加佐診療所", "nearest_medical_distance_m": 1270.6390759872465, "nearest_hospital_name": "舞鶴赤十字病院", "nearest_hospital_distance_m": 6855.4182567886428, "nearest_clinic_name": "市立舞鶴市民病院加佐診療所", "nearest_clinic_distance_m": 1270.6390759872465, "elderly_population_percentile": "0.5157342657342657", "elderly_ratio_percentile": "0.541958041958042", "transport_distance_percentile": "0.7902097902097902", "medical_distance_percentile": "0.5454545454545454", "exploratory_score_a": "0.4075382659298743", "exploratory_score_b": "0.28130959949141765", "exploratory_score_c": "0.22229359959811323", "rank_a_unfiltered": "39", "rank_b_unfiltered": "78", "rank_c_unfiltered": "41", "pareto_frontier": "False", "eligibility_population_threshold": true, "eligibility_elderly_threshold": true, "primary_eligible": true, "rank": 40 }, "geometry": { "type": "Polygon", "coordinates": [ [ [ 135.2625, 35.4625 ], [ 135.26875, 35.4625 ], [ 135.26875, 35.466666666666676 ], [ 135.2625, 35.466666666666676 ], [ 135.2625, 35.4625 ] ] ] } },
{ "type": "Feature", "properties": { "mesh_code": "533512514", "centroid_lat": 35.464583333333337, "centroid_lon": 135.271875, "city_area_fraction": 1.0, "centroid_within_city": true, "population": 71, "elderly_population": 24.0, "reported_elderly_population": 24.0, "elderly_ratio": 0.3380281690140845, "HTKSYORI": "0", "HTKSAKI": null, "GASSAN": null, "disclosure_status": "unaffected", "suppression_flag": false, "aggregation_target_flag": false, "aggregation_flag": false, "primary_eligible_disclosure": true, "nearest_station_name": "東雲駅", "nearest_station_distance_m": 1657.6673946623553, "nearest_bus_stop_name": "八田・由良川学園前", "nearest_bus_stop_distance_m": 1500.6047860624283, "nearest_public_transport_type": "bus_stop", "nearest_public_transport_name": "八田・由良川学園前", "nearest_public_transport_distance_m": 1500.6047860624283, "nearest_medical_name": "市立舞鶴市民病院加佐診療所", "nearest_medical_distance_m": 1478.4848762071501, "nearest_hospital_name": "舞鶴赤十字病院", "nearest_hospital_distance_m": 6320.6026601716394, "nearest_clinic_name": "市立舞鶴市民病院加佐診療所", "nearest_clinic_distance_m": 1478.4848762071501, "elderly_population_percentile": "0.46503496503496505", "elderly_ratio_percentile": "0.3741258741258741", "transport_distance_percentile": "0.8041958041958042", "medical_distance_percentile": "0.6188811188811189", "exploratory_score_a": "0.3739791676854614", "exploratory_score_b": "0.28780135947968116", "exploratory_score_c": "0.23144864573540794", "rank_a_unfiltered": "52", "rank_b_unfiltered": "73", "rank_c_unfiltered": "34", "pareto_frontier": "False", "eligibility_population_threshold": true, "eligibility_elderly_threshold": true, "primary_eligible": true, "rank": 33 }, "geometry": { "type": "Polygon", "coordinates": [ [ [ 135.26875, 35.4625 ], [ 135.275, 35.4625 ], [ 135.275, 35.466666666666676 ], [ 135.26875, 35.466666666666676 ], [ 135.26875, 35.4625 ] ] ] } },
{ "type": "Feature", "properties": { "mesh_code": "533512521", "centroid_lat": 35.460416666666674, "centroid_lon": 135.278125, "city_area_fraction": 0.99999999999999978, "centroid_within_city": true, "population": 48, "elderly_population": 26.0, "reported_elderly_population": 26.0, "elderly_ratio": 0.54166666666666663, "HTKSYORI": "0", "HTKSAKI": null, "GASSAN": null, "disclosure_status": "unaffected", "suppression_flag": false, "aggregation_target_flag": false, "aggregation_flag": false, "primary_eligible_disclosure": true, "nearest_station_name": "東雲駅", "nearest_station_distance_m": 1733.9594306688039, "nearest_bus_stop_name": "ふじつ温泉前", "nearest_bus_stop_distance_m": 1264.4091017436722, "nearest_public_transport_type": "bus_stop", "nearest_public_transport_name": "ふじつ温泉前", "nearest_public_transport_distance_m": 1264.4091017436722, "nearest_medical_name": "市立舞鶴市民病院加佐診療所", "nearest_medical_distance_m": 1567.7326500634208, "nearest_hospital_name": "舞鶴赤十字病院", "nearest_hospital_distance_m": 5633.0420612400785, "nearest_clinic_name": "市立舞鶴市民病院加佐診療所", "nearest_clinic_distance_m": 1567.7326500634208, "elderly_population_percentile": "0.5", "elderly_ratio_percentile": "0.7937062937062938", "transport_distance_percentile": "0.7587412587412588", "medical_distance_percentile": "0.6398601398601399", "exploratory_score_a": "0.3793706293706294", "exploratory_score_b": "0.31993006993006995", "exploratory_score_c": "0.2427441439679202", "rank_a_unfiltered": "49", "rank_b_unfiltered": "61", "rank_c_unfiltered": "31", "pareto_frontier": "False", "eligibility_population_threshold": true, "eligibility_elderly_threshold": true, "primary_eligible": true, "rank": 31 }, "geometry": { "type": "Polygon", "coordinates": [ [ [ 135.275, 35.458333333333336 ], [ 135.28125, 35.458333333333336 ], [ 135.28125, 35.4625 ], [ 135.275, 35.4625 ], [ 135.275, 35.458333333333336 ] ] ] } },
{ "type": "Feature", "properties": { "mesh_code": "533512522", "centroid_lat": 35.460416666666674, "centroid_lon": 135.284375, "city_area_fraction": 0.99999999999999978, "centroid_within_city": true, "population": 9, "elderly_population": 7.0, "reported_elderly_population": 7.0, "elderly_ratio": 0.77777777777777779, "HTKSYORI": "0", "HTKSAKI": null, "GASSAN": null, "disclosure_status": "unaffected", "suppression_flag": false, "aggregation_target_flag": false, "aggregation_flag": false, "primary_eligible_disclosure": true, "nearest_station_name": "東雲駅", "nearest_station_distance_m": 1620.2867079771252, "nearest_bus_stop_name": "ふじつ温泉前", "nearest_bus_stop_distance_m": 1331.4358444545169, "nearest_public_transport_type": "bus_stop", "nearest_public_transport_name": "ふじつ温泉前", "nearest_public_transport_distance_m": 1331.4358444545169, "nearest_medical_name": "市立舞鶴市民病院加佐診療所", "nearest_medical_distance_m": 2077.6633111531432, "nearest_hospital_name": "舞鶴赤十字病院", "nearest_hospital_distance_m": 5096.2421566776366, "nearest_clinic_name": "市立舞鶴市民病院加佐診療所", "nearest_clinic_distance_m": 2077.6633111531432, "elderly_population_percentile": "0.12062937062937062", "elderly_ratio_percentile": "0.9702797202797203", "transport_distance_percentile": "0.7797202797202797", "medical_distance_percentile": "0.7167832167832168", "exploratory_score_a": "0.09405716660961415", "exploratory_score_b": "0.08646510831825517", "exploratory_score_c": "0.0674185984439542", "rank_a_unfiltered": "209", "rank_b_unfiltered": "215", "rank_c_unfiltered": "152", "pareto_frontier": "False", "eligibility_population_threshold": false, "eligibility_elderly_threshold": false, "primary_eligible": false, "rank": null }, "geometry": { "type": "Polygon", "coordinates": [ [ [ 135.28125, 35.458333333333336 ], [ 135.2875, 35.458333333333336 ], [ 135.2875, 35.4625 ], [ 135.28125, 35.4625 ], [ 135.28125, 35.458333333333336 ] ] ] } },
{ "type": "Feature", "properties": { "mesh_code": "533512523", "centroid_lat": 35.464583333333337, "centroid_lon": 135.278125, "city_area_fraction": 1.0, "centroid_within_city": true, "population": 24, "elderly_population": 10.0, "reported_elderly_population": 10.0, "elderly_ratio": 0.41666666666666669, "HTKSYORI": "0", "HTKSAKI": null, "GASSAN": null, "disclosure_status": "unaffected", "suppression_flag": false, "aggregation_target_flag": false, "aggregation_flag": false, "primary_eligible_disclosure": true, "nearest_station_name": "東雲駅", "nearest_station_distance_m": 1312.6550385413923, "nearest_bus_stop_name": "ふじつ温泉前", "nearest_bus_stop_distance_m": 1724.8706102931201, "nearest_public_transport_type": "station", "nearest_public_transport_name": "東雲駅", "nearest_public_transport_distance_m": 1312.6550385413923, "nearest_medical_name": "市立舞鶴市民病院加佐診療所", "nearest_medical_distance_m": 1844.1845269997152, "nearest_hospital_name": "舞鶴赤十字病院", "nearest_hospital_distance_m": 5791.9820842260433, "nearest_clinic_name": "市立舞鶴市民病院加佐診療所", "nearest_clinic_distance_m": 1844.1845269997152, "elderly_population_percentile": "0.22727272727272727", "elderly_ratio_percentile": "0.5454545454545454", "transport_distance_percentile": "0.7762237762237763", "medical_distance_percentile": "0.6783216783216783", "exploratory_score_a": "0.17641449459631278", "exploratory_score_b": "0.15416401780038144", "exploratory_score_c": "0.11966577605484154", "rank_a_unfiltered": "149", "rank_b_unfiltered": "157", "rank_c_unfiltered": "100", "pareto_frontier": "False", "eligibility_population_threshold": true, "eligibility_elderly_threshold": true, "primary_eligible": true, "rank": 89 }, "geometry": { "type": "Polygon", "coordinates": [ [ [ 135.275, 35.4625 ], [ 135.28125, 35.4625 ], [ 135.28125, 35.466666666666676 ], [ 135.275, 35.466666666666676 ], [ 135.275, 35.4625 ] ] ] } },
{ "type": "Feature", "properties": { "mesh_code": "533512524", "centroid_lat": 35.464583333333337, "centroid_lon": 135.284375, "city_area_fraction": 1.0, "centroid_within_city": true, "population": 20, "elderly_population": 5.0, "reported_elderly_population": 5.0, "elderly_ratio": 0.25, "HTKSYORI": "0", "HTKSAKI": null, "GASSAN": null, "disclosure_status": "unaffected", "suppression_flag": false, "aggregation_target_flag": false, "aggregation_flag": false, "primary_eligible_disclosure": true, "nearest_station_name": "東雲駅", "nearest_station_distance_m": 1158.3599586735502, "nearest_bus_stop_name": "ふじつ温泉前", "nearest_bus_stop_distance_m": 1774.5871139782469, "nearest_public_transport_type": "station", "nearest_public_transport_name": "東雲駅", "nearest_public_transport_distance_m": 1158.3599586735502, "nearest_medical_name": "市立舞鶴市民病院加佐診療所", "nearest_medical_distance_m": 2293.429530492388, "nearest_hospital_name": "舞鶴赤十字病院", "nearest_hospital_distance_m": 5271.4204065634121, "nearest_clinic_name": "市立舞鶴市民病院加佐診療所", "nearest_clinic_distance_m": 2293.429530492388, "elderly_population_percentile": "0.06468531468531469", "elderly_ratio_percentile": "0.1451048951048951", "transport_distance_percentile": "0.7412587412587412", "medical_distance_percentile": "0.7412587412587412", "exploratory_score_a": "0.04794855494156194", "exploratory_score_b": "0.04794855494156194", "exploratory_score_c": "0.0355422854811578", "rank_a_unfiltered": "244", "rank_b_unfiltered": "251", "rank_c_unfiltered": "200", "pareto_frontier": "False", "eligibility_population_threshold": true, "eligibility_elderly_threshold": false, "primary_eligible": false, "rank": null }, "geometry": { "type": "Polygon", "coordinates": [ [ [ 135.28125, 35.4625 ], [ 135.2875, 35.4625 ], [ 135.2875, 35.466666666666676 ], [ 135.28125, 35.466666666666676 ], [ 135.28125, 35.4625 ] ] ] } },
{ "type": "Feature", "properties": { "mesh_code": "533512531", "centroid_lat": 35.460416666666674, "centroid_lon": 135.290625, "city_area_fraction": 0.99999999999999978, "centroid_within_city": true, "population": 50, "elderly_population": null, "reported_elderly_population": 31.0, "elderly_ratio": null, "HTKSYORI": "1", "HTKSAKI": null, "GASSAN": "533512533", "disclosure_status": "aggregation_destination", "suppression_flag": false, "aggregation_target_flag": true, "aggregation_flag": true, "primary_eligible_disclosure": false, "nearest_station_name": "四所駅", "nearest_station_distance_m": 1586.298109654042, "nearest_bus_stop_name": "一盃水", "nearest_bus_stop_distance_m": 1419.7455921109902, "nearest_public_transport_type": "bus_stop", "nearest_public_transport_name": "一盃水", "nearest_public_transport_distance_m": 1419.7455921109902, "nearest_medical_name": "市立舞鶴市民病院加佐診療所", "nearest_medical_distance_m": 2611.3825546451953, "nearest_hospital_name": "舞鶴赤十字病院", "nearest_hospital_distance_m": 4566.8386159549009, "nearest_clinic_name": "市立舞鶴市民病院加佐診療所", "nearest_clinic_distance_m": 2611.3825546451953, "elderly_population_percentile": "<NA>", "elderly_ratio_percentile": "<NA>", "transport_distance_percentile": "<NA>", "medical_distance_percentile": "<NA>", "exploratory_score_a": "<NA>", "exploratory_score_b": "<NA>", "exploratory_score_c": "<NA>", "rank_a_unfiltered": "<NA>", "rank_b_unfiltered": "<NA>", "rank_c_unfiltered": "<NA>", "pareto_frontier": "<NA>", "eligibility_population_threshold": true, "eligibility_elderly_threshold": false, "primary_eligible": false, "rank": null }, "geometry": { "type": "Polygon", "coordinates": [ [ [ 135.2875, 35.458333333333336 ], [ 135.29375, 35.458333333333336 ], [ 135.29375, 35.4625 ], [ 135.2875, 35.4625 ], [ 135.2875, 35.458333333333336 ] ] ] } },
{ "type": "Feature", "properties": { "mesh_code": "533512533", "centroid_lat": 35.464583333333337, "centroid_lon": 135.290625, "city_area_fraction": 0.99999999999999978, "centroid_within_city": true, "population": 6, "elderly_population": null, "reported_elderly_population": null, "elderly_ratio": null, "HTKSYORI": "2", "HTKSAKI": "533512531", "GASSAN": null, "disclosure_status": "suppressed_source", "suppression_flag": true, "aggregation_target_flag": false, "aggregation_flag": false, "primary_eligible_disclosure": false, "nearest_station_name": "東雲駅", "nearest_station_distance_m": 1266.5161114332584, "nearest_bus_stop_name": "一盃水", "nearest_bus_stop_distance_m": 1864.9247652425361, "nearest_public_transport_type": "station", "nearest_public_transport_name": "東雲駅", "nearest_public_transport_distance_m": 1266.5161114332584, "nearest_medical_name": "市立舞鶴市民病院加佐診療所", "nearest_medical_distance_m": 2786.0945965079372, "nearest_hospital_name": "舞鶴赤十字病院", "nearest_hospital_distance_m": 4761.5613111912944, "nearest_clinic_name": "市立舞鶴市民病院加佐診療所", "nearest_clinic_distance_m": 2786.0945965079372, "elderly_population_percentile": "<NA>", "elderly_ratio_percentile": "<NA>", "transport_distance_percentile": "<NA>", "medical_distance_percentile": "<NA>", "exploratory_score_a": "<NA>", "exploratory_score_b": "<NA>", "exploratory_score_c": "<NA>", "rank_a_unfiltered": "<NA>", "rank_b_unfiltered": "<NA>", "rank_c_unfiltered": "<NA>", "pareto_frontier": "<NA>", "eligibility_population_threshold": false, "eligibility_elderly_threshold": false, "primary_eligible": false, "rank": null }, "geometry": { "type": "Polygon", "coordinates": [ [ [ 135.2875, 35.4625 ], [ 135.29375, 35.4625 ], [ 135.29375, 35.466666666666676 ], [ 135.2875, 35.466666666666676 ], [ 135.2875, 35.4625 ] ] ] } },
{ "type": "Feature", "properties": { "mesh_code": "533512542", "centroid_lat": 35.460416666666674, "centroid_lon": 135.309375, "city_area_fraction": 0.96875558957641072, "centroid_within_city": true, "population": 173, "elderly_population": 69.0, "reported_elderly_population": 69.0, "elderly_ratio": 0.39884393063583817, "HTKSYORI": "0", "HTKSAKI": null, "GASSAN": null, "disclosure_status": "unaffected", "suppression_flag": false, "aggregation_target_flag": false, "aggregation_flag": false, "primary_eligible_disclosure": true, "nearest_station_name": "四所駅", "nearest_station_distance_m": 2331.212111760532, "nearest_bus_stop_name": "下福井", "nearest_bus_stop_distance_m": 1277.6636645903181, "nearest_public_transport_type": "bus_stop", "nearest_public_transport_name": "下福井", "nearest_public_transport_distance_m": 1277.6636645903181, "nearest_medical_name": "国土交通省共済組合第八管区 海上保安本部支部診療所", "nearest_medical_distance_m": 1311.8205110221641, "nearest_hospital_name": "舞鶴赤十字病院", "nearest_hospital_distance_m": 3061.3472947627861, "nearest_clinic_name": "国土交通省共済組合第八管区 海上保安本部支部診療所", "nearest_clinic_distance_m": 1311.8205110221641, "elderly_population_percentile": "0.6608391608391608", "elderly_ratio_percentile": "0.4965034965034965", "transport_distance_percentile": "0.7692307692307693", "medical_distance_percentile": "0.5594405594405595", "exploratory_score_a": "0.5083378160301237", "exploratory_score_b": "0.36970022984009", "exploratory_score_c": "0.28438479218468465", "rank_a_unfiltered": "12", "rank_b_unfiltered": "44", "rank_c_unfiltered": "22", "pareto_frontier": "False", "eligibility_population_threshold": true, "eligibility_elderly_threshold": true, "primary_eligible": true, "rank": 22 }, "geometry": { "type": "Polygon", "coordinates": [ [ [ 135.30625, 35.458333333333336 ], [ 135.3125, 35.458333333333336 ], [ 135.3125, 35.4625 ], [ 135.30625, 35.4625 ], [ 135.30625, 35.458333333333336 ] ] ] } },
{ "type": "Feature", "properties": { "mesh_code": "533512551", "centroid_lat": 35.460416666666674, "centroid_lon": 135.315625, "city_area_fraction": 0.54163833857725807, "centroid_within_city": true, "population": 37, "elderly_population": 13.0, "reported_elderly_population": 13.0, "elderly_ratio": 0.35135135135135137, "HTKSYORI": "0", "HTKSAKI": null, "GASSAN": null, "disclosure_status": "unaffected", "suppression_flag": false, "aggregation_target_flag": false, "aggregation_flag": false, "primary_eligible_disclosure": true, "nearest_station_name": "西舞鶴駅", "nearest_station_distance_m": 2476.7870558923432, "nearest_bus_stop_name": "合同庁舎前", "nearest_bus_stop_distance_m": 1143.3089616982988, "nearest_public_transport_type": "bus_stop", "nearest_public_transport_name": "合同庁舎前", "nearest_public_transport_distance_m": 1143.3089616982988, "nearest_medical_name": "国土交通省共済組合第八管区 海上保安本部支部診療所", "nearest_medical_distance_m": 1098.2804239723221, "nearest_hospital_name": "舞鶴赤十字病院", "nearest_hospital_distance_m": 2613.6944879449634, "nearest_clinic_name": "国土交通省共済組合第八管区 海上保安本部支部診療所", "nearest_clinic_distance_m": 1098.2804239723221, "elderly_population_percentile": "0.28846153846153844", "elderly_ratio_percentile": "0.4195804195804196", "transport_distance_percentile": "0.7307692307692307", "medical_distance_percentile": "0.48951048951048953", "exploratory_score_a": "0.2107988165680473", "exploratory_score_b": "0.14120494889725657", "exploratory_score_c": "0.10318823188645673", "rank_a_unfiltered": "127", "rank_b_unfiltered": "174", "rank_c_unfiltered": "117", "pareto_frontier": "False", "eligibility_population_threshold": true, "eligibility_elderly_threshold": true, "primary_eligible": true, "rank": 101 }, "geometry": { "type": "Polygon", "coordinates": [ [ [ 135.3125, 35.458333333333336 ], [ 135.31875, 35.458333333333336 ], [ 135.31875, 35.4625 ], [ 135.3125, 35.4625 ], [ 135.3125, 35.458333333333336 ] ] ] } },
{ "type": "Feature", "properties": { "mesh_code": "533512553", "centroid_lat": 35.464583333333337, "centroid_lon": 135.315625, "city_area_fraction": 0.75785543038369219, "centroid_within_city": true, "population": 21, "elderly_population": 9.0, "reported_elderly_population": 9.0, "elderly_ratio": 0.42857142857142855, "HTKSYORI": "0", "HTKSAKI": null, "GASSAN": null, "disclosure_status": "unaffected", "suppression_flag": false, "aggregation_target_flag": false, "aggregation_flag": false, "primary_eligible_disclosure": true, "nearest_station_name": "西舞鶴駅", "nearest_station_distance_m": 2874.9498018506692, "nearest_bus_stop_name": "二尾", "nearest_bus_stop_distance_m": 1306.4595930769244, "nearest_public_transport_type": "bus_stop", "nearest_public_transport_name": "二尾", "nearest_public_transport_distance_m": 1306.4595930769244, "nearest_medical_name": "国土交通省共済組合第八管区 海上保安本部支部診療所", "nearest_medical_distance_m": 1556.6224480496833, "nearest_hospital_name": "舞鶴赤十字病院", "nearest_hospital_distance_m": 2940.8445942406111, "nearest_clinic_name": "国土交通省共済組合第八管区 海上保安本部支部診療所", "nearest_clinic_distance_m": 1556.6224480496833, "elderly_population_percentile": "0.19230769230769232", "elderly_ratio_percentile": "0.5769230769230769", "transport_distance_percentile": "0.7727272727272727", "medical_distance_percentile": "0.6328671328671329", "exploratory_score_a": "0.1486013986013986", "exploratory_score_b": "0.12170521785906403", "exploratory_score_c": "0.0940449410729131", "rank_a_unfiltered": "167", "rank_b_unfiltered": "186", "rank_c_unfiltered": "127", "pareto_frontier": "False", "eligibility_population_threshold": true, "eligibility_elderly_threshold": false, "primary_eligible": false, "rank": null }, "geometry": { "type": "Polygon", "coordinates": [ [ [ 135.3125, 35.4625 ], [ 135.31875, 35.4625 ], [ 135.31875, 35.466666666666676 ], [ 135.3125, 35.466666666666676 ], [ 135.3125, 35.4625 ] ] ] } },
{ "type": "Feature", "properties": { "mesh_code": "533512561", "centroid_lat": 35.460416666666674, "centroid_lon": 135.328125, "city_area_fraction": 0.73780826370621755, "centroid_within_city": true, "population": 246, "elderly_population": 104.0, "reported_elderly_population": 104.0, "elderly_ratio": 0.42276422764227645, "HTKSYORI": "0", "HTKSAKI": null, "GASSAN": null, "disclosure_status": "unaffected", "suppression_flag": false, "aggregation_target_flag": false, "aggregation_flag": false, "primary_eligible_disclosure": true, "nearest_station_name": "西舞鶴駅", "nearest_station_distance_m": 2085.3651483298681, "nearest_bus_stop_name": "東吉原", "nearest_bus_stop_distance_m": 311.87483198160839, "nearest_public_transport_type": "bus_stop", "nearest_public_transport_name": "東吉原", "nearest_public_transport_distance_m": 311.87483198160839, "nearest_medical_name": "隅山医院", "nearest_medical_distance_m": 957.97856922443179, "nearest_hospital_name": "舞鶴赤十字病院", "nearest_hospital_distance_m": 1918.828596719226, "nearest_clinic_name": "隅山医院", "nearest_clinic_distance_m": 957.97856922443179, "elderly_population_percentile": "0.743006993006993", "elderly_ratio_percentile": "0.5559440559440559", "transport_distance_percentile": "0.3356643356643357", "medical_distance_percentile": "0.44755244755244755", "exploratory_score_a": "0.24940094870164803", "exploratory_score_b": "0.332534598268864", "exploratory_score_c": "0.11162000501332499", "rank_a_unfiltered": "108", "rank_b_unfiltered": "54", "rank_c_unfiltered": "108", "pareto_frontier": "False", "eligibility_population_threshold": true, "eligibility_elderly_threshold": true, "primary_eligible": true, "rank": 95 }, "geometry": { "type": "Polygon", "coordinates": [ [ [ 135.325, 35.458333333333336 ], [ 135.33125, 35.458333333333336 ], [ 135.33125, 35.4625 ], [ 135.325, 35.4625 ], [ 135.325, 35.458333333333336 ] ] ] } },
{ "type": "Feature", "properties": { "mesh_code": "533512563", "centroid_lat": 35.464583333333337, "centroid_lon": 135.328125, "city_area_fraction": 0.52381454856213849, "centroid_within_city": true, "population": 67, "elderly_population": 22.0, "reported_elderly_population": 22.0, "elderly_ratio": 0.32835820895522388, "HTKSYORI": "0", "HTKSAKI": null, "GASSAN": null, "disclosure_status": "unaffected", "suppression_flag": false, "aggregation_target_flag": false, "aggregation_flag": false, "primary_eligible_disclosure": true, "nearest_station_name": "西舞鶴駅", "nearest_station_distance_m": 2545.5251863264311, "nearest_bus_stop_name": "二尾", "nearest_bus_stop_distance_m": 184.38741202237432, "nearest_public_transport_type": "bus_stop", "nearest_public_transport_name": "二尾", "nearest_public_transport_distance_m": 184.38741202237432, "nearest_medical_name": "隅山医院", "nearest_medical_distance_m": 1402.4071112461568, "nearest_hospital_name": "舞鶴赤十字病院", "nearest_hospital_distance_m": 2345.0438243158856, "nearest_clinic_name": "隅山医院", "nearest_clinic_distance_m": 1402.4071112461568, "elderly_population_percentile": "0.43356643356643354", "elderly_ratio_percentile": "0.33916083916083917", "transport_distance_percentile": "0.16433566433566432", "medical_distance_percentile": "0.5909090909090909", "exploratory_score_a": "0.07125042789378452", "exploratory_score_b": "0.256198347107438", "exploratory_score_c": "0.04210252557359995", "rank_a_unfiltered": "225", "rank_b_unfiltered": "91", "rank_c_unfiltered": "189", "pareto_frontier": "False", "eligibility_population_threshold": true, "eligibility_elderly_threshold": true, "primary_eligible": true, "rank": 152 }, "geometry": { "type": "Polygon", "coordinates": [ [ [ 135.325, 35.4625 ], [ 135.33125, 35.4625 ], [ 135.33125, 35.466666666666676 ], [ 135.325, 35.466666666666676 ], [ 135.325, 35.4625 ] ] ] } },
{ "type": "Feature", "properties": { "mesh_code": "533512564", "centroid_lat": 35.464583333333337, "centroid_lon": 135.334375, "city_area_fraction": 0.99999999999999978, "centroid_within_city": true, "population": 22, "elderly_population": 6.0, "reported_elderly_population": 6.0, "elderly_ratio": 0.27272727272727271, "HTKSYORI": "0", "HTKSAKI": null, "GASSAN": null, "disclosure_status": "unaffected", "suppression_flag": false, "aggregation_target_flag": false, "aggregation_flag": false, "primary_eligible_disclosure": true, "nearest_station_name": "西舞鶴駅", "nearest_station_distance_m": 2559.7973778109017, "nearest_bus_stop_name": "二尾", "nearest_bus_stop_distance_m": 403.72922019760421, "nearest_public_transport_type": "bus_stop", "nearest_public_transport_name": "二尾", "nearest_public_transport_distance_m": 403.72922019760421, "nearest_medical_name": "特別養護老人ホーム安寿苑", "nearest_medical_distance_m": 1368.8613717361702, "nearest_hospital_name": "舞鶴赤十字病院", "nearest_hospital_distance_m": 2211.3818668289646, "nearest_clinic_name": "特別養護老人ホーム安寿苑", "nearest_clinic_distance_m": 1368.8613717361702, "elderly_population_percentile": "0.09090909090909091", "elderly_ratio_percentile": "0.18356643356643357", "transport_distance_percentile": "0.4230769230769231", "medical_distance_percentile": "0.5769230769230769", "exploratory_score_a": "0.038461538461538464", "exploratory_score_b": "0.05244755244755244", "exploratory_score_c": "0.022189349112426034", "rank_a_unfiltered": "253", "rank_b_unfiltered": "245", "rank_c_unfiltered": "226", "pareto_frontier": "False", "eligibility_population_threshold": true, "eligibility_elderly_threshold": false, "primary_eligible": false, "rank": null }, "geometry": { "type": "Polygon", "coordinates": [ [ [ 135.33125, 35.4625 ], [ 135.3375, 35.4625 ], [ 135.3375, 35.466666666666676 ], [ 135.33125, 35.466666666666676 ], [ 135.33125, 35.4625 ] ] ] } },
{ "type": "Feature", "properties": { "mesh_code": "533512581", "centroid_lat": 35.460416666666674, "centroid_lon": 135.353125, "city_area_fraction": 0.99999999999999978, "centroid_within_city": true, "population": 127, "elderly_population": 68.0, "reported_elderly_population": 68.0, "elderly_ratio": 0.53543307086614178, "HTKSYORI": "0", "HTKSAKI": null, "GASSAN": null, "disclosure_status": "unaffected", "suppression_flag": false, "aggregation_target_flag": false, "aggregation_flag": false, "primary_eligible_disclosure": true, "nearest_station_name": "西舞鶴駅", "nearest_station_distance_m": 2916.014143756674, "nearest_bus_stop_name": "五老トンネル西口", "nearest_bus_stop_distance_m": 391.56416687363401, "nearest_public_transport_type": "bus_stop", "nearest_public_transport_name": "五老トンネル西口", "nearest_public_transport_distance_m": 391.56416687363401, "nearest_medical_name": "特別養護老人ホーム安寿苑", "nearest_medical_distance_m": 930.24259909802106, "nearest_hospital_name": "市立舞鶴市民病院", "nearest_hospital_distance_m": 2203.8108733932945, "nearest_clinic_name": "特別養護老人ホーム安寿苑", "nearest_clinic_distance_m": 930.24259909802106, "elderly_population_percentile": "0.6573426573426573", "elderly_ratio_percentile": "0.7797202797202797", "transport_distance_percentile": "0.4160839160839161", "medical_distance_percentile": "0.43006993006993005", "exploratory_score_a": "0.27350970707614064", "exploratory_score_b": "0.2827033106753386", "exploratory_score_c": "0.11762830059568286", "rank_a_unfiltered": "95", "rank_b_unfiltered": "76", "rank_c_unfiltered": "102", "pareto_frontier": "False", "eligibility_population_threshold": true, "eligibility_elderly_threshold": true, "primary_eligible": true, "rank": 91 }, "geometry": { "type": "Polygon", "coordinates": [ [ [ 135.35, 35.458333333333336 ], [ 135.35625, 35.458333333333336 ], [ 135.35625, 35.4625 ], [ 135.35, 35.4625 ], [ 135.35, 35.458333333333336 ] ] ] } },
{ "type": "Feature", "properties": { "mesh_code": "533512582", "centroid_lat": 35.460416666666674, "centroid_lon": 135.359375, "city_area_fraction": 1.0, "centroid_within_city": true, "population": 34, "elderly_population": 21.0, "reported_elderly_population": 21.0, "elderly_ratio": 0.61764705882352944, "HTKSYORI": "0", "HTKSAKI": null, "GASSAN": null, "disclosure_status": "unaffected", "suppression_flag": false, "aggregation_target_flag": false, "aggregation_flag": false, "primary_eligible_disclosure": true, "nearest_station_name": "西舞鶴駅", "nearest_station_distance_m": 3339.3528446742393, "nearest_bus_stop_name": "五老ヶ岳公園口", "nearest_bus_stop_distance_m": 156.38218560847886, "nearest_public_transport_type": "bus_stop", "nearest_public_transport_name": "五老ヶ岳公園口", "nearest_public_transport_distance_m": 156.38218560847886, "nearest_medical_name": "特別養護老人ホーム真愛の家寿荘医務室", "nearest_medical_distance_m": 995.22821713362589, "nearest_hospital_name": "市立舞鶴市民病院", "nearest_hospital_distance_m": 2580.9032503552949, "nearest_clinic_name": "特別養護老人ホーム真愛の家寿荘医務室", "nearest_clinic_distance_m": 995.22821713362589, "elderly_population_percentile": "0.4195804195804196", "elderly_ratio_percentile": "0.8951048951048951", "transport_distance_percentile": "0.13986013986013987", "medical_distance_percentile": "0.45454545454545453", "exploratory_score_a": "0.058682576165093654", "exploratory_score_b": "0.19071837253655435", "exploratory_score_c": "0.02667389825686075", "rank_a_unfiltered": "235", "rank_b_unfiltered": "132", "rank_c_unfiltered": "217", "pareto_frontier": "False", "eligibility_population_threshold": true, "eligibility_elderly_threshold": true, "primary_eligible": true, "rank": 169 }, "geometry": { "type": "Polygon", "coordinates": [ [ [ 135.35625, 35.458333333333336 ], [ 135.3625, 35.458333333333336 ], [ 135.3625, 35.4625 ], [ 135.35625, 35.4625 ], [ 135.35625, 35.458333333333336 ] ] ] } },
{ "type": "Feature", "properties": { "mesh_code": "533512584", "centroid_lat": 35.464583333333337, "centroid_lon": 135.359375, "city_area_fraction": 1.0000000000000002, "centroid_within_city": true, "population": 47, "elderly_population": 12.0, "reported_elderly_population": 12.0, "elderly_ratio": 0.25531914893617019, "HTKSYORI": "0", "HTKSAKI": null, "GASSAN": null, "disclosure_status": "unaffected", "suppression_flag": false, "aggregation_target_flag": false, "aggregation_flag": false, "primary_eligible_disclosure": true, "nearest_station_name": "東舞鶴駅", "nearest_station_distance_m": 3246.8168874858211, "nearest_bus_stop_name": "五老ヶ岳公園口", "nearest_bus_stop_distance_m": 339.39266214500185, "nearest_public_transport_type": "bus_stop", "nearest_public_transport_name": "五老ヶ岳公園口", "nearest_public_transport_distance_m": 339.39266214500185, "nearest_medical_name": "医療法人社団外松医院", "nearest_medical_distance_m": 771.5003850409812, "nearest_hospital_name": "市立舞鶴市民病院", "nearest_hospital_distance_m": 2918.1270670256436, "nearest_clinic_name": "医療法人社団外松医院", "nearest_clinic_distance_m": 771.5003850409812, "elderly_population_percentile": "0.27797202797202797", "elderly_ratio_percentile": "0.15734265734265734", "transport_distance_percentile": "0.3706293706293706", "medical_distance_percentile": "0.34965034965034963", "exploratory_score_a": "0.10302459777984253", "exploratory_score_b": "0.09719301677343635", "exploratory_score_c": "0.03602258663630858", "rank_a_unfiltered": "201", "rank_b_unfiltered": "210", "rank_c_unfiltered": "198", "pareto_frontier": "False", "eligibility_population_threshold": true, "eligibility_elderly_threshold": true, "primary_eligible": true, "rank": 159 }, "geometry": { "type": "Polygon", "coordinates": [ [ [ 135.35625, 35.4625 ], [ 135.3625, 35.4625 ], [ 135.3625, 35.466666666666676 ], [ 135.35625, 35.466666666666676 ], [ 135.35625, 35.4625 ] ] ] } },
{ "type": "Feature", "properties": { "mesh_code": "533512593", "centroid_lat": 35.464583333333337, "centroid_lon": 135.365625, "city_area_fraction": 1.0, "centroid_within_city": true, "population": 62, "elderly_population": 28.0, "reported_elderly_population": 28.0, "elderly_ratio": 0.45161290322580644, "HTKSYORI": "0", "HTKSAKI": null, "GASSAN": null, "disclosure_status": "unaffected", "suppression_flag": false, "aggregation_target_flag": false, "aggregation_flag": false, "primary_eligible_disclosure": true, "nearest_station_name": "東舞鶴駅", "nearest_station_distance_m": 2686.0152100114988, "nearest_bus_stop_name": "道芝口", "nearest_bus_stop_distance_m": 387.84480067289763, "nearest_public_transport_type": "bus_stop", "nearest_public_transport_name": "道芝口", "nearest_public_transport_distance_m": 387.84480067289763, "nearest_medical_name": "医療法人社団外松医院", "nearest_medical_distance_m": 580.32462397947893, "nearest_hospital_name": "国家公務員共済組合連合会 舞鶴共済病院", "nearest_hospital_distance_m": 2395.7967605670628, "nearest_clinic_name": "医療法人社団外松医院", "nearest_clinic_distance_m": 580.32462397947893, "elderly_population_percentile": "0.5262237762237763", "elderly_ratio_percentile": "0.6293706293706294", "transport_distance_percentile": "0.4125874125874126", "medical_distance_percentile": "0.23076923076923078", "exploratory_score_a": "0.21711330627414546", "exploratory_score_b": "0.12143625605164068", "exploratory_score_c": "0.050103070678648956", "rank_a_unfiltered": "124", "rank_b_unfiltered": "187", "rank_c_unfiltered": "178", "pareto_frontier": "False", "eligibility_population_threshold": true, "eligibility_elderly_threshold": true, "primary_eligible": true, "rank": 145 }, "geometry": { "type": "Polygon", "coordinates": [ [ [ 135.3625, 35.4625 ], [ 135.36875, 35.4625 ], [ 135.36875, 35.466666666666676 ], [ 135.3625, 35.466666666666676 ], [ 135.3625, 35.4625 ] ] ] } },
{ "type": "Feature", "properties": { "mesh_code": "533512594", "centroid_lat": 35.464583333333337, "centroid_lon": 135.371875, "city_area_fraction": 1.0, "centroid_within_city": true, "population": 33, "elderly_population": 14.0, "reported_elderly_population": 14.0, "elderly_ratio": 0.42424242424242425, "HTKSYORI": "0", "HTKSAKI": null, "GASSAN": null, "disclosure_status": "unaffected", "suppression_flag": false, "aggregation_target_flag": false, "aggregation_flag": false, "primary_eligible_disclosure": true, "nearest_station_name": "東舞鶴駅", "nearest_station_distance_m": 2128.6393402209324, "nearest_bus_stop_name": "舞鶴市リサイクルプラザ前", "nearest_bus_stop_distance_m": 725.62736547188035, "nearest_public_transport_type": "bus_stop", "nearest_public_transport_name": "舞鶴市リサイクルプラザ前", "nearest_public_transport_distance_m": 725.62736547188035, "nearest_medical_name": "医療法人社団外松医院", "nearest_medical_distance_m": 849.64604592601427, "nearest_hospital_name": "国家公務員共済組合連合会 舞鶴共済病院", "nearest_hospital_distance_m": 1848.8753782194372, "nearest_clinic_name": "医療法人社団外松医院", "nearest_clinic_distance_m": 849.64604592601427, "elderly_population_percentile": "0.30244755244755245", "elderly_ratio_percentile": "0.5594405594405595", "transport_distance_percentile": "0.6538461538461539", "medical_distance_percentile": "0.3916083916083916", "exploratory_score_a": "0.19775416890801506", "exploratory_score_b": "0.11844099955988067", "exploratory_score_c": "0.07744219201992199", "rank_a_unfiltered": "135", "rank_b_unfiltered": "191", "rank_c_unfiltered": "143", "pareto_frontier": "False", "eligibility_population_threshold": true, "eligibility_elderly_threshold": true, "primary_eligible": true, "rank": 122 }, "geometry": { "type": "Polygon", "coordinates": [ [ [ 135.36875, 35.4625 ], [ 135.375, 35.4625 ], [ 135.375, 35.466666666666676 ], [ 135.36875, 35.466666666666676 ], [ 135.36875, 35.4625 ] ] ] } },
{ "type": "Feature", "properties": { "mesh_code": "533512621", "centroid_lat": 35.46875, "centroid_lon": 135.278125, "city_area_fraction": 0.99999999999999978, "centroid_within_city": true, "population": 2, "elderly_population": null, "reported_elderly_population": null, "elderly_ratio": null, "HTKSYORI": "2", "HTKSAKI": "533512622", "GASSAN": null, "disclosure_status": "suppressed_source", "suppression_flag": true, "aggregation_target_flag": false, "aggregation_flag": false, "primary_eligible_disclosure": false, "nearest_station_name": "東雲駅", "nearest_station_distance_m": 931.06930044946671, "nearest_bus_stop_name": "藤津", "nearest_bus_stop_distance_m": 2166.8000715549447, "nearest_public_transport_type": "station", "nearest_public_transport_name": "東雲駅", "nearest_public_transport_distance_m": 931.06930044946671, "nearest_medical_name": "市立舞鶴市民病院加佐診療所", "nearest_medical_distance_m": 2184.4059184153921, "nearest_hospital_name": "舞鶴赤十字病院", "nearest_hospital_distance_m": 5982.501798564369, "nearest_clinic_name": "市立舞鶴市民病院加佐診療所", "nearest_clinic_distance_m": 2184.4059184153921, "elderly_population_percentile": "<NA>", "elderly_ratio_percentile": "<NA>", "transport_distance_percentile": "<NA>", "medical_distance_percentile": "<NA>", "exploratory_score_a": "<NA>", "exploratory_score_b": "<NA>", "exploratory_score_c": "<NA>", "rank_a_unfiltered": "<NA>", "rank_b_unfiltered": "<NA>", "rank_c_unfiltered": "<NA>", "pareto_frontier": "<NA>", "eligibility_population_threshold": false, "eligibility_elderly_threshold": false, "primary_eligible": false, "rank": null }, "geometry": { "type": "Polygon", "coordinates": [ [ [ 135.275, 35.466666666666669 ], [ 135.28125, 35.466666666666669 ], [ 135.28125, 35.470833333333339 ], [ 135.275, 35.470833333333339 ], [ 135.275, 35.466666666666669 ] ] ] } },
{ "type": "Feature", "properties": { "mesh_code": "533512622", "centroid_lat": 35.46875, "centroid_lon": 135.284375, "city_area_fraction": 0.99999999999999978, "centroid_within_city": true, "population": 29, "elderly_population": null, "reported_elderly_population": 12.0, "elderly_ratio": null, "HTKSYORI": "1", "HTKSAKI": null, "GASSAN": "533512621;533512623;533512624", "disclosure_status": "aggregation_destination", "suppression_flag": false, "aggregation_target_flag": true, "aggregation_flag": true, "primary_eligible_disclosure": false, "nearest_station_name": "東雲駅", "nearest_station_distance_m": 696.88236660105053, "nearest_bus_stop_name": "ふじつ温泉前", "nearest_bus_stop_distance_m": 2225.528715579238, "nearest_public_transport_type": "station", "nearest_public_transport_name": "東雲駅", "nearest_public_transport_distance_m": 696.88236660105053, "nearest_medical_name": "市立舞鶴市民病院加佐診療所", "nearest_medical_distance_m": 2574.9435970537434, "nearest_hospital_name": "舞鶴赤十字病院", "nearest_hospital_distance_m": 5480.0948379225656, "nearest_clinic_name": "市立舞鶴市民病院加佐診療所", "nearest_clinic_distance_m": 2574.9435970537434, "elderly_population_percentile": "<NA>", "elderly_ratio_percentile": "<NA>", "transport_distance_percentile": "<NA>", "medical_distance_percentile": "<NA>", "exploratory_score_a": "<NA>", "exploratory_score_b": "<NA>", "exploratory_score_c": "<NA>", "rank_a_unfiltered": "<NA>", "rank_b_unfiltered": "<NA>", "rank_c_unfiltered": "<NA>", "pareto_frontier": "<NA>", "eligibility_population_threshold": true, "eligibility_elderly_threshold": false, "primary_eligible": false, "rank": null }, "geometry": { "type": "Polygon", "coordinates": [ [ [ 135.28125, 35.466666666666669 ], [ 135.2875, 35.466666666666669 ], [ 135.2875, 35.470833333333339 ], [ 135.28125, 35.470833333333339 ], [ 135.28125, 35.466666666666669 ] ] ] } },
{ "type": "Feature", "properties": { "mesh_code": "533512623", "centroid_lat": 35.472916666666677, "centroid_lon": 135.278125, "city_area_fraction": 1.0000000000000002, "centroid_within_city": true, "population": 7, "elderly_population": null, "reported_elderly_population": null, "elderly_ratio": null, "HTKSYORI": "2", "HTKSAKI": "533512622", "GASSAN": null, "disclosure_status": "suppressed_source", "suppression_flag": true, "aggregation_target_flag": false, "aggregation_flag": false, "primary_eligible_disclosure": false, "nearest_station_name": "東雲駅", "nearest_station_distance_m": 661.88863349191138, "nearest_bus_stop_name": "八田・由良川学園前", "nearest_bus_stop_distance_m": 2580.5564646412668, "nearest_public_transport_type": "station", "nearest_public_transport_name": "東雲駅", "nearest_public_transport_distance_m": 661.88863349191138, "nearest_medical_name": "市立舞鶴市民病院加佐診療所", "nearest_medical_distance_m": 2563.127870839859, "nearest_hospital_name": "舞鶴赤十字病院", "nearest_hospital_distance_m": 6201.6915161354536, "nearest_clinic_name": "市立舞鶴市民病院加佐診療所", "nearest_clinic_distance_m": 2563.127870839859, "elderly_population_percentile": "<NA>", "elderly_ratio_percentile": "<NA>", "transport_distance_percentile": "<NA>", "medical_distance_percentile": "<NA>", "exploratory_score_a": "<NA>", "exploratory_score_b": "<NA>", "exploratory_score_c": "<NA>", "rank_a_unfiltered": "<NA>", "rank_b_unfiltered": "<NA>", "rank_c_unfiltered": "<NA>", "pareto_frontier": "<NA>", "eligibility_population_threshold": false, "eligibility_elderly_threshold": false, "primary_eligible": false, "rank": null }, "geometry": { "type": "Polygon", "coordinates": [ [ [ 135.275, 35.470833333333339 ], [ 135.28125, 35.470833333333339 ], [ 135.28125, 35.475 ], [ 135.275, 35.475 ], [ 135.275, 35.470833333333339 ] ] ] } },
{ "type": "Feature", "properties": { "mesh_code": "533512624", "centroid_lat": 35.472916666666677, "centroid_lon": 135.284375, "city_area_fraction": 1.0, "centroid_within_city": true, "population": 1, "elderly_population": null, "reported_elderly_population": null, "elderly_ratio": null, "HTKSYORI": "2", "HTKSAKI": "533512622", "GASSAN": null, "disclosure_status": "suppressed_source", "suppression_flag": true, "aggregation_target_flag": false, "aggregation_flag": false, "primary_eligible_disclosure": false, "nearest_station_name": "東雲駅", "nearest_station_distance_m": 238.47769928172269, "nearest_bus_stop_name": "ふじつ温泉前", "nearest_bus_stop_distance_m": 2680.3317339904984, "nearest_public_transport_type": "station", "nearest_public_transport_name": "東雲駅", "nearest_public_transport_distance_m": 238.47769928172269, "nearest_medical_name": "市立舞鶴市民病院加佐診療所", "nearest_medical_distance_m": 2903.1417920061667, "nearest_hospital_name": "舞鶴赤十字病院", "nearest_hospital_distance_m": 5718.5998277025528, "nearest_clinic_name": "市立舞鶴市民病院加佐診療所", "nearest_clinic_distance_m": 2903.1417920061667, "elderly_population_percentile": "<NA>", "elderly_ratio_percentile": "<NA>", "transport_distance_percentile": "<NA>", "medical_distance_percentile": "<NA>", "exploratory_score_a": "<NA>", "exploratory_score_b": "<NA>", "exploratory_score_c": "<NA>", "rank_a_unfiltered": "<NA>", "rank_b_unfiltered": "<NA>", "rank_c_unfiltered": "<NA>", "pareto_frontier": "<NA>", "eligibility_population_threshold": false, "eligibility_elderly_threshold": false, "primary_eligible": false, "rank": null }, "geometry": { "type": "Polygon", "coordinates": [ [ [ 135.28125, 35.470833333333339 ], [ 135.2875, 35.470833333333339 ], [ 135.2875, 35.475 ], [ 135.28125, 35.475 ], [ 135.28125, 35.470833333333339 ] ] ] } },
{ "type": "Feature", "properties": { "mesh_code": "533512631", "centroid_lat": 35.46875, "centroid_lon": 135.290625, "city_area_fraction": 1.0, "centroid_within_city": true, "population": 13, "elderly_population": 8.0, "reported_elderly_population": 8.0, "elderly_ratio": 0.61538461538461542, "HTKSYORI": "0", "HTKSAKI": null, "GASSAN": null, "disclosure_status": "unaffected", "suppression_flag": false, "aggregation_target_flag": false, "aggregation_flag": false, "primary_eligible_disclosure": true, "nearest_station_name": "東雲駅", "nearest_station_distance_m": 864.81069907879316, "nearest_bus_stop_name": "一盃水", "nearest_bus_stop_distance_m": 2316.8062326778495, "nearest_public_transport_type": "station", "nearest_public_transport_name": "東雲駅", "nearest_public_transport_distance_m": 864.81069907879316, "nearest_medical_name": "市立舞鶴市民病院加佐診療所", "nearest_medical_distance_m": 3022.0371101503065, "nearest_hospital_name": "舞鶴赤十字病院", "nearest_hospital_distance_m": 4991.6224100037261, "nearest_clinic_name": "市立舞鶴市民病院加佐診療所", "nearest_clinic_distance_m": 3022.0371101503065, "elderly_population_percentile": "0.15734265734265734", "elderly_ratio_percentile": "0.8863636363636364", "transport_distance_percentile": "0.6888111888111889", "medical_distance_percentile": "0.8461538461538461", "exploratory_score_a": "0.10837938285490734", "exploratory_score_b": "0.1331360946745562", "exploratory_score_c": "0.09170563164646005", "rank_a_unfiltered": "196", "rank_b_unfiltered": "178", "rank_c_unfiltered": "130", "pareto_frontier": "False", "eligibility_population_threshold": false, "eligibility_elderly_threshold": false, "primary_eligible": false, "rank": null }, "geometry": { "type": "Polygon", "coordinates": [ [ [ 135.2875, 35.466666666666669 ], [ 135.29375, 35.466666666666669 ], [ 135.29375, 35.470833333333339 ], [ 135.2875, 35.470833333333339 ], [ 135.2875, 35.466666666666669 ] ] ] } },
{ "type": "Feature", "properties": { "mesh_code": "533512633", "centroid_lat": 35.472916666666677, "centroid_lon": 135.290625, "city_area_fraction": 1.0, "centroid_within_city": true, "population": 74, "elderly_population": 34.0, "reported_elderly_population": 34.0, "elderly_ratio": 0.45945945945945948, "HTKSYORI": "0", "HTKSAKI": null, "GASSAN": null, "disclosure_status": "unaffected", "suppression_flag": false, "aggregation_target_flag": false, "aggregation_flag": false, "primary_eligible_disclosure": true, "nearest_station_name": "東雲駅", "nearest_station_distance_m": 564.89909132211778, "nearest_bus_stop_name": "一盃水", "nearest_bus_stop_distance_m": 2772.1144719774211, "nearest_public_transport_type": "station", "nearest_public_transport_name": "東雲駅", "nearest_public_transport_distance_m": 564.89909132211778, "nearest_medical_name": "市立舞鶴市民病院加佐診療所", "nearest_medical_distance_m": 3306.1269349601184, "nearest_hospital_name": "舞鶴赤十字病院", "nearest_hospital_distance_m": 5252.3804428040557, "nearest_clinic_name": "市立舞鶴市民病院加佐診療所", "nearest_clinic_distance_m": 3306.1269349601184, "elderly_population_percentile": "0.5681818181818182", "elderly_ratio_percentile": "0.6503496503496503", "transport_distance_percentile": "0.548951048951049", "medical_distance_percentile": "0.8671328671328671", "exploratory_score_a": "0.3119040050858233", "exploratory_score_b": "0.4926891290527654", "exploratory_score_c": "0.2704622142002943", "rank_a_unfiltered": "78", "rank_b_unfiltered": "14", "rank_c_unfiltered": "24", "pareto_frontier": "False", "eligibility_population_threshold": true, "eligibility_elderly_threshold": true, "primary_eligible": true, "rank": 24 }, "geometry": { "type": "Polygon", "coordinates": [ [ [ 135.2875, 35.470833333333339 ], [ 135.29375, 35.470833333333339 ], [ 135.29375, 35.475 ], [ 135.2875, 35.475 ], [ 135.2875, 35.470833333333339 ] ] ] } },
{ "type": "Feature", "properties": { "mesh_code": "533512644", "centroid_lat": 35.472916666666677, "centroid_lon": 135.309375, "city_area_fraction": 1.0, "centroid_within_city": true, "population": 13, "elderly_population": 8.0, "reported_elderly_population": 8.0, "elderly_ratio": 0.61538461538461542, "HTKSYORI": "0", "HTKSAKI": null, "GASSAN": null, "disclosure_status": "unaffected", "suppression_flag": false, "aggregation_target_flag": false, "aggregation_flag": false, "primary_eligible_disclosure": true, "nearest_station_name": "東雲駅", "nearest_station_distance_m": 2228.5864738882033, "nearest_bus_stop_name": "二尾", "nearest_bus_stop_distance_m": 2120.2270518007467, "nearest_public_transport_type": "bus_stop", "nearest_public_transport_name": "二尾", "nearest_public_transport_distance_m": 2120.2270518007467, "nearest_medical_name": "国土交通省共済組合第八管区 海上保安本部支部診療所", "nearest_medical_distance_m": 2579.4356340790291, "nearest_hospital_name": "舞鶴赤十字病院", "nearest_hospital_distance_m": 4013.1149648945866, "nearest_clinic_name": "国土交通省共済組合第八管区 海上保安本部支部診療所", "nearest_clinic_distance_m": 2579.4356340790291, "elderly_population_percentile": "0.15734265734265734", "elderly_ratio_percentile": "0.8863636363636364", "transport_distance_percentile": "0.8881118881118881", "medical_distance_percentile": "0.7832167832167832", "exploratory_score_a": "0.13973788449312924", "exploratory_score_b": "0.12323340994669667", "exploratory_score_c": "0.10944505638622709", "rank_a_unfiltered": "173", "rank_b_unfiltered": "185", "rank_c_unfiltered": "111", "pareto_frontier": "False", "eligibility_population_threshold": false, "eligibility_elderly_threshold": false, "primary_eligible": false, "rank": null }, "geometry": { "type": "Polygon", "coordinates": [ [ [ 135.30625, 35.470833333333339 ], [ 135.3125, 35.470833333333339 ], [ 135.3125, 35.475 ], [ 135.30625, 35.475 ], [ 135.30625, 35.470833333333339 ] ] ] } },
{ "type": "Feature", "properties": { "mesh_code": "533512651", "centroid_lat": 35.46875, "centroid_lon": 135.315625, "city_area_fraction": 0.97554494146985027, "centroid_within_city": true, "population": 1, "elderly_population": null, "reported_elderly_population": null, "elderly_ratio": null, "HTKSYORI": "2", "HTKSAKI": "533512653", "GASSAN": null, "disclosure_status": "suppressed_source", "suppression_flag": true, "aggregation_target_flag": false, "aggregation_flag": false, "primary_eligible_disclosure": false, "nearest_station_name": "東雲駅", "nearest_station_distance_m": 2869.1197615002739, "nearest_bus_stop_name": "二尾", "nearest_bus_stop_distance_m": 1409.462503547122, "nearest_public_transport_type": "bus_stop", "nearest_public_transport_name": "二尾", "nearest_public_transport_distance_m": 1409.462503547122, "nearest_medical_name": "隅山医院", "nearest_medical_distance_m": 2002.0285892133995, "nearest_hospital_name": "舞鶴赤十字病院", "nearest_hospital_distance_m": 3300.4712588566326, "nearest_clinic_name": "隅山医院", "nearest_clinic_distance_m": 2002.0285892133995, "elderly_population_percentile": "<NA>", "elderly_ratio_percentile": "<NA>", "transport_distance_percentile": "<NA>", "medical_distance_percentile": "<NA>", "exploratory_score_a": "<NA>", "exploratory_score_b": "<NA>", "exploratory_score_c": "<NA>", "rank_a_unfiltered": "<NA>", "rank_b_unfiltered": "<NA>", "rank_c_unfiltered": "<NA>", "pareto_frontier": "<NA>", "eligibility_population_threshold": false, "eligibility_elderly_threshold": false, "primary_eligible": false, "rank": null }, "geometry": { "type": "Polygon", "coordinates": [ [ [ 135.3125, 35.466666666666669 ], [ 135.31875, 35.466666666666669 ], [ 135.31875, 35.470833333333339 ], [ 135.3125, 35.470833333333339 ], [ 135.3125, 35.466666666666669 ] ] ] } },
{ "type": "Feature", "properties": { "mesh_code": "533512653", "centroid_lat": 35.472916666666677, "centroid_lon": 135.315625, "city_area_fraction": 0.71586062500707914, "centroid_within_city": true, "population": 7, "elderly_population": null, "reported_elderly_population": 9.0, "elderly_ratio": null, "HTKSYORI": "1", "HTKSAKI": null, "GASSAN": "533512651;533512654", "disclosure_status": "aggregation_destination", "suppression_flag": false, "aggregation_target_flag": true, "aggregation_flag": true, "primary_eligible_disclosure": false, "nearest_station_name": "東雲駅", "nearest_station_distance_m": 2793.3272395983822, "nearest_bus_stop_name": "二尾", "nearest_bus_stop_distance_m": 1641.2519423627311, "nearest_public_transport_type": "bus_stop", "nearest_public_transport_name": "二尾", "nearest_public_transport_distance_m": 1641.2519423627311, "nearest_medical_name": "隅山医院", "nearest_medical_distance_m": 2431.4329771533185, "nearest_hospital_name": "舞鶴赤十字病院", "nearest_hospital_distance_m": 3683.0735216964376, "nearest_clinic_name": "隅山医院", "nearest_clinic_distance_m": 2431.4329771533185, "elderly_population_percentile": "<NA>", "elderly_ratio_percentile": "<NA>", "transport_distance_percentile": "<NA>", "medical_distance_percentile": "<NA>", "exploratory_score_a": "<NA>", "exploratory_score_b": "<NA>", "exploratory_score_c": "<NA>", "rank_a_unfiltered": "<NA>", "rank_b_unfiltered": "<NA>", "rank_c_unfiltered": "<NA>", "pareto_frontier": "<NA>", "eligibility_population_threshold": false, "eligibility_elderly_threshold": false, "primary_eligible": false, "rank": null }, "geometry": { "type": "Polygon", "coordinates": [ [ [ 135.3125, 35.470833333333339 ], [ 135.31875, 35.470833333333339 ], [ 135.31875, 35.475 ], [ 135.3125, 35.475 ], [ 135.3125, 35.470833333333339 ] ] ] } },
{ "type": "Feature", "properties": { "mesh_code": "533512654", "centroid_lat": 35.472916666666677, "centroid_lon": 135.321875, "city_area_fraction": 0.085872031421812989, "centroid_within_city": false, "population": 5, "elderly_population": null, "reported_elderly_population": null, "elderly_ratio": null, "HTKSYORI": "2", "HTKSAKI": "533512653", "GASSAN": null, "disclosure_status": "suppressed_source", "suppression_flag": true, "aggregation_target_flag": false, "aggregation_flag": false, "primary_eligible_disclosure": false, "nearest_station_name": "東雲駅", "nearest_station_distance_m": 3358.9004517635221, "nearest_bus_stop_name": "二尾", "nearest_bus_stop_distance_m": 1239.1937714402866, "nearest_public_transport_type": "bus_stop", "nearest_public_transport_name": "二尾", "nearest_public_transport_distance_m": 1239.1937714402866, "nearest_medical_name": "隅山医院", "nearest_medical_distance_m": 2303.8169057675887, "nearest_hospital_name": "舞鶴赤十字病院", "nearest_hospital_distance_m": 3415.9436120686219, "nearest_clinic_name": "隅山医院", "nearest_clinic_distance_m": 2303.8169057675887, "elderly_population_percentile": "<NA>", "elderly_ratio_percentile": "<NA>", "transport_distance_percentile": "<NA>", "medical_distance_percentile": "<NA>", "exploratory_score_a": "<NA>", "exploratory_score_b": "<NA>", "exploratory_score_c": "<NA>", "rank_a_unfiltered": "<NA>", "rank_b_unfiltered": "<NA>", "rank_c_unfiltered": "<NA>", "pareto_frontier": "<NA>", "eligibility_population_threshold": false, "eligibility_elderly_threshold": false, "primary_eligible": false, "rank": null }, "geometry": { "type": "Polygon", "coordinates": [ [ [ 135.31875, 35.470833333333339 ], [ 135.325, 35.470833333333339 ], [ 135.325, 35.475 ], [ 135.31875, 35.475 ], [ 135.31875, 35.470833333333339 ] ] ] } },
{ "type": "Feature", "properties": { "mesh_code": "533512661", "centroid_lat": 35.46875, "centroid_lon": 135.328125, "city_area_fraction": 0.10923965469238112, "centroid_within_city": false, "population": 10, "elderly_population": null, "reported_elderly_population": 8.0, "elderly_ratio": null, "HTKSYORI": "1", "HTKSAKI": null, "GASSAN": "533512662", "disclosure_status": "aggregation_destination", "suppression_flag": false, "aggregation_target_flag": true, "aggregation_flag": true, "primary_eligible_disclosure": false, "nearest_station_name": "西舞鶴駅", "nearest_station_distance_m": 3006.3307505625057, "nearest_bus_stop_name": "二尾", "nearest_bus_stop_distance_m": 560.20746519241754, "nearest_public_transport_type": "bus_stop", "nearest_public_transport_name": "二尾", "nearest_public_transport_distance_m": 560.20746519241754, "nearest_medical_name": "隅山医院", "nearest_medical_distance_m": 1855.5709389830649, "nearest_hospital_name": "舞鶴赤十字病院", "nearest_hospital_distance_m": 2782.7922535044454, "nearest_clinic_name": "隅山医院", "nearest_clinic_distance_m": 1855.5709389830649, "elderly_population_percentile": "<NA>", "elderly_ratio_percentile": "<NA>", "transport_distance_percentile": "<NA>", "medical_distance_percentile": "<NA>", "exploratory_score_a": "<NA>", "exploratory_score_b": "<NA>", "exploratory_score_c": "<NA>", "rank_a_unfiltered": "<NA>", "rank_b_unfiltered": "<NA>", "rank_c_unfiltered": "<NA>", "pareto_frontier": "<NA>", "eligibility_population_threshold": false, "eligibility_elderly_threshold": false, "primary_eligible": false, "rank": null }, "geometry": { "type": "Polygon", "coordinates": [ [ [ 135.325, 35.466666666666669 ], [ 135.33125, 35.466666666666669 ], [ 135.33125, 35.470833333333339 ], [ 135.325, 35.470833333333339 ], [ 135.325, 35.466666666666669 ] ] ] } },
{ "type": "Feature", "properties": { "mesh_code": "533512662", "centroid_lat": 35.46875, "centroid_lon": 135.334375, "city_area_fraction": 0.85704164011719697, "centroid_within_city": true, "population": 11, "elderly_population": null, "reported_elderly_population": null, "elderly_ratio": null, "HTKSYORI": "2", "HTKSAKI": "533512661", "GASSAN": null, "disclosure_status": "suppressed_source", "suppression_flag": true, "aggregation_target_flag": false, "aggregation_flag": false, "primary_eligible_disclosure": false, "nearest_station_name": "西舞鶴駅", "nearest_station_distance_m": 3018.4238924200386, "nearest_bus_stop_name": "二尾", "nearest_bus_stop_distance_m": 665.45028237533188, "nearest_public_transport_type": "bus_stop", "nearest_public_transport_name": "二尾", "nearest_public_transport_distance_m": 665.45028237533188, "nearest_medical_name": "特別養護老人ホーム安寿苑", "nearest_medical_distance_m": 1734.2748288305595, "nearest_hospital_name": "舞鶴赤十字病院", "nearest_hospital_distance_m": 2671.1311197524897, "nearest_clinic_name": "特別養護老人ホーム安寿苑", "nearest_clinic_distance_m": 1734.2748288305595, "elderly_population_percentile": "<NA>", "elderly_ratio_percentile": "<NA>", "transport_distance_percentile": "<NA>", "medical_distance_percentile": "<NA>", "exploratory_score_a": "<NA>", "exploratory_score_b": "<NA>", "exploratory_score_c": "<NA>", "rank_a_unfiltered": "<NA>", "rank_b_unfiltered": "<NA>", "rank_c_unfiltered": "<NA>", "pareto_frontier": "<NA>", "eligibility_population_threshold": false, "eligibility_elderly_threshold": false, "primary_eligible": false, "rank": null }, "geometry": { "type": "Polygon", "coordinates": [ [ [ 135.33125, 35.466666666666669 ], [ 135.3375, 35.466666666666669 ], [ 135.3375, 35.470833333333339 ], [ 135.33125, 35.470833333333339 ], [ 135.33125, 35.466666666666669 ] ] ] } },
{ "type": "Feature", "properties": { "mesh_code": "533512673", "centroid_lat": 35.472916666666677, "centroid_lon": 135.340625, "city_area_fraction": 0.64734170587541728, "centroid_within_city": true, "population": 135, "elderly_population": null, "reported_elderly_population": null, "elderly_ratio": null, "HTKSYORI": "2", "HTKSAKI": "533512674", "GASSAN": null, "disclosure_status": "suppressed_source", "suppression_flag": true, "aggregation_target_flag": false, "aggregation_flag": false, "primary_eligible_disclosure": false, "nearest_station_name": "西舞鶴駅", "nearest_station_distance_m": 3579.5462013486135, "nearest_bus_stop_name": "藤の森", "nearest_bus_stop_distance_m": 456.13060497718209, "nearest_public_transport_type": "bus_stop", "nearest_public_transport_name": "藤の森", "nearest_public_transport_distance_m": 456.13060497718209, "nearest_medical_name": "特別養護老人ホーム安寿苑", "nearest_medical_distance_m": 1955.7070296509148, "nearest_hospital_name": "舞鶴赤十字病院", "nearest_hospital_distance_m": 3137.1615786991842, "nearest_clinic_name": "特別養護老人ホーム安寿苑", "nearest_clinic_distance_m": 1955.7070296509148, "elderly_population_percentile": "<NA>", "elderly_ratio_percentile": "<NA>", "transport_distance_percentile": "<NA>", "medical_distance_percentile": "<NA>", "exploratory_score_a": "<NA>", "exploratory_score_b": "<NA>", "exploratory_score_c": "<NA>", "rank_a_unfiltered": "<NA>", "rank_b_unfiltered": "<NA>", "rank_c_unfiltered": "<NA>", "pareto_frontier": "<NA>", "eligibility_population_threshold": true, "eligibility_elderly_threshold": false, "primary_eligible": false, "rank": null }, "geometry": { "type": "Polygon", "coordinates": [ [ [ 135.3375, 35.470833333333339 ], [ 135.34375, 35.470833333333339 ], [ 135.34375, 35.475 ], [ 135.3375, 35.475 ], [ 135.3375, 35.470833333333339 ] ] ] } },
{ "type": "Feature", "properties": { "mesh_code": "533512674", "centroid_lat": 35.472916666666677, "centroid_lon": 135.346875, "city_area_fraction": 0.99741332741633737, "centroid_within_city": true, "population": 85, "elderly_population": null, "reported_elderly_population": 155.0, "elderly_ratio": null, "HTKSYORI": "1", "HTKSAKI": null, "GASSAN": "533512673", "disclosure_status": "aggregation_destination", "suppression_flag": false, "aggregation_target_flag": true, "aggregation_flag": true, "primary_eligible_disclosure": false, "nearest_station_name": "西舞鶴駅", "nearest_station_distance_m": 3764.7631569420992, "nearest_bus_stop_name": "藤の森", "nearest_bus_stop_distance_m": 264.89040393028478, "nearest_public_transport_type": "bus_stop", "nearest_public_transport_name": "藤の森", "nearest_public_transport_distance_m": 264.89040393028478, "nearest_medical_name": "医療法人社団外松医院", "nearest_medical_distance_m": 1682.0101241945777, "nearest_hospital_name": "舞鶴赤十字病院", "nearest_hospital_distance_m": 3243.4875953458845, "nearest_clinic_name": "医療法人社団外松医院", "nearest_clinic_distance_m": 1682.0101241945777, "elderly_population_percentile": "<NA>", "elderly_ratio_percentile": "<NA>", "transport_distance_percentile": "<NA>", "medical_distance_percentile": "<NA>", "exploratory_score_a": "<NA>", "exploratory_score_b": "<NA>", "exploratory_score_c": "<NA>", "rank_a_unfiltered": "<NA>", "rank_b_unfiltered": "<NA>", "rank_c_unfiltered": "<NA>", "pareto_frontier": "<NA>", "eligibility_population_threshold": true, "eligibility_elderly_threshold": false, "primary_eligible": false, "rank": null }, "geometry": { "type": "Polygon", "coordinates": [ [ [ 135.34375, 35.470833333333339 ], [ 135.35, 35.470833333333339 ], [ 135.35, 35.475 ], [ 135.34375, 35.475 ], [ 135.34375, 35.470833333333339 ] ] ] } },
{ "type": "Feature", "properties": { "mesh_code": "533512682", "centroid_lat": 35.46875, "centroid_lon": 135.359375, "city_area_fraction": 1.0, "centroid_within_city": true, "population": 61, "elderly_population": 34.0, "reported_elderly_population": 34.0, "elderly_ratio": 0.55737704918032782, "HTKSYORI": "0", "HTKSAKI": null, "GASSAN": null, "disclosure_status": "unaffected", "suppression_flag": false, "aggregation_target_flag": false, "aggregation_flag": false, "primary_eligible_disclosure": true, "nearest_station_name": "東舞鶴駅", "nearest_station_distance_m": 3216.2396004037705, "nearest_bus_stop_name": "道芝口", "nearest_bus_stop_distance_m": 473.85612468306607, "nearest_public_transport_type": "bus_stop", "nearest_public_transport_name": "道芝口", "nearest_public_transport_distance_m": 473.85612468306607, "nearest_medical_name": "医療法人社団外松医院", "nearest_medical_distance_m": 524.26176947269323, "nearest_hospital_name": "国家公務員共済組合連合会 舞鶴共済病院", "nearest_hospital_distance_m": 2898.6505043257257, "nearest_clinic_name": "医療法人社団外松医院", "nearest_clinic_distance_m": 524.26176947269323, "elderly_population_percentile": "0.5681818181818182", "elderly_ratio_percentile": "0.8216783216783217", "transport_distance_percentile": "0.4825174825174825", "medical_distance_percentile": "0.2202797202797203", "exploratory_score_a": "0.2741576605212969", "exploratory_score_b": "0.1251589319771138", "exploratory_score_c": "0.060391372772173796", "rank_a_unfiltered": "94", "rank_b_unfiltered": "183", "rank_c_unfiltered": "162", "pareto_frontier": "False", "eligibility_population_threshold": true, "eligibility_elderly_threshold": true, "primary_eligible": true, "rank": 137 }, "geometry": { "type": "Polygon", "coordinates": [ [ [ 135.35625, 35.466666666666669 ], [ 135.3625, 35.466666666666669 ], [ 135.3625, 35.470833333333339 ], [ 135.35625, 35.470833333333339 ], [ 135.35625, 35.466666666666669 ] ] ] } },
{ "type": "Feature", "properties": { "mesh_code": "533512683", "centroid_lat": 35.472916666666677, "centroid_lon": 135.353125, "city_area_fraction": 1.0, "centroid_within_city": true, "population": 49, "elderly_population": 10.0, "reported_elderly_population": 10.0, "elderly_ratio": 0.20408163265306123, "HTKSYORI": "0", "HTKSAKI": null, "GASSAN": null, "disclosure_status": "unaffected", "suppression_flag": false, "aggregation_target_flag": false, "aggregation_flag": false, "primary_eligible_disclosure": true, "nearest_station_name": "東舞鶴駅", "nearest_station_distance_m": 3813.6921142242841, "nearest_bus_stop_name": "和田", "nearest_bus_stop_distance_m": 601.78241262839845, "nearest_public_transport_type": "bus_stop", "nearest_public_transport_name": "和田", "nearest_public_transport_distance_m": 601.78241262839845, "nearest_medical_name": "医療法人社団外松医院", "nearest_medical_distance_m": 1133.0317676139662, "nearest_hospital_name": "市立舞鶴市民病院", "nearest_hospital_distance_m": 3420.8769233859189, "nearest_clinic_name": "医療法人社団外松医院", "nearest_clinic_distance_m": 1133.0317676139662, "elderly_population_percentile": "0.22727272727272727", "elderly_ratio_percentile": "0.08741258741258741", "transport_distance_percentile": "0.5804195804195804", "medical_distance_percentile": "0.506993006993007", "exploratory_score_a": "0.1319135410044501", "exploratory_score_b": "0.11522568340750158", "exploratory_score_c": "0.06687924281694148", "rank_a_unfiltered": "180", "rank_b_unfiltered": "194", "rank_c_unfiltered": "154", "pareto_frontier": "False", "eligibility_population_threshold": true, "eligibility_elderly_threshold": true, "primary_eligible": true, "rank": 131 }, "geometry": { "type": "Polygon", "coordinates": [ [ [ 135.35, 35.470833333333339 ], [ 135.35625, 35.470833333333339 ], [ 135.35625, 35.475 ], [ 135.35, 35.475 ], [ 135.35, 35.470833333333339 ] ] ] } },
{ "type": "Feature", "properties": { "mesh_code": "533512684", "centroid_lat": 35.472916666666677, "centroid_lon": 135.359375, "city_area_fraction": 1.0, "centroid_within_city": true, "population": 62, "elderly_population": 24.0, "reported_elderly_population": 24.0, "elderly_ratio": 0.38709677419354838, "HTKSYORI": "0", "HTKSAKI": null, "GASSAN": null, "disclosure_status": "unaffected", "suppression_flag": false, "aggregation_target_flag": false, "aggregation_flag": false, "primary_eligible_disclosure": true, "nearest_station_name": "東舞鶴駅", "nearest_station_distance_m": 3251.7600573512073, "nearest_bus_stop_name": "上四丁目", "nearest_bus_stop_distance_m": 644.14554998382653, "nearest_public_transport_type": "bus_stop", "nearest_public_transport_name": "上四丁目", "nearest_public_transport_distance_m": 644.14554998382653, "nearest_medical_name": "医療法人社団外松医院", "nearest_medical_distance_m": 617.94706114347298, "nearest_hospital_name": "国家公務員共済組合連合会 舞鶴共済病院", "nearest_hospital_distance_m": 2920.0707377007375, "nearest_clinic_name": "医療法人社団外松医院", "nearest_clinic_distance_m": 617.94706114347298, "elderly_population_percentile": "0.46503496503496505", "elderly_ratio_percentile": "0.4825174825174825", "transport_distance_percentile": "0.6258741258741258", "medical_distance_percentile": "0.24825174825174826", "exploratory_score_a": "0.29105335224216344", "exploratory_score_b": "0.1154457430681207", "exploratory_score_c": "0.07225450352864897", "rank_a_unfiltered": "89", "rank_b_unfiltered": "192", "rank_c_unfiltered": "150", "pareto_frontier": "False", "eligibility_population_threshold": true, "eligibility_elderly_threshold": true, "primary_eligible": true, "rank": 129 }, "geometry": { "type": "Polygon", "coordinates": [ [ [ 135.35625, 35.470833333333339 ], [ 135.3625, 35.470833333333339 ], [ 135.3625, 35.475 ], [ 135.35625, 35.475 ], [ 135.35625, 35.470833333333339 ] ] ] } },
{ "type": "Feature", "properties": { "mesh_code": "533512691", "centroid_lat": 35.46875, "centroid_lon": 135.365625, "city_area_fraction": 1.0, "centroid_within_city": true, "population": 686, "elderly_population": 243.0, "reported_elderly_population": 243.0, "elderly_ratio": 0.35422740524781343, "HTKSYORI": "0", "HTKSAKI": null, "GASSAN": null, "disclosure_status": "unaffected", "suppression_flag": false, "aggregation_target_flag": false, "aggregation_flag": false, "primary_eligible_disclosure": true, "nearest_station_name": "東舞鶴駅", "nearest_station_distance_m": 2649.0048604824865, "nearest_bus_stop_name": "道芝口", "nearest_bus_stop_distance_m": 134.41291403715854, "nearest_public_transport_type": "bus_stop", "nearest_public_transport_name": "道芝口", "nearest_public_transport_distance_m": 134.41291403715854, "nearest_medical_name": "医療法人社団外松医院", "nearest_medical_distance_m": 128.17104742033453, "nearest_hospital_name": "国家公務員共済組合連合会 舞鶴共済病院", "nearest_hospital_distance_m": 2331.7942682723324, "nearest_clinic_name": "医療法人社団外松医院", "nearest_clinic_distance_m": 128.17104742033453, "elderly_population_percentile": "0.9055944055944056", "elderly_ratio_percentile": "0.42657342657342656", "transport_distance_percentile": "0.0944055944055944", "medical_distance_percentile": "0.04195804195804196", "exploratory_score_a": "0.08549317815052081", "exploratory_score_b": "0.03799696806689814", "exploratory_score_c": "0.003587126355965908", "rank_a_unfiltered": "213", "rank_b_unfiltered": "260", "rank_c_unfiltered": "260", "pareto_frontier": "False", "eligibility_population_threshold": true, "eligibility_elderly_threshold": true, "primary_eligible": true, "rank": 204 }, "geometry": { "type": "Polygon", "coordinates": [ [ [ 135.3625, 35.466666666666669 ], [ 135.36875, 35.466666666666669 ], [ 135.36875, 35.470833333333339 ], [ 135.3625, 35.470833333333339 ], [ 135.3625, 35.466666666666669 ] ] ] } },
{ "type": "Feature", "properties": { "mesh_code": "533512692", "centroid_lat": 35.46875, "centroid_lon": 135.371875, "city_area_fraction": 1.0, "centroid_within_city": true, "population": 77, "elderly_population": 24.0, "reported_elderly_population": 24.0, "elderly_ratio": 0.31168831168831168, "HTKSYORI": "0", "HTKSAKI": null, "GASSAN": null, "disclosure_status": "unaffected", "suppression_flag": false, "aggregation_target_flag": false, "aggregation_flag": false, "primary_eligible_disclosure": true, "nearest_station_name": "東舞鶴駅", "nearest_station_distance_m": 2081.7764196903317, "nearest_bus_stop_name": "上四丁目", "nearest_bus_stop_distance_m": 664.37779725965538, "nearest_public_transport_type": "bus_stop", "nearest_public_transport_name": "上四丁目", "nearest_public_transport_distance_m": 664.37779725965538, "nearest_medical_name": "医療法人社団外松医院", "nearest_medical_distance_m": 633.6639040263276, "nearest_hospital_name": "国家公務員共済組合連合会 舞鶴共済病院", "nearest_hospital_distance_m": 1765.1862628512838, "nearest_clinic_name": "医療法人社団外松医院", "nearest_clinic_distance_m": 633.6639040263276, "elderly_population_percentile": "0.46503496503496505", "elderly_ratio_percentile": "0.2867132867132867", "transport_distance_percentile": "0.6363636363636364", "medical_distance_percentile": "0.25874125874125875", "exploratory_score_a": "0.29593134138588684", "exploratory_score_b": "0.12032373221184411", "exploratory_score_c": "0.07656964777117352", "rank_a_unfiltered": "86", "rank_b_unfiltered": "190", "rank_c_unfiltered": "146", "pareto_frontier": "False", "eligibility_population_threshold": true, "eligibility_elderly_threshold": true, "primary_eligible": true, "rank": 125 }, "geometry": { "type": "Polygon", "coordinates": [ [ [ 135.36875, 35.466666666666669 ], [ 135.375, 35.466666666666669 ], [ 135.375, 35.470833333333339 ], [ 135.36875, 35.470833333333339 ], [ 135.36875, 35.466666666666669 ] ] ] } },
{ "type": "Feature", "properties": { "mesh_code": "533512693", "centroid_lat": 35.472916666666677, "centroid_lon": 135.365625, "city_area_fraction": 0.99999999999999978, "centroid_within_city": true, "population": 781, "elderly_population": 284.0, "reported_elderly_population": 284.0, "elderly_ratio": 0.36363636363636365, "HTKSYORI": "0", "HTKSAKI": null, "GASSAN": null, "disclosure_status": "unaffected", "suppression_flag": false, "aggregation_target_flag": false, "aggregation_flag": false, "primary_eligible_disclosure": true, "nearest_station_name": "東舞鶴駅", "nearest_station_distance_m": 2692.0520987507011, "nearest_bus_stop_name": "上四丁目", "nearest_bus_stop_distance_m": 78.058160299138351, "nearest_public_transport_type": "bus_stop", "nearest_public_transport_name": "上四丁目", "nearest_public_transport_distance_m": 78.058160299138351, "nearest_medical_name": "医療法人社団大橋医院", "nearest_medical_distance_m": 210.11906823294879, "nearest_hospital_name": "国家公務員共済組合連合会 舞鶴共済病院", "nearest_hospital_distance_m": 2358.4010963866112, "nearest_clinic_name": "医療法人社団大橋医院", "nearest_clinic_distance_m": 210.11906823294879, "elderly_population_percentile": "0.9230769230769231", "elderly_ratio_percentile": "0.44755244755244755", "transport_distance_percentile": "0.04195804195804196", "medical_distance_percentile": "0.09090909090909091", "exploratory_score_a": "0.03873050026896181", "exploratory_score_b": "0.08391608391608392", "exploratory_score_c": "0.0035209545699056194", "rank_a_unfiltered": "251", "rank_b_unfiltered": "218", "rank_c_unfiltered": "262", "pareto_frontier": "False", "eligibility_population_threshold": true, "eligibility_elderly_threshold": true, "primary_eligible": true, "rank": 206 }, "geometry": { "type": "Polygon", "coordinates": [ [ [ 135.3625, 35.470833333333339 ], [ 135.36875, 35.470833333333339 ], [ 135.36875, 35.475 ], [ 135.3625, 35.475 ], [ 135.3625, 35.470833333333339 ] ] ] } },
{ "type": "Feature", "properties": { "mesh_code": "533512694", "centroid_lat": 35.472916666666677, "centroid_lon": 135.371875, "city_area_fraction": 1.0, "centroid_within_city": true, "population": 731, "elderly_population": 0.0, "reported_elderly_population": 0.0, "elderly_ratio": 0.0, "HTKSYORI": "0", "HTKSAKI": null, "GASSAN": null, "disclosure_status": "unaffected", "suppression_flag": false, "aggregation_target_flag": false, "aggregation_flag": false, "primary_eligible_disclosure": true, "nearest_station_name": "東舞鶴駅", "nearest_station_distance_m": 2136.3167048741889, "nearest_bus_stop_name": "造船所前", "nearest_bus_stop_distance_m": 457.89570661881208, "nearest_public_transport_type": "bus_stop", "nearest_public_transport_name": "造船所前", "nearest_public_transport_distance_m": 457.89570661881208, "nearest_medical_name": "海上自衛隊舞鶴衛生隊第一医務室", "nearest_medical_distance_m": 210.52011017642198, "nearest_hospital_name": "国家公務員共済組合連合会 舞鶴共済病院", "nearest_hospital_distance_m": 1800.2203813165704, "nearest_clinic_name": "海上自衛隊舞鶴衛生隊第一医務室", "nearest_clinic_distance_m": 210.52011017642198, "elderly_population_percentile": "0.013986013986013986", "elderly_ratio_percentile": "0.013986013986013986", "transport_distance_percentile": "0.47202797202797203", "medical_distance_percentile": "0.0944055944055944", "exploratory_score_a": "0.006601789818573035", "exploratory_score_b": "0.001320357963714607", "exploratory_score_c": "0.0006232458919631886", "rank_a_unfiltered": "278", "rank_b_unfiltered": "285", "rank_c_unfiltered": "280", "pareto_frontier": "False", "eligibility_population_threshold": true, "eligibility_elderly_threshold": false, "primary_eligible": false, "rank": null }, "geometry": { "type": "Polygon", "coordinates": [ [ [ 135.36875, 35.470833333333339 ], [ 135.375, 35.470833333333339 ], [ 135.375, 35.475 ], [ 135.36875, 35.475 ], [ 135.36875, 35.470833333333339 ] ] ] } },
{ "type": "Feature", "properties": { "mesh_code": "533512703", "centroid_lat": 35.48125, "centroid_lon": 135.253125, "city_area_fraction": 0.99999999999999978, "centroid_within_city": true, "population": 2, "elderly_population": null, "reported_elderly_population": null, "elderly_ratio": null, "HTKSYORI": "2", "HTKSAKI": "533512714", "GASSAN": null, "disclosure_status": "suppressed_source", "suppression_flag": true, "aggregation_target_flag": false, "aggregation_flag": false, "primary_eligible_disclosure": false, "nearest_station_name": "東雲駅", "nearest_station_distance_m": 2970.0860170426927, "nearest_bus_stop_name": "八田・由良川学園前", "nearest_bus_stop_distance_m": 3390.9606170223342, "nearest_public_transport_type": "station", "nearest_public_transport_name": "東雲駅", "nearest_public_transport_distance_m": 2970.0860170426927, "nearest_medical_name": "市立舞鶴市民病院加佐診療所", "nearest_medical_distance_m": 3232.621907502752, "nearest_hospital_name": "舞鶴赤十字病院", "nearest_hospital_distance_m": 8634.4027293676991, "nearest_clinic_name": "市立舞鶴市民病院加佐診療所", "nearest_clinic_distance_m": 3232.621907502752, "elderly_population_percentile": "<NA>", "elderly_ratio_percentile": "<NA>", "transport_distance_percentile": "<NA>", "medical_distance_percentile": "<NA>", "exploratory_score_a": "<NA>", "exploratory_score_b": "<NA>", "exploratory_score_c": "<NA>", "rank_a_unfiltered": "<NA>", "rank_b_unfiltered": "<NA>", "rank_c_unfiltered": "<NA>", "pareto_frontier": "<NA>", "eligibility_population_threshold": false, "eligibility_elderly_threshold": false, "primary_eligible": false, "rank": null }, "geometry": { "type": "Polygon", "coordinates": [ [ [ 135.25, 35.479166666666671 ], [ 135.25625, 35.479166666666671 ], [ 135.25625, 35.483333333333341 ], [ 135.25, 35.483333333333341 ], [ 135.25, 35.479166666666671 ] ] ] } },
{ "type": "Feature", "properties": { "mesh_code": "533512712", "centroid_lat": 35.47708333333334, "centroid_lon": 135.271875, "city_area_fraction": 1.0, "centroid_within_city": true, "population": 32, "elderly_population": 20.0, "reported_elderly_population": 20.0, "elderly_ratio": 0.625, "HTKSYORI": "0", "HTKSAKI": null, "GASSAN": null, "disclosure_status": "unaffected", "suppression_flag": false, "aggregation_target_flag": false, "aggregation_flag": false, "primary_eligible_disclosure": true, "nearest_station_name": "東雲駅", "nearest_station_distance_m": 1208.8514596024083, "nearest_bus_stop_name": "八田・由良川学園前", "nearest_bus_stop_distance_m": 2821.7429424328757, "nearest_public_transport_type": "station", "nearest_public_transport_name": "東雲駅", "nearest_public_transport_distance_m": 1208.8514596024083, "nearest_medical_name": "市立舞鶴市民病院加佐診療所", "nearest_medical_distance_m": 2753.1976350321047, "nearest_hospital_name": "舞鶴赤十字病院", "nearest_hospital_distance_m": 6925.3869910021795, "nearest_clinic_name": "市立舞鶴市民病院加佐診療所", "nearest_clinic_distance_m": 2753.1976350321047, "elderly_population_percentile": "0.41083916083916083", "elderly_ratio_percentile": "0.9003496503496503", "transport_distance_percentile": "0.7482517482517482", "medical_distance_percentile": "0.8041958041958042", "exploratory_score_a": "0.3074111203481833", "exploratory_score_b": "0.33039512934617826", "exploratory_score_c": "0.2472187331471404", "rank_a_unfiltered": "79", "rank_b_unfiltered": "57", "rank_c_unfiltered": "29", "pareto_frontier": "False", "eligibility_population_threshold": true, "eligibility_elderly_threshold": true, "primary_eligible": true, "rank": 29 }, "geometry": { "type": "Polygon", "coordinates": [ [ [ 135.26875, 35.475 ], [ 135.275, 35.475 ], [ 135.275, 35.479166666666671 ], [ 135.26875, 35.479166666666671 ], [ 135.26875, 35.475 ] ] ] } },
{ "type": "Feature", "properties": { "mesh_code": "533512714", "centroid_lat": 35.48125, "centroid_lon": 135.271875, "city_area_fraction": 0.99999999999999978, "centroid_within_city": true, "population": 19, "elderly_population": null, "reported_elderly_population": 9.0, "elderly_ratio": null, "HTKSYORI": "1", "HTKSAKI": null, "GASSAN": "533512703;533512801;533512821", "disclosure_status": "aggregation_destination", "suppression_flag": false, "aggregation_target_flag": true, "aggregation_flag": true, "primary_eligible_disclosure": false, "nearest_station_name": "東雲駅", "nearest_station_distance_m": 1373.7678057379428, "nearest_bus_stop_name": "八田・由良川学園前", "nearest_bus_stop_distance_m": 3274.2135494871141, "nearest_public_transport_type": "station", "nearest_public_transport_name": "東雲駅", "nearest_public_transport_distance_m": 1373.7678057379428, "nearest_medical_name": "市立舞鶴市民病院加佐診療所", "nearest_medical_distance_m": 3198.8944178520392, "nearest_hospital_name": "舞鶴赤十字病院", "nearest_hospital_distance_m": 7175.3792610557275, "nearest_clinic_name": "市立舞鶴市民病院加佐診療所", "nearest_clinic_distance_m": 3198.8944178520392, "elderly_population_percentile": "<NA>", "elderly_ratio_percentile": "<NA>", "transport_distance_percentile": "<NA>", "medical_distance_percentile": "<NA>", "exploratory_score_a": "<NA>", "exploratory_score_b": "<NA>", "exploratory_score_c": "<NA>", "rank_a_unfiltered": "<NA>", "rank_b_unfiltered": "<NA>", "rank_c_unfiltered": "<NA>", "pareto_frontier": "<NA>", "eligibility_population_threshold": false, "eligibility_elderly_threshold": false, "primary_eligible": false, "rank": null }, "geometry": { "type": "Polygon", "coordinates": [ [ [ 135.26875, 35.479166666666671 ], [ 135.275, 35.479166666666671 ], [ 135.275, 35.483333333333341 ], [ 135.26875, 35.483333333333341 ], [ 135.26875, 35.479166666666671 ] ] ] } },
{ "type": "Feature", "properties": { "mesh_code": "533512721", "centroid_lat": 35.47708333333334, "centroid_lon": 135.278125, "city_area_fraction": 1.0, "centroid_within_city": true, "population": 49, "elderly_population": null, "reported_elderly_population": 27.0, "elderly_ratio": null, "HTKSYORI": "1", "HTKSAKI": null, "GASSAN": "533512723", "disclosure_status": "aggregation_destination", "suppression_flag": false, "aggregation_target_flag": true, "aggregation_flag": true, "primary_eligible_disclosure": false, "nearest_station_name": "東雲駅", "nearest_station_distance_m": 660.82046944080673, "nearest_bus_stop_name": "八田・由良川学園前", "nearest_bus_stop_distance_m": 2998.3450244631322, "nearest_public_transport_type": "station", "nearest_public_transport_name": "東雲駅", "nearest_public_transport_distance_m": 660.82046944080673, "nearest_medical_name": "市立舞鶴市民病院加佐診療所", "nearest_medical_distance_m": 2965.6370727281201, "nearest_hospital_name": "舞鶴赤十字病院", "nearest_hospital_distance_m": 6446.6275694048281, "nearest_clinic_name": "市立舞鶴市民病院加佐診療所", "nearest_clinic_distance_m": 2965.6370727281201, "elderly_population_percentile": "<NA>", "elderly_ratio_percentile": "<NA>", "transport_distance_percentile": "<NA>", "medical_distance_percentile": "<NA>", "exploratory_score_a": "<NA>", "exploratory_score_b": "<NA>", "exploratory_score_c": "<NA>", "rank_a_unfiltered": "<NA>", "rank_b_unfiltered": "<NA>", "rank_c_unfiltered": "<NA>", "pareto_frontier": "<NA>", "eligibility_population_threshold": true, "eligibility_elderly_threshold": false, "primary_eligible": false, "rank": null }, "geometry": { "type": "Polygon", "coordinates": [ [ [ 135.275, 35.475 ], [ 135.28125, 35.475 ], [ 135.28125, 35.479166666666671 ], [ 135.275, 35.479166666666671 ], [ 135.275, 35.475 ] ] ] } },
{ "type": "Feature", "properties": { "mesh_code": "533512722", "centroid_lat": 35.47708333333334, "centroid_lon": 135.284375, "city_area_fraction": 1.0, "centroid_within_city": true, "population": 35, "elderly_population": null, "reported_elderly_population": 22.0, "elderly_ratio": null, "HTKSYORI": "1", "HTKSAKI": null, "GASSAN": "533512724", "disclosure_status": "aggregation_destination", "suppression_flag": false, "aggregation_target_flag": true, "aggregation_flag": true, "primary_eligible_disclosure": false, "nearest_station_name": "東雲駅", "nearest_station_distance_m": 235.53856243024518, "nearest_bus_stop_name": "ふじつ温泉前", "nearest_bus_stop_distance_m": 3137.3174411065597, "nearest_public_transport_type": "station", "nearest_public_transport_name": "東雲駅", "nearest_public_transport_distance_m": 235.53856243024518, "nearest_medical_name": "市立舞鶴市民病院加佐診療所", "nearest_medical_distance_m": 3263.9719822315119, "nearest_hospital_name": "舞鶴赤十字病院", "nearest_hospital_distance_m": 5983.3692559724896, "nearest_clinic_name": "市立舞鶴市民病院加佐診療所", "nearest_clinic_distance_m": 3263.9719822315119, "elderly_population_percentile": "<NA>", "elderly_ratio_percentile": "<NA>", "transport_distance_percentile": "<NA>", "medical_distance_percentile": "<NA>", "exploratory_score_a": "<NA>", "exploratory_score_b": "<NA>", "exploratory_score_c": "<NA>", "rank_a_unfiltered": "<NA>", "rank_b_unfiltered": "<NA>", "rank_c_unfiltered": "<NA>", "pareto_frontier": "<NA>", "eligibility_population_threshold": true, "eligibility_elderly_threshold": false, "primary_eligible": false, "rank": null }, "geometry": { "type": "Polygon", "coordinates": [ [ [ 135.28125, 35.475 ], [ 135.2875, 35.475 ], [ 135.2875, 35.479166666666671 ], [ 135.28125, 35.479166666666671 ], [ 135.28125, 35.475 ] ] ] } },
{ "type": "Feature", "properties": { "mesh_code": "533512723", "centroid_lat": 35.48125, "centroid_lon": 135.278125, "city_area_fraction": 1.0, "centroid_within_city": true, "population": 2, "elderly_population": null, "reported_elderly_population": null, "elderly_ratio": null, "HTKSYORI": "2", "HTKSAKI": "533512721", "GASSAN": null, "disclosure_status": "suppressed_source", "suppression_flag": true, "aggregation_target_flag": false, "aggregation_flag": false, "primary_eligible_disclosure": false, "nearest_station_name": "東雲駅", "nearest_station_distance_m": 928.790779057549, "nearest_bus_stop_name": "八田・由良川学園前", "nearest_bus_stop_distance_m": 3427.5732584167313, "nearest_public_transport_type": "station", "nearest_public_transport_name": "東雲駅", "nearest_public_transport_distance_m": 928.790779057549, "nearest_medical_name": "市立舞鶴市民病院加佐診療所", "nearest_medical_distance_m": 3383.4548010830081, "nearest_hospital_name": "舞鶴赤十字病院", "nearest_hospital_distance_m": 6714.4930353657764, "nearest_clinic_name": "市立舞鶴市民病院加佐診療所", "nearest_clinic_distance_m": 3383.4548010830081, "elderly_population_percentile": "<NA>", "elderly_ratio_percentile": "<NA>", "transport_distance_percentile": "<NA>", "medical_distance_percentile": "<NA>", "exploratory_score_a": "<NA>", "exploratory_score_b": "<NA>", "exploratory_score_c": "<NA>", "rank_a_unfiltered": "<NA>", "rank_b_unfiltered": "<NA>", "rank_c_unfiltered": "<NA>", "pareto_frontier": "<NA>", "eligibility_population_threshold": false, "eligibility_elderly_threshold": false, "primary_eligible": false, "rank": null }, "geometry": { "type": "Polygon", "coordinates": [ [ [ 135.275, 35.479166666666671 ], [ 135.28125, 35.479166666666671 ], [ 135.28125, 35.483333333333341 ], [ 135.275, 35.483333333333341 ], [ 135.275, 35.479166666666671 ] ] ] } },
{ "type": "Feature", "properties": { "mesh_code": "533512724", "centroid_lat": 35.48125, "centroid_lon": 135.284375, "city_area_fraction": 1.0000000000000002, "centroid_within_city": true, "population": 5, "elderly_population": null, "reported_elderly_population": null, "elderly_ratio": null, "HTKSYORI": "2", "HTKSAKI": "533512722", "GASSAN": null, "disclosure_status": "suppressed_source", "suppression_flag": true, "aggregation_target_flag": false, "aggregation_flag": false, "primary_eligible_disclosure": false, "nearest_station_name": "東雲駅", "nearest_station_distance_m": 693.87773919820131, "nearest_bus_stop_name": "ふじつ温泉前", "nearest_bus_stop_distance_m": 3595.6538362474744, "nearest_public_transport_type": "station", "nearest_public_transport_name": "東雲駅", "nearest_public_transport_distance_m": 693.87773919820131, "nearest_medical_name": "市立舞鶴市民病院加佐診療所", "nearest_medical_distance_m": 3647.7634129679714, "nearest_hospital_name": "舞鶴赤十字病院", "nearest_hospital_distance_m": 6271.0773639560839, "nearest_clinic_name": "市立舞鶴市民病院加佐診療所", "nearest_clinic_distance_m": 3647.7634129679714, "elderly_population_percentile": "<NA>", "elderly_ratio_percentile": "<NA>", "transport_distance_percentile": "<NA>", "medical_distance_percentile": "<NA>", "exploratory_score_a": "<NA>", "exploratory_score_b": "<NA>", "exploratory_score_c": "<NA>", "rank_a_unfiltered": "<NA>", "rank_b_unfiltered": "<NA>", "rank_c_unfiltered": "<NA>", "pareto_frontier": "<NA>", "eligibility_population_threshold": false, "eligibility_elderly_threshold": false, "primary_eligible": false, "rank": null }, "geometry": { "type": "Polygon", "coordinates": [ [ [ 135.28125, 35.479166666666671 ], [ 135.2875, 35.479166666666671 ], [ 135.2875, 35.483333333333341 ], [ 135.28125, 35.483333333333341 ], [ 135.28125, 35.479166666666671 ] ] ] } },
{ "type": "Feature", "properties": { "mesh_code": "533512753", "centroid_lat": 35.48125, "centroid_lon": 135.315625, "city_area_fraction": 0.92527868861663276, "centroid_within_city": true, "population": 91, "elderly_population": 56.0, "reported_elderly_population": 56.0, "elderly_ratio": 0.61538461538461542, "HTKSYORI": "0", "HTKSAKI": null, "GASSAN": null, "disclosure_status": "unaffected", "suppression_flag": false, "aggregation_target_flag": false, "aggregation_flag": false, "primary_eligible_disclosure": true, "nearest_station_name": "東雲駅", "nearest_station_distance_m": 2868.1824418183492, "nearest_bus_stop_name": "二尾", "nearest_bus_stop_distance_m": 2321.6556089062638, "nearest_public_transport_type": "bus_stop", "nearest_public_transport_name": "二尾", "nearest_public_transport_distance_m": 2321.6556089062638, "nearest_medical_name": "隅山医院", "nearest_medical_distance_m": 3316.8502371714594, "nearest_hospital_name": "舞鶴赤十字病院", "nearest_hospital_distance_m": 4493.4400472772113, "nearest_clinic_name": "隅山医院", "nearest_clinic_distance_m": 3316.8502371714594, "elderly_population_percentile": "0.6293706293706294", "elderly_ratio_percentile": "0.8863636363636364", "transport_distance_percentile": "0.9090909090909091", "medical_distance_percentile": "0.8706293706293706", "exploratory_score_a": "0.5721551176096631", "exploratory_score_b": "0.5479485549415619", "exploratory_score_c": "0.4981350499468745", "rank_a_unfiltered": "3", "rank_b_unfiltered": "5", "rank_c_unfiltered": "1", "pareto_frontier": "True", "eligibility_population_threshold": true, "eligibility_elderly_threshold": true, "primary_eligible": true, "rank": 1 }, "geometry": { "type": "Polygon", "coordinates": [ [ [ 135.3125, 35.479166666666671 ], [ 135.31875, 35.479166666666671 ], [ 135.31875, 35.483333333333341 ], [ 135.3125, 35.483333333333341 ], [ 135.3125, 35.479166666666671 ] ] ] } },
{ "type": "Feature", "properties": { "mesh_code": "533512772", "centroid_lat": 35.47708333333334, "centroid_lon": 135.346875, "city_area_fraction": 0.51442911858998075, "centroid_within_city": false, "population": 241, "elderly_population": 71.0, "reported_elderly_population": 71.0, "elderly_ratio": 0.29460580912863071, "HTKSYORI": "0", "HTKSAKI": null, "GASSAN": null, "disclosure_status": "unaffected", "suppression_flag": false, "aggregation_target_flag": false, "aggregation_flag": false, "primary_eligible_disclosure": true, "nearest_station_name": "西舞鶴駅", "nearest_station_distance_m": 4193.6143989212342, "nearest_bus_stop_name": "和田", "nearest_bus_stop_distance_m": 135.72769837518169, "nearest_public_transport_type": "bus_stop", "nearest_public_transport_name": "和田", "nearest_public_transport_distance_m": 135.72769837518169, "nearest_medical_name": "国土交通省共済組合海上保安学校診療所", "nearest_medical_distance_m": 1351.7426610518594, "nearest_hospital_name": "舞鶴赤十字病院", "nearest_hospital_distance_m": 3690.4814172098149, "nearest_clinic_name": "国土交通省共済組合海上保安学校診療所", "nearest_clinic_distance_m": 1351.7426610518594, "elderly_population_percentile": "0.6643356643356644", "elderly_ratio_percentile": "0.22727272727272727", "transport_distance_percentile": "0.0979020979020979", "medical_distance_percentile": "0.5699300699300699", "exploratory_score_a": "0.06503985524964546", "exploratory_score_b": "0.37862487163186465", "exploratory_score_c": "0.037068169250672064", "rank_a_unfiltered": "229", "rank_b_unfiltered": "42", "rank_c_unfiltered": "197", "pareto_frontier": "False", "eligibility_population_threshold": true, "eligibility_elderly_threshold": true, "primary_eligible": true, "rank": 158 }, "geometry": { "type": "Polygon", "coordinates": [ [ [ 135.34375, 35.475 ], [ 135.35, 35.475 ], [ 135.35, 35.479166666666671 ], [ 135.34375, 35.479166666666671 ], [ 135.34375, 35.475 ] ] ] } },
{ "type": "Feature", "properties": { "mesh_code": "533512774", "centroid_lat": 35.48125, "centroid_lon": 135.346875, "city_area_fraction": 0.60884476504784357, "centroid_within_city": false, "population": 56, "elderly_population": 25.0, "reported_elderly_population": 25.0, "elderly_ratio": 0.44642857142857145, "HTKSYORI": "0", "HTKSAKI": null, "GASSAN": null, "disclosure_status": "unaffected", "suppression_flag": false, "aggregation_target_flag": false, "aggregation_flag": false, "primary_eligible_disclosure": true, "nearest_station_name": "東舞鶴駅", "nearest_station_distance_m": 4571.5181874981035, "nearest_bus_stop_name": "加津良", "nearest_bus_stop_distance_m": 419.1914856808429, "nearest_public_transport_type": "bus_stop", "nearest_public_transport_name": "加津良", "nearest_public_transport_distance_m": 419.1914856808429, "nearest_medical_name": "国土交通省共済組合海上保安学校診療所", "nearest_medical_distance_m": 943.1379879323548, "nearest_hospital_name": "舞鶴赤十字病院", "nearest_hospital_distance_m": 4140.8297236868602, "nearest_clinic_name": "国土交通省共済組合海上保安学校診療所", "nearest_clinic_distance_m": 943.1379879323548, "elderly_population_percentile": "0.48426573426573427", "elderly_ratio_percentile": "0.6188811188811189", "transport_distance_percentile": "0.43356643356643354", "medical_distance_percentile": "0.4405594405594406", "exploratory_score_a": "0.20996136730402465", "exploratory_score_b": "0.2133478409702186", "exploratory_score_c": "0.09250046251855631", "rank_a_unfiltered": "129", "rank_b_unfiltered": "123", "rank_c_unfiltered": "128", "pareto_frontier": "False", "eligibility_population_threshold": true, "eligibility_elderly_threshold": true, "primary_eligible": true, "rank": 110 }, "geometry": { "type": "Polygon", "coordinates": [ [ [ 135.34375, 35.479166666666671 ], [ 135.35, 35.479166666666671 ], [ 135.35, 35.483333333333341 ], [ 135.34375, 35.483333333333341 ], [ 135.34375, 35.479166666666671 ] ] ] } },
{ "type": "Feature", "properties": { "mesh_code": "533512781", "centroid_lat": 35.47708333333334, "centroid_lon": 135.353125, "city_area_fraction": 1.0, "centroid_within_city": true, "population": 828, "elderly_population": 335.0, "reported_elderly_population": 335.0, "elderly_ratio": 0.40458937198067635, "HTKSYORI": "0", "HTKSAKI": null, "GASSAN": null, "disclosure_status": "unaffected", "suppression_flag": false, "aggregation_target_flag": false, "aggregation_flag": false, "primary_eligible_disclosure": true, "nearest_station_name": "東舞鶴駅", "nearest_station_distance_m": 3898.8664308667198, "nearest_bus_stop_name": "和田", "nearest_bus_stop_distance_m": 446.60142735947244, "nearest_public_transport_type": "bus_stop", "nearest_public_transport_name": "和田", "nearest_public_transport_distance_m": 446.60142735947244, "nearest_medical_name": "西村医院", "nearest_medical_distance_m": 1038.1932089386221, "nearest_hospital_name": "国家公務員共済組合連合会 舞鶴共済病院", "nearest_hospital_distance_m": 3561.866059271264, "nearest_clinic_name": "西村医院", "nearest_clinic_distance_m": 1038.1932089386221, "elderly_population_percentile": "0.9667832167832168", "elderly_ratio_percentile": "0.5174825174825175", "transport_distance_percentile": "0.458041958041958", "medical_distance_percentile": "0.46153846153846156", "exploratory_score_a": "0.44282727761748736", "exploratory_score_b": "0.44620763851533085", "exploratory_score_c": "0.20438182043884032", "rank_a_unfiltered": "31", "rank_b_unfiltered": "23", "rank_c_unfiltered": "47", "pareto_frontier": "True", "eligibility_population_threshold": true, "eligibility_elderly_threshold": true, "primary_eligible": true, "rank": 45 }, "geometry": { "type": "Polygon", "coordinates": [ [ [ 135.35, 35.475 ], [ 135.35625, 35.475 ], [ 135.35625, 35.479166666666671 ], [ 135.35, 35.479166666666671 ], [ 135.35, 35.475 ] ] ] } },
{ "type": "Feature", "properties": { "mesh_code": "533512782", "centroid_lat": 35.47708333333334, "centroid_lon": 135.359375, "city_area_fraction": 0.99999999999999978, "centroid_within_city": true, "population": 367, "elderly_population": 131.0, "reported_elderly_population": 131.0, "elderly_ratio": 0.35694822888283378, "HTKSYORI": "0", "HTKSAKI": null, "GASSAN": null, "disclosure_status": "unaffected", "suppression_flag": false, "aggregation_target_flag": false, "aggregation_flag": false, "primary_eligible_disclosure": true, "nearest_station_name": "東舞鶴駅", "nearest_station_distance_m": 3351.2773225272758, "nearest_bus_stop_name": "下四丁目", "nearest_bus_stop_distance_m": 373.58713289576485, "nearest_public_transport_type": "bus_stop", "nearest_public_transport_name": "下四丁目", "nearest_public_transport_distance_m": 373.58713289576485, "nearest_medical_name": "西村医院", "nearest_medical_distance_m": 474.46164534814528, "nearest_hospital_name": "国家公務員共済組合連合会 舞鶴共済病院", "nearest_hospital_distance_m": 3013.1082824501918, "nearest_clinic_name": "西村医院", "nearest_clinic_distance_m": 474.46164534814528, "elderly_population_percentile": "0.791958041958042", "elderly_ratio_percentile": "0.43006993006993005", "transport_distance_percentile": "0.40559440559440557", "medical_distance_percentile": "0.19230769230769232", "exploratory_score_a": "0.32121375128368135", "exploratory_score_b": "0.15229962345346962", "exploratory_score_c": "0.0617718752468618", "rank_a_unfiltered": "70", "rank_b_unfiltered": "160", "rank_c_unfiltered": "160", "pareto_frontier": "False", "eligibility_population_threshold": true, "eligibility_elderly_threshold": true, "primary_eligible": true, "rank": 135 }, "geometry": { "type": "Polygon", "coordinates": [ [ [ 135.35625, 35.475 ], [ 135.3625, 35.475 ], [ 135.3625, 35.479166666666671 ], [ 135.35625, 35.479166666666671 ], [ 135.35625, 35.475 ] ] ] } },
{ "type": "Feature", "properties": { "mesh_code": "533512783", "centroid_lat": 35.48125, "centroid_lon": 135.353125, "city_area_fraction": 1.0, "centroid_within_city": true, "population": 204, "elderly_population": 102.0, "reported_elderly_population": 102.0, "elderly_ratio": 0.5, "HTKSYORI": "0", "HTKSAKI": null, "GASSAN": null, "disclosure_status": "unaffected", "suppression_flag": false, "aggregation_target_flag": false, "aggregation_flag": false, "primary_eligible_disclosure": true, "nearest_station_name": "東舞鶴駅", "nearest_station_distance_m": 4035.5225779574521, "nearest_bus_stop_name": "加津良上", "nearest_bus_stop_distance_m": 118.05523659047964, "nearest_public_transport_type": "bus_stop", "nearest_public_transport_name": "加津良上", "nearest_public_transport_distance_m": 118.05523659047964, "nearest_medical_name": "国土交通省共済組合海上保安学校診療所", "nearest_medical_distance_m": 784.20238681693365, "nearest_hospital_name": "国家公務員共済組合連合会 舞鶴共済病院", "nearest_hospital_distance_m": 3696.7666632041719, "nearest_clinic_name": "国土交通省共済組合海上保安学校診療所", "nearest_clinic_distance_m": 784.20238681693365, "elderly_population_percentile": "0.7377622377622378", "elderly_ratio_percentile": "0.7202797202797203", "transport_distance_percentile": "0.07342657342657342", "medical_distance_percentile": "0.3531468531468531", "exploratory_score_a": "0.05417135312240207", "exploratory_score_b": "0.2605384126363147", "exploratory_score_c": "0.01913044288588325", "rank_a_unfiltered": "240", "rank_b_unfiltered": "88", "rank_c_unfiltered": "234", "pareto_frontier": "False", "eligibility_population_threshold": true, "eligibility_elderly_threshold": true, "primary_eligible": true, "rank": 184 }, "geometry": { "type": "Polygon", "coordinates": [ [ [ 135.35, 35.479166666666671 ], [ 135.35625, 35.479166666666671 ], [ 135.35625, 35.483333333333341 ], [ 135.35, 35.483333333333341 ], [ 135.35, 35.479166666666671 ] ] ] } },
{ "type": "Feature", "properties": { "mesh_code": "533512784", "centroid_lat": 35.48125, "centroid_lon": 135.359375, "city_area_fraction": 1.0, "centroid_within_city": true, "population": 174, "elderly_population": 114.0, "reported_elderly_population": 114.0, "elderly_ratio": 0.65517241379310343, "HTKSYORI": "0", "HTKSAKI": null, "GASSAN": null, "disclosure_status": "unaffected", "suppression_flag": false, "aggregation_target_flag": false, "aggregation_flag": false, "primary_eligible_disclosure": true, "nearest_station_name": "東舞鶴駅", "nearest_station_distance_m": 3509.3513238850137, "nearest_bus_stop_name": "長浜口", "nearest_bus_stop_distance_m": 97.047753511278074, "nearest_public_transport_type": "bus_stop", "nearest_public_transport_name": "長浜口", "nearest_public_transport_distance_m": 97.047753511278074, "nearest_medical_name": "西村医院", "nearest_medical_distance_m": 606.11137737195463, "nearest_hospital_name": "国家公務員共済組合連合会 舞鶴共済病院", "nearest_hospital_distance_m": 3171.4666723049531, "nearest_clinic_name": "西村医院", "nearest_clinic_distance_m": 606.11137737195463, "elderly_population_percentile": "0.7692307692307693", "elderly_ratio_percentile": "0.9265734265734266", "transport_distance_percentile": "0.05244755244755245", "medical_distance_percentile": "0.24125874125874125", "exploratory_score_a": "0.04034427111350188", "exploratory_score_b": "0.18558364712210867", "exploratory_score_c": "0.00973340806584486", "rank_a_unfiltered": "249", "rank_b_unfiltered": "134", "rank_c_unfiltered": "246", "pareto_frontier": "False", "eligibility_population_threshold": true, "eligibility_elderly_threshold": true, "primary_eligible": true, "rank": 191 }, "geometry": { "type": "Polygon", "coordinates": [ [ [ 135.35625, 35.479166666666671 ], [ 135.3625, 35.479166666666671 ], [ 135.3625, 35.483333333333341 ], [ 135.35625, 35.483333333333341 ], [ 135.35625, 35.479166666666671 ] ] ] } },
{ "type": "Feature", "properties": { "mesh_code": "533512791", "centroid_lat": 35.47708333333334, "centroid_lon": 135.365625, "city_area_fraction": 1.0, "centroid_within_city": true, "population": 662, "elderly_population": 207.0, "reported_elderly_population": 207.0, "elderly_ratio": 0.31268882175226587, "HTKSYORI": "0", "HTKSAKI": null, "GASSAN": null, "disclosure_status": "unaffected", "suppression_flag": false, "aggregation_target_flag": false, "aggregation_flag": false, "primary_eligible_disclosure": true, "nearest_station_name": "東舞鶴駅", "nearest_station_distance_m": 2811.4821437401984, "nearest_bus_stop_name": "中舞鶴", "nearest_bus_stop_distance_m": 176.03767239012521, "nearest_public_transport_type": "bus_stop", "nearest_public_transport_name": "中舞鶴", "nearest_public_transport_distance_m": 176.03767239012521, "nearest_medical_name": "西村医院", "nearest_medical_distance_m": 125.61346025893292, "nearest_hospital_name": "国家公務員共済組合連合会 舞鶴共済病院", "nearest_hospital_distance_m": 2472.6942118209777, "nearest_clinic_name": "西村医院", "nearest_clinic_distance_m": 125.61346025893292, "elderly_population_percentile": "0.8671328671328671", "elderly_ratio_percentile": "0.2937062937062937", "transport_distance_percentile": "0.16083916083916083", "medical_distance_percentile": "0.038461538461538464", "exploratory_score_a": "0.13946892268570588", "exploratory_score_b": "0.03335126412049489", "exploratory_score_c": "0.005364189334065611", "rank_a_unfiltered": "174", "rank_b_unfiltered": "262", "rank_c_unfiltered": "254", "pareto_frontier": "False", "eligibility_population_threshold": true, "eligibility_elderly_threshold": true, "primary_eligible": true, "rank": 198 }, "geometry": { "type": "Polygon", "coordinates": [ [ [ 135.3625, 35.475 ], [ 135.36875, 35.475 ], [ 135.36875, 35.479166666666671 ], [ 135.3625, 35.479166666666671 ], [ 135.3625, 35.475 ] ] ] } },
{ "type": "Feature", "properties": { "mesh_code": "533512792", "centroid_lat": 35.47708333333334, "centroid_lon": 135.371875, "city_area_fraction": 0.73448884589480923, "centroid_within_city": false, "population": 519, "elderly_population": 6.0, "reported_elderly_population": 6.0, "elderly_ratio": 0.011560693641618497, "HTKSYORI": "0", "HTKSAKI": null, "GASSAN": null, "disclosure_status": "unaffected", "suppression_flag": false, "aggregation_target_flag": false, "aggregation_flag": false, "primary_eligible_disclosure": true, "nearest_station_name": "東舞鶴駅", "nearest_station_distance_m": 2285.0107938980605, "nearest_bus_stop_name": "安全祈願碑前", "nearest_bus_stop_distance_m": 146.00884180961884, "nearest_public_transport_type": "bus_stop", "nearest_public_transport_name": "安全祈願碑前", "nearest_public_transport_distance_m": 146.00884180961884, "nearest_medical_name": "海上自衛隊舞鶴衛生隊第一医務室", "nearest_medical_distance_m": 257.50623738615417, "nearest_hospital_name": "国家公務員共済組合連合会 舞鶴共済病院", "nearest_hospital_distance_m": 1947.5814956186928, "nearest_clinic_name": "海上自衛隊舞鶴衛生隊第一医務室", "nearest_clinic_distance_m": 257.50623738615417, "elderly_population_percentile": "0.09090909090909091", "elderly_ratio_percentile": "0.03146853146853147", "transport_distance_percentile": "0.11538461538461539", "medical_distance_percentile": "0.12237762237762238", "exploratory_score_a": "0.01048951048951049", "exploratory_score_b": "0.011125238397965672", "exploratory_score_c": "0.0012836813536114236", "rank_a_unfiltered": "272", "rank_b_unfiltered": "274", "rank_c_unfiltered": "275", "pareto_frontier": "False", "eligibility_population_threshold": true, "eligibility_elderly_threshold": false, "primary_eligible": false, "rank": null }, "geometry": { "type": "Polygon", "coordinates": [ [ [ 135.36875, 35.475 ], [ 135.375, 35.475 ], [ 135.375, 35.479166666666671 ], [ 135.36875, 35.479166666666671 ], [ 135.36875, 35.475 ] ] ] } },
{ "type": "Feature", "properties": { "mesh_code": "533512793", "centroid_lat": 35.48125, "centroid_lon": 135.365625, "city_area_fraction": 0.99999999999999978, "centroid_within_city": true, "population": 460, "elderly_population": 78.0, "reported_elderly_population": 78.0, "elderly_ratio": 0.16956521739130434, "HTKSYORI": "0", "HTKSAKI": null, "GASSAN": null, "disclosure_status": "unaffected", "suppression_flag": false, "aggregation_target_flag": false, "aggregation_flag": false, "primary_eligible_disclosure": true, "nearest_station_name": "東舞鶴駅", "nearest_station_distance_m": 2998.1810584150326, "nearest_bus_stop_name": "長浜", "nearest_bus_stop_distance_m": 363.45701256384194, "nearest_public_transport_type": "bus_stop", "nearest_public_transport_name": "長浜", "nearest_public_transport_distance_m": 363.45701256384194, "nearest_medical_name": "西村医院", "nearest_medical_distance_m": 397.55072370855999, "nearest_hospital_name": "国家公務員共済組合連合会 舞鶴共済病院", "nearest_hospital_distance_m": 2663.4091297382784, "nearest_clinic_name": "西村医院", "nearest_clinic_distance_m": 397.55072370855999, "elderly_population_percentile": "0.6783216783216783", "elderly_ratio_percentile": "0.06993006993006994", "transport_distance_percentile": "0.3986013986013986", "medical_distance_percentile": "0.16433566433566432", "exploratory_score_a": "0.27037996968066896", "exploratory_score_b": "0.1114724436402758", "exploratory_score_c": "0.04443307194052951", "rank_a_unfiltered": "98", "rank_b_unfiltered": "198", "rank_c_unfiltered": "184", "pareto_frontier": "False", "eligibility_population_threshold": true, "eligibility_elderly_threshold": true, "primary_eligible": true, "rank": 148 }, "geometry": { "type": "Polygon", "coordinates": [ [ [ 135.3625, 35.479166666666671 ], [ 135.36875, 35.479166666666671 ], [ 135.36875, 35.483333333333341 ], [ 135.3625, 35.483333333333341 ], [ 135.3625, 35.479166666666671 ] ] ] } },
{ "type": "Feature", "properties": { "mesh_code": "533512794", "centroid_lat": 35.48125, "centroid_lon": 135.371875, "city_area_fraction": 0.78943471707860891, "centroid_within_city": true, "population": 113, "elderly_population": 1.0, "reported_elderly_population": 1.0, "elderly_ratio": 0.0088495575221238937, "HTKSYORI": "0", "HTKSAKI": null, "GASSAN": null, "disclosure_status": "unaffected", "suppression_flag": false, "aggregation_target_flag": false, "aggregation_flag": false, "primary_eligible_disclosure": true, "nearest_station_name": "東舞鶴駅", "nearest_station_distance_m": 2511.1889091471639, "nearest_bus_stop_name": "本館前", "nearest_bus_stop_distance_m": 151.42893619333802, "nearest_public_transport_type": "bus_stop", "nearest_public_transport_name": "本館前", "nearest_public_transport_distance_m": 151.42893619333802, "nearest_medical_name": "ジャパンマリンユナイテッド（株） 舞鶴診療所", "nearest_medical_distance_m": 385.20929793394589, "nearest_hospital_name": "国家公務員共済組合連合会 舞鶴共済病院", "nearest_hospital_distance_m": 2184.6565420169873, "nearest_clinic_name": "ジャパンマリンユナイテッド（株） 舞鶴診療所", "nearest_clinic_distance_m": 385.20929793394589, "elderly_population_percentile": "0.027972027972027972", "elderly_ratio_percentile": "0.027972027972027972", "transport_distance_percentile": "0.13286713286713286", "medical_distance_percentile": "0.16083916083916083", "exploratory_score_a": "0.0037165631571225975", "exploratory_score_b": "0.004498997505990513", "exploratory_score_c": "0.0005977688993973408", "rank_a_unfiltered": "283", "rank_b_unfiltered": "283", "rank_c_unfiltered": "281", "pareto_frontier": "False", "eligibility_population_threshold": true, "eligibility_elderly_threshold": false, "primary_eligible": false, "rank": null }, "geometry": { "type": "Polygon", "coordinates": [ [ [ 135.36875, 35.479166666666671 ], [ 135.375, 35.479166666666671 ], [ 135.375, 35.483333333333341 ], [ 135.36875, 35.483333333333341 ], [ 135.36875, 35.479166666666671 ] ] ] } },
{ "type": "Feature", "properties": { "mesh_code": "533512801", "centroid_lat": 35.48541666666668, "centroid_lon": 135.253125, "city_area_fraction": 1.0, "centroid_within_city": true, "population": 2, "elderly_population": null, "reported_elderly_population": null, "elderly_ratio": null, "HTKSYORI": "2", "HTKSAKI": "533512714", "GASSAN": null, "disclosure_status": "suppressed_source", "suppression_flag": true, "aggregation_target_flag": false, "aggregation_flag": false, "primary_eligible_disclosure": false, "nearest_station_name": "東雲駅", "nearest_station_distance_m": 3110.3624114039135, "nearest_bus_stop_name": "八田・由良川学園前", "nearest_bus_stop_distance_m": 3831.9980989265127, "nearest_public_transport_type": "station", "nearest_public_transport_name": "東雲駅", "nearest_public_transport_distance_m": 3110.3624114039135, "nearest_medical_name": "市立舞鶴市民病院加佐診療所", "nearest_medical_distance_m": 3678.3224136758845, "nearest_hospital_name": "舞鶴赤十字病院", "nearest_hospital_distance_m": 8860.259316564172, "nearest_clinic_name": "市立舞鶴市民病院加佐診療所", "nearest_clinic_distance_m": 3678.3224136758845, "elderly_population_percentile": "<NA>", "elderly_ratio_percentile": "<NA>", "transport_distance_percentile": "<NA>", "medical_distance_percentile": "<NA>", "exploratory_score_a": "<NA>", "exploratory_score_b": "<NA>", "exploratory_score_c": "<NA>", "rank_a_unfiltered": "<NA>", "rank_b_unfiltered": "<NA>", "rank_c_unfiltered": "<NA>", "pareto_frontier": "<NA>", "eligibility_population_threshold": false, "eligibility_elderly_threshold": false, "primary_eligible": false, "rank": null }, "geometry": { "type": "Polygon", "coordinates": [ [ [ 135.25, 35.483333333333341 ], [ 135.25625, 35.483333333333341 ], [ 135.25625, 35.4875 ], [ 135.25, 35.4875 ], [ 135.25, 35.483333333333341 ] ] ] } },
{ "type": "Feature", "properties": { "mesh_code": "533512821", "centroid_lat": 35.48541666666668, "centroid_lon": 135.278125, "city_area_fraction": 1.0, "centroid_within_city": true, "population": 4, "elderly_population": null, "reported_elderly_population": null, "elderly_ratio": null, "HTKSYORI": "2", "HTKSAKI": "533512714", "GASSAN": null, "disclosure_status": "suppressed_source", "suppression_flag": true, "aggregation_target_flag": false, "aggregation_flag": false, "primary_eligible_disclosure": false, "nearest_station_name": "東雲駅", "nearest_station_distance_m": 1309.963090496803, "nearest_bus_stop_name": "八田・由良川学園前", "nearest_bus_stop_distance_m": 3864.4312926384109, "nearest_public_transport_type": "station", "nearest_public_transport_name": "東雲駅", "nearest_public_transport_distance_m": 1309.963090496803, "nearest_medical_name": "市立舞鶴市民病院加佐診療所", "nearest_medical_distance_m": 3811.5501825126676, "nearest_hospital_name": "舞鶴赤十字病院", "nearest_hospital_distance_m": 7002.6571850767559, "nearest_clinic_name": "市立舞鶴市民病院加佐診療所", "nearest_clinic_distance_m": 3811.5501825126676, "elderly_population_percentile": "<NA>", "elderly_ratio_percentile": "<NA>", "transport_distance_percentile": "<NA>", "medical_distance_percentile": "<NA>", "exploratory_score_a": "<NA>", "exploratory_score_b": "<NA>", "exploratory_score_c": "<NA>", "rank_a_unfiltered": "<NA>", "rank_b_unfiltered": "<NA>", "rank_c_unfiltered": "<NA>", "pareto_frontier": "<NA>", "eligibility_population_threshold": false, "eligibility_elderly_threshold": false, "primary_eligible": false, "rank": null }, "geometry": { "type": "Polygon", "coordinates": [ [ [ 135.275, 35.483333333333341 ], [ 135.28125, 35.483333333333341 ], [ 135.28125, 35.4875 ], [ 135.275, 35.4875 ], [ 135.275, 35.483333333333341 ] ] ] } },
{ "type": "Feature", "properties": { "mesh_code": "533512833", "centroid_lat": 35.489583333333343, "centroid_lon": 135.290625, "city_area_fraction": 1.0, "centroid_within_city": true, "population": 18, "elderly_population": 8.0, "reported_elderly_population": 8.0, "elderly_ratio": 0.44444444444444442, "HTKSYORI": "0", "HTKSAKI": null, "GASSAN": null, "disclosure_status": "unaffected", "suppression_flag": false, "aggregation_target_flag": false, "aggregation_flag": false, "primary_eligible_disclosure": true, "nearest_station_name": "東雲駅", "nearest_station_distance_m": 1696.3996796405852, "nearest_bus_stop_name": "二尾", "nearest_bus_stop_distance_m": 4567.454362051858, "nearest_public_transport_type": "station", "nearest_public_transport_name": "東雲駅", "nearest_public_transport_distance_m": 1696.3996796405852, "nearest_medical_name": "市立舞鶴市民病院加佐診療所", "nearest_medical_distance_m": 4732.375637886209, "nearest_hospital_name": "舞鶴赤十字病院", "nearest_hospital_distance_m": 6522.7387447805331, "nearest_clinic_name": "市立舞鶴市民病院加佐診療所", "nearest_clinic_distance_m": 4732.375637886209, "elderly_population_percentile": "0.15734265734265734", "elderly_ratio_percentile": "0.6136363636363636", "transport_distance_percentile": "0.8321678321678322", "medical_distance_percentile": "0.9370629370629371", "exploratory_score_a": "0.1309354980683652", "exploratory_score_b": "0.1474399726147978", "exploratory_score_c": "0.12269480238574083", "rank_a_unfiltered": "181", "rank_b_unfiltered": "168", "rank_c_unfiltered": "95", "pareto_frontier": "False", "eligibility_population_threshold": false, "eligibility_elderly_threshold": false, "primary_eligible": false, "rank": null }, "geometry": { "type": "Polygon", "coordinates": [ [ [ 135.2875, 35.4875 ], [ 135.29375, 35.4875 ], [ 135.29375, 35.491666666666681 ], [ 135.2875, 35.491666666666681 ], [ 135.2875, 35.4875 ] ] ] } },
{ "type": "Feature", "properties": { "mesh_code": "533512851", "centroid_lat": 35.48541666666668, "centroid_lon": 135.315625, "city_area_fraction": 1.0, "centroid_within_city": true, "population": 1, "elderly_population": null, "reported_elderly_population": null, "elderly_ratio": null, "HTKSYORI": "2", "HTKSAKI": "533512854", "GASSAN": null, "disclosure_status": "suppressed_source", "suppression_flag": true, "aggregation_target_flag": false, "aggregation_flag": false, "primary_eligible_disclosure": false, "nearest_station_name": "東雲駅", "nearest_station_distance_m": 3013.2103927792382, "nearest_bus_stop_name": "二尾", "nearest_bus_stop_distance_m": 2716.4940578904557, "nearest_public_transport_type": "bus_stop", "nearest_public_transport_name": "二尾", "nearest_public_transport_distance_m": 2716.4940578904557, "nearest_medical_name": "国土交通省共済組合海上保安学校診療所", "nearest_medical_distance_m": 3376.4690342462604, "nearest_hospital_name": "舞鶴赤十字病院", "nearest_hospital_distance_m": 4913.7621103162501, "nearest_clinic_name": "国土交通省共済組合海上保安学校診療所", "nearest_clinic_distance_m": 3376.4690342462604, "elderly_population_percentile": "<NA>", "elderly_ratio_percentile": "<NA>", "transport_distance_percentile": "<NA>", "medical_distance_percentile": "<NA>", "exploratory_score_a": "<NA>", "exploratory_score_b": "<NA>", "exploratory_score_c": "<NA>", "rank_a_unfiltered": "<NA>", "rank_b_unfiltered": "<NA>", "rank_c_unfiltered": "<NA>", "pareto_frontier": "<NA>", "eligibility_population_threshold": false, "eligibility_elderly_threshold": false, "primary_eligible": false, "rank": null }, "geometry": { "type": "Polygon", "coordinates": [ [ [ 135.3125, 35.483333333333341 ], [ 135.31875, 35.483333333333341 ], [ 135.31875, 35.4875 ], [ 135.3125, 35.4875 ], [ 135.3125, 35.483333333333341 ] ] ] } },
{ "type": "Feature", "properties": { "mesh_code": "533512853", "centroid_lat": 35.489583333333343, "centroid_lon": 135.315625, "city_area_fraction": 0.99999999999999978, "centroid_within_city": true, "population": 6, "elderly_population": null, "reported_elderly_population": null, "elderly_ratio": null, "HTKSYORI": "2", "HTKSAKI": "533512854", "GASSAN": null, "disclosure_status": "suppressed_source", "suppression_flag": true, "aggregation_target_flag": false, "aggregation_flag": false, "primary_eligible_disclosure": false, "nearest_station_name": "丹後神崎駅", "nearest_station_distance_m": 2738.5128039326532, "nearest_bus_stop_name": "二尾", "nearest_bus_stop_distance_m": 3129.8521049111632, "nearest_public_transport_type": "station", "nearest_public_transport_name": "丹後神崎駅", "nearest_public_transport_distance_m": 2738.5128039326532, "nearest_medical_name": "国土交通省共済組合海上保安学校診療所", "nearest_medical_distance_m": 3364.0782460942169, "nearest_hospital_name": "舞鶴赤十字病院", "nearest_hospital_distance_m": 5341.0198137692287, "nearest_clinic_name": "国土交通省共済組合海上保安学校診療所", "nearest_clinic_distance_m": 3364.0782460942169, "elderly_population_percentile": "<NA>", "elderly_ratio_percentile": "<NA>", "transport_distance_percentile": "<NA>", "medical_distance_percentile": "<NA>", "exploratory_score_a": "<NA>", "exploratory_score_b": "<NA>", "exploratory_score_c": "<NA>", "rank_a_unfiltered": "<NA>", "rank_b_unfiltered": "<NA>", "rank_c_unfiltered": "<NA>", "pareto_frontier": "<NA>", "eligibility_population_threshold": false, "eligibility_elderly_threshold": false, "primary_eligible": false, "rank": null }, "geometry": { "type": "Polygon", "coordinates": [ [ [ 135.3125, 35.4875 ], [ 135.31875, 35.4875 ], [ 135.31875, 35.491666666666681 ], [ 135.3125, 35.491666666666681 ], [ 135.3125, 35.4875 ] ] ] } },
{ "type": "Feature", "properties": { "mesh_code": "533512854", "centroid_lat": 35.489583333333343, "centroid_lon": 135.321875, "city_area_fraction": 0.91860496901442068, "centroid_within_city": true, "population": 118, "elderly_population": null, "reported_elderly_population": 63.0, "elderly_ratio": null, "HTKSYORI": "1", "HTKSAKI": null, "GASSAN": "533512851;533512853", "disclosure_status": "aggregation_destination", "suppression_flag": false, "aggregation_target_flag": true, "aggregation_flag": true, "primary_eligible_disclosure": false, "nearest_station_name": "丹後神崎駅", "nearest_station_distance_m": 3174.6902342721337, "nearest_bus_stop_name": "藤の森", "nearest_bus_stop_distance_m": 2669.3948129045002, "nearest_public_transport_type": "bus_stop", "nearest_public_transport_name": "藤の森", "nearest_public_transport_distance_m": 2669.3948129045002, "nearest_medical_name": "国土交通省共済組合海上保安学校診療所", "nearest_medical_distance_m": 2797.5748349121041, "nearest_hospital_name": "舞鶴赤十字病院", "nearest_hospital_distance_m": 5160.4758860166594, "nearest_clinic_name": "国土交通省共済組合海上保安学校診療所", "nearest_clinic_distance_m": 2797.5748349121041, "elderly_population_percentile": "<NA>", "elderly_ratio_percentile": "<NA>", "transport_distance_percentile": "<NA>", "medical_distance_percentile": "<NA>", "exploratory_score_a": "<NA>", "exploratory_score_b": "<NA>", "exploratory_score_c": "<NA>", "rank_a_unfiltered": "<NA>", "rank_b_unfiltered": "<NA>", "rank_c_unfiltered": "<NA>", "pareto_frontier": "<NA>", "eligibility_population_threshold": true, "eligibility_elderly_threshold": false, "primary_eligible": false, "rank": null }, "geometry": { "type": "Polygon", "coordinates": [ [ [ 135.31875, 35.4875 ], [ 135.325, 35.4875 ], [ 135.325, 35.491666666666681 ], [ 135.31875, 35.491666666666681 ], [ 135.31875, 35.4875 ] ] ] } },
{ "type": "Feature", "properties": { "mesh_code": "533512882", "centroid_lat": 35.48541666666668, "centroid_lon": 135.359375, "city_area_fraction": 1.0, "centroid_within_city": true, "population": 68, "elderly_population": 24.0, "reported_elderly_population": 24.0, "elderly_ratio": 0.35294117647058826, "HTKSYORI": "0", "HTKSAKI": null, "GASSAN": null, "disclosure_status": "unaffected", "suppression_flag": false, "aggregation_target_flag": false, "aggregation_flag": false, "primary_eligible_disclosure": true, "nearest_station_name": "東舞鶴駅", "nearest_station_distance_m": 3718.5219399783787, "nearest_bus_stop_name": "高倉神社前", "nearest_bus_stop_distance_m": 316.63331866013084, "nearest_public_transport_type": "bus_stop", "nearest_public_transport_name": "高倉神社前", "nearest_public_transport_distance_m": 316.63331866013084, "nearest_medical_name": "国土交通省共済組合海上保安学校診療所", "nearest_medical_distance_m": 688.03161849485275, "nearest_hospital_name": "国家公務員共済組合連合会 舞鶴共済病院", "nearest_hospital_distance_m": 3385.9935011880434, "nearest_clinic_name": "国土交通省共済組合海上保安学校診療所", "nearest_clinic_distance_m": 688.03161849485275, "elderly_population_percentile": "0.46503496503496505", "elderly_ratio_percentile": "0.4230769230769231", "transport_distance_percentile": "0.34265734265734266", "medical_distance_percentile": "0.3076923076923077", "exploratory_score_a": "0.15934764536163137", "exploratory_score_b": "0.14308768154922002", "exploratory_score_c": "0.04903004472665581", "rank_a_unfiltered": "163", "rank_b_unfiltered": "172", "rank_c_unfiltered": "179", "pareto_frontier": "False", "eligibility_population_threshold": true, "eligibility_elderly_threshold": true, "primary_eligible": true, "rank": 146 }, "geometry": { "type": "Polygon", "coordinates": [ [ [ 135.35625, 35.483333333333341 ], [ 135.3625, 35.483333333333341 ], [ 135.3625, 35.4875 ], [ 135.35625, 35.4875 ], [ 135.35625, 35.483333333333341 ] ] ] } },
{ "type": "Feature", "properties": { "mesh_code": "533512883", "centroid_lat": 35.489583333333343, "centroid_lon": 135.353125, "city_area_fraction": 0.64357480156945235, "centroid_within_city": true, "population": 418, "elderly_population": 0.0, "reported_elderly_population": 0.0, "elderly_ratio": 0.0, "HTKSYORI": "0", "HTKSAKI": null, "GASSAN": null, "disclosure_status": "unaffected", "suppression_flag": false, "aggregation_target_flag": false, "aggregation_flag": false, "primary_eligible_disclosure": true, "nearest_station_name": "東舞鶴駅", "nearest_station_distance_m": 4442.5359255437961, "nearest_bus_stop_name": "海上保安学校前", "nearest_bus_stop_distance_m": 287.13150014805387, "nearest_public_transport_type": "bus_stop", "nearest_public_transport_name": "海上保安学校前", "nearest_public_transport_distance_m": 287.13150014805387, "nearest_medical_name": "国土交通省共済組合海上保安学校診療所", "nearest_medical_distance_m": 147.39465050342909, "nearest_hospital_name": "国家公務員共済組合連合会 舞鶴共済病院", "nearest_hospital_distance_m": 4111.7622648739753, "nearest_clinic_name": "国土交通省共済組合海上保安学校診療所", "nearest_clinic_distance_m": 147.39465050342909, "elderly_population_percentile": "0.013986013986013986", "elderly_ratio_percentile": "0.013986013986013986", "transport_distance_percentile": "0.3111888111888112", "medical_distance_percentile": "0.06293706293706294", "exploratory_score_a": "0.004352291065577779", "exploratory_score_b": "0.0008802386424764047", "exploratory_score_c": "0.0002739204167146854", "rank_a_unfiltered": "282", "rank_b_unfiltered": "286", "rank_c_unfiltered": "284", "pareto_frontier": "False", "eligibility_population_threshold": true, "eligibility_elderly_threshold": false, "primary_eligible": false, "rank": null }, "geometry": { "type": "Polygon", "coordinates": [ [ [ 135.35, 35.4875 ], [ 135.35625, 35.4875 ], [ 135.35625, 35.491666666666681 ], [ 135.35, 35.491666666666681 ], [ 135.35, 35.4875 ] ] ] } },
{ "type": "Feature", "properties": { "mesh_code": "533512891", "centroid_lat": 35.48541666666668, "centroid_lon": 135.365625, "city_area_fraction": 0.99999999999999978, "centroid_within_city": true, "population": 72, "elderly_population": 14.0, "reported_elderly_population": 14.0, "elderly_ratio": 0.19444444444444445, "HTKSYORI": "0", "HTKSAKI": null, "GASSAN": null, "disclosure_status": "unaffected", "suppression_flag": false, "aggregation_target_flag": false, "aggregation_flag": false, "primary_eligible_disclosure": true, "nearest_station_name": "東舞鶴駅", "nearest_station_distance_m": 3240.5429834356323, "nearest_bus_stop_name": "高倉神社前", "nearest_bus_stop_distance_m": 288.85704448723271, "nearest_public_transport_type": "bus_stop", "nearest_public_transport_name": "高倉神社前", "nearest_public_transport_distance_m": 288.85704448723271, "nearest_medical_name": "西村医院", "nearest_medical_distance_m": 853.04559443551057, "nearest_hospital_name": "国家公務員共済組合連合会 舞鶴共済病院", "nearest_hospital_distance_m": 2915.5876242576337, "nearest_clinic_name": "西村医院", "nearest_clinic_distance_m": 853.04559443551057, "elderly_population_percentile": "0.30244755244755245", "elderly_ratio_percentile": "0.08041958041958042", "transport_distance_percentile": "0.3181818181818182", "medical_distance_percentile": "0.3986013986013986", "exploratory_score_a": "0.09623331214240305", "exploratory_score_b": "0.12055601740916426", "exploratory_score_c": "0.03835873281200681", "rank_a_unfiltered": "207", "rank_b_unfiltered": "189", "rank_c_unfiltered": "194", "pareto_frontier": "False", "eligibility_population_threshold": true, "eligibility_elderly_threshold": true, "primary_eligible": true, "rank": 155 }, "geometry": { "type": "Polygon", "coordinates": [ [ [ 135.3625, 35.483333333333341 ], [ 135.36875, 35.483333333333341 ], [ 135.36875, 35.4875 ], [ 135.3625, 35.4875 ], [ 135.3625, 35.483333333333341 ] ] ] } },
{ "type": "Feature", "properties": { "mesh_code": "533512893", "centroid_lat": 35.489583333333343, "centroid_lon": 135.365625, "city_area_fraction": 0.39576360033123559, "centroid_within_city": true, "population": 170, "elderly_population": 0.0, "reported_elderly_population": 0.0, "elderly_ratio": 0.0, "HTKSYORI": "0", "HTKSAKI": null, "GASSAN": null, "disclosure_status": "unaffected", "suppression_flag": false, "aggregation_target_flag": false, "aggregation_flag": false, "primary_eligible_disclosure": true, "nearest_station_name": "東舞鶴駅", "nearest_station_distance_m": 3527.1121660202903, "nearest_bus_stop_name": "高倉神社前", "nearest_bus_stop_distance_m": 446.30804677748108, "nearest_public_transport_type": "bus_stop", "nearest_public_transport_name": "高倉神社前", "nearest_public_transport_distance_m": 446.30804677748108, "nearest_medical_name": "国土交通省共済組合海上保安学校診療所", "nearest_medical_distance_m": 1184.2082732617214, "nearest_hospital_name": "国家公務員共済組合連合会 舞鶴共済病院", "nearest_hospital_distance_m": 3214.7980580381254, "nearest_clinic_name": "国土交通省共済組合海上保安学校診療所", "nearest_clinic_distance_m": 1184.2082732617214, "elderly_population_percentile": "0.013986013986013986", "elderly_ratio_percentile": "0.013986013986013986", "transport_distance_percentile": "0.45454545454545453", "medical_distance_percentile": "0.5209790209790209", "exploratory_score_a": "0.006357279084551811", "exploratory_score_b": "0.007286419873832461", "exploratory_score_c": "0.003312009033560209", "rank_a_unfiltered": "279", "rank_b_unfiltered": "276", "rank_c_unfiltered": "264", "pareto_frontier": "False", "eligibility_population_threshold": true, "eligibility_elderly_threshold": false, "primary_eligible": false, "rank": null }, "geometry": { "type": "Polygon", "coordinates": [ [ [ 135.3625, 35.4875 ], [ 135.36875, 35.4875 ], [ 135.36875, 35.491666666666681 ], [ 135.3625, 35.491666666666681 ], [ 135.3625, 35.4875 ] ] ] } },
{ "type": "Feature", "properties": { "mesh_code": "533512894", "centroid_lat": 35.489583333333343, "centroid_lon": 135.371875, "city_area_fraction": 0.59159184616760863, "centroid_within_city": true, "population": 10, "elderly_population": 0.0, "reported_elderly_population": 0.0, "elderly_ratio": 0.0, "HTKSYORI": "0", "HTKSAKI": null, "GASSAN": null, "disclosure_status": "unaffected", "suppression_flag": false, "aggregation_target_flag": false, "aggregation_flag": false, "primary_eligible_disclosure": true, "nearest_station_name": "東舞鶴駅", "nearest_station_distance_m": 3123.7436700944058, "nearest_bus_stop_name": "飛行場前", "nearest_bus_stop_distance_m": 153.31072728064603, "nearest_public_transport_type": "bus_stop", "nearest_public_transport_name": "飛行場前", "nearest_public_transport_distance_m": 153.31072728064603, "nearest_medical_name": "ジャパンマリンユナイテッド（株） 舞鶴診療所", "nearest_medical_distance_m": 860.80304441431531, "nearest_hospital_name": "自衛隊舞鶴病院", "nearest_hospital_distance_m": 2769.9510022849695, "nearest_clinic_name": "ジャパンマリンユナイテッド（株） 舞鶴診療所", "nearest_clinic_distance_m": 860.80304441431531, "elderly_population_percentile": "0.013986013986013986", "elderly_ratio_percentile": "0.013986013986013986", "transport_distance_percentile": "0.13636363636363635", "medical_distance_percentile": "0.4020979020979021", "exploratory_score_a": "0.0019071837253655435", "exploratory_score_b": "0.005623746882488141", "exploratory_score_c": "0.0007668745748847464", "rank_a_unfiltered": "285", "rank_b_unfiltered": "280", "rank_c_unfiltered": "277", "pareto_frontier": "False", "eligibility_population_threshold": false, "eligibility_elderly_threshold": false, "primary_eligible": false, "rank": null }, "geometry": { "type": "Polygon", "coordinates": [ [ [ 135.36875, 35.4875 ], [ 135.375, 35.4875 ], [ 135.375, 35.491666666666681 ], [ 135.36875, 35.491666666666681 ], [ 135.36875, 35.4875 ] ] ] } },
{ "type": "Feature", "properties": { "mesh_code": "533512924", "centroid_lat": 35.497916666666683, "centroid_lon": 135.284375, "city_area_fraction": 0.2143699004641044, "centroid_within_city": false, "population": 22, "elderly_population": 15.0, "reported_elderly_population": 15.0, "elderly_ratio": 0.68181818181818177, "HTKSYORI": "0", "HTKSAKI": null, "GASSAN": null, "disclosure_status": "unaffected", "suppression_flag": false, "aggregation_target_flag": false, "aggregation_flag": false, "primary_eligible_disclosure": true, "nearest_station_name": "丹後神崎駅", "nearest_station_distance_m": 1275.5383880482461, "nearest_bus_stop_name": "八田・由良川学園前", "nearest_bus_stop_distance_m": 5359.6516351906466, "nearest_public_transport_type": "station", "nearest_public_transport_name": "丹後神崎駅", "nearest_public_transport_distance_m": 1275.5383880482461, "nearest_medical_name": "市立舞鶴市民病院加佐診療所", "nearest_medical_distance_m": 5309.4909910777042, "nearest_hospital_name": "舞鶴赤十字病院", "nearest_hospital_distance_m": 7596.2519306613476, "nearest_clinic_name": "市立舞鶴市民病院加佐診療所", "nearest_clinic_distance_m": 5309.4909910777042, "elderly_population_percentile": "0.3339160839160839", "elderly_ratio_percentile": "0.9370629370629371", "transport_distance_percentile": "0.7657342657342657", "medical_distance_percentile": "0.951048951048951", "exploratory_score_a": "0.255690987334344", "exploratory_score_b": "0.3175705413467651", "exploratory_score_c": "0.24317464529699848", "rank_a_unfiltered": "105", "rank_b_unfiltered": "63", "rank_c_unfiltered": "30", "pareto_frontier": "False", "eligibility_population_threshold": true, "eligibility_elderly_threshold": true, "primary_eligible": true, "rank": 30 }, "geometry": { "type": "Polygon", "coordinates": [ [ [ 135.28125, 35.495833333333344 ], [ 135.2875, 35.495833333333344 ], [ 135.2875, 35.5 ], [ 135.28125, 35.5 ], [ 135.28125, 35.495833333333344 ] ] ] } },
{ "type": "Feature", "properties": { "mesh_code": "533512931", "centroid_lat": 35.49375, "centroid_lon": 135.290625, "city_area_fraction": 0.99999999999999989, "centroid_within_city": true, "population": 50, "elderly_population": 26.0, "reported_elderly_population": 26.0, "elderly_ratio": 0.52, "HTKSYORI": "0", "HTKSAKI": null, "GASSAN": null, "disclosure_status": "unaffected", "suppression_flag": false, "aggregation_target_flag": false, "aggregation_flag": false, "primary_eligible_disclosure": true, "nearest_station_name": "丹後神崎駅", "nearest_station_distance_m": 1445.144076140371, "nearest_bus_stop_name": "二尾", "nearest_bus_stop_distance_m": 4868.787552390223, "nearest_public_transport_type": "station", "nearest_public_transport_name": "丹後神崎駅", "nearest_public_transport_distance_m": 1445.144076140371, "nearest_medical_name": "市立舞鶴市民病院加佐診療所", "nearest_medical_distance_m": 5131.2833188617124, "nearest_hospital_name": "舞鶴赤十字病院", "nearest_hospital_distance_m": 6881.4409328085758, "nearest_clinic_name": "市立舞鶴市民病院加佐診療所", "nearest_clinic_distance_m": 5131.2833188617124, "elderly_population_percentile": "0.5", "elderly_ratio_percentile": "0.756993006993007", "transport_distance_percentile": "0.7972027972027972", "medical_distance_percentile": "0.9440559440559441", "exploratory_score_a": "0.3986013986013986", "exploratory_score_b": "0.47202797202797203", "exploratory_score_c": "0.376302019658663", "rank_a_unfiltered": "42", "rank_b_unfiltered": "16", "rank_c_unfiltered": "9", "pareto_frontier": "True", "eligibility_population_threshold": true, "eligibility_elderly_threshold": true, "primary_eligible": true, "rank": 9 }, "geometry": { "type": "Polygon", "coordinates": [ [ [ 135.2875, 35.491666666666674 ], [ 135.29375, 35.491666666666674 ], [ 135.29375, 35.495833333333344 ], [ 135.2875, 35.495833333333344 ], [ 135.2875, 35.491666666666674 ] ] ] } },
{ "type": "Feature", "properties": { "mesh_code": "533512933", "centroid_lat": 35.497916666666683, "centroid_lon": 135.290625, "city_area_fraction": 0.99581226999614036, "centroid_within_city": true, "population": 4, "elderly_population": null, "reported_elderly_population": null, "elderly_ratio": null, "HTKSYORI": "2", "HTKSAKI": "533512934", "GASSAN": null, "disclosure_status": "suppressed_source", "suppression_flag": true, "aggregation_target_flag": false, "aggregation_flag": false, "primary_eligible_disclosure": false, "nearest_station_name": "丹後神崎駅", "nearest_station_distance_m": 995.43566525725964, "nearest_bus_stop_name": "二尾", "nearest_bus_stop_distance_m": 5193.8355148065202, "nearest_public_transport_type": "station", "nearest_public_transport_name": "丹後神崎駅", "nearest_public_transport_distance_m": 995.43566525725964, "nearest_medical_name": "市立舞鶴市民病院加佐診療所", "nearest_medical_distance_m": 5540.0491803696741, "nearest_hospital_name": "舞鶴赤十字病院", "nearest_hospital_distance_m": 7251.8770702527054, "nearest_clinic_name": "市立舞鶴市民病院加佐診療所", "nearest_clinic_distance_m": 5540.0491803696741, "elderly_population_percentile": "<NA>", "elderly_ratio_percentile": "<NA>", "transport_distance_percentile": "<NA>", "medical_distance_percentile": "<NA>", "exploratory_score_a": "<NA>", "exploratory_score_b": "<NA>", "exploratory_score_c": "<NA>", "rank_a_unfiltered": "<NA>", "rank_b_unfiltered": "<NA>", "rank_c_unfiltered": "<NA>", "pareto_frontier": "<NA>", "eligibility_population_threshold": false, "eligibility_elderly_threshold": false, "primary_eligible": false, "rank": null }, "geometry": { "type": "Polygon", "coordinates": [ [ [ 135.2875, 35.495833333333344 ], [ 135.29375, 35.495833333333344 ], [ 135.29375, 35.5 ], [ 135.2875, 35.5 ], [ 135.2875, 35.495833333333344 ] ] ] } },
{ "type": "Feature", "properties": { "mesh_code": "533512934", "centroid_lat": 35.497916666666683, "centroid_lon": 135.296875, "city_area_fraction": 1.0000000000000002, "centroid_within_city": true, "population": 24, "elderly_population": null, "reported_elderly_population": 16.0, "elderly_ratio": null, "HTKSYORI": "1", "HTKSAKI": null, "GASSAN": "533512933", "disclosure_status": "aggregation_destination", "suppression_flag": false, "aggregation_target_flag": true, "aggregation_flag": true, "primary_eligible_disclosure": false, "nearest_station_name": "丹後神崎駅", "nearest_station_distance_m": 998.89894173908283, "nearest_bus_stop_name": "二尾", "nearest_bus_stop_distance_m": 4821.2821975426623, "nearest_public_transport_type": "station", "nearest_public_transport_name": "丹後神崎駅", "nearest_public_transport_distance_m": 998.89894173908283, "nearest_medical_name": "国土交通省共済組合海上保安学校診療所", "nearest_medical_distance_m": 5173.1782457943873, "nearest_hospital_name": "舞鶴赤十字病院", "nearest_hospital_distance_m": 6936.8514315191424, "nearest_clinic_name": "国土交通省共済組合海上保安学校診療所", "nearest_clinic_distance_m": 5173.1782457943873, "elderly_population_percentile": "<NA>", "elderly_ratio_percentile": "<NA>", "transport_distance_percentile": "<NA>", "medical_distance_percentile": "<NA>", "exploratory_score_a": "<NA>", "exploratory_score_b": "<NA>", "exploratory_score_c": "<NA>", "rank_a_unfiltered": "<NA>", "rank_b_unfiltered": "<NA>", "rank_c_unfiltered": "<NA>", "pareto_frontier": "<NA>", "eligibility_population_threshold": true, "eligibility_elderly_threshold": false, "primary_eligible": false, "rank": null }, "geometry": { "type": "Polygon", "coordinates": [ [ [ 135.29375, 35.495833333333344 ], [ 135.3, 35.495833333333344 ], [ 135.3, 35.5 ], [ 135.29375, 35.5 ], [ 135.29375, 35.495833333333344 ] ] ] } },
{ "type": "Feature", "properties": { "mesh_code": "533512962", "centroid_lat": 35.49375, "centroid_lon": 135.334375, "city_area_fraction": 0.038109665330406169, "centroid_within_city": false, "population": 6, "elderly_population": null, "reported_elderly_population": null, "elderly_ratio": null, "HTKSYORI": "2", "HTKSAKI": "533512964", "GASSAN": null, "disclosure_status": "suppressed_source", "suppression_flag": true, "aggregation_target_flag": false, "aggregation_flag": false, "primary_eligible_disclosure": false, "nearest_station_name": "丹後神崎駅", "nearest_station_distance_m": 3954.8273636202007, "nearest_bus_stop_name": "海上保安学校前", "nearest_bus_stop_distance_m": 1979.4155503415329, "nearest_public_transport_type": "bus_stop", "nearest_public_transport_name": "海上保安学校前", "nearest_public_transport_distance_m": 1979.4155503415329, "nearest_medical_name": "国土交通省共済組合海上保安学校診療所", "nearest_medical_distance_m": 1766.1225163759482, "nearest_hospital_name": "舞鶴赤十字病院", "nearest_hospital_distance_m": 5438.5885076515224, "nearest_clinic_name": "国土交通省共済組合海上保安学校診療所", "nearest_clinic_distance_m": 1766.1225163759482, "elderly_population_percentile": "<NA>", "elderly_ratio_percentile": "<NA>", "transport_distance_percentile": "<NA>", "medical_distance_percentile": "<NA>", "exploratory_score_a": "<NA>", "exploratory_score_b": "<NA>", "exploratory_score_c": "<NA>", "rank_a_unfiltered": "<NA>", "rank_b_unfiltered": "<NA>", "rank_c_unfiltered": "<NA>", "pareto_frontier": "<NA>", "eligibility_population_threshold": false, "eligibility_elderly_threshold": false, "primary_eligible": false, "rank": null }, "geometry": { "type": "Polygon", "coordinates": [ [ [ 135.33125, 35.491666666666674 ], [ 135.3375, 35.491666666666674 ], [ 135.3375, 35.495833333333344 ], [ 135.33125, 35.495833333333344 ], [ 135.33125, 35.491666666666674 ] ] ] } },
{ "type": "Feature", "properties": { "mesh_code": "533512963", "centroid_lat": 35.497916666666683, "centroid_lon": 135.328125, "city_area_fraction": 1.0000000000000002, "centroid_within_city": true, "population": 5, "elderly_population": null, "reported_elderly_population": null, "elderly_ratio": null, "HTKSYORI": "2", "HTKSAKI": "533512964", "GASSAN": null, "disclosure_status": "suppressed_source", "suppression_flag": true, "aggregation_target_flag": false, "aggregation_flag": false, "primary_eligible_disclosure": false, "nearest_station_name": "丹後神崎駅", "nearest_station_distance_m": 3267.6395394199312, "nearest_bus_stop_name": "海上保安学校前", "nearest_bus_stop_distance_m": 2684.1480215950783, "nearest_public_transport_type": "bus_stop", "nearest_public_transport_name": "海上保安学校前", "nearest_public_transport_distance_m": 2684.1480215950783, "nearest_medical_name": "国土交通省共済組合海上保安学校診療所", "nearest_medical_distance_m": 2468.7631424678816, "nearest_hospital_name": "舞鶴赤十字病院", "nearest_hospital_distance_m": 5951.7575045448448, "nearest_clinic_name": "国土交通省共済組合海上保安学校診療所", "nearest_clinic_distance_m": 2468.7631424678816, "elderly_population_percentile": "<NA>", "elderly_ratio_percentile": "<NA>", "transport_distance_percentile": "<NA>", "medical_distance_percentile": "<NA>", "exploratory_score_a": "<NA>", "exploratory_score_b": "<NA>", "exploratory_score_c": "<NA>", "rank_a_unfiltered": "<NA>", "rank_b_unfiltered": "<NA>", "rank_c_unfiltered": "<NA>", "pareto_frontier": "<NA>", "eligibility_population_threshold": false, "eligibility_elderly_threshold": false, "primary_eligible": false, "rank": null }, "geometry": { "type": "Polygon", "coordinates": [ [ [ 135.325, 35.495833333333344 ], [ 135.33125, 35.495833333333344 ], [ 135.33125, 35.5 ], [ 135.325, 35.5 ], [ 135.325, 35.495833333333344 ] ] ] } },
{ "type": "Feature", "properties": { "mesh_code": "533512964", "centroid_lat": 35.497916666666683, "centroid_lon": 135.334375, "city_area_fraction": 0.19747451930894713, "centroid_within_city": false, "population": 78, "elderly_population": null, "reported_elderly_population": 48.0, "elderly_ratio": null, "HTKSYORI": "1", "HTKSAKI": null, "GASSAN": "533512962;533512963", "disclosure_status": "aggregation_destination", "suppression_flag": false, "aggregation_target_flag": true, "aggregation_flag": true, "primary_eligible_disclosure": false, "nearest_station_name": "丹後神崎駅", "nearest_station_distance_m": 3813.4521288639908, "nearest_bus_stop_name": "海上保安学校前", "nearest_bus_stop_distance_m": 2187.949394668442, "nearest_public_transport_type": "bus_stop", "nearest_public_transport_name": "海上保安学校前", "nearest_public_transport_distance_m": 2187.949394668442, "nearest_medical_name": "国土交通省共済組合海上保安学校診療所", "nearest_medical_distance_m": 1972.5267344692643, "nearest_hospital_name": "舞鶴赤十字病院", "nearest_hospital_distance_m": 5900.3917367941012, "nearest_clinic_name": "国土交通省共済組合海上保安学校診療所", "nearest_clinic_distance_m": 1972.5267344692643, "elderly_population_percentile": "<NA>", "elderly_ratio_percentile": "<NA>", "transport_distance_percentile": "<NA>", "medical_distance_percentile": "<NA>", "exploratory_score_a": "<NA>", "exploratory_score_b": "<NA>", "exploratory_score_c": "<NA>", "rank_a_unfiltered": "<NA>", "rank_b_unfiltered": "<NA>", "rank_c_unfiltered": "<NA>", "pareto_frontier": "<NA>", "eligibility_population_threshold": true, "eligibility_elderly_threshold": false, "primary_eligible": false, "rank": null }, "geometry": { "type": "Polygon", "coordinates": [ [ [ 135.33125, 35.495833333333344 ], [ 135.3375, 35.495833333333344 ], [ 135.3375, 35.5 ], [ 135.33125, 35.5 ], [ 135.33125, 35.495833333333344 ] ] ] } },
{ "type": "Feature", "properties": { "mesh_code": "533513003", "centroid_lat": 35.42291666666668, "centroid_lon": 135.378125, "city_area_fraction": 0.99999999999999978, "centroid_within_city": true, "population": 23, "elderly_population": 14.0, "reported_elderly_population": 14.0, "elderly_ratio": 0.60869565217391308, "HTKSYORI": "0", "HTKSAKI": null, "GASSAN": null, "disclosure_status": "unaffected", "suppression_flag": false, "aggregation_target_flag": false, "aggregation_flag": false, "primary_eligible_disclosure": true, "nearest_station_name": "西舞鶴駅", "nearest_station_distance_m": 4797.9573101006681, "nearest_bus_stop_name": "福来東", "nearest_bus_stop_distance_m": 3721.848748044285, "nearest_public_transport_type": "bus_stop", "nearest_public_transport_name": "福来東", "nearest_public_transport_distance_m": 3721.848748044285, "nearest_medical_name": "特別養護老人ﾎｰﾑｸﾞﾚｲｽｳﾞｨﾙまいづる診療所", "nearest_medical_distance_m": 3368.8155004500909, "nearest_hospital_name": "市立舞鶴市民病院", "nearest_hospital_distance_m": 4299.1799359202214, "nearest_clinic_name": "特別養護老人ﾎｰﾑｸﾞﾚｲｽｳﾞｨﾙまいづる診療所", "nearest_clinic_distance_m": 3368.8155004500909, "elderly_population_percentile": "0.30244755244755245", "elderly_ratio_percentile": "0.8776223776223776", "transport_distance_percentile": "0.9755244755244755", "medical_distance_percentile": "0.8776223776223776", "exploratory_score_a": "0.2950449899750599", "exploratory_score_b": "0.2654347400850897", "exploratory_score_c": "0.25893808560748266", "rank_a_unfiltered": "87", "rank_b_unfiltered": "86", "rank_c_unfiltered": "27", "pareto_frontier": "False", "eligibility_population_threshold": true, "eligibility_elderly_threshold": true, "primary_eligible": true, "rank": 27 }, "geometry": { "type": "Polygon", "coordinates": [ [ [ 135.375, 35.420833333333341 ], [ 135.38125, 35.420833333333341 ], [ 135.38125, 35.425 ], [ 135.375, 35.425 ], [ 135.375, 35.420833333333341 ] ] ] } },
{ "type": "Feature", "properties": { "mesh_code": "533513004", "centroid_lat": 35.42291666666668, "centroid_lon": 135.384375, "city_area_fraction": 1.0, "centroid_within_city": true, "population": 17, "elderly_population": 9.0, "reported_elderly_population": 9.0, "elderly_ratio": 0.52941176470588236, "HTKSYORI": "0", "HTKSAKI": null, "GASSAN": null, "disclosure_status": "unaffected", "suppression_flag": false, "aggregation_target_flag": false, "aggregation_flag": false, "primary_eligible_disclosure": true, "nearest_station_name": "東舞鶴駅", "nearest_station_distance_m": 5154.7108101834374, "nearest_bus_stop_name": "常団地前", "nearest_bus_stop_distance_m": 3520.1215637149626, "nearest_public_transport_type": "bus_stop", "nearest_public_transport_name": "常団地前", "nearest_public_transport_distance_m": 3520.1215637149626, "nearest_medical_name": "特別養護老人ﾎｰﾑｸﾞﾚｲｽｳﾞｨﾙまいづる診療所", "nearest_medical_distance_m": 3904.221676767324, "nearest_hospital_name": "京都府立舞鶴こども療育センター", "nearest_hospital_distance_m": 4654.8256184596194, "nearest_clinic_name": "特別養護老人ﾎｰﾑｸﾞﾚｲｽｳﾞｨﾙまいづる診療所", "nearest_clinic_distance_m": 3904.221676767324, "elderly_population_percentile": "0.19230769230769232", "elderly_ratio_percentile": "0.7727272727272727", "transport_distance_percentile": "0.965034965034965", "medical_distance_percentile": "0.916083916083916", "exploratory_score_a": "0.18558364712210867", "exploratory_score_b": "0.17616998386229155", "exploratory_score_c": "0.1700101942167569", "rank_a_unfiltered": "142", "rank_b_unfiltered": "138", "rank_c_unfiltered": "63", "pareto_frontier": "False", "eligibility_population_threshold": false, "eligibility_elderly_threshold": false, "primary_eligible": false, "rank": null }, "geometry": { "type": "Polygon", "coordinates": [ [ [ 135.38125, 35.420833333333341 ], [ 135.3875, 35.420833333333341 ], [ 135.3875, 35.425 ], [ 135.38125, 35.425 ], [ 135.38125, 35.420833333333341 ] ] ] } },
{ "type": "Feature", "properties": { "mesh_code": "533513011", "centroid_lat": 35.41875, "centroid_lon": 135.390625, "city_area_fraction": 0.99999999999999978, "centroid_within_city": true, "population": 22, "elderly_population": null, "reported_elderly_population": 13.0, "elderly_ratio": null, "HTKSYORI": "1", "HTKSAKI": null, "GASSAN": "533513012", "disclosure_status": "aggregation_destination", "suppression_flag": false, "aggregation_target_flag": true, "aggregation_flag": true, "primary_eligible_disclosure": false, "nearest_station_name": "東舞鶴駅", "nearest_station_distance_m": 5542.1875513155801, "nearest_bus_stop_name": "常口", "nearest_bus_stop_distance_m": 3746.6439526487384, "nearest_public_transport_type": "bus_stop", "nearest_public_transport_name": "常口", "nearest_public_transport_distance_m": 3746.6439526487384, "nearest_medical_name": "特別養護老人ﾎｰﾑｸﾞﾚｲｽｳﾞｨﾙまいづる診療所", "nearest_medical_distance_m": 4345.4718098319217, "nearest_hospital_name": "京都府立舞鶴こども療育センター", "nearest_hospital_distance_m": 4933.877381846547, "nearest_clinic_name": "特別養護老人ﾎｰﾑｸﾞﾚｲｽｳﾞｨﾙまいづる診療所", "nearest_clinic_distance_m": 4345.4718098319217, "elderly_population_percentile": "<NA>", "elderly_ratio_percentile": "<NA>", "transport_distance_percentile": "<NA>", "medical_distance_percentile": "<NA>", "exploratory_score_a": "<NA>", "exploratory_score_b": "<NA>", "exploratory_score_c": "<NA>", "rank_a_unfiltered": "<NA>", "rank_b_unfiltered": "<NA>", "rank_c_unfiltered": "<NA>", "pareto_frontier": "<NA>", "eligibility_population_threshold": true, "eligibility_elderly_threshold": false, "primary_eligible": false, "rank": null }, "geometry": { "type": "Polygon", "coordinates": [ [ [ 135.3875, 35.416666666666671 ], [ 135.39375, 35.416666666666671 ], [ 135.39375, 35.420833333333341 ], [ 135.3875, 35.420833333333341 ], [ 135.3875, 35.416666666666671 ] ] ] } },
{ "type": "Feature", "properties": { "mesh_code": "533513012", "centroid_lat": 35.41875, "centroid_lon": 135.396875, "city_area_fraction": 1.0, "centroid_within_city": true, "population": 3, "elderly_population": null, "reported_elderly_population": null, "elderly_ratio": null, "HTKSYORI": "2", "HTKSAKI": "533513011", "GASSAN": null, "disclosure_status": "suppressed_source", "suppression_flag": true, "aggregation_target_flag": false, "aggregation_flag": false, "primary_eligible_disclosure": false, "nearest_station_name": "東舞鶴駅", "nearest_station_distance_m": 5532.3096021238434, "nearest_bus_stop_name": "常", "nearest_bus_stop_distance_m": 3604.4471301391968, "nearest_public_transport_type": "bus_stop", "nearest_public_transport_name": "常", "nearest_public_transport_distance_m": 3604.4471301391968, "nearest_medical_name": "鹿野医院", "nearest_medical_distance_m": 4641.7276908287959, "nearest_hospital_name": "京都府立舞鶴こども療育センター", "nearest_hospital_distance_m": 4840.2223430884915, "nearest_clinic_name": "鹿野医院", "nearest_clinic_distance_m": 4641.7276908287959, "elderly_population_percentile": "<NA>", "elderly_ratio_percentile": "<NA>", "transport_distance_percentile": "<NA>", "medical_distance_percentile": "<NA>", "exploratory_score_a": "<NA>", "exploratory_score_b": "<NA>", "exploratory_score_c": "<NA>", "rank_a_unfiltered": "<NA>", "rank_b_unfiltered": "<NA>", "rank_c_unfiltered": "<NA>", "pareto_frontier": "<NA>", "eligibility_population_threshold": false, "eligibility_elderly_threshold": false, "primary_eligible": false, "rank": null }, "geometry": { "type": "Polygon", "coordinates": [ [ [ 135.39375, 35.416666666666671 ], [ 135.4, 35.416666666666671 ], [ 135.4, 35.420833333333341 ], [ 135.39375, 35.420833333333341 ], [ 135.39375, 35.416666666666671 ] ] ] } },
{ "type": "Feature", "properties": { "mesh_code": "533513102", "centroid_lat": 35.427083333333343, "centroid_lon": 135.384375, "city_area_fraction": 0.99999999999999978, "centroid_within_city": true, "population": 14, "elderly_population": 11.0, "reported_elderly_population": 11.0, "elderly_ratio": 0.7857142857142857, "HTKSYORI": "0", "HTKSAKI": null, "GASSAN": null, "disclosure_status": "unaffected", "suppression_flag": false, "aggregation_target_flag": false, "aggregation_flag": false, "primary_eligible_disclosure": true, "nearest_station_name": "東舞鶴駅", "nearest_station_distance_m": 4701.0934854195721, "nearest_bus_stop_name": "常団地前", "nearest_bus_stop_distance_m": 3110.8301576335675, "nearest_public_transport_type": "bus_stop", "nearest_public_transport_name": "常団地前", "nearest_public_transport_distance_m": 3110.8301576335675, "nearest_medical_name": "特別養護老人ホーム真愛の家寿荘医務室", "nearest_medical_distance_m": 3718.5749044922732, "nearest_hospital_name": "京都府立舞鶴こども療育センター", "nearest_hospital_distance_m": 4226.0667729720835, "nearest_clinic_name": "特別養護老人ホーム真愛の家寿荘医務室", "nearest_clinic_distance_m": 3718.5749044922732, "elderly_population_percentile": "0.25874125874125875", "elderly_ratio_percentile": "0.9755244755244755", "transport_distance_percentile": "0.951048951048951", "medical_distance_percentile": "0.9020979020979021", "exploratory_score_a": "0.24607560271895937", "exploratory_score_b": "0.23340994669666", "exploratory_score_c": "0.22198428497025005", "rank_a_unfiltered": "109", "rank_b_unfiltered": "107", "rank_c_unfiltered": "42", "pareto_frontier": "False", "eligibility_population_threshold": false, "eligibility_elderly_threshold": true, "primary_eligible": false, "rank": null }, "geometry": { "type": "Polygon", "coordinates": [ [ [ 135.38125, 35.425 ], [ 135.3875, 35.425 ], [ 135.3875, 35.429166666666674 ], [ 135.38125, 35.429166666666674 ], [ 135.38125, 35.425 ] ] ] } },
{ "type": "Feature", "properties": { "mesh_code": "533513111", "centroid_lat": 35.427083333333343, "centroid_lon": 135.390625, "city_area_fraction": 0.99999999999999978, "centroid_within_city": true, "population": 11, "elderly_population": 7.0, "reported_elderly_population": 7.0, "elderly_ratio": 0.63636363636363635, "HTKSYORI": "0", "HTKSAKI": null, "GASSAN": null, "disclosure_status": "unaffected", "suppression_flag": false, "aggregation_target_flag": false, "aggregation_flag": false, "primary_eligible_disclosure": true, "nearest_station_name": "東舞鶴駅", "nearest_station_distance_m": 4620.2859804894088, "nearest_bus_stop_name": "常団地前", "nearest_bus_stop_distance_m": 2873.0424690822019, "nearest_public_transport_type": "bus_stop", "nearest_public_transport_name": "常団地前", "nearest_public_transport_distance_m": 2873.0424690822019, "nearest_medical_name": "鹿野医院", "nearest_medical_distance_m": 3700.1720420583652, "nearest_hospital_name": "京都府立舞鶴こども療育センター", "nearest_hospital_distance_m": 4037.3794065397619, "nearest_clinic_name": "鹿野医院", "nearest_clinic_distance_m": 3700.1720420583652, "elderly_population_percentile": "0.12062937062937062", "elderly_ratio_percentile": "0.9143356643356644", "transport_distance_percentile": "0.9335664335664335", "medical_distance_percentile": "0.8986013986013986", "exploratory_score_a": "0.11261553132182502", "exploratory_score_b": "0.10839772115995892", "exploratory_score_c": "0.10119647395003158", "rank_a_unfiltered": "193", "rank_b_unfiltered": "202", "rank_c_unfiltered": "120", "pareto_frontier": "False", "eligibility_population_threshold": false, "eligibility_elderly_threshold": false, "primary_eligible": false, "rank": null }, "geometry": { "type": "Polygon", "coordinates": [ [ [ 135.3875, 35.425 ], [ 135.39375, 35.425 ], [ 135.39375, 35.429166666666674 ], [ 135.3875, 35.429166666666674 ], [ 135.3875, 35.425 ] ] ] } },
{ "type": "Feature", "properties": { "mesh_code": "533513314", "centroid_lat": 35.447916666666671, "centroid_lon": 135.396875, "city_area_fraction": 1.0, "centroid_within_city": true, "population": 471, "elderly_population": 200.0, "reported_elderly_population": 200.0, "elderly_ratio": 0.42462845010615713, "HTKSYORI": "0", "HTKSAKI": null, "GASSAN": null, "disclosure_status": "unaffected", "suppression_flag": false, "aggregation_target_flag": false, "aggregation_flag": false, "primary_eligible_disclosure": true, "nearest_station_name": "東舞鶴駅", "nearest_station_distance_m": 2300.9776090802347, "nearest_bus_stop_name": "常団地前", "nearest_bus_stop_distance_m": 562.59749462523064, "nearest_public_transport_type": "bus_stop", "nearest_public_transport_name": "常団地前", "nearest_public_transport_distance_m": 562.59749462523064, "nearest_medical_name": "鹿野医院", "nearest_medical_distance_m": 1450.5478993305774, "nearest_hospital_name": "京都府立舞鶴こども療育センター", "nearest_hospital_distance_m": 1660.5397352454311, "nearest_clinic_name": "鹿野医院", "nearest_clinic_distance_m": 1450.5478993305774, "elderly_population_percentile": "0.8531468531468531", "elderly_ratio_percentile": "0.5629370629370629", "transport_distance_percentile": "0.541958041958042", "medical_distance_percentile": "0.6048951048951049", "exploratory_score_a": "0.4623697980341337", "exploratory_score_b": "0.5160643552251943", "exploratory_score_c": "0.27968522748218577", "rank_a_unfiltered": "24", "rank_b_unfiltered": "9", "rank_c_unfiltered": "23", "pareto_frontier": "True", "eligibility_population_threshold": true, "eligibility_elderly_threshold": true, "primary_eligible": true, "rank": 23 }, "geometry": { "type": "Polygon", "coordinates": [ [ [ 135.39375, 35.44583333333334 ], [ 135.4, 35.44583333333334 ], [ 135.4, 35.45 ], [ 135.39375, 35.45 ], [ 135.39375, 35.44583333333334 ] ] ] } },
{ "type": "Feature", "properties": { "mesh_code": "533513323", "centroid_lat": 35.447916666666671, "centroid_lon": 135.403125, "city_area_fraction": 1.0, "centroid_within_city": true, "population": 601, "elderly_population": 265.0, "reported_elderly_population": 265.0, "elderly_ratio": 0.44093178036605657, "HTKSYORI": "0", "HTKSAKI": null, "GASSAN": null, "disclosure_status": "unaffected", "suppression_flag": false, "aggregation_target_flag": false, "aggregation_flag": false, "primary_eligible_disclosure": true, "nearest_station_name": "東舞鶴駅", "nearest_station_distance_m": 2414.3029358434237, "nearest_bus_stop_name": "常口", "nearest_bus_stop_distance_m": 331.59077769872783, "nearest_public_transport_type": "bus_stop", "nearest_public_transport_name": "常口", "nearest_public_transport_distance_m": 331.59077769872783, "nearest_medical_name": "京都府立舞鶴こども療育センター", "nearest_medical_distance_m": 1576.7345062953968, "nearest_hospital_name": "京都府立舞鶴こども療育センター", "nearest_hospital_distance_m": 1576.7345062953968, "nearest_clinic_name": "医療法人社団悠慈会指宿医院", "nearest_clinic_distance_m": 1636.4894882226704, "elderly_population_percentile": "0.9125874125874126", "elderly_ratio_percentile": "0.6048951048951049", "transport_distance_percentile": "0.36013986013986016", "medical_distance_percentile": "0.6468531468531469", "exploratory_score_a": "0.32865910313462765", "exploratory_score_b": "0.5903100396107389", "exploratory_score_c": "0.21259417510456685", "rank_a_unfiltered": "64", "rank_b_unfiltered": "3", "rank_c_unfiltered": "44", "pareto_frontier": "True", "eligibility_population_threshold": true, "eligibility_elderly_threshold": true, "primary_eligible": true, "rank": 42 }, "geometry": { "type": "Polygon", "coordinates": [ [ [ 135.4, 35.44583333333334 ], [ 135.40625, 35.44583333333334 ], [ 135.40625, 35.45 ], [ 135.4, 35.45 ], [ 135.4, 35.44583333333334 ] ] ] } },
{ "type": "Feature", "properties": { "mesh_code": "533513324", "centroid_lat": 35.447916666666671, "centroid_lon": 135.409375, "city_area_fraction": 1.0000000000000002, "centroid_within_city": true, "population": 206, "elderly_population": 95.0, "reported_elderly_population": 95.0, "elderly_ratio": 0.46116504854368934, "HTKSYORI": "0", "HTKSAKI": null, "GASSAN": null, "disclosure_status": "unaffected", "suppression_flag": false, "aggregation_target_flag": false, "aggregation_flag": false, "primary_eligible_disclosure": true, "nearest_station_name": "東舞鶴駅", "nearest_station_distance_m": 2647.0574252702168, "nearest_bus_stop_name": "常", "nearest_bus_stop_distance_m": 283.53717520531438, "nearest_public_transport_type": "bus_stop", "nearest_public_transport_name": "常", "nearest_public_transport_distance_m": 283.53717520531438, "nearest_medical_name": "京都府立舞鶴こども療育センター", "nearest_medical_distance_m": 1690.7208343572579, "nearest_hospital_name": "京都府立舞鶴こども療育センター", "nearest_hospital_distance_m": 1690.7208343572579, "nearest_clinic_name": "厚生労働省第二共済組合 舞鶴医療センター診療部", "nearest_clinic_distance_m": 1818.8867444449104, "elderly_population_percentile": "0.7167832167832168", "elderly_ratio_percentile": "0.6538461538461539", "transport_distance_percentile": "0.3041958041958042", "medical_distance_percentile": "0.6573426573426573", "exploratory_score_a": "0.2180424470634261", "exploratory_score_b": "0.4711721844588977", "exploratory_score_c": "0.1433286015661682", "rank_a_unfiltered": "122", "rank_b_unfiltered": "17", "rank_c_unfiltered": "84", "pareto_frontier": "False", "eligibility_population_threshold": true, "eligibility_elderly_threshold": true, "primary_eligible": true, "rank": 76 }, "geometry": { "type": "Polygon", "coordinates": [ [ [ 135.40625, 35.44583333333334 ], [ 135.4125, 35.44583333333334 ], [ 135.4125, 35.45 ], [ 135.40625, 35.45 ], [ 135.40625, 35.44583333333334 ] ] ] } },
{ "type": "Feature", "properties": { "mesh_code": "533513332", "centroid_lat": 35.44375, "centroid_lon": 135.421875, "city_area_fraction": 1.0, "centroid_within_city": true, "population": 29, "elderly_population": 14.0, "reported_elderly_population": 14.0, "elderly_ratio": 0.48275862068965519, "HTKSYORI": "0", "HTKSAKI": null, "GASSAN": null, "disclosure_status": "unaffected", "suppression_flag": false, "aggregation_target_flag": false, "aggregation_flag": false, "primary_eligible_disclosure": true, "nearest_station_name": "東舞鶴駅", "nearest_station_distance_m": 3691.6542673873078, "nearest_bus_stop_name": "与保呂小学校前", "nearest_bus_stop_distance_m": 858.15074455417584, "nearest_public_transport_type": "bus_stop", "nearest_public_transport_name": "与保呂小学校前", "nearest_public_transport_distance_m": 858.15074455417584, "nearest_medical_name": "京都府立舞鶴こども療育センター", "nearest_medical_distance_m": 2684.3294341746955, "nearest_hospital_name": "京都府立舞鶴こども療育センター", "nearest_hospital_distance_m": 2684.3294341746955, "nearest_clinic_name": "厚生労働省第二共済組合 舞鶴医療センター診療部", "nearest_clinic_distance_m": 2796.5725217161448, "elderly_population_percentile": "0.30244755244755245", "elderly_ratio_percentile": "0.6783216783216783", "transport_distance_percentile": "0.6853146853146853", "medical_distance_percentile": "0.7972027972027972", "exploratory_score_a": "0.2072717492297912", "exploratory_score_b": "0.24111203481832852", "exploratory_score_c": "0.16523761826710626", "rank_a_unfiltered": "132", "rank_b_unfiltered": "101", "rank_c_unfiltered": "67", "pareto_frontier": "False", "eligibility_population_threshold": true, "eligibility_elderly_threshold": true, "primary_eligible": true, "rank": 61 }, "geometry": { "type": "Polygon", "coordinates": [ [ [ 135.41875, 35.44166666666667 ], [ 135.425, 35.44166666666667 ], [ 135.425, 35.44583333333334 ], [ 135.41875, 35.44583333333334 ], [ 135.41875, 35.44166666666667 ] ] ] } },
{ "type": "Feature", "properties": { "mesh_code": "533513333", "centroid_lat": 35.447916666666671, "centroid_lon": 135.415625, "city_area_fraction": 1.0, "centroid_within_city": true, "population": 40, "elderly_population": 14.0, "reported_elderly_population": 14.0, "elderly_ratio": 0.35, "HTKSYORI": "0", "HTKSAKI": null, "GASSAN": null, "disclosure_status": "unaffected", "suppression_flag": false, "aggregation_target_flag": false, "aggregation_flag": false, "primary_eligible_disclosure": true, "nearest_station_name": "東舞鶴駅", "nearest_station_distance_m": 2971.3060338879832, "nearest_bus_stop_name": "与保呂小学校前", "nearest_bus_stop_distance_m": 140.08065111029052, "nearest_public_transport_type": "bus_stop", "nearest_public_transport_name": "与保呂小学校前", "nearest_public_transport_distance_m": 140.08065111029052, "nearest_medical_name": "京都府立舞鶴こども療育センター", "nearest_medical_distance_m": 1968.432490013917, "nearest_hospital_name": "京都府立舞鶴こども療育センター", "nearest_hospital_distance_m": 1968.432490013917, "nearest_clinic_name": "厚生労働省第二共済組合 舞鶴医療センター診療部", "nearest_clinic_distance_m": 2085.0427758664891, "elderly_population_percentile": "0.30244755244755245", "elderly_ratio_percentile": "0.41083916083916083", "transport_distance_percentile": "0.1048951048951049", "medical_distance_percentile": "0.6958041958041958", "exploratory_score_a": "0.03172526773925376", "exploratory_score_b": "0.21044427600371657", "exploratory_score_c": "0.02207457440598426", "rank_a_unfiltered": "260", "rank_b_unfiltered": "124", "rank_c_unfiltered": "228", "pareto_frontier": "False", "eligibility_population_threshold": true, "eligibility_elderly_threshold": true, "primary_eligible": true, "rank": 178 }, "geometry": { "type": "Polygon", "coordinates": [ [ [ 135.4125, 35.44583333333334 ], [ 135.41875, 35.44583333333334 ], [ 135.41875, 35.45 ], [ 135.4125, 35.45 ], [ 135.4125, 35.44583333333334 ] ] ] } },
{ "type": "Feature", "properties": { "mesh_code": "533513334", "centroid_lat": 35.447916666666671, "centroid_lon": 135.421875, "city_area_fraction": 0.99999999999999978, "centroid_within_city": true, "population": 74, "elderly_population": 40.0, "reported_elderly_population": 40.0, "elderly_ratio": 0.54054054054054057, "HTKSYORI": "0", "HTKSAKI": null, "GASSAN": null, "disclosure_status": "unaffected", "suppression_flag": false, "aggregation_target_flag": false, "aggregation_flag": false, "primary_eligible_disclosure": true, "nearest_station_name": "東舞鶴駅", "nearest_station_distance_m": 3360.6691054810512, "nearest_bus_stop_name": "与保呂小学校前", "nearest_bus_stop_distance_m": 635.16473523514105, "nearest_public_transport_type": "bus_stop", "nearest_public_transport_name": "与保呂小学校前", "nearest_public_transport_distance_m": 635.16473523514105, "nearest_medical_name": "京都府立舞鶴こども療育センター", "nearest_medical_distance_m": 2352.5855673130177, "nearest_hospital_name": "京都府立舞鶴こども療育センター", "nearest_hospital_distance_m": 2352.5855673130177, "nearest_clinic_name": "厚生労働省第二共済組合 舞鶴医療センター診療部", "nearest_clinic_distance_m": 2455.6447853019795, "elderly_population_percentile": "0.5874125874125874", "elderly_ratio_percentile": "0.7902097902097902", "transport_distance_percentile": "0.6083916083916084", "medical_distance_percentile": "0.7447552447552448", "exploratory_score_a": "0.35737688884542035", "exploratory_score_b": "0.43747860531077315", "exploratory_score_c": "0.26615831232193893", "rank_a_unfiltered": "56", "rank_b_unfiltered": "27", "rank_c_unfiltered": "26", "pareto_frontier": "False", "eligibility_population_threshold": true, "eligibility_elderly_threshold": true, "primary_eligible": true, "rank": 26 }, "geometry": { "type": "Polygon", "coordinates": [ [ [ 135.41875, 35.44583333333334 ], [ 135.425, 35.44583333333334 ], [ 135.425, 35.45 ], [ 135.41875, 35.45 ], [ 135.41875, 35.44583333333334 ] ] ] } },
{ "type": "Feature", "properties": { "mesh_code": "533513341", "centroid_lat": 35.44375, "centroid_lon": 135.428125, "city_area_fraction": 1.0, "centroid_within_city": true, "population": 87, "elderly_population": null, "reported_elderly_population": 50.0, "elderly_ratio": null, "HTKSYORI": "1", "HTKSAKI": null, "GASSAN": "533513051", "disclosure_status": "aggregation_destination", "suppression_flag": false, "aggregation_target_flag": true, "aggregation_flag": true, "primary_eligible_disclosure": false, "nearest_station_name": "東舞鶴駅", "nearest_station_distance_m": 4091.160765514479, "nearest_bus_stop_name": "与保呂小学校前", "nearest_bus_stop_distance_m": 1328.2068196800294, "nearest_public_transport_type": "bus_stop", "nearest_public_transport_name": "与保呂小学校前", "nearest_public_transport_distance_m": 1328.2068196800294, "nearest_medical_name": "京都府立舞鶴こども療育センター", "nearest_medical_distance_m": 3083.7340759048707, "nearest_hospital_name": "京都府立舞鶴こども療育センター", "nearest_hospital_distance_m": 3083.7340759048707, "nearest_clinic_name": "厚生労働省第二共済組合 舞鶴医療センター診療部", "nearest_clinic_distance_m": 3185.5072657933174, "elderly_population_percentile": "<NA>", "elderly_ratio_percentile": "<NA>", "transport_distance_percentile": "<NA>", "medical_distance_percentile": "<NA>", "exploratory_score_a": "<NA>", "exploratory_score_b": "<NA>", "exploratory_score_c": "<NA>", "rank_a_unfiltered": "<NA>", "rank_b_unfiltered": "<NA>", "rank_c_unfiltered": "<NA>", "pareto_frontier": "<NA>", "eligibility_population_threshold": true, "eligibility_elderly_threshold": false, "primary_eligible": false, "rank": null }, "geometry": { "type": "Polygon", "coordinates": [ [ [ 135.425, 35.44166666666667 ], [ 135.43125, 35.44166666666667 ], [ 135.43125, 35.44583333333334 ], [ 135.425, 35.44583333333334 ], [ 135.425, 35.44166666666667 ] ] ] } },
{ "type": "Feature", "properties": { "mesh_code": "533513342", "centroid_lat": 35.44375, "centroid_lon": 135.434375, "city_area_fraction": 1.0000000000000002, "centroid_within_city": true, "population": 24, "elderly_population": 14.0, "reported_elderly_population": 14.0, "elderly_ratio": 0.58333333333333337, "HTKSYORI": "0", "HTKSAKI": null, "GASSAN": null, "disclosure_status": "unaffected", "suppression_flag": false, "aggregation_target_flag": false, "aggregation_flag": false, "primary_eligible_disclosure": true, "nearest_station_name": "東舞鶴駅", "nearest_station_distance_m": 4526.6546950013826, "nearest_bus_stop_name": "与保呂小学校前", "nearest_bus_stop_distance_m": 1853.5700882120311, "nearest_public_transport_type": "bus_stop", "nearest_public_transport_name": "与保呂小学校前", "nearest_public_transport_distance_m": 1853.5700882120311, "nearest_medical_name": "京都府立舞鶴こども療育センター", "nearest_medical_distance_m": 3529.4447752071915, "nearest_hospital_name": "京都府立舞鶴こども療育センター", "nearest_hospital_distance_m": 3529.4447752071915, "nearest_clinic_name": "厚生労働省第二共済組合 舞鶴医療センター診療部", "nearest_clinic_distance_m": 3621.8585192529217, "elderly_population_percentile": "0.30244755244755245", "elderly_ratio_percentile": "0.8426573426573427", "transport_distance_percentile": "0.8496503496503497", "medical_distance_percentile": "0.8916083916083916", "exploratory_score_a": "0.25697466868795543", "exploratory_score_b": "0.2696647757836569", "exploratory_score_c": "0.22912077103296724", "rank_a_unfiltered": "103", "rank_b_unfiltered": "84", "rank_c_unfiltered": "35", "pareto_frontier": "False", "eligibility_population_threshold": true, "eligibility_elderly_threshold": true, "primary_eligible": true, "rank": 34 }, "geometry": { "type": "Polygon", "coordinates": [ [ [ 135.43125, 35.44166666666667 ], [ 135.4375, 35.44166666666667 ], [ 135.4375, 35.44583333333334 ], [ 135.43125, 35.44583333333334 ], [ 135.43125, 35.44166666666667 ] ] ] } },
{ "type": "Feature", "properties": { "mesh_code": "533513343", "centroid_lat": 35.447916666666671, "centroid_lon": 135.428125, "city_area_fraction": 1.0, "centroid_within_city": true, "population": 41, "elderly_population": 16.0, "reported_elderly_population": 16.0, "elderly_ratio": 0.3902439024390244, "HTKSYORI": "0", "HTKSAKI": null, "GASSAN": null, "disclosure_status": "unaffected", "suppression_flag": false, "aggregation_target_flag": false, "aggregation_flag": false, "primary_eligible_disclosure": true, "nearest_station_name": "東舞鶴駅", "nearest_station_distance_m": 3795.1578974371305, "nearest_bus_stop_name": "与保呂小学校前", "nearest_bus_stop_distance_m": 1196.2826468071419, "nearest_public_transport_type": "bus_stop", "nearest_public_transport_name": "与保呂小学校前", "nearest_public_transport_distance_m": 1196.2826468071419, "nearest_medical_name": "京都府立舞鶴こども療育センター", "nearest_medical_distance_m": 2799.7022472114922, "nearest_hospital_name": "京都府立舞鶴こども療育センター", "nearest_hospital_distance_m": 2799.7022472114922, "nearest_clinic_name": "厚生労働省第二共済組合 舞鶴医療センター診療部", "nearest_clinic_distance_m": 2890.79770553866, "elderly_population_percentile": "0.36363636363636365", "elderly_ratio_percentile": "0.486013986013986", "transport_distance_percentile": "0.7447552447552448", "medical_distance_percentile": "0.8181818181818182", "exploratory_score_a": "0.2708200890019072", "exploratory_score_b": "0.2975206611570248", "exploratory_score_c": "0.22158007281974226", "rank_a_unfiltered": "97", "rank_b_unfiltered": "69", "rank_c_unfiltered": "43", "pareto_frontier": "False", "eligibility_population_threshold": true, "eligibility_elderly_threshold": true, "primary_eligible": true, "rank": 41 }, "geometry": { "type": "Polygon", "coordinates": [ [ [ 135.425, 35.44583333333334 ], [ 135.43125, 35.44583333333334 ], [ 135.43125, 35.45 ], [ 135.425, 35.45 ], [ 135.425, 35.44583333333334 ] ] ] } },
{ "type": "Feature", "properties": { "mesh_code": "533513404", "centroid_lat": 35.45625, "centroid_lon": 135.384375, "city_area_fraction": 0.99999999999999978, "centroid_within_city": true, "population": 324, "elderly_population": 97.0, "reported_elderly_population": 97.0, "elderly_ratio": 0.29938271604938271, "HTKSYORI": "0", "HTKSAKI": null, "GASSAN": null, "disclosure_status": "unaffected", "suppression_flag": false, "aggregation_target_flag": false, "aggregation_flag": false, "primary_eligible_disclosure": true, "nearest_station_name": "東舞鶴駅", "nearest_station_distance_m": 1664.6422283339796, "nearest_bus_stop_name": "白鳥団地前", "nearest_bus_stop_distance_m": 450.30270908013193, "nearest_public_transport_type": "bus_stop", "nearest_public_transport_name": "白鳥団地前", "nearest_public_transport_distance_m": 450.30270908013193, "nearest_medical_name": "鹿野医院", "nearest_medical_distance_m": 844.83059294732948, "nearest_hospital_name": "国家公務員共済組合連合会 舞鶴共済病院", "nearest_hospital_distance_m": 1610.2015197561802, "nearest_clinic_name": "鹿野医院", "nearest_clinic_distance_m": 844.83059294732948, "elderly_population_percentile": "0.7202797202797203", "elderly_ratio_percentile": "0.25874125874125875", "transport_distance_percentile": "0.46503496503496505", "medical_distance_percentile": "0.3881118881118881", "exploratory_score_a": "0.33495525453567415", "exploratory_score_b": "0.2795491222064649", "exploratory_score_c": "0.13000011627083857", "rank_a_unfiltered": "63", "rank_b_unfiltered": "82", "rank_c_unfiltered": "90", "pareto_frontier": "False", "eligibility_population_threshold": true, "eligibility_elderly_threshold": true, "primary_eligible": true, "rank": 81 }, "geometry": { "type": "Polygon", "coordinates": [ [ [ 135.38125, 35.454166666666673 ], [ 135.3875, 35.454166666666673 ], [ 135.3875, 35.458333333333343 ], [ 135.38125, 35.458333333333343 ], [ 135.38125, 35.454166666666673 ] ] ] } },
{ "type": "Feature", "properties": { "mesh_code": "533513411", "centroid_lat": 35.452083333333334, "centroid_lon": 135.390625, "city_area_fraction": 1.0, "centroid_within_city": true, "population": 200, "elderly_population": 63.0, "reported_elderly_population": 63.0, "elderly_ratio": 0.315, "HTKSYORI": "0", "HTKSAKI": null, "GASSAN": null, "disclosure_status": "unaffected", "suppression_flag": false, "aggregation_target_flag": false, "aggregation_flag": false, "primary_eligible_disclosure": true, "nearest_station_name": "東舞鶴駅", "nearest_station_distance_m": 1870.1004671188414, "nearest_bus_stop_name": "上地橋", "nearest_bus_stop_distance_m": 639.22975664656315, "nearest_public_transport_type": "bus_stop", "nearest_public_transport_name": "上地橋", "nearest_public_transport_distance_m": 639.22975664656315, "nearest_medical_name": "鹿野医院", "nearest_medical_distance_m": 934.54608199261725, "nearest_hospital_name": "京都府立舞鶴こども療育センター", "nearest_hospital_distance_m": 1558.5015230326283, "nearest_clinic_name": "鹿野医院", "nearest_clinic_distance_m": 934.54608199261725, "elderly_population_percentile": "0.6416083916083916", "elderly_ratio_percentile": "0.3041958041958042", "transport_distance_percentile": "0.6118881118881119", "medical_distance_percentile": "0.4370629370629371", "exploratory_score_a": "0.392592547312827", "exploratory_score_b": "0.2804232480805907", "exploratory_score_c": "0.17158765179756424", "rank_a_unfiltered": "43", "rank_b_unfiltered": "79", "rank_c_unfiltered": "62", "pareto_frontier": "False", "eligibility_population_threshold": true, "eligibility_elderly_threshold": true, "primary_eligible": true, "rank": 57 }, "geometry": { "type": "Polygon", "coordinates": [ [ [ 135.3875, 35.45 ], [ 135.39375, 35.45 ], [ 135.39375, 35.454166666666673 ], [ 135.3875, 35.454166666666673 ], [ 135.3875, 35.45 ] ] ] } },
{ "type": "Feature", "properties": { "mesh_code": "533513412", "centroid_lat": 35.452083333333334, "centroid_lon": 135.396875, "city_area_fraction": 0.99999999999999978, "centroid_within_city": true, "population": 1300, "elderly_population": 290.0, "reported_elderly_population": 290.0, "elderly_ratio": 0.22307692307692309, "HTKSYORI": "0", "HTKSAKI": null, "GASSAN": null, "disclosure_status": "unaffected", "suppression_flag": false, "aggregation_target_flag": false, "aggregation_flag": false, "primary_eligible_disclosure": true, "nearest_station_name": "東舞鶴駅", "nearest_station_distance_m": 1840.6380584229598, "nearest_bus_stop_name": "上地橋", "nearest_bus_stop_distance_m": 226.65812828068368, "nearest_public_transport_type": "bus_stop", "nearest_public_transport_name": "上地橋", "nearest_public_transport_distance_m": 226.65812828068368, "nearest_medical_name": "鹿野医院", "nearest_medical_distance_m": 1017.9252595901263, "nearest_hospital_name": "京都府立舞鶴こども療育センター", "nearest_hospital_distance_m": 1230.4175703238936, "nearest_clinic_name": "鹿野医院", "nearest_clinic_distance_m": 1017.9252595901263, "elderly_population_percentile": "0.9300699300699301", "elderly_ratio_percentile": "0.0979020979020979", "transport_distance_percentile": "0.24125874125874125", "medical_distance_percentile": "0.458041958041958", "exploratory_score_a": "0.22438750061127682", "exploratory_score_b": "0.42601105188517774", "exploratory_score_c": "0.1027788901401303", "rank_a_unfiltered": "120", "rank_b_unfiltered": "29", "rank_c_unfiltered": "118", "pareto_frontier": "False", "eligibility_population_threshold": true, "eligibility_elderly_threshold": true, "primary_eligible": true, "rank": 102 }, "geometry": { "type": "Polygon", "coordinates": [ [ [ 135.39375, 35.45 ], [ 135.4, 35.45 ], [ 135.4, 35.454166666666673 ], [ 135.39375, 35.454166666666673 ], [ 135.39375, 35.45 ] ] ] } },
{ "type": "Feature", "properties": { "mesh_code": "533513413", "centroid_lat": 35.45625, "centroid_lon": 135.390625, "city_area_fraction": 1.0, "centroid_within_city": true, "population": 809, "elderly_population": 236.0, "reported_elderly_population": 236.0, "elderly_ratio": 0.29171817058096416, "HTKSYORI": "0", "HTKSAKI": null, "GASSAN": null, "disclosure_status": "unaffected", "suppression_flag": false, "aggregation_target_flag": false, "aggregation_flag": false, "primary_eligible_disclosure": true, "nearest_station_name": "東舞鶴駅", "nearest_station_distance_m": 1420.5924921894261, "nearest_bus_stop_name": "丸山口", "nearest_bus_stop_distance_m": 565.75895389839206, "nearest_public_transport_type": "bus_stop", "nearest_public_transport_name": "丸山口", "nearest_public_transport_distance_m": 565.75895389839206, "nearest_medical_name": "鹿野医院", "nearest_medical_distance_m": 482.52581509771892, "nearest_hospital_name": "京都府立舞鶴こども療育センター", "nearest_hospital_distance_m": 1269.9519552643487, "nearest_clinic_name": "鹿野医院", "nearest_clinic_distance_m": 482.52581509771892, "elderly_population_percentile": "0.8986013986013986", "elderly_ratio_percentile": "0.21678321678321677", "transport_distance_percentile": "0.5559440559440559", "medical_distance_percentile": "0.1958041958041958", "exploratory_score_a": "0.4995721062154629", "exploratory_score_b": "0.17594992420167246", "exploratory_score_c": "0.097818314503727", "rank_a_unfiltered": "15", "rank_b_unfiltered": "139", "rank_c_unfiltered": "125", "pareto_frontier": "True", "eligibility_population_threshold": true, "eligibility_elderly_threshold": true, "primary_eligible": true, "rank": 108 }, "geometry": { "type": "Polygon", "coordinates": [ [ [ 135.3875, 35.454166666666673 ], [ 135.39375, 35.454166666666673 ], [ 135.39375, 35.458333333333343 ], [ 135.3875, 35.458333333333343 ], [ 135.3875, 35.454166666666673 ] ] ] } },
{ "type": "Feature", "properties": { "mesh_code": "533513414", "centroid_lat": 35.45625, "centroid_lon": 135.396875, "city_area_fraction": 1.0, "centroid_within_city": true, "population": 1235, "elderly_population": 364.0, "reported_elderly_population": 364.0, "elderly_ratio": 0.29473684210526313, "HTKSYORI": "0", "HTKSAKI": null, "GASSAN": null, "disclosure_status": "unaffected", "suppression_flag": false, "aggregation_target_flag": false, "aggregation_flag": false, "primary_eligible_disclosure": true, "nearest_station_name": "東舞鶴駅", "nearest_station_distance_m": 1381.579714779182, "nearest_bus_stop_name": "上地橋", "nearest_bus_stop_distance_m": 239.78374044285513, "nearest_public_transport_type": "bus_stop", "nearest_public_transport_name": "上地橋", "nearest_public_transport_distance_m": 239.78374044285513, "nearest_medical_name": "医療法人社団悠慈会指宿医院", "nearest_medical_distance_m": 586.41763769904162, "nearest_hospital_name": "京都府立舞鶴こども療育センター", "nearest_hospital_distance_m": 835.35990487824313, "nearest_clinic_name": "医療法人社団悠慈会指宿医院", "nearest_clinic_distance_m": 586.41763769904162, "elderly_population_percentile": "0.9755244755244755", "elderly_ratio_percentile": "0.23076923076923078", "transport_distance_percentile": "0.24825174825174826", "medical_distance_percentile": "0.23426573426573427", "exploratory_score_a": "0.24217565651132084", "exploratory_score_b": "0.22853195755293657", "exploratory_score_c": "0.05673345799391083", "rank_a_unfiltered": "110", "rank_b_unfiltered": "110", "rank_c_unfiltered": "168", "pareto_frontier": "True", "eligibility_population_threshold": true, "eligibility_elderly_threshold": true, "primary_eligible": true, "rank": 141 }, "geometry": { "type": "Polygon", "coordinates": [ [ [ 135.39375, 35.454166666666673 ], [ 135.4, 35.454166666666673 ], [ 135.4, 35.458333333333343 ], [ 135.39375, 35.458333333333343 ], [ 135.39375, 35.454166666666673 ] ] ] } },
{ "type": "Feature", "properties": { "mesh_code": "533513421", "centroid_lat": 35.452083333333334, "centroid_lon": 135.403125, "city_area_fraction": 1.0, "centroid_within_city": true, "population": 719, "elderly_population": 215.0, "reported_elderly_population": 215.0, "elderly_ratio": 0.29902642559109877, "HTKSYORI": "0", "HTKSAKI": null, "GASSAN": null, "disclosure_status": "unaffected", "suppression_flag": false, "aggregation_target_flag": false, "aggregation_flag": false, "primary_eligible_disclosure": true, "nearest_station_name": "東舞鶴駅", "nearest_station_distance_m": 1980.4754673859738, "nearest_bus_stop_name": "常口", "nearest_bus_stop_distance_m": 131.26434167742909, "nearest_public_transport_type": "bus_stop", "nearest_public_transport_name": "常口", "nearest_public_transport_distance_m": 131.26434167742909, "nearest_medical_name": "京都府立舞鶴こども療育センター", "nearest_medical_distance_m": 1114.7384537533369, "nearest_hospital_name": "京都府立舞鶴こども療育センター", "nearest_hospital_distance_m": 1114.7384537533369, "nearest_clinic_name": "医療法人社団悠慈会指宿医院", "nearest_clinic_distance_m": 1224.3187031302371, "elderly_population_percentile": "0.8828671328671329", "elderly_ratio_percentile": "0.25524475524475526", "transport_distance_percentile": "0.08741258741258741", "medical_distance_percentile": "0.4965034965034965", "exploratory_score_a": "0.07717370042544867", "exploratory_score_b": "0.43834661841654854", "exploratory_score_c": "0.038317012099348645", "rank_a_unfiltered": "222", "rank_b_unfiltered": "26", "rank_c_unfiltered": "195", "pareto_frontier": "False", "eligibility_population_threshold": true, "eligibility_elderly_threshold": true, "primary_eligible": true, "rank": 156 }, "geometry": { "type": "Polygon", "coordinates": [ [ [ 135.4, 35.45 ], [ 135.40625, 35.45 ], [ 135.40625, 35.454166666666673 ], [ 135.4, 35.454166666666673 ], [ 135.4, 35.45 ] ] ] } },
{ "type": "Feature", "properties": { "mesh_code": "533513422", "centroid_lat": 35.452083333333334, "centroid_lon": 135.409375, "city_area_fraction": 1.0, "centroid_within_city": true, "population": 31, "elderly_population": 18.0, "reported_elderly_population": 18.0, "elderly_ratio": 0.58064516129032262, "HTKSYORI": "0", "HTKSAKI": null, "GASSAN": null, "disclosure_status": "unaffected", "suppression_flag": false, "aggregation_target_flag": false, "aggregation_flag": false, "primary_eligible_disclosure": true, "nearest_station_name": "東舞鶴駅", "nearest_station_distance_m": 2258.3795370742441, "nearest_bus_stop_name": "常", "nearest_bus_stop_distance_m": 278.42430710200995, "nearest_public_transport_type": "bus_stop", "nearest_public_transport_name": "常", "nearest_public_transport_distance_m": 278.42430710200995, "nearest_medical_name": "京都府立舞鶴こども療育センター", "nearest_medical_distance_m": 1270.8535693294746, "nearest_hospital_name": "京都府立舞鶴こども療育センター", "nearest_hospital_distance_m": 1270.8535693294746, "nearest_clinic_name": "厚生労働省第二共済組合 舞鶴医療センター診療部", "nearest_clinic_distance_m": 1394.7121761127469, "elderly_population_percentile": "0.3916083916083916", "elderly_ratio_percentile": "0.8356643356643356", "transport_distance_percentile": "0.2937062937062937", "medical_distance_percentile": "0.548951048951049", "exploratory_score_a": "0.11501784928358355", "exploratory_score_b": "0.21497383735145972", "exploratory_score_c": "0.06313916901231685", "rank_a_unfiltered": "190", "rank_b_unfiltered": "122", "rank_c_unfiltered": "157", "pareto_frontier": "False", "eligibility_population_threshold": true, "eligibility_elderly_threshold": true, "primary_eligible": true, "rank": 132 }, "geometry": { "type": "Polygon", "coordinates": [ [ [ 135.40625, 35.45 ], [ 135.4125, 35.45 ], [ 135.4125, 35.454166666666673 ], [ 135.40625, 35.454166666666673 ], [ 135.40625, 35.45 ] ] ] } },
{ "type": "Feature", "properties": { "mesh_code": "533513423", "centroid_lat": 35.45625, "centroid_lon": 135.403125, "city_area_fraction": 1.0000000000000002, "centroid_within_city": true, "population": 300, "elderly_population": 128.0, "reported_elderly_population": 128.0, "elderly_ratio": 0.42666666666666669, "HTKSYORI": "0", "HTKSAKI": null, "GASSAN": null, "disclosure_status": "unaffected", "suppression_flag": false, "aggregation_target_flag": false, "aggregation_flag": false, "primary_eligible_disclosure": true, "nearest_station_name": "東舞鶴駅", "nearest_station_distance_m": 1563.0325335497105, "nearest_bus_stop_name": "常団地前", "nearest_bus_stop_distance_m": 556.44279798612774, "nearest_public_transport_type": "bus_stop", "nearest_public_transport_name": "常団地前", "nearest_public_transport_distance_m": 556.44279798612774, "nearest_medical_name": "京都府立舞鶴こども療育センター", "nearest_medical_distance_m": 653.11193635965901, "nearest_hospital_name": "京都府立舞鶴こども療育センター", "nearest_hospital_distance_m": 653.11193635965901, "nearest_clinic_name": "厚生労働省第二共済組合 舞鶴医療センター診療部", "nearest_clinic_distance_m": 783.6948440214378, "elderly_population_percentile": "0.7797202797202797", "elderly_ratio_percentile": "0.5681818181818182", "transport_distance_percentile": "0.5384615384615384", "medical_distance_percentile": "0.2867132867132867", "exploratory_score_a": "0.4198493813878429", "exploratory_score_b": "0.22355616411560467", "exploratory_score_c": "0.12037639606224866", "rank_a_unfiltered": "36", "rank_b_unfiltered": "117", "rank_c_unfiltered": "99", "pareto_frontier": "False", "eligibility_population_threshold": true, "eligibility_elderly_threshold": true, "primary_eligible": true, "rank": 88 }, "geometry": { "type": "Polygon", "coordinates": [ [ [ 135.4, 35.454166666666673 ], [ 135.40625, 35.454166666666673 ], [ 135.40625, 35.458333333333343 ], [ 135.4, 35.458333333333343 ], [ 135.4, 35.454166666666673 ] ] ] } },
{ "type": "Feature", "properties": { "mesh_code": "533513454", "centroid_lat": 35.45625, "centroid_lon": 135.446875, "city_area_fraction": 1.0, "centroid_within_city": true, "population": 6, "elderly_population": null, "reported_elderly_population": null, "elderly_ratio": null, "HTKSYORI": "2", "HTKSAKI": "533513552", "GASSAN": null, "disclosure_status": "suppressed_source", "suppression_flag": true, "aggregation_target_flag": false, "aggregation_flag": false, "primary_eligible_disclosure": false, "nearest_station_name": "松尾寺駅", "nearest_station_distance_m": 3312.0514982053678, "nearest_bus_stop_name": "堂の奥", "nearest_bus_stop_distance_m": 2677.9291849485394, "nearest_public_transport_type": "bus_stop", "nearest_public_transport_name": "堂の奥", "nearest_public_transport_distance_m": 2677.9291849485394, "nearest_medical_name": "特別養護老人ホームグリーンプラザ博愛苑医務室", "nearest_medical_distance_m": 3455.8172600923472, "nearest_hospital_name": "京都府立舞鶴こども療育センター", "nearest_hospital_distance_m": 4068.2428997448878, "nearest_clinic_name": "特別養護老人ホームグリーンプラザ博愛苑医務室", "nearest_clinic_distance_m": 3455.8172600923472, "elderly_population_percentile": "<NA>", "elderly_ratio_percentile": "<NA>", "transport_distance_percentile": "<NA>", "medical_distance_percentile": "<NA>", "exploratory_score_a": "<NA>", "exploratory_score_b": "<NA>", "exploratory_score_c": "<NA>", "rank_a_unfiltered": "<NA>", "rank_b_unfiltered": "<NA>", "rank_c_unfiltered": "<NA>", "pareto_frontier": "<NA>", "eligibility_population_threshold": false, "eligibility_elderly_threshold": false, "primary_eligible": false, "rank": null }, "geometry": { "type": "Polygon", "coordinates": [ [ [ 135.44375, 35.454166666666673 ], [ 135.45, 35.454166666666673 ], [ 135.45, 35.458333333333343 ], [ 135.44375, 35.458333333333343 ], [ 135.44375, 35.454166666666673 ] ] ] } },
{ "type": "Feature", "properties": { "mesh_code": "533513501", "centroid_lat": 35.460416666666674, "centroid_lon": 135.378125, "city_area_fraction": 1.0, "centroid_within_city": true, "population": 159, "elderly_population": 8.0, "reported_elderly_population": 8.0, "elderly_ratio": 0.050314465408805034, "HTKSYORI": "0", "HTKSAKI": null, "GASSAN": null, "disclosure_status": "unaffected", "suppression_flag": false, "aggregation_target_flag": false, "aggregation_flag": false, "primary_eligible_disclosure": true, "nearest_station_name": "東舞鶴駅", "nearest_station_distance_m": 1765.1276754987173, "nearest_bus_stop_name": "舞鶴市リサイクルプラザ前", "nearest_bus_stop_distance_m": 284.97080547437565, "nearest_public_transport_type": "bus_stop", "nearest_public_transport_name": "舞鶴市リサイクルプラザ前", "nearest_public_transport_distance_m": 284.97080547437565, "nearest_medical_name": "鹿野医院", "nearest_medical_distance_m": 1274.7862782824507, "nearest_hospital_name": "国家公務員共済組合連合会 舞鶴共済病院", "nearest_hospital_distance_m": 1571.666709076093, "nearest_clinic_name": "鹿野医院", "nearest_clinic_distance_m": 1274.7862782824507, "elderly_population_percentile": "0.15734265734265734", "elderly_ratio_percentile": "0.038461538461538464", "transport_distance_percentile": "0.3076923076923077", "medical_distance_percentile": "0.5524475524475524", "exploratory_score_a": "0.04841312533620226", "exploratory_score_b": "0.08692356594454496", "exploratory_score_c": "0.026745712598321526", "rank_a_unfiltered": "243", "rank_b_unfiltered": "214", "rank_c_unfiltered": "216", "pareto_frontier": "False", "eligibility_population_threshold": true, "eligibility_elderly_threshold": false, "primary_eligible": false, "rank": null }, "geometry": { "type": "Polygon", "coordinates": [ [ [ 135.375, 35.458333333333336 ], [ 135.38125, 35.458333333333336 ], [ 135.38125, 35.4625 ], [ 135.375, 35.4625 ], [ 135.375, 35.458333333333336 ] ] ] } },
{ "type": "Feature", "properties": { "mesh_code": "533513502", "centroid_lat": 35.460416666666674, "centroid_lon": 135.384375, "city_area_fraction": 1.0, "centroid_within_city": true, "population": 907, "elderly_population": 209.0, "reported_elderly_population": 209.0, "elderly_ratio": 0.23042998897464168, "HTKSYORI": "0", "HTKSAKI": null, "GASSAN": null, "disclosure_status": "unaffected", "suppression_flag": false, "aggregation_target_flag": false, "aggregation_flag": false, "primary_eligible_disclosure": true, "nearest_station_name": "東舞鶴駅", "nearest_station_distance_m": 1311.1697559176675, "nearest_bus_stop_name": "白鳥団地前", "nearest_bus_stop_distance_m": 134.27948766494703, "nearest_public_transport_type": "bus_stop", "nearest_public_transport_name": "白鳥団地前", "nearest_public_transport_distance_m": 134.27948766494703, "nearest_medical_name": "鹿野医院", "nearest_medical_distance_m": 707.48428837844642, "nearest_hospital_name": "国家公務員共済組合連合会 舞鶴共済病院", "nearest_hospital_distance_m": 1198.2064334108418, "nearest_clinic_name": "鹿野医院", "nearest_clinic_distance_m": 707.48428837844642, "elderly_population_percentile": "0.8706293706293706", "elderly_ratio_percentile": "0.11538461538461539", "transport_distance_percentile": "0.09090909090909091", "medical_distance_percentile": "0.32167832167832167", "exploratory_score_a": "0.07914812460267005", "exploratory_score_b": "0.2800625947479094", "exploratory_score_c": "0.025460235886173584", "rank_a_unfiltered": "221", "rank_b_unfiltered": "80", "rank_c_unfiltered": "220", "pareto_frontier": "False", "eligibility_population_threshold": true, "eligibility_elderly_threshold": true, "primary_eligible": true, "rank": 172 }, "geometry": { "type": "Polygon", "coordinates": [ [ [ 135.38125, 35.458333333333336 ], [ 135.3875, 35.458333333333336 ], [ 135.3875, 35.4625 ], [ 135.38125, 35.4625 ], [ 135.38125, 35.458333333333336 ] ] ] } },
{ "type": "Feature", "properties": { "mesh_code": "533513504", "centroid_lat": 35.464583333333337, "centroid_lon": 135.384375, "city_area_fraction": 1.0000000000000002, "centroid_within_city": true, "population": 39, "elderly_population": 19.0, "reported_elderly_population": 19.0, "elderly_ratio": 0.48717948717948717, "HTKSYORI": "0", "HTKSAKI": null, "GASSAN": null, "disclosure_status": "unaffected", "suppression_flag": false, "aggregation_target_flag": false, "aggregation_flag": false, "primary_eligible_disclosure": true, "nearest_station_name": "東舞鶴駅", "nearest_station_distance_m": 1046.2621425375544, "nearest_bus_stop_name": "白鳥団地前", "nearest_bus_stop_distance_m": 510.54541804688171, "nearest_public_transport_type": "bus_stop", "nearest_public_transport_name": "白鳥団地前", "nearest_public_transport_distance_m": 510.54541804688171, "nearest_medical_name": "国家公務員共済組合連合会 舞鶴共済病院", "nearest_medical_distance_m": 840.24666434201117, "nearest_hospital_name": "国家公務員共済組合連合会 舞鶴共済病院", "nearest_hospital_distance_m": 840.24666434201117, "nearest_clinic_name": "鹿野医院", "nearest_clinic_distance_m": 845.3969394376436, "elderly_population_percentile": "0.3986013986013986", "elderly_ratio_percentile": "0.6905594405594405", "transport_distance_percentile": "0.5", "medical_distance_percentile": "0.38461538461538464", "exploratory_score_a": "0.1993006993006993", "exploratory_score_b": "0.15330823023130716", "exploratory_score_c": "0.07665411511565358", "rank_a_unfiltered": "134", "rank_b_unfiltered": "158", "rank_c_unfiltered": "145", "pareto_frontier": "False", "eligibility_population_threshold": true, "eligibility_elderly_threshold": true, "primary_eligible": true, "rank": 124 }, "geometry": { "type": "Polygon", "coordinates": [ [ [ 135.38125, 35.4625 ], [ 135.3875, 35.4625 ], [ 135.3875, 35.466666666666676 ], [ 135.38125, 35.466666666666676 ], [ 135.38125, 35.4625 ] ] ] } },
{ "type": "Feature", "properties": { "mesh_code": "533513511", "centroid_lat": 35.460416666666674, "centroid_lon": 135.390625, "city_area_fraction": 1.0, "centroid_within_city": true, "population": 902, "elderly_population": 286.0, "reported_elderly_population": 286.0, "elderly_ratio": 0.31707317073170732, "HTKSYORI": "0", "HTKSAKI": null, "GASSAN": null, "disclosure_status": "unaffected", "suppression_flag": false, "aggregation_target_flag": false, "aggregation_flag": false, "primary_eligible_disclosure": true, "nearest_station_name": "東舞鶴駅", "nearest_station_distance_m": 982.982732433602, "nearest_bus_stop_name": "丸山口", "nearest_bus_stop_distance_m": 113.62286737861056, "nearest_public_transport_type": "bus_stop", "nearest_public_transport_name": "丸山口", "nearest_public_transport_distance_m": 113.62286737861056, "nearest_medical_name": "鹿野医院", "nearest_medical_distance_m": 140.18349823738052, "nearest_hospital_name": "国家公務員共済組合連合会 舞鶴共済病院", "nearest_hospital_distance_m": 1022.1795942032435, "nearest_clinic_name": "鹿野医院", "nearest_clinic_distance_m": 140.18349823738052, "elderly_population_percentile": "0.9265734265734266", "elderly_ratio_percentile": "0.3111888111888112", "transport_distance_percentile": "0.06993006993006994", "medical_distance_percentile": "0.04895104895104895", "exploratory_score_a": "0.06479534451562424", "exploratory_score_b": "0.045356741160936964", "exploratory_score_c": "0.0031718000811844036", "rank_a_unfiltered": "230", "rank_b_unfiltered": "254", "rank_c_unfiltered": "266", "pareto_frontier": "False", "eligibility_population_threshold": true, "eligibility_elderly_threshold": true, "primary_eligible": true, "rank": 209 }, "geometry": { "type": "Polygon", "coordinates": [ [ [ 135.3875, 35.458333333333336 ], [ 135.39375, 35.458333333333336 ], [ 135.39375, 35.4625 ], [ 135.3875, 35.4625 ], [ 135.3875, 35.458333333333336 ] ] ] } },
{ "type": "Feature", "properties": { "mesh_code": "533513512", "centroid_lat": 35.460416666666674, "centroid_lon": 135.396875, "city_area_fraction": 0.99999999999999978, "centroid_within_city": true, "population": 1151, "elderly_population": 422.0, "reported_elderly_population": 422.0, "elderly_ratio": 0.36663770634231102, "HTKSYORI": "0", "HTKSAKI": null, "GASSAN": null, "disclosure_status": "unaffected", "suppression_flag": false, "aggregation_target_flag": false, "aggregation_flag": false, "primary_eligible_disclosure": true, "nearest_station_name": "東舞鶴駅", "nearest_station_distance_m": 925.71106604050703, "nearest_bus_stop_name": "行永", "nearest_bus_stop_distance_m": 185.30074325557842, "nearest_public_transport_type": "bus_stop", "nearest_public_transport_name": "行永", "nearest_public_transport_distance_m": 185.30074325557842, "nearest_medical_name": "医療法人社団悠慈会指宿医院", "nearest_medical_distance_m": 139.61666543840559, "nearest_hospital_name": "京都府立舞鶴こども療育センター", "nearest_hospital_distance_m": 555.95810461981932, "nearest_clinic_name": "医療法人社団悠慈会指宿医院", "nearest_clinic_distance_m": 139.61666543840559, "elderly_population_percentile": "0.993006993006993", "elderly_ratio_percentile": "0.45454545454545453", "transport_distance_percentile": "0.16783216783216784", "medical_distance_percentile": "0.045454545454545456", "exploratory_score_a": "0.16665851630886597", "exploratory_score_b": "0.04513668150031787", "exploratory_score_c": "0.007575387104948453", "rank_a_unfiltered": "159", "rank_b_unfiltered": "255", "rank_c_unfiltered": "251", "pareto_frontier": "True", "eligibility_population_threshold": true, "eligibility_elderly_threshold": true, "primary_eligible": true, "rank": 196 }, "geometry": { "type": "Polygon", "coordinates": [ [ [ 135.39375, 35.458333333333336 ], [ 135.4, 35.458333333333336 ], [ 135.4, 35.4625 ], [ 135.39375, 35.4625 ], [ 135.39375, 35.458333333333336 ] ] ] } },
{ "type": "Feature", "properties": { "mesh_code": "533513513", "centroid_lat": 35.464583333333337, "centroid_lon": 135.390625, "city_area_fraction": 1.0, "centroid_within_city": true, "population": 1299, "elderly_population": 387.0, "reported_elderly_population": 387.0, "elderly_ratio": 0.29792147806004621, "HTKSYORI": "0", "HTKSAKI": null, "GASSAN": null, "disclosure_status": "unaffected", "suppression_flag": false, "aggregation_target_flag": false, "aggregation_flag": false, "primary_eligible_disclosure": true, "nearest_station_name": "東舞鶴駅", "nearest_station_distance_m": 584.63040378852099, "nearest_bus_stop_name": "森町", "nearest_bus_stop_distance_m": 207.03429189056158, "nearest_public_transport_type": "bus_stop", "nearest_public_transport_name": "森町", "nearest_public_transport_distance_m": 207.03429189056158, "nearest_medical_name": "渡辺医院", "nearest_medical_distance_m": 353.94583482033465, "nearest_hospital_name": "国家公務員共済組合連合会 舞鶴共済病院", "nearest_hospital_distance_m": 561.41575202207991, "nearest_clinic_name": "渡辺医院", "nearest_clinic_distance_m": 353.94583482033465, "elderly_population_percentile": "0.986013986013986", "elderly_ratio_percentile": "0.24475524475524477", "transport_distance_percentile": "0.21328671328671328", "medical_distance_percentile": "0.15034965034965034", "exploratory_score_a": "0.21030368233165436", "exploratory_score_b": "0.14824685803706783", "exploratory_score_c": "0.03161908510580817", "rank_a_unfiltered": "128", "rank_b_unfiltered": "167", "rank_c_unfiltered": "206", "pareto_frontier": "True", "eligibility_population_threshold": true, "eligibility_elderly_threshold": true, "primary_eligible": true, "rank": 165 }, "geometry": { "type": "Polygon", "coordinates": [ [ [ 135.3875, 35.4625 ], [ 135.39375, 35.4625 ], [ 135.39375, 35.466666666666676 ], [ 135.3875, 35.466666666666676 ], [ 135.3875, 35.4625 ] ] ] } },
{ "type": "Feature", "properties": { "mesh_code": "533513514", "centroid_lat": 35.464583333333337, "centroid_lon": 135.396875, "city_area_fraction": 1.0, "centroid_within_city": true, "population": 1918, "elderly_population": 499.0, "reported_elderly_population": 499.0, "elderly_ratio": 0.26016684045881128, "HTKSYORI": "0", "HTKSAKI": null, "GASSAN": null, "disclosure_status": "unaffected", "suppression_flag": false, "aggregation_target_flag": false, "aggregation_flag": false, "primary_eligible_disclosure": true, "nearest_station_name": "東舞鶴駅", "nearest_station_distance_m": 482.16672679567449, "nearest_bus_stop_name": "行永郵便局前", "nearest_bus_stop_distance_m": 102.52394591183787, "nearest_public_transport_type": "bus_stop", "nearest_public_transport_name": "行永郵便局前", "nearest_public_transport_distance_m": 102.52394591183787, "nearest_medical_name": "医療法人豊永会　髙田内科医院", "nearest_medical_distance_m": 174.74883467012285, "nearest_hospital_name": "独立行政法人国立病院機構 舞鶴医療センター", "nearest_hospital_distance_m": 522.63327123503359, "nearest_clinic_name": "医療法人豊永会　髙田内科医院", "nearest_clinic_distance_m": 174.74883467012285, "elderly_population_percentile": "1.0", "elderly_ratio_percentile": "0.16783216783216784", "transport_distance_percentile": "0.055944055944055944", "medical_distance_percentile": "0.06993006993006994", "exploratory_score_a": "0.055944055944055944", "exploratory_score_b": "0.06993006993006994", "exploratory_score_c": "0.003912171744339577", "rank_a_unfiltered": "238", "rank_b_unfiltered": "234", "rank_c_unfiltered": "257", "pareto_frontier": "True", "eligibility_population_threshold": true, "eligibility_elderly_threshold": true, "primary_eligible": true, "rank": 201 }, "geometry": { "type": "Polygon", "coordinates": [ [ [ 135.39375, 35.4625 ], [ 135.4, 35.4625 ], [ 135.4, 35.466666666666676 ], [ 135.39375, 35.466666666666676 ], [ 135.39375, 35.4625 ] ] ] } },
{ "type": "Feature", "properties": { "mesh_code": "533513521", "centroid_lat": 35.460416666666674, "centroid_lon": 135.403125, "city_area_fraction": 1.0, "centroid_within_city": true, "population": 1387, "elderly_population": 401.0, "reported_elderly_population": 401.0, "elderly_ratio": 0.2891131939437635, "HTKSYORI": "0", "HTKSAKI": null, "GASSAN": null, "disclosure_status": "unaffected", "suppression_flag": false, "aggregation_target_flag": false, "aggregation_flag": false, "primary_eligible_disclosure": true, "nearest_station_name": "東舞鶴駅", "nearest_station_distance_m": 1179.5009198520895, "nearest_bus_stop_name": "舞鶴医療センター前", "nearest_bus_stop_distance_m": 433.37994100850318, "nearest_public_transport_type": "bus_stop", "nearest_public_transport_name": "舞鶴医療センター前", "nearest_public_transport_distance_m": 433.37994100850318, "nearest_medical_name": "京都府立舞鶴こども療育センター", "nearest_medical_distance_m": 194.50637176121816, "nearest_hospital_name": "京都府立舞鶴こども療育センター", "nearest_hospital_distance_m": 194.50637176121816, "nearest_clinic_name": "厚生労働省第二共済組合 舞鶴医療センター診療部", "nearest_clinic_distance_m": 325.26495856171402, "elderly_population_percentile": "0.9895104895104895", "elderly_ratio_percentile": "0.2097902097902098", "transport_distance_percentile": "0.4405594405594406", "medical_distance_percentile": "0.08041958041958042", "exploratory_score_a": "0.43593818768643944", "exploratory_score_b": "0.0795760183872072", "exploratory_score_c": "0.035057966142615755", "rank_a_unfiltered": "32", "rank_b_unfiltered": "222", "rank_c_unfiltered": "201", "pareto_frontier": "True", "eligibility_population_threshold": true, "eligibility_elderly_threshold": true, "primary_eligible": true, "rank": 161 }, "geometry": { "type": "Polygon", "coordinates": [ [ [ 135.4, 35.458333333333336 ], [ 135.40625, 35.458333333333336 ], [ 135.40625, 35.4625 ], [ 135.4, 35.4625 ], [ 135.4, 35.458333333333336 ] ] ] } },
{ "type": "Feature", "properties": { "mesh_code": "533513522", "centroid_lat": 35.460416666666674, "centroid_lon": 135.409375, "city_area_fraction": 0.99999999999999978, "centroid_within_city": true, "population": 236, "elderly_population": 106.0, "reported_elderly_population": 106.0, "elderly_ratio": 0.44915254237288138, "HTKSYORI": "0", "HTKSAKI": null, "GASSAN": null, "disclosure_status": "unaffected", "suppression_flag": false, "aggregation_target_flag": false, "aggregation_flag": false, "primary_eligible_disclosure": true, "nearest_station_name": "東舞鶴駅", "nearest_station_distance_m": 1602.8405756789534, "nearest_bus_stop_name": "溝尻", "nearest_bus_stop_distance_m": 543.04505862330416, "nearest_public_transport_type": "bus_stop", "nearest_public_transport_name": "溝尻", "nearest_public_transport_distance_m": 543.04505862330416, "nearest_medical_name": "京都府立舞鶴こども療育センター", "nearest_medical_distance_m": 640.48591465610798, "nearest_hospital_name": "京都府立舞鶴こども療育センター", "nearest_hospital_distance_m": 640.48591465610798, "nearest_clinic_name": "厚生労働省第二共済組合 舞鶴医療センター診療部", "nearest_clinic_distance_m": 707.85427443298568, "elderly_population_percentile": "0.7517482517482518", "elderly_ratio_percentile": "0.6258741258741258", "transport_distance_percentile": "0.5209790209790209", "medical_distance_percentile": "0.2727272727272727", "exploratory_score_a": "0.39164506821849476", "exploratory_score_b": "0.20502225047679593", "exploratory_score_c": "0.10681229133231675", "rank_a_unfiltered": "44", "rank_b_unfiltered": "127", "rank_c_unfiltered": "113", "pareto_frontier": "False", "eligibility_population_threshold": true, "eligibility_elderly_threshold": true, "primary_eligible": true, "rank": 98 }, "geometry": { "type": "Polygon", "coordinates": [ [ [ 135.40625, 35.458333333333336 ], [ 135.4125, 35.458333333333336 ], [ 135.4125, 35.4625 ], [ 135.40625, 35.4625 ], [ 135.40625, 35.458333333333336 ] ] ] } },
{ "type": "Feature", "properties": { "mesh_code": "533513523", "centroid_lat": 35.464583333333337, "centroid_lon": 135.403125, "city_area_fraction": 0.99999999999999978, "centroid_within_city": true, "population": 1277, "elderly_population": 202.0, "reported_elderly_population": 202.0, "elderly_ratio": 0.1581832419733751, "HTKSYORI": "0", "HTKSAKI": null, "GASSAN": null, "disclosure_status": "unaffected", "suppression_flag": false, "aggregation_target_flag": false, "aggregation_flag": false, "primary_eligible_disclosure": true, "nearest_station_name": "東舞鶴駅", "nearest_station_distance_m": 875.63640616911903, "nearest_bus_stop_name": "舞鶴医療センター前", "nearest_bus_stop_distance_m": 149.37266080536341, "nearest_public_transport_type": "bus_stop", "nearest_public_transport_name": "舞鶴医療センター前", "nearest_public_transport_distance_m": 149.37266080536341, "nearest_medical_name": "舞鶴市休日急病診療所", "nearest_medical_distance_m": 145.01399485126993, "nearest_hospital_name": "独立行政法人国立病院機構 舞鶴医療センター", "nearest_hospital_distance_m": 157.42279130345909, "nearest_clinic_name": "舞鶴市休日急病診療所", "nearest_clinic_distance_m": 145.01399485126993, "elderly_population_percentile": "0.8566433566433567", "elderly_ratio_percentile": "0.055944055944055944", "transport_distance_percentile": "0.1258741258741259", "medical_distance_percentile": "0.05944055944055944", "exploratory_score_a": "0.10782923370335959", "exploratory_score_b": "0.0509193603599198", "exploratory_score_c": "0.006409429975374521", "rank_a_unfiltered": "197", "rank_b_unfiltered": "246", "rank_c_unfiltered": "252", "pareto_frontier": "False", "eligibility_population_threshold": true, "eligibility_elderly_threshold": true, "primary_eligible": true, "rank": 197 }, "geometry": { "type": "Polygon", "coordinates": [ [ [ 135.4, 35.4625 ], [ 135.40625, 35.4625 ], [ 135.40625, 35.466666666666676 ], [ 135.4, 35.466666666666676 ], [ 135.4, 35.4625 ] ] ] } },
{ "type": "Feature", "properties": { "mesh_code": "533513524", "centroid_lat": 35.464583333333337, "centroid_lon": 135.409375, "city_area_fraction": 1.0, "centroid_within_city": true, "population": 512, "elderly_population": 129.0, "reported_elderly_population": 129.0, "elderly_ratio": 0.251953125, "HTKSYORI": "0", "HTKSAKI": null, "GASSAN": null, "disclosure_status": "unaffected", "suppression_flag": false, "aggregation_target_flag": false, "aggregation_flag": false, "primary_eligible_disclosure": true, "nearest_station_name": "東舞鶴駅", "nearest_station_distance_m": 1394.4727791287592, "nearest_bus_stop_name": "溝尻", "nearest_bus_stop_distance_m": 223.62784081884226, "nearest_public_transport_type": "bus_stop", "nearest_public_transport_name": "溝尻", "nearest_public_transport_distance_m": 223.62784081884226, "nearest_medical_name": "厚生労働省第二共済組合 舞鶴医療センター診療部", "nearest_medical_distance_m": 648.0910371102367, "nearest_hospital_name": "独立行政法人国立病院機構 舞鶴医療センター", "nearest_hospital_distance_m": 648.0910371102367, "nearest_clinic_name": "厚生労働省第二共済組合 舞鶴医療センター診療部", "nearest_clinic_distance_m": 648.0910371102367, "elderly_population_percentile": "0.7832167832167832", "elderly_ratio_percentile": "0.15034965034965034", "transport_distance_percentile": "0.23426573426573427", "medical_distance_percentile": "0.27972027972027974", "exploratory_score_a": "0.18348085480952614", "exploratory_score_b": "0.21908161768301632", "exploratory_score_c": "0.05132331603063669", "rank_a_unfiltered": "143", "rank_b_unfiltered": "120", "rank_c_unfiltered": "172", "pareto_frontier": "False", "eligibility_population_threshold": true, "eligibility_elderly_threshold": true, "primary_eligible": true, "rank": 143 }, "geometry": { "type": "Polygon", "coordinates": [ [ [ 135.40625, 35.4625 ], [ 135.4125, 35.4625 ], [ 135.4125, 35.466666666666676 ], [ 135.40625, 35.466666666666676 ], [ 135.40625, 35.4625 ] ] ] } },
{ "type": "Feature", "properties": { "mesh_code": "533513532", "centroid_lat": 35.460416666666674, "centroid_lon": 135.421875, "city_area_fraction": 0.99999999999999978, "centroid_within_city": true, "population": 6, "elderly_population": null, "reported_elderly_population": null, "elderly_ratio": null, "HTKSYORI": "2", "HTKSAKI": "533513534", "GASSAN": null, "disclosure_status": "suppressed_source", "suppression_flag": true, "aggregation_target_flag": false, "aggregation_flag": false, "primary_eligible_disclosure": false, "nearest_station_name": "東舞鶴駅", "nearest_station_distance_m": 2618.3248955639392, "nearest_bus_stop_name": "堂の奥", "nearest_bus_stop_distance_m": 504.37791124600005, "nearest_public_transport_type": "bus_stop", "nearest_public_transport_name": "堂の奥", "nearest_public_transport_distance_m": 504.37791124600005, "nearest_medical_name": "特別養護老人ホームグリーンプラザ博愛苑医務室", "nearest_medical_distance_m": 1714.5252874291959, "nearest_hospital_name": "京都府立舞鶴こども療育センター", "nearest_hospital_distance_m": 1756.6826291543855, "nearest_clinic_name": "特別養護老人ホームグリーンプラザ博愛苑医務室", "nearest_clinic_distance_m": 1714.5252874291959, "elderly_population_percentile": "<NA>", "elderly_ratio_percentile": "<NA>", "transport_distance_percentile": "<NA>", "medical_distance_percentile": "<NA>", "exploratory_score_a": "<NA>", "exploratory_score_b": "<NA>", "exploratory_score_c": "<NA>", "rank_a_unfiltered": "<NA>", "rank_b_unfiltered": "<NA>", "rank_c_unfiltered": "<NA>", "pareto_frontier": "<NA>", "eligibility_population_threshold": false, "eligibility_elderly_threshold": false, "primary_eligible": false, "rank": null }, "geometry": { "type": "Polygon", "coordinates": [ [ [ 135.41875, 35.458333333333336 ], [ 135.425, 35.458333333333336 ], [ 135.425, 35.4625 ], [ 135.41875, 35.4625 ], [ 135.41875, 35.458333333333336 ] ] ] } },
{ "type": "Feature", "properties": { "mesh_code": "533513533", "centroid_lat": 35.464583333333337, "centroid_lon": 135.415625, "city_area_fraction": 1.0, "centroid_within_city": true, "population": 136, "elderly_population": 22.0, "reported_elderly_population": 22.0, "elderly_ratio": 0.16176470588235295, "HTKSYORI": "0", "HTKSAKI": null, "GASSAN": null, "disclosure_status": "unaffected", "suppression_flag": false, "aggregation_target_flag": false, "aggregation_flag": false, "primary_eligible_disclosure": true, "nearest_station_name": "東舞鶴駅", "nearest_station_distance_m": 1940.6001521585381, "nearest_bus_stop_name": "堂の奥", "nearest_bus_stop_distance_m": 314.79290907585516, "nearest_public_transport_type": "bus_stop", "nearest_public_transport_name": "堂の奥", "nearest_public_transport_distance_m": 314.79290907585516, "nearest_medical_name": "特別養護老人ホームグリーンプラザ博愛苑医務室", "nearest_medical_distance_m": 1191.980853639388, "nearest_hospital_name": "独立行政法人国立病院機構 舞鶴医療センター", "nearest_hospital_distance_m": 1207.8345312409956, "nearest_clinic_name": "特別養護老人ホームグリーンプラザ博愛苑医務室", "nearest_clinic_distance_m": 1191.980853639388, "elderly_population_percentile": "0.43356643356643354", "elderly_ratio_percentile": "0.06293706293706294", "transport_distance_percentile": "0.33916083916083917", "medical_distance_percentile": "0.5244755244755245", "exploratory_score_a": "0.14704875544036383", "exploratory_score_b": "0.22739498263973787", "exploratory_score_c": "0.07712347313305795", "rank_a_unfiltered": "169", "rank_b_unfiltered": "112", "rank_c_unfiltered": "144", "pareto_frontier": "False", "eligibility_population_threshold": true, "eligibility_elderly_threshold": true, "primary_eligible": true, "rank": 123 }, "geometry": { "type": "Polygon", "coordinates": [ [ [ 135.4125, 35.4625 ], [ 135.41875, 35.4625 ], [ 135.41875, 35.466666666666676 ], [ 135.4125, 35.466666666666676 ], [ 135.4125, 35.4625 ] ] ] } },
{ "type": "Feature", "properties": { "mesh_code": "533513534", "centroid_lat": 35.464583333333337, "centroid_lon": 135.421875, "city_area_fraction": 1.0, "centroid_within_city": true, "population": 94, "elderly_population": null, "reported_elderly_population": 44.0, "elderly_ratio": null, "HTKSYORI": "1", "HTKSAKI": null, "GASSAN": "533513532", "disclosure_status": "aggregation_destination", "suppression_flag": false, "aggregation_target_flag": true, "aggregation_flag": true, "primary_eligible_disclosure": false, "nearest_station_name": "東舞鶴駅", "nearest_station_distance_m": 2496.1693733717002, "nearest_bus_stop_name": "堂の奥", "nearest_bus_stop_distance_m": 254.93154101844388, "nearest_public_transport_type": "bus_stop", "nearest_public_transport_name": "堂の奥", "nearest_public_transport_distance_m": 254.93154101844388, "nearest_medical_name": "特別養護老人ホームグリーンプラザ博愛苑医務室", "nearest_medical_distance_m": 1275.8807451898188, "nearest_hospital_name": "京都府立舞鶴こども療育センター", "nearest_hospital_distance_m": 1767.6026509659243, "nearest_clinic_name": "特別養護老人ホームグリーンプラザ博愛苑医務室", "nearest_clinic_distance_m": 1275.8807451898188, "elderly_population_percentile": "<NA>", "elderly_ratio_percentile": "<NA>", "transport_distance_percentile": "<NA>", "medical_distance_percentile": "<NA>", "exploratory_score_a": "<NA>", "exploratory_score_b": "<NA>", "exploratory_score_c": "<NA>", "rank_a_unfiltered": "<NA>", "rank_b_unfiltered": "<NA>", "rank_c_unfiltered": "<NA>", "pareto_frontier": "<NA>", "eligibility_population_threshold": true, "eligibility_elderly_threshold": false, "primary_eligible": false, "rank": null }, "geometry": { "type": "Polygon", "coordinates": [ [ [ 135.41875, 35.4625 ], [ 135.425, 35.4625 ], [ 135.425, 35.466666666666676 ], [ 135.41875, 35.466666666666676 ], [ 135.41875, 35.4625 ] ] ] } },
{ "type": "Feature", "properties": { "mesh_code": "533513541", "centroid_lat": 35.460416666666674, "centroid_lon": 135.428125, "city_area_fraction": 0.99999999999999978, "centroid_within_city": true, "population": 12, "elderly_population": 7.0, "reported_elderly_population": 7.0, "elderly_ratio": 0.58333333333333337, "HTKSYORI": "0", "HTKSAKI": null, "GASSAN": null, "disclosure_status": "unaffected", "suppression_flag": false, "aggregation_target_flag": false, "aggregation_flag": false, "primary_eligible_disclosure": true, "nearest_station_name": "東舞鶴駅", "nearest_station_distance_m": 3156.623871989379, "nearest_bus_stop_name": "堂の奥", "nearest_bus_stop_distance_m": 929.47086761152207, "nearest_public_transport_type": "bus_stop", "nearest_public_transport_name": "堂の奥", "nearest_public_transport_distance_m": 929.47086761152207, "nearest_medical_name": "特別養護老人ホームグリーンプラザ博愛苑医務室", "nearest_medical_distance_m": 1946.8430976113152, "nearest_hospital_name": "京都府立舞鶴こども療育センター", "nearest_hospital_distance_m": 2321.4765088894146, "nearest_clinic_name": "特別養護老人ホームグリーンプラザ博愛苑医務室", "nearest_clinic_distance_m": 1946.8430976113152, "elderly_population_percentile": "0.12062937062937062", "elderly_ratio_percentile": "0.8426573426573427", "transport_distance_percentile": "0.6958041958041958", "medical_distance_percentile": "0.6888111888111889", "exploratory_score_a": "0.08393442222113551", "exploratory_score_b": "0.08309086018876229", "exploratory_score_c": "0.057814969152320615", "rank_a_unfiltered": "214", "rank_b_unfiltered": "219", "rank_c_unfiltered": "166", "pareto_frontier": "False", "eligibility_population_threshold": false, "eligibility_elderly_threshold": false, "primary_eligible": false, "rank": null }, "geometry": { "type": "Polygon", "coordinates": [ [ [ 135.425, 35.458333333333336 ], [ 135.43125, 35.458333333333336 ], [ 135.43125, 35.4625 ], [ 135.425, 35.4625 ], [ 135.425, 35.458333333333336 ] ] ] } },
{ "type": "Feature", "properties": { "mesh_code": "533513543", "centroid_lat": 35.464583333333337, "centroid_lon": 135.428125, "city_area_fraction": 0.99999999999999978, "centroid_within_city": true, "population": 42, "elderly_population": null, "reported_elderly_population": 11.0, "elderly_ratio": null, "HTKSYORI": "1", "HTKSAKI": null, "GASSAN": "533513544", "disclosure_status": "aggregation_destination", "suppression_flag": false, "aggregation_target_flag": true, "aggregation_flag": true, "primary_eligible_disclosure": false, "nearest_station_name": "東舞鶴駅", "nearest_station_distance_m": 3056.0351254126654, "nearest_bus_stop_name": "堂の奥", "nearest_bus_stop_distance_m": 821.26598072010279, "nearest_public_transport_type": "bus_stop", "nearest_public_transport_name": "堂の奥", "nearest_public_transport_distance_m": 821.26598072010279, "nearest_medical_name": "特別養護老人ホームグリーンプラザ博愛苑医務室", "nearest_medical_distance_m": 1574.3029731119377, "nearest_hospital_name": "京都府立舞鶴こども療育センター", "nearest_hospital_distance_m": 2329.7252281671967, "nearest_clinic_name": "特別養護老人ホームグリーンプラザ博愛苑医務室", "nearest_clinic_distance_m": 1574.3029731119377, "elderly_population_percentile": "<NA>", "elderly_ratio_percentile": "<NA>", "transport_distance_percentile": "<NA>", "medical_distance_percentile": "<NA>", "exploratory_score_a": "<NA>", "exploratory_score_b": "<NA>", "exploratory_score_c": "<NA>", "rank_a_unfiltered": "<NA>", "rank_b_unfiltered": "<NA>", "rank_c_unfiltered": "<NA>", "pareto_frontier": "<NA>", "eligibility_population_threshold": true, "eligibility_elderly_threshold": false, "primary_eligible": false, "rank": null }, "geometry": { "type": "Polygon", "coordinates": [ [ [ 135.425, 35.4625 ], [ 135.43125, 35.4625 ], [ 135.43125, 35.466666666666676 ], [ 135.425, 35.466666666666676 ], [ 135.425, 35.4625 ] ] ] } },
{ "type": "Feature", "properties": { "mesh_code": "533513544", "centroid_lat": 35.464583333333337, "centroid_lon": 135.434375, "city_area_fraction": 1.0000000000000002, "centroid_within_city": true, "population": 3, "elderly_population": null, "reported_elderly_population": null, "elderly_ratio": null, "HTKSYORI": "2", "HTKSAKI": "533513543", "GASSAN": null, "disclosure_status": "suppressed_source", "suppression_flag": true, "aggregation_target_flag": false, "aggregation_flag": false, "primary_eligible_disclosure": false, "nearest_station_name": "松尾寺駅", "nearest_station_distance_m": 2777.6966258330226, "nearest_bus_stop_name": "堂の奥", "nearest_bus_stop_distance_m": 1388.364624668774, "nearest_public_transport_type": "bus_stop", "nearest_public_transport_name": "堂の奥", "nearest_public_transport_distance_m": 1388.364624668774, "nearest_medical_name": "特別養護老人ホームグリーンプラザ博愛苑医務室", "nearest_medical_distance_m": 1993.1110044946067, "nearest_hospital_name": "京都府立舞鶴こども療育センター", "nearest_hospital_distance_m": 2893.8602956621221, "nearest_clinic_name": "特別養護老人ホームグリーンプラザ博愛苑医務室", "nearest_clinic_distance_m": 1993.1110044946067, "elderly_population_percentile": "<NA>", "elderly_ratio_percentile": "<NA>", "transport_distance_percentile": "<NA>", "medical_distance_percentile": "<NA>", "exploratory_score_a": "<NA>", "exploratory_score_b": "<NA>", "exploratory_score_c": "<NA>", "rank_a_unfiltered": "<NA>", "rank_b_unfiltered": "<NA>", "rank_c_unfiltered": "<NA>", "pareto_frontier": "<NA>", "eligibility_population_threshold": false, "eligibility_elderly_threshold": false, "primary_eligible": false, "rank": null }, "geometry": { "type": "Polygon", "coordinates": [ [ [ 135.43125, 35.4625 ], [ 135.4375, 35.4625 ], [ 135.4375, 35.466666666666676 ], [ 135.43125, 35.466666666666676 ], [ 135.43125, 35.4625 ] ] ] } },
{ "type": "Feature", "properties": { "mesh_code": "533513551", "centroid_lat": 35.460416666666674, "centroid_lon": 135.440625, "city_area_fraction": 1.0000000000000002, "centroid_within_city": true, "population": 75, "elderly_population": 32.0, "reported_elderly_population": 32.0, "elderly_ratio": 0.42666666666666669, "HTKSYORI": "0", "HTKSAKI": null, "GASSAN": null, "disclosure_status": "unaffected", "suppression_flag": false, "aggregation_target_flag": false, "aggregation_flag": false, "primary_eligible_disclosure": true, "nearest_station_name": "松尾寺駅", "nearest_station_distance_m": 2967.707837138069, "nearest_bus_stop_name": "堂の奥", "nearest_bus_stop_distance_m": 2003.4531987291318, "nearest_public_transport_type": "bus_stop", "nearest_public_transport_name": "堂の奥", "nearest_public_transport_distance_m": 2003.4531987291318, "nearest_medical_name": "特別養護老人ホームグリーンプラザ博愛苑医務室", "nearest_medical_distance_m": 2724.3363919028352, "nearest_hospital_name": "京都府立舞鶴こども療育センター", "nearest_hospital_distance_m": 3453.5216544259165, "nearest_clinic_name": "特別養護老人ホームグリーンプラザ博愛苑医務室", "nearest_clinic_distance_m": 2724.3363919028352, "elderly_population_percentile": "0.5594405594405595", "elderly_ratio_percentile": "0.5681818181818182", "transport_distance_percentile": "0.8776223776223776", "medical_distance_percentile": "0.8006993006993007", "exploratory_score_a": "0.4909775539146169", "exploratory_score_b": "0.4479436647268816", "exploratory_score_c": "0.39312538407848696", "rank_a_unfiltered": "19", "rank_b_unfiltered": "22", "rank_c_unfiltered": "7", "pareto_frontier": "False", "eligibility_population_threshold": true, "eligibility_elderly_threshold": true, "primary_eligible": true, "rank": 7 }, "geometry": { "type": "Polygon", "coordinates": [ [ [ 135.4375, 35.458333333333336 ], [ 135.44375, 35.458333333333336 ], [ 135.44375, 35.4625 ], [ 135.4375, 35.4625 ], [ 135.4375, 35.458333333333336 ] ] ] } },
{ "type": "Feature", "properties": { "mesh_code": "533513552", "centroid_lat": 35.460416666666674, "centroid_lon": 135.446875, "city_area_fraction": 1.0000000000000002, "centroid_within_city": true, "population": 35, "elderly_population": null, "reported_elderly_population": 20.0, "elderly_ratio": null, "HTKSYORI": "1", "HTKSAKI": null, "GASSAN": "533513454;533513554", "disclosure_status": "aggregation_destination", "suppression_flag": false, "aggregation_target_flag": true, "aggregation_flag": true, "primary_eligible_disclosure": false, "nearest_station_name": "松尾寺駅", "nearest_station_distance_m": 2852.1416577575565, "nearest_bus_stop_name": "鹿原", "nearest_bus_stop_distance_m": 2380.6544951394949, "nearest_public_transport_type": "bus_stop", "nearest_public_transport_name": "鹿原", "nearest_public_transport_distance_m": 2380.6544951394949, "nearest_medical_name": "特別養護老人ホームグリーンプラザ博愛苑医務室", "nearest_medical_distance_m": 3194.2472765540933, "nearest_hospital_name": "京都府立舞鶴こども療育センター", "nearest_hospital_distance_m": 4020.0806442613107, "nearest_clinic_name": "特別養護老人ホームグリーンプラザ博愛苑医務室", "nearest_clinic_distance_m": 3194.2472765540933, "elderly_population_percentile": "<NA>", "elderly_ratio_percentile": "<NA>", "transport_distance_percentile": "<NA>", "medical_distance_percentile": "<NA>", "exploratory_score_a": "<NA>", "exploratory_score_b": "<NA>", "exploratory_score_c": "<NA>", "rank_a_unfiltered": "<NA>", "rank_b_unfiltered": "<NA>", "rank_c_unfiltered": "<NA>", "pareto_frontier": "<NA>", "eligibility_population_threshold": true, "eligibility_elderly_threshold": false, "primary_eligible": false, "rank": null }, "geometry": { "type": "Polygon", "coordinates": [ [ [ 135.44375, 35.458333333333336 ], [ 135.45, 35.458333333333336 ], [ 135.45, 35.4625 ], [ 135.44375, 35.4625 ], [ 135.44375, 35.458333333333336 ] ] ] } },
{ "type": "Feature", "properties": { "mesh_code": "533513554", "centroid_lat": 35.464583333333337, "centroid_lon": 135.446875, "city_area_fraction": 1.0000000000000002, "centroid_within_city": true, "population": 9, "elderly_population": null, "reported_elderly_population": null, "elderly_ratio": null, "HTKSYORI": "2", "HTKSAKI": "533513552", "GASSAN": null, "disclosure_status": "suppressed_source", "suppression_flag": true, "aggregation_target_flag": false, "aggregation_flag": false, "primary_eligible_disclosure": false, "nearest_station_name": "松尾寺駅", "nearest_station_distance_m": 2393.1355446728376, "nearest_bus_stop_name": "鹿原", "nearest_bus_stop_distance_m": 1936.2115950428761, "nearest_public_transport_type": "bus_stop", "nearest_public_transport_name": "鹿原", "nearest_public_transport_distance_m": 1936.2115950428761, "nearest_medical_name": "地域密着型特別養護老人ホームやすらぎの郷", "nearest_medical_distance_m": 2900.3759225175427, "nearest_hospital_name": "京都府立舞鶴こども療育センター", "nearest_hospital_distance_m": 4024.7806451337806, "nearest_clinic_name": "地域密着型特別養護老人ホームやすらぎの郷", "nearest_clinic_distance_m": 2900.3759225175427, "elderly_population_percentile": "<NA>", "elderly_ratio_percentile": "<NA>", "transport_distance_percentile": "<NA>", "medical_distance_percentile": "<NA>", "exploratory_score_a": "<NA>", "exploratory_score_b": "<NA>", "exploratory_score_c": "<NA>", "rank_a_unfiltered": "<NA>", "rank_b_unfiltered": "<NA>", "rank_c_unfiltered": "<NA>", "pareto_frontier": "<NA>", "eligibility_population_threshold": false, "eligibility_elderly_threshold": false, "primary_eligible": false, "rank": null }, "geometry": { "type": "Polygon", "coordinates": [ [ [ 135.44375, 35.4625 ], [ 135.45, 35.4625 ], [ 135.45, 35.466666666666676 ], [ 135.44375, 35.466666666666676 ], [ 135.44375, 35.4625 ] ] ] } },
{ "type": "Feature", "properties": { "mesh_code": "533513561", "centroid_lat": 35.460416666666674, "centroid_lon": 135.453125, "city_area_fraction": 1.0000000000000002, "centroid_within_city": true, "population": 38, "elderly_population": 12.0, "reported_elderly_population": 12.0, "elderly_ratio": 0.31578947368421051, "HTKSYORI": "0", "HTKSAKI": null, "GASSAN": null, "disclosure_status": "unaffected", "suppression_flag": false, "aggregation_target_flag": false, "aggregation_flag": false, "primary_eligible_disclosure": true, "nearest_station_name": "松尾寺駅", "nearest_station_distance_m": 2847.0307589046347, "nearest_bus_stop_name": "鹿原", "nearest_bus_stop_distance_m": 2580.4398107242591, "nearest_public_transport_type": "bus_stop", "nearest_public_transport_name": "鹿原", "nearest_public_transport_distance_m": 2580.4398107242591, "nearest_medical_name": "地域密着型特別養護老人ホームやすらぎの郷", "nearest_medical_distance_m": 3517.0303441512974, "nearest_hospital_name": "京都府立舞鶴こども療育センター", "nearest_hospital_distance_m": 4586.8203934294888, "nearest_clinic_name": "地域密着型特別養護老人ホームやすらぎの郷", "nearest_clinic_distance_m": 3517.0303441512974, "elderly_population_percentile": "0.27797202797202797", "elderly_ratio_percentile": "0.3076923076923077", "transport_distance_percentile": "0.9265734265734266", "medical_distance_percentile": "0.8881118881118881", "exploratory_score_a": "0.25756149444960635", "exploratory_score_b": "0.24687026260452835", "exploratory_score_c": "0.22874342514055948", "rank_a_unfiltered": "102", "rank_b_unfiltered": "97", "rank_c_unfiltered": "36", "pareto_frontier": "False", "eligibility_population_threshold": true, "eligibility_elderly_threshold": true, "primary_eligible": true, "rank": 35 }, "geometry": { "type": "Polygon", "coordinates": [ [ [ 135.45, 35.458333333333336 ], [ 135.45625, 35.458333333333336 ], [ 135.45625, 35.4625 ], [ 135.45, 35.4625 ], [ 135.45, 35.458333333333336 ] ] ] } },
{ "type": "Feature", "properties": { "mesh_code": "533513601", "centroid_lat": 35.46875, "centroid_lon": 135.378125, "city_area_fraction": 0.99999999999999978, "centroid_within_city": true, "population": 251, "elderly_population": 91.0, "reported_elderly_population": 91.0, "elderly_ratio": 0.36254980079681276, "HTKSYORI": "0", "HTKSAKI": null, "GASSAN": null, "disclosure_status": "unaffected", "suppression_flag": false, "aggregation_target_flag": false, "aggregation_flag": false, "primary_eligible_disclosure": true, "nearest_station_name": "東舞鶴駅", "nearest_station_distance_m": 1514.5608415953891, "nearest_bus_stop_name": "三宅団地前", "nearest_bus_stop_distance_m": 706.60653406733923, "nearest_public_transport_type": "bus_stop", "nearest_public_transport_name": "三宅団地前", "nearest_public_transport_distance_m": 706.60653406733923, "nearest_medical_name": "海上自衛隊舞鶴衛生隊第一医務室", "nearest_medical_distance_m": 901.53564320077362, "nearest_hospital_name": "国家公務員共済組合連合会 舞鶴共済病院", "nearest_hospital_distance_m": 1199.1777559015522, "nearest_clinic_name": "海上自衛隊舞鶴衛生隊第一医務室", "nearest_clinic_distance_m": 901.53564320077362, "elderly_population_percentile": "0.7132867132867133", "elderly_ratio_percentile": "0.44405594405594406", "transport_distance_percentile": "0.6503496503496503", "medical_distance_percentile": "0.4230769230769231", "exploratory_score_a": "0.4638857645850653", "exploratory_score_b": "0.3017751479289941", "exploratory_score_c": "0.19625936193983531", "rank_a_unfiltered": "23", "rank_b_unfiltered": "66", "rank_c_unfiltered": "48", "pareto_frontier": "False", "eligibility_population_threshold": true, "eligibility_elderly_threshold": true, "primary_eligible": true, "rank": 46 }, "geometry": { "type": "Polygon", "coordinates": [ [ [ 135.375, 35.466666666666669 ], [ 135.38125, 35.466666666666669 ], [ 135.38125, 35.470833333333339 ], [ 135.375, 35.470833333333339 ], [ 135.375, 35.466666666666669 ] ] ] } },
{ "type": "Feature", "properties": { "mesh_code": "533513602", "centroid_lat": 35.46875, "centroid_lon": 135.384375, "city_area_fraction": 1.0000000000000002, "centroid_within_city": true, "population": 330, "elderly_population": 109.0, "reported_elderly_population": 109.0, "elderly_ratio": 0.33030303030303032, "HTKSYORI": "0", "HTKSAKI": null, "GASSAN": null, "disclosure_status": "unaffected", "suppression_flag": false, "aggregation_target_flag": false, "aggregation_flag": false, "primary_eligible_disclosure": true, "nearest_station_name": "東舞鶴駅", "nearest_station_distance_m": 947.38041793405716, "nearest_bus_stop_name": "市役所前", "nearest_bus_stop_distance_m": 610.315184455642, "nearest_public_transport_type": "bus_stop", "nearest_public_transport_name": "市役所前", "nearest_public_transport_distance_m": 610.315184455642, "nearest_medical_name": "国家公務員共済組合連合会 舞鶴共済病院", "nearest_medical_distance_m": 635.37171445856302, "nearest_hospital_name": "国家公務員共済組合連合会 舞鶴共済病院", "nearest_hospital_distance_m": 635.37171445856302, "nearest_clinic_name": "医療法人正秋会石川眼科医院", "nearest_clinic_distance_m": 855.66450707260378, "elderly_population_percentile": "0.756993006993007", "elderly_ratio_percentile": "0.34265734265734266", "transport_distance_percentile": "0.5874125874125874", "medical_distance_percentile": "0.26223776223776224", "exploratory_score_a": "0.4446672208909971", "exploratory_score_b": "0.19851215218348084", "exploratory_score_c": "0.11660853694693979", "rank_a_unfiltered": "29", "rank_b_unfiltered": "129", "rank_c_unfiltered": "103", "pareto_frontier": "False", "eligibility_population_threshold": true, "eligibility_elderly_threshold": true, "primary_eligible": true, "rank": 92 }, "geometry": { "type": "Polygon", "coordinates": [ [ [ 135.38125, 35.466666666666669 ], [ 135.3875, 35.466666666666669 ], [ 135.3875, 35.470833333333339 ], [ 135.38125, 35.470833333333339 ], [ 135.38125, 35.466666666666669 ] ] ] } },
{ "type": "Feature", "properties": { "mesh_code": "533513603", "centroid_lat": 35.472916666666677, "centroid_lon": 135.378125, "city_area_fraction": 1.0, "centroid_within_city": true, "population": 408, "elderly_population": 215.0, "reported_elderly_population": 215.0, "elderly_ratio": 0.52696078431372551, "HTKSYORI": "0", "HTKSAKI": null, "GASSAN": null, "disclosure_status": "unaffected", "suppression_flag": false, "aggregation_target_flag": false, "aggregation_flag": false, "primary_eligible_disclosure": true, "nearest_station_name": "東舞鶴駅", "nearest_station_distance_m": 1588.7276663240173, "nearest_bus_stop_name": "三宅団地前", "nearest_bus_stop_distance_m": 352.05480838804942, "nearest_public_transport_type": "bus_stop", "nearest_public_transport_name": "三宅団地前", "nearest_public_transport_distance_m": 352.05480838804942, "nearest_medical_name": "海上自衛隊舞鶴衛生隊第一医務室", "nearest_medical_distance_m": 638.25445977962579, "nearest_hospital_name": "国家公務員共済組合連合会 舞鶴共済病院", "nearest_hospital_distance_m": 1250.2098335839187, "nearest_clinic_name": "海上自衛隊舞鶴衛生隊第一医務室", "nearest_clinic_distance_m": 638.25445977962579, "elderly_population_percentile": "0.8828671328671329", "elderly_ratio_percentile": "0.7692307692307693", "transport_distance_percentile": "0.38461538461538464", "medical_distance_percentile": "0.2692307692307692", "exploratory_score_a": "0.33956428187197424", "exploratory_score_b": "0.23769499731038193", "exploratory_score_c": "0.09142115281168536", "rank_a_unfiltered": "60", "rank_b_unfiltered": "104", "rank_c_unfiltered": "131", "pareto_frontier": "False", "eligibility_population_threshold": true, "eligibility_elderly_threshold": true, "primary_eligible": true, "rank": 112 }, "geometry": { "type": "Polygon", "coordinates": [ [ [ 135.375, 35.470833333333339 ], [ 135.38125, 35.470833333333339 ], [ 135.38125, 35.475 ], [ 135.375, 35.475 ], [ 135.375, 35.470833333333339 ] ] ] } },
{ "type": "Feature", "properties": { "mesh_code": "533513604", "centroid_lat": 35.472916666666677, "centroid_lon": 135.384375, "city_area_fraction": 1.0, "centroid_within_city": true, "population": 83, "elderly_population": 36.0, "reported_elderly_population": 36.0, "elderly_ratio": 0.43373493975903615, "HTKSYORI": "0", "HTKSAKI": null, "GASSAN": null, "disclosure_status": "unaffected", "suppression_flag": false, "aggregation_target_flag": false, "aggregation_flag": false, "primary_eligible_disclosure": true, "nearest_station_name": "東舞鶴駅", "nearest_station_distance_m": 1061.9616597315503, "nearest_bus_stop_name": "市役所前", "nearest_bus_stop_distance_m": 224.24455240935089, "nearest_public_transport_type": "bus_stop", "nearest_public_transport_name": "市役所前", "nearest_public_transport_distance_m": 224.24455240935089, "nearest_medical_name": "医療法人信天翁会 澤田医院", "nearest_medical_distance_m": 665.75485348943096, "nearest_hospital_name": "国家公務員共済組合連合会 舞鶴共済病院", "nearest_hospital_distance_m": 727.15047590983147, "nearest_clinic_name": "医療法人信天翁会 澤田医院", "nearest_clinic_distance_m": 665.75485348943096, "elderly_population_percentile": "0.5786713286713286", "elderly_ratio_percentile": "0.5874125874125874", "transport_distance_percentile": "0.23776223776223776", "medical_distance_percentile": "0.2937062937062937", "exploratory_score_a": "0.13758619003374248", "exploratory_score_b": "0.16995941121815247", "exploratory_score_c": "0.040409929939980306", "rank_a_unfiltered": "175", "rank_b_unfiltered": "145", "rank_c_unfiltered": "191", "pareto_frontier": "False", "eligibility_population_threshold": true, "eligibility_elderly_threshold": true, "primary_eligible": true, "rank": 153 }, "geometry": { "type": "Polygon", "coordinates": [ [ [ 135.38125, 35.470833333333339 ], [ 135.3875, 35.470833333333339 ], [ 135.3875, 35.475 ], [ 135.38125, 35.475 ], [ 135.38125, 35.470833333333339 ] ] ] } },
{ "type": "Feature", "properties": { "mesh_code": "533513611", "centroid_lat": 35.46875, "centroid_lon": 135.390625, "city_area_fraction": 1.0, "centroid_within_city": true, "population": 508, "elderly_population": 174.0, "reported_elderly_population": 174.0, "elderly_ratio": 0.34251968503937008, "HTKSYORI": "0", "HTKSAKI": null, "GASSAN": null, "disclosure_status": "unaffected", "suppression_flag": false, "aggregation_target_flag": false, "aggregation_flag": false, "primary_eligible_disclosure": true, "nearest_station_name": "東舞鶴駅", "nearest_station_distance_m": 380.39043229055477, "nearest_bus_stop_name": "共済病院前", "nearest_bus_stop_distance_m": 148.37113344284307, "nearest_public_transport_type": "bus_stop", "nearest_public_transport_name": "共済病院前", "nearest_public_transport_distance_m": 148.37113344284307, "nearest_medical_name": "国家公務員共済組合連合会 舞鶴共済病院", "nearest_medical_distance_m": 113.53765496381014, "nearest_hospital_name": "国家公務員共済組合連合会 舞鶴共済病院", "nearest_hospital_distance_m": 113.53765496381014, "nearest_clinic_name": "医療法人正秋会石川眼科医院", "nearest_clinic_distance_m": 346.91675027157515, "elderly_population_percentile": "0.8391608391608392", "elderly_ratio_percentile": "0.3881118881118881", "transport_distance_percentile": "0.12237762237762238", "medical_distance_percentile": "0.03146853146853147", "exploratory_score_a": "0.10269450828891388", "exploratory_score_b": "0.026407159274292144", "exploratory_score_c": "0.0032316453657350525", "rank_a_unfiltered": "202", "rank_b_unfiltered": "267", "rank_c_unfiltered": "265", "pareto_frontier": "False", "eligibility_population_threshold": true, "eligibility_elderly_threshold": true, "primary_eligible": true, "rank": 208 }, "geometry": { "type": "Polygon", "coordinates": [ [ [ 135.3875, 35.466666666666669 ], [ 135.39375, 35.466666666666669 ], [ 135.39375, 35.470833333333339 ], [ 135.3875, 35.470833333333339 ], [ 135.3875, 35.466666666666669 ] ] ] } },
{ "type": "Feature", "properties": { "mesh_code": "533513612", "centroid_lat": 35.46875, "centroid_lon": 135.396875, "city_area_fraction": 1.0, "centroid_within_city": true, "population": 1186, "elderly_population": 365.0, "reported_elderly_population": 365.0, "elderly_ratio": 0.30775716694772343, "HTKSYORI": "0", "HTKSAKI": null, "GASSAN": null, "disclosure_status": "unaffected", "suppression_flag": false, "aggregation_target_flag": false, "aggregation_flag": false, "primary_eligible_disclosure": true, "nearest_station_name": "東舞鶴駅", "nearest_station_distance_m": 188.13482953669188, "nearest_bus_stop_name": "東舞鶴駅前", "nearest_bus_stop_distance_m": 231.43885283828459, "nearest_public_transport_type": "station", "nearest_public_transport_name": "東舞鶴駅", "nearest_public_transport_distance_m": 188.13482953669188, "nearest_medical_name": "特別養護老人ホームやすらぎ苑", "nearest_medical_distance_m": 109.46716026907215, "nearest_hospital_name": "医療法人岸本病院", "nearest_hospital_distance_m": 330.69142263056352, "nearest_clinic_name": "特別養護老人ホームやすらぎ苑", "nearest_clinic_distance_m": 109.46716026907215, "elderly_population_percentile": "0.9790209790209791", "elderly_ratio_percentile": "0.2727272727272727", "transport_distance_percentile": "0.17482517482517482", "medical_distance_percentile": "0.027972027972027972", "exploratory_score_a": "0.17115751381485647", "exploratory_score_b": "0.027385202210377036", "exploratory_score_c": "0.004787622764051929", "rank_a_unfiltered": "156", "rank_b_unfiltered": "266", "rank_c_unfiltered": "255", "pareto_frontier": "False", "eligibility_population_threshold": true, "eligibility_elderly_threshold": true, "primary_eligible": true, "rank": 199 }, "geometry": { "type": "Polygon", "coordinates": [ [ [ 135.39375, 35.466666666666669 ], [ 135.4, 35.466666666666669 ], [ 135.4, 35.470833333333339 ], [ 135.39375, 35.470833333333339 ], [ 135.39375, 35.466666666666669 ] ] ] } },
{ "type": "Feature", "properties": { "mesh_code": "533513613", "centroid_lat": 35.472916666666677, "centroid_lon": 135.390625, "city_area_fraction": 0.99999999999999978, "centroid_within_city": true, "population": 1077, "elderly_population": 353.0, "reported_elderly_population": 353.0, "elderly_ratio": 0.32776230269266482, "HTKSYORI": "0", "HTKSAKI": null, "GASSAN": null, "disclosure_status": "unaffected", "suppression_flag": false, "aggregation_target_flag": false, "aggregation_flag": false, "primary_eligible_disclosure": true, "nearest_station_name": "東舞鶴駅", "nearest_station_distance_m": 612.34667464865777, "nearest_bus_stop_name": "大門通三条", "nearest_bus_stop_distance_m": 192.58500781268117, "nearest_public_transport_type": "bus_stop", "nearest_public_transport_name": "大門通三条", "nearest_public_transport_distance_m": 192.58500781268117, "nearest_medical_name": "医療法人信天翁会 澤田医院", "nearest_medical_distance_m": 222.60443815312564, "nearest_hospital_name": "国家公務員共済組合連合会 舞鶴共済病院", "nearest_hospital_distance_m": 371.43163849952083, "nearest_clinic_name": "医療法人信天翁会 澤田医院", "nearest_clinic_distance_m": 222.60443815312564, "elderly_population_percentile": "0.972027972027972", "elderly_ratio_percentile": "0.3356643356643357", "transport_distance_percentile": "0.1853146853146853", "medical_distance_percentile": "0.10139860139860139", "exploratory_score_a": "0.18013105775343535", "exploratory_score_b": "0.09856227688395519", "exploratory_score_c": "0.018265037324649038", "rank_a_unfiltered": "147", "rank_b_unfiltered": "208", "rank_c_unfiltered": "237", "pareto_frontier": "False", "eligibility_population_threshold": true, "eligibility_elderly_threshold": true, "primary_eligible": true, "rank": 186 }, "geometry": { "type": "Polygon", "coordinates": [ [ [ 135.3875, 35.470833333333339 ], [ 135.39375, 35.470833333333339 ], [ 135.39375, 35.475 ], [ 135.3875, 35.475 ], [ 135.3875, 35.470833333333339 ] ] ] } },
{ "type": "Feature", "properties": { "mesh_code": "533513614", "centroid_lat": 35.472916666666677, "centroid_lon": 135.396875, "city_area_fraction": 1.0000000000000002, "centroid_within_city": true, "population": 979, "elderly_population": 329.0, "reported_elderly_population": 329.0, "elderly_ratio": 0.33605720122574056, "HTKSYORI": "0", "HTKSAKI": null, "GASSAN": null, "disclosure_status": "unaffected", "suppression_flag": false, "aggregation_target_flag": false, "aggregation_flag": false, "primary_eligible_disclosure": true, "nearest_station_name": "東舞鶴駅", "nearest_station_distance_m": 515.43355022969422, "nearest_bus_stop_name": "七条", "nearest_bus_stop_distance_m": 266.21368619471804, "nearest_public_transport_type": "bus_stop", "nearest_public_transport_name": "七条", "nearest_public_transport_distance_m": 266.21368619471804, "nearest_medical_name": "医療法人肥後内科医院", "nearest_medical_distance_m": 66.964352275150858, "nearest_hospital_name": "医療法人岸本病院", "nearest_hospital_distance_m": 422.62179899733979, "nearest_clinic_name": "医療法人肥後内科医院", "nearest_clinic_distance_m": 66.964352275150858, "elderly_population_percentile": "0.9493006993006993", "elderly_ratio_percentile": "0.36363636363636365", "transport_distance_percentile": "0.28321678321678323", "medical_distance_percentile": "0.013986013986013986", "exploratory_score_a": "0.26885789036138685", "exploratory_score_b": "0.013276932857352437", "exploratory_score_c": "0.0037602502148445715", "rank_a_unfiltered": "99", "rank_b_unfiltered": "272", "rank_c_unfiltered": "258", "pareto_frontier": "False", "eligibility_population_threshold": true, "eligibility_elderly_threshold": true, "primary_eligible": true, "rank": 202 }, "geometry": { "type": "Polygon", "coordinates": [ [ [ 135.39375, 35.470833333333339 ], [ 135.4, 35.470833333333339 ], [ 135.4, 35.475 ], [ 135.39375, 35.475 ], [ 135.39375, 35.470833333333339 ] ] ] } },
{ "type": "Feature", "properties": { "mesh_code": "533513621", "centroid_lat": 35.46875, "centroid_lon": 135.403125, "city_area_fraction": 1.0, "centroid_within_city": true, "population": 848, "elderly_population": 316.0, "reported_elderly_population": 316.0, "elderly_ratio": 0.37264150943396224, "HTKSYORI": "0", "HTKSAKI": null, "GASSAN": null, "disclosure_status": "unaffected", "suppression_flag": false, "aggregation_target_flag": false, "aggregation_flag": false, "primary_eligible_disclosure": true, "nearest_station_name": "東舞鶴駅", "nearest_station_distance_m": 754.73284712290399, "nearest_bus_stop_name": "中町", "nearest_bus_stop_distance_m": 168.42261281344187, "nearest_public_transport_type": "bus_stop", "nearest_public_transport_name": "中町", "nearest_public_transport_distance_m": 168.42261281344187, "nearest_medical_name": "曽我内科医院", "nearest_medical_distance_m": 309.39408936123198, "nearest_hospital_name": "独立行政法人国立病院機構 舞鶴医療センター", "nearest_hospital_distance_m": 609.20638244409383, "nearest_clinic_name": "曽我内科医院", "nearest_clinic_distance_m": 309.39408936123198, "elderly_population_percentile": "0.9405594405594405", "elderly_ratio_percentile": "0.458041958041958", "transport_distance_percentile": "0.15034965034965034", "medical_distance_percentile": "0.13286713286713286", "exploratory_score_a": "0.1414127830211746", "exploratory_score_b": "0.12496943615824734", "exploratory_score_c": "0.018789111030785437", "rank_a_unfiltered": "171", "rank_b_unfiltered": "184", "rank_c_unfiltered": "235", "pareto_frontier": "False", "eligibility_population_threshold": true, "eligibility_elderly_threshold": true, "primary_eligible": true, "rank": 185 }, "geometry": { "type": "Polygon", "coordinates": [ [ [ 135.4, 35.466666666666669 ], [ 135.40625, 35.466666666666669 ], [ 135.40625, 35.470833333333339 ], [ 135.4, 35.470833333333339 ], [ 135.4, 35.466666666666669 ] ] ] } },
{ "type": "Feature", "properties": { "mesh_code": "533513622", "centroid_lat": 35.46875, "centroid_lon": 135.409375, "city_area_fraction": 1.0, "centroid_within_city": true, "population": 1018, "elderly_population": 330.0, "reported_elderly_population": 330.0, "elderly_ratio": 0.32416502946954812, "HTKSYORI": "0", "HTKSAKI": null, "GASSAN": null, "disclosure_status": "unaffected", "suppression_flag": false, "aggregation_target_flag": false, "aggregation_flag": false, "primary_eligible_disclosure": true, "nearest_station_name": "東舞鶴駅", "nearest_station_distance_m": 1321.8836117689314, "nearest_bus_stop_name": "梅ヶ谷口", "nearest_bus_stop_distance_m": 273.22389285317445, "nearest_public_transport_type": "bus_stop", "nearest_public_transport_name": "梅ヶ谷口", "nearest_public_transport_distance_m": 273.22389285317445, "nearest_medical_name": "曽我内科医院", "nearest_medical_distance_m": 712.09106976513272, "nearest_hospital_name": "独立行政法人国立病院機構 舞鶴医療センター", "nearest_hospital_distance_m": 875.41523072254927, "nearest_clinic_name": "曽我内科医院", "nearest_clinic_distance_m": 712.09106976513272, "elderly_population_percentile": "0.9545454545454546", "elderly_ratio_percentile": "0.32517482517482516", "transport_distance_percentile": "0.2902097902097902", "medical_distance_percentile": "0.32517482517482516", "exploratory_score_a": "0.27701843610934523", "exploratory_score_b": "0.3103941513032422", "exploratory_score_c": "0.0900794215320598", "rank_a_unfiltered": "91", "rank_b_unfiltered": "65", "rank_c_unfiltered": "133", "pareto_frontier": "False", "eligibility_population_threshold": true, "eligibility_elderly_threshold": true, "primary_eligible": true, "rank": 114 }, "geometry": { "type": "Polygon", "coordinates": [ [ [ 135.40625, 35.466666666666669 ], [ 135.4125, 35.466666666666669 ], [ 135.4125, 35.470833333333339 ], [ 135.40625, 35.470833333333339 ], [ 135.40625, 35.466666666666669 ] ] ] } },
{ "type": "Feature", "properties": { "mesh_code": "533513623", "centroid_lat": 35.472916666666677, "centroid_lon": 135.403125, "city_area_fraction": 0.99999999999999978, "centroid_within_city": true, "population": 1021, "elderly_population": 332.0, "reported_elderly_population": 332.0, "elderly_ratio": 0.32517140058765914, "HTKSYORI": "0", "HTKSAKI": null, "GASSAN": null, "disclosure_status": "unaffected", "suppression_flag": false, "aggregation_target_flag": false, "aggregation_flag": false, "primary_eligible_disclosure": true, "nearest_station_name": "東舞鶴駅", "nearest_station_distance_m": 894.35505595596737, "nearest_bus_stop_name": "西町三丁目", "nearest_bus_stop_distance_m": 151.13165734385836, "nearest_public_transport_type": "bus_stop", "nearest_public_transport_name": "西町三丁目", "nearest_public_transport_distance_m": 151.13165734385836, "nearest_medical_name": "曽我内科医院", "nearest_medical_distance_m": 181.22747212911653, "nearest_hospital_name": "医療法人岸本病院", "nearest_hospital_distance_m": 911.58909248392433, "nearest_clinic_name": "曽我内科医院", "nearest_clinic_distance_m": 181.22747212911653, "elderly_population_percentile": "0.958041958041958", "elderly_ratio_percentile": "0.32867132867132864", "transport_distance_percentile": "0.12937062937062938", "medical_distance_percentile": "0.07692307692307693", "exploratory_score_a": "0.12394249107535821", "exploratory_score_b": "0.07369553523399677", "exploratory_score_c": "0.009534037775027555", "rank_a_unfiltered": "183", "rank_b_unfiltered": "229", "rank_c_unfiltered": "247", "pareto_frontier": "False", "eligibility_population_threshold": true, "eligibility_elderly_threshold": true, "primary_eligible": true, "rank": 192 }, "geometry": { "type": "Polygon", "coordinates": [ [ [ 135.4, 35.470833333333339 ], [ 135.40625, 35.470833333333339 ], [ 135.40625, 35.475 ], [ 135.4, 35.475 ], [ 135.4, 35.470833333333339 ] ] ] } },
{ "type": "Feature", "properties": { "mesh_code": "533513624", "centroid_lat": 35.472916666666677, "centroid_lon": 135.409375, "city_area_fraction": 0.99999999999999978, "centroid_within_city": true, "population": 68, "elderly_population": 28.0, "reported_elderly_population": 28.0, "elderly_ratio": 0.41176470588235292, "HTKSYORI": "0", "HTKSAKI": null, "GASSAN": null, "disclosure_status": "unaffected", "suppression_flag": false, "aggregation_target_flag": false, "aggregation_flag": false, "primary_eligible_disclosure": true, "nearest_station_name": "東舞鶴駅", "nearest_station_distance_m": 1406.2590967356016, "nearest_bus_stop_name": "中町", "nearest_bus_stop_distance_m": 585.87892249925778, "nearest_public_transport_type": "bus_stop", "nearest_public_transport_name": "中町", "nearest_public_transport_distance_m": 585.87892249925778, "nearest_medical_name": "曽我内科医院", "nearest_medical_distance_m": 666.46171113944274, "nearest_hospital_name": "独立行政法人国立病院機構 舞鶴医療センター", "nearest_hospital_distance_m": 1240.9867273181987, "nearest_clinic_name": "曽我内科医院", "nearest_clinic_distance_m": 666.46171113944274, "elderly_population_percentile": "0.5262237762237763", "elderly_ratio_percentile": "0.534965034965035", "transport_distance_percentile": "0.5769230769230769", "medical_distance_percentile": "0.2972027972027972", "exploratory_score_a": "0.30359064012910164", "exploratory_score_b": "0.1563951782483251", "exploratory_score_c": "0.09022798745095678", "rank_a_unfiltered": "83", "rank_b_unfiltered": "155", "rank_c_unfiltered": "132", "pareto_frontier": "False", "eligibility_population_threshold": true, "eligibility_elderly_threshold": true, "primary_eligible": true, "rank": 113 }, "geometry": { "type": "Polygon", "coordinates": [ [ [ 135.40625, 35.470833333333339 ], [ 135.4125, 35.470833333333339 ], [ 135.4125, 35.475 ], [ 135.40625, 35.475 ], [ 135.40625, 35.470833333333339 ] ] ] } },
{ "type": "Feature", "properties": { "mesh_code": "533513631", "centroid_lat": 35.46875, "centroid_lon": 135.415625, "city_area_fraction": 1.0, "centroid_within_city": true, "population": 31, "elderly_population": null, "reported_elderly_population": 6.0, "elderly_ratio": null, "HTKSYORI": "1", "HTKSAKI": null, "GASSAN": "533513632;533513633", "disclosure_status": "aggregation_destination", "suppression_flag": false, "aggregation_target_flag": true, "aggregation_flag": true, "primary_eligible_disclosure": false, "nearest_station_name": "東舞鶴駅", "nearest_station_distance_m": 1889.0889609165713, "nearest_bus_stop_name": "溝尻", "nearest_bus_stop_distance_m": 550.87978953069126, "nearest_public_transport_type": "bus_stop", "nearest_public_transport_name": "溝尻", "nearest_public_transport_distance_m": 550.87978953069126, "nearest_medical_name": "特別養護老人ホームグリーンプラザ博愛苑医務室", "nearest_medical_distance_m": 732.43866617337335, "nearest_hospital_name": "独立行政法人国立病院機構 舞鶴医療センター", "nearest_hospital_distance_m": 1343.5550777801559, "nearest_clinic_name": "特別養護老人ホームグリーンプラザ博愛苑医務室", "nearest_clinic_distance_m": 732.43866617337335, "elderly_population_percentile": "<NA>", "elderly_ratio_percentile": "<NA>", "transport_distance_percentile": "<NA>", "medical_distance_percentile": "<NA>", "exploratory_score_a": "<NA>", "exploratory_score_b": "<NA>", "exploratory_score_c": "<NA>", "rank_a_unfiltered": "<NA>", "rank_b_unfiltered": "<NA>", "rank_c_unfiltered": "<NA>", "pareto_frontier": "<NA>", "eligibility_population_threshold": true, "eligibility_elderly_threshold": false, "primary_eligible": false, "rank": null }, "geometry": { "type": "Polygon", "coordinates": [ [ [ 135.4125, 35.466666666666669 ], [ 135.41875, 35.466666666666669 ], [ 135.41875, 35.470833333333339 ], [ 135.4125, 35.470833333333339 ], [ 135.4125, 35.466666666666669 ] ] ] } },
{ "type": "Feature", "properties": { "mesh_code": "533513632", "centroid_lat": 35.46875, "centroid_lon": 135.421875, "city_area_fraction": 1.0, "centroid_within_city": true, "population": 6, "elderly_population": null, "reported_elderly_population": null, "elderly_ratio": null, "HTKSYORI": "2", "HTKSAKI": "533513631", "GASSAN": null, "disclosure_status": "suppressed_source", "suppression_flag": true, "aggregation_target_flag": false, "aggregation_flag": false, "primary_eligible_disclosure": false, "nearest_station_name": "東舞鶴駅", "nearest_station_distance_m": 2456.3107898980466, "nearest_bus_stop_name": "堂の奥", "nearest_bus_stop_distance_m": 550.40626868539755, "nearest_public_transport_type": "bus_stop", "nearest_public_transport_name": "堂の奥", "nearest_public_transport_distance_m": 550.40626868539755, "nearest_medical_name": "特別養護老人ホームグリーンプラザ博愛苑医務室", "nearest_medical_distance_m": 862.27008092410347, "nearest_hospital_name": "独立行政法人国立病院機構 舞鶴医療センター", "nearest_hospital_distance_m": 1867.4839341209524, "nearest_clinic_name": "特別養護老人ホームグリーンプラザ博愛苑医務室", "nearest_clinic_distance_m": 862.27008092410347, "elderly_population_percentile": "<NA>", "elderly_ratio_percentile": "<NA>", "transport_distance_percentile": "<NA>", "medical_distance_percentile": "<NA>", "exploratory_score_a": "<NA>", "exploratory_score_b": "<NA>", "exploratory_score_c": "<NA>", "rank_a_unfiltered": "<NA>", "rank_b_unfiltered": "<NA>", "rank_c_unfiltered": "<NA>", "pareto_frontier": "<NA>", "eligibility_population_threshold": false, "eligibility_elderly_threshold": false, "primary_eligible": false, "rank": null }, "geometry": { "type": "Polygon", "coordinates": [ [ [ 135.41875, 35.466666666666669 ], [ 135.425, 35.466666666666669 ], [ 135.425, 35.470833333333339 ], [ 135.41875, 35.470833333333339 ], [ 135.41875, 35.466666666666669 ] ] ] } },
{ "type": "Feature", "properties": { "mesh_code": "533513633", "centroid_lat": 35.472916666666677, "centroid_lon": 135.415625, "city_area_fraction": 1.0, "centroid_within_city": true, "population": 5, "elderly_population": null, "reported_elderly_population": null, "elderly_ratio": null, "HTKSYORI": "2", "HTKSAKI": "533513631", "GASSAN": null, "disclosure_status": "suppressed_source", "suppression_flag": true, "aggregation_target_flag": false, "aggregation_flag": false, "primary_eligible_disclosure": false, "nearest_station_name": "東舞鶴駅", "nearest_station_distance_m": 1949.038567749335, "nearest_bus_stop_name": "東高口", "nearest_bus_stop_distance_m": 822.41141455317336, "nearest_public_transport_type": "bus_stop", "nearest_public_transport_name": "東高口", "nearest_public_transport_distance_m": 822.41141455317336, "nearest_medical_name": "特別養護老人ホームグリーンプラザ博愛苑医務室", "nearest_medical_distance_m": 281.92010276929608, "nearest_hospital_name": "独立行政法人国立病院機構 舞鶴医療センター", "nearest_hospital_distance_m": 1605.8587461770276, "nearest_clinic_name": "特別養護老人ホームグリーンプラザ博愛苑医務室", "nearest_clinic_distance_m": 281.92010276929608, "elderly_population_percentile": "<NA>", "elderly_ratio_percentile": "<NA>", "transport_distance_percentile": "<NA>", "medical_distance_percentile": "<NA>", "exploratory_score_a": "<NA>", "exploratory_score_b": "<NA>", "exploratory_score_c": "<NA>", "rank_a_unfiltered": "<NA>", "rank_b_unfiltered": "<NA>", "rank_c_unfiltered": "<NA>", "pareto_frontier": "<NA>", "eligibility_population_threshold": false, "eligibility_elderly_threshold": false, "primary_eligible": false, "rank": null }, "geometry": { "type": "Polygon", "coordinates": [ [ [ 135.4125, 35.470833333333339 ], [ 135.41875, 35.470833333333339 ], [ 135.41875, 35.475 ], [ 135.4125, 35.475 ], [ 135.4125, 35.470833333333339 ] ] ] } },
{ "type": "Feature", "properties": { "mesh_code": "533513701", "centroid_lat": 35.47708333333334, "centroid_lon": 135.378125, "city_area_fraction": 0.60125581013269425, "centroid_within_city": true, "population": 14, "elderly_population": null, "reported_elderly_population": null, "elderly_ratio": null, "HTKSYORI": "2", "HTKSAKI": "533513702", "GASSAN": null, "disclosure_status": "suppressed_source", "suppression_flag": true, "aggregation_target_flag": false, "aggregation_flag": false, "primary_eligible_disclosure": false, "nearest_station_name": "東舞鶴駅", "nearest_station_distance_m": 1783.6999712503864, "nearest_bus_stop_name": "自衛隊桟橋前", "nearest_bus_stop_distance_m": 232.55963770906069, "nearest_public_transport_type": "bus_stop", "nearest_public_transport_name": "自衛隊桟橋前", "nearest_public_transport_distance_m": 232.55963770906069, "nearest_medical_name": "ジャパンマリンユナイテッド（株） 舞鶴診療所", "nearest_medical_distance_m": 639.15920313263621, "nearest_hospital_name": "国家公務員共済組合連合会 舞鶴共済病院", "nearest_hospital_distance_m": 1454.4383857367293, "nearest_clinic_name": "ジャパンマリンユナイテッド（株） 舞鶴診療所", "nearest_clinic_distance_m": 639.15920313263621, "elderly_population_percentile": "<NA>", "elderly_ratio_percentile": "<NA>", "transport_distance_percentile": "<NA>", "medical_distance_percentile": "<NA>", "exploratory_score_a": "<NA>", "exploratory_score_b": "<NA>", "exploratory_score_c": "<NA>", "rank_a_unfiltered": "<NA>", "rank_b_unfiltered": "<NA>", "rank_c_unfiltered": "<NA>", "pareto_frontier": "<NA>", "eligibility_population_threshold": false, "eligibility_elderly_threshold": false, "primary_eligible": false, "rank": null }, "geometry": { "type": "Polygon", "coordinates": [ [ [ 135.375, 35.475 ], [ 135.38125, 35.475 ], [ 135.38125, 35.479166666666671 ], [ 135.375, 35.479166666666671 ], [ 135.375, 35.475 ] ] ] } },
{ "type": "Feature", "properties": { "mesh_code": "533513702", "centroid_lat": 35.47708333333334, "centroid_lon": 135.384375, "city_area_fraction": 0.62986758646922858, "centroid_within_city": false, "population": 31, "elderly_population": null, "reported_elderly_population": 0.0, "elderly_ratio": null, "HTKSYORI": "1", "HTKSAKI": null, "GASSAN": "533513701", "disclosure_status": "aggregation_destination", "suppression_flag": false, "aggregation_target_flag": true, "aggregation_flag": true, "primary_eligible_disclosure": false, "nearest_station_name": "東舞鶴駅", "nearest_station_distance_m": 1336.1751696933843, "nearest_bus_stop_name": "三宅団地前", "nearest_bus_stop_distance_m": 388.65933888837594, "nearest_public_transport_type": "bus_stop", "nearest_public_transport_name": "三宅団地前", "nearest_public_transport_distance_m": 388.65933888837594, "nearest_medical_name": "医療法人信天翁会 澤田医院", "nearest_medical_distance_m": 677.95431578792397, "nearest_hospital_name": "国家公務員共済組合連合会 舞鶴共済病院", "nearest_hospital_distance_m": 1039.7918714838704, "nearest_clinic_name": "医療法人信天翁会 澤田医院", "nearest_clinic_distance_m": 677.95431578792397, "elderly_population_percentile": "<NA>", "elderly_ratio_percentile": "<NA>", "transport_distance_percentile": "<NA>", "medical_distance_percentile": "<NA>", "exploratory_score_a": "<NA>", "exploratory_score_b": "<NA>", "exploratory_score_c": "<NA>", "rank_a_unfiltered": "<NA>", "rank_b_unfiltered": "<NA>", "rank_c_unfiltered": "<NA>", "pareto_frontier": "<NA>", "eligibility_population_threshold": true, "eligibility_elderly_threshold": false, "primary_eligible": false, "rank": null }, "geometry": { "type": "Polygon", "coordinates": [ [ [ 135.38125, 35.475 ], [ 135.3875, 35.475 ], [ 135.3875, 35.479166666666671 ], [ 135.38125, 35.479166666666671 ], [ 135.38125, 35.475 ] ] ] } },
{ "type": "Feature", "properties": { "mesh_code": "533513711", "centroid_lat": 35.47708333333334, "centroid_lon": 135.390625, "city_area_fraction": 0.99703657417380176, "centroid_within_city": true, "population": 215, "elderly_population": 48.0, "reported_elderly_population": 48.0, "elderly_ratio": 0.22325581395348837, "HTKSYORI": "0", "HTKSAKI": null, "GASSAN": null, "disclosure_status": "unaffected", "suppression_flag": false, "aggregation_target_flag": false, "aggregation_flag": false, "primary_eligible_disclosure": true, "nearest_station_name": "東舞鶴駅", "nearest_station_distance_m": 1016.1733601490224, "nearest_bus_stop_name": "大門通三条", "nearest_bus_stop_distance_m": 337.28038102771012, "nearest_public_transport_type": "bus_stop", "nearest_public_transport_name": "大門通三条", "nearest_public_transport_distance_m": 337.28038102771012, "nearest_medical_name": "医療法人信天翁会 澤田医院", "nearest_medical_distance_m": 256.83762334493366, "nearest_hospital_name": "医療法人岸本病院", "nearest_hospital_distance_m": 816.28924620000714, "nearest_clinic_name": "医療法人信天翁会 澤田医院", "nearest_clinic_distance_m": 256.83762334493366, "elderly_population_percentile": "0.6153846153846154", "elderly_ratio_percentile": "0.10139860139860139", "transport_distance_percentile": "0.36713286713286714", "medical_distance_percentile": "0.11888111888111888", "exploratory_score_a": "0.22592791823561056", "exploratory_score_b": "0.07315761161915009", "exploratory_score_c": "0.026858563706331325", "rank_a_unfiltered": "119", "rank_b_unfiltered": "231", "rank_c_unfiltered": "215", "pareto_frontier": "False", "eligibility_population_threshold": true, "eligibility_elderly_threshold": true, "primary_eligible": true, "rank": 168 }, "geometry": { "type": "Polygon", "coordinates": [ [ [ 135.3875, 35.475 ], [ 135.39375, 35.475 ], [ 135.39375, 35.479166666666671 ], [ 135.3875, 35.479166666666671 ], [ 135.3875, 35.475 ] ] ] } },
{ "type": "Feature", "properties": { "mesh_code": "533513712", "centroid_lat": 35.47708333333334, "centroid_lon": 135.396875, "city_area_fraction": 0.82703970897459178, "centroid_within_city": true, "population": 810, "elderly_population": 224.0, "reported_elderly_population": 224.0, "elderly_ratio": 0.27654320987654318, "HTKSYORI": "0", "HTKSAKI": null, "GASSAN": null, "disclosure_status": "unaffected", "suppression_flag": false, "aggregation_target_flag": false, "aggregation_flag": false, "primary_eligible_disclosure": true, "nearest_station_name": "東舞鶴駅", "nearest_station_distance_m": 960.89371227236177, "nearest_bus_stop_name": "七条", "nearest_bus_stop_distance_m": 220.69644102116607, "nearest_public_transport_type": "bus_stop", "nearest_public_transport_name": "七条", "nearest_public_transport_distance_m": 220.69644102116607, "nearest_medical_name": "あらが湾岸クリニック", "nearest_medical_distance_m": 68.457904179491649, "nearest_hospital_name": "医療法人岸本病院", "nearest_hospital_distance_m": 821.72346517052767, "nearest_clinic_name": "あらが湾岸クリニック", "nearest_clinic_distance_m": 68.457904179491649, "elderly_population_percentile": "0.8916083916083916", "elderly_ratio_percentile": "0.19230769230769232", "transport_distance_percentile": "0.23076923076923078", "medical_distance_percentile": "0.017482517482517484", "exploratory_score_a": "0.2057557826788596", "exploratory_score_b": "0.015587559293853", "exploratory_score_c": "0.003597129067812231", "rank_a_unfiltered": "133", "rank_b_unfiltered": "271", "rank_c_unfiltered": "259", "pareto_frontier": "False", "eligibility_population_threshold": true, "eligibility_elderly_threshold": true, "primary_eligible": true, "rank": 203 }, "geometry": { "type": "Polygon", "coordinates": [ [ [ 135.39375, 35.475 ], [ 135.4, 35.475 ], [ 135.4, 35.479166666666671 ], [ 135.39375, 35.479166666666671 ], [ 135.39375, 35.475 ] ] ] } },
{ "type": "Feature", "properties": { "mesh_code": "533513713", "centroid_lat": 35.48125, "centroid_lon": 135.390625, "city_area_fraction": 0.50007638713317326, "centroid_within_city": true, "population": 39, "elderly_population": 0.0, "reported_elderly_population": 0.0, "elderly_ratio": 0.0, "HTKSYORI": "0", "HTKSAKI": null, "GASSAN": null, "disclosure_status": "unaffected", "suppression_flag": false, "aggregation_target_flag": false, "aggregation_flag": false, "primary_eligible_disclosure": true, "nearest_station_name": "東舞鶴駅", "nearest_station_distance_m": 1455.2035275962453, "nearest_bus_stop_name": "大門通三条", "nearest_bus_stop_distance_m": 786.00002324216928, "nearest_public_transport_type": "bus_stop", "nearest_public_transport_name": "大門通三条", "nearest_public_transport_distance_m": 786.00002324216928, "nearest_medical_name": "医療法人信天翁会 澤田医院", "nearest_medical_distance_m": 713.96589399972515, "nearest_hospital_name": "自衛隊舞鶴病院", "nearest_hospital_distance_m": 1101.2295437834412, "nearest_clinic_name": "医療法人信天翁会 澤田医院", "nearest_clinic_distance_m": 713.96589399972515, "elderly_population_percentile": "0.013986013986013986", "elderly_ratio_percentile": "0.013986013986013986", "transport_distance_percentile": "0.6643356643356644", "medical_distance_percentile": "0.32867132867132864", "exploratory_score_a": "0.009291407892806495", "exploratory_score_b": "0.004596801799599002", "exploratory_score_c": "0.003053819377355981", "rank_a_unfiltered": "274", "rank_b_unfiltered": "282", "rank_c_unfiltered": "267", "pareto_frontier": "False", "eligibility_population_threshold": true, "eligibility_elderly_threshold": false, "primary_eligible": false, "rank": null }, "geometry": { "type": "Polygon", "coordinates": [ [ [ 135.3875, 35.479166666666671 ], [ 135.39375, 35.479166666666671 ], [ 135.39375, 35.483333333333341 ], [ 135.3875, 35.483333333333341 ], [ 135.3875, 35.479166666666671 ] ] ] } },
{ "type": "Feature", "properties": { "mesh_code": "533513721", "centroid_lat": 35.47708333333334, "centroid_lon": 135.403125, "city_area_fraction": 1.0, "centroid_within_city": true, "population": 936, "elderly_population": 271.0, "reported_elderly_population": 271.0, "elderly_ratio": 0.28952991452991456, "HTKSYORI": "0", "HTKSAKI": null, "GASSAN": null, "disclosure_status": "unaffected", "suppression_flag": false, "aggregation_target_flag": false, "aggregation_flag": false, "primary_eligible_disclosure": true, "nearest_station_name": "東舞鶴駅", "nearest_station_distance_m": 1207.2646290922903, "nearest_bus_stop_name": "市場", "nearest_bus_stop_distance_m": 52.282694004482124, "nearest_public_transport_type": "bus_stop", "nearest_public_transport_name": "市場", "nearest_public_transport_distance_m": 52.282694004482124, "nearest_medical_name": "西川医院", "nearest_medical_distance_m": 66.292735227344309, "nearest_hospital_name": "自衛隊舞鶴病院", "nearest_hospital_distance_m": 882.27695731648862, "nearest_clinic_name": "西川医院", "nearest_clinic_distance_m": 66.292735227344309, "elderly_population_percentile": "0.916083916083916", "elderly_ratio_percentile": "0.21328671328671328", "transport_distance_percentile": "0.017482517482517484", "medical_distance_percentile": "0.01048951048951049", "exploratory_score_a": "0.01601545307839014", "exploratory_score_b": "0.009609271847034084", "exploratory_score_c": "0.00016799426306003646", "rank_a_unfiltered": "267", "rank_b_unfiltered": "275", "rank_c_unfiltered": "286", "pareto_frontier": "False", "eligibility_population_threshold": true, "eligibility_elderly_threshold": true, "primary_eligible": true, "rank": 218 }, "geometry": { "type": "Polygon", "coordinates": [ [ [ 135.4, 35.475 ], [ 135.40625, 35.475 ], [ 135.40625, 35.479166666666671 ], [ 135.4, 35.479166666666671 ], [ 135.4, 35.475 ] ] ] } },
{ "type": "Feature", "properties": { "mesh_code": "533513722", "centroid_lat": 35.47708333333334, "centroid_lon": 135.409375, "city_area_fraction": 1.0, "centroid_within_city": true, "population": 341, "elderly_population": 118.0, "reported_elderly_population": 118.0, "elderly_ratio": 0.3460410557184751, "HTKSYORI": "0", "HTKSAKI": null, "GASSAN": null, "disclosure_status": "unaffected", "suppression_flag": false, "aggregation_target_flag": false, "aggregation_flag": false, "primary_eligible_disclosure": true, "nearest_station_name": "東舞鶴駅", "nearest_station_distance_m": 1623.3053644232318, "nearest_bus_stop_name": "市場", "nearest_bus_stop_distance_m": 515.56828892344697, "nearest_public_transport_type": "bus_stop", "nearest_public_transport_name": "市場", "nearest_public_transport_distance_m": 515.56828892344697, "nearest_medical_name": "西川医院", "nearest_medical_distance_m": 627.87608075006199, "nearest_hospital_name": "自衛隊舞鶴病院", "nearest_hospital_distance_m": 1108.4290204030488, "nearest_clinic_name": "西川医院", "nearest_clinic_distance_m": 627.87608075006199, "elderly_population_percentile": "0.7727272727272727", "elderly_ratio_percentile": "0.3986013986013986", "transport_distance_percentile": "0.5034965034965035", "medical_distance_percentile": "0.25524475524475526", "exploratory_score_a": "0.3890654799745709", "exploratory_score_b": "0.19723458359821996", "exploratory_score_c": "0.09930692321029258", "rank_a_unfiltered": "47", "rank_b_unfiltered": "131", "rank_c_unfiltered": "122", "pareto_frontier": "False", "eligibility_population_threshold": true, "eligibility_elderly_threshold": true, "primary_eligible": true, "rank": 105 }, "geometry": { "type": "Polygon", "coordinates": [ [ [ 135.40625, 35.475 ], [ 135.4125, 35.475 ], [ 135.4125, 35.479166666666671 ], [ 135.40625, 35.479166666666671 ], [ 135.40625, 35.475 ] ] ] } },
{ "type": "Feature", "properties": { "mesh_code": "533513723", "centroid_lat": 35.48125, "centroid_lon": 135.403125, "city_area_fraction": 1.0, "centroid_within_city": true, "population": 456, "elderly_population": 165.0, "reported_elderly_population": 165.0, "elderly_ratio": 0.36184210526315791, "HTKSYORI": "0", "HTKSAKI": null, "GASSAN": null, "disclosure_status": "unaffected", "suppression_flag": false, "aggregation_target_flag": false, "aggregation_flag": false, "primary_eligible_disclosure": true, "nearest_station_name": "東舞鶴駅", "nearest_station_distance_m": 1594.5135020770817, "nearest_bus_stop_name": "市場", "nearest_bus_stop_distance_m": 473.02987353489937, "nearest_public_transport_type": "bus_stop", "nearest_public_transport_name": "市場", "nearest_public_transport_distance_m": 473.02987353489937, "nearest_medical_name": "自衛隊舞鶴病院", "nearest_medical_distance_m": 427.9833556101608, "nearest_hospital_name": "自衛隊舞鶴病院", "nearest_hospital_distance_m": 427.9833556101608, "nearest_clinic_name": "西川医院", "nearest_clinic_distance_m": 438.34630359241538, "elderly_population_percentile": "0.8321678321678322", "elderly_ratio_percentile": "0.4405594405594406", "transport_distance_percentile": "0.479020979020979", "medical_distance_percentile": "0.18181818181818182", "exploratory_score_a": "0.39862584967480075", "exploratory_score_b": "0.15130324221233313", "exploratory_score_c": "0.07247742721360013", "rank_a_unfiltered": "41", "rank_b_unfiltered": "162", "rank_c_unfiltered": "149", "pareto_frontier": "False", "eligibility_population_threshold": true, "eligibility_elderly_threshold": true, "primary_eligible": true, "rank": 128 }, "geometry": { "type": "Polygon", "coordinates": [ [ [ 135.4, 35.479166666666671 ], [ 135.40625, 35.479166666666671 ], [ 135.40625, 35.483333333333341 ], [ 135.4, 35.483333333333341 ], [ 135.4, 35.479166666666671 ] ] ] } },
{ "type": "Feature", "properties": { "mesh_code": "533513724", "centroid_lat": 35.48125, "centroid_lon": 135.409375, "city_area_fraction": 1.0, "centroid_within_city": true, "population": 776, "elderly_population": 214.0, "reported_elderly_population": 214.0, "elderly_ratio": 0.27577319587628868, "HTKSYORI": "0", "HTKSAKI": null, "GASSAN": null, "disclosure_status": "unaffected", "suppression_flag": false, "aggregation_target_flag": false, "aggregation_flag": false, "primary_eligible_disclosure": true, "nearest_station_name": "東舞鶴駅", "nearest_station_distance_m": 1928.741595531588, "nearest_bus_stop_name": "東高口", "nearest_bus_stop_distance_m": 491.85218852482109, "nearest_public_transport_type": "bus_stop", "nearest_public_transport_name": "東高口", "nearest_public_transport_distance_m": 491.85218852482109, "nearest_medical_name": "西川医院", "nearest_medical_distance_m": 762.8635982700614, "nearest_hospital_name": "自衛隊舞鶴病院", "nearest_hospital_distance_m": 795.83241482448307, "nearest_clinic_name": "西川医院", "nearest_clinic_distance_m": 762.8635982700614, "elderly_population_percentile": "0.8758741258741258", "elderly_ratio_percentile": "0.1888111888111888", "transport_distance_percentile": "0.493006993006993", "medical_distance_percentile": "0.34265734265734266", "exploratory_score_a": "0.43181206904983127", "exploratory_score_b": "0.3001247004743508", "exploratory_score_c": "0.14796357610798413", "rank_a_unfiltered": "33", "rank_b_unfiltered": "67", "rank_c_unfiltered": "79", "pareto_frontier": "False", "eligibility_population_threshold": true, "eligibility_elderly_threshold": true, "primary_eligible": true, "rank": 72 }, "geometry": { "type": "Polygon", "coordinates": [ [ [ 135.40625, 35.479166666666671 ], [ 135.4125, 35.479166666666671 ], [ 135.4125, 35.483333333333341 ], [ 135.40625, 35.483333333333341 ], [ 135.40625, 35.479166666666671 ] ] ] } },
{ "type": "Feature", "properties": { "mesh_code": "533513731", "centroid_lat": 35.47708333333334, "centroid_lon": 135.415625, "city_area_fraction": 1.0, "centroid_within_city": true, "population": 115, "elderly_population": 101.0, "reported_elderly_population": 101.0, "elderly_ratio": 0.87826086956521743, "HTKSYORI": "0", "HTKSAKI": null, "GASSAN": null, "disclosure_status": "unaffected", "suppression_flag": false, "aggregation_target_flag": false, "aggregation_flag": false, "primary_eligible_disclosure": true, "nearest_station_name": "東舞鶴駅", "nearest_station_distance_m": 2110.9743110141262, "nearest_bus_stop_name": "東高口", "nearest_bus_stop_distance_m": 366.03103944623035, "nearest_public_transport_type": "bus_stop", "nearest_public_transport_name": "東高口", "nearest_public_transport_distance_m": 366.03103944623035, "nearest_medical_name": "特別養護老人ホームグリーンプラザ博愛苑医務室", "nearest_medical_distance_m": 223.2865236640111, "nearest_hospital_name": "自衛隊舞鶴病院", "nearest_hospital_distance_m": 1523.8592424650321, "nearest_clinic_name": "特別養護老人ホームグリーンプラザ博愛苑医務室", "nearest_clinic_distance_m": 223.2865236640111, "elderly_population_percentile": "0.7307692307692307", "elderly_ratio_percentile": "0.993006993006993", "transport_distance_percentile": "0.4020979020979021", "medical_distance_percentile": "0.1048951048951049", "exploratory_score_a": "0.29384077461000535", "exploratory_score_b": "0.07665411511565358", "exploratory_score_c": "0.030822458875175388", "rank_a_unfiltered": "88", "rank_b_unfiltered": "224", "rank_c_unfiltered": "208", "pareto_frontier": "False", "eligibility_population_threshold": true, "eligibility_elderly_threshold": true, "primary_eligible": true, "rank": 167 }, "geometry": { "type": "Polygon", "coordinates": [ [ [ 135.4125, 35.475 ], [ 135.41875, 35.475 ], [ 135.41875, 35.479166666666671 ], [ 135.4125, 35.479166666666671 ], [ 135.4125, 35.475 ] ] ] } },
{ "type": "Feature", "properties": { "mesh_code": "533513733", "centroid_lat": 35.48125, "centroid_lon": 135.415625, "city_area_fraction": 1.0, "centroid_within_city": true, "population": 638, "elderly_population": 147.0, "reported_elderly_population": 147.0, "elderly_ratio": 0.2304075235109718, "HTKSYORI": "0", "HTKSAKI": null, "GASSAN": null, "disclosure_status": "unaffected", "suppression_flag": false, "aggregation_target_flag": false, "aggregation_flag": false, "primary_eligible_disclosure": true, "nearest_station_name": "東舞鶴駅", "nearest_station_distance_m": 2353.9417142603488, "nearest_bus_stop_name": "東高口", "nearest_bus_stop_distance_m": 137.70594052164219, "nearest_public_transport_type": "bus_stop", "nearest_public_transport_name": "東高口", "nearest_public_transport_distance_m": 137.70594052164219, "nearest_medical_name": "特別養護老人ホームグリーンプラザ博愛苑医務室", "nearest_medical_distance_m": 669.02994250177653, "nearest_hospital_name": "自衛隊舞鶴病院", "nearest_hospital_distance_m": 1314.0872661241476, "nearest_clinic_name": "特別養護老人ホームグリーンプラザ博愛苑医務室", "nearest_clinic_distance_m": 669.02994250177653, "elderly_population_percentile": "0.8164335664335665", "elderly_ratio_percentile": "0.11188811188811189", "transport_distance_percentile": "0.10139860139860139", "medical_distance_percentile": "0.3006993006993007", "exploratory_score_a": "0.08278522177123576", "exploratory_score_b": "0.24550100249400947", "exploratory_score_c": "0.024893458294847116", "rank_a_unfiltered": "215", "rank_b_unfiltered": "98", "rank_c_unfiltered": "221", "pareto_frontier": "False", "eligibility_population_threshold": true, "eligibility_elderly_threshold": true, "primary_eligible": true, "rank": 173 }, "geometry": { "type": "Polygon", "coordinates": [ [ [ 135.4125, 35.479166666666671 ], [ 135.41875, 35.479166666666671 ], [ 135.41875, 35.483333333333341 ], [ 135.4125, 35.483333333333341 ], [ 135.4125, 35.479166666666671 ] ] ] } },
{ "type": "Feature", "properties": { "mesh_code": "533513734", "centroid_lat": 35.48125, "centroid_lon": 135.421875, "city_area_fraction": 1.0, "centroid_within_city": true, "population": 763, "elderly_population": 183.0, "reported_elderly_population": 183.0, "elderly_ratio": 0.2398427260812582, "HTKSYORI": "0", "HTKSAKI": null, "GASSAN": null, "disclosure_status": "unaffected", "suppression_flag": false, "aggregation_target_flag": false, "aggregation_flag": false, "primary_eligible_disclosure": true, "nearest_station_name": "松尾寺駅", "nearest_station_distance_m": 2630.5053308884035, "nearest_bus_stop_name": "田中橋", "nearest_bus_stop_distance_m": 84.384643933342915, "nearest_public_transport_type": "bus_stop", "nearest_public_transport_name": "田中橋", "nearest_public_transport_distance_m": 84.384643933342915, "nearest_medical_name": "特別養護老人ホームグリーンプラザ博愛苑医務室", "nearest_medical_distance_m": 809.08119256766349, "nearest_hospital_name": "自衛隊舞鶴病院", "nearest_hospital_distance_m": 1861.0740583774859, "nearest_clinic_name": "特別養護老人ホームグリーンプラザ博愛苑医務室", "nearest_clinic_distance_m": 809.08119256766349, "elderly_population_percentile": "0.8496503496503497", "elderly_ratio_percentile": "0.13636363636363635", "transport_distance_percentile": "0.045454545454545456", "medical_distance_percentile": "0.3741258741258741", "exploratory_score_a": "0.03862047043865226", "exploratory_score_b": "0.31787617976429167", "exploratory_score_c": "0.014448917262013257", "rank_a_unfiltered": "252", "rank_b_unfiltered": "62", "rank_c_unfiltered": "243", "pareto_frontier": "False", "eligibility_population_threshold": true, "eligibility_elderly_threshold": true, "primary_eligible": true, "rank": 189 }, "geometry": { "type": "Polygon", "coordinates": [ [ [ 135.41875, 35.479166666666671 ], [ 135.425, 35.479166666666671 ], [ 135.425, 35.483333333333341 ], [ 135.41875, 35.483333333333341 ], [ 135.41875, 35.479166666666671 ] ] ] } },
{ "type": "Feature", "properties": { "mesh_code": "533513741", "centroid_lat": 35.47708333333334, "centroid_lon": 135.428125, "city_area_fraction": 0.99999999999999978, "centroid_within_city": true, "population": 119, "elderly_population": null, "reported_elderly_population": 57.0, "elderly_ratio": null, "HTKSYORI": "1", "HTKSAKI": null, "GASSAN": "533513742", "disclosure_status": "aggregation_destination", "suppression_flag": false, "aggregation_target_flag": true, "aggregation_flag": true, "primary_eligible_disclosure": false, "nearest_station_name": "松尾寺駅", "nearest_station_distance_m": 2239.5703000113967, "nearest_bus_stop_name": "小倉", "nearest_bus_stop_distance_m": 451.99178969106362, "nearest_public_transport_type": "bus_stop", "nearest_public_transport_name": "小倉", "nearest_public_transport_distance_m": 451.99178969106362, "nearest_medical_name": "特別養護老人ホームグリーンプラザ博愛苑医務室", "nearest_medical_distance_m": 1052.2864185344888, "nearest_hospital_name": "自衛隊舞鶴病院", "nearest_hospital_distance_m": 2537.5568900827634, "nearest_clinic_name": "特別養護老人ホームグリーンプラザ博愛苑医務室", "nearest_clinic_distance_m": 1052.2864185344888, "elderly_population_percentile": "<NA>", "elderly_ratio_percentile": "<NA>", "transport_distance_percentile": "<NA>", "medical_distance_percentile": "<NA>", "exploratory_score_a": "<NA>", "exploratory_score_b": "<NA>", "exploratory_score_c": "<NA>", "rank_a_unfiltered": "<NA>", "rank_b_unfiltered": "<NA>", "rank_c_unfiltered": "<NA>", "pareto_frontier": "<NA>", "eligibility_population_threshold": true, "eligibility_elderly_threshold": false, "primary_eligible": false, "rank": null }, "geometry": { "type": "Polygon", "coordinates": [ [ [ 135.425, 35.475 ], [ 135.43125, 35.475 ], [ 135.43125, 35.479166666666671 ], [ 135.425, 35.479166666666671 ], [ 135.425, 35.475 ] ] ] } },
{ "type": "Feature", "properties": { "mesh_code": "533513742", "centroid_lat": 35.47708333333334, "centroid_lon": 135.434375, "city_area_fraction": 0.99999999999999978, "centroid_within_city": true, "population": 1, "elderly_population": null, "reported_elderly_population": null, "elderly_ratio": null, "HTKSYORI": "2", "HTKSAKI": "533513741", "GASSAN": null, "disclosure_status": "suppressed_source", "suppression_flag": true, "aggregation_target_flag": false, "aggregation_flag": false, "primary_eligible_disclosure": false, "nearest_station_name": "松尾寺駅", "nearest_station_distance_m": 1748.3142934560572, "nearest_bus_stop_name": "田園町口", "nearest_bus_stop_distance_m": 434.06742445313273, "nearest_public_transport_type": "bus_stop", "nearest_public_transport_name": "田園町口", "nearest_public_transport_distance_m": 434.06742445313273, "nearest_medical_name": "地域密着型特別養護老人ホームやすらぎの郷", "nearest_medical_distance_m": 1477.44490525387, "nearest_hospital_name": "自衛隊舞鶴病院", "nearest_hospital_distance_m": 3076.1514979799767, "nearest_clinic_name": "地域密着型特別養護老人ホームやすらぎの郷", "nearest_clinic_distance_m": 1477.44490525387, "elderly_population_percentile": "<NA>", "elderly_ratio_percentile": "<NA>", "transport_distance_percentile": "<NA>", "medical_distance_percentile": "<NA>", "exploratory_score_a": "<NA>", "exploratory_score_b": "<NA>", "exploratory_score_c": "<NA>", "rank_a_unfiltered": "<NA>", "rank_b_unfiltered": "<NA>", "rank_c_unfiltered": "<NA>", "pareto_frontier": "<NA>", "eligibility_population_threshold": false, "eligibility_elderly_threshold": false, "primary_eligible": false, "rank": null }, "geometry": { "type": "Polygon", "coordinates": [ [ [ 135.43125, 35.475 ], [ 135.4375, 35.475 ], [ 135.4375, 35.479166666666671 ], [ 135.43125, 35.479166666666671 ], [ 135.43125, 35.475 ] ] ] } },
{ "type": "Feature", "properties": { "mesh_code": "533513743", "centroid_lat": 35.48125, "centroid_lon": 135.428125, "city_area_fraction": 1.0, "centroid_within_city": true, "population": 448, "elderly_population": 104.0, "reported_elderly_population": 104.0, "elderly_ratio": 0.23214285714285715, "HTKSYORI": "0", "HTKSAKI": null, "GASSAN": null, "disclosure_status": "unaffected", "suppression_flag": false, "aggregation_target_flag": false, "aggregation_flag": false, "primary_eligible_disclosure": true, "nearest_station_name": "松尾寺駅", "nearest_station_distance_m": 2077.8112589388238, "nearest_bus_stop_name": "小倉", "nearest_bus_stop_distance_m": 165.63974742330063, "nearest_public_transport_type": "bus_stop", "nearest_public_transport_name": "小倉", "nearest_public_transport_distance_m": 165.63974742330063, "nearest_medical_name": "特別養護老人ホームグリーンプラザ博愛苑医務室", "nearest_medical_distance_m": 1226.7826813852112, "nearest_hospital_name": "自衛隊舞鶴病院", "nearest_hospital_distance_m": 2417.3666954260866, "nearest_clinic_name": "特別養護老人ホームグリーンプラザ博愛苑医務室", "nearest_clinic_distance_m": 1226.7826813852112, "elderly_population_percentile": "0.743006993006993", "elderly_ratio_percentile": "0.11888111888111888", "transport_distance_percentile": "0.14685314685314685", "medical_distance_percentile": "0.534965034965035", "exploratory_score_a": "0.109112915056971", "exploratory_score_b": "0.39748276199325155", "exploratory_score_c": "0.058371594418589384", "rank_a_unfiltered": "195", "rank_b_unfiltered": "37", "rank_c_unfiltered": "163", "pareto_frontier": "False", "eligibility_population_threshold": true, "eligibility_elderly_threshold": true, "primary_eligible": true, "rank": 138 }, "geometry": { "type": "Polygon", "coordinates": [ [ [ 135.425, 35.479166666666671 ], [ 135.43125, 35.479166666666671 ], [ 135.43125, 35.483333333333341 ], [ 135.425, 35.483333333333341 ], [ 135.425, 35.479166666666671 ] ] ] } },
{ "type": "Feature", "properties": { "mesh_code": "533513744", "centroid_lat": 35.48125, "centroid_lon": 135.434375, "city_area_fraction": 1.0, "centroid_within_city": true, "population": 751, "elderly_population": 111.0, "reported_elderly_population": 111.0, "elderly_ratio": 0.14780292942743009, "HTKSYORI": "0", "HTKSAKI": null, "GASSAN": null, "disclosure_status": "unaffected", "suppression_flag": false, "aggregation_target_flag": false, "aggregation_flag": false, "primary_eligible_disclosure": true, "nearest_station_name": "松尾寺駅", "nearest_station_distance_m": 1535.6851783035731, "nearest_bus_stop_name": "田園町口", "nearest_bus_stop_distance_m": 103.86109514267088, "nearest_public_transport_type": "bus_stop", "nearest_public_transport_name": "田園町口", "nearest_public_transport_distance_m": 103.86109514267088, "nearest_medical_name": "地域密着型特別養護老人ホームやすらぎの郷", "nearest_medical_distance_m": 1040.7359627176641, "nearest_hospital_name": "自衛隊舞鶴病院", "nearest_hospital_distance_m": 2977.7540552117898, "nearest_clinic_name": "地域密着型特別養護老人ホームやすらぎの郷", "nearest_clinic_distance_m": 1040.7359627176641, "elderly_population_percentile": "0.7657342657342657", "elderly_ratio_percentile": "0.05244755244755245", "transport_distance_percentile": "0.05944055944055944", "medical_distance_percentile": "0.46503496503496505", "exploratory_score_a": "0.04551567313805076", "exploratory_score_b": "0.3560932074918089", "exploratory_score_c": "0.021166379466296334", "rank_a_unfiltered": "246", "rank_b_unfiltered": "46", "rank_c_unfiltered": "230", "pareto_frontier": "False", "eligibility_population_threshold": true, "eligibility_elderly_threshold": true, "primary_eligible": true, "rank": 180 }, "geometry": { "type": "Polygon", "coordinates": [ [ [ 135.43125, 35.479166666666671 ], [ 135.4375, 35.479166666666671 ], [ 135.4375, 35.483333333333341 ], [ 135.43125, 35.483333333333341 ], [ 135.43125, 35.479166666666671 ] ] ] } },
{ "type": "Feature", "properties": { "mesh_code": "533513751", "centroid_lat": 35.47708333333334, "centroid_lon": 135.440625, "city_area_fraction": 1.0, "centroid_within_city": true, "population": 30, "elderly_population": 12.0, "reported_elderly_population": 12.0, "elderly_ratio": 0.4, "HTKSYORI": "0", "HTKSAKI": null, "GASSAN": null, "disclosure_status": "unaffected", "suppression_flag": false, "aggregation_target_flag": false, "aggregation_flag": false, "primary_eligible_disclosure": true, "nearest_station_name": "松尾寺駅", "nearest_station_distance_m": 1319.4129072173005, "nearest_bus_stop_name": "鹿原", "nearest_bus_stop_distance_m": 457.91025523911838, "nearest_public_transport_type": "bus_stop", "nearest_public_transport_name": "鹿原", "nearest_public_transport_distance_m": 457.91025523911838, "nearest_medical_name": "地域密着型特別養護老人ホームやすらぎの郷", "nearest_medical_distance_m": 1429.7512408627731, "nearest_hospital_name": "自衛隊舞鶴病院", "nearest_hospital_distance_m": 3623.4714449969661, "nearest_clinic_name": "地域密着型特別養護老人ホームやすらぎの郷", "nearest_clinic_distance_m": 1429.7512408627731, "elderly_population_percentile": "0.27797202797202797", "elderly_ratio_percentile": "0.506993006993007", "transport_distance_percentile": "0.4755244755244755", "medical_distance_percentile": "0.5979020979020979", "exploratory_score_a": "0.13218250281187344", "exploratory_score_b": "0.16620005868257617", "exploratory_score_c": "0.07903219573716909", "rank_a_unfiltered": "179", "rank_b_unfiltered": "148", "rank_c_unfiltered": "142", "pareto_frontier": "False", "eligibility_population_threshold": true, "eligibility_elderly_threshold": true, "primary_eligible": true, "rank": 121 }, "geometry": { "type": "Polygon", "coordinates": [ [ [ 135.4375, 35.475 ], [ 135.44375, 35.475 ], [ 135.44375, 35.479166666666671 ], [ 135.4375, 35.479166666666671 ], [ 135.4375, 35.475 ] ] ] } },
{ "type": "Feature", "properties": { "mesh_code": "533513752", "centroid_lat": 35.47708333333334, "centroid_lon": 135.446875, "city_area_fraction": 1.0, "centroid_within_city": true, "population": 42, "elderly_population": 17.0, "reported_elderly_population": 17.0, "elderly_ratio": 0.40476190476190477, "HTKSYORI": "0", "HTKSAKI": null, "GASSAN": null, "disclosure_status": "unaffected", "suppression_flag": false, "aggregation_target_flag": false, "aggregation_flag": false, "primary_eligible_disclosure": true, "nearest_station_name": "松尾寺駅", "nearest_station_distance_m": 1033.6422978647847, "nearest_bus_stop_name": "庵の谷", "nearest_bus_stop_distance_m": 647.82947189094591, "nearest_public_transport_type": "bus_stop", "nearest_public_transport_name": "庵の谷", "nearest_public_transport_distance_m": 647.82947189094591, "nearest_medical_name": "地域密着型特別養護老人ホームやすらぎの郷", "nearest_medical_distance_m": 1596.5024827425675, "nearest_hospital_name": "自衛隊舞鶴病院", "nearest_hospital_distance_m": 4176.0873351155296, "nearest_clinic_name": "地域密着型特別養護老人ホームやすらぎの郷", "nearest_clinic_distance_m": 1596.5024827425675, "elderly_population_percentile": "0.3811188811188811", "elderly_ratio_percentile": "0.5209790209790209", "transport_distance_percentile": "0.6293706293706294", "medical_distance_percentile": "0.6503496503496503", "exploratory_score_a": "0.23986503007482027", "exploratory_score_b": "0.24786053107731426", "exploratory_score_c": "0.15599613844026772", "rank_a_unfiltered": "111", "rank_b_unfiltered": "96", "rank_c_unfiltered": "74", "pareto_frontier": "False", "eligibility_population_threshold": true, "eligibility_elderly_threshold": true, "primary_eligible": true, "rank": 68 }, "geometry": { "type": "Polygon", "coordinates": [ [ [ 135.44375, 35.475 ], [ 135.45, 35.475 ], [ 135.45, 35.479166666666671 ], [ 135.44375, 35.479166666666671 ], [ 135.44375, 35.475 ] ] ] } },
{ "type": "Feature", "properties": { "mesh_code": "533513753", "centroid_lat": 35.48125, "centroid_lon": 135.440625, "city_area_fraction": 1.0, "centroid_within_city": true, "population": 317, "elderly_population": null, "reported_elderly_population": 121.0, "elderly_ratio": null, "HTKSYORI": "1", "HTKSAKI": null, "GASSAN": "533513754", "disclosure_status": "aggregation_destination", "suppression_flag": false, "aggregation_target_flag": true, "aggregation_flag": true, "primary_eligible_disclosure": false, "nearest_station_name": "松尾寺駅", "nearest_station_distance_m": 1021.0998548533452, "nearest_bus_stop_name": "鹿原", "nearest_bus_stop_distance_m": 23.373969067667531, "nearest_public_transport_type": "bus_stop", "nearest_public_transport_name": "鹿原", "nearest_public_transport_distance_m": 23.373969067667531, "nearest_medical_name": "地域密着型特別養護老人ホームやすらぎの郷", "nearest_medical_distance_m": 971.8458963840975, "nearest_hospital_name": "自衛隊舞鶴病院", "nearest_hospital_distance_m": 3540.2920346105911, "nearest_clinic_name": "地域密着型特別養護老人ホームやすらぎの郷", "nearest_clinic_distance_m": 971.8458963840975, "elderly_population_percentile": "<NA>", "elderly_ratio_percentile": "<NA>", "transport_distance_percentile": "<NA>", "medical_distance_percentile": "<NA>", "exploratory_score_a": "<NA>", "exploratory_score_b": "<NA>", "exploratory_score_c": "<NA>", "rank_a_unfiltered": "<NA>", "rank_b_unfiltered": "<NA>", "rank_c_unfiltered": "<NA>", "pareto_frontier": "<NA>", "eligibility_population_threshold": true, "eligibility_elderly_threshold": false, "primary_eligible": false, "rank": null }, "geometry": { "type": "Polygon", "coordinates": [ [ [ 135.4375, 35.479166666666671 ], [ 135.44375, 35.479166666666671 ], [ 135.44375, 35.483333333333341 ], [ 135.4375, 35.483333333333341 ], [ 135.4375, 35.479166666666671 ] ] ] } },
{ "type": "Feature", "properties": { "mesh_code": "533513754", "centroid_lat": 35.48125, "centroid_lon": 135.446875, "city_area_fraction": 1.0, "centroid_within_city": true, "population": 3, "elderly_population": null, "reported_elderly_population": null, "elderly_ratio": null, "HTKSYORI": "2", "HTKSAKI": "533513753", "GASSAN": null, "disclosure_status": "suppressed_source", "suppression_flag": true, "aggregation_target_flag": false, "aggregation_flag": false, "primary_eligible_disclosure": false, "nearest_station_name": "松尾寺駅", "nearest_station_distance_m": 608.47850108064199, "nearest_bus_stop_name": "庵の谷", "nearest_bus_stop_distance_m": 240.40252946142874, "nearest_public_transport_type": "bus_stop", "nearest_public_transport_name": "庵の谷", "nearest_public_transport_distance_m": 240.40252946142874, "nearest_medical_name": "地域密着型特別養護老人ホームやすらぎの郷", "nearest_medical_distance_m": 1203.7818522927864, "nearest_hospital_name": "自衛隊舞鶴病院", "nearest_hospital_distance_m": 4104.0962231505664, "nearest_clinic_name": "地域密着型特別養護老人ホームやすらぎの郷", "nearest_clinic_distance_m": 1203.7818522927864, "elderly_population_percentile": "<NA>", "elderly_ratio_percentile": "<NA>", "transport_distance_percentile": "<NA>", "medical_distance_percentile": "<NA>", "exploratory_score_a": "<NA>", "exploratory_score_b": "<NA>", "exploratory_score_c": "<NA>", "rank_a_unfiltered": "<NA>", "rank_b_unfiltered": "<NA>", "rank_c_unfiltered": "<NA>", "pareto_frontier": "<NA>", "eligibility_population_threshold": false, "eligibility_elderly_threshold": false, "primary_eligible": false, "rank": null }, "geometry": { "type": "Polygon", "coordinates": [ [ [ 135.44375, 35.479166666666671 ], [ 135.45, 35.479166666666671 ], [ 135.45, 35.483333333333341 ], [ 135.44375, 35.483333333333341 ], [ 135.44375, 35.479166666666671 ] ] ] } },
{ "type": "Feature", "properties": { "mesh_code": "533513812", "centroid_lat": 35.48541666666668, "centroid_lon": 135.396875, "city_area_fraction": 0.71797142616867737, "centroid_within_city": true, "population": 29, "elderly_population": null, "reported_elderly_population": null, "elderly_ratio": null, "HTKSYORI": "2", "HTKSAKI": "533513814", "GASSAN": null, "disclosure_status": "suppressed_source", "suppression_flag": true, "aggregation_target_flag": false, "aggregation_flag": false, "primary_eligible_disclosure": false, "nearest_station_name": "東舞鶴駅", "nearest_station_distance_m": 1876.3565947502075, "nearest_bus_stop_name": "教育隊前", "nearest_bus_stop_distance_m": 288.56483655884711, "nearest_public_transport_type": "bus_stop", "nearest_public_transport_name": "教育隊前", "nearest_public_transport_distance_m": 288.56483655884711, "nearest_medical_name": "海上自衛隊舞鶴衛生隊第二医務室", "nearest_medical_distance_m": 164.81229641603375, "nearest_hospital_name": "自衛隊舞鶴病院", "nearest_hospital_distance_m": 456.51204649887984, "nearest_clinic_name": "海上自衛隊舞鶴衛生隊第二医務室", "nearest_clinic_distance_m": 164.81229641603375, "elderly_population_percentile": "<NA>", "elderly_ratio_percentile": "<NA>", "transport_distance_percentile": "<NA>", "medical_distance_percentile": "<NA>", "exploratory_score_a": "<NA>", "exploratory_score_b": "<NA>", "exploratory_score_c": "<NA>", "rank_a_unfiltered": "<NA>", "rank_b_unfiltered": "<NA>", "rank_c_unfiltered": "<NA>", "pareto_frontier": "<NA>", "eligibility_population_threshold": true, "eligibility_elderly_threshold": false, "primary_eligible": false, "rank": null }, "geometry": { "type": "Polygon", "coordinates": [ [ [ 135.39375, 35.483333333333341 ], [ 135.4, 35.483333333333341 ], [ 135.4, 35.4875 ], [ 135.39375, 35.4875 ], [ 135.39375, 35.483333333333341 ] ] ] } },
{ "type": "Feature", "properties": { "mesh_code": "533513814", "centroid_lat": 35.489583333333343, "centroid_lon": 135.396875, "city_area_fraction": 0.57864683770544811, "centroid_within_city": true, "population": 5, "elderly_population": null, "reported_elderly_population": 3.0, "elderly_ratio": null, "HTKSYORI": "1", "HTKSAKI": null, "GASSAN": "533513812", "disclosure_status": "aggregation_destination", "suppression_flag": false, "aggregation_target_flag": true, "aggregation_flag": true, "primary_eligible_disclosure": false, "nearest_station_name": "東舞鶴駅", "nearest_station_distance_m": 2336.7644720355534, "nearest_bus_stop_name": "さくらどおりマンション前", "nearest_bus_stop_distance_m": 460.84241495219703, "nearest_public_transport_type": "bus_stop", "nearest_public_transport_name": "さくらどおりマンション前", "nearest_public_transport_distance_m": 460.84241495219703, "nearest_medical_name": "海上自衛隊舞鶴衛生隊第二医務室", "nearest_medical_distance_m": 500.04343313514715, "nearest_hospital_name": "自衛隊舞鶴病院", "nearest_hospital_distance_m": 684.0228169532993, "nearest_clinic_name": "海上自衛隊舞鶴衛生隊第二医務室", "nearest_clinic_distance_m": 500.04343313514715, "elderly_population_percentile": "<NA>", "elderly_ratio_percentile": "<NA>", "transport_distance_percentile": "<NA>", "medical_distance_percentile": "<NA>", "exploratory_score_a": "<NA>", "exploratory_score_b": "<NA>", "exploratory_score_c": "<NA>", "rank_a_unfiltered": "<NA>", "rank_b_unfiltered": "<NA>", "rank_c_unfiltered": "<NA>", "pareto_frontier": "<NA>", "eligibility_population_threshold": false, "eligibility_elderly_threshold": false, "primary_eligible": false, "rank": null }, "geometry": { "type": "Polygon", "coordinates": [ [ [ 135.39375, 35.4875 ], [ 135.4, 35.4875 ], [ 135.4, 35.491666666666681 ], [ 135.39375, 35.491666666666681 ], [ 135.39375, 35.4875 ] ] ] } },
{ "type": "Feature", "properties": { "mesh_code": "533513821", "centroid_lat": 35.48541666666668, "centroid_lon": 135.403125, "city_area_fraction": 0.99999999999999978, "centroid_within_city": true, "population": 526, "elderly_population": 9.0, "reported_elderly_population": 9.0, "elderly_ratio": 0.017110266159695818, "HTKSYORI": "0", "HTKSAKI": null, "GASSAN": null, "disclosure_status": "unaffected", "suppression_flag": false, "aggregation_target_flag": false, "aggregation_flag": false, "primary_eligible_disclosure": true, "nearest_station_name": "東舞鶴駅", "nearest_station_distance_m": 2013.6603783343373, "nearest_bus_stop_name": "教育隊前", "nearest_bus_stop_distance_m": 280.07390543624319, "nearest_public_transport_type": "bus_stop", "nearest_public_transport_name": "教育隊前", "nearest_public_transport_distance_m": 280.07390543624319, "nearest_medical_name": "自衛隊舞鶴病院", "nearest_medical_distance_m": 123.6719102824248, "nearest_hospital_name": "自衛隊舞鶴病院", "nearest_hospital_distance_m": 123.6719102824248, "nearest_clinic_name": "海上自衛隊舞鶴衛生隊第二医務室", "nearest_clinic_distance_m": 402.73655335090592, "elderly_population_percentile": "0.19230769230769232", "elderly_ratio_percentile": "0.03496503496503497", "transport_distance_percentile": "0.3006993006993007", "medical_distance_percentile": "0.03496503496503497", "exploratory_score_a": "0.05782678859601936", "exploratory_score_b": "0.006724045185583648", "exploratory_score_c": "0.0020219156851755023", "rank_a_unfiltered": "237", "rank_b_unfiltered": "278", "rank_c_unfiltered": "272", "pareto_frontier": "False", "eligibility_population_threshold": true, "eligibility_elderly_threshold": false, "primary_eligible": false, "rank": null }, "geometry": { "type": "Polygon", "coordinates": [ [ [ 135.4, 35.483333333333341 ], [ 135.40625, 35.483333333333341 ], [ 135.40625, 35.4875 ], [ 135.4, 35.4875 ], [ 135.4, 35.483333333333341 ] ] ] } },
{ "type": "Feature", "properties": { "mesh_code": "533513822", "centroid_lat": 35.48541666666668, "centroid_lon": 135.409375, "city_area_fraction": 1.0000000000000002, "centroid_within_city": true, "population": 571, "elderly_population": 147.0, "reported_elderly_population": 147.0, "elderly_ratio": 0.2574430823117338, "HTKSYORI": "0", "HTKSAKI": null, "GASSAN": null, "disclosure_status": "unaffected", "suppression_flag": false, "aggregation_target_flag": false, "aggregation_flag": false, "primary_eligible_disclosure": true, "nearest_station_name": "東舞鶴駅", "nearest_station_distance_m": 2287.430225811936, "nearest_bus_stop_name": "東高口", "nearest_bus_stop_distance_m": 744.48532868859593, "nearest_public_transport_type": "bus_stop", "nearest_public_transport_name": "東高口", "nearest_public_transport_distance_m": 744.48532868859593, "nearest_medical_name": "自衛隊舞鶴病院", "nearest_medical_distance_m": 682.23977671968066, "nearest_hospital_name": "自衛隊舞鶴病院", "nearest_hospital_distance_m": 682.23977671968066, "nearest_clinic_name": "海上自衛隊舞鶴衛生隊第二医務室", "nearest_clinic_distance_m": 969.78974784096977, "elderly_population_percentile": "0.8164335664335665", "elderly_ratio_percentile": "0.16083916083916083", "transport_distance_percentile": "0.6573426573426573", "medical_distance_percentile": "0.3041958041958042", "exploratory_score_a": "0.5366766101031835", "exploratory_score_b": "0.2483556653137073", "exploratory_score_c": "0.16325477300341595", "rank_a_unfiltered": "6", "rank_b_unfiltered": "95", "rank_c_unfiltered": "68", "pareto_frontier": "True", "eligibility_population_threshold": true, "eligibility_elderly_threshold": true, "primary_eligible": true, "rank": 62 }, "geometry": { "type": "Polygon", "coordinates": [ [ [ 135.40625, 35.483333333333341 ], [ 135.4125, 35.483333333333341 ], [ 135.4125, 35.4875 ], [ 135.40625, 35.4875 ], [ 135.40625, 35.483333333333341 ] ] ] } },
{ "type": "Feature", "properties": { "mesh_code": "533513831", "centroid_lat": 35.48541666666668, "centroid_lon": 135.415625, "city_area_fraction": 0.99999999999999978, "centroid_within_city": true, "population": 319, "elderly_population": 130.0, "reported_elderly_population": 130.0, "elderly_ratio": 0.40752351097178685, "HTKSYORI": "0", "HTKSAKI": null, "GASSAN": null, "disclosure_status": "unaffected", "suppression_flag": false, "aggregation_target_flag": false, "aggregation_flag": false, "primary_eligible_disclosure": true, "nearest_station_name": "東舞鶴駅", "nearest_station_distance_m": 2655.7935495958332, "nearest_bus_stop_name": "東高口", "nearest_bus_stop_distance_m": 575.59884453074562, "nearest_public_transport_type": "bus_stop", "nearest_public_transport_name": "東高口", "nearest_public_transport_distance_m": 575.59884453074562, "nearest_medical_name": "特別養護老人ホームグリーンプラザ博愛苑医務室", "nearest_medical_distance_m": 1128.1455596236635, "nearest_hospital_name": "自衛隊舞鶴病院", "nearest_hospital_distance_m": 1248.5475209808519, "nearest_clinic_name": "特別養護老人ホームグリーンプラザ博愛苑医務室", "nearest_clinic_distance_m": 1128.1455596236635, "elderly_population_percentile": "0.7867132867132867", "elderly_ratio_percentile": "0.527972027972028", "transport_distance_percentile": "0.5699300699300699", "medical_distance_percentile": "0.5", "exploratory_score_a": "0.4483715585114186", "exploratory_score_b": "0.39335664335664333", "exploratory_score_c": "0.2241857792557093", "rank_a_unfiltered": "28", "rank_b_unfiltered": "39", "rank_c_unfiltered": "39", "pareto_frontier": "True", "eligibility_population_threshold": true, "eligibility_elderly_threshold": true, "primary_eligible": true, "rank": 38 }, "geometry": { "type": "Polygon", "coordinates": [ [ [ 135.4125, 35.483333333333341 ], [ 135.41875, 35.483333333333341 ], [ 135.41875, 35.4875 ], [ 135.4125, 35.4875 ], [ 135.4125, 35.483333333333341 ] ] ] } },
{ "type": "Feature", "properties": { "mesh_code": "533513832", "centroid_lat": 35.48541666666668, "centroid_lon": 135.421875, "city_area_fraction": 1.0, "centroid_within_city": true, "population": 232, "elderly_population": 66.0, "reported_elderly_population": 66.0, "elderly_ratio": 0.28448275862068967, "HTKSYORI": "0", "HTKSAKI": null, "GASSAN": null, "disclosure_status": "unaffected", "suppression_flag": false, "aggregation_target_flag": false, "aggregation_flag": false, "primary_eligible_disclosure": true, "nearest_station_name": "松尾寺駅", "nearest_station_distance_m": 2578.4515484315393, "nearest_bus_stop_name": "田中橋", "nearest_bus_stop_distance_m": 491.37086173677966, "nearest_public_transport_type": "bus_stop", "nearest_public_transport_name": "田中橋", "nearest_public_transport_distance_m": 491.37086173677966, "nearest_medical_name": "特別養護老人ホームグリーンプラザ博愛苑医務室", "nearest_medical_distance_m": 1216.4343071268149, "nearest_hospital_name": "自衛隊舞鶴病院", "nearest_hospital_distance_m": 1815.3657223239484, "nearest_clinic_name": "特別養護老人ホームグリーンプラザ博愛苑医務室", "nearest_clinic_distance_m": 1216.4343071268149, "elderly_population_percentile": "0.6503496503496503", "elderly_ratio_percentile": "0.2062937062937063", "transport_distance_percentile": "0.48951048951048953", "medical_distance_percentile": "0.527972027972028", "exploratory_score_a": "0.31835297569563303", "exploratory_score_b": "0.34336642378600424", "exploratory_score_c": "0.16808146618895312", "rank_a_unfiltered": "71", "rank_b_unfiltered": "50", "rank_c_unfiltered": "65", "pareto_frontier": "False", "eligibility_population_threshold": true, "eligibility_elderly_threshold": true, "primary_eligible": true, "rank": 59 }, "geometry": { "type": "Polygon", "coordinates": [ [ [ 135.41875, 35.483333333333341 ], [ 135.425, 35.483333333333341 ], [ 135.425, 35.4875 ], [ 135.41875, 35.4875 ], [ 135.41875, 35.483333333333341 ] ] ] } },
{ "type": "Feature", "properties": { "mesh_code": "533513841", "centroid_lat": 35.48541666666668, "centroid_lon": 135.428125, "city_area_fraction": 1.0, "centroid_within_city": true, "population": 203, "elderly_population": 63.0, "reported_elderly_population": 63.0, "elderly_ratio": 0.31034482758620691, "HTKSYORI": "0", "HTKSAKI": null, "GASSAN": null, "disclosure_status": "unaffected", "suppression_flag": false, "aggregation_target_flag": false, "aggregation_flag": false, "primary_eligible_disclosure": true, "nearest_station_name": "松尾寺駅", "nearest_station_distance_m": 2011.5387702805751, "nearest_bus_stop_name": "安岡", "nearest_bus_stop_distance_m": 518.36740481456309, "nearest_public_transport_type": "bus_stop", "nearest_public_transport_name": "安岡", "nearest_public_transport_distance_m": 518.36740481456309, "nearest_medical_name": "地域密着型特別養護老人ホームやすらぎの郷", "nearest_medical_distance_m": 1092.0823953165598, "nearest_hospital_name": "自衛隊舞鶴病院", "nearest_hospital_distance_m": 2382.3297585343694, "nearest_clinic_name": "地域密着型特別養護老人ホームやすらぎの郷", "nearest_clinic_distance_m": 1092.0823953165598, "elderly_population_percentile": "0.6416083916083916", "elderly_ratio_percentile": "0.2762237762237762", "transport_distance_percentile": "0.506993006993007", "medical_distance_percentile": "0.486013986013986", "exploratory_score_a": "0.3252909677734852", "exploratory_score_b": "0.31183065186561687", "exploratory_score_c": "0.1580959598619386", "rank_a_unfiltered": "68", "rank_b_unfiltered": "64", "rank_c_unfiltered": "73", "pareto_frontier": "False", "eligibility_population_threshold": true, "eligibility_elderly_threshold": true, "primary_eligible": true, "rank": 67 }, "geometry": { "type": "Polygon", "coordinates": [ [ [ 135.425, 35.483333333333341 ], [ 135.43125, 35.483333333333341 ], [ 135.43125, 35.4875 ], [ 135.425, 35.4875 ], [ 135.425, 35.483333333333341 ] ] ] } },
{ "type": "Feature", "properties": { "mesh_code": "533513842", "centroid_lat": 35.48541666666668, "centroid_lon": 135.434375, "city_area_fraction": 1.0, "centroid_within_city": true, "population": 582, "elderly_population": 136.0, "reported_elderly_population": 136.0, "elderly_ratio": 0.23367697594501718, "HTKSYORI": "0", "HTKSAKI": null, "GASSAN": null, "disclosure_status": "unaffected", "suppression_flag": false, "aggregation_target_flag": false, "aggregation_flag": false, "primary_eligible_disclosure": true, "nearest_station_name": "松尾寺駅", "nearest_station_distance_m": 1444.7902493491822, "nearest_bus_stop_name": "安岡", "nearest_bus_stop_distance_m": 75.634729180252947, "nearest_public_transport_type": "bus_stop", "nearest_public_transport_name": "安岡", "nearest_public_transport_distance_m": 75.634729180252947, "nearest_medical_name": "地域密着型特別養護老人ホームやすらぎの郷", "nearest_medical_distance_m": 640.92380528268518, "nearest_hospital_name": "自衛隊舞鶴病院", "nearest_hospital_distance_m": 2949.3552909640548, "nearest_clinic_name": "地域密着型特別養護老人ホームやすらぎの郷", "nearest_clinic_distance_m": 640.92380528268518, "elderly_population_percentile": "0.8006993006993007", "elderly_ratio_percentile": "0.12237762237762238", "transport_distance_percentile": "0.038461538461538464", "medical_distance_percentile": "0.2762237762237762", "exploratory_score_a": "0.030796126949973107", "exploratory_score_b": "0.22117218445889772", "exploratory_score_c": "0.008506622479188375", "rank_a_unfiltered": "261", "rank_b_unfiltered": "119", "rank_c_unfiltered": "249", "pareto_frontier": "False", "eligibility_population_threshold": true, "eligibility_elderly_threshold": true, "primary_eligible": true, "rank": 194 }, "geometry": { "type": "Polygon", "coordinates": [ [ [ 135.43125, 35.483333333333341 ], [ 135.4375, 35.483333333333341 ], [ 135.4375, 35.4875 ], [ 135.43125, 35.4875 ], [ 135.43125, 35.483333333333341 ] ] ] } },
{ "type": "Feature", "properties": { "mesh_code": "533513844", "centroid_lat": 35.489583333333343, "centroid_lon": 135.434375, "city_area_fraction": 1.0, "centroid_within_city": true, "population": 119, "elderly_population": 51.0, "reported_elderly_population": 51.0, "elderly_ratio": 0.42857142857142855, "HTKSYORI": "0", "HTKSAKI": null, "GASSAN": null, "disclosure_status": "unaffected", "suppression_flag": false, "aggregation_target_flag": false, "aggregation_flag": false, "primary_eligible_disclosure": true, "nearest_station_name": "松尾寺駅", "nearest_station_distance_m": 1497.9564228370014, "nearest_bus_stop_name": "中山", "nearest_bus_stop_distance_m": 351.42895796657677, "nearest_public_transport_type": "bus_stop", "nearest_public_transport_name": "中山", "nearest_public_transport_distance_m": 351.42895796657677, "nearest_medical_name": "地域密着型特別養護老人ホームやすらぎの郷", "nearest_medical_distance_m": 407.18579423981328, "nearest_hospital_name": "自衛隊舞鶴病院", "nearest_hospital_distance_m": 2992.9485759340646, "nearest_clinic_name": "地域密着型特別養護老人ホームやすらぎの郷", "nearest_clinic_distance_m": 407.18579423981328, "elderly_population_percentile": "0.6258741258741258", "elderly_ratio_percentile": "0.5769230769230769", "transport_distance_percentile": "0.3811188811188811", "medical_distance_percentile": "0.16783216783216784", "exploratory_score_a": "0.2385324465744046", "exploratory_score_b": "0.10504181133551763", "exploratory_score_c": "0.04003341760689308", "rank_a_unfiltered": "112", "rank_b_unfiltered": "205", "rank_c_unfiltered": "192", "pareto_frontier": "False", "eligibility_population_threshold": true, "eligibility_elderly_threshold": true, "primary_eligible": true, "rank": 154 }, "geometry": { "type": "Polygon", "coordinates": [ [ [ 135.43125, 35.4875 ], [ 135.4375, 35.4875 ], [ 135.4375, 35.491666666666681 ], [ 135.43125, 35.491666666666681 ], [ 135.43125, 35.4875 ] ] ] } },
{ "type": "Feature", "properties": { "mesh_code": "533513851", "centroid_lat": 35.48541666666668, "centroid_lon": 135.440625, "city_area_fraction": 1.0, "centroid_within_city": true, "population": 58, "elderly_population": null, "reported_elderly_population": 23.0, "elderly_ratio": null, "HTKSYORI": "1", "HTKSAKI": null, "GASSAN": "533513852", "disclosure_status": "aggregation_destination", "suppression_flag": false, "aggregation_target_flag": true, "aggregation_flag": true, "primary_eligible_disclosure": false, "nearest_station_name": "松尾寺駅", "nearest_station_distance_m": 878.52314090636003, "nearest_bus_stop_name": "鹿原", "nearest_bus_stop_distance_m": 467.73411470641071, "nearest_public_transport_type": "bus_stop", "nearest_public_transport_name": "鹿原", "nearest_public_transport_distance_m": 467.73411470641071, "nearest_medical_name": "地域密着型特別養護老人ホームやすらぎの郷", "nearest_medical_distance_m": 521.67428701884717, "nearest_hospital_name": "自衛隊舞鶴病院", "nearest_hospital_distance_m": 3516.4123745417305, "nearest_clinic_name": "地域密着型特別養護老人ホームやすらぎの郷", "nearest_clinic_distance_m": 521.67428701884717, "elderly_population_percentile": "<NA>", "elderly_ratio_percentile": "<NA>", "transport_distance_percentile": "<NA>", "medical_distance_percentile": "<NA>", "exploratory_score_a": "<NA>", "exploratory_score_b": "<NA>", "exploratory_score_c": "<NA>", "rank_a_unfiltered": "<NA>", "rank_b_unfiltered": "<NA>", "rank_c_unfiltered": "<NA>", "pareto_frontier": "<NA>", "eligibility_population_threshold": true, "eligibility_elderly_threshold": false, "primary_eligible": false, "rank": null }, "geometry": { "type": "Polygon", "coordinates": [ [ [ 135.4375, 35.483333333333341 ], [ 135.44375, 35.483333333333341 ], [ 135.44375, 35.4875 ], [ 135.4375, 35.4875 ], [ 135.4375, 35.483333333333341 ] ] ] } },
{ "type": "Feature", "properties": { "mesh_code": "533513852", "centroid_lat": 35.48541666666668, "centroid_lon": 135.446875, "city_area_fraction": 1.0, "centroid_within_city": true, "population": 6, "elderly_population": null, "reported_elderly_population": null, "elderly_ratio": null, "HTKSYORI": "2", "HTKSAKI": "533513851", "GASSAN": null, "disclosure_status": "suppressed_source", "suppression_flag": true, "aggregation_target_flag": false, "aggregation_flag": false, "primary_eligible_disclosure": false, "nearest_station_name": "松尾寺駅", "nearest_station_distance_m": 315.33946210296557, "nearest_bus_stop_name": "庵の谷", "nearest_bus_stop_distance_m": 351.09460424167912, "nearest_public_transport_type": "station", "nearest_public_transport_name": "松尾寺駅", "nearest_public_transport_distance_m": 315.33946210296557, "nearest_medical_name": "地域密着型特別養護老人ホームやすらぎの郷", "nearest_medical_distance_m": 881.31991583358422, "nearest_hospital_name": "自衛隊舞鶴病院", "nearest_hospital_distance_m": 4083.4876983766262, "nearest_clinic_name": "地域密着型特別養護老人ホームやすらぎの郷", "nearest_clinic_distance_m": 881.31991583358422, "elderly_population_percentile": "<NA>", "elderly_ratio_percentile": "<NA>", "transport_distance_percentile": "<NA>", "medical_distance_percentile": "<NA>", "exploratory_score_a": "<NA>", "exploratory_score_b": "<NA>", "exploratory_score_c": "<NA>", "rank_a_unfiltered": "<NA>", "rank_b_unfiltered": "<NA>", "rank_c_unfiltered": "<NA>", "pareto_frontier": "<NA>", "eligibility_population_threshold": false, "eligibility_elderly_threshold": false, "primary_eligible": false, "rank": null }, "geometry": { "type": "Polygon", "coordinates": [ [ [ 135.44375, 35.483333333333341 ], [ 135.45, 35.483333333333341 ], [ 135.45, 35.4875 ], [ 135.44375, 35.4875 ], [ 135.44375, 35.483333333333341 ] ] ] } },
{ "type": "Feature", "properties": { "mesh_code": "533513853", "centroid_lat": 35.489583333333343, "centroid_lon": 135.440625, "city_area_fraction": 1.0, "centroid_within_city": true, "population": 116, "elderly_population": 84.0, "reported_elderly_population": 84.0, "elderly_ratio": 0.72413793103448276, "HTKSYORI": "0", "HTKSAKI": null, "GASSAN": null, "disclosure_status": "unaffected", "suppression_flag": false, "aggregation_target_flag": false, "aggregation_flag": false, "primary_eligible_disclosure": true, "nearest_station_name": "松尾寺駅", "nearest_station_distance_m": 963.49638771956234, "nearest_bus_stop_name": "中山", "nearest_bus_stop_distance_m": 475.96829334825833, "nearest_public_transport_type": "bus_stop", "nearest_public_transport_name": "中山", "nearest_public_transport_distance_m": 475.96829334825833, "nearest_medical_name": "地域密着型特別養護老人ホームやすらぎの郷", "nearest_medical_distance_m": 164.82821300364401, "nearest_hospital_name": "自衛隊舞鶴病院", "nearest_hospital_distance_m": 3553.02843894322, "nearest_clinic_name": "地域密着型特別養護老人ホームやすらぎの郷", "nearest_clinic_distance_m": 164.82821300364401, "elderly_population_percentile": "0.7027972027972028", "elderly_ratio_percentile": "0.9475524475524476", "transport_distance_percentile": "0.486013986013986", "medical_distance_percentile": "0.06643356643356643", "exploratory_score_a": "0.3415692698909482", "exploratory_score_b": "0.04668932466135264", "exploratory_score_c": "0.02269166478296509", "rank_a_unfiltered": "59", "rank_b_unfiltered": "253", "rank_c_unfiltered": "224", "pareto_frontier": "False", "eligibility_population_threshold": true, "eligibility_elderly_threshold": true, "primary_eligible": true, "rank": 175 }, "geometry": { "type": "Polygon", "coordinates": [ [ [ 135.4375, 35.4875 ], [ 135.44375, 35.4875 ], [ 135.44375, 35.491666666666681 ], [ 135.4375, 35.491666666666681 ], [ 135.4375, 35.4875 ] ] ] } },
{ "type": "Feature", "properties": { "mesh_code": "533513861", "centroid_lat": 35.48541666666668, "centroid_lon": 135.453125, "city_area_fraction": 1.0000000000000002, "centroid_within_city": true, "population": 108, "elderly_population": null, "reported_elderly_population": 45.0, "elderly_ratio": null, "HTKSYORI": "1", "HTKSAKI": null, "GASSAN": "533513864", "disclosure_status": "aggregation_destination", "suppression_flag": false, "aggregation_target_flag": true, "aggregation_flag": true, "primary_eligible_disclosure": false, "nearest_station_name": "松尾寺駅", "nearest_station_distance_m": 265.18993698700831, "nearest_bus_stop_name": "松尾寺駅前", "nearest_bus_stop_distance_m": 195.94732802644197, "nearest_public_transport_type": "bus_stop", "nearest_public_transport_name": "松尾寺駅前", "nearest_public_transport_distance_m": 195.94732802644197, "nearest_medical_name": "地域密着型特別養護老人ホームやすらぎの郷", "nearest_medical_distance_m": 1387.272201890406, "nearest_hospital_name": "自衛隊舞鶴病院", "nearest_hospital_distance_m": 4650.5744455003487, "nearest_clinic_name": "地域密着型特別養護老人ホームやすらぎの郷", "nearest_clinic_distance_m": 1387.272201890406, "elderly_population_percentile": "<NA>", "elderly_ratio_percentile": "<NA>", "transport_distance_percentile": "<NA>", "medical_distance_percentile": "<NA>", "exploratory_score_a": "<NA>", "exploratory_score_b": "<NA>", "exploratory_score_c": "<NA>", "rank_a_unfiltered": "<NA>", "rank_b_unfiltered": "<NA>", "rank_c_unfiltered": "<NA>", "pareto_frontier": "<NA>", "eligibility_population_threshold": true, "eligibility_elderly_threshold": false, "primary_eligible": false, "rank": null }, "geometry": { "type": "Polygon", "coordinates": [ [ [ 135.45, 35.483333333333341 ], [ 135.45625, 35.483333333333341 ], [ 135.45625, 35.4875 ], [ 135.45, 35.4875 ], [ 135.45, 35.483333333333341 ] ] ] } },
{ "type": "Feature", "properties": { "mesh_code": "533513862", "centroid_lat": 35.48541666666668, "centroid_lon": 135.459375, "city_area_fraction": 1.0, "centroid_within_city": true, "population": 29, "elderly_population": 4.0, "reported_elderly_population": 4.0, "elderly_ratio": 0.13793103448275862, "HTKSYORI": "0", "HTKSAKI": null, "GASSAN": null, "disclosure_status": "unaffected", "suppression_flag": false, "aggregation_target_flag": false, "aggregation_flag": false, "primary_eligible_disclosure": true, "nearest_station_name": "松尾寺駅", "nearest_station_distance_m": 827.32203053457829, "nearest_bus_stop_name": "吉坂", "nearest_bus_stop_distance_m": 62.473102598846225, "nearest_public_transport_type": "bus_stop", "nearest_public_transport_name": "吉坂", "nearest_public_transport_distance_m": 62.473102598846225, "nearest_medical_name": "地域密着型特別養護老人ホームやすらぎの郷", "nearest_medical_distance_m": 1927.5738182552591, "nearest_hospital_name": "自衛隊舞鶴病院", "nearest_hospital_distance_m": 5217.6687641488143, "nearest_clinic_name": "地域密着型特別養護老人ホームやすらぎの郷", "nearest_clinic_distance_m": 1927.5738182552591, "elderly_population_percentile": "0.043706293706293704", "elderly_ratio_percentile": "0.04895104895104895", "transport_distance_percentile": "0.024475524475524476", "medical_distance_percentile": "0.6853146853146853", "exploratory_score_a": "0.001069734461342853", "exploratory_score_b": "0.029952564917599882", "exploratory_score_c": "0.0007331047357454517", "rank_a_unfiltered": "286", "rank_b_unfiltered": "264", "rank_c_unfiltered": "278", "pareto_frontier": "False", "eligibility_population_threshold": true, "eligibility_elderly_threshold": false, "primary_eligible": false, "rank": null }, "geometry": { "type": "Polygon", "coordinates": [ [ [ 135.45625, 35.483333333333341 ], [ 135.4625, 35.483333333333341 ], [ 135.4625, 35.4875 ], [ 135.45625, 35.4875 ], [ 135.45625, 35.483333333333341 ] ] ] } },
{ "type": "Feature", "properties": { "mesh_code": "533513864", "centroid_lat": 35.489583333333343, "centroid_lon": 135.459375, "city_area_fraction": 0.99999999999999989, "centroid_within_city": true, "population": 3, "elderly_population": null, "reported_elderly_population": null, "elderly_ratio": null, "HTKSYORI": "2", "HTKSAKI": "533513861", "GASSAN": null, "disclosure_status": "suppressed_source", "suppression_flag": true, "aggregation_target_flag": false, "aggregation_flag": false, "primary_eligible_disclosure": false, "nearest_station_name": "松尾寺駅", "nearest_station_distance_m": 917.05414418395492, "nearest_bus_stop_name": "吉坂", "nearest_bus_stop_distance_m": 406.68726249346207, "nearest_public_transport_type": "bus_stop", "nearest_public_transport_name": "吉坂", "nearest_public_transport_distance_m": 406.68726249346207, "nearest_medical_name": "地域密着型特別養護老人ホームやすらぎの郷", "nearest_medical_distance_m": 1862.8977077227707, "nearest_hospital_name": "自衛隊舞鶴病院", "nearest_hospital_distance_m": 5242.3424996213962, "nearest_clinic_name": "地域密着型特別養護老人ホームやすらぎの郷", "nearest_clinic_distance_m": 1862.8977077227707, "elderly_population_percentile": "<NA>", "elderly_ratio_percentile": "<NA>", "transport_distance_percentile": "<NA>", "medical_distance_percentile": "<NA>", "exploratory_score_a": "<NA>", "exploratory_score_b": "<NA>", "exploratory_score_c": "<NA>", "rank_a_unfiltered": "<NA>", "rank_b_unfiltered": "<NA>", "rank_c_unfiltered": "<NA>", "pareto_frontier": "<NA>", "eligibility_population_threshold": false, "eligibility_elderly_threshold": false, "primary_eligible": false, "rank": null }, "geometry": { "type": "Polygon", "coordinates": [ [ [ 135.45625, 35.4875 ], [ 135.4625, 35.4875 ], [ 135.4625, 35.491666666666681 ], [ 135.45625, 35.491666666666681 ], [ 135.45625, 35.4875 ] ] ] } },
{ "type": "Feature", "properties": { "mesh_code": "533513912", "centroid_lat": 35.49375, "centroid_lon": 135.396875, "city_area_fraction": 0.13599575367311864, "centroid_within_city": false, "population": 76, "elderly_population": 17.0, "reported_elderly_population": 17.0, "elderly_ratio": 0.22368421052631579, "HTKSYORI": "0", "HTKSAKI": null, "GASSAN": null, "disclosure_status": "unaffected", "suppression_flag": false, "aggregation_target_flag": false, "aggregation_flag": false, "primary_eligible_disclosure": true, "nearest_station_name": "東舞鶴駅", "nearest_station_distance_m": 2797.7837308223448, "nearest_bus_stop_name": "さくらどおりマンション前", "nearest_bus_stop_distance_m": 255.86970883964537, "nearest_public_transport_type": "bus_stop", "nearest_public_transport_name": "さくらどおりマンション前", "nearest_public_transport_distance_m": 255.86970883964537, "nearest_medical_name": "海上自衛隊舞鶴衛生隊第二医務室", "nearest_medical_distance_m": 948.83816981483187, "nearest_hospital_name": "医療法人医誠会　東舞鶴医誠会病院", "nearest_hospital_distance_m": 983.80369860611188, "nearest_clinic_name": "海上自衛隊舞鶴衛生隊第二医務室", "nearest_clinic_distance_m": 948.83816981483187, "elderly_population_percentile": "0.3811188811188811", "elderly_ratio_percentile": "0.1048951048951049", "transport_distance_percentile": "0.26223776223776224", "medical_distance_percentile": "0.44405594405594406", "exploratory_score_a": "0.09994376253117511", "exploratory_score_b": "0.16923810455278987", "exploratory_score_c": "0.044380621823284054", "rank_a_unfiltered": "205", "rank_b_unfiltered": "146", "rank_c_unfiltered": "185", "pareto_frontier": "False", "eligibility_population_threshold": true, "eligibility_elderly_threshold": true, "primary_eligible": true, "rank": 149 }, "geometry": { "type": "Polygon", "coordinates": [ [ [ 135.39375, 35.491666666666674 ], [ 135.4, 35.491666666666674 ], [ 135.4, 35.495833333333344 ], [ 135.39375, 35.495833333333344 ], [ 135.39375, 35.491666666666674 ] ] ] } },
{ "type": "Feature", "properties": { "mesh_code": "533513921", "centroid_lat": 35.49375, "centroid_lon": 135.403125, "city_area_fraction": 0.96849476638649323, "centroid_within_city": true, "population": 12, "elderly_population": null, "reported_elderly_population": 6.0, "elderly_ratio": null, "HTKSYORI": "1", "HTKSAKI": null, "GASSAN": "533513923", "disclosure_status": "aggregation_destination", "suppression_flag": false, "aggregation_target_flag": true, "aggregation_flag": true, "primary_eligible_disclosure": false, "nearest_station_name": "東舞鶴駅", "nearest_station_distance_m": 2891.6516789338239, "nearest_bus_stop_name": "滝ケ浦", "nearest_bus_stop_distance_m": 316.53600651357306, "nearest_public_transport_type": "bus_stop", "nearest_public_transport_name": "滝ケ浦", "nearest_public_transport_distance_m": 316.53600651357306, "nearest_medical_name": "自衛隊舞鶴病院", "nearest_medical_distance_m": 980.63848799536163, "nearest_hospital_name": "自衛隊舞鶴病院", "nearest_hospital_distance_m": 980.63848799536163, "nearest_clinic_name": "海上自衛隊舞鶴衛生隊第二医務室", "nearest_clinic_distance_m": 1017.5032703291736, "elderly_population_percentile": "<NA>", "elderly_ratio_percentile": "<NA>", "transport_distance_percentile": "<NA>", "medical_distance_percentile": "<NA>", "exploratory_score_a": "<NA>", "exploratory_score_b": "<NA>", "exploratory_score_c": "<NA>", "rank_a_unfiltered": "<NA>", "rank_b_unfiltered": "<NA>", "rank_c_unfiltered": "<NA>", "pareto_frontier": "<NA>", "eligibility_population_threshold": false, "eligibility_elderly_threshold": false, "primary_eligible": false, "rank": null }, "geometry": { "type": "Polygon", "coordinates": [ [ [ 135.4, 35.491666666666674 ], [ 135.40625, 35.491666666666674 ], [ 135.40625, 35.495833333333344 ], [ 135.4, 35.495833333333344 ], [ 135.4, 35.491666666666674 ] ] ] } },
{ "type": "Feature", "properties": { "mesh_code": "533513923", "centroid_lat": 35.497916666666683, "centroid_lon": 135.403125, "city_area_fraction": 0.99758572990579042, "centroid_within_city": true, "population": 5, "elderly_population": null, "reported_elderly_population": null, "elderly_ratio": null, "HTKSYORI": "2", "HTKSAKI": "533513921", "GASSAN": null, "disclosure_status": "suppressed_source", "suppression_flag": true, "aggregation_target_flag": false, "aggregation_flag": false, "primary_eligible_disclosure": false, "nearest_station_name": "東舞鶴駅", "nearest_station_distance_m": 3340.0774989602951, "nearest_bus_stop_name": "板硝子工場前", "nearest_bus_stop_distance_m": 213.08174825725607, "nearest_public_transport_type": "bus_stop", "nearest_public_transport_name": "板硝子工場前", "nearest_public_transport_distance_m": 213.08174825725607, "nearest_medical_name": "医療法人医誠会　東舞鶴医誠会病院", "nearest_medical_distance_m": 593.759016667335, "nearest_hospital_name": "医療法人医誠会　東舞鶴医誠会病院", "nearest_hospital_distance_m": 593.759016667335, "nearest_clinic_name": "海上自衛隊舞鶴衛生隊第二医務室", "nearest_clinic_distance_m": 1453.5909083922265, "elderly_population_percentile": "<NA>", "elderly_ratio_percentile": "<NA>", "transport_distance_percentile": "<NA>", "medical_distance_percentile": "<NA>", "exploratory_score_a": "<NA>", "exploratory_score_b": "<NA>", "exploratory_score_c": "<NA>", "rank_a_unfiltered": "<NA>", "rank_b_unfiltered": "<NA>", "rank_c_unfiltered": "<NA>", "pareto_frontier": "<NA>", "eligibility_population_threshold": false, "eligibility_elderly_threshold": false, "primary_eligible": false, "rank": null }, "geometry": { "type": "Polygon", "coordinates": [ [ [ 135.4, 35.495833333333344 ], [ 135.40625, 35.495833333333344 ], [ 135.40625, 35.5 ], [ 135.4, 35.5 ], [ 135.4, 35.495833333333344 ] ] ] } },
{ "type": "Feature", "properties": { "mesh_code": "533513934", "centroid_lat": 35.497916666666683, "centroid_lon": 135.421875, "city_area_fraction": 1.0000000000000002, "centroid_within_city": true, "population": 53, "elderly_population": 26.0, "reported_elderly_population": 26.0, "elderly_ratio": 0.49056603773584906, "HTKSYORI": "0", "HTKSAKI": null, "GASSAN": null, "disclosure_status": "unaffected", "suppression_flag": false, "aggregation_target_flag": false, "aggregation_flag": false, "primary_eligible_disclosure": true, "nearest_station_name": "松尾寺駅", "nearest_station_distance_m": 2898.1321331797362, "nearest_bus_stop_name": "中宮", "nearest_bus_stop_distance_m": 533.5142598180629, "nearest_public_transport_type": "bus_stop", "nearest_public_transport_name": "中宮", "nearest_public_transport_distance_m": 533.5142598180629, "nearest_medical_name": "養護老人ホーム安岡園", "nearest_medical_distance_m": 1703.4994545995528, "nearest_hospital_name": "医療法人医誠会　東舞鶴医誠会病院", "nearest_hospital_distance_m": 2091.1109663336842, "nearest_clinic_name": "養護老人ホーム安岡園", "nearest_clinic_distance_m": 1703.4994545995528, "elderly_population_percentile": "0.5", "elderly_ratio_percentile": "0.6958041958041958", "transport_distance_percentile": "0.5174825174825175", "medical_distance_percentile": "0.6643356643356644", "exploratory_score_a": "0.25874125874125875", "exploratory_score_b": "0.3321678321678322", "exploratory_score_c": "0.17189104601692015", "rank_a_unfiltered": "101", "rank_b_unfiltered": "55", "rank_c_unfiltered": "61", "pareto_frontier": "False", "eligibility_population_threshold": true, "eligibility_elderly_threshold": true, "primary_eligible": true, "rank": 56 }, "geometry": { "type": "Polygon", "coordinates": [ [ [ 135.41875, 35.495833333333344 ], [ 135.425, 35.495833333333344 ], [ 135.425, 35.5 ], [ 135.41875, 35.5 ], [ 135.41875, 35.495833333333344 ] ] ] } },
{ "type": "Feature", "properties": { "mesh_code": "533513942", "centroid_lat": 35.49375, "centroid_lon": 135.434375, "city_area_fraction": 1.0, "centroid_within_city": true, "population": 48, "elderly_population": 22.0, "reported_elderly_population": 22.0, "elderly_ratio": 0.45833333333333331, "HTKSYORI": "0", "HTKSAKI": null, "GASSAN": null, "disclosure_status": "unaffected", "suppression_flag": false, "aggregation_target_flag": false, "aggregation_flag": false, "primary_eligible_disclosure": true, "nearest_station_name": "松尾寺駅", "nearest_station_distance_m": 1681.5747351768696, "nearest_bus_stop_name": "中山", "nearest_bus_stop_distance_m": 255.87800925265512, "nearest_public_transport_type": "bus_stop", "nearest_public_transport_name": "中山", "nearest_public_transport_distance_m": 255.87800925265512, "nearest_medical_name": "養護老人ホーム安岡園", "nearest_medical_distance_m": 493.35617438799176, "nearest_hospital_name": "自衛隊舞鶴病院", "nearest_hospital_distance_m": 3105.5037809620744, "nearest_clinic_name": "養護老人ホーム安岡園", "nearest_clinic_distance_m": 493.35617438799176, "elderly_population_percentile": "0.43356643356643354", "elderly_ratio_percentile": "0.6468531468531469", "transport_distance_percentile": "0.26573426573426573", "medical_distance_percentile": "0.2062937062937063", "exploratory_score_a": "0.11521345787080052", "exploratory_score_b": "0.08944202650496356", "exploratory_score_c": "0.023767811239081227", "rank_a_unfiltered": "188", "rank_b_unfiltered": "213", "rank_c_unfiltered": "222", "pareto_frontier": "False", "eligibility_population_threshold": true, "eligibility_elderly_threshold": true, "primary_eligible": true, "rank": 174 }, "geometry": { "type": "Polygon", "coordinates": [ [ [ 135.43125, 35.491666666666674 ], [ 135.4375, 35.491666666666674 ], [ 135.4375, 35.495833333333344 ], [ 135.43125, 35.495833333333344 ], [ 135.43125, 35.491666666666674 ] ] ] } },
{ "type": "Feature", "properties": { "mesh_code": "533513943", "centroid_lat": 35.497916666666683, "centroid_lon": 135.428125, "city_area_fraction": 1.0, "centroid_within_city": true, "population": 452, "elderly_population": 144.0, "reported_elderly_population": 144.0, "elderly_ratio": 0.31858407079646017, "HTKSYORI": "0", "HTKSAKI": null, "GASSAN": null, "disclosure_status": "unaffected", "suppression_flag": false, "aggregation_target_flag": false, "aggregation_flag": false, "primary_eligible_disclosure": true, "nearest_station_name": "松尾寺駅", "nearest_station_distance_m": 2407.7889081152125, "nearest_bus_stop_name": "中宮", "nearest_bus_stop_distance_m": 341.11916887929453, "nearest_public_transport_type": "bus_stop", "nearest_public_transport_name": "中宮", "nearest_public_transport_distance_m": 341.11916887929453, "nearest_medical_name": "養護老人ホーム安岡園", "nearest_medical_distance_m": 1224.9382193345193, "nearest_hospital_name": "医療法人医誠会　東舞鶴医誠会病院", "nearest_hospital_distance_m": 2645.5351933579441, "nearest_clinic_name": "養護老人ホーム安岡園", "nearest_clinic_distance_m": 1224.9382193345193, "elderly_population_percentile": "0.8111888111888111", "elderly_ratio_percentile": "0.3146853146853147", "transport_distance_percentile": "0.3741258741258741", "medical_distance_percentile": "0.5314685314685315", "exploratory_score_a": "0.30348672306714264", "exploratory_score_b": "0.4311213262262213", "exploratory_score_c": "0.1612936430286912", "rank_a_unfiltered": "84", "rank_b_unfiltered": "28", "rank_c_unfiltered": "71", "pareto_frontier": "False", "eligibility_population_threshold": true, "eligibility_elderly_threshold": true, "primary_eligible": true, "rank": 65 }, "geometry": { "type": "Polygon", "coordinates": [ [ [ 135.425, 35.495833333333344 ], [ 135.43125, 35.495833333333344 ], [ 135.43125, 35.5 ], [ 135.425, 35.5 ], [ 135.425, 35.495833333333344 ] ] ] } },
{ "type": "Feature", "properties": { "mesh_code": "533513944", "centroid_lat": 35.497916666666683, "centroid_lon": 135.434375, "city_area_fraction": 1.0000000000000002, "centroid_within_city": true, "population": 249, "elderly_population": 83.0, "reported_elderly_population": 83.0, "elderly_ratio": 0.33333333333333331, "HTKSYORI": "0", "HTKSAKI": null, "GASSAN": null, "disclosure_status": "unaffected", "suppression_flag": false, "aggregation_target_flag": false, "aggregation_flag": false, "primary_eligible_disclosure": true, "nearest_station_name": "松尾寺駅", "nearest_station_distance_m": 1959.3060463580812, "nearest_bus_stop_name": "朝来中", "nearest_bus_stop_distance_m": 361.84623533522074, "nearest_public_transport_type": "bus_stop", "nearest_public_transport_name": "朝来中", "nearest_public_transport_distance_m": 361.84623533522074, "nearest_medical_name": "養護老人ホーム安岡園", "nearest_medical_distance_m": 861.48209479754189, "nearest_hospital_name": "医療法人医誠会　東舞鶴医誠会病院", "nearest_hospital_distance_m": 3204.3702417717536, "nearest_clinic_name": "養護老人ホーム安岡園", "nearest_clinic_distance_m": 861.48209479754189, "elderly_population_percentile": "0.6940559440559441", "elderly_ratio_percentile": "0.3531468531468531", "transport_distance_percentile": "0.3951048951048951", "medical_distance_percentile": "0.40559440559440557", "exploratory_score_a": "0.2742249009731527", "exploratory_score_b": "0.28150520807863466", "exploratory_score_c": "0.1112240857093906", "rank_a_unfiltered": "93", "rank_b_unfiltered": "77", "rank_c_unfiltered": "109", "pareto_frontier": "False", "eligibility_population_threshold": true, "eligibility_elderly_threshold": true, "primary_eligible": true, "rank": 96 }, "geometry": { "type": "Polygon", "coordinates": [ [ [ 135.43125, 35.495833333333344 ], [ 135.4375, 35.495833333333344 ], [ 135.4375, 35.5 ], [ 135.43125, 35.5 ], [ 135.43125, 35.495833333333344 ] ] ] } },
{ "type": "Feature", "properties": { "mesh_code": "533513951", "centroid_lat": 35.49375, "centroid_lon": 135.440625, "city_area_fraction": 1.0, "centroid_within_city": true, "population": 140, "elderly_population": null, "reported_elderly_population": null, "elderly_ratio": null, "HTKSYORI": "2", "HTKSAKI": "533513953", "GASSAN": null, "disclosure_status": "suppressed_source", "suppression_flag": true, "aggregation_target_flag": false, "aggregation_flag": false, "primary_eligible_disclosure": false, "nearest_station_name": "松尾寺駅", "nearest_station_distance_m": 1229.7206742152921, "nearest_bus_stop_name": "国立高専前", "nearest_bus_stop_distance_m": 258.70514262153677, "nearest_public_transport_type": "bus_stop", "nearest_public_transport_name": "国立高専前", "nearest_public_transport_distance_m": 258.70514262153677, "nearest_medical_name": "養護老人ホーム安岡園", "nearest_medical_distance_m": 358.03015923369196, "nearest_hospital_name": "自衛隊舞鶴病院", "nearest_hospital_distance_m": 3648.3193217464864, "nearest_clinic_name": "養護老人ホーム安岡園", "nearest_clinic_distance_m": 358.03015923369196, "elderly_population_percentile": "<NA>", "elderly_ratio_percentile": "<NA>", "transport_distance_percentile": "<NA>", "medical_distance_percentile": "<NA>", "exploratory_score_a": "<NA>", "exploratory_score_b": "<NA>", "exploratory_score_c": "<NA>", "rank_a_unfiltered": "<NA>", "rank_b_unfiltered": "<NA>", "rank_c_unfiltered": "<NA>", "pareto_frontier": "<NA>", "eligibility_population_threshold": true, "eligibility_elderly_threshold": false, "primary_eligible": false, "rank": null }, "geometry": { "type": "Polygon", "coordinates": [ [ [ 135.4375, 35.491666666666674 ], [ 135.44375, 35.491666666666674 ], [ 135.44375, 35.495833333333344 ], [ 135.4375, 35.495833333333344 ], [ 135.4375, 35.491666666666674 ] ] ] } },
{ "type": "Feature", "properties": { "mesh_code": "533513953", "centroid_lat": 35.497916666666683, "centroid_lon": 135.440625, "city_area_fraction": 0.99999999999999989, "centroid_within_city": true, "population": 445, "elderly_population": null, "reported_elderly_population": 5.0, "elderly_ratio": null, "HTKSYORI": "1", "HTKSAKI": null, "GASSAN": "533513951", "disclosure_status": "aggregation_destination", "suppression_flag": false, "aggregation_target_flag": true, "aggregation_flag": true, "primary_eligible_disclosure": false, "nearest_station_name": "松尾寺駅", "nearest_station_distance_m": 1588.5423300618427, "nearest_bus_stop_name": "国立高専前", "nearest_bus_stop_distance_m": 413.95152423728791, "nearest_public_transport_type": "bus_stop", "nearest_public_transport_name": "国立高専前", "nearest_public_transport_distance_m": 413.95152423728791, "nearest_medical_name": "養護老人ホーム安岡園", "nearest_medical_distance_m": 791.79686367490433, "nearest_hospital_name": "医療法人医誠会　東舞鶴医誠会病院", "nearest_hospital_distance_m": 3765.6526999768257, "nearest_clinic_name": "養護老人ホーム安岡園", "nearest_clinic_distance_m": 791.79686367490433, "elderly_population_percentile": "<NA>", "elderly_ratio_percentile": "<NA>", "transport_distance_percentile": "<NA>", "medical_distance_percentile": "<NA>", "exploratory_score_a": "<NA>", "exploratory_score_b": "<NA>", "exploratory_score_c": "<NA>", "rank_a_unfiltered": "<NA>", "rank_b_unfiltered": "<NA>", "rank_c_unfiltered": "<NA>", "pareto_frontier": "<NA>", "eligibility_population_threshold": true, "eligibility_elderly_threshold": false, "primary_eligible": false, "rank": null }, "geometry": { "type": "Polygon", "coordinates": [ [ [ 135.4375, 35.495833333333344 ], [ 135.44375, 35.495833333333344 ], [ 135.44375, 35.5 ], [ 135.4375, 35.5 ], [ 135.4375, 35.495833333333344 ] ] ] } },
{ "type": "Feature", "properties": { "mesh_code": "533513974", "centroid_lat": 35.497916666666683, "centroid_lon": 135.471875, "city_area_fraction": 0.79818345989105899, "centroid_within_city": true, "population": 9, "elderly_population": 6.0, "reported_elderly_population": 6.0, "elderly_ratio": 0.66666666666666663, "HTKSYORI": "0", "HTKSAKI": null, "GASSAN": null, "disclosure_status": "unaffected", "suppression_flag": false, "aggregation_target_flag": false, "aggregation_flag": false, "primary_eligible_disclosure": true, "nearest_station_name": "松尾寺駅", "nearest_station_distance_m": 2365.0916872707207, "nearest_bus_stop_name": "松尾寺口", "nearest_bus_stop_distance_m": 1639.768480403779, "nearest_public_transport_type": "bus_stop", "nearest_public_transport_name": "松尾寺口", "nearest_public_transport_distance_m": 1639.768480403779, "nearest_medical_name": "養護老人ホーム安岡園", "nearest_medical_distance_m": 3114.0882821766932, "nearest_hospital_name": "自衛隊舞鶴病院", "nearest_hospital_distance_m": 6511.574413873348, "nearest_clinic_name": "養護老人ホーム安岡園", "nearest_clinic_distance_m": 3114.0882821766932, "elderly_population_percentile": "0.09090909090909091", "elderly_ratio_percentile": "0.9300699300699301", "transport_distance_percentile": "0.8251748251748252", "medical_distance_percentile": "0.8531468531468531", "exploratory_score_a": "0.07501589319771139", "exploratory_score_b": "0.0775588048315321", "exploratory_score_c": "0.06399957321762789", "rank_a_unfiltered": "223", "rank_b_unfiltered": "223", "rank_c_unfiltered": "155", "pareto_frontier": "False", "eligibility_population_threshold": false, "eligibility_elderly_threshold": false, "primary_eligible": false, "rank": null }, "geometry": { "type": "Polygon", "coordinates": [ [ [ 135.46875, 35.495833333333344 ], [ 135.475, 35.495833333333344 ], [ 135.475, 35.5 ], [ 135.46875, 35.5 ], [ 135.46875, 35.495833333333344 ] ] ] } },
{ "type": "Feature", "properties": { "mesh_code": "533521091", "centroid_lat": 35.502083333333331, "centroid_lon": 135.240625, "city_area_fraction": 1.0000000000000002, "centroid_within_city": true, "population": 33, "elderly_population": null, "reported_elderly_population": 23.0, "elderly_ratio": null, "HTKSYORI": "1", "HTKSAKI": null, "GASSAN": "533521093", "disclosure_status": "aggregation_destination", "suppression_flag": false, "aggregation_target_flag": true, "aggregation_flag": true, "primary_eligible_disclosure": false, "nearest_station_name": "丹後神崎駅", "nearest_station_distance_m": 4838.6865023179816, "nearest_bus_stop_name": "八田・由良川学園前", "nearest_bus_stop_distance_m": 5952.8345231247968, "nearest_public_transport_type": "station", "nearest_public_transport_name": "丹後神崎駅", "nearest_public_transport_distance_m": 4838.6865023179816, "nearest_medical_name": "市立舞鶴市民病院加佐診療所", "nearest_medical_distance_m": 5786.7482891302061, "nearest_hospital_name": "舞鶴赤十字病院", "nearest_hospital_distance_m": 10824.720761267978, "nearest_clinic_name": "市立舞鶴市民病院加佐診療所", "nearest_clinic_distance_m": 5786.7482891302061, "elderly_population_percentile": "<NA>", "elderly_ratio_percentile": "<NA>", "transport_distance_percentile": "<NA>", "medical_distance_percentile": "<NA>", "exploratory_score_a": "<NA>", "exploratory_score_b": "<NA>", "exploratory_score_c": "<NA>", "rank_a_unfiltered": "<NA>", "rank_b_unfiltered": "<NA>", "rank_c_unfiltered": "<NA>", "pareto_frontier": "<NA>", "eligibility_population_threshold": true, "eligibility_elderly_threshold": false, "primary_eligible": false, "rank": null }, "geometry": { "type": "Polygon", "coordinates": [ [ [ 135.2375, 35.5 ], [ 135.24375, 35.5 ], [ 135.24375, 35.50416666666667 ], [ 135.2375, 35.50416666666667 ], [ 135.2375, 35.5 ] ] ] } },
{ "type": "Feature", "properties": { "mesh_code": "533521093", "centroid_lat": 35.50625, "centroid_lon": 135.240625, "city_area_fraction": 0.89800358322213403, "centroid_within_city": true, "population": 7, "elderly_population": null, "reported_elderly_population": null, "elderly_ratio": null, "HTKSYORI": "2", "HTKSAKI": "533521091", "GASSAN": null, "disclosure_status": "suppressed_source", "suppression_flag": true, "aggregation_target_flag": false, "aggregation_flag": false, "primary_eligible_disclosure": false, "nearest_station_name": "丹後神崎駅", "nearest_station_distance_m": 4813.4092716732457, "nearest_bus_stop_name": "八田・由良川学園前", "nearest_bus_stop_distance_m": 6384.2461433585058, "nearest_public_transport_type": "station", "nearest_public_transport_name": "丹後神崎駅", "nearest_public_transport_distance_m": 4813.4092716732457, "nearest_medical_name": "市立舞鶴市民病院加佐診療所", "nearest_medical_distance_m": 6221.2097640556321, "nearest_hospital_name": "舞鶴赤十字病院", "nearest_hospital_distance_m": 11102.334980653915, "nearest_clinic_name": "市立舞鶴市民病院加佐診療所", "nearest_clinic_distance_m": 6221.2097640556321, "elderly_population_percentile": "<NA>", "elderly_ratio_percentile": "<NA>", "transport_distance_percentile": "<NA>", "medical_distance_percentile": "<NA>", "exploratory_score_a": "<NA>", "exploratory_score_b": "<NA>", "exploratory_score_c": "<NA>", "rank_a_unfiltered": "<NA>", "rank_b_unfiltered": "<NA>", "rank_c_unfiltered": "<NA>", "pareto_frontier": "<NA>", "eligibility_population_threshold": false, "eligibility_elderly_threshold": false, "primary_eligible": false, "rank": null }, "geometry": { "type": "Polygon", "coordinates": [ [ [ 135.2375, 35.50416666666667 ], [ 135.24375, 35.50416666666667 ], [ 135.24375, 35.50833333333334 ], [ 135.2375, 35.50833333333334 ], [ 135.2375, 35.50416666666667 ] ] ] } },
{ "type": "Feature", "properties": { "mesh_code": "533522031", "centroid_lat": 35.502083333333331, "centroid_lon": 135.290625, "city_area_fraction": 0.97198989874539377, "centroid_within_city": true, "population": 2, "elderly_population": null, "reported_elderly_population": null, "elderly_ratio": null, "HTKSYORI": "2", "HTKSAKI": "533522034", "GASSAN": null, "disclosure_status": "suppressed_source", "suppression_flag": true, "aggregation_target_flag": false, "aggregation_flag": false, "primary_eligible_disclosure": false, "nearest_station_name": "丹後神崎駅", "nearest_station_distance_m": 566.32612954600222, "nearest_bus_stop_name": "二尾", "nearest_bus_stop_distance_m": 5538.4244694412628, "nearest_public_transport_type": "station", "nearest_public_transport_name": "丹後神崎駅", "nearest_public_transport_distance_m": 566.32612954600222, "nearest_medical_name": "国土交通省共済組合海上保安学校診療所", "nearest_medical_distance_m": 5832.8562085996027, "nearest_hospital_name": "舞鶴赤十字病院", "nearest_hospital_distance_m": 7632.3388816479055, "nearest_clinic_name": "国土交通省共済組合海上保安学校診療所", "nearest_clinic_distance_m": 5832.8562085996027, "elderly_population_percentile": "<NA>", "elderly_ratio_percentile": "<NA>", "transport_distance_percentile": "<NA>", "medical_distance_percentile": "<NA>", "exploratory_score_a": "<NA>", "exploratory_score_b": "<NA>", "exploratory_score_c": "<NA>", "rank_a_unfiltered": "<NA>", "rank_b_unfiltered": "<NA>", "rank_c_unfiltered": "<NA>", "pareto_frontier": "<NA>", "eligibility_population_threshold": false, "eligibility_elderly_threshold": false, "primary_eligible": false, "rank": null }, "geometry": { "type": "Polygon", "coordinates": [ [ [ 135.2875, 35.5 ], [ 135.29375, 35.5 ], [ 135.29375, 35.50416666666667 ], [ 135.2875, 35.50416666666667 ], [ 135.2875, 35.5 ] ] ] } },
{ "type": "Feature", "properties": { "mesh_code": "533522032", "centroid_lat": 35.502083333333331, "centroid_lon": 135.296875, "city_area_fraction": 0.99999999999999989, "centroid_within_city": true, "population": 13, "elderly_population": 5.0, "reported_elderly_population": 5.0, "elderly_ratio": 0.38461538461538464, "HTKSYORI": "0", "HTKSAKI": null, "GASSAN": null, "disclosure_status": "unaffected", "suppression_flag": false, "aggregation_target_flag": false, "aggregation_flag": false, "primary_eligible_disclosure": true, "nearest_station_name": "丹後神崎駅", "nearest_station_distance_m": 572.39187654327691, "nearest_bus_stop_name": "二尾", "nearest_bus_stop_distance_m": 5190.6810405000206, "nearest_public_transport_type": "station", "nearest_public_transport_name": "丹後神崎駅", "nearest_public_transport_distance_m": 572.39187654327691, "nearest_medical_name": "国土交通省共済組合海上保安学校診療所", "nearest_medical_distance_m": 5287.6884142269428, "nearest_hospital_name": "舞鶴赤十字病院", "nearest_hospital_distance_m": 7333.6900208122725, "nearest_clinic_name": "国土交通省共済組合海上保安学校診療所", "nearest_clinic_distance_m": 5287.6884142269428, "elderly_population_percentile": "0.06468531468531469", "elderly_ratio_percentile": "0.479020979020979", "transport_distance_percentile": "0.5664335664335665", "medical_distance_percentile": "0.9475524475524476", "exploratory_score_a": "0.03663993349308035", "exploratory_score_b": "0.061292728250770215", "exploratory_score_c": "0.034718258659527185", "rank_a_unfiltered": "255", "rank_b_unfiltered": "236", "rank_c_unfiltered": "203", "pareto_frontier": "False", "eligibility_population_threshold": false, "eligibility_elderly_threshold": false, "primary_eligible": false, "rank": null }, "geometry": { "type": "Polygon", "coordinates": [ [ [ 135.29375, 35.5 ], [ 135.3, 35.5 ], [ 135.3, 35.50416666666667 ], [ 135.29375, 35.50416666666667 ], [ 135.29375, 35.5 ] ] ] } },
{ "type": "Feature", "properties": { "mesh_code": "533522034", "centroid_lat": 35.50625, "centroid_lon": 135.296875, "city_area_fraction": 1.0, "centroid_within_city": true, "population": 32, "elderly_population": null, "reported_elderly_population": 15.0, "elderly_ratio": null, "HTKSYORI": "1", "HTKSAKI": null, "GASSAN": "533522031", "disclosure_status": "aggregation_destination", "suppression_flag": false, "aggregation_target_flag": true, "aggregation_flag": true, "primary_eligible_disclosure": false, "nearest_station_name": "丹後神崎駅", "nearest_station_distance_m": 291.28796939395994, "nearest_bus_stop_name": "二尾", "nearest_bus_stop_distance_m": 5573.9537980581554, "nearest_public_transport_type": "station", "nearest_public_transport_name": "丹後神崎駅", "nearest_public_transport_distance_m": 291.28796939395994, "nearest_medical_name": "国土交通省共済組合海上保安学校診療所", "nearest_medical_distance_m": 5439.2007605391982, "nearest_hospital_name": "舞鶴赤十字病院", "nearest_hospital_distance_m": 7737.7965477601037, "nearest_clinic_name": "国土交通省共済組合海上保安学校診療所", "nearest_clinic_distance_m": 5439.2007605391982, "elderly_population_percentile": "<NA>", "elderly_ratio_percentile": "<NA>", "transport_distance_percentile": "<NA>", "medical_distance_percentile": "<NA>", "exploratory_score_a": "<NA>", "exploratory_score_b": "<NA>", "exploratory_score_c": "<NA>", "rank_a_unfiltered": "<NA>", "rank_b_unfiltered": "<NA>", "rank_c_unfiltered": "<NA>", "pareto_frontier": "<NA>", "eligibility_population_threshold": true, "eligibility_elderly_threshold": false, "primary_eligible": false, "rank": null }, "geometry": { "type": "Polygon", "coordinates": [ [ [ 135.29375, 35.50416666666667 ], [ 135.3, 35.50416666666667 ], [ 135.3, 35.50833333333334 ], [ 135.29375, 35.50833333333334 ], [ 135.29375, 35.50416666666667 ] ] ] } },
{ "type": "Feature", "properties": { "mesh_code": "533522062", "centroid_lat": 35.502083333333331, "centroid_lon": 135.334375, "city_area_fraction": 0.32676059207719937, "centroid_within_city": false, "population": 4, "elderly_population": null, "reported_elderly_population": null, "elderly_ratio": null, "HTKSYORI": "2", "HTKSAKI": "533522172", "GASSAN": null, "disclosure_status": "suppressed_source", "suppression_flag": true, "aggregation_target_flag": false, "aggregation_flag": false, "primary_eligible_disclosure": false, "nearest_station_name": "丹後神崎駅", "nearest_station_distance_m": 3724.4535815320214, "nearest_bus_stop_name": "海上保安学校前", "nearest_bus_stop_distance_m": 2466.4826564474647, "nearest_public_transport_type": "bus_stop", "nearest_public_transport_name": "海上保安学校前", "nearest_public_transport_distance_m": 2466.4826564474647, "nearest_medical_name": "国土交通省共済組合海上保安学校診療所", "nearest_medical_distance_m": 2256.0833882236766, "nearest_hospital_name": "医療法人医誠会　東舞鶴医誠会病院", "nearest_hospital_distance_m": 5906.0494288963364, "nearest_clinic_name": "国土交通省共済組合海上保安学校診療所", "nearest_clinic_distance_m": 2256.0833882236766, "elderly_population_percentile": "<NA>", "elderly_ratio_percentile": "<NA>", "transport_distance_percentile": "<NA>", "medical_distance_percentile": "<NA>", "exploratory_score_a": "<NA>", "exploratory_score_b": "<NA>", "exploratory_score_c": "<NA>", "rank_a_unfiltered": "<NA>", "rank_b_unfiltered": "<NA>", "rank_c_unfiltered": "<NA>", "pareto_frontier": "<NA>", "eligibility_population_threshold": false, "eligibility_elderly_threshold": false, "primary_eligible": false, "rank": null }, "geometry": { "type": "Polygon", "coordinates": [ [ [ 135.33125, 35.5 ], [ 135.3375, 35.5 ], [ 135.3375, 35.50416666666667 ], [ 135.33125, 35.50416666666667 ], [ 135.33125, 35.5 ] ] ] } },
{ "type": "Feature", "properties": { "mesh_code": "533522064", "centroid_lat": 35.50625, "centroid_lon": 135.334375, "city_area_fraction": 0.45626922175065704, "centroid_within_city": false, "population": 2, "elderly_population": null, "reported_elderly_population": null, "elderly_ratio": null, "HTKSYORI": "2", "HTKSAKI": "533522172", "GASSAN": null, "disclosure_status": "suppressed_source", "suppression_flag": true, "aggregation_target_flag": false, "aggregation_flag": false, "primary_eligible_disclosure": false, "nearest_station_name": "丹後神崎駅", "nearest_station_distance_m": 3691.6219176264126, "nearest_bus_stop_name": "海上保安学校前", "nearest_bus_stop_distance_m": 2794.159842437366, "nearest_public_transport_type": "bus_stop", "nearest_public_transport_name": "海上保安学校前", "nearest_public_transport_distance_m": 2794.159842437366, "nearest_medical_name": "国土交通省共済組合海上保安学校診療所", "nearest_medical_distance_m": 2591.5904833683885, "nearest_hospital_name": "医療法人医誠会　東舞鶴医誠会病院", "nearest_hospital_distance_m": 5921.5733276659303, "nearest_clinic_name": "国土交通省共済組合海上保安学校診療所", "nearest_clinic_distance_m": 2591.5904833683885, "elderly_population_percentile": "<NA>", "elderly_ratio_percentile": "<NA>", "transport_distance_percentile": "<NA>", "medical_distance_percentile": "<NA>", "exploratory_score_a": "<NA>", "exploratory_score_b": "<NA>", "exploratory_score_c": "<NA>", "rank_a_unfiltered": "<NA>", "rank_b_unfiltered": "<NA>", "rank_c_unfiltered": "<NA>", "pareto_frontier": "<NA>", "eligibility_population_threshold": false, "eligibility_elderly_threshold": false, "primary_eligible": false, "rank": null }, "geometry": { "type": "Polygon", "coordinates": [ [ [ 135.33125, 35.50416666666667 ], [ 135.3375, 35.50416666666667 ], [ 135.3375, 35.50833333333334 ], [ 135.33125, 35.50833333333334 ], [ 135.33125, 35.50416666666667 ] ] ] } },
{ "type": "Feature", "properties": { "mesh_code": "533522084", "centroid_lat": 35.50625, "centroid_lon": 135.359375, "city_area_fraction": 0.84667358568372553, "centroid_within_city": true, "population": 74, "elderly_population": 25.0, "reported_elderly_population": 25.0, "elderly_ratio": 0.33783783783783783, "HTKSYORI": "0", "HTKSAKI": null, "GASSAN": null, "disclosure_status": "unaffected", "suppression_flag": false, "aggregation_target_flag": false, "aggregation_flag": false, "primary_eligible_disclosure": true, "nearest_station_name": "東舞鶴駅", "nearest_station_distance_m": 5272.3149585262763, "nearest_bus_stop_name": "海上保安学校前", "nearest_bus_stop_distance_m": 2137.5498601598078, "nearest_public_transport_type": "bus_stop", "nearest_public_transport_name": "海上保安学校前", "nearest_public_transport_distance_m": 2137.5498601598078, "nearest_medical_name": "国土交通省共済組合海上保安学校診療所", "nearest_medical_distance_m": 2081.4321061013543, "nearest_hospital_name": "医療法人医誠会　東舞鶴医誠会病院", "nearest_hospital_distance_m": 3663.355600851402, "nearest_clinic_name": "国土交通省共済組合海上保安学校診療所", "nearest_clinic_distance_m": 2081.4321061013543, "elderly_population_percentile": "0.48426573426573427", "elderly_ratio_percentile": "0.3706293706293706", "transport_distance_percentile": "0.8916083916083916", "medical_distance_percentile": "0.7202797202797203", "exploratory_score_a": "0.43177539243972807", "exploratory_score_b": "0.34880678761797645", "exploratory_score_c": "0.3109990588901538", "rank_a_unfiltered": "34", "rank_b_unfiltered": "47", "rank_c_unfiltered": "18", "pareto_frontier": "False", "eligibility_population_threshold": true, "eligibility_elderly_threshold": true, "primary_eligible": true, "rank": 18 }, "geometry": { "type": "Polygon", "coordinates": [ [ [ 135.35625, 35.50416666666667 ], [ 135.3625, 35.50416666666667 ], [ 135.3625, 35.50833333333334 ], [ 135.35625, 35.50833333333334 ], [ 135.35625, 35.50416666666667 ] ] ] } },
{ "type": "Feature", "properties": { "mesh_code": "533522094", "centroid_lat": 35.50625, "centroid_lon": 135.371875, "city_area_fraction": 0.66882638909347403, "centroid_within_city": true, "population": 62, "elderly_population": 34.0, "reported_elderly_population": 34.0, "elderly_ratio": 0.54838709677419351, "HTKSYORI": "0", "HTKSAKI": null, "GASSAN": null, "disclosure_status": "unaffected", "suppression_flag": false, "aggregation_target_flag": false, "aggregation_flag": false, "primary_eligible_disclosure": true, "nearest_station_name": "東舞鶴駅", "nearest_station_distance_m": 4667.9400821761083, "nearest_bus_stop_name": "平", "nearest_bus_stop_distance_m": 1951.2934557905219, "nearest_public_transport_type": "bus_stop", "nearest_public_transport_name": "平", "nearest_public_transport_distance_m": 1951.2934557905219, "nearest_medical_name": "医療法人医誠会　東舞鶴医誠会病院", "nearest_medical_distance_m": 2540.782700682857, "nearest_hospital_name": "医療法人医誠会　東舞鶴医誠会病院", "nearest_hospital_distance_m": 2540.782700682857, "nearest_clinic_name": "国土交通省共済組合海上保安学校診療所", "nearest_clinic_distance_m": 2645.5336402368848, "elderly_population_percentile": "0.5681818181818182", "elderly_ratio_percentile": "0.8041958041958042", "transport_distance_percentile": "0.8706293706293706", "medical_distance_percentile": "0.7727272727272727", "exploratory_score_a": "0.4946757787666879", "exploratory_score_b": "0.4390495867768595", "exploratory_score_c": "0.38224946541062244", "rank_a_unfiltered": "16", "rank_b_unfiltered": "25", "rank_c_unfiltered": "8", "pareto_frontier": "False", "eligibility_population_threshold": true, "eligibility_elderly_threshold": true, "primary_eligible": true, "rank": 8 }, "geometry": { "type": "Polygon", "coordinates": [ [ [ 135.36875, 35.50416666666667 ], [ 135.375, 35.50416666666667 ], [ 135.375, 35.50833333333334 ], [ 135.36875, 35.50833333333334 ], [ 135.36875, 35.50416666666667 ] ] ] } },
{ "type": "Feature", "properties": { "mesh_code": "533522131", "centroid_lat": 35.510416666666671, "centroid_lon": 135.290625, "city_area_fraction": 0.92917255686005151, "centroid_within_city": true, "population": 2, "elderly_population": null, "reported_elderly_population": null, "elderly_ratio": null, "HTKSYORI": "2", "HTKSAKI": "533522132", "GASSAN": null, "disclosure_status": "suppressed_source", "suppression_flag": true, "aggregation_target_flag": false, "aggregation_flag": false, "primary_eligible_disclosure": false, "nearest_station_name": "丹後神崎駅", "nearest_station_distance_m": 512.38864637871689, "nearest_bus_stop_name": "二尾", "nearest_bus_stop_distance_m": 6273.1758302500302, "nearest_public_transport_type": "station", "nearest_public_transport_name": "丹後神崎駅", "nearest_public_transport_distance_m": 512.38864637871689, "nearest_medical_name": "国土交通省共済組合海上保安学校診療所", "nearest_medical_distance_m": 6139.9904092730594, "nearest_hospital_name": "舞鶴赤十字病院", "nearest_hospital_distance_m": 8417.8681355815315, "nearest_clinic_name": "国土交通省共済組合海上保安学校診療所", "nearest_clinic_distance_m": 6139.9904092730594, "elderly_population_percentile": "<NA>", "elderly_ratio_percentile": "<NA>", "transport_distance_percentile": "<NA>", "medical_distance_percentile": "<NA>", "exploratory_score_a": "<NA>", "exploratory_score_b": "<NA>", "exploratory_score_c": "<NA>", "rank_a_unfiltered": "<NA>", "rank_b_unfiltered": "<NA>", "rank_c_unfiltered": "<NA>", "pareto_frontier": "<NA>", "eligibility_population_threshold": false, "eligibility_elderly_threshold": false, "primary_eligible": false, "rank": null }, "geometry": { "type": "Polygon", "coordinates": [ [ [ 135.2875, 35.508333333333333 ], [ 135.29375, 35.508333333333333 ], [ 135.29375, 35.5125 ], [ 135.2875, 35.5125 ], [ 135.2875, 35.508333333333333 ] ] ] } },
{ "type": "Feature", "properties": { "mesh_code": "533522132", "centroid_lat": 35.510416666666671, "centroid_lon": 135.296875, "city_area_fraction": 0.99999999999999989, "centroid_within_city": true, "population": 129, "elderly_population": null, "reported_elderly_population": 67.0, "elderly_ratio": null, "HTKSYORI": "1", "HTKSAKI": null, "GASSAN": "533522131", "disclosure_status": "aggregation_destination", "suppression_flag": false, "aggregation_target_flag": true, "aggregation_flag": true, "primary_eligible_disclosure": false, "nearest_station_name": "丹後神崎駅", "nearest_station_distance_m": 519.08442353864598, "nearest_bus_stop_name": "海上保安学校前", "nearest_bus_stop_distance_m": 5840.1543635300914, "nearest_public_transport_type": "station", "nearest_public_transport_name": "丹後神崎駅", "nearest_public_transport_distance_m": 519.08442353864598, "nearest_medical_name": "国土交通省共済組合海上保安学校診療所", "nearest_medical_distance_m": 5624.7259920899187, "nearest_hospital_name": "舞鶴赤十字病院", "nearest_hospital_distance_m": 8148.0897726612548, "nearest_clinic_name": "国土交通省共済組合海上保安学校診療所", "nearest_clinic_distance_m": 5624.7259920899187, "elderly_population_percentile": "<NA>", "elderly_ratio_percentile": "<NA>", "transport_distance_percentile": "<NA>", "medical_distance_percentile": "<NA>", "exploratory_score_a": "<NA>", "exploratory_score_b": "<NA>", "exploratory_score_c": "<NA>", "rank_a_unfiltered": "<NA>", "rank_b_unfiltered": "<NA>", "rank_c_unfiltered": "<NA>", "pareto_frontier": "<NA>", "eligibility_population_threshold": true, "eligibility_elderly_threshold": false, "primary_eligible": false, "rank": null }, "geometry": { "type": "Polygon", "coordinates": [ [ [ 135.29375, 35.508333333333333 ], [ 135.3, 35.508333333333333 ], [ 135.3, 35.5125 ], [ 135.29375, 35.5125 ], [ 135.29375, 35.508333333333333 ] ] ] } },
{ "type": "Feature", "properties": { "mesh_code": "533522133", "centroid_lat": 35.514583333333334, "centroid_lon": 135.290625, "city_area_fraction": 0.72969689021969664, "centroid_within_city": true, "population": 22, "elderly_population": 15.0, "reported_elderly_population": 15.0, "elderly_ratio": 0.68181818181818177, "HTKSYORI": "0", "HTKSAKI": null, "GASSAN": null, "disclosure_status": "unaffected", "suppression_flag": false, "aggregation_target_flag": false, "aggregation_flag": false, "primary_eligible_disclosure": true, "nearest_station_name": "丹後神崎駅", "nearest_station_distance_m": 935.16180663992873, "nearest_bus_stop_name": "海上保安学校前", "nearest_bus_stop_distance_m": 6554.3840566663021, "nearest_public_transport_type": "station", "nearest_public_transport_name": "丹後神崎駅", "nearest_public_transport_distance_m": 935.16180663992873, "nearest_medical_name": "国土交通省共済組合海上保安学校診療所", "nearest_medical_distance_m": 6338.7057912130376, "nearest_hospital_name": "舞鶴赤十字病院", "nearest_hospital_distance_m": 8820.7447016235874, "nearest_clinic_name": "国土交通省共済組合海上保安学校診療所", "nearest_clinic_distance_m": 6338.7057912130376, "elderly_population_percentile": "0.3339160839160839", "elderly_ratio_percentile": "0.9370629370629371", "transport_distance_percentile": "0.6993006993006993", "medical_distance_percentile": "0.972027972027972", "exploratory_score_a": "0.23350775099026846", "exploratory_score_b": "0.32457577387647313", "exploratory_score_c": "0.2269760656478833", "rank_a_unfiltered": "114", "rank_b_unfiltered": "60", "rank_c_unfiltered": "37", "pareto_frontier": "False", "eligibility_population_threshold": true, "eligibility_elderly_threshold": true, "primary_eligible": true, "rank": 36 }, "geometry": { "type": "Polygon", "coordinates": [ [ [ 135.2875, 35.5125 ], [ 135.29375, 35.5125 ], [ 135.29375, 35.516666666666673 ], [ 135.2875, 35.516666666666673 ], [ 135.2875, 35.5125 ] ] ] } },
{ "type": "Feature", "properties": { "mesh_code": "533522134", "centroid_lat": 35.514583333333334, "centroid_lon": 135.296875, "city_area_fraction": 0.68650678287071387, "centroid_within_city": true, "population": 44, "elderly_population": 22.0, "reported_elderly_population": 22.0, "elderly_ratio": 0.5, "HTKSYORI": "0", "HTKSAKI": null, "GASSAN": null, "disclosure_status": "unaffected", "suppression_flag": false, "aggregation_target_flag": false, "aggregation_flag": false, "primary_eligible_disclosure": true, "nearest_station_name": "丹後神崎駅", "nearest_station_distance_m": 938.84674677614646, "nearest_bus_stop_name": "海上保安学校前", "nearest_bus_stop_distance_m": 6056.7912797696463, "nearest_public_transport_type": "station", "nearest_public_transport_name": "丹後神崎駅", "nearest_public_transport_distance_m": 938.84674677614646, "nearest_medical_name": "国土交通省共済組合海上保安学校診療所", "nearest_medical_distance_m": 5841.0240852765892, "nearest_hospital_name": "舞鶴赤十字病院", "nearest_hospital_distance_m": 8563.6805632176856, "nearest_clinic_name": "国土交通省共済組合海上保安学校診療所", "nearest_clinic_distance_m": 5841.0240852765892, "elderly_population_percentile": "0.43356643356643354", "elderly_ratio_percentile": "0.7202797202797203", "transport_distance_percentile": "0.7027972027972028", "medical_distance_percentile": "0.958041958041958", "exploratory_score_a": "0.30470927673724874", "exploratory_score_b": "0.4153748349552545", "exploratory_score_c": "0.29192427211890265", "rank_a_unfiltered": "82", "rank_b_unfiltered": "32", "rank_c_unfiltered": "19", "pareto_frontier": "True", "eligibility_population_threshold": true, "eligibility_elderly_threshold": true, "primary_eligible": true, "rank": 19 }, "geometry": { "type": "Polygon", "coordinates": [ [ [ 135.29375, 35.5125 ], [ 135.3, 35.5125 ], [ 135.3, 35.516666666666673 ], [ 135.29375, 35.516666666666673 ], [ 135.29375, 35.5125 ] ] ] } },
{ "type": "Feature", "properties": { "mesh_code": "533522141", "centroid_lat": 35.510416666666671, "centroid_lon": 135.303125, "city_area_fraction": 0.99999999999999978, "centroid_within_city": true, "population": 102, "elderly_population": null, "reported_elderly_population": 37.0, "elderly_ratio": null, "HTKSYORI": "1", "HTKSAKI": null, "GASSAN": "533522143", "disclosure_status": "aggregation_destination", "suppression_flag": false, "aggregation_target_flag": true, "aggregation_flag": true, "primary_eligible_disclosure": false, "nearest_station_name": "丹後神崎駅", "nearest_station_distance_m": 958.78398619020038, "nearest_bus_stop_name": "海上保安学校前", "nearest_bus_stop_distance_m": 5336.1897648057302, "nearest_public_transport_type": "station", "nearest_public_transport_name": "丹後神崎駅", "nearest_public_transport_distance_m": 958.78398619020038, "nearest_medical_name": "国土交通省共済組合海上保安学校診療所", "nearest_medical_distance_m": 5120.4164784778495, "nearest_hospital_name": "舞鶴赤十字病院", "nearest_hospital_distance_m": 7909.8443547138495, "nearest_clinic_name": "国土交通省共済組合海上保安学校診療所", "nearest_clinic_distance_m": 5120.4164784778495, "elderly_population_percentile": "<NA>", "elderly_ratio_percentile": "<NA>", "transport_distance_percentile": "<NA>", "medical_distance_percentile": "<NA>", "exploratory_score_a": "<NA>", "exploratory_score_b": "<NA>", "exploratory_score_c": "<NA>", "rank_a_unfiltered": "<NA>", "rank_b_unfiltered": "<NA>", "rank_c_unfiltered": "<NA>", "pareto_frontier": "<NA>", "eligibility_population_threshold": true, "eligibility_elderly_threshold": false, "primary_eligible": false, "rank": null }, "geometry": { "type": "Polygon", "coordinates": [ [ [ 135.3, 35.508333333333333 ], [ 135.30625, 35.508333333333333 ], [ 135.30625, 35.5125 ], [ 135.3, 35.5125 ], [ 135.3, 35.508333333333333 ] ] ] } },
{ "type": "Feature", "properties": { "mesh_code": "533522143", "centroid_lat": 35.514583333333334, "centroid_lon": 135.303125, "city_area_fraction": 0.32071562065043557, "centroid_within_city": false, "population": 7, "elderly_population": null, "reported_elderly_population": null, "elderly_ratio": null, "HTKSYORI": "2", "HTKSAKI": "533522141", "GASSAN": null, "disclosure_status": "suppressed_source", "suppression_flag": true, "aggregation_target_flag": false, "aggregation_flag": false, "primary_eligible_disclosure": false, "nearest_station_name": "丹後神崎駅", "nearest_station_distance_m": 1237.4236093527236, "nearest_bus_stop_name": "海上保安学校前", "nearest_bus_stop_distance_m": 5572.4794806889868, "nearest_public_transport_type": "station", "nearest_public_transport_name": "丹後神崎駅", "nearest_public_transport_distance_m": 1237.4236093527236, "nearest_medical_name": "国土交通省共済組合海上保安学校診療所", "nearest_medical_distance_m": 5357.1412694781384, "nearest_hospital_name": "舞鶴赤十字病院", "nearest_hospital_distance_m": 8337.3309322346522, "nearest_clinic_name": "国土交通省共済組合海上保安学校診療所", "nearest_clinic_distance_m": 5357.1412694781384, "elderly_population_percentile": "<NA>", "elderly_ratio_percentile": "<NA>", "transport_distance_percentile": "<NA>", "medical_distance_percentile": "<NA>", "exploratory_score_a": "<NA>", "exploratory_score_b": "<NA>", "exploratory_score_c": "<NA>", "rank_a_unfiltered": "<NA>", "rank_b_unfiltered": "<NA>", "rank_c_unfiltered": "<NA>", "pareto_frontier": "<NA>", "eligibility_population_threshold": false, "eligibility_elderly_threshold": false, "primary_eligible": false, "rank": null }, "geometry": { "type": "Polygon", "coordinates": [ [ [ 135.3, 35.5125 ], [ 135.30625, 35.5125 ], [ 135.30625, 35.516666666666673 ], [ 135.3, 35.516666666666673 ], [ 135.3, 35.5125 ] ] ] } },
{ "type": "Feature", "properties": { "mesh_code": "533522172", "centroid_lat": 35.510416666666671, "centroid_lon": 135.346875, "city_area_fraction": 0.58121386989652002, "centroid_within_city": false, "population": 59, "elderly_population": null, "reported_elderly_population": 35.0, "elderly_ratio": null, "HTKSYORI": "1", "HTKSAKI": null, "GASSAN": "533522062;533522064", "disclosure_status": "aggregation_destination", "suppression_flag": false, "aggregation_target_flag": true, "aggregation_flag": true, "primary_eligible_disclosure": false, "nearest_station_name": "丹後神崎駅", "nearest_station_distance_m": 4844.5202403846806, "nearest_bus_stop_name": "海上保安学校前", "nearest_bus_stop_distance_m": 2655.8168404578382, "nearest_public_transport_type": "bus_stop", "nearest_public_transport_name": "海上保安学校前", "nearest_public_transport_distance_m": 2655.8168404578382, "nearest_medical_name": "国土交通省共済組合海上保安学校診療所", "nearest_medical_distance_m": 2508.4097125356975, "nearest_hospital_name": "医療法人医誠会　東舞鶴医誠会病院", "nearest_hospital_distance_m": 4854.7158099271264, "nearest_clinic_name": "国土交通省共済組合海上保安学校診療所", "nearest_clinic_distance_m": 2508.4097125356975, "elderly_population_percentile": "<NA>", "elderly_ratio_percentile": "<NA>", "transport_distance_percentile": "<NA>", "medical_distance_percentile": "<NA>", "exploratory_score_a": "<NA>", "exploratory_score_b": "<NA>", "exploratory_score_c": "<NA>", "rank_a_unfiltered": "<NA>", "rank_b_unfiltered": "<NA>", "rank_c_unfiltered": "<NA>", "pareto_frontier": "<NA>", "eligibility_population_threshold": true, "eligibility_elderly_threshold": false, "primary_eligible": false, "rank": null }, "geometry": { "type": "Polygon", "coordinates": [ [ [ 135.34375, 35.508333333333333 ], [ 135.35, 35.508333333333333 ], [ 135.35, 35.5125 ], [ 135.34375, 35.5125 ], [ 135.34375, 35.508333333333333 ] ] ] } },
{ "type": "Feature", "properties": { "mesh_code": "533522174", "centroid_lat": 35.514583333333334, "centroid_lon": 135.346875, "city_area_fraction": 0.82623276517748767, "centroid_within_city": true, "population": 46, "elderly_population": 20.0, "reported_elderly_population": 20.0, "elderly_ratio": 0.43478260869565216, "HTKSYORI": "0", "HTKSAKI": null, "GASSAN": null, "disclosure_status": "unaffected", "suppression_flag": false, "aggregation_target_flag": false, "aggregation_flag": false, "primary_eligible_disclosure": true, "nearest_station_name": "丹後神崎駅", "nearest_station_distance_m": 4907.1537594334359, "nearest_bus_stop_name": "海上保安学校前", "nearest_bus_stop_distance_m": 3103.5561602706198, "nearest_public_transport_type": "bus_stop", "nearest_public_transport_name": "海上保安学校前", "nearest_public_transport_distance_m": 3103.5561602706198, "nearest_medical_name": "国土交通省共済組合海上保安学校診療所", "nearest_medical_distance_m": 2961.9979210752272, "nearest_hospital_name": "医療法人医誠会　東舞鶴医誠会病院", "nearest_hospital_distance_m": 4960.5697671615899, "nearest_clinic_name": "国土交通省共済組合海上保安学校診療所", "nearest_clinic_distance_m": 2961.9979210752272, "elderly_population_percentile": "0.41083916083916083", "elderly_ratio_percentile": "0.5926573426573427", "transport_distance_percentile": "0.9475524475524476", "medical_distance_percentile": "0.8391608391608392", "exploratory_score_a": "0.3892916524035405", "exploratory_score_b": "0.3447601349699252", "exploratory_score_c": "0.32667830970926476", "rank_a_unfiltered": "46", "rank_b_unfiltered": "49", "rank_c_unfiltered": "15", "pareto_frontier": "False", "eligibility_population_threshold": true, "eligibility_elderly_threshold": true, "primary_eligible": true, "rank": 15 }, "geometry": { "type": "Polygon", "coordinates": [ [ [ 135.34375, 35.5125 ], [ 135.35, 35.5125 ], [ 135.35, 35.516666666666673 ], [ 135.34375, 35.516666666666673 ], [ 135.34375, 35.5125 ] ] ] } },
{ "type": "Feature", "properties": { "mesh_code": "533522272", "centroid_lat": 35.51875, "centroid_lon": 135.346875, "city_area_fraction": 0.12765157404076102, "centroid_within_city": false, "population": 26, "elderly_population": 15.0, "reported_elderly_population": 15.0, "elderly_ratio": 0.57692307692307687, "HTKSYORI": "0", "HTKSAKI": null, "GASSAN": null, "disclosure_status": "unaffected", "suppression_flag": false, "aggregation_target_flag": false, "aggregation_flag": false, "primary_eligible_disclosure": true, "nearest_station_name": "丹後神崎駅", "nearest_station_distance_m": 5011.8182445551884, "nearest_bus_stop_name": "海上保安学校前", "nearest_bus_stop_distance_m": 3555.0160233018487, "nearest_public_transport_type": "bus_stop", "nearest_public_transport_name": "海上保安学校前", "nearest_public_transport_distance_m": 3555.0160233018487, "nearest_medical_name": "国土交通省共済組合海上保安学校診療所", "nearest_medical_distance_m": 3417.9122969393043, "nearest_hospital_name": "医療法人医誠会　東舞鶴医誠会病院", "nearest_hospital_distance_m": 5106.2330519077123, "nearest_clinic_name": "国土交通省共済組合海上保安学校診療所", "nearest_clinic_distance_m": 3417.9122969393043, "elderly_population_percentile": "0.3339160839160839", "elderly_ratio_percentile": "0.8321678321678322", "transport_distance_percentile": "0.972027972027972", "medical_distance_percentile": "0.8846153846153846", "exploratory_score_a": "0.32457577387647313", "exploratory_score_b": "0.2953873050026896", "exploratory_score_c": "0.28712472304457237", "rank_a_unfiltered": "69", "rank_b_unfiltered": "71", "rank_c_unfiltered": "21", "pareto_frontier": "False", "eligibility_population_threshold": true, "eligibility_elderly_threshold": true, "primary_eligible": true, "rank": 21 }, "geometry": { "type": "Polygon", "coordinates": [ [ [ 135.34375, 35.516666666666666 ], [ 135.35, 35.516666666666666 ], [ 135.35, 35.520833333333336 ], [ 135.34375, 35.520833333333336 ], [ 135.34375, 35.516666666666666 ] ] ] } },
{ "type": "Feature", "properties": { "mesh_code": "533522274", "centroid_lat": 35.522916666666674, "centroid_lon": 135.346875, "city_area_fraction": 0.9095638705233795, "centroid_within_city": true, "population": 58, "elderly_population": 27.0, "reported_elderly_population": 27.0, "elderly_ratio": 0.46551724137931033, "HTKSYORI": "0", "HTKSAKI": null, "GASSAN": null, "disclosure_status": "unaffected", "suppression_flag": false, "aggregation_target_flag": false, "aggregation_flag": false, "primary_eligible_disclosure": true, "nearest_station_name": "丹後神崎駅", "nearest_station_distance_m": 5155.9547645664279, "nearest_bus_stop_name": "赤野", "nearest_bus_stop_distance_m": 3898.3555479908027, "nearest_public_transport_type": "bus_stop", "nearest_public_transport_name": "赤野", "nearest_public_transport_distance_m": 3898.3555479908027, "nearest_medical_name": "国土交通省共済組合海上保安学校診療所", "nearest_medical_distance_m": 3875.3320532675343, "nearest_hospital_name": "医療法人医誠会　東舞鶴医誠会病院", "nearest_hospital_distance_m": 5288.4172654567601, "nearest_clinic_name": "国土交通省共済組合海上保安学校診療所", "nearest_clinic_distance_m": 3875.3320532675343, "elderly_population_percentile": "0.5157342657342657", "elderly_ratio_percentile": "0.6608391608391608", "transport_distance_percentile": "0.9825174825174825", "medical_distance_percentile": "0.9125874125874126", "exploratory_score_a": "0.5067179324172331", "exploratory_score_b": "0.4706525991491026", "exploratory_score_c": "0.4624244068562861", "rank_a_unfiltered": "13", "rank_b_unfiltered": "18", "rank_c_unfiltered": "2", "pareto_frontier": "True", "eligibility_population_threshold": true, "eligibility_elderly_threshold": true, "primary_eligible": true, "rank": 2 }, "geometry": { "type": "Polygon", "coordinates": [ [ [ 135.34375, 35.520833333333336 ], [ 135.35, 35.520833333333336 ], [ 135.35, 35.525 ], [ 135.34375, 35.525 ], [ 135.34375, 35.520833333333336 ] ] ] } },
{ "type": "Feature", "properties": { "mesh_code": "533522283", "centroid_lat": 35.522916666666674, "centroid_lon": 135.353125, "city_area_fraction": 1.0, "centroid_within_city": true, "population": 12, "elderly_population": 7.0, "reported_elderly_population": 7.0, "elderly_ratio": 0.58333333333333337, "HTKSYORI": "0", "HTKSAKI": null, "GASSAN": null, "disclosure_status": "unaffected", "suppression_flag": false, "aggregation_target_flag": false, "aggregation_flag": false, "primary_eligible_disclosure": true, "nearest_station_name": "丹後神崎駅", "nearest_station_distance_m": 5689.9929392820477, "nearest_bus_stop_name": "赤野", "nearest_bus_stop_distance_m": 3331.7055811179307, "nearest_public_transport_type": "bus_stop", "nearest_public_transport_name": "赤野", "nearest_public_transport_distance_m": 3331.7055811179307, "nearest_medical_name": "国土交通省共済組合海上保安学校診療所", "nearest_medical_distance_m": 3839.7646761530523, "nearest_hospital_name": "医療法人医誠会　東舞鶴医誠会病院", "nearest_hospital_distance_m": 4783.1661710671433, "nearest_clinic_name": "国土交通省共済組合海上保安学校診療所", "nearest_clinic_distance_m": 3839.7646761530523, "elderly_population_percentile": "0.12062937062937062", "elderly_ratio_percentile": "0.8426573426573427", "transport_distance_percentile": "0.9545454545454546", "medical_distance_percentile": "0.9090909090909091", "exploratory_score_a": "0.1151462174189447", "exploratory_score_b": "0.10966306420851875", "exploratory_score_c": "0.1046783794717679", "rank_a_unfiltered": "189", "rank_b_unfiltered": "200", "rank_c_unfiltered": "114", "pareto_frontier": "False", "eligibility_population_threshold": false, "eligibility_elderly_threshold": false, "primary_eligible": false, "rank": null }, "geometry": { "type": "Polygon", "coordinates": [ [ [ 135.35, 35.520833333333336 ], [ 135.35625, 35.520833333333336 ], [ 135.35625, 35.525 ], [ 135.35, 35.525 ], [ 135.35, 35.520833333333336 ] ] ] } },
{ "type": "Feature", "properties": { "mesh_code": "533522474", "centroid_lat": 35.53958333333334, "centroid_lon": 135.346875, "city_area_fraction": 1.0000000000000002, "centroid_within_city": true, "population": 23, "elderly_population": 9.0, "reported_elderly_population": 9.0, "elderly_ratio": 0.39130434782608697, "HTKSYORI": "0", "HTKSAKI": null, "GASSAN": null, "disclosure_status": "unaffected", "suppression_flag": false, "aggregation_target_flag": false, "aggregation_flag": false, "primary_eligible_disclosure": true, "nearest_station_name": "丹後神崎駅", "nearest_station_distance_m": 6059.6955401352461, "nearest_bus_stop_name": "赤野", "nearest_bus_stop_distance_m": 4356.9438838332826, "nearest_public_transport_type": "bus_stop", "nearest_public_transport_name": "赤野", "nearest_public_transport_distance_m": 4356.9438838332826, "nearest_medical_name": "国土交通省共済組合海上保安学校診療所", "nearest_medical_distance_m": 5712.8211120920532, "nearest_hospital_name": "医療法人医誠会　東舞鶴医誠会病院", "nearest_hospital_distance_m": 6310.0012569250621, "nearest_clinic_name": "国土交通省共済組合海上保安学校診療所", "nearest_clinic_distance_m": 5712.8211120920532, "elderly_population_percentile": "0.19230769230769232", "elderly_ratio_percentile": "0.49125874125874125", "transport_distance_percentile": "0.9965034965034965", "medical_distance_percentile": "0.9545454545454546", "exploratory_score_a": "0.19163528778913394", "exploratory_score_b": "0.1835664335664336", "exploratory_score_c": "0.18292459288962787", "rank_a_unfiltered": "140", "rank_b_unfiltered": "135", "rank_c_unfiltered": "54", "pareto_frontier": "True", "eligibility_population_threshold": true, "eligibility_elderly_threshold": false, "primary_eligible": false, "rank": null }, "geometry": { "type": "Polygon", "coordinates": [ [ [ 135.34375, 35.5375 ], [ 135.35, 35.5375 ], [ 135.35, 35.541666666666671 ], [ 135.34375, 35.541666666666671 ], [ 135.34375, 35.5375 ] ] ] } },
{ "type": "Feature", "properties": { "mesh_code": "533522572", "centroid_lat": 35.54375, "centroid_lon": 135.346875, "city_area_fraction": 0.43546665780074678, "centroid_within_city": false, "population": 50, "elderly_population": null, "reported_elderly_population": 28.0, "elderly_ratio": null, "HTKSYORI": "1", "HTKSAKI": null, "GASSAN": "533522581", "disclosure_status": "aggregation_destination", "suppression_flag": false, "aggregation_target_flag": true, "aggregation_flag": true, "primary_eligible_disclosure": false, "nearest_station_name": "丹後神崎駅", "nearest_station_distance_m": 6349.9911246057482, "nearest_bus_stop_name": "赤野", "nearest_bus_stop_distance_m": 4582.3418468396467, "nearest_public_transport_type": "bus_stop", "nearest_public_transport_name": "赤野", "nearest_public_transport_distance_m": 4582.3418468396467, "nearest_medical_name": "国土交通省共済組合海上保安学校診療所", "nearest_medical_distance_m": 6173.2745510834129, "nearest_hospital_name": "医療法人医誠会　東舞鶴医誠会病院", "nearest_hospital_distance_m": 6621.688487387426, "nearest_clinic_name": "国土交通省共済組合海上保安学校診療所", "nearest_clinic_distance_m": 6173.2745510834129, "elderly_population_percentile": "<NA>", "elderly_ratio_percentile": "<NA>", "transport_distance_percentile": "<NA>", "medical_distance_percentile": "<NA>", "exploratory_score_a": "<NA>", "exploratory_score_b": "<NA>", "exploratory_score_c": "<NA>", "rank_a_unfiltered": "<NA>", "rank_b_unfiltered": "<NA>", "rank_c_unfiltered": "<NA>", "pareto_frontier": "<NA>", "eligibility_population_threshold": true, "eligibility_elderly_threshold": false, "primary_eligible": false, "rank": null }, "geometry": { "type": "Polygon", "coordinates": [ [ [ 135.34375, 35.541666666666664 ], [ 135.35, 35.541666666666664 ], [ 135.35, 35.545833333333334 ], [ 135.34375, 35.545833333333334 ], [ 135.34375, 35.541666666666664 ] ] ] } },
{ "type": "Feature", "properties": { "mesh_code": "533522581", "centroid_lat": 35.54375, "centroid_lon": 135.353125, "city_area_fraction": 0.80088922677486785, "centroid_within_city": true, "population": 2, "elderly_population": null, "reported_elderly_population": null, "elderly_ratio": null, "HTKSYORI": "2", "HTKSAKI": "533522572", "GASSAN": null, "disclosure_status": "suppressed_source", "suppression_flag": true, "aggregation_target_flag": false, "aggregation_flag": false, "primary_eligible_disclosure": false, "nearest_station_name": "丹後神崎駅", "nearest_station_distance_m": 6790.6574595112907, "nearest_bus_stop_name": "おおしあま展望の里", "nearest_bus_stop_distance_m": 4019.4794842203564, "nearest_public_transport_type": "bus_stop", "nearest_public_transport_name": "おおしあま展望の里", "nearest_public_transport_distance_m": 4019.4794842203564, "nearest_medical_name": "国土交通省共済組合海上保安学校診療所", "nearest_medical_distance_m": 6151.0133198352578, "nearest_hospital_name": "医療法人医誠会　東舞鶴医誠会病院", "nearest_hospital_distance_m": 6225.7033578790933, "nearest_clinic_name": "国土交通省共済組合海上保安学校診療所", "nearest_clinic_distance_m": 6151.0133198352578, "elderly_population_percentile": "<NA>", "elderly_ratio_percentile": "<NA>", "transport_distance_percentile": "<NA>", "medical_distance_percentile": "<NA>", "exploratory_score_a": "<NA>", "exploratory_score_b": "<NA>", "exploratory_score_c": "<NA>", "rank_a_unfiltered": "<NA>", "rank_b_unfiltered": "<NA>", "rank_c_unfiltered": "<NA>", "pareto_frontier": "<NA>", "eligibility_population_threshold": false, "eligibility_elderly_threshold": false, "primary_eligible": false, "rank": null }, "geometry": { "type": "Polygon", "coordinates": [ [ [ 135.35, 35.541666666666664 ], [ 135.35625, 35.541666666666664 ], [ 135.35625, 35.545833333333334 ], [ 135.35, 35.545833333333334 ], [ 135.35, 35.541666666666664 ] ] ] } },
{ "type": "Feature", "properties": { "mesh_code": "533523012", "centroid_lat": 35.502083333333331, "centroid_lon": 135.396875, "city_area_fraction": 0.9384137031608486, "centroid_within_city": true, "population": 466, "elderly_population": null, "reported_elderly_population": 374.0, "elderly_ratio": null, "HTKSYORI": "1", "HTKSAKI": null, "GASSAN": "533523014", "disclosure_status": "aggregation_destination", "suppression_flag": false, "aggregation_target_flag": true, "aggregation_flag": true, "primary_eligible_disclosure": false, "nearest_station_name": "東舞鶴駅", "nearest_station_distance_m": 3720.7476380266953, "nearest_bus_stop_name": "若浦中学校前", "nearest_bus_stop_distance_m": 397.20835847724243, "nearest_public_transport_type": "bus_stop", "nearest_public_transport_name": "若浦中学校前", "nearest_public_transport_distance_m": 397.20835847724243, "nearest_medical_name": "医療法人医誠会　東舞鶴医誠会病院", "nearest_medical_distance_m": 237.84942241853085, "nearest_hospital_name": "医療法人医誠会　東舞鶴医誠会病院", "nearest_hospital_distance_m": 237.84942241853085, "nearest_clinic_name": "海上自衛隊舞鶴衛生隊第二医務室", "nearest_clinic_distance_m": 1866.2552245228269, "elderly_population_percentile": "<NA>", "elderly_ratio_percentile": "<NA>", "transport_distance_percentile": "<NA>", "medical_distance_percentile": "<NA>", "exploratory_score_a": "<NA>", "exploratory_score_b": "<NA>", "exploratory_score_c": "<NA>", "rank_a_unfiltered": "<NA>", "rank_b_unfiltered": "<NA>", "rank_c_unfiltered": "<NA>", "pareto_frontier": "<NA>", "eligibility_population_threshold": true, "eligibility_elderly_threshold": false, "primary_eligible": false, "rank": null }, "geometry": { "type": "Polygon", "coordinates": [ [ [ 135.39375, 35.5 ], [ 135.4, 35.5 ], [ 135.4, 35.50416666666667 ], [ 135.39375, 35.50416666666667 ], [ 135.39375, 35.5 ] ] ] } },
{ "type": "Feature", "properties": { "mesh_code": "533523014", "centroid_lat": 35.50625, "centroid_lon": 135.396875, "city_area_fraction": 0.99999999999999978, "centroid_within_city": true, "population": 4, "elderly_population": null, "reported_elderly_population": null, "elderly_ratio": null, "HTKSYORI": "2", "HTKSAKI": "533523012", "GASSAN": null, "disclosure_status": "suppressed_source", "suppression_flag": true, "aggregation_target_flag": false, "aggregation_flag": false, "primary_eligible_disclosure": false, "nearest_station_name": "東舞鶴駅", "nearest_station_distance_m": 4182.4882935195528, "nearest_bus_stop_name": "若浦中学校前", "nearest_bus_stop_distance_m": 163.8451011535893, "nearest_public_transport_type": "bus_stop", "nearest_public_transport_name": "若浦中学校前", "nearest_public_transport_distance_m": 163.8451011535893, "nearest_medical_name": "医療法人医誠会　東舞鶴医誠会病院", "nearest_medical_distance_m": 491.9151048822456, "nearest_hospital_name": "医療法人医誠会　東舞鶴医誠会病院", "nearest_hospital_distance_m": 491.9151048822456, "nearest_clinic_name": "海上自衛隊舞鶴衛生隊第二医務室", "nearest_clinic_distance_m": 2327.0742534023043, "elderly_population_percentile": "<NA>", "elderly_ratio_percentile": "<NA>", "transport_distance_percentile": "<NA>", "medical_distance_percentile": "<NA>", "exploratory_score_a": "<NA>", "exploratory_score_b": "<NA>", "exploratory_score_c": "<NA>", "rank_a_unfiltered": "<NA>", "rank_b_unfiltered": "<NA>", "rank_c_unfiltered": "<NA>", "pareto_frontier": "<NA>", "eligibility_population_threshold": false, "eligibility_elderly_threshold": false, "primary_eligible": false, "rank": null }, "geometry": { "type": "Polygon", "coordinates": [ [ [ 135.39375, 35.50416666666667 ], [ 135.4, 35.50416666666667 ], [ 135.4, 35.50833333333334 ], [ 135.39375, 35.50833333333334 ], [ 135.39375, 35.50416666666667 ] ] ] } },
{ "type": "Feature", "properties": { "mesh_code": "533523021", "centroid_lat": 35.502083333333331, "centroid_lon": 135.403125, "city_area_fraction": 0.97937867253813748, "centroid_within_city": true, "population": 190, "elderly_population": 78.0, "reported_elderly_population": 78.0, "elderly_ratio": 0.41052631578947368, "HTKSYORI": "0", "HTKSAKI": null, "GASSAN": null, "disclosure_status": "unaffected", "suppression_flag": false, "aggregation_target_flag": false, "aggregation_flag": false, "primary_eligible_disclosure": true, "nearest_station_name": "東舞鶴駅", "nearest_station_distance_m": 3791.8279078264618, "nearest_bus_stop_name": "大波下", "nearest_bus_stop_distance_m": 94.648819854898989, "nearest_public_transport_type": "bus_stop", "nearest_public_transport_name": "大波下", "nearest_public_transport_distance_m": 94.648819854898989, "nearest_medical_name": "医療法人医誠会　東舞鶴医誠会病院", "nearest_medical_distance_m": 332.54140788008959, "nearest_hospital_name": "医療法人医誠会　東舞鶴医誠会病院", "nearest_hospital_distance_m": 332.54140788008959, "nearest_clinic_name": "海上自衛隊舞鶴衛生隊第二医務室", "nearest_clinic_distance_m": 1902.080883471936, "elderly_population_percentile": "0.6783216783216783", "elderly_ratio_percentile": "0.5314685314685315", "transport_distance_percentile": "0.04895104895104895", "medical_distance_percentile": "0.14335664335664336", "exploratory_score_a": "0.03320455768008216", "exploratory_score_b": "0.0972419189202406", "exploratory_score_c": "0.004760093933158631", "rank_a_unfiltered": "259", "rank_b_unfiltered": "209", "rank_c_unfiltered": "256", "pareto_frontier": "False", "eligibility_population_threshold": true, "eligibility_elderly_threshold": true, "primary_eligible": true, "rank": 200 }, "geometry": { "type": "Polygon", "coordinates": [ [ [ 135.4, 35.5 ], [ 135.40625, 35.5 ], [ 135.40625, 35.50416666666667 ], [ 135.4, 35.50416666666667 ], [ 135.4, 35.5 ] ] ] } },
{ "type": "Feature", "properties": { "mesh_code": "533523022", "centroid_lat": 35.502083333333331, "centroid_lon": 135.409375, "city_area_fraction": 1.0000000000000002, "centroid_within_city": true, "population": 27, "elderly_population": 11.0, "reported_elderly_population": 11.0, "elderly_ratio": 0.40740740740740738, "HTKSYORI": "0", "HTKSAKI": null, "GASSAN": null, "disclosure_status": "unaffected", "suppression_flag": false, "aggregation_target_flag": false, "aggregation_flag": false, "primary_eligible_disclosure": true, "nearest_station_name": "東舞鶴駅", "nearest_station_distance_m": 3944.0102513687107, "nearest_bus_stop_name": "久原口", "nearest_bus_stop_distance_m": 65.911347246524599, "nearest_public_transport_type": "bus_stop", "nearest_public_transport_name": "久原口", "nearest_public_transport_distance_m": 65.911347246524599, "nearest_medical_name": "医療法人医誠会　東舞鶴医誠会病院", "nearest_medical_distance_m": 898.65928402013651, "nearest_hospital_name": "医療法人医誠会　東舞鶴医誠会病院", "nearest_hospital_distance_m": 898.65928402013651, "nearest_clinic_name": "海上自衛隊舞鶴衛生隊第二医務室", "nearest_clinic_distance_m": 2096.6744580865316, "elderly_population_percentile": "0.25874125874125875", "elderly_ratio_percentile": "0.5244755244755245", "transport_distance_percentile": "0.03146853146853147", "medical_distance_percentile": "0.4195804195804196", "exploratory_score_a": "0.008142207442906745", "exploratory_score_b": "0.10856276590542326", "exploratory_score_c": "0.003416310815205627", "rank_a_unfiltered": "276", "rank_b_unfiltered": "201", "rank_c_unfiltered": "263", "pareto_frontier": "False", "eligibility_population_threshold": true, "eligibility_elderly_threshold": true, "primary_eligible": true, "rank": 207 }, "geometry": { "type": "Polygon", "coordinates": [ [ [ 135.40625, 35.5 ], [ 135.4125, 35.5 ], [ 135.4125, 35.50416666666667 ], [ 135.40625, 35.50416666666667 ], [ 135.40625, 35.5 ] ] ] } },
{ "type": "Feature", "properties": { "mesh_code": "533523023", "centroid_lat": 35.50625, "centroid_lon": 135.403125, "city_area_fraction": 1.0, "centroid_within_city": true, "population": 143, "elderly_population": 34.0, "reported_elderly_population": 34.0, "elderly_ratio": 0.23776223776223776, "HTKSYORI": "0", "HTKSAKI": null, "GASSAN": null, "disclosure_status": "unaffected", "suppression_flag": false, "aggregation_target_flag": false, "aggregation_flag": false, "primary_eligible_disclosure": true, "nearest_station_name": "東舞鶴駅", "nearest_station_distance_m": 4245.841950117102, "nearest_bus_stop_name": "若浦中学校前", "nearest_bus_stop_distance_m": 438.97362693582943, "nearest_public_transport_type": "bus_stop", "nearest_public_transport_name": "若浦中学校前", "nearest_public_transport_distance_m": 438.97362693582943, "nearest_medical_name": "医療法人医誠会　東舞鶴医誠会病院", "nearest_medical_distance_m": 544.04869253552852, "nearest_hospital_name": "医療法人医誠会　東舞鶴医誠会病院", "nearest_hospital_distance_m": 544.04869253552852, "nearest_clinic_name": "海上自衛隊舞鶴衛生隊第二医務室", "nearest_clinic_distance_m": 2355.9009449766559, "elderly_population_percentile": "0.5681818181818182", "elderly_ratio_percentile": "0.12937062937062938", "transport_distance_percentile": "0.44755244755244755", "medical_distance_percentile": "0.22377622377622378", "exploratory_score_a": "0.25429116338207247", "exploratory_score_b": "0.12714558169103624", "exploratory_score_c": "0.05690431628130293", "rank_a_unfiltered": "106", "rank_b_unfiltered": "182", "rank_c_unfiltered": "167", "pareto_frontier": "False", "eligibility_population_threshold": true, "eligibility_elderly_threshold": true, "primary_eligible": true, "rank": 140 }, "geometry": { "type": "Polygon", "coordinates": [ [ [ 135.4, 35.50416666666667 ], [ 135.40625, 35.50416666666667 ], [ 135.40625, 35.50833333333334 ], [ 135.4, 35.50833333333334 ], [ 135.4, 35.50416666666667 ] ] ] } },
{ "type": "Feature", "properties": { "mesh_code": "533523031", "centroid_lat": 35.502083333333331, "centroid_lon": 135.415625, "city_area_fraction": 1.0000000000000002, "centroid_within_city": true, "population": 58, "elderly_population": 31.0, "reported_elderly_population": 31.0, "elderly_ratio": 0.53448275862068961, "HTKSYORI": "0", "HTKSAKI": null, "GASSAN": null, "disclosure_status": "unaffected", "suppression_flag": false, "aggregation_target_flag": false, "aggregation_flag": false, "primary_eligible_disclosure": true, "nearest_station_name": "松尾寺駅", "nearest_station_distance_m": 3616.9328010860654, "nearest_bus_stop_name": "大波上", "nearest_bus_stop_distance_m": 227.60145447164106, "nearest_public_transport_type": "bus_stop", "nearest_public_transport_name": "大波上", "nearest_public_transport_distance_m": 227.60145447164106, "nearest_medical_name": "医療法人医誠会　東舞鶴医誠会病院", "nearest_medical_distance_m": 1465.4641112085569, "nearest_hospital_name": "医療法人医誠会　東舞鶴医誠会病院", "nearest_hospital_distance_m": 1465.4641112085569, "nearest_clinic_name": "海上自衛隊舞鶴衛生隊第二医務室", "nearest_clinic_distance_m": 2411.9086636577536, "elderly_population_percentile": "0.548951048951049", "elderly_ratio_percentile": "0.7762237762237763", "transport_distance_percentile": "0.24475524475524477", "medical_distance_percentile": "0.6118881118881119", "exploratory_score_a": "0.13435864834466235", "exploratory_score_b": "0.33589662086165584", "exploratory_score_c": "0.08221245965145424", "rank_a_unfiltered": "177", "rank_b_unfiltered": "52", "rank_c_unfiltered": "140", "pareto_frontier": "False", "eligibility_population_threshold": true, "eligibility_elderly_threshold": true, "primary_eligible": true, "rank": 120 }, "geometry": { "type": "Polygon", "coordinates": [ [ [ 135.4125, 35.5 ], [ 135.41875, 35.5 ], [ 135.41875, 35.50416666666667 ], [ 135.4125, 35.50416666666667 ], [ 135.4125, 35.5 ] ] ] } },
{ "type": "Feature", "properties": { "mesh_code": "533523032", "centroid_lat": 35.502083333333331, "centroid_lon": 135.421875, "city_area_fraction": 1.0000000000000002, "centroid_within_city": true, "population": 629, "elderly_population": 110.0, "reported_elderly_population": 110.0, "elderly_ratio": 0.17488076311605724, "HTKSYORI": "0", "HTKSAKI": null, "GASSAN": null, "disclosure_status": "unaffected", "suppression_flag": false, "aggregation_target_flag": false, "aggregation_flag": false, "primary_eligible_disclosure": true, "nearest_station_name": "松尾寺駅", "nearest_station_distance_m": 3136.4773809392468, "nearest_bus_stop_name": "大波上", "nearest_bus_stop_distance_m": 411.1773727537705, "nearest_public_transport_type": "bus_stop", "nearest_public_transport_name": "大波上", "nearest_public_transport_distance_m": 411.1773727537705, "nearest_medical_name": "養護老人ホーム安岡園", "nearest_medical_distance_m": 1956.5067930874191, "nearest_hospital_name": "医療法人医誠会　東舞鶴医誠会病院", "nearest_hospital_distance_m": 2032.3808733479023, "nearest_clinic_name": "養護老人ホーム安岡園", "nearest_clinic_distance_m": 1956.5067930874191, "elderly_population_percentile": "0.7622377622377622", "elderly_ratio_percentile": "0.07342657342657342", "transport_distance_percentile": "0.43006993006993005", "medical_distance_percentile": "0.6923076923076923", "exploratory_score_a": "0.32781554110225436", "exploratory_score_b": "0.5277030661646046", "exploratory_score_c": "0.22694922076309917", "rank_a_unfiltered": "65", "rank_b_unfiltered": "7", "rank_c_unfiltered": "38", "pareto_frontier": "True", "eligibility_population_threshold": true, "eligibility_elderly_threshold": true, "primary_eligible": true, "rank": 37 }, "geometry": { "type": "Polygon", "coordinates": [ [ [ 135.41875, 35.5 ], [ 135.425, 35.5 ], [ 135.425, 35.50416666666667 ], [ 135.41875, 35.50416666666667 ], [ 135.41875, 35.5 ] ] ] } },
{ "type": "Feature", "properties": { "mesh_code": "533523033", "centroid_lat": 35.50625, "centroid_lon": 135.415625, "city_area_fraction": 1.0, "centroid_within_city": true, "population": 6, "elderly_population": null, "reported_elderly_population": null, "elderly_ratio": null, "HTKSYORI": "2", "HTKSAKI": "533523034", "GASSAN": null, "disclosure_status": "suppressed_source", "suppression_flag": true, "aggregation_target_flag": false, "aggregation_flag": false, "primary_eligible_disclosure": false, "nearest_station_name": "松尾寺駅", "nearest_station_distance_m": 3866.228908866884, "nearest_bus_stop_name": "大波上", "nearest_bus_stop_distance_m": 369.89041094287865, "nearest_public_transport_type": "bus_stop", "nearest_public_transport_name": "大波上", "nearest_public_transport_distance_m": 369.89041094287865, "nearest_medical_name": "医療法人医誠会　東舞鶴医誠会病院", "nearest_medical_distance_m": 1527.3783948098198, "nearest_hospital_name": "医療法人医誠会　東舞鶴医誠会病院", "nearest_hospital_distance_m": 1527.3783948098198, "nearest_clinic_name": "養護老人ホーム安岡園", "nearest_clinic_distance_m": 2688.05496127576, "elderly_population_percentile": "<NA>", "elderly_ratio_percentile": "<NA>", "transport_distance_percentile": "<NA>", "medical_distance_percentile": "<NA>", "exploratory_score_a": "<NA>", "exploratory_score_b": "<NA>", "exploratory_score_c": "<NA>", "rank_a_unfiltered": "<NA>", "rank_b_unfiltered": "<NA>", "rank_c_unfiltered": "<NA>", "pareto_frontier": "<NA>", "eligibility_population_threshold": false, "eligibility_elderly_threshold": false, "primary_eligible": false, "rank": null }, "geometry": { "type": "Polygon", "coordinates": [ [ [ 135.4125, 35.50416666666667 ], [ 135.41875, 35.50416666666667 ], [ 135.41875, 35.50833333333334 ], [ 135.4125, 35.50833333333334 ], [ 135.4125, 35.50416666666667 ] ] ] } },
{ "type": "Feature", "properties": { "mesh_code": "533523034", "centroid_lat": 35.50625, "centroid_lon": 135.421875, "city_area_fraction": 1.0, "centroid_within_city": true, "population": 40, "elderly_population": null, "reported_elderly_population": 16.0, "elderly_ratio": null, "HTKSYORI": "1", "HTKSAKI": null, "GASSAN": "533523033", "disclosure_status": "aggregation_destination", "suppression_flag": false, "aggregation_target_flag": true, "aggregation_flag": true, "primary_eligible_disclosure": false, "nearest_station_name": "松尾寺駅", "nearest_station_distance_m": 3420.9910362181945, "nearest_bus_stop_name": "大波上", "nearest_bus_stop_distance_m": 504.06071695037639, "nearest_public_transport_type": "bus_stop", "nearest_public_transport_name": "大波上", "nearest_public_transport_distance_m": 504.06071695037639, "nearest_medical_name": "医療法人医誠会　東舞鶴医誠会病院", "nearest_medical_distance_m": 2077.4429361611778, "nearest_hospital_name": "医療法人医誠会　東舞鶴医誠会病院", "nearest_hospital_distance_m": 2077.4429361611778, "nearest_clinic_name": "養護老人ホーム安岡園", "nearest_clinic_distance_m": 2276.2461008720788, "elderly_population_percentile": "<NA>", "elderly_ratio_percentile": "<NA>", "transport_distance_percentile": "<NA>", "medical_distance_percentile": "<NA>", "exploratory_score_a": "<NA>", "exploratory_score_b": "<NA>", "exploratory_score_c": "<NA>", "rank_a_unfiltered": "<NA>", "rank_b_unfiltered": "<NA>", "rank_c_unfiltered": "<NA>", "pareto_frontier": "<NA>", "eligibility_population_threshold": true, "eligibility_elderly_threshold": false, "primary_eligible": false, "rank": null }, "geometry": { "type": "Polygon", "coordinates": [ [ [ 135.41875, 35.50416666666667 ], [ 135.425, 35.50416666666667 ], [ 135.425, 35.50833333333334 ], [ 135.41875, 35.50833333333334 ], [ 135.41875, 35.50416666666667 ] ] ] } },
{ "type": "Feature", "properties": { "mesh_code": "533523041", "centroid_lat": 35.502083333333331, "centroid_lon": 135.428125, "city_area_fraction": 0.99999999999999989, "centroid_within_city": true, "population": 324, "elderly_population": 148.0, "reported_elderly_population": 148.0, "elderly_ratio": 0.4567901234567901, "HTKSYORI": "0", "HTKSAKI": null, "GASSAN": null, "disclosure_status": "unaffected", "suppression_flag": false, "aggregation_target_flag": false, "aggregation_flag": false, "primary_eligible_disclosure": true, "nearest_station_name": "松尾寺駅", "nearest_station_distance_m": 2689.9630554933678, "nearest_bus_stop_name": "中宮", "nearest_bus_stop_distance_m": 201.18092358450718, "nearest_public_transport_type": "bus_stop", "nearest_public_transport_name": "中宮", "nearest_public_transport_distance_m": 201.18092358450718, "nearest_medical_name": "養護老人ホーム安岡園", "nearest_medical_distance_m": 1557.7399594126932, "nearest_hospital_name": "医療法人医誠会　東舞鶴医誠会病院", "nearest_hospital_distance_m": 2599.3360603749293, "nearest_clinic_name": "養護老人ホーム安岡園", "nearest_clinic_distance_m": 1557.7399594126932, "elderly_population_percentile": "0.8216783216783217", "elderly_ratio_percentile": "0.6398601398601399", "transport_distance_percentile": "0.1993006993006993", "medical_distance_percentile": "0.6363636363636364", "exploratory_score_a": "0.16376106411071445", "exploratory_score_b": "0.5228862047043865", "exploratory_score_c": "0.10421158625227284", "rank_a_unfiltered": "160", "rank_b_unfiltered": "8", "rank_c_unfiltered": "115", "pareto_frontier": "False", "eligibility_population_threshold": true, "eligibility_elderly_threshold": true, "primary_eligible": true, "rank": 99 }, "geometry": { "type": "Polygon", "coordinates": [ [ [ 135.425, 35.5 ], [ 135.43125, 35.5 ], [ 135.43125, 35.50416666666667 ], [ 135.425, 35.50416666666667 ], [ 135.425, 35.5 ] ] ] } },
{ "type": "Feature", "properties": { "mesh_code": "533523042", "centroid_lat": 35.502083333333331, "centroid_lon": 135.434375, "city_area_fraction": 0.99999999999999978, "centroid_within_city": true, "population": 73, "elderly_population": 25.0, "reported_elderly_population": 25.0, "elderly_ratio": 0.34246575342465752, "HTKSYORI": "0", "HTKSAKI": null, "GASSAN": null, "disclosure_status": "unaffected", "suppression_flag": false, "aggregation_target_flag": false, "aggregation_flag": false, "primary_eligible_disclosure": true, "nearest_station_name": "松尾寺駅", "nearest_station_distance_m": 2297.2666600922835, "nearest_bus_stop_name": "朝来中", "nearest_bus_stop_distance_m": 334.4657665520449, "nearest_public_transport_type": "bus_stop", "nearest_public_transport_name": "朝来中", "nearest_public_transport_distance_m": 334.4657665520449, "nearest_medical_name": "養護老人ホーム安岡園", "nearest_medical_distance_m": 1291.6152811441746, "nearest_hospital_name": "医療法人医誠会　東舞鶴医誠会病院", "nearest_hospital_distance_m": 3166.3088110569533, "nearest_clinic_name": "養護老人ホーム安岡園", "nearest_clinic_distance_m": 1291.6152811441746, "elderly_population_percentile": "0.48426573426573427", "elderly_ratio_percentile": "0.38461538461538464", "transport_distance_percentile": "0.36363636363636365", "medical_distance_percentile": "0.5559440559440559", "exploratory_score_a": "0.1760966306420852", "exploratory_score_b": "0.2692246564624187", "exploratory_score_c": "0.09789987507724317", "rank_a_unfiltered": "150", "rank_b_unfiltered": "85", "rank_c_unfiltered": "124", "pareto_frontier": "False", "eligibility_population_threshold": true, "eligibility_elderly_threshold": true, "primary_eligible": true, "rank": 107 }, "geometry": { "type": "Polygon", "coordinates": [ [ [ 135.43125, 35.5 ], [ 135.4375, 35.5 ], [ 135.4375, 35.50416666666667 ], [ 135.43125, 35.50416666666667 ], [ 135.43125, 35.5 ] ] ] } },
{ "type": "Feature", "properties": { "mesh_code": "533523051", "centroid_lat": 35.502083333333331, "centroid_lon": 135.440625, "city_area_fraction": 1.0, "centroid_within_city": true, "population": 2, "elderly_population": null, "reported_elderly_population": null, "elderly_ratio": null, "HTKSYORI": "2", "HTKSAKI": "533523054", "GASSAN": null, "disclosure_status": "suppressed_source", "suppression_flag": true, "aggregation_target_flag": false, "aggregation_flag": false, "primary_eligible_disclosure": false, "nearest_station_name": "松尾寺駅", "nearest_station_distance_m": 1990.49932568901, "nearest_bus_stop_name": "国立高専前", "nearest_bus_stop_distance_m": 838.54062403280636, "nearest_public_transport_type": "bus_stop", "nearest_public_transport_name": "国立高専前", "nearest_public_transport_distance_m": 838.54062403280636, "nearest_medical_name": "養護老人ホーム安岡園", "nearest_medical_distance_m": 1246.2207660311653, "nearest_hospital_name": "医療法人医誠会　東舞鶴医誠会病院", "nearest_hospital_distance_m": 3733.290938745989, "nearest_clinic_name": "養護老人ホーム安岡園", "nearest_clinic_distance_m": 1246.2207660311653, "elderly_population_percentile": "<NA>", "elderly_ratio_percentile": "<NA>", "transport_distance_percentile": "<NA>", "medical_distance_percentile": "<NA>", "exploratory_score_a": "<NA>", "exploratory_score_b": "<NA>", "exploratory_score_c": "<NA>", "rank_a_unfiltered": "<NA>", "rank_b_unfiltered": "<NA>", "rank_c_unfiltered": "<NA>", "pareto_frontier": "<NA>", "eligibility_population_threshold": false, "eligibility_elderly_threshold": false, "primary_eligible": false, "rank": null }, "geometry": { "type": "Polygon", "coordinates": [ [ [ 135.4375, 35.5 ], [ 135.44375, 35.5 ], [ 135.44375, 35.50416666666667 ], [ 135.4375, 35.50416666666667 ], [ 135.4375, 35.5 ] ] ] } },
{ "type": "Feature", "properties": { "mesh_code": "533523053", "centroid_lat": 35.50625, "centroid_lon": 135.440625, "city_area_fraction": 1.0, "centroid_within_city": true, "population": 18, "elderly_population": 5.0, "reported_elderly_population": 5.0, "elderly_ratio": 0.27777777777777779, "HTKSYORI": "0", "HTKSAKI": null, "GASSAN": null, "disclosure_status": "unaffected", "suppression_flag": false, "aggregation_target_flag": false, "aggregation_flag": false, "primary_eligible_disclosure": true, "nearest_station_name": "松尾寺駅", "nearest_station_distance_m": 2414.1409058307468, "nearest_bus_stop_name": "朝来中", "nearest_bus_stop_distance_m": 1066.0126298956382, "nearest_public_transport_type": "bus_stop", "nearest_public_transport_name": "朝来中", "nearest_public_transport_distance_m": 1066.0126298956382, "nearest_medical_name": "養護老人ホーム安岡園", "nearest_medical_distance_m": 1704.863117981552, "nearest_hospital_name": "医療法人医誠会　東舞鶴医誠会病院", "nearest_hospital_distance_m": 3757.9451075605575, "nearest_clinic_name": "養護老人ホーム安岡園", "nearest_clinic_distance_m": 1704.863117981552, "elderly_population_percentile": "0.06468531468531469", "elderly_ratio_percentile": "0.19755244755244755", "transport_distance_percentile": "0.7132867132867133", "medical_distance_percentile": "0.6678321678321678", "exploratory_score_a": "0.04613917550980488", "exploratory_score_b": "0.043198933933199665", "exploratory_score_c": "0.03081322560270186", "rank_a_unfiltered": "245", "rank_b_unfiltered": "257", "rank_c_unfiltered": "209", "pareto_frontier": "False", "eligibility_population_threshold": false, "eligibility_elderly_threshold": false, "primary_eligible": false, "rank": null }, "geometry": { "type": "Polygon", "coordinates": [ [ [ 135.4375, 35.50416666666667 ], [ 135.44375, 35.50416666666667 ], [ 135.44375, 35.50833333333334 ], [ 135.4375, 35.50833333333334 ], [ 135.4375, 35.50416666666667 ] ] ] } },
{ "type": "Feature", "properties": { "mesh_code": "533523054", "centroid_lat": 35.50625, "centroid_lon": 135.446875, "city_area_fraction": 0.99999999999999978, "centroid_within_city": true, "population": 38, "elderly_population": null, "reported_elderly_population": 20.0, "elderly_ratio": null, "HTKSYORI": "1", "HTKSAKI": null, "GASSAN": "533523051;533523152", "disclosure_status": "aggregation_destination", "suppression_flag": false, "aggregation_target_flag": true, "aggregation_flag": true, "primary_eligible_disclosure": false, "nearest_station_name": "松尾寺駅", "nearest_station_distance_m": 2270.6568183849845, "nearest_bus_stop_name": "国立高専前", "nearest_bus_stop_distance_m": 1498.2598182560373, "nearest_public_transport_type": "bus_stop", "nearest_public_transport_name": "国立高専前", "nearest_public_transport_distance_m": 1498.2598182560373, "nearest_medical_name": "養護老人ホーム安岡園", "nearest_medical_distance_m": 1853.2147011700663, "nearest_hospital_name": "医療法人医誠会　東舞鶴医誠会病院", "nearest_hospital_distance_m": 4321.6722033514616, "nearest_clinic_name": "養護老人ホーム安岡園", "nearest_clinic_distance_m": 1853.2147011700663, "elderly_population_percentile": "<NA>", "elderly_ratio_percentile": "<NA>", "transport_distance_percentile": "<NA>", "medical_distance_percentile": "<NA>", "exploratory_score_a": "<NA>", "exploratory_score_b": "<NA>", "exploratory_score_c": "<NA>", "rank_a_unfiltered": "<NA>", "rank_b_unfiltered": "<NA>", "rank_c_unfiltered": "<NA>", "pareto_frontier": "<NA>", "eligibility_population_threshold": true, "eligibility_elderly_threshold": false, "primary_eligible": false, "rank": null }, "geometry": { "type": "Polygon", "coordinates": [ [ [ 135.44375, 35.50416666666667 ], [ 135.45, 35.50416666666667 ], [ 135.45, 35.50833333333334 ], [ 135.44375, 35.50833333333334 ], [ 135.44375, 35.50416666666667 ] ] ] } },
{ "type": "Feature", "properties": { "mesh_code": "533523063", "centroid_lat": 35.50625, "centroid_lon": 135.453125, "city_area_fraction": 1.0000000000000002, "centroid_within_city": true, "population": 23, "elderly_population": 10.0, "reported_elderly_population": 10.0, "elderly_ratio": 0.43478260869565216, "HTKSYORI": "0", "HTKSAKI": null, "GASSAN": null, "disclosure_status": "unaffected", "suppression_flag": false, "aggregation_target_flag": false, "aggregation_flag": false, "primary_eligible_disclosure": true, "nearest_station_name": "松尾寺駅", "nearest_station_distance_m": 2264.2378638578234, "nearest_bus_stop_name": "国立高専前", "nearest_bus_stop_distance_m": 1862.8648580895162, "nearest_public_transport_type": "bus_stop", "nearest_public_transport_name": "国立高専前", "nearest_public_transport_distance_m": 1862.8648580895162, "nearest_medical_name": "養護老人ホーム安岡園", "nearest_medical_distance_m": 2145.9951484323424, "nearest_hospital_name": "医療法人医誠会　東舞鶴医誠会病院", "nearest_hospital_distance_m": 4886.1539208441227, "nearest_clinic_name": "養護老人ホーム安岡園", "nearest_clinic_distance_m": 2145.9951484323424, "elderly_population_percentile": "0.22727272727272727", "elderly_ratio_percentile": "0.5926573426573427", "transport_distance_percentile": "0.8531468531468531", "medical_distance_percentile": "0.7237762237762237", "exploratory_score_a": "0.19389701207883026", "exploratory_score_b": "0.16449459631277813", "exploratory_score_c": "0.1403380472039086", "rank_a_unfiltered": "138", "rank_b_unfiltered": "150", "rank_c_unfiltered": "86", "pareto_frontier": "False", "eligibility_population_threshold": true, "eligibility_elderly_threshold": true, "primary_eligible": true, "rank": 78 }, "geometry": { "type": "Polygon", "coordinates": [ [ [ 135.45, 35.50416666666667 ], [ 135.45625, 35.50416666666667 ], [ 135.45625, 35.50833333333334 ], [ 135.45, 35.50833333333334 ], [ 135.45, 35.50416666666667 ] ] ] } },
{ "type": "Feature", "properties": { "mesh_code": "533523064", "centroid_lat": 35.50625, "centroid_lon": 135.459375, "city_area_fraction": 0.99999999999999989, "centroid_within_city": true, "population": 18, "elderly_population": null, "reported_elderly_population": 14.0, "elderly_ratio": null, "HTKSYORI": "1", "HTKSAKI": null, "GASSAN": "533523162", "disclosure_status": "aggregation_destination", "suppression_flag": false, "aggregation_target_flag": true, "aggregation_flag": true, "primary_eligible_disclosure": false, "nearest_station_name": "松尾寺駅", "nearest_station_distance_m": 2395.9856260041806, "nearest_bus_stop_name": "吉坂", "nearest_bus_stop_distance_m": 2254.9965188404626, "nearest_public_transport_type": "bus_stop", "nearest_public_transport_name": "吉坂", "nearest_public_transport_distance_m": 2254.9965188404626, "nearest_medical_name": "養護老人ホーム安岡園", "nearest_medical_distance_m": 2533.6195958110893, "nearest_hospital_name": "医療法人医誠会　東舞鶴医誠会病院", "nearest_hospital_distance_m": 5451.1557143458358, "nearest_clinic_name": "養護老人ホーム安岡園", "nearest_clinic_distance_m": 2533.6195958110893, "elderly_population_percentile": "<NA>", "elderly_ratio_percentile": "<NA>", "transport_distance_percentile": "<NA>", "medical_distance_percentile": "<NA>", "exploratory_score_a": "<NA>", "exploratory_score_b": "<NA>", "exploratory_score_c": "<NA>", "rank_a_unfiltered": "<NA>", "rank_b_unfiltered": "<NA>", "rank_c_unfiltered": "<NA>", "pareto_frontier": "<NA>", "eligibility_population_threshold": false, "eligibility_elderly_threshold": false, "primary_eligible": false, "rank": null }, "geometry": { "type": "Polygon", "coordinates": [ [ [ 135.45625, 35.50416666666667 ], [ 135.4625, 35.50416666666667 ], [ 135.4625, 35.50833333333334 ], [ 135.45625, 35.50833333333334 ], [ 135.45625, 35.50416666666667 ] ] ] } },
{ "type": "Feature", "properties": { "mesh_code": "533523073", "centroid_lat": 35.50625, "centroid_lon": 135.465625, "city_area_fraction": 0.99999999999999989, "centroid_within_city": true, "population": 13, "elderly_population": 9.0, "reported_elderly_population": 9.0, "elderly_ratio": 0.69230769230769229, "HTKSYORI": "0", "HTKSAKI": null, "GASSAN": null, "disclosure_status": "unaffected", "suppression_flag": false, "aggregation_target_flag": false, "aggregation_flag": false, "primary_eligible_disclosure": true, "nearest_station_name": "松尾寺駅", "nearest_station_distance_m": 2645.3361048134302, "nearest_bus_stop_name": "松尾寺口", "nearest_bus_stop_distance_m": 2286.072504065643, "nearest_public_transport_type": "bus_stop", "nearest_public_transport_name": "松尾寺口", "nearest_public_transport_distance_m": 2286.072504065643, "nearest_medical_name": "養護老人ホーム安岡園", "nearest_medical_distance_m": 2979.2956623818745, "nearest_hospital_name": "医療法人医誠会　東舞鶴医誠会病院", "nearest_hospital_distance_m": 6016.5309588337477, "nearest_clinic_name": "養護老人ホーム安岡園", "nearest_clinic_distance_m": 2979.2956623818745, "elderly_population_percentile": "0.19230769230769232", "elderly_ratio_percentile": "0.9440559440559441", "transport_distance_percentile": "0.9020979020979021", "medical_distance_percentile": "0.8426573426573427", "exploratory_score_a": "0.17348036578805812", "exploratory_score_b": "0.1620494889725659", "exploratory_score_c": "0.14618450403818883", "rank_a_unfiltered": "152", "rank_b_unfiltered": "151", "rank_c_unfiltered": "80", "pareto_frontier": "False", "eligibility_population_threshold": false, "eligibility_elderly_threshold": false, "primary_eligible": false, "rank": null }, "geometry": { "type": "Polygon", "coordinates": [ [ [ 135.4625, 35.50416666666667 ], [ 135.46875, 35.50416666666667 ], [ 135.46875, 35.50833333333334 ], [ 135.4625, 35.50833333333334 ], [ 135.4625, 35.50416666666667 ] ] ] } },
{ "type": "Feature", "properties": { "mesh_code": "533523102", "centroid_lat": 35.510416666666671, "centroid_lon": 135.384375, "city_area_fraction": 0.51412110559912816, "centroid_within_city": true, "population": 2, "elderly_population": null, "reported_elderly_population": null, "elderly_ratio": null, "HTKSYORI": "2", "HTKSAKI": "533523104", "GASSAN": null, "disclosure_status": "suppressed_source", "suppression_flag": true, "aggregation_target_flag": false, "aggregation_flag": false, "primary_eligible_disclosure": false, "nearest_station_name": "東舞鶴駅", "nearest_station_distance_m": 4736.1959325885909, "nearest_bus_stop_name": "平", "nearest_bus_stop_distance_m": 821.61559975486125, "nearest_public_transport_type": "bus_stop", "nearest_public_transport_name": "平", "nearest_public_transport_distance_m": 821.61559975486125, "nearest_medical_name": "医療法人医誠会　東舞鶴医誠会病院", "nearest_medical_distance_m": 1635.7068595814837, "nearest_hospital_name": "医療法人医誠会　東舞鶴医誠会病院", "nearest_hospital_distance_m": 1635.7068595814837, "nearest_clinic_name": "海上自衛隊舞鶴衛生隊第二医務室", "nearest_clinic_distance_m": 3071.5201405284538, "elderly_population_percentile": "<NA>", "elderly_ratio_percentile": "<NA>", "transport_distance_percentile": "<NA>", "medical_distance_percentile": "<NA>", "exploratory_score_a": "<NA>", "exploratory_score_b": "<NA>", "exploratory_score_c": "<NA>", "rank_a_unfiltered": "<NA>", "rank_b_unfiltered": "<NA>", "rank_c_unfiltered": "<NA>", "pareto_frontier": "<NA>", "eligibility_population_threshold": false, "eligibility_elderly_threshold": false, "primary_eligible": false, "rank": null }, "geometry": { "type": "Polygon", "coordinates": [ [ [ 135.38125, 35.508333333333333 ], [ 135.3875, 35.508333333333333 ], [ 135.3875, 35.5125 ], [ 135.38125, 35.5125 ], [ 135.38125, 35.508333333333333 ] ] ] } },
{ "type": "Feature", "properties": { "mesh_code": "533523104", "centroid_lat": 35.514583333333334, "centroid_lon": 135.384375, "city_area_fraction": 0.93961432271857548, "centroid_within_city": true, "population": 100, "elderly_population": null, "reported_elderly_population": 48.0, "elderly_ratio": null, "HTKSYORI": "1", "HTKSAKI": null, "GASSAN": "533523102", "disclosure_status": "aggregation_destination", "suppression_flag": false, "aggregation_target_flag": true, "aggregation_flag": true, "primary_eligible_disclosure": false, "nearest_station_name": "東舞鶴駅", "nearest_station_distance_m": 5189.9432158690888, "nearest_bus_stop_name": "平", "nearest_bus_stop_distance_m": 495.04466719107614, "nearest_public_transport_type": "bus_stop", "nearest_public_transport_name": "平", "nearest_public_transport_distance_m": 495.04466719107614, "nearest_medical_name": "医療法人医誠会　東舞鶴医誠会病院", "nearest_medical_distance_m": 1927.5887084408564, "nearest_hospital_name": "医療法人医誠会　東舞鶴医誠会病院", "nearest_hospital_distance_m": 1927.5887084408564, "nearest_clinic_name": "海上自衛隊舞鶴衛生隊第二医務室", "nearest_clinic_distance_m": 3495.8931189313475, "elderly_population_percentile": "<NA>", "elderly_ratio_percentile": "<NA>", "transport_distance_percentile": "<NA>", "medical_distance_percentile": "<NA>", "exploratory_score_a": "<NA>", "exploratory_score_b": "<NA>", "exploratory_score_c": "<NA>", "rank_a_unfiltered": "<NA>", "rank_b_unfiltered": "<NA>", "rank_c_unfiltered": "<NA>", "pareto_frontier": "<NA>", "eligibility_population_threshold": true, "eligibility_elderly_threshold": false, "primary_eligible": false, "rank": null }, "geometry": { "type": "Polygon", "coordinates": [ [ [ 135.38125, 35.5125 ], [ 135.3875, 35.5125 ], [ 135.3875, 35.516666666666673 ], [ 135.38125, 35.516666666666673 ], [ 135.38125, 35.5125 ] ] ] } },
{ "type": "Feature", "properties": { "mesh_code": "533523113", "centroid_lat": 35.514583333333334, "centroid_lon": 135.390625, "city_area_fraction": 0.12551320344471006, "centroid_within_city": false, "population": 54, "elderly_population": 16.0, "reported_elderly_population": 16.0, "elderly_ratio": 0.29629629629629628, "HTKSYORI": "0", "HTKSAKI": null, "GASSAN": null, "disclosure_status": "unaffected", "suppression_flag": false, "aggregation_target_flag": false, "aggregation_flag": false, "primary_eligible_disclosure": true, "nearest_station_name": "東舞鶴駅", "nearest_station_distance_m": 5116.9409834958569, "nearest_bus_stop_name": "平", "nearest_bus_stop_distance_m": 267.94458893095612, "nearest_public_transport_type": "bus_stop", "nearest_public_transport_name": "平", "nearest_public_transport_distance_m": 267.94458893095612, "nearest_medical_name": "医療法人医誠会　東舞鶴医誠会病院", "nearest_medical_distance_m": 1576.0102112511838, "nearest_hospital_name": "医療法人医誠会　東舞鶴医誠会病院", "nearest_hospital_distance_m": 1576.0102112511838, "nearest_clinic_name": "海上自衛隊舞鶴衛生隊第二医務室", "nearest_clinic_distance_m": 3327.1883596494035, "elderly_population_percentile": "0.36363636363636365", "elderly_ratio_percentile": "0.23426573426573427", "transport_distance_percentile": "0.2867132867132867", "medical_distance_percentile": "0.6433566433566433", "exploratory_score_a": "0.10425937698664972", "exploratory_score_b": "0.23394787031150668", "exploratory_score_c": "0.06707596281658583", "rank_a_unfiltered": "199", "rank_b_unfiltered": "106", "rank_c_unfiltered": "153", "pareto_frontier": "False", "eligibility_population_threshold": true, "eligibility_elderly_threshold": true, "primary_eligible": true, "rank": 130 }, "geometry": { "type": "Polygon", "coordinates": [ [ [ 135.3875, 35.5125 ], [ 135.39375, 35.5125 ], [ 135.39375, 35.516666666666673 ], [ 135.3875, 35.516666666666673 ], [ 135.3875, 35.5125 ] ] ] } },
{ "type": "Feature", "properties": { "mesh_code": "533523114", "centroid_lat": 35.514583333333334, "centroid_lon": 135.396875, "city_area_fraction": 0.59708457107030855, "centroid_within_city": true, "population": 36, "elderly_population": 2.0, "reported_elderly_population": 2.0, "elderly_ratio": 0.055555555555555552, "HTKSYORI": "0", "HTKSAKI": null, "GASSAN": null, "disclosure_status": "unaffected", "suppression_flag": false, "aggregation_target_flag": false, "aggregation_flag": false, "primary_eligible_disclosure": true, "nearest_station_name": "東舞鶴駅", "nearest_station_distance_m": 5106.2535106065343, "nearest_bus_stop_name": "大浦小学校前", "nearest_bus_stop_distance_m": 318.49579341660194, "nearest_public_transport_type": "bus_stop", "nearest_public_transport_name": "大浦小学校前", "nearest_public_transport_distance_m": 318.49579341660194, "nearest_medical_name": "医療法人医誠会　東舞鶴医誠会病院", "nearest_medical_distance_m": 1376.5590225719407, "nearest_hospital_name": "医療法人医誠会　東舞鶴医誠会病院", "nearest_hospital_distance_m": 1376.5590225719407, "nearest_clinic_name": "海上自衛隊舞鶴衛生隊第二医務室", "nearest_clinic_distance_m": 3249.942826206784, "elderly_population_percentile": "0.03146853146853147", "elderly_ratio_percentile": "0.04195804195804196", "transport_distance_percentile": "0.34615384615384615", "medical_distance_percentile": "0.5804195804195804", "exploratory_score_a": "0.01089295320064551", "exploratory_score_b": "0.0182649518313854", "exploratory_score_c": "0.006322483326248792", "rank_a_unfiltered": "271", "rank_b_unfiltered": "270", "rank_c_unfiltered": "253", "pareto_frontier": "False", "eligibility_population_threshold": true, "eligibility_elderly_threshold": false, "primary_eligible": false, "rank": null }, "geometry": { "type": "Polygon", "coordinates": [ [ [ 135.39375, 35.5125 ], [ 135.4, 35.5125 ], [ 135.4, 35.516666666666673 ], [ 135.39375, 35.516666666666673 ], [ 135.39375, 35.5125 ] ] ] } },
{ "type": "Feature", "properties": { "mesh_code": "533523123", "centroid_lat": 35.514583333333334, "centroid_lon": 135.403125, "city_area_fraction": 1.0000000000000002, "centroid_within_city": true, "population": 39, "elderly_population": 19.0, "reported_elderly_population": 19.0, "elderly_ratio": 0.48717948717948717, "HTKSYORI": "0", "HTKSAKI": null, "GASSAN": null, "disclosure_status": "unaffected", "suppression_flag": false, "aggregation_target_flag": false, "aggregation_flag": false, "primary_eligible_disclosure": true, "nearest_station_name": "東舞鶴駅", "nearest_station_distance_m": 5158.267999932099, "nearest_bus_stop_name": "平口", "nearest_bus_stop_distance_m": 130.83063111255427, "nearest_public_transport_type": "bus_stop", "nearest_public_transport_name": "平口", "nearest_public_transport_distance_m": 130.83063111255427, "nearest_medical_name": "医療法人医誠会　東舞鶴医誠会病院", "nearest_medical_distance_m": 1396.0359647953164, "nearest_hospital_name": "医療法人医誠会　東舞鶴医誠会病院", "nearest_hospital_distance_m": 1396.0359647953164, "nearest_clinic_name": "海上自衛隊舞鶴衛生隊第二医務室", "nearest_clinic_distance_m": 3270.6429328331005, "elderly_population_percentile": "0.3986013986013986", "elderly_ratio_percentile": "0.6905594405594405", "transport_distance_percentile": "0.08391608391608392", "medical_distance_percentile": "0.5874125874125874", "exploratory_score_a": "0.03344906841410338", "exploratory_score_b": "0.23414347889872364", "exploratory_score_c": "0.019648403823669117", "rank_a_unfiltered": "258", "rank_b_unfiltered": "105", "rank_c_unfiltered": "232", "pareto_frontier": "False", "eligibility_population_threshold": true, "eligibility_elderly_threshold": true, "primary_eligible": true, "rank": 182 }, "geometry": { "type": "Polygon", "coordinates": [ [ [ 135.4, 35.5125 ], [ 135.40625, 35.5125 ], [ 135.40625, 35.516666666666673 ], [ 135.4, 35.516666666666673 ], [ 135.4, 35.5125 ] ] ] } },
{ "type": "Feature", "properties": { "mesh_code": "533523152", "centroid_lat": 35.510416666666671, "centroid_lon": 135.446875, "city_area_fraction": 0.99999999999999989, "centroid_within_city": true, "population": 6, "elderly_population": null, "reported_elderly_population": null, "elderly_ratio": null, "HTKSYORI": "2", "HTKSAKI": "533523054", "GASSAN": null, "disclosure_status": "suppressed_source", "suppression_flag": true, "aggregation_target_flag": false, "aggregation_flag": false, "primary_eligible_disclosure": false, "nearest_station_name": "松尾寺駅", "nearest_station_distance_m": 2729.3356412599333, "nearest_bus_stop_name": "朝来中", "nearest_bus_stop_distance_m": 1797.5374288629753, "nearest_public_transport_type": "bus_stop", "nearest_public_transport_name": "朝来中", "nearest_public_transport_distance_m": 1797.5374288629753, "nearest_medical_name": "養護老人ホーム安岡園", "nearest_medical_distance_m": 2283.6893988922575, "nearest_hospital_name": "医療法人医誠会　東舞鶴医誠会病院", "nearest_hospital_distance_m": 4391.887431601428, "nearest_clinic_name": "養護老人ホーム安岡園", "nearest_clinic_distance_m": 2283.6893988922575, "elderly_population_percentile": "<NA>", "elderly_ratio_percentile": "<NA>", "transport_distance_percentile": "<NA>", "medical_distance_percentile": "<NA>", "exploratory_score_a": "<NA>", "exploratory_score_b": "<NA>", "exploratory_score_c": "<NA>", "rank_a_unfiltered": "<NA>", "rank_b_unfiltered": "<NA>", "rank_c_unfiltered": "<NA>", "pareto_frontier": "<NA>", "eligibility_population_threshold": false, "eligibility_elderly_threshold": false, "primary_eligible": false, "rank": null }, "geometry": { "type": "Polygon", "coordinates": [ [ [ 135.44375, 35.508333333333333 ], [ 135.45, 35.508333333333333 ], [ 135.45, 35.5125 ], [ 135.44375, 35.5125 ], [ 135.44375, 35.508333333333333 ] ] ] } },
{ "type": "Feature", "properties": { "mesh_code": "533523162", "centroid_lat": 35.510416666666671, "centroid_lon": 135.459375, "city_area_fraction": 0.99999999999999989, "centroid_within_city": true, "population": 4, "elderly_population": null, "reported_elderly_population": null, "elderly_ratio": null, "HTKSYORI": "2", "HTKSAKI": "533523064", "GASSAN": null, "disclosure_status": "suppressed_source", "suppression_flag": true, "aggregation_target_flag": false, "aggregation_flag": false, "primary_eligible_disclosure": false, "nearest_station_name": "松尾寺駅", "nearest_station_distance_m": 2834.4495732977489, "nearest_bus_stop_name": "国立高専前", "nearest_bus_stop_distance_m": 2593.2795388205564, "nearest_public_transport_type": "bus_stop", "nearest_public_transport_name": "国立高専前", "nearest_public_transport_distance_m": 2593.2795388205564, "nearest_medical_name": "養護老人ホーム安岡園", "nearest_medical_distance_m": 2863.5474741141379, "nearest_hospital_name": "医療法人医誠会　東舞鶴医誠会病院", "nearest_hospital_distance_m": 5506.9367279621583, "nearest_clinic_name": "養護老人ホーム安岡園", "nearest_clinic_distance_m": 2863.5474741141379, "elderly_population_percentile": "<NA>", "elderly_ratio_percentile": "<NA>", "transport_distance_percentile": "<NA>", "medical_distance_percentile": "<NA>", "exploratory_score_a": "<NA>", "exploratory_score_b": "<NA>", "exploratory_score_c": "<NA>", "rank_a_unfiltered": "<NA>", "rank_b_unfiltered": "<NA>", "rank_c_unfiltered": "<NA>", "pareto_frontier": "<NA>", "eligibility_population_threshold": false, "eligibility_elderly_threshold": false, "primary_eligible": false, "rank": null }, "geometry": { "type": "Polygon", "coordinates": [ [ [ 135.45625, 35.508333333333333 ], [ 135.4625, 35.508333333333333 ], [ 135.4625, 35.5125 ], [ 135.45625, 35.5125 ], [ 135.45625, 35.508333333333333 ] ] ] } },
{ "type": "Feature", "properties": { "mesh_code": "533523202", "centroid_lat": 35.51875, "centroid_lon": 135.384375, "city_area_fraction": 1.0000000000000002, "centroid_within_city": true, "population": 13, "elderly_population": null, "reported_elderly_population": null, "elderly_ratio": null, "HTKSYORI": "2", "HTKSAKI": "533523211", "GASSAN": null, "disclosure_status": "suppressed_source", "suppression_flag": true, "aggregation_target_flag": false, "aggregation_flag": false, "primary_eligible_disclosure": false, "nearest_station_name": "東舞鶴駅", "nearest_station_distance_m": 5645.0727793892092, "nearest_bus_stop_name": "平", "nearest_bus_stop_distance_m": 492.40286866011337, "nearest_public_transport_type": "bus_stop", "nearest_public_transport_name": "平", "nearest_public_transport_distance_m": 492.40286866011337, "nearest_medical_name": "医療法人医誠会　東舞鶴医誠会病院", "nearest_medical_distance_m": 2276.6278404138766, "nearest_hospital_name": "医療法人医誠会　東舞鶴医誠会病院", "nearest_hospital_distance_m": 2276.6278404138766, "nearest_clinic_name": "海上自衛隊舞鶴衛生隊第二医務室", "nearest_clinic_distance_m": 3928.8264742410593, "elderly_population_percentile": "<NA>", "elderly_ratio_percentile": "<NA>", "transport_distance_percentile": "<NA>", "medical_distance_percentile": "<NA>", "exploratory_score_a": "<NA>", "exploratory_score_b": "<NA>", "exploratory_score_c": "<NA>", "rank_a_unfiltered": "<NA>", "rank_b_unfiltered": "<NA>", "rank_c_unfiltered": "<NA>", "pareto_frontier": "<NA>", "eligibility_population_threshold": false, "eligibility_elderly_threshold": false, "primary_eligible": false, "rank": null }, "geometry": { "type": "Polygon", "coordinates": [ [ [ 135.38125, 35.516666666666666 ], [ 135.3875, 35.516666666666666 ], [ 135.3875, 35.520833333333336 ], [ 135.38125, 35.520833333333336 ], [ 135.38125, 35.516666666666666 ] ] ] } },
{ "type": "Feature", "properties": { "mesh_code": "533523211", "centroid_lat": 35.51875, "centroid_lon": 135.390625, "city_area_fraction": 0.93976152528799917, "centroid_within_city": true, "population": 55, "elderly_population": null, "reported_elderly_population": 37.0, "elderly_ratio": null, "HTKSYORI": "1", "HTKSAKI": null, "GASSAN": "533523202;533523212", "disclosure_status": "aggregation_destination", "suppression_flag": false, "aggregation_target_flag": true, "aggregation_flag": true, "primary_eligible_disclosure": false, "nearest_station_name": "東舞鶴駅", "nearest_station_distance_m": 5578.0333617576853, "nearest_bus_stop_name": "平", "nearest_bus_stop_distance_m": 263.04870549255963, "nearest_public_transport_type": "bus_stop", "nearest_public_transport_name": "平", "nearest_public_transport_distance_m": 263.04870549255963, "nearest_medical_name": "医療法人医誠会　東舞鶴医誠会病院", "nearest_medical_distance_m": 1987.7894244651432, "nearest_hospital_name": "医療法人医誠会　東舞鶴医誠会病院", "nearest_hospital_distance_m": 1987.7894244651432, "nearest_clinic_name": "海上自衛隊舞鶴衛生隊第二医務室", "nearest_clinic_distance_m": 3779.503689034902, "elderly_population_percentile": "<NA>", "elderly_ratio_percentile": "<NA>", "transport_distance_percentile": "<NA>", "medical_distance_percentile": "<NA>", "exploratory_score_a": "<NA>", "exploratory_score_b": "<NA>", "exploratory_score_c": "<NA>", "rank_a_unfiltered": "<NA>", "rank_b_unfiltered": "<NA>", "rank_c_unfiltered": "<NA>", "pareto_frontier": "<NA>", "eligibility_population_threshold": true, "eligibility_elderly_threshold": false, "primary_eligible": false, "rank": null }, "geometry": { "type": "Polygon", "coordinates": [ [ [ 135.3875, 35.516666666666666 ], [ 135.39375, 35.516666666666666 ], [ 135.39375, 35.520833333333336 ], [ 135.3875, 35.520833333333336 ], [ 135.3875, 35.516666666666666 ] ] ] } },
{ "type": "Feature", "properties": { "mesh_code": "533523212", "centroid_lat": 35.51875, "centroid_lon": 135.396875, "city_area_fraction": 0.97789898627606153, "centroid_within_city": true, "population": 7, "elderly_population": null, "reported_elderly_population": null, "elderly_ratio": null, "HTKSYORI": "2", "HTKSAKI": "533523211", "GASSAN": null, "disclosure_status": "suppressed_source", "suppression_flag": true, "aggregation_target_flag": false, "aggregation_flag": false, "primary_eligible_disclosure": false, "nearest_station_name": "東舞鶴駅", "nearest_station_distance_m": 5568.2311311007816, "nearest_bus_stop_name": "大浦小学校前", "nearest_bus_stop_distance_m": 169.00886712735576, "nearest_public_transport_type": "bus_stop", "nearest_public_transport_name": "大浦小学校前", "nearest_public_transport_distance_m": 169.00886712735576, "nearest_medical_name": "医療法人医誠会　東舞鶴医誠会病院", "nearest_medical_distance_m": 1833.6964462837659, "nearest_hospital_name": "医療法人医誠会　東舞鶴医誠会病院", "nearest_hospital_distance_m": 1833.6964462837659, "nearest_clinic_name": "海上自衛隊舞鶴衛生隊第二医務室", "nearest_clinic_distance_m": 3711.6866669555402, "elderly_population_percentile": "<NA>", "elderly_ratio_percentile": "<NA>", "transport_distance_percentile": "<NA>", "medical_distance_percentile": "<NA>", "exploratory_score_a": "<NA>", "exploratory_score_b": "<NA>", "exploratory_score_c": "<NA>", "rank_a_unfiltered": "<NA>", "rank_b_unfiltered": "<NA>", "rank_c_unfiltered": "<NA>", "pareto_frontier": "<NA>", "eligibility_population_threshold": false, "eligibility_elderly_threshold": false, "primary_eligible": false, "rank": null }, "geometry": { "type": "Polygon", "coordinates": [ [ [ 135.39375, 35.516666666666666 ], [ 135.4, 35.516666666666666 ], [ 135.4, 35.520833333333336 ], [ 135.39375, 35.520833333333336 ], [ 135.39375, 35.516666666666666 ] ] ] } },
{ "type": "Feature", "properties": { "mesh_code": "533523213", "centroid_lat": 35.522916666666674, "centroid_lon": 135.390625, "city_area_fraction": 0.99999999999999989, "centroid_within_city": true, "population": 53, "elderly_population": null, "reported_elderly_population": 25.0, "elderly_ratio": null, "HTKSYORI": "1", "HTKSAKI": null, "GASSAN": "533523311", "disclosure_status": "aggregation_destination", "suppression_flag": false, "aggregation_target_flag": true, "aggregation_flag": true, "primary_eligible_disclosure": false, "nearest_station_name": "東舞鶴駅", "nearest_station_distance_m": 6039.3050366144644, "nearest_bus_stop_name": "赤野", "nearest_bus_stop_distance_m": 122.65750109939908, "nearest_public_transport_type": "bus_stop", "nearest_public_transport_name": "赤野", "nearest_public_transport_distance_m": 122.65750109939908, "nearest_medical_name": "医療法人医誠会　東舞鶴医誠会病院", "nearest_medical_distance_m": 2417.8876648808537, "nearest_hospital_name": "医療法人医誠会　東舞鶴医誠会病院", "nearest_hospital_distance_m": 2417.8876648808537, "nearest_clinic_name": "海上自衛隊舞鶴衛生隊第二医務室", "nearest_clinic_distance_m": 4233.968645138636, "elderly_population_percentile": "<NA>", "elderly_ratio_percentile": "<NA>", "transport_distance_percentile": "<NA>", "medical_distance_percentile": "<NA>", "exploratory_score_a": "<NA>", "exploratory_score_b": "<NA>", "exploratory_score_c": "<NA>", "rank_a_unfiltered": "<NA>", "rank_b_unfiltered": "<NA>", "rank_c_unfiltered": "<NA>", "pareto_frontier": "<NA>", "eligibility_population_threshold": true, "eligibility_elderly_threshold": false, "primary_eligible": false, "rank": null }, "geometry": { "type": "Polygon", "coordinates": [ [ [ 135.3875, 35.520833333333336 ], [ 135.39375, 35.520833333333336 ], [ 135.39375, 35.525 ], [ 135.3875, 35.525 ], [ 135.3875, 35.520833333333336 ] ] ] } },
{ "type": "Feature", "properties": { "mesh_code": "533523214", "centroid_lat": 35.522916666666674, "centroid_lon": 135.396875, "city_area_fraction": 1.0, "centroid_within_city": true, "population": 26, "elderly_population": 9.0, "reported_elderly_population": 9.0, "elderly_ratio": 0.34615384615384615, "HTKSYORI": "0", "HTKSAKI": null, "GASSAN": null, "disclosure_status": "unaffected", "suppression_flag": false, "aggregation_target_flag": false, "aggregation_flag": false, "primary_eligible_disclosure": true, "nearest_station_name": "東舞鶴駅", "nearest_station_distance_m": 6030.2527808684272, "nearest_bus_stop_name": "大浦小学校前", "nearest_bus_stop_distance_m": 618.92041997558192, "nearest_public_transport_type": "bus_stop", "nearest_public_transport_name": "大浦小学校前", "nearest_public_transport_distance_m": 618.92041997558192, "nearest_medical_name": "医療法人医誠会　東舞鶴医誠会病院", "nearest_medical_distance_m": 2292.8902286410644, "nearest_hospital_name": "医療法人医誠会　東舞鶴医誠会病院", "nearest_hospital_distance_m": 2292.8902286410644, "nearest_clinic_name": "海上自衛隊舞鶴衛生隊第二医務室", "nearest_clinic_distance_m": 4173.5457019537507, "elderly_population_percentile": "0.19230769230769232", "elderly_ratio_percentile": "0.4020979020979021", "transport_distance_percentile": "0.5944055944055944", "medical_distance_percentile": "0.7377622377622378", "exploratory_score_a": "0.114308768154922", "exploratory_score_b": "0.14187735341581498", "exploratory_score_c": "0.08433269258982008", "rank_a_unfiltered": "191", "rank_b_unfiltered": "173", "rank_c_unfiltered": "138", "pareto_frontier": "False", "eligibility_population_threshold": true, "eligibility_elderly_threshold": false, "primary_eligible": false, "rank": null }, "geometry": { "type": "Polygon", "coordinates": [ [ [ 135.39375, 35.520833333333336 ], [ 135.4, 35.520833333333336 ], [ 135.4, 35.525 ], [ 135.39375, 35.525 ], [ 135.39375, 35.520833333333336 ] ] ] } },
{ "type": "Feature", "properties": { "mesh_code": "533523221", "centroid_lat": 35.51875, "centroid_lon": 135.403125, "city_area_fraction": 1.0000000000000002, "centroid_within_city": true, "population": 4, "elderly_population": null, "reported_elderly_population": null, "elderly_ratio": null, "HTKSYORI": "2", "HTKSAKI": "533523223", "GASSAN": null, "disclosure_status": "suppressed_source", "suppression_flag": true, "aggregation_target_flag": false, "aggregation_flag": false, "primary_eligible_disclosure": false, "nearest_station_name": "松尾寺駅", "nearest_station_distance_m": 5614.7658083198858, "nearest_bus_stop_name": "河辺中", "nearest_bus_stop_distance_m": 366.62625638636518, "nearest_public_transport_type": "bus_stop", "nearest_public_transport_name": "河辺中", "nearest_public_transport_distance_m": 366.62625638636518, "nearest_medical_name": "医療法人医誠会　東舞鶴医誠会病院", "nearest_medical_distance_m": 1848.3615510425213, "nearest_hospital_name": "医療法人医誠会　東舞鶴医誠会病院", "nearest_hospital_distance_m": 1848.3615510425213, "nearest_clinic_name": "海上自衛隊舞鶴衛生隊第二医務室", "nearest_clinic_distance_m": 3729.8237646843559, "elderly_population_percentile": "<NA>", "elderly_ratio_percentile": "<NA>", "transport_distance_percentile": "<NA>", "medical_distance_percentile": "<NA>", "exploratory_score_a": "<NA>", "exploratory_score_b": "<NA>", "exploratory_score_c": "<NA>", "rank_a_unfiltered": "<NA>", "rank_b_unfiltered": "<NA>", "rank_c_unfiltered": "<NA>", "pareto_frontier": "<NA>", "eligibility_population_threshold": false, "eligibility_elderly_threshold": false, "primary_eligible": false, "rank": null }, "geometry": { "type": "Polygon", "coordinates": [ [ [ 135.4, 35.516666666666666 ], [ 135.40625, 35.516666666666666 ], [ 135.40625, 35.520833333333336 ], [ 135.4, 35.520833333333336 ], [ 135.4, 35.516666666666666 ] ] ] } },
{ "type": "Feature", "properties": { "mesh_code": "533523223", "centroid_lat": 35.522916666666674, "centroid_lon": 135.403125, "city_area_fraction": 0.99999999999999989, "centroid_within_city": true, "population": 40, "elderly_population": null, "reported_elderly_population": 18.0, "elderly_ratio": null, "HTKSYORI": "1", "HTKSAKI": null, "GASSAN": "533523221", "disclosure_status": "aggregation_destination", "suppression_flag": false, "aggregation_target_flag": true, "aggregation_flag": true, "primary_eligible_disclosure": false, "nearest_station_name": "松尾寺駅", "nearest_station_distance_m": 5924.5399609420147, "nearest_bus_stop_name": "河辺中", "nearest_bus_stop_distance_m": 318.60318959881096, "nearest_public_transport_type": "bus_stop", "nearest_public_transport_name": "河辺中", "nearest_public_transport_distance_m": 318.60318959881096, "nearest_medical_name": "医療法人医誠会　東舞鶴医誠会病院", "nearest_medical_distance_m": 2304.6342737594141, "nearest_hospital_name": "医療法人医誠会　東舞鶴医誠会病院", "nearest_hospital_distance_m": 2304.6342737594141, "nearest_clinic_name": "海上自衛隊舞鶴衛生隊第二医務室", "nearest_clinic_distance_m": 4189.6827307732829, "elderly_population_percentile": "<NA>", "elderly_ratio_percentile": "<NA>", "transport_distance_percentile": "<NA>", "medical_distance_percentile": "<NA>", "exploratory_score_a": "<NA>", "exploratory_score_b": "<NA>", "exploratory_score_c": "<NA>", "rank_a_unfiltered": "<NA>", "rank_b_unfiltered": "<NA>", "rank_c_unfiltered": "<NA>", "pareto_frontier": "<NA>", "eligibility_population_threshold": true, "eligibility_elderly_threshold": false, "primary_eligible": false, "rank": null }, "geometry": { "type": "Polygon", "coordinates": [ [ [ 135.4, 35.520833333333336 ], [ 135.40625, 35.520833333333336 ], [ 135.40625, 35.525 ], [ 135.4, 35.525 ], [ 135.4, 35.520833333333336 ] ] ] } },
{ "type": "Feature", "properties": { "mesh_code": "533523224", "centroid_lat": 35.522916666666674, "centroid_lon": 135.409375, "city_area_fraction": 1.0, "centroid_within_city": true, "population": 24, "elderly_population": 15.0, "reported_elderly_population": 15.0, "elderly_ratio": 0.625, "HTKSYORI": "0", "HTKSAKI": null, "GASSAN": null, "disclosure_status": "unaffected", "suppression_flag": false, "aggregation_target_flag": false, "aggregation_flag": false, "primary_eligible_disclosure": true, "nearest_station_name": "松尾寺駅", "nearest_station_distance_m": 5529.047862389808, "nearest_bus_stop_name": "西屋", "nearest_bus_stop_distance_m": 204.79261657023585, "nearest_public_transport_type": "bus_stop", "nearest_public_transport_name": "西屋", "nearest_public_transport_distance_m": 204.79261657023585, "nearest_medical_name": "医療法人医誠会　東舞鶴医誠会病院", "nearest_medical_distance_m": 2451.154809450582, "nearest_hospital_name": "医療法人医誠会　東舞鶴医誠会病院", "nearest_hospital_distance_m": 2451.154809450582, "nearest_clinic_name": "海上自衛隊舞鶴衛生隊第二医務室", "nearest_clinic_distance_m": 4281.5139842104518, "elderly_population_percentile": "0.3339160839160839", "elderly_ratio_percentile": "0.9003496503496503", "transport_distance_percentile": "0.2062937062937063", "medical_distance_percentile": "0.7587412587412588", "exploratory_score_a": "0.0688847865421292", "exploratory_score_b": "0.2533559098244413", "exploratory_score_c": "0.052265729649098036", "rank_a_unfiltered": "227", "rank_b_unfiltered": "94", "rank_c_unfiltered": "171", "pareto_frontier": "False", "eligibility_population_threshold": true, "eligibility_elderly_threshold": true, "primary_eligible": true, "rank": 142 }, "geometry": { "type": "Polygon", "coordinates": [ [ [ 135.40625, 35.520833333333336 ], [ 135.4125, 35.520833333333336 ], [ 135.4125, 35.525 ], [ 135.40625, 35.525 ], [ 135.40625, 35.520833333333336 ] ] ] } },
{ "type": "Feature", "properties": { "mesh_code": "533523233", "centroid_lat": 35.522916666666674, "centroid_lon": 135.415625, "city_area_fraction": 1.0, "centroid_within_city": true, "population": 12, "elderly_population": null, "reported_elderly_population": 11.0, "elderly_ratio": null, "HTKSYORI": "1", "HTKSAKI": null, "GASSAN": "533523234", "disclosure_status": "aggregation_destination", "suppression_flag": false, "aggregation_target_flag": true, "aggregation_flag": true, "primary_eligible_disclosure": false, "nearest_station_name": "松尾寺駅", "nearest_station_distance_m": 5165.6100365516286, "nearest_bus_stop_name": "室牛", "nearest_bus_stop_distance_m": 325.29462557522294, "nearest_public_transport_type": "bus_stop", "nearest_public_transport_name": "室牛", "nearest_public_transport_distance_m": 325.29462557522294, "nearest_medical_name": "医療法人医誠会　東舞鶴医誠会病院", "nearest_medical_distance_m": 2710.6837596832397, "nearest_hospital_name": "医療法人医誠会　東舞鶴医誠会病院", "nearest_hospital_distance_m": 2710.6837596832397, "nearest_clinic_name": "養護老人ホーム安岡園", "nearest_clinic_distance_m": 4112.4739621941299, "elderly_population_percentile": "<NA>", "elderly_ratio_percentile": "<NA>", "transport_distance_percentile": "<NA>", "medical_distance_percentile": "<NA>", "exploratory_score_a": "<NA>", "exploratory_score_b": "<NA>", "exploratory_score_c": "<NA>", "rank_a_unfiltered": "<NA>", "rank_b_unfiltered": "<NA>", "rank_c_unfiltered": "<NA>", "pareto_frontier": "<NA>", "eligibility_population_threshold": false, "eligibility_elderly_threshold": false, "primary_eligible": false, "rank": null }, "geometry": { "type": "Polygon", "coordinates": [ [ [ 135.4125, 35.520833333333336 ], [ 135.41875, 35.520833333333336 ], [ 135.41875, 35.525 ], [ 135.4125, 35.525 ], [ 135.4125, 35.520833333333336 ] ] ] } },
{ "type": "Feature", "properties": { "mesh_code": "533523234", "centroid_lat": 35.522916666666674, "centroid_lon": 135.421875, "city_area_fraction": 1.0000000000000002, "centroid_within_city": true, "population": 9, "elderly_population": null, "reported_elderly_population": null, "elderly_ratio": null, "HTKSYORI": "2", "HTKSAKI": "533523233", "GASSAN": null, "disclosure_status": "suppressed_source", "suppression_flag": true, "aggregation_target_flag": false, "aggregation_flag": false, "primary_eligible_disclosure": false, "nearest_station_name": "松尾寺駅", "nearest_station_distance_m": 4841.4504699714871, "nearest_bus_stop_name": "河辺由里", "nearest_bus_stop_distance_m": 545.28664096862769, "nearest_public_transport_type": "bus_stop", "nearest_public_transport_name": "河辺由里", "nearest_public_transport_distance_m": 545.28664096862769, "nearest_medical_name": "医療法人医誠会　東舞鶴医誠会病院", "nearest_medical_distance_m": 3054.5502682158408, "nearest_hospital_name": "医療法人医誠会　東舞鶴医誠会病院", "nearest_hospital_distance_m": 3054.5502682158408, "nearest_clinic_name": "養護老人ホーム安岡園", "nearest_clinic_distance_m": 3855.9712522914228, "elderly_population_percentile": "<NA>", "elderly_ratio_percentile": "<NA>", "transport_distance_percentile": "<NA>", "medical_distance_percentile": "<NA>", "exploratory_score_a": "<NA>", "exploratory_score_b": "<NA>", "exploratory_score_c": "<NA>", "rank_a_unfiltered": "<NA>", "rank_b_unfiltered": "<NA>", "rank_c_unfiltered": "<NA>", "pareto_frontier": "<NA>", "eligibility_population_threshold": false, "eligibility_elderly_threshold": false, "primary_eligible": false, "rank": null }, "geometry": { "type": "Polygon", "coordinates": [ [ [ 135.41875, 35.520833333333336 ], [ 135.425, 35.520833333333336 ], [ 135.425, 35.525 ], [ 135.41875, 35.525 ], [ 135.41875, 35.520833333333336 ] ] ] } },
{ "type": "Feature", "properties": { "mesh_code": "533523303", "centroid_lat": 35.53125, "centroid_lon": 135.378125, "city_area_fraction": 1.0, "centroid_within_city": true, "population": 8, "elderly_population": null, "reported_elderly_population": null, "elderly_ratio": null, "HTKSYORI": "2", "HTKSAKI": "533523304", "GASSAN": null, "disclosure_status": "suppressed_source", "suppression_flag": true, "aggregation_target_flag": false, "aggregation_flag": false, "primary_eligible_disclosure": false, "nearest_station_name": "東舞鶴駅", "nearest_station_distance_m": 7114.8049748575932, "nearest_bus_stop_name": "赤野", "nearest_bus_stop_distance_m": 1476.1411345885629, "nearest_public_transport_type": "bus_stop", "nearest_public_transport_name": "赤野", "nearest_public_transport_distance_m": 1476.1411345885629, "nearest_medical_name": "医療法人医誠会　東舞鶴医誠会病院", "nearest_medical_distance_m": 3744.8507846518037, "nearest_hospital_name": "医療法人医誠会　東舞鶴医誠会病院", "nearest_hospital_distance_m": 3744.8507846518037, "nearest_clinic_name": "国土交通省共済組合海上保安学校診療所", "nearest_clinic_distance_m": 5294.2771501500529, "elderly_population_percentile": "<NA>", "elderly_ratio_percentile": "<NA>", "transport_distance_percentile": "<NA>", "medical_distance_percentile": "<NA>", "exploratory_score_a": "<NA>", "exploratory_score_b": "<NA>", "exploratory_score_c": "<NA>", "rank_a_unfiltered": "<NA>", "rank_b_unfiltered": "<NA>", "rank_c_unfiltered": "<NA>", "pareto_frontier": "<NA>", "eligibility_population_threshold": false, "eligibility_elderly_threshold": false, "primary_eligible": false, "rank": null }, "geometry": { "type": "Polygon", "coordinates": [ [ [ 135.375, 35.529166666666669 ], [ 135.38125, 35.529166666666669 ], [ 135.38125, 35.533333333333339 ], [ 135.375, 35.533333333333339 ], [ 135.375, 35.529166666666669 ] ] ] } },
{ "type": "Feature", "properties": { "mesh_code": "533523304", "centroid_lat": 35.53125, "centroid_lon": 135.384375, "city_area_fraction": 1.0, "centroid_within_city": true, "population": 8, "elderly_population": null, "reported_elderly_population": 6.0, "elderly_ratio": null, "HTKSYORI": "1", "HTKSAKI": null, "GASSAN": "533523303;533523414", "disclosure_status": "aggregation_destination", "suppression_flag": false, "aggregation_target_flag": true, "aggregation_flag": true, "primary_eligible_disclosure": false, "nearest_station_name": "東舞鶴駅", "nearest_station_distance_m": 7016.0621707233604, "nearest_bus_stop_name": "赤野", "nearest_bus_stop_distance_m": 1138.2281747279426, "nearest_public_transport_type": "bus_stop", "nearest_public_transport_name": "赤野", "nearest_public_transport_distance_m": 1138.2281747279426, "nearest_medical_name": "医療法人医誠会　東舞鶴医誠会病院", "nearest_medical_distance_m": 3485.6276638522654, "nearest_hospital_name": "医療法人医誠会　東舞鶴医誠会病院", "nearest_hospital_distance_m": 3485.6276638522654, "nearest_clinic_name": "海上自衛隊舞鶴衛生隊第二医務室", "nearest_clinic_distance_m": 5257.6771324441397, "elderly_population_percentile": "<NA>", "elderly_ratio_percentile": "<NA>", "transport_distance_percentile": "<NA>", "medical_distance_percentile": "<NA>", "exploratory_score_a": "<NA>", "exploratory_score_b": "<NA>", "exploratory_score_c": "<NA>", "rank_a_unfiltered": "<NA>", "rank_b_unfiltered": "<NA>", "rank_c_unfiltered": "<NA>", "pareto_frontier": "<NA>", "eligibility_population_threshold": false, "eligibility_elderly_threshold": false, "primary_eligible": false, "rank": null }, "geometry": { "type": "Polygon", "coordinates": [ [ [ 135.38125, 35.529166666666669 ], [ 135.3875, 35.529166666666669 ], [ 135.3875, 35.533333333333339 ], [ 135.38125, 35.533333333333339 ], [ 135.38125, 35.529166666666669 ] ] ] } },
{ "type": "Feature", "properties": { "mesh_code": "533523311", "centroid_lat": 35.527083333333337, "centroid_lon": 135.390625, "city_area_fraction": 1.0, "centroid_within_city": true, "population": 5, "elderly_population": null, "reported_elderly_population": null, "elderly_ratio": null, "HTKSYORI": "2", "HTKSAKI": "533523213", "GASSAN": null, "disclosure_status": "suppressed_source", "suppression_flag": true, "aggregation_target_flag": false, "aggregation_flag": false, "primary_eligible_disclosure": false, "nearest_station_name": "東舞鶴駅", "nearest_station_distance_m": 6500.7179089978436, "nearest_bus_stop_name": "赤野", "nearest_bus_stop_distance_m": 566.74972238407531, "nearest_public_transport_type": "bus_stop", "nearest_public_transport_name": "赤野", "nearest_public_transport_distance_m": 566.74972238407531, "nearest_medical_name": "医療法人医誠会　東舞鶴医誠会病院", "nearest_medical_distance_m": 2858.0467036761065, "nearest_hospital_name": "医療法人医誠会　東舞鶴医誠会病院", "nearest_hospital_distance_m": 2858.0467036761065, "nearest_clinic_name": "海上自衛隊舞鶴衛生隊第二医務室", "nearest_clinic_distance_m": 4689.9584562039427, "elderly_population_percentile": "<NA>", "elderly_ratio_percentile": "<NA>", "transport_distance_percentile": "<NA>", "medical_distance_percentile": "<NA>", "exploratory_score_a": "<NA>", "exploratory_score_b": "<NA>", "exploratory_score_c": "<NA>", "rank_a_unfiltered": "<NA>", "rank_b_unfiltered": "<NA>", "rank_c_unfiltered": "<NA>", "pareto_frontier": "<NA>", "eligibility_population_threshold": false, "eligibility_elderly_threshold": false, "primary_eligible": false, "rank": null }, "geometry": { "type": "Polygon", "coordinates": [ [ [ 135.3875, 35.525 ], [ 135.39375, 35.525 ], [ 135.39375, 35.529166666666669 ], [ 135.3875, 35.529166666666669 ], [ 135.3875, 35.525 ] ] ] } },
{ "type": "Feature", "properties": { "mesh_code": "533523322", "centroid_lat": 35.527083333333337, "centroid_lon": 135.409375, "city_area_fraction": 1.0, "centroid_within_city": true, "population": 16, "elderly_population": 8.0, "reported_elderly_population": 8.0, "elderly_ratio": 0.5, "HTKSYORI": "0", "HTKSAKI": null, "GASSAN": null, "disclosure_status": "unaffected", "suppression_flag": false, "aggregation_target_flag": false, "aggregation_flag": false, "primary_eligible_disclosure": true, "nearest_station_name": "松尾寺駅", "nearest_station_distance_m": 5879.8430412266116, "nearest_bus_stop_name": "西屋", "nearest_bus_stop_distance_m": 296.95827440541882, "nearest_public_transport_type": "bus_stop", "nearest_public_transport_name": "西屋", "nearest_public_transport_distance_m": 296.95827440541882, "nearest_medical_name": "医療法人医誠会　東舞鶴医誠会病院", "nearest_medical_distance_m": 2886.2426150100328, "nearest_hospital_name": "医療法人医誠会　東舞鶴医誠会病院", "nearest_hospital_distance_m": 2886.2426150100328, "nearest_clinic_name": "海上自衛隊舞鶴衛生隊第二医務室", "nearest_clinic_distance_m": 4732.9221020115983, "elderly_population_percentile": "0.15734265734265734", "elderly_ratio_percentile": "0.7202797202797203", "transport_distance_percentile": "0.32867132867132864", "medical_distance_percentile": "0.8321678321678322", "exploratory_score_a": "0.051714020245488775", "exploratory_score_b": "0.1309354980683652", "exploratory_score_c": "0.04303474412037178", "rank_a_unfiltered": "241", "rank_b_unfiltered": "181", "rank_c_unfiltered": "186", "pareto_frontier": "False", "eligibility_population_threshold": false, "eligibility_elderly_threshold": false, "primary_eligible": false, "rank": null }, "geometry": { "type": "Polygon", "coordinates": [ [ [ 135.40625, 35.525 ], [ 135.4125, 35.525 ], [ 135.4125, 35.529166666666669 ], [ 135.40625, 35.529166666666669 ], [ 135.40625, 35.525 ] ] ] } },
{ "type": "Feature", "properties": { "mesh_code": "533523331", "centroid_lat": 35.527083333333337, "centroid_lon": 135.415625, "city_area_fraction": 1.0, "centroid_within_city": true, "population": 7, "elderly_population": null, "reported_elderly_population": null, "elderly_ratio": null, "HTKSYORI": "2", "HTKSAKI": "533523332", "GASSAN": null, "disclosure_status": "suppressed_source", "suppression_flag": true, "aggregation_target_flag": false, "aggregation_flag": false, "primary_eligible_disclosure": false, "nearest_station_name": "松尾寺駅", "nearest_station_distance_m": 5539.4863402089404, "nearest_bus_stop_name": "室牛", "nearest_bus_stop_distance_m": 137.05389523506722, "nearest_public_transport_type": "bus_stop", "nearest_public_transport_name": "室牛", "nearest_public_transport_distance_m": 137.05389523506722, "nearest_medical_name": "医療法人医誠会　東舞鶴医誠会病院", "nearest_medical_distance_m": 3109.6578591957878, "nearest_hospital_name": "医療法人医誠会　東舞鶴医誠会病院", "nearest_hospital_distance_m": 3109.6578591957878, "nearest_clinic_name": "養護老人ホーム安岡園", "nearest_clinic_distance_m": 4516.920957209014, "elderly_population_percentile": "<NA>", "elderly_ratio_percentile": "<NA>", "transport_distance_percentile": "<NA>", "medical_distance_percentile": "<NA>", "exploratory_score_a": "<NA>", "exploratory_score_b": "<NA>", "exploratory_score_c": "<NA>", "rank_a_unfiltered": "<NA>", "rank_b_unfiltered": "<NA>", "rank_c_unfiltered": "<NA>", "pareto_frontier": "<NA>", "eligibility_population_threshold": false, "eligibility_elderly_threshold": false, "primary_eligible": false, "rank": null }, "geometry": { "type": "Polygon", "coordinates": [ [ [ 135.4125, 35.525 ], [ 135.41875, 35.525 ], [ 135.41875, 35.529166666666669 ], [ 135.4125, 35.529166666666669 ], [ 135.4125, 35.525 ] ] ] } },
{ "type": "Feature", "properties": { "mesh_code": "533523332", "centroid_lat": 35.527083333333337, "centroid_lon": 135.421875, "city_area_fraction": 0.99999999999999978, "centroid_within_city": true, "population": 41, "elderly_population": null, "reported_elderly_population": 30.0, "elderly_ratio": null, "HTKSYORI": "1", "HTKSAKI": null, "GASSAN": "533523331", "disclosure_status": "aggregation_destination", "suppression_flag": false, "aggregation_target_flag": true, "aggregation_flag": true, "primary_eligible_disclosure": false, "nearest_station_name": "松尾寺駅", "nearest_station_distance_m": 5238.5293023273516, "nearest_bus_stop_name": "河辺由里", "nearest_bus_stop_distance_m": 286.6248996876285, "nearest_public_transport_type": "bus_stop", "nearest_public_transport_name": "河辺由里", "nearest_public_transport_distance_m": 286.6248996876285, "nearest_medical_name": "医療法人医誠会　東舞鶴医誠会病院", "nearest_medical_distance_m": 3413.5522129792812, "nearest_hospital_name": "医療法人医誠会　東舞鶴医誠会病院", "nearest_hospital_distance_m": 3413.5522129792812, "nearest_clinic_name": "養護老人ホーム安岡園", "nearest_clinic_distance_m": 4284.7112185711494, "elderly_population_percentile": "<NA>", "elderly_ratio_percentile": "<NA>", "transport_distance_percentile": "<NA>", "medical_distance_percentile": "<NA>", "exploratory_score_a": "<NA>", "exploratory_score_b": "<NA>", "exploratory_score_c": "<NA>", "rank_a_unfiltered": "<NA>", "rank_b_unfiltered": "<NA>", "rank_c_unfiltered": "<NA>", "pareto_frontier": "<NA>", "eligibility_population_threshold": true, "eligibility_elderly_threshold": false, "primary_eligible": false, "rank": null }, "geometry": { "type": "Polygon", "coordinates": [ [ [ 135.41875, 35.525 ], [ 135.425, 35.525 ], [ 135.425, 35.529166666666669 ], [ 135.41875, 35.529166666666669 ], [ 135.41875, 35.525 ] ] ] } },
{ "type": "Feature", "properties": { "mesh_code": "533523333", "centroid_lat": 35.53125, "centroid_lon": 135.415625, "city_area_fraction": 1.0000000000000002, "centroid_within_city": true, "population": 7, "elderly_population": null, "reported_elderly_population": null, "elderly_ratio": null, "HTKSYORI": "2", "HTKSAKI": "533523334", "GASSAN": null, "disclosure_status": "suppressed_source", "suppression_flag": true, "aggregation_target_flag": false, "aggregation_flag": false, "primary_eligible_disclosure": false, "nearest_station_name": "松尾寺駅", "nearest_station_distance_m": 5925.8472121080358, "nearest_bus_stop_name": "河辺由里", "nearest_bus_stop_distance_m": 539.17532641743594, "nearest_public_transport_type": "bus_stop", "nearest_public_transport_name": "河辺由里", "nearest_public_transport_distance_m": 539.17532641743594, "nearest_medical_name": "医療法人医誠会　東舞鶴医誠会病院", "nearest_medical_distance_m": 3524.1329965531695, "nearest_hospital_name": "医療法人医誠会　東舞鶴医誠会病院", "nearest_hospital_distance_m": 3524.1329965531695, "nearest_clinic_name": "養護老人ホーム安岡園", "nearest_clinic_distance_m": 4931.5395587792154, "elderly_population_percentile": "<NA>", "elderly_ratio_percentile": "<NA>", "transport_distance_percentile": "<NA>", "medical_distance_percentile": "<NA>", "exploratory_score_a": "<NA>", "exploratory_score_b": "<NA>", "exploratory_score_c": "<NA>", "rank_a_unfiltered": "<NA>", "rank_b_unfiltered": "<NA>", "rank_c_unfiltered": "<NA>", "pareto_frontier": "<NA>", "eligibility_population_threshold": false, "eligibility_elderly_threshold": false, "primary_eligible": false, "rank": null }, "geometry": { "type": "Polygon", "coordinates": [ [ [ 135.4125, 35.529166666666669 ], [ 135.41875, 35.529166666666669 ], [ 135.41875, 35.533333333333339 ], [ 135.4125, 35.533333333333339 ], [ 135.4125, 35.529166666666669 ] ] ] } },
{ "type": "Feature", "properties": { "mesh_code": "533523334", "centroid_lat": 35.53125, "centroid_lon": 135.421875, "city_area_fraction": 1.0000000000000002, "centroid_within_city": true, "population": 9, "elderly_population": null, "reported_elderly_population": 11.0, "elderly_ratio": null, "HTKSYORI": "1", "HTKSAKI": null, "GASSAN": "533523333", "disclosure_status": "aggregation_destination", "suppression_flag": false, "aggregation_target_flag": true, "aggregation_flag": true, "primary_eligible_disclosure": false, "nearest_station_name": "松尾寺駅", "nearest_station_distance_m": 5645.5389429863371, "nearest_bus_stop_name": "原", "nearest_bus_stop_distance_m": 414.54633712740036, "nearest_public_transport_type": "bus_stop", "nearest_public_transport_name": "原", "nearest_public_transport_distance_m": 414.54633712740036, "nearest_medical_name": "医療法人医誠会　東舞鶴医誠会病院", "nearest_medical_distance_m": 3794.9671375966664, "nearest_hospital_name": "医療法人医誠会　東舞鶴医誠会病院", "nearest_hospital_distance_m": 3794.9671375966664, "nearest_clinic_name": "養護老人ホーム安岡園", "nearest_clinic_distance_m": 4719.7839456263928, "elderly_population_percentile": "<NA>", "elderly_ratio_percentile": "<NA>", "transport_distance_percentile": "<NA>", "medical_distance_percentile": "<NA>", "exploratory_score_a": "<NA>", "exploratory_score_b": "<NA>", "exploratory_score_c": "<NA>", "rank_a_unfiltered": "<NA>", "rank_b_unfiltered": "<NA>", "rank_c_unfiltered": "<NA>", "pareto_frontier": "<NA>", "eligibility_population_threshold": false, "eligibility_elderly_threshold": false, "primary_eligible": false, "rank": null }, "geometry": { "type": "Polygon", "coordinates": [ [ [ 135.41875, 35.529166666666669 ], [ 135.425, 35.529166666666669 ], [ 135.425, 35.533333333333339 ], [ 135.41875, 35.533333333333339 ], [ 135.41875, 35.529166666666669 ] ] ] } },
{ "type": "Feature", "properties": { "mesh_code": "533523341", "centroid_lat": 35.527083333333337, "centroid_lon": 135.428125, "city_area_fraction": 1.0000000000000002, "centroid_within_city": true, "population": 24, "elderly_population": null, "reported_elderly_population": 14.0, "elderly_ratio": null, "HTKSYORI": "1", "HTKSAKI": null, "GASSAN": "533523343", "disclosure_status": "aggregation_destination", "suppression_flag": false, "aggregation_target_flag": true, "aggregation_flag": true, "primary_eligible_disclosure": false, "nearest_station_name": "松尾寺駅", "nearest_station_distance_m": 4984.1141410052232, "nearest_bus_stop_name": "原", "nearest_bus_stop_distance_m": 334.83156765676438, "nearest_public_transport_type": "bus_stop", "nearest_public_transport_name": "原", "nearest_public_transport_distance_m": 334.83156765676438, "nearest_medical_name": "医療法人医誠会　東舞鶴医誠会病院", "nearest_medical_distance_m": 3778.5572840664236, "nearest_hospital_name": "医療法人医誠会　東舞鶴医誠会病院", "nearest_hospital_distance_m": 3778.5572840664236, "nearest_clinic_name": "養護老人ホーム安岡園", "nearest_clinic_distance_m": 4117.9860368463123, "elderly_population_percentile": "<NA>", "elderly_ratio_percentile": "<NA>", "transport_distance_percentile": "<NA>", "medical_distance_percentile": "<NA>", "exploratory_score_a": "<NA>", "exploratory_score_b": "<NA>", "exploratory_score_c": "<NA>", "rank_a_unfiltered": "<NA>", "rank_b_unfiltered": "<NA>", "rank_c_unfiltered": "<NA>", "pareto_frontier": "<NA>", "eligibility_population_threshold": true, "eligibility_elderly_threshold": false, "primary_eligible": false, "rank": null }, "geometry": { "type": "Polygon", "coordinates": [ [ [ 135.425, 35.525 ], [ 135.43125, 35.525 ], [ 135.43125, 35.529166666666669 ], [ 135.425, 35.529166666666669 ], [ 135.425, 35.525 ] ] ] } },
{ "type": "Feature", "properties": { "mesh_code": "533523343", "centroid_lat": 35.53125, "centroid_lon": 135.428125, "city_area_fraction": 1.0, "centroid_within_city": true, "population": 2, "elderly_population": null, "reported_elderly_population": null, "elderly_ratio": null, "HTKSYORI": "2", "HTKSAKI": "533523341", "GASSAN": null, "disclosure_status": "suppressed_source", "suppression_flag": true, "aggregation_target_flag": false, "aggregation_flag": false, "primary_eligible_disclosure": false, "nearest_station_name": "松尾寺駅", "nearest_station_distance_m": 5410.3092064548255, "nearest_bus_stop_name": "原", "nearest_bus_stop_distance_m": 440.50327337460612, "nearest_public_transport_type": "bus_stop", "nearest_public_transport_name": "原", "nearest_public_transport_distance_m": 440.50327337460612, "nearest_medical_name": "医療法人医誠会　東舞鶴医誠会病院", "nearest_medical_distance_m": 4126.3536315238589, "nearest_hospital_name": "医療法人医誠会　東舞鶴医誠会病院", "nearest_hospital_distance_m": 4126.3536315238589, "nearest_clinic_name": "養護老人ホーム安岡園", "nearest_clinic_distance_m": 4568.9702167234836, "elderly_population_percentile": "<NA>", "elderly_ratio_percentile": "<NA>", "transport_distance_percentile": "<NA>", "medical_distance_percentile": "<NA>", "exploratory_score_a": "<NA>", "exploratory_score_b": "<NA>", "exploratory_score_c": "<NA>", "rank_a_unfiltered": "<NA>", "rank_b_unfiltered": "<NA>", "rank_c_unfiltered": "<NA>", "pareto_frontier": "<NA>", "eligibility_population_threshold": false, "eligibility_elderly_threshold": false, "primary_eligible": false, "rank": null }, "geometry": { "type": "Polygon", "coordinates": [ [ [ 135.425, 35.529166666666669 ], [ 135.43125, 35.529166666666669 ], [ 135.43125, 35.533333333333339 ], [ 135.425, 35.533333333333339 ], [ 135.425, 35.529166666666669 ] ] ] } },
{ "type": "Feature", "properties": { "mesh_code": "533523344", "centroid_lat": 35.53125, "centroid_lon": 135.434375, "city_area_fraction": 0.99999999999999989, "centroid_within_city": true, "population": 56, "elderly_population": null, "reported_elderly_population": 28.0, "elderly_ratio": null, "HTKSYORI": "1", "HTKSAKI": null, "GASSAN": "533523353", "disclosure_status": "aggregation_destination", "suppression_flag": false, "aggregation_target_flag": true, "aggregation_flag": true, "primary_eligible_disclosure": false, "nearest_station_name": "松尾寺駅", "nearest_station_distance_m": 5226.248274273792, "nearest_bus_stop_name": "栃尾", "nearest_bus_stop_distance_m": 187.40919564676568, "nearest_public_transport_type": "bus_stop", "nearest_public_transport_name": "栃尾", "nearest_public_transport_distance_m": 187.40919564676568, "nearest_medical_name": "養護老人ホーム安岡園", "nearest_medical_distance_m": 4485.2498317723657, "nearest_hospital_name": "医療法人医誠会　東舞鶴医誠会病院", "nearest_hospital_distance_m": 4504.9492931742179, "nearest_clinic_name": "養護老人ホーム安岡園", "nearest_clinic_distance_m": 4485.2498317723657, "elderly_population_percentile": "<NA>", "elderly_ratio_percentile": "<NA>", "transport_distance_percentile": "<NA>", "medical_distance_percentile": "<NA>", "exploratory_score_a": "<NA>", "exploratory_score_b": "<NA>", "exploratory_score_c": "<NA>", "rank_a_unfiltered": "<NA>", "rank_b_unfiltered": "<NA>", "rank_c_unfiltered": "<NA>", "pareto_frontier": "<NA>", "eligibility_population_threshold": true, "eligibility_elderly_threshold": false, "primary_eligible": false, "rank": null }, "geometry": { "type": "Polygon", "coordinates": [ [ [ 135.43125, 35.529166666666669 ], [ 135.4375, 35.529166666666669 ], [ 135.4375, 35.533333333333339 ], [ 135.43125, 35.533333333333339 ], [ 135.43125, 35.529166666666669 ] ] ] } },
{ "type": "Feature", "properties": { "mesh_code": "533523353", "centroid_lat": 35.53125, "centroid_lon": 135.440625, "city_area_fraction": 1.0, "centroid_within_city": true, "population": 7, "elderly_population": null, "reported_elderly_population": null, "elderly_ratio": null, "HTKSYORI": "2", "HTKSAKI": "533523344", "GASSAN": null, "disclosure_status": "suppressed_source", "suppression_flag": true, "aggregation_target_flag": false, "aggregation_flag": false, "primary_eligible_disclosure": false, "nearest_station_name": "松尾寺駅", "nearest_station_distance_m": 5098.9003230393118, "nearest_bus_stop_name": "栃尾", "nearest_bus_stop_distance_m": 387.04574176942765, "nearest_public_transport_type": "bus_stop", "nearest_public_transport_name": "栃尾", "nearest_public_transport_distance_m": 387.04574176942765, "nearest_medical_name": "養護老人ホーム安岡園", "nearest_medical_distance_m": 4472.392059886839, "nearest_hospital_name": "医療法人医誠会　東舞鶴医誠会病院", "nearest_hospital_distance_m": 4919.8674498515766, "nearest_clinic_name": "養護老人ホーム安岡園", "nearest_clinic_distance_m": 4472.392059886839, "elderly_population_percentile": "<NA>", "elderly_ratio_percentile": "<NA>", "transport_distance_percentile": "<NA>", "medical_distance_percentile": "<NA>", "exploratory_score_a": "<NA>", "exploratory_score_b": "<NA>", "exploratory_score_c": "<NA>", "rank_a_unfiltered": "<NA>", "rank_b_unfiltered": "<NA>", "rank_c_unfiltered": "<NA>", "pareto_frontier": "<NA>", "eligibility_population_threshold": false, "eligibility_elderly_threshold": false, "primary_eligible": false, "rank": null }, "geometry": { "type": "Polygon", "coordinates": [ [ [ 135.4375, 35.529166666666669 ], [ 135.44375, 35.529166666666669 ], [ 135.44375, 35.533333333333339 ], [ 135.4375, 35.533333333333339 ], [ 135.4375, 35.529166666666669 ] ] ] } },
{ "type": "Feature", "properties": { "mesh_code": "533523414", "centroid_lat": 35.53958333333334, "centroid_lon": 135.396875, "city_area_fraction": 1.0, "centroid_within_city": true, "population": 3, "elderly_population": null, "reported_elderly_population": null, "elderly_ratio": null, "HTKSYORI": "2", "HTKSAKI": "533523304", "GASSAN": null, "disclosure_status": "suppressed_source", "suppression_flag": true, "aggregation_target_flag": false, "aggregation_flag": false, "primary_eligible_disclosure": false, "nearest_station_name": "松尾寺駅", "nearest_station_distance_m": 7670.980902538985, "nearest_bus_stop_name": "舞鶴自然文化園", "nearest_bus_stop_distance_m": 167.31321641828322, "nearest_public_transport_type": "bus_stop", "nearest_public_transport_name": "舞鶴自然文化園", "nearest_public_transport_distance_m": 167.31321641828322, "nearest_medical_name": "医療法人医誠会　東舞鶴医誠会病院", "nearest_medical_distance_m": 4136.5112495639423, "nearest_hospital_name": "医療法人医誠会　東舞鶴医誠会病院", "nearest_hospital_distance_m": 4136.5112495639423, "nearest_clinic_name": "海上自衛隊舞鶴衛生隊第二医務室", "nearest_clinic_distance_m": 6021.6050482593864, "elderly_population_percentile": "<NA>", "elderly_ratio_percentile": "<NA>", "transport_distance_percentile": "<NA>", "medical_distance_percentile": "<NA>", "exploratory_score_a": "<NA>", "exploratory_score_b": "<NA>", "exploratory_score_c": "<NA>", "rank_a_unfiltered": "<NA>", "rank_b_unfiltered": "<NA>", "rank_c_unfiltered": "<NA>", "pareto_frontier": "<NA>", "eligibility_population_threshold": false, "eligibility_elderly_threshold": false, "primary_eligible": false, "rank": null }, "geometry": { "type": "Polygon", "coordinates": [ [ [ 135.39375, 35.5375 ], [ 135.4, 35.5375 ], [ 135.4, 35.541666666666671 ], [ 135.39375, 35.541666666666671 ], [ 135.39375, 35.5375 ] ] ] } },
{ "type": "Feature", "properties": { "mesh_code": "533523434", "centroid_lat": 35.53958333333334, "centroid_lon": 135.421875, "city_area_fraction": 1.0000000000000002, "centroid_within_city": true, "population": 9, "elderly_population": 8.0, "reported_elderly_population": 8.0, "elderly_ratio": 0.88888888888888884, "HTKSYORI": "0", "HTKSAKI": null, "GASSAN": null, "disclosure_status": "unaffected", "suppression_flag": false, "aggregation_target_flag": false, "aggregation_flag": false, "primary_eligible_disclosure": true, "nearest_station_name": "松尾寺駅", "nearest_station_distance_m": 6481.8266887125519, "nearest_bus_stop_name": "原", "nearest_bus_stop_distance_m": 1271.9409157791738, "nearest_public_transport_type": "bus_stop", "nearest_public_transport_name": "原", "nearest_public_transport_distance_m": 1271.9409157791738, "nearest_medical_name": "医療法人医誠会　東舞鶴医誠会病院", "nearest_medical_distance_m": 4602.4753472708253, "nearest_hospital_name": "医療法人医誠会　東舞鶴医誠会病院", "nearest_hospital_distance_m": 4602.4753472708253, "nearest_clinic_name": "養護老人ホーム安岡園", "nearest_clinic_distance_m": 5603.008796736468, "elderly_population_percentile": "0.15734265734265734", "elderly_ratio_percentile": "0.9982517482517482", "transport_distance_percentile": "0.7622377622377622", "medical_distance_percentile": "0.9335664335664335", "exploratory_score_a": "0.11993251503741013", "exploratory_score_b": "0.14688982346325002", "exploratory_score_c": "0.11196497033212764", "rank_a_unfiltered": "185", "rank_b_unfiltered": "169", "rank_c_unfiltered": "107", "pareto_frontier": "False", "eligibility_population_threshold": false, "eligibility_elderly_threshold": false, "primary_eligible": false, "rank": null }, "geometry": { "type": "Polygon", "coordinates": [ [ [ 135.41875, 35.5375 ], [ 135.425, 35.5375 ], [ 135.425, 35.541666666666671 ], [ 135.41875, 35.541666666666671 ], [ 135.41875, 35.5375 ] ] ] } },
{ "type": "Feature", "properties": { "mesh_code": "533523561", "centroid_lat": 35.54375, "centroid_lon": 135.453125, "city_area_fraction": 0.99999999999999989, "centroid_within_city": true, "population": 11, "elderly_population": 3.0, "reported_elderly_population": 3.0, "elderly_ratio": 0.27272727272727271, "HTKSYORI": "0", "HTKSAKI": null, "GASSAN": null, "disclosure_status": "unaffected", "suppression_flag": false, "aggregation_target_flag": false, "aggregation_flag": false, "primary_eligible_disclosure": true, "nearest_station_name": "松尾寺駅", "nearest_station_distance_m": 6415.0330892064503, "nearest_bus_stop_name": "野原口", "nearest_bus_stop_distance_m": 449.78977731580551, "nearest_public_transport_type": "bus_stop", "nearest_public_transport_name": "野原口", "nearest_public_transport_distance_m": 449.78977731580551, "nearest_medical_name": "養護老人ホーム安岡園", "nearest_medical_distance_m": 6001.4665759429154, "nearest_hospital_name": "医療法人医誠会　東舞鶴医誠会病院", "nearest_hospital_distance_m": 6690.5834782901702, "nearest_clinic_name": "養護老人ホーム安岡園", "nearest_clinic_distance_m": 6001.4665759429154, "elderly_population_percentile": "0.03496503496503497", "elderly_ratio_percentile": "0.18356643356643357", "transport_distance_percentile": "0.46153846153846156", "medical_distance_percentile": "0.965034965034965", "exploratory_score_a": "0.016137708445400755", "exploratory_score_b": "0.03374248129492885", "exploratory_score_c": "0.015573452905351778", "rank_a_unfiltered": "266", "rank_b_unfiltered": "261", "rank_c_unfiltered": "241", "pareto_frontier": "False", "eligibility_population_threshold": false, "eligibility_elderly_threshold": false, "primary_eligible": false, "rank": null }, "geometry": { "type": "Polygon", "coordinates": [ [ [ 135.45, 35.541666666666664 ], [ 135.45625, 35.541666666666664 ], [ 135.45625, 35.545833333333334 ], [ 135.45, 35.545833333333334 ], [ 135.45, 35.541666666666664 ] ] ] } },
{ "type": "Feature", "properties": { "mesh_code": "533523563", "centroid_lat": 35.547916666666666, "centroid_lon": 135.453125, "city_area_fraction": 0.99999999999999989, "centroid_within_city": true, "population": 36, "elderly_population": 10.0, "reported_elderly_population": 10.0, "elderly_ratio": 0.27777777777777779, "HTKSYORI": "0", "HTKSAKI": null, "GASSAN": null, "disclosure_status": "unaffected", "suppression_flag": false, "aggregation_target_flag": false, "aggregation_flag": false, "primary_eligible_disclosure": true, "nearest_station_name": "松尾寺駅", "nearest_station_distance_m": 6876.9465387191458, "nearest_bus_stop_name": "野原口", "nearest_bus_stop_distance_m": 186.45311787088565, "nearest_public_transport_type": "bus_stop", "nearest_public_transport_name": "野原口", "nearest_public_transport_distance_m": 186.45311787088565, "nearest_medical_name": "養護老人ホーム安岡園", "nearest_medical_distance_m": 6453.2726015726976, "nearest_hospital_name": "医療法人医誠会　東舞鶴医誠会病院", "nearest_hospital_distance_m": 7015.8269477010153, "nearest_clinic_name": "養護老人ホーム安岡園", "nearest_clinic_distance_m": 6453.2726015726976, "elderly_population_percentile": "0.22727272727272727", "elderly_ratio_percentile": "0.19755244755244755", "transport_distance_percentile": "0.17132867132867133", "medical_distance_percentile": "0.9790209790209791", "exploratory_score_a": "0.038938334392879845", "exploratory_score_b": "0.22250476795931343", "exploratory_score_c": "0.038121446258763486", "rank_a_unfiltered": "250", "rank_b_unfiltered": "118", "rank_c_unfiltered": "196", "pareto_frontier": "False", "eligibility_population_threshold": true, "eligibility_elderly_threshold": true, "primary_eligible": true, "rank": 157 }, "geometry": { "type": "Polygon", "coordinates": [ [ [ 135.45, 35.545833333333334 ], [ 135.45625, 35.545833333333334 ], [ 135.45625, 35.55 ], [ 135.45, 35.55 ], [ 135.45, 35.545833333333334 ] ] ] } },
{ "type": "Feature", "properties": { "mesh_code": "533523613", "centroid_lat": 35.55625, "centroid_lon": 135.390625, "city_area_fraction": 0.74051559262895983, "centroid_within_city": true, "population": 40, "elderly_population": 22.0, "reported_elderly_population": 22.0, "elderly_ratio": 0.55, "HTKSYORI": "0", "HTKSAKI": null, "GASSAN": null, "disclosure_status": "unaffected", "suppression_flag": false, "aggregation_target_flag": false, "aggregation_flag": false, "primary_eligible_disclosure": true, "nearest_station_name": "松尾寺駅", "nearest_station_distance_m": 9490.3298403332356, "nearest_bus_stop_name": "三浜", "nearest_bus_stop_distance_m": 402.28716054643235, "nearest_public_transport_type": "bus_stop", "nearest_public_transport_name": "三浜", "nearest_public_transport_distance_m": 402.28716054643235, "nearest_medical_name": "医療法人医誠会　東舞鶴医誠会病院", "nearest_medical_distance_m": 6032.4780256403956, "nearest_hospital_name": "医療法人医誠会　東舞鶴医誠会病院", "nearest_hospital_distance_m": 6032.4780256403956, "nearest_clinic_name": "海上自衛隊舞鶴衛生隊第二医務室", "nearest_clinic_distance_m": 7902.3346392850581, "elderly_population_percentile": "0.43356643356643354", "elderly_ratio_percentile": "0.8094405594405595", "transport_distance_percentile": "0.4195804195804196", "medical_distance_percentile": "0.9685314685314685", "exploratory_score_a": "0.1819159861117903", "exploratory_score_b": "0.4199227346080493", "exploratory_score_c": "0.1761913571782025", "rank_a_unfiltered": "145", "rank_b_unfiltered": "30", "rank_c_unfiltered": "58", "pareto_frontier": "True", "eligibility_population_threshold": true, "eligibility_elderly_threshold": true, "primary_eligible": true, "rank": 53 }, "geometry": { "type": "Polygon", "coordinates": [ [ [ 135.3875, 35.554166666666667 ], [ 135.39375, 35.554166666666667 ], [ 135.39375, 35.558333333333337 ], [ 135.3875, 35.558333333333337 ], [ 135.3875, 35.554166666666667 ] ] ] } },
{ "type": "Feature", "properties": { "mesh_code": "533523614", "centroid_lat": 35.55625, "centroid_lon": 135.396875, "city_area_fraction": 0.98994017998851591, "centroid_within_city": true, "population": 87, "elderly_population": 41.0, "reported_elderly_population": 41.0, "elderly_ratio": 0.47126436781609193, "HTKSYORI": "0", "HTKSAKI": null, "GASSAN": null, "disclosure_status": "unaffected", "suppression_flag": false, "aggregation_target_flag": false, "aggregation_flag": false, "primary_eligible_disclosure": true, "nearest_station_name": "松尾寺駅", "nearest_station_distance_m": 9178.9435202220138, "nearest_bus_stop_name": "三浜", "nearest_bus_stop_distance_m": 218.01928928657358, "nearest_public_transport_type": "bus_stop", "nearest_public_transport_name": "三浜", "nearest_public_transport_distance_m": 218.01928928657358, "nearest_medical_name": "医療法人医誠会　東舞鶴医誠会病院", "nearest_medical_distance_m": 5983.4919670296576, "nearest_hospital_name": "医療法人医誠会　東舞鶴医誠会病院", "nearest_hospital_distance_m": 5983.4919670296576, "nearest_clinic_name": "海上自衛隊舞鶴衛生隊第二医務室", "nearest_clinic_distance_m": 7870.1373542626179, "elderly_population_percentile": "0.5961538461538461", "elderly_ratio_percentile": "0.6643356643356644", "transport_distance_percentile": "0.22727272727272727", "medical_distance_percentile": "0.9615384615384616", "exploratory_score_a": "0.1354895104895105", "exploratory_score_b": "0.5732248520710059", "exploratory_score_c": "0.13027837547068316", "rank_a_unfiltered": "176", "rank_b_unfiltered": "4", "rank_c_unfiltered": "89", "pareto_frontier": "True", "eligibility_population_threshold": true, "eligibility_elderly_threshold": true, "primary_eligible": true, "rank": 80 }, "geometry": { "type": "Polygon", "coordinates": [ [ [ 135.39375, 35.554166666666667 ], [ 135.4, 35.554166666666667 ], [ 135.4, 35.558333333333337 ], [ 135.39375, 35.558333333333337 ], [ 135.39375, 35.554166666666667 ] ] ] } },
{ "type": "Feature", "properties": { "mesh_code": "533523721", "centroid_lat": 35.560416666666669, "centroid_lon": 135.403125, "city_area_fraction": 0.88615206603439356, "centroid_within_city": true, "population": 123, "elderly_population": 62.0, "reported_elderly_population": 62.0, "elderly_ratio": 0.50406504065040647, "HTKSYORI": "0", "HTKSAKI": null, "GASSAN": null, "disclosure_status": "unaffected", "suppression_flag": false, "aggregation_target_flag": false, "aggregation_flag": false, "primary_eligible_disclosure": true, "nearest_station_name": "松尾寺駅", "nearest_station_distance_m": 9300.7162570900418, "nearest_bus_stop_name": "小橋車庫", "nearest_bus_stop_distance_m": 191.03400404375563, "nearest_public_transport_type": "bus_stop", "nearest_public_transport_name": "小橋車庫", "nearest_public_transport_distance_m": 191.03400404375563, "nearest_medical_name": "医療法人医誠会　東舞鶴医誠会病院", "nearest_medical_distance_m": 6449.6073443209489, "nearest_hospital_name": "医療法人医誠会　東舞鶴医誠会病院", "nearest_hospital_distance_m": 6449.6073443209489, "nearest_clinic_name": "海上自衛隊舞鶴衛生隊第二医務室", "nearest_clinic_distance_m": 8340.3962324845434, "elderly_population_percentile": "0.6363636363636364", "elderly_ratio_percentile": "0.7377622377622378", "transport_distance_percentile": "0.18181818181818182", "medical_distance_percentile": "0.9755244755244755", "exploratory_score_a": "0.11570247933884298", "exploratory_score_b": "0.6207883026064844", "exploratory_score_c": "0.11287060047390626", "rank_a_unfiltered": "187", "rank_b_unfiltered": "2", "rank_c_unfiltered": "106", "pareto_frontier": "True", "eligibility_population_threshold": true, "eligibility_elderly_threshold": true, "primary_eligible": true, "rank": 94 }, "geometry": { "type": "Polygon", "coordinates": [ [ [ 135.4, 35.55833333333333 ], [ 135.40625, 35.55833333333333 ], [ 135.40625, 35.5625 ], [ 135.4, 35.5625 ], [ 135.4, 35.55833333333333 ] ] ] } },
{ "type": "Feature", "properties": { "mesh_code": "533523763", "centroid_lat": 35.564583333333331, "centroid_lon": 135.453125, "city_area_fraction": 0.99999999999999989, "centroid_within_city": true, "population": 63, "elderly_population": 31.0, "reported_elderly_population": 31.0, "elderly_ratio": 0.49206349206349204, "HTKSYORI": "0", "HTKSAKI": null, "GASSAN": null, "disclosure_status": "unaffected", "suppression_flag": false, "aggregation_target_flag": false, "aggregation_flag": false, "primary_eligible_disclosure": true, "nearest_station_name": "松尾寺駅", "nearest_station_distance_m": 8724.9727557212645, "nearest_bus_stop_name": "田井", "nearest_bus_stop_distance_m": 107.50734475424905, "nearest_public_transport_type": "bus_stop", "nearest_public_transport_name": "田井", "nearest_public_transport_distance_m": 107.50734475424905, "nearest_medical_name": "養護老人ホーム安岡園", "nearest_medical_distance_m": 8272.0622182449442, "nearest_hospital_name": "医療法人医誠会　東舞鶴医誠会病院", "nearest_hospital_distance_m": 8445.5492066219322, "nearest_clinic_name": "養護老人ホーム安岡園", "nearest_clinic_distance_m": 8272.0622182449442, "elderly_population_percentile": "0.548951048951049", "elderly_ratio_percentile": "0.6993006993006993", "transport_distance_percentile": "0.06293706293706294", "medical_distance_percentile": "0.9895104895104895", "exploratory_score_a": "0.03454936671719889", "exploratory_score_b": "0.5431928211648491", "exploratory_score_c": "0.034186960772612886", "rank_a_unfiltered": "257", "rank_b_unfiltered": "6", "rank_c_unfiltered": "204", "pareto_frontier": "True", "eligibility_population_threshold": true, "eligibility_elderly_threshold": true, "primary_eligible": true, "rank": 163 }, "geometry": { "type": "Polygon", "coordinates": [ [ [ 135.45, 35.5625 ], [ 135.45625, 35.5625 ], [ 135.45625, 35.56666666666667 ], [ 135.45, 35.56666666666667 ], [ 135.45, 35.5625 ] ] ] } },
{ "type": "Feature", "properties": { "mesh_code": "533523771", "centroid_lat": 35.560416666666669, "centroid_lon": 135.465625, "city_area_fraction": 0.9547280682269863, "centroid_within_city": true, "population": 8, "elderly_population": null, "reported_elderly_population": null, "elderly_ratio": null, "HTKSYORI": "2", "HTKSAKI": "533523772", "GASSAN": null, "disclosure_status": "suppressed_source", "suppression_flag": true, "aggregation_target_flag": false, "aggregation_flag": false, "primary_eligible_disclosure": false, "nearest_station_name": "松尾寺駅", "nearest_station_distance_m": 8375.295709904025, "nearest_bus_stop_name": "田井", "nearest_bus_stop_distance_m": 1198.4966492998203, "nearest_public_transport_type": "bus_stop", "nearest_public_transport_name": "田井", "nearest_public_transport_distance_m": 1198.4966492998203, "nearest_medical_name": "養護老人ホーム安岡園", "nearest_medical_distance_m": 8084.4500771812327, "nearest_hospital_name": "医療法人医誠会　東舞鶴医誠会病院", "nearest_hospital_distance_m": 8802.0264141695297, "nearest_clinic_name": "養護老人ホーム安岡園", "nearest_clinic_distance_m": 8084.4500771812327, "elderly_population_percentile": "<NA>", "elderly_ratio_percentile": "<NA>", "transport_distance_percentile": "<NA>", "medical_distance_percentile": "<NA>", "exploratory_score_a": "<NA>", "exploratory_score_b": "<NA>", "exploratory_score_c": "<NA>", "rank_a_unfiltered": "<NA>", "rank_b_unfiltered": "<NA>", "rank_c_unfiltered": "<NA>", "pareto_frontier": "<NA>", "eligibility_population_threshold": false, "eligibility_elderly_threshold": false, "primary_eligible": false, "rank": null }, "geometry": { "type": "Polygon", "coordinates": [ [ [ 135.4625, 35.55833333333333 ], [ 135.46875, 35.55833333333333 ], [ 135.46875, 35.5625 ], [ 135.4625, 35.5625 ], [ 135.4625, 35.55833333333333 ] ] ] } },
{ "type": "Feature", "properties": { "mesh_code": "533523772", "centroid_lat": 35.560416666666669, "centroid_lon": 135.471875, "city_area_fraction": 0.53572920936001045, "centroid_within_city": false, "population": 2, "elderly_population": null, "reported_elderly_population": 8.0, "elderly_ratio": null, "HTKSYORI": "1", "HTKSAKI": null, "GASSAN": "533523771", "disclosure_status": "aggregation_destination", "suppression_flag": false, "aggregation_target_flag": true, "aggregation_flag": true, "primary_eligible_disclosure": false, "nearest_station_name": "松尾寺駅", "nearest_station_distance_m": 8487.8970042451219, "nearest_bus_stop_name": "田井", "nearest_bus_stop_distance_m": 1722.2015168826613, "nearest_public_transport_type": "bus_stop", "nearest_public_transport_name": "田井", "nearest_public_transport_distance_m": 1722.2015168826613, "nearest_medical_name": "養護老人ホーム安岡園", "nearest_medical_distance_m": 8273.8277905085451, "nearest_hospital_name": "医療法人医誠会　東舞鶴医誠会病院", "nearest_hospital_distance_m": 9197.6814965548801, "nearest_clinic_name": "養護老人ホーム安岡園", "nearest_clinic_distance_m": 8273.8277905085451, "elderly_population_percentile": "<NA>", "elderly_ratio_percentile": "<NA>", "transport_distance_percentile": "<NA>", "medical_distance_percentile": "<NA>", "exploratory_score_a": "<NA>", "exploratory_score_b": "<NA>", "exploratory_score_c": "<NA>", "rank_a_unfiltered": "<NA>", "rank_b_unfiltered": "<NA>", "rank_c_unfiltered": "<NA>", "pareto_frontier": "<NA>", "eligibility_population_threshold": false, "eligibility_elderly_threshold": false, "primary_eligible": false, "rank": null }, "geometry": { "type": "Polygon", "coordinates": [ [ [ 135.46875, 35.55833333333333 ], [ 135.475, 35.55833333333333 ], [ 135.475, 35.5625 ], [ 135.46875, 35.5625 ], [ 135.46875, 35.55833333333333 ] ] ] } },
{ "type": "Feature", "properties": { "mesh_code": "533523841", "centroid_lat": 35.56875, "centroid_lon": 135.428125, "city_area_fraction": 0.63609488496818201, "centroid_within_city": true, "population": 153, "elderly_population": 67.0, "reported_elderly_population": 67.0, "elderly_ratio": 0.43790849673202614, "HTKSYORI": "0", "HTKSAKI": null, "GASSAN": null, "disclosure_status": "unaffected", "suppression_flag": false, "aggregation_target_flag": false, "aggregation_flag": false, "primary_eligible_disclosure": true, "nearest_station_name": "松尾寺駅", "nearest_station_distance_m": 9400.7382897621846, "nearest_bus_stop_name": "野原", "nearest_bus_stop_distance_m": 66.0896305693486, "nearest_public_transport_type": "bus_stop", "nearest_public_transport_name": "野原", "nearest_public_transport_distance_m": 66.0896305693486, "nearest_medical_name": "医療法人医誠会　東舞鶴医誠会病院", "nearest_medical_distance_m": 7810.4106793175215, "nearest_hospital_name": "医療法人医誠会　東舞鶴医誠会病院", "nearest_hospital_distance_m": 7810.4106793175215, "nearest_clinic_name": "養護老人ホーム安岡園", "nearest_clinic_distance_m": 8681.3930201892981, "elderly_population_percentile": "0.6538461538461539", "elderly_ratio_percentile": "0.6013986013986014", "transport_distance_percentile": "0.03496503496503497", "medical_distance_percentile": "0.9825174825174825", "exploratory_score_a": "0.022861753630984402", "exploratory_score_b": "0.6424152770306616", "exploratory_score_c": "0.022462072623449708", "rank_a_unfiltered": "264", "rank_b_unfiltered": "1", "rank_c_unfiltered": "225", "pareto_frontier": "True", "eligibility_population_threshold": true, "eligibility_elderly_threshold": true, "primary_eligible": true, "rank": 176 }, "geometry": { "type": "Polygon", "coordinates": [ [ [ 135.425, 35.56666666666667 ], [ 135.43125, 35.56666666666667 ], [ 135.43125, 35.57083333333334 ], [ 135.425, 35.57083333333334 ], [ 135.425, 35.56666666666667 ] ] ] } },
{ "type": "Feature", "properties": { "mesh_code": "533523843", "centroid_lat": 35.572916666666671, "centroid_lon": 135.428125, "city_area_fraction": 0.92734328150810286, "centroid_within_city": true, "population": 54, "elderly_population": 17.0, "reported_elderly_population": 17.0, "elderly_ratio": 0.31481481481481483, "HTKSYORI": "0", "HTKSAKI": null, "GASSAN": null, "disclosure_status": "unaffected", "suppression_flag": false, "aggregation_target_flag": false, "aggregation_flag": false, "primary_eligible_disclosure": true, "nearest_station_name": "松尾寺駅", "nearest_station_distance_m": 9852.8025976312474, "nearest_bus_stop_name": "野原", "nearest_bus_stop_distance_m": 527.91540853499532, "nearest_public_transport_type": "bus_stop", "nearest_public_transport_name": "野原", "nearest_public_transport_distance_m": 527.91540853499532, "nearest_medical_name": "医療法人医誠会　東舞鶴医誠会病院", "nearest_medical_distance_m": 8247.7642066107674, "nearest_hospital_name": "医療法人医誠会　東舞鶴医誠会病院", "nearest_hospital_distance_m": 8247.7642066107674, "nearest_clinic_name": "養護老人ホーム安岡園", "nearest_clinic_distance_m": 9141.0094386474011, "elderly_population_percentile": "0.3811188811188811", "elderly_ratio_percentile": "0.29895104895104896", "transport_distance_percentile": "0.5104895104895105", "medical_distance_percentile": "0.986013986013986", "exploratory_score_a": "0.19455719106068756", "exploratory_score_b": "0.37578854711721843", "exploratory_score_c": "0.1918361114654332", "rank_a_unfiltered": "137", "rank_b_unfiltered": "43", "rank_c_unfiltered": "49", "pareto_frontier": "False", "eligibility_population_threshold": true, "eligibility_elderly_threshold": true, "primary_eligible": true, "rank": 47 }, "geometry": { "type": "Polygon", "coordinates": [ [ [ 135.425, 35.57083333333334 ], [ 135.43125, 35.57083333333334 ], [ 135.43125, 35.575 ], [ 135.425, 35.575 ], [ 135.425, 35.57083333333334 ] ] ] } },
{ "type": "Feature", "properties": { "mesh_code": "533523861", "centroid_lat": 35.56875, "centroid_lon": 135.453125, "city_area_fraction": 0.47615424926459576, "centroid_within_city": false, "population": 54, "elderly_population": 27.0, "reported_elderly_population": 27.0, "elderly_ratio": 0.5, "HTKSYORI": "0", "HTKSAKI": null, "GASSAN": null, "disclosure_status": "unaffected", "suppression_flag": false, "aggregation_target_flag": false, "aggregation_flag": false, "primary_eligible_disclosure": true, "nearest_station_name": "松尾寺駅", "nearest_station_distance_m": 9187.0445625017328, "nearest_bus_stop_name": "田井", "nearest_bus_stop_distance_m": 383.6846769404338, "nearest_public_transport_type": "bus_stop", "nearest_public_transport_name": "田井", "nearest_public_transport_distance_m": 383.6846769404338, "nearest_medical_name": "養護老人ホーム安岡園", "nearest_medical_distance_m": 8728.7475957695788, "nearest_hospital_name": "医療法人医誠会　東舞鶴医誠会病院", "nearest_hospital_distance_m": 8827.3508008577792, "nearest_clinic_name": "養護老人ホーム安岡園", "nearest_clinic_distance_m": 8728.7475957695788, "elderly_population_percentile": "0.5157342657342657", "elderly_ratio_percentile": "0.7202797202797203", "transport_distance_percentile": "0.4090909090909091", "medical_distance_percentile": "0.993006993006993", "exploratory_score_a": "0.21098219961856327", "exploratory_score_b": "0.5121277324074527", "exploratory_score_c": "0.20950679962123067", "rank_a_unfiltered": "126", "rank_b_unfiltered": "10", "rank_c_unfiltered": "45", "pareto_frontier": "True", "eligibility_population_threshold": true, "eligibility_elderly_threshold": true, "primary_eligible": true, "rank": 43 }, "geometry": { "type": "Polygon", "coordinates": [ [ [ 135.45, 35.56666666666667 ], [ 135.45625, 35.56666666666667 ], [ 135.45625, 35.57083333333334 ], [ 135.45, 35.57083333333334 ], [ 135.45, 35.56666666666667 ] ] ] } },
{ "type": "Feature", "properties": { "mesh_code": "533523952", "centroid_lat": 35.577083333333334, "centroid_lon": 135.446875, "city_area_fraction": 0.85659226700240487, "centroid_within_city": true, "population": 12, "elderly_population": 10.0, "reported_elderly_population": 10.0, "elderly_ratio": 0.83333333333333337, "HTKSYORI": "0", "HTKSAKI": null, "GASSAN": null, "disclosure_status": "unaffected", "suppression_flag": false, "aggregation_target_flag": false, "aggregation_flag": false, "primary_eligible_disclosure": true, "nearest_station_name": "松尾寺駅", "nearest_station_distance_m": 10112.683163244388, "nearest_bus_stop_name": "田井", "nearest_bus_stop_distance_m": 1448.1166074761547, "nearest_public_transport_type": "bus_stop", "nearest_public_transport_name": "田井", "nearest_public_transport_distance_m": 1448.1166074761547, "nearest_medical_name": "医療法人医誠会　東舞鶴医誠会病院", "nearest_medical_distance_m": 9338.1411016407328, "nearest_hospital_name": "医療法人医誠会　東舞鶴医誠会病院", "nearest_hospital_distance_m": 9338.1411016407328, "nearest_clinic_name": "養護老人ホーム安岡園", "nearest_clinic_distance_m": 9582.8713419611486, "elderly_population_percentile": "0.22727272727272727", "elderly_ratio_percentile": "0.986013986013986", "transport_distance_percentile": "0.8006993006993007", "medical_distance_percentile": "0.9965034965034965", "exploratory_score_a": "0.1819771137952956", "exploratory_score_b": "0.22647806738715828", "exploratory_score_c": "0.18134083018062672", "rank_a_unfiltered": "144", "rank_b_unfiltered": "113", "rank_c_unfiltered": "55", "pareto_frontier": "False", "eligibility_population_threshold": false, "eligibility_elderly_threshold": true, "primary_eligible": false, "rank": null }, "geometry": { "type": "Polygon", "coordinates": [ [ [ 135.44375, 35.575 ], [ 135.45, 35.575 ], [ 135.45, 35.579166666666673 ], [ 135.44375, 35.579166666666673 ], [ 135.44375, 35.575 ] ] ] } },
{ "type": "Feature", "properties": { "mesh_code": "533523954", "centroid_lat": 35.58125, "centroid_lon": 135.446875, "city_area_fraction": 0.9693126752471557, "centroid_within_city": true, "population": 27, "elderly_population": 17.0, "reported_elderly_population": 17.0, "elderly_ratio": 0.62962962962962965, "HTKSYORI": "0", "HTKSAKI": null, "GASSAN": null, "disclosure_status": "unaffected", "suppression_flag": false, "aggregation_target_flag": false, "aggregation_flag": false, "primary_eligible_disclosure": true, "nearest_station_name": "松尾寺駅", "nearest_station_distance_m": 10574.741185597975, "nearest_bus_stop_name": "田井", "nearest_bus_stop_distance_m": 1874.7821090027292, "nearest_public_transport_type": "bus_stop", "nearest_public_transport_name": "田井", "nearest_public_transport_distance_m": 1874.7821090027292, "nearest_medical_name": "医療法人医誠会　東舞鶴医誠会病院", "nearest_medical_distance_m": 9750.8012605286931, "nearest_hospital_name": "医療法人医誠会　東舞鶴医誠会病院", "nearest_hospital_distance_m": 9750.8012605286931, "nearest_clinic_name": "養護老人ホーム安岡園", "nearest_clinic_distance_m": 10043.787080643035, "elderly_population_percentile": "0.3811188811188811", "elderly_ratio_percentile": "0.9055944055944056", "transport_distance_percentile": "0.8566433566433567", "medical_distance_percentile": "1.0", "exploratory_score_a": "0.3264829576018387", "exploratory_score_b": "0.3811188811188811", "exploratory_score_c": "0.3264829576018387", "rank_a_unfiltered": "67", "rank_b_unfiltered": "41", "rank_c_unfiltered": "16", "pareto_frontier": "True", "eligibility_population_threshold": true, "eligibility_elderly_threshold": true, "primary_eligible": true, "rank": 16 }, "geometry": { "type": "Polygon", "coordinates": [ [ [ 135.44375, 35.579166666666673 ], [ 135.45, 35.579166666666673 ], [ 135.45, 35.583333333333343 ], [ 135.44375, 35.583333333333343 ], [ 135.44375, 35.579166666666673 ] ] ] } }
]
}
